# Blender 5.2.0 LTS
# www.blender.org
mtllib vmg.mtl
o vmg
v 0.016727 0.001477 -0.016000
v 0.016420 -0.003519 -0.016000
v 0.014653 -0.008202 -0.016000
v 0.011584 -0.012157 -0.016000
v 0.006458 -0.015584 -0.016000
v 0.000223 -0.016791 -0.016000
v -0.005866 -0.015816 -0.016000
v -0.011257 -0.012460 -0.016000
v -0.015058 -0.007604 -0.016000
v -0.016727 -0.001477 -0.016000
v -0.016420 0.003519 -0.016000
v -0.014653 0.008202 -0.016000
v -0.011584 0.012157 -0.016000
v -0.006458 0.015584 -0.016000
v -0.000223 0.016791 -0.016000
v 0.005866 0.015816 -0.016000
v 0.011257 0.012460 -0.016000
v 0.015058 0.007604 -0.016000
v 0.015477 -0.001436 -0.016000
v 0.015163 0.003417 -0.016000
v 0.012817 0.008930 -0.016000
v 0.007366 0.013775 -0.016000
v 0.001436 0.015477 -0.016000
v -0.003417 0.015163 -0.016000
v -0.008930 0.012817 -0.016000
v -0.013775 0.007366 -0.016000
v -0.015477 0.001436 -0.016000
v -0.015163 -0.003417 -0.016000
v -0.012817 -0.008930 -0.016000
v -0.007366 -0.013775 -0.016000
v -0.001436 -0.015477 -0.016000
v 0.003417 -0.015163 -0.016000
v 0.008930 -0.012817 -0.016000
v 0.013775 -0.007366 -0.016000
v 0.016727 -0.001477 -0.006600
v 0.016420 0.003519 -0.006600
v 0.014653 0.008202 -0.006600
v 0.011584 0.012157 -0.006600
v 0.006458 0.015584 -0.006600
v 0.000223 0.016791 -0.006600
v -0.005866 0.015816 -0.006600
v -0.011257 0.012460 -0.006600
v -0.015058 0.007604 -0.006600
v -0.016727 0.001477 -0.006600
v -0.016420 -0.003519 -0.006600
v -0.014653 -0.008202 -0.006600
v -0.011584 -0.012157 -0.006600
v -0.006458 -0.015584 -0.006600
v -0.000223 -0.016791 -0.006600
v 0.005866 -0.015816 -0.006600
v 0.011257 -0.012460 -0.006600
v 0.015058 -0.007604 -0.006600
v 0.015511 -0.001003 -0.006600
v 0.014056 -0.006815 -0.006600
v 0.009430 -0.012453 -0.006600
v 0.003839 -0.015062 -0.006600
v -0.001003 -0.015511 -0.006600
v -0.006815 -0.014056 -0.006600
v -0.012453 -0.009430 -0.006600
v -0.015062 -0.003839 -0.006600
v -0.015511 0.001003 -0.006600
v -0.014056 0.006815 -0.006600
v -0.009430 0.012453 -0.006600
v -0.003839 0.015062 -0.006600
v 0.001003 0.015511 -0.006600
v 0.006815 0.014056 -0.006600
v 0.012453 0.009430 -0.006600
v 0.015062 0.003839 -0.006600
v -0.003979 0.000924 -0.004800
v -0.002160 0.003467 -0.004800
v 0.000924 0.003979 -0.004800
v 0.003467 0.002160 -0.004800
v 0.003979 -0.000924 -0.004800
v 0.002160 -0.003467 -0.004800
v -0.000924 -0.003979 -0.004800
v -0.003467 -0.002160 -0.004800
v 0.001615 0.002039 -0.004800
v -0.000848 0.002481 -0.004800
v -0.002562 0.000408 -0.004800
v -0.001610 -0.002008 -0.004800
v 0.000924 -0.002412 -0.004800
v 0.002607 -0.000306 -0.004800
v 0.015728 0.001423 -0.004800
v 0.015424 -0.003388 -0.004800
v 0.013683 -0.007884 -0.004800
v 0.010666 -0.011645 -0.004800
v 0.006656 -0.014321 -0.004800
v 0.000914 -0.015841 -0.004800
v -0.006210 -0.014602 -0.004800
v -0.012044 -0.010330 -0.004800
v -0.015377 -0.003913 -0.004800
v -0.015517 0.003316 -0.004800
v -0.012434 0.009857 -0.004800
v -0.006769 0.014351 -0.004800
v 0.000301 0.015864 -0.004800
v 0.006263 0.014497 -0.004800
v 0.010345 0.011931 -0.004800
v 0.014081 0.007314 -0.004800
v -0.004505 -0.002404 -0.004800
v -0.001486 -0.004885 -0.004800
v 0.002404 -0.004505 -0.004800
v 0.004885 -0.001486 -0.004800
v 0.004505 0.002404 -0.004800
v 0.001486 0.004885 -0.004800
v -0.002404 0.004505 -0.004800
v -0.004885 0.001486 -0.004800
v 0.006766 -0.010089 -0.004800
v 0.007524 -0.009298 -0.004800
v 0.006046 -0.005402 -0.004800
v 0.004755 -0.005098 -0.004800
v 0.003484 -0.005757 -0.004800
v 0.003269 -0.007420 -0.004800
v -0.011118 0.004288 -0.004800
v -0.011718 0.003357 -0.004800
v -0.008067 0.000816 -0.004800
v -0.006704 0.001418 -0.004800
v -0.006253 0.002780 -0.004800
v -0.007006 0.004081 -0.004800
v 0.000590 0.011982 -0.004800
v -0.000503 0.012107 -0.004800
v -0.001717 0.007924 -0.004800
v -0.000723 0.006814 -0.004800
v 0.000712 0.006806 -0.004800
v 0.001717 0.007924 -0.004800
v 0.002500 0.008892 -0.004800
v 0.005923 0.013331 -0.004800
v 0.001031 0.014867 -0.004800
v -0.005923 0.013331 -0.004800
v -0.002500 0.008892 -0.004800
v -0.001100 0.014854 -0.004800
v 0.009229 0.000370 -0.004800
v 0.014509 -0.001514 -0.004800
v 0.014458 0.003613 -0.004800
v 0.010848 0.009753 -0.004800
v 0.007684 0.005125 -0.004800
v 0.013787 0.005636 -0.004800
v 0.003204 -0.008663 -0.004800
v 0.003042 -0.014264 -0.004800
v 0.007904 -0.012634 -0.004800
v 0.012626 -0.007304 -0.004800
v 0.007249 -0.005724 -0.004800
v 0.009620 -0.011370 -0.004800
v -0.007249 -0.005724 -0.004800
v -0.012626 -0.007304 -0.004800
v -0.009573 -0.011421 -0.004800
v -0.003042 -0.014264 -0.004800
v -0.003204 -0.008663 -0.004800
v -0.007841 -0.012663 -0.004800
v -0.007684 0.005125 -0.004800
v -0.010848 0.009753 -0.004800
v -0.013821 0.005575 -0.004800
v -0.014509 -0.001514 -0.004800
v -0.009229 0.000370 -0.004800
v -0.014467 0.003544 -0.004800
v -0.007505 -0.009552 -0.004800
v -0.006518 -0.010029 -0.004800
v -0.003269 -0.007420 -0.004800
v -0.003379 -0.006098 -0.004800
v -0.004400 -0.005092 -0.004800
v -0.006046 -0.005402 -0.004800
v 0.011515 0.003066 -0.004800
v 0.011454 0.004172 -0.004800
v 0.007006 0.004081 -0.004800
v 0.006257 0.002794 -0.004800
v 0.006692 0.001426 -0.004800
v 0.008067 0.000816 -0.004800
v -0.003979 -0.000924 -0.007000
v -0.003467 0.002160 -0.007000
v -0.000924 0.003979 -0.007000
v 0.002160 0.003467 -0.007000
v 0.003979 0.000924 -0.007000
v 0.003467 -0.002160 -0.007000
v 0.000924 -0.003979 -0.007000
v -0.002160 -0.003467 -0.007000
v -0.004991 -0.000698 -0.006506
v -0.004001 -0.002632 -0.006899
v -0.002502 -0.004451 -0.006513
v 0.000698 -0.004991 -0.006506
v 0.002632 -0.004001 -0.006899
v 0.004451 -0.002502 -0.006513
v 0.004991 0.000698 -0.006506
v 0.004001 0.002632 -0.006899
v 0.002502 0.004451 -0.006513
v -0.000698 0.004991 -0.006506
v -0.002632 0.004001 -0.006899
v -0.004451 0.002502 -0.006513
v 0.001876 -0.001683 -0.000086
v 0.002557 0.000153 -0.000400
v 0.002483 0.000387 0.000048
v 0.002179 0.001265 -0.000086
v 0.000634 0.002478 -0.000400
v 0.000535 0.002504 0.000007
v 0.000139 0.002520 0.000064
v -0.000516 0.002446 -0.000000
v -0.000627 0.002499 -0.000400
v -0.002173 0.001269 -0.000400
v -0.002236 0.001146 0.000050
v -0.002502 0.000273 0.000000
v -0.002569 0.000161 -0.000400
v -0.001879 -0.001675 -0.000400
v -0.001782 -0.001773 0.000048
v -0.001027 -0.002290 -0.000033
v 0.000840 -0.002464 -0.000400
v 0.001136 -0.002243 0.000050
v 0.015728 -0.001423 -0.006600
v 0.014081 -0.007314 -0.006600
v 0.010345 -0.011931 -0.006600
v 0.006263 -0.014497 -0.006600
v 0.000301 -0.015864 -0.006600
v -0.006769 -0.014351 -0.006600
v -0.012434 -0.009857 -0.006600
v -0.015119 -0.004559 -0.006600
v -0.015790 0.000215 -0.006600
v -0.014990 0.004969 -0.006600
v -0.012044 0.010330 -0.006600
v -0.006210 0.014602 -0.006600
v 0.000914 0.015841 -0.006600
v 0.006656 0.014321 -0.006600
v 0.010666 0.011645 -0.006600
v 0.013683 0.007884 -0.006600
v 0.015424 0.003388 -0.006600
v 0.006709 -0.010090 -0.003000
v 0.007520 -0.009347 -0.003000
v 0.006046 -0.005402 -0.003000
v 0.004859 -0.005094 -0.001184
v 0.007249 -0.005724 -0.003000
v 0.003432 -0.005760 -0.001122
v 0.003026 -0.014270 -0.002597
v 0.003204 -0.008663 -0.003000
v 0.003269 -0.007420 -0.003000
v -0.011454 0.004172 -0.003000
v -0.011515 0.003066 -0.003000
v -0.008067 0.000816 -0.003000
v -0.006804 0.001339 -0.001171
v -0.009229 0.000370 -0.003000
v -0.006214 0.002780 -0.001141
v -0.010840 0.009768 -0.002598
v -0.007684 0.005125 -0.003000
v -0.007006 0.004081 -0.003000
v 0.000503 0.012107 -0.003000
v -0.000590 0.011982 -0.003000
v -0.001717 0.007924 -0.003000
v -0.000829 0.006885 -0.001171
v -0.002500 0.008892 -0.003000
v 0.000724 0.006769 -0.001141
v 0.005940 0.013328 -0.002598
v 0.002500 0.008892 -0.003000
v 0.001717 0.007924 -0.003000
v 0.002115 0.014645 -0.002626
v -0.002224 0.014623 -0.002624
v -0.005956 0.013302 -0.002592
v -0.001000 0.014716 -0.003000
v 0.000986 0.014742 -0.003000
v 0.014511 -0.001531 -0.002598
v 0.009229 0.000370 -0.003000
v 0.008067 0.000816 -0.003000
v 0.014582 0.002514 -0.002626
v 0.013220 0.006634 -0.002624
v 0.010811 0.009775 -0.002592
v 0.013687 0.005499 -0.003000
v 0.014325 0.003618 -0.003000
v 0.006292 0.002916 -0.001171
v 0.007006 0.004081 -0.003000
v 0.007684 0.005125 -0.003000
v 0.006897 -0.013091 -0.002626
v 0.010394 -0.010523 -0.002624
v 0.012636 -0.007310 -0.002599
v 0.009459 -0.011318 -0.003000
v 0.007868 -0.012506 -0.003000
v -0.012635 -0.007292 -0.002598
v -0.007249 -0.005724 -0.003000
v -0.006046 -0.005402 -0.003000
v -0.010319 -0.010604 -0.002626
v -0.006796 -0.013137 -0.002624
v -0.003043 -0.014277 -0.002599
v -0.007841 -0.012493 -0.003000
v -0.009463 -0.011347 -0.003000
v -0.003343 -0.006195 -0.001184
v -0.003269 -0.007420 -0.003000
v -0.003204 -0.008663 -0.003000
v -0.013274 0.006537 -0.002626
v -0.014594 0.002404 -0.002624
v -0.014492 -0.001554 -0.002592
v -0.014305 0.003596 -0.003000
v -0.013716 0.005493 -0.003000
v -0.007523 -0.009499 -0.003000
v -0.006566 -0.010040 -0.003000
v -0.004419 -0.005045 -0.001122
v 0.011718 0.003357 -0.003000
v 0.011118 0.004288 -0.003000
v 0.006661 0.001403 -0.001141
v -0.004656 0.000434 -0.007005
v 0.000434 0.004655 -0.007006
v 0.004656 -0.000434 -0.007005
v -0.000434 -0.004655 -0.007006
v 0.001499 -0.002380 0.000068
v 0.001662 -0.003945 0.000066
v 0.001449 -0.004252 0.000054
v 0.001535 -0.005775 0.000000
v 0.003347 -0.004963 -0.000003
v 0.004807 -0.003219 -0.000011
v 0.004328 -0.003350 0.000094
v 0.003779 -0.003121 0.000071
v 0.003472 -0.003021 0.000061
v 0.002817 -0.002981 0.000061
v 0.002917 -0.002673 0.000071
v 0.002261 -0.002627 0.000066
v 0.001950 -0.002526 0.000061
v 0.003331 -0.003987 0.000066
v 0.003432 -0.003676 0.000061
v 0.002777 -0.003636 0.000061
v 0.002463 -0.003534 0.000061
v 0.002016 -0.003389 0.000061
v 0.001705 -0.003288 0.000066
v 0.003102 -0.004530 0.000085
v 0.002527 -0.004396 0.000066
v 0.002216 -0.004295 0.000061
v 0.002078 -0.005254 0.000078
v 0.002177 -0.004950 0.000061
v 0.004292 -0.002972 -0.000400
v 0.005219 -0.000119 -0.000400
v 0.004493 0.000063 0.000051
v 0.005967 -0.000325 0.000000
v 0.002725 0.000688 0.000072
v 0.004265 0.000362 0.000066
v 0.005754 0.001650 -0.000003
v 0.004547 0.003576 -0.000011
v 0.004523 0.003081 0.000094
v 0.004176 0.002405 0.000061
v 0.003911 0.002597 0.000066
v 0.003706 0.001757 0.000061
v 0.003444 0.001948 0.000071
v 0.003197 0.001338 0.000066
v 0.003007 0.001076 0.000066
v 0.004785 0.002163 0.000066
v 0.004593 0.001898 0.000061
v 0.004316 0.001518 0.000061
v 0.004123 0.001251 0.000061
v 0.003880 0.000642 0.000066
v 0.003616 0.000834 0.000061
v 0.005268 0.001550 0.000089
v 0.004998 0.000819 0.000066
v 0.004733 0.001011 0.000061
v 0.005639 0.000353 0.000078
v 0.005380 0.000541 0.000061
v 0.004152 0.003163 -0.000400
v 0.001725 0.004927 -0.000400
v 0.001328 0.004292 0.000051
v 0.002153 0.005575 -0.000000
v 0.000320 0.002925 0.000037
v 0.000974 0.004168 0.000066
v 0.000209 0.005982 -0.000003
v -0.001996 0.005430 -0.000011
v -0.001532 0.005254 0.000094
v -0.000997 0.004715 0.000061
v -0.001261 0.004522 0.000066
v -0.000526 0.004067 0.000061
v -0.000788 0.003877 0.000071
v -0.000058 0.003419 0.000066
v -0.000321 0.003228 0.000066
v -0.000578 0.005219 0.000066
v -0.000386 0.004954 0.000061
v -0.000110 0.004574 0.000061
v 0.000084 0.004307 0.000061
v 0.000591 0.003890 0.000061
v 0.000326 0.003698 0.000066
v 0.000153 0.005489 0.000089
v 0.000538 0.005044 0.000061
v 0.000730 0.004780 0.000066
v 0.001407 0.005472 0.000078
v 0.001148 0.005284 0.000061
v -0.001725 0.004927 -0.000400
v -0.004152 0.003163 -0.000400
v -0.003672 0.002590 0.000051
v -0.004637 0.003770 -0.000000
v -0.002611 0.001044 0.000068
v -0.003664 0.002214 0.000066
v -0.005625 0.002048 -0.000003
v -0.005781 -0.000221 -0.000011
v -0.005471 0.000166 0.000094
v -0.004792 0.000509 0.000061
v -0.004691 0.000198 0.000066
v -0.004031 0.000756 0.000061
v -0.003931 0.000448 0.000071
v -0.003373 0.000797 0.000066
v -0.003065 0.000897 0.000066
v -0.005142 0.001063 0.000066
v -0.004831 0.001164 0.000061
v -0.004278 0.001517 0.000061
v -0.004176 0.001203 0.000061
v -0.003623 0.001557 0.000061
v -0.003312 0.001658 0.000066
v -0.005173 0.001842 0.000089
v -0.004631 0.002070 0.000061
v -0.004320 0.002171 0.000066
v -0.004770 0.003029 0.000078
v -0.004671 0.002725 0.000061
v -0.005219 -0.000119 -0.000400
v -0.004292 -0.002972 -0.000400
v -0.003598 -0.002692 0.000051
v -0.005018 -0.003245 0.000000
v -0.001800 -0.002158 0.000072
v -0.003238 -0.002800 0.000066
v -0.003686 -0.004717 -0.000003
v -0.001577 -0.005566 -0.000011
v -0.001965 -0.004400 0.000061
v -0.001638 -0.004400 0.000066
v -0.001965 -0.003600 0.000061
v -0.001641 -0.003600 0.000071
v -0.001962 -0.002800 0.000066
v -0.001638 -0.002800 0.000066
v -0.002762 -0.004400 0.000066
v -0.002435 -0.004400 0.000061
v -0.002765 -0.003600 0.000061
v -0.002435 -0.003600 0.000061
v -0.002762 -0.002800 0.000066
v -0.002435 -0.002800 0.000061
v -0.003351 -0.004351 0.000089
v -0.003400 -0.003765 0.000061
v -0.003400 -0.003438 0.000066
v -0.004355 -0.003600 0.000078
v -0.004035 -0.003600 0.000061
v -0.001849 -0.005151 0.000094
v -0.001500 -0.005000 -0.000400
v 0.001500 -0.005000 -0.000400
v -0.016677 -0.001286 -0.006536
v -0.016330 0.003620 -0.006536
v -0.014513 0.008346 -0.006528
v -0.011290 0.012350 -0.006533
v -0.007272 0.015077 -0.006529
v -0.003659 0.016276 -0.006534
v 0.000000 0.016726 -0.006535
v 0.003659 0.016276 -0.006534
v 0.007272 0.015077 -0.006529
v 0.011290 0.012350 -0.006533
v 0.014699 0.008023 -0.006553
v 0.016450 0.003104 -0.006537
v 0.016641 -0.001821 -0.006543
v 0.015437 -0.006511 -0.006540
v 0.012745 -0.010856 -0.006543
v 0.005535 -0.015822 -0.006558
v -0.000000 -0.016722 -0.006537
v -0.003715 -0.016276 -0.006528
v -0.007351 -0.015024 -0.006536
v -0.011403 -0.012237 -0.006536
v -0.013773 -0.009413 -0.006534
v -0.015600 -0.006065 -0.006530
v 0.005024 -0.014722 -0.002765
v 0.010100 -0.011933 -0.002774
v 0.014352 -0.006248 -0.002778
v 0.005062 -0.003222 -0.000998
v 0.003654 -0.004812 -0.001000
v 0.001500 -0.005809 -0.001001
v 0.001504 -0.015469 -0.002805
v -0.015283 -0.003380 -0.002778
v -0.005989 -0.000369 -0.000998
v -0.005785 0.001744 -0.001000
v -0.004628 0.003818 -0.001000
v -0.010342 0.011678 -0.002784
v -0.014956 0.004859 -0.002772
v -0.000000 0.015726 -0.002772
v -0.007944 0.013488 -0.002778
v -0.002201 0.005582 -0.000998
v -0.000129 0.006041 -0.001000
v 0.002201 0.005582 -0.001001
v 0.007946 0.013505 -0.002800
v 0.014956 0.004859 -0.002772
v 0.010374 0.011723 -0.002778
v 0.004628 0.003818 -0.000998
v 0.005705 0.001989 -0.001000
v 0.005989 -0.000369 -0.001001
v 0.015234 -0.003366 -0.002786
v -0.014303 -0.006227 -0.002782
v -0.009243 -0.012722 -0.002772
v -0.001503 -0.015582 -0.002778
v -0.001500 -0.005810 -0.000998
v -0.003447 -0.004962 -0.001000
v -0.005062 -0.003222 -0.001000
v 0.001500 -0.016683 -0.004000
v 0.001500 -0.005000 -0.004000
v 0.015465 -0.006612 -0.003991
v 0.004292 -0.002972 -0.004000
v 0.005219 -0.000119 -0.004000
v 0.016411 -0.003701 -0.004007
v 0.011019 0.012615 -0.004000
v 0.004152 0.003163 -0.004000
v 0.001725 0.004927 -0.004000
v 0.008622 0.014431 -0.004012
v -0.008626 0.014409 -0.004003
v -0.001725 0.004927 -0.004000
v -0.004152 0.003163 -0.004000
v -0.011019 0.012615 -0.004000
v -0.016330 -0.003729 -0.004000
v -0.005219 -0.000119 -0.004000
v -0.004292 -0.002972 -0.004000
v -0.015450 -0.006644 -0.004005
v -0.001490 -0.016726 -0.004003
v -0.001500 -0.005000 -0.004000
v 0.009438 -0.013890 -0.006403
v 0.004681 -0.016108 -0.003971
v 0.008845 -0.014270 -0.003998
v 0.012402 -0.011318 -0.004000
v -0.013352 0.010180 -0.003981
v -0.016010 0.005190 -0.003969
v -0.016786 -0.000374 -0.003999
v 0.003454 0.016431 -0.003999
v -0.001159 0.016750 -0.003999
v -0.005680 0.015799 -0.003999
v 0.016677 0.001940 -0.003998
v 0.015561 0.006263 -0.003982
v 0.013403 0.010112 -0.003997
v -0.012402 -0.011318 -0.004000
v -0.008845 -0.014270 -0.003998
v -0.004758 -0.016085 -0.003983
v 0.002509 0.013822 -0.006677
v 0.000035 0.014082 -0.015961
v 0.002763 0.015205 -0.006674
v -0.000031 0.015504 -0.015956
v 0.002765 0.015203 -0.015923
v -0.002765 0.015203 -0.006677
v -0.002763 0.015205 -0.015925
v 0.002510 0.013821 -0.015923
v -0.000035 0.014082 -0.006639
v -0.002509 0.013821 -0.006677
v -0.002510 0.013822 -0.015922
v 0.000031 0.015504 -0.006644
v -0.003736 0.013542 -0.006677
v -0.006102 0.012692 -0.015959
v -0.004107 0.014897 -0.006674
v -0.003735 0.013541 -0.015923
v -0.004238 0.014897 -0.015949
v -0.007231 0.013696 -0.015949
v -0.004070 0.014852 -0.015936
v -0.009088 0.012498 -0.006678
v -0.006141 0.012673 -0.006639
v -0.008253 0.011365 -0.006675
v -0.008262 0.011363 -0.015919
v -0.006700 0.013982 -0.006644
v -0.009086 0.012499 -0.015926
v -0.011744 0.010098 -0.006651
v -0.010988 0.008807 -0.015961
v -0.010167 0.011638 -0.006673
v -0.012458 0.009202 -0.015949
v -0.010112 0.011620 -0.015933
v -0.013579 0.007275 -0.006667
v -0.013610 0.007320 -0.015926
v -0.009241 0.010581 -0.015924
v -0.009241 0.010578 -0.006678
v -0.011032 0.008753 -0.006639
v -0.012370 0.006655 -0.006677
v -0.012372 0.006655 -0.015922
v -0.013586 0.007434 -0.006653
v -0.010282 0.011583 -0.015949
v -0.014962 0.004002 -0.006651
v -0.013721 0.003167 -0.015961
v -0.014209 0.006076 -0.006674
v -0.015122 0.003420 -0.015956
v -0.014207 0.006080 -0.015922
v -0.015391 0.000663 -0.006667
v -0.015438 0.000690 -0.015926
v -0.012917 0.005522 -0.006677
v -0.013737 0.003100 -0.006639
v -0.014032 0.000633 -0.006675
v -0.014035 0.000625 -0.015921
v -0.012916 0.005522 -0.015923
v -0.015466 0.000817 -0.006651
v -0.015217 -0.002886 -0.006651
v -0.013737 -0.003100 -0.015961
v -0.014962 -0.004002 -0.015949
v -0.015454 -0.000758 -0.015971
v -0.014253 -0.006022 -0.006629
v -0.014034 -0.000629 -0.006678
v -0.013721 -0.003167 -0.006639
v -0.012916 -0.005522 -0.006677
v -0.012917 -0.005522 -0.015923
v -0.014032 -0.000629 -0.015923
v -0.015438 -0.000689 -0.006674
v -0.014214 -0.006086 -0.006724
v -0.014208 -0.006077 -0.015926
v -0.015447 -0.000684 -0.015876
v -0.012458 -0.009202 -0.006651
v -0.011016 -0.008773 -0.015959
v -0.013609 -0.007322 -0.006673
v -0.011744 -0.010098 -0.015949
v -0.013579 -0.007273 -0.015933
v -0.010114 -0.011620 -0.006667
v -0.010165 -0.011640 -0.015926
v -0.012373 -0.006654 -0.006679
v -0.010988 -0.008807 -0.006639
v -0.009244 -0.010575 -0.006675
v -0.009239 -0.010583 -0.015919
v -0.012368 -0.006657 -0.015924
v -0.010271 -0.011591 -0.006653
v -0.013586 -0.007434 -0.015947
v -0.007231 -0.013696 -0.006651
v -0.003736 -0.013542 -0.006676
v -0.006141 -0.012673 -0.015961
v -0.006700 -0.013982 -0.015956
v -0.003736 -0.013541 -0.015922
v -0.009088 -0.012498 -0.015922
v -0.004178 -0.014898 -0.006629
v -0.008257 -0.011363 -0.006678
v -0.006079 -0.012703 -0.006639
v -0.008259 -0.011364 -0.015924
v -0.009086 -0.012499 -0.006674
v -0.004104 -0.014908 -0.006724
v -0.004107 -0.014898 -0.015926
v 0.002505 -0.013820 -0.006675
v -0.000035 -0.014082 -0.015961
v 0.000031 -0.015504 -0.015956
v 0.002513 -0.013822 -0.015921
v -0.002765 -0.015204 -0.015922
v 0.002765 -0.015204 -0.006677
v -0.002513 -0.013822 -0.006679
v 0.000035 -0.014082 -0.006639
v -0.002506 -0.013821 -0.015924
v -0.002763 -0.015204 -0.006674
v -0.000031 -0.015504 -0.006644
v 0.002764 -0.015204 -0.015926
v 0.003733 -0.013544 -0.006679
v 0.008257 -0.011363 -0.006677
v 0.006102 -0.012692 -0.015959
v 0.004109 -0.014897 -0.006673
v 0.004238 -0.014897 -0.015949
v 0.007231 -0.013696 -0.015949
v 0.008259 -0.011364 -0.015920
v 0.003740 -0.013539 -0.015925
v 0.009088 -0.012498 -0.006678
v 0.006141 -0.012673 -0.006639
v 0.006700 -0.013982 -0.006644
v 0.009086 -0.012499 -0.015926
v 0.004069 -0.014856 -0.015933
v 0.011744 -0.010098 -0.006651
v 0.012371 -0.006656 -0.006676
v 0.010988 -0.008807 -0.015961
v 0.010166 -0.011639 -0.006673
v 0.010312 -0.011559 -0.015952
v 0.012458 -0.009202 -0.015949
v 0.013610 -0.007319 -0.015926
v 0.013621 -0.007319 -0.006724
v 0.012370 -0.006655 -0.015922
v 0.009241 -0.010581 -0.015924
v 0.009241 -0.010578 -0.006678
v 0.011032 -0.008753 -0.006639
v 0.013594 -0.007388 -0.006629
v 0.010122 -0.011626 -0.015929
v 0.014962 -0.004002 -0.006651
v 0.012916 -0.005521 -0.006678
v 0.013721 -0.003167 -0.015961
v 0.012917 -0.005523 -0.015924
v 0.014210 -0.006074 -0.006673
v 0.015217 -0.002886 -0.015949
v 0.015438 -0.000689 -0.015926
v 0.015447 -0.000684 -0.006724
v 0.014035 -0.000625 -0.015921
v 0.013737 -0.003100 -0.006639
v 0.014031 -0.000633 -0.006675
v 0.014283 -0.005987 -0.015947
v 0.015454 -0.000758 -0.006629
v 0.014148 -0.006081 -0.015934
v 0.015217 0.002886 -0.006651
v 0.014034 0.000629 -0.006677
v 0.012916 0.005522 -0.006677
v 0.013737 0.003100 -0.015961
v 0.014033 0.000628 -0.015923
v 0.015438 0.000690 -0.006674
v 0.014962 0.004002 -0.015949
v 0.014209 0.006077 -0.015926
v 0.014283 0.005987 -0.006653
v 0.012917 0.005522 -0.015923
v 0.013721 0.003167 -0.006639
v 0.015466 0.000803 -0.015947
v 0.014154 0.006081 -0.006667
v 0.015391 0.000663 -0.015933
v 0.012458 0.009202 -0.006651
v 0.012371 0.006656 -0.006677
v 0.011016 0.008773 -0.015959
v 0.013622 0.007318 -0.015874
v 0.012370 0.006655 -0.015923
v 0.013610 0.007319 -0.006674
v 0.011744 0.010098 -0.015949
v 0.010164 0.011640 -0.015926
v 0.010166 0.011651 -0.006724
v 0.010988 0.008807 -0.006639
v 0.009244 0.010577 -0.006674
v 0.009238 0.010582 -0.015918
v 0.010228 0.011609 -0.006629
v 0.013594 0.007388 -0.015971
v 0.007231 0.013696 -0.006651
v 0.008257 0.011363 -0.006678
v 0.003735 0.013541 -0.006677
v 0.006141 0.012673 -0.015961
v 0.006700 0.013982 -0.015956
v 0.004107 0.014897 -0.015926
v 0.004103 0.014909 -0.006726
v 0.003736 0.013542 -0.015923
v 0.009089 0.012497 -0.015921
v 0.008259 0.011364 -0.015924
v 0.006079 0.012703 -0.006639
v 0.009085 0.012501 -0.006673
v 0.004178 0.014898 -0.006629
v -0.000377 0.002552 0.014224
v 0.000969 0.002400 0.014133
v 0.002098 0.001450 0.014097
v 0.002542 0.000254 0.014049
v 0.002342 -0.001004 0.013947
v 0.001563 -0.002021 0.013847
v 0.000293 -0.002547 0.013815
v -0.000966 -0.002354 0.013728
v -0.002041 -0.001574 0.013696
v -0.002585 0.000369 0.013597
v -0.001804 0.001817 0.013499
v -0.000748 0.002448 0.013426
v 0.000598 0.002475 0.013408
v 0.001740 0.001896 0.013272
v 0.002503 0.000495 0.013247
v 0.002432 -0.000834 0.013152
v 0.001555 -0.002024 0.013108
v -0.000022 -0.002590 0.012986
v -0.001765 -0.001878 0.012958
v -0.002463 -0.000726 0.012828
v -0.002302 0.001213 0.012724
v -0.001139 0.002290 0.012655
v 0.000049 0.002544 0.012577
v 0.001263 0.002218 0.012508
v 0.002234 0.001234 0.012489
v 0.002542 -0.000457 0.012342
v 0.001447 -0.002165 0.012276
v -0.000163 -0.002541 0.012205
v -0.001350 -0.002163 0.012146
v -0.002497 -0.000717 0.012035
v -0.002347 0.000963 0.011951
v -0.001337 0.002223 0.011853
v 0.000117 0.002566 0.011793
v 0.001112 0.002292 0.011757
v 0.002063 0.001504 0.011705
v 0.002522 0.000276 0.011614
v 0.002322 -0.001084 0.011565
v 0.001458 -0.002124 0.011426
v 0.000133 -0.002548 0.011429
v -0.001558 -0.002091 0.011323
v -0.002454 -0.000693 0.011255
v -0.002517 0.000472 0.011183
v -0.002075 0.001508 0.011121
v -0.001217 0.002242 0.011043
v -0.000023 0.002564 0.011000
v 0.001116 0.002297 0.010953
v 0.002112 0.001455 0.010879
v 0.002589 -0.000010 0.010805
v 0.002174 -0.001363 0.010729
v 0.001348 -0.002184 0.010670
v 0.000354 -0.002523 0.010632
v -0.000803 -0.002419 0.010580
v -0.001773 -0.001831 0.010522
v -0.002499 -0.000629 0.010412
v -0.002524 0.000272 0.010439
v -0.002190 0.001345 0.010320
v -0.000716 0.002511 0.010237
v 0.001344 0.002219 0.010117
v 0.002363 0.001001 0.010053
v 0.002452 -0.000898 0.009940
v 0.001222 -0.002241 0.009837
v -0.000572 -0.002539 0.009771
v -0.002341 -0.001142 0.009663
v -0.002503 0.000489 0.009594
v -0.001804 0.001859 0.009492
v -0.000172 0.002564 0.009405
v 0.001722 0.001945 0.009307
v 0.002497 0.000449 0.009223
v 0.002426 -0.000832 0.009132
v 0.001518 -0.002102 0.009109
v 0.000202 -0.002570 0.009009
v -0.001252 -0.002223 0.008913
v -0.002145 -0.001374 0.008885
v -0.002525 -0.000303 0.008814
v -0.002412 0.000828 0.008737
v -0.001568 0.002061 0.008694
v 0.000507 0.002552 0.008587
v 0.002292 0.001239 0.008488
v 0.002494 -0.000648 0.008354
v 0.001731 -0.001865 0.008274
v 0.000624 -0.002475 0.008206
v -0.000984 -0.002378 0.008184
v -0.002034 -0.001565 0.008100
v -0.002528 -0.000474 0.008025
v -0.002396 0.000884 0.007965
v -0.001810 0.001811 0.007898
v -0.000755 0.002450 0.007837
v 0.000508 0.002498 0.007796
v 0.001610 0.001992 0.007727
v 0.002537 0.000606 0.007617
v 0.002345 -0.001025 0.007538
v 0.001730 -0.001901 0.007494
v 0.000806 -0.002429 0.007450
v -0.000327 -0.002530 0.007405
v -0.001679 -0.001952 0.007353
v -0.002558 -0.000186 0.007186
v -0.002035 0.001592 0.007126
v -0.000196 0.002539 0.007094
v -0.002249 -0.001060 0.007145
v -0.001587 0.001994 0.014272
v -0.002374 0.000917 0.014300
v -0.001904 0.001166 0.014585
v -0.002353 -0.000745 0.014350
v -0.001287 -0.002114 0.014408
v 0.000042 -0.002430 0.014510
v 0.001885 -0.001419 0.014550
v 0.002206 0.000551 0.014599
v -0.002103 -0.000889 0.014602
v -0.000004 0.002010 0.006580
v -0.001100 0.001771 0.006598
v -0.001990 0.000727 0.006635
v -0.002103 -0.001360 0.006568
v -0.000755 -0.002486 0.006612
v 0.001729 -0.001943 0.006600
v 0.002553 0.000489 0.006600
v 0.001463 0.002050 0.006600
v 0.000016 0.002537 0.006600
v 0.001889 -0.000747 0.006600
v 0.001047 -0.001749 0.006600
v -0.000669 -0.001976 0.006600
v -0.001864 -0.000808 0.006600
v 0.000924 0.001828 0.006600
v 0.001940 0.000653 0.006600
v 0.002003 0.000101 0.007181
v 0.001303 -0.001544 0.007117
v 0.000229 -0.002041 0.007078
v -0.001035 -0.001804 0.007064
v 0.001635 0.001361 0.007145
v 0.000500 0.001982 0.007100
v -0.001015 0.001771 0.007100
v -0.002134 0.000024 0.007100
v 0.001132 0.001663 0.014527
v 0.000260 0.002003 0.014567
v -0.000638 0.001934 0.014582
v 0.000896 -0.000505 0.014600
v 0.000277 -0.000991 0.014600
v -0.000489 -0.000906 0.014600
v -0.000991 -0.000277 0.014600
v -0.000896 0.000505 0.014600
v -0.000277 0.000991 0.014600
v 0.000505 0.000896 0.014600
v 0.000991 0.000277 0.014600
v 0.002504 0.000282 -0.004800
v 0.001857 0.001752 -0.004800
v -0.000276 0.002591 -0.004800
v -0.002190 0.001317 -0.004800
v -0.002420 -0.000979 -0.004800
v -0.000372 -0.002573 -0.004800
v 0.002024 -0.001635 -0.004800
v -0.002527 -0.000008 0.006460
v -0.001990 0.001605 0.006376
v -0.000165 0.002544 0.006288
v 0.001843 -0.000805 0.007149
v 0.001727 0.001024 0.007270
v 0.001083 0.001690 0.007333
v 0.000188 0.001997 0.007393
v -0.000505 0.001925 0.007438
v -0.001170 0.001630 0.007476
v -0.001766 0.000955 0.007532
v -0.002003 0.000064 0.007594
v -0.001925 -0.000533 0.007642
v -0.000993 -0.001729 0.007728
v -0.000345 -0.001979 0.007785
v 0.000582 -0.001921 0.007837
v 0.001387 -0.001448 0.007902
v 0.001894 -0.000656 0.007953
v 0.001482 0.001323 0.008100
v 0.000947 0.001764 0.008144
v 0.000036 0.002003 0.008206
v -0.000872 0.001805 0.008266
v -0.001593 0.001215 0.008317
v -0.001972 0.000357 0.008377
v -0.001961 -0.000346 0.008428
v -0.001732 -0.001009 0.008477
v -0.001143 -0.001642 0.008524
v 0.000267 -0.001988 0.008612
v 0.001156 -0.001642 0.008665
v 0.001637 -0.001143 0.008713
v 0.001936 -0.000526 0.008761
v 0.001960 0.000415 0.008834
v 0.000880 0.001811 0.008942
v -0.000092 0.002002 0.009006
v -0.000790 0.001827 0.009053
v -0.001723 0.001066 0.009175
v -0.001910 0.000596 0.009155
v -0.001987 -0.000254 0.009219
v -0.001764 -0.000913 0.009260
v -0.001349 -0.001481 0.009308
v -0.000739 -0.001847 0.009346
v -0.000056 -0.002007 0.009406
v 0.000627 -0.001893 0.009444
v 0.001253 -0.001566 0.009486
v 0.001709 -0.001023 0.009532
v 0.001969 -0.000373 0.009574
v 0.001888 0.000713 0.009638
v 0.001479 0.001382 0.009740
v 0.001022 0.001713 0.009730
v 0.000222 0.001988 0.009784
v -0.000718 0.001873 0.009841
v -0.001477 0.001357 0.009897
v -0.001930 0.000533 0.009967
v -0.001953 -0.000473 0.010029
v -0.000392 -0.001967 0.010175
v 0.000554 -0.001928 0.010229
v 0.001368 -0.001466 0.010290
v 0.001869 -0.000728 0.010338
v 0.002021 -0.000054 0.010405
v 0.001898 0.000705 0.010494
v 0.001462 0.001386 0.010501
v 0.000533 0.001935 0.010560
v -0.000314 0.001979 0.010617
v -0.000846 0.001839 0.010701
v -0.001306 0.001511 0.010685
v -0.001821 0.000837 0.010737
v -0.001841 -0.000756 0.010850
v -0.001476 -0.001356 0.010901
v -0.000558 -0.001938 0.010978
v 0.000230 -0.002011 0.011061
v 0.001014 -0.001744 0.011074
v 0.001702 -0.001055 0.011134
v 0.001949 -0.000550 0.011214
v 0.002001 0.000238 0.011232
v 0.001781 0.000909 0.011261
v 0.001249 0.001571 0.011322
v 0.000408 0.001966 0.011380
v -0.000479 0.001946 0.011413
v -0.001665 0.001123 0.011535
v -0.001978 0.000319 0.011584
v -0.002013 -0.000227 0.011664
v -0.001849 -0.000763 0.011659
v -0.001373 -0.001459 0.011712
v -0.000767 -0.001835 0.011756
v -0.000081 -0.002003 0.011799
v 0.000812 -0.001834 0.011849
v 0.001568 -0.001244 0.011915
v 0.001959 -0.000403 0.011974
v 0.001932 0.000526 0.012035
v 0.001482 0.001348 0.012099
v 0.000912 0.001768 0.012127
v 0.000255 0.001989 0.012183
v -0.000452 0.001941 0.012228
v -0.001102 0.001679 0.012272
v -0.001600 0.001190 0.012310
v -0.001897 0.000635 0.012355
v -0.002012 -0.000059 0.012411
v -0.001760 -0.000983 0.012461
v -0.001288 -0.001564 0.012559
v -0.000774 -0.001844 0.012547
v -0.000188 -0.001977 0.012590
v 0.000524 -0.001935 0.012626
v 0.001289 -0.001528 0.012686
v 0.001664 -0.001155 0.012770
v 0.001890 -0.000656 0.012761
v 0.001993 -0.000020 0.012794
v 0.001890 0.000664 0.012846
v 0.001384 0.001446 0.012902
v 0.000564 0.001925 0.012963
v -0.000121 0.001988 0.013014
v -0.000814 0.001832 0.013051
v -0.001561 0.001261 0.013103
v -0.001881 0.000659 0.013152
v -0.002002 -0.000047 0.013205
v -0.001766 -0.000950 0.013272
v -0.001144 -0.001645 0.013321
v -0.000268 -0.001986 0.013383
v 0.000420 -0.001945 0.013415
v 0.001082 -0.001689 0.013471
v 0.001977 -0.000361 0.013583
v 0.001994 0.000355 0.013672
v 0.001793 0.000877 0.013653
v 0.001273 0.001544 0.013716
v 0.000653 0.001882 0.013756
v -0.000041 0.002004 0.013794
v -0.000947 0.001770 0.013862
v -0.001649 0.001149 0.013926
v -0.001987 0.000295 0.013989
v -0.001949 -0.000423 0.014025
v -0.001695 -0.001070 0.014068
v -0.001016 -0.001732 0.014124
v -0.000122 -0.002005 0.014187
v 0.000792 -0.001842 0.014243
v 0.001541 -0.001281 0.014305
v 0.001892 -0.000635 0.014358
v 0.002012 0.000044 0.014402
v 0.001778 0.000931 0.014459
v -0.001601 -0.001228 0.010046
v 0.001992 0.000034 0.008000
v 0.001730 -0.001018 0.013515
v -0.000980 0.001754 0.011465
v -0.002002 -0.000081 0.010812
v -0.001227 -0.001588 0.010123
v -0.001384 0.001457 0.009076
v 0.001553 0.001269 0.008887
v -0.000664 -0.001898 0.008570
v 0.001866 0.000728 0.008055
v -0.001543 -0.001282 0.007690
v 0.000892 0.000513 -0.020099
v 0.000268 0.000993 -0.020099
v -0.000513 0.000892 -0.020099
v -0.000993 0.000268 -0.020099
v -0.000892 -0.000513 -0.020099
v -0.000140 -0.001040 -0.020099
v 0.000617 -0.000806 -0.020100
v 0.000993 -0.000268 -0.020099
v 0.003979 0.000924 -0.004800
v 0.002160 0.003467 -0.004800
v -0.000924 0.003979 -0.004800
v -0.003467 0.002160 -0.004800
v -0.003979 -0.000924 -0.004800
v -0.002160 -0.003467 -0.004800
v 0.000924 -0.003979 -0.004800
v 0.003467 -0.002160 -0.004800
v -0.001489 0.000408 -0.020456
v 0.000244 0.001400 -0.020393
v 0.001352 0.000126 -0.020398
v 0.000645 -0.001228 -0.020396
v -0.001019 -0.000940 -0.020396
v 0.003979 -0.000924 -0.007000
v 0.003467 0.002160 -0.007000
v 0.000924 0.003979 -0.007000
v -0.002160 0.003467 -0.007000
v -0.003979 0.000924 -0.007000
v -0.003467 -0.002160 -0.007000
v -0.000924 -0.003979 -0.007000
v 0.002160 -0.003467 -0.007000
v 0.001822 0.000317 -0.020409
v 0.000792 -0.001793 -0.020311
v -0.001224 -0.001327 -0.020405
v -0.000317 0.001821 -0.020410
v 0.001951 0.000723 -0.007000
v 0.000815 0.001843 -0.007000
v -0.000723 0.001951 -0.007000
v -0.001843 0.000815 -0.007000
v -0.001951 -0.000723 -0.007000
v -0.000815 -0.001843 -0.007000
v 0.000723 -0.001951 -0.007000
v 0.001843 -0.000815 -0.007000
v 0.002000 -0.000257 -0.020101
v 0.001604 -0.001222 -0.020101
v -0.000257 -0.002000 -0.020101
v -0.001222 -0.001604 -0.020101
v -0.001860 -0.000778 -0.020101
v -0.002000 0.000257 -0.020101
v -0.001604 0.001222 -0.020101
v -0.000778 0.001860 -0.020101
v 0.000257 0.002000 -0.020101
v 0.001222 0.001604 -0.020101
v 0.001860 0.000778 -0.020101
v -0.002481 0.000336 -0.007369
v -0.002720 -0.000162 -0.007921
v -0.003437 0.000354 -0.007803
v -0.003286 -0.000433 -0.007037
v -0.002752 0.000787 -0.007038
v 0.000867 -0.002386 -0.007370
v 0.002481 -0.000336 -0.007369
v -0.000867 0.002386 -0.007370
v 0.000717 0.002412 -0.007432
v 0.002001 0.001603 -0.007286
v -0.000717 -0.002412 -0.007432
v -0.002001 -0.001603 -0.007286
v -0.003047 0.001146 -0.007026
v -0.003319 0.001315 -0.007448
v -0.003454 -0.000788 -0.007500
v -0.000689 -0.002617 -0.007911
v -0.001624 -0.002836 -0.007976
v -0.001053 -0.003299 -0.007764
v -0.000563 -0.003426 -0.007198
v -0.001989 -0.002911 -0.007432
v -0.001667 -0.002047 -0.007871
v -0.002444 -0.001402 -0.007074
v -0.002103 -0.002527 -0.007024
v 0.000793 -0.002540 -0.007862
v 0.002393 -0.002326 -0.007951
v 0.002396 -0.002587 -0.007432
v 0.002392 -0.002253 -0.007063
v 0.001028 -0.003015 -0.007004
v 0.001467 -0.002337 -0.007085
v 0.001170 -0.003224 -0.007171
v 0.001346 -0.003263 -0.007626
v 0.002720 0.000162 -0.007921
v 0.003454 0.000788 -0.007500
v 0.003286 0.000433 -0.007037
v 0.002752 -0.000787 -0.007038
v 0.003437 -0.000354 -0.007803
v 0.003047 -0.001146 -0.007026
v 0.003319 -0.001315 -0.007448
v 0.000689 0.002617 -0.007911
v 0.001624 0.002836 -0.007976
v 0.001053 0.003299 -0.007764
v 0.000563 0.003426 -0.007198
v 0.001989 0.002911 -0.007432
v 0.001667 0.002047 -0.007871
v 0.002444 0.001402 -0.007074
v 0.002103 0.002527 -0.007024
v -0.000793 0.002540 -0.007862
v -0.002393 0.002326 -0.007951
v -0.002396 0.002587 -0.007432
v -0.002392 0.002253 -0.007063
v -0.001028 0.003015 -0.007004
v -0.001467 0.002337 -0.007085
v -0.001170 0.003224 -0.007171
v -0.001346 0.003263 -0.007626
v -0.002663 0.001345 -0.008012
v -0.002169 0.001442 -0.007756
v -0.001958 0.001572 -0.007390
v -0.000036 0.003223 -0.008000
v 0.000588 0.002823 -0.007003
v -0.000000 0.003534 -0.007500
v 0.002928 0.002007 -0.007487
v 0.003021 0.000849 -0.008017
v 0.002815 0.001848 -0.007876
v 0.002351 0.000936 -0.007658
v 0.002663 -0.001345 -0.008012
v 0.002169 -0.001442 -0.007756
v 0.001958 -0.001572 -0.007390
v 0.000036 -0.003223 -0.008000
v -0.000588 -0.002823 -0.007003
v 0.000000 -0.003534 -0.007500
v -0.002928 -0.002007 -0.007487
v -0.003021 -0.000849 -0.008017
v -0.002815 -0.001848 -0.007876
v -0.002351 -0.000936 -0.007658
v 0.000712 0.003475 -0.008300
v 0.002934 0.002107 -0.008300
v 0.003505 -0.000713 -0.008300
v 0.001881 -0.003083 -0.008300
v -0.000712 -0.003475 -0.008300
v -0.002934 -0.002107 -0.008300
v -0.003505 0.000713 -0.008300
v -0.001881 0.003083 -0.008300
v -0.000293 0.002580 -0.008300
v -0.002052 0.001638 -0.008300
v -0.002580 -0.000293 -0.008300
v -0.001638 -0.002052 -0.008300
v 0.000293 -0.002580 -0.008300
v 0.002052 -0.001638 -0.008300
v 0.002580 0.000293 -0.008300
v 0.001638 0.002052 -0.008300
v 0.000860 0.003442 -0.008000
v -0.000979 0.003386 -0.008000
v -0.002747 0.002290 -0.008000
v -0.003510 0.000326 -0.008000
v -0.003029 -0.001967 -0.008000
v -0.000860 -0.003442 -0.008000
v 0.000979 -0.003386 -0.008000
v 0.002747 -0.002290 -0.008000
v 0.003510 -0.000326 -0.008000
v 0.003029 0.001967 -0.008000
v 0.000480 0.002552 -0.008000
v 0.002165 0.001484 -0.008000
v 0.002552 -0.000480 -0.008000
v 0.001484 -0.002165 -0.008000
v -0.000480 -0.002552 -0.008000
v -0.002165 -0.001484 -0.008000
v -0.002552 0.000480 -0.008000
v -0.001484 0.002165 -0.008000
v -0.001256 -0.005327 -0.008365
v 0.000788 -0.005391 -0.008365
v 0.003081 -0.004567 -0.008363
v 0.005123 -0.002026 -0.008363
v 0.005373 0.001224 -0.008366
v 0.003785 0.003989 -0.008356
v 0.000893 0.005450 -0.008367
v -0.002425 0.004950 -0.008365
v -0.004797 0.002711 -0.008361
v -0.005489 -0.000478 -0.008361
v -0.003610 -0.004122 -0.008351
v 0.002634 0.003987 -0.008373
v 0.003957 0.002688 -0.008372
v 0.004711 0.000717 -0.008352
v 0.004339 -0.001973 -0.008375
v 0.003144 -0.003568 -0.008362
v 0.001897 -0.004354 -0.008376
v -0.000038 -0.004770 -0.008365
v -0.001632 -0.004436 -0.008337
v -0.003514 -0.003209 -0.008355
v -0.004587 -0.001169 -0.008364
v -0.004748 0.000433 -0.008368
v -0.004170 0.002363 -0.008375
v -0.003039 0.003680 -0.008369
v -0.000673 0.004679 -0.008340
v 0.000401 0.004773 -0.008379
v 0.002145 0.005097 -0.012101
v 0.000567 0.005424 -0.012256
v -0.001365 0.005277 -0.012238
v -0.003500 0.004256 -0.012239
v -0.005293 0.001530 -0.012238
v -0.005233 -0.001731 -0.012235
v -0.003682 -0.004015 -0.012264
v -0.001846 -0.005260 -0.012106
v 0.001445 -0.005384 -0.012106
v 0.004231 -0.003629 -0.012106
v 0.005541 -0.000607 -0.012106
v 0.005307 0.001292 -0.012266
v 0.004018 0.003736 -0.012244
v -0.004808 -0.002700 -0.008499
v 0.004850 -0.002315 -0.012301
v 0.002655 -0.004673 -0.012301
v -0.000493 -0.005352 -0.012301
v 0.001614 0.004503 -0.012227
v 0.000119 0.004770 -0.012236
v -0.001414 0.004530 -0.012226
v -0.002819 0.003860 -0.012227
v -0.004076 0.002489 -0.012251
v -0.004771 -0.000153 -0.012231
v -0.004313 -0.002051 -0.012251
v -0.002076 -0.004317 -0.012231
v 0.000922 -0.004712 -0.012221
v 0.002331 -0.004174 -0.012237
v 0.003645 -0.003091 -0.012229
v 0.004223 -0.002103 -0.012252
v 0.004769 -0.000258 -0.012230
v 0.004602 0.001275 -0.012230
v 0.003954 0.002674 -0.012230
v 0.002870 0.003836 -0.012216
v 0.002670 0.003957 -0.011693
v 0.001268 0.004603 -0.011693
v -0.000267 0.004769 -0.011693
v -0.003121 0.003825 -0.011783
v -0.004119 0.002501 -0.011698
v -0.004808 -0.000355 -0.011688
v -0.004149 -0.002390 -0.011696
v -0.002408 -0.004178 -0.011688
v 0.000139 -0.004781 -0.011686
v 0.001950 -0.004354 -0.011693
v 0.003748 -0.003042 -0.011690
v 0.004822 -0.000155 -0.011689
v 0.004050 0.002584 -0.011696
v 0.002923 0.004025 -0.011916
v 0.001498 0.004743 -0.011916
v -0.000081 0.004973 -0.011916
v -0.001670 0.004696 -0.011839
v -0.003979 0.002928 -0.012111
v -0.004528 0.002059 -0.011916
v -0.004837 0.001130 -0.012084
v -0.004966 -0.000281 -0.011916
v -0.004626 -0.001838 -0.011950
v -0.004395 -0.002231 -0.012143
v -0.003768 -0.003240 -0.011904
v -0.003094 -0.003886 -0.012084
v -0.001875 -0.004607 -0.011916
v -0.000560 -0.004934 -0.012085
v 0.000481 -0.004951 -0.011916
v 0.002024 -0.004544 -0.011916
v 0.003359 -0.003669 -0.011916
v 0.004348 -0.002416 -0.011916
v 0.004732 -0.001512 -0.012084
v 0.004973 -0.000119 -0.011916
v 0.004754 0.001462 -0.011916
v 0.004047 0.002892 -0.011916
v 0.002446 0.004238 -0.010854
v -0.000241 0.004771 -0.011114
v -0.003108 0.003627 -0.011116
v -0.004677 0.000971 -0.011116
v -0.004603 -0.001419 -0.011003
v -0.003782 -0.002986 -0.011030
v -0.002446 -0.004238 -0.010854
v 0.000241 -0.004771 -0.011114
v 0.003108 -0.003627 -0.011116
v 0.004677 -0.000971 -0.011116
v 0.004603 0.001419 -0.011003
v 0.003782 0.002986 -0.011030
v 0.002757 0.003954 -0.009607
v 0.001161 0.004602 -0.009467
v -0.001522 0.004597 -0.009635
v -0.002883 0.003886 -0.009627
v -0.003949 0.002788 -0.009621
v -0.004647 0.001107 -0.009484
v -0.004353 -0.001966 -0.009486
v -0.002757 -0.003954 -0.009607
v -0.001161 -0.004602 -0.009467
v 0.001522 -0.004597 -0.009635
v 0.002883 -0.003886 -0.009627
v 0.003949 -0.002788 -0.009621
v 0.004647 -0.001107 -0.009484
v 0.004353 0.001965 -0.009486
v 0.000796 0.005002 -0.010021
v 0.000826 0.004934 -0.010597
v -0.000744 0.004947 -0.010596
v -0.002241 0.004473 -0.010595
v -0.003808 0.003282 -0.010598
v -0.004898 0.001133 -0.010002
v -0.004933 0.000803 -0.010757
v -0.004932 -0.000835 -0.010004
v -0.004430 -0.002323 -0.010003
v -0.003501 -0.003626 -0.010141
v -0.000796 -0.005002 -0.010021
v -0.000826 -0.004934 -0.010597
v 0.000744 -0.004947 -0.010596
v 0.002241 -0.004473 -0.010595
v 0.003808 -0.003282 -0.010598
v 0.004898 -0.001133 -0.010002
v 0.004933 -0.000803 -0.010757
v 0.004932 0.000835 -0.010004
v 0.004430 0.002323 -0.010003
v 0.003501 0.003626 -0.010141
v 0.002562 0.004090 -0.008900
v 0.000040 0.004828 -0.008900
v -0.001788 0.004460 -0.008895
v -0.004020 0.002618 -0.008900
v -0.004710 0.001019 -0.008901
v -0.004737 -0.000775 -0.008895
v -0.003779 -0.003006 -0.008889
v -0.002085 -0.004348 -0.008900
v -0.000227 -0.004792 -0.008899
v 0.001182 -0.004674 -0.008890
v 0.002609 -0.004057 -0.008889
v 0.003984 -0.002746 -0.008895
v 0.004814 -0.000316 -0.008900
v 0.004556 0.001538 -0.008894
v 0.002928 0.004026 -0.008650
v 0.001509 0.004747 -0.008617
v -0.000081 0.004973 -0.008616
v -0.001670 0.004696 -0.008539
v -0.003053 0.003927 -0.008616
v -0.003475 0.003554 -0.008809
v -0.004528 0.002059 -0.008616
v -0.004946 0.000525 -0.008684
v -0.004857 -0.001074 -0.008616
v -0.004529 -0.001977 -0.008809
v -0.004019 -0.002784 -0.008437
v -0.003523 -0.003550 -0.008642
v -0.002043 -0.004523 -0.008490
v 0.000078 -0.005005 -0.008654
v 0.002024 -0.004544 -0.008616
v 0.003359 -0.003669 -0.008616
v 0.004348 -0.002416 -0.008616
v 0.004854 -0.000580 -0.008437
v 0.004977 -0.000526 -0.008654
v 0.004759 0.001460 -0.008650
v 0.004067 0.002881 -0.008761
v -0.000764 -0.002796 -0.008300
v 0.001413 -0.002465 -0.008300
v 0.002796 -0.000764 -0.008300
v 0.002465 0.001413 -0.008300
v 0.000764 0.002796 -0.008300
v -0.001413 0.002465 -0.008300
v -0.002796 0.000764 -0.008300
v -0.002465 -0.001413 -0.008300
v -0.001313 -0.001629 -0.008365
v -0.001961 -0.000793 -0.008366
v -0.001990 0.000721 -0.008363
v -0.001001 0.001864 -0.008363
v 0.000497 0.002054 -0.008367
v 0.001742 0.001198 -0.008364
v 0.002094 -0.000268 -0.008367
v 0.001381 -0.001599 -0.008364
v -0.000123 -0.002121 -0.008359
v -0.001199 -0.002473 -0.009566
v 0.000480 -0.002810 -0.009491
v 0.001982 -0.001996 -0.009495
v 0.002833 -0.000456 -0.009495
v 0.002496 0.001315 -0.009490
v 0.001624 0.002307 -0.009489
v 0.000289 0.002791 -0.009503
v -0.000918 0.002668 -0.009489
v -0.002031 0.001958 -0.009488
v -0.002700 0.000820 -0.009488
v -0.002777 -0.000498 -0.009488
v -0.002235 -0.001700 -0.009488
v -0.001382 -0.002442 -0.011107
v -0.000099 -0.002820 -0.011112
v 0.001226 -0.002538 -0.011106
v 0.002227 -0.001733 -0.011112
v 0.002698 -0.000507 -0.011028
v 0.002651 0.000725 -0.011048
v 0.002023 0.001964 -0.011106
v 0.000948 0.002658 -0.011111
v -0.000366 0.002798 -0.011110
v -0.001572 0.002331 -0.011109
v -0.002586 0.001176 -0.011117
v -0.002802 -0.000334 -0.011112
v -0.002343 -0.001572 -0.011112
v -0.001467 -0.002067 -0.010477
v -0.002094 -0.001377 -0.010399
v -0.002404 0.000859 -0.010046
v -0.001700 0.001803 -0.010169
v -0.000860 0.002392 -0.010021
v 0.000483 0.002451 -0.010451
v 0.002077 -0.001463 -0.010592
v 0.001280 -0.002141 -0.010411
v -0.000034 -0.002506 -0.010457
v 0.001811 0.001818 -0.010639
v -0.000895 0.002429 -0.010727
v -0.002283 0.001208 -0.010722
v -0.002588 0.000083 -0.010727
v -0.002467 -0.000580 -0.010022
v 0.001646 0.001987 -0.009992
v 0.002494 0.000513 -0.010009
v 0.002347 -0.001056 -0.009966
v -0.000287 -0.002536 -0.009958
v -0.000626 -0.002830 -0.012300
v 0.001523 -0.002399 -0.012300
v 0.002830 -0.000626 -0.012300
v 0.002399 0.001523 -0.012300
v 0.000626 0.002830 -0.012300
v -0.001523 0.002399 -0.012300
v -0.002830 0.000626 -0.012300
v -0.002399 -0.001523 -0.012300
v 0.000269 0.002169 -0.012267
v -0.001536 0.001459 -0.012231
v -0.002117 0.000062 -0.012227
v -0.001622 -0.001366 -0.012231
v -0.000296 -0.002099 -0.012228
v 0.001180 -0.001766 -0.012232
v 0.002058 -0.000528 -0.012232
v 0.002032 0.001078 -0.012297
v 0.001677 0.001162 -0.012099
v -0.000320 0.002016 -0.012098
v -0.002478 0.002857 -0.011548
v -0.002245 0.002814 -0.009037
v -0.003011 0.003713 -0.011094
v -0.003127 0.003950 -0.010091
v -0.002207 0.003316 -0.009086
v -0.001691 0.001852 -0.009955
v -0.001920 0.002777 -0.011505
v -0.002831 0.003562 -0.009299
v -0.002337 0.004092 -0.009624
v -0.002581 0.004171 -0.010641
v -0.002508 0.003190 -0.011556
v -0.002113 0.003789 -0.011265
v -0.001757 0.004097 -0.009934
v -0.001699 0.003360 -0.009230
v -0.001592 0.003981 -0.010740
v -0.001086 0.003327 -0.009942
v -0.001404 0.003292 -0.011184
v -0.001328 0.002630 -0.009481
v -0.000991 0.002823 -0.010403
v -0.001351 0.002398 -0.011001
v -0.003112 0.002805 -0.011312
v -0.003420 0.003328 -0.009776
v -0.003542 0.003076 -0.010618
v -0.002821 0.002849 -0.009124
v -0.003527 0.002548 -0.010188
v -0.003286 0.002537 -0.009598
v -0.003239 0.002192 -0.010702
v -0.002884 0.001939 -0.009781
v -0.002681 0.001996 -0.011051
v -0.002583 0.001707 -0.010327
v -0.002127 0.002286 -0.011383
v -0.002187 0.002163 -0.009281
v -0.001963 0.001809 -0.010742
v 0.003800 0.001659 -0.011526
v 0.004553 0.001637 -0.010913
v 0.004599 0.002091 -0.010353
v 0.003587 0.001834 -0.009054
v 0.002568 0.001342 -0.009354
v 0.002256 0.001068 -0.010647
v 0.002781 0.001010 -0.011274
v 0.003061 0.001389 -0.011506
v 0.002228 0.001141 -0.009930
v 0.004169 0.002380 -0.010941
v 0.004490 0.001903 -0.009687
v 0.003795 0.001207 -0.009122
v 0.004618 0.001265 -0.010065
v 0.004315 0.000970 -0.009630
v 0.003997 0.001124 -0.011325
v 0.004377 0.000985 -0.010878
v 0.004137 0.000505 -0.010300
v 0.003932 0.000568 -0.010869
v 0.003650 0.000505 -0.009599
v 0.003458 0.000872 -0.011368
v 0.003043 0.000329 -0.010201
v 0.003075 0.000404 -0.010786
v 0.002879 0.000787 -0.009413
v 0.004031 0.002223 -0.009386
v 0.003996 0.002698 -0.010046
v 0.003134 0.001982 -0.011486
v 0.003537 0.002351 -0.011333
v 0.003397 0.002824 -0.010695
v 0.003326 0.002732 -0.009672
v 0.003085 0.002113 -0.009170
v 0.002621 0.002415 -0.010890
v 0.002624 0.002562 -0.009929
v 0.002365 0.002061 -0.009704
v 0.002505 0.001801 -0.011206
v 0.002143 0.001858 -0.010406
v 0.003018 0.001494 -0.009088
v 0.003936 -0.001661 -0.011457
v 0.004412 -0.001747 -0.011045
v 0.004379 -0.002366 -0.009938
v 0.003972 -0.002011 -0.009228
v 0.002986 -0.001525 -0.009098
v 0.002509 -0.001053 -0.009514
v 0.002317 -0.000917 -0.010081
v 0.002375 -0.001199 -0.010992
v 0.004634 -0.001828 -0.010055
v 0.004123 -0.002719 -0.010516
v 0.003858 -0.002189 -0.011380
v 0.003592 -0.002560 -0.009374
v 0.003432 -0.002964 -0.010156
v 0.003457 -0.002653 -0.011117
v 0.003196 -0.001951 -0.011539
v 0.002973 -0.002830 -0.010698
v 0.002658 -0.002485 -0.009565
v 0.002518 -0.002666 -0.010159
v 0.002708 -0.001857 -0.009196
v 0.002740 -0.002462 -0.011100
v 0.002143 -0.001865 -0.009891
v 0.002655 -0.001732 -0.011361
v 0.002177 -0.001909 -0.010811
v 0.003483 -0.001732 -0.009027
v 0.003900 -0.001179 -0.011343
v 0.004586 -0.001223 -0.010309
v 0.004156 -0.001345 -0.009350
v 0.003960 -0.000695 -0.010922
v 0.004043 -0.000786 -0.009672
v 0.003751 -0.000419 -0.010266
v 0.003453 -0.001085 -0.009168
v 0.003203 -0.001094 -0.011453
v 0.003159 -0.000596 -0.009606
v 0.002789 -0.000576 -0.010742
v 0.000973 0.003581 -0.011572
v 0.000824 0.004106 -0.011480
v 0.001199 0.004893 -0.010194
v 0.000783 0.004584 -0.009396
v 0.001094 0.004099 -0.009121
v 0.000244 0.002509 -0.010353
v 0.000937 0.002391 -0.009957
v 0.000837 0.004722 -0.011030
v 0.001424 0.004560 -0.011050
v 0.001776 0.004471 -0.009816
v 0.001955 0.004187 -0.010758
v 0.001395 0.003601 -0.009140
v 0.001835 0.004004 -0.009510
v 0.001540 0.003836 -0.011391
v 0.002180 0.003681 -0.010274
v 0.001937 0.003283 -0.010947
v 0.001886 0.003255 -0.009575
v 0.001154 0.003074 -0.011430
v 0.001664 0.002705 -0.010710
v 0.001092 0.002888 -0.009281
v 0.001747 0.002712 -0.009990
v 0.001076 0.002527 -0.010900
v 0.000265 0.004727 -0.009922
v 0.000218 0.004702 -0.010590
v 0.000143 0.004098 -0.011259
v 0.000476 0.003788 -0.009103
v -0.000233 0.004011 -0.010822
v -0.000211 0.004255 -0.009981
v 0.000028 0.003925 -0.009400
v 0.000214 0.003411 -0.011387
v -0.000281 0.003298 -0.009847
v -0.000379 0.003429 -0.010470
v 0.000166 0.002986 -0.009431
v 0.000830 0.003372 -0.009052
v 0.000312 0.002741 -0.011061
v -0.002129 -0.003056 -0.011545
v -0.002327 -0.002596 -0.009063
v -0.002609 -0.003728 -0.011272
v -0.003223 -0.003848 -0.010579
v -0.002983 -0.003948 -0.009871
v -0.002847 -0.003666 -0.009382
v -0.002539 -0.003321 -0.009095
v -0.001848 -0.002009 -0.009521
v -0.001670 -0.001990 -0.010830
v -0.001909 -0.002396 -0.011378
v -0.001314 -0.002153 -0.010207
v -0.003572 -0.003173 -0.009910
v -0.003496 -0.003245 -0.010854
v -0.002903 -0.003020 -0.011480
v -0.003593 -0.002611 -0.010690
v -0.003167 -0.002946 -0.009259
v -0.003429 -0.002215 -0.009955
v -0.002792 -0.002463 -0.011457
v -0.002843 -0.002174 -0.009331
v -0.002967 -0.001787 -0.010640
v -0.002593 -0.001796 -0.009668
v -0.002122 -0.001639 -0.010282
v -0.002259 -0.001864 -0.011061
v -0.002620 -0.004137 -0.010510
v -0.002233 -0.004068 -0.009773
v -0.001802 -0.003627 -0.011175
v -0.001843 -0.004035 -0.010631
v -0.001906 -0.003521 -0.009293
v -0.001481 -0.003756 -0.009870
v -0.001225 -0.003403 -0.010535
v -0.001519 -0.002968 -0.011262
v -0.001218 -0.002851 -0.009694
v -0.001864 -0.002871 -0.009124
v -0.001191 -0.002687 -0.010773
v -0.003818 -0.000129 -0.009046
v -0.004081 -0.000171 -0.011517
v -0.004615 0.000161 -0.011266
v -0.004599 0.000127 -0.009307
v -0.003007 0.000107 -0.009236
v -0.002706 0.000295 -0.011027
v -0.003224 0.000260 -0.011446
v -0.002524 -0.000275 -0.010084
v -0.002700 -0.000397 -0.010935
v -0.004946 -0.000272 -0.010592
v -0.005014 0.000254 -0.010114
v -0.004838 0.000634 -0.010695
v -0.003657 0.000513 -0.009099
v -0.004230 0.000574 -0.009232
v -0.004583 0.000915 -0.009842
v -0.004331 0.001031 -0.010949
v -0.003985 0.001064 -0.009561
v -0.003894 0.001343 -0.010368
v -0.003736 0.000386 -0.011547
v -0.003331 0.001029 -0.011039
v -0.003244 0.001185 -0.009870
v -0.002855 0.000746 -0.009681
v -0.002768 0.000837 -0.010535
v -0.002503 0.000346 -0.010138
v -0.004835 -0.000651 -0.010188
v -0.004422 -0.000505 -0.009342
v -0.004520 -0.000627 -0.011070
v -0.003827 -0.000990 -0.011083
v -0.004293 -0.000987 -0.009757
v -0.004262 -0.001067 -0.010612
v -0.003608 -0.001239 -0.010286
v -0.003716 -0.000950 -0.009499
v -0.003485 -0.000471 -0.011431
v -0.003057 -0.000712 -0.009515
v -0.003457 -0.000455 -0.009169
v -0.002889 -0.000878 -0.010113
v -0.003073 -0.000788 -0.011005
v 0.000878 -0.003804 -0.011574
v 0.000745 -0.004836 -0.009790
v 0.001008 -0.004499 -0.009321
v 0.000502 -0.004002 -0.009090
v 0.000371 -0.002538 -0.009833
v 0.000524 -0.002625 -0.011036
v 0.000920 -0.003006 -0.011386
v 0.001341 -0.004807 -0.010513
v 0.000577 -0.004927 -0.010543
v 0.000754 -0.004556 -0.011237
v -0.000026 -0.004258 -0.009482
v -0.000018 -0.004651 -0.010056
v -0.000021 -0.004389 -0.011027
v 0.000351 -0.003964 -0.011469
v 0.000481 -0.003225 -0.009118
v -0.000356 -0.004046 -0.010736
v -0.000519 -0.003801 -0.010259
v -0.000177 -0.003228 -0.009520
v 0.000071 -0.003352 -0.011349
v -0.000301 -0.002996 -0.010515
v 0.000199 -0.002551 -0.010535
v 0.001341 -0.004346 -0.011225
v 0.001631 -0.004623 -0.010070
v 0.001981 -0.004114 -0.010523
v 0.001853 -0.004103 -0.009747
v 0.001736 -0.003788 -0.011161
v 0.001384 -0.003968 -0.009210
v 0.002012 -0.003403 -0.010568
v 0.001816 -0.003429 -0.009533
v 0.001372 -0.003520 -0.011419
v 0.001472 -0.002986 -0.011131
v 0.001753 -0.002848 -0.010513
v 0.001327 -0.002652 -0.009674
v 0.001041 -0.003334 -0.009079
v 0.001147 -0.002432 -0.010449
v -0.002988 0.001794 -0.008510
v -0.002962 0.002017 -0.008511
v -0.002825 0.001764 -0.008507
v -0.000589 0.003265 -0.008508
v -0.000544 0.003471 -0.008508
v -0.001592 0.002965 -0.008510
v -0.001729 0.003071 -0.008510
v -0.001142 0.003471 -0.008511
v -0.001037 0.003159 -0.008511
v -0.001193 0.003101 -0.008511
v -0.000013 0.003317 -0.008509
v 0.000067 0.003513 -0.008509
v -0.002082 0.002531 -0.008505
v -0.002262 0.002794 -0.008510
v -0.002490 0.002131 -0.008505
v -0.002713 0.002359 -0.008509
v 0.001990 0.002160 -0.008525
v 0.002940 0.000411 -0.008525
v 0.002624 -0.001267 -0.008525
v 0.001730 -0.002373 -0.008525
v 0.000404 -0.002886 -0.008525
v -0.001012 -0.002757 -0.008525
v -0.002175 -0.001939 -0.008525
v -0.002854 -0.000690 -0.008525
v -0.002821 0.000731 -0.008525
v -0.002160 0.001990 -0.008519
v -0.000959 0.002751 -0.008515
v 0.000455 0.002901 -0.008521
v -0.000629 -0.004109 -0.008511
v 0.002238 -0.003553 -0.008513
v 0.003998 -0.001173 -0.008513
v 0.003753 0.001892 -0.008505
v 0.001162 0.004039 -0.008513
v -0.001090 0.003957 -0.008508
v -0.002825 0.003049 -0.008506
v -0.004100 0.000695 -0.008511
v -0.003430 -0.002481 -0.008508
v 0.003423 0.002400 -0.008549
v 0.004119 -0.000156 -0.008563
v 0.003580 -0.002056 -0.008566
v 0.001926 -0.003670 -0.008562
v -0.000626 -0.004094 -0.008561
v -0.003948 -0.001260 -0.008562
v -0.003996 0.001010 -0.008565
v -0.002860 0.003010 -0.008563
v -0.000794 0.004047 -0.008564
v 0.001043 0.003980 -0.008557
v 0.002449 0.004183 -0.008471
v 0.001382 0.004338 -0.008546
v 0.000724 0.004719 -0.008419
v 0.000644 0.004632 -0.008421
v -0.000277 0.004550 -0.008558
v -0.001058 0.004385 -0.008492
v -0.001917 0.004140 -0.008546
v -0.002857 0.003787 -0.008431
v -0.003478 0.002944 -0.008545
v -0.004067 0.002412 -0.008423
v -0.004340 0.001379 -0.008547
v -0.004551 -0.000268 -0.008558
v -0.004586 -0.001187 -0.008440
v -0.004140 -0.001917 -0.008547
v -0.003825 -0.002853 -0.008415
v -0.002465 -0.004122 -0.008443
v -0.001382 -0.004338 -0.008546
v -0.000724 -0.004719 -0.008419
v -0.000644 -0.004632 -0.008421
v 0.000277 -0.004550 -0.008558
v 0.001058 -0.004385 -0.008492
v 0.001917 -0.004140 -0.008546
v 0.002873 -0.003800 -0.008415
v 0.003478 -0.002944 -0.008545
v 0.004067 -0.002412 -0.008423
v 0.004340 -0.001379 -0.008547
v 0.004551 0.000268 -0.008558
v 0.004586 0.001187 -0.008440
v 0.004140 0.001917 -0.008547
v 0.003818 0.002861 -0.008415
v 0.003084 0.003365 -0.008549
v 0.002068 0.004351 -0.008858
v 0.000925 0.004827 -0.008731
v -0.000361 0.004934 -0.008586
v -0.001179 0.004620 -0.008424
v -0.001200 0.004693 -0.008841
v -0.001957 0.004464 -0.008517
v -0.002385 0.004202 -0.008858
v -0.003456 0.003518 -0.008744
v -0.003851 0.003000 -0.008512
v -0.004106 0.002371 -0.008856
v -0.004673 0.001667 -0.008641
v -0.004708 0.000674 -0.008417
v -0.004791 0.000189 -0.008866
v -0.004886 0.000016 -0.008484
v -0.004696 -0.001028 -0.008862
v -0.004472 -0.002130 -0.008603
v -0.003652 -0.003130 -0.008854
v -0.003410 -0.003508 -0.008543
v -0.002577 -0.004198 -0.008732
v -0.002486 -0.004078 -0.008859
v -0.000959 -0.004817 -0.008744
v 0.000361 -0.004934 -0.008586
v 0.000118 -0.004723 -0.008859
v 0.001179 -0.004620 -0.008424
v 0.002426 -0.004331 -0.008638
v 0.001713 -0.004487 -0.008861
v 0.003456 -0.003518 -0.008744
v 0.003851 -0.003000 -0.008512
v 0.004025 -0.002512 -0.008856
v 0.004673 -0.001667 -0.008641
v 0.004708 -0.000674 -0.008417
v 0.004810 0.000031 -0.008863
v 0.004886 -0.000016 -0.008484
v 0.004653 0.001693 -0.008645
v 0.004168 0.002269 -0.008856
v 0.003770 0.003206 -0.008599
v 0.003191 0.003586 -0.008864
v -0.002672 -0.003129 -0.008563
v -0.003620 -0.002738 -0.008538
v -0.002952 -0.003472 -0.008549
v -0.002356 -0.003858 -0.008540
v -0.002478 -0.004100 -0.008403
v -0.002300 -0.003920 -0.008541
v -0.000702 -0.004477 -0.008552
v -0.000621 -0.004501 -0.008557
v 0.001068 -0.004419 -0.008561
v 0.001136 -0.004365 -0.008546
v 0.002670 -0.003662 -0.008535
v 0.002844 -0.003894 -0.008400
v 0.002737 -0.003619 -0.008549
v 0.003864 -0.002359 -0.008540
v 0.004077 -0.002463 -0.008391
v 0.003924 -0.002301 -0.008551
v 0.004473 -0.000701 -0.008516
v 0.004503 -0.000625 -0.008559
v 0.004399 0.001064 -0.008543
v 0.004607 0.001175 -0.008389
v 0.004378 0.001140 -0.008565
v 0.003657 0.002666 -0.008536
v 0.003615 0.002733 -0.008555
v 0.002362 0.003866 -0.008542
v 0.002482 0.004100 -0.008406
v 0.002300 0.003920 -0.008541
v 0.000702 0.004477 -0.008552
v 0.000621 0.004501 -0.008557
v -0.001068 0.004419 -0.008561
v -0.001136 0.004365 -0.008546
v -0.002670 0.003662 -0.008535
v -0.002835 0.003862 -0.008398
v -0.002742 0.003625 -0.008553
v -0.003864 0.002359 -0.008540
v -0.004101 0.002471 -0.008387
v -0.003924 0.002301 -0.008551
v -0.004473 0.000701 -0.008516
v -0.004503 0.000625 -0.008559
v -0.004399 -0.001064 -0.008543
v -0.004607 -0.001175 -0.008389
v -0.004378 -0.001140 -0.008565
v -0.003657 -0.002666 -0.008536
v 0.003354 0.003428 -0.008919
v 0.004666 0.001279 -0.008917
v 0.004796 -0.000475 -0.008912
v 0.003265 -0.003480 -0.008910
v 0.000594 -0.004755 -0.008919
v -0.001762 -0.004439 -0.008926
v -0.003647 -0.003065 -0.008912
v -0.004789 -0.000635 -0.008921
v -0.004605 0.001114 -0.008920
v 0.000783 0.004728 -0.008920
v 0.004497 0.000231 -0.008509
v -0.001513 -0.004246 -0.008489
v -0.004497 -0.000231 -0.008509
v 0.001513 0.004246 -0.008489
v 0.002633 0.004246 -0.008691
v 0.001176 0.004867 -0.008575
v 0.000124 0.004926 -0.008497
v -0.000959 0.004911 -0.008603
v -0.001585 0.004479 -0.008917
v -0.002288 0.004429 -0.008720
v -0.003770 0.002944 -0.008922
v -0.003974 0.003061 -0.008619
v -0.004830 0.001259 -0.008586
v -0.004955 -0.000217 -0.008556
v -0.004652 -0.001696 -0.008524
v -0.004303 -0.002478 -0.008753
v -0.003379 -0.003595 -0.008802
v -0.003341 -0.003637 -0.008492
v -0.001409 -0.004816 -0.008677
v -0.000124 -0.004926 -0.008497
v 0.000919 -0.004918 -0.008599
v 0.002150 -0.004483 -0.008712
v 0.003938 -0.003076 -0.008562
v 0.004208 -0.002538 -0.008835
v 0.004830 -0.001259 -0.008586
v 0.004955 0.000217 -0.008556
v 0.004652 0.001696 -0.008524
v 0.004007 0.002945 -0.008694
v 0.003609 0.003261 -0.008413
v -0.003031 -0.003361 -0.008597
v -0.001522 -0.004295 -0.008607
v 0.001994 -0.004048 -0.008590
v 0.003364 -0.003017 -0.008592
v 0.004248 -0.001514 -0.008578
v 0.004049 0.001977 -0.008582
v 0.003055 0.003404 -0.008609
v 0.003114 0.003241 -0.008504
v 0.001522 0.004295 -0.008607
v -0.001994 0.004048 -0.008590
v -0.003357 0.003015 -0.008584
v -0.004248 0.001514 -0.008578
v -0.004049 -0.001977 -0.008582
v 0.002961 -0.001838 -0.012090
v 0.003147 -0.001713 -0.012089
v 0.002860 -0.001706 -0.012093
v 0.003173 0.000968 -0.012092
v 0.003336 0.001102 -0.012092
v 0.003365 -0.000061 -0.012090
v 0.003522 -0.000135 -0.012090
v 0.003578 0.000459 -0.012089
v 0.003567 0.000608 -0.012089
v 0.003239 0.000464 -0.012089
v 0.003329 0.000361 -0.012091
v 0.002957 0.001504 -0.012091
v 0.003094 0.001664 -0.012091
v 0.003202 -0.000696 -0.012095
v 0.003519 -0.000736 -0.012090
v 0.003033 -0.001241 -0.012095
v 0.003338 -0.001336 -0.012091
v 0.001012 0.002757 -0.012075
v -0.000404 0.002886 -0.012075
v -0.001730 0.002373 -0.012075
v -0.002874 0.000745 -0.012075
v -0.002559 -0.001505 -0.012075
v -0.001012 -0.002757 -0.012075
v 0.000404 -0.002886 -0.012075
v 0.001874 -0.002283 -0.012080
v 0.002937 -0.000460 -0.012083
v 0.002483 0.001600 -0.012075
v -0.003368 -0.002437 -0.012089
v -0.004183 0.000367 -0.012087
v -0.002870 0.003021 -0.012087
v -0.000032 0.004203 -0.012095
v 0.003062 0.002879 -0.012087
v 0.004018 0.000838 -0.012092
v 0.004003 -0.001120 -0.012094
v 0.002491 -0.003330 -0.012089
v -0.000640 -0.004185 -0.012092
v 0.000571 0.004141 -0.012051
v -0.002020 0.003593 -0.012037
v -0.003464 0.002245 -0.012034
v -0.004145 0.000037 -0.012038
v -0.003356 -0.002428 -0.012039
v 0.000683 -0.004087 -0.012038
v 0.002724 -0.003093 -0.012035
v 0.003984 -0.001169 -0.012037
v 0.003963 0.001142 -0.012036
v 0.003064 0.002747 -0.012043
v 0.002536 0.004005 -0.012168
v 0.003875 0.002785 -0.012174
v 0.003702 0.002600 -0.012081
v 0.004100 0.001984 -0.012051
v 0.004559 0.000166 -0.012046
v 0.004687 -0.000770 -0.012194
v 0.004453 -0.000778 -0.012057
v 0.004328 -0.001424 -0.012051
v 0.004030 -0.002522 -0.012187
v 0.002738 -0.003755 -0.012177
v 0.002602 -0.003704 -0.012079
v 0.001874 -0.004157 -0.012054
v 0.001035 -0.004617 -0.012175
v 0.000172 -0.004556 -0.012052
v -0.000760 -0.004692 -0.012184
v -0.002483 -0.004053 -0.012159
v -0.002484 -0.003913 -0.012174
v -0.003702 -0.002600 -0.012081
v -0.004100 -0.001984 -0.012051
v -0.004559 -0.000166 -0.012046
v -0.004687 0.000770 -0.012194
v -0.004453 0.000778 -0.012057
v -0.004328 0.001424 -0.012051
v -0.004030 0.002522 -0.012187
v -0.002738 0.003755 -0.012177
v -0.002602 0.003704 -0.012079
v -0.001874 0.004157 -0.012054
v -0.001035 0.004617 -0.012175
v -0.000172 0.004556 -0.012052
v 0.000792 0.004734 -0.012177
v 0.002367 0.003890 -0.012140
v 0.002855 0.003983 -0.012055
v 0.002526 0.004220 -0.011841
v 0.003202 0.003501 -0.011739
v 0.003904 0.003011 -0.011987
v 0.004528 0.002006 -0.011960
v 0.004605 0.001444 -0.011732
v 0.004650 0.001078 -0.012154
v 0.004914 -0.000070 -0.012066
v 0.004874 -0.000454 -0.011845
v 0.004570 -0.001361 -0.011737
v 0.004411 -0.002171 -0.012070
v 0.004327 -0.002286 -0.011806
v 0.002785 -0.003888 -0.012161
v 0.003282 -0.003634 -0.012059
v 0.003130 -0.003648 -0.011739
v 0.001675 -0.004607 -0.012077
v 0.002063 -0.004372 -0.011752
v 0.000194 -0.004958 -0.011911
v -0.001029 -0.004649 -0.011744
v -0.001209 -0.004800 -0.011985
v -0.002693 -0.004160 -0.011891
v -0.003706 -0.002995 -0.011739
v -0.003878 -0.002789 -0.012173
v -0.003963 -0.002939 -0.011970
v -0.004650 -0.001078 -0.012154
v -0.004755 -0.001311 -0.012026
v -0.004485 -0.001711 -0.011737
v -0.004816 -0.000094 -0.011738
v -0.004886 0.000607 -0.012031
v -0.004411 0.002171 -0.012070
v -0.004245 0.002305 -0.011738
v -0.002785 0.003888 -0.012161
v -0.003334 0.003657 -0.011963
v -0.002088 0.004346 -0.011738
v -0.001675 0.004607 -0.012077
v -0.000194 0.004958 -0.011911
v 0.000776 0.004689 -0.011742
v 0.001209 0.004800 -0.011985
v -0.001563 -0.003806 -0.012037
v -0.000777 -0.004446 -0.012072
v -0.001538 -0.004295 -0.012051
v -0.002363 -0.003870 -0.012052
v -0.002508 -0.004070 -0.012207
v -0.003655 -0.002665 -0.012044
v -0.003330 -0.003102 -0.012037
v -0.002448 -0.003849 -0.012050
v -0.004406 -0.001067 -0.012059
v -0.004657 -0.001082 -0.012199
v -0.004417 -0.000987 -0.012061
v -0.004482 0.000702 -0.012035
v -0.003884 0.002368 -0.012064
v -0.003825 0.002428 -0.012043
v -0.002675 0.003669 -0.012042
v -0.003367 0.003075 -0.012055
v -0.001064 0.004397 -0.012053
v -0.001098 0.004655 -0.012196
v -0.000988 0.004422 -0.012053
v 0.000700 0.004467 -0.012063
v 0.000777 0.004446 -0.012072
v 0.002365 0.003874 -0.012046
v 0.001538 0.004295 -0.012051
v 0.002523 0.004062 -0.012207
v 0.002448 0.003849 -0.012050
v 0.003655 0.002665 -0.012044
v 0.003330 0.003102 -0.012037
v 0.004406 0.001067 -0.012059
v 0.004657 0.001082 -0.012199
v 0.004417 0.000987 -0.012061
v 0.004482 -0.000702 -0.012035
v 0.003884 -0.002368 -0.012064
v 0.003825 -0.002428 -0.012043
v 0.002675 -0.003669 -0.012042
v 0.003367 -0.003075 -0.012055
v 0.001064 -0.004397 -0.012053
v 0.001098 -0.004655 -0.012196
v 0.000988 -0.004422 -0.012053
v -0.000702 -0.004481 -0.012036
v 0.001667 0.004508 -0.011678
v -0.002080 0.004260 -0.011692
v -0.004133 0.002509 -0.011683
v -0.004710 0.000047 -0.011683
v -0.004399 -0.001878 -0.011689
v -0.003562 -0.003113 -0.011697
v 0.000835 -0.004712 -0.011693
v 0.003060 -0.003717 -0.011679
v 0.004746 0.000599 -0.011684
v 0.003456 0.003252 -0.011682
v -0.000175 0.004504 -0.012021
v -0.004497 -0.000185 -0.012039
v 0.000175 -0.004504 -0.012021
v 0.004497 0.000185 -0.012039
v 0.002297 0.004419 -0.011960
v 0.003643 0.003425 -0.012014
v 0.004214 0.002545 -0.011770
v 0.004681 0.001732 -0.012016
v 0.004947 0.000039 -0.011811
v 0.004923 0.000310 -0.012114
v 0.004389 -0.002015 -0.011679
v 0.004512 -0.002206 -0.011966
v 0.003443 -0.003567 -0.012087
v 0.002071 -0.004540 -0.012024
v 0.000611 -0.004954 -0.012014
v -0.000885 -0.004742 -0.011690
v -0.000848 -0.004885 -0.012055
v -0.001821 -0.004641 -0.011857
v -0.003299 -0.003737 -0.011831
v -0.003974 -0.003019 -0.011992
v -0.004681 -0.001732 -0.012016
v -0.004947 -0.000039 -0.011811
v -0.004923 -0.000310 -0.012114
v -0.004719 0.001594 -0.011883
v -0.004203 0.002616 -0.012065
v -0.003309 0.003754 -0.011956
v -0.002071 0.004540 -0.012024
v -0.000835 0.004716 -0.011692
v -0.000611 0.004954 -0.012014
v 0.000825 0.004905 -0.011910
v -0.001586 -0.004233 -0.012008
v -0.003102 -0.003262 -0.012092
v -0.004162 -0.001836 -0.011994
v -0.004216 0.001609 -0.012016
v -0.003288 0.003087 -0.012022
v -0.001836 0.004162 -0.011994
v 0.001593 0.004275 -0.011992
v 0.003102 0.003262 -0.012092
v 0.004162 0.001836 -0.011994
v 0.004216 -0.001609 -0.012016
v 0.003288 -0.003087 -0.012022
v 0.001836 -0.004162 -0.011994
v 0.000989 -0.000516 -0.021022
v 0.000000 -0.001137 -0.021022
v -0.000954 -0.000551 -0.021024
v -0.000989 0.000516 -0.021022
v -0.000000 0.001137 -0.021022
v 0.000954 0.000551 -0.021024
v 0.000000 -0.000000 -0.020433
v 0.001001 0.000578 -0.022053
v 0.001003 -0.000579 -0.022057
v -0.000004 -0.001157 -0.022055
v -0.001001 -0.000578 -0.022053
v -0.001003 0.000579 -0.022057
v 0.000004 0.001157 -0.022055
v -0.000160 -0.002942 -0.020429
v -0.002481 -0.001638 -0.020401
v -0.002907 0.000365 -0.020447
v -0.001999 0.002104 -0.020405
v 0.000160 0.002941 -0.020431
v 0.002481 0.001638 -0.020401
v 0.002906 -0.000366 -0.020452
v 0.001999 -0.002104 -0.020405
v -0.000986 0.001461 -0.022001
v 0.000001 0.002325 -0.021698
v 0.000986 -0.001461 -0.022001
v -0.000001 -0.002325 -0.021698
v 0.001110 -0.002554 -0.021018
v 0.001467 -0.001849 -0.021605
v 0.002381 -0.001321 -0.021142
v 0.001461 0.000986 -0.022001
v 0.002324 -0.000083 -0.021706
v 0.002554 0.001110 -0.021018
v 0.001689 0.001713 -0.021587
v 0.001565 0.002353 -0.020907
v -0.001110 0.002554 -0.021018
v -0.001467 0.001849 -0.021605
v -0.002381 0.001321 -0.021142
v -0.001461 -0.000986 -0.022001
v -0.002324 0.000083 -0.021706
v -0.002554 -0.001110 -0.021018
v -0.001689 -0.001713 -0.021587
v -0.001565 -0.002353 -0.020907
v 0.000534 -0.001477 -0.020379
v -0.000676 -0.001392 -0.020379
v -0.001460 -0.000549 -0.020376
v -0.001488 0.000390 -0.020374
v -0.000854 0.001317 -0.020377
v 0.000519 0.001481 -0.020377
v 0.001471 0.000525 -0.020373
v 0.001411 -0.000637 -0.020377
v 0.001387 0.000694 -0.014891
v 0.001353 -0.000758 -0.014892
v -0.000041 -0.001580 -0.014899
v -0.001387 -0.000694 -0.014891
v -0.001353 0.000758 -0.014892
v 0.000041 0.001580 -0.014899
v 0.000389 0.000969 -0.014399
v 0.001053 -0.000425 -0.014382
v -0.000389 -0.000969 -0.014399
v -0.001053 0.000425 -0.014382
v -0.001256 -0.005327 -0.016565
v 0.000788 -0.005391 -0.016565
v 0.003081 -0.004567 -0.016563
v 0.005123 -0.002026 -0.016563
v 0.005373 0.001224 -0.016566
v 0.003785 0.003989 -0.016556
v 0.000893 0.005450 -0.016567
v -0.002425 0.004950 -0.016565
v -0.004797 0.002711 -0.016561
v -0.005489 -0.000478 -0.016561
v -0.003610 -0.004122 -0.016551
v 0.003285 0.003478 -0.016564
v 0.004332 0.001932 -0.016566
v 0.004743 0.000580 -0.016571
v 0.004684 -0.000961 -0.016575
v 0.004134 -0.002406 -0.016575
v 0.003150 -0.003602 -0.016576
v 0.001849 -0.004393 -0.016578
v -0.000038 -0.004770 -0.016565
v -0.001780 -0.004408 -0.016560
v -0.003514 -0.003209 -0.016555
v -0.004449 -0.001739 -0.016573
v -0.004706 0.000248 -0.016549
v -0.004313 0.002002 -0.016567
v -0.003396 0.003353 -0.016566
v -0.001809 0.004435 -0.016574
v -0.000328 0.004764 -0.016564
v 0.001468 0.004542 -0.016573
v 0.002145 0.005097 -0.020301
v 0.000567 0.005424 -0.020456
v -0.001365 0.005277 -0.020438
v -0.003500 0.004256 -0.020439
v -0.005293 0.001530 -0.020438
v -0.005233 -0.001731 -0.020435
v -0.003682 -0.004015 -0.020464
v -0.001846 -0.005260 -0.020306
v 0.001445 -0.005384 -0.020306
v 0.004231 -0.003629 -0.020306
v 0.005541 -0.000607 -0.020306
v 0.005307 0.001292 -0.020466
v 0.004018 0.003736 -0.020444
v -0.004808 -0.002700 -0.016699
v 0.004850 -0.002315 -0.020501
v 0.002655 -0.004673 -0.020501
v -0.000493 -0.005352 -0.020501
v 0.001614 0.004503 -0.020427
v 0.000119 0.004770 -0.020436
v -0.001414 0.004530 -0.020426
v -0.003017 0.003720 -0.020429
v -0.004575 0.001371 -0.020428
v -0.004754 -0.000513 -0.020432
v -0.003399 -0.003402 -0.020419
v -0.002076 -0.004317 -0.020431
v 0.000922 -0.004712 -0.020421
v 0.002331 -0.004174 -0.020437
v 0.003645 -0.003091 -0.020429
v 0.004223 -0.002103 -0.020452
v 0.004769 -0.000258 -0.020430
v 0.004602 0.001275 -0.020430
v 0.003954 0.002674 -0.020430
v 0.002870 0.003836 -0.020416
v 0.002670 0.003957 -0.019893
v 0.001268 0.004603 -0.019893
v -0.000267 0.004769 -0.019893
v -0.003121 0.003825 -0.019983
v -0.003935 0.002756 -0.019904
v -0.004648 0.001159 -0.019900
v -0.004629 -0.001107 -0.019888
v -0.004062 -0.002610 -0.019910
v -0.002408 -0.004178 -0.019888
v 0.000139 -0.004781 -0.019886
v 0.001950 -0.004354 -0.019893
v 0.003748 -0.003042 -0.019890
v 0.004822 -0.000155 -0.019889
v 0.004050 0.002584 -0.019896
v 0.002923 0.004025 -0.020116
v 0.001498 0.004743 -0.020116
v -0.000081 0.004973 -0.020116
v -0.001670 0.004696 -0.020039
v -0.003979 0.002928 -0.020311
v -0.004528 0.002059 -0.020116
v -0.004914 0.000606 -0.020005
v -0.004951 -0.000722 -0.020165
v -0.004398 -0.002278 -0.020320
v -0.003237 -0.003776 -0.020116
v -0.001875 -0.004607 -0.020116
v -0.000560 -0.004934 -0.020285
v 0.000481 -0.004951 -0.020116
v 0.002024 -0.004544 -0.020116
v 0.003359 -0.003669 -0.020116
v 0.004348 -0.002416 -0.020116
v 0.004732 -0.001512 -0.020284
v 0.004973 -0.000119 -0.020116
v 0.004754 0.001462 -0.020116
v 0.004047 0.002892 -0.020116
v 0.002258 0.004259 -0.019193
v -0.000241 0.004771 -0.019314
v -0.003108 0.003627 -0.019316
v -0.004677 0.000971 -0.019316
v -0.004603 -0.001419 -0.019203
v -0.003782 -0.002986 -0.019230
v -0.002258 -0.004259 -0.019193
v 0.000241 -0.004771 -0.019314
v 0.003108 -0.003627 -0.019316
v 0.004677 -0.000971 -0.019316
v 0.004603 0.001419 -0.019203
v 0.003782 0.002986 -0.019230
v 0.002808 0.003788 -0.017680
v 0.001161 0.004602 -0.017667
v -0.001522 0.004597 -0.017835
v -0.002883 0.003886 -0.017827
v -0.003949 0.002788 -0.017821
v -0.004647 0.001107 -0.017684
v -0.004353 -0.001966 -0.017686
v -0.002808 -0.003788 -0.017680
v -0.001161 -0.004602 -0.017667
v 0.001522 -0.004597 -0.017835
v 0.002883 -0.003886 -0.017827
v 0.003949 -0.002788 -0.017821
v 0.004647 -0.001107 -0.017684
v 0.004353 0.001965 -0.017686
v 0.003248 0.003862 -0.018272
v 0.000796 0.005002 -0.018221
v 0.000826 0.004934 -0.018797
v -0.000744 0.004947 -0.018796
v -0.002241 0.004473 -0.018795
v -0.003808 0.003282 -0.018798
v -0.004898 0.001133 -0.018202
v -0.004933 0.000803 -0.018957
v -0.004932 -0.000835 -0.018204
v -0.004430 -0.002323 -0.018203
v -0.003248 -0.003862 -0.018272
v -0.000796 -0.005002 -0.018221
v -0.000826 -0.004934 -0.018797
v 0.000744 -0.004947 -0.018796
v 0.002241 -0.004473 -0.018795
v 0.003808 -0.003282 -0.018798
v 0.004898 -0.001133 -0.018202
v 0.004933 -0.000803 -0.018957
v 0.004932 0.000835 -0.018204
v 0.004430 0.002323 -0.018203
v 0.000978 0.004654 -0.017105
v -0.001449 0.004544 -0.017108
v -0.002922 0.003822 -0.017096
v -0.004226 0.002326 -0.017100
v -0.004807 0.000012 -0.017107
v -0.004340 -0.002040 -0.017101
v -0.002074 -0.004349 -0.017102
v 0.000148 -0.004814 -0.017104
v 0.002018 -0.004340 -0.017105
v 0.003740 -0.003043 -0.017112
v 0.004748 -0.000561 -0.017108
v 0.004401 0.001980 -0.017100
v 0.002212 0.004455 -0.016793
v 0.001726 0.004663 -0.017006
v -0.000053 0.004959 -0.016991
v -0.001646 0.004694 -0.016884
v -0.003053 0.003927 -0.016816
v -0.004116 0.002792 -0.016873
v -0.004927 0.000877 -0.016774
v -0.004915 -0.000500 -0.016690
v -0.004624 -0.001834 -0.016884
v -0.003583 -0.003418 -0.016680
v -0.003816 -0.003061 -0.017046
v -0.002595 -0.004244 -0.016884
v -0.001115 -0.004851 -0.016850
v 0.000481 -0.004951 -0.016816
v 0.002023 -0.004549 -0.016850
v 0.003354 -0.003673 -0.016884
v 0.004345 -0.002422 -0.016884
v 0.004877 -0.000977 -0.016904
v 0.004932 0.000644 -0.016907
v 0.004458 0.002205 -0.016816
v 0.003576 0.003405 -0.017019
v -0.000764 -0.002796 -0.016500
v 0.001413 -0.002465 -0.016500
v 0.002796 -0.000764 -0.016500
v 0.002465 0.001413 -0.016500
v 0.000764 0.002796 -0.016500
v -0.001413 0.002465 -0.016500
v -0.002796 0.000764 -0.016500
v -0.002465 -0.001413 -0.016500
v -0.001313 -0.001629 -0.016565
v -0.001961 -0.000793 -0.016566
v -0.001990 0.000721 -0.016563
v -0.001001 0.001864 -0.016563
v 0.000497 0.002054 -0.016567
v 0.001742 0.001198 -0.016564
v 0.002094 -0.000268 -0.016567
v 0.001381 -0.001599 -0.016564
v -0.000123 -0.002121 -0.016559
v -0.001237 -0.002495 -0.017726
v 0.000067 -0.002821 -0.017688
v 0.001305 -0.002414 -0.017772
v 0.002452 -0.001434 -0.017683
v 0.002821 0.000035 -0.017690
v 0.002496 0.001315 -0.017690
v 0.001624 0.002307 -0.017689
v 0.000396 0.002794 -0.017689
v -0.000918 0.002668 -0.017689
v -0.002031 0.001958 -0.017688
v -0.002700 0.000820 -0.017688
v -0.002777 -0.000498 -0.017688
v -0.002235 -0.001700 -0.017688
v -0.001382 -0.002442 -0.019307
v -0.000099 -0.002820 -0.019312
v 0.001226 -0.002538 -0.019306
v 0.002227 -0.001733 -0.019312
v 0.002752 -0.000545 -0.019306
v 0.002709 0.000789 -0.019311
v 0.002053 0.001935 -0.019311
v 0.000815 0.002665 -0.019256
v -0.000366 0.002798 -0.019310
v -0.001572 0.002331 -0.019309
v -0.002586 0.001176 -0.019317
v -0.002802 -0.000334 -0.019312
v -0.002343 -0.001572 -0.019312
v -0.002312 -0.001063 -0.018178
v -0.002537 0.000155 -0.018197
v -0.002204 0.001238 -0.018238
v -0.001700 0.001803 -0.018369
v -0.000860 0.002392 -0.018221
v 0.001167 0.002249 -0.018208
v 0.002386 -0.000816 -0.018645
v 0.000640 -0.002470 -0.018758
v -0.000912 -0.002391 -0.018825
v 0.001920 -0.001643 -0.018792
v 0.002512 0.000212 -0.018776
v 0.002261 0.001163 -0.018800
v 0.001328 0.002237 -0.018924
v -0.000895 0.002429 -0.018927
v -0.002283 0.001208 -0.018922
v -0.002588 0.000083 -0.018927
v -0.002203 -0.001349 -0.018849
v 0.000084 0.002534 -0.018188
v 0.002204 0.001295 -0.018206
v 0.002593 -0.000233 -0.018081
v 0.002066 -0.001569 -0.018077
v -0.000434 -0.002512 -0.018223
v -0.000626 -0.002830 -0.020500
v 0.001523 -0.002399 -0.020500
v 0.002830 -0.000626 -0.020500
v 0.002399 0.001523 -0.020500
v 0.000626 0.002830 -0.020500
v -0.001523 0.002399 -0.020500
v -0.002830 0.000626 -0.020500
v -0.002399 -0.001523 -0.020500
v 0.000269 0.002169 -0.020467
v -0.001536 0.001459 -0.020431
v -0.002117 0.000062 -0.020427
v -0.001622 -0.001366 -0.020431
v -0.000296 -0.002099 -0.020428
v 0.001180 -0.001766 -0.020432
v 0.002058 -0.000528 -0.020432
v 0.002032 0.001078 -0.020497
v 0.001677 0.001162 -0.020299
v -0.000320 0.002016 -0.020298
v -0.002478 0.002857 -0.019748
v -0.002245 0.002814 -0.017237
v -0.003011 0.003713 -0.019294
v -0.003127 0.003950 -0.018291
v -0.002207 0.003316 -0.017286
v -0.001691 0.001852 -0.018155
v -0.001920 0.002777 -0.019705
v -0.002831 0.003562 -0.017499
v -0.002337 0.004092 -0.017824
v -0.002581 0.004171 -0.018841
v -0.002508 0.003191 -0.019756
v -0.002113 0.003789 -0.019465
v -0.001757 0.004097 -0.018134
v -0.001699 0.003360 -0.017430
v -0.001592 0.003981 -0.018940
v -0.001086 0.003327 -0.018142
v -0.001404 0.003292 -0.019384
v -0.001328 0.002630 -0.017681
v -0.000991 0.002823 -0.018603
v -0.001351 0.002398 -0.019201
v -0.003112 0.002805 -0.019512
v -0.003420 0.003328 -0.017976
v -0.003542 0.003076 -0.018818
v -0.002821 0.002849 -0.017324
v -0.003527 0.002548 -0.018388
v -0.003286 0.002537 -0.017798
v -0.003239 0.002192 -0.018902
v -0.002884 0.001939 -0.017981
v -0.002681 0.001996 -0.019251
v -0.002583 0.001707 -0.018527
v -0.002127 0.002286 -0.019583
v -0.002187 0.002163 -0.017481
v -0.001963 0.001809 -0.018942
v 0.003800 0.001659 -0.019726
v 0.004553 0.001637 -0.019113
v 0.004599 0.002091 -0.018553
v 0.003565 0.001856 -0.017256
v 0.002568 0.001342 -0.017554
v 0.002256 0.001068 -0.018847
v 0.002781 0.001010 -0.019474
v 0.003061 0.001389 -0.019706
v 0.002228 0.001141 -0.018130
v 0.004169 0.002380 -0.019141
v 0.004490 0.001903 -0.017887
v 0.003795 0.001207 -0.017322
v 0.004618 0.001265 -0.018265
v 0.004315 0.000970 -0.017830
v 0.003997 0.001124 -0.019525
v 0.004377 0.000985 -0.019078
v 0.004137 0.000505 -0.018500
v 0.003932 0.000568 -0.019069
v 0.003650 0.000505 -0.017799
v 0.003458 0.000872 -0.019568
v 0.003043 0.000329 -0.018401
v 0.003075 0.000404 -0.018986
v 0.002879 0.000787 -0.017613
v 0.004031 0.002223 -0.017586
v 0.003996 0.002698 -0.018246
v 0.003134 0.001982 -0.019686
v 0.003537 0.002351 -0.019533
v 0.003397 0.002824 -0.018895
v 0.003326 0.002732 -0.017872
v 0.002978 0.002168 -0.017446
v 0.002621 0.002415 -0.019090
v 0.002624 0.002562 -0.018129
v 0.002365 0.002061 -0.017904
v 0.002505 0.001801 -0.019406
v 0.002143 0.001858 -0.018606
v 0.003018 0.001493 -0.017289
v 0.003567 -0.001551 -0.019751
v 0.004110 -0.002062 -0.019482
v 0.004412 -0.001747 -0.019245
v 0.004379 -0.002366 -0.018138
v 0.003972 -0.002011 -0.017428
v 0.002986 -0.001525 -0.017298
v 0.002509 -0.001053 -0.017714
v 0.002317 -0.000917 -0.018281
v 0.002375 -0.001199 -0.019192
v 0.004634 -0.001828 -0.018255
v 0.004123 -0.002719 -0.018716
v 0.003600 -0.002075 -0.019683
v 0.003592 -0.002560 -0.017574
v 0.003432 -0.002964 -0.018356
v 0.003457 -0.002653 -0.019317
v 0.003182 -0.001938 -0.019742
v 0.002973 -0.002830 -0.018898
v 0.002658 -0.002485 -0.017765
v 0.002518 -0.002666 -0.018359
v 0.002708 -0.001857 -0.017396
v 0.002740 -0.002462 -0.019300
v 0.002143 -0.001865 -0.018091
v 0.002655 -0.001732 -0.019561
v 0.002177 -0.001909 -0.019011
v 0.003483 -0.001732 -0.017227
v 0.003900 -0.001179 -0.019543
v 0.004586 -0.001223 -0.018509
v 0.004156 -0.001345 -0.017550
v 0.003960 -0.000695 -0.019122
v 0.004043 -0.000786 -0.017872
v 0.003751 -0.000419 -0.018466
v 0.003453 -0.001085 -0.017368
v 0.003159 -0.000596 -0.017806
v 0.002789 -0.000576 -0.018942
v 0.003151 -0.001040 -0.019610
v 0.000973 0.003581 -0.019772
v 0.000824 0.004106 -0.019680
v 0.001199 0.004893 -0.018394
v 0.000783 0.004584 -0.017596
v 0.001094 0.004099 -0.017321
v 0.000244 0.002509 -0.018553
v 0.000937 0.002391 -0.018157
v 0.000837 0.004722 -0.019230
v 0.001424 0.004560 -0.019250
v 0.001776 0.004471 -0.018016
v 0.001955 0.004187 -0.018958
v 0.001395 0.003601 -0.017340
v 0.001835 0.004004 -0.017710
v 0.001540 0.003836 -0.019591
v 0.002180 0.003681 -0.018474
v 0.001937 0.003283 -0.019147
v 0.001886 0.003255 -0.017775
v 0.001154 0.003074 -0.019630
v 0.001664 0.002705 -0.018910
v 0.001092 0.002888 -0.017481
v 0.001747 0.002712 -0.018190
v 0.001076 0.002527 -0.019100
v 0.000265 0.004727 -0.018122
v 0.000218 0.004702 -0.018790
v 0.000143 0.004098 -0.019459
v 0.000476 0.003788 -0.017303
v -0.000233 0.004011 -0.019022
v -0.000211 0.004255 -0.018181
v 0.000028 0.003925 -0.017600
v 0.000214 0.003411 -0.019587
v -0.000281 0.003298 -0.018047
v -0.000379 0.003429 -0.018670
v 0.000166 0.002986 -0.017631
v 0.000830 0.003372 -0.017252
v 0.000312 0.002741 -0.019261
v -0.002129 -0.003056 -0.019745
v -0.002327 -0.002596 -0.017263
v -0.002609 -0.003728 -0.019472
v -0.003223 -0.003848 -0.018779
v -0.002983 -0.003948 -0.018071
v -0.002847 -0.003666 -0.017582
v -0.002539 -0.003321 -0.017295
v -0.001848 -0.002009 -0.017721
v -0.001670 -0.001990 -0.019030
v -0.001909 -0.002396 -0.019578
v -0.001314 -0.002153 -0.018407
v -0.003572 -0.003173 -0.018110
v -0.003496 -0.003245 -0.019054
v -0.002903 -0.003020 -0.019680
v -0.003593 -0.002611 -0.018890
v -0.003167 -0.002946 -0.017459
v -0.003429 -0.002215 -0.018155
v -0.002792 -0.002463 -0.019657
v -0.002843 -0.002174 -0.017531
v -0.002967 -0.001787 -0.018840
v -0.002593 -0.001796 -0.017868
v -0.002122 -0.001639 -0.018482
v -0.002259 -0.001864 -0.019261
v -0.002620 -0.004137 -0.018710
v -0.002233 -0.004068 -0.017973
v -0.001802 -0.003627 -0.019375
v -0.001843 -0.004035 -0.018831
v -0.001906 -0.003521 -0.017493
v -0.001481 -0.003756 -0.018070
v -0.001225 -0.003403 -0.018735
v -0.001519 -0.002968 -0.019462
v -0.001218 -0.002851 -0.017894
v -0.001864 -0.002871 -0.017324
v -0.001191 -0.002687 -0.018973
v -0.003818 -0.000129 -0.017246
v -0.004081 -0.000171 -0.019717
v -0.004615 0.000161 -0.019466
v -0.004599 0.000127 -0.017507
v -0.003007 0.000107 -0.017436
v -0.002706 0.000295 -0.019227
v -0.003224 0.000260 -0.019646
v -0.002524 -0.000275 -0.018284
v -0.002700 -0.000397 -0.019135
v -0.004946 -0.000272 -0.018792
v -0.005014 0.000254 -0.018314
v -0.004838 0.000634 -0.018895
v -0.003657 0.000513 -0.017299
v -0.004230 0.000574 -0.017432
v -0.004583 0.000915 -0.018042
v -0.004331 0.001031 -0.019149
v -0.003985 0.001064 -0.017761
v -0.003894 0.001343 -0.018568
v -0.003736 0.000386 -0.019747
v -0.003331 0.001029 -0.019239
v -0.003244 0.001185 -0.018070
v -0.002855 0.000746 -0.017881
v -0.002768 0.000837 -0.018735
v -0.002503 0.000346 -0.018338
v -0.004835 -0.000651 -0.018388
v -0.004422 -0.000505 -0.017542
v -0.004520 -0.000627 -0.019270
v -0.003827 -0.000990 -0.019283
v -0.004293 -0.000987 -0.017957
v -0.004262 -0.001067 -0.018812
v -0.003608 -0.001239 -0.018486
v -0.003716 -0.000950 -0.017699
v -0.003485 -0.000471 -0.019631
v -0.003057 -0.000712 -0.017715
v -0.003457 -0.000455 -0.017369
v -0.002889 -0.000878 -0.018313
v -0.003073 -0.000788 -0.019205
v 0.000878 -0.003804 -0.019774
v 0.000745 -0.004836 -0.017990
v 0.001008 -0.004499 -0.017521
v 0.000502 -0.004002 -0.017290
v 0.000371 -0.002538 -0.018033
v 0.000524 -0.002625 -0.019236
v 0.000920 -0.003006 -0.019586
v 0.001341 -0.004807 -0.018713
v 0.000577 -0.004927 -0.018743
v 0.000754 -0.004556 -0.019437
v -0.000026 -0.004258 -0.017682
v -0.000018 -0.004651 -0.018256
v -0.000021 -0.004389 -0.019227
v 0.000351 -0.003964 -0.019669
v 0.000481 -0.003225 -0.017318
v -0.000356 -0.004046 -0.018936
v -0.000519 -0.003801 -0.018459
v -0.000177 -0.003228 -0.017720
v 0.000071 -0.003352 -0.019549
v -0.000301 -0.002996 -0.018715
v 0.000199 -0.002551 -0.018735
v 0.001341 -0.004346 -0.019425
v 0.001631 -0.004623 -0.018270
v 0.001981 -0.004114 -0.018723
v 0.001853 -0.004103 -0.017947
v 0.001736 -0.003788 -0.019361
v 0.001384 -0.003968 -0.017410
v 0.002012 -0.003403 -0.018768
v 0.001816 -0.003429 -0.017733
v 0.001372 -0.003520 -0.019619
v 0.001472 -0.002986 -0.019331
v 0.001753 -0.002848 -0.018713
v 0.001327 -0.002652 -0.017874
v 0.001041 -0.003334 -0.017279
v 0.001147 -0.002432 -0.018649
v -0.002988 0.001794 -0.016710
v -0.002962 0.002017 -0.016711
v -0.002825 0.001764 -0.016707
v -0.000589 0.003265 -0.016708
v -0.000544 0.003471 -0.016708
v -0.001592 0.002965 -0.016710
v -0.001729 0.003071 -0.016710
v -0.001142 0.003471 -0.016711
v -0.001037 0.003159 -0.016711
v -0.001193 0.003101 -0.016711
v -0.000013 0.003317 -0.016709
v 0.000067 0.003513 -0.016709
v -0.002082 0.002531 -0.016705
v -0.002262 0.002794 -0.016710
v -0.002490 0.002131 -0.016705
v -0.002713 0.002359 -0.016709
v 0.001990 0.002160 -0.016725
v 0.002940 0.000411 -0.016725
v 0.002624 -0.001267 -0.016725
v 0.001730 -0.002373 -0.016725
v 0.000404 -0.002886 -0.016725
v -0.001012 -0.002757 -0.016725
v -0.002175 -0.001939 -0.016725
v -0.002854 -0.000690 -0.016725
v -0.002821 0.000731 -0.016725
v -0.002160 0.001990 -0.016719
v -0.000959 0.002751 -0.016715
v 0.000455 0.002901 -0.016721
v -0.000629 -0.004109 -0.016711
v 0.002238 -0.003553 -0.016713
v 0.003998 -0.001173 -0.016713
v 0.003753 0.001892 -0.016705
v 0.001162 0.004039 -0.016713
v -0.001090 0.003957 -0.016708
v -0.002825 0.003049 -0.016706
v -0.004100 0.000695 -0.016711
v -0.003430 -0.002481 -0.016708
v 0.003423 0.002400 -0.016749
v 0.004119 -0.000156 -0.016763
v 0.003580 -0.002056 -0.016766
v 0.001926 -0.003670 -0.016762
v -0.000626 -0.004094 -0.016761
v -0.003948 -0.001260 -0.016762
v -0.003996 0.001010 -0.016765
v -0.002860 0.003010 -0.016763
v -0.000794 0.004047 -0.016764
v 0.001043 0.003980 -0.016757
v 0.002414 0.004105 -0.016628
v 0.001468 0.004316 -0.016758
v 0.000732 0.004758 -0.016652
v 0.000684 0.004690 -0.016605
v -0.000158 0.004558 -0.016748
v -0.001150 0.004630 -0.016624
v -0.001143 0.004389 -0.016729
v -0.002862 0.003797 -0.016643
v -0.003296 0.003142 -0.016748
v -0.003882 0.002372 -0.016750
v -0.004088 0.002427 -0.016614
v -0.004313 0.001475 -0.016758
v -0.004455 0.000700 -0.016690
v -0.004559 -0.000158 -0.016750
v -0.004678 -0.001241 -0.016660
v -0.003680 -0.002680 -0.016750
v -0.003828 -0.002829 -0.016610
v -0.003015 -0.003424 -0.016749
v -0.002478 -0.004141 -0.016648
v -0.001468 -0.004316 -0.016758
v -0.000693 -0.004694 -0.016612
v 0.000158 -0.004558 -0.016748
v 0.001132 -0.004602 -0.016601
v 0.001143 -0.004389 -0.016729
v 0.002862 -0.003797 -0.016643
v 0.003296 -0.003142 -0.016748
v 0.003882 -0.002372 -0.016750
v 0.004088 -0.002427 -0.016614
v 0.004313 -0.001475 -0.016758
v 0.004455 -0.000700 -0.016690
v 0.004559 0.000158 -0.016750
v 0.004678 0.001241 -0.016660
v 0.003680 0.002680 -0.016750
v 0.003820 0.002836 -0.016609
v 0.003131 0.003311 -0.016766
v 0.002366 0.003873 -0.016740
v 0.002233 0.004412 -0.016852
v 0.001967 0.004344 -0.017060
v 0.000925 0.004827 -0.016931
v -0.000600 0.004906 -0.016868
v -0.000704 0.004689 -0.017055
v -0.001927 0.004496 -0.016734
v -0.002278 0.004277 -0.017054
v -0.003456 0.003518 -0.016944
v -0.003851 0.003000 -0.016712
v -0.004106 0.002371 -0.017056
v -0.004648 0.001686 -0.016780
v -0.004692 0.000654 -0.016639
v -0.004770 0.000809 -0.017059
v -0.004878 -0.000322 -0.016728
v -0.004631 -0.001394 -0.017059
v -0.003770 -0.003206 -0.016799
v -0.003818 -0.002808 -0.017062
v -0.002600 -0.004175 -0.016959
v -0.002196 -0.004188 -0.017061
v -0.000483 -0.004938 -0.016830
v -0.000385 -0.004755 -0.017062
v 0.001329 -0.004656 -0.016659
v 0.000991 -0.004811 -0.016964
v 0.002469 -0.004149 -0.017060
v 0.003456 -0.003518 -0.016944
v 0.003851 -0.003000 -0.016712
v 0.004025 -0.002512 -0.017056
v 0.004648 -0.001686 -0.016780
v 0.004692 -0.000654 -0.016639
v 0.004832 -0.000809 -0.016989
v 0.004795 0.000091 -0.017067
v 0.004878 0.000322 -0.016728
v 0.004469 0.001824 -0.017058
v 0.003973 0.002928 -0.016831
v 0.003491 0.003523 -0.016878
v -0.002672 -0.003129 -0.016763
v -0.003613 -0.002732 -0.016737
v -0.002354 -0.003855 -0.016742
v -0.002478 -0.004100 -0.016603
v -0.002297 -0.003915 -0.016748
v -0.000702 -0.004480 -0.016757
v -0.000623 -0.004487 -0.016757
v 0.001065 -0.004402 -0.016751
v 0.002657 -0.003645 -0.016735
v 0.002114 -0.004036 -0.016748
v 0.002849 -0.003826 -0.016596
v 0.002731 -0.003612 -0.016750
v 0.003888 -0.002375 -0.016628
v 0.003920 -0.002296 -0.016756
v 0.004493 -0.000704 -0.016766
v 0.004830 -0.000710 -0.016610
v 0.004478 -0.000622 -0.016755
v 0.004404 0.001065 -0.016737
v 0.004595 0.001175 -0.016589
v 0.004393 0.001145 -0.016742
v 0.004103 0.001972 -0.016750
v 0.003621 0.002738 -0.016754
v 0.002525 0.004116 -0.016607
v 0.002299 0.003917 -0.016755
v 0.000702 0.004480 -0.016757
v 0.000623 0.004487 -0.016757
v -0.001063 0.004395 -0.016734
v -0.002657 0.003645 -0.016735
v -0.002114 0.004036 -0.016748
v -0.002854 0.003835 -0.016594
v -0.002731 0.003612 -0.016750
v -0.003888 0.002375 -0.016628
v -0.003920 0.002296 -0.016756
v -0.004493 0.000704 -0.016766
v -0.004778 0.000711 -0.016598
v -0.004478 0.000622 -0.016755
v -0.004404 -0.001065 -0.016737
v -0.004595 -0.001175 -0.016589
v -0.004393 -0.001145 -0.016742
v -0.004103 -0.001972 -0.016750
v 0.003354 0.003428 -0.017119
v 0.004666 0.001279 -0.017117
v 0.004796 -0.000475 -0.017112
v 0.003503 -0.003253 -0.017109
v 0.002108 -0.004251 -0.017100
v -0.001762 -0.004439 -0.017126
v -0.004697 -0.001031 -0.017120
v -0.004726 0.000492 -0.017114
v 0.000783 0.004728 -0.017120
v -0.001508 -0.004243 -0.016698
v 0.001508 0.004243 -0.016698
v 0.002301 0.004410 -0.016890
v 0.001182 0.004864 -0.016802
v 0.000124 0.004926 -0.016697
v -0.000959 0.004911 -0.016803
v -0.001585 0.004479 -0.017117
v -0.002288 0.004429 -0.016920
v -0.003675 0.003039 -0.017116
v -0.003691 0.003327 -0.016754
v -0.004285 0.002410 -0.017047
v -0.004713 0.001610 -0.016735
v -0.004942 0.000488 -0.016910
v -0.004789 -0.001349 -0.016727
v -0.004303 -0.002478 -0.016953
v -0.003440 -0.003391 -0.017120
v -0.003341 -0.003637 -0.016692
v -0.001674 -0.004674 -0.016754
v -0.000667 -0.004789 -0.017117
v -0.000124 -0.004926 -0.016697
v 0.001022 -0.004835 -0.017026
v 0.001326 -0.004756 -0.016718
v 0.002317 -0.004399 -0.016747
v 0.003691 -0.003327 -0.016754
v 0.004208 -0.002538 -0.017035
v 0.004780 -0.001471 -0.016761
v 0.004789 0.001349 -0.016727
v 0.003751 0.003315 -0.016848
v -0.003031 -0.003361 -0.016797
v 0.000165 -0.004504 -0.016779
v 0.001936 -0.004076 -0.016790
v 0.003364 -0.003017 -0.016792
v 0.004567 0.000247 -0.016809
v 0.004480 0.000356 -0.016702
v 0.004032 0.002014 -0.016779
v 0.003114 0.003241 -0.016704
v -0.000165 0.004504 -0.016779
v -0.001936 0.004076 -0.016790
v -0.003364 0.003017 -0.016792
v -0.004567 -0.000247 -0.016809
v -0.004480 -0.000356 -0.016702
v -0.004032 -0.002014 -0.016779
v 0.002961 -0.001838 -0.020290
v 0.003147 -0.001713 -0.020289
v 0.002860 -0.001706 -0.020293
v 0.003173 0.000968 -0.020292
v 0.003336 0.001102 -0.020292
v 0.003365 -0.000061 -0.020290
v 0.003522 -0.000135 -0.020290
v 0.003578 0.000459 -0.020289
v 0.003567 0.000608 -0.020289
v 0.003239 0.000464 -0.020289
v 0.003329 0.000361 -0.020291
v 0.002957 0.001504 -0.020291
v 0.003094 0.001664 -0.020291
v 0.003202 -0.000696 -0.020295
v 0.003519 -0.000736 -0.020290
v 0.003033 -0.001241 -0.020295
v 0.003338 -0.001336 -0.020291
v 0.001012 0.002757 -0.020275
v -0.000404 0.002886 -0.020275
v -0.001730 0.002373 -0.020275
v -0.002874 0.000745 -0.020275
v -0.002559 -0.001505 -0.020275
v -0.001012 -0.002757 -0.020275
v 0.000404 -0.002886 -0.020275
v 0.001730 -0.002373 -0.020275
v 0.002931 -0.000588 -0.020285
v 0.002483 0.001600 -0.020275
v -0.003368 -0.002437 -0.020289
v -0.004183 0.000367 -0.020287
v -0.002870 0.003021 -0.020287
v -0.000032 0.004203 -0.020295
v 0.003062 0.002879 -0.020287
v 0.004018 0.000838 -0.020292
v 0.004003 -0.001120 -0.020294
v 0.002491 -0.003330 -0.020289
v -0.000640 -0.004185 -0.020292
v -0.004604 0.001136 -0.019945
v 0.000571 0.004141 -0.020251
v -0.002020 0.003593 -0.020237
v -0.003464 0.002245 -0.020234
v -0.004145 0.000037 -0.020238
v -0.003356 -0.002428 -0.020239
v 0.000683 -0.004087 -0.020238
v 0.002724 -0.003093 -0.020235
v 0.003984 -0.001169 -0.020237
v 0.003963 0.001142 -0.020236
v 0.003064 0.002747 -0.020243
v 0.002473 0.004042 -0.020368
v 0.002436 0.003827 -0.020317
v 0.003875 0.002785 -0.020374
v 0.003698 0.002598 -0.020250
v 0.004129 0.001935 -0.020252
v 0.004558 -0.000049 -0.020237
v 0.004680 -0.000735 -0.020402
v 0.004759 -0.000809 -0.020363
v 0.004220 -0.001721 -0.020249
v 0.004029 -0.002521 -0.020386
v 0.003398 -0.003039 -0.020252
v 0.002738 -0.003755 -0.020377
v 0.002131 -0.004021 -0.020255
v 0.001077 -0.004571 -0.020403
v 0.001050 -0.004651 -0.020348
v 0.000172 -0.004565 -0.020243
v -0.000779 -0.004460 -0.020269
v -0.002536 -0.004107 -0.020352
v -0.002436 -0.003827 -0.020317
v -0.003875 -0.002785 -0.020374
v -0.003698 -0.002598 -0.020250
v -0.004129 -0.001935 -0.020252
v -0.004558 0.000049 -0.020237
v -0.004680 0.000735 -0.020402
v -0.004753 0.000803 -0.020363
v -0.004220 0.001721 -0.020249
v -0.004027 0.002520 -0.020387
v -0.003398 0.003039 -0.020252
v -0.002738 0.003755 -0.020377
v -0.002131 0.004021 -0.020255
v -0.001077 0.004571 -0.020403
v -0.001047 0.004663 -0.020351
v -0.000172 0.004565 -0.020243
v 0.000797 0.004701 -0.020379
v 0.000782 0.004473 -0.020253
v 0.001523 0.004282 -0.020230
v 0.002580 0.004192 -0.020051
v 0.003498 0.003469 -0.020212
v 0.003925 0.002764 -0.019940
v 0.004322 0.002317 -0.020237
v 0.004638 0.001075 -0.020358
v 0.004481 0.001702 -0.019930
v 0.004813 0.000965 -0.020234
v 0.004810 0.000124 -0.019935
v 0.004821 -0.000937 -0.020278
v 0.004666 -0.001537 -0.020033
v 0.004166 -0.002589 -0.020235
v 0.003849 -0.002908 -0.019950
v 0.003070 -0.003618 -0.019944
v 0.002746 -0.003891 -0.020377
v 0.003202 -0.003743 -0.020218
v 0.001675 -0.004607 -0.020277
v 0.002063 -0.004372 -0.019952
v 0.000194 -0.004958 -0.020111
v -0.000764 -0.004733 -0.020383
v -0.001029 -0.004649 -0.019944
v -0.001209 -0.004800 -0.020185
v -0.002526 -0.004220 -0.020041
v -0.003650 -0.003080 -0.019937
v -0.003963 -0.002939 -0.020170
v -0.004638 -0.001075 -0.020358
v -0.004623 -0.001654 -0.020225
v -0.004485 -0.001711 -0.019937
v -0.004914 0.000070 -0.020266
v -0.004896 0.000181 -0.020015
v -0.004539 0.001963 -0.020141
v -0.003471 0.003525 -0.020208
v -0.003515 0.003274 -0.019939
v -0.002746 0.003891 -0.020377
v -0.001675 0.004607 -0.020277
v -0.002052 0.004440 -0.020036
v -0.000991 0.004696 -0.019937
v 0.000105 0.004941 -0.020132
v 0.001142 0.004671 -0.019944
v 0.001562 0.004636 -0.020257
v -0.001563 -0.003806 -0.020237
v -0.002354 -0.003856 -0.020249
v -0.001671 -0.004245 -0.020252
v -0.002523 -0.004090 -0.020401
v -0.002439 -0.003840 -0.020249
v -0.003663 -0.002671 -0.020246
v -0.003145 -0.003291 -0.020252
v -0.004395 -0.001063 -0.020265
v -0.004711 -0.001117 -0.020395
v -0.004447 -0.000990 -0.020256
v -0.004482 0.000702 -0.020242
v -0.004683 0.000821 -0.020417
v -0.004470 0.000781 -0.020257
v -0.003860 0.002357 -0.020267
v -0.003824 0.002428 -0.020242
v -0.002676 0.003671 -0.020240
v -0.002600 0.003700 -0.020240
v -0.001073 0.004424 -0.020249
v -0.000985 0.004409 -0.020243
v 0.000699 0.004460 -0.020265
v 0.002368 0.003883 -0.020251
v 0.002531 0.004072 -0.020397
v 0.002439 0.003840 -0.020249
v 0.003663 0.002671 -0.020246
v 0.003145 0.003291 -0.020252
v 0.004395 0.001063 -0.020265
v 0.004657 0.001082 -0.020399
v 0.004447 0.000990 -0.020256
v 0.004482 -0.000702 -0.020242
v 0.004683 -0.000821 -0.020417
v 0.004470 -0.000781 -0.020257
v 0.003860 -0.002357 -0.020267
v 0.003824 -0.002428 -0.020242
v 0.002676 -0.003671 -0.020240
v 0.002600 -0.003700 -0.020240
v 0.001073 -0.004424 -0.020249
v 0.000985 -0.004409 -0.020243
v -0.000699 -0.004460 -0.020265
v 0.001756 0.004470 -0.019883
v -0.002080 0.004260 -0.019892
v -0.003592 0.003094 -0.019881
v -0.004494 0.001637 -0.019876
v -0.004748 -0.000646 -0.019888
v -0.003569 -0.003148 -0.019882
v 0.000542 -0.004707 -0.019880
v 0.002517 -0.004089 -0.019881
v 0.003648 -0.003045 -0.019886
v 0.004473 -0.001696 -0.019878
v 0.003517 0.003357 -0.019897
v 0.001566 0.004245 -0.020335
v -0.000142 0.004501 -0.020293
v -0.003787 -0.002647 -0.020374
v -0.001598 -0.004227 -0.020207
v 0.000142 -0.004501 -0.020293
v 0.003787 0.002647 -0.020374
v 0.001978 0.004588 -0.020110
v 0.003437 0.003545 -0.020282
v 0.004364 0.002431 -0.020117
v 0.004703 0.000646 -0.019884
v 0.004803 0.001341 -0.020248
v 0.004947 0.000016 -0.020016
v 0.004522 -0.002159 -0.020168
v 0.003569 -0.003486 -0.020241
v 0.002071 -0.004540 -0.020224
v 0.000611 -0.004954 -0.020214
v -0.001180 -0.004605 -0.019883
v -0.000825 -0.004905 -0.020110
v -0.001943 -0.004586 -0.020083
v -0.003194 -0.003802 -0.020087
v -0.003974 -0.003019 -0.020192
v -0.004749 -0.001453 -0.020017
v -0.004985 -0.000137 -0.020160
v -0.004622 0.001788 -0.020264
v -0.004147 0.002798 -0.020229
v -0.003224 0.003804 -0.020091
v -0.002071 0.004540 -0.020224
v -0.000835 0.004716 -0.019892
v -0.000293 0.005004 -0.020195
v 0.001275 0.004751 -0.020324
v -0.003192 -0.003276 -0.020192
v -0.004136 -0.001843 -0.020200
v -0.004500 -0.000143 -0.020242
v -0.004220 0.001614 -0.020208
v -0.003288 0.003087 -0.020223
v -0.001843 0.004136 -0.020200
v 0.003192 0.003276 -0.020192
v 0.004136 0.001843 -0.020200
v 0.004500 0.000143 -0.020242
v 0.004220 -0.001614 -0.020208
v 0.003288 -0.003087 -0.020223
v 0.001843 -0.004136 -0.020200
v 0.004515 0.113182 0.001081
v 0.000719 0.111654 0.002266
v -0.004262 0.105569 0.004234
v -0.002664 0.103668 0.004344
v 0.000135 0.103478 0.003892
v 0.010118 0.103034 -0.000012
v 0.006817 0.102792 0.000825
v 0.002063 0.104045 0.001887
v 0.000672 0.111504 0.002368
v 0.002633 0.101678 0.003325
v 0.007963 0.114199 -0.000002
v 0.000651 0.108067 0.003167
v -0.003152 0.108005 0.003736
v 0.010149 0.103363 0.000179
v -0.003407 -0.112823 0.001435
v 0.003845 -0.106889 0.003996
v 0.004747 -0.104198 0.004410
v -0.001119 -0.104745 0.003512
v -0.002936 -0.104496 0.002944
v 0.000903 -0.110569 0.002871
v -0.001167 -0.108707 0.002891
v 0.001269 -0.104702 0.004057
v -0.000887 -0.006178 0.007875
v -0.003904 -0.004863 0.007875
v -0.006184 -0.001456 0.007876
v -0.005457 0.003169 0.007875
v -0.002341 0.005788 0.007875
v 0.000872 0.006178 0.007875
v 0.004573 0.004380 0.007875
v 0.006199 0.000662 0.007875
v 0.005459 -0.003164 0.007875
v 0.002360 -0.005779 0.007875
v -0.006045 -0.001525 0.000035
v -0.006182 -0.000768 0.000337
v -0.005498 -0.002962 0.001060
v -0.003317 -0.005278 0.003129
v -0.000307 -0.006239 0.006126
v 0.001807 -0.005942 0.007054
v 0.005296 -0.003260 0.007112
v 0.005943 -0.001723 0.006505
v 0.006192 -0.000251 0.005504
v 0.003331 -0.005331 0.004108
v -0.000416 -0.006249 0.002827
v -0.003252 -0.005299 0.001482
v -0.005090 -0.003582 0.000520
v -0.000325 -0.006315 0.000000
v 0.003357 -0.005244 -0.000000
v 0.005360 -0.003161 0.000000
v 0.006191 -0.000285 0.000002
v 0.006010 0.001579 0.000043
v 0.004455 0.004478 -0.000001
v 0.000085 0.006333 -0.000000
v -0.004446 0.004519 0.000000
v -0.006120 0.001156 -0.000001
v -0.004244 -0.004629 -0.000000
v -0.005614 0.002712 0.004498
v -0.003345 0.005307 0.004109
v 0.000284 0.006259 0.002882
v 0.003130 0.005367 0.001546
v 0.005145 0.003542 0.000490
v 0.006197 0.000135 0.000266
v 0.006210 0.001421 0.000332
v 0.003729 0.005080 0.002725
v 0.000382 0.006241 0.006092
v -0.003319 0.005293 0.007316
v -0.004766 0.004075 0.007252
v -0.005441 0.003010 0.007043
v -0.006059 0.001313 0.006301
v -0.006174 0.000629 0.005384
v 0.000317 0.002909 0.007875
v 0.002234 0.001743 0.007875
v 0.002909 -0.000317 0.007875
v 0.001743 -0.002234 0.007875
v -0.000317 -0.002909 0.007875
v -0.002234 -0.001743 0.007875
v -0.002909 0.000317 0.007875
v -0.001743 0.002234 0.007875
v 0.000141 0.002869 -0.000000
v -0.001929 0.002128 -0.000000
v -0.002869 0.000141 -0.000000
v -0.002128 -0.001929 0.000000
v -0.000141 -0.002869 0.000000
v 0.001929 -0.002128 0.000000
v 0.002869 -0.000141 0.000000
v 0.002128 0.001929 -0.000000
v -0.007610 -0.015314 0.000046
v -0.013802 -0.030333 0.000014
v -0.015372 -0.035395 0.000008
v -0.015661 -0.038090 0.000007
v -0.015723 -0.038542 0.000204
v -0.005874 -0.039792 0.006938
v -0.001981 -0.039451 0.008559
v 0.007874 -0.039582 0.010139
v 0.007909 -0.033847 0.009969
v 0.007396 -0.023460 0.009138
v 0.003681 -0.005021 0.007341
v 0.002842 -0.036891 0.009717
v -0.007688 -0.014920 0.000316
v -0.006760 -0.009271 0.000336
v -0.006449 -0.008378 0.000036
v -0.008889 -0.019346 0.000291
v -0.001035 -0.009533 0.006120
v -0.007004 -0.018507 0.001869
v -0.009638 -0.021954 0.000042
v -0.010525 -0.023532 0.000271
v -0.010355 -0.027086 0.002171
v -0.004784 -0.018744 0.005041
v -0.007193 -0.027751 0.005280
v -0.014773 -0.032598 0.000177
v -0.013867 -0.030180 0.000182
v -0.005774 -0.029775 0.006468
v 0.003088 -0.025842 0.009163
v -0.015389 -0.035321 0.000216
v -0.009462 -0.038202 0.004835
v -0.001642 -0.030069 0.008310
v -0.006880 -0.023829 0.004630
v 0.008664 -0.041216 0.009734
v 0.009019 -0.042347 0.008616
v 0.008827 -0.034282 0.007866
v 0.008450 -0.047554 0.007617
v 0.007875 -0.041321 0.007346
v 0.003038 -0.044366 0.007406
v -0.003800 -0.035679 0.005933
v -0.008100 -0.040437 0.004214
v -0.001489 -0.010688 0.002709
v 0.005986 -0.005870 0.007094
v 0.006477 -0.005846 0.006357
v 0.006450 -0.005875 0.005553
v 0.005653 -0.002640 0.004517
v -0.000549 -0.014811 0.003714
v 0.002986 -0.014128 0.004882
v 0.006288 -0.013497 0.005438
v -0.000397 -0.018489 0.004397
v -0.006133 -0.022850 0.002117
v 0.008169 -0.023806 0.008449
v 0.008307 -0.024065 0.007641
v 0.007829 -0.030887 0.007068
v 0.001452 -0.024106 0.005980
v -0.005060 -0.028096 0.004192
v 0.008931 -0.034415 0.009080
v 0.001741 -0.034740 0.007155
v -0.008540 -0.034885 0.003693
v -0.015589 -0.048001 0.000005
v -0.014718 -0.075035 0.000017
v -0.009282 -0.072759 0.003389
v -0.004949 -0.073183 0.005449
v 0.006721 -0.072813 0.007643
v 0.007576 -0.052136 0.009683
v 0.002802 -0.046166 0.009650
v 0.002669 -0.058656 0.008821
v -0.015633 -0.048262 0.000203
v -0.008755 -0.047759 0.005137
v -0.001740 -0.048288 0.008471
v -0.008811 -0.059330 0.004510
v -0.015135 -0.062651 0.000239
v -0.005109 -0.052922 0.006949
v -0.001863 -0.067405 0.007036
v 0.002534 -0.072819 0.005755
v -0.000157 -0.073616 0.005532
v -0.002229 -0.073126 0.005180
v -0.005302 -0.073600 0.004128
v 0.008714 -0.049279 0.008967
v -0.002258 -0.048734 0.006345
v 0.008019 -0.055973 0.009164
v 0.008421 -0.058156 0.008201
v 0.007511 -0.056695 0.006733
v -0.006827 -0.053910 0.004456
v -0.012672 -0.063109 0.001136
v 0.002146 -0.101254 0.002926
v -0.001383 -0.103838 0.002066
v -0.005217 -0.077117 0.003943
v -0.013860 -0.082013 0.000032
v -0.010030 -0.103324 -0.000006
v -0.010062 -0.103682 0.000184
v 0.005261 -0.104475 0.003933
v 0.005367 -0.104386 0.003415
v 0.004174 -0.096911 0.003411
v 0.005158 -0.104126 0.002930
v 0.006771 -0.089692 0.005184
v 0.006108 -0.095206 0.004968
v 0.005685 -0.097010 0.004987
v -0.004164 -0.085951 0.003376
v -0.009929 -0.085544 0.001859
v 0.004432 -0.076753 0.005366
v 0.006602 -0.086545 0.006137
v -0.013566 -0.084300 0.000140
v -0.002497 -0.080502 0.004616
v -0.000030 -0.082646 0.004904
v 0.001575 -0.082681 0.005007
v 0.006401 -0.073200 0.005353
v 0.006936 -0.078456 0.005058
v 0.007298 -0.080033 0.005432
v 0.007247 -0.082771 0.005791
v 0.007152 -0.077536 0.006813
v 0.006470 -0.080146 0.006818
v 0.001442 -0.073371 0.007125
v -0.001727 -0.074017 0.006433
v -0.003375 -0.080905 0.005286
v -0.005931 -0.078997 0.004531
v -0.008720 -0.076153 0.003460
v -0.014718 -0.076015 0.000183
v 0.004390 -0.074636 0.007328
v 0.005507 -0.094084 0.005401
v 0.006458 -0.089690 0.004205
v 0.006577 -0.091747 0.004590
v 0.006067 -0.085986 0.004223
v -0.006769 -0.092989 0.002524
v 0.007415 -0.076866 0.006511
v -0.008588 -0.101606 0.000453
v -0.007016 -0.092286 0.001646
v -0.009882 -0.083306 0.001429
v -0.001268 -0.111938 0.002028
v 0.004707 -0.106383 0.003587
v 0.004420 -0.106851 0.002828
v 0.003918 -0.107113 0.002441
v 0.003715 -0.108179 0.003257
v 0.001770 -0.110171 0.002638
v 0.003232 -0.108543 0.002565
v 0.002261 -0.109369 0.003320
v -0.000822 -0.111703 0.001871
v -0.000508 -0.111072 0.001444
v 0.001575 -0.109912 0.002026
v -0.004474 -0.113141 0.000886
v -0.010162 -0.103283 0.000069
v -0.007961 -0.114208 0.000001
v 0.006451 0.009131 0.000054
v 0.007647 0.015939 0.000052
v 0.009747 0.022400 0.000035
v 0.014006 0.030812 0.000012
v 0.015272 0.035054 0.000001
v 0.015683 0.039524 0.000004
v 0.015732 0.039737 0.000226
v 0.009157 0.039414 0.005032
v 0.005900 0.039780 0.006916
v -0.002833 0.034428 0.009659
v -0.007870 0.039546 0.010141
v -0.007372 0.030258 0.009754
v -0.007364 0.023557 0.009172
v -0.003128 0.021798 0.008811
v 0.001742 0.010575 0.005721
v 0.006733 0.009606 0.000134
v 0.006675 0.008769 0.000369
v 0.007960 0.016375 0.000113
v 0.008233 0.017204 0.000325
v 0.004364 0.011594 0.002912
v 0.001438 0.013198 0.006458
v -0.001702 0.005964 0.007010
v 0.009716 0.021874 0.000067
v 0.009328 0.020541 0.000239
v 0.009884 0.022112 0.000319
v 0.006813 0.018386 0.002081
v 0.003307 0.014526 0.005261
v 0.011959 0.026525 0.000065
v 0.010747 0.023998 0.000265
v 0.006148 0.025825 0.005648
v 0.000971 0.024695 0.008058
v 0.015274 0.034605 0.000096
v 0.006257 0.034333 0.006548
v 0.002102 0.036628 0.008490
v 0.008599 0.033446 0.005071
v 0.014257 0.031256 0.000241
v 0.015018 0.033561 0.000228
v 0.014542 0.031979 0.000109
v 0.011186 0.026978 0.001217
v 0.007443 0.013838 0.000359
v 0.009262 0.024202 0.001944
v 0.006054 0.021626 0.004754
v 0.013359 0.029141 0.000209
v 0.004900 0.026658 0.006510
v 0.011419 0.028984 0.001891
v 0.007612 0.026882 0.004760
v 0.015631 0.036835 0.000173
v -0.008664 0.041216 0.009734
v -0.009019 0.042347 0.008616
v -0.008512 0.046319 0.007686
v -0.008003 0.038570 0.007391
v -0.003038 0.044366 0.007406
v 0.003800 0.035679 0.005933
v 0.008133 0.036756 0.004185
v 0.001489 0.010689 0.002709
v -0.005986 0.005870 0.007094
v -0.006477 0.005846 0.006357
v -0.006436 0.006057 0.005458
v -0.006799 0.018332 0.005975
v -0.002987 0.014135 0.004883
v 0.000553 0.014816 0.003712
v 0.000397 0.018489 0.004397
v 0.006133 0.022850 0.002117
v -0.008169 0.023806 0.008449
v -0.008307 0.024065 0.007641
v -0.008816 0.034616 0.007840
v -0.001452 0.024106 0.005980
v 0.005060 0.028096 0.004192
v -0.008375 0.034560 0.009800
v -0.008960 0.034358 0.008825
v -0.001741 0.034740 0.007155
v 0.015336 0.055636 -0.000020
v 0.014718 0.075035 0.000017
v 0.009282 0.072759 0.003389
v 0.004949 0.073183 0.005449
v -0.006721 0.072813 0.007643
v -0.007576 0.052136 0.009683
v -0.002802 0.046166 0.009650
v -0.002669 0.058656 0.008821
v 0.015516 0.053192 0.000155
v 0.008755 0.047759 0.005137
v 0.001740 0.048288 0.008471
v 0.008811 0.059330 0.004510
v 0.015107 0.063184 0.000248
v 0.005109 0.052922 0.006948
v 0.001863 0.067405 0.007036
v -0.002534 0.072819 0.005755
v 0.000157 0.073616 0.005532
v 0.002229 0.073126 0.005180
v 0.005302 0.073600 0.004128
v -0.008714 0.049279 0.008967
v 0.002258 0.048734 0.006345
v -0.008019 0.055973 0.009164
v -0.008421 0.058156 0.008201
v -0.007511 0.056695 0.006733
v 0.006827 0.053910 0.004456
v -0.002069 0.100202 0.003045
v 0.000291 0.106284 0.001994
v 0.005217 0.077117 0.003943
v 0.013860 0.082013 0.000032
v -0.005200 0.104545 0.004006
v -0.005367 0.104386 0.003415
v -0.004174 0.096911 0.003411
v -0.005158 0.104126 0.002930
v -0.006771 0.089692 0.005184
v -0.006108 0.095206 0.004968
v -0.005189 0.102444 0.004430
v 0.005162 0.096751 0.002832
v 0.013227 0.086298 0.000159
v 0.004164 0.085951 0.003376
v -0.004432 0.076753 0.005366
v -0.006602 0.086545 0.006137
v 0.002497 0.080502 0.004616
v 0.000048 0.082808 0.004888
v -0.001575 0.082681 0.005007
v -0.006401 0.073200 0.005353
v -0.006936 0.078456 0.005058
v -0.007298 0.080033 0.005432
v -0.007247 0.082771 0.005791
v -0.007152 0.077536 0.006813
v -0.006470 0.080146 0.006818
v -0.001442 0.073371 0.007125
v 0.001727 0.074017 0.006433
v 0.003375 0.080905 0.005286
v 0.005931 0.078997 0.004531
v 0.008971 0.075578 0.003367
v 0.014718 0.076015 0.000183
v -0.004390 0.074636 0.007328
v -0.005507 0.094084 0.005401
v -0.006458 0.089690 0.004205
v -0.006577 0.091747 0.004590
v 0.008830 0.084991 0.002448
v -0.006067 0.085986 0.004223
v -0.007415 0.076866 0.006511
v 0.010385 0.090608 0.000647
v 0.006033 0.094989 0.001687
v 0.009882 0.083306 0.001429
v -0.001979 0.109733 0.003176
v -0.004673 0.106410 0.003655
v -0.004725 0.106184 0.002968
v -0.004051 0.106801 0.002474
v -0.003855 0.107948 0.003324
v -0.003579 0.108128 0.002592
v -0.001448 0.110393 0.002541
v -0.002910 0.109106 0.002963
v 0.001038 0.111831 0.001816
v 0.000495 0.111052 0.001439
v -0.001574 0.109912 0.002026
v 0.004409 0.113127 0.000914
v -0.000089 -0.004956 0.013824
v 0.002208 -0.004416 0.013877
v 0.004222 -0.002577 0.013822
v 0.004953 0.000000 0.013878
v 0.004339 0.002441 0.013835
v 0.002214 0.004414 0.013877
v -0.000089 0.004956 0.013824
v -0.002602 0.004144 0.013876
v -0.004222 0.002577 0.013822
v -0.004953 0.000000 0.013878
v -0.004339 -0.002441 0.013835
v -0.002607 -0.004142 0.013876
v 0.000778 0.003303 0.013871
v 0.003176 0.001086 0.013873
v 0.002643 -0.002128 0.013872
v -0.000390 -0.003333 0.013873
v -0.002823 -0.001778 0.013874
v -0.003176 0.001086 0.013873
v -0.001706 0.002791 0.013875
v -0.002667 -0.004915 0.012660
v 0.002806 -0.004876 0.012622
v 0.005591 -0.000207 0.012684
v 0.002667 0.004915 0.012660
v -0.002806 0.004876 0.012622
v -0.005591 0.000207 0.012684
v 0.005518 -0.000538 0.009419
v 0.002344 0.005035 0.009421
v 0.002301 -0.005044 0.009419
v 0.003199 -0.004543 0.009419
v 0.000423 0.006789 0.007905
v 0.002551 0.006434 0.007932
v 0.006349 0.002664 0.007916
v 0.006881 0.000252 0.007915
v 0.005523 -0.004171 0.007932
v 0.000880 -0.006831 0.007918
v -0.001587 -0.006699 0.007914
v -0.005340 -0.004437 0.007949
v -0.006819 -0.000971 0.007916
v -0.006678 0.001816 0.007931
v -0.004414 0.005329 0.007930
v -0.000390 -0.003334 0.007877
v 0.002644 -0.002128 0.007878
v 0.003176 0.001086 0.007877
v 0.000778 0.003304 0.007878
v -0.001706 0.002791 0.007875
v -0.003176 0.001086 0.007877
v -0.002823 -0.001778 0.007876
v 0.000539 0.005037 0.009617
v -0.003268 -0.004439 0.009460
v -0.000013 -0.005046 0.009634
v 0.003268 0.004439 0.009460
v -0.002344 -0.005035 0.009421
v -0.005528 -0.000503 0.009436
v -0.005518 0.000538 0.009419
v -0.003199 0.004543 0.009419
v -0.002234 0.005074 0.009431
v -0.004373 0.005348 0.008915
v -0.006840 0.001583 0.008865
v -0.004764 -0.005071 0.008832
v -0.003192 -0.006185 0.008842
v -0.000791 -0.006920 0.008859
v 0.002227 -0.006686 0.008774
v -0.000552 0.007112 0.008325
v 0.000578 0.006944 0.008830
v -0.002399 0.006548 0.007987
v -0.001307 0.006812 0.008855
v -0.002646 0.006599 0.008613
v -0.004514 0.005493 0.008613
v -0.005878 0.003775 0.008022
v -0.005961 0.003875 0.008613
v -0.006853 0.001896 0.008613
v -0.007108 0.000268 0.008326
v -0.006971 -0.001058 0.008772
v -0.006583 -0.002455 0.008083
v -0.006696 -0.002392 0.008613
v -0.005773 -0.004096 0.008766
v -0.004166 -0.005750 0.008171
v -0.003065 -0.006443 0.008355
v -0.000978 -0.007067 0.008355
v 0.001127 -0.007057 0.008403
v 0.002909 -0.006316 0.007997
v 0.004004 -0.005864 0.008172
v 0.004080 -0.005631 0.008864
v 0.004922 -0.005132 0.008613
v 0.005964 -0.003749 0.008778
v 0.006585 -0.002334 0.008023
v 0.006688 -0.002415 0.008613
v 0.007170 0.000290 0.008301
v 0.006836 -0.001187 0.008855
v 0.006887 0.000941 0.008863
v 0.006389 0.003037 0.008762
v 0.005851 0.003890 0.008083
v 0.005316 0.004721 0.008613
v 0.004422 0.005409 0.008023
v 0.004312 0.005580 0.008774
v 0.002696 0.006542 0.008745
v 0.001081 0.007030 0.008326
v 0.005528 0.000503 0.009436
v 0.004737 0.002033 0.009548
v -0.004433 0.002428 0.009629
v 0.004433 -0.002428 0.009629
v -0.004737 -0.002033 0.009548
v -0.000884 0.002435 0.008643
v -0.002531 0.000557 0.008628
v -0.002145 -0.001318 0.008631
v -0.000703 -0.002494 0.008629
v 0.001442 -0.002101 0.008626
v 0.002579 -0.000240 0.008644
v 0.001583 0.002052 0.008628
v -0.001583 0.002052 0.013122
v -0.002579 -0.000240 0.013106
v -0.001442 -0.002101 0.013124
v 0.000703 -0.002494 0.013121
v 0.002145 -0.001318 0.013119
v 0.002531 0.000557 0.013122
v 0.000884 0.002435 0.013107
vn -0.0000 -0.0000 -1.0000
vn -0.0000 -0.0000 1.0000
vn -0.9655 -0.2602 -0.0060
vn -0.9730 -0.2307 0.0051
vn -0.9971 0.0757 -0.0051
vn -0.9944 0.1059 0.0060
vn -0.8945 0.4470 -0.0071
vn -0.8758 0.4826 0.0074
vn -0.6137 0.7895 -0.0074
vn -0.5815 0.8135 0.0071
vn -0.2602 0.9655 -0.0060
vn -0.2307 0.9730 0.0051
vn 0.0757 0.9971 -0.0051
vn 0.1059 0.9944 0.0060
vn 0.4470 0.8945 -0.0071
vn 0.4826 0.8758 0.0074
vn 0.7895 0.6137 -0.0074
vn 0.8135 0.5815 0.0071
vn 0.9655 0.2602 -0.0060
vn 0.9730 0.2307 0.0051
vn 0.9971 -0.0757 -0.0051
vn 0.9944 -0.1059 0.0060
vn 0.8945 -0.4470 -0.0071
vn 0.8758 -0.4826 0.0074
vn 0.6137 -0.7895 -0.0074
vn 0.5815 -0.8135 0.0071
vn 0.2602 -0.9655 -0.0060
vn 0.2307 -0.9730 0.0051
vn -0.0757 -0.9971 -0.0051
vn -0.1059 -0.9944 0.0060
vn -0.4470 -0.8945 -0.0071
vn -0.4826 -0.8758 0.0074
vn -0.7895 -0.6137 -0.0074
vn -0.8135 -0.5815 0.0071
vn 0.9949 0.1000 -0.0158
vn 0.9775 0.2106 0.0097
vn 0.9949 -0.1000 0.0158
vn 0.9775 -0.2106 -0.0097
vn 0.8915 -0.4529 0.0098
vn 0.8690 -0.4947 -0.0060
vn 0.6847 -0.7289 -0.0006
vn 0.6688 -0.7434 0.0063
vn 0.3824 -0.9240 -0.0060
vn 0.3481 -0.9374 0.0060
vn 0.0154 -0.9999 -0.0063
vn -0.0154 -0.9999 0.0063
vn -0.3481 -0.9374 -0.0060
vn -0.3824 -0.9240 0.0060
vn -0.6688 -0.7434 -0.0063
vn -0.6847 -0.7289 0.0006
vn -0.8915 -0.4529 -0.0098
vn -0.8690 -0.4947 0.0060
vn -0.9775 -0.2106 0.0097
vn -0.9949 -0.1000 -0.0158
vn -0.9949 0.1000 0.0158
vn -0.9775 0.2106 -0.0097
vn -0.8915 0.4529 0.0098
vn -0.8690 0.4947 -0.0060
vn -0.6847 0.7289 -0.0006
vn -0.6688 0.7434 0.0063
vn -0.3824 0.9240 -0.0060
vn -0.3481 0.9374 0.0060
vn -0.0154 0.9999 -0.0063
vn 0.0154 0.9999 0.0063
vn 0.3481 0.9374 -0.0060
vn 0.3824 0.9240 0.0060
vn 0.6688 0.7434 -0.0063
vn 0.6847 0.7289 0.0006
vn 0.8915 0.4529 -0.0098
vn 0.8690 0.4947 0.0060
vn -0.0001 -0.0000 -1.0000
vn -0.0002 -0.0001 -1.0000
vn -0.0002 0.0002 -1.0000
vn -0.0001 0.0001 -1.0000
vn -0.0000 0.0001 -1.0000
vn 0.0001 0.0001 -1.0000
vn 0.0001 -0.0000 -1.0000
vn 0.0002 -0.0000 -1.0000
vn 0.0002 -0.0001 -1.0000
vn -0.0000 -0.0002 -1.0000
vn -0.0000 -0.0001 -1.0000
vn -0.0001 -0.0001 -1.0000
vn 0.8452 0.5335 -0.0324
vn 0.9749 0.2204 0.0324
vn 0.9749 -0.2204 -0.0324
vn 0.8452 -0.5335 0.0324
vn 0.5335 -0.8452 -0.0324
vn 0.2204 -0.9749 0.0324
vn -0.2204 -0.9749 -0.0324
vn -0.5335 -0.8452 0.0324
vn -0.8452 -0.5335 -0.0324
vn -0.9749 -0.2204 0.0324
vn -0.9749 0.2204 -0.0324
vn -0.8452 0.5335 0.0324
vn -0.5335 0.8452 -0.0324
vn -0.2204 0.9749 0.0324
vn 0.2204 0.9749 -0.0324
vn 0.5335 0.8452 0.0324
vn -0.9897 -0.1427 0.0141
vn -0.8765 -0.4814 -0.0046
vn -0.9613 0.2738 0.0294
vn -0.7763 0.4716 -0.4182
vn -0.4814 0.8765 -0.0046
vn -0.5652 0.7880 -0.2441
vn -0.1427 0.9897 0.0141
vn 0.2738 0.9613 0.0294
vn 0.4716 0.7764 -0.4181
vn 0.8765 0.4814 -0.0046
vn 0.7880 0.5652 -0.2442
vn 0.9897 0.1427 0.0141
vn 0.9613 -0.2738 0.0294
vn 0.7763 -0.4716 -0.4182
vn 0.4814 -0.8765 -0.0046
vn 0.5652 -0.7880 -0.2441
vn 0.1427 -0.9897 0.0141
vn -0.2738 -0.9613 0.0294
vn -0.4716 -0.7764 -0.4181
vn -0.7880 -0.5652 -0.2442
vn -0.9903 0.1327 0.0406
vn -0.7978 -0.3607 0.4831
vn -0.5636 -0.4604 0.6859
vn -0.7783 0.6278 -0.0073
vn -0.3470 0.9372 0.0344
vn -0.5741 0.4311 0.6962
vn -0.5018 0.6436 0.5779
vn 0.6248 0.7805 0.0208
vn 0.3463 0.9380 0.0109
vn 0.1407 0.7440 0.6532
vn 0.5311 0.7381 0.4162
vn 0.9886 -0.1463 0.0353
vn 0.7949 -0.4468 0.4105
vn 0.7206 -0.6856 0.1035
vn 0.7517 0.0969 0.6524
vn 0.3449 -0.9376 0.0442
vn 0.8801 -0.2446 0.4069
vn 0.2572 -0.9656 -0.0379
vn 0.0290 -0.6706 0.7412
vn 0.1707 -0.9723 -0.1597
vn -0.6268 -0.7782 0.0388
vn 0.0451 -0.9048 0.4234
vn -0.8437 -0.5369 -0.0056
vn 0.3883 -0.6762 0.6261
vn -0.9960 0.0894 -0.0092
vn -0.9712 0.2334 0.0476
vn -0.9960 -0.0894 0.0092
vn -0.9712 -0.2334 -0.0476
vn -0.8892 -0.4573 0.0163
vn -0.8478 -0.5299 0.0197
vn -0.6906 -0.7232 -0.0068
vn -0.6545 -0.7560 -0.0057
vn -0.4221 -0.9065 0.0057
vn -0.3747 -0.9271 -0.0023
vn -0.0712 -0.9975 0.0004
vn 0.0178 -0.9998 0.0057
vn 0.3659 -0.9307 -0.0025
vn 0.4514 -0.8923 0.0025
vn 0.7346 -0.6785 -0.0057
vn 0.7937 -0.6082 -0.0094
vn 0.9293 -0.3672 -0.0396
vn 0.9787 -0.2046 0.0142
vn 0.9956 0.0037 -0.0938
vn 0.9686 0.2486 0.0038
vn 0.9417 0.3362 0.0142
vn 0.7989 0.6013 -0.0117
vn 0.7408 0.6717 0.0025
vn 0.4514 0.8923 -0.0025
vn 0.3659 0.9307 0.0025
vn 0.0178 0.9998 -0.0057
vn -0.0712 0.9975 -0.0004
vn -0.3747 0.9271 0.0023
vn -0.4221 0.9065 -0.0057
vn -0.6545 0.7560 0.0057
vn -0.6906 0.7232 0.0068
vn -0.8892 0.4573 -0.0163
vn -0.8478 0.5299 -0.0197
vn -0.0862 0.9959 0.0278
vn -0.0034 1.0000 -0.0036
vn -0.9706 0.2395 -0.0253
vn -0.9866 0.1629 0.0044
vn -0.9355 -0.3534 -0.0031
vn -0.9350 -0.3546 -0.0000
vn -0.9425 -0.3337 -0.0203
vn -0.9211 -0.3892 0.0140
vn -0.2778 -0.9605 -0.0189
vn -0.2819 -0.9594 -0.0000
vn 0.0877 -0.9961 -0.0108
vn -0.2470 -0.9690 0.0009
vn 0.1012 -0.9947 -0.0183
vn -0.2288 -0.9735 -0.0000
vn 0.8055 -0.5921 -0.0227
vn 0.8365 -0.5478 -0.0107
vn 0.6624 0.7489 0.0188
vn 0.6056 0.7955 -0.0193
vn 0.9986 -0.0358 -0.0390
vn 0.9962 -0.0860 -0.0150
vn 0.9918 -0.1279 -0.0000
vn 0.9996 -0.0288 -0.0000
vn 0.6116 0.7911 0.0049
vn 0.6132 0.7899 -0.0000
vn 0.4001 -0.9156 0.0395
vn 0.6464 -0.7608 -0.0588
vn 0.9701 0.2355 0.0588
vn 0.8619 0.5055 -0.0395
vn 0.5651 0.8248 0.0180
vn 0.5712 0.8208 -0.0000
vn 0.5733 0.8192 -0.0175
vn 0.5024 0.8643 0.0221
vn -0.3476 0.9273 -0.1392
vn -0.3361 0.9418 -0.0000
vn -0.3738 0.9274 -0.0121
vn -0.7011 0.7129 -0.0149
vn -0.7247 0.6888 -0.0163
vn -0.4038 0.9148 -0.0000
vn -0.9983 -0.0562 -0.0141
vn -0.9907 -0.1357 -0.0111
vn -0.0944 -0.9954 0.0167
vn -0.0221 -0.9993 0.0298
vn -0.8288 -0.5588 -0.0286
vn -0.8507 -0.5255 -0.0080
vn -0.8655 -0.5010 -0.0000
vn -0.8255 -0.5644 -0.0000
vn -0.0277 -0.9995 -0.0180
vn -0.0204 -0.9998 -0.0000
vn -0.6707 -0.7405 0.0421
vn -0.5817 -0.8130 -0.0250
vn 0.5817 -0.8130 0.0250
vn 0.6707 -0.7405 -0.0421
vn 0.9612 -0.2759 0.0069
vn 0.9604 -0.2786 -0.0000
vn 0.9562 -0.2920 -0.0175
vn 0.9773 -0.2107 0.0221
vn 0.7745 0.6171 -0.1392
vn 0.7919 0.6107 -0.0000
vn 0.7665 0.6421 -0.0121
vn 0.4614 0.8871 -0.0149
vn 0.4312 0.9021 -0.0163
vn 0.7453 0.6668 -0.0000
vn -0.3620 0.9321 -0.0141
vn -0.4351 0.9003 -0.0111
vn -0.9758 -0.2178 0.0167
vn -0.9572 -0.2877 0.0298
vn -0.7876 0.6155 -0.0286
vn -0.7627 0.6467 -0.0080
vn -0.7439 0.6683 -0.0000
vn -0.7919 0.6107 -0.0000
vn -0.9612 -0.2759 -0.0069
vn -0.9604 -0.2786 -0.0000
vn -0.2222 -0.9750 0.0100
vn -0.2214 -0.9750 0.0164
vn -0.0002 -0.9918 -0.1274
vn 0.2261 -0.9738 0.0252
vn 0.0347 -0.9881 -0.1500
vn 0.2287 -0.9733 0.0200
vn 0.9711 0.2387 -0.0000
vn 0.9681 0.2482 0.0339
vn 0.9705 0.2409 0.0076
vn 0.9673 0.2503 0.0417
vn -0.9710 0.2281 0.0713
vn -0.9693 0.2455 0.0132
vn -0.9710 0.2320 0.0586
vn -0.9684 0.2494 -0.0000
vn -0.5087 0.8608 0.0167
vn -0.5695 0.8218 -0.0185
vn 0.3420 0.9393 -0.0286
vn 0.7746 0.6323 -0.0141
vn 0.3794 0.9252 -0.0080
vn 0.7218 0.6921 -0.0111
vn 0.4057 0.9140 -0.0000
vn 0.3361 0.9418 -0.0000
vn -0.9959 -0.0900 0.0100
vn -0.9957 -0.0907 0.0164
vn -0.9434 -0.3063 -0.1274
vn -0.8562 -0.5160 0.0252
vn -0.9290 -0.3383 -0.1500
vn -0.8550 -0.5182 0.0201
vn 0.1016 -0.9946 0.0221
vn 0.0177 -0.9997 -0.0175
vn 0.5271 -0.8498 -0.0000
vn 0.5352 -0.8440 0.0339
vn 0.5290 -0.8486 0.0076
vn 0.5370 -0.8426 0.0417
vn 0.8262 -0.5459 -0.1392
vn 0.8255 -0.5644 -0.0000
vn 0.8476 -0.5306 -0.0121
vn 0.9862 -0.1646 -0.0149
vn 0.9912 -0.1313 -0.0163
vn 0.8644 -0.5027 -0.0000
vn -0.0832 0.9940 0.0713
vn -0.0660 0.9977 0.0132
vn -0.0794 0.9951 0.0586
vn -0.0621 0.9981 -0.0000
vn -0.3927 0.9196 0.0101
vn -0.3933 0.9193 0.0168
vn -0.5829 0.8025 -0.1275
vn -0.7523 0.6584 0.0228
vn -0.6088 0.7790 -0.1500
vn -0.7552 0.6552 0.0219
vn -0.6453 -0.7639 -0.0000
vn -0.6373 -0.7698 0.0339
vn -0.6436 -0.7653 0.0076
vn -0.6354 -0.7711 0.0417
vn 0.9196 0.3863 0.0713
vn 0.9285 0.3711 0.0132
vn 0.9219 0.3831 0.0586
vn 0.9300 0.3674 -0.0000
vn 0.9175 -0.3974 0.0138
vn 0.9437 -0.3297 0.0287
vn 0.2750 -0.9606 -0.0395
vn -0.3142 -0.9491 -0.0235
vn 0.2261 -0.9740 -0.0149
vn -0.2620 -0.9650 -0.0108
vn 0.1850 -0.9827 -0.0000
vn 0.2819 -0.9594 -0.0000
vn 0.7531 0.6578 0.0100
vn 0.7526 0.6582 0.0167
vn 0.5831 0.8023 -0.1275
vn 0.3936 0.9190 0.0229
vn 0.5527 0.8197 -0.1500
vn 0.3896 0.9207 0.0219
vn -0.6521 0.7579 0.0157
vn -0.6087 0.7929 0.0287
vn -0.9259 0.3777 -0.0000
vn -0.9291 0.3683 0.0339
vn -0.9267 0.3756 0.0076
vn -0.9297 0.3660 0.0417
vn -0.9993 -0.0332 -0.0184
vn -0.9996 -0.0288 -0.0000
vn -0.9200 -0.3918 -0.0106
vn -0.9979 -0.0646 0.0009
vn -0.9145 -0.4041 -0.0183
vn -0.9965 -0.0832 -0.0000
vn 0.6515 -0.7553 0.0713
vn 0.6398 -0.7684 0.0132
vn 0.6492 -0.7584 0.0586
vn 0.6369 -0.7710 -0.0000
vn 0.8586 -0.5126 0.0100
vn 0.8589 -0.5119 0.0164
vn 0.9432 -0.3067 -0.1275
vn 0.9960 -0.0858 0.0252
vn 0.9504 -0.2724 -0.1500
vn 0.9963 -0.0833 0.0200
vn 0.0731 0.9973 -0.0000
vn 0.0631 0.9974 0.0339
vn 0.0708 0.9975 0.0076
vn 0.0608 0.9973 0.0417
vn -0.5170 -0.8530 0.0713
vn -0.5331 -0.8460 0.0132
vn -0.5206 -0.8518 0.0586
vn -0.5365 -0.8439 -0.0000
vn 0.9205 0.3898 0.0278
vn 0.9500 0.3123 -0.0036
vn -0.0722 0.9971 -0.0253
vn -0.1500 0.9887 0.0044
vn -0.6252 0.7805 -0.0031
vn -0.6262 0.7796 -0.0000
vn 0.9414 -0.3372 0.0049
vn 0.9408 -0.3391 -0.0000
vn -0.8619 0.5055 0.0395
vn -0.9701 0.2355 -0.0588
vn -0.6464 -0.7608 0.0588
vn -0.4001 -0.9156 -0.0395
vn 0.0277 -0.9995 0.0180
vn 0.0204 -0.9998 -0.0000
vn -0.5651 0.8248 -0.0180
vn -0.5712 0.8208 -0.0000
vn -0.5935 0.0830 -0.8005
vn -0.1680 0.1239 -0.9780
vn -0.0849 -0.0485 -0.9952
vn -0.0777 0.1571 -0.9845
vn -0.0485 0.0839 -0.9953
vn 0.0829 0.5926 -0.8012
vn 0.1233 0.1666 -0.9783
vn 0.1571 0.0776 -0.9845
vn 0.0849 0.0485 -0.9952
vn 0.5935 -0.0830 -0.8005
vn 0.1680 -0.1239 -0.9780
vn 0.0777 -0.1571 -0.9845
vn 0.0485 -0.0839 -0.9953
vn -0.0829 -0.5926 -0.8012
vn -0.1233 -0.1666 -0.9783
vn -0.1571 -0.0776 -0.9845
vn -0.0038 0.0002 1.0000
vn 0.0076 0.0891 0.9960
vn 0.0288 0.0883 0.9957
vn 0.0060 -0.0012 1.0000
vn 0.0023 0.0721 0.9974
vn -0.0000 -0.0001 1.0000
vn -0.0011 -0.0145 0.9999
vn -0.0015 0.0077 1.0000
vn -0.0029 -0.0140 0.9999
vn 0.0380 0.1074 0.9935
vn 0.0412 0.2313 0.9720
vn 0.1418 0.0534 0.9885
vn 0.3970 0.7061 0.5863
vn 0.0987 -0.1195 0.9879
vn -0.5838 -0.1344 0.8007
vn -0.0161 -0.0087 0.9998
vn -0.0083 -0.0006 1.0000
vn -0.0224 0.0086 0.9997
vn 0.0909 -0.0613 0.9940
vn 0.1293 -0.0214 0.9914
vn -0.0131 -0.0012 0.9999
vn -0.8018 -0.0778 0.5925
vn -0.0574 -0.0474 0.9972
vn 0.1285 0.1821 0.9748
vn 0.1392 0.2182 0.9659
vn 0.4069 0.8684 0.2833
vn -0.2434 -0.9222 0.3004
vn -0.1743 -0.7864 0.5927
vn -0.0732 -0.6229 0.7789
vn -0.0029 0.0014 1.0000
vn -0.0746 0.0113 0.9972
vn -0.0721 0.0605 0.9956
vn 0.0072 -0.0255 0.9996
vn -0.0062 -0.0000 1.0000
vn -0.0000 0.0024 1.0000
vn -0.0157 -0.0065 0.9999
vn -0.0179 -0.0011 0.9998
vn 0.0854 0.0455 0.9953
vn 0.0207 0.0003 0.9998
vn 0.1595 0.0557 0.9856
vn -0.0015 -0.0160 0.9999
vn -0.0151 -0.0184 0.9997
vn 0.0273 -0.0693 0.9972
vn -0.5406 0.6065 0.5831
vn 0.0339 0.1430 0.9891
vn -0.0062 -0.0215 0.9997
vn 0.0132 -0.0073 0.9999
vn -0.0642 0.0296 0.9975
vn -0.1432 0.1203 0.9824
vn -0.1376 0.1783 0.9743
vn -0.0914 0.0651 0.9937
vn -0.7001 0.6556 0.2829
vn 0.8017 -0.5167 0.3005
vn 0.6940 -0.4088 0.5927
vn 0.5721 -0.2654 0.7761
vn 0.0128 -0.0193 0.9997
vn 0.0659 -0.0139 0.9977
vn 0.0209 -0.0141 0.9997
vn 0.0146 -0.0166 0.9998
vn 0.0100 0.0125 0.9999
vn -0.0024 0.0008 1.0000
vn -0.0015 0.0001 1.0000
vn 0.0185 -0.0126 0.9997
vn -0.0028 -0.0169 0.9999
vn 0.0061 0.0197 0.9998
vn -0.1255 0.0764 0.9891
vn -0.0037 0.1689 0.9856
vn -0.1883 0.0814 0.9787
vn -0.1192 -0.0663 0.9906
vn 0.0290 -0.0194 0.9994
vn 0.0032 0.0042 1.0000
vn 0.0032 -0.0176 0.9998
vn -0.0145 0.0892 0.9959
vn 0.0123 -0.0071 0.9999
vn 0.0743 0.0046 0.9972
vn -0.0989 -0.0660 0.9929
vn -0.0414 -0.0240 0.9989
vn -0.0288 -0.0355 0.9990
vn -0.8803 -0.4362 0.1868
vn -0.8686 -0.4930 0.0492
vn -0.5754 -0.2834 0.7672
vn -0.8486 -0.4641 0.2540
vn 0.7412 0.6001 0.3009
vn 0.6032 0.5337 0.5927
vn 0.4520 0.4669 0.7601
vn 0.0039 0.0057 1.0000
vn 0.0349 -0.0248 0.9991
vn 0.0113 -0.0415 0.9991
vn 0.0143 -0.0249 0.9996
vn -0.0075 -0.0028 1.0000
vn -0.0067 0.0135 0.9999
vn 0.0177 0.0137 0.9997
vn 0.0152 -0.0078 0.9999
vn -0.0169 0.0119 0.9998
vn -0.1115 -0.0958 0.9891
vn -0.1617 0.0487 0.9856
vn -0.1357 -0.1542 0.9787
vn 0.0268 -0.1354 0.9904
vn 0.0139 0.0220 0.9997
vn -0.0009 -0.0025 1.0000
vn -0.0031 0.0033 1.0000
vn 0.0185 -0.0029 0.9998
vn -0.0893 0.0138 0.9959
vn 0.0105 0.0095 0.9999
vn 0.0186 0.0721 0.9972
vn 0.0392 -0.0906 0.9951
vn 0.0131 -0.0461 0.9989
vn 0.1992 -0.9786 0.0511
vn 0.1766 -0.9522 0.2491
vn -0.3417 0.8903 0.3010
vn -0.3212 0.7386 0.5927
vn -0.3043 0.5743 0.7600
vn 0.0029 0.0012 1.0000
vn 0.0313 0.0433 0.9986
vn -0.0075 -0.0050 1.0000
vn 0.0810 0.0064 0.9967
vn -0.0173 0.0211 0.9996
vn 0.0047 0.0047 1.0000
vn 0.0018 -0.0018 1.0000
vn -0.0041 -0.0019 1.0000
vn 0.0087 0.0158 0.9998
vn 0.0162 -0.1232 0.9922
vn -0.0219 -0.1010 0.9946
vn -0.0858 -0.1351 0.9871
vn -0.0058 0.0129 0.9999
vn -0.0628 0.0400 0.9972
vn 0.7938 -0.1733 0.5829
vn 0.0555 -0.1350 0.9893
vn -0.0131 -0.0015 0.9999
vn -0.0071 0.0218 0.9997
vn 0.0009 -0.0011 1.0000
vn -0.0161 -0.0034 0.9999
vn 0.1572 -0.0151 0.9875
vn 0.2241 0.0090 0.9745
vn 0.0744 -0.0048 0.9972
vn 0.9943 -0.1063 0.0007
vn -0.9521 -0.0581 0.3002
vn 0.0734 -0.0678 0.9950
vn 0.1755 -0.1620 0.9710
vn -0.7365 0.1480 -0.6601
vn -0.0753 0.0034 -0.9972
vn -0.7363 -0.0586 -0.6741
vn -0.0748 -0.0208 -0.9970
vn -0.6871 -0.2643 -0.6767
vn -0.0609 -0.0486 -0.9970
vn -0.6173 -0.4154 -0.6681
vn -0.4949 -0.5496 -0.6731
vn -0.0293 -0.0653 -0.9974
vn -0.3273 -0.6708 -0.6656
vn -0.1634 -0.7145 -0.6803
vn 0.0006 -0.0695 -0.9976
vn 0.0143 -0.7381 -0.6745
vn 0.2418 -0.7053 -0.6664
vn 0.0247 -0.0449 -0.9987
vn 0.0588 -0.0797 -0.9951
vn 0.5753 -0.4697 -0.6696
vn 0.0630 -0.0351 -0.9974
vn 0.6757 -0.2932 -0.6763
vn 0.7441 -0.0692 -0.6645
vn 0.0601 -0.0041 -0.9982
vn 0.7321 0.1429 -0.6661
vn 0.0642 0.0145 -0.9978
vn 0.6512 0.3575 -0.6695
vn 0.0432 0.0298 -0.9986
vn 0.5016 0.5458 -0.6712
vn 0.0484 0.0527 -0.9974
vn 0.3180 0.6809 -0.6597
vn 0.0308 0.0659 -0.9974
vn 0.1667 0.7121 -0.6821
vn 0.0061 0.0745 -0.9972
vn 0.0019 0.7420 -0.6705
vn -0.1580 0.7169 -0.6791
vn -0.0295 0.0722 -0.9970
vn -0.3285 0.6629 -0.6728
vn -0.4993 0.5442 -0.6741
vn -0.0693 0.0565 -0.9960
vn -0.6554 0.3716 -0.6575
vn -0.0737 0.0282 -0.9969
vn -0.0000 0.0001 1.0000
vn 0.0447 -0.1584 0.9864
vn 0.0106 -0.1972 0.9803
vn 0.0526 -0.1597 0.9858
vn 0.1152 -0.2099 0.9709
vn 0.1099 -0.1338 0.9849
vn 0.1711 -0.1395 0.9753
vn 0.5792 0.4293 0.6930
vn 0.1696 -0.1218 0.9780
vn 0.3522 0.8321 0.4285
vn 0.1330 -0.1230 0.9835
vn 0.1077 -0.1431 0.9838
vn 0.0807 -0.1579 0.9842
vn 0.0479 -0.1707 0.9842
vn -0.2108 -0.6771 0.7050
vn 0.2037 -0.8801 0.4289
vn -0.2085 -0.0014 0.9780
vn -0.1853 0.0269 0.9823
vn -0.1758 0.0521 0.9830
vn -0.1604 0.0815 0.9837
vn -0.1407 0.1075 0.9842
vn -0.1703 0.1282 0.9770
vn -0.1555 0.1343 0.9787
vn -0.2394 0.1573 0.9581
vn -0.1514 0.0493 0.9872
vn -0.2831 0.0153 0.9590
vn -0.0001 -0.0000 1.0000
vn 0.0387 0.1814 0.9826
vn 0.0795 0.1896 0.9786
vn 0.0743 0.2738 0.9589
vn 0.0001 0.1594 0.9872
vn -0.0730 0.2740 0.9589
vn -0.7081 -0.0163 0.7059
vn -0.0658 0.1980 0.9780
vn -0.7753 -0.4654 0.4269
vn -0.0047 0.1832 0.9831
vn -0.0316 0.1846 0.9823
vn 0.0283 0.1774 0.9837
vn 0.0607 0.1658 0.9843
vn 0.1877 0.0192 0.9820
vn 0.2049 -0.0174 0.9786
vn 0.2873 0.0134 0.9577
vn 0.1517 0.0490 0.9872
vn 0.2378 0.1541 0.9590
vn -0.2311 0.6747 0.7010
vn 0.1679 0.1236 0.9780
vn -0.6821 0.5936 0.4271
vn 0.1658 0.0871 0.9823
vn 0.1728 0.0611 0.9831
vn 0.1774 0.0279 0.9837
vn 0.1764 -0.0065 0.9843
vn 0.0001 -0.0000 1.0000
vn -0.1753 -0.1220 0.9769
vn -0.1752 -0.1066 0.9787
vn -0.2231 -0.1789 0.9582
vn -0.0936 -0.1288 0.9872
vn -0.1019 -0.2646 0.9590
vn 0.5817 -0.4033 0.7064
vn -0.0635 -0.1988 0.9780
vn 0.9011 -0.0784 0.4265
vn -0.1028 -0.1468 0.9838
vn -0.0758 -0.1645 0.9835
vn -0.1251 -0.1261 0.9841
vn -0.1459 -0.1018 0.9840
vn -0.7071 -0.0004 0.7071
vn -0.0727 -0.8558 0.5122
vn -0.8084 -0.3839 0.4461
vn -1.0000 -0.0055 0.0072
vn 0.2921 -0.9562 0.0204
vn 0.2953 -0.9553 0.0131
vn 0.5689 -0.8206 0.0552
vn 0.6371 -0.7655 0.0902
vn 0.8153 -0.5474 0.1887
vn 0.8093 -0.5510 0.2034
vn 0.3996 0.0789 0.9133
vn 0.2192 0.6723 0.7071
vn 0.9511 -0.3090 -0.0000
vn 0.2790 -0.2856 0.9168
vn 0.1651 -0.8851 0.4351
vn -0.2176 -0.6728 0.7071
vn -0.3037 -0.9527 0.0071
vn 0.9996 -0.0176 0.0204
vn 0.9998 -0.0144 0.0130
vn 0.9562 0.2874 0.0552
vn 0.9248 0.3695 0.0903
vn 0.7725 0.6063 0.1888
vn 0.7741 0.5995 0.2034
vn 0.0265 0.4496 0.8928
vn -0.5718 0.4163 0.7069
vn 0.5878 0.8090 -0.0000
vn 0.5728 -0.4147 0.7070
vn 0.3742 0.1766 0.9104
vn 0.8853 -0.0955 0.4550
vn 0.8123 -0.5832 0.0071
vn 0.3257 0.9453 0.0204
vn 0.3226 0.9464 0.0130
vn 0.0222 0.9982 0.0552
vn -0.0656 0.9937 0.0903
vn -0.3379 0.9221 0.1888
vn -0.3310 0.9215 0.2034
vn -0.5722 -0.4155 0.7071
vn -0.4071 0.1641 0.8985
vn -0.5878 0.8090 -0.0000
vn 0.8090 0.5878 0.0023
vn 0.8090 0.5878 0.0020
vn 0.8089 0.5879 0.0001
vn 0.8058 0.5922 0.0072
vn -0.7984 0.6018 0.0205
vn -0.8004 0.5993 0.0130
vn -0.9425 0.3296 0.0552
vn -0.9654 0.2446 0.0903
vn -0.9813 -0.0364 0.1888
vn -0.9786 -0.0301 0.2034
vn -0.2848 -0.3415 0.8957
vn 0.2185 -0.6725 0.7071
vn -0.9511 -0.3090 -0.0000
vn -0.3983 0.0697 0.9146
vn -0.6537 0.6183 0.4363
vn -0.2189 0.6723 0.7072
vn -0.3142 0.9493 0.0072
vn -0.8191 -0.5733 0.0205
vn -0.8173 -0.5760 0.0131
vn -0.6046 -0.7946 0.0552
vn -0.5311 -0.8425 0.0903
vn -0.2687 -0.9446 0.1887
vn -0.2739 -0.9400 0.2033
vn 0.7071 -0.0003 0.7071
vn 0.2334 -0.3709 0.8989
vn -0.0000 -1.0000 -0.0000
vn 0.4641 -0.6589 -0.5919
vn 0.2513 -0.8938 0.3715
vn 0.2427 -0.6602 0.7108
vn 0.3479 -0.5881 0.7301
vn 0.4690 -0.5490 0.6918
vn 0.5193 -0.4333 0.7366
vn -0.4884 0.5390 0.6863
vn -0.5120 0.3608 0.7795
vn -0.5259 0.4668 0.7110
vn -0.6754 0.2193 0.7041
vn -0.6981 0.2249 0.6798
vn -0.6393 0.0131 0.7688
vn 0.1585 0.6256 0.7639
vn 0.0063 0.7277 0.6858
vn -0.0838 0.7229 0.6859
vn -0.1860 0.6090 0.7710
vn 0.6408 0.0419 0.7666
vn 0.6918 0.2176 0.6886
vn 0.6635 0.3017 0.6846
vn 0.5207 0.3631 0.7727
vn -0.4939 -0.4101 0.7667
vn -0.4337 -0.5840 0.6862
vn -0.3537 -0.6334 0.6882
vn -0.2074 -0.5996 0.7730
vn -0.0000 0.0003 1.0000
vn 0.0008 0.0006 1.0000
vn 0.7950 0.6048 -0.0463
vn 0.6476 0.7620 -0.0073
vn 0.5114 0.8588 -0.0303
vn 0.2104 0.9774 -0.0182
vn -0.0731 0.9972 -0.0170
vn -0.3178 0.9478 -0.0248
vn -0.5192 0.8539 -0.0354
vn -0.6444 0.7646 -0.0079
vn -0.7972 0.6029 -0.0316
vn -0.9496 0.3123 -0.0259
vn -0.9997 0.0010 -0.0246
vn -0.9727 -0.2289 -0.0373
vn -0.9113 -0.4114 -0.0171
vn -0.7463 -0.6655 -0.0116
vn -0.5354 -0.8440 -0.0300
vn -0.2973 -0.9546 -0.0191
vn -0.0789 -0.9966 -0.0217
vn 0.5219 -0.8530 0.0050
vn 0.7459 -0.6660 -0.0098
vn 0.9015 -0.4323 -0.0201
vn 0.9766 -0.2126 -0.0318
vn 0.9951 0.0978 -0.0153
vn 0.9317 0.3624 -0.0250
vn -0.6906 -0.1115 -0.7146
vn -0.1114 0.6907 -0.7145
vn 0.6906 0.1115 -0.7146
vn 0.1114 -0.6907 -0.7145
vn 0.0722 0.7567 0.6498
vn 0.0009 -0.6178 0.7864
vn 0.6017 0.4807 0.6378
vn 0.4112 -0.7051 0.5777
vn -0.6942 0.5231 0.4944
vn -0.4401 -0.6194 0.6501
vn -0.7163 0.4205 -0.5568
vn -0.5686 -0.6378 -0.5195
vn 0.4528 -0.7222 -0.5229
vn -0.0374 -0.7280 -0.6845
vn 0.5929 0.5385 -0.5987
vn 0.0798 0.7432 -0.6642
vn -0.2630 0.7122 0.6508
vn 0.2688 -0.5562 0.7864
vn 0.3368 0.7058 0.6232
vn 0.6759 -0.4571 0.5781
vn -0.8524 0.1689 0.4949
vn -0.1263 -0.7485 0.6510
vn -0.8276 0.0624 -0.5578
vn -0.2359 -0.8220 -0.5183
vn 0.7179 -0.4617 -0.5210
vn 0.2891 -0.6714 -0.6824
vn 0.5741 0.4941 -0.6529
vn -0.0112 0.7031 -0.7110
vn -0.3469 0.6989 -0.6254
vn -0.4840 0.4734 0.7359
vn 0.4858 -0.3828 0.7858
vn 0.0015 0.7813 0.6242
vn 0.8079 -0.1184 0.5773
vn -0.7642 0.1509 0.6271
vn -0.7184 -0.4369 0.5414
vn 0.2182 -0.7295 0.6483
vn -0.7702 -0.2850 -0.5705
vn 0.1450 -0.8420 -0.5197
vn 0.8466 -0.1044 -0.5218
vn 0.5512 -0.4794 -0.6829
vn 0.2959 0.7023 -0.6475
vn -0.3185 0.6176 -0.7191
vn -0.6104 0.4841 -0.6269
vn -0.6416 0.2180 0.7354
vn 0.6041 -0.1336 0.7856
vn -0.3300 0.6952 0.6386
vn 0.7790 0.2441 0.5775
vn -0.7528 -0.1827 0.6323
vn -0.4700 -0.7004 0.5372
vn 0.5136 -0.5610 0.6492
vn -0.5751 -0.5864 -0.5704
vn 0.4954 -0.6966 -0.5189
vn 0.8049 0.2806 -0.5229
vn 0.7015 -0.1985 -0.6845
vn -0.3921 0.6981 -0.5991
vn -0.7011 0.2440 -0.6700
vn -0.6763 -0.0765 0.7327
vn 0.6019 0.1487 0.7846
vn -0.5986 0.4834 0.6387
vn 0.5960 0.5578 0.5777
vn -0.4699 -0.6060 0.6418
vn 0.7121 -0.3119 0.6290
vn -0.2441 -0.7934 -0.5577
vn 0.7484 -0.4121 -0.5197
vn -0.2130 -0.9447 0.2492
vn 0.6006 0.5953 -0.5337
vn 0.7208 0.1262 -0.6816
vn -0.6698 0.6928 -0.2672
vn -0.6061 0.3433 -0.7175
vn -0.7612 -0.1777 -0.6237
vn -0.5693 -0.3665 0.7359
vn 0.4811 0.3888 0.7857
vn -0.7615 0.1743 0.6243
vn 0.2940 0.7620 0.5770
vn -0.3171 -0.7115 0.6271
vn 0.2668 -0.7975 0.5411
vn 0.7588 0.0519 0.6492
vn 0.1057 -0.8141 -0.5711
vn 0.8539 -0.0465 -0.5184
vn 0.2915 0.8012 -0.5226
vn 0.5900 0.4313 -0.6825
vn -0.6083 0.4555 -0.6500
vn -0.6798 -0.1632 -0.7150
vn -0.6078 -0.4868 -0.6273
vn -0.3552 -0.5782 0.7345
vn 0.2593 0.5631 0.7847
vn -0.7514 -0.1665 0.6386
vn -0.0643 0.8140 0.5773
vn 0.1811 -0.7470 0.6397
vn 0.6876 0.3620 0.6294
vn 0.4633 -0.6890 -0.5574
vn 0.7889 0.3285 -0.5194
vn 0.6015 -0.7599 0.2464
vn -0.0951 0.8468 -0.5233
vn 0.3493 0.6398 -0.6846
vn -0.7676 -0.2273 -0.5992
vn -0.3944 -0.6427 -0.6568
vn -0.0723 -0.7567 0.6498
vn -0.0011 0.6178 0.7863
vn -0.6011 -0.4810 0.6382
vn -0.4124 0.7051 0.5769
vn 0.6946 -0.5228 0.4941
vn 0.4386 0.6196 0.6510
vn 0.7160 -0.4208 -0.5571
vn 0.5694 0.6376 -0.5188
vn -0.4515 0.7224 -0.5237
vn 0.0376 0.7280 -0.6845
vn -0.5933 -0.5383 -0.5985
vn -0.0797 -0.7432 -0.6643
vn 0.2631 -0.7122 0.6509
vn -0.2688 0.5563 0.7864
vn -0.3351 -0.7061 0.6238
vn -0.6775 0.4562 0.5770
vn 0.8521 -0.1696 0.4951
vn 0.1279 0.7490 0.6502
vn 0.8278 -0.0616 -0.5577
vn 0.2349 0.8219 -0.5189
vn -0.7160 0.4626 -0.5228
vn -0.2892 0.6713 -0.6824
vn -0.5723 -0.5018 -0.6486
vn 0.0142 -0.6964 -0.7175
vn 0.3469 -0.6989 -0.6254
vn 0.4848 -0.4737 0.7352
vn -0.4913 0.3781 0.7847
vn -0.0021 -0.7814 0.6240
vn -0.8078 0.1185 0.5774
vn 0.7669 0.0104 0.6416
vn -0.1999 0.7509 0.6294
vn 0.7724 0.3039 -0.5577
vn -0.1447 0.8422 -0.5194
vn 0.8714 0.4225 0.2491
vn -0.8465 0.1028 -0.5224
vn -0.5513 0.4795 -0.6827
vn -0.2553 -0.7258 -0.6388
vn 0.3371 -0.5867 -0.7363
vn 0.6138 -0.4825 -0.6249
vn 0.6425 -0.2165 0.7350
vn -0.6067 0.1274 0.7847
vn 0.3377 -0.7045 0.6242
vn -0.7793 -0.2438 0.5773
vn 0.6863 0.3427 0.6416
vn -0.5070 0.5882 0.6300
vn 0.5648 0.6081 -0.5579
vn -0.4948 0.6971 -0.5189
vn 0.6007 0.7595 0.2494
vn -0.8084 -0.2730 -0.5215
vn -0.7045 0.1928 -0.6830
vn 0.0161 -0.7575 -0.6526
vn 0.5530 -0.4361 -0.7100
vn 0.7622 -0.1698 -0.6247
vn 0.6719 0.0829 0.7360
vn -0.6022 -0.1415 0.7857
vn 0.6098 -0.4891 0.6237
vn -0.5961 -0.5572 0.5781
vn 0.5944 0.5034 0.6271
vn 0.1064 0.8340 0.5414
vn -0.7064 0.2845 0.6481
vn 0.2572 0.7800 -0.5705
vn -0.7487 0.4114 -0.5199
vn -0.6098 -0.5972 -0.5211
vn -0.7184 -0.1320 -0.6830
vn 0.3519 -0.6731 -0.6504
vn 0.6845 -0.1469 -0.7140
vn 0.7592 0.1750 -0.6269
vn 0.5761 0.3624 0.7326
vn -0.4778 -0.3951 0.7846
vn 0.7489 -0.1760 0.6388
vn -0.2950 -0.7610 0.5777
vn 0.1602 0.7502 0.6415
vn -0.7758 -0.0292 0.6303
vn -0.1235 0.8204 -0.5582
vn -0.8541 0.0469 -0.5180
vn -0.2190 0.9433 0.2493
vn -0.2827 -0.7967 -0.5341
vn -0.5944 -0.4273 -0.6812
vn 0.9056 -0.3297 -0.2668
vn 0.6942 -0.0464 -0.7183
vn 0.6085 0.4901 -0.6241
vn 0.3550 0.5784 0.7344
vn -0.2593 -0.5631 0.7847
vn 0.7509 0.1673 0.6389
vn 0.0647 -0.8141 0.5770
vn -0.1813 0.7461 0.6406
vn -0.6877 -0.3626 0.6290
vn -0.4633 0.6890 -0.5574
vn -0.7887 -0.3282 -0.5198
vn -0.5985 0.7623 0.2463
vn 0.0946 -0.8467 -0.5236
vn -0.3493 -0.6399 -0.6845
vn 0.7680 0.2268 -0.5990
vn 0.3946 0.6426 -0.6568
vn -0.9627 -0.2675 -0.0396
vn -0.9865 0.1520 -0.0607
vn -0.8460 0.5332 -0.0076
vn -0.8504 -0.3886 -0.3548
vn -0.6540 -0.7564 0.0035
vn -0.9810 -0.0269 -0.1924
vn -0.3712 0.2386 0.8974
vn -0.9637 0.2659 -0.0245
vn -0.7048 -0.3610 0.6106
vn -0.9547 -0.2788 -0.1036
vn -0.4660 -0.8787 0.1036
vn 0.1139 -0.9633 0.2431
vn -0.6088 0.7931 0.0207
vn -0.5043 -0.2789 0.8172
vn -0.6116 0.3121 0.7270
vn -0.6472 -0.4304 0.6291
vn -0.0103 0.0184 0.9998
vn -0.1939 -0.7503 0.6320
vn 0.0015 0.0075 1.0000
vn 0.0007 0.0021 1.0000
vn 0.0005 -0.0002 1.0000
vn 0.0004 -0.0000 1.0000
vn 0.0004 0.0002 1.0000
vn 0.0003 0.0004 1.0000
vn 0.2954 0.5661 0.7696
vn -0.2796 0.6702 0.6875
vn -0.1668 0.6989 0.6955
vn 0.7539 0.6162 0.2278
vn 0.1817 0.6696 -0.7202
vn 0.0010 0.9659 -0.2588
vn -0.0245 0.0173 -0.9996
vn -0.7396 0.6278 -0.2424
vn -0.1663 0.0069 -0.9861
vn -0.4103 -0.7006 -0.5838
vn 0.2197 0.3482 0.9113
vn -0.2820 -0.4961 0.8212
vn 0.9193 0.3045 0.2492
vn -0.5729 -0.1602 0.8038
vn -0.5103 0.2769 0.8142
vn 0.7535 -0.5856 0.2989
vn -0.1619 0.5446 0.8229
vn 0.2921 0.4938 0.8191
vn -0.0006 -0.0129 0.9999
vn 0.5694 0.1657 0.8052
vn 0.5129 -0.2890 0.8084
vn 0.1625 -0.5616 0.8113
vn -0.0937 0.2967 0.9504
vn 0.0937 0.3392 0.9360
vn 0.9967 0.0808 -0.0050
vn 0.9898 0.1418 0.0136
vn 0.7542 -0.6566 -0.0062
vn 0.6655 -0.7463 0.0138
vn -0.1439 -0.9895 -0.0134
vn -0.9186 -0.3950 -0.0151
vn 0.6930 0.7209 -0.0108
vn 0.5949 0.8038 0.0044
vn -0.1060 0.9943 -0.0106
vn -0.3201 0.8956 0.3088
vn -0.6721 0.5702 0.4724
vn -0.8557 0.5173 -0.0133
vn -0.8479 0.0170 0.5299
vn 0.8253 0.5120 0.2383
vn 0.9830 -0.1145 0.1432
vn 0.9423 -0.2923 0.1629
vn 0.7435 -0.6684 -0.0203
vn 0.4044 -0.8957 0.1851
vn -0.1000 -0.9949 0.0134
vn -0.5080 -0.8607 -0.0320
vn -0.8505 -0.5233 0.0535
vn -0.9788 -0.1921 -0.0718
vn -0.9910 0.1334 0.0065
vn -0.8079 0.5875 -0.0462
vn -0.4545 0.8906 0.0141
vn -0.1613 0.9866 0.0266
vn -0.0471 0.9988 0.0128
vn 0.3847 0.9228 -0.0215
vn 0.3709 0.9279 -0.0388
vn 0.6532 0.7571 -0.0003
vn 0.9932 -0.1160 0.0055
vn 0.9225 -0.3859 0.0100
vn 0.8367 -0.5476 -0.0073
vn 0.6109 -0.7909 -0.0363
vn 0.4917 -0.8702 -0.0318
vn 0.2235 -0.9747 -0.0096
vn 0.1230 -0.9923 0.0103
vn -0.1962 -0.9805 -0.0101
vn -0.3714 -0.9283 -0.0205
vn -0.5521 -0.8338 0.0029
vn -0.8111 -0.5847 0.0155
vn -0.9145 -0.4027 0.0384
vn -0.9416 0.3358 0.0238
vn -0.9977 -0.0633 -0.0237
vn -0.9927 0.1194 0.0137
vn -0.7607 0.6486 0.0257
vn -0.7125 0.7017 0.0039
vn -0.4131 0.9103 -0.0256
vn -0.2746 0.9615 -0.0081
vn 0.9937 0.0575 0.0964
vn 0.9560 0.2934 0.0059
vn 0.9434 -0.3314 -0.0102
vn 0.9213 -0.3827 -0.0687
vn 0.3133 -0.9467 0.0747
vn 0.6644 -0.7464 0.0366
vn -0.0068 -0.9999 -0.0074
vn -0.1152 -0.9928 -0.0319
vn -0.8257 -0.5614 0.0545
vn -0.3017 -0.4115 -0.8600
vn -0.9650 -0.2618 -0.0140
vn -0.9971 0.0527 -0.0547
vn -0.8923 0.4513 -0.0105
vn -0.9680 0.2499 -0.0223
vn -0.7773 0.6287 -0.0203
vn -0.5761 0.8164 0.0395
vn -0.4563 0.8898 0.0039
vn -0.2203 0.9753 0.0173
vn 0.0119 0.9998 -0.0174
vn 0.1613 0.9867 -0.0177
vn 0.4925 0.8700 -0.0221
vn 0.4782 0.8782 0.0018
vn 0.7367 0.6763 0.0006
vn 0.9812 -0.1867 -0.0490
vn 0.9825 -0.1809 -0.0439
vn 0.7754 -0.6311 0.0198
vn 0.5661 -0.8243 0.0080
vn 0.3562 -0.9343 0.0109
vn -0.0498 -0.9987 0.0102
vn -0.0507 -0.9987 0.0068
vn 0.8187 0.5740 0.0157
vn 0.9106 0.4127 0.0243
vn 0.4944 0.1486 -0.8565
vn 0.9935 0.1081 0.0354
vn -0.0585 0.9982 -0.0111
vn 0.2243 0.9733 0.0485
vn 0.2844 0.9587 -0.0027
vn 0.6817 0.7302 -0.0458
vn 0.6850 0.7274 -0.0417
vn 0.9821 0.1875 0.0160
vn 0.4727 -0.2763 -0.8368
vn 0.5895 -0.8074 0.0263
vn -0.4037 -0.9138 0.0442
vn -0.6756 -0.7356 0.0497
vn 0.8803 0.4739 0.0234
vn 0.9660 0.2575 0.0244
vn -0.3395 -0.9402 -0.0269
vn -0.5516 -0.8337 0.0245
vn -0.7358 -0.6769 0.0221
vn -0.9583 -0.2855 -0.0086
vn -0.9015 -0.4312 -0.0372
vn -0.4708 -0.1083 -0.8756
vn -0.9891 0.1468 0.0115
vn -0.9271 0.3748 0.0080
vn -0.8234 0.5674 -0.0095
vn -0.5311 0.8472 -0.0142
vn 0.0384 0.9993 -0.0042
vn 0.4383 0.8988 -0.0050
vn 0.6163 0.7875 -0.0014
vn 0.8120 0.5832 0.0248
vn 0.9143 0.4043 0.0222
vn 0.9921 0.1209 -0.0325
vn 0.9941 0.1076 -0.0126
vn 0.4769 -0.0757 -0.8757
vn 0.9020 -0.4317 -0.0015
vn 0.5710 -0.8188 -0.0596
vn 0.0440 -0.9988 0.0204
vn 0.1054 -0.4124 -0.9049
vn -0.2646 -0.9642 0.0190
vn -0.5913 -0.8064 -0.0037
vn -0.7577 -0.6525 -0.0095
vn -0.9092 -0.4160 0.0172
vn -0.9568 -0.2896 0.0247
vn -0.9989 -0.0436 0.0175
vn -0.9840 0.1781 0.0106
vn 0.7249 0.6879 -0.0356
vn 0.4466 0.8947 0.0079
vn 0.8310 0.5562 -0.0034
vn 0.4029 0.2088 -0.8911
vn 0.9998 -0.0060 0.0201
vn 0.5220 -0.8529 -0.0090
vn 0.1571 -0.9875 -0.0109
vn -0.1686 -0.9851 0.0349
vn -0.3183 -0.9478 0.0189
vn -0.6216 -0.7799 -0.0738
vn -0.7108 -0.7034 0.0082
vn -0.9730 -0.2290 -0.0290
vn -0.9602 0.2758 0.0429
vn 0.1665 0.9860 0.0115
vn -0.2766 0.9609 0.0099
vn 0.5055 0.8627 -0.0137
vn -0.0021 -0.9995 -0.0301
vn 0.4761 -0.8789 -0.0302
vn -0.2210 -0.9753 -0.0062
vn -0.3844 -0.9231 -0.0146
vn -0.6590 -0.7495 0.0627
vn -0.8902 -0.4554 0.0093
vn -0.8955 -0.4443 -0.0247
vn -0.9930 -0.0352 0.1124
vn -0.9515 0.3068 0.0237
vn -0.9850 0.1722 0.0125
vn -0.5498 0.2554 -0.7953
vn -0.6951 0.7189 0.0002
vn -0.0901 0.9945 -0.0526
vn -0.0517 0.9987 -0.0049
vn 0.4491 0.8934 -0.0091
vn 0.6611 0.7502 0.0129
vn 0.7928 0.6093 0.0120
vn 0.9797 0.1976 -0.0339
vn 0.9817 0.1902 -0.0091
vn 0.9456 -0.3239 -0.0295
vn -0.2418 -0.9703 -0.0035
vn 0.0813 -0.9967 0.0022
vn -0.4785 -0.8778 -0.0225
vn -0.6377 -0.7703 -0.0006
vn -0.8700 -0.4928 0.0179
vn -0.8420 -0.5395 0.0071
vn -0.9846 -0.1740 0.0150
vn -0.9922 -0.1246 -0.0003
vn -0.9836 0.1798 -0.0149
vn -0.9414 0.3370 -0.0150
vn -0.3757 0.9266 0.0156
vn -0.5869 0.8097 0.0075
vn 0.1850 0.9827 0.0072
vn -0.0431 0.9981 0.0451
vn 0.5079 0.8595 0.0566
vn 0.8739 0.4855 0.0227
vn 0.7476 0.6638 0.0235
vn 0.9426 0.3334 0.0172
vn 0.9703 -0.2414 -0.0139
vn -0.1532 -0.9882 0.0048
vn 0.2331 -0.9720 -0.0280
vn -0.3648 -0.9306 0.0295
vn -0.5071 -0.8607 0.0456
vn -0.8113 -0.5844 -0.0134
vn -0.7862 -0.6179 0.0056
vn -0.9831 -0.1829 -0.0010
vn -0.9333 -0.3499 -0.0814
vn -0.9940 0.1068 -0.0221
vn -0.9419 0.3354 0.0166
vn -0.3027 0.9528 0.0211
vn -0.2885 0.9574 -0.0132
vn 0.1672 0.9859 -0.0023
vn 0.2014 0.9794 0.0161
vn 0.4638 0.7963 -0.3884
vn 0.6427 0.7660 0.0138
vn 0.1041 -0.7967 -0.5954
vn 0.3333 -0.9422 -0.0342
vn -0.1554 -0.9876 -0.0230
vn 0.6699 -0.7424 -0.0124
vn 0.5833 -0.6257 -0.5179
vn 0.9277 -0.3732 -0.0061
vn 0.8211 -0.3026 -0.4839
vn 0.9727 0.2315 -0.0134
vn 0.8939 -0.0007 -0.4482
vn 0.8075 0.4437 -0.3887
vn -0.5704 0.8196 -0.0546
vn -0.7033 0.7109 -0.0013
vn -0.9118 0.4106 -0.0070
vn 0.3145 -0.9491 0.0132
vn 0.6867 -0.7263 -0.0301
vn 0.7108 -0.7028 -0.0304
vn 0.9307 -0.3640 -0.0351
vn 0.9981 0.0613 0.0073
vn -0.8133 0.5817 0.0120
vn 0.1425 -0.9892 -0.0341
vn 0.5900 -0.8068 0.0315
vn 0.5714 -0.8207 -0.0053
vn 0.7857 -0.6176 0.0349
vn 0.9788 -0.2040 -0.0203
vn -0.3714 0.9284 0.0093
vn -0.7239 0.6895 0.0230
vn 0.2231 -0.9711 -0.0843
vn 0.6704 -0.7416 0.0246
vn 0.9382 -0.3455 -0.0206
vn 0.8273 -0.5606 -0.0375
vn 0.9965 -0.0832 0.0028
vn 0.9352 0.3541 0.0029
vn 0.9274 0.3737 0.0188
vn 0.3284 0.3763 -0.8663
vn 0.4834 0.8733 -0.0601
vn -0.3919 0.9197 -0.0251
vn -0.7278 0.6848 0.0371
vn 0.1687 -0.9829 0.0734
vn 0.7030 -0.7089 -0.0573
vn 0.8566 -0.5157 0.0148
vn 0.9235 -0.3805 0.0483
vn 0.9962 0.0490 -0.0714
vn 0.2284 0.9722 -0.0508
vn -0.0176 0.9998 0.0022
vn -0.1449 0.9892 0.0200
vn -0.4722 0.8810 -0.0313
vn -0.2772 0.4107 -0.8686
vn -0.6566 0.7537 -0.0283
vn -0.8064 0.5913 0.0023
vn -0.9151 0.4032 0.0005
vn 0.4781 -0.8763 -0.0592
vn 0.8764 -0.4444 0.1855
vn 0.2692 0.9630 0.0132
vn -0.2315 0.9724 0.0286
vn -0.5298 0.8459 -0.0611
vn -0.4316 0.7203 0.5430
vn -0.4000 -0.2034 0.8937
vn 0.9331 -0.3581 -0.0347
vn 0.9555 0.2929 -0.0354
vn -0.5305 0.8427 0.0915
vn -0.9936 -0.0098 -0.1124
vn -0.2941 -0.9553 -0.0298
vn 0.5007 -0.8650 -0.0321
vn -0.9018 0.2864 -0.3237
vn -0.5672 0.6956 -0.4409
vn 0.1543 0.9603 -0.2325
vn 0.8301 0.3976 -0.3909
vn 0.8449 -0.1920 -0.4993
vn 0.4877 -0.8436 -0.2250
vn -0.2599 -0.8351 -0.4847
vn -0.8041 -0.5277 -0.2739
vn 0.6045 -0.1729 -0.7776
vn 0.4924 0.4623 -0.7375
vn -0.3336 0.6385 -0.6936
vn -0.7373 -0.0765 -0.6712
vn -0.1115 -0.6997 -0.7057
vn -0.0245 0.0026 -0.9997
vn -0.0065 -0.0199 -0.9998
vn 0.0742 -0.1155 -0.9905
vn 0.0621 -0.1339 -0.9890
vn -0.3560 -0.3730 -0.8568
vn 0.0434 -0.0007 -0.9991
vn -0.4672 0.1276 -0.8749
vn -0.0853 0.5773 -0.8120
vn -0.2488 -0.3655 -0.8970
vn 0.7697 0.1376 -0.6234
vn 0.8517 0.4071 -0.3301
vn 0.9124 -0.1657 -0.3743
vn 0.7140 -0.5335 -0.4533
vn 0.3827 -0.8770 -0.2904
vn -0.1043 -0.8974 -0.4288
vn -0.5578 -0.7719 -0.3049
vn -0.8419 -0.3174 -0.4365
vn -0.8962 0.1006 -0.4322
vn -0.7090 0.5455 -0.4470
vn -0.4069 0.8517 -0.3302
vn 0.1656 0.9125 -0.3742
vn 0.5255 0.6979 -0.4866
vn 0.9113 -0.4117 0.0091
vn 0.9354 0.3533 0.0090
vn 0.4117 0.9113 0.0091
vn -0.3533 0.9354 0.0090
vn -0.9113 0.4117 0.0091
vn -0.9354 -0.3533 0.0090
vn -0.4117 -0.9113 0.0091
vn 0.3533 -0.9355 0.0088
vn 0.3200 -0.9384 0.1303
vn 0.3451 -0.7638 -0.5453
vn -0.3213 -0.9369 0.1376
vn -0.1150 -0.5515 -0.8262
vn -0.6597 -0.6928 0.2911
vn -0.4215 -0.5034 -0.7543
vn -0.8768 -0.3275 -0.3521
vn -0.3200 0.9384 0.1303
vn -0.3451 0.7638 -0.5453
vn 0.3213 0.9369 0.1376
vn 0.1150 0.5515 -0.8262
vn 0.6597 0.6928 0.2911
vn 0.4215 0.5034 -0.7543
vn 0.8768 0.3275 -0.3521
vn -0.6660 0.5242 -0.5307
vn -0.7398 0.6542 0.1574
vn -0.9684 0.0957 0.2304
vn 0.6660 -0.5242 -0.5307
vn 0.7398 -0.6542 0.1574
vn 0.9680 -0.0963 0.2318
vn -0.0559 0.0030 -0.9984
vn -0.0317 0.4389 -0.8980
vn 0.0559 -0.0030 -0.9984
vn 0.0317 -0.4389 -0.8980
vn 0.6473 -0.0187 -0.7620
vn -0.2688 -0.0896 -0.9590
vn -0.6493 0.0272 -0.7600
vn 0.2678 0.0897 -0.9593
vn -0.4740 0.4390 -0.7633
vn -0.3683 0.8726 -0.3208
vn 0.4740 -0.4390 -0.7633
vn 0.3683 -0.8726 -0.3208
vn -0.5719 -0.3997 -0.7164
vn -0.2790 -0.4133 -0.8668
vn -0.2731 -0.8653 -0.4203
vn 0.8701 -0.0760 -0.4871
vn 0.5719 0.3997 -0.7164
vn 0.2790 0.4133 -0.8668
vn 0.2731 0.8653 -0.4203
vn -0.8704 0.0756 -0.4866
vn -0.6033 -0.0480 0.7961
vn -0.9279 0.3724 0.0202
vn -0.2802 0.7872 0.5494
vn -0.0426 0.9980 -0.0458
vn 0.1629 0.8072 0.5673
vn 0.5666 0.8216 0.0628
vn 0.9727 0.2285 -0.0413
vn 0.6032 0.0472 0.7962
vn 0.9279 -0.3724 0.0202
vn 0.2802 -0.7872 0.5494
vn 0.0426 -0.9980 -0.0458
vn -0.1629 -0.8072 0.5673
vn -0.5666 -0.8216 0.0628
vn -0.9727 -0.2285 -0.0413
vn -0.4295 0.3908 0.8141
vn -0.0935 0.2803 0.9553
vn -0.0395 -0.1697 0.9847
vn 0.3555 0.3954 0.8469
vn 0.4295 -0.3908 0.8141
vn 0.0935 -0.2803 0.9553
vn 0.0395 0.1697 0.9847
vn -0.3555 -0.3954 0.8469
vn 0.3065 -0.0904 0.9476
vn 0.4582 -0.5160 0.7238
vn -0.4036 -0.2579 0.8779
vn -0.3071 0.0922 0.9472
vn -0.4582 0.5160 0.7238
vn 0.4036 0.2579 0.8779
vn 0.4589 -0.1505 0.8756
vn -0.4589 0.1505 0.8756
vn -0.8182 -0.5633 0.1146
vn 0.6698 -0.7327 0.1207
vn 0.8182 0.5633 0.1146
vn -0.6698 0.7327 0.1207
vn -0.2173 -0.9259 0.3091
vn 0.1493 -0.9392 -0.3091
vn -0.5375 -0.7699 -0.3441
vn -0.8070 -0.4800 0.3441
vn -0.9392 -0.1493 -0.3091
vn -0.9259 0.2173 0.3091
vn -0.7699 0.5375 -0.3441
vn -0.4800 0.8070 0.3441
vn -0.1493 0.9392 -0.3091
vn 0.2173 0.9259 0.3091
vn 0.5375 0.7699 -0.3441
vn 0.8070 0.4800 0.3441
vn 0.9392 0.1493 -0.3091
vn 0.9259 -0.2173 0.3091
vn 0.7699 -0.5375 -0.3441
vn 0.4800 -0.8070 0.3441
vn 0.1681 0.9857 -0.0155
vn 0.3399 0.9393 -0.0464
vn 0.7572 0.6516 0.0458
vn 0.8909 0.4477 -0.0773
vn 0.9474 -0.2453 0.2055
vn 0.9892 0.0812 -0.1219
vn 0.6867 -0.4981 -0.5294
vn 0.4799 -0.7874 0.3870
vn 0.1744 -0.9223 -0.3448
vn -0.1681 -0.9857 -0.0155
vn -0.3399 -0.9393 -0.0464
vn -0.7572 -0.6516 0.0458
vn -0.8909 -0.4477 -0.0773
vn -0.9474 0.2453 0.2055
vn -0.9892 -0.0812 -0.1219
vn -0.6867 0.4981 -0.5294
vn -0.4799 0.7874 0.3870
vn -0.1744 0.9223 -0.3448
vn 0.2107 0.8632 0.4587
vn -0.4770 -0.5683 0.6705
vn -0.1670 -0.7320 0.6605
vn 0.0207 0.8760 0.4819
vn 0.1017 -0.7285 0.6775
vn -0.3336 0.8358 0.4360
vn 0.4253 -0.6117 0.6670
vn -0.5684 0.6776 0.4667
vn 0.6925 -0.2764 0.6664
vn -0.7905 0.3518 0.5013
vn -0.8109 -0.0927 0.5779
vn 0.7347 0.1834 0.6532
vn -0.6828 -0.4783 0.5523
vn 0.5199 0.5347 0.6662
vn -0.4801 -0.7242 0.4950
vn 0.1151 0.7411 0.6614
vn -0.0733 -0.8672 0.4925
vn 0.0962 -0.7836 0.6138
vn -0.3309 0.6801 0.6542
vn 0.5821 -0.6408 0.5005
vn -0.6519 0.3700 0.6619
vn 0.6863 -0.4697 0.5552
vn 0.8585 -0.0762 0.5072
vn -0.7478 -0.0389 0.6628
vn 0.8639 0.2238 0.4513
vn 0.4530 0.5405 0.7090
vn 0.3558 0.7790 -0.5163
vn 0.5596 0.4870 -0.6706
vn 0.0457 0.7195 -0.6930
vn -0.1829 0.7153 -0.6744
vn -0.4881 0.5688 -0.6620
vn -0.7269 0.2062 -0.6551
vn -0.7186 -0.2255 -0.6578
vn -0.7437 -0.4089 0.5288
vn -0.5045 -0.5239 -0.6863
vn -0.2856 -0.8257 -0.4864
vn 0.2499 -0.9682 -0.0110
vn 0.7596 -0.6502 -0.0146
vn 0.8562 -0.1131 -0.5041
vn 0.6904 0.2165 -0.6903
vn -0.3136 -0.8026 -0.5075
vn -0.5249 -0.6905 -0.4977
vn -0.7293 -0.4569 -0.5093
vn -0.8382 -0.2133 -0.5019
vn -0.8850 0.0610 -0.4615
vn -0.0820 0.0374 -0.9959
vn -0.7564 0.4320 -0.4912
vn -0.6771 0.5665 -0.4697
vn -0.0511 0.1014 -0.9935
vn -0.4345 0.7474 -0.5026
vn 0.0101 0.1057 -0.9944
vn -0.2689 0.9358 -0.2280
vn 0.3732 0.7815 -0.5001
vn 0.8287 0.3136 -0.4637
vn 0.8516 0.0419 -0.5225
vn 0.7455 -0.3807 -0.5471
vn 0.4504 -0.6576 -0.6039
vn 0.2173 -0.8220 -0.5265
vn -0.0324 -0.8512 -0.5238
vn 0.3320 -0.8852 -0.3260
vn 0.1085 -0.9065 -0.4081
vn 0.6004 -0.7996 0.0064
vn -0.9357 0.3097 0.1690
vn 0.1606 0.9446 0.2862
vn 0.5853 0.7210 0.3710
vn 0.7553 0.4354 0.4899
vn 0.9515 -0.2227 0.2122
vn 0.7364 -0.5891 0.3325
vn -0.5981 -0.7949 -0.1024
vn -0.5389 -0.7832 -0.3102
vn -0.3024 -0.9492 -0.0870
vn -0.2041 -0.8946 -0.3976
vn 0.0269 -0.9977 -0.0616
vn 0.9147 -0.3083 -0.2614
vn 0.7885 -0.4781 -0.3869
vn 0.9275 0.0451 -0.3711
vn 0.9982 0.0494 -0.0325
vn 0.9535 0.2887 -0.0872
vn 0.8321 0.4804 -0.2772
vn 0.7411 0.6375 -0.2105
vn 0.4828 0.8538 -0.1948
vn 0.2671 0.9313 -0.2476
vn 0.0411 0.9425 -0.3317
vn -0.1304 0.9823 -0.1342
vn -0.3886 0.9176 -0.0839
vn -0.3408 0.7911 -0.5079
vn -0.6364 0.7654 -0.0957
vn -0.7458 0.5463 -0.3813
vn -0.8808 0.3666 -0.2997
vn -0.9263 0.0480 -0.3736
vn -0.9998 0.0076 -0.0199
vn -0.9367 -0.2927 -0.1919
vn -0.8170 -0.4824 -0.3158
vn -0.7877 -0.6117 -0.0723
vn -0.4880 -0.8702 0.0675
vn -0.7749 -0.6150 0.1458
vn -0.9339 -0.2850 0.2158
vn -0.9538 0.2867 0.0894
vn -0.6245 0.7806 -0.0266
vn -0.0347 0.9983 -0.0466
vn 0.4634 0.8838 0.0647
vn 0.7682 0.6143 0.1805
vn 0.9413 0.2955 0.1632
vn 0.9642 -0.2273 0.1369
vn 0.6122 -0.7424 -0.2721
vn 0.0875 -0.9950 -0.0478
vn -0.5839 -0.8030 -0.1193
vn -0.6892 -0.7135 -0.1267
vn -0.1461 -0.9609 -0.2351
vn -0.2547 -0.9260 -0.2788
vn 0.3022 -0.8901 -0.3412
vn 0.8003 -0.5802 -0.1511
vn 0.9444 -0.1930 -0.2662
vn 0.9520 -0.2481 -0.1794
vn 0.9631 0.1425 -0.2281
vn 0.7611 0.3429 -0.5505
vn 0.8672 0.4803 -0.1314
vn 0.6896 0.7134 -0.1246
vn 0.5539 0.8254 -0.1087
vn 0.2385 0.9448 -0.2248
vn 0.1467 0.9610 -0.2345
vn -0.0320 0.8362 0.5475
vn -0.1822 0.9707 0.1570
vn -0.4237 0.8741 0.2376
vn -0.5347 0.6547 0.5342
vn -0.7682 0.6049 0.2095
vn -0.7694 0.2282 0.5966
vn -0.9441 0.1326 0.3018
vn 0.2050 0.9156 0.3460
vn -0.2953 0.9481 -0.1175
vn -0.6020 0.7906 -0.1119
vn -0.8223 0.5600 -0.1014
vn -0.9520 0.2478 -0.1796
vn -0.9228 0.2244 -0.3131
vn -0.9630 -0.1432 -0.2282
vn -0.8666 -0.4812 -0.1320
vn -0.7611 -0.3429 -0.5505
vn 0.9450 -0.1330 0.2987
vn 0.7694 -0.2282 0.5966
vn 0.7682 -0.6053 0.2083
vn 0.5347 -0.6547 0.5342
vn 0.4226 -0.8749 0.2364
vn 0.0320 -0.8362 0.5475
vn 0.1833 -0.9706 0.1557
vn -0.2035 -0.9157 0.3466
vn 0.5970 -0.7526 -0.2778
vn -0.4821 -0.8264 0.2908
vn -0.8708 -0.4903 -0.0359
vn -0.8849 -0.2746 0.3762
vn -0.9016 0.0071 0.4324
vn -0.8056 0.5556 0.2056
vn -0.5211 0.8266 0.2125
vn -0.2247 0.9566 0.1858
vn 0.0929 0.9168 0.3884
vn 0.4048 0.8888 0.2148
vn 0.7334 0.5766 0.3600
vn 0.9229 0.3844 -0.0237
vn 0.8704 0.0741 0.4868
vn 0.9316 -0.1876 0.3112
vn 0.8104 -0.5125 0.2839
vn 0.3135 -0.8704 0.3797
vn -0.0151 -0.9339 0.3571
vn 0.3142 -0.9065 -0.2819
vn 0.6892 0.4291 -0.5839
vn 0.3853 0.8588 -0.3376
vn -0.6423 0.1027 -0.7596
vn -0.7432 -0.5706 0.3494
vn 0.8133 0.3686 0.4502
vn 0.6623 -0.6140 0.4295
vn -0.3051 -0.9512 -0.0453
vn -0.6403 -0.7669 -0.0442
vn 0.0649 -0.9900 -0.1254
vn 0.5556 -0.8287 -0.0669
vn 0.9200 -0.3876 -0.0572
vn 0.9737 0.1909 -0.1244
vn 0.6617 0.7482 -0.0478
vn -0.0328 0.9995 0.0021
vn -0.3967 0.9143 -0.0824
vn -0.6823 0.7299 -0.0418
vn -0.8835 0.4624 -0.0745
vn -0.9876 0.1293 0.0888
vn -0.9576 -0.2809 -0.0641
vn 0.9921 -0.0896 0.0876
vn -0.0432 -0.9990 0.0088
vn 0.1078 -0.4790 -0.8712
vn 0.5318 -0.8466 0.0220
vn 0.3560 -0.3306 -0.8741
vn 0.9178 -0.3958 0.0296
vn 0.0151 0.6519 0.7582
vn 0.0214 0.0809 0.9965
vn -0.0403 0.0763 0.9963
vn -0.4275 0.4959 0.7559
vn -0.0831 0.0222 0.9963
vn -0.6507 0.0628 0.7567
vn -0.5295 -0.3627 0.7669
vn -0.0760 -0.0395 0.9963
vn -0.0227 -0.0836 0.9962
vn -0.1553 -0.6305 0.7605
vn 0.3051 -0.5795 0.7557
vn 0.0439 -0.0756 0.9962
vn 0.6145 -0.2283 0.7552
vn 0.0810 -0.0225 0.9965
vn 0.6341 0.2232 0.7403
vn 0.0824 0.0476 0.9955
vn 0.4161 0.5472 0.7263
vn -0.4252 -0.8858 -0.1858
vn -0.2804 -0.9598 -0.0152
vn -0.7280 -0.6681 -0.1538
vn -0.8594 -0.5092 0.0456
vn -0.9854 -0.1528 -0.0752
vn -0.9637 0.2648 0.0339
vn -0.8671 0.4675 -0.1720
vn -0.7125 0.6982 -0.0696
vn -0.4917 0.8688 0.0582
vn -0.3596 0.9270 -0.1069
vn 0.2575 0.9660 0.0223
vn 0.0972 0.9818 -0.1632
vn 0.5192 0.8489 -0.0990
vn 0.8753 0.4818 0.0415
vn 0.8703 0.4890 -0.0585
vn 0.9808 -0.1649 -0.1043
vn 0.9641 -0.2645 0.0228
vn 0.7106 -0.6837 -0.1659
vn 0.5026 -0.8635 0.0424
vn 0.1563 -0.9832 -0.0946
vn -0.0410 -0.9947 0.0939
vn -0.2250 -0.9603 0.1650
vn 0.5306 -0.8465 0.0432
vn 0.8813 -0.4385 -0.1762
vn 0.3144 -0.9208 0.2309
vn 0.7415 -0.6110 0.2773
vn 0.9704 -0.1744 0.1671
vn 0.9632 0.2385 0.1239
vn 0.9696 0.2143 -0.1185
vn 0.6032 0.7531 -0.2627
vn 0.6630 0.7115 0.2330
vn 0.4621 0.8100 0.3610
vn -0.1483 0.9871 0.0607
vn 0.2024 0.9739 0.1025
vn -0.2976 0.9040 0.3069
vn -0.3255 0.9149 -0.2387
vn -0.6924 0.7163 -0.0869
vn -0.5037 0.8199 0.2720
vn -0.8194 0.4747 0.3213
vn -0.8773 0.4684 0.1044
vn -0.9349 -0.2223 -0.2768
vn -0.9897 -0.1159 0.0835
vn -0.9523 0.0381 0.3027
vn -0.8521 -0.5180 0.0745
vn -0.9202 0.3422 -0.1900
vn -0.2256 -0.9456 -0.2343
vn -0.5664 -0.8120 0.1412
vn 0.7269 0.6236 0.2876
vn 0.6764 -0.6559 0.3351
vn -0.4582 -0.8508 0.2573
vn -0.8231 -0.5668 -0.0348
vn -0.2098 -0.9775 -0.0216
vn -0.8403 -0.5395 -0.0529
vn -0.9756 0.2173 -0.0306
vn -0.5430 0.8385 -0.0458
vn 0.2222 0.9744 -0.0326
vn 0.8511 0.5243 -0.0271
vn 0.9795 -0.2013 0.0069
vn 0.5229 -0.8509 -0.0508
vn 0.0202 0.0919 -0.9956
vn 0.0843 0.6535 -0.7522
vn -0.3647 0.5453 -0.7547
vn -0.0499 0.0796 -0.9956
vn -0.6282 0.1242 -0.7681
vn -0.0781 0.0088 -0.9969
vn -0.1972 -0.0872 -0.9765
vn -0.0038 -0.0027 -1.0000
vn -0.0145 -0.0376 -0.9992
vn -0.0225 -0.0704 -0.9973
vn 0.0331 -0.0710 -0.9969
vn 0.4746 -0.4620 -0.7492
vn 0.0906 -0.0193 -0.9957
vn 0.6743 -0.0000 -0.7385
vn 0.5039 0.4287 -0.7498
vn 0.0792 0.0436 -0.9959
vn 0.3262 -0.9268 0.1861
vn -0.1450 -0.9890 0.0298
vn -0.8307 -0.5564 0.0217
vn -0.5055 -0.5478 -0.6667
vn 0.3290 -0.0832 -0.9407
vn -0.1537 -0.1897 -0.9697
vn -0.1278 0.2310 -0.9645
vn 0.1093 -0.5445 -0.8316
vn 0.1406 0.6276 -0.7657
vn 0.6960 0.2604 -0.6692
vn -0.6298 -0.1408 -0.7639
vn -0.5661 0.5740 -0.5917
vn 0.7290 -0.4606 -0.5063
vn -0.3043 -0.7381 -0.6022
vn 0.5599 0.7671 -0.3131
vn -0.1882 0.9498 -0.2498
vn 0.2947 -0.8929 -0.3403
vn -0.7335 -0.6074 -0.3050
vn -0.9570 0.1304 -0.2590
vn -0.6468 0.7504 0.1364
vn 0.9874 -0.1275 -0.0942
vn -0.2172 -0.9761 0.0023
vn 0.4350 0.8593 0.2690
vn 0.9083 0.3347 0.2511
vn 0.4828 -0.8390 0.2509
vn -0.9381 -0.3365 0.0818
vn -0.0413 0.8571 0.5135
vn -0.4372 -0.7944 0.4216
vn -0.8707 0.2790 0.4051
vn 0.7284 -0.2846 0.6233
vn -0.7403 -0.3362 0.5823
vn 0.0739 -0.6321 0.7714
vn -0.4230 0.4667 0.7767
vn 0.4826 0.3221 0.8145
vn -0.4318 -0.1122 0.8950
vn 0.0501 0.3170 0.9471
vn 0.0885 -0.1391 0.9863
vn 0.3188 -0.2835 0.9044
vn 0.1955 0.2155 0.9568
vn -0.2968 -0.0846 0.9512
vn -0.2295 0.3230 -0.9181
vn 0.3294 0.0721 -0.9414
vn -0.2441 -0.1331 -0.9606
vn 0.0474 -0.5533 -0.8316
vn 0.1078 0.6115 -0.7839
vn 0.4750 -0.3513 -0.8069
vn -0.5101 -0.4487 -0.7338
vn -0.7073 0.1584 -0.6889
vn 0.8724 0.0454 -0.4866
vn 0.7823 -0.4591 -0.4211
vn 0.3677 -0.8152 -0.4474
vn -0.5922 0.6770 -0.4370
vn 0.5931 0.6299 -0.5014
vn -0.2489 -0.8946 -0.3713
vn -0.8627 -0.4243 -0.2751
vn -0.0197 0.9574 -0.2881
vn -0.9684 0.2322 -0.0916
vn 0.9108 0.4119 -0.0293
vn 0.9561 -0.2497 0.1532
vn 0.5502 -0.8350 0.0101
vn -0.2932 -0.9512 0.0965
vn -0.5878 0.7710 0.2452
vn 0.4793 0.8606 0.1722
vn -0.8873 -0.3674 0.2788
vn -0.0549 0.8753 0.4805
vn 0.8262 0.2348 0.5121
vn 0.7129 -0.4476 0.5399
vn 0.1797 -0.8265 0.5336
vn -0.8013 0.3426 0.4905
vn -0.3903 -0.6307 0.6708
vn -0.6627 -0.1369 0.7362
vn 0.4811 0.4875 0.7287
vn -0.2595 0.4419 0.8587
vn 0.4159 0.0341 -0.9088
vn -0.1275 -0.2145 -0.9684
vn -0.1260 0.4665 -0.8755
vn 0.3995 -0.4432 -0.8025
vn -0.5430 -0.0363 -0.8389
vn 0.4495 0.4085 -0.7944
vn 0.0900 -0.7721 -0.6291
vn -0.5005 -0.5977 -0.6263
vn -0.7703 0.3762 -0.5150
vn -0.9193 -0.1837 -0.3481
vn -0.3924 0.8618 -0.3215
vn 0.4633 0.7458 -0.4787
vn 0.8482 -0.0672 -0.5253
vn 0.5997 -0.7814 -0.1726
vn -0.2906 -0.9075 -0.3034
vn 0.9214 0.3878 -0.0239
vn 0.0771 -0.9870 0.1409
vn -0.6526 -0.7533 0.0817
vn 0.2768 0.9608 0.0178
vn 0.9733 -0.1335 0.1865
vn -0.8083 0.5758 0.1227
vn 0.7666 -0.5671 0.3012
vn -0.9490 -0.1246 0.2895
vn -0.4949 -0.6355 0.5927
vn -0.6369 0.4578 0.6203
vn -0.1612 0.8508 0.5001
vn 0.5468 0.6892 0.4754
vn 0.1635 -0.6987 0.6964
vn 0.6475 0.2381 0.7239
vn 0.5249 -0.2634 0.8094
vn -0.4989 -0.1770 0.8484
vn 0.0718 0.4729 0.8782
vn -0.2836 0.1646 0.9447
vn 0.0934 -0.0755 0.9928
vn -0.3426 0.1278 0.9307
vn -0.0612 -0.2215 0.9732
vn 0.1894 0.3705 0.9093
vn 0.0388 -0.0443 -0.9983
vn -0.0498 0.3741 -0.9261
vn 0.5258 0.1438 -0.8383
vn 0.2122 -0.4592 -0.8626
vn -0.5278 -0.1926 -0.8272
vn -0.5500 0.3724 -0.7476
vn 0.4484 0.7072 -0.5467
vn -0.4610 -0.6726 -0.5789
vn -0.0694 0.8367 -0.5433
vn 0.8231 -0.2821 -0.4929
vn 0.1383 -0.8874 -0.4399
vn 0.8293 0.4504 -0.3307
vn 0.6156 -0.7265 -0.3054
vn -0.8792 0.2788 -0.3864
vn -0.5136 -0.8578 -0.0193
vn -0.9654 -0.2018 -0.1652
vn -0.5061 0.8287 -0.2389
vn 0.9997 0.0056 0.0228
vn 0.2501 0.9658 0.0677
vn 0.6699 0.6624 0.3353
vn 0.6650 -0.7135 0.2208
vn 0.0362 -0.9638 0.2643
vn -0.8634 0.4457 0.2363
vn -0.8997 -0.2740 0.3398
vn -0.4491 0.8416 0.3000
vn 0.7738 -0.3014 0.5571
vn 0.7341 0.2700 0.6230
vn -0.5306 -0.5285 0.6627
vn -0.0727 0.7240 0.6859
vn -0.6709 0.2286 0.7054
vn 0.1616 -0.6148 0.7719
vn 0.4135 -0.0562 0.9088
vn -0.3400 0.3752 -0.8623
vn 0.1721 -0.1284 -0.9767
vn -0.4389 -0.1163 -0.8910
vn 0.4420 0.0304 0.8965
vn 0.0282 0.2664 0.9634
vn -0.1013 -0.3290 0.9389
vn 0.3681 0.3948 -0.8418
vn 0.6725 -0.0617 -0.7376
vn -0.1865 -0.6456 -0.7406
vn 0.0657 0.8033 -0.5919
vn 0.4521 -0.5729 -0.6837
vn -0.8509 -0.2796 -0.4447
vn -0.9154 0.2491 -0.3162
vn -0.6671 -0.7121 -0.2191
vn -0.4691 0.8433 -0.2625
vn 0.5749 0.7053 -0.4148
vn 0.9223 0.1712 -0.3465
vn 0.4027 -0.8786 -0.2568
vn 0.9053 -0.3840 -0.1817
vn -0.1554 -0.9720 -0.1761
vn 0.1974 0.9801 0.0186
vn 0.8117 0.5774 0.0880
vn -0.8072 0.5255 0.2690
vn 0.6937 -0.6401 0.3304
vn -0.9283 -0.2237 0.2970
vn 0.8856 0.0352 0.4630
vn 0.1134 -0.9049 0.4104
vn -0.5018 -0.8007 0.3272
vn -0.1727 0.8735 0.4551
vn 0.4205 0.6713 0.6104
vn -0.3699 -0.6071 0.7033
vn -0.6200 -0.0211 0.7843
vn -0.3638 0.5409 0.7583
vn 0.3767 -0.4892 0.7866
vn -0.0188 0.2960 -0.9550
vn 0.4323 0.1405 -0.8907
vn 0.2218 -0.3757 -0.8998
vn -0.2470 -0.1929 -0.9496
vn -0.6623 0.1014 -0.7423
vn -0.4229 0.7501 -0.5084
vn 0.3113 0.7648 -0.5641
vn 0.8143 0.1898 -0.5485
vn 0.8214 -0.3218 -0.4710
vn 0.5112 -0.6853 -0.5187
vn -0.0533 -0.7934 -0.6064
vn -0.6057 -0.5232 -0.5995
vn -0.8433 0.4567 -0.2833
vn -0.1140 0.9918 -0.0574
vn 0.7412 0.6446 -0.1872
vn -0.4284 -0.8793 -0.2079
vn -0.9375 -0.2302 -0.2610
vn 0.9712 0.2024 0.1255
vn 0.1323 -0.9911 0.0173
vn -0.8357 -0.5368 0.1156
vn -0.9740 0.1380 0.1794
vn 0.3741 0.8710 0.3185
vn 0.9537 -0.2439 0.1757
vn 0.6574 -0.7452 0.1122
vn -0.6585 0.6803 0.3218
vn -0.4232 -0.8191 0.3873
vn 0.6886 0.5154 0.5102
vn -0.1589 0.8052 0.5714
vn 0.5583 -0.5857 0.5875
vn 0.0343 -0.7836 0.6204
vn -0.5284 -0.4243 0.7353
vn -0.6735 0.0493 0.7376
vn 0.5959 0.0465 0.8017
vn -0.3679 0.3814 0.8480
vn 0.0969 0.3696 0.9241
vn 0.1968 -0.3892 0.8999
vn -0.0740 -0.1407 0.9873
vn -0.2406 -0.2554 0.9364
vn 0.2230 0.2751 0.9352
vn -0.2451 0.3793 0.8922
vn 0.0792 -0.0925 -0.9926
vn -0.3624 -0.2260 -0.9042
vn -0.5762 0.2486 -0.7786
vn 0.0903 0.5132 -0.8535
vn 0.4507 0.0928 -0.8878
vn -0.0180 -0.6991 -0.7148
vn 0.4602 -0.5388 -0.7056
vn -0.6229 -0.5599 -0.5463
vn -0.1930 0.7988 -0.5698
vn 0.5412 0.5570 -0.6299
vn 0.7376 -0.1015 -0.6676
vn -0.8990 -0.2451 -0.3629
vn -0.1633 -0.9683 -0.1890
vn -0.9954 -0.0872 0.0402
vn -0.8512 0.4946 -0.1757
vn -0.4600 0.8731 -0.1617
vn 0.2555 0.9585 -0.1266
vn 0.7621 0.6354 -0.1242
vn 0.9652 0.2068 -0.1603
vn 0.9248 -0.3431 -0.1647
vn 0.4230 -0.8848 -0.1957
vn -0.6300 -0.7565 0.1753
vn 0.6317 -0.7462 0.2099
vn -0.3126 0.8698 0.3817
vn -0.0374 -0.9160 0.3995
vn -0.7456 0.3250 0.5818
vn 0.4052 0.7690 0.4945
vn 0.8104 0.2127 0.5460
vn 0.8479 -0.3203 0.4225
vn -0.6320 -0.4395 0.6383
vn 0.1676 -0.6497 0.7414
vn 0.4596 -0.2401 0.8551
vn 0.0023 -0.0052 1.0000
vn -0.0017 -0.0059 1.0000
vn -0.0002 -0.0039 1.0000
vn 0.2733 0.0677 0.9595
vn 0.0843 0.3903 0.9168
vn -0.6438 -0.7652 0.0055
vn -0.0322 -0.9994 0.0091
vn 0.0062 -0.0039 1.0000
vn 0.0075 -0.0124 0.9999
vn -0.1099 0.1945 0.9747
vn -0.0005 -0.0010 1.0000
vn -0.2660 0.1746 0.9480
vn 0.0027 -0.0030 1.0000
vn 0.0011 -0.0051 1.0000
vn 0.3154 -0.9488 0.0177
vn 0.7813 -0.6242 0.0024
vn 0.0281 -0.0127 0.9995
vn -0.0014 0.0029 1.0000
vn -0.0061 0.0017 1.0000
vn 0.0094 -0.0111 0.9999
vn -0.0072 0.0010 1.0000
vn -0.3106 0.0065 0.9505
vn -0.0144 0.0107 0.9998
vn 0.0026 -0.0055 1.0000
vn 0.9259 -0.3776 0.0094
vn 0.9773 0.2115 0.0108
vn -0.2491 -0.2226 0.9426
vn 0.7430 0.6692 0.0105
vn 0.3991 0.9168 0.0110
vn -0.0083 -0.3345 0.9424
vn -0.1463 0.9892 0.0121
vn 0.2704 -0.2676 0.9248
vn -0.6397 0.7685 0.0124
vn 0.3129 -0.0364 0.9491
vn -0.8918 0.4522 0.0122
vn -0.9936 -0.1121 0.0094
vn 0.0005 -0.0085 1.0000
vn 0.0985 0.1770 0.9793
vn -0.0011 0.2441 0.9697
vn -0.1491 0.4579 0.8764
vn -0.3049 0.1797 0.9353
vn 0.3818 0.2876 0.8783
vn 0.5742 0.1146 0.8107
vn 0.4642 -0.0205 0.8855
vn 0.2798 -0.1790 0.9432
vn 0.2889 -0.4714 0.8332
vn 0.1719 -0.5321 0.8290
vn -0.2187 -0.5057 0.8346
vn -0.2847 -0.4382 0.8526
vn -0.2097 -0.1495 0.9663
vn -0.5117 -0.0188 0.8590
vn -0.0967 -0.2395 -0.9661
vn -0.2490 -0.1448 -0.9576
vn -0.2235 0.0363 -0.9740
vn -0.2899 0.1930 -0.9374
vn -0.1183 0.3041 -0.9453
vn 0.0659 0.2813 -0.9574
vn 0.1531 0.2249 -0.9623
vn 0.2962 0.1614 -0.9414
vn 0.3081 -0.0342 -0.9507
vn 0.2530 -0.2196 -0.9422
vn 0.1064 -0.2934 -0.9500
vn -0.1247 -0.5263 0.8411
vn 0.1921 0.7931 -0.5780
vn -0.9281 -0.2374 -0.2869
vn -0.3582 -0.6459 -0.6742
vn 0.1152 -0.9285 -0.3530
vn 0.8086 -0.5471 0.2162
vn 0.0356 -0.9840 -0.1747
vn -0.7564 -0.6497 -0.0763
vn 0.2188 -0.5694 0.7924
vn 0.7730 0.4440 -0.4532
vn -0.2284 -0.0869 -0.9697
vn -0.5284 -0.6894 -0.4955
vn 0.8250 -0.3782 -0.4200
vn -0.0443 0.5136 -0.8569
vn -0.8841 0.1354 -0.4473
vn -0.7770 -0.6139 0.1395
vn -0.2594 0.5973 -0.7589
vn -0.1782 -0.5047 0.8447
vn 0.9339 -0.2321 -0.2720
vn -0.3541 -0.8780 -0.3222
vn 0.5924 -0.7747 0.2210
vn 0.6197 -0.4795 -0.6213
vn -0.2828 0.2302 -0.9312
vn -0.9309 -0.2231 0.2893
vn -0.1049 0.9346 0.3399
vn 0.8576 -0.4923 0.1490
vn 0.9420 -0.3354 0.0149
vn -0.7624 -0.5485 0.3433
vn -0.5564 0.1463 -0.8179
vn 0.2312 0.9014 0.3662
vn 0.4178 -0.2717 0.8670
vn 0.4683 0.8089 -0.3554
vn -0.1106 -0.0216 -0.9936
vn 0.7874 -0.4530 -0.4182
vn 0.7751 0.0752 -0.6273
vn 0.3368 0.0842 -0.9378
vn 0.9035 0.4188 -0.0908
vn 0.5284 0.6894 -0.4955
vn -0.7780 -0.4314 -0.4567
vn -0.2434 0.5418 0.8045
vn 0.6513 0.6783 -0.3402
vn 0.2053 0.4880 -0.8483
vn 0.4879 0.8416 0.2318
vn -0.4877 0.8726 -0.0272
vn -0.6258 0.6760 0.3892
vn -0.1191 0.9379 -0.3258
vn -0.4335 -0.4920 -0.7550
vn 0.0541 0.4276 0.9023
vn -0.0736 0.9828 -0.1695
vn 0.9411 0.1674 -0.2937
vn -0.1488 0.9024 -0.4045
vn -0.2231 -0.8162 -0.5330
vn 0.9281 0.2374 -0.2869
vn -0.8086 0.5472 0.2162
vn -0.8250 0.3782 -0.4200
vn 0.0443 -0.5136 -0.8569
vn 0.8841 -0.1354 -0.4473
vn 0.7770 0.6139 0.1395
vn 0.2573 -0.5942 -0.7621
vn 0.0053 0.4593 0.8883
vn -0.9339 0.2321 -0.2720
vn 0.9738 0.1645 0.1568
vn -0.5705 0.6609 0.4875
vn -0.6221 0.4783 -0.6199
vn 0.3365 -0.2754 -0.9005
vn -0.9284 -0.1480 -0.3410
vn -0.5739 0.6431 -0.5071
vn -0.8582 0.5133 -0.0093
vn -0.9415 0.3340 0.0449
vn 0.7624 0.5485 0.3433
vn 0.5564 -0.1463 -0.8179
vn -0.7660 -0.0479 -0.6410
vn -0.4240 0.2643 0.8663
vn 0.1117 0.0213 -0.9935
vn -0.7874 0.4530 -0.4182
vn -0.4683 -0.8089 -0.3554
vn 0.1350 -0.9264 -0.3515
vn 0.6747 0.7381 0.0002
vn -0.7742 -0.5382 -0.3330
vn 0.6409 -0.6899 0.3364
vn 0.3713 -0.8136 -0.4475
vn -0.1947 -0.9128 0.3591
vn 0.3893 -0.8755 -0.2861
vn 0.8564 -0.4236 -0.2951
vn -0.3859 0.8768 -0.2870
vn -0.9417 -0.3352 0.0284
vn -0.8714 0.3848 -0.3044
vn -0.1647 -0.3494 0.9224
vn 0.2893 -0.4086 0.8657
vn 0.1578 -0.0454 0.9864
vn 0.0728 0.0114 0.9973
vn 0.0974 0.2257 0.9693
vn -0.2422 0.2805 0.9288
vn -0.2348 0.1077 0.9661
vn -0.0728 -0.0114 0.9973
vn 0.2343 0.2447 -0.9409
vn -0.0133 0.3630 -0.9317
vn -0.0454 0.2145 -0.9757
vn -0.2791 0.1144 -0.9534
vn -0.2651 0.0388 -0.9634
vn -0.4669 -0.1004 -0.8786
vn -0.1025 -0.1321 -0.9859
vn -0.1010 -0.3400 -0.9350
vn 0.0050 -0.3563 -0.9344
vn 0.2840 -0.3294 -0.9005
vn 0.4083 -0.0098 -0.9128
vn 0.4542 0.1117 -0.8839
vn 0.5046 0.8406 -0.1968
vn 0.4042 0.4154 0.8149
vn -0.6760 -0.6325 0.3782
vn -0.5150 -0.2725 -0.8127
vn 0.9454 -0.2740 0.1767
vn 0.7123 -0.6552 0.2517
vn 0.6831 -0.3665 -0.6318
vn 0.4031 -0.8911 -0.2087
vn -0.6202 -0.0487 0.7829
vn -0.5536 -0.1027 -0.8264
vn 0.1901 -0.9696 0.1543
vn -0.5521 -0.6365 -0.5386
vn -0.2392 0.3299 -0.9132
vn 0.1018 -0.0973 -0.9900
vn -0.2794 -0.9601 -0.0153
vn -0.5482 -0.6324 0.5473
vn -0.8221 -0.4830 -0.3014
vn -0.8840 -0.3204 0.3406
vn 0.3065 0.8606 0.4068
vn -0.9565 -0.0049 0.2917
vn -0.9489 0.2717 0.1605
vn 0.5150 0.2725 -0.8127
vn -0.7909 0.6078 0.0719
vn -0.4619 0.8749 -0.1452
vn 0.6202 0.0487 0.7829
vn 0.5928 0.1554 -0.7902
vn -0.1164 0.7157 0.6886
vn -0.1018 0.0973 -0.9900
vn -0.1674 0.9843 0.0560
vn 0.2605 0.9458 0.1940
vn -0.3052 -0.8595 0.4100
vn 0.0065 0.9054 0.4245
vn -0.0151 -0.9019 0.4317
vn 0.9605 0.0491 0.2738
vn 0.8652 0.3581 0.3508
vn 0.8257 0.5406 -0.1609
vn -0.2434 -0.1738 -0.9542
vn -0.5021 -0.1652 -0.8489
vn 0.2817 0.3835 -0.8795
vn 0.5021 0.1652 -0.8489
vn -0.0040 0.0034 -1.0000
vn -0.0034 -0.0015 -1.0000
vn -0.0021 0.0015 -1.0000
vn -0.0018 -0.0033 -1.0000
vn -0.0792 0.3534 -0.9321
vn 0.2788 0.2622 -0.9239
vn -0.4045 -0.9145 -0.0056
vn -0.9370 -0.3493 -0.0035
vn -0.0103 0.0047 -0.9999
vn -0.0225 0.0034 -0.9997
vn 0.2427 -0.0153 -0.9700
vn -0.0004 -0.0011 -1.0000
vn 0.2805 -0.1393 -0.9497
vn -0.0027 0.0013 -1.0000
vn -0.0068 -0.0049 -1.0000
vn -0.9708 0.2398 -0.0088
vn -0.0093 0.0071 -0.9999
vn 0.0032 0.0001 -1.0000
vn 0.0043 -0.0046 -1.0000
vn -0.0127 0.0027 -0.9999
vn 0.0042 -0.0059 -1.0000
vn 0.1307 -0.2507 -0.9592
vn 0.0161 -0.0080 -0.9998
vn -0.0019 -0.0018 -1.0000
vn -0.6966 0.7173 -0.0163
vn -0.0966 -0.3335 -0.9378
vn -0.2259 0.9742 -0.0036
vn 0.3686 0.9295 -0.0111
vn -0.2311 -0.1264 -0.9647
vn 0.8725 0.4884 -0.0126
vn -0.2925 0.0963 -0.9514
vn 0.9584 -0.2852 -0.0152
vn -0.1798 0.2791 -0.9433
vn 0.5818 -0.8132 -0.0125
vn 0.2540 -0.9672 -0.0057
vn -0.0112 -0.0029 -0.9999
vn 0.0375 0.2555 -0.9661
vn 0.2331 0.1743 -0.9567
vn 0.4106 0.2027 -0.8890
vn 0.5131 0.0094 -0.8583
vn 0.4348 -0.2526 -0.8644
vn -0.3056 0.4924 -0.8149
vn -0.2590 0.3801 -0.8880
vn -0.3576 0.0941 -0.9291
vn -0.4885 -0.0857 -0.8684
vn -0.2260 -0.1856 -0.9563
vn -0.0390 -0.2546 -0.9663
vn 0.2472 -0.4847 -0.8391
vn -0.1960 -0.1606 0.9674
vn -0.0130 -0.2963 0.9550
vn 0.2027 -0.2267 0.9526
vn 0.1974 -0.1261 0.9722
vn 0.2774 0.0147 0.9607
vn 0.1913 0.1879 0.9634
vn 0.1449 0.2587 0.9550
vn 0.0026 0.2980 0.9545
vn -0.1409 0.2405 0.9604
vn -0.2975 0.1240 0.9466
vn -0.3274 -0.0667 0.9425
vn -0.5750 -0.7090 0.4082
vn -0.4438 -0.8842 0.1457
vn -0.3642 -0.1753 -0.9147
vn 0.0474 0.1129 0.9925
vn 0.1331 -0.9372 0.3223
vn -0.9151 0.1791 0.3614
vn -0.2998 -0.9531 0.0417
vn 0.5237 -0.0109 -0.8518
vn 0.8359 0.5268 0.1540
vn -0.5322 -0.7503 0.3922
vn -0.5977 -0.1179 0.7930
vn 0.4646 0.0042 0.8855
vn -0.7949 0.4848 0.3649
vn 0.7376 0.5789 0.3477
vn -0.5023 -0.7656 0.4020
vn -0.8033 0.3020 0.5133
vn -0.9295 -0.0396 0.3667
vn -0.4663 0.8156 0.3425
vn 0.9616 -0.2261 -0.1555
vn 0.6081 0.7754 -0.1701
vn -0.3462 0.5526 -0.7581
vn 0.0333 0.9395 0.3408
vn 0.4427 -0.3955 0.8047
vn -0.8495 -0.3350 0.4076
vn -0.9611 -0.1921 -0.1985
vn -0.3067 0.8607 0.4065
vn -0.2877 0.6827 -0.6716
vn -0.1432 0.9565 -0.2541
vn 0.8523 0.5221 -0.0318
vn 0.4819 -0.8759 -0.0248
vn -0.9819 -0.1325 0.1354
vn -0.0623 0.9829 -0.1734
vn 0.5462 0.7958 -0.2614
vn 0.8019 0.5970 0.0243
vn 0.0375 -0.6690 0.7423
vn -0.8015 0.5093 0.3135
vn 0.0981 0.6393 -0.7626
vn 0.2852 0.9529 0.1029
vn 0.0858 0.5121 0.8546
vn 0.8684 0.4006 0.2924
vn -0.1854 -0.6701 0.7187
vn 0.4102 0.3245 -0.8523
vn 0.9333 0.2778 0.2278
vn 0.9829 -0.1386 0.1212
vn -0.0061 0.8959 0.4442
vn 0.7907 0.6112 -0.0345
vn -0.0680 -0.1882 0.9798
vn 0.8170 -0.3198 0.4798
vn -0.1330 0.9397 0.3150
vn -0.8359 -0.5268 0.1540
vn 0.5349 0.7483 0.3924
vn 0.4000 0.0514 0.9151
vn -0.4646 -0.0042 0.8855
vn 0.7949 -0.4848 0.3649
vn -0.6908 0.0268 0.7225
vn 0.5023 0.7656 0.4020
vn 0.8390 -0.3130 0.4451
vn 0.4664 -0.8156 0.3425
vn -0.9616 0.2261 -0.1555
vn -0.6081 -0.7754 -0.1701
vn 0.5182 -0.4620 -0.7198
vn -0.0333 -0.9395 0.3408
vn -0.4427 0.3955 0.8047
vn 0.8495 0.3350 0.4076
vn -0.7166 0.6616 0.2207
vn 0.3086 -0.8664 0.3926
vn -0.0155 -0.8631 -0.5048
vn 0.1457 -0.9554 -0.2570
vn -0.8523 -0.5221 -0.0318
vn -0.4831 0.8752 -0.0249
vn 0.9819 0.1325 0.1354
vn -0.9153 -0.3406 0.2150
vn 0.2593 0.8479 0.4625
vn 0.0701 -0.9807 0.1823
vn -0.7237 0.4657 -0.5093
vn -0.6494 0.6791 0.3421
vn -0.6885 0.4076 -0.5998
vn -0.8743 -0.4700 0.1213
vn -0.8736 0.1249 -0.4703
vn -0.7971 -0.6019 -0.0484
vn -0.4169 -0.7836 -0.4605
vn 0.0740 -0.9832 -0.1668
vn -0.1078 0.9721 -0.2083
vn -0.7635 -0.5769 -0.2902
vn -0.1434 -0.9462 -0.2901
vn 0.6910 -0.7204 -0.0594
vn 0.7528 0.5818 -0.3079
vn 0.0504 0.9046 0.4233
vn 0.9170 -0.3789 0.1248
vn -0.1503 -0.3627 -0.9197
vn -0.1357 -0.0498 -0.9895
vn -0.0602 0.2006 -0.9778
vn 0.2041 0.2074 -0.9567
vn 0.1360 0.0495 -0.9895
vn 0.0572 -0.1991 -0.9783
vn 0.1135 0.3267 0.9383
vn 0.1829 0.1922 0.9642
vn 0.3019 0.0603 0.9514
vn 0.3586 -0.2139 0.9087
vn 0.2724 -0.3465 0.8976
vn 0.0599 -0.3260 0.9435
vn -0.0958 -0.4202 0.9023
vn -0.2323 0.0007 0.9726
vn -0.2965 -0.1449 0.9440
vn 0.0180 0.0840 0.9963
vn -0.3684 0.2668 0.8906
vn -0.1135 0.2119 0.9707
vn -0.0618 0.3529 0.9336
vn -0.1249 -0.6583 0.7423
vn -0.9357 0.3069 0.1738
vn -0.9018 0.0140 0.4320
vn -0.4097 0.8889 -0.2049
vn -0.6718 0.7401 -0.0311
vn 0.4820 -0.4849 0.7298
vn -0.7840 0.5055 -0.3602
vn -0.8267 -0.0718 -0.5580
vn -0.6103 -0.7254 0.3184
vn -0.4177 -0.8724 0.2538
vn 0.4412 -0.1499 0.8848
vn 0.8166 0.0536 0.5747
vn -0.7952 -0.6010 -0.0805
vn 0.0768 -0.9803 -0.1821
vn 0.4191 -0.8957 -0.1485
vn 0.6347 0.7085 -0.3085
vn -0.1998 0.4958 0.8451
vn -0.1355 -0.9340 -0.3305
vn 0.0584 0.7692 0.6363
vn 0.8963 -0.0960 0.4329
vn 0.7055 0.4131 0.5759
vn 0.6523 -0.6368 -0.4111
vn -0.4820 0.4849 0.7298
vn 0.8920 -0.4217 -0.1628
vn 0.8285 0.0653 -0.5562
vn 0.6823 0.7073 -0.1848
vn -0.4412 0.1499 0.8848
vn -0.8166 -0.0536 0.5747
vn 0.4839 0.8748 0.0212
vn -0.6398 -0.7048 -0.3064
vn 0.9221 0.3481 -0.1690
vn -0.9210 -0.3417 -0.1868
vn -0.0797 0.9811 -0.1762
vn 0.1489 0.9745 0.1679
vn -0.5149 -0.1304 0.8473
vn -0.1444 0.4064 0.9022
vn 0.2687 0.3528 0.8963
vn 0.5149 0.1304 0.8473
vn 0.1444 -0.4064 0.9022
vn -0.3247 -0.4020 -0.8561
vn -0.3314 -0.4126 -0.8485
vn -0.2136 -0.4701 -0.8564
vn 0.3247 0.4020 -0.8561
vn 0.3314 0.4125 -0.8485
vn 0.2136 0.4701 -0.8564
vn 0.5132 -0.0474 -0.8570
vn 0.5232 -0.0474 -0.8509
vn 0.5089 0.0830 -0.8568
vn -0.2184 0.4701 -0.8551
vn -0.2240 0.4796 -0.8484
vn -0.3289 0.4008 -0.8551
vn -0.5132 0.0474 -0.8570
vn -0.5232 0.0474 -0.8509
vn -0.5089 -0.0830 -0.8568
vn 0.2184 -0.4701 -0.8551
vn 0.2240 -0.4796 -0.8484
vn 0.3289 -0.4008 -0.8551
vn -0.9984 -0.0326 -0.0464
vn -0.4311 -0.2356 -0.8710
vn -0.8849 0.4631 -0.0501
vn -0.2608 0.2649 -0.9283
vn -0.0024 0.9992 -0.0392
vn -0.0228 0.3015 -0.9532
vn 0.4311 0.2356 -0.8710
vn 0.5228 0.8512 -0.0463
vn 0.9984 0.0326 -0.0464
vn 0.8849 -0.4631 -0.0501
vn 0.2608 -0.2649 -0.9283
vn 0.0024 -0.9992 -0.0392
vn 0.0222 -0.3024 -0.9529
vn -0.5228 -0.8512 -0.0463
vn 0.2145 -0.2880 -0.9333
vn 0.4716 -0.5462 -0.6923
vn 0.6574 -0.0297 -0.7530
vn 0.7899 -0.4362 -0.4311
vn 0.8685 -0.1230 0.4802
vn 0.6515 0.5368 0.5360
vn 0.8574 0.3166 -0.4057
vn 0.4952 0.8467 -0.1945
vn 0.1225 0.9603 -0.2507
vn -0.3706 0.8810 -0.2942
vn -0.6153 0.7656 -0.1878
vn -0.7883 0.4394 -0.4307
vn -0.8703 0.1215 0.4772
vn -0.6508 -0.5372 0.5365
vn -0.8573 -0.3166 -0.4060
vn -0.4952 -0.8466 -0.1950
vn -0.1225 -0.9604 -0.2504
vn 0.2983 0.2036 -0.9325
vn 0.4896 0.5161 -0.7028
vn -0.2093 0.2802 -0.9368
vn 0.0287 0.6667 -0.7448
vn -0.4648 0.5457 -0.6972
vn -0.6575 0.0298 -0.7528
vn -0.2983 -0.2036 -0.9325
vn -0.4897 -0.5161 -0.7028
vn -0.0290 -0.6660 -0.7454
vn 0.6064 -0.7671 -0.2094
vn 0.3711 -0.8792 -0.2988
vn 0.2160 -0.5376 0.8150
vn -0.0022 -0.0341 0.9994
vn 0.0223 -0.0155 0.9996
vn 0.5873 -0.2046 0.7830
vn 0.5480 0.2418 0.8007
vn 0.1582 0.5727 0.8043
vn 0.0014 0.0363 0.9993
vn -0.3268 0.4895 0.8084
vn -0.0210 0.0181 0.9996
vn -0.6345 0.1245 0.7629
vn -0.5572 -0.2656 0.7867
vn -0.2286 -0.5662 0.7919
vn -0.0255 -0.9990 0.0369
vn -0.8875 -0.4598 0.0291
vn -0.8653 0.5001 0.0328
vn 0.0276 0.9989 0.0371
vn 0.8892 0.4570 0.0213
vn 0.8669 -0.4980 0.0234
vn -0.0189 0.6634 0.7480
vn 0.1950 0.4378 0.8777
vn 0.5815 0.3064 0.7536
vn 0.4753 -0.1948 0.8580
vn 0.6333 -0.4166 0.6522
vn 0.0189 -0.6634 0.7480
vn -0.1950 -0.4378 0.8777
vn -0.5815 -0.3064 0.7536
vn -0.4753 0.1948 0.8580
vn -0.6333 0.4166 0.6522
vn 0.3352 0.7813 0.5265
vn -0.4730 -0.5685 0.6732
vn -0.1696 -0.7254 0.6671
vn 0.0395 0.8591 0.5103
vn 0.1021 -0.7281 0.6779
vn -0.3240 0.8226 0.4673
vn 0.4252 -0.6076 0.6708
vn -0.5599 0.6450 0.5201
vn -0.7247 0.4447 0.5264
vn 0.6910 -0.2745 0.6687
vn -0.8308 0.1700 0.5300
vn -0.8400 -0.0836 0.5361
vn 0.7304 0.1789 0.6592
vn -0.8272 -0.3396 0.4477
vn -0.5442 -0.5758 0.6102
vn 0.5217 0.5368 0.6630
vn -0.1831 -0.8006 0.5706
vn 0.1143 0.7434 0.6590
vn 0.0491 -0.8044 0.5920
vn -0.3246 0.6770 0.6606
vn 0.3299 -0.7805 0.5310
vn 0.6242 -0.5810 0.5222
vn -0.6543 0.3724 0.6582
vn 0.7498 -0.3678 0.5500
vn 0.8945 -0.0587 0.4432
vn -0.7507 -0.0432 0.6593
vn 0.8082 0.3511 0.4728
vn 0.6856 0.6107 0.3962
vn -0.4895 0.5661 -0.6632
vn -0.7215 0.2073 -0.6607
vn -0.7110 -0.2284 -0.6651
vn -0.5014 -0.5101 -0.6988
vn -0.3137 -0.8025 -0.5075
vn -0.0511 0.1013 -0.9935
vn 0.3993 0.7634 -0.5077
vn 0.6108 0.5578 -0.5620
vn 0.8614 -0.0037 -0.5080
vn 0.7795 -0.2016 -0.5931
vn 0.4543 -0.6395 -0.6202
vn 0.2240 -0.8191 -0.5281
vn -0.0324 -0.8513 -0.5238
vn 0.3390 -0.8841 -0.3216
vn 0.5923 -0.8057 -0.0011
vn 0.9442 -0.0934 -0.3159
vn 0.8528 -0.2598 -0.4531
vn 0.9320 0.2134 -0.2930
vn 0.1605 0.9446 0.2862
vn 0.8132 0.3932 0.4290
vn 0.7201 -0.5350 0.4419
vn -0.5981 -0.7949 -0.1025
vn -0.5287 -0.7726 -0.3515
vn -0.2069 -0.8871 -0.4127
vn 0.9083 -0.4022 -0.1146
vn 0.7635 -0.4683 -0.4447
vn 0.9900 0.1404 -0.0162
vn 0.8297 0.5377 -0.1499
vn 0.6455 0.7511 -0.1382
vn 0.4709 0.8434 -0.2587
vn 0.2755 0.9295 -0.2451
vn -0.6365 0.7654 -0.0957
vn -0.7877 -0.6118 -0.0723
vn -0.4579 -0.8836 0.0980
vn -0.7692 -0.6258 0.1294
vn -0.0380 0.9981 -0.0493
vn 0.4108 0.9053 0.1081
vn 0.7665 0.6313 0.1181
vn 0.9481 0.2808 0.1492
vn 0.9791 -0.2020 -0.0246
vn 0.6196 -0.7361 -0.2725
vn 0.0897 -0.9947 -0.0504
vn -0.5365 -0.8298 -0.1537
vn -0.2639 -0.9332 -0.2438
vn -0.6391 -0.7571 -0.1353
vn -0.1497 -0.9609 -0.2331
vn 0.2685 -0.9524 -0.1445
vn 0.8145 -0.5673 -0.1213
vn 0.9246 -0.2055 -0.3207
vn 0.7604 0.3447 -0.5504
vn 0.8633 0.4872 -0.1318
vn 0.6397 0.7568 -0.1341
vn 0.5948 0.7624 -0.2549
vn 0.2402 0.9427 -0.2316
vn 0.1503 0.9610 -0.2323
vn -0.0345 0.8380 0.5445
vn 0.2069 0.9242 0.3210
vn -0.2720 0.9538 -0.1279
vn -0.5902 0.7945 -0.1431
vn -0.8379 0.5299 -0.1307
vn -0.9143 0.2291 -0.3339
vn -0.8627 -0.4881 -0.1324
vn -0.7604 -0.3447 -0.5504
vn 0.0345 -0.8380 0.5445
vn -0.2053 -0.9243 0.3216
vn 0.5858 -0.8038 -0.1038
vn -0.1769 -0.9841 0.0165
vn -0.7431 -0.6614 0.1015
vn -0.8733 -0.3653 0.3223
vn -0.9093 -0.4048 0.0962
vn -0.8977 0.0514 0.4375
vn -0.7639 0.6025 0.2311
vn -0.4087 0.8648 0.2916
vn -0.0020 0.9385 0.3453
vn 0.3841 0.8425 0.3778
vn 0.8371 0.4130 0.3587
vn 0.9050 0.4187 0.0753
vn 0.9369 0.0338 0.3481
vn 0.8785 -0.4212 0.2255
vn 0.5816 -0.7716 0.2577
vn 0.2625 -0.8890 0.3751
vn -0.4906 -0.8353 -0.2482
vn -0.2722 -0.8493 0.4522
vn 0.9700 -0.2143 -0.1151
vn 0.9251 0.1201 -0.3603
vn 0.6527 0.6551 -0.3805
vn 0.6065 0.4654 0.6446
vn -0.0150 -0.9324 0.3612
vn -0.0555 -0.4764 0.8775
vn 0.5987 -0.7906 -0.1284
vn 0.2154 0.9761 0.0278
vn -0.1531 0.9830 -0.1017
vn -0.3973 0.9177 -0.0031
vn -0.8772 -0.4600 -0.1375
vn 0.3240 -0.9419 0.0887
vn 0.8118 -0.5836 0.0209
vn 0.9316 0.3474 0.1070
vn 0.5463 0.8359 0.0541
vn -0.6596 0.7417 0.1216
vn -0.8829 0.4392 0.1664
vn -0.9582 0.2330 0.1662
vn -0.9670 -0.1225 0.2235
vn -0.0432 -0.9990 0.0089
vn 0.1078 -0.4789 -0.8712
vn 0.9179 -0.3958 0.0296
vn -0.5323 -0.8392 -0.1111
vn -0.2767 -0.9609 0.0141
vn -0.6739 -0.6806 -0.2873
vn -0.9860 -0.1631 -0.0338
vn -0.8233 0.5138 -0.2413
vn -0.2921 0.9539 -0.0694
vn 0.2566 0.9660 0.0318
vn 0.2788 0.9408 -0.1927
vn 0.5578 0.8245 -0.0948
vn 0.8681 0.4934 0.0548
vn 0.8829 0.4610 -0.0898
vn 0.9908 -0.0616 -0.1201
vn 0.9653 -0.2591 0.0319
vn 0.8318 -0.5533 -0.0449
vn 0.4977 -0.8672 0.0164
vn 0.4781 -0.8529 -0.2098
vn 0.0540 -0.9930 -0.1050
vn -0.3363 -0.9272 0.1651
vn -0.0668 -0.9693 -0.2366
vn 0.7369 -0.6075 -0.2965
vn 0.7103 -0.6633 0.2355
vn 0.9270 -0.3543 0.1234
vn -0.2563 -0.9175 0.3041
vn 0.3686 -0.9117 0.1816
vn 0.2344 -0.9520 0.1969
vn 0.9680 0.1018 0.2292
vn 0.8619 0.4454 0.2422
vn 0.8330 0.4917 -0.2536
vn 0.4422 0.8700 -0.2182
vn 0.5270 0.8071 0.2661
vn 0.9422 -0.2288 0.2448
vn 0.9690 0.2462 0.0193
vn 0.3624 0.9009 0.2389
vn -0.3033 0.9081 0.2889
vn -0.3473 0.9106 -0.2241
vn -0.6815 0.7267 -0.0863
vn -0.5038 0.8199 0.2720
vn -0.8299 0.4596 0.3164
vn 0.0052 0.9208 0.3900
vn -0.8935 -0.3760 -0.2457
vn -0.8296 -0.4926 0.2628
vn -0.9875 -0.1222 0.0995
vn -0.9557 0.0245 0.2933
vn -0.9727 0.0410 -0.2282
vn -0.8394 0.5298 -0.1216
vn 0.0126 0.9763 -0.2161
vn 0.9492 -0.0953 -0.3000
vn 0.7781 0.5369 0.3260
vn 0.6868 -0.6367 0.3506
vn -0.4942 -0.8139 0.3054
vn -0.8418 -0.5389 0.0327
vn 0.2285 0.9733 -0.0209
vn 0.8400 0.5395 -0.0582
vn 0.9765 -0.2140 -0.0269
vn -0.1451 -0.9890 0.0298
vn -0.1882 0.9498 -0.2497
vn -0.7335 -0.6073 -0.3051
vn -0.9571 0.1303 -0.2589
vn 0.9082 0.3348 0.2511
vn 0.4828 -0.8390 0.2510
vn 0.7284 -0.2846 0.6232
vn 0.3183 -0.2810 0.9054
vn 0.1615 0.2378 0.9578
vn -0.2915 -0.0765 0.9535
vn 0.8724 0.0455 -0.4867
vn 0.7822 -0.4590 -0.4212
vn 0.3678 -0.8152 -0.4474
vn 0.5931 0.6300 -0.5013
vn -0.2488 -0.8945 -0.3713
vn -0.9684 0.2319 -0.0921
vn 0.9107 0.4119 -0.0293
vn -0.2931 -0.9512 0.0965
vn -0.5895 0.7737 0.2320
vn 0.4792 0.8606 0.1722
vn -0.0490 0.8768 0.4783
vn -0.8104 0.3355 0.4803
vn -0.6630 -0.1401 0.7354
vn 0.4838 0.4863 0.7276
vn -0.3288 0.4571 0.8264
vn 0.1910 -0.3543 -0.9154
vn -0.1753 -0.2166 -0.9604
vn 0.1715 0.1065 -0.9794
vn -0.1647 0.5129 -0.8425
vn 0.5826 -0.3365 -0.7398
vn -0.5425 -0.0348 -0.8393
vn 0.4610 0.3832 -0.8004
vn 0.1040 -0.7663 -0.6340
vn -0.5000 -0.5978 -0.6266
vn -0.7747 0.3726 -0.5109
vn -0.3939 0.8642 -0.3132
vn 0.4650 0.7450 -0.4782
vn 0.8475 -0.0380 -0.5295
vn 0.5968 -0.7842 -0.1699
vn 0.2768 0.9608 0.0177
vn 0.9734 -0.1334 0.1865
vn -0.8084 0.5756 0.1227
vn -0.6368 0.4578 0.6204
vn -0.1612 0.8509 0.5001
vn 0.1636 -0.6988 0.6964
vn 0.0387 -0.0443 -0.9983
vn 0.4484 0.7071 -0.5467
vn 0.8294 0.4503 -0.3307
vn -0.5135 -0.8578 -0.0193
vn 0.2502 0.9658 0.0677
vn -0.4491 0.8416 0.3001
vn -0.4390 -0.1163 -0.8909
vn 0.4420 0.0303 0.8965
vn 0.0658 0.8033 -0.5920
vn 0.4521 -0.5729 -0.6836
vn -0.6669 -0.7121 -0.2192
vn 0.9053 -0.3839 -0.1818
vn 0.1974 0.9802 0.0185
vn -0.8072 0.5254 0.2690
vn 0.8857 0.0352 0.4629
vn 0.1134 -0.9049 0.4103
vn -0.5017 -0.8008 0.3272
vn 0.3767 -0.4892 0.7867
vn -0.4229 0.7500 -0.5085
vn 0.8143 0.1897 -0.5485
vn 0.8213 -0.3218 -0.4710
vn -0.1141 0.9918 -0.0575
vn -0.4284 -0.8794 -0.2080
vn -0.9375 -0.2302 -0.2609
vn 0.1324 -0.9910 0.0173
vn -0.8357 -0.5368 0.1155
vn 0.3741 0.8710 0.3184
vn 0.9537 -0.2440 0.1757
vn 0.0343 -0.7835 0.6204
vn -0.3679 0.3814 0.8481
vn -0.1633 -0.9683 -0.1891
vn -0.4599 0.8732 -0.1614
vn 0.2555 0.9585 -0.1265
vn 0.4229 -0.8848 -0.1957
vn -0.6300 -0.7566 0.1752
vn -0.3127 0.8698 0.3817
vn 0.8104 0.2128 0.5460
vn 0.8479 -0.3203 0.4224
vn 0.2593 0.1212 0.9582
vn 0.0915 0.3926 0.9151
vn -0.0323 -0.9994 0.0091
vn -0.1532 0.2469 0.9568
vn -0.2726 0.1899 0.9432
vn -0.2775 -0.0132 0.9606
vn 0.0025 -0.0055 1.0000
vn -0.2436 -0.2547 0.9358
vn 0.0098 -0.2875 0.9577
vn 0.2034 -0.2215 0.9537
vn 0.3227 -0.0360 0.9458
vn 0.0288 0.1899 0.9814
vn 0.0537 0.2533 0.9659
vn -0.3636 0.5795 0.7294
vn -0.3426 0.1985 0.9183
vn 0.2286 0.1055 0.9678
vn 0.5652 0.2375 0.7900
vn 0.5780 -0.0533 0.8143
vn 0.3241 -0.1957 0.9256
vn 0.3280 -0.4977 0.8029
vn 0.0374 -0.1662 0.9854
vn -0.0661 -0.2418 0.9681
vn -0.5435 -0.2307 0.8071
vn -0.4575 -0.0599 0.8872
vn -0.2549 0.1781 -0.9504
vn -0.1127 0.2468 -0.9625
vn 0.0498 0.2400 -0.9695
vn 0.1339 0.1995 -0.9707
vn 0.2824 0.1512 -0.9473
vn 0.3350 -0.0540 -0.9407
vn 0.2490 -0.2111 -0.9452
vn -0.4572 -0.8894 -0.0015
vn -0.4754 -0.7790 0.4087
vn -0.1357 -0.7281 -0.6720
vn -0.8662 -0.2704 -0.4202
vn 0.4751 -0.4398 0.7621
vn 0.1260 0.3099 -0.9424
vn 0.5745 -0.7588 -0.3069
vn -0.6734 -0.7131 0.1953
vn 0.5305 -0.6217 0.5763
vn 0.8209 -0.4226 0.3841
vn 0.4833 0.2299 -0.8447
vn -0.6091 -0.0965 -0.7872
vn -0.9139 -0.0878 -0.3964
vn -0.9092 0.0708 0.4104
vn 0.7389 -0.5626 -0.3709
vn -0.0505 0.5392 -0.8407
vn -0.6993 -0.6532 -0.2904
vn -0.2629 -0.5752 0.7747
vn -0.3380 0.7106 -0.6171
vn -0.1296 -0.9300 -0.3440
vn 0.3486 -0.3498 -0.8696
vn 0.9121 -0.0612 -0.4054
vn -0.5719 0.5397 -0.6177
vn 0.0969 -0.6397 -0.7625
vn -0.7171 0.0153 0.6968
vn 0.7223 -0.5313 -0.4426
vn 0.9174 -0.3463 -0.1963
vn 0.7477 0.5533 -0.3673
vn -0.4606 0.1271 -0.8785
vn -0.4632 -0.7618 -0.4528
vn 0.4220 -0.9056 0.0433
vn 0.9405 -0.2089 0.2679
vn 0.5510 0.7763 -0.3062
vn -0.9986 -0.0528 0.0022
vn 0.8708 -0.2340 -0.4323
vn 0.5507 0.1195 -0.8261
vn 0.9397 0.0475 -0.3387
vn 0.4870 0.7750 0.4028
vn 0.7432 0.6648 -0.0754
vn 0.2390 0.5163 -0.8224
vn 0.1133 0.9921 -0.0543
vn -0.4796 -0.2234 -0.8486
vn -0.8352 0.4161 0.3596
vn -0.4058 -0.7803 -0.4758
vn -0.6439 0.6941 0.3219
vn -0.4639 -0.5044 -0.7283
vn -0.0848 0.9331 -0.3495
vn 0.2701 0.5716 0.7748
vn 0.9374 0.1918 -0.2908
vn -0.1881 0.9056 -0.3802
vn -0.0952 -0.3275 -0.9401
vn 0.8762 0.2734 -0.3968
vn -0.7280 0.5836 -0.3598
vn 0.0318 -0.5734 -0.8186
vn 0.7643 0.5654 -0.3101
vn -0.1088 0.3731 0.9214
vn 0.3380 -0.7106 -0.6171
vn 0.1426 0.9250 -0.3522
vn -0.3506 0.4711 -0.8094
vn -0.9082 0.0693 -0.4127
vn 0.5719 -0.5397 -0.6177
vn -0.0969 0.6397 -0.7625
vn 0.9197 -0.0798 0.3845
vn -0.7217 0.5335 -0.4411
vn -0.9170 0.3551 -0.1819
vn -0.7477 -0.5533 -0.3673
vn 0.4606 -0.1271 -0.8785
vn 0.4632 0.7618 -0.4528
vn -0.2825 0.9497 0.1349
vn -0.8793 0.2045 -0.4301
vn 0.9988 0.0460 0.0143
vn -0.5510 -0.7763 -0.3062
vn 0.1601 0.2857 -0.9449
vn 0.1612 -0.8994 -0.4063
vn 0.6380 -0.6868 0.3482
vn 0.3615 -0.8382 -0.4084
vn 0.0904 -0.9948 0.0476
vn -0.1762 -0.9063 0.3842
vn 0.9787 -0.0056 -0.2050
vn 0.5781 0.7143 -0.3945
vn -0.2884 0.6052 -0.7420
vn -0.1705 0.8781 0.4471
vn -0.8722 0.1430 0.4678
vn -0.7468 0.5410 -0.3869
vn -0.8256 -0.5634 0.0306
vn -0.5499 -0.7263 -0.4123
vn 0.7676 0.4646 0.4415
vn -0.1291 -0.2784 0.9517
vn 0.1134 -0.0682 0.9912
vn -0.2560 0.7860 0.5628
vn 0.6726 -0.0120 0.7399
vn -0.0470 0.0207 0.9987
vn 0.2278 0.3486 0.9092
vn -0.1690 0.2669 0.9488
vn 0.2560 -0.7861 0.5626
vn -0.4295 0.0153 0.9029
vn 0.0411 -0.0225 0.9989
vn 0.1913 0.2158 -0.9575
vn -0.0208 0.3531 -0.9353
vn -0.0455 0.2144 -0.9757
vn -0.2958 0.2576 -0.9198
vn -0.2100 0.0221 -0.9775
vn -0.4090 -0.0864 -0.9085
vn -0.2729 -0.3384 -0.9006
vn -0.1016 -0.4181 -0.9027
vn -0.0841 -0.4900 -0.8677
vn 0.1961 -0.2484 -0.9486
vn 0.2926 -0.2925 -0.9104
vn 0.5132 0.0294 -0.8578
vn 0.4218 0.1106 -0.8999
vn 0.4428 0.8630 -0.2433
vn 0.7708 0.6360 0.0379
vn -0.6760 -0.7074 0.2066
vn -0.7287 -0.1346 -0.6715
vn 0.9082 0.2719 0.3180
vn 0.7201 -0.4098 -0.5599
vn 0.6893 -0.6545 0.3108
vn 0.4508 -0.8579 0.2468
vn 0.1449 -0.8105 -0.5676
vn -0.9181 -0.0352 0.3947
vn 0.9313 -0.3167 0.1800
vn 0.0821 0.0688 -0.9942
vn 0.0190 -0.2052 -0.9785
vn 0.2576 -0.8399 0.4778
vn -0.0290 0.7486 -0.6624
vn -0.3454 -0.8888 0.3010
vn -0.5752 -0.6915 0.4370
vn -0.8361 -0.4863 -0.2539
vn -0.9108 -0.2645 0.3171
vn -0.7151 0.4003 -0.5730
vn 0.2073 0.5886 0.7814
vn -0.9819 0.0624 -0.1789
vn 0.7355 0.1216 -0.6665
vn -0.6863 0.6724 0.2772
vn -0.4610 0.8770 -0.1352
vn 0.9375 0.0427 0.3453
vn -0.8997 0.3167 0.3004
vn -0.0821 -0.0688 -0.9942
vn -0.0190 0.2052 -0.9785
vn -0.1697 0.9841 0.0529
vn 0.1227 -0.6224 -0.7730
vn 0.2600 0.9511 0.1668
vn -0.1896 -0.6049 0.7734
vn 0.0067 0.9009 0.4339
vn -0.0178 -0.8914 0.4530
vn -0.1755 -0.1330 -0.9754
vn 0.4876 0.2755 -0.8285
vn -0.4876 -0.2755 -0.8285
vn -0.0005 -0.0011 -1.0000
vn -0.0646 0.3050 -0.9502
vn 0.2686 0.3097 -0.9121
vn -0.9378 -0.3471 -0.0035
vn 0.2375 -0.0023 -0.9714
vn 0.3281 -0.1664 -0.9299
vn -0.0021 0.0014 -1.0000
vn -0.0049 -0.0030 -1.0000
vn -0.9544 0.2982 -0.0110
vn -0.0088 0.0080 -0.9999
vn -0.0116 0.0023 -0.9999
vn 0.1430 -0.2564 -0.9559
vn -0.0030 -0.0019 -1.0000
vn -0.6673 0.7447 -0.0102
vn -0.0948 -0.3336 -0.9379
vn -0.1820 0.9833 -0.0073
vn -0.2325 -0.1207 -0.9651
vn -0.3333 0.0681 -0.9403
vn -0.1547 0.2714 -0.9500
vn -0.0106 -0.0024 -0.9999
vn 0.0327 0.2537 -0.9667
vn 0.2601 0.2238 -0.9393
vn 0.4019 0.1662 -0.9005
vn 0.2520 -0.0495 -0.9665
vn 0.2906 -0.2562 -0.9219
vn -0.2786 0.4856 -0.8286
vn -0.1396 0.2299 -0.9632
vn -0.4381 0.3321 -0.8353
vn -0.5289 -0.0110 -0.8486
vn -0.4183 -0.1446 -0.8967
vn -0.3553 -0.2508 -0.9005
vn -0.1118 -0.4722 -0.8744
vn 0.0520 -0.5007 -0.8640
vn -0.1593 -0.1346 0.9780
vn -0.0138 -0.3025 0.9530
vn 0.2192 -0.1266 0.9674
vn 0.2647 0.0086 0.9643
vn 0.2286 0.1869 0.9554
vn 0.1183 0.2607 0.9582
vn -0.0121 0.3263 0.9452
vn -0.1457 0.2341 0.9612
vn -0.3024 0.1281 0.9445
vn -0.3264 -0.0522 0.9438
vn -0.6812 -0.7095 0.1805
vn -0.5352 -0.8110 -0.2363
vn 0.2994 0.4347 -0.8494
vn 0.6496 0.7218 0.2387
vn 0.2014 -0.9323 0.3005
vn -0.9580 -0.1961 0.2092
vn 0.6438 -0.6020 -0.4724
vn -0.3107 -0.8789 0.3620
vn -0.2152 -0.5815 -0.7846
vn 0.8442 0.5114 0.1605
vn -0.5112 -0.7798 0.3614
vn -0.4439 -0.0972 0.8908
vn -0.9613 -0.1683 0.2181
vn -0.9448 0.1700 0.2800
vn -0.4929 -0.7846 -0.3762
vn -0.7468 0.5101 0.4268
vn 0.4266 0.0052 0.9044
vn -0.1507 -0.8758 -0.4586
vn -0.4697 -0.7999 0.3735
vn 0.7330 0.0372 0.6792
vn -0.5617 0.7170 0.4128
vn 0.7454 -0.3988 0.5342
vn -0.8101 -0.5028 0.3016
vn -0.4443 0.0820 -0.8921
vn -0.8336 0.5038 0.2265
vn 0.0335 0.9370 0.3477
vn 0.4429 -0.4002 0.8023
vn -0.8432 -0.3437 0.4133
vn -0.8815 -0.4320 -0.1903
vn -0.2932 0.8605 0.4167
vn 0.0120 0.7086 -0.7055
vn 0.1235 0.8175 0.5626
vn 0.3261 -0.5838 0.7435
vn 0.3411 0.8606 0.3781
vn 0.8887 -0.1130 -0.4444
vn 0.5313 0.2127 -0.8201
vn -0.8972 0.2061 -0.3906
vn -0.0850 0.9828 -0.1641
vn 0.4648 0.7526 -0.4664
vn 0.2854 0.9565 0.0608
vn 0.3294 0.5233 0.7859
vn 0.8085 0.5879 0.0245
vn 0.2071 -0.2187 -0.9536
vn 0.8770 0.3328 0.3466
vn 0.7957 -0.0410 -0.6044
vn 0.9101 -0.4029 -0.0970
vn -0.2057 0.9183 0.3383
vn -0.2494 -0.7294 0.6370
vn 0.9249 0.3312 0.1868
vn -0.6399 -0.6917 0.3349
vn -0.6433 0.6017 -0.4735
vn -0.2014 0.9323 0.3005
vn -0.8442 -0.5113 0.1605
vn 0.3189 0.9094 0.2671
vn 0.1745 0.2837 0.9429
vn -0.0019 -0.9986 -0.0529
vn 0.6075 -0.7352 0.3007
vn -0.4266 -0.0052 0.9044
vn 0.2742 0.8400 -0.4682
vn 0.4697 0.7999 0.3735
vn -0.7381 -0.5450 -0.3977
vn 0.5607 -0.7156 0.4166
vn -0.5702 0.2603 0.7792
vn 0.5558 -0.2484 -0.7934
vn 0.8086 0.5069 0.2985
vn 0.8908 0.0293 0.4535
vn -0.0355 -0.9361 0.3500
vn -0.4446 0.4013 0.8008
vn 0.8432 0.3437 0.4133
vn 0.9856 0.0309 -0.1665
vn 0.2832 -0.8467 0.4505
vn -0.0959 -0.6086 -0.7876
vn -0.0408 -0.5234 0.8511
vn -0.3254 0.5823 0.7450
vn -0.6411 -0.0887 -0.7623
vn -0.8899 0.1131 -0.4419
vn -0.3412 -0.8606 0.3781
vn -0.8957 -0.1414 0.4217
vn -0.1707 0.1838 0.9680
vn 0.5501 -0.7589 0.3485
vn -0.6538 0.7352 0.1791
vn -0.8232 0.3013 -0.4812
vn -0.8576 -0.4286 0.2843
vn -0.7885 -0.0915 0.6081
vn 0.3604 0.7733 0.5216
vn 0.1215 -0.6909 0.7127
vn -0.7733 0.5891 0.2344
vn -0.8962 -0.3758 -0.2357
vn 0.7885 0.0915 0.6081
vn 0.4197 -0.7659 -0.4871
vn 0.6760 -0.7089 0.2014
vn -0.4304 -0.7672 0.4756
vn 0.0911 0.6940 0.7142
vn 0.7689 -0.5713 0.2870
vn -0.1794 -0.3417 -0.9225
vn 0.6000 -0.1493 -0.7859
vn -0.4442 -0.1157 -0.8884
vn -0.0961 -0.4716 -0.8766
vn 0.1930 0.3468 -0.9179
vn -0.6000 0.1493 -0.7859
vn 0.1364 -0.0170 -0.9905
vn 0.1031 0.4818 -0.8702
vn 0.0581 0.2671 0.9619
vn 0.3635 0.3287 0.8717
vn 0.2333 0.0681 0.9700
vn 0.3219 -0.1813 0.9293
vn 0.2116 -0.2071 0.9552
vn 0.2273 -0.3525 0.9078
vn 0.0510 -0.2341 0.9709
vn -0.0917 -0.1753 0.9802
vn -0.2751 -0.1617 0.9477
vn -0.3288 0.0725 0.9416
vn -0.4084 0.1195 0.9049
vn -0.2074 0.1252 0.9702
vn -0.1006 0.2103 0.9724
vn -0.0698 0.3659 0.9280
vn 0.1799 0.8244 -0.5366
vn 0.4189 0.9046 0.0790
vn -0.3691 -0.7757 -0.5119
vn -0.0083 -0.7800 -0.6257
vn -0.9983 0.0494 -0.0324
vn -0.8648 -0.3336 0.3753
vn -0.3897 0.8932 -0.2241
vn -0.8054 0.5663 -0.1750
vn 0.5014 -0.4718 0.7252
vn -0.8873 0.3078 -0.3435
vn -0.8053 -0.5837 -0.1038
vn -0.5904 -0.7709 0.2390
vn -0.3782 -0.9096 0.1722
vn -0.1696 0.0156 0.9854
vn 0.8994 0.0269 0.4363
vn -0.1497 -0.9809 0.1241
vn 0.1312 -0.9746 -0.1817
vn 0.3592 -0.9141 -0.1880
vn 0.6087 0.2194 0.7625
vn 0.0083 0.7800 -0.6257
vn 0.6775 -0.6806 -0.2789
vn -0.5012 0.4741 0.7239
vn 0.8994 -0.4239 -0.1068
vn 0.1696 -0.0156 0.9854
vn -0.8994 -0.0269 0.4363
vn 0.6124 0.6630 -0.4306
vn 0.9405 0.2887 -0.1794
vn 0.9475 0.0093 0.3196
vn 0.8794 0.4572 0.1329
vn -0.6382 0.7567 0.1415
vn -0.0091 0.9925 -0.1217
vn -0.4635 -0.4339 0.7726
vn 0.0145 0.0323 0.9994
vn 0.7873 0.3342 -0.5182
vn 0.4635 0.4339 0.7726
vn -0.0145 -0.0323 0.9994
vn -0.7873 -0.3343 -0.5181
vn -0.2586 0.8404 0.4762
vn 0.1318 0.2175 0.9671
vn -0.0669 0.7941 0.6041
vn -0.2428 -0.0684 -0.9677
vn -0.2147 -0.0990 -0.9717
vn 0.5897 0.7722 -0.2368
vn -0.2764 0.5820 0.7648
vn -0.2010 0.3599 0.9111
vn 0.2342 0.1590 0.9591
vn 0.3086 0.1072 0.9451
vn 0.9197 0.1597 0.3587
vn 0.4709 0.0409 -0.8813
vn 0.2180 0.1118 0.9695
vn 0.1036 0.1173 0.9877
vn -0.2191 0.2511 0.9428
vn 0.1585 -0.8643 0.4774
vn 0.2058 -0.6437 0.7371
vn -0.2097 -0.1730 0.9623
vn 0.2395 -0.5165 0.8221
vn 0.2558 -0.3134 0.9145
vn -0.1511 -0.1234 0.9808
vn -0.2591 -0.1151 0.9590
vn -0.3266 -0.0830 0.9415
vn 0.3039 -0.1839 0.9348
vn -0.6380 -0.7329 -0.2362
vn -0.4890 -0.6312 0.6021
vn -0.1548 -0.9879 0.0126
vn -0.8043 -0.3699 0.4650
vn -0.6394 -0.7687 0.0187
vn -0.8532 -0.1882 0.4865
vn -0.9695 -0.2413 0.0429
vn -0.9906 -0.0369 -0.1317
vn -0.9987 0.0507 -0.0049
vn -0.8791 0.4766 0.0119
vn -0.9759 0.0313 0.2160
vn -0.8824 0.1835 0.4332
vn -0.3605 0.9327 0.0040
vn -0.4979 0.3377 0.7988
vn -0.2986 0.3919 0.8702
vn 0.1692 0.9854 0.0180
vn 0.5135 0.6314 0.5811
vn 0.1196 0.6338 0.7642
vn 0.8084 0.3146 0.4975
vn 0.7234 0.6902 0.0201
vn 0.9769 0.0783 -0.1987
vn 0.9926 0.1159 0.0369
vn 0.9973 0.0139 -0.0724
vn 0.9979 -0.0642 0.0112
vn 0.8671 -0.4968 -0.0357
vn 0.8008 -0.2728 0.5331
vn 0.8723 0.1099 0.4765
vn 0.3784 -0.9254 -0.0222
vn 0.3530 -0.3642 0.8618
vn -0.0916 -0.6296 0.7715
vn -0.2305 -0.3962 -0.8888
vn -0.7028 -0.1012 -0.7041
vn -0.6644 -0.7471 0.0185
vn 0.0344 -0.6580 -0.7523
vn -0.9747 0.2221 -0.0266
vn 0.7095 -0.0811 -0.7000
vn 0.9096 -0.2236 -0.3502
vn 0.8621 -0.5068 -0.0034
vn 0.5198 -0.5076 -0.6871
vn 0.5194 -0.8545 -0.0062
vn -0.0394 -0.9992 -0.0083
vn 0.3035 -0.6633 -0.6840
vn 0.4276 0.0993 -0.8985
vn 0.6865 0.7238 0.0693
vn 0.2524 0.4037 -0.8794
vn -0.0593 0.6454 -0.7615
vn -0.0045 0.9994 -0.0356
vn -0.3000 0.6635 -0.6854
vn -0.4988 0.5318 -0.6844
vn -0.6841 0.7287 -0.0306
vn -0.8915 0.2306 -0.3900
vn -0.0001 -0.0001 1.0000
vn 0.0001 0.0001 1.0000
vn -0.0039 0.0031 -1.0000
vn -0.0048 0.0007 -1.0000
vn -0.0066 -0.0042 -1.0000
vn -0.0041 -0.0039 -1.0000
vn -0.0016 -0.0063 -1.0000
vn 0.0050 -0.0048 -1.0000
vn 0.0056 -0.0012 -1.0000
vn 0.0044 0.0046 -1.0000
vn 0.0003 0.0002 -1.0000
vn -0.5901 0.1421 0.7947
vn -0.5728 0.1642 0.8031
vn -0.7328 0.2606 0.6286
vn -0.7288 0.2385 0.6418
vn -0.9138 0.3054 0.2676
vn -0.8930 0.4099 0.1859
vn -0.1069 0.0173 -0.9941
vn -0.2204 0.1064 -0.9696
vn -0.9161 0.3910 0.0891
vn -0.5512 0.0310 0.8338
vn -0.9056 0.1671 0.3898
vn -0.9506 0.0167 0.3100
vn -0.4486 0.0142 0.8936
vn -0.3118 0.0090 0.9501
vn -0.4959 0.0842 0.8643
vn -0.3219 0.0663 0.9445
vn -0.9780 0.1414 0.1533
vn -0.2057 -0.0489 -0.9774
vn -0.9636 0.2650 -0.0356
vn -0.1564 0.0260 0.9874
vn -0.1430 0.0788 0.9866
vn 0.1942 -0.0014 0.9810
vn 0.3879 0.0923 0.9171
vn 0.3437 0.1147 0.9320
vn -0.4775 0.0626 -0.8764
vn -0.2164 0.0628 -0.9743
vn -0.9700 0.1999 0.1380
vn -0.6865 0.2881 0.6677
vn -0.6424 0.1974 0.7405
vn -0.4760 0.0574 -0.8776
vn 0.4742 -0.0928 -0.8755
vn 0.4849 -0.2124 -0.8484
vn 0.3972 -0.1255 -0.9091
vn 0.3900 -0.1545 -0.9077
vn 0.4201 -0.2017 -0.8848
vn 0.4331 -0.1171 -0.8937
vn 0.3144 -0.0521 -0.9479
vn 0.4244 -0.0309 -0.9050
vn 0.1353 -0.0449 -0.9898
vn 0.2230 -0.1076 -0.9689
vn 0.2521 -0.1014 -0.9624
vn 0.1900 -0.0365 -0.9811
vn 0.8834 0.0137 -0.4684
vn 0.9462 0.0496 -0.3197
vn 0.9823 0.0684 -0.1745
vn 0.9300 0.0483 0.3644
vn 0.9983 -0.0246 -0.0523
vn 0.7303 -0.0264 0.6827
vn 0.8860 0.1109 0.4501
vn 0.9574 0.0969 0.2720
vn 0.7477 0.0066 -0.6640
vn 0.3130 -0.0172 -0.9496
vn 0.1469 -0.0547 -0.9876
vn 0.0782 0.0075 -0.9969
vn 0.6927 0.1285 0.7097
vn -0.1527 -0.0376 0.9876
vn -0.5200 -0.0474 0.8529
vn -0.9328 -0.0093 0.3602
vn -0.8080 -0.1073 0.5794
vn -0.4137 0.0045 -0.9104
vn -0.9713 -0.2275 0.0693
vn -0.4666 -0.0608 0.8824
vn -0.1551 -0.0924 0.9836
vn -0.2675 -0.0852 0.9598
vn -0.3688 -0.0701 0.9269
vn 0.2753 0.0186 0.9612
vn -0.1493 -0.0826 0.9853
vn 0.1600 -0.1155 0.9803
vn -0.3070 -0.0333 0.9511
vn -0.5411 -0.0340 0.8402
vn -0.4141 -0.0527 0.9087
vn -0.4978 -0.0169 -0.8671
vn 0.4257 0.0215 -0.9046
vn 0.4136 0.0567 -0.9087
vn 0.2637 0.0304 -0.9641
vn 0.2348 0.0388 -0.9713
vn 0.0059 0.0712 -0.9974
vn 0.1204 0.1006 -0.9876
vn 0.5774 0.0375 -0.8156
vn 0.9711 -0.0686 0.2284
vn 0.9194 -0.0507 0.3900
vn 0.5837 -0.0937 0.8066
vn 0.3431 -0.1206 0.9315
vn 0.6720 -0.1372 0.7278
vn 0.9472 -0.0953 0.3062
vn 0.9307 -0.0214 -0.3652
vn 0.1417 0.0670 -0.9876
vn -0.1511 0.1023 -0.9832
vn 0.1228 -0.0272 -0.9921
vn 0.3539 0.0456 -0.9342
vn 0.0900 0.1034 -0.9906
vn -0.0563 0.1051 -0.9929
vn 0.4549 -0.1651 -0.8751
vn -0.2459 0.0501 0.9680
vn -0.3922 -0.0903 0.9154
vn -0.9419 -0.3120 0.1242
vn -0.4969 -0.1374 -0.8569
vn 0.1855 0.0774 -0.9796
vn 0.1359 0.0977 -0.9859
vn 0.2668 0.0885 -0.9597
vn -0.0117 0.1045 -0.9945
vn -0.0877 0.0738 -0.9934
vn 0.6932 0.0040 -0.7208
vn 0.9686 -0.0744 -0.2372
vn 0.9806 -0.0696 0.1834
vn 0.9707 -0.0897 0.2230
vn -0.1051 -0.0841 0.9909
vn -0.9020 -0.1292 -0.4120
vn -0.7510 -0.2391 0.6155
vn 0.1221 -0.0959 0.9879
vn 0.4740 -0.1412 0.8692
vn 0.8476 -0.2268 0.4797
vn 0.9637 -0.2096 -0.1652
vn 0.8291 -0.1319 0.5433
vn 0.5483 -0.1101 0.8290
vn 0.6521 -0.0384 -0.7572
vn -0.4347 -0.0922 0.8958
vn 0.3384 0.1147 -0.9340
vn 0.3640 0.0605 -0.9294
vn -0.3050 -0.0989 0.9472
vn -0.0920 -0.0701 -0.9933
vn -0.3876 -0.0904 0.9174
vn -0.4447 -0.0678 0.8931
vn 0.3621 0.0779 -0.9289
vn 0.2985 0.0910 -0.9500
vn 0.2514 0.0506 -0.9666
vn 0.6162 -0.7875 -0.0134
vn 0.2570 -0.8871 0.3834
vn 0.3781 -0.3062 -0.8737
vn 0.5103 -0.4457 -0.7355
vn 0.4832 -0.8225 -0.2999
vn 0.6805 -0.5205 -0.5158
vn 0.8408 -0.3429 -0.4189
vn 0.7327 -0.6104 0.3009
vn 0.8438 -0.4104 0.3459
vn 0.3630 -0.7920 -0.4908
vn -0.1090 -0.9940 -0.0025
vn -0.0436 -0.9990 0.0061
vn -0.7443 -0.6678 0.0045
vn -0.7871 -0.6168 -0.0040
vn -0.9940 0.1090 -0.0025
vn -0.9990 0.0436 0.0061
vn -0.6678 0.7443 0.0045
vn -0.6168 0.7871 -0.0040
vn 0.1090 0.9940 -0.0025
vn 0.0436 0.9990 0.0061
vn 0.7443 0.6678 0.0045
vn 0.7871 0.6168 -0.0040
vn 0.9940 -0.1090 -0.0025
vn 0.9990 -0.0436 0.0061
vn 0.6678 -0.7443 0.0045
vn 0.6168 -0.7871 -0.0040
vn 0.5120 -0.1126 0.8516
vn 0.6987 -0.1686 0.6952
vn 0.8895 -0.2682 0.3698
vn 0.8596 -0.1673 0.4827
vn 0.6972 -0.1876 -0.6918
vn 0.3221 -0.0850 0.9429
vn 0.4825 -0.0937 0.8709
vn 0.5552 -0.1409 0.8197
vn 0.9127 -0.2423 0.3291
vn 0.9939 -0.0981 0.0495
vn 0.5582 -0.0902 0.8248
vn 0.3197 -0.0216 0.9473
vn 0.4692 -0.0822 0.8793
vn 0.4453 -0.0085 0.8953
vn 0.5524 -0.0160 0.8335
vn 0.9335 -0.0091 0.3585
vn 0.7375 -0.1132 -0.6658
vn -0.0860 0.0062 -0.9963
vn 0.7172 -0.1447 0.6817
vn 0.2465 -0.0195 -0.9689
vn 0.9526 -0.2076 -0.2226
vn 0.4313 -0.0132 -0.9021
vn 0.0035 -0.0747 0.9972
vn 0.1567 -0.0403 0.9868
vn -0.1798 0.0027 0.9837
vn -0.3511 -0.1279 0.9276
vn 0.1455 -0.0886 0.9854
vn 0.6804 -0.3485 0.6447
vn 0.6627 -0.3208 0.6766
vn 0.8754 -0.3215 0.3611
vn 0.8677 -0.3162 0.3836
vn 0.6990 -0.2120 0.6830
vn 0.7377 -0.2474 0.6281
vn 0.7475 -0.3347 0.5737
vn 0.9199 -0.3130 0.2362
vn 0.4911 -0.1908 -0.8500
vn -0.1211 0.0550 -0.9911
vn -0.1887 0.0588 -0.9803
vn 0.6493 -0.2589 0.7151
vn 0.8651 -0.3780 0.3298
vn 0.6305 -0.3241 -0.7053
vn 0.9038 -0.4139 0.1090
vn 0.6258 -0.1634 0.7627
vn 0.9135 -0.0827 0.3983
vn 0.8882 -0.2870 -0.3589
vn 0.3312 -0.1659 -0.9289
vn -0.9292 -0.0453 -0.3669
vn -0.9614 -0.0974 0.2574
vn -0.9829 -0.0628 -0.1732
vn -0.8502 -0.0004 -0.5265
vn -0.9784 -0.0507 0.2003
vn -0.9985 0.0239 -0.0492
vn -0.7322 0.0250 0.6807
vn -0.5793 -0.0427 0.8140
vn -0.8828 -0.1185 0.4546
vn -0.5950 -0.1283 0.7935
vn -0.1112 0.0583 -0.9921
vn -0.0832 -0.0254 -0.9962
vn -0.3048 0.0578 -0.9506
vn -0.2973 -0.0261 -0.9544
vn -0.2354 0.1128 -0.9653
vn -0.2645 0.0919 -0.9600
vn -0.2865 0.0357 -0.9574
vn -0.4478 0.0735 -0.8911
vn -0.4366 0.1804 -0.8814
vn -0.4890 0.1942 -0.8504
vn -0.4132 0.1262 -0.9019
vn -0.4647 0.0958 -0.8803
vn -0.3914 0.1600 -0.9062
vn -0.7738 -0.0017 -0.6335
vn 0.1546 0.0350 0.9874
vn 0.9825 -0.0102 0.1861
vn 0.2883 -0.0036 -0.9575
vn 0.4504 -0.0173 -0.8927
vn 0.9636 0.2610 0.0575
vn 0.6202 0.1450 0.7709
vn 0.4659 0.0610 0.8827
vn 0.1554 0.0918 0.9836
vn 0.2675 0.0852 0.9598
vn 0.3692 0.0705 0.9267
vn -0.2753 -0.0186 0.9612
vn 0.1493 0.0826 0.9853
vn -0.1600 0.1155 0.9803
vn 0.3070 0.0313 0.9512
vn 0.5394 0.0315 0.8415
vn 0.5185 0.0440 0.8539
vn 0.4141 0.0525 0.9087
vn -0.3899 -0.0122 -0.9208
vn -0.2660 -0.0293 -0.9635
vn -0.2348 -0.0388 -0.9713
vn -0.0060 -0.0712 -0.9974
vn -0.0986 -0.1011 -0.9900
vn -0.5774 -0.0375 -0.8156
vn -0.9711 0.0686 0.2284
vn -0.9194 0.0507 0.3900
vn -0.5837 0.0937 0.8066
vn -0.3431 0.1206 0.9315
vn -0.6720 0.1372 0.7278
vn -0.9472 0.0953 0.3062
vn -0.9307 0.0214 -0.3652
vn -0.1417 -0.0670 -0.9876
vn 0.1511 -0.1023 -0.9832
vn -0.1227 0.0271 -0.9921
vn -0.3553 -0.0440 -0.9337
vn -0.0754 -0.1011 -0.9920
vn 0.0499 -0.1038 -0.9933
vn -0.4885 0.1141 -0.8651
vn 0.2448 -0.0499 0.9683
vn 0.9497 0.3069 0.0619
vn 0.6081 0.1604 -0.7775
vn -0.1369 -0.0986 -0.9857
vn -0.2668 -0.0887 -0.9597
vn -0.1516 -0.0967 -0.9837
vn 0.0115 -0.1037 -0.9945
vn 0.0877 -0.0738 -0.9934
vn -0.6932 -0.0040 -0.7208
vn -0.9686 0.0744 -0.2372
vn -0.9806 0.0696 0.1834
vn -0.9707 0.0897 0.2230
vn 0.1040 0.0830 0.9911
vn 0.3833 0.0896 0.9193
vn -0.4482 0.1393 0.8830
vn -0.0855 0.1006 0.9912
vn -0.7642 0.2294 0.6028
vn -0.9698 0.2042 -0.1335
vn -0.8369 0.1308 0.5316
vn -0.5483 0.1101 0.8290
vn -0.6579 0.0335 -0.7524
vn -0.3336 -0.1037 -0.9370
vn -0.3640 -0.0605 -0.9294
vn 0.3084 0.0971 0.9463
vn 0.3875 0.0880 0.9177
vn 0.4321 0.0931 0.8970
vn 0.4459 0.0658 0.8927
vn -0.3621 -0.0794 -0.9287
vn -0.3005 -0.0899 -0.9495
vn -0.3153 -0.0654 -0.9467
vn -0.7837 0.5409 0.3054
vn -0.7048 0.7059 0.0703
vn -0.5788 0.8147 -0.0355
vn -0.8648 0.3070 -0.3973
vn -0.6962 0.4562 -0.5543
vn -0.7753 0.4487 0.4445
vn -0.3632 0.3203 -0.8749
vn -0.5233 0.4327 -0.7341
vn -0.4272 0.8593 -0.2812
vn -0.3859 0.7770 -0.4974
vn 0.0003 -0.0170 0.9999
vn 0.0348 -0.1804 0.9830
vn 0.2410 -0.5192 0.8200
vn 0.0160 -0.0075 0.9998
vn 0.2506 -0.1509 0.9563
vn 0.5745 0.0006 0.8185
vn 0.0082 0.0080 0.9999
vn 0.2307 0.1446 0.9622
vn 0.2609 0.5104 0.8194
vn -0.0051 0.0129 0.9999
vn 0.0228 0.1722 0.9848
vn -0.2944 0.4687 0.8328
vn 0.0005 -0.0004 1.0000
vn -0.0121 0.0109 0.9999
vn -0.2574 0.1441 0.9555
vn -0.5735 0.0011 0.8192
vn -0.0115 -0.0061 0.9999
vn -0.2341 -0.1433 0.9616
vn -0.3039 -0.4621 0.8332
vn -0.4540 -0.8655 0.2118
vn -0.0483 -0.9921 0.1157
vn -0.8798 0.0391 0.4737
vn -0.4900 0.8471 0.2058
vn -0.0506 0.9929 0.1076
vn 0.4328 0.7688 0.4707
vn 0.8798 -0.0391 0.4737
vn 0.4474 -0.7618 0.4685
vn 0.7517 -0.1836 0.6334
vn 0.7647 0.1761 0.6199
vn 0.9991 -0.0319 0.0286
vn 0.5922 0.5443 0.5942
vn 0.2648 0.7542 0.6009
vn 0.4559 0.8890 0.0440
vn 0.5014 -0.8647 0.0310
vn 0.2048 -0.7620 0.6144
vn 0.5154 -0.5795 0.6312
vn -0.5773 -0.5357 0.6162
vn -0.2480 -0.7502 0.6130
vn -0.7437 0.1824 0.6432
vn -0.7653 -0.1960 0.6131
vn -0.9991 0.0319 0.0286
vn -0.1989 0.7564 0.6231
vn -0.5104 0.5835 0.6317
vn 0.0034 0.0109 -0.9999
vn 0.0508 0.4518 -0.8907
vn 0.3023 0.6126 -0.7303
vn 0.6328 0.1925 -0.7500
vn 0.0090 0.0039 -1.0000
vn 0.4800 -0.0432 -0.8762
vn 0.0097 -0.0084 -0.9999
vn 0.5763 -0.3768 -0.7252
vn 0.1077 -0.5632 -0.8193
vn -0.0005 -0.0098 -1.0000
vn -0.1721 -0.5669 -0.8056
vn -0.0115 -0.0088 -0.9999
vn -0.5403 -0.4523 -0.7096
vn -0.6576 -0.1103 -0.7453
vn -0.0122 0.0054 -0.9999
vn -0.6253 0.2116 -0.7512
vn -0.3605 0.5143 -0.7781
vn -0.0066 0.0148 -0.9999
vn 0.0009 0.8327 0.5538
vn -0.7452 0.4095 0.5263
vn -0.8582 0.5126 0.0251
vn -0.8769 -0.4806 0.0048
vn 0.0183 -0.8430 0.5376
vn 0.7446 -0.4125 0.5248
vn 0.8582 -0.5126 0.0251
vn 0.8769 0.4806 0.0048
vn -0.1266 -0.7335 0.6678
vn 0.3265 -0.7886 0.5210
vn 0.4145 -0.5796 0.7016
vn 0.7709 -0.4516 0.4491
vn 0.7253 -0.1044 0.6805
vn -0.3992 -0.6401 0.6564
vn -0.5830 -0.5453 0.6023
vn -0.7414 -0.4618 0.4869
vn 0.2086 0.1765 0.9619
vn -0.8653 -0.1051 0.4902
vn -0.7366 0.1971 0.6469
vn -0.3645 0.4973 0.7873
vn -0.1040 0.7176 0.6886
vn 0.0954 0.7529 0.6512
vn 0.3654 0.7968 0.4812
vn 0.5082 0.6718 0.5390
vn 0.8007 0.3387 0.4941
vn -0.2484 -0.1372 0.9589
vn 0.7831 0.1009 0.6136
vn -0.0875 0.9804 -0.1767
vn 0.1639 0.9719 -0.1691
vn -0.2465 0.6519 -0.7171
vn -0.6263 0.4055 -0.6658
vn 0.2898 -0.6589 -0.6942
vn 0.6936 -0.2478 -0.6764
vn 0.4570 0.5875 -0.6678
vn -0.7576 -0.3013 -0.5790
vn -0.5322 -0.7434 -0.4052
vn 0.5107 -0.7664 -0.3895
vn 0.6932 0.4676 -0.5485
vn -0.9861 0.0325 -0.1631
vn -0.4023 -0.9051 -0.1377
vn -0.1356 -0.9836 -0.1189
vn 0.1507 -0.9882 0.0265
vn 0.9929 0.0360 -0.1133
vn -0.3856 0.8643 0.3229
vn -0.6291 0.7623 0.1522
vn -0.7745 0.5064 0.3791
vn -0.9441 0.3152 0.0966
vn -0.8819 -0.3144 0.3513
vn 0.6969 -0.6739 0.2453
vn 0.8972 -0.3344 0.2885
vn 0.7112 0.6231 0.3255
vn 0.0584 0.7125 -0.6992
vn 0.2354 0.6818 -0.6926
vn -0.3576 0.6517 -0.6689
vn -0.5469 0.4409 -0.7117
vn -0.7742 0.0868 -0.6269
vn -0.6577 -0.2382 -0.7147
vn -0.4971 -0.5892 -0.6370
vn -0.1597 -0.6588 -0.7352
vn 0.2499 -0.6676 -0.7013
vn 0.4062 -0.5784 -0.7074
vn 0.6435 -0.2381 -0.7275
vn 0.6957 -0.1313 -0.7062
vn 0.6002 0.3741 -0.7070
vn 0.5863 0.3470 -0.7320
vn 0.6115 -0.7900 -0.0447
vn 0.3396 -0.9395 0.0447
vn -0.3396 -0.9395 -0.0447
vn -0.6115 -0.7900 0.0447
vn -0.9671 -0.2519 -0.0368
vn -0.9962 0.0755 0.0432
vn -0.8532 0.5207 -0.0300
vn -0.5686 0.8216 0.0417
vn -0.2539 0.9667 -0.0330
vn 0.2539 0.9667 0.0330
vn 0.5686 0.8216 -0.0417
vn 0.8532 0.5207 0.0300
vn 0.9962 0.0755 -0.0432
vn 0.9671 -0.2519 0.0368
vn -0.2900 -0.6393 0.7122
vn -0.1479 -0.6710 0.7265
vn 0.4155 -0.5596 0.7170
vn 0.3405 -0.6392 0.6896
vn 0.6386 -0.2224 0.7367
vn 0.7452 0.0714 0.6630
vn 0.5962 0.3821 0.7060
vn 0.4108 0.6144 0.6736
vn 0.0850 0.6998 0.7093
vn -0.2416 0.7504 0.6152
vn -0.5561 0.4339 0.7088
vn -0.6226 0.2958 0.7244
vn -0.7109 -0.1147 0.6938
vn -0.6637 -0.2466 0.7062
vt 1.538755 0.142881
vt 1.663977 -0.147088
vt 1.633407 0.349912
vt 1.354828 0.725399
vt 1.457698 0.815826
vt 1.152467 1.209245
vt 0.877836 1.261414
vt 0.636641 1.536769
vt 0.339616 1.507595
vt 0.022323 1.670316
vt -0.142881 1.538755
vt -0.577231 1.558604
vt -0.725399 1.354828
vt -1.119740 1.239612
vt -1.261414 0.877836
vt -1.484895 0.749705
vt -1.507595 0.339616
vt -1.663978 0.147088
vt -1.538755 -0.142881
vt -1.633407 -0.349912
vt -1.354828 -0.725399
vt -1.457698 -0.815826
vt -1.152467 -1.209245
vt -0.877836 -1.261414
vt -0.636641 -1.536769
vt -0.339616 -1.507595
vt -0.022323 -1.670316
vt 0.142881 -1.538755
vt 0.577231 -1.558604
vt 0.725399 -1.354828
vt 1.119740 -1.239612
vt 1.261414 -0.877836
vt 1.484895 -0.749705
vt 1.507595 -0.339616
vt -1.542162 0.099593
vt -1.663977 0.147088
vt -1.497459 -0.381838
vt -1.457698 -0.815826
vt -1.226373 -0.928460
vt -1.152467 -1.209245
vt -0.671196 -1.384025
vt -0.099593 -1.542162
vt 0.381838 -1.497459
vt 0.577231 -1.558604
vt 0.928460 -1.226373
vt 1.384025 -0.671196
vt 1.484895 -0.749705
vt 1.542162 -0.099593
vt 1.663977 -0.147088
vt 1.497459 0.381838
vt 1.457698 0.815826
vt 1.226373 0.928460
vt 1.152467 1.209245
vt 0.671196 1.384025
vt 0.099593 1.542162
vt -0.381838 1.497459
vt -0.577231 1.558604
vt -0.928460 1.226373
vt -1.384025 0.671196
vt -1.484895 0.749705
vt 0.940000 -4.482523
vt 0.000000 -4.525990
vt 0.940000 -4.869469
vt 0.000000 -4.869469
vt 0.940000 4.769465
vt 0.000000 4.725999
vt 0.940000 4.169467
vt 0.000000 4.107663
vt 0.940000 3.439049
vt 0.000000 3.377243
vt 0.940000 2.821680
vt 0.000000 2.778214
vt 0.940000 2.334730
vt 0.000000 2.291264
vt 0.940000 1.734733
vt 0.000000 1.672928
vt 0.940000 1.004315
vt 0.000000 0.942509
vt 0.940000 0.386946
vt 0.000000 0.343479
vt 0.940000 -0.100004
vt 0.000000 -0.143470
vt 0.940000 -0.700002
vt 0.000000 -0.761806
vt 0.940000 -1.430419
vt 0.000000 -1.492226
vt 0.940000 -2.047789
vt 0.000000 -2.091255
vt 0.940000 -2.534739
vt 0.000000 -2.578205
vt 0.940000 -3.134736
vt 0.000000 -3.196540
vt 0.940000 -3.865153
vt 0.000000 -3.926960
vt 0.000000 -5.114530
vt -0.940000 -4.908648
vt -0.940000 -5.262168
vt -0.000000 5.262168
vt -0.940000 5.114530
vt 0.000000 4.908648
vt -0.940000 4.479124
vt 0.000000 4.407483
vt 0.000000 3.906325
vt -0.940000 3.861638
vt 0.000000 3.288836
vt -0.940000 3.225319
vt 0.000000 2.653428
vt -0.940000 2.608740
vt 0.000000 2.036848
vt -0.940000 1.973331
vt 0.000000 1.400530
vt -0.940000 1.355843
vt 0.000000 0.783044
vt -0.940000 0.854684
vt -0.940000 0.353520
vt 0.000000 0.147638
vt -0.940000 -0.147638
vt 0.000000 -0.353520
vt -0.940000 -0.783044
vt 0.000000 -0.854684
vt 0.000000 -1.355843
vt -0.940000 -1.400530
vt 0.000000 -1.973331
vt -0.940000 -2.036848
vt 0.000000 -2.608740
vt -0.940000 -2.653428
vt 0.000000 -3.225319
vt -0.940000 -3.288836
vt 0.000000 -3.861638
vt -0.940000 -3.906325
vt 0.000000 -4.479124
vt -0.940000 -4.407483
vt 0.381386 0.088802
vt 0.236748 0.038169
vt 0.332473 -0.206889
vt 0.150240 -0.187194
vt 0.076329 0.226517
vt 0.206889 0.332473
vt -0.088802 0.381386
vt -0.149001 0.187699
vt -0.332473 0.206889
vt -0.236707 -0.028679
vt -0.381386 -0.088802
vt -0.085483 -0.223907
vt -0.206889 -0.332473
vt 0.088802 -0.381386
vt -1.533973 -0.336865
vt -1.442037 -0.137520
vt -1.564124 0.141665
vt -1.430645 0.358623
vt -1.360844 -0.784000
vt -1.247673 -0.736857
vt -0.922913 0.037007
vt -0.724900 -0.572414
vt -0.468364 -0.142235
vt -0.604649 -0.540193
vt -0.475775 -0.515060
vt -1.060876 -1.158056
vt -0.951549 -1.126123
vt -0.783165 -1.249804
vt -0.662022 -1.424177
vt -0.314627 -1.413850
vt -0.089892 -1.560990
vt 0.314627 -1.413850
vt -0.320391 -0.866306
vt 0.320391 -0.866306
vt 0.142235 -0.468364
vt 0.326907 -0.741984
vt 0.342829 -0.611650
vt 0.610693 -1.437925
vt 0.776962 -1.252968
vt 0.946622 -1.131045
vt 0.735409 -0.948440
vt 0.724900 -0.572414
vt 0.604649 -0.540193
vt 0.431759 -0.230608
vt 1.185318 -1.017642
vt 1.247673 -0.736857
vt 1.513789 -0.386027
vt 1.442037 -0.137520
vt 0.922913 0.037007
vt 1.431738 0.351746
vt 1.529010 0.326955
vt 1.368209 0.550780
vt 1.225168 0.971459
vt 1.085801 0.958863
vt 0.666900 1.414219
vt 0.576403 1.328963
vt 0.107902 1.470359
vt -0.028899 1.561966
vt -0.101023 1.471445
vt -0.622763 1.441777
vt -0.576403 1.328963
vt -1.028756 1.186681
vt -1.085801 0.958864
vt -1.387638 0.720579
vt -1.365052 0.556986
vt 0.677570 0.149132
vt 0.468364 0.142235
vt 0.445081 -0.525291
vt -0.326907 -0.741984
vt -0.230608 -0.431759
vt -0.362139 -0.585519
vt -0.676651 0.150172
vt -0.806688 0.081621
vt -1.147604 0.309308
vt -0.431759 0.230608
vt -0.635824 0.277615
vt -0.142235 0.468364
vt -0.768404 0.512535
vt -0.700600 0.408126
vt -0.066274 0.689939
vt -0.171654 0.792429
vt -0.250000 0.889178
vt -0.053150 1.192691
vt 0.230608 0.431759
vt 0.067547 0.690492
vt 0.768404 0.512535
vt 0.250000 0.889178
vt 0.171654 0.792429
vt 0.042136 1.196815
vt 0.635692 0.276234
vt 0.700600 0.408126
vt 1.110236 0.424310
vt -0.675609 -0.992386
vt -0.744751 -0.928721
vt 1.150924 0.339273
vt 0.806688 0.081621
vt -1.130538 0.402018
vt 0.653498 -0.995465
vt 0.000000 -1.034114
vt -0.220000 -1.165000
vt 0.000000 -1.256637
vt 0.000000 1.165000
vt -0.220000 1.256637
vt -0.220000 1.034114
vt 0.000000 0.850841
vt -0.220000 0.719956
vt 0.000000 0.536682
vt -0.220000 0.405796
vt 0.000000 0.222523
vt -0.220000 0.091637
vt 0.000000 -0.091637
vt -0.220000 -0.222523
vt 0.000000 -0.405796
vt -0.220000 -0.536682
vt 0.000000 -0.719956
vt -0.220000 -0.850841
vt -0.050000 -1.501275
vt -0.220000 -1.325350
vt -0.220000 -1.570796
vt -0.050000 1.570796
vt -0.220000 1.423544
vt -0.050000 1.314193
vt -0.220000 1.030844
vt -0.050000 1.047198
vt -0.050000 0.854920
vt -0.220000 0.638145
vt -0.050000 0.528794
vt -0.220000 0.245446
vt -0.050000 0.261799
vt -0.050000 0.069522
vt -0.220000 -0.147253
vt -0.050000 -0.256604
vt -0.220000 -0.539952
vt -0.050000 -0.523599
vt -0.050000 -0.715876
vt -0.220000 -0.932651
vt -0.050000 -1.042002
vt -0.050000 -1.308997
vt 0.000000 0.766428
vt -0.440000 0.765838
vt -0.483995 0.745853
vt -0.440000 -0.729834
vt 0.000000 -0.716150
vt -0.471370 -0.601611
vt 0.000000 -0.483986
vt -0.483975 -0.510714
vt -0.440000 -0.475972
vt 0.000000 -0.223679
vt -0.476642 -0.287130
vt -0.486547 -0.204904
vt -0.440000 -0.182254
vt 0.000000 0.039803
vt -0.440000 0.016508
vt -0.480000 0.027050
vt -0.484081 0.116197
vt 0.000000 0.311093
vt -0.440000 0.131988
vt -0.440000 0.332102
vt -0.486419 0.414899
vt -0.480000 0.340769
vt 0.000000 0.560352
vt -0.440000 0.454746
vt -0.471366 0.654960
vt -0.480000 0.444652
vt 0.000000 -4.805787
vt -0.180000 -4.607498
vt -0.180000 -4.948008
vt 0.000000 4.948008
vt -0.180000 4.805787
vt 0.000000 4.607498
vt -0.180000 4.193756
vt 0.000000 4.124762
vt 0.000000 3.642030
vt -0.180000 3.598964
vt 0.000000 3.159294
vt -0.180000 3.116228
vt 0.000000 2.564500
vt -0.180000 2.503274
vt 0.000000 1.841318
vt -0.180000 1.780093
vt 0.000000 1.117220
vt -0.180000 1.055996
vt 0.000000 0.504268
vt -0.180000 0.331896
vt 0.000000 0.021533
vt -0.180000 -0.393122
vt 0.000000 -0.461201
vt 0.000000 -1.055996
vt -0.180000 -1.117220
vt 0.000000 -1.780093
vt -0.180000 -1.841318
vt 0.000000 -2.503274
vt -0.180000 -2.564500
vt 0.000000 -3.116228
vt -0.180000 -3.159294
vt 0.000000 -3.598965
vt -0.180000 -3.642030
vt 0.000000 -4.193756
vt -0.180000 -4.124762
vt -0.320000 0.148359
vt -0.500000 0.154505
vt -0.500000 0.043192
vt -0.320000 0.038458
vt -0.310628 1.000000
vt -0.688256 1.000000
vt -0.310628 0.820000
vt -0.688256 0.820000
vt -0.065908 -0.180000
vt -0.065938 0.049077
vt -0.580700 0.000000
vt -0.580700 -0.180000
vt -0.788679 0.174438
vt -0.705193 0.000000
vt -0.792719 -0.180000
vt -0.705193 -0.180000
vt -0.180000 0.044829
vt 0.180085 0.036365
vt 0.182870 0.189361
vt -0.180000 0.188805
vt -0.726682 0.049095
vt -0.726811 -0.180000
vt -0.212019 0.000000
vt -0.003730 0.174497
vt -0.087526 0.000000
vt 0.000000 -0.180000
vt -0.087526 -0.180000
vt -0.212019 -0.180000
vt -0.377628 0.820000
vt -0.000000 0.820000
vt -0.377628 1.000000
vt -0.000000 1.000000
vt -0.320000 0.176818
vt -0.500000 0.144848
vt -0.320000 0.066148
vt -0.500000 0.034182
vt -0.066874 0.049243
vt -0.792393 0.175066
vt -0.180000 0.060846
vt 0.181363 0.048740
vt 0.182189 0.204222
vt -0.180000 0.204772
vt -0.726695 0.049093
vt -0.002235 0.174747
vt -0.320000 0.167340
vt -0.500000 0.155154
vt -0.320000 0.055843
vt -0.500000 0.043657
vt -0.066874 0.049243
vt -0.792395 0.175067
vt -0.180000 0.060846
vt 0.181363 0.048739
vt 0.182189 0.204222
vt -0.180000 0.204772
vt -0.726678 0.049096
vt -0.002231 0.174747
vt -0.180000 0.067061
vt 0.037209 0.067061
vt -0.180000 0.533753
vt 0.037209 0.423332
vt 0.000000 0.536313
vt 0.037209 0.857472
vt -0.000000 0.734945
vt -0.180000 0.742958
vt 0.037209 1.202676
vt -0.180000 1.202676
vt -0.601434 0.820000
vt -0.601434 1.000000
vt -0.726676 0.049096
vt -0.002235 0.174747
vt -0.180000 0.533753
vt 0.037209 0.423333
vt 0.000000 0.536313
vt 0.037209 0.857477
vt -0.180000 0.742958
vt -0.066869 0.049242
vt -0.792394 0.175067
vt -0.180000 0.533754
vt 0.037209 0.423325
vt 0.000000 0.536313
vt 0.037209 0.857481
vt -0.180000 0.742957
vt -0.726688 0.049094
vt -0.003727 0.174497
vt -0.180000 0.533754
vt 0.037209 0.423328
vt 0.037209 0.857482
vt -0.180000 0.742958
vt -0.065928 0.049076
vt -0.788670 0.174437
vt -0.180000 0.533754
vt 0.037209 0.423330
vt 0.037209 0.857469
vt -0.180000 0.742958
vt -0.320000 0.149255
vt -0.500000 0.153632
vt -0.500000 0.043191
vt -0.320000 0.038893
vt -0.180000 0.044830
vt 0.180086 0.036367
vt 0.182854 0.189537
vt -0.180000 0.188949
vt -0.320000 0.176816
vt -0.500000 0.144850
vt -0.320000 0.066149
vt -0.500000 0.034180
vt -0.180000 0.060846
vt 0.181363 0.048739
vt 0.182189 0.204221
vt -0.180000 0.204772
vt -0.429317 -0.039423
vt -0.332473 -0.206889
vt -0.381386 0.088802
vt -0.280090 -0.347439
vt -0.088802 -0.381386
vt 0.039425 -0.429317
vt 0.206889 -0.332473
vt 0.347439 -0.280090
vt 0.381386 -0.088802
vt 0.429317 0.039423
vt 0.332473 0.206889
vt 0.280090 0.347439
vt 0.088802 0.381386
vt -0.039425 0.429317
vt -0.206889 0.332473
vt -0.347439 0.280090
vt -0.104061 0.233031
vt -0.167262 0.326600
vt -0.153536 0.239401
vt -0.191882 0.250824
vt -0.204742 0.340690
vt -0.229503 0.264484
vt -0.243245 0.351630
vt -0.281287 0.301688
vt -0.280826 0.365411
vt -0.343590 0.363990
vt -0.344051 0.300267
vt -0.381567 0.314249
vt -0.430190 0.334908
vt -0.480205 0.319895
vt -0.335097 0.488088
vt -0.145341 0.425751
vt -0.166391 0.390532
vt -0.218524 0.427714
vt -0.256005 0.441804
vt -0.309908 0.449569
vt -0.332959 0.402594
vt -0.218063 0.491438
vt -0.150000 0.577542
vt -0.207130 0.529944
vt -0.185114 0.167970
vt -0.292026 0.263119
vt -0.133249 0.211529
vt 0.000000 0.031370
vt -0.275981 0.040000
vt -0.275981 0.000000
vt 0.011850 0.521881
vt -0.015648 0.247772
vt 0.297167 0.429176
vt 0.166404 0.186371
vt -0.000000 0.040000
vt -0.078437 0.040000
vt 0.000000 0.000000
vt -0.254492 -0.027012
vt -0.358517 -0.085144
vt -0.274936 -0.072182
vt -0.298313 -0.104641
vt -0.449748 -0.006556
vt -0.423101 -0.037932
vt -0.391202 -0.062079
vt -0.409879 -0.122468
vt -0.470261 -0.102843
vt -0.434015 -0.154375
vt -0.456902 -0.187190
vt -0.523571 -0.155976
vt -0.481226 -0.218960
vt -0.567751 -0.167867
vt -0.534983 -0.055820
vt -0.502947 -0.079778
vt -0.595627 0.035812
vt -0.568013 -0.033230
vt -0.452630 -0.357850
vt -0.454452 -0.305897
vt -0.420656 -0.238723
vt -0.373633 -0.174001
vt -0.322093 -0.136806
vt -0.387971 -0.261788
vt -0.216917 -0.124222
vt -0.340809 -0.196875
vt -0.242353 -0.061361
vt 0.000000 0.031366
vt -0.016535 0.247895
vt 0.166396 0.186377
vt -0.078436 0.040000
vt -0.052952 -0.250381
vt -0.061718 -0.391417
vt -0.032491 -0.295541
vt -0.029948 -0.367093
vt 0.002874 -0.344216
vt 0.050026 -0.409115
vt -0.010185 -0.427663
vt 0.012701 -0.460478
vt 0.097049 -0.473837
vt 0.036838 -0.492384
vt 0.059536 -0.525335
vt 0.150492 -0.526737
vt -0.015792 -0.591837
vt 0.200464 -0.541058
vt 0.129085 -0.449879
vt -0.132746 -0.429759
vt -0.094670 -0.414115
vt -0.075085 -0.474815
vt -0.052020 -0.507500
vt -0.013451 -0.546145
vt -0.112231 -0.526048
vt -0.218118 -0.555409
vt -0.143922 -0.550481
vt 0.051558 -0.244626
vt 0.081924 -0.384966
vt 0.035039 -0.320436
vt -0.009725 -0.255112
vt -0.025043 0.248587
vt 0.160306 0.190069
vt -0.078436 0.040000
vt 0.227825 -0.131424
vt 0.327428 -0.166342
vt 0.264782 -0.102980
vt 0.302846 -0.090688
vt 0.340991 -0.078642
vt 0.365781 -0.154937
vt 0.404551 -0.078846
vt 0.416177 -0.117127
vt 0.480635 -0.054124
vt 0.479669 -0.117120
vt 0.518022 -0.105715
vt 0.547460 -0.019644
vt 0.557990 -0.197904
vt 0.576524 0.023457
vt 0.467750 -0.016253
vt 0.367707 -0.259051
vt 0.364593 -0.218005
vt 0.429272 -0.154930
vt 0.428374 -0.218136
vt 0.466587 -0.206300
vt 0.515259 -0.181561
vt 0.465620 -0.269296
vt 0.460823 -0.379074
vt 0.479065 -0.306986
vt 0.248506 -0.026992
vt 0.391441 -0.041047
vt 0.232135 -0.092809
vt -0.025127 0.248587
vt 0.159071 0.190776
vt -0.078437 0.040000
vt 0.182939 0.177416
vt 0.240000 0.279614
vt 0.180000 0.220000
vt 0.200000 0.280166
vt 0.160000 0.279834
vt 0.360000 0.269660
vt 0.320000 0.279381
vt 0.280000 0.280166
vt 0.280000 0.360386
vt 0.339834 0.340000
vt 0.340386 0.380000
vt 0.280000 0.440619
vt 0.331898 0.433935
vt 0.360648 0.469524
vt 0.400000 0.359614
vt 0.502922 0.321129
vt 0.440000 0.360754
vt 0.155847 0.555556
vt 0.187857 0.514596
vt 0.240000 0.439614
vt 0.200000 0.440386
vt 0.240000 0.359614
vt 0.200000 0.360386
vt 0.160000 0.439834
vt 0.102479 0.227994
vt 0.160000 0.359598
vt 0.160000 0.192094
vt 0.000000 0.036643
vt -0.005192 0.245623
vt 0.167602 0.185499
vt -0.078436 0.040000
vt 1.613902 0.345741
vt 1.570379 0.021512
vt 1.644109 -0.145328
vt 1.503683 -0.453308
vt 1.528231 -0.623478
vt 1.225168 -0.971459
vt 1.367425 -0.932295
vt 1.106372 -1.224809
vt 0.666900 -1.414219
vt 0.696198 -1.496504
vt 0.368272 -1.613506
vt -0.028899 -1.561966
vt -0.022057 -1.650372
vt -0.577678 -1.535966
vt -0.622763 -1.441777
vt -1.028756 -1.186681
vt -1.138707 -1.194806
vt -1.387638 -0.720579
vt -1.440292 -0.806086
vt -1.613902 -0.345741
vt -1.564124 -0.141665
vt -1.644109 0.145328
vt -1.533973 0.336865
vt -1.462374 0.749952
vt -1.360844 0.784000
vt -1.106372 1.224809
vt -1.060876 1.158056
vt -0.696198 1.496504
vt -0.662022 1.424177
vt -0.368272 1.613506
vt -0.089892 1.560990
vt 0.022057 1.650372
vt 0.368272 1.613506
vt 0.610694 1.437925
vt 0.735943 1.477364
vt 1.138707 1.194806
vt 1.185318 1.017642
vt 1.440292 0.806086
vt 1.490702 0.494327
vt 0.657549 0.996218
vt 0.784087 1.249333
vt 0.320391 0.866306
vt 0.326907 0.741984
vt 0.737297 0.944077
vt 0.944687 1.132707
vt 0.724900 0.572414
vt 0.604649 0.540193
vt -0.379054 -1.926644
vt -0.486822 -1.794203
vt -0.484241 -2.044176
vt -0.405774 -2.212076
vt -0.484241 -2.445812
vt -0.405774 -2.528809
vt -0.484241 -2.939488
vt -0.379056 -2.806551
vt 0.484262 -2.770612
vt 0.374276 -2.502101
vt 0.484241 -2.389401
vt 0.390099 -2.288417
vt 0.484227 -1.962186
vt 0.648798 0.995855
vt 0.731697 0.950975
vt 0.944687 1.132707
vt -0.484241 -0.234925
vt 0.484257 -0.066151
vt -0.375549 -0.103379
vt 0.382290 0.218477
vt 0.484241 0.314842
vt 0.386444 0.437267
vt 0.484248 0.742269
vt -0.377805 0.778582
vt -0.485308 0.910807
vt -0.405774 0.492384
vt -0.484241 0.337437
vt -0.405774 0.175662
vt 0.658047 0.996148
vt 0.737560 0.943477
vt 0.944687 1.132707
vt -0.377673 2.130824
vt -0.486838 2.263700
vt -0.405774 1.844614
vt -0.484241 1.689667
vt -0.405774 1.527891
vt -0.484241 1.116845
vt -0.375549 1.248853
vt 0.484258 1.286080
vt 0.484241 1.667081
vt 0.382290 1.570707
vt 0.386445 1.789497
vt 0.484231 2.094506
vt 0.648797 0.995854
vt 0.731697 0.950974
vt -0.377673 0.440534
vt -0.487903 0.572637
vt -0.405774 0.154324
vt -0.484241 0.000621
vt -0.405774 -0.162402
vt -0.484241 -0.573416
vt -0.375551 -0.441437
vt 0.484261 -0.404208
vt 0.382290 -0.119582
vt 0.484241 -0.023201
vt 0.386445 0.099208
vt 0.484228 0.404218
vt 0.657549 0.996218
vt 0.737022 0.944856
vt -0.377691 -0.573465
vt -0.484948 -0.441432
vt -0.405774 -0.859846
vt -0.484241 -1.013552
vt -0.405774 -1.176579
vt -0.484241 -1.587523
vt -0.378721 -1.454664
vt 0.484257 -1.418382
vt 0.484241 -1.037175
vt 0.374275 -1.149870
vt 0.390010 -0.935944
vt 0.484248 -0.609963
vt -1.275000 -0.100000
vt -0.106732 -0.099998
vt -0.227568 0.022385
vt -1.194038 0.199997
vt -1.275000 0.260000
vt -1.197458 0.300000
vt 0.000000 -1.094086
vt -0.100000 -1.094086
vt 0.000000 -1.305816
vt -0.100000 -1.332291
vt -0.000000 -1.544852
vt -0.100000 -1.544852
vt -1.044878 0.022857
vt -1.168270 -0.100000
vt -0.080927 0.200004
vt -0.000000 -0.100000
vt 0.000000 0.260000
vt -0.032168 0.300000
vt 0.150000 0.260000
vt -0.150000 0.260000
vt 0.150000 -0.100000
vt -0.150000 -0.100000
vt -0.106730 -0.100000
vt -0.226500 0.022183
vt -1.194039 0.199998
vt -1.197458 0.300000
vt -0.000000 0.225383
vt -0.100000 0.225383
vt 0.000000 0.013657
vt -0.100000 -0.012936
vt -0.000000 -0.225383
vt -0.100000 -0.225383
vt -1.044878 0.022857
vt -1.168270 -0.100000
vt -0.080928 0.200004
vt -0.032169 0.300000
vt -0.106731 -0.099999
vt -0.227571 0.022385
vt -1.194041 0.199998
vt -0.000000 1.167861
vt -0.100000 1.167861
vt 0.000000 0.956130
vt -0.100000 0.929537
vt -0.000000 0.717095
vt -0.100000 0.717095
vt -0.080931 0.200003
vt -1.044878 0.022858
vt -1.168270 -0.100000
vt -0.032167 0.300000
vt -0.534226 0.194226
vt -0.513512 0.166281
vt -0.505774 0.194226
vt -0.229066 0.022657
vt -1.194059 0.200001
vt -1.197458 0.300000
vt 0.000000 0.413879
vt -0.100000 0.413879
vt 0.000000 0.202144
vt -0.100000 0.175551
vt 0.000000 -0.036887
vt -0.100000 -0.036887
vt -1.168270 -0.100000
vt -0.080932 0.200003
vt -0.032169 0.300000
vt -0.300000 0.260000
vt -0.300000 -0.100000
vt -0.229420 0.022723
vt -1.194059 0.200001
vt -1.197458 0.300000
vt 0.000000 -0.340104
vt -0.100000 -0.340104
vt 0.000000 -0.551835
vt -0.100000 -0.578312
vt 0.000000 -0.790870
vt -0.100000 -0.790870
vt -0.080931 0.200003
vt -1.044878 0.022857
vt -0.032169 0.300000
vt -0.008087 -1.175877
vt -0.014142 -1.621689
vt 0.001230 -1.912910
vt -0.086871 2.123619
vt -0.086873 1.812019
vt 0.086873 2.112131
vt 0.086873 1.737658
vt -0.086873 1.373014
vt 0.086873 1.135403
vt -0.086873 0.927343
vt 0.086873 0.395136
vt -0.086873 0.385217
vt -0.086873 2.123619
vt -0.086873 1.798650
vt 0.086865 2.113176
vt 0.086873 1.253543
vt -0.086873 1.253670
vt -0.086873 0.711625
vt 0.086873 0.395285
vt -0.086874 0.385330
vt 0.086873 2.113942
vt -0.086871 2.122890
vt -0.086873 1.588796
vt 0.086873 1.253542
vt -0.086873 1.142998
vt -0.086873 0.697579
vt 0.086874 0.394595
vt -0.086873 0.385330
vt 0.086865 2.112630
vt -0.086873 2.116878
vt -0.086873 1.574473
vt 0.086873 1.255406
vt -0.086873 1.143997
vt -0.086873 0.718501
vt 0.086873 0.394637
vt -0.086873 0.385330
vt 0.086865 2.113211
vt -0.086873 2.117558
vt -0.086873 1.581607
vt 0.086873 1.255407
vt -0.086873 1.135936
vt -0.086873 0.704728
vt 0.086873 0.394735
vt 0.150000 0.500000
vt 0.148838 1.668316
vt -0.150000 0.500000
vt -0.150000 1.668270
vt 0.150000 1.668270
vt -0.147308 1.668377
vt -0.149326 1.668297
vt 0.148911 1.668313
vt 1.541162 0.655761
vt 0.429176 0.297167
vt 1.632972 0.372865
vt 0.521881 0.011850
vt -0.100000 4.179573
vt -0.340000 3.883270
vt -0.100000 3.833719
vt -0.100000 3.533232
vt -0.340000 3.389495
vt -0.100000 2.978132
vt -0.340000 3.006953
vt -0.340000 2.639326
vt -0.100000 2.515363
vt -0.340000 2.255215
vt -0.100000 2.052987
vt -0.340000 1.886235
vt -0.100000 1.727762
vt -0.340000 1.394047
vt -0.100000 1.428449
vt -0.100000 1.091109
vt -0.340000 0.880799
vt -0.100000 0.525381
vt -0.340000 0.375799
vt -0.100000 -0.037299
vt -0.340000 -0.119857
vt -0.100000 -0.376016
vt -0.340000 -0.616464
vt -0.100000 -0.680199
vt -0.340000 -1.002318
vt -0.100000 -1.239065
vt -0.340000 -1.367203
vt -0.100000 -1.701702
vt -0.340000 -1.863284
vt -0.100000 -2.149326
vt -0.340000 -2.255215
vt -0.100000 -2.482047
vt -0.340000 -2.622589
vt -0.100000 -2.781285
vt -0.340000 -3.149670
vt -0.100000 -3.104747
vt -0.100000 -3.560465
vt -0.340000 -3.630739
vt -0.100000 -4.023103
vt -0.340000 -4.126328
vt -0.100000 -4.585867
vt -0.340000 -4.631954
vt -0.100000 -4.890538
vt -0.340000 -5.125883
vt -0.100000 -5.337268
vt -0.100000 5.068131
vt -0.340000 5.262168
vt -0.340000 4.902372
vt -0.100000 4.621267
vt -0.340000 4.407806
vt 0.035355 1.409672
vt -0.035355 1.492257
vt -0.035355 1.248483
vt 0.000280 1.031883
vt 0.035355 0.702401
vt -0.035355 0.812174
vt -0.035355 0.502355
vt 0.000280 0.285754
vt 0.035355 -0.043726
vt -0.035355 0.066046
vt -0.035355 -0.243773
vt 0.000280 -0.460374
vt 0.035355 -0.789856
vt -0.035355 -0.680083
vt -0.035355 -0.989902
vt 0.000280 -1.206502
vt 0.035355 -1.418749
vt -0.035355 -1.426211
vt 0.048988 -1.523538
vt -0.013890 -1.416246
vt -0.260382 -1.507681
vt -0.240244 -1.399529
vt 0.260382 -1.507681
vt 0.240244 -1.399529
vt 0.129869 1.020000
vt 0.019859 1.020000
vt 0.129869 0.120000
vt 0.019859 0.120000
vt -1.020000 0.019719
vt -0.120000 0.019719
vt -1.020000 0.243287
vt -0.120000 0.272161
vt -1.020000 0.495730
vt -0.120000 0.495730
vt 0.020131 0.120000
vt 0.130141 0.120000
vt 0.020131 1.020000
vt 0.130141 1.020000
vt -0.120000 0.550413
vt -1.020000 0.550413
vt -0.120000 0.272436
vt -1.020000 0.298239
vt -0.120000 0.020262
vt -1.020000 0.020262
vt -0.048989 1.523537
vt 0.013889 1.416246
vt 0.260382 1.507681
vt 0.240244 1.399529
vt -0.260382 1.507681
vt -0.240244 1.399529
vt 0.048998 -1.523538
vt -0.013890 -1.416246
vt -1.020000 0.219879
vt -0.120000 0.272163
vt -1.020000 0.546003
vt -0.120000 0.272439
vt -1.020000 0.227522
vt 0.113754 1.524896
vt -0.014554 1.416157
vt -0.095294 1.526161
vt 0.939931 0.027477
vt 0.039988 0.020514
vt 0.940120 0.008588
vt -0.113740 -1.524897
vt -0.013891 -1.416246
vt 0.095280 -1.526162
vt -1.020000 0.243284
vt -0.120000 0.272163
vt -1.020000 0.546002
vt -0.120000 0.343146
vt -1.020000 0.227531
vt -0.120000 0.023923
vt 0.113753 1.524896
vt 0.013887 1.416246
vt -0.095276 1.526162
vt 0.939893 0.024657
vt 0.039998 0.013977
vt 0.940305 0.008872
vt 0.039721 0.022782
vt 0.040118 0.005443
vt 0.939934 0.012851
vt -0.113746 -1.524897
vt -0.013897 -1.416246
vt 0.095285 -1.526162
vt -1.020000 0.243283
vt -0.120000 0.272163
vt -0.120000 0.343148
vt -1.020000 0.286868
vt -0.120000 0.024671
vt 0.056552 1.525243
vt 0.013887 1.416246
vt 0.039720 0.022782
vt 0.040107 0.007020
vt 0.940019 0.017787
vt -0.113750 -1.524897
vt -0.013888 -1.416246
vt 0.254629 -1.508325
vt -1.020000 0.243286
vt -0.120000 0.272165
vt -0.120000 0.343148
vt -1.020000 0.444383
vt -1.020000 0.227527
vt -0.120000 0.126292
vt 0.113746 1.524897
vt 0.013896 1.416246
vt -0.254630 1.508325
vt -0.210141 0.016163
vt -0.100131 0.011824
vt -0.100131 0.028675
vt 0.210141 0.014889
vt 0.100131 0.019591
vt 0.100131 0.002738
vt -0.113752 -1.524897
vt -0.013887 -1.416246
vt 0.095276 -1.526162
vt -1.020000 0.219883
vt -0.120000 0.272165
vt -1.020000 0.546752
vt -0.120000 0.343145
vt -1.020000 0.227530
vt -0.120000 0.023922
vt 0.113740 1.524897
vt -0.014563 1.416157
vt -0.095279 1.526162
vt 0.940306 0.008872
vt 0.939883 0.026234
vt 0.040012 0.013288
vt 0.039723 0.022783
vt 0.040119 0.005445
vt 0.939934 0.012851
vt -0.113753 -1.524897
vt -0.013891 -1.416246
vt 0.254630 -1.508325
vt -1.020000 0.243286
vt -0.120000 0.272166
vt -0.120000 0.343153
vt -1.020000 0.298236
vt -0.049000 1.523538
vt 0.013889 1.416246
vt 0.210141 0.015254
vt 0.100131 0.019592
vt 0.100131 0.002742
vt -1.020000 0.546003
vt 0.939931 0.027477
vt 0.039930 0.013843
vt 0.940216 0.008959
vt 0.254630 -1.508325
vt -1.020000 0.543949
vt 0.210141 0.015254
vt 0.100131 0.019591
vt 0.100131 0.002741
vt 0.939904 0.029285
vt 0.039929 0.013847
vt 0.940109 0.012754
vt 0.254630 -1.508325
vt -1.020000 0.546754
vt -1.020000 0.227528
vt 0.113751 1.524897
vt -0.095282 1.526162
vt 0.210141 0.015593
vt 0.100131 0.019592
vt 0.100131 0.002741
vt 0.939895 0.026536
vt 0.040055 0.019237
vt 0.940250 0.008468
vt 0.095283 -1.526162
vt -1.020000 0.546755
vt -0.120000 0.023921
vt -0.095285 1.526162
vt 0.940280 0.008895
vt 0.939882 0.026234
vt 0.040066 0.018827
vt 0.039722 0.022782
vt 0.040106 0.005142
vt 0.939935 0.012852
vt 0.254630 -1.508325
vt -0.254630 1.508325
vt -0.210141 0.016527
vt -0.100131 0.011824
vt -0.100131 0.028675
vt 0.210141 0.015593
vt 0.100131 0.019591
vt 0.100131 0.002739
vt 0.210141 0.014890
vt 0.100131 0.019592
vt 0.100131 0.002742
vt -0.330353 0.060372
vt -0.334179 -0.031303
vt -0.321073 -0.139195
vt -0.010013 0.113612
vt -0.023686 0.216435
vt -0.013845 0.017492
vt 0.007625 0.384182
vt -0.020702 0.341731
vt 0.021213 0.158199
vt -0.014286 0.187530
vt -0.006034 0.017652
vt 0.012510 -0.123628
vt -0.020366 0.453759
vt 0.180986 0.078408
vt 0.196901 -0.066049
vt 0.199767 0.123458
vt 0.061429 0.181034
vt 0.071270 0.229108
vt -0.100648 0.167823
vt -0.159579 0.178993
vt -0.183418 0.072537
vt -0.235490 -0.045402
vt -0.184997 -0.062444
vt -0.143973 -0.201937
vt -0.087847 -0.174136
vt -0.001083 -0.249860
vt 0.000000 -0.200308
vt -0.160645 0.130010
vt -0.047951 0.189381
vt 0.010957 0.235321
vt 0.096915 0.169661
vt 0.195148 0.142959
vt 0.186298 0.001379
vt 0.237549 -0.020814
vt 0.195352 -0.119915
vt 0.102128 -0.170888
vt -0.095819 -0.176506
vt -0.048367 -0.085699
vt -0.204964 -0.046590
vt -0.094800 -0.026397
vt -0.085699 0.048367
vt -0.159500 0.138616
vt -0.026397 0.094800
vt 0.030219 0.208797
vt 0.046731 0.086543
vt 0.194458 0.082131
vt 0.094800 0.026397
vt 0.179255 -0.101529
vt 0.085699 -0.048367
vt 0.026397 -0.094800
vt 0.080104 -0.185014
vt -0.014931 -0.198884
vt -0.000000 0.785398
vt -1.140000 0.765642
vt 0.000000 0.615384
vt -1.140000 0.574654
vt 0.000000 0.356730
vt -1.139408 0.317290
vt 0.000000 0.097067
vt -1.132998 0.141846
vt -1.140000 -0.724850
vt 0.000000 -0.757389
vt 0.000000 -0.596755
vt -1.140000 -0.547572
vt 0.000000 -0.366419
vt -1.140000 -0.393794
vt -1.106590 -0.376684
vt -1.117134 -0.169626
vt 0.000000 -0.135110
vt -1.125823 0.000976
vt -0.034226 0.000000
vt -0.001693 -0.048606
vt -0.062680 9.117187
vt -0.047914 9.266073
vt -0.062679 9.191648
vt -0.062679 9.289852
vt -0.062679 9.408297
vt -0.038038 9.466092
vt -0.062679 9.480873
vt -0.032424 9.632038
vt -0.062679 9.585360
vt -0.062679 9.665728
vt -0.027066 9.805786
vt -0.062679 9.798851
vt -0.062679 9.933725
vt -0.021114 9.971222
vt -0.062679 10.003849
vt -0.062540 10.049665
vt -0.013126 10.123042
vt -0.062011 10.185236
vt -0.012859 10.231557
vt -0.062679 10.302378
vt -0.011671 10.337831
vt -0.062679 10.403341
vt -0.011719 10.497328
vt -0.062679 10.472519
vt -0.061810 10.541245
vt -0.062497 10.820015
vt -0.012804 10.844447
vt -0.062679 10.899643
vt -0.012619 10.951986
vt -0.062679 10.976534
vt -0.062680 11.062123
vt -0.011611 11.094475
vt -0.062679 11.144035
vt -0.012523 11.195583
vt -0.062679 11.251543
vt -0.012457 11.316153
vt -0.062121 11.353151
vt -0.062679 11.540329
vt -0.062058 11.463631
vt -0.012150 11.499078
vt -0.062679 11.608149
vt -0.012802 11.648207
vt -0.062361 11.731667
vt -0.011618 11.769915
vt -0.062679 12.206203
vt -0.062219 12.133894
vt -0.012794 12.274630
vt -0.062567 12.247683
vt -0.062679 12.500675
vt -0.062198 12.417286
vt -0.011536 12.546554
vt -0.061306 12.556906
vt -0.062679 12.818142
vt -0.061975 12.722130
vt -0.012880 12.830034
vt -0.062099 12.910719
vt -0.012323 13.011795
vt -0.061946 12.989648
vt -0.062680 13.064263
vt -0.062679 13.150177
vt -0.011623 13.161386
vt -0.062679 13.227469
vt -0.011972 13.262198
vt -0.062680 13.296804
vt -0.012855 13.365858
vt -0.062679 13.378885
vt -0.062603 13.454161
vt -0.061386 13.660003
vt -0.011945 13.661868
vt -0.062483 13.767700
vt -0.011598 13.866837
vt -0.062679 13.871216
vt -0.062527 13.981201
vt -0.011547 14.016451
vt -0.011547 10.639393
vt -0.062279 10.633163
vt -0.062345 10.716155
vt -0.011547 10.740481
vt -0.062062 11.820243
vt -0.011547 11.877690
vt -0.062543 11.918752
vt -0.011547 12.011547
vt -0.062177 12.018166
vt -0.011547 12.151968
vt -0.062214 12.346960
vt -0.011547 12.404799
vt -0.061292 12.635859
vt -0.011547 12.706066
vt -0.011547 13.512897
vt -0.061501 13.553027
vt -0.062611 14.084611
vt -0.011547 14.117550
vt -0.062016 14.145242
vt -0.011547 14.268919
vt -0.060723 14.223924
vt -0.062025 14.299305
vt -0.062360 14.380012
vt -0.011547 14.420860
vt -0.062152 14.462626
vt -0.011631 14.551929
vt -0.012575 14.724529
vt -0.011547 14.823292
vt -0.059999 14.861027
vt -0.011547 14.924379
vt -0.059149 14.948606
vt -0.062386 15.021473
vt -0.011547 15.025479
vt -0.062211 15.113344
vt -0.011547 15.126602
vt -0.011742 15.287512
vt -0.011547 15.427931
vt -0.062021 15.393113
vt -0.060618 15.499365
vt -0.012252 15.580050
vt -0.062161 15.610750
vt -0.062101 15.695466
vt -0.011547 15.731218
vt -0.062299 15.777209
vt -0.012150 15.835085
vt -0.062354 16.302357
vt -0.012922 16.232534
vt -0.012961 16.358768
vt -0.061874 16.408075
vt -0.012762 16.530201
vt -0.011663 16.740210
vt -0.011547 16.839407
vt -0.061112 16.884975
vt -0.011547 16.940516
vt -0.061568 17.036669
vt -0.011547 17.041611
vt -0.062614 17.179928
vt -0.012249 17.168879
vt -0.062590 17.277126
vt -0.011706 17.338734
vt -0.062564 17.594913
vt -0.011917 17.494648
vt -0.013524 17.703363
vt -0.062067 18.273117
vt -0.011639 18.154102
vt -0.011547 18.351948
vt -0.062341 18.355539
vt -0.062135 18.436249
vt -0.011547 18.557812
vt -0.061168 18.517820
vt -0.062014 18.599438
vt -0.062501 18.673307
vt -0.011547 18.705894
vt -0.062635 18.764080
vt -0.011680 18.827301
vt -0.062318 18.973217
vt -0.012061 18.974350
vt -0.061577 19.091099
vt -0.011547 19.158733
vt -0.061516 19.227741
vt -0.061945 19.309387
vt -0.011547 19.310490
vt -0.012289 19.419813
vt -0.061463 19.813381
vt -0.012638 19.683590
vt -0.013482 19.819277
vt -0.062319 19.890297
vt -0.062198 19.959946
vt -0.011547 19.965672
vt -0.061417 20.042591
vt -0.011547 20.066803
vt -0.061890 20.123390
vt -0.011813 20.168041
vt -0.062536 20.332817
vt -0.011690 20.285370
vt -0.011547 20.470959
vt -0.062258 20.441433
vt -0.062366 20.551548
vt -0.011547 20.670624
vt -0.062159 20.619812
vt -0.062267 20.705376
vt -0.011956 20.857311
vt -0.060414 21.169832
vt -0.012665 21.078617
vt -0.011547 21.225513
vt -0.060248 21.242723
vt -0.059750 21.342327
vt -0.011547 21.326607
vt -0.011863 21.453838
vt -0.060098 21.459530
vt -0.062490 21.536345
vt -0.011543 21.581882
vt -0.062290 21.802320
vt -0.011938 21.802246
vt -0.062462 21.904686
vt -0.011547 21.931255
vt -0.062113 22.005293
vt -0.013283 22.034672
vt -0.059033 22.532043
vt -0.012656 22.533653
vt -0.011547 22.636993
vt -0.045439 22.709530
vt -0.011547 22.738066
vt -0.012291 22.838175
vt -0.012376 22.436699
vt -0.062679 22.416224
vt -0.011571 22.335199
vt -0.062679 22.319344
vt -0.012764 22.194729
vt -0.062679 22.214962
vt -0.062679 22.103577
vt -0.062680 21.734215
vt -0.011759 21.681067
vt -0.062679 21.604584
vt -0.062679 21.072109
vt -0.011788 20.974945
vt -0.062679 20.978060
vt -0.062680 20.868679
vt -0.062679 20.786804
vt -0.062679 20.223671
vt -0.062679 19.661110
vt -0.011802 19.563387
vt -0.062679 19.557835
vt -0.062680 19.471111
vt -0.062679 19.403589
vt -0.062679 18.918903
vt -0.062679 18.841867
vt -0.062679 18.203463
vt -0.062679 18.126434
vt -0.012433 18.002327
vt -0.062679 18.053970
vt -0.062679 17.970852
vt -0.062679 17.863817
vt -0.014732 17.846767
vt -0.062680 17.759428
vt -0.062336 17.675064
vt -0.062679 17.494701
vt -0.062679 17.385252
vt -0.062679 16.773621
vt -0.062679 16.681829
vt -0.011905 16.639343
vt -0.062679 16.582310
vt -0.062680 16.500519
vt -0.062679 16.181314
vt -0.012706 16.136158
vt -0.062680 16.096075
vt -0.011680 16.034153
vt -0.062679 16.025745
vt -0.062679 15.944001
vt -0.011908 15.933842
vt -0.062679 15.865772
vt -0.062679 15.298185
vt -0.062680 15.188260
vt -0.062679 14.741707
vt -0.062679 14.679690
vt -0.062679 14.604340
vt -0.051113 23.286484
vt -0.051132 23.097466
vt -0.000894 23.178631
vt -0.016817 23.017761
vt -0.051132 22.941730
vt -0.048148 22.813885
vt -0.000046 23.300579
vt -0.038429 8.817195
vt -0.007049 8.767234
vt -0.000261 8.888723
vt -0.050463 8.939400
vt 0.000000 8.984346
vt -0.050922 9.064692
vt 0.000000 9.119537
vt -0.051132 9.165349
vt 0.000000 9.195285
vt -0.050234 9.308489
vt 0.000000 9.291924
vt 0.000000 9.417080
vt -0.050279 9.415725
vt -0.000429 9.477032
vt -0.049786 9.647873
vt -0.002816 9.591234
vt -0.002947 9.714140
vt -0.049909 9.891708
vt -0.000149 9.795483
vt -0.000097 9.904766
vt 0.000000 9.987838
vt -0.050883 10.073841
vt 0.000000 10.093857
vt 0.000000 10.194942
vt -0.050918 10.224215
vt 0.000000 10.294983
vt -0.050788 10.322882
vt -0.000267 10.387960
vt -0.049644 10.439356
vt 0.000000 10.472513
vt -0.000602 10.556474
vt -0.048956 10.724515
vt -0.000296 10.661074
vt 0.000000 10.769302
vt -0.048770 10.827243
vt -0.000758 10.871616
vt -0.050407 10.977432
vt 0.000000 10.978651
vt -0.000288 11.063218
vt -0.051135 11.114984
vt 0.000000 11.141981
vt -0.050679 11.273327
vt -0.000668 11.243365
vt 0.000000 11.351239
vt -0.050206 11.432144
vt -0.000457 11.454648
vt -0.049353 11.732874
vt -0.000419 11.641623
vt -0.000291 11.737356
vt -0.000665 12.022085
vt 0.000003 12.114931
vt -0.051119 12.087646
vt -0.050639 12.391535
vt -0.000078 12.293695
vt -0.000154 12.392599
vt -0.000019 12.480421
vt -0.049587 12.541505
vt -0.000078 12.560845
vt -0.051132 12.689177
vt -0.000328 12.663922
vt -0.000348 12.763039
vt -0.051132 12.846657
vt -0.000612 12.873641
vt -0.000114 12.981691
vt -0.051132 12.998445
vt -0.000066 13.068419
vt -0.051110 13.128565
vt -0.050638 13.347526
vt -0.000941 13.372338
vt -0.050391 13.475672
vt -0.000378 13.444592
vt -0.000753 13.554089
vt -0.051132 13.602625
vt -0.000843 13.664558
vt -0.050096 13.731384
vt -0.000236 13.771882
vt -0.051132 13.855141
vt -0.000151 13.872112
vt -0.050258 13.954231
vt -0.000491 13.982744
vt -0.051093 14.109182
vt -0.051132 14.560332
vt -0.048579 14.460453
vt -0.000567 14.572433
vt -0.000307 14.645300
vt -0.049925 14.689009
vt -0.050530 15.363491
vt -0.000113 15.478846
vt -0.048563 15.468665
vt -0.051132 15.669546
vt -0.047412 15.570534
vt -0.000648 15.671092
vt -0.000545 15.749350
vt -0.049082 15.800143
vt -0.000170 15.861473
vt -0.050500 15.924247
vt -0.000000 15.975721
vt -0.051039 16.073744
vt -0.050989 16.239899
vt -0.000031 16.312679
vt -0.050691 16.399031
vt -0.000744 16.444035
vt -0.049947 16.578070
vt -0.001017 16.568077
vt -0.001734 16.665026
vt -0.051132 16.728258
vt -0.000243 16.776379
vt -0.051132 16.879721
vt -0.000762 16.904335
vt -0.000247 16.986965
vt -0.051126 17.084723
vt -0.000049 17.071051
vt -0.051132 17.391907
vt -0.050842 17.231361
vt -0.000021 17.261036
vt -0.000407 17.387333
vt -0.000112 17.494385
vt -0.049703 17.550026
vt -0.000809 17.592842
vt -0.051132 17.736370
vt -0.000788 17.703568
vt -0.000601 17.838362
vt -0.051132 17.887976
vt -0.000533 17.967762
vt -0.050863 17.991135
vt -0.051132 18.391136
vt -0.050285 18.290216
vt -0.000429 18.383987
vt -0.000195 18.437725
vt -0.049796 18.489727
vt -0.002330 18.527950
vt -0.051132 18.593168
vt -0.001610 18.593697
vt -0.051132 18.694174
vt -0.001902 18.703590
vt -0.050699 18.853714
vt -0.000695 18.827545
vt -0.000103 18.976494
vt -0.050997 19.049423
vt -0.050176 19.406050
vt -0.001147 19.405914
vt -0.001574 19.476118
vt -0.051132 19.550877
vt -0.000732 19.569670
vt -0.051132 19.651878
vt -0.002973 19.689533
vt -0.050315 19.796045
vt -0.048033 20.726440
vt -0.000392 20.865219
vt -0.050194 20.864254
vt -0.050809 21.299728
vt -0.000083 21.352215
vt -0.050295 21.490587
vt -0.001114 21.523552
vt -0.051132 21.661127
vt -0.000940 21.645966
vt -0.000605 21.746162
vt -0.039558 21.853107
vt -0.022196 22.050045
vt 0.000000 22.001476
vt 0.000000 22.130604
vt -0.002683 22.195702
vt 0.000000 13.141020
vt 0.000000 13.211436
vt -0.050689 13.249172
vt 0.000000 13.289513
vt 0.000000 14.061774
vt 0.000000 14.146536
vt 0.000000 14.240869
vt -0.050622 14.257280
vt 0.000000 14.372782
vt -0.049769 14.358582
vt 0.000000 14.495772
vt 0.000000 14.757535
vt -0.048783 14.809364
vt 0.000000 14.867106
vt -0.049739 14.911454
vt 0.000000 14.963253
vt -0.050882 15.061709
vt 0.000000 15.071110
vt -0.051096 15.164326
vt 0.000000 15.184023
vt -0.050574 15.265419
vt 0.000000 15.311790
vt 0.000000 15.597439
vt 0.000000 16.073507
vt 0.000000 16.197990
vt 0.000000 17.166790
vt 0.000000 18.045172
vt -0.051028 18.125278
vt 0.000000 18.117741
vt 0.000000 18.188183
vt 0.000000 18.273165
vt 0.000000 18.929060
vt 0.000000 19.113985
vt -0.050618 19.246731
vt 0.000000 19.192413
vt 0.000000 19.315376
vt -0.000000 19.783810
vt 0.000000 19.850763
vt -0.050119 19.952518
vt 0.000000 19.962032
vt -0.050881 20.054287
vt -0.000000 20.040085
vt 0.000000 20.115841
vt -0.051137 20.155527
vt 0.000000 20.221100
vt -0.050657 20.256031
vt 0.000000 20.332653
vt -0.049663 20.357391
vt 0.000000 20.441948
vt -0.048431 20.460068
vt 0.000000 20.544874
vt -0.048664 20.582556
vt 0.000000 20.624502
vt 0.000000 20.707863
vt -0.000000 20.787552
vt -0.050243 20.960869
vt 0.000000 20.963949
vt -0.050931 21.061937
vt 0.000000 21.064648
vt -0.051098 21.162558
vt 0.000000 21.163387
vt -0.000318 21.291786
vt 0.000000 21.459526
vt 0.000000 21.797287
vt 0.000000 21.891592
vt -0.051132 12.224557
vt -0.000164 12.210402
vt -0.051132 11.939730
vt -0.000356 11.918373
vt -0.051132 11.838716
vt -0.000143 11.838573
vt -0.051132 11.585862
vt -0.000130 11.523928
vt -0.051132 10.577992
vt -0.051132 9.771798
vt -0.051132 9.519278
vt -0.013820 9.385201
vt -0.006587 9.442070
vt -0.011326 9.513943
vt -0.013757 10.807467
vt -0.007601 10.864424
vt -0.014952 10.918158
vt -0.013445 11.136317
vt -0.006915 11.195940
vt -0.011608 11.271175
vt -0.014432 12.555295
vt -0.007079 12.613583
vt -0.014060 12.669827
vt -0.010418 13.245233
vt -0.006390 13.324862
vt -0.014132 13.382000
vt -0.013593 13.503859
vt -0.006755 13.562838
vt -0.013974 13.617737
vt -0.013687 14.072039
vt -0.007104 14.129647
vt -0.013956 14.185036
vt -0.014001 14.404232
vt -0.006701 14.461873
vt -0.011506 14.537545
vt -0.013613 15.587822
vt -0.007106 15.645586
vt -0.014954 15.698506
vt -0.015500 16.485531
vt -0.005669 16.539242
vt -0.014626 16.589523
vt -0.016350 15.032955
vt -0.009503 14.981547
vt -0.011864 15.118023
vt 0.000000 0.553011
vt -0.000000 0.628319
vt -0.050000 0.628319
vt -0.050000 -0.628319
vt 0.000000 -0.563276
vt -0.050000 -0.519929
vt 0.000000 -0.407661
vt -0.050000 -0.363789
vt 0.000000 -0.313740
vt -0.050000 -0.210350
vt 0.000000 -0.203542
vt -0.050000 -0.001410
vt 0.000000 -0.036370
vt 0.000000 0.081776
vt -0.050000 0.206864
vt 0.000000 0.248689
vt -0.050000 0.346709
vt 0.000000 0.422198
vt -0.050000 0.450662
vt -0.050000 0.555088
vt 0.000000 0.316179
vt -3.470000 0.289827
vt 0.000000 0.264457
vt -3.470000 0.223859
vt 0.000000 0.185410
vt -3.470000 0.144663
vt 0.000000 0.108227
vt -3.470000 0.052692
vt 0.000000 0.027321
vt -3.470000 -0.026352
vt 0.000000 -0.051723
vt -3.470000 -0.105398
vt 0.000000 -0.130769
vt -3.470000 -0.184442
vt 0.000000 -0.209812
vt -3.470000 -0.263488
vt 0.000000 -0.288859
vt -3.470000 -0.316179
vt -0.381386 -0.088802
vt -0.246354 -0.027690
vt -0.186185 0.150672
vt -0.177942 -0.167167
vt -0.206889 -0.332473
vt 0.024971 -0.238013
vt 0.088802 -0.381386
vt 0.332473 -0.206889
vt 0.209341 -0.125668
vt 0.221053 0.090393
vt 0.381386 0.088802
vt 0.206889 0.332473
vt 0.034388 0.237177
vt -0.088802 0.381386
vt -0.332473 0.206889
vt 0.021213 0.363303
vt -0.021213 0.363303
vt 0.021213 0.277836
vt -0.021213 0.302758
vt -0.021213 0.197080
vt 0.021213 0.126262
vt -0.021213 0.106080
vt -0.021213 0.030280
vt 0.021213 -0.010646
vt -0.021213 -0.060545
vt 0.021213 -0.161709
vt -0.021213 -0.151372
vt -0.021213 -0.242196
vt 0.021213 -0.313399
vt -0.021213 -0.333024
vt -0.220000 0.719956
vt 0.000000 0.222523
vt -0.220000 0.091637
vt 0.000000 -0.091637
vt -0.220000 -0.222523
vt -0.220000 -0.536682
vt 0.000000 -0.719956
vt -0.220000 -0.850841
vt -0.124638 0.011446
vt -0.151461 0.026507
vt -0.056074 -0.108271
vt -0.068712 -0.147572
vt 0.106555 -0.117115
vt 0.089999 -0.081890
vt 0.142883 0.043555
vt 0.026507 0.151461
vt -0.020371 0.116396
vt -0.381386 -0.088802
vt -0.181374 -0.080277
vt -0.179772 0.066305
vt -0.066305 -0.179772
vt 0.088802 -0.381386
vt 0.080277 -0.181374
vt 0.179772 -0.066305
vt 0.381386 0.088802
vt 0.181374 0.080277
vt 0.066305 0.179772
vt -0.088802 0.381386
vt -0.080277 0.181374
vt 0.021213 -0.528579
vt -0.021213 -0.507932
vt -0.021213 -0.581195
vt 0.021213 0.538817
vt -0.021213 0.557592
vt -0.021213 0.460727
vt 0.000286 0.367490
vt -0.021213 0.266994
vt 0.021213 0.153878
vt -0.021213 0.170130
vt -0.021213 0.073263
vt 0.021213 -0.042377
vt -0.021213 -0.023603
vt -0.021213 -0.120468
vt 0.021213 -0.258696
vt -0.021213 -0.217335
vt -0.021213 -0.314200
vt -0.021213 -0.411065
vt -1.340000 0.545008
vt -0.030000 0.602802
vt -1.340000 0.628319
vt -1.340000 -0.557552
vt -0.030000 -0.628319
vt -0.030000 -0.549116
vt -0.030000 -0.444395
vt -1.340000 -0.397470
vt -0.030000 -0.339676
vt -1.340000 -0.243393
vt -0.030000 -0.234957
vt -0.030000 -0.130236
vt -1.340000 -0.083311
vt -0.030000 -0.025517
vt -1.340000 0.070767
vt -0.030000 0.079203
vt -0.030000 0.183924
vt -1.340000 0.230848
vt -0.030000 0.288642
vt -1.340000 0.384926
vt -0.030000 0.393362
vt -0.030000 0.498083
vt 0.153370 0.676136
vt 0.119129 0.655991
vt 0.151366 0.477179
vt 0.113152 0.459042
vt 0.157080 0.288198
vt 0.117530 0.302682
vt 0.139385 0.131199
vt 0.153370 -0.423422
vt 0.119129 -0.443566
vt 0.151366 -0.622379
vt 0.113152 -0.640515
vt 0.157080 -0.811360
vt 0.117530 -0.796875
vt 0.139385 -0.968359
vt -0.157080 -0.131118
vt -0.144409 -0.243044
vt -0.142524 -0.043146
vt -0.157080 0.968440
vt -0.144409 0.856514
vt -0.142524 1.056412
vt 0.128111 0.893846
vt 0.081968 0.933472
vt 0.044018 0.569323
vt 0.128111 -0.205712
vt 0.081968 -0.166086
vt 0.044018 -0.530235
vt 0.108371 -1.070842
vt 0.060039 -1.002581
vt 0.108371 0.017993
vt 0.060039 0.094279
vt 0.108394 1.088835
vt 0.041188 0.827527
vt 0.013451 0.685423
vt 0.041188 -0.272030
vt 0.013451 -0.414134
vt 0.036543 -0.900506
vt 0.047686 -0.730338
vt 0.025381 -0.657240
vt 0.030153 -0.037298
vt 0.036543 0.199051
vt 0.047686 0.369219
vt 0.025381 0.442318
vt 0.030153 1.062260
vt 0.071558 1.075363
vt -0.048614 1.093917
vt -0.003211 0.967748
vt -0.024895 0.674955
vt 0.000000 0.549779
vt -0.030274 0.494662
vt -0.006530 0.340211
vt -0.000130 0.078480
vt -0.041751 0.049078
vt -0.003211 -0.131810
vt -0.024895 -0.424603
vt 0.000000 -0.549779
vt -0.030274 -0.604896
vt -0.006530 -0.759346
vt 0.031556 -1.099557
vt -0.000130 -1.021079
vt -0.041751 -1.049876
vt -0.048483 0.836089
vt -0.057978 0.667738
vt -0.088399 0.478492
vt -0.051588 0.305385
vt -0.048483 -0.263468
vt -0.057978 -0.431819
vt -0.088399 -0.621066
vt -0.051588 -0.794172
vt -0.096488 1.005907
vt -0.108044 0.750070
vt -0.145249 0.671008
vt -0.103578 0.183541
vt -0.134443 0.237857
vt -0.096488 -0.093651
vt -0.108044 -0.349487
vt -0.145249 -0.428549
vt -0.103578 -0.916016
vt -0.134443 -0.861700
vt -0.153868 -0.967620
vt -0.149338 -1.099557
vt -0.147708 -0.648080
vt -0.153868 0.131938
vt -0.147708 0.451477
vt -0.093513 -1.099557
vt -0.045236 -0.112852
vt -0.045236 0.986706
vt -0.002005 -0.889241
vt -0.006530 -0.288107
vt -0.002005 0.210317
vt -0.006530 0.811450
vt 0.150527 -1.099557
vt 0.150142 -0.233482
vt 0.150525 -0.026397
vt 0.150142 0.866076
vt 0.150525 1.073161
vt 0.230201 0.090646
vt 0.343563 -0.033221
vt 0.269814 0.204831
vt 0.099957 0.229380
vt 0.033727 0.340386
vt -0.090646 0.230201
vt -0.224589 0.253756
vt -0.229380 0.099957
vt -0.343563 0.033221
vt -0.230201 -0.090646
vt -0.269814 -0.204831
vt -0.099957 -0.229380
vt -0.033727 -0.340386
vt 0.090646 -0.230201
vt 0.224589 -0.253756
vt 0.229380 -0.099957
vt -0.248628 -0.028124
vt -0.344677 -0.018357
vt -0.290673 -0.190062
vt -0.154248 -0.193612
vt -0.132560 -0.315323
vt 0.028124 -0.248628
vt 0.070972 -0.340257
vt 0.193612 -0.154248
vt 0.259566 -0.217416
vt 0.248628 0.028124
vt 0.344677 0.018357
vt 0.290673 0.190062
vt 0.154248 0.193612
vt 0.132560 0.315323
vt -0.028124 0.248628
vt -0.070972 0.340257
vt -0.193612 0.154248
vt -0.259566 0.217416
vt 0.030000 -0.763787
vt 0.000000 -0.696277
vt 0.000000 -0.801106
vt 0.030000 0.782839
vt 0.000000 0.705515
vt 0.030000 0.629533
vt 0.000000 0.505382
vt 0.030000 0.429241
vt 0.000000 0.304962
vt 0.030000 0.228980
vt 0.000000 0.104829
vt 0.030000 0.028688
vt 0.000000 -0.095591
vt 0.030000 -0.171573
vt 0.000000 -0.295724
vt 0.030000 -0.371865
vt 0.000000 -0.496144
vt 0.030000 -0.572127
vt 0.000000 1.078046
vt -0.030000 1.068709
vt 0.000000 0.872205
vt -0.030000 0.855573
vt 0.000000 0.584304
vt -0.030000 0.621773
vt -0.030000 0.410533
vt 0.000000 0.296155
vt -0.030000 0.202710
vt 0.000000 0.033709
vt -0.030000 0.018653
vt 0.000000 -0.227352
vt -0.030000 -0.243985
vt 0.000000 -0.515253
vt -0.030000 -0.477785
vt -0.030000 -0.689025
vt 0.000000 -0.803402
vt -0.030000 -0.896848
vt 0.000000 -1.055681
vt -0.030000 -1.064638
vt 0.452829 0.111681
vt 0.508307 -0.117781
vt 0.498397 0.167271
vt 0.388330 0.261995
vt 0.403989 0.340706
vt 0.318322 0.345790
vt 0.206836 0.479630
vt 0.139515 0.440511
vt -0.104673 0.511727
vt -0.083939 0.460864
vt -0.292471 0.357736
vt -0.378426 0.360014
vt -0.443827 0.142146
vt -0.516288 0.079129
vt -0.466222 -0.045592
vt -0.468888 -0.230129
vt -0.444534 -0.152609
vt -0.345130 -0.313702
vt -0.253196 -0.456848
vt -0.169564 -0.430690
vt 0.053519 -0.519575
vt 0.083939 -0.460864
vt 0.229034 -0.408638
vt 0.341174 -0.395511
vt 0.349309 -0.312130
vt 0.445476 -0.136740
vt -0.020000 -1.645622
vt -0.380000 -1.502671
vt -0.380000 -1.727876
vt -0.020000 1.727876
vt -0.380000 1.604134
vt -0.020000 1.565824
vt -0.020000 -1.446908
vt -0.020000 -1.282117
vt -0.380000 -1.163284
vt -0.020000 -1.057966
vt -0.380000 -0.834453
vt -0.020000 -0.728906
vt -0.380000 -0.505343
vt -0.020000 -0.400128
vt -0.380000 -0.280966
vt -0.020000 -0.128605
vt -0.380000 -0.074633
vt -0.020000 0.115785
vt -0.380000 0.168428
vt -0.020000 0.445624
vt -0.380000 0.373229
vt -0.380000 0.622497
vt -0.020000 0.775485
vt -0.380000 0.952391
vt -0.020000 1.105378
vt -0.380000 1.282248
vt -0.020000 1.354649
vt -0.498397 0.167271
vt -0.508307 -0.117781
vt -0.467368 0.031764
vt -0.463590 -0.077359
vt -0.426157 -0.194505
vt -0.341174 -0.395511
vt -0.339911 -0.322338
vt -0.216831 -0.415242
vt -0.053519 -0.519575
vt -0.070253 -0.463148
vt 0.083939 -0.460864
vt 0.253196 -0.456847
vt 0.284108 -0.369872
vt 0.468888 -0.230129
vt 0.395919 -0.250379
vt 0.450426 -0.098486
vt 0.516288 0.079129
vt 0.383094 0.258332
vt 0.378426 0.360014
vt 0.216831 0.415242
vt 0.104673 0.511727
vt -0.006567 0.462010
vt -0.206836 0.479630
vt -0.229035 0.408638
vt -0.318322 0.345790
vt -0.403989 0.340706
vt -0.426042 0.189799
vt 0.009921 -1.116261
vt 0.029249 -1.256610
vt 0.010222 -0.960241
vt -0.010646 0.895707
vt -0.027788 1.010493
vt -0.039270 0.784676
vt -0.027634 0.689848
vt -0.009744 0.218899
vt -0.027454 0.369564
vt -0.028104 0.048160
vt -0.010742 -0.061396
vt -0.039270 -0.279090
vt -0.022300 -0.270919
vt -0.026941 -0.489917
vt -0.010787 -0.619612
vt -0.039270 -0.769951
vt -0.011838 -0.817260
vt -0.026688 -0.970233
vt 0.003280 -1.555088
vt 0.028798 -1.547841
vt 0.003282 -1.435333
vt 0.029232 -1.417228
vt 0.003281 -1.275838
vt 0.003280 -0.717602
vt 0.028607 -0.779426
vt 0.031994 -0.468245
vt 0.003280 -0.478359
vt 0.000000 -0.318996
vt 0.025291 -0.246113
vt 0.004740 -0.154790
vt 0.030081 0.013481
vt 0.003281 0.079877
vt 0.028945 0.283582
vt 0.003281 0.319124
vt 0.003281 0.478620
vt 0.027992 0.475111
vt 0.003280 0.638118
vt 0.028049 0.706071
vt 0.003281 0.797611
vt 0.028382 1.026785
vt 0.003281 1.036859
vt 0.003280 1.196355
vt 0.030815 1.325537
vt 0.003281 1.355852
vt 0.003280 1.515347
vt 0.029028 1.524728
vt -0.022560 -1.555088
vt -0.026942 -1.452291
vt -0.029950 -1.304406
vt -0.029837 0.515529
vt -0.027925 1.170564
vt -0.028115 1.330434
vt -0.024490 1.506944
vt -0.030299 -1.136208
vt 0.000000 1.476549
vt -0.058760 1.476549
vt 0.000000 1.337958
vt -0.058760 1.255430
vt 0.000000 1.129794
vt -0.058760 0.956838
vt 0.000000 0.899747
vt -0.058760 0.644894
vt 0.000000 0.590648
vt -0.058760 0.420514
vt 0.000000 0.281402
vt -0.058760 0.265103
vt -0.058760 0.034616
vt 0.000000 0.042211
vt 0.000000 -0.138590
vt -0.058760 -0.201117
vt 0.000000 -0.346754
vt -0.058760 -0.434006
vt 0.000000 -0.576801
vt -0.058760 -0.751271
vt 0.000000 -0.885901
vt -0.058760 -0.978171
vt 0.000000 -1.195146
vt -0.058760 -1.133584
vt -0.058760 -1.289006
vt 0.000000 -1.434338
vt -0.058760 -1.444489
vt 0.070661 1.528103
vt -0.047983 1.570796
vt 0.007884 1.452474
vt -0.069379 1.402302
vt 0.036330 -1.376692
vt 0.088080 -1.423406
vt 0.052513 -1.150285
vt 0.054760 -0.835696
vt 0.088435 -0.628343
vt 0.029302 -0.628546
vt 0.029376 -0.431450
vt 0.088435 -0.299367
vt 0.029543 -0.274304
vt 0.007884 -0.118323
vt 0.070661 -0.042693
vt 0.088080 0.147390
vt 0.036330 0.194105
vt -0.088435 0.299364
vt -0.029454 0.352885
vt -0.029312 0.510006
vt -0.088435 0.628348
vt -0.029268 0.707358
vt -0.088435 0.957178
vt -0.043950 0.980371
vt -0.072928 1.207033
vt -0.029645 0.195712
vt 0.052513 0.420511
vt 0.053396 0.577914
vt 0.054760 0.735100
vt 0.029302 0.942250
vt 0.088435 0.942453
vt 0.029376 1.139346
vt 0.029543 1.296492
vt 0.088435 1.271429
vt -0.052354 0.035600
vt -0.043950 -0.590425
vt -0.072928 -0.363763
vt -0.088435 -0.613618
vt -0.029268 -0.863439
vt -0.088435 -0.942448
vt -0.029312 -1.060791
vt -0.088435 -1.271432
vt -0.029454 -1.217911
vt -0.029645 -1.375084
vt -0.052354 -1.535196
vt 0.070346 -1.570796
vt 0.053396 -0.992882
vt -0.069379 -0.168495
vt 0.000000 -1.430910
vt -0.058760 -1.337955
vt -0.058760 -1.476549
vt 0.000000 1.400227
vt -0.058760 1.434334
vt -0.058760 1.195143
vt 0.000000 1.211293
vt 0.000000 0.973877
vt -0.058760 0.885906
vt 0.000000 0.745046
vt -0.058760 0.656425
vt 0.000000 0.589641
vt -0.058760 0.501591
vt 0.000000 0.434228
vt -0.058760 0.346756
vt 0.000000 0.278820
vt -0.058760 0.138593
vt 0.000000 0.030273
vt -0.058760 -0.042214
vt 0.000000 -0.187399
vt -0.058760 -0.281405
vt 0.000000 -0.342807
vt 0.000000 -0.561781
vt -0.058760 -0.590643
vt 0.000000 -0.809053
vt -0.058760 -0.820124
vt 0.000000 -0.964475
vt -0.058760 -0.974958
vt 0.000000 -1.194216
vt -0.058760 -1.129792
vt 0.027301 -1.330340
vt 0.039270 -1.193882
vt 0.009921 -1.116261
vt 0.034227 -0.948262
vt 0.024913 -0.208652
vt 0.033639 -0.384964
vt 0.039270 -0.141202
vt 0.012555 0.058739
vt 0.039270 0.115535
vt 0.030148 0.273189
vt 0.025049 0.987289
vt 0.032297 0.847262
vt 0.025638 1.147310
vt -0.009930 1.355496
vt -0.025496 1.516304
vt -0.025979 1.213413
vt -0.012745 -0.302304
vt -0.024688 -0.174216
vt -0.026374 -0.422645
vt -0.013533 -0.899349
vt -0.025137 -0.791297
vt -0.029609 -1.092690
vt 0.001840 -1.436502
vt 0.030201 -1.539877
vt 0.003280 -1.555088
vt 0.003281 -1.275838
vt 0.003281 -0.956846
vt 0.026357 -0.760545
vt 0.003280 -0.717602
vt 0.029400 -0.550418
vt 0.003281 -0.398605
vt 0.002007 -0.115633
vt 0.001089 0.279119
vt 0.003281 0.478620
vt 0.029288 0.471406
vt 0.003280 0.638118
vt 0.028014 0.635118
vt 0.003281 0.797611
vt 0.001089 0.996856
vt 0.000000 1.196223
vt 0.031453 1.343922
vt 0.029267 1.522105
vt -0.003280 -0.558370
vt -0.000000 1.515217
vt -0.024274 -1.533741
vt -0.028575 -1.283592
vt -0.030359 -0.608170
vt -0.025823 0.053230
vt -0.025546 0.252543
vt -0.023080 0.398566
vt -0.023241 0.558662
vt -0.024218 0.752213
vt -0.026326 1.017437
vt -0.014142 -1.420602
vt -0.001820 -1.601529
vt -0.003189 -1.190167
vt -0.003537 -1.458486
vt -0.014142 -1.615701
vt 0.014142 -1.696460
vt -0.014142 0.113680
vt 0.001111 -0.102462
vt 0.014142 0.246387
vt -0.014142 0.437522
vt 0.014142 0.574963
vt -0.014142 0.761385
vt 0.014142 0.903683
vt -0.014142 1.085281
vt 0.002615 1.272314
vt -0.199558 -0.075233
vt -0.264003 -0.056345
vt -0.149374 -0.231773
vt -0.088080 -0.196758
vt 0.056345 -0.264003
vt 0.064406 -0.205714
vt 0.184534 -0.111404
vt 0.231773 -0.149374
vt 0.264003 0.056345
vt 0.212030 0.038813
vt 0.133102 0.169554
vt 0.149374 0.231773
vt -0.012653 0.215194
vt -0.056345 0.264003
vt -0.152089 0.152788
vt -0.231773 0.149374
vt -0.212133 0.054977
vt 0.000000 0.859575
vt -0.118760 0.853730
vt 0.000000 0.754151
vt -0.118760 0.719376
vt 0.000000 0.622388
vt -0.118760 0.498750
vt 0.000000 0.490414
vt 0.000000 0.358442
vt -0.118760 0.279553
vt 0.000000 0.226469
vt -0.118760 0.058927
vt 0.000000 0.094500
vt 0.000000 -0.037505
vt -0.118760 -0.160269
vt 0.000000 -0.169544
vt 0.000000 -0.349020
vt -0.118760 -0.380896
vt 0.000000 -0.530626
vt -0.118760 -0.600092
vt 0.000000 -0.700338
vt -0.118760 -0.811322
vt 0.000000 -0.861266
vt -0.371159 -0.766724
vt -0.304493 -0.755597
vt -0.377604 -0.610872
vt 0.304608 -0.350405
vt 0.305601 -0.528395
vt 0.355284 -0.422864
vt -0.304494 -0.618906
vt 0.377057 -0.588540
vt -0.366706 -0.473065
vt 0.392699 -0.457473
vt -0.313978 -0.354780
vt -0.312279 -0.224638
vt -0.392699 -0.244464
vt 0.366583 -0.252100
vt 0.355890 -0.062063
vt 0.304581 -0.170263
vt 0.304534 -0.037945
vt -0.392699 -0.116274
vt -0.359690 -0.087616
vt -0.304534 0.037942
vt -0.304581 0.170262
vt -0.370758 0.078906
vt -0.348992 0.232986
vt -0.392699 0.205542
vt 0.304535 0.226600
vt 0.373030 0.231588
vt 0.304535 0.358854
vt -0.378132 0.348763
vt -0.309172 0.298051
vt -0.348261 0.439851
vt -0.304572 0.454097
vt 0.373275 0.355440
vt 0.304517 0.623360
vt 0.365128 0.639930
vt 0.304645 0.755232
vt -0.304553 0.607003
vt -0.348991 0.564931
vt -0.375825 0.734275
vt -0.392699 0.635195
vt 0.378128 0.763260
vt -0.392699 0.470694
vt 0.366313 0.478330
vt 0.304530 0.491108
vt 0.310336 0.101658
vt 0.378475 0.081963
vt 0.305086 -0.699001
vt 0.377883 -0.720181
vt 0.355806 -0.779547
vt 0.312487 -0.861056
vt 0.392699 -0.879646
vt 0.314797 0.861299
vt 0.392699 0.863052
vt -0.304734 -0.089468
vt 0.392699 -0.033197
vt -0.392699 -0.365137
vt -0.304530 -0.491112
vt -0.318271 -0.869433
vt -0.392699 -0.829848
vt -0.375977 -0.870004
vt -0.304527 0.739266
vt -0.366744 0.836603
vt -0.307343 0.834909
vt 0.000000 0.861582
vt -0.118760 0.859358
vt 0.000000 0.732043
vt -0.118760 0.740980
vt -0.118760 0.609006
vt 0.000000 0.512670
vt -0.118760 0.453717
vt 0.000000 0.292220
vt -0.118760 0.286622
vt -0.118760 0.169544
vt 0.000000 0.072846
vt -0.118760 0.037502
vt -0.118760 -0.089820
vt 0.000000 -0.147602
vt -0.118760 -0.226471
vt 0.000000 -0.366977
vt -0.118760 -0.358445
vt -0.118760 -0.490418
vt 0.000000 -0.587425
vt -0.118760 -0.617942
vt 0.000000 -0.801314
vt -0.118760 -0.754361
vt -0.118760 -0.859571
vt -0.261089 0.069547
vt -0.212030 0.038813
vt -0.133102 0.169554
vt -0.138693 0.238318
vt 0.012653 0.215194
vt 0.069547 0.261089
vt 0.172237 0.119967
vt 0.238318 0.138693
vt 0.261089 -0.069547
vt 0.199558 -0.075233
vt 0.138693 -0.238318
vt 0.088080 -0.196758
vt -0.069547 -0.261089
vt -0.064406 -0.205714
vt -0.184534 -0.111404
vt -0.238318 -0.138693
vt -0.020000 -0.530886
vt -0.380000 -0.539847
vt -0.020000 -0.628319
vt -0.380000 -0.628319
vt -0.020000 0.611872
vt -0.380000 0.569354
vt -0.020000 0.501279
vt -0.380000 0.421927
vt -0.020000 0.353828
vt -0.380000 0.274488
vt -0.020000 0.206396
vt -0.380000 0.127038
vt -0.020000 0.058964
vt -0.380000 0.016448
vt -0.020000 -0.088473
vt -0.380000 -0.097435
vt -0.020000 -0.235918
vt -0.380000 -0.244930
vt -0.020000 -0.383387
vt -0.380000 -0.392398
vt 0.011690 -0.659734
vt 0.014142 -0.531937
vt -0.014142 -0.557429
vt -0.002055 -0.376759
vt -0.014142 0.526345
vt -0.002671 0.390467
vt 0.011690 0.589119
vt 0.151726 -0.322973
vt 0.196350 -0.248020
vt 0.151809 -0.015161
vt 0.157083 0.380065
vt 0.119782 0.331221
vt 0.174061 0.161423
vt 0.105889 -0.111275
vt 0.093497 -0.238041
vt 0.102924 0.143423
vt 0.078691 0.010724
vt 0.071402 -0.347255
vt 0.105125 -0.392699
vt 0.074679 0.263744
vt 0.041800 -0.162522
vt 0.033846 -0.055715
vt 0.050232 0.392699
vt 0.044559 0.345698
vt 0.038786 0.199032
vt 0.034791 0.102328
vt -0.018033 0.005222
vt 0.012806 -0.292109
vt 0.002830 0.283475
vt -0.034988 -0.135141
vt -0.036331 -0.242166
vt -0.033322 -0.383350
vt -0.036470 0.370651
vt -0.009545 0.154112
vt -0.067312 -0.070479
vt -0.050230 0.246778
vt -0.049458 0.074394
vt -0.084140 -0.321788
vt -0.071634 0.165280
vt -0.108385 0.326716
vt -0.110445 0.006826
vt -0.119758 -0.205132
vt -0.111408 -0.387927
vt -0.136121 0.138072
vt -0.158873 -0.112106
vt -0.178669 -0.305258
vt -0.175643 0.277516
vt -0.138423 -0.159472
vt -0.196350 -0.268689
vt -0.165082 -0.348181
vt 0.147663 0.217245
vt 0.196350 0.330694
vt 0.156752 0.372924
vt 0.154541 -0.032655
vt 0.121843 -0.234631
vt 0.151948 -0.362702
vt 0.111712 0.115917
vt 0.118422 -0.134805
vt 0.105859 -0.350185
vt 0.096402 0.309228
vt 0.092203 0.388360
vt 0.060244 -0.047955
vt 0.054810 -0.125285
vt 0.055860 -0.191812
vt 0.058837 0.233541
vt 0.064610 0.046460
vt 0.049091 -0.283902
vt 0.019556 0.377094
vt 0.035802 0.143748
vt 0.027244 -0.382415
vt 0.012337 0.310251
vt 0.003544 -0.003269
vt -0.023328 -0.087231
vt 0.000000 -0.175727
vt -0.010143 -0.287864
vt -0.034841 0.222919
vt -0.023389 0.079715
vt -0.030985 -0.372608
vt -0.060299 0.149782
vt -0.058632 -0.020838
vt -0.069054 -0.131682
vt -0.069162 -0.227218
vt -0.045738 0.373859
vt -0.058987 0.286702
vt -0.093445 -0.325079
vt -0.109298 -0.386461
vt -0.095818 0.045507
vt -0.103621 0.367767
vt -0.129917 0.202476
vt -0.161676 0.089356
vt -0.156274 0.349318
vt 0.138477 0.064212
vt 0.196350 0.165347
vt 0.132454 0.290878
vt 0.121243 -0.051185
vt 0.161844 -0.211364
vt 0.120276 -0.326127
vt 0.155013 -0.381487
vt 0.115623 0.150709
vt 0.086269 -0.127602
vt 0.084284 -0.221399
vt 0.134344 0.392699
vt 0.072668 0.383550
vt 0.048963 -0.309315
vt 0.042910 0.312812
vt 0.062801 0.184269
vt 0.068294 0.051905
vt 0.019987 -0.060401
vt 0.038392 -0.178347
vt 0.074142 -0.384393
vt 0.003426 0.103198
vt -0.015648 -0.135371
vt -0.011341 -0.223017
vt -0.000915 0.217786
vt -0.024879 0.041451
vt 0.000000 -0.385839
vt -0.014830 0.362475
vt -0.036183 -0.018523
vt -0.038390 -0.316060
vt -0.073994 -0.226525
vt -0.083726 -0.388913
vt -0.070075 0.273782
vt -0.061530 0.174950
vt -0.096093 -0.108939
vt -0.080131 0.365682
vt -0.103390 0.103140
vt -0.122223 -0.008804
vt -0.120709 -0.288322
vt -0.133059 0.238949
vt -0.158783 -0.366859
vt -0.169927 0.013219
vt -0.155289 0.373574
vt -0.151955 0.184466
vt -0.196350 0.082673
vt -0.144281 -0.017298
vt 0.171664 -0.031149
vt 0.146402 0.047329
vt 0.122605 -0.130931
vt 0.144571 0.383107
vt 0.123619 0.273209
vt 0.125303 -0.316276
vt 0.104040 0.156794
vt 0.075935 -0.036343
vt 0.074094 0.350391
vt 0.071492 0.043634
vt 0.065242 -0.205874
vt 0.059664 -0.339375
vt 0.096962 -0.385383
vt 0.045832 -0.107396
vt 0.042174 -0.278869
vt 0.049275 0.186759
vt 0.011181 -0.392699
vt 0.017765 0.248236
vt 0.029647 0.099421
vt -0.001869 -0.162952
vt -0.012337 -0.000258
vt -0.045556 -0.066372
vt -0.026622 -0.274515
vt -0.032777 -0.356156
vt 0.005322 0.355558
vt -0.028091 0.169028
vt -0.041830 0.261238
vt -0.037133 0.093844
vt -0.072786 -0.213990
vt -0.081202 -0.124558
vt -0.064628 0.392699
vt -0.090711 0.316971
vt -0.093337 0.046654
vt -0.097249 0.187974
vt -0.112861 -0.329394
vt -0.103914 0.392699
vt -0.144314 -0.178613
vt -0.170683 0.338887
vt -0.164362 -0.327179
vt 0.132684 -0.211093
vt 0.196350 -0.103342
vt 0.138311 -0.050027
vt -0.141493 0.285660
vt -0.196350 0.165347
vt -0.153406 0.038363
vt 0.183941 -0.362307
vt 0.117815 -0.381641
vt 0.163690 0.224255
vt 0.122583 0.375351
vt 0.106311 0.273137
vt 0.105320 0.048518
vt 0.078342 -0.322677
vt 0.093345 0.168663
vt 0.054752 -0.071965
vt 0.035830 -0.144224
vt 0.025228 -0.003048
vt 0.031319 -0.246504
vt 0.050966 -0.384583
vt 0.050776 0.387584
vt 0.046256 0.305092
vt 0.033267 0.138652
vt 0.023330 0.231910
vt 0.020422 0.061882
vt -0.001277 -0.331682
vt -0.006877 0.359657
vt -0.031406 -0.181005
vt -0.001401 -0.390731
vt -0.041650 0.186411
vt -0.036782 -0.082796
vt -0.057396 0.286393
vt -0.051239 0.102944
vt -0.041240 0.020573
vt -0.058996 -0.287423
vt -0.082643 -0.370016
vt -0.098267 0.014163
vt -0.110679 -0.117752
vt -0.100864 -0.237535
vt -0.077985 0.383747
vt -0.115400 0.165483
vt -0.163768 -0.312393
vt -0.170702 0.367201
vt 0.185649 0.300882
vt 0.144387 0.377948
vt 0.136312 0.257003
vt 0.153818 0.082951
vt 0.100525 -0.018684
vt 0.157791 -0.214583
vt 0.062502 -0.131171
vt 0.075231 -0.245319
vt 0.139387 -0.337356
vt 0.077166 0.392699
vt 0.062467 0.346211
vt 0.071204 0.284190
vt 0.077984 0.188575
vt 0.079596 0.088984
vt 0.073127 -0.363227
vt 0.041326 -0.058412
vt 0.004481 -0.180674
vt 0.023331 -0.305467
vt 0.030984 0.145257
vt 0.030839 0.036286
vt -0.017342 -0.360959
vt -0.003201 0.212466
vt -0.013168 0.075353
vt -0.018106 -0.016448
vt -0.040579 -0.241243
vt -0.000000 -0.392699
vt -0.021393 0.361205
vt -0.016527 0.290832
vt -0.045831 -0.099288
vt -0.054204 0.137966
vt -0.063162 -0.309151
vt -0.076211 -0.164459
vt -0.078743 0.290317
vt -0.083895 0.200996
vt -0.103507 0.086821
vt -0.106740 -0.009555
vt -0.121347 -0.364387
vt -0.038265 0.392699
vt -0.127080 0.377586
vt -0.119170 -0.106365
vt -0.147427 -0.213951
vt -0.136556 0.266009
vt -0.171480 0.182104
vt -0.187659 -0.365115
vt -0.148848 -0.093996
vt -0.196350 -0.144679
vt -0.137273 -0.320585
vt 0.167907 -0.149354
vt 0.136705 -0.160953
vt 0.110448 -0.282849
vt 0.136786 -0.392699
vt 0.167523 0.119043
vt 0.125772 0.344280
vt 0.131082 0.204953
vt 0.099046 -0.032303
vt 0.099586 0.057561
vt 0.071273 -0.133604
vt 0.066621 -0.376531
vt 0.089532 0.265436
vt 0.086148 0.151891
vt 0.044257 -0.184635
vt 0.073263 0.381847
vt 0.022358 -0.045137
vt -0.008547 -0.213149
vt 0.019684 -0.291668
vt 0.023499 -0.359122
vt 0.015190 0.328974
vt 0.020441 0.258298
vt 0.026002 0.196491
vt 0.023099 0.127447
vt 0.020398 0.031099
vt -0.025375 -0.112450
vt 0.010334 0.392699
vt -0.022156 0.065213
vt -0.044213 0.383902
vt -0.048583 -0.032532
vt -0.074452 -0.270837
vt -0.045404 -0.372201
vt -0.060920 0.307152
vt -0.075213 0.202146
vt -0.055043 0.121203
vt -0.084079 -0.144669
vt -0.100673 0.001771
vt -0.107215 0.387710
vt -0.127501 0.112756
vt -0.152429 0.262637
vt -0.207135 -0.260853
vt -0.214456 -0.256714
vt -0.229472 -0.276084
vt -0.332389 0.187056
vt -0.378732 -0.085619
vt -0.280755 -0.056028
vt -0.264566 -0.109396
vt -0.305996 -0.177598
vt -0.285866 -0.169289
vt -0.287254 -0.269527
vt -0.270507 -0.228035
vt -0.234299 -0.275556
vt -0.095482 -0.377991
vt -0.172051 -0.307254
vt -0.205673 -0.259680
vt -0.170439 -0.289019
vt -0.179141 -0.226333
vt -0.052279 -0.281160
vt -0.107504 -0.309565
vt -0.120823 -0.338750
vt -0.060162 -0.354584
vt -0.052120 -0.323530
vt -0.016079 -0.359228
vt 0.125552 -0.367813
vt 0.009263 -0.365500
vt -0.003343 -0.327651
vt 0.083777 -0.276177
vt 0.202562 -0.202314
vt 0.351948 -0.132920
vt 0.276177 -0.083777
vt 0.280755 -0.056028
vt 0.354154 0.159897
vt 0.280755 0.056028
vt 0.223095 0.183087
vt 0.171710 0.348878
vt 0.109392 0.264567
vt -0.059857 0.384033
vt -0.028288 0.287214
vt -0.179569 0.218808
vt -0.280755 0.056028
vt -0.006772 -0.344352
vt -0.245202 -0.219691
vt -0.219768 -0.253774
vt -0.279626 -0.173775
vt -0.252126 -0.216357
vt 0.021879 1.384707
vt -0.021879 1.371344
vt 0.021879 1.211077
vt -0.021879 1.225812
vt 0.021879 0.892111
vt -0.021879 1.024151
vt -0.021879 0.695837
vt 0.021879 0.574108
vt -0.021879 -1.323713
vt 0.021879 -1.212069
vt -0.021879 -1.183570
vt -0.021879 -1.047526
vt 0.021879 -0.859156
vt -0.021879 -0.911328
vt -0.021879 -0.731258
vt 0.021879 -0.569730
vt -0.021879 -0.469906
vt 0.021879 -0.356179
vt -0.021879 -0.237829
vt 0.021879 -0.112424
vt -0.021879 -0.101632
vt -0.021879 0.038764
vt 0.021879 0.242296
vt -0.021879 0.204828
vt -0.021879 0.505407
vt -0.351273 0.162746
vt -0.328923 -0.170122
vt -0.179569 -0.218808
vt -0.125800 -0.371707
vt -0.028288 -0.287214
vt -0.000002 -0.392414
vt 0.109392 -0.264567
vt 0.182842 -0.341299
vt 0.223095 -0.183087
vt 0.352832 -0.159296
vt 0.388910 0.033730
vt 0.276177 0.083777
vt 0.282675 0.264553
vt 0.202562 0.202314
vt 0.125801 0.371707
vt 0.083777 0.276177
vt -0.059623 0.382599
vt -0.059078 0.280490
vt -0.187037 0.219853
vt -0.238528 0.311613
vt -0.264566 0.109396
vt 0.025386 -1.346781
vt 0.048914 -1.412612
vt 0.048088 -1.346347
vt 0.022104 -1.526899
vt 0.048226 -1.530134
vt 0.030727 -1.337737
vt 0.003720 -1.233824
vt 0.016233 1.538612
vt 0.002686 1.381153
vt 0.028634 1.352151
vt 0.048705 1.252106
vt 0.029323 1.159991
vt 0.048869 1.162560
vt 0.048869 -1.337799
vt 0.048709 -1.255270
vt 0.048869 -1.154012
vt 0.036901 -1.154028
vt 0.048713 -1.053795
vt 0.032133 -1.146855
vt 0.048869 -1.145464
vt 0.047421 -0.961677
vt 0.028513 -0.955911
vt 0.011463 -0.825981
vt 0.049149 -0.825086
vt 0.048869 -0.953128
vt 0.045259 -0.769337
vt 0.030948 -0.763728
vt -0.000811 -0.669499
vt 0.048869 -0.760793
vt 0.048233 -0.674008
vt -0.027976 0.001866
vt -0.007877 0.172653
vt -0.020430 0.284928
vt 0.027847 -0.571664
vt 0.048869 -0.568458
vt 0.048448 -0.486272
vt 0.046145 -0.384671
vt 0.010680 -0.504685
vt 0.029323 -0.378691
vt 0.002709 -0.282303
vt 0.048869 -0.376122
vt 0.048705 -0.286577
vt 0.027417 -0.186938
vt 0.010682 -0.110046
vt 0.028170 0.006280
vt -0.006082 -0.000833
vt -0.016264 0.449239
vt -0.001045 0.517868
vt -0.003955 0.649976
vt -0.030841 0.766838
vt 0.048869 -0.183787
vt 0.048869 -0.087515
vt 0.025386 0.191900
vt 0.003720 0.304858
vt 0.048869 -0.000000
vt 0.048226 0.008548
vt 0.048914 0.126070
vt 0.048088 0.192335
vt 0.030727 0.200946
vt 0.048869 0.200884
vt 0.048709 0.283413
vt 0.048869 0.384671
vt 0.036901 0.384655
vt 0.048713 0.484888
vt 0.032133 0.391828
vt 0.048869 0.393219
vt 0.047421 0.577006
vt 0.028513 0.582772
vt 0.011463 0.712701
vt 0.049149 0.713597
vt 0.048869 0.585554
vt 0.045259 0.769345
vt 0.030948 0.774954
vt -0.000811 0.869184
vt 0.048869 0.777889
vt 0.048233 0.864675
vt 0.010680 1.033998
vt 0.027847 0.967019
vt 0.048448 1.052410
vt 0.046145 1.154012
vt 0.048869 0.970225
vt 0.048869 1.354895
vt 0.048869 1.449042
vt 0.047040 1.538713
vt -0.003955 -0.888706
vt 0.013100 -1.067350
vt -0.017550 -1.018343
vt -0.029902 -0.755756
vt -0.016606 -1.147504
vt -0.014638 -0.521913
vt -0.006357 -1.362055
vt -0.014138 -1.484587
vt -0.017648 1.454102
vt -0.018267 1.538682
vt -0.016900 -0.389917
vt -0.013916 -0.154688
vt 0.046027 -0.577017
vt 0.047368 -0.192334
vt -0.015812 1.041954
vt 0.046027 0.961666
vt 0.000396 1.208901
vt -0.029708 1.284866
vt 0.047368 1.346348
vt -0.472894 0.183823
vt -0.454289 0.178428
vt -0.477492 0.188646
vt 0.455429 0.176254
vt 0.476151 0.183894
vt 0.478551 0.188492
vt -0.476840 0.183794
vt -0.458881 0.186333
vt -0.478025 0.188568
vt -0.476881 0.188724
vt -0.475364 0.183999
vt -0.454167 0.178626
vt -0.454268 0.182059
vt -0.478162 0.188582
vt 0.453620 0.176951
vt 0.472109 0.183703
vt 0.474292 0.188391
vt -0.455477 0.182656
vt -0.476949 0.188725
vt 0.455429 0.176254
vt 0.476151 0.183894
vt -0.477116 0.188691
vt 0.472109 0.183703
vt 0.021141 0.108255
vt -0.021141 0.175875
vt -0.021141 -0.115460
vt 0.021141 -0.169703
vt -0.021141 -0.320699
vt 0.021141 -0.421865
vt -0.021141 -0.571384
vt 0.021141 -0.644555
vt -0.021141 -0.816923
vt 0.021141 -0.834450
vt 0.021141 -0.925860
vt -0.021141 -1.064492
vt 0.021141 -1.222745
vt -0.021141 -1.309864
vt 0.021141 -1.411734
vt 0.021141 1.320867
vt -0.021141 1.378121
vt -0.021141 1.207679
vt 0.021141 1.120083
vt -0.021141 0.925649
vt 0.021141 0.751513
vt -0.021141 0.674918
vt 0.021141 0.583790
vt -0.021141 0.461824
vt 0.021141 0.351179
vt 0.002534 1.528922
vt -0.028961 1.554216
vt -0.015485 1.415418
vt -0.058030 1.554216
vt -0.057792 1.457973
vt -0.061087 1.368573
vt -0.039605 1.365596
vt -0.060847 1.267767
vt -0.061087 1.174296
vt -0.035143 1.169878
vt -0.005554 0.924129
vt -0.006909 0.720799
vt 0.018758 0.777946
vt 0.031505 0.644388
vt 0.005851 0.492249
vt 0.031632 0.326046
vt -0.035514 0.975208
vt -0.059316 1.075727
vt -0.061087 0.980019
vt -0.056103 1.165573
vt -0.032365 0.780354
vt -0.061087 0.785742
vt -0.046117 0.785753
vt -0.060811 0.878926
vt -0.044861 0.592337
vt -0.030696 0.583147
vt -0.001774 0.363789
vt 0.029972 0.084447
vt 0.014950 -0.102669
vt 0.033957 -0.161579
vt -0.058870 0.777108
vt -0.061087 0.715227
vt -0.060089 0.591691
vt -0.059982 0.582829
vt -0.061087 0.491790
vt -0.059170 0.397189
vt -0.032944 0.394290
vt -0.058813 0.388161
vt -0.061087 0.203262
vt -0.047664 0.203380
vt -0.001140 0.130959
vt -0.031898 0.196783
vt -0.031353 0.002308
vt -0.011631 -0.097770
vt 0.008300 -0.248383
vt -0.012055 -0.331472
vt 0.022432 -0.435852
vt -0.060017 0.101624
vt -0.059773 0.194277
vt -0.056776 0.008635
vt -0.030970 -0.192718
vt -0.008719 -0.483622
vt -0.005554 -0.630087
vt 0.037831 -0.623674
vt -0.058099 -0.001402
vt -0.046041 -0.184172
vt -0.060847 -0.286449
vt -0.061087 -0.379919
vt -0.035143 -0.384337
vt 0.038901 -0.837068
vt -0.002814 -0.830557
vt 0.003527 -1.049840
vt -0.035514 -0.579008
vt -0.059316 -0.478489
vt -0.061087 -0.574196
vt -0.056103 -0.388644
vt -0.031560 -0.772418
vt -0.061087 -0.768473
vt -0.046117 -0.768463
vt -0.060811 -0.675290
vt -0.058870 -0.777108
vt -0.060674 -0.858827
vt -0.030950 -0.969778
vt -0.044937 -0.962750
vt -0.060090 -0.962750
vt -0.059982 -0.971387
vt -0.061087 -1.062426
vt -0.059170 -1.157027
vt -0.032944 -1.159926
vt -0.001472 -1.186517
vt -0.058813 -1.166055
vt -0.061087 -1.350954
vt -0.047664 -1.350837
vt -0.002479 -1.401402
vt -0.028552 -1.552003
vt 0.004011 -1.521194
vt -0.060017 -1.452592
vt -0.031898 -1.357433
vt -0.059773 -1.359939
vt -0.056776 -1.545581
vt 0.035403 -1.554216
vt 0.037671 -1.367878
vt -0.015090 -1.294092
vt 0.037945 -1.113131
vt -0.058884 -0.582838
vt -0.015090 0.260124
vt -0.059825 -0.194280
vt -0.008719 1.070594
vt -0.012055 1.222743
vt 0.024038 0.994452
vt 0.021944 1.175671
vt 0.005145 1.361497
vt -0.058884 0.971378
vt 0.035411 1.432664
vt -0.059825 1.359936
vt 0.011915 -0.086382
vt 0.010996 -0.164105
vt 0.019909 -0.000498
vt 0.002500 -1.358379
vt 0.002159 -1.268263
vt -0.002500 -1.358238
vt 0.001620 -1.440298
vt -0.019735 0.095580
vt -0.021865 0.177048
vt -0.031307 0.092427
vt -0.032268 0.007869
vt -0.002500 1.342323
vt 0.001126 1.260261
vt 0.002500 1.341487
vt 0.002060 1.432297
vt -0.035073 0.353177
vt -0.035921 0.272410
vt -0.025977 0.185388
vt -0.023134 0.353850
vt -0.002500 0.982249
vt 0.001404 0.900186
vt 0.002500 0.986787
vt -0.000083 1.072222
vt -0.002500 0.802209
vt 0.001864 0.720149
vt 0.002500 0.803838
vt 0.002155 0.892185
vt -0.002500 0.622174
vt 0.001149 0.540112
vt 0.002500 0.615900
vt 0.002007 0.712148
vt -0.027743 1.062162
vt -0.035921 0.980602
vt -0.028063 0.893259
vt -0.019351 0.979785
vt -0.002500 0.262100
vt 0.000710 0.180037
vt 0.002500 0.267377
vt 0.000318 0.352073
vt -0.033557 -1.500258
vt -0.031508 -1.585563
vt -0.021155 -1.511555
vt -0.026428 -1.416523
vt -0.002500 0.082060
vt 0.000921 0.000105
vt 0.002500 0.114690
vt 0.001959 0.172036
vt -0.019735 -1.320804
vt -0.021865 -1.239336
vt -0.031307 -1.323956
vt -0.032268 -1.408515
vt -0.002500 -0.097975
vt 0.001126 -0.180037
vt 0.002500 -0.098811
vt 0.002060 -0.008002
vt -0.035073 -1.063207
vt -0.035921 -1.143973
vt -0.025977 -1.230996
vt -0.023134 -1.062534
vt -0.002500 -0.458050
vt 0.001404 -0.540112
vt 0.002500 -0.453511
vt -0.000083 -0.368076
vt -0.002500 -0.638089
vt 0.001864 -0.720149
vt 0.002500 -0.636460
vt 0.002155 -0.548114
vt -0.002500 -0.818124
vt 0.001149 -0.900186
vt 0.002500 -0.824398
vt 0.002007 -0.728151
vt -0.027743 -0.354222
vt -0.035921 -0.435782
vt -0.028063 -0.523125
vt -0.019351 -0.436599
vt -0.002500 -1.178199
vt 0.000710 -1.260261
vt 0.002500 -1.172922
vt 0.000318 -1.088225
vt -0.207134 -0.260852
vt -0.214456 -0.256714
vt -0.227358 -0.277907
vt -0.233831 -0.273219
vt -0.332389 0.187058
vt -0.378732 -0.085622
vt -0.280755 -0.056028
vt -0.261133 -0.116970
vt -0.305996 -0.177597
vt -0.285866 -0.169289
vt -0.287253 -0.269527
vt -0.270507 -0.228035
vt -0.237172 -0.272456
vt -0.228452 -0.281867
vt -0.095480 -0.377991
vt -0.172051 -0.307254
vt -0.206445 -0.269887
vt -0.170439 -0.289019
vt -0.210103 -0.255544
vt -0.129015 -0.251996
vt -0.107504 -0.309565
vt -0.120822 -0.338750
vt -0.060159 -0.354583
vt -0.052120 -0.323530
vt -0.016113 -0.359116
vt 0.125557 -0.367811
vt -0.003343 -0.327651
vt 0.093638 -0.268178
vt 0.351948 -0.132917
vt 0.280755 -0.056028
vt 0.280755 0.056028
vt 0.354155 0.159894
vt 0.249636 0.133431
vt 0.171706 0.348880
vt 0.082169 0.270869
vt -0.059851 0.384033
vt -0.109392 0.264567
vt -0.223095 0.183087
vt -0.280755 0.056028
vt -0.006772 -0.344352
vt -0.245202 -0.219691
vt -0.279626 -0.173775
vt -0.252126 -0.216358
vt -0.021879 1.418480
vt -0.021879 1.261353
vt 0.021879 1.211075
vt -0.021879 1.048359
vt 0.021879 0.892108
vt -0.021879 0.911512
vt -0.021879 0.728148
vt 0.021879 0.574109
vt -0.021879 -1.219307
vt 0.021879 -1.212072
vt -0.021879 -1.047525
vt 0.021879 -0.859159
vt -0.021879 -0.863596
vt 0.021879 -0.569731
vt -0.021879 -0.573944
vt -0.021879 -0.297545
vt 0.021879 -0.356181
vt 0.021879 -0.112426
vt -0.021879 -0.041850
vt -0.021879 0.171595
vt 0.021879 0.242298
vt -0.021879 0.441235
vt -0.351275 0.162741
vt -0.328920 -0.170126
vt -0.223095 -0.183087
vt -0.109392 -0.264567
vt -0.125802 -0.371706
vt 0.000002 -0.392414
vt 0.082169 -0.270869
vt 0.182841 -0.341299
vt 0.249636 -0.133431
vt 0.352834 -0.159293
vt 0.388910 0.033733
vt 0.282671 0.264558
vt 0.101935 0.267361
vt 0.125802 0.371706
vt -0.059622 0.382600
vt -0.086964 0.269415
vt -0.238528 0.311613
vt -0.255849 0.123409
vt 0.007730 -1.503588
vt 0.026843 -1.533206
vt 0.025740 -1.342487
vt 0.048303 -1.409332
vt 0.048306 -1.346347
vt 0.048869 -1.529554
vt 0.022150 1.538904
vt 0.001556 1.391176
vt 0.025914 1.351568
vt 0.048955 -1.250779
vt 0.048092 -1.154012
vt 0.025479 -1.149061
vt 0.048952 -1.053967
vt 0.048653 -1.145464
vt 0.026755 -0.955181
vt 0.048869 -0.961677
vt 0.011469 -0.814163
vt 0.011307 -1.030362
vt 0.045539 -0.953069
vt 0.047462 -0.888384
vt 0.042048 -0.773404
vt 0.028559 -0.764745
vt 0.048462 -0.666539
vt 0.048869 -0.577006
vt 0.037041 -0.577051
vt 0.012701 -0.439666
vt 0.024440 -0.572892
vt 0.025126 -0.376795
vt 0.044668 -0.568458
vt 0.048731 -0.462920
vt 0.048207 -0.384671
vt -0.000156 -0.288273
vt -0.005668 0.013134
vt 0.000967 0.188401
vt -0.028039 0.170119
vt 0.048446 -0.288427
vt 0.048869 -0.192335
vt 0.027654 -0.187864
vt 0.001556 -0.147507
vt 0.028017 0.002613
vt 0.048102 -0.183787
vt 0.048667 -0.101391
vt 0.025733 0.196067
vt -0.012576 0.327121
vt 0.007375 0.368369
vt -0.014676 0.493736
vt 0.006817 0.561490
vt -0.019626 0.746746
vt 0.037396 0.008548
vt 0.048303 0.129350
vt 0.048869 0.009128
vt 0.048306 0.192335
vt 0.048955 0.287904
vt 0.048092 0.384671
vt 0.025479 0.389622
vt 0.048952 0.484715
vt 0.048653 0.393219
vt 0.026755 0.583501
vt 0.048869 0.577006
vt 0.011469 0.724520
vt 0.045539 0.585613
vt 0.047462 0.650299
vt 0.042048 0.765278
vt 0.028559 0.773937
vt 0.048462 0.872144
vt 0.048869 0.961677
vt 0.037041 0.961632
vt 0.012701 1.099016
vt 0.024440 0.965791
vt 0.025126 1.161887
vt 0.044668 0.970225
vt 0.048731 1.075762
vt 0.048207 1.154012
vt 0.048102 1.354895
vt 0.048667 1.437292
vt 0.036666 1.538682
vt 0.048869 1.538682
vt -0.027708 -0.161603
vt -0.009937 -0.480045
vt 0.010834 -0.629538
vt -0.024046 -0.614189
vt -0.011553 -0.799450
vt 0.000803 -1.242031
vt -0.009533 -0.992453
vt 0.003497 -1.359863
vt -0.022170 -1.185536
vt -0.028582 -0.896575
vt -0.010832 -1.499587
vt -0.024082 -1.443587
vt -0.000156 1.250410
vt 0.002963 1.538682
vt -0.013936 1.511026
vt -0.029866 1.538682
vt -0.027089 1.351902
vt 0.048427 -1.337798
vt 0.047851 -0.376119
vt 0.048427 0.200885
vt 0.003590 0.912219
vt -0.019200 1.049054
vt 0.047851 1.162563
vt 0.048446 1.250255
vt 0.047530 1.346348
vt -0.473206 0.183821
vt -0.454587 0.175548
vt -0.477492 0.188646
vt 0.463914 0.185921
vt 0.476840 0.183794
vt -0.477632 0.188630
vt -0.475274 0.184018
vt -0.454972 0.176952
vt 0.454115 0.176066
vt 0.476229 0.183843
vt 0.474890 0.189000
vt -0.462756 0.185614
vt -0.478162 0.188582
vt -0.463778 0.185904
vt -0.478551 0.188492
vt -0.475274 0.184018
vt -0.462756 0.185614
vt 0.021141 0.072316
vt -0.021141 0.175876
vt -0.021141 -0.115461
vt 0.021141 -0.144428
vt -0.021141 -0.320699
vt 0.021141 -0.384605
vt -0.021141 -0.571386
vt 0.021141 -0.644555
vt -0.021141 -0.816925
vt 0.021141 -0.839753
vt 0.021141 -1.080876
vt -0.021141 -1.064492
vt -0.021141 -1.309862
vt 0.021141 -1.322126
vt 0.021141 1.270089
vt -0.021141 1.207680
vt 0.021141 1.042230
vt -0.021141 0.925649
vt 0.021141 0.924054
vt 0.021141 0.725797
vt -0.021141 0.674920
vt 0.021141 0.472208
vt -0.021141 0.461823
vt 0.021141 0.236628
vt -0.029699 1.553522
vt -0.047687 1.551289
vt -0.056920 1.368786
vt -0.029657 1.363302
vt -0.060002 1.267228
vt -0.046187 1.174358
vt 0.005880 0.666093
vt 0.008864 0.500671
vt 0.028956 0.517994
vt -0.030823 1.168435
vt -0.060396 1.165460
vt -0.046760 0.982558
vt -0.030503 0.975601
vt -0.007029 1.072168
vt -0.045666 0.971323
vt -0.000298 0.925113
vt -0.035320 0.780796
vt -0.060669 0.901235
vt -0.061087 0.971385
vt -0.011516 0.782258
vt -0.037607 0.588791
vt -0.012665 0.476861
vt 0.011072 0.083077
vt 0.007469 -0.088334
vt 0.028419 -0.181642
vt -0.059303 0.777104
vt -0.060647 0.694078
vt -0.060089 0.591465
vt -0.061087 0.582831
vt -0.061087 0.487077
vt -0.059612 0.397189
vt -0.032858 0.393024
vt -0.003359 0.184275
vt -0.031899 0.196783
vt -0.031320 0.001688
vt -0.005680 -0.332203
vt -0.007029 -0.482049
vt 0.035581 -0.360371
vt 0.022282 -0.612433
vt -0.058951 0.104503
vt -0.059773 0.194277
vt -0.046010 0.008635
vt -0.061087 0.008635
vt -0.059240 0.000000
vt -0.061087 -0.061881
vt -0.056920 -0.185429
vt -0.034081 -0.192670
vt -0.010233 -0.185347
vt -0.061087 -0.194277
vt -0.060002 -0.286988
vt -0.046187 -0.379857
vt 0.032200 -0.838199
vt 0.008864 -1.053545
vt 0.036962 -1.112506
vt 0.014960 -1.316787
vt 0.037621 -1.422940
vt -0.030823 -0.385781
vt -0.060396 -0.388756
vt -0.046760 -0.571657
vt -0.030503 -0.578614
vt -0.045666 -0.582893
vt -0.010543 -0.650879
vt -0.035320 -0.773419
vt -0.060669 -0.652981
vt -0.061087 -0.582831
vt -0.005068 -0.822762
vt -0.037607 -0.965424
vt -0.012665 -1.077355
vt -0.004168 -1.422721
vt -0.059303 -0.777112
vt -0.060647 -0.860138
vt -0.060089 -0.962750
vt -0.061087 -0.971385
vt -0.061087 -1.067139
vt -0.059612 -1.157027
vt -0.032858 -1.161192
vt -0.030084 -1.549884
vt 0.002534 -1.554216
vt -0.058951 -1.449713
vt -0.031899 -1.357433
vt -0.059773 -1.359939
vt -0.046010 -1.545581
vt -0.061087 -1.545581
vt 0.032988 -1.550890
vt -0.005577 -1.221967
vt -0.059473 -1.185011
vt -0.048090 -1.348284
vt -0.005577 0.332249
vt 0.046477 0.148561
vt 0.030260 0.304611
vt 0.026614 0.776295
vt -0.005680 1.222013
vt -0.059473 0.369205
vt -0.048090 0.205932
vt 0.004033 1.365206
vt 0.037699 1.055208
vt -0.001800 1.520341
vt 0.029945 1.194796
vt 0.029945 1.457775
vt -0.059961 1.359936
vt 0.002500 -1.346283
vt 0.001293 -1.268263
vt -0.002500 -1.358238
vt 0.001708 -1.440298
vt -0.021455 0.099948
vt -0.025979 0.177048
vt -0.034938 0.097253
vt -0.026946 0.007869
vt -0.024520 0.197765
vt -0.031432 0.352896
vt -0.035679 0.272158
vt -0.002500 1.167035
vt 0.000942 1.080224
vt 0.002500 1.162521
vt 0.001228 1.252259
vt -0.035741 0.449462
vt -0.029785 0.361965
vt -0.022380 0.442839
vt -0.027554 0.530828
vt -0.002500 0.802209
vt 0.001718 0.720149
vt 0.002500 0.803535
vt 0.001070 0.892185
vt -0.002500 0.625797
vt 0.001466 0.540112
vt 0.002500 0.626133
vt 0.000963 0.712148
vt -0.024037 0.911069
vt -0.026646 1.062110
vt -0.035679 0.980350
vt -0.002500 0.446886
vt 0.001333 0.360075
vt 0.002500 0.442372
vt 0.001186 0.532110
vt -0.002500 0.266851
vt 0.000833 0.180037
vt 0.002500 0.271234
vt 0.001410 0.352073
vt -0.020586 -1.482962
vt -0.026916 -1.416384
vt -0.030431 -1.501930
vt -0.028198 -1.585479
vt -0.002500 0.082060
vt 0.001648 0.000000
vt 0.002500 0.094015
vt 0.001293 0.172036
vt -0.021455 -1.316436
vt -0.025979 -1.239336
vt -0.034938 -1.319131
vt -0.026946 -1.408515
vt -0.024520 -1.218619
vt -0.031432 -1.063488
vt -0.035679 -1.144226
vt -0.002500 -0.273263
vt 0.000942 -0.360075
vt 0.002500 -0.277777
vt 0.001228 -0.188039
vt -0.035741 -0.966922
vt -0.029785 -1.054419
vt -0.022380 -0.973545
vt -0.027554 -0.885556
vt -0.002500 -0.638089
vt 0.001718 -0.720149
vt 0.002500 -0.636763
vt 0.001070 -0.548114
vt -0.002500 -0.814501
vt 0.001466 -0.900186
vt 0.002500 -0.814165
vt 0.000963 -0.728151
vt -0.024037 -0.505315
vt -0.026646 -0.354274
vt -0.035679 -0.436034
vt -0.002500 -0.993412
vt 0.001333 -1.080224
vt 0.002500 -0.997927
vt 0.001186 -0.908188
vt -0.002500 -1.173448
vt 0.000833 -1.260261
vt 0.002500 -1.169065
vt 0.001410 -1.088225
vt 0.057735 -0.026249
vt -0.057735 -0.039270
vt 0.057735 -0.060385
vt 0.057735 0.130831
vt -0.057735 0.117810
vt 0.057735 0.096695
vt 0.057735 0.157080
vt -0.057735 0.157080
vt -0.057735 0.052360
vt 0.057735 0.017559
vt -0.057735 0.000000
vt -0.057735 -0.104720
vt 0.057735 -0.139521
vt -0.000000 0.104000
vt -0.098464 0.000000
vt -0.115470 0.104000
vt -0.112855 0.000000
vt -0.002822 0.000000
vt -0.115470 0.000000
vt 0.204589 0.141997
vt 0.259181 0.027361
vt 0.259181 0.154426
vt 0.133388 0.158297
vt 0.140559 0.360009
vt 0.071414 0.250003
vt 0.011802 0.330722
vt 0.000000 0.508946
vt 0.057986 0.468327
vt 0.052421 0.605438
vt 0.004426 0.698970
vt 0.004426 -0.723123
vt 0.057986 -0.646966
vt 0.014424 -0.571638
vt 0.071414 -0.493526
vt 0.011428 -0.412985
vt 0.000000 -0.234583
vt 0.057986 -0.275202
vt 0.052421 -0.138090
vt 0.004248 -0.007764
vt 0.204589 0.513762
vt 0.129382 0.558765
vt 0.259181 0.495406
vt 0.259181 0.742666
vt 0.222155 0.726331
vt 0.139834 0.718908
vt 0.155731 -0.721334
vt 0.133388 -0.585232
vt 0.204589 -0.599644
vt 0.259181 -0.715047
vt 0.259181 -0.589102
vt 0.140559 -0.383520
vt 0.204589 -0.229767
vt 0.129382 -0.184764
vt 0.259181 -0.248123
vt 0.139894 -0.002426
vt 0.014461 0.171959
vt 0.057986 0.096562
vt -0.143508 -0.056765
vt -0.276100 0.007899
vt -0.223981 -0.170699
vt -0.072714 -0.138925
vt -0.055284 -0.276535
vt 0.067525 -0.139221
vt 0.149109 -0.227959
vt 0.150895 -0.044004
vt 0.276100 -0.007899
vt 0.136854 0.072041
vt 0.224000 0.170679
vt 0.046962 0.149697
vt 0.055284 0.276535
vt -0.057454 0.145958
vt -0.149109 0.227959
vt -0.140931 0.069202
vt -0.010000 0.471239
vt -0.550000 0.448330
vt -0.010000 0.399234
vt -0.550000 0.305182
vt -0.010000 0.284208
vt -0.010000 0.203364
vt -0.550000 0.158910
vt -0.010000 0.092056
vt -0.550000 -0.003669
vt -0.010000 -0.054366
vt -0.550000 -0.166057
vt -0.010000 -0.186047
vt -0.010000 -0.285301
vt -0.550000 -0.312329
vt -0.010000 -0.412502
vt -0.550000 -0.438500
vt -0.035355 -0.373608
vt 0.035355 -0.345071
vt -0.035355 -0.254318
vt 0.035355 -0.148413
vt -0.035355 -0.132425
vt -0.035355 0.003058
vt 0.035355 0.047628
vt -0.035355 0.138381
vt 0.035355 0.244287
vt -0.035355 0.260274
vt -0.035355 0.365417
vt 0.035355 0.392699
vt 0.031249 0.077493
vt -0.088739 0.035510
vt 0.088739 -0.035510
vt -0.031249 -0.077493
vt 0.452829 0.111681
vt 0.498397 0.167271
vt 0.403989 0.340706
vt 0.206836 0.479630
vt 0.216832 0.415241
vt 0.070253 0.463148
vt -0.104673 0.511727
vt -0.229034 0.408638
vt -0.378426 0.360014
vt -0.349309 0.312130
vt -0.451472 0.117083
vt -0.516288 0.079129
vt -0.453797 -0.106901
vt -0.468888 -0.230129
vt -0.345130 -0.313702
vt -0.253196 -0.456848
vt -0.216832 -0.415241
vt -0.070253 -0.463148
vt 0.053519 -0.519576
vt 0.341174 -0.395511
vt 0.445476 -0.136740
vt -0.380000 -1.502671
vt -0.020000 1.565824
vt -0.020000 -1.446908
vt -0.020000 -1.282117
vt -0.020000 -1.057966
vt -0.020000 -0.728906
vt -0.380000 -0.505343
vt -0.020000 -0.400128
vt -0.380000 0.373229
vt -0.498397 0.167271
vt -0.508307 -0.117781
vt -0.341174 -0.395511
vt -0.053520 -0.519575
vt 0.253196 -0.456848
vt 0.284109 -0.369872
vt 0.450426 -0.098485
vt 0.516288 0.079129
vt 0.426157 0.194505
vt 0.250203 0.390052
vt 0.104673 0.511727
vt 0.070253 0.463148
vt -0.196808 0.420237
vt -0.206836 0.479630
vt -0.403989 0.340706
vt -0.426042 0.189799
vt 0.009921 -1.116260
vt 0.029249 -1.256610
vt 0.010222 -0.960241
vt 0.009748 -0.567249
vt 0.030274 -0.629812
vt 0.031522 -0.388528
vt -0.010646 0.895707
vt -0.027788 1.010493
vt -0.027634 0.689848
vt -0.009745 0.218898
vt -0.027454 0.369564
vt -0.028104 0.048160
vt -0.015498 -0.269039
vt -0.027718 -0.114203
vt -0.031212 -0.450344
vt -0.011838 -0.817260
vt -0.026717 -0.649655
vt -0.029483 -0.943992
vt 0.003280 -1.555088
vt 0.028798 -1.547841
vt 0.003281 -1.435333
vt 0.029231 -1.417228
vt 0.003281 -1.275838
vt 0.003280 -0.717602
vt 0.025704 -0.812552
vt 0.000325 -0.434727
vt 0.027295 -0.223879
vt 0.003281 -0.079615
vt 0.030081 0.013482
vt 0.003281 0.079877
vt 0.028945 0.283582
vt 0.003281 0.319124
vt 0.003281 0.478620
vt 0.027992 0.475112
vt 0.003280 0.638117
vt 0.028049 0.706071
vt 0.003281 0.797611
vt 0.028381 1.026786
vt 0.003281 1.036859
vt 0.003280 1.196355
vt 0.030815 1.325537
vt 0.003280 1.355852
vt 0.003280 1.515347
vt 0.029027 1.524728
vt -0.022560 -1.555088
vt -0.026942 -1.452291
vt -0.029950 -1.304406
vt -0.029837 0.515529
vt -0.027925 1.170564
vt -0.028115 1.330434
vt -0.024490 1.506943
vt -0.030299 -1.136208
vt -0.058760 1.255429
vt -0.058760 0.956838
vt -0.058760 0.644894
vt 0.000000 0.281402
vt -0.058760 0.034616
vt 0.000000 0.042211
vt 0.000000 -0.138590
vt 0.000000 -0.346754
vt -0.058760 -0.356523
vt -0.058760 -0.641719
vt -0.058760 -0.822756
vt -0.058760 -1.133585
vt -0.058760 -1.289006
vt -0.058760 -1.444489
vt 0.088435 -1.570796
vt 0.088080 -1.423406
vt 0.027550 -1.570796
vt 0.020653 1.492790
vt -0.070346 1.570796
vt -0.069379 1.402302
vt 0.036330 -1.376692
vt 0.052513 -1.150285
vt 0.054760 -0.835696
vt 0.088435 -0.628343
vt 0.029301 -0.628546
vt 0.029376 -0.431450
vt 0.088435 -0.299367
vt 0.029543 -0.274304
vt 0.020653 -0.078007
vt 0.088435 -0.044908
vt 0.088080 0.147390
vt 0.036330 0.194105
vt -0.088435 0.299364
vt -0.029454 0.352885
vt -0.029313 0.510006
vt -0.088435 0.628348
vt -0.029268 0.707358
vt -0.043951 0.980371
vt -0.072928 1.207033
vt -0.029646 0.195712
vt 0.052512 0.420511
vt 0.053396 0.577914
vt 0.054760 0.735100
vt 0.029301 0.942250
vt 0.088435 0.942453
vt 0.029376 1.139346
vt 0.029543 1.296492
vt 0.088435 1.271429
vt 0.088435 1.525888
vt -0.070662 0.042690
vt -0.043951 -0.590425
vt -0.072928 -0.363763
vt -0.029268 -0.863438
vt -0.029313 -1.060791
vt -0.029454 -1.217911
vt -0.029646 -1.375084
vt -0.070662 -1.528106
vt 0.053396 -0.992882
vt -0.069379 -0.168495
vt 0.000000 -1.365551
vt -0.058760 -1.337955
vt 0.000000 -1.476549
vt 0.000000 1.444486
vt 0.000000 1.209544
vt -0.058760 1.195143
vt 0.000000 0.997708
vt -0.058760 0.885906
vt 0.000000 0.668380
vt -0.058760 0.656425
vt -0.058760 0.501591
vt 0.000000 0.434228
vt -0.058760 0.346756
vt -0.058760 0.138593
vt 0.000000 0.045287
vt 0.000000 -0.294882
vt -0.058760 -0.281405
vt 0.000000 -0.498218
vt -0.058760 -0.590643
vt 0.000000 -0.755482
vt -0.058760 -0.820124
vt 0.000000 -0.964475
vt -0.058760 -0.974958
vt 0.000000 -1.119896
vt 0.028650 1.453054
vt 0.003280 1.555088
vt -0.008775 1.438995
vt -0.022560 1.555088
vt 0.001695 -0.593917
vt 0.028743 -0.719911
vt 0.039270 -0.539161
vt 0.011885 -0.458835
vt 0.025956 -0.328888
vt 0.039270 -0.141202
vt 0.015479 -0.129678
vt 0.031899 0.093324
vt -0.021164 -0.168620
vt -0.028534 0.055326
vt -0.032514 -0.289324
vt -0.013072 -1.276563
vt -0.029092 -1.130390
vt -0.030630 -1.385560
vt -0.013490 -1.458025
vt -0.039270 -1.555088
vt 0.005119 -1.512240
vt 0.025936 -1.555088
vt 0.033824 -1.434705
vt 0.003281 -0.956846
vt 0.027235 -1.093806
vt 0.029741 -0.892088
vt -0.000000 0.159501
vt 0.030148 0.273189
vt 0.003281 0.319124
vt 0.027458 0.463463
vt -0.000000 0.478489
vt 0.026904 0.630826
vt 0.003280 1.276100
vt 0.027020 1.112192
vt 0.029028 1.274048
vt 0.029848 -1.241288
vt -0.003281 -1.116607
vt -0.001778 -0.801212
vt -0.003281 -0.319128
vt -0.003282 -0.000132
vt -0.003280 0.637854
vt -0.003282 0.797348
vt 0.026885 0.791364
vt -0.003819 0.951229
vt 0.026883 0.951868
vt -0.005118 1.113497
vt -0.023899 -0.960139
vt -0.028113 -0.754597
vt -0.025815 -0.503940
vt -0.025215 0.288628
vt -0.025773 0.484822
vt -0.025250 0.993591
vt -0.027456 1.259036
vt -0.033662 0.709843
vt -0.001820 -1.601529
vt -0.003189 -1.190167
vt -0.003537 -1.458486
vt -0.014142 0.113680
vt 0.001111 -0.102462
vt 0.014142 0.246387
vt -0.014142 0.437522
vt 0.014142 0.903684
vt -0.014142 1.085281
vt 0.002615 1.272314
vt -0.199558 -0.075233
vt 0.064406 -0.205714
vt 0.184534 -0.111404
vt 0.212030 0.038813
vt 0.133102 0.169554
vt -0.012653 0.215194
vt -0.152089 0.152788
vt -0.212133 0.054978
vt 0.000000 0.358442
vt 0.000000 0.226469
vt 0.000000 0.094500
vt 0.000000 -0.037505
vt 0.000000 -0.169544
vt 0.000000 -0.301589
vt 0.000000 -0.453712
vt 0.000000 -0.609006
vt 0.000000 -0.740978
vt 0.363610 0.879646
vt 0.307993 0.858088
vt 0.356730 -0.485089
vt 0.392699 -0.497912
vt 0.392699 -0.398218
vt -0.304493 -0.755597
vt -0.304494 -0.618906
vt -0.360688 -0.678899
vt 0.392699 -0.665250
vt 0.314247 -0.610416
vt 0.304572 -0.454092
vt -0.364081 -0.499563
vt -0.392699 -0.564301
vt 0.392699 -0.279634
vt 0.392699 -0.199168
vt 0.357733 -0.155300
vt 0.304534 -0.037944
vt 0.363620 -0.000806
vt -0.392699 -0.008990
vt -0.392699 -0.126865
vt -0.348998 -0.015981
vt -0.305763 -0.361020
vt -0.304535 -0.226602
vt -0.370440 -0.287871
vt -0.356822 -0.173575
vt -0.311724 0.050684
vt -0.348992 0.232986
vt -0.392699 0.205542
vt 0.304535 0.226600
vt 0.373031 0.231588
vt 0.304535 0.358854
vt -0.378132 0.348763
vt -0.309172 0.298051
vt -0.348261 0.439851
vt -0.304572 0.454097
vt 0.373275 0.355440
vt 0.304518 0.623360
vt 0.358098 0.693430
vt 0.304645 0.755232
vt 0.392699 0.796656
vt -0.304553 0.607003
vt -0.348991 0.564931
vt -0.392699 0.547515
vt -0.360474 0.727790
vt 0.365596 0.558713
vt 0.392699 0.663883
vt 0.368506 0.431512
vt 0.304530 0.491108
vt 0.358967 0.118458
vt -0.392699 0.099583
vt 0.304531 0.094346
vt 0.349239 -0.331443
vt -0.378128 -0.398126
vt 0.304586 -0.302589
vt 0.304527 -0.739264
vt 0.306842 -0.862009
vt 0.363101 -0.796541
vt -0.392699 0.431525
vt -0.304532 -0.094347
vt -0.304530 -0.491112
vt -0.392699 -0.803037
vt -0.362222 -0.840369
vt -0.304527 0.739266
vt -0.307343 0.834909
vt -0.375977 0.866300
vt -0.118760 0.740980
vt -0.118760 0.609006
vt -0.118760 0.453717
vt -0.118760 0.286622
vt -0.118760 0.169544
vt -0.118760 0.037502
vt -0.118760 -0.094500
vt -0.118760 -0.226471
vt -0.118760 -0.361226
vt -0.118760 -0.490418
vt -0.118760 -0.617942
vt -0.118760 -0.754360
vt -0.118760 -0.859571
vt -0.212030 0.038813
vt -0.133102 0.169554
vt 0.012653 0.215194
vt 0.172237 0.119967
vt 0.199558 -0.075233
vt 0.088080 -0.196758
vt -0.064406 -0.205714
vt -0.184534 -0.111404
vt -0.380000 0.569354
vt -0.380000 0.421927
vt -0.380000 0.274488
vt -0.380000 0.127038
vt -0.380000 0.016448
vt -0.380000 -0.097435
vt -0.020000 -0.383387
vt 0.011690 -0.659734
vt 0.014142 -0.531937
vt -0.014142 -0.557429
vt -0.002055 -0.376759
vt -0.014142 0.526345
vt -0.002671 0.390467
vt 0.011690 0.589119
vt 0.151726 -0.322974
vt 0.151809 -0.015159
vt 0.157082 0.380065
vt 0.119782 0.331220
vt 0.174061 0.161422
vt 0.105889 -0.111275
vt 0.093497 -0.238041
vt 0.102924 0.143423
vt 0.078691 0.010725
vt 0.071402 -0.347255
vt 0.105125 -0.392699
vt 0.074679 0.263744
vt 0.041800 -0.162522
vt 0.033846 -0.055715
vt 0.050232 0.392699
vt 0.044559 0.345698
vt 0.038786 0.199032
vt 0.034791 0.102328
vt -0.018033 0.005222
vt 0.012805 -0.292110
vt 0.002830 0.283475
vt -0.034988 -0.135141
vt -0.036331 -0.242166
vt -0.033322 -0.383350
vt -0.036470 0.370651
vt -0.009545 0.154112
vt -0.067312 -0.070479
vt -0.050230 0.246778
vt -0.049458 0.074394
vt -0.084140 -0.321788
vt -0.071634 0.165280
vt -0.108384 0.326716
vt -0.110445 0.006826
vt -0.119758 -0.205132
vt -0.111408 -0.387927
vt -0.136121 0.138072
vt -0.158873 -0.112107
vt -0.178669 -0.305259
vt -0.175643 0.277516
vt -0.138423 -0.159472
vt -0.165758 -0.350344
vt 0.147663 0.217245
vt 0.156751 0.372924
vt 0.154540 -0.032652
vt 0.121844 -0.234631
vt 0.151947 -0.362703
vt 0.111712 0.115917
vt 0.118423 -0.134806
vt 0.105859 -0.350185
vt 0.096402 0.309228
vt 0.092202 0.388360
vt 0.060244 -0.047955
vt 0.054811 -0.125285
vt 0.055860 -0.191812
vt 0.058837 0.233541
vt 0.064610 0.046460
vt 0.049091 -0.283902
vt 0.019556 0.377094
vt 0.035802 0.143749
vt 0.027244 -0.382415
vt 0.012337 0.310251
vt 0.003544 -0.003269
vt -0.023328 -0.087231
vt 0.000000 -0.175727
vt -0.010144 -0.287864
vt -0.034841 0.222919
vt -0.023389 0.079715
vt -0.030985 -0.372608
vt -0.060299 0.149782
vt -0.058632 -0.020838
vt -0.069054 -0.131682
vt -0.069162 -0.227218
vt -0.045738 0.373859
vt -0.058987 0.286702
vt -0.093445 -0.325079
vt -0.109298 -0.386461
vt -0.095818 0.045507
vt -0.103621 0.367767
vt -0.119101 0.218895
vt -0.159854 0.099272
vt -0.156957 0.347856
vt 0.148627 -0.084687
vt 0.196350 -0.020668
vt 0.163603 0.136181
vt 0.186765 0.354256
vt 0.123218 0.300006
vt 0.105988 0.002887
vt 0.158839 -0.247712
vt 0.120276 -0.326127
vt 0.155013 -0.381488
vt 0.115624 0.150709
vt 0.086269 -0.127602
vt 0.084284 -0.221399
vt 0.072668 0.383550
vt 0.048963 -0.309315
vt 0.042911 0.312812
vt 0.062801 0.184269
vt 0.068294 0.051905
vt 0.019988 -0.060401
vt 0.038392 -0.178347
vt 0.074142 -0.384393
vt 0.003426 0.103198
vt -0.015648 -0.135370
vt -0.011341 -0.223017
vt -0.000915 0.217786
vt -0.024880 0.041451
vt 0.000000 -0.385839
vt -0.014830 0.362475
vt -0.036183 -0.018523
vt -0.038390 -0.316060
vt -0.073994 -0.226525
vt -0.083726 -0.388913
vt -0.070074 0.273782
vt -0.061530 0.174950
vt -0.096093 -0.108939
vt -0.080131 0.365682
vt -0.103390 0.103140
vt -0.122223 -0.008804
vt -0.120709 -0.288322
vt -0.133058 0.238949
vt -0.158783 -0.366859
vt -0.169927 0.013215
vt -0.155290 0.373574
vt -0.151956 0.184466
vt -0.144281 -0.017298
vt 0.171664 -0.031141
vt 0.146402 0.047329
vt 0.122605 -0.130931
vt 0.144571 0.383107
vt 0.123620 0.273209
vt 0.125303 -0.316276
vt 0.104040 0.156793
vt 0.075935 -0.036343
vt 0.074094 0.350391
vt 0.071492 0.043634
vt 0.065242 -0.205874
vt 0.059664 -0.339375
vt 0.096962 -0.385383
vt 0.045832 -0.107396
vt 0.042174 -0.278869
vt 0.049275 0.186759
vt 0.011180 -0.392699
vt 0.017765 0.248236
vt 0.029647 0.099421
vt -0.001869 -0.162952
vt -0.012336 -0.000259
vt -0.045556 -0.066372
vt -0.026622 -0.274515
vt -0.032777 -0.356156
vt 0.005322 0.355558
vt -0.028091 0.169028
vt -0.041830 0.261238
vt -0.037134 0.093844
vt -0.072786 -0.213990
vt -0.081203 -0.124558
vt -0.064628 0.392699
vt -0.090711 0.316971
vt -0.093337 0.046654
vt -0.097249 0.187974
vt -0.112861 -0.329394
vt -0.103915 0.392699
vt -0.144314 -0.178613
vt -0.170683 0.338888
vt -0.164362 -0.327179
vt 0.132684 -0.211093
vt 0.138311 -0.050027
vt -0.141493 0.285660
vt -0.153407 0.038362
vt 0.183942 -0.362307
vt 0.117816 -0.381640
vt 0.163690 0.224254
vt 0.122584 0.375351
vt 0.106311 0.273137
vt 0.105320 0.048518
vt 0.078341 -0.322677
vt 0.093345 0.168663
vt 0.054752 -0.071965
vt 0.035830 -0.144224
vt 0.025228 -0.003048
vt 0.031319 -0.246504
vt 0.050966 -0.384583
vt 0.050776 0.387584
vt 0.046256 0.305092
vt 0.033267 0.138652
vt 0.023330 0.231910
vt 0.020422 0.061882
vt -0.001277 -0.331682
vt -0.006877 0.359657
vt -0.031406 -0.181005
vt -0.001401 -0.390731
vt -0.041650 0.186411
vt -0.036782 -0.082796
vt -0.057396 0.286393
vt -0.051239 0.102944
vt -0.041240 0.020573
vt -0.058996 -0.287423
vt -0.082643 -0.370016
vt -0.098267 0.014163
vt -0.110678 -0.117751
vt -0.100863 -0.237535
vt -0.077985 0.383747
vt -0.115400 0.165484
vt -0.163768 -0.312392
vt -0.170702 0.367202
vt 0.185649 0.300879
vt 0.144387 0.377948
vt 0.136312 0.257003
vt 0.153817 0.082951
vt 0.100526 -0.018684
vt 0.157790 -0.214584
vt 0.062502 -0.131171
vt 0.075230 -0.245319
vt 0.139387 -0.337356
vt 0.077166 0.392699
vt 0.062467 0.346211
vt 0.071204 0.284190
vt 0.077984 0.188575
vt 0.079595 0.088984
vt 0.073126 -0.363227
vt 0.041327 -0.058412
vt 0.004482 -0.180675
vt 0.023331 -0.305467
vt 0.030984 0.145257
vt 0.030839 0.036286
vt -0.017342 -0.360959
vt -0.003201 0.212466
vt -0.013168 0.075353
vt -0.018106 -0.016448
vt -0.040579 -0.241243
vt 0.000000 -0.392699
vt -0.021393 0.361205
vt -0.016527 0.290832
vt -0.045831 -0.099288
vt -0.054204 0.137966
vt -0.063162 -0.309151
vt -0.076211 -0.164459
vt -0.078743 0.290317
vt -0.083895 0.200995
vt -0.103507 0.086821
vt -0.106740 -0.009555
vt -0.121347 -0.364387
vt -0.038265 0.392699
vt -0.127080 0.377586
vt -0.119170 -0.106365
vt -0.147427 -0.213951
vt -0.136556 0.266009
vt -0.171479 0.182102
vt -0.187658 -0.365117
vt -0.148848 -0.093996
vt -0.137273 -0.320584
vt 0.167907 -0.149357
vt 0.136705 -0.160952
vt 0.110448 -0.282849
vt 0.136786 -0.392699
vt 0.167523 0.119045
vt 0.125773 0.344280
vt 0.131082 0.204953
vt 0.099046 -0.032302
vt 0.099586 0.057561
vt 0.071273 -0.133604
vt 0.066621 -0.376531
vt 0.089532 0.265435
vt 0.086148 0.151891
vt 0.044258 -0.184635
vt 0.073263 0.381847
vt 0.022358 -0.045137
vt -0.008547 -0.213149
vt 0.019684 -0.291668
vt 0.023499 -0.359122
vt 0.015190 0.328973
vt 0.020441 0.258298
vt 0.026002 0.196491
vt 0.023099 0.127447
vt 0.020398 0.031099
vt -0.025375 -0.112450
vt -0.022156 0.065213
vt -0.044213 0.383902
vt -0.048583 -0.032532
vt -0.074452 -0.270837
vt -0.045404 -0.372201
vt -0.060920 0.307152
vt -0.075214 0.202146
vt -0.055043 0.121203
vt -0.084079 -0.144669
vt -0.100673 0.001771
vt -0.107214 0.387710
vt -0.127500 0.112756
vt -0.152429 0.262636
vt -0.229472 -0.276084
vt -0.332388 0.187058
vt -0.378732 -0.085620
vt -0.285866 -0.169289
vt -0.287252 -0.269528
vt -0.270507 -0.228035
vt -0.234299 -0.275556
vt -0.095482 -0.377991
vt -0.205673 -0.259680
vt -0.170439 -0.289019
vt -0.060162 -0.354584
vt 0.125552 -0.367813
vt -0.003343 -0.327651
vt 0.351947 -0.132921
vt 0.354153 0.159899
vt 0.171709 0.348878
vt -0.059856 0.384034
vt -0.006772 -0.344352
vt -0.279626 -0.173775
vt -0.021879 1.392063
vt 0.021879 1.211078
vt -0.021879 1.182899
vt 0.021879 0.892112
vt -0.021879 1.024152
vt -0.021879 0.695837
vt 0.021879 0.574109
vt -0.021879 -1.350934
vt 0.021879 -1.212069
vt -0.021879 -1.276906
vt -0.021879 -1.047526
vt -0.021879 -0.911329
vt -0.021879 -0.731259
vt 0.021879 -0.569730
vt -0.021879 -0.510403
vt -0.021879 -0.340604
vt 0.021879 -0.356178
vt 0.021879 -0.112424
vt -0.021879 -0.008332
vt 0.021879 0.242297
vt -0.021879 0.204828
vt -0.021879 0.505407
vt -0.351273 0.162745
vt -0.328922 -0.170122
vt -0.125801 -0.371707
vt -0.000002 -0.392414
vt 0.182842 -0.341299
vt 0.352833 -0.159295
vt 0.388910 0.033730
vt 0.282674 0.264554
vt 0.125800 0.371707
vt -0.059623 0.382600
vt -0.238527 0.311614
vt -0.000771 -1.501756
vt 0.024511 -1.530803
vt 0.024780 -1.344710
vt 0.048869 -1.346347
vt 0.041562 -1.346337
vt 0.048638 -1.436815
vt 0.048226 -1.530134
vt 0.018456 1.538600
vt 0.003797 1.433391
vt 0.028540 1.351225
vt 0.048869 1.345884
vt 0.048228 1.225845
vt 0.026593 1.164830
vt 0.012115 1.069625
vt 0.028465 0.967438
vt 0.048868 -1.277828
vt 0.030727 -1.337737
vt 0.048045 -1.154012
vt 0.025827 -1.152917
vt 0.048407 -1.050379
vt 0.041647 -0.961677
vt 0.027023 -0.956362
vt 0.048533 -0.849098
vt 0.048106 -0.769340
vt 0.028726 -0.764674
vt 0.011463 -0.825982
vt 0.007718 -0.672148
vt 0.048674 -0.667416
vt 0.037041 -0.577051
vt 0.028465 -0.571245
vt 0.048869 -0.466290
vt 0.045162 -0.384671
vt 0.026593 -0.373852
vt 0.012115 -0.469057
vt -0.011387 -0.003315
vt 0.002686 -0.157530
vt 0.026407 0.007798
vt 0.003560 0.220185
vt -0.028068 0.230444
vt 0.048228 -0.312837
vt 0.048869 -0.192798
vt 0.027749 -0.187706
vt -0.012991 0.529283
vt -0.003955 0.649977
vt -0.030841 0.766838
vt 0.048353 -0.107176
vt 0.035130 0.194912
vt 0.048226 0.008548
vt 0.048638 0.101867
vt 0.048869 0.192335
vt 0.048868 0.260855
vt 0.036901 0.384655
vt 0.048407 0.488304
vt 0.041647 0.577006
vt 0.027023 0.582320
vt 0.048533 0.689585
vt 0.048106 0.769342
vt 0.028726 0.774008
vt 0.011463 0.712701
vt 0.007718 0.866535
vt 0.048674 0.871266
vt 0.037041 0.961632
vt 0.045162 1.154012
vt 0.048869 1.072392
vt 0.048652 1.458135
vt -0.003955 -0.888706
vt 0.011246 -1.071589
vt -0.000607 -1.209095
vt -0.012842 -1.030929
vt -0.016040 -0.577642
vt -0.029902 -0.755756
vt -0.006357 -1.362055
vt -0.030666 -1.195515
vt -0.028308 -1.466688
vt -0.005230 1.538682
vt -0.032699 1.522464
vt -0.016821 1.230685
vt 0.044191 -1.145447
vt -0.013556 -0.357145
vt -0.022818 -0.188567
vt -0.030834 0.032955
vt 0.047647 -0.376118
vt 0.020701 0.403992
vt -0.010069 0.368206
vt -0.011365 0.957312
vt -0.020687 1.047719
vt 0.044191 0.393236
vt -0.003119 1.346679
vt 0.047647 1.162564
vt 0.046820 1.538717
vt -0.472894 0.183823
vt -0.453817 0.178307
vt -0.477492 0.188646
vt 0.455512 0.175851
vt 0.476151 0.183894
vt 0.475450 0.188922
vt 0.452383 0.178084
vt -0.451990 0.177167
vt -0.478025 0.188568
vt 0.453683 0.175324
vt 0.473994 0.183683
vt 0.473695 0.188637
vt -0.459134 0.185072
vt -0.476834 0.186072
vt -0.455829 0.175141
vt -0.453004 0.177936
vt -0.477803 0.188604
vt -0.452324 0.179203
vt -0.478162 0.188582
vt 0.473594 0.188374
vt 0.454795 0.176554
vt 0.473339 0.184319
vt -0.476949 0.188725
vt 0.474164 0.188623
vt 0.473339 0.184319
vt 0.021141 0.108255
vt -0.021141 0.175876
vt -0.021141 -0.115461
vt 0.021141 -0.169703
vt -0.021141 -0.320699
vt 0.021141 -0.421865
vt -0.021141 -0.571385
vt 0.021141 -0.672636
vt -0.021141 -0.816923
vt 0.021141 -0.842095
vt 0.021141 -1.014420
vt -0.021141 -1.064492
vt 0.021141 -1.320109
vt -0.021141 -1.309864
vt 0.021141 1.320867
vt -0.021141 1.207679
vt 0.021141 1.177688
vt 0.021141 1.025038
vt -0.021141 0.925649
vt -0.021141 0.674918
vt 0.021141 0.705477
vt 0.021141 0.583790
vt -0.021141 0.461825
vt 0.021141 0.351179
vt 0.035411 1.432663
vt 0.002534 1.554216
vt 0.000137 1.406399
vt -0.028968 1.553413
vt -0.058030 1.554216
vt -0.057791 1.457973
vt -0.041143 1.365000
vt -0.061087 1.359939
vt -0.058623 1.264447
vt -0.035849 1.170485
vt -0.030242 0.977484
vt -0.011453 1.185385
vt 0.018758 0.777946
vt -0.009308 0.685903
vt 0.028333 0.679670
vt -0.008188 0.518072
vt 0.038733 0.496713
vt 0.012004 0.372954
vt -0.057831 1.165662
vt -0.056545 1.072869
vt -0.046432 0.980019
vt -0.007350 0.900322
vt -0.034624 0.782613
vt -0.061087 0.786088
vt -0.058847 0.971041
vt -0.051489 0.776256
vt -0.060089 0.591691
vt -0.035769 0.587196
vt -0.059451 0.582828
vt -0.061087 0.492601
vt -0.058890 0.397189
vt -0.036972 0.391747
vt -0.013424 0.406479
vt -0.061087 0.388554
vt -0.057995 0.296303
vt -0.061087 0.202912
vt -0.036838 0.198379
vt -0.008184 0.101559
vt -0.031353 0.002308
vt -0.011631 -0.097770
vt 0.008300 -0.248383
vt -0.011453 -0.368831
vt 0.033000 -0.397932
vt 0.031221 -0.561520
vt 0.013743 -0.758635
vt 0.034387 -0.848697
vt -0.059416 0.110284
vt -0.059773 0.194277
vt -0.056776 0.008635
vt -0.033260 -0.192891
vt 0.005843 -0.554882
vt -0.058099 -0.001402
vt -0.046041 -0.184172
vt -0.058623 -0.289769
vt -0.035849 -0.383730
vt -0.030905 -0.578836
vt -0.009308 -0.868312
vt 0.003526 -1.049840
vt -0.057831 -0.388554
vt -0.056545 -0.481347
vt -0.046432 -0.574196
vt -0.010334 -0.668574
vt -0.034624 -0.771603
vt -0.061087 -0.768127
vt -0.058847 -0.583175
vt -0.051489 -0.777960
vt -0.061087 -0.838989
vt -0.060089 -0.962524
vt -0.035291 -0.967511
vt -0.059451 -0.971388
vt -0.061087 -1.061615
vt -0.058890 -1.157027
vt -0.032568 -1.161412
vt -0.001472 -1.186517
vt -0.057995 -1.257913
vt -0.061087 -1.351304
vt -0.038018 -1.355293
vt -0.002117 -1.401374
vt -0.027865 -1.554216
vt 0.004011 -1.521194
vt -0.059416 -1.443932
vt -0.059773 -1.359939
vt -0.032269 -1.545360
vt -0.060090 -1.545581
vt 0.035403 -1.554216
vt 0.037671 -1.367878
vt -0.015090 -1.294092
vt -0.054042 -1.165965
vt 0.037946 -1.113132
vt 0.022174 -0.124173
vt -0.015090 0.260124
vt 0.029972 0.084447
vt 0.016585 0.204006
vt 0.024038 0.994452
vt 0.021944 1.175670
vt 0.011915 -0.086382
vt 0.011857 -0.164429
vt 0.019763 -0.000484
vt 0.002500 -1.357688
vt 0.002064 -1.268263
vt 0.001175 -1.440298
vt -0.023356 0.176982
vt -0.035921 0.095361
vt -0.032277 0.007999
vt -0.019936 0.084651
vt -0.002500 1.162284
vt 0.001005 1.080224
vt 0.002500 1.163563
vt 0.001695 1.252259
vt -0.002500 0.982249
vt 0.001563 0.900186
vt 0.002500 0.987524
vt 0.002024 1.072222
vt -0.031696 0.627078
vt -0.018058 0.708192
vt -0.029364 0.708192
vt -0.002500 0.802209
vt 0.002036 0.720149
vt 0.002500 0.829928
vt 0.002078 0.892185
vt -0.035111 0.884322
vt -0.035921 0.803553
vt -0.026960 0.716505
vt -0.023153 0.884949
vt -0.021491 0.990083
vt -0.028965 1.062288
vt -0.033557 0.978413
vt -0.029550 0.893146
vt -0.002500 0.442135
vt 0.001589 0.360075
vt 0.002500 0.443414
vt 0.001695 0.532110
vt -0.002500 0.262100
vt 0.002019 0.180037
vt 0.002500 0.267375
vt 0.000764 0.352073
vt -0.033558 -1.500258
vt -0.033451 -1.585563
vt -0.021155 -1.511555
vt -0.026254 -1.416520
vt -0.023356 -1.239402
vt -0.035921 -1.321023
vt -0.026824 -1.408449
vt -0.019936 -1.331733
vt -0.002500 -0.278014
vt 0.001343 -0.360075
vt 0.002500 -0.276735
vt 0.001695 -0.188039
vt -0.002500 -0.458050
vt 0.001563 -0.540112
vt 0.002500 -0.452775
vt 0.002024 -0.368076
vt -0.031696 -0.789306
vt -0.018058 -0.708192
vt -0.029364 -0.708192
vt -0.002500 -0.638089
vt 0.002036 -0.720149
vt 0.002500 -0.610371
vt 0.002078 -0.548114
vt -0.035111 -0.532062
vt -0.035921 -0.612831
vt -0.026960 -0.699879
vt -0.023153 -0.531435
vt -0.021491 -0.426300
vt -0.028965 -0.354096
vt -0.033557 -0.437970
vt -0.029550 -0.523238
vt -0.002500 -0.998164
vt 0.001589 -1.080224
vt 0.002500 -0.996885
vt 0.001695 -0.908188
vt -0.002500 -1.178199
vt 0.002019 -1.260261
vt 0.002500 -1.172924
vt 0.000764 -1.088225
vt -0.227358 -0.277907
vt -0.332388 0.187059
vt -0.378732 -0.085622
vt -0.280755 -0.056028
vt -0.305996 -0.177597
vt -0.285866 -0.169289
vt -0.287252 -0.269528
vt -0.095479 -0.377992
vt -0.172051 -0.307254
vt -0.210103 -0.255544
vt -0.086264 -0.268070
vt -0.120822 -0.338750
vt -0.060159 -0.354583
vt 0.125556 -0.367812
vt -0.003343 -0.327651
vt 0.351948 -0.132918
vt 0.223095 -0.183087
vt 0.280755 -0.056028
vt 0.280755 0.056028
vt 0.354154 0.159895
vt 0.249636 0.133431
vt 0.171705 0.348880
vt -0.059851 0.384033
vt -0.223095 0.183087
vt -0.280755 0.056028
vt -0.006772 -0.344352
vt -0.245202 -0.219691
vt -0.252126 -0.216358
vt -0.021879 1.265779
vt 0.021879 1.211075
vt -0.021879 1.048359
vt -0.021879 0.831562
vt 0.021879 0.574109
vt -0.021879 0.564140
vt -0.021879 -1.219307
vt 0.021879 -1.212072
vt 0.021879 -0.859159
vt -0.021879 -0.863597
vt 0.021879 -0.569731
vt -0.021879 -0.643062
vt -0.021879 -0.486052
vt 0.021879 -0.356181
vt -0.021879 -0.305901
vt 0.021879 -0.112426
vt -0.021879 -0.071881
vt -0.021879 0.224386
vt 0.021879 0.242299
vt -0.021879 0.374781
vt -0.351276 0.162741
vt -0.328921 -0.170125
vt -0.223095 -0.183087
vt -0.125803 -0.371706
vt 0.000002 -0.392414
vt 0.182842 -0.341298
vt 0.249636 -0.133431
vt 0.352835 -0.159291
vt 0.388910 0.033732
vt 0.282673 0.264556
vt 0.223095 0.183087
vt 0.125803 0.371706
vt -0.059623 0.382600
vt -0.093146 0.267419
vt -0.238529 0.311612
vt 0.003922 -1.421866
vt 0.023362 -1.534219
vt 0.025740 -1.342487
vt 0.048631 -1.436060
vt 0.048342 -1.346347
vt 0.037396 -1.530134
vt 0.048869 -1.530134
vt 0.026319 1.538840
vt 0.010682 1.428634
vt 0.025914 1.351568
vt 0.048455 -1.251149
vt 0.048151 -1.154012
vt 0.025529 -1.148731
vt 0.008198 -1.135504
vt 0.012951 -0.943145
vt -0.014747 -1.333494
vt -0.030248 -1.538682
vt -0.005044 -1.517891
vt 0.048578 -1.144937
vt 0.048869 -1.022939
vt 0.036814 -0.961677
vt 0.025098 -0.953781
vt 0.048316 -0.953128
vt 0.048200 -0.855337
vt 0.048092 -0.769341
vt 0.028575 -0.764677
vt 0.007872 -0.765990
vt 0.048390 -0.662782
vt 0.037041 -0.577051
vt 0.012701 -0.439666
vt 0.026757 -0.572045
vt 0.025115 -0.377248
vt 0.049791 -0.510713
vt 0.048869 -0.385187
vt 0.037100 -0.384671
vt 0.024526 -0.191495
vt -0.000156 -0.288272
vt -0.011387 -0.003318
vt 0.001556 -0.147507
vt 0.027586 0.005573
vt 0.000967 0.188402
vt -0.025792 0.157971
vt 0.025740 0.196195
vt -0.012576 0.327121
vt 0.006968 0.332039
vt -0.013692 0.518759
vt 0.001569 0.697602
vt -0.032229 0.619583
vt 0.048494 -0.098430
vt 0.037396 0.008548
vt 0.048631 0.102623
vt 0.048869 0.008548
vt 0.048342 0.192335
vt 0.048455 0.287534
vt 0.048151 0.384671
vt 0.025529 0.389952
vt -0.013765 1.166557
vt -0.000607 1.282105
vt -0.015921 1.387793
vt 0.048578 0.393746
vt 0.048869 0.515744
vt 0.036814 0.577006
vt 0.025069 0.584702
vt 0.048316 0.585554
vt 0.048200 0.683346
vt 0.029314 0.775017
vt 0.048092 0.769341
vt 0.011229 0.508320
vt 0.048390 0.875901
vt 0.037041 0.961632
vt 0.012701 1.099016
vt 0.026757 0.966638
vt 0.025126 1.161887
vt 0.049791 1.027969
vt 0.037100 1.154012
vt 0.048869 1.153496
vt 0.048104 1.355080
vt 0.048869 1.477420
vt -0.027709 -0.161602
vt -0.009937 -0.480045
vt 0.006333 -0.616075
vt -0.017680 -0.720652
vt -0.030284 -0.611285
vt -0.011498 -0.882440
vt -0.018188 -1.047558
vt 0.007947 -1.279359
vt -0.014873 -1.207062
vt -0.008310 1.520605
vt 0.048323 -1.337798
vt 0.048634 -0.376121
vt 0.048608 -0.274255
vt 0.042904 -0.192330
vt 0.047534 -0.183778
vt 0.048323 0.200885
vt -0.021315 0.870688
vt -0.010019 1.058921
vt 0.006335 0.888579
vt 0.048634 1.162561
vt 0.048608 1.264427
vt 0.042904 1.346352
vt -0.470931 0.183838
vt -0.453806 0.176484
vt -0.477491 0.188646
vt 0.463914 0.185921
vt 0.462066 0.188163
vt 0.454115 0.175990
vt 0.476729 0.186258
vt -0.477632 0.188630
vt -0.475274 0.184018
vt -0.455644 0.176772
vt 0.455238 0.175435
vt 0.476229 0.183843
vt 0.474890 0.189000
vt 0.464463 0.188913
vt 0.454491 0.175781
vt 0.477219 0.185942
vt 0.473845 0.188380
vt 0.453772 0.176371
vt 0.476086 0.183907
vt 0.463914 0.185921
vt 0.476729 0.186258
vt -0.475274 0.184018
vt 0.453772 0.176371
vt 0.476086 0.183907
vt 0.021141 0.027391
vt -0.021141 0.175876
vt -0.021141 -0.115462
vt 0.021141 -0.271259
vt -0.021141 -0.320700
vt 0.021141 -0.424859
vt -0.021141 -0.571387
vt 0.021141 -0.588363
vt 0.021141 -0.708390
vt -0.021141 -0.816925
vt 0.021141 -0.893377
vt 0.021141 -1.106199
vt 0.021141 -1.300500
vt 0.021141 1.317598
vt -0.021141 1.207680
vt 0.021141 1.009085
vt -0.021141 0.925649
vt 0.021141 0.778973
vt -0.021141 0.674920
vt 0.021141 0.639611
vt 0.021141 0.472207
vt -0.021141 0.461824
vt -0.017383 1.413298
vt 0.004629 1.484058
vt -0.029640 1.553656
vt -0.047021 1.554216
vt -0.057792 1.457973
vt -0.061087 1.554216
vt -0.033398 1.362890
vt -0.060847 1.267781
vt -0.040147 1.168402
vt 0.022809 0.680874
vt 0.001347 0.491990
vt 0.037343 0.440931
vt 0.010929 0.357970
vt -0.033547 0.976446
vt -0.007029 1.072168
vt -0.045666 0.971323
vt -0.001344 0.802146
vt -0.035023 0.780660
vt -0.060261 0.880665
vt -0.008965 0.689090
vt -0.044527 0.593385
vt -0.030229 0.589307
vt 0.032802 0.139815
vt -0.003359 0.184275
vt 0.005586 0.074010
vt 0.005906 -0.074010
vt 0.036869 -0.145208
vt -0.059303 0.777104
vt -0.060088 0.591728
vt -0.036419 0.582834
vt -0.061087 0.491125
vt -0.059612 0.397189
vt -0.032178 0.390141
vt -0.031899 0.196783
vt -0.031284 0.002315
vt -0.029927 -0.191024
vt 0.004032 -0.189010
vt -0.005680 -0.332203
vt -0.007029 -0.482049
vt 0.039095 -0.540577
vt -0.046913 0.013145
vt -0.060345 0.167365
vt -0.059252 -0.000408
vt -0.061087 -0.123762
vt -0.059567 -0.185626
vt -0.060847 -0.286435
vt -0.040147 -0.385813
vt -0.033547 -0.577770
vt -0.045666 -0.582892
vt -0.007570 -0.665283
vt -0.035346 -0.773408
vt -0.060261 -0.673551
vt -0.001316 -0.827587
vt -0.044527 -0.960830
vt -0.030250 -0.964765
vt -0.059303 -0.777112
vt -0.060088 -0.962487
vt -0.036419 -0.971382
vt -0.061087 -1.063091
vt -0.059612 -1.157027
vt -0.032859 -1.161191
vt -0.013329 -1.443626
vt -0.030074 -1.549976
vt 0.002534 -1.554216
vt -0.046913 -1.541071
vt -0.031899 -1.357434
vt -0.060345 -1.386851
vt 0.031760 -1.547759
vt 0.020197 -1.425911
vt -0.008667 -1.182361
vt 0.011438 -1.050944
vt 0.003197 -1.300218
vt 0.040057 -1.113855
vt -0.053895 -1.165971
vt -0.047782 -1.349778
vt 0.023655 -0.868063
vt 0.030814 -0.708635
vt 0.036579 -0.326560
vt -0.059399 -0.194281
vt 0.004478 0.934495
vt 0.000354 1.253545
vt -0.053895 0.388245
vt -0.047782 0.204438
vt 0.031314 0.851712
vt 0.037700 1.055208
vt 0.029945 1.194796
vt 0.031786 1.463864
vt -0.059399 1.359935
vt 0.002500 -1.349081
vt 0.001573 -1.268263
vt 0.001546 -1.440298
vt -0.036185 0.099784
vt -0.026946 0.007869
vt -0.018636 0.060642
vt -0.027633 0.176668
vt -0.002500 1.345945
vt 0.000326 1.260261
vt 0.002500 1.348262
vt 0.001998 1.432297
vt -0.029529 0.269890
vt -0.017401 0.269799
vt -0.025261 0.354007
vt -0.024786 0.185148
vt -0.002500 1.167035
vt 0.001423 1.080224
vt 0.002500 1.166922
vt 0.000176 1.252259
vt -0.035921 0.449451
vt -0.032299 0.361965
vt -0.023804 0.447163
vt -0.027195 0.531094
vt 0.001369 0.720149
vt 0.002500 0.802656
vt 0.001875 0.892185
vt -0.002500 0.625796
vt 0.001397 0.540112
vt 0.002500 0.623007
vt 0.000886 0.712148
vt -0.029529 0.978082
vt -0.017391 0.977026
vt -0.025290 1.062203
vt -0.025065 0.893325
vt -0.002500 0.446886
vt 0.001721 0.360482
vt 0.002500 0.474765
vt 0.000009 0.532110
vt -0.027575 1.239279
vt -0.035921 1.157643
vt -0.024407 1.070291
vt -0.021441 1.155036
vt -0.029599 -1.500591
vt -0.017389 -1.498275
vt -0.025833 -1.416424
vt -0.025474 -1.585517
vt -0.036185 -1.316599
vt -0.026946 -1.408515
vt -0.018636 -1.355742
vt -0.027633 -1.239716
vt -0.002500 -0.094353
vt 0.000326 -0.180037
vt 0.002500 -0.092036
vt 0.001998 -0.008002
vt -0.029529 -1.146493
vt -0.017401 -1.146585
vt -0.025261 -1.062377
vt -0.024786 -1.231236
vt -0.002500 -0.273263
vt 0.001423 -0.360075
vt 0.002500 -0.273376
vt 0.000176 -0.188039
vt -0.035921 -0.966933
vt -0.032299 -1.054419
vt -0.023804 -0.969221
vt -0.027195 -0.885290
vt -0.002500 -0.638089
vt 0.001369 -0.720149
vt 0.002500 -0.637643
vt 0.001875 -0.548114
vt -0.002500 -0.814502
vt 0.001397 -0.900186
vt 0.002500 -0.817291
vt 0.000886 -0.728151
vt -0.029529 -0.438302
vt -0.017391 -0.439358
vt -0.025290 -0.354181
vt -0.025065 -0.523059
vt -0.002500 -0.993412
vt 0.001721 -1.079817
vt 0.002500 -0.965533
vt 0.000010 -0.908188
vt -0.027575 -0.177105
vt -0.035921 -0.258741
vt -0.024407 -0.346092
vt -0.021441 -0.261347
vt 0.000212 0.625948
vt 0.023995 0.705747
vt 0.017872 0.963508
vt 1.309586 0.050179
vt 1.664221 0.179227
vt 1.265554 1.251900
vt 0.002440 0.469607
vt 0.009088 0.325555
vt 0.229534 0.500290
vt 0.287030 1.251915
vt 0.575263 0.185316
vt 1.070642 0.071601
vt 1.109728 0.066365
vt 0.983470 1.251930
vt 0.326572 0.057336
vt 1.154165 1.251896
vt 0.065789 1.251883
vt 0.176477 0.047760
vt 0.005124 0.135150
vt 0.017007 1.053497
vt 0.016650 0.737435
vt 0.255043 0.639501
vt 0.001834 0.543014
vt 0.004575 0.245436
vt 0.182468 0.168239
vt 0.344656 0.123851
vt 0.570538 0.244216
vt 0.025011 0.092690
vt 0.308317 1.464316
vt 0.198472 1.902949
vt 0.000000 1.865293
vt 0.470177 1.602955
vt 0.000000 1.534878
vt 0.673150 1.283985
vt 0.000000 1.125525
vt 0.751587 1.017625
vt 0.239401 0.933380
vt 0.000000 0.656916
vt 0.165131 0.862007
vt 0.083248 0.663833
vt 0.000000 0.247422
vt 0.056242 0.471604
vt 0.061265 0.300848
vt 0.000000 -0.077083
vt 0.176422 -0.003019
vt 0.087984 0.166424
vt 0.507541 -0.391326
vt 0.000000 -0.488819
vt 0.694182 -0.704043
vt 0.000000 -0.896585
vt 0.757416 -0.943062
vt 0.217021 -1.003911
vt 0.000000 -1.286399
vt 0.083273 -1.279927
vt 0.140692 -1.128452
vt 0.000000 -1.694275
vt 0.055975 -1.553779
vt 0.074737 -1.722188
vt 0.000000 -1.943860
vt 0.147588 -1.911144
vt 0.732134 1.360046
vt 0.782744 1.162177
vt 0.787500 1.494698
vt 0.637752 1.612136
vt 0.772868 1.062868
vt 0.787500 0.865993
vt 0.787500 -0.990819
vt 0.333366 -1.243958
vt 0.787500 -1.292033
vt 0.384511 -1.587632
vt 0.787500 -1.582016
vt 0.787500 -1.858989
vt 0.457568 -1.851926
vt 0.787500 1.875862
vt 0.507299 1.913864
vt 0.780927 -0.795760
vt 0.787500 -0.474788
vt 0.734111 -0.590387
vt 0.631443 -0.317518
vt 0.787500 0.001166
vt 0.501744 -0.016765
vt 0.383792 0.358738
vt 0.787500 0.490334
vt 0.334745 0.684710
vt -0.564240 -0.240843
vt -0.268324 0.024636
vt -0.608524 0.077673
vt -0.217150 -0.175056
vt -0.294050 -0.528111
vt -0.024636 -0.268324
vt 0.074488 -0.608944
vt 0.425198 -0.429188
vt 0.175056 -0.217150
vt 0.268324 -0.024636
vt 0.608718 -0.076205
vt 0.565066 0.238849
vt 0.217150 0.175056
vt 0.294507 0.527823
vt 0.024636 0.268324
vt -0.148282 0.585458
vt -0.175056 0.217150
vt -0.484253 0.376622
vt 0.275185 0.009094
vt 0.604378 0.021543
vt 0.455259 0.404204
vt 0.188155 0.201016
vt 0.181549 0.585125
vt -0.009094 0.275185
vt -0.104909 0.606769
vt -0.423826 0.429738
vt -0.201016 0.188155
vt -0.604004 0.001055
vt -0.275185 -0.009094
vt -0.435186 -0.419754
vt -0.188155 -0.201016
vt -0.193128 -0.587838
vt 0.009094 -0.275185
vt 0.018738 -0.614172
vt 0.303918 -0.534047
vt 0.201016 -0.188155
vt 0.512355 -0.339186
vt 1.209944 3.111481
vt 1.104755 1.136363
vt 1.306159 2.003657
vt 1.858987 1.518419
vt 2.195748 1.432360
vt 2.199191 1.964819
vt 2.267180 1.768598
vt 2.252312 3.046632
vt 2.210774 2.926053
vt 1.247408 4.053725
vt 2.213943 3.786045
vt 2.211236 4.162218
vt 0.975814 4.223933
vt 0.642810 4.219528
vt 0.971289 3.280820
vt 0.647526 3.318934
vt 0.580428 0.892952
vt 1.073682 0.759430
vt 2.218300 0.555437
vt 1.740880 0.371075
vt 2.083145 0.166848
vt 2.214005 0.046690
vt 2.253926 0.077535
vt 2.256520 0.511101
vt 2.222155 3.400267
vt 0.321576 3.977854
vt 0.323763 2.918313
vt 0.305627 0.792276
vt 0.000000 4.238807
vt 0.000000 3.325006
vt 0.000000 2.411205
vt 0.000000 0.610566
vt 2.250154 3.797127
vt 2.253850 1.049568
vt 2.217098 1.001675
vt 1.911653 2.566556
vt 1.332136 2.547317
vt 2.236884 4.120366
vt 0.000000 0.091047
vt 0.240367 0.172701
vt 0.000000 0.444752
vt 0.698331 0.275980
vt 1.044898 0.721988
vt 0.543986 1.641699
vt 1.204488 1.102982
vt 1.375962 1.654375
vt 0.851351 2.389662
vt 0.588197 3.254146
vt 1.067522 3.334823
vt 0.590913 3.713914
vt 1.629745 3.254146
vt 1.648246 2.401135
vt 1.775057 1.423163
vt 2.226098 1.527387
vt 2.415845 3.269060
vt 2.421359 0.783124
vt 2.480662 2.413630
vt 2.563983 3.254146
vt 2.507099 3.713914
vt 2.613042 3.713914
vt 2.718330 3.204342
vt 2.742918 3.713914
vt 1.255248 0.441114
vt 1.883965 0.596061
vt 2.270335 0.408142
vt 2.586882 2.395260
vt 2.481936 0.074903
vt 2.591895 0.283441
vt 2.529996 0.786003
vt 2.328150 3.713914
vt 2.260708 2.972226
vt 2.239900 3.713914
vt 1.646120 3.713914
vt 0.000000 3.713914
vt 0.000000 3.261055
vt 0.000000 2.808197
vt 0.000000 1.570597
vt 0.000000 0.996764
vt 2.647420 0.799266
vt 2.720824 0.480489
vt 2.703818 2.355790
vt 0.456513 0.000000
vt 0.456513 0.679504
vt 1.805763 2.164934
vt 2.517701 1.193151
vt 2.415237 2.667785
vt 2.527391 1.227828
vt 2.524984 3.414173
vt 0.947206 0.028392
vt 1.766406 0.191461
vt 2.526407 0.029788
vt 2.544996 0.036689
vt 1.841768 3.343212
vt 0.591269 3.389852
vt 0.913027 2.842102
vt 1.223411 3.399528
vt 0.000000 1.707047
vt 0.456513 1.942308
vt 0.000000 3.414094
vt 0.913027 0.913830
vt 1.362361 0.077626
vt 1.704048 0.963609
vt 1.293455 1.419699
vt 2.548318 3.404636
vt 0.238347 2.610183
vt 0.051579 1.568200
vt 1.043065 1.673198
vt 1.601728 1.015391
vt 1.323651 3.422304
vt 2.055848 0.517807
vt 2.098565 3.393862
vt 2.568398 1.740340
vt 2.615227 0.832921
vt 2.629899 3.377162
vt 2.723535 0.286736
vt 2.763151 1.903127
vt 2.778756 0.993924
vt 2.860541 1.671613
vt 2.935048 1.286573
vt 2.951002 3.394496
vt 0.000058 -0.017924
vt 0.988786 0.163368
vt 1.495104 0.000000
vt 2.820769 0.171719
vt 2.924712 0.000000
vt 2.910544 3.444124
vt 2.864994 3.444142
vt 2.773658 3.444119
vt 2.714459 3.444124
vt 2.565581 3.444130
vt 2.507802 3.444121
vt 1.731131 3.444155
vt 0.952307 3.444121
vt 0.000000 3.438962
vt 2.684730 -0.001604
vt 2.540596 0.210826
vt 0.745624 2.921155
vt 1.047633 2.460779
vt 1.230003 3.099661
vt 2.129024 0.051611
vt 2.374844 0.116724
vt 2.172337 3.072422
vt 3.184758 3.021494
vt 2.686934 3.102827
vt 3.467250 2.257678
vt 4.111432 1.515875
vt 4.116730 0.559778
vt 4.149802 1.311863
vt 0.096275 3.057397
vt 0.582524 1.132334
vt 0.333201 0.982818
vt 0.578344 0.063368
vt 0.321085 0.041111
vt 0.780769 1.076519
vt 0.857449 0.042640
vt 1.041025 0.381183
vt 1.217684 -0.000221
vt 1.237485 1.320413
vt 1.294697 1.707483
vt 1.339932 0.694261
vt 1.343650 1.899991
vt 1.394494 0.958587
vt 1.378737 1.676908
vt 1.421988 0.311954
vt 1.487935 0.467450
vt 1.634249 0.008805
vt 1.821794 0.155143
vt 2.676979 0.027523
vt 4.139215 3.099145
vt 4.113817 3.134956
vt 1.623302 2.132931
vt 1.580877 3.101973
vt 1.517990 2.458177
vt 1.484314 3.102108
vt 1.401897 3.099584
vt 1.407875 2.242624
vt 1.466657 1.360144
vt 1.298195 3.086212
vt 3.602935 1.675057
vt 0.047772 1.647093
vt 0.058467 0.664376
vt 1.578071 0.710452
vt 2.645265 1.066167
vt 4.161116 3.099582
vt 1.297870 0.597820
vt 2.837959 0.871609
vt 3.183228 0.642502
vt 4.143387 0.405319
vt 3.159526 0.029794
vt 0.047973 0.049125
vt 0.907915 1.452775
vt 0.401730 1.538668
vt 0.907915 0.841710
vt 0.906842 0.001326
vt 0.907915 3.366840
vt 0.441411 2.446219
vt 0.251643 3.139541
vt 0.000000 1.683420
vt 0.000000 3.366840
vt 0.000044 0.526730
vt -2.365902 0.468059
vt -2.361382 0.595907
vt -2.414283 0.569975
vt -2.348629 1.026723
vt -2.362369 0.794854
vt -3.610234 0.129304
vt -3.588469 0.131032
vt -3.603970 1.290324
vt -3.375074 0.212793
vt -2.996558 0.122545
vt -3.463437 1.273506
vt -2.510507 0.756081
vt -2.496151 0.593741
vt -2.422598 0.791965
vt -2.478266 0.427222
vt -2.481928 0.272374
vt -2.413110 0.359626
vt -2.455569 0.080796
vt -2.416438 0.081136
vt -2.422754 0.215020
vt -2.373973 0.053688
vt -2.363736 0.236688
vt -2.705190 0.000003
vt -2.518169 0.310376
vt -2.497647 0.069089
vt -3.633659 1.290353
vt -3.625613 0.114417
vt -2.298815 1.018099
vt -3.589195 1.290103
vt -2.657199 1.273491
vt -4.003564 0.062249
vt -3.812677 1.290119
vt -0.835513 -0.834677
vt -0.048013 -0.855674
vt -0.048013 -0.653481
vt -0.835513 -0.632572
vt -0.835513 -0.415900
vt -0.048013 -0.432587
vt -0.048013 -0.211694
vt -0.835513 -0.190785
vt -0.835513 0.025886
vt -0.048013 0.009199
vt -0.048013 0.230092
vt -0.835513 0.251001
vt -0.835513 0.467673
vt -0.048013 0.450985
vt -0.048013 0.671879
vt -0.835513 0.692788
vt -0.835513 0.840049
vt -0.048013 0.853466
vt 0.671750 0.881057
vt 1.064319 0.781507
vt 0.971287 1.592757
vt 1.158835 1.213862
vt 2.198517 1.231819
vt 2.214336 0.910150
vt 2.233016 1.145756
vt 0.647525 2.804548
vt 0.971287 2.964092
vt 1.106188 2.861308
vt 2.208404 3.546339
vt 2.218044 3.979577
vt 1.219872 3.639871
vt 0.645523 3.948358
vt 0.971287 3.730314
vt 0.976108 4.237112
vt 1.181585 4.179565
vt 2.211269 4.206873
vt 2.236737 0.598290
vt 2.264502 0.090206
vt 2.270409 0.559258
vt 1.787407 0.890606
vt 1.804395 0.335235
vt 2.261071 3.752630
vt 2.235929 3.695153
vt 2.232503 4.217300
vt 0.000000 3.325005
vt 0.322875 3.738043
vt 0.000000 4.238805
vt 0.000000 2.411204
vt 0.323762 2.540921
vt 1.903871 2.885803
vt 2.001099 2.571205
vt 2.213657 3.126964
vt 0.197790 0.710648
vt 1.252001 1.608653
vt 1.288929 2.346380
vt 1.866653 1.489032
vt 1.942201 2.103829
vt 2.212838 1.527440
vt 2.243703 1.749987
vt 2.272680 1.100815
vt 2.271541 1.827399
vt 2.186715 1.782927
vt 2.217515 2.040745
vt 2.244993 2.430485
vt 2.224752 2.855725
vt 1.278532 2.919922
vt 2.088099 0.126138
vt 2.220620 0.014482
vt 2.214083 0.532283
vt 0.442435 0.848558
vt 2.232351 3.314260
vt 2.244469 3.126656
vt 2.401019 0.784594
vt 2.456429 0.119401
vt 2.529996 0.786003
vt 2.480663 2.413630
vt 2.420094 3.295791
vt 2.532008 3.254146
vt 2.613039 3.713914
vt 2.679869 3.254146
vt 2.743294 3.713914
vt 2.768881 2.913269
vt 2.557060 0.219020
vt 2.647420 0.799266
vt 2.718083 0.451018
vt 2.701005 2.361549
vt 1.067521 3.334823
vt 2.246647 3.528877
vt 1.648247 2.401135
vt 1.774986 1.423796
vt 2.232150 1.938156
vt 0.588584 3.390991
vt -0.000469 3.713914
vt 0.851350 2.389663
vt 0.000000 1.652021
vt 0.543986 1.641699
vt 1.204028 1.103221
vt 1.044781 0.721927
vt 0.723795 0.282310
vt 1.279614 0.449296
vt 0.000000 0.453993
vt 0.229531 0.170034
vt 1.887906 0.597106
vt 1.375962 1.654375
vt 2.259768 0.416860
vt 2.763416 0.895815
vt 2.336844 3.484230
vt 2.477715 1.691877
vt 2.557140 1.236550
vt 2.402282 2.494087
vt 0.947117 0.028737
vt 2.524135 0.164735
vt 2.539011 0.069964
vt 1.368368 0.070838
vt 1.800468 0.081405
vt 2.614907 0.786498
vt 2.778756 0.993936
vt -0.000859 0.044304
vt 1.009357 0.271688
vt 0.138324 2.052154
vt 2.820767 0.171712
vt 2.925117 0.000000
vt 2.684730 -0.001604
vt 0.865514 2.859834
vt 2.673933 3.073241
vt 2.120277 3.072797
vt 4.111071 1.686574
vt 0.585497 1.146174
vt 0.295664 2.976342
vt 3.435401 2.541584
vt 4.064730 3.093617
vt 3.052122 2.911050
vt 1.633620 3.104129
vt 1.564144 3.029819
vt 1.484516 3.103260
vt 0.006179 3.065211
vt 3.480549 1.601153
vt 3.183303 0.557682
vt 4.159166 3.099582
vt 0.550966 2.637767
vt 0.334745 2.300615
vt 0.317608 3.340484
vt -2.577502 0.000006
vt -2.552075 0.168375
vt -2.606826 0.105892
vt -2.549207 0.402537
vt -2.612931 0.425173
vt -2.560555 0.624153
vt -2.615885 0.568511
vt -2.549578 0.929427
vt -2.616414 0.748866
vt -2.724680 0.352627
vt -2.685318 0.268358
vt -2.689418 0.484917
vt -2.614430 0.268358
vt -2.856506 -0.006551
vt -3.032852 0.455101
vt -2.702550 0.086227
vt -2.657021 0.100838
vt -2.715910 0.942108
vt -2.700933 0.741025
vt -2.613817 1.006204
vt -2.783761 1.274333
vt -2.538887 1.267885
vt -2.687214 1.610234
vt -2.548660 1.610146
vt -3.277995 1.610146
vt -3.277995 0.230516
vt 0.312300 0.173426
vt 0.480519 0.161639
vt 0.424979 0.422458
vt 0.193438 0.451415
vt 0.256161 0.619401
vt 0.000063 0.684557
vt -0.101683 0.507546
vt -0.256161 0.619401
vt -0.424731 0.422961
vt -0.301229 0.280211
vt -0.480519 0.161639
vt -0.405987 -0.045227
vt -0.275633 0.041643
vt -0.101683 -0.087546
vt -0.256161 -0.199401
vt -0.000063 -0.264557
vt 0.168271 -0.057052
vt 0.256161 -0.199401
vt 0.405757 -0.045637
vt 0.000000 -1.334856
vt -0.127601 -1.368520
vt -0.030193 -1.570711
vt -0.027181 -1.080038
vt 0.000000 -0.812844
vt -0.124085 -0.794066
vt -0.011834 -0.522564
vt 0.000000 -0.290415
vt -0.127020 -0.271082
vt -0.031565 -0.012098
vt 0.000000 0.240529
vt -0.127601 0.257255
vt -0.027181 0.545737
vt 0.000000 0.812930
vt -0.124085 0.831709
vt -0.011834 1.103211
vt 0.000000 1.385849
vt -0.127020 1.354693
vt -0.027152 1.600693
vt -0.123001 0.915622
vt -0.122513 0.816559
vt 0.187417 0.875337
vt -0.122999 0.339663
vt -0.123001 0.241802
vt 0.187417 0.276500
vt 0.187417 1.438824
vt -0.122998 1.486891
vt -0.122998 1.388213
vt -0.122999 -1.388213
vt -0.123001 -1.486074
vt 0.187417 -1.451376
vt -0.123001 -0.812254
vt -0.122514 -0.911316
vt 0.187417 -0.852538
vt 0.187417 -0.289052
vt -0.122998 -0.240985
vt -0.122998 -0.339663
vt 0.301229 0.280506
vt 0.650997 0.159133
vt 0.595634 0.457591
vt 0.336909 0.760097
vt 0.101683 0.507546
vt -0.049443 0.853188
vt -0.193437 0.451415
vt -0.416506 0.702611
vt -0.625886 0.366244
vt -0.312300 0.173426
vt -0.599147 -0.029088
vt -0.168271 -0.057052
vt -0.427031 -0.284008
vt -0.162346 -0.414318
vt 0.101683 -0.087546
vt 0.234247 -0.391029
vt 0.542270 -0.139314
vt 0.275633 0.041643
vt 0.059546 2.578075
vt 0.257745 2.591816
vt 0.065179 2.891015
vt 0.288215 2.964030
vt 0.512171 2.891015
vt 0.517804 2.578075
vt 0.062792 2.889490
vt 0.060369 2.578166
vt 0.352061 2.592707
vt 0.267479 2.967015
vt 0.502563 2.896250
vt 0.511014 2.578466
vt 0.059546 2.887417
vt 0.221204 2.951638
vt 0.517804 2.887417
vt 0.257749 2.591816
vt 0.065179 2.891015
vt 0.060369 2.578166
vt 0.352062 2.592707
vt 0.511014 2.578466
vt 0.221204 2.951638
vt -0.074588 1.816812
vt -0.227533 1.881024
vt -0.227533 1.741540
vt -0.120983 1.631889
vt -0.227533 1.532584
vt -0.120983 1.512513
vt -0.078079 1.201777
vt -0.227533 1.273259
vt -0.227533 1.085202
vt -0.227533 -1.823161
vt -0.074144 -1.820990
vt -0.120983 -1.621691
vt -0.227533 -1.554087
vt -0.114510 -1.483674
vt -0.227533 -1.410768
vt -0.227533 -1.267191
vt -0.075145 -1.184602
vt -0.120983 -1.004882
vt -0.227533 -1.078677
vt -0.227533 -0.809820
vt -0.120983 -0.894413
vt -0.078079 -0.679247
vt -0.227533 -0.418765
vt -0.120983 -0.368513
vt -0.117638 -0.239068
vt -0.227533 -0.137884
vt -0.072601 0.045407
vt -0.227533 0.047564
vt -0.227533 0.239051
vt -0.120983 0.259332
vt -0.227533 0.426753
vt -0.114510 0.397350
vt -0.227533 0.615716
vt -0.075145 0.696421
vt -0.120983 0.876142
vt -0.227533 0.862329
vt -0.120983 0.986611
vt 0.062303 2.174853
vt 0.009624 2.227906
vt 0.009623 2.119227
vt -0.043728 2.172763
vt 0.039516 -1.982021
vt 0.065183 -2.217589
vt 0.040443 -1.745453
vt 0.041681 -1.523420
vt 0.040431 -1.310519
vt 0.043808 0.303012
vt 0.048548 0.090195
vt 0.041357 0.646893
vt 0.041784 0.867289
vt 0.051711 1.136017
vt 0.041874 1.736661
vt 0.048136 1.395956
vt 0.041018 1.951883
vt 0.031591 -0.861969
vt 0.050764 -1.017022
vt 0.043873 -0.622566
vt 0.020969 -0.445078
vt 0.051365 -0.169831
vt 0.020969 0.424352
vt 0.031592 1.528953
vt 0.009623 -2.173423
vt 0.009622 -1.141122
vt 0.004077 -0.314777
vt 0.004076 -0.097419
vt -0.000073 0.112632
vt 0.006117 1.142618
vt -0.018373 -1.956465
vt -0.018373 -1.739108
vt -0.018372 -1.521753
vt -0.018372 -1.304395
vt -0.034863 -1.007176
vt -0.018372 -0.869680
vt -0.024367 -0.678892
vt -0.033159 0.231891
vt -0.018373 0.543136
vt -0.031669 0.719278
vt -0.018372 0.869170
vt -0.026290 1.431972
vt -0.018373 1.629920
vt -0.036915 1.763727
vt -0.030890 1.953853
vt -0.043312 -2.227906
vt -0.045214 -2.091887
vt -0.051044 -1.274686
vt -0.043633 -0.531693
vt -0.043873 -0.334133
vt -0.044834 -0.077623
vt -0.051868 0.446091
vt -0.047304 0.992015
vt -0.045513 1.212716
vt -0.056515 -1.741217
vt -0.334380 0.022064
vt -0.785294 0.025625
vt -0.616356 0.012562
vt -0.616356 0.012562
vt -0.334380 0.022064
vt -0.785294 0.025625
vt 0.106066 0.870092
vt 0.000000 0.907868
vt 0.000000 0.730817
vt 0.106066 0.645743
vt 0.000000 0.478497
vt 0.106066 0.356910
vt 0.000000 0.189096
vt 0.106066 0.066019
vt 0.000000 -0.099925
vt 0.106066 -0.157659
vt 0.106066 -0.356910
vt 0.000000 -0.389155
vt 0.106066 -0.613214
vt 0.000000 -0.609987
vt 0.000000 -0.808962
vt 0.106066 -0.853246
vt -0.075000 -0.620967
vt -0.525000 -0.698507
vt -0.075000 -0.785398
vt -0.075000 0.698507
vt -0.525000 0.785398
vt -0.525000 0.620967
vt -0.075000 0.447003
vt -0.525000 0.369314
vt -0.075000 0.254974
vt -0.525000 0.149905
vt -0.075000 0.068762
vt -0.525000 -0.068762
vt -0.075000 -0.149905
vt -0.525000 -0.254974
vt -0.075000 -0.369314
vt -0.525000 -0.447003
vt -0.106066 -0.903208
vt 0.000000 -0.871200
vt -0.106066 -0.714112
vt 0.000000 -0.745549
vt 0.000000 -0.546297
vt -0.106066 -0.424711
vt 0.000000 -0.289994
vt -0.106066 -0.172391
vt 0.000000 -0.033505
vt -0.106066 0.079076
vt 0.000000 0.257464
vt -0.106066 0.293221
vt -0.106066 0.514053
vt 0.000000 0.546297
vt -0.106066 0.803283
vt 0.000000 0.824955
s 1
usemtl Opaque(72,72,72)
f 19/1/1 1/2/1 2/3/1
f 19/1/1 2/3/1 34/4/1
f 34/4/1 2/3/1 3/5/1
f 34/4/1 3/5/1 4/6/1
f 34/4/1 4/6/1 33/7/1
f 33/7/1 4/6/1 5/8/1
f 33/7/1 5/8/1 32/9/1
f 32/9/1 5/8/1 6/10/1
f 32/9/1 6/10/1 31/11/1
f 31/11/1 6/10/1 7/12/1
f 31/11/1 7/12/1 30/13/1
f 30/13/1 7/12/1 8/14/1
f 30/13/1 8/14/1 29/15/1
f 29/15/1 8/14/1 9/16/1
f 29/15/1 9/16/1 28/17/1
f 28/17/1 9/16/1 10/18/1
f 28/17/1 10/18/1 27/19/1
f 27/19/1 10/18/1 11/20/1
f 27/19/1 11/20/1 26/21/1
f 26/21/1 11/20/1 12/22/1
f 26/21/1 12/22/1 13/23/1
f 26/21/1 13/23/1 25/24/1
f 25/24/1 13/23/1 14/25/1
f 25/24/1 14/25/1 24/26/1
f 24/26/1 14/25/1 15/27/1
f 24/26/1 15/27/1 23/28/1
f 23/28/1 15/27/1 16/29/1
f 23/28/1 16/29/1 22/30/1
f 22/30/1 16/29/1 17/31/1
f 22/30/1 17/31/1 21/32/1
f 21/32/1 17/31/1 18/33/1
f 21/32/1 18/33/1 20/34/1
f 20/34/1 18/33/1 1/2/1
f 20/34/1 1/2/1 19/1/1
f 53/35/2 35/36/2 36/20/2
f 53/35/2 36/20/2 68/37/2
f 68/37/2 36/20/2 37/38/2
f 68/37/2 37/38/2 67/39/2
f 67/39/2 37/38/2 38/40/2
f 67/39/2 38/40/2 66/41/2
f 66/41/2 38/40/2 39/25/2
f 66/41/2 39/25/2 65/42/2
f 65/42/2 39/25/2 40/27/2
f 65/42/2 40/27/2 64/43/2
f 64/43/2 40/27/2 41/44/2
f 64/43/2 41/44/2 63/45/2
f 63/45/2 41/44/2 42/31/2
f 63/45/2 42/31/2 62/46/2
f 62/46/2 42/31/2 43/47/2
f 62/46/2 43/47/2 61/48/2
f 61/48/2 43/47/2 44/49/2
f 61/48/2 44/49/2 45/3/2
f 61/48/2 45/3/2 60/50/2
f 60/50/2 45/3/2 46/51/2
f 60/50/2 46/51/2 59/52/2
f 59/52/2 46/51/2 47/53/2
f 59/52/2 47/53/2 58/54/2
f 58/54/2 47/53/2 48/8/2
f 58/54/2 48/8/2 57/55/2
f 57/55/2 48/8/2 49/10/2
f 57/55/2 49/10/2 56/56/2
f 56/56/2 49/10/2 50/57/2
f 56/56/2 50/57/2 55/58/2
f 55/58/2 50/57/2 51/14/2
f 55/58/2 51/14/2 54/59/2
f 54/59/2 51/14/2 52/60/2
f 54/59/2 52/60/2 53/35/2
f 53/35/2 52/60/2 35/36/2
f 68/61/3 20/62/4 53/63/5
f 53/63/5 20/62/4 19/64/6
f 53/65/5 19/66/6 54/67/7
f 54/67/7 19/66/6 34/68/8
f 54/67/7 34/68/8 55/69/9
f 55/69/9 34/68/8 33/70/10
f 55/69/9 33/70/10 56/71/11
f 56/71/11 33/70/10 32/72/12
f 56/71/11 32/72/12 57/73/13
f 57/73/13 32/72/12 31/74/14
f 57/73/13 31/74/14 58/75/15
f 58/75/15 31/74/14 30/76/16
f 58/75/15 30/76/16 59/77/17
f 59/77/17 30/76/16 29/78/18
f 59/77/17 29/78/18 60/79/19
f 60/79/19 29/78/18 28/80/20
f 60/79/19 28/80/20 61/81/21
f 61/81/21 28/80/20 27/82/22
f 61/81/21 27/82/22 62/83/23
f 62/83/23 27/82/22 26/84/24
f 62/83/23 26/84/24 63/85/25
f 63/85/25 26/84/24 25/86/26
f 63/85/25 25/86/26 64/87/27
f 64/87/27 25/86/26 24/88/28
f 64/87/27 24/88/28 65/89/29
f 65/89/29 24/88/28 23/90/30
f 65/89/29 23/90/30 66/91/31
f 66/91/31 23/90/30 22/92/32
f 66/91/31 22/92/32 67/93/33
f 67/93/33 22/92/32 21/94/34
f 67/93/33 21/94/34 68/61/3
f 68/61/3 21/94/34 20/62/4
f 1/95/35 36/96/36 35/97/37
f 1/98/35 35/99/37 2/100/38
f 2/100/38 35/99/37 52/101/39
f 2/100/38 52/101/39 3/102/40
f 3/102/40 52/101/39 4/103/41
f 4/103/41 52/101/39 51/104/42
f 4/103/41 51/104/42 5/105/43
f 5/105/43 51/104/42 50/106/44
f 5/105/43 50/106/44 6/107/45
f 6/107/45 50/106/44 49/108/46
f 6/107/45 49/108/46 7/109/47
f 7/109/47 49/108/46 48/110/48
f 7/109/47 48/110/48 8/111/49
f 8/111/49 48/110/48 47/112/50
f 8/111/49 47/112/50 9/113/51
f 9/113/51 47/112/50 46/114/52
f 9/113/51 46/114/52 45/115/53
f 9/113/51 45/115/53 10/116/54
f 10/116/54 45/115/53 44/117/55
f 10/116/54 44/117/55 11/118/56
f 11/118/56 44/117/55 43/119/57
f 11/118/56 43/119/57 12/120/58
f 12/120/58 43/119/57 13/121/59
f 13/121/59 43/119/57 42/122/60
f 13/121/59 42/122/60 14/123/61
f 14/123/61 42/122/60 41/124/62
f 14/123/61 41/124/62 15/125/63
f 15/125/63 41/124/62 40/126/64
f 15/125/63 40/126/64 16/127/65
f 16/127/65 40/126/64 39/128/66
f 16/127/65 39/128/66 17/129/67
f 17/129/67 39/128/66 38/130/68
f 17/129/67 38/130/68 18/131/69
f 18/131/69 38/130/68 37/132/70
f 18/131/69 37/132/70 36/96/36
f 18/131/69 36/96/36 1/95/35
f 69/133/1 79/134/1 76/135/1
f 76/135/1 79/134/1 80/136/1
f 79/134/1 69/133/1 78/137/1
f 78/137/1 69/133/1 70/138/1
f 78/137/1 70/138/1 71/139/1
f 78/137/1 71/139/1 77/140/1
f 77/140/1 71/139/1 72/141/1
f 77/140/1 72/141/1 82/142/1
f 82/142/1 72/141/1 73/143/1
f 82/142/1 73/143/1 81/144/1
f 81/144/1 73/143/1 74/145/1
f 81/144/1 74/145/1 75/146/1
f 81/144/1 75/146/1 80/136/1
f 80/136/1 75/146/1 76/135/1
f 84/147/1 132/148/1 83/149/71
f 83/149/71 132/148/1 133/150/72
f 85/151/1 140/152/1 84/147/1
f 84/147/1 140/152/1 132/148/1
f 132/148/1 140/152/1 131/153/1
f 131/153/1 140/152/1 141/154/1
f 131/153/1 141/154/1 102/155/1
f 102/155/1 141/154/1 109/156/1
f 102/155/1 109/156/1 110/157/1
f 86/158/73 142/159/74 85/151/1
f 85/151/1 142/159/74 140/152/1
f 142/159/74 86/158/73 139/160/74
f 139/160/74 86/158/73 87/161/75
f 139/160/74 87/161/75 138/162/1
f 138/162/1 87/161/75 88/163/1
f 138/162/1 88/163/1 146/164/1
f 138/162/1 146/164/1 137/165/1
f 137/165/1 146/164/1 147/166/1
f 137/165/1 147/166/1 100/167/1
f 100/167/1 147/166/1 157/168/1
f 100/167/1 157/168/1 158/169/1
f 146/164/1 88/163/1 89/170/75
f 146/164/1 89/170/75 148/171/76
f 148/171/76 89/170/75 145/172/76
f 148/171/76 145/172/76 155/173/71
f 155/173/71 145/172/76 143/174/1
f 155/173/71 143/174/1 160/175/1
f 160/175/1 143/174/1 99/176/1
f 89/170/75 90/177/77 145/172/76
f 145/172/76 90/177/77 144/178/1
f 144/178/1 90/177/77 91/179/1
f 144/178/1 91/179/1 152/180/71
f 144/178/1 152/180/71 153/181/1
f 152/180/71 91/179/1 154/182/77
f 154/182/77 91/179/1 92/183/78
f 154/182/77 92/183/78 151/184/79
f 151/184/79 92/183/78 93/185/1
f 151/184/79 93/185/1 150/186/1
f 150/186/1 93/185/1 94/187/1
f 150/186/1 94/187/1 128/188/1
f 128/188/1 94/187/1 130/189/80
f 130/189/80 94/187/1 95/190/80
f 130/189/80 95/190/80 127/191/81
f 127/191/81 95/190/80 96/192/1
f 127/191/81 96/192/1 126/193/1
f 126/193/1 96/192/1 97/194/1
f 126/193/1 97/194/1 134/195/1
f 134/195/1 97/194/1 98/196/82
f 134/195/1 98/196/82 136/197/71
f 136/197/71 98/196/82 133/150/72
f 133/150/72 98/196/82 83/149/71
f 99/176/1 116/198/1 106/199/1
f 99/176/1 159/200/1 160/175/1
f 100/167/1 159/200/1 99/176/1
f 100/167/1 158/169/1 159/200/1
f 137/165/1 100/167/1 112/201/1
f 112/201/1 100/167/1 101/202/1
f 112/201/1 101/202/1 111/203/1
f 111/203/1 101/202/1 110/157/1
f 110/157/1 101/202/1 102/155/1
f 102/155/1 165/204/1 166/205/1
f 102/155/1 166/205/1 131/153/1
f 131/153/1 166/205/1 161/206/77
f 131/153/1 161/206/77 133/150/72
f 103/207/1 165/204/1 102/155/1
f 103/207/1 164/208/1 165/204/1
f 104/209/1 135/210/1 103/207/1
f 103/207/1 135/210/1 163/211/1
f 103/207/1 163/211/1 164/208/1
f 104/209/1 123/212/1 124/213/1
f 104/209/1 124/213/1 125/214/1
f 125/214/1 124/213/1 119/215/76
f 125/214/1 119/215/76 127/191/81
f 105/216/1 122/217/1 104/209/1
f 104/209/1 122/217/1 123/212/1
f 105/216/1 149/218/1 129/219/1
f 105/216/1 129/219/1 121/220/1
f 121/220/1 129/219/1 120/221/75
f 120/221/75 129/219/1 130/189/80
f 120/221/75 130/189/80 127/191/81
f 120/221/75 127/191/81 119/215/76
f 106/199/1 117/222/1 105/216/1
f 105/216/1 117/222/1 118/223/1
f 105/216/1 118/223/1 149/218/1
f 149/218/1 118/223/1 113/224/75
f 149/218/1 113/224/75 151/184/79
f 106/199/1 116/198/1 117/222/1
f 107/225/81 139/160/74 137/165/1
f 107/225/81 137/165/1 112/201/1
f 139/160/74 107/225/81 142/159/74
f 142/159/74 107/225/81 108/226/77
f 142/159/74 108/226/77 141/154/1
f 141/154/1 108/226/77 109/156/1
f 151/184/79 113/224/75 114/227/71
f 151/184/79 114/227/71 154/182/77
f 154/182/77 114/227/71 153/181/1
f 153/181/1 114/227/71 115/228/1
f 153/181/1 115/228/1 99/176/1
f 99/176/1 115/228/1 116/198/1
f 121/220/1 122/217/1 105/216/1
f 104/209/1 125/214/1 135/210/1
f 135/210/1 125/214/1 126/193/1
f 135/210/1 126/193/1 134/195/1
f 150/186/1 128/188/1 149/218/1
f 149/218/1 128/188/1 129/219/1
f 163/211/1 135/210/1 162/229/75
f 162/229/75 135/210/1 136/197/71
f 162/229/75 136/197/71 133/150/72
f 162/229/75 133/150/72 161/206/77
f 99/176/1 143/174/1 153/181/1
f 153/181/1 143/174/1 144/178/1
f 157/168/1 147/166/1 156/230/81
f 156/230/81 147/166/1 148/171/76
f 156/230/81 148/171/76 155/173/71
f 76/231/83 167/232/84 69/233/85
f 69/234/85 167/235/84 168/236/86
f 69/234/85 168/236/86 70/237/87
f 70/237/87 168/236/86 169/238/88
f 70/237/87 169/238/88 71/239/89
f 71/239/89 169/238/88 170/240/90
f 71/239/89 170/240/90 72/241/91
f 72/241/91 170/240/90 171/242/92
f 72/241/91 171/242/92 73/243/93
f 73/243/93 171/242/92 172/244/94
f 73/243/93 172/244/94 74/245/95
f 74/245/95 172/244/94 173/246/96
f 74/245/95 173/246/96 75/247/97
f 75/247/97 173/246/96 174/248/98
f 75/247/97 174/248/98 76/231/83
f 76/231/83 174/248/98 167/232/84
f 175/249/99 99/250/100 106/251/101
f 175/252/99 106/253/101 186/254/102
f 186/254/102 106/253/101 105/255/103
f 186/254/102 105/255/103 185/256/104
f 185/256/104 105/255/103 184/257/105
f 184/257/105 105/255/103 104/258/106
f 184/257/105 104/258/106 183/259/107
f 183/259/107 104/258/106 103/260/108
f 183/259/107 103/260/108 182/261/109
f 182/261/109 103/260/108 181/262/110
f 181/262/110 103/260/108 102/263/111
f 181/262/110 102/263/111 180/264/112
f 180/264/112 102/263/111 101/265/113
f 180/264/112 101/265/113 179/266/114
f 179/266/114 101/265/113 178/267/115
f 178/267/115 101/265/113 100/268/116
f 178/267/115 100/268/116 177/269/117
f 177/269/117 100/268/116 99/250/100
f 177/269/117 99/250/100 176/270/118
f 176/270/118 99/250/100 175/249/99
f 82/271/119 188/272/120 189/273/121
f 188/274/120 82/275/119 187/276/122
f 187/276/122 82/275/119 81/277/123
f 187/276/122 81/277/123 204/278/124
f 204/278/124 81/277/123 203/279/125
f 203/279/125 81/277/123 80/280/126
f 203/279/125 80/280/126 202/281/127
f 202/281/127 80/280/126 201/282/128
f 80/280/126 200/283/129 201/282/128
f 79/284/130 199/285/131 80/280/126
f 80/280/126 199/285/131 200/283/129
f 199/285/131 79/284/130 198/286/132
f 198/286/132 79/284/130 197/287/133
f 78/288/134 196/289/135 79/284/130
f 79/284/130 196/289/135 197/287/133
f 196/289/135 78/288/134 195/290/136
f 195/290/136 78/288/134 193/291/137
f 195/290/136 193/291/137 194/292/138
f 77/293/139 191/294/140 78/288/134
f 78/288/134 191/294/140 193/291/137
f 191/294/140 77/293/139 190/295/141
f 77/293/139 82/271/119 190/295/141
f 190/295/141 82/271/119 189/273/121
f 191/294/140 192/296/142 193/291/137
f 205/297/143 84/298/144 83/299/145
f 205/300/143 83/301/145 221/302/146
f 221/302/146 83/301/145 98/303/147
f 221/302/146 98/303/147 220/304/148
f 220/304/148 98/303/147 219/305/149
f 219/305/149 98/303/147 97/306/150
f 219/305/149 97/306/150 218/307/151
f 218/307/151 97/306/150 96/308/152
f 218/307/151 96/308/152 217/309/153
f 217/309/153 96/308/152 95/310/154
f 217/309/153 95/310/154 216/311/155
f 216/311/155 95/310/154 94/312/156
f 216/311/155 94/312/156 215/313/157
f 215/313/157 94/312/156 93/314/158
f 215/313/157 93/314/158 214/315/159
f 214/315/159 93/314/158 92/316/160
f 214/315/159 92/316/160 213/317/161
f 213/317/161 92/316/160 91/318/162
f 213/317/161 91/318/162 212/319/163
f 212/319/163 91/318/162 211/320/164
f 211/320/164 91/318/162 90/321/165
f 211/320/164 90/321/165 210/322/166
f 210/322/166 90/321/165 89/323/167
f 210/322/166 89/323/167 209/324/168
f 209/324/168 89/323/167 88/325/169
f 209/324/168 88/325/169 208/326/170
f 208/326/170 88/325/169 87/327/171
f 208/326/170 87/327/171 207/328/172
f 207/328/172 87/327/171 86/329/173
f 207/328/172 86/329/173 206/330/174
f 206/330/174 86/329/173 85/331/175
f 206/330/174 85/331/175 84/298/144
f 206/330/174 84/298/144 205/297/143
f 107/332/176 222/333/177 223/334/178
f 107/332/176 223/334/178 108/335/179
f 223/336/178 224/337/180 108/338/179
f 108/338/179 224/337/180 109/339/181
f 140/340/182 267/341/183 226/342/184
f 140/340/182 226/342/184 141/343/185
f 267/341/183 225/344/186 226/342/184
f 226/342/184 225/344/186 224/345/187
f 225/344/186 110/346/188 224/345/187
f 224/345/187 110/346/188 109/347/189
f 110/348/188 225/349/186 227/350/190
f 110/348/188 227/350/190 111/351/191
f 228/352/192 138/353/193 229/354/194
f 228/352/192 229/354/194 227/355/190
f 227/355/190 229/354/194 230/356/195
f 227/355/190 230/356/195 111/357/191
f 111/357/191 230/356/195 112/358/196
f 138/353/193 137/359/197 229/354/194
f 107/360/176 112/361/198 222/362/177
f 222/362/177 112/361/198 230/363/199
f 113/364/200 231/365/201 114/366/202
f 114/366/202 231/365/201 232/367/203
f 232/336/203 233/337/204 114/338/202
f 114/338/202 233/337/204 115/339/205
f 152/340/206 283/368/207 235/342/208
f 152/340/206 235/342/208 153/343/209
f 235/342/208 283/368/207 233/345/210
f 233/345/210 283/368/207 234/369/211
f 234/369/211 116/346/212 233/345/210
f 233/345/210 116/346/212 115/347/213
f 116/370/212 234/371/211 236/372/214
f 116/370/212 236/372/214 117/373/215
f 237/374/216 150/353/217 238/354/218
f 237/374/216 238/354/218 236/375/214
f 236/375/214 238/354/218 239/356/219
f 236/375/214 239/356/219 117/357/215
f 117/357/215 239/356/219 118/358/220
f 150/353/217 149/359/221 238/354/218
f 113/360/200 118/361/222 231/362/201
f 231/362/201 118/361/222 239/363/223
f 119/376/224 240/377/225 120/378/226
f 120/378/226 240/377/225 241/379/227
f 241/336/227 242/337/228 120/338/226
f 120/338/226 242/337/228 121/339/229
f 128/340/230 251/380/231 244/342/232
f 128/340/230 244/342/232 129/343/233
f 244/342/232 251/380/231 242/345/234
f 242/345/234 251/380/231 243/381/235
f 243/381/235 122/346/236 242/345/234
f 242/345/234 122/346/236 121/347/237
f 122/382/236 243/383/235 245/384/238
f 122/382/236 245/384/238 123/385/239
f 246/386/240 126/353/241 247/354/242
f 246/386/240 247/354/242 245/387/238
f 245/387/238 247/354/242 248/356/243
f 245/387/238 248/356/243 123/357/239
f 123/357/239 248/356/243 124/358/244
f 126/353/241 125/359/245 247/354/242
f 119/360/224 124/361/246 240/362/225
f 240/362/225 124/361/246 248/363/247
f 126/388/241 246/389/240 127/390/248
f 127/390/248 246/389/240 249/391/249
f 127/390/248 249/391/249 253/392/250
f 253/392/250 249/391/249 250/393/251
f 253/392/250 250/393/251 252/394/252
f 252/394/252 250/393/251 130/395/253
f 130/395/253 250/393/251 251/396/231
f 130/395/253 251/396/231 128/397/230
f 125/398/254 127/361/255 247/399/256
f 247/399/256 127/361/255 253/363/257
f 130/398/258 129/361/259 252/399/260
f 252/399/260 129/361/259 244/363/261
f 254/400/262 132/353/263 255/354/264
f 254/400/262 255/354/264 291/401/265
f 291/401/265 255/354/264 256/356/266
f 291/401/265 256/356/266 165/357/267
f 165/357/267 256/356/266 166/358/268
f 132/353/263 131/359/269 255/354/264
f 132/388/263 254/389/262 133/402/270
f 133/402/270 254/389/262 257/403/271
f 133/402/270 257/403/271 261/404/272
f 261/404/272 257/403/271 258/405/273
f 261/404/272 258/405/273 260/394/274
f 260/394/274 258/405/273 136/406/275
f 136/406/275 258/405/273 259/396/276
f 136/406/275 259/396/276 134/397/277
f 131/398/278 133/361/279 255/399/280
f 255/399/280 133/361/279 261/363/281
f 134/340/277 259/407/276 264/342/282
f 134/340/277 264/342/282 135/343/283
f 264/342/282 259/407/276 263/345/284
f 263/345/284 259/407/276 262/408/285
f 262/408/285 164/346/286 263/345/284
f 263/345/284 164/346/286 163/347/287
f 136/398/288 135/361/289 260/399/290
f 260/399/290 135/361/289 264/363/291
f 138/388/193 228/389/192 139/409/292
f 139/409/292 228/389/192 265/410/293
f 139/409/292 265/410/293 269/411/294
f 269/411/294 265/410/293 266/412/295
f 269/411/294 266/412/295 268/394/296
f 268/394/296 266/412/295 142/413/297
f 142/413/297 266/412/295 267/396/183
f 142/413/297 267/396/183 140/397/182
f 137/398/298 139/361/299 229/399/300
f 229/399/300 139/361/299 269/363/301
f 142/398/302 141/361/303 268/399/304
f 268/399/304 141/361/303 226/363/305
f 270/414/306 144/353/307 271/354/308
f 270/414/306 271/354/308 288/415/309
f 288/415/309 271/354/308 272/356/310
f 288/415/309 272/356/310 159/357/311
f 159/357/311 272/356/310 160/358/312
f 144/353/307 143/359/313 271/354/308
f 144/388/307 270/389/306 145/416/314
f 145/416/314 270/389/306 273/417/315
f 145/416/314 273/417/315 277/411/316
f 277/411/316 273/417/315 274/418/317
f 277/411/316 274/418/317 276/394/318
f 276/394/318 274/418/317 148/419/319
f 148/419/319 274/418/317 275/396/320
f 148/419/319 275/396/320 146/397/321
f 143/398/322 145/361/323 271/399/324
f 271/399/324 145/361/323 277/363/325
f 146/340/321 275/420/320 280/342/326
f 146/340/321 280/342/326 147/343/327
f 275/420/320 278/421/328 280/342/326
f 280/342/326 278/421/328 279/345/329
f 278/421/328 158/346/330 279/345/329
f 279/345/329 158/346/330 157/347/331
f 148/398/332 147/361/333 276/399/334
f 276/399/334 147/361/333 280/363/335
f 150/388/217 237/389/216 151/422/336
f 151/422/336 237/389/216 281/423/337
f 151/422/336 281/423/337 285/404/338
f 285/404/338 281/423/337 282/424/339
f 285/404/338 282/424/339 284/394/340
f 284/394/340 282/424/339 154/425/341
f 154/425/341 282/424/339 283/396/207
f 154/425/341 283/396/207 152/397/206
f 149/398/342 151/361/343 238/399/344
f 238/399/344 151/361/343 285/363/345
f 154/398/346 153/361/347 284/399/348
f 284/399/348 153/361/347 235/363/349
f 155/426/350 286/427/351 287/428/352
f 155/426/350 287/428/352 156/429/353
f 287/336/352 279/337/354 156/338/353
f 156/338/353 279/337/354 157/339/355
f 158/430/330 278/431/328 288/432/309
f 158/430/330 288/432/309 159/433/311
f 155/360/350 160/361/356 286/362/351
f 286/362/351 160/361/356 272/363/357
f 161/434/358 289/435/359 162/436/360
f 162/436/360 289/435/359 290/437/361
f 290/336/361 263/337/362 162/338/360
f 162/338/360 263/337/362 163/339/363
f 164/438/286 262/439/285 291/440/265
f 164/438/286 291/440/265 165/441/267
f 161/360/358 166/361/364 289/362/359
f 289/362/359 166/361/364 256/363/365
f 292/442/366 168/443/367 167/444/368
f 168/443/367 292/442/366 185/445/369
f 168/443/367 185/445/369 169/446/370
f 169/446/370 185/445/369 293/447/371
f 169/446/370 293/447/371 170/448/372
f 170/448/372 293/447/371 182/449/373
f 170/448/372 182/449/373 171/450/374
f 171/450/374 182/449/373 294/451/375
f 171/450/374 294/451/375 172/452/376
f 172/452/376 294/451/375 179/453/377
f 172/452/376 179/453/377 173/454/378
f 173/454/378 179/453/377 295/455/379
f 173/454/378 295/455/379 174/456/380
f 174/456/380 295/455/379 176/457/381
f 174/456/380 176/457/381 167/444/368
f 167/444/368 176/457/381 292/442/366
f 204/458/124 314/459/382 296/460/383
f 296/460/383 314/459/382 308/461/384
f 308/461/384 314/459/382 313/462/385
f 308/461/384 313/462/385 307/463/386
f 307/463/386 313/462/385 312/464/387
f 307/463/386 312/464/387 305/465/388
f 305/465/388 312/464/387 311/466/389
f 305/465/388 311/466/389 310/467/390
f 305/465/388 310/467/390 304/468/391
f 304/468/391 310/467/390 303/469/392
f 303/469/392 310/467/390 302/470/393
f 303/469/392 302/470/393 301/471/394
f 301/471/394 302/470/393 300/472/395
f 300/472/395 302/470/393 310/467/390
f 204/458/124 298/473/396 297/474/397
f 204/458/124 297/474/397 314/459/382
f 314/459/382 297/474/397 313/462/385
f 313/462/385 297/474/397 317/475/398
f 313/462/385 317/475/398 312/464/387
f 312/464/387 317/475/398 316/476/399
f 312/464/387 316/476/399 311/466/389
f 311/466/389 316/476/399 315/477/400
f 311/466/389 315/477/400 309/478/401
f 309/478/401 315/477/400 300/472/395
f 309/478/401 300/472/395 310/467/390
f 317/475/398 297/474/397 298/473/396
f 317/475/398 298/473/396 319/479/402
f 319/479/402 298/473/396 299/480/403
f 319/479/402 299/480/403 318/481/404
f 318/481/404 299/480/403 300/472/395
f 318/481/404 300/472/395 319/479/402
f 319/479/402 300/472/395 315/477/400
f 319/479/402 315/477/400 316/476/399
f 303/469/392 301/471/394 304/468/391
f 304/468/391 301/471/394 187/482/405
f 304/468/391 187/482/405 306/483/406
f 306/483/406 187/482/405 307/463/386
f 306/483/406 307/463/386 305/465/388
f 307/463/386 187/482/405 308/461/384
f 308/461/384 187/482/405 296/460/383
f 296/460/383 187/482/405 204/484/124
f 305/465/388 304/468/391 306/483/406
f 311/466/389 309/478/401 310/467/390
f 316/476/399 317/475/398 319/479/402
f 187/485/405 301/486/394 320/487/407
f 321/488/408 188/489/120 320/490/407
f 320/490/407 188/489/120 187/491/405
f 323/492/409 322/493/410 321/494/408
f 321/494/408 322/493/410 188/487/120
f 188/487/120 322/493/410 189/486/121
f 189/495/121 340/496/411 324/497/412
f 324/497/412 340/496/411 334/498/413
f 189/495/121 322/499/410 325/500/414
f 189/495/121 325/500/414 339/501/415
f 339/501/415 325/500/414 338/502/416
f 338/502/416 325/500/414 343/503/417
f 338/502/416 343/503/417 337/504/2
f 337/504/2 343/503/417 336/505/418
f 336/505/418 343/503/417 341/506/419
f 336/505/418 341/506/419 335/507/420
f 335/507/420 341/506/419 326/508/421
f 326/508/421 341/506/419 345/509/422
f 345/509/422 341/506/419 342/510/423
f 345/509/422 342/510/423 322/499/410
f 322/499/410 342/510/423 343/503/417
f 322/499/410 343/503/417 325/500/414
f 322/499/410 323/511/409 345/509/422
f 345/509/422 323/511/409 344/512/424
f 344/512/424 323/511/409 326/508/421
f 344/512/424 326/508/421 345/509/422
f 327/513/425 328/514/426 326/508/421
f 326/508/421 328/514/426 335/507/420
f 335/507/420 328/514/426 329/515/427
f 335/507/420 329/515/427 336/505/418
f 336/505/418 329/515/427 337/504/2
f 337/504/2 329/515/427 331/516/428
f 337/504/2 331/516/428 338/502/416
f 338/502/416 331/516/428 340/496/411
f 340/496/411 331/516/428 333/517/429
f 340/496/411 333/517/429 334/498/413
f 328/514/426 327/513/425 330/518/430
f 328/514/426 330/518/430 329/515/427
f 330/518/430 327/513/425 190/519/431
f 330/518/430 190/519/431 332/520/432
f 332/520/432 190/519/431 333/517/429
f 333/517/429 190/519/431 334/498/413
f 334/498/413 190/519/431 324/497/412
f 324/497/412 190/519/431 189/521/121
f 329/515/427 330/518/430 331/516/428
f 331/516/428 330/518/430 332/520/432
f 331/516/428 332/520/432 333/517/429
f 339/501/415 338/502/416 340/496/411
f 339/501/415 340/496/411 189/495/121
f 342/510/423 341/506/419 343/503/417
f 190/522/431 327/486/425 346/487/433
f 347/488/434 191/523/140 346/490/433
f 346/490/433 191/523/140 190/524/431
f 349/492/435 348/525/436 347/494/434
f 347/494/434 348/525/436 191/487/140
f 191/487/140 348/525/436 192/486/142
f 192/526/142 365/527/437 350/528/438
f 350/528/438 365/527/437 366/529/439
f 350/528/438 366/529/439 359/530/440
f 359/530/440 366/529/439 357/531/441
f 357/531/441 366/529/439 364/532/442
f 357/531/441 364/532/442 363/533/443
f 357/531/441 363/533/443 355/534/444
f 355/534/444 363/533/443 362/535/445
f 355/534/444 362/535/445 361/536/446
f 355/534/444 361/536/446 354/537/447
f 354/537/447 361/536/446 352/538/448
f 354/537/447 352/538/448 353/539/449
f 354/537/447 353/539/449 356/540/450
f 354/537/447 356/540/450 355/534/444
f 192/526/142 348/541/436 351/542/451
f 192/526/142 351/542/451 365/527/437
f 365/527/437 351/542/451 364/532/442
f 364/532/442 351/542/451 369/543/452
f 364/532/442 369/543/452 363/533/443
f 363/533/443 369/543/452 368/544/453
f 363/533/443 368/544/453 362/535/445
f 362/535/445 368/544/453 367/545/454
f 362/535/445 367/545/454 361/536/446
f 361/536/446 367/545/454 352/538/448
f 352/538/448 367/545/454 371/546/455
f 371/546/455 367/545/454 368/544/453
f 371/546/455 368/544/453 369/543/452
f 371/546/455 369/543/452 348/541/436
f 348/541/436 369/543/452 351/542/451
f 348/541/436 349/547/435 371/546/455
f 371/546/455 349/547/435 370/548/456
f 370/548/456 349/547/435 352/538/448
f 370/548/456 352/538/448 371/546/455
f 356/540/450 353/539/449 194/549/457
f 356/540/450 194/549/457 358/550/458
f 358/550/458 194/549/457 360/551/459
f 358/550/458 360/551/459 359/530/440
f 360/551/459 194/549/457 193/552/137
f 193/552/137 350/528/438 360/551/459
f 360/551/459 350/528/438 359/530/440
f 355/534/444 356/540/450 357/531/441
f 357/531/441 356/540/450 358/550/458
f 357/531/441 358/550/458 359/530/440
f 365/527/437 364/532/442 366/529/439
f 194/492/460 353/486/461 195/494/462
f 195/494/462 353/486/461 372/487/463
f 373/488/464 196/553/135 195/554/462
f 373/488/464 195/554/462 372/490/463
f 375/492/465 374/555/466 373/494/464
f 373/494/464 374/555/466 196/487/135
f 196/487/135 374/555/466 197/486/133
f 197/556/133 392/557/467 376/558/468
f 376/558/468 392/557/467 386/559/469
f 386/559/469 392/557/467 385/560/470
f 385/560/470 392/557/467 391/561/471
f 385/560/470 391/561/471 383/562/472
f 383/562/472 391/561/471 390/563/2
f 383/562/472 390/563/2 381/564/473
f 381/564/473 390/563/2 388/565/474
f 381/564/473 388/565/474 387/566/475
f 381/564/473 387/566/475 380/567/476
f 380/567/476 387/566/475 378/568/477
f 380/567/476 378/568/477 379/569/478
f 380/567/476 379/569/478 382/570/479
f 380/567/476 382/570/479 381/564/473
f 197/556/133 374/571/466 377/572/480
f 197/556/133 377/572/480 392/557/467
f 392/557/467 377/572/480 391/561/471
f 391/561/471 377/572/480 389/573/481
f 389/573/481 377/572/480 395/574/482
f 389/573/481 395/574/482 394/575/483
f 389/573/481 394/575/483 388/565/474
f 388/565/474 394/575/483 393/576/484
f 388/565/474 393/576/484 387/566/475
f 387/566/475 393/576/484 378/568/477
f 378/568/477 393/576/484 397/577/485
f 397/577/485 393/576/484 394/575/483
f 397/577/485 394/575/483 395/574/482
f 397/577/485 395/574/482 374/571/466
f 374/571/466 395/574/482 377/572/480
f 374/571/466 375/578/465 397/577/485
f 397/577/485 375/578/465 396/579/486
f 396/579/486 375/578/465 378/568/477
f 396/579/486 378/568/477 397/577/485
f 382/570/479 379/569/478 198/580/487
f 382/570/479 198/580/487 384/581/488
f 384/581/488 198/580/487 385/560/470
f 385/560/470 198/580/487 386/559/469
f 386/559/469 198/580/487 376/558/468
f 376/558/468 198/580/487 197/582/133
f 381/564/473 382/570/479 383/562/472
f 383/562/472 382/570/479 384/581/488
f 383/562/472 384/581/488 385/560/470
f 389/573/481 388/565/474 390/563/2
f 389/573/481 390/563/2 391/561/471
f 198/492/132 379/486/489 199/494/131
f 199/494/131 379/486/489 398/487/490
f 399/488/491 200/583/129 199/584/131
f 399/488/491 199/584/131 398/490/490
f 401/492/492 400/585/493 399/494/491
f 399/494/491 400/585/493 200/487/129
f 200/487/129 400/585/493 201/486/128
f 201/586/128 417/587/494 402/588/495
f 402/588/495 417/587/494 410/589/496
f 402/588/495 410/589/496 411/590/497
f 201/586/128 400/591/493 403/592/498
f 201/586/128 403/592/498 416/593/499
f 416/593/499 403/592/498 414/594/500
f 414/594/500 403/592/498 420/595/501
f 414/594/500 420/595/501 419/596/502
f 414/594/500 419/596/502 412/597/503
f 412/597/503 419/596/502 418/598/504
f 412/597/503 418/598/504 404/599/505
f 404/599/505 418/598/504 422/600/506
f 422/600/506 418/598/504 419/596/502
f 422/600/506 419/596/502 420/595/501
f 422/600/506 420/595/501 400/591/493
f 400/591/493 420/595/501 403/592/498
f 400/591/493 401/601/492 422/600/506
f 422/600/506 401/601/492 421/602/507
f 421/602/507 401/601/492 404/599/505
f 421/602/507 404/599/505 422/600/506
f 405/603/508 423/604/509 404/599/505
f 404/599/505 423/604/509 413/605/510
f 413/605/510 423/604/509 406/606/511
f 413/605/510 406/606/511 415/607/512
f 415/607/512 406/606/511 408/608/513
f 415/607/512 408/608/513 417/587/494
f 417/587/494 408/608/513 410/589/496
f 423/604/509 405/603/508 407/609/514
f 423/604/509 407/609/514 406/606/511
f 407/609/514 405/603/508 202/610/515
f 407/609/514 202/610/515 409/611/516
f 409/611/516 202/610/515 411/590/497
f 409/611/516 411/590/497 410/589/496
f 411/590/497 202/610/515 402/588/495
f 402/588/495 202/610/515 201/612/128
f 406/606/511 407/609/514 408/608/513
f 408/608/513 407/609/514 409/611/516
f 408/608/513 409/611/516 410/589/496
f 412/597/503 413/605/510 414/594/500
f 414/594/500 413/605/510 415/607/512
f 413/605/510 412/597/503 404/599/505
f 414/594/500 415/607/512 416/593/499
f 416/593/499 415/607/512 417/587/494
f 416/593/499 417/587/494 201/586/128
f 202/613/515 405/486/508 424/487/517
f 425/488/518 203/614/125 424/490/519
f 424/490/519 203/614/125 202/615/520
f 299/492/403 298/616/396 425/494/518
f 425/494/518 298/616/396 203/487/125
f 203/487/125 298/616/396 204/486/124
f 427/617/521 213/618/522 426/619/523
f 426/619/523 213/618/522 212/620/524
f 426/619/523 212/620/524 447/621/525
f 447/621/525 212/620/524 211/622/526
f 447/621/525 211/622/526 446/623/527
f 446/623/527 211/622/526 445/624/528
f 445/624/528 211/622/526 210/625/529
f 445/624/528 210/625/529 444/626/530
f 444/626/530 210/625/529 443/627/531
f 443/627/531 210/625/529 209/628/532
f 443/627/531 209/628/532 442/629/533
f 442/629/533 209/628/532 441/630/534
f 441/630/534 209/628/532 208/631/535
f 441/630/534 208/631/535 207/632/536
f 441/630/534 207/632/536 440/633/537
f 440/633/537 207/632/536 206/634/538
f 440/633/537 206/634/538 439/635/539
f 439/635/539 206/634/538 438/636/540
f 438/636/540 206/634/538 205/637/541
f 438/636/540 205/637/541 437/638/542
f 437/638/542 205/637/541 221/639/543
f 437/638/542 221/639/543 436/640/544
f 436/640/544 221/639/543 220/641/545
f 436/640/544 220/641/545 435/642/546
f 435/642/546 220/641/545 219/643/547
f 435/642/546 219/643/547 434/644/548
f 434/644/548 219/643/547 218/645/549
f 434/644/548 218/645/549 433/646/550
f 433/646/550 218/645/549 217/647/551
f 433/646/550 217/647/551 432/648/552
f 432/648/552 217/647/551 431/649/553
f 431/649/553 217/647/551 216/650/554
f 431/649/553 216/650/554 430/651/555
f 430/651/555 216/650/554 429/652/556
f 429/652/556 216/650/554 215/653/557
f 429/652/556 215/653/557 428/654/558
f 428/654/558 215/653/557 214/655/559
f 428/654/558 214/655/559 427/617/521
f 427/617/521 214/655/559 213/618/522
f 223/656/2 268/657/2 226/658/2
f 223/656/2 226/658/2 224/659/2
f 223/656/2 222/660/2 268/657/2
f 268/657/2 222/660/2 269/661/560
f 269/661/560 222/660/2 229/662/2
f 229/662/2 222/660/2 230/663/2
f 228/664/561 454/665/562 448/666/563
f 228/664/561 448/666/563 265/667/564
f 265/667/564 448/666/563 449/668/565
f 265/667/564 449/668/565 266/669/566
f 266/669/566 449/668/565 450/670/567
f 266/669/566 450/670/567 267/671/568
f 267/671/568 450/670/567 451/672/569
f 267/671/568 451/672/569 225/673/570
f 225/673/570 451/672/569 452/674/571
f 225/673/570 452/674/571 227/675/572
f 227/675/572 452/674/571 453/676/573
f 227/675/572 453/676/573 228/664/561
f 228/664/561 453/676/573 454/665/562
f 232/677/2 284/657/2 235/658/2
f 232/677/2 235/658/2 233/659/2
f 284/657/2 232/677/2 231/678/2
f 284/657/2 231/678/2 285/679/387
f 285/679/387 231/678/2 238/662/2
f 238/662/2 231/678/2 239/663/2
f 455/680/574 456/681/575 283/682/576
f 283/682/576 456/681/575 234/683/577
f 234/683/577 456/681/575 457/684/578
f 234/683/577 457/684/578 236/685/579
f 236/685/579 457/684/578 458/686/580
f 236/685/579 458/686/580 237/687/581
f 237/687/581 458/686/580 459/688/582
f 237/687/581 459/688/582 281/689/583
f 281/689/583 459/688/582 460/690/584
f 281/689/583 460/690/584 282/691/585
f 282/691/585 460/690/584 455/680/574
f 282/691/585 455/680/574 283/682/576
f 241/692/2 252/657/2 244/658/2
f 241/692/2 244/658/2 242/659/2
f 241/692/2 240/693/2 252/657/2
f 252/657/2 240/693/2 253/694/586
f 253/694/586 240/693/2 247/662/2
f 247/662/2 240/693/2 248/663/2
f 246/695/587 466/696/588 249/697/589
f 249/697/589 466/696/588 461/698/590
f 249/697/589 461/698/590 250/699/591
f 250/699/591 461/698/590 462/700/592
f 250/699/591 462/700/592 251/701/593
f 251/701/593 462/700/592 463/702/594
f 464/703/595 243/704/596 463/702/594
f 463/702/594 243/704/596 251/701/593
f 464/703/595 245/705/597 243/704/596
f 465/706/598 245/705/597 464/703/595
f 465/706/598 246/695/587 245/705/597
f 466/696/588 246/695/587 465/706/598
f 290/707/2 260/657/2 264/658/2
f 290/707/2 264/658/2 263/659/2
f 260/657/2 290/707/2 289/708/2
f 260/657/2 289/708/2 261/679/2
f 261/679/2 289/708/2 255/662/2
f 255/662/2 289/708/2 256/663/2
f 254/709/599 472/710/600 257/711/601
f 257/711/601 472/710/600 467/712/602
f 257/711/601 467/712/602 258/713/603
f 258/713/603 467/712/602 468/714/604
f 258/713/603 468/714/604 259/715/605
f 259/715/605 468/714/604 469/716/606
f 259/715/605 469/716/606 262/717/607
f 262/717/607 469/716/606 470/718/608
f 262/717/607 470/718/608 291/719/609
f 291/719/609 470/718/608 471/720/610
f 291/719/609 471/720/610 254/709/599
f 254/709/599 471/720/610 472/710/600
f 287/721/2 276/657/2 280/658/2
f 287/721/2 280/658/2 279/659/2
f 287/721/2 286/722/2 276/657/2
f 276/657/2 286/722/2 277/661/611
f 277/661/611 286/722/2 271/662/2
f 271/662/2 286/722/2 272/663/2
f 270/723/612 473/724/613 273/725/614
f 273/725/614 473/724/613 474/726/615
f 273/725/614 474/726/615 274/727/616
f 274/727/616 474/726/615 475/728/617
f 274/727/616 475/728/617 275/729/618
f 275/729/618 475/728/617 476/730/619
f 477/731/620 278/732/621 476/730/619
f 477/731/620 288/733/622 278/732/621
f 478/734/623 288/733/622 477/731/620
f 478/734/623 270/723/612 288/733/622
f 478/734/623 473/724/613 270/723/612
f 476/730/619 278/732/621 275/729/618
f 480/735/624 479/736/625 454/737/626
f 454/737/626 453/738/627 480/735/624
f 480/735/624 453/738/627 425/739/518
f 425/739/518 453/738/627 299/740/403
f 299/741/628 453/742/629 300/743/630
f 300/743/630 453/742/629 452/744/631
f 300/743/630 452/744/631 301/745/632
f 301/745/632 452/744/631 451/746/633
f 450/747/567 481/748/634 451/749/569
f 451/749/569 481/748/634 482/750/635
f 320/751/407 451/749/569 482/750/635
f 320/751/407 301/752/394 451/749/569
f 321/753/636 320/754/636 483/755/636
f 483/755/636 320/754/636 482/756/636
f 484/757/637 472/758/638 483/735/639
f 472/758/638 471/759/640 483/735/639
f 483/735/639 471/759/640 321/739/408
f 321/739/408 471/759/640 323/760/409
f 323/761/641 471/762/642 326/763/643
f 326/763/643 471/762/642 470/764/644
f 326/763/643 470/764/644 327/765/645
f 327/765/645 470/764/644 469/766/646
f 468/767/604 485/768/647 486/750/648
f 346/751/433 469/769/606 486/750/648
f 346/751/433 327/770/425 469/769/606
f 469/769/606 468/767/604 486/750/648
f 347/753/649 346/754/649 487/755/649
f 487/755/649 346/754/649 486/756/649
f 487/735/650 488/771/651 466/772/652
f 466/772/652 465/773/653 487/735/650
f 487/735/650 465/773/653 347/739/434
f 347/739/434 465/773/653 349/760/435
f 349/774/654 465/775/655 352/776/656
f 352/776/656 465/775/655 464/777/657
f 352/776/656 464/777/657 353/778/658
f 353/778/658 464/777/657 463/779/659
f 463/780/594 462/781/592 490/750/660
f 490/750/660 462/781/592 489/782/661
f 372/751/463 463/780/594 490/750/660
f 372/751/463 353/783/461 463/780/594
f 350/784/438 193/785/137 192/786/142
f 373/753/662 372/754/662 491/755/662
f 491/755/662 372/754/662 490/756/662
f 492/757/663 459/787/664 491/735/665
f 491/735/665 459/787/664 458/788/666
f 491/735/665 458/788/666 373/739/464
f 373/739/464 458/788/666 375/789/465
f 375/790/667 458/791/668 378/792/669
f 378/792/669 458/791/668 457/793/670
f 378/792/669 457/793/670 379/794/671
f 379/794/671 457/793/670 456/795/672
f 455/747/574 493/796/673 456/797/575
f 456/797/575 493/796/673 494/750/674
f 398/751/490 456/797/575 494/750/674
f 398/751/490 379/798/489 456/797/575
f 399/751/675 398/799/675 495/750/675
f 495/750/675 398/799/675 494/800/675
f 496/757/676 473/801/677 495/735/678
f 495/735/678 473/801/677 478/802/679
f 495/735/678 478/802/679 399/739/491
f 399/739/491 478/802/679 401/803/492
f 401/804/680 478/805/681 404/806/682
f 404/806/682 478/805/681 477/807/683
f 404/806/682 477/807/683 405/808/684
f 405/808/684 477/807/683 476/809/685
f 476/810/619 475/811/617 498/750/686
f 498/750/686 475/811/617 497/782/687
f 424/751/517 476/810/619 498/750/686
f 424/751/517 405/812/508 476/810/619
f 425/753/688 424/754/688 480/755/688
f 480/755/688 424/754/688 498/756/688
f 440/813/537 499/814/689 441/815/534
f 498/856/686 497/857/687 480/858/624
f 480/858/624 497/857/687 479/859/625
f 481/860/634 484/861/637 482/856/635
f 482/856/635 484/861/637 483/858/639
f 485/860/647 488/862/651 486/856/648
f 486/856/648 488/862/651 487/858/650
f 490/856/660 489/863/661 491/858/713
f 491/858/713 489/863/661 492/859/714
f 496/864/676 495/865/678 493/866/673
f 493/866/673 495/865/678 494/867/674
f 511/868/715 435/869/546 485/870/716
f 485/870/716 435/869/546 488/871/717
f 488/871/717 435/869/546 434/872/548
f 488/871/717 434/872/548 506/873/718
f 506/873/718 434/872/548 433/874/550
f 506/873/718 433/874/550 432/875/552
f 506/873/718 432/875/552 507/876/719
f 507/876/719 432/875/552 431/877/553
f 507/876/719 431/877/553 508/878/720
f 508/878/720 431/877/553 430/879/555
f 508/878/720 430/879/555 489/880/721
f 489/880/721 430/879/555 429/881/556
f 489/880/721 429/881/556 492/882/722
f 492/882/722 429/881/556 503/883/723
f 503/883/723 429/881/556 428/884/558
f 503/883/723 428/884/558 504/885/724
f 504/885/724 428/884/558 427/886/521
f 504/885/724 427/886/521 505/887/725
f 505/887/725 427/886/521 426/888/523
f 505/887/725 426/888/523 493/889/726
f 493/889/726 426/888/523 447/890/525
f 493/889/726 447/890/525 496/891/727
f 496/891/727 447/890/525 446/892/527
f 496/891/727 446/892/527 512/893/728
f 512/893/728 446/892/527 445/894/528
f 512/893/728 445/894/528 513/895/729
f 513/895/729 445/894/528 444/896/530
f 513/895/729 444/896/530 514/897/730
f 514/897/730 444/896/530 443/898/531
f 514/897/730 443/898/531 497/899/731
f 497/899/731 443/898/531 442/900/533
f 497/899/731 442/900/533 479/901/625
f 479/901/625 442/900/533 441/902/534
f 479/901/625 441/902/534 500/903/690
f 500/903/690 441/902/534 501/904/732
f 501/904/732 441/902/534 499/905/689
f 501/904/732 499/905/689 502/906/733
f 502/906/733 499/905/689 440/907/537
f 502/906/733 440/907/537 481/908/734
f 481/908/734 440/907/537 439/909/539
f 481/908/734 439/909/539 484/910/735
f 484/910/735 439/909/539 438/911/540
f 484/910/735 438/911/540 509/912/736
f 509/913/736 438/914/540 437/915/542
f 509/913/736 437/915/542 510/916/737
f 510/916/737 437/915/542 436/917/544
f 510/916/737 436/917/544 511/868/715
f 511/868/715 436/917/544 435/869/546
f 292/918/366 175/919/738 186/920/102
f 292/918/366 186/920/102 185/921/104
f 293/922/371 185/921/369 184/923/739
f 293/922/371 184/923/739 183/924/107
f 293/922/371 183/924/107 182/925/109
f 294/926/375 182/925/373 181/927/740
f 294/926/375 181/927/740 180/928/112
f 294/926/375 180/928/112 179/929/114
f 295/930/379 179/929/377 178/931/741
f 295/930/379 178/931/741 177/932/117
f 295/930/379 177/932/117 176/933/118
f 292/934/366 176/933/381 175/935/738
usemtl Opaque(76,153,0)
f 479/816/625 500/817/690 454/818/626
f 454/818/626 500/817/690 448/819/691
f 448/819/691 500/817/690 501/820/692
f 448/819/691 501/820/692 449/821/693
f 449/821/693 501/820/692 502/822/694
f 449/821/693 502/822/694 450/823/567
f 450/823/567 502/822/694 481/824/634
f 492/825/695 503/826/696 459/827/697
f 459/827/697 503/826/696 460/828/698
f 460/828/698 503/826/696 504/829/699
f 460/828/698 504/829/699 505/830/700
f 460/828/698 505/830/700 455/831/574
f 455/831/574 505/830/700 493/832/673
f 466/833/652 488/834/651 506/835/701
f 466/833/652 506/835/701 461/836/702
f 461/836/702 506/835/701 507/837/703
f 461/836/702 507/837/703 508/838/704
f 461/836/702 508/838/704 462/839/592
f 462/839/592 508/838/704 489/840/661
f 472/841/638 484/842/637 509/843/705
f 472/841/638 509/843/705 467/844/706
f 467/844/706 509/843/705 510/845/707
f 467/844/706 510/845/707 511/846/708
f 467/844/706 511/846/708 468/847/604
f 468/847/604 511/846/708 485/848/647
f 473/849/677 496/850/676 512/851/709
f 473/849/677 512/851/709 474/852/710
f 474/852/710 512/851/709 513/853/711
f 474/852/710 513/853/711 514/854/712
f 474/852/710 514/854/712 475/855/617
f 475/855/617 514/854/712 497/840/687
f 1057/1841/1278 1096/1842/1279 1058/1843/1280
f 1058/1843/1280 1088/1844/1281 1059/1845/1282
f 1059/1845/1282 1088/1844/1281 1093/1846/1283
f 1059/1845/1282 1093/1846/1283 1113/1847/1284
f 1055/1848/1285 1073/1849/1286 1060/1850/1287
f 1060/1850/1287 1065/1851/1288 1061/1852/1289
f 1061/1852/1289 1065/1851/1288 1070/1853/1290
f 1061/1852/1289 1070/1853/1290 1123/1854/1291
f 1115/1855/1292 1116/1856/1293 1056/1857/1294
f 1105/1858/1295 1106/1859/1296 1050/1860/1297
f 1105/1861/1295 1104/1862/1298 1096/1842/1279
f 1096/1842/1279 1107/1863/1299 1088/1844/1281
f 1115/1864/1292 1114/1865/1300 1073/1849/1286
f 1073/1849/1286 1117/1866/1301 1065/1851/1288
f 1051/1867/1302 1123/1854/1291 1121/1868/1303
f 1121/1868/1303 1123/1854/1291 1070/1853/1290
f 1114/1865/1300 1115/1864/1292 1081/1869/1304
f 1081/1869/1304 1113/1847/1284 1111/1870/1305
f 1111/1870/1305 1113/1847/1284 1093/1846/1283
f 1104/1862/1298 1105/1861/1295 1051/1871/1302
f 1097/1872/1306 1103/1873/1307 1107/1863/1299
f 1074/1874/1308 1080/1875/1309 1117/1866/1301
f 1122/1876/1310 1121/1868/1303 1066/1877/1311
f 1067/1878/1312 1066/1877/1311 1117/1866/1301
f 1074/1874/1308 1114/1865/1300 1085/1879/1313
f 1085/1879/1313 1114/1865/1300 1111/1870/1305
f 1112/1880/1314 1111/1870/1305 1089/1881/1315
f 1090/1882/1316 1089/1881/1315 1107/1863/1299
f 1097/1872/1306 1104/1862/1298 1052/1883/1317
f 1052/1883/1317 1104/1862/1298 1121/1884/1303
f 1052/1883/1317 1053/1885/1318 1063/1886/1319
f 1103/1873/1307 1102/1887/1320 1109/1888/1321
f 1090/1882/1316 1091/1889/1322 1092/1890/1323
f 1085/1879/1313 1082/1891/1324 1083/1892/1325
f 1085/1879/1313 1083/1892/1325 1087/1893/1326
f 1080/1875/1309 1079/1894/1327 1119/1895/1328
f 1067/1878/1312 1068/1896/1329 1069/1897/1330
f 1052/1898/1317 1064/1899/1331 1053/1900/1318
f 1068/1896/1329 1067/1878/1312 1119/1895/1328
f 1091/1889/1322 1090/1882/1316 1109/1888/1321
f 1099/1901/1332 1100/1902/1333 1102/1887/1320
f 1091/1889/1322 1100/1902/1333 1108/1903/1334
f 1091/1889/1322 1108/1903/1334 1095/1904/1335
f 1076/1905/1336 1077/1906/1337 1079/1894/1327
f 1068/1896/1329 1077/1906/1337 1118/1907/1338
f 1068/1896/1329 1118/1907/1338 1072/1908/1339
f 1054/1909/1340 1050/1860/1297 1106/1859/1296
f 1054/1909/1340 1106/1859/1296 1101/1910/1341
f 1101/1910/1341 1057/1911/1278 1108/1903/1334
f 1094/1912/1342 1108/1903/1334 1059/1913/1282
f 1084/1914/1343 1056/1857/1294 1116/1856/1293
f 1084/1914/1343 1116/1856/1293 1078/1915/1344
f 1078/1915/1344 1055/1916/1285 1118/1907/1338
f 1071/1917/1345 1118/1907/1338 1061/1918/1289
f 1078/1915/1344 1077/1906/1337 1084/1914/1343
f 1101/1910/1341 1100/1902/1333 1054/1909/1340
f 1123/1919/1291 1050/1920/1297 1071/1917/1345
f 1123/1919/1291 1071/1917/1345 1061/1918/1289
f 1060/1921/1287 1061/1918/1289 1118/1907/1338
f 1113/1922/1284 1056/1857/1294 1094/1912/1342
f 1113/1922/1284 1094/1912/1342 1059/1913/1282
f 1058/1923/1280 1059/1913/1282 1108/1903/1334
f 1050/1920/1297 1054/1924/1340 1071/1917/1345
f 1060/1921/1287 1118/1907/1338 1055/1916/1285
f 1055/1916/1285 1078/1915/1344 1116/1856/1293
f 1056/1857/1294 1084/1914/1343 1094/1912/1342
f 1058/1923/1280 1108/1903/1334 1057/1911/1278
f 1057/1911/1278 1101/1910/1341 1106/1859/1296
f 1054/1924/1340 1053/1900/1318 1071/1917/1345
f 1071/1917/1345 1053/1900/1318 1072/1908/1339
f 1071/1917/1345 1072/1908/1339 1118/1907/1338
f 1078/1915/1344 1118/1907/1338 1077/1906/1337
f 1084/1914/1343 1077/1906/1337 1086/1925/1346
f 1084/1914/1343 1086/1925/1346 1083/1892/1325
f 1084/1914/1343 1083/1892/1325 1094/1912/1342
f 1094/1912/1342 1083/1892/1325 1095/1904/1335
f 1094/1912/1342 1095/1904/1335 1108/1903/1334
f 1101/1910/1341 1108/1903/1334 1100/1902/1333
f 1054/1909/1340 1100/1902/1333 1062/1926/1347
f 1054/1909/1340 1062/1926/1347 1053/1885/1318
f 1077/1906/1337 1076/1905/1336 1086/1925/1346
f 1100/1902/1333 1099/1901/1332 1062/1926/1347
f 1053/1900/1318 1064/1899/1331 1120/1927/1348
f 1053/1900/1318 1120/1927/1348 1072/1908/1339
f 1072/1908/1339 1069/1897/1330 1068/1896/1329
f 1077/1906/1337 1068/1896/1329 1079/1894/1327
f 1076/1905/1336 1079/1894/1327 1075/1928/1349
f 1076/1905/1336 1075/1928/1349 1087/1893/1326
f 1076/1905/1336 1087/1893/1326 1086/1925/1346
f 1086/1925/1346 1087/1893/1326 1083/1892/1325
f 1083/1892/1325 1082/1891/1324 1110/1929/1350
f 1083/1892/1325 1110/1929/1350 1095/1904/1335
f 1095/1904/1335 1092/1890/1323 1091/1889/1322
f 1100/1902/1333 1091/1889/1322 1102/1887/1320
f 1099/1901/1332 1102/1887/1320 1098/1930/1351
f 1099/1901/1332 1098/1930/1351 1063/1886/1319
f 1099/1901/1332 1063/1886/1319 1062/1926/1347
f 1062/1926/1347 1063/1886/1319 1053/1885/1318
f 1072/1908/1339 1120/1927/1348 1069/1897/1330
f 1068/1896/1329 1119/1895/1328 1079/1894/1327
f 1079/1894/1327 1080/1875/1309 1075/1928/1349
f 1095/1904/1335 1110/1929/1350 1092/1890/1323
f 1091/1889/1322 1109/1888/1321 1102/1887/1320
f 1102/1887/1320 1103/1873/1307 1098/1930/1351
f 1120/1927/1348 1064/1899/1331 1122/1876/1310
f 1069/1897/1330 1120/1927/1348 1066/1877/1311
f 1069/1897/1330 1066/1877/1311 1067/1878/1312
f 1119/1895/1328 1067/1878/1312 1117/1866/1301
f 1075/1928/1349 1080/1875/1309 1074/1874/1308
f 1075/1928/1349 1074/1874/1308 1087/1893/1326
f 1110/1929/1350 1082/1891/1324 1112/1880/1314
f 1092/1890/1323 1110/1929/1350 1089/1881/1315
f 1092/1890/1323 1089/1881/1315 1090/1882/1316
f 1109/1888/1321 1090/1882/1316 1107/1863/1299
f 1098/1930/1351 1103/1873/1307 1097/1872/1306
f 1098/1930/1351 1097/1872/1306 1063/1886/1319
f 1064/1899/1331 1052/1898/1317 1121/1868/1303
f 1064/1899/1331 1121/1868/1303 1122/1876/1310
f 1120/1927/1348 1122/1876/1310 1066/1877/1311
f 1119/1895/1328 1117/1866/1301 1080/1875/1309
f 1087/1893/1326 1074/1874/1308 1085/1879/1313
f 1082/1891/1324 1085/1879/1313 1111/1870/1305
f 1082/1891/1324 1111/1870/1305 1112/1880/1314
f 1110/1929/1350 1112/1880/1314 1089/1881/1315
f 1109/1888/1321 1107/1863/1299 1103/1873/1307
f 1063/1886/1319 1097/1872/1306 1052/1883/1317
f 1074/1874/1308 1117/1866/1301 1114/1865/1300
f 1097/1872/1306 1107/1863/1299 1104/1862/1298
f 1121/1868/1303 1070/1853/1290 1066/1877/1311
f 1066/1877/1311 1070/1853/1290 1065/1851/1288
f 1066/1877/1311 1065/1851/1288 1117/1866/1301
f 1117/1866/1301 1073/1849/1286 1114/1865/1300
f 1111/1870/1305 1114/1865/1300 1081/1869/1304
f 1111/1870/1305 1093/1846/1283 1089/1881/1315
f 1089/1881/1315 1093/1846/1283 1088/1844/1281
f 1089/1881/1315 1088/1844/1281 1107/1863/1299
f 1107/1863/1299 1096/1842/1279 1104/1862/1298
f 1121/1884/1303 1104/1862/1298 1051/1871/1302
f 1051/1867/1302 1050/1931/1297 1123/1854/1291
f 1065/1851/1288 1060/1850/1287 1073/1849/1286
f 1073/1849/1286 1055/1848/1285 1115/1864/1292
f 1115/1864/1292 1055/1848/1285 1116/1932/1293
f 1081/1869/1304 1115/1864/1292 1056/1933/1294
f 1081/1869/1304 1056/1933/1294 1113/1847/1284
f 1088/1844/1281 1058/1843/1280 1096/1842/1279
f 1096/1842/1279 1057/1841/1278 1105/1861/1295
f 1105/1861/1295 1057/1841/1278 1106/1934/1296
f 1051/1871/1302 1105/1861/1295 1050/1935/1297
usemtl Opaque(144,144,144)
f 526/936/742 523/937/743 517/938/744
f 517/938/744 523/937/743 515/939/745
f 523/937/743 526/936/742 520/940/746
f 524/941/747 523/937/743 520/940/746
f 521/942/748 525/943/749 520/944/746
f 520/944/746 525/943/749 524/945/747
f 522/946/750 515/947/745 516/948/751
f 516/948/751 515/947/745 523/949/743
f 516/948/751 523/949/743 525/950/749
f 525/950/749 523/949/743 524/951/747
f 517/952/744 515/953/745 519/954/752
f 519/954/752 515/953/745 522/955/750
f 517/956/744 519/957/752 526/958/742
f 526/958/742 519/957/752 518/959/753
f 526/958/742 518/959/753 520/960/746
f 520/960/746 518/959/753 521/961/748
f 518/962/753 516/963/751 521/964/748
f 521/964/748 516/963/751 525/965/749
f 516/963/751 518/962/753 519/966/752
f 522/967/750 516/963/751 519/966/752
f 538/968/754 535/969/755 529/938/756
f 529/938/756 535/969/755 527/939/757
f 535/969/755 538/968/754 534/940/758
f 536/941/759 535/969/755 534/940/758
f 539/942/760 537/943/761 534/944/758
f 534/944/758 537/943/761 536/945/759
f 530/946/762 527/947/757 528/970/763
f 528/970/763 527/947/757 535/971/755
f 528/970/763 535/971/755 537/950/761
f 537/950/761 535/971/755 536/951/759
f 529/952/756 527/953/757 533/954/764
f 533/954/764 527/953/757 530/955/762
f 529/956/756 531/972/765 538/973/754
f 538/973/754 531/972/765 532/974/766
f 538/973/754 532/974/766 534/960/758
f 534/960/758 532/974/766 539/961/760
f 532/975/766 528/976/763 539/964/760
f 539/964/760 528/976/763 537/965/761
f 528/976/763 532/975/766 531/977/765
f 528/976/763 531/977/765 533/966/764
f 530/967/762 528/976/763 533/966/764
f 531/978/765 529/979/756 533/980/764
f 540/981/767 549/982/768 542/938/769
f 542/938/769 549/982/768 548/939/770
f 549/982/768 540/981/767 552/983/771
f 549/982/768 552/983/771 545/940/772
f 550/941/773 549/982/768 545/940/772
f 546/942/774 551/943/775 545/944/772
f 545/944/772 551/943/775 550/945/773
f 547/946/776 548/947/770 541/984/777
f 541/984/777 548/947/770 549/985/768
f 541/984/777 549/985/768 551/950/775
f 551/950/775 549/985/768 550/951/773
f 542/952/769 548/953/770 544/954/778
f 544/954/778 548/953/770 547/955/776
f 542/956/769 553/986/779 540/987/767
f 540/987/767 553/986/779 543/988/780
f 540/987/767 543/988/780 552/989/771
f 552/989/771 543/988/780 546/961/774
f 543/990/780 541/991/777 546/964/774
f 546/964/774 541/991/777 551/965/775
f 541/991/777 543/990/780 553/992/779
f 541/991/777 553/992/779 544/966/778
f 547/967/776 541/991/777 544/966/778
f 553/993/779 542/994/769 544/995/778
f 545/996/772 552/997/771 546/998/774
f 554/999/781 562/1000/782 556/938/783
f 556/938/783 562/1000/782 561/939/784
f 562/1000/782 554/999/781 566/1001/785
f 562/1000/782 566/1001/785 559/940/786
f 563/941/787 562/1000/782 559/940/786
f 560/942/788 564/943/789 559/944/786
f 559/944/786 564/943/789 563/945/787
f 565/946/790 561/947/784 555/1002/791
f 555/1002/791 561/947/784 562/1003/782
f 555/1002/791 562/1003/782 564/950/789
f 564/950/789 562/1003/782 563/951/787
f 556/952/783 561/953/784 558/954/792
f 558/954/792 561/953/784 565/955/790
f 556/956/783 558/957/792 554/1004/781
f 554/1004/781 558/957/792 557/1005/793
f 554/1004/781 557/1005/793 566/1006/785
f 566/1006/785 557/1005/793 560/961/788
f 557/1007/793 555/1008/791 560/964/788
f 560/964/788 555/1008/791 564/965/789
f 555/1008/791 557/1007/793 558/966/792
f 565/967/790 555/1008/791 558/966/792
f 559/1009/786 566/1010/785 560/1011/788
f 567/1012/794 573/1013/795 577/938/796
f 577/938/796 573/1013/795 572/939/797
f 573/1013/795 567/1012/794 571/1014/798
f 574/941/799 573/1013/795 571/1014/798
f 579/942/800 575/943/801 578/944/802
f 578/944/802 575/943/801 574/945/799
f 576/946/803 572/947/797 568/1015/804
f 568/1015/804 572/947/797 573/1016/795
f 568/1015/804 573/1016/795 575/950/801
f 575/950/801 573/1016/795 574/951/799
f 577/952/796 572/953/797 580/954/805
f 580/954/805 572/953/797 576/955/803
f 577/956/796 580/957/805 567/1017/794
f 567/1017/794 580/957/805 570/1018/806
f 567/1017/794 570/1018/806 569/1019/807
f 567/1017/794 569/1019/807 571/1020/798
f 571/1020/798 569/1019/807 578/960/802
f 578/960/802 569/1019/807 579/961/800
f 569/1021/807 568/1022/804 579/964/800
f 579/964/800 568/1022/804 575/965/801
f 568/1022/804 569/1021/807 570/1023/806
f 576/967/803 568/1022/804 570/1023/806
f 576/1024/803 570/1025/806 580/1026/805
f 574/1027/799 571/1028/798 578/1029/802
f 581/1030/808 589/1031/809 583/938/810
f 583/938/810 589/1031/809 588/939/811
f 589/1031/809 581/1030/808 593/1032/812
f 589/1031/809 593/1032/812 586/940/813
f 590/941/814 589/1031/809 586/940/813
f 587/942/815 591/943/816 586/944/813
f 586/944/813 591/943/816 590/945/814
f 592/946/817 588/947/811 582/1033/818
f 582/1033/818 588/947/811 589/1034/809
f 582/1033/818 589/1034/809 591/950/816
f 591/950/816 589/1034/809 590/951/814
f 583/952/810 588/953/811 585/954/819
f 585/954/819 588/953/811 592/955/817
f 583/956/810 594/1035/820 581/1036/808
f 581/1036/808 594/1035/820 584/1037/821
f 581/1036/808 584/1037/821 593/1038/812
f 593/1038/812 584/1037/821 587/961/815
f 584/1039/821 582/1040/818 587/964/815
f 587/964/815 582/1040/818 591/965/816
f 582/1040/818 584/1039/821 594/1041/820
f 582/1040/818 594/1041/820 585/966/819
f 592/967/817 582/1040/818 585/966/819
f 585/1042/819 594/1043/820 583/1044/810
f 586/1045/813 593/1046/812 587/1047/815
f 595/1048/822 603/1049/823 605/938/824
f 605/938/824 603/1049/823 602/939/825
f 603/1049/823 595/1048/822 601/1050/826
f 596/941/827 603/1049/823 601/1050/826
f 607/942/828 599/943/829 606/944/830
f 606/944/830 599/943/829 596/945/827
f 604/946/831 602/947/825 597/1051/832
f 597/1051/832 602/947/825 603/1052/823
f 597/1051/832 603/1052/823 599/950/829
f 599/950/829 603/1052/823 596/951/827
f 605/952/824 602/953/825 600/954/833
f 600/954/833 602/953/825 604/955/831
f 605/956/824 600/957/833 595/1053/822
f 595/1053/822 600/957/833 598/1054/834
f 595/1053/822 598/1054/834 601/1020/826
f 601/1020/826 598/1054/834 606/960/830
f 606/960/830 598/1054/834 607/961/828
f 598/1055/834 597/1056/832 607/964/828
f 607/964/828 597/1056/832 599/965/829
f 597/1056/832 598/1055/834 600/966/833
f 604/967/831 597/1056/832 600/966/833
f 596/1057/827 601/1058/826 606/1059/830
f 618/936/835 615/937/836 617/938/837
f 617/938/837 615/937/836 614/939/838
f 615/937/836 618/936/835 613/940/839
f 608/941/840 615/937/836 613/940/839
f 619/942/841 611/943/842 613/944/839
f 613/944/839 611/943/842 608/945/840
f 616/946/843 614/947/838 609/948/844
f 609/948/844 614/947/838 615/949/836
f 609/948/844 615/949/836 611/950/842
f 611/950/842 615/949/836 608/951/840
f 617/952/837 614/953/838 612/954/845
f 612/954/845 614/953/838 616/955/843
f 617/956/837 612/957/845 618/958/835
f 618/958/835 612/957/845 610/959/846
f 618/958/835 610/959/846 613/960/839
f 613/960/839 610/959/846 619/961/841
f 610/962/846 609/963/844 619/964/841
f 619/964/841 609/963/844 611/965/842
f 609/963/844 610/962/846 612/966/845
f 616/967/843 609/963/844 612/966/845
f 630/968/847 629/969/848 623/938/849
f 623/938/849 629/969/848 620/939/850
f 629/969/848 630/968/847 628/940/851
f 621/941/852 629/969/848 628/940/851
f 631/942/853 626/943/854 628/944/851
f 628/944/851 626/943/854 621/945/852
f 627/946/855 620/947/850 622/970/856
f 622/970/856 620/947/850 629/971/848
f 622/970/856 629/971/848 626/950/854
f 626/950/854 629/971/848 621/951/852
f 623/952/849 620/953/850 632/954/857
f 632/954/857 620/953/850 627/955/855
f 623/956/849 624/1060/858 630/973/847
f 630/973/847 624/1060/858 625/974/859
f 630/973/847 625/974/859 628/960/851
f 628/960/851 625/974/859 631/961/853
f 625/975/859 622/976/856 631/964/853
f 631/964/853 622/976/856 626/965/854
f 622/976/856 625/975/859 624/977/858
f 622/976/856 624/977/858 632/966/857
f 627/967/855 622/976/856 632/966/857
f 624/1061/858 623/1062/849 632/1063/857
f 633/981/860 644/982/861 636/938/862
f 636/938/862 644/982/861 643/939/863
f 644/982/861 633/981/860 645/1064/864
f 634/941/865 644/982/861 645/1064/864
f 639/942/866 641/943/867 640/944/868
f 640/944/868 641/943/867 634/945/865
f 642/946/869 643/947/863 635/984/870
f 635/984/870 643/947/863 644/985/861
f 635/984/870 644/985/861 641/950/867
f 641/950/867 644/985/861 634/951/865
f 636/952/862 643/953/863 646/954/871
f 646/954/871 643/953/863 642/955/869
f 636/956/862 637/1065/872 633/987/860
f 633/987/860 637/1065/872 638/988/873
f 633/987/860 638/988/873 645/1020/864
f 645/1020/864 638/988/873 640/960/868
f 640/960/868 638/988/873 639/961/866
f 638/990/873 635/991/870 639/964/866
f 639/964/866 635/991/870 641/965/867
f 635/991/870 638/990/873 637/992/872
f 635/991/870 637/992/872 646/966/871
f 642/967/869 635/991/870 646/966/871
f 634/1066/865 645/1067/864 640/1068/868
f 637/1069/872 636/1070/862 646/1071/871
f 647/999/874 656/1000/875 651/938/876
f 651/938/876 656/1000/875 648/939/877
f 656/1000/875 647/999/874 659/1072/878
f 657/941/879 656/1000/875 659/1072/878
f 653/942/880 655/943/881 654/944/882
f 654/944/882 655/943/881 657/945/879
f 650/946/883 648/947/877 649/1002/884
f 649/1002/884 648/947/877 656/1003/875
f 649/1002/884 656/1003/875 655/950/881
f 655/950/881 656/1003/875 657/951/879
f 651/952/876 648/953/877 660/954/885
f 660/954/885 648/953/877 650/955/883
f 651/956/876 658/1073/886 647/1004/874
f 647/1004/874 658/1073/886 652/1074/887
f 647/1004/874 652/1074/887 659/1020/878
f 659/1020/878 652/1074/887 654/960/882
f 654/960/882 652/1074/887 653/961/880
f 652/1075/887 649/1008/884 653/964/880
f 653/964/880 649/1008/884 655/965/881
f 649/1008/884 652/1075/887 658/1076/886
f 649/1008/884 658/1076/886 660/966/885
f 650/967/883 649/1008/884 660/966/885
f 657/1077/879 659/1078/878 654/1079/882
f 658/1080/886 651/1081/876 660/1082/885
f 661/1012/888 671/1013/889 666/938/890
f 666/938/890 671/1013/889 662/939/891
f 671/1013/889 661/1012/888 669/1083/892
f 671/1013/889 669/1083/892 673/940/893
f 663/941/894 671/1013/889 673/940/893
f 668/942/895 670/943/896 673/944/893
f 673/944/893 670/943/896 663/945/894
f 665/946/897 662/947/891 664/1015/898
f 664/1015/898 662/947/891 671/1016/889
f 664/1015/898 671/1016/889 670/950/896
f 670/950/896 671/1016/889 663/951/894
f 666/952/890 662/953/891 674/954/899
f 674/954/899 662/953/891 665/955/897
f 666/956/890 672/1084/900 661/1017/888
f 661/1017/888 672/1084/900 667/1019/901
f 661/1017/888 667/1019/901 669/1085/892
f 669/1085/892 667/1019/901 668/961/895
f 667/1021/901 664/1022/898 668/964/895
f 668/964/895 664/1022/898 670/965/896
f 664/1022/898 667/1021/901 672/1086/900
f 664/1022/898 672/1086/900 674/966/899
f 665/967/897 664/1022/898 674/966/899
f 674/1087/899 672/1088/900 666/1089/890
f 673/1090/893 669/1091/892 668/1092/895
f 675/1030/902 684/1031/903 680/938/904
f 680/938/904 684/1031/903 676/939/905
f 684/1031/903 675/1030/902 687/1093/906
f 685/941/907 684/1031/903 687/1093/906
f 682/942/908 686/943/909 683/944/910
f 683/944/910 686/943/909 685/945/907
f 679/946/911 676/947/905 677/1033/912
f 677/1033/912 676/947/905 684/1034/903
f 677/1033/912 684/1034/903 686/950/909
f 686/950/909 684/1034/903 685/951/907
f 680/952/904 676/953/905 678/954/913
f 678/954/913 676/953/905 679/955/911
f 680/956/904 678/957/913 675/1036/902
f 675/1036/902 678/957/913 688/1018/914
f 675/1036/902 688/1018/914 681/1037/915
f 675/1036/902 681/1037/915 687/1020/906
f 687/1020/906 681/1037/915 683/960/910
f 683/960/910 681/1037/915 682/961/908
f 681/1039/915 677/1040/912 682/964/908
f 682/964/908 677/1040/912 686/965/909
f 677/1040/912 681/1039/915 688/1094/914
f 679/967/911 677/1040/912 688/1094/914
f 679/1095/911 688/1096/914 678/1097/913
f 685/1098/907 687/1099/906 683/1100/910
f 689/1048/916 699/1049/917 700/938/918
f 700/938/918 699/1049/917 690/939/919
f 699/1049/917 689/1048/916 701/1050/920
f 691/941/921 699/1049/917 701/1050/920
f 694/942/922 696/943/923 695/944/924
f 695/944/924 696/943/923 691/945/921
f 698/946/925 690/947/919 692/1051/926
f 692/1051/926 690/947/919 699/1052/917
f 692/1051/926 699/1052/917 696/950/923
f 696/950/923 699/1052/917 691/951/921
f 700/952/918 690/953/919 697/954/927
f 697/954/927 690/953/919 698/955/925
f 700/956/918 697/957/927 689/1053/916
f 689/1053/916 697/957/927 693/1054/928
f 689/1053/916 693/1054/928 701/1020/920
f 701/1020/920 693/1054/928 695/960/924
f 695/960/924 693/1054/928 694/961/922
f 693/1055/928 692/1056/926 694/964/922
f 694/964/922 692/1056/926 696/965/923
f 692/1056/926 693/1055/928 697/966/927
f 698/967/925 692/1056/926 697/966/927
f 691/1101/921 701/1102/920 695/1103/924
f 2075/3609/2329 2076/3610/2330 2074/3611/2331
f 2072/3612/2332 2076/3613/2333 2071/3614/2334
f 2073/3615/2335 2076/3616/2336 2072/3612/2337
f 2071/3614/2338 2076/3617/2339 2070/3618/2340
f 2070/3618/2341 2076/3619/2342 2075/3609/2343
f 2074/3611/2344 2076/3620/2345 2073/3621/2346
f 2075/494/2347 2077/3622/2348 2070/3623/2349
f 2070/3623/2349 2077/3622/2348 2078/3624/2350
f 2070/494/2349 2078/3622/2350 2071/3625/2351
f 2071/3625/2351 2078/3622/2350 2079/3624/2352
f 2071/3626/2351 2079/3622/2352 2080/3624/2353
f 2071/3626/2351 2080/3624/2353 2072/3627/2354
f 2072/494/2355 2080/3622/2353 2073/3623/2356
f 2073/3623/2356 2080/3622/2353 2081/3624/2357
f 2073/494/2356 2081/3622/2357 2074/3625/2358
f 2074/3625/2358 2081/3622/2357 2082/3624/2359
f 2074/3626/2358 2082/3622/2359 2077/3624/2348
f 2074/3626/2358 2077/3624/2348 2075/3627/2360
f 2093/3628/2361 2079/3629/2352 2078/3630/2350
f 2096/3631/2362 2093/3628/2361 2099/3632/2363
f 2096/3631/2362 2099/3632/2363 2097/3633/2364
f 2097/3633/2364 2099/3632/2363 2089/3634/2365
f 2088/3635/2366 2089/3634/2365 2100/3636/2367
f 2088/3635/2366 2100/3636/2367 2102/3637/2368
f 2088/3635/2366 2102/3637/2368 2087/3638/2369
f 2087/3639/2369 2103/3640/2370 2086/3641/2371
f 2086/3641/2371 2105/3642/2372 2085/3643/2373
f 2084/3644/2374 2085/3643/2373 2108/3645/2375
f 2084/3644/2374 2108/3645/2375 2110/3646/2376
f 2084/3644/2374 2110/3646/2376 2083/3647/2377
f 2089/3634/2365 2099/3632/2363 2100/3636/2367
f 2093/3628/2361 2078/3630/2350 2098/3648/2378
f 2099/3632/2363 2098/3648/2378 2101/3649/2379
f 2100/3636/2367 2101/3649/2379 2102/3637/2368
f 2078/3630/2350 2077/3650/2348 2098/3648/2378
f 2098/3648/2378 2077/3650/2348 2082/3651/2359
f 2098/3648/2378 2082/3651/2359 2091/3652/2380
f 2098/3648/2378 2091/3652/2380 2092/3653/2381
f 2092/3654/2381 2104/3655/2382 2103/3640/2370
f 2091/3656/2380 2082/3657/2359 2081/3658/2357
f 2104/3655/2382 2091/3656/2380 2107/3659/2383
f 2104/3655/2382 2107/3659/2383 2105/3642/2372
f 2105/3642/2372 2107/3659/2383 2085/3643/2373
f 2085/3643/2373 2107/3659/2383 2108/3645/2375
f 2091/3656/2380 2081/3658/2357 2106/3660/2384
f 2107/3659/2383 2106/3660/2384 2109/3661/2385
f 2108/3645/2375 2109/3661/2385 2110/3646/2376
f 2081/3658/2357 2080/3662/2353 2106/3660/2384
f 2106/3660/2384 2080/3662/2353 2079/3629/2352
f 2106/3660/2384 2079/3629/2352 2093/3628/2361
f 2106/3660/2384 2093/3628/2361 2094/3663/2386
f 2089/3634/2365 2090/3664/2387 2097/3633/2364
f 2097/3633/2364 2090/3664/2387 2095/3665/2388
f 2097/3633/2364 2095/3665/2388 2096/3631/2362
f 2096/3631/2362 2094/3663/2386 2093/3628/2361
f 2096/3631/2362 2095/3665/2388 2094/3663/2386
f 2090/3664/2387 2083/3647/2377 2095/3665/2388
f 2095/3665/2388 2083/3647/2377 2094/3663/2386
f 2092/3653/2381 2087/3638/2369 2102/3637/2368
f 2092/3653/2381 2102/3637/2368 2101/3649/2379
f 2092/3654/2381 2103/3640/2370 2087/3639/2369
f 2093/3628/2361 2098/3648/2378 2099/3632/2363
f 2100/3636/2367 2099/3632/2363 2101/3649/2379
f 2101/3649/2379 2098/3648/2378 2092/3653/2381
f 2092/3654/2381 2091/3656/2380 2104/3655/2382
f 2103/3640/2370 2104/3655/2382 2105/3642/2372
f 2103/3640/2370 2105/3642/2372 2086/3641/2371
f 2091/3656/2380 2106/3660/2384 2107/3659/2383
f 2108/3645/2375 2107/3659/2383 2109/3661/2385
f 2109/3661/2385 2094/3663/2386 2110/3646/2376
f 2110/3646/2376 2094/3663/2386 2083/3647/2377
f 2109/3661/2385 2106/3660/2384 2094/3663/2386
f 2111/3666/2389 2083/3667/2390 2090/3668/2391
f 2111/3666/2389 2090/3668/2391 2118/3669/2392
f 2118/3669/2392 2090/3668/2391 2089/3670/2365
f 2118/3669/2392 2089/3670/2365 2117/3671/2393
f 2117/3671/2393 2089/3670/2365 2088/3672/2366
f 2117/3671/2393 2088/3672/2366 2116/3673/2394
f 2116/3673/2394 2088/3672/2366 2087/3674/2395
f 2116/3673/2394 2087/3674/2395 2115/3675/2396
f 2115/3675/2396 2087/3674/2395 2086/3676/2397
f 2115/3675/2396 2086/3676/2397 2114/3677/2398
f 2114/3677/2398 2086/3676/2397 2085/3678/2373
f 2114/3677/2398 2085/3678/2373 2113/3679/2399
f 2113/3679/2399 2085/3678/2373 2084/3680/2374
f 2113/3679/2399 2084/3680/2374 2112/3681/2400
f 2112/3681/2400 2084/3680/2374 2083/3667/2390
f 2112/3681/2400 2083/3667/2390 2111/3666/2389
f 2111/3682/2389 2121/3683/2401 2112/3684/2400
f 2112/3684/2400 2121/3683/2401 2122/3685/2402
f 2112/3684/2400 2122/3685/2402 2113/3686/2399
f 2113/3686/2399 2122/3685/2402 2114/3687/2398
f 2114/3687/2398 2122/3685/2402 2123/3688/2403
f 2114/3687/2398 2123/3688/2403 2115/3689/2396
f 2115/3689/2396 2123/3688/2403 2124/3690/2404
f 2115/3689/2396 2124/3690/2404 2116/3691/2394
f 2116/3691/2394 2124/3690/2404 2119/3692/2405
f 2116/3691/2394 2119/3692/2405 2117/3693/2393
f 2117/3693/2393 2119/3692/2405 2118/3694/2392
f 2118/3694/2392 2119/3692/2405 2120/3695/2406
f 2118/3694/2392 2120/3695/2406 2111/3696/2389
f 2111/3696/2389 2120/3695/2406 2121/3697/2401
f 2124/3698/2407 2125/3699/2408 2119/3700/2409
f 2119/3700/2409 2125/3699/2408 2126/3701/2410
f 2119/3700/2409 2126/3701/2410 2120/3702/2411
f 2120/3702/2411 2126/3701/2410 2121/3703/2412
f 2121/3703/2412 2126/3701/2410 2127/3704/2413
f 2121/3703/2412 2127/3704/2413 2122/3705/2414
f 2122/3705/2414 2127/3704/2413 2128/3706/2415
f 2122/3705/2414 2128/3706/2415 2123/3707/2416
f 2123/3707/2416 2128/3706/2415 2124/3708/2407
f 2124/3708/2407 2128/3706/2415 2125/3709/2408
f 2128/3710/2415 2127/3711/2413 2125/3712/2408
f 2125/3712/2408 2127/3711/2413 2126/3713/2410
usemtl Opaque(216,216,216)
f 755/1104/929 756/1105/930 757/1106/931
f 800/1107/932 796/1108/933 797/1109/934
f 803/1110/935 802/1111/936 809/1112/937
f 809/1112/937 802/1111/936 804/1113/938
f 809/1112/937 804/1113/938 805/1114/939
f 809/1112/937 805/1114/939 806/1115/940
f 802/1111/936 803/1110/935 801/1116/941
f 822/1117/942 812/1118/943 813/1119/944
f 822/1117/942 813/1119/944 821/1120/945
f 821/1120/945 813/1119/944 814/1121/946
f 821/1120/945 814/1121/946 820/1122/947
f 820/1122/947 814/1121/946 815/1123/948
f 820/1122/947 815/1123/948 819/1124/949
f 819/1124/949 815/1123/948 816/1125/950
f 819/1124/949 816/1125/950 824/1126/951
f 824/1126/951 816/1125/950 817/1127/952
f 824/1126/951 817/1127/952 823/1128/953
f 823/1128/953 817/1127/952 818/1129/954
f 823/1128/953 818/1129/954 810/1130/955
f 829/1131/956 830/1132/957 799/1133/958
f 799/1133/958 830/1132/957 831/1134/959
f 799/1133/958 831/1134/959 798/1135/960
f 798/1135/960 831/1134/959 832/1136/961
f 798/1135/960 832/1136/961 797/1137/934
f 797/1137/934 832/1136/961 800/1138/932
f 800/1138/932 832/1136/961 828/1139/962
f 833/1140/963 842/1141/964 808/1142/965
f 808/1142/965 842/1141/964 843/1143/966
f 808/1142/965 843/1143/966 836/1144/967
f 808/1142/965 836/1144/967 807/1145/968
f 807/1145/968 836/1144/967 837/1146/969
f 807/1145/968 837/1146/969 806/1147/940
f 806/1147/940 837/1146/969 838/1148/970
f 806/1147/940 838/1148/970 809/1149/971
f 809/1149/971 838/1148/970 839/1150/972
f 809/1149/971 839/1150/972 803/1151/935
f 803/1151/935 839/1150/972 840/1152/973
f 803/1151/935 840/1152/973 841/1153/974
f 803/1151/935 841/1153/974 835/1154/975
f 835/1154/975 841/1153/974 834/1155/976
f 834/1155/976 841/1153/974 842/1141/964
f 834/1155/976 842/1141/964 833/1140/963
f 844/1156/977 816/1157/978 850/1158/979
f 850/1158/979 816/1157/978 815/1159/980
f 850/1158/979 815/1159/980 849/1160/981
f 849/1160/981 815/1159/980 814/1161/946
f 849/1160/981 814/1161/946 848/1162/982
f 848/1162/982 814/1161/946 813/1163/944
f 816/1164/978 844/1165/977 845/1166/983
f 816/1164/978 845/1166/983 817/1167/984
f 817/1167/984 845/1166/983 846/1168/985
f 817/1167/984 846/1168/985 818/1169/954
f 818/1169/954 846/1168/985 853/1170/986
f 853/1170/986 846/1168/985 852/1171/987
f 852/1171/987 846/1168/985 847/1172/988
f 852/1171/987 847/1172/988 851/1173/989
f 851/1173/989 847/1172/988 848/1162/982
f 851/1173/989 848/1162/982 813/1163/944
f 853/1174/986 810/1175/955 818/494/954
f 833/1176/963 808/1177/965 986/1178/990
f 986/1178/990 808/1177/965 985/1179/991
f 985/1179/991 808/1177/965 984/1180/992
f 984/1180/992 808/1177/965 807/1181/968
f 984/1180/992 807/1181/968 983/1182/993
f 807/1181/968 806/1183/940 982/1184/994
f 982/1184/994 806/1183/940 981/1185/995
f 981/1185/995 806/1183/940 805/1186/939
f 981/1185/995 805/1186/939 980/1187/996
f 980/1187/996 805/1186/939 979/1188/997
f 979/1188/997 805/1186/939 804/1189/938
f 979/1188/997 804/1189/938 978/1190/998
f 978/1190/998 804/1189/938 977/1191/999
f 977/1191/999 802/1192/936 976/1193/1000
f 976/1193/1000 801/1194/941 975/1195/1001
f 975/1195/1001 801/1194/941 702/1196/1002
f 975/1195/1001 702/1196/1002 974/1197/1003
f 974/1197/1003 702/1196/1002 703/1198/1004
f 974/1197/1003 703/1198/1004 973/1199/1005
f 973/1199/1005 703/1198/1004 972/1200/1006
f 969/1201/1007 706/1202/1008 989/1203/1009
f 989/1203/1009 706/1202/1008 707/1204/1010
f 989/1203/1009 707/1204/1010 968/1205/1011
f 968/1205/1011 707/1204/1010 967/1206/1012
f 967/1206/1012 707/1204/1010 708/1207/1013
f 967/1206/1012 708/1207/1013 966/1208/1014
f 966/1208/1014 708/1207/1013 709/1209/1015
f 966/1208/1014 709/1209/1015 965/1210/1016
f 965/1210/1016 709/1209/1015 710/1211/1017
f 965/1210/1016 710/1211/1017 964/1212/1018
f 962/1213/1019 963/1214/1020 711/1215/1021
f 962/1213/1019 711/1215/1021 961/1216/1022
f 961/1216/1022 711/1215/1021 712/1217/1023
f 961/1216/1022 712/1217/1023 960/1218/1024
f 960/1218/1024 712/1217/1023 713/1219/1025
f 955/1220/1026 956/1221/1027 717/1222/1028
f 955/1220/1026 717/1222/1028 954/1223/1029
f 951/1224/1030 952/1225/1031 719/1226/1032
f 951/1224/1030 719/1226/1032 950/1227/1033
f 947/1228/1034 948/1229/1035 721/1230/1036
f 947/1228/1034 721/1230/1036 946/1231/1037
f 946/1231/1037 722/1232/1038 945/1233/1039
f 944/1234/1040 945/1233/1039 722/1232/1038
f 944/1234/1040 722/1232/1038 943/1235/1041
f 943/1235/1041 722/1232/1038 723/1236/1042
f 943/1235/1041 723/1236/1042 942/1237/1043
f 942/1237/1043 723/1236/1042 724/1238/1044
f 942/1237/1043 724/1238/1044 941/1239/1045
f 941/1239/1045 724/1238/1044 725/1240/1046
f 941/1239/1045 725/1240/1046 940/1241/1047
f 940/1241/1047 725/1240/1046 939/1242/1048
f 937/1243/1049 727/1244/1050 936/1245/1051
f 936/1245/1051 728/1246/1052 935/1247/1053
f 935/1247/1053 728/1246/1052 934/1248/1054
f 934/1248/1054 728/1246/1052 729/1249/1055
f 804/1189/938 802/1192/936 977/1191/999
f 976/1193/1000 802/1192/936 801/1194/941
f 972/1200/1006 703/1198/1004 704/1250/1056
f 972/1200/1006 704/1250/1056 971/1251/1057
f 971/1251/1057 704/1250/1056 970/1252/1058
f 970/1252/1058 704/1250/1056 705/1253/1059
f 970/1252/1058 705/1253/1059 969/1201/1007
f 969/1201/1007 705/1253/1059 706/1202/1008
f 964/1212/1018 710/1211/1017 711/1215/1021
f 964/1212/1018 711/1215/1021 963/1214/1020
f 960/1218/1024 713/1219/1025 959/1254/1060
f 959/1254/1060 713/1219/1025 714/1255/1061
f 959/1254/1060 714/1255/1061 958/1256/1062
f 958/1256/1062 714/1255/1061 715/1257/1063
f 958/1256/1062 715/1257/1063 957/1258/1064
f 957/1258/1064 715/1257/1063 956/1221/1027
f 956/1221/1027 715/1257/1063 716/1259/1065
f 956/1221/1027 716/1259/1065 717/1222/1028
f 954/1223/1029 717/1222/1028 953/1260/1066
f 953/1260/1066 717/1222/1028 718/1261/1067
f 953/1260/1066 718/1261/1067 952/1225/1031
f 952/1225/1031 718/1261/1067 719/1226/1032
f 950/1227/1033 719/1226/1032 949/1262/1068
f 949/1262/1068 719/1226/1032 720/1263/1069
f 949/1262/1068 720/1263/1069 948/1229/1035
f 948/1229/1035 720/1263/1069 721/1230/1036
f 946/1231/1037 721/1230/1036 722/1232/1038
f 939/1242/1048 725/1240/1046 726/1264/1070
f 939/1242/1048 726/1264/1070 938/1265/1071
f 938/1265/1071 726/1264/1070 727/1244/1050
f 938/1265/1071 727/1244/1050 937/1243/1049
f 936/1245/1051 727/1244/1050 728/1246/1052
f 934/1248/1054 729/1249/1055 933/1266/1072
f 933/1266/1072 729/1249/1055 730/1267/1073
f 933/1266/1072 730/1267/1073 932/1268/1074
f 932/1268/1074 730/1267/1073 731/1269/1075
f 932/1268/1074 731/1269/1075 931/1270/1076
f 931/1270/1076 731/1269/1075 930/1271/1077
f 930/1271/1077 731/1269/1075 929/1272/1078
f 929/1272/1078 731/1269/1075 732/1273/1079
f 929/1272/1078 732/1273/1079 928/1274/1080
f 928/1274/1080 732/1273/1079 733/1275/1081
f 734/1276/1082 735/1277/1083 925/1278/1084
f 925/1278/1084 735/1277/1083 736/1279/1085
f 925/1278/1084 736/1279/1085 924/1280/1086
f 924/1280/1086 736/1279/1085 923/1281/1087
f 923/1281/1087 736/1279/1085 737/1282/1088
f 923/1281/1087 737/1282/1088 922/1283/1089
f 922/1283/1089 737/1282/1088 738/1284/1090
f 922/1283/1089 738/1284/1090 739/1285/1091
f 739/1285/1091 740/1286/1092 919/1287/1093
f 919/1287/1093 740/1286/1092 918/1288/1094
f 918/1288/1094 740/1286/1092 741/1289/1095
f 917/1290/1096 741/1289/1095 916/1291/1097
f 916/1291/1097 741/1289/1095 742/1292/1098
f 916/1291/1097 742/1292/1098 991/1293/1099
f 991/1293/1099 742/1292/1098 743/1294/1100
f 910/1295/1101 747/1296/1102 748/1297/1103
f 909/1298/1104 748/1297/1103 749/1299/1105
f 751/1300/1106 752/1301/1107 904/1302/1108
f 904/1302/1108 752/1301/1107 753/1303/1109
f 904/1302/1108 753/1303/1109 992/1304/1110
f 992/1304/1110 753/1303/1109 754/1305/1111
f 992/1304/1110 754/1305/1111 903/1306/1112
f 903/1306/1112 754/1305/1111 755/1307/929
f 902/1308/1113 755/1307/929 757/1309/931
f 899/1310/1114 758/1311/1115 759/1312/1116
f 891/1313/1117 762/1314/1118 763/1315/1119
f 891/1313/1117 763/1315/1119 890/1316/1120
f 890/1316/1120 763/1315/1119 889/1317/1121
f 889/1317/1121 763/1315/1119 764/1318/1122
f 889/1317/1121 764/1318/1122 888/1319/1123
f 888/1319/1123 764/1318/1122 887/1320/1124
f 887/1320/1124 764/1318/1122 886/1321/1125
f 886/1321/1125 764/1318/1122 765/1322/1126
f 886/1321/1125 765/1322/1126 885/1323/1127
f 885/1323/1127 765/1322/1126 766/1324/1128
f 883/1325/1129 767/1326/1130 882/1327/1131
f 882/1327/1131 767/1326/1130 768/1328/1132
f 882/1327/1131 768/1328/1132 994/1329/1133
f 994/1329/1133 768/1328/1132 881/1330/1134
f 881/1330/1134 768/1328/1132 769/1331/1135
f 881/1330/1134 769/1331/1135 770/1332/1136
f 995/1333/1137 772/1334/1138 773/1335/1139
f 876/1336/1140 773/1335/1139 875/1337/1141
f 875/1337/1141 773/1335/1139 774/1338/1142
f 875/1337/1141 774/1338/1142 874/1339/1143
f 874/1339/1143 774/1338/1142 775/1340/1144
f 874/1339/1143 775/1340/1144 873/1341/1145
f 873/1341/1145 775/1340/1144 776/1342/1146
f 871/1343/1147 777/1344/1148 778/1345/1149
f 871/1343/1147 778/1345/1149 870/1346/1150
f 870/1346/1150 778/1345/1149 869/1347/1151
f 869/1347/1151 778/1345/1149 779/1348/1152
f 869/1347/1151 779/1348/1152 868/1349/1153
f 868/1349/1153 779/1348/1152 996/1350/1154
f 996/1350/1154 779/1348/1152 780/1351/1155
f 864/1352/1156 782/1353/1157 783/1354/1158
f 864/1352/1156 783/1354/1158 863/1355/1159
f 863/1355/1159 783/1354/1158 997/1356/1160
f 997/1356/1160 783/1354/1158 784/1357/1161
f 997/1356/1160 784/1357/1161 785/1358/1162
f 997/1356/1160 785/1358/1162 862/1359/1163
f 861/1360/1164 785/1358/1162 786/1361/1165
f 858/1362/1166 788/1363/1167 857/1364/1168
f 857/1364/1168 788/1363/1167 789/1365/1169
f 857/1364/1168 789/1365/1169 856/1366/1170
f 856/1366/1170 789/1365/1169 790/1367/1171
f 827/1368/1172 794/1369/1173 795/1370/1174
f 827/1368/1172 795/1370/1174 828/1371/962
f 828/1371/962 795/1370/1174 796/1372/933
f 828/1371/962 796/1372/933 800/1373/932
f 794/1369/1173 827/1368/1172 793/1374/1175
f 793/1374/1175 827/1368/1172 826/1375/1176
f 793/1374/1175 826/1375/1176 792/1376/1177
f 792/1376/1177 826/1375/1176 854/1377/1178
f 792/1376/1177 854/1377/1178 791/1378/1179
f 791/1378/1179 854/1377/1178 825/1379/1180
f 791/1378/1179 825/1379/1180 855/1380/1181
f 791/1378/1179 855/1380/1181 790/1367/1171
f 790/1367/1171 855/1380/1181 856/1366/1170
f 788/1363/1167 858/1362/1166 859/1381/1182
f 788/1363/1167 859/1381/1182 787/1382/1183
f 787/1382/1183 859/1381/1182 860/1383/1184
f 787/1382/1183 860/1383/1184 786/1361/1165
f 786/1361/1165 860/1383/1184 861/1360/1164
f 785/1358/1162 861/1360/1164 862/1359/1163
f 782/1353/1157 864/1352/1156 865/1384/1185
f 782/1353/1157 865/1384/1185 781/1385/1186
f 781/1385/1186 865/1384/1185 866/1386/1187
f 781/1385/1186 866/1386/1187 780/1351/1155
f 780/1351/1155 866/1386/1187 867/1387/1188
f 780/1351/1155 867/1387/1188 988/1388/1189
f 780/1351/1155 988/1388/1189 996/1350/1154
f 777/1344/1148 871/1343/1147 872/1389/1190
f 777/1344/1148 872/1389/1190 776/1342/1146
f 776/1342/1146 872/1389/1190 873/1341/1145
f 876/1336/1140 995/1333/1137 773/1335/1139
f 772/1334/1138 995/1333/1137 877/1390/1191
f 772/1334/1138 877/1390/1191 771/1391/1192
f 771/1391/1192 877/1390/1191 878/1392/1193
f 771/1391/1192 878/1392/1193 770/1332/1136
f 770/1332/1136 878/1392/1193 879/1393/1194
f 770/1332/1136 879/1393/1194 880/1394/1195
f 770/1332/1136 880/1394/1195 881/1330/1134
f 767/1326/1130 883/1325/1129 884/1395/1196
f 767/1326/1130 884/1395/1196 766/1324/1128
f 766/1324/1128 884/1395/1196 993/1396/1197
f 766/1324/1128 993/1396/1197 885/1323/1127
f 891/1313/1117 892/1397/1198 762/1314/1118
f 762/1314/1118 892/1397/1198 893/1398/1199
f 762/1314/1118 893/1398/1199 761/1399/1200
f 761/1399/1200 893/1398/1199 894/1400/1201
f 761/1399/1200 894/1400/1201 895/1401/1202
f 761/1399/1200 895/1401/1202 896/1402/1203
f 761/1399/1200 896/1402/1203 760/1403/1204
f 760/1403/1204 896/1402/1203 897/1404/1205
f 760/1403/1204 897/1404/1205 759/1312/1116
f 759/1312/1116 897/1404/1205 898/1405/1206
f 759/1312/1116 898/1405/1206 899/1310/1114
f 758/1311/1115 899/1310/1114 900/1406/1207
f 758/1311/1115 900/1406/1207 901/1407/1208
f 758/1311/1115 901/1407/1208 757/1309/931
f 757/1309/931 901/1407/1208 902/1308/1113
f 755/1307/929 902/1308/1113 903/1306/1112
f 904/1302/1108 905/1408/1209 751/1300/1106
f 751/1300/1106 905/1408/1209 906/1409/1210
f 751/1300/1106 906/1409/1210 750/1410/1211
f 750/1410/1211 906/1409/1210 907/1411/1212
f 750/1410/1211 907/1411/1212 749/1299/1105
f 749/1299/1105 907/1411/1212 908/1412/1213
f 749/1299/1105 908/1412/1213 909/1298/1104
f 748/1297/1103 909/1298/1104 910/1295/1101
f 747/1296/1102 910/1295/1101 911/1413/1214
f 747/1296/1102 911/1413/1214 746/1414/1215
f 746/1414/1215 911/1413/1214 912/1415/1216
f 746/1414/1215 912/1415/1216 745/1416/1217
f 745/1416/1217 912/1415/1216 913/1417/1218
f 745/1416/1217 913/1417/1218 914/1418/1219
f 745/1416/1217 914/1418/1219 744/1419/1220
f 744/1419/1220 914/1418/1219 915/1420/1221
f 744/1419/1220 915/1420/1221 743/1294/1100
f 743/1294/1100 915/1420/1221 991/1293/1099
f 917/1290/1096 918/1288/1094 741/1289/1095
f 739/1285/1091 919/1287/1093 920/1421/1222
f 739/1285/1091 920/1421/1222 921/1422/1223
f 739/1285/1091 921/1422/1223 922/1283/1089
f 925/1278/1084 926/1423/1224 734/1276/1082
f 734/1276/1082 926/1423/1224 927/1424/1225
f 734/1276/1082 927/1424/1225 733/1275/1081
f 733/1275/1081 927/1424/1225 990/1425/1226
f 733/1275/1081 990/1425/1226 928/1274/1080
f 982/1184/994 983/1182/993 807/1181/968
f 853/1426/986 852/1427/987 811/1428/1227
f 811/1428/1227 852/1427/987 812/1429/943
f 812/1429/943 852/1427/987 851/1430/989
f 812/1429/943 851/1430/989 813/1431/944
f 853/1426/986 811/1428/1227 810/1432/955
f 801/1433/941 803/1434/935 835/1435/975
f 702/1436/1002 835/1435/975 834/1437/976
f 702/1436/1002 834/1437/976 703/1438/1004
f 703/1438/1004 834/1437/976 833/1439/963
f 703/1438/1004 833/1439/963 704/1440/1056
f 704/1440/1056 833/1439/963 986/1441/990
f 704/1440/1056 986/1441/990 705/1442/1059
f 705/1442/1059 986/1441/990 985/1443/991
f 705/1442/1059 985/1443/991 984/1444/992
f 705/1442/1059 984/1444/992 706/1445/1008
f 706/1445/1008 984/1444/992 983/1446/993
f 708/1447/1013 982/1448/994 981/1449/995
f 710/1450/1017 980/1451/996 979/1452/997
f 710/1450/1017 979/1452/997 978/1453/998
f 710/1450/1017 978/1453/998 711/1454/1021
f 711/1454/1021 978/1453/998 977/1455/999
f 711/1454/1021 977/1455/999 976/1456/1000
f 711/1454/1021 976/1456/1000 712/1457/1023
f 712/1457/1023 976/1456/1000 975/1458/1001
f 712/1457/1023 975/1458/1001 713/1459/1025
f 713/1459/1025 975/1458/1001 974/1460/1003
f 714/1461/1061 974/1460/1003 973/1462/1005
f 714/1461/1061 973/1462/1005 972/1463/1006
f 716/1464/1065 971/1465/1057 969/1466/1007
f 716/1464/1065 969/1466/1007 717/1467/1028
f 717/1467/1028 969/1466/1007 989/1468/1009
f 718/1469/1067 989/1468/1009 968/1470/1011
f 718/1469/1067 968/1470/1011 967/1471/1012
f 719/1472/1032 967/1471/1012 966/1473/1014
f 719/1472/1032 966/1473/1014 720/1474/1069
f 720/1474/1069 966/1473/1014 965/1475/1016
f 720/1474/1069 965/1475/1016 964/1476/1018
f 720/1474/1069 964/1476/1018 721/1477/1036
f 721/1477/1036 964/1476/1018 963/1478/1020
f 723/1479/1042 961/1480/1022 960/1481/1024
f 957/1482/1064 956/1483/1027 726/1484/1070
f 728/1485/1052 954/1486/1029 952/1487/1031
f 728/1485/1052 951/1488/1030 729/1489/1055
f 729/1489/1055 950/1490/1033 730/1491/1073
f 730/1491/1073 950/1490/1033 949/1492/1068
f 730/1491/1073 949/1492/1068 947/1493/1034
f 730/1491/1073 947/1493/1034 731/1494/1075
f 731/1494/1075 947/1493/1034 946/1495/1037
f 731/1494/1075 946/1495/1037 945/1496/1039
f 731/1494/1075 945/1496/1039 732/1497/1079
f 732/1497/1079 945/1496/1039 944/1498/1040
f 732/1497/1079 944/1498/1040 733/1499/1081
f 735/1500/1083 940/1501/1047 736/1502/1085
f 736/1502/1085 939/1503/1048 938/1504/1071
f 736/1502/1085 938/1504/1071 737/1505/1088
f 737/1505/1088 938/1504/1071 937/1506/1049
f 737/1505/1088 937/1506/1049 738/1507/1090
f 738/1507/1090 936/1508/1051 739/1509/1091
f 739/1509/1091 936/1508/1051 935/1510/1053
f 739/1509/1091 935/1510/1053 740/1511/1092
f 740/1511/1092 934/1512/1054 741/1513/1095
f 745/1514/1217 744/1515/1220 990/1516/1226
f 745/1514/1217 990/1516/1226 927/1517/1225
f 745/1514/1217 927/1517/1225 746/1518/1215
f 752/1519/1107 918/1520/1094 753/1521/1109
f 755/1522/929 754/1523/1111 916/1524/1097
f 755/1522/929 916/1524/1097 991/1525/1099
f 755/1522/929 991/1525/1099 756/1526/930
f 756/1526/930 915/1527/1221 757/1528/931
f 757/1528/931 914/1529/1219 758/1530/1115
f 759/1531/1116 910/1532/1101 760/1533/1204
f 760/1533/1204 908/1534/1213 761/1535/1200
f 761/1535/1200 908/1534/1213 907/1536/1212
f 761/1535/1200 906/1537/1210 762/1538/1118
f 762/1538/1118 906/1537/1210 905/1539/1209
f 762/1538/1118 905/1539/1209 763/1540/1119
f 763/1540/1119 905/1539/1209 904/1541/1108
f 763/1540/1119 904/1541/1108 992/1542/1110
f 763/1540/1119 992/1542/1110 764/1543/1122
f 764/1543/1122 992/1542/1110 987/1544/1228
f 766/1545/1128 765/1546/1126 902/1547/1113
f 766/1545/1128 902/1547/1113 901/1548/1208
f 766/1545/1128 901/1548/1208 900/1549/1207
f 766/1545/1128 900/1549/1207 767/1550/1130
f 767/1550/1130 899/1551/1114 768/1552/1132
f 768/1552/1132 899/1551/1114 898/1553/1206
f 768/1552/1132 898/1553/1206 896/1554/1203
f 768/1552/1132 896/1554/1203 769/1555/1135
f 769/1555/1135 896/1554/1203 895/1556/1202
f 769/1555/1135 895/1556/1202 770/1557/1136
f 773/1558/1139 772/1559/1138 890/1560/1120
f 773/1558/1139 890/1560/1120 889/1561/1121
f 773/1558/1139 889/1561/1121 774/1562/1142
f 774/1562/1142 888/1563/1123 775/1564/1144
f 775/1564/1144 888/1563/1123 887/1565/1124
f 775/1564/1144 887/1565/1124 776/1566/1146
f 776/1566/1146 887/1565/1124 886/1567/1125
f 776/1566/1146 886/1567/1125 777/1568/1148
f 777/1568/1148 886/1567/1125 993/1569/1197
f 777/1568/1148 883/1570/1129 778/1571/1149
f 780/1572/1155 880/1573/1195 879/1574/1194
f 780/1572/1155 879/1574/1194 781/1575/1186
f 781/1575/1186 879/1574/1194 878/1576/1193
f 781/1575/1186 878/1576/1193 782/1577/1157
f 782/1577/1157 878/1576/1193 877/1578/1191
f 782/1577/1157 877/1578/1191 783/1579/1158
f 791/1580/1179 867/1581/1188 792/1582/1177
f 796/1583/933 997/1584/1160 797/1585/934
f 797/1585/934 861/1586/1164 798/1587/960
f 798/1587/960 861/1586/1164 860/1588/1184
f 798/1587/960 860/1588/1184 859/1589/1182
f 798/1587/960 859/1589/1182 799/1590/958
f 829/1591/956 856/1592/1170 855/1593/1181
f 829/1591/956 855/1593/1181 825/1594/1180
f 728/1485/1052 952/1487/1031 951/1488/1030
f 729/1489/1055 951/1488/1030 950/1490/1033
f 944/1498/1040 943/1595/1041 733/1499/1081
f 733/1499/1081 943/1595/1041 942/1596/1043
f 733/1499/1081 942/1596/1043 734/1597/1082
f 734/1597/1082 942/1596/1043 941/1598/1045
f 734/1597/1082 941/1598/1045 735/1500/1083
f 735/1500/1083 941/1598/1045 940/1501/1047
f 940/1501/1047 939/1503/1048 736/1502/1085
f 937/1506/1049 936/1508/1051 738/1507/1090
f 740/1511/1092 935/1510/1053 934/1512/1054
f 934/1512/1054 933/1599/1072 741/1513/1095
f 741/1513/1095 933/1599/1072 932/1600/1074
f 741/1513/1095 932/1600/1074 931/1601/1076
f 741/1513/1095 931/1601/1076 742/1602/1098
f 742/1602/1098 931/1601/1076 929/1603/1078
f 742/1602/1098 929/1603/1078 743/1604/1100
f 743/1604/1100 929/1603/1078 744/1515/1220
f 744/1515/1220 929/1603/1078 928/1605/1080
f 744/1515/1220 928/1605/1080 990/1516/1226
f 746/1518/1215 927/1517/1225 926/1606/1224
f 746/1518/1215 926/1606/1224 747/1607/1102
f 747/1607/1102 926/1606/1224 925/1608/1084
f 747/1607/1102 925/1608/1084 748/1609/1103
f 748/1609/1103 925/1608/1084 924/1610/1086
f 748/1609/1103 924/1610/1086 749/1611/1105
f 749/1611/1105 924/1610/1086 923/1612/1087
f 749/1611/1105 923/1612/1087 750/1613/1211
f 750/1613/1211 923/1612/1087 921/1614/1223
f 750/1613/1211 921/1614/1223 751/1615/1106
f 751/1615/1106 921/1614/1223 920/1616/1222
f 751/1615/1106 920/1616/1222 752/1519/1107
f 752/1519/1107 920/1616/1222 918/1520/1094
f 753/1521/1109 918/1520/1094 754/1523/1111
f 754/1523/1111 918/1520/1094 917/1617/1096
f 754/1523/1111 917/1617/1096 916/1524/1097
f 756/1526/930 991/1525/1099 915/1527/1221
f 757/1528/931 915/1527/1221 914/1529/1219
f 758/1530/1115 914/1529/1219 912/1618/1216
f 758/1530/1115 912/1618/1216 911/1619/1214
f 758/1530/1115 911/1619/1214 759/1531/1116
f 759/1531/1116 911/1619/1214 910/1532/1101
f 760/1533/1204 910/1532/1101 908/1534/1213
f 761/1535/1200 907/1536/1212 906/1537/1210
f 764/1543/1122 987/1544/1228 903/1620/1112
f 764/1543/1122 903/1620/1112 765/1546/1126
f 765/1546/1126 903/1620/1112 902/1547/1113
f 767/1550/1130 900/1549/1207 899/1551/1114
f 770/1557/1136 895/1556/1202 894/1621/1201
f 770/1557/1136 894/1621/1201 771/1622/1192
f 771/1622/1192 894/1621/1201 893/1623/1199
f 771/1622/1192 893/1623/1199 892/1624/1198
f 771/1622/1192 892/1624/1198 891/1625/1117
f 771/1622/1192 891/1625/1117 772/1559/1138
f 772/1559/1138 891/1625/1117 890/1560/1120
f 774/1562/1142 889/1561/1121 888/1563/1123
f 993/1569/1197 884/1626/1196 777/1568/1148
f 777/1568/1148 884/1626/1196 883/1570/1129
f 778/1571/1149 883/1570/1129 882/1627/1131
f 778/1571/1149 882/1627/1131 779/1628/1152
f 779/1628/1152 882/1627/1131 994/1629/1133
f 779/1628/1152 994/1629/1133 881/1630/1134
f 779/1628/1152 881/1630/1134 780/1572/1155
f 780/1572/1155 881/1630/1134 880/1573/1195
f 877/1578/1191 995/1631/1137 783/1579/1158
f 783/1579/1158 995/1631/1137 876/1632/1140
f 783/1579/1158 876/1632/1140 784/1633/1161
f 784/1633/1161 876/1632/1140 875/1634/1141
f 784/1633/1161 875/1634/1141 785/1635/1162
f 785/1635/1162 875/1634/1141 874/1636/1143
f 785/1635/1162 874/1636/1143 873/1637/1145
f 785/1635/1162 873/1637/1145 786/1638/1165
f 786/1638/1165 873/1637/1145 872/1639/1190
f 786/1638/1165 872/1639/1190 787/1640/1183
f 787/1640/1183 872/1639/1190 871/1641/1147
f 787/1640/1183 871/1641/1147 788/1642/1167
f 788/1642/1167 871/1641/1147 870/1643/1150
f 788/1642/1167 870/1643/1150 789/1644/1169
f 789/1644/1169 870/1643/1150 869/1645/1151
f 789/1644/1169 869/1645/1151 790/1646/1171
f 790/1646/1171 869/1645/1151 868/1647/1153
f 790/1646/1171 868/1647/1153 791/1580/1179
f 791/1580/1179 868/1647/1153 996/1648/1154
f 791/1580/1179 996/1648/1154 988/1649/1189
f 791/1580/1179 988/1649/1189 867/1581/1188
f 792/1582/1177 867/1581/1188 793/1650/1175
f 793/1650/1175 867/1581/1188 866/1651/1187
f 793/1650/1175 866/1651/1187 794/1652/1173
f 794/1652/1173 866/1651/1187 865/1653/1185
f 794/1652/1173 865/1653/1185 795/1654/1174
f 795/1654/1174 865/1653/1185 864/1655/1156
f 795/1654/1174 864/1655/1156 796/1583/933
f 796/1583/933 864/1655/1156 863/1656/1159
f 863/1656/1159 997/1584/1160 796/1583/933
f 797/1585/934 997/1584/1160 862/1657/1163
f 797/1585/934 862/1657/1163 861/1586/1164
f 799/1590/958 859/1589/1182 858/1658/1166
f 799/1590/958 858/1658/1166 857/1659/1168
f 799/1590/958 857/1659/1168 856/1592/1170
f 799/1590/958 856/1592/1170 829/1591/956
f 728/1485/1052 727/1660/1050 954/1486/1029
f 954/1486/1029 727/1660/1050 955/1661/1026
f 955/1661/1026 727/1660/1050 956/1483/1027
f 956/1483/1027 727/1660/1050 726/1484/1070
f 957/1482/1064 726/1484/1070 725/1662/1046
f 957/1482/1064 725/1662/1046 958/1663/1062
f 958/1663/1062 725/1662/1046 724/1664/1044
f 958/1663/1062 724/1664/1044 959/1665/1060
f 959/1665/1060 724/1664/1044 960/1481/1024
f 960/1481/1024 724/1664/1044 723/1479/1042
f 723/1479/1042 722/1666/1038 961/1480/1022
f 961/1480/1022 722/1666/1038 962/1667/1019
f 962/1667/1019 722/1666/1038 963/1478/1020
f 963/1478/1020 722/1666/1038 721/1477/1036
f 967/1471/1012 719/1472/1032 718/1469/1067
f 989/1468/1009 718/1469/1067 717/1467/1028
f 971/1465/1057 716/1464/1065 715/1668/1063
f 971/1465/1057 715/1668/1063 972/1463/1006
f 972/1463/1006 715/1668/1063 714/1461/1061
f 974/1460/1003 714/1461/1061 713/1459/1025
f 710/1450/1017 709/1669/1015 980/1451/996
f 980/1451/996 709/1669/1015 981/1449/995
f 981/1449/995 709/1669/1015 708/1447/1013
f 982/1448/994 708/1447/1013 707/1670/1010
f 982/1448/994 707/1670/1010 983/1446/993
f 983/1446/993 707/1670/1010 706/1445/1008
f 835/1435/975 702/1436/1002 801/1433/941
f 971/1671/1057 970/1672/1058 969/1673/1007
f 954/1674/1029 953/1675/1066 952/1676/1031
f 949/1677/1068 948/1678/1035 947/1679/1034
f 931/1680/1076 930/1681/1077 929/1682/1078
f 923/1683/1087 922/1684/1089 921/1685/1223
f 920/1686/1222 919/1687/1093 918/1688/1094
f 914/1689/1219 913/1690/1218 912/1691/1216
f 910/1692/1101 909/1693/1104 908/1694/1213
f 898/1695/1206 897/1696/1205 896/1697/1203
f 886/1698/1125 885/1699/1127 993/1700/1197
f 987/1701/1228 992/1702/1110 903/1703/1112
f 819/1704/1229 824/1705/1230 825/1706/1180
f 825/1707/1180 824/1708/1230 829/1709/956
f 829/1709/956 824/1708/1230 823/1710/953
f 829/1709/956 823/1710/953 830/1711/957
f 830/1711/957 823/1710/953 810/1712/955
f 830/1711/957 810/1712/955 831/1713/1231
f 831/1713/1231 810/1712/955 811/1714/1227
f 831/1713/1231 811/1714/1227 832/1715/1232
f 832/1715/1232 811/1714/1227 812/1716/943
f 832/1715/1232 812/1716/943 822/1717/942
f 832/1715/1232 822/1717/942 828/1718/962
f 828/1718/962 822/1717/942 821/1719/1233
f 828/1718/962 821/1719/1233 827/1720/1172
f 827/1720/1172 821/1719/1233 820/1721/1234
f 827/1720/1172 820/1721/1234 826/1722/1176
f 826/1722/1176 820/1721/1234 819/1704/1229
f 826/1722/1176 819/1704/1229 854/1723/1178
f 854/1723/1178 819/1704/1229 825/1706/1180
f 843/1724/966 1005/1725/1235 836/1726/967
f 836/1726/967 1005/1725/1235 1004/1727/1236
f 836/1726/967 1004/1727/1236 837/1728/969
f 837/1728/969 1004/1727/1236 1003/1729/1237
f 837/1728/969 1003/1729/1237 838/1730/970
f 838/1730/970 1003/1729/1237 1002/1731/1238
f 838/1730/970 1002/1731/1238 839/1732/972
f 839/1732/972 1002/1731/1238 1001/1733/1239
f 839/1732/972 1001/1733/1239 840/1734/973
f 840/1734/973 1001/1733/1239 1000/1735/1240
f 840/1734/973 1000/1735/1240 841/1736/974
f 841/1736/974 1000/1735/1240 999/1737/1241
f 841/1736/974 999/1737/1241 842/1738/964
f 842/1738/964 999/1737/1241 998/1739/1242
f 842/1738/964 998/1739/1242 843/1740/966
f 843/1740/966 998/1739/1242 1005/1741/1235
f 1006/1742/2 844/1743/2 850/1744/2
f 844/1743/2 1006/1742/2 845/1745/2
f 845/1745/2 1006/1742/2 1007/1746/2
f 845/1745/2 1007/1746/2 846/1747/2
f 846/1747/2 1007/1746/2 1008/1748/2
f 846/1747/2 1008/1748/2 1009/1749/2
f 846/1747/2 1009/1749/2 847/1750/2
f 847/1750/2 1009/1749/2 848/1751/2
f 848/1751/2 1009/1749/2 1010/1752/2
f 848/1751/2 1010/1752/2 1011/1753/2
f 848/1751/2 1011/1753/2 849/1754/2
f 849/1754/2 1011/1753/2 1012/1755/2
f 849/1754/2 1012/1755/2 850/1744/2
f 850/1744/2 1012/1755/2 1013/1756/2
f 850/1744/2 1013/1756/2 1006/1742/2
f 1014/1757/1243 1001/1758/1239 1018/1759/1244
f 1018/1759/1244 1001/1758/1239 1002/1760/1238
f 1018/1759/1244 1002/1760/1238 1003/1761/1237
f 1018/1759/1244 1003/1761/1237 1017/1762/1245
f 1017/1762/1245 1003/1761/1237 1004/1763/1236
f 1017/1762/1245 1004/1763/1236 1005/1764/1235
f 1017/1762/1245 1005/1764/1235 1016/1765/1246
f 1016/1765/1246 1005/1764/1235 998/1766/1242
f 1016/1765/1246 998/1766/1242 1015/1767/1247
f 1015/1767/1247 998/1766/1242 999/1768/1241
f 1015/1767/1247 999/1768/1241 1000/1769/1240
f 1015/1767/1247 1000/1769/1240 1014/1770/1243
f 1014/1770/1243 1000/1769/1240 1001/1771/1239
f 1020/231/83 1006/232/84 1019/233/85
f 1019/234/85 1006/235/84 1013/236/86
f 1019/234/85 1013/236/86 1026/237/87
f 1026/237/87 1013/236/86 1012/1772/88
f 1026/237/87 1012/1772/88 1025/239/89
f 1025/239/89 1012/1772/88 1011/240/90
f 1025/239/89 1011/240/90 1024/1773/91
f 1024/1773/91 1011/240/90 1010/1774/92
f 1024/1773/91 1010/1774/92 1023/1775/93
f 1023/1775/93 1010/1774/92 1009/1776/94
f 1023/1775/93 1009/1776/94 1022/245/95
f 1022/245/95 1009/1776/94 1008/1777/96
f 1022/245/95 1008/1777/96 1021/1778/97
f 1021/1778/97 1008/1777/96 1007/1779/98
f 1021/1778/97 1007/1779/98 1020/231/83
f 1020/231/83 1007/1779/98 1006/232/84
f 1016/1780/1248 1027/1781/1249 1017/1782/1250
f 1017/1782/1250 1027/1781/1249 1028/1783/1251
f 1017/1782/1250 1028/1783/1251 1029/1784/1252
f 1017/1782/1250 1029/1784/1252 1018/1785/1253
f 1018/1785/1253 1029/1784/1252 1014/1786/1254
f 1014/1786/1254 1030/1787/1255 1015/1788/1256
f 1015/1788/1256 1030/1787/1255 1027/1781/1249
f 1015/1788/1256 1027/1781/1249 1016/1780/1248
f 1019/1789/1 1038/1790/1 1031/1791/1
f 1038/1790/1 1019/1789/1 1037/1792/1
f 1037/1792/1 1019/1789/1 1026/145/1
f 1037/1792/1 1026/145/1 1025/1793/1
f 1037/1792/1 1025/1793/1 1036/1794/1
f 1036/1794/1 1025/1793/1 1024/135/1
f 1036/1794/1 1024/135/1 1035/1795/1
f 1035/1795/1 1024/135/1 1023/1796/1
f 1035/1795/1 1023/1796/1 1034/1797/1
f 1034/1797/1 1023/1796/1 1033/1798/1
f 1033/1798/1 1023/1796/1 1022/138/1
f 1033/1798/1 1022/138/1 1021/1799/1
f 1033/1798/1 1021/1799/1 1032/1800/1
f 1032/1800/1 1021/1799/1 1020/141/1
f 1032/1800/1 1020/141/1 1031/1791/1
f 1031/1791/1 1020/141/1 1019/1789/1
f 1027/1801/1257 1049/1802/1258 1039/1803/1259
f 1027/1804/1257 1039/1805/1259 1040/1806/1260
f 1027/1804/1257 1040/1806/1260 1028/1807/1261
f 1028/1807/1261 1041/1808/1262 1029/1809/1252
f 1029/1809/1252 1041/1808/1262 1042/1810/1263
f 1029/1809/1252 1042/1810/1263 1043/1811/1264
f 1029/1809/1252 1043/1811/1264 1014/1812/1254
f 1014/1812/1254 1043/1811/1264 1044/1813/1265
f 1014/1812/1254 1044/1813/1265 1045/1814/1266
f 1014/1812/1254 1045/1814/1266 1030/1815/1255
f 1030/1815/1255 1045/1814/1266 1046/1816/1267
f 1030/1815/1255 1046/1816/1267 1047/1817/1268
f 1030/1815/1255 1047/1817/1268 1048/1818/1269
f 1030/1815/1255 1048/1818/1269 1027/1801/1257
f 1027/1801/1257 1048/1818/1269 1049/1802/1258
f 1038/1819/1270 1039/1820/1259 1031/1821/1271
f 1031/1822/1271 1039/1823/1259 1049/1824/1258
f 1031/1822/1271 1049/1824/1258 1048/1825/1269
f 1031/1822/1271 1048/1825/1269 1032/1826/1272
f 1032/1826/1272 1048/1825/1269 1047/1827/1268
f 1032/1826/1272 1047/1827/1268 1033/1828/1273
f 1033/1828/1273 1047/1827/1268 1046/1829/1267
f 1033/1828/1273 1046/1829/1267 1045/1830/1266
f 1033/1828/1273 1045/1830/1266 1034/1831/1274
f 1034/1831/1274 1045/1830/1266 1044/1832/1265
f 1034/1831/1274 1044/1832/1265 1035/1833/1275
f 1035/1833/1275 1044/1832/1265 1043/1834/1264
f 1035/1833/1275 1043/1834/1264 1042/1835/1263
f 1035/1833/1275 1042/1835/1263 1036/1836/1276
f 1036/1836/1276 1042/1835/1263 1041/1837/1262
f 1036/1836/1276 1041/1837/1262 1037/1838/1277
f 1037/1838/1277 1041/1837/1262 1028/1839/1261
f 1037/1838/1277 1028/1839/1261 1040/1840/1260
f 1037/1838/1277 1040/1840/1260 1038/1819/1270
f 1038/1819/1270 1040/1840/1260 1039/1820/1259
f 1139/1936/1 1124/1937/1 1125/1938/1
f 1139/1936/1 1125/1938/1 1138/1939/1
f 1138/1939/1 1125/1938/1 1126/1940/1
f 1138/1939/1 1126/1940/1 1137/1941/1
f 1137/1941/1 1126/1940/1 1127/1942/1
f 1137/1941/1 1127/1942/1 1136/1943/1
f 1136/1943/1 1127/1942/1 1128/1944/1
f 1136/1943/1 1128/1944/1 1135/1945/1
f 1135/1945/1 1128/1944/1 1129/1946/1
f 1135/1945/1 1129/1946/1 1134/1947/1
f 1134/1947/1 1129/1946/1 1130/1948/1
f 1134/1947/1 1130/1948/1 1133/1949/1
f 1133/1949/1 1130/1948/1 1131/1950/1
f 1133/1949/1 1131/1950/1 1132/1951/1
f 1132/1951/1 1131/1950/1 1124/1937/1
f 1132/1951/1 1124/1937/1 1139/1936/1
f 1150/1952/2 1140/1953/2 1141/1954/2
f 1150/1952/2 1141/1954/2 1157/1955/2
f 1157/1955/2 1141/1954/2 1142/1956/2
f 1157/1955/2 1142/1956/2 1156/1957/2
f 1156/1957/2 1142/1956/2 1143/1958/2
f 1156/1957/2 1143/1958/2 1155/1959/2
f 1155/1959/2 1143/1958/2 1144/1960/2
f 1155/1959/2 1144/1960/2 1154/1961/2
f 1154/1961/2 1144/1960/2 1145/1962/2
f 1154/1961/2 1145/1962/2 1146/1963/2
f 1154/1961/2 1146/1963/2 1153/1964/2
f 1153/1964/2 1146/1963/2 1147/1965/2
f 1153/1964/2 1147/1965/2 1152/1966/2
f 1152/1966/2 1147/1965/2 1148/1967/2
f 1152/1966/2 1148/1967/2 1151/1968/2
f 1151/1968/2 1148/1967/2 1149/1969/2
f 1151/1968/2 1149/1969/2 1150/1952/2
f 1150/1952/2 1149/1969/2 1140/1953/2
f 1150/1970/1352 1132/1971/1353 1139/1972/1354
f 1150/1973/1352 1139/1974/1354 1151/1975/1355
f 1151/1975/1355 1139/1974/1354 1138/1976/1356
f 1151/1975/1355 1138/1976/1356 1152/1977/1357
f 1152/1977/1357 1138/1976/1356 1137/1978/1358
f 1152/1977/1357 1137/1978/1358 1153/1979/1359
f 1153/1979/1359 1137/1978/1358 1136/1980/1360
f 1153/1979/1359 1136/1980/1360 1154/1981/1361
f 1154/1981/1361 1136/1980/1360 1135/1982/1362
f 1154/1981/1361 1135/1982/1362 1155/1983/1363
f 1155/1983/1363 1135/1982/1362 1134/1984/1364
f 1155/1983/1363 1134/1984/1364 1156/1985/1365
f 1156/1985/1365 1134/1984/1364 1133/1986/1366
f 1156/1985/1365 1133/1986/1366 1157/1987/1367
f 1157/1987/1367 1133/1986/1366 1132/1971/1353
f 1157/1987/1367 1132/1971/1353 1150/1970/1352
f 1124/1988/1368 1140/1989/1369 1125/1990/1370
f 1125/1990/1370 1140/1989/1369 1149/1991/1371
f 1125/1990/1370 1149/1991/1371 1126/1992/1372
f 1126/1992/1372 1149/1991/1371 1148/1993/1373
f 1126/1992/1372 1148/1993/1373 1147/1994/1374
f 1126/1992/1372 1147/1994/1374 1127/1995/1375
f 1127/1995/1375 1147/1994/1374 1146/1996/1376
f 1127/1995/1375 1146/1996/1376 1128/1997/1377
f 1128/1997/1377 1146/1996/1376 1145/1998/1378
f 1128/1997/1377 1145/1998/1378 1129/1999/1379
f 1129/1999/1379 1145/1998/1378 1144/2000/1380
f 1129/1999/1379 1144/2000/1380 1130/2001/1381
f 1130/2001/1381 1144/2000/1380 1143/2002/1382
f 1130/2001/1381 1143/2002/1382 1142/2003/1383
f 1130/2001/1381 1142/2003/1383 1131/2004/1384
f 1131/2004/1384 1142/2003/1383 1141/2005/1385
f 1131/2004/1384 1141/2005/1385 1124/2006/1368
f 1124/2006/1368 1141/2005/1385 1140/2007/1369
f 1176/2008/1386 1168/2009/1387 1158/2010/1388
f 1176/2008/1386 1158/2010/1388 1175/2011/1389
f 1175/2011/1389 1158/2010/1388 1159/2012/1390
f 1175/2011/1389 1159/2012/1390 1174/2013/1391
f 1174/2013/1391 1159/2012/1390 1160/2014/1392
f 1174/2013/1391 1160/2014/1392 1173/2015/1393
f 1173/2015/1393 1160/2014/1392 1161/2016/1394
f 1173/2015/1393 1161/2016/1394 1172/2017/1395
f 1172/2017/1395 1161/2016/1394 1171/2018/1396
f 1171/2018/1396 1161/2016/1394 1162/2019/1397
f 1171/2018/1396 1162/2019/1397 1170/2020/1398
f 1170/2020/1398 1162/2019/1397 1163/2021/1399
f 1170/2020/1398 1163/2021/1399 1169/2022/1400
f 1169/2022/1400 1163/2021/1399 1164/2023/1401
f 1169/2022/1400 1164/2023/1401 1183/2024/1402
f 1183/2024/1402 1164/2023/1401 1182/2025/1403
f 1182/2025/1403 1164/2023/1401 1165/2026/1404
f 1182/2025/1403 1165/2026/1404 1181/2027/1405
f 1181/2027/1405 1165/2026/1404 1166/2028/1406
f 1181/2027/1405 1166/2028/1406 1180/2029/1407
f 1180/2029/1407 1166/2028/1406 1179/2030/1408
f 1179/2030/1408 1166/2028/1406 1167/2031/1409
f 1179/2030/1408 1167/2031/1409 1178/2032/1410
f 1178/2032/1410 1167/2031/1409 1177/2033/1411
f 1177/2033/1411 1167/2031/1409 1168/2009/1387
f 1177/2033/1411 1168/2009/1387 1176/2008/1386
f 1184/2034/1412 1164/2035/1401 1163/2036/1399
f 1184/2037/1412 1163/2038/1399 1196/2039/1413
f 1164/2035/1401 1184/2034/1412 1185/2040/1414
f 1164/2035/1401 1185/2040/1414 1186/2041/1415
f 1164/2035/1401 1186/2041/1415 1165/2042/1404
f 1165/2042/1404 1186/2041/1415 1187/2043/1416
f 1165/2042/1404 1187/2043/1416 1166/2044/1406
f 1166/2044/1406 1187/2043/1416 1188/2045/1417
f 1166/2044/1406 1188/2045/1417 1167/2046/1409
f 1167/2046/1409 1188/2045/1417 1189/2047/1418
f 1167/2046/1409 1189/2047/1418 1197/2048/1419
f 1197/2048/1419 1189/2047/1418 1190/2049/1420
f 1197/2048/1419 1190/2049/1420 1168/2050/1387
f 1168/2050/1387 1190/2049/1420 1191/2051/1421
f 1168/2050/1387 1191/2051/1421 1158/2052/1388
f 1158/2052/1388 1191/2051/1421 1192/2053/1422
f 1158/2052/1388 1192/2053/1422 1159/2054/1390
f 1159/2054/1390 1192/2053/1422 1160/2055/1392
f 1160/2055/1392 1192/2053/1422 1193/2056/1423
f 1160/2055/1392 1193/2056/1423 1161/2057/1394
f 1161/2057/1394 1193/2056/1423 1194/2058/1424
f 1161/2057/1394 1194/2058/1424 1162/2059/1397
f 1162/2059/1397 1194/2058/1424 1195/2060/1425
f 1162/2059/1397 1195/2060/1425 1196/2039/1413
f 1162/2059/1397 1196/2039/1413 1163/2038/1399
f 1185/2061/1414 1196/2062/1413 1201/2063/1426
f 1201/2063/1426 1196/2062/1413 1216/2064/1427
f 1216/2064/1427 1196/2062/1413 1215/2065/1428
f 1215/2065/1428 1196/2062/1413 1195/2066/1425
f 1215/2065/1428 1195/2066/1425 1214/2067/1429
f 1214/2067/1429 1195/2066/1425 1213/2068/1430
f 1213/2068/1430 1195/2066/1425 1198/2069/1431
f 1213/2068/1430 1198/2069/1431 1212/2070/1432
f 1212/2070/1432 1198/2069/1431 1211/2071/1433
f 1211/2071/1433 1198/2069/1431 1199/2072/1434
f 1211/2071/1433 1199/2072/1434 1210/2073/1435
f 1210/2073/1435 1199/2072/1434 1200/2074/1436
f 1210/2073/1435 1200/2074/1436 1209/2075/1437
f 1209/2075/1437 1200/2074/1436 1208/2076/1438
f 1208/2076/1438 1200/2074/1436 1190/2077/1420
f 1208/2076/1438 1190/2077/1420 1207/2078/1439
f 1207/2078/1439 1190/2077/1420 1189/2079/1418
f 1207/2078/1439 1189/2079/1418 1206/2080/1440
f 1206/2080/1440 1189/2079/1418 1188/2081/1417
f 1206/2080/1440 1188/2081/1417 1205/2082/1441
f 1205/2082/1441 1188/2081/1417 1187/2083/1416
f 1205/2082/1441 1187/2083/1416 1204/2084/1442
f 1204/2084/1442 1187/2083/1416 1203/2085/1443
f 1203/2085/1443 1187/2083/1416 1186/2086/1415
f 1203/2085/1443 1186/2086/1415 1202/2087/1444
f 1202/2087/1444 1186/2086/1415 1185/2061/1414
f 1202/2087/1444 1185/2061/1414 1201/2063/1426
f 1233/2088/1445 1219/2089/1446 1220/2090/1447
f 1248/2091/1448 1213/2092/1430 1212/2093/1432
f 1248/2091/1448 1212/2093/1432 1211/2094/1433
f 1243/2095/1449 1209/2096/1437 1208/2097/1438
f 1241/2098/1450 1208/2097/1438 1207/2099/1439
f 1241/2098/1450 1207/2099/1439 1239/2100/1451
f 1239/2100/1451 1207/2099/1439 1206/2101/1440
f 1236/2102/1452 1206/2101/1440 1205/2103/1441
f 1236/2102/1452 1205/2103/1441 1234/2104/1453
f 1234/2104/1453 1205/2103/1441 1204/2105/1442
f 1230/2106/1454 1217/2107/1455 1231/2108/1456
f 1231/2108/1456 1217/2107/1455 1218/2109/1457
f 1231/2108/1456 1218/2109/1457 1232/2110/1458
f 1232/2110/1458 1218/2109/1457 1219/2089/1446
f 1232/2110/1458 1219/2089/1446 1233/2088/1445
f 1235/2111/1459 1221/2112/1460 1236/2102/1452
f 1236/2102/1452 1221/2112/1460 1222/2113/1461
f 1236/2102/1452 1222/2113/1461 1237/2114/1462
f 1237/2114/1462 1222/2113/1461 1238/2115/1463
f 1238/2115/1463 1222/2113/1461 1223/2116/1464
f 1240/2117/1465 1223/2116/1464 1224/2118/1466
f 1240/2117/1465 1224/2118/1466 1241/2098/1450
f 1241/2098/1450 1224/2118/1466 1242/2119/1467
f 1242/2119/1467 1224/2118/1466 1243/2095/1449
f 1243/2095/1449 1224/2118/1466 1225/2120/1468
f 1243/2095/1449 1225/2120/1468 1244/2121/1469
f 1244/2121/1469 1225/2120/1468 1245/2122/1470
f 1245/2122/1470 1225/2120/1468 1226/2123/1471
f 1245/2122/1470 1226/2123/1471 1246/2124/1472
f 1246/2124/1472 1226/2123/1471 1227/2125/1473
f 1246/2124/1472 1227/2125/1473 1247/2126/1474
f 1247/2126/1474 1227/2125/1473 1248/2091/1448
f 1248/2091/1448 1227/2125/1473 1228/2127/1475
f 1248/2091/1448 1228/2127/1475 1249/2128/1476
f 1249/2128/1476 1228/2127/1475 1250/2129/1477
f 1250/2129/1477 1228/2127/1475 1229/2130/1478
f 1250/2129/1477 1229/2130/1478 1251/2131/1479
f 1251/2131/1479 1229/2130/1478 1230/2132/1454
f 1230/2132/1454 1229/2130/1478 1217/2133/1455
f 1234/2104/1453 1220/2090/1447 1221/2112/1460
f 1234/2104/1453 1221/2112/1460 1235/2111/1459
f 1238/2115/1463 1223/2116/1464 1240/2117/1465
f 1239/2100/1451 1238/2115/1463 1240/2117/1465
f 1216/2134/1427 1230/2106/1454 1201/2135/1426
f 1201/2135/1426 1230/2106/1454 1231/2108/1456
f 1201/2135/1426 1231/2108/1456 1202/2136/1444
f 1202/2136/1444 1231/2108/1456 1232/2110/1458
f 1202/2136/1444 1232/2110/1458 1233/2088/1445
f 1204/2105/1442 1233/2088/1445 1220/2090/1447
f 1204/2105/1442 1220/2090/1447 1234/2104/1453
f 1234/2104/1453 1235/2111/1459 1236/2102/1452
f 1206/2101/1440 1236/2102/1452 1237/2114/1462
f 1206/2101/1440 1237/2114/1462 1239/2100/1451
f 1239/2100/1451 1237/2114/1462 1238/2115/1463
f 1241/2098/1450 1239/2100/1451 1240/2117/1465
f 1208/2097/1438 1241/2098/1450 1242/2119/1467
f 1208/2097/1438 1242/2119/1467 1243/2095/1449
f 1243/2095/1449 1244/2121/1469 1209/2096/1437
f 1209/2096/1437 1244/2121/1469 1245/2122/1470
f 1209/2096/1437 1245/2122/1470 1210/2137/1435
f 1210/2137/1435 1245/2122/1470 1246/2124/1472
f 1210/2137/1435 1246/2124/1472 1211/2094/1433
f 1211/2094/1433 1246/2124/1472 1247/2126/1474
f 1211/2094/1433 1247/2126/1474 1248/2091/1448
f 1213/2092/1430 1248/2091/1448 1249/2128/1476
f 1213/2092/1430 1249/2128/1476 1214/2138/1429
f 1214/2138/1429 1249/2128/1476 1250/2129/1477
f 1214/2138/1429 1250/2129/1477 1215/2139/1428
f 1215/2139/1428 1250/2129/1477 1251/2131/1479
f 1215/2139/1428 1251/2131/1479 1216/2140/1427
f 1216/2140/1427 1251/2131/1479 1230/2132/1454
f 1203/2141/1443 1202/2136/1444 1233/2088/1445
f 1203/2141/1443 1233/2088/1445 1204/2105/1442
f 1252/2142/1480 1217/2143/1455 1263/2144/1481
f 1263/2144/1481 1217/2143/1455 1229/2145/1478
f 1263/2144/1481 1229/2145/1478 1262/2146/1482
f 1262/2146/1482 1229/2145/1478 1228/2147/1475
f 1262/2146/1482 1228/2147/1475 1261/2148/1483
f 1261/2148/1483 1228/2147/1475 1227/2149/1473
f 1261/2148/1483 1227/2149/1473 1260/2150/1484
f 1260/2150/1484 1227/2149/1473 1226/2151/1471
f 1260/2150/1484 1226/2151/1471 1259/2152/1485
f 1259/2152/1485 1226/2151/1471 1225/2153/1468
f 1259/2152/1485 1225/2153/1468 1224/2154/1466
f 1259/2152/1485 1224/2154/1466 1258/2155/1486
f 1258/2155/1486 1224/2154/1466 1257/2156/1487
f 1257/2156/1487 1224/2154/1466 1223/2157/1464
f 1257/2156/1487 1223/2157/1464 1256/2158/1488
f 1256/2158/1488 1223/2157/1464 1222/2159/1461
f 1256/2158/1488 1222/2159/1461 1255/2160/1489
f 1255/2160/1489 1222/2159/1461 1221/2161/1460
f 1255/2160/1489 1221/2161/1460 1254/2162/1490
f 1254/2162/1490 1221/2161/1460 1220/2163/1447
f 1254/2162/1490 1220/2163/1447 1253/2164/1491
f 1253/2164/1491 1220/2163/1447 1219/2165/1446
f 1253/2164/1491 1219/2165/1446 1218/2166/1457
f 1253/2164/1491 1218/2166/1457 1252/2167/1480
f 1252/2167/1480 1218/2166/1457 1217/2168/1455
f 1264/2169/1492 1252/2170/1480 1297/2171/1493
f 1297/2171/1493 1252/2170/1480 1263/2172/1481
f 1278/2173/1494 1265/2174/1495 1266/2175/1496
f 1268/2176/1497 1269/2177/1498 1283/2178/1499
f 1283/2178/1499 1269/2177/1498 1285/2179/1500
f 1285/2179/1500 1269/2177/1498 1270/2180/1501
f 1285/2179/1500 1270/2180/1501 1286/2181/1502
f 1286/2181/1502 1270/2180/1501 1287/2182/1503
f 1287/2182/1503 1270/2180/1501 1271/2183/1504
f 1271/2183/1504 1272/2184/1505 1288/2185/1506
f 1259/2186/1507 1290/2187/1508 1291/2188/1509
f 1259/2186/1507 1291/2188/1509 1260/2189/1510
f 1260/2189/1510 1291/2188/1509 1292/2190/1511
f 1260/2189/1510 1292/2190/1511 1261/2191/1512
f 1261/2191/1512 1292/2190/1511 1294/2192/1513
f 1261/2191/1512 1294/2192/1513 1262/2193/1482
f 1289/2194/1514 1288/2185/1506 1290/2187/1508
f 1288/2185/1506 1273/2195/1515 1290/2187/1508
f 1290/2187/1508 1273/2195/1515 1291/2188/1509
f 1272/2184/1505 1273/2195/1515 1288/2185/1506
f 1273/2195/1515 1274/2196/1516 1291/2188/1509
f 1291/2188/1509 1274/2196/1516 1292/2190/1511
f 1274/2196/1516 1275/2197/1517 1292/2190/1511
f 1292/2190/1511 1275/2197/1517 1293/2198/1518
f 1292/2190/1511 1293/2198/1518 1294/2192/1513
f 1275/2197/1517 1276/2199/1519 1293/2198/1518
f 1293/2198/1518 1295/2200/1520 1294/2192/1513
f 1294/2192/1513 1295/2200/1520 1262/2193/1482
f 1293/2198/1518 1276/2199/1519 1295/2200/1520
f 1295/2200/1520 1296/2201/1521 1262/2193/1482
f 1262/2193/1482 1296/2201/1521 1263/2172/1481
f 1276/2199/1519 1277/2202/1522 1295/2200/1520
f 1295/2200/1520 1277/2202/1522 1296/2201/1521
f 1296/2201/1521 1297/2171/1493 1263/2172/1481
f 1296/2201/1521 1277/2202/1522 1297/2171/1493
f 1277/2202/1522 1264/2169/1492 1297/2171/1493
f 1290/2187/1508 1259/2186/1507 1289/2194/1514
f 1289/2194/1514 1258/2203/1486 1288/2185/1506
f 1288/2185/1506 1258/2203/1486 1271/2183/1504
f 1259/2186/1507 1258/2203/1486 1289/2194/1514
f 1258/2203/1486 1287/2182/1503 1271/2183/1504
f 1284/2204/1523 1256/2205/1488 1255/2206/1524
f 1284/2204/1523 1255/2206/1524 1282/2207/1525
f 1282/2207/1525 1255/2206/1524 1254/2208/1526
f 1282/2207/1525 1254/2208/1526 1281/2209/1527
f 1281/2209/1527 1254/2208/1526 1253/2210/1528
f 1281/2209/1527 1253/2210/1528 1280/2211/1529
f 1280/2211/1529 1253/2210/1528 1279/2212/1530
f 1279/2212/1530 1253/2210/1528 1252/2213/1480
f 1278/2173/1494 1264/2214/1492 1265/2174/1495
f 1252/2213/1480 1264/2214/1492 1278/2173/1494
f 1279/2212/1530 1278/2173/1494 1280/2211/1529
f 1280/2211/1529 1278/2173/1494 1266/2175/1496
f 1280/2211/1529 1266/2175/1496 1281/2209/1527
f 1281/2209/1527 1266/2175/1496 1267/2215/1531
f 1281/2209/1527 1267/2215/1531 1282/2207/1525
f 1282/2207/1525 1267/2215/1531 1268/2176/1497
f 1282/2207/1525 1268/2176/1497 1283/2178/1499
f 1252/2213/1480 1278/2173/1494 1279/2212/1530
f 1284/2204/1523 1282/2207/1525 1283/2178/1499
f 1284/2204/1523 1283/2178/1499 1285/2179/1500
f 1284/2204/1523 1285/2179/1500 1256/2205/1488
f 1256/2205/1488 1285/2179/1500 1286/2181/1502
f 1256/2205/1488 1286/2181/1502 1257/2216/1487
f 1257/2216/1487 1286/2181/1502 1287/2182/1503
f 1258/2203/1486 1257/2216/1487 1287/2182/1503
f 1298/2217/1532 1265/2218/1495 1264/2219/1492
f 1298/2220/1532 1264/2221/1492 1277/2222/1533
f 1298/2220/1532 1277/2222/1533 1311/2223/1534
f 1311/2223/1534 1277/2222/1533 1310/2224/1535
f 1310/2224/1535 1277/2222/1533 1276/2225/1519
f 1310/2224/1535 1276/2225/1519 1309/2226/1536
f 1309/2226/1536 1276/2225/1519 1275/2227/1517
f 1309/2226/1536 1275/2227/1517 1308/2228/1537
f 1308/2228/1537 1275/2227/1517 1274/2229/1516
f 1308/2228/1537 1274/2229/1516 1307/2230/1538
f 1307/2230/1538 1274/2229/1516 1273/2231/1515
f 1307/2230/1538 1273/2231/1515 1306/2232/1539
f 1306/2232/1539 1273/2231/1515 1272/2233/1505
f 1306/2232/1539 1272/2233/1505 1305/2234/1540
f 1305/2234/1540 1272/2233/1505 1271/2235/1504
f 1305/2234/1540 1271/2235/1504 1304/2236/1541
f 1304/2236/1541 1271/2235/1504 1270/2237/1542
f 1304/2236/1541 1270/2237/1542 1303/2238/1543
f 1303/2238/1543 1270/2237/1542 1302/2239/1544
f 1302/2239/1544 1270/2237/1542 1269/2240/1498
f 1302/2239/1544 1269/2240/1498 1301/2241/1545
f 1301/2241/1545 1269/2240/1498 1268/2242/1497
f 1301/2241/1545 1268/2242/1497 1300/2243/1546
f 1300/2243/1546 1268/2242/1497 1267/2244/1531
f 1300/2243/1546 1267/2244/1531 1299/2245/1547
f 1299/2245/1547 1267/2244/1531 1266/2246/1496
f 1299/2245/1547 1266/2246/1496 1265/2218/1495
f 1299/2245/1547 1265/2218/1495 1298/2217/1532
f 1183/2247/1402 1182/2248/1403 1315/2249/1548
f 1315/2249/1548 1182/2248/1403 1181/2250/1405
f 1322/2251/1549 1178/2252/1410 1177/2253/1411
f 1322/2251/1549 1177/2253/1411 1324/2254/1550
f 1324/2254/1550 1177/2253/1411 1176/2255/1386
f 1324/2254/1550 1176/2255/1386 1175/2256/1389
f 1329/2257/1551 1172/2258/1395 1171/2259/1396
f 1332/2260/1552 1298/2261/1532 1311/2262/1534
f 1321/2263/1553 1304/2264/1541 1303/2265/1543
f 1317/2266/1554 1301/2267/1545 1300/2268/1546
f 1313/2269/1555 1169/2270/1400 1183/2247/1402
f 1312/2271/1556 1169/2270/1400 1313/2269/1555
f 1314/2272/1557 1183/2247/1402 1315/2249/1548
f 1316/2273/1558 1315/2249/1548 1181/2250/1405
f 1316/2273/1558 1181/2250/1405 1180/2274/1407
f 1318/2275/1559 1180/2274/1407 1179/2276/1408
f 1320/2277/1560 1179/2276/1408 1178/2252/1410
f 1320/2277/1560 1178/2252/1410 1322/2251/1549
f 1323/2278/1561 1322/2251/1549 1324/2254/1550
f 1325/2279/1562 1175/2256/1389 1326/2280/1563
f 1326/2280/1563 1175/2256/1389 1174/2281/1391
f 1326/2280/1563 1174/2281/1391 1327/2282/1564
f 1327/2282/1564 1174/2281/1391 1173/2283/1393
f 1327/2282/1564 1173/2283/1393 1328/2284/1565
f 1328/2284/1565 1173/2283/1393 1172/2258/1395
f 1328/2284/1565 1172/2258/1395 1329/2257/1551
f 1330/2285/1566 1329/2257/1551 1171/2259/1396
f 1331/2286/1567 1171/2259/1396 1170/2287/1398
f 1331/2286/1567 1170/2287/1398 1332/2260/1552
f 1332/2260/1552 1170/2287/1398 1169/2288/1400
f 1313/2269/1555 1183/2247/1402 1314/2272/1557
f 1317/2266/1554 1316/2273/1558 1180/2274/1407
f 1317/2266/1554 1180/2274/1407 1318/2275/1559
f 1319/2289/1568 1318/2275/1559 1179/2276/1408
f 1319/2289/1568 1179/2276/1408 1320/2277/1560
f 1321/2263/1553 1320/2277/1560 1322/2251/1549
f 1321/2263/1553 1322/2251/1549 1323/2278/1561
f 1325/2279/1562 1324/2254/1550 1175/2256/1389
f 1330/2285/1566 1328/2284/1565 1329/2257/1551
f 1331/2286/1567 1330/2285/1566 1171/2259/1396
f 1312/2290/1556 1332/2260/1552 1169/2288/1400
f 1304/2264/1541 1321/2263/1553 1323/2278/1561
f 1298/2291/1532 1312/2271/1556 1313/2269/1555
f 1299/2292/1547 1313/2269/1555 1314/2272/1557
f 1299/2292/1547 1314/2272/1557 1315/2249/1548
f 1317/2266/1554 1315/2249/1548 1316/2273/1558
f 1301/2267/1545 1317/2266/1554 1318/2275/1559
f 1301/2267/1545 1318/2275/1559 1302/2293/1544
f 1302/2293/1544 1318/2275/1559 1319/2289/1568
f 1303/2265/1543 1319/2289/1568 1320/2277/1560
f 1303/2265/1543 1320/2277/1560 1321/2263/1553
f 1305/2294/1540 1323/2278/1561 1324/2254/1550
f 1305/2294/1540 1324/2254/1550 1325/2279/1562
f 1306/2295/1539 1325/2279/1562 1307/2296/1538
f 1307/2296/1538 1325/2279/1562 1326/2280/1563
f 1307/2296/1538 1326/2280/1563 1308/2297/1537
f 1308/2297/1537 1326/2280/1563 1327/2282/1564
f 1308/2297/1537 1327/2282/1564 1309/2298/1536
f 1309/2298/1536 1327/2282/1564 1328/2284/1565
f 1309/2298/1536 1328/2284/1565 1330/2285/1566
f 1310/2299/1535 1330/2285/1566 1331/2286/1567
f 1311/2262/1534 1331/2286/1567 1332/2260/1552
f 1299/2292/1547 1298/2291/1532 1313/2269/1555
f 1300/2268/1546 1299/2292/1547 1315/2249/1548
f 1300/2268/1546 1315/2249/1548 1317/2266/1554
f 1302/2293/1544 1319/2289/1568 1303/2265/1543
f 1305/2294/1540 1304/2264/1541 1323/2278/1561
f 1306/2295/1539 1305/2294/1540 1325/2279/1562
f 1310/2299/1535 1309/2298/1536 1330/2285/1566
f 1311/2262/1534 1310/2299/1535 1331/2286/1567
f 1298/2261/1532 1332/2260/1552 1312/2290/1556
f 1197/2300/1419 1168/2301/1387 1167/2302/1409
f 1185/2303/1414 1184/2304/1412 1196/2305/1413
f 1191/2306/1421 1190/2307/1420 1200/2308/1569
f 1191/2306/1421 1200/2308/1569 1192/2309/1570
f 1192/2309/1570 1200/2308/1569 1199/2310/1571
f 1192/2309/1570 1199/2310/1571 1193/2311/1572
f 1193/2311/1572 1199/2310/1571 1198/2312/1573
f 1193/2311/1572 1198/2312/1573 1194/2313/1424
f 1194/2313/1424 1198/2312/1573 1195/2314/1425
f 1349/2315/1574 1333/2316/1575 1334/2317/1576
f 1349/2315/1574 1334/2317/1576 1348/2318/1577
f 1348/2318/1577 1334/2317/1576 1335/2319/1578
f 1348/2318/1577 1335/2319/1578 1347/2320/1579
f 1347/2320/1579 1335/2319/1578 1346/2321/1580
f 1346/2321/1580 1335/2319/1578 1336/2322/1581
f 1346/2321/1580 1336/2322/1581 1337/2323/1582
f 1346/2321/1580 1337/2323/1582 1345/2324/1583
f 1345/2324/1583 1337/2323/1582 1344/2325/1584
f 1344/2325/1584 1337/2323/1582 1338/2326/1585
f 1344/2325/1584 1338/2326/1585 1343/2327/1586
f 1343/2327/1586 1338/2326/1585 1339/2328/1587
f 1343/2327/1586 1339/2328/1587 1342/2329/1588
f 1342/2329/1588 1339/2328/1587 1340/2330/1589
f 1342/2329/1588 1340/2330/1589 1341/2331/1590
f 1341/2331/1590 1340/2330/1589 1333/2316/1575
f 1341/2331/1590 1333/2316/1575 1349/2315/1574
f 1350/2332/1591 1333/2333/1592 1361/2334/1593
f 1361/2334/1593 1333/2333/1592 1340/2335/1594
f 1361/2334/1593 1340/2335/1594 1360/2336/1595
f 1360/2336/1595 1340/2335/1594 1339/2337/1596
f 1360/2336/1595 1339/2337/1596 1359/2338/1597
f 1359/2338/1597 1339/2337/1596 1358/2339/1598
f 1358/2339/1598 1339/2337/1596 1338/2340/1599
f 1358/2339/1598 1338/2340/1599 1357/2341/1600
f 1357/2341/1600 1338/2340/1599 1337/2342/1601
f 1357/2341/1600 1337/2342/1601 1356/2343/1602
f 1356/2343/1602 1337/2342/1601 1355/2344/1603
f 1355/2344/1603 1337/2342/1601 1336/2345/1604
f 1355/2344/1603 1336/2345/1604 1354/2346/1605
f 1354/2346/1605 1336/2345/1604 1353/2347/1606
f 1353/2347/1606 1336/2345/1604 1335/2348/1607
f 1353/2347/1606 1335/2348/1607 1352/2349/1608
f 1352/2349/1608 1335/2348/1607 1334/2350/1609
f 1352/2349/1608 1334/2350/1609 1351/2351/1610
f 1351/2351/1610 1334/2350/1609 1333/2352/1592
f 1351/2351/1610 1333/2352/1592 1350/2353/1591
f 1383/2354/1611 1363/2355/1612 1382/2356/1613
f 1353/2357/1606 1352/2358/1608 1391/2359/1614
f 1363/2355/1612 1364/2360/1615 1382/2356/1613
f 1352/2358/1608 1382/2361/1613 1391/2359/1614
f 1382/2356/1613 1364/2360/1615 1381/2362/1616
f 1382/2361/1613 1381/2363/1616 1391/2359/1614
f 1366/2364/1617 1367/2365/1618 1390/2366/1619
f 1390/2367/1619 1389/2368/1620 1354/2369/1605
f 1354/2369/1605 1389/2368/1620 1355/2370/1603
f 1390/2366/1619 1367/2365/1618 1389/2371/1620
f 1367/2365/1618 1384/2372/1621 1389/2371/1620
f 1369/2373/1622 1370/2374/1623 1380/2375/1624
f 1380/2375/1624 1385/2376/1625 1379/2377/1626
f 1357/2378/1600 1379/2379/1626 1358/2380/1598
f 1378/2381/1627 1371/2382/1628 1386/2383/1629
f 1386/2383/1629 1371/2382/1628 1372/2384/1630
f 1380/2375/1624 1370/2374/1623 1385/2376/1625
f 1379/2379/1626 1378/2385/1627 1358/2380/1598
f 1379/2377/1626 1385/2376/1625 1378/2381/1627
f 1360/2386/1595 1388/2387/1631 1361/2388/1593
f 1372/2384/1630 1373/2389/1632 1387/2390/1633
f 1387/2390/1633 1376/2391/1634 1388/2392/1631
f 1388/2387/1631 1376/2393/1634 1361/2388/1593
f 1387/2390/1633 1373/2389/1632 1376/2391/1634
f 1388/2392/1631 1377/2394/1635 1387/2390/1633
f 1387/2390/1633 1386/2383/1629 1372/2384/1630
f 1388/2387/1631 1360/2386/1595 1377/2395/1635
f 1387/2390/1633 1377/2394/1635 1386/2383/1629
f 1377/2395/1635 1359/2396/1597 1378/2385/1627
f 1359/2396/1597 1358/2380/1598 1378/2385/1627
f 1379/2379/1626 1357/2378/1600 1356/2397/1602
f 1379/2379/1626 1356/2397/1602 1380/2398/1624
f 1356/2397/1602 1355/2370/1603 1389/2368/1620
f 1352/2358/1608 1351/2399/1610 1382/2361/1613
f 1382/2361/1613 1351/2399/1610 1383/2400/1611
f 1392/2401/1636 1351/2399/1610 1350/2402/1591
f 1392/2401/1636 1350/2402/1591 1375/2403/1637
f 1376/2393/1634 1350/2404/1591 1361/2388/1593
f 1350/2404/1591 1376/2393/1634 1375/2405/1637
f 1386/2383/1629 1377/2394/1635 1378/2381/1627
f 1359/2396/1597 1377/2395/1635 1360/2386/1595
f 1371/2382/1628 1385/2376/1625 1370/2374/1623
f 1380/2375/1624 1368/2406/1638 1369/2373/1622
f 1380/2375/1624 1384/2372/1621 1368/2406/1638
f 1384/2407/1621 1380/2398/1624 1389/2368/1620
f 1389/2368/1620 1380/2398/1624 1356/2397/1602
f 1390/2366/1619 1391/2408/1614 1366/2364/1617
f 1366/2364/1617 1391/2408/1614 1381/2362/1616
f 1366/2364/1617 1381/2362/1616 1365/2409/1639
f 1353/2357/1606 1390/2367/1619 1354/2369/1605
f 1391/2359/1614 1390/2367/1619 1353/2357/1606
f 1363/2355/1612 1383/2354/1611 1362/2410/1640
f 1383/2354/1611 1392/2411/1636 1375/2412/1637
f 1383/2354/1611 1375/2412/1637 1362/2410/1640
f 1392/2401/1636 1383/2400/1611 1351/2399/1610
f 1364/2360/1615 1365/2409/1639 1381/2362/1616
f 1367/2365/1618 1368/2406/1638 1384/2372/1621
f 1385/2376/1625 1371/2382/1628 1378/2381/1627
f 1373/2389/1632 1374/2413/1641 1376/2391/1634
f 1376/2391/1634 1374/2413/1641 1375/2414/1637
f 1375/2414/1637 1374/2413/1641 1362/2415/1640
f 1393/2416/1642 1362/2417/1640 1400/2418/1643
f 1400/2418/1643 1362/2417/1640 1374/2419/1641
f 1400/2418/1643 1374/2419/1641 1373/2420/1632
f 1400/2418/1643 1373/2420/1632 1399/2421/1644
f 1399/2421/1644 1373/2420/1632 1372/2422/1630
f 1399/2421/1644 1372/2422/1630 1398/2423/1645
f 1398/2423/1645 1372/2422/1630 1371/2424/1628
f 1398/2423/1645 1371/2424/1628 1370/2425/1623
f 1398/2423/1645 1370/2425/1623 1397/2426/1646
f 1397/2426/1646 1370/2425/1623 1369/2427/1622
f 1397/2426/1646 1369/2427/1622 1368/2428/1638
f 1397/2426/1646 1368/2428/1638 1396/2429/1647
f 1396/2429/1647 1368/2428/1638 1367/2430/1618
f 1396/2429/1647 1367/2430/1618 1395/2431/1648
f 1395/2431/1648 1367/2430/1618 1366/2432/1617
f 1395/2431/1648 1366/2432/1617 1365/2433/1639
f 1395/2431/1648 1365/2433/1639 1394/2434/1649
f 1394/2434/1649 1365/2433/1639 1364/2435/1615
f 1394/2434/1649 1364/2435/1615 1393/2436/1642
f 1393/2436/1642 1364/2435/1615 1363/2437/1612
f 1393/2436/1642 1363/2437/1612 1362/2438/1640
f 1393/2439/1650 1405/2440/1651 1406/2441/1652
f 1393/2439/1650 1406/2441/1652 1394/2442/1653
f 1394/2442/1653 1406/2441/1652 1407/2443/1654
f 1394/2442/1653 1407/2443/1654 1395/2444/1655
f 1395/2444/1655 1407/2443/1654 1408/2445/1656
f 1395/2444/1655 1408/2445/1656 1396/2446/1657
f 1396/2446/1657 1408/2445/1656 1397/2447/1658
f 1397/2447/1658 1408/2445/1656 1401/2448/1659
f 1397/2447/1658 1401/2448/1659 1398/2449/1660
f 1398/2449/1660 1401/2448/1659 1402/2450/1661
f 1398/2449/1660 1402/2450/1661 1399/2451/1662
f 1399/2451/1662 1402/2450/1661 1403/2452/1663
f 1399/2451/1662 1403/2452/1663 1404/2453/1664
f 1399/2451/1662 1404/2453/1664 1400/2454/1665
f 1400/2454/1665 1404/2453/1664 1393/2439/1650
f 1393/2439/1650 1404/2453/1664 1405/2440/1651
f 1349/2455/1574 1405/2456/1651 1341/2457/1590
f 1341/2457/1590 1405/2456/1651 1404/2458/1664
f 1341/2459/1590 1404/2460/1664 1342/2461/1588
f 1342/2461/1588 1404/2460/1664 1403/2462/1663
f 1342/2461/1588 1403/2462/1663 1343/2463/1586
f 1343/2463/1586 1403/2462/1663 1402/2464/1661
f 1343/2463/1586 1402/2464/1661 1344/2465/1584
f 1344/2465/1584 1402/2464/1661 1410/2466/1666
f 1344/2465/1584 1410/2466/1666 1345/2467/1583
f 1345/2467/1583 1410/2466/1666 1401/2468/1667
f 1345/2467/1583 1401/2468/1667 1346/2469/1580
f 1346/2469/1580 1401/2468/1667 1409/2470/1668
f 1346/2469/1580 1409/2470/1668 1347/2471/1579
f 1347/2471/1579 1409/2470/1668 1407/2472/1654
f 1347/2471/1579 1407/2472/1654 1348/2473/1577
f 1348/2473/1577 1407/2472/1654 1406/2474/1652
f 1348/2473/1577 1406/2474/1652 1349/2455/1574
f 1349/2455/1574 1406/2474/1652 1405/2456/1651
f 1401/2475/1659 1408/2476/1656 1409/2477/1669
f 1409/2477/1669 1408/2476/1656 1407/2478/1654
f 1410/2479/1666 1402/2480/1661 1401/2481/1667
f 1417/2482/1670 1411/2483/1671 1421/2484/1672
f 1417/2485/1670 1441/2486/1673 1411/2487/1671
f 1421/2484/1672 1422/2488/1674 1427/2489/1675
f 1421/2484/1672 1427/2489/1675 1417/2482/1670
f 1411/2487/1671 1441/2486/1673 1431/2490/1676
f 1411/2487/1671 1431/2490/1676 1421/2484/1672
f 1421/2484/1672 1413/2491/1677 1422/2488/1674
f 1417/2482/1670 1427/2489/1675 1430/2492/1678
f 1417/2482/1670 1430/2492/1678 1441/2493/1673
f 1441/2486/1673 1439/2494/1679 1431/2490/1676
f 1421/2484/1672 1431/2490/1676 1413/2491/1677
f 1422/2488/1674 1425/2495/1680 1427/2489/1675
f 1413/2491/1677 1420/2496/1681 1422/2488/1674
f 1441/2486/1673 1430/2497/1678 1443/2498/1682
f 1441/2486/1673 1443/2498/1682 1439/2494/1679
f 1431/2490/1676 1439/2494/1679 1437/2499/1683
f 1422/2488/1674 1420/2496/1681 1425/2495/1680
f 1431/2490/1676 1437/2499/1683 1433/2500/1684
f 1431/2490/1676 1433/2500/1684 1413/2491/1677
f 1413/2491/1677 1414/2501/1685 1420/2496/1681
f 1427/2489/1675 1425/2495/1680 1429/2502/1686
f 1427/2489/1675 1429/2502/1686 1430/2492/1678
f 1443/2498/1682 1440/2503/1687 1439/2494/1679
f 1439/2494/1679 1440/2503/1687 1437/2499/1683
f 1425/2495/1680 1420/2496/1681 1423/2504/1688
f 1425/2495/1680 1426/2505/1689 1429/2502/1686
f 1430/2492/1678 1429/2502/1686 1416/2506/1690
f 1430/2497/1678 1416/2507/1690 1443/2498/1682
f 1437/2499/1683 1435/2508/1691 1433/2500/1684
f 1413/2491/1677 1433/2500/1684 1414/2501/1685
f 1420/2496/1681 1419/2509/1692 1423/2504/1688
f 1443/2498/1682 1416/2507/1690 1440/2503/1687
f 1440/2503/1687 1438/2510/1693 1437/2499/1683
f 1437/2499/1683 1438/2510/1693 1435/2508/1691
f 1433/2500/1684 1435/2508/1691 1432/2511/1694
f 1433/2500/1684 1432/2511/1694 1414/2501/1685
f 1420/2496/1681 1414/2501/1685 1419/2509/1692
f 1425/2495/1680 1423/2504/1688 1426/2505/1689
f 1429/2502/1686 1426/2505/1689 1428/2512/1695
f 1429/2502/1686 1428/2512/1695 1416/2506/1690
f 1440/2503/1687 1416/2507/1690 1438/2510/1693
f 1435/2508/1691 1438/2510/1693 1436/2513/1696
f 1435/2508/1691 1436/2513/1696 1432/2511/1694
f 1416/2507/1690 1442/2514/1697 1438/2510/1693
f 1414/2501/1685 1432/2511/1694 1418/2515/1698
f 1414/2501/1685 1418/2515/1698 1419/2509/1692
f 1423/2504/1688 1419/2509/1692 1424/2516/1699
f 1423/2504/1688 1424/2516/1699 1426/2505/1689
f 1426/2505/1689 1424/2516/1699 1428/2512/1695
f 1416/2506/1690 1428/2512/1695 1442/2517/1697
f 1438/2510/1693 1442/2514/1697 1434/2518/1700
f 1438/2510/1693 1434/2518/1700 1436/2513/1696
f 1436/2513/1696 1434/2518/1700 1432/2511/1694
f 1432/2511/1694 1434/2518/1700 1418/2515/1698
f 1419/2509/1692 1418/2515/1698 1415/2519/1701
f 1419/2509/1692 1415/2519/1701 1424/2516/1699
f 1418/2515/1698 1434/2518/1700 1415/2519/1701
f 1424/2516/1699 1412/2520/1702 1428/2512/1695
f 1428/2512/1695 1412/2520/1702 1442/2517/1697
f 1442/2514/1697 1412/2521/1702 1434/2518/1700
f 1424/2516/1699 1415/2519/1701 1412/2520/1702
f 1434/2518/1700 1412/2521/1702 1415/2519/1701
f 1455/2522/1703 1447/2523/1704 1479/2524/1705
f 1469/2525/1706 1444/2526/1707 1451/2527/1708
f 1444/2528/1707 1463/2529/1709 1451/2530/1708
f 1469/2525/1706 1470/2531/1710 1444/2528/1707
f 1444/2528/1707 1458/2532/1711 1463/2529/1709
f 1451/2530/1708 1463/2529/1709 1450/2533/1712
f 1451/2527/1708 1477/2534/1713 1469/2525/1706
f 1451/2527/1708 1450/2535/1712 1477/2534/1713
f 1444/2528/1707 1445/2536/1714 1458/2532/1711
f 1458/2532/1711 1445/2536/1714 1459/2537/1715
f 1463/2529/1709 1458/2532/1711 1461/2538/1716
f 1469/2525/1706 1477/2534/1713 1474/2539/1717
f 1469/2525/1706 1474/2539/1717 1470/2531/1710
f 1470/2531/1710 1453/2540/1718 1444/2528/1707
f 1444/2528/1707 1453/2540/1718 1445/2536/1714
f 1458/2532/1711 1459/2537/1715 1461/2538/1716
f 1463/2529/1709 1461/2538/1716 1465/2541/1719
f 1463/2529/1709 1465/2541/1719 1450/2533/1712
f 1450/2535/1712 1449/2542/1720 1477/2534/1713
f 1470/2531/1710 1474/2539/1717 1471/2543/1721
f 1465/2541/1719 1449/2544/1720 1450/2533/1712
f 1477/2534/1713 1449/2542/1720 1478/2545/1722
f 1470/2531/1710 1471/2543/1721 1453/2540/1718
f 1477/2534/1713 1478/2545/1722 1474/2539/1717
f 1453/2540/1718 1446/2546/1723 1445/2536/1714
f 1445/2536/1714 1456/2547/1724 1459/2537/1715
f 1459/2537/1715 1456/2547/1724 1460/2548/1725
f 1459/2537/1715 1460/2548/1725 1461/2538/1716
f 1461/2538/1716 1460/2548/1725 1465/2541/1719
f 1465/2541/1719 1464/2549/1726 1449/2544/1720
f 1474/2539/1717 1478/2545/1722 1475/2550/1727
f 1474/2539/1717 1475/2550/1727 1471/2543/1721
f 1471/2543/1721 1468/2551/1728 1453/2540/1718
f 1453/2540/1718 1468/2551/1728 1446/2546/1723
f 1445/2536/1714 1446/2546/1723 1456/2547/1724
f 1465/2541/1719 1460/2548/1725 1464/2549/1726
f 1449/2544/1720 1464/2549/1726 1452/2552/1729
f 1471/2543/1721 1475/2550/1727 1472/2553/1730
f 1471/2543/1721 1472/2553/1730 1468/2551/1728
f 1446/2546/1723 1454/2554/1731 1456/2547/1724
f 1460/2548/1725 1456/2547/1724 1457/2555/1732
f 1460/2548/1725 1457/2555/1732 1462/2556/1733
f 1460/2548/1725 1462/2556/1733 1464/2549/1726
f 1449/2542/1720 1452/2557/1729 1478/2545/1722
f 1478/2545/1722 1452/2557/1729 1476/2558/1734
f 1478/2545/1722 1476/2558/1734 1475/2550/1727
f 1446/2546/1723 1468/2551/1728 1454/2554/1731
f 1464/2549/1726 1462/2556/1733 1466/2559/1735
f 1464/2549/1726 1466/2559/1735 1452/2552/1729
f 1456/2547/1724 1454/2554/1731 1457/2555/1732
f 1452/2552/1729 1466/2559/1735 1448/2560/1736
f 1468/2551/1728 1472/2553/1730 1467/2561/1737
f 1468/2551/1728 1467/2561/1737 1454/2554/1731
f 1452/2557/1729 1448/2562/1736 1476/2558/1734
f 1475/2550/1727 1476/2558/1734 1473/2563/1738
f 1454/2554/1731 1467/2561/1737 1455/2522/1703
f 1454/2554/1731 1455/2522/1703 1457/2555/1732
f 1457/2555/1732 1455/2522/1703 1462/2556/1733
f 1476/2558/1734 1448/2562/1736 1473/2563/1738
f 1475/2550/1727 1473/2563/1738 1472/2553/1730
f 1467/2561/1737 1447/2564/1704 1455/2522/1703
f 1462/2556/1733 1455/2522/1703 1466/2559/1735
f 1448/2562/1736 1479/2565/1705 1473/2563/1738
f 1472/2553/1730 1473/2563/1738 1447/2564/1704
f 1472/2553/1730 1447/2564/1704 1467/2561/1737
f 1466/2559/1735 1455/2522/1703 1479/2524/1705
f 1466/2559/1735 1479/2524/1705 1448/2560/1736
f 1479/2565/1705 1447/2564/1704 1473/2563/1738
f 1480/2566/1739 1494/2567/1740 1511/2568/1741
f 1480/2566/1739 1490/2569/1742 1494/2570/1740
f 1494/2570/1740 1501/2571/1743 1511/2572/1741
f 1511/2568/1741 1504/2573/1744 1480/2566/1739
f 1490/2569/1742 1493/2574/1745 1494/2570/1740
f 1494/2570/1740 1493/2574/1745 1499/2575/1746
f 1494/2570/1740 1499/2575/1746 1501/2571/1743
f 1501/2576/1743 1487/2577/1747 1511/2568/1741
f 1501/2571/1743 1499/2575/1746 1502/2578/1748
f 1511/2568/1741 1487/2577/1747 1513/2579/1749
f 1504/2573/1744 1511/2568/1741 1507/2580/1750
f 1504/2573/1744 1481/2581/1751 1480/2566/1739
f 1490/2569/1742 1489/2582/1752 1493/2574/1745
f 1493/2574/1745 1495/2583/1753 1499/2575/1746
f 1501/2571/1743 1502/2578/1748 1487/2584/1747
f 1511/2568/1741 1513/2579/1749 1507/2580/1750
f 1504/2573/1744 1507/2580/1750 1481/2581/1751
f 1480/2566/1739 1481/2581/1751 1490/2569/1742
f 1490/2569/1742 1481/2581/1751 1489/2582/1752
f 1481/2581/1751 1507/2580/1750 1505/2585/1754
f 1493/2574/1745 1489/2582/1752 1492/2586/1755
f 1493/2574/1745 1492/2586/1755 1495/2583/1753
f 1499/2575/1746 1495/2583/1753 1497/2587/1756
f 1499/2575/1746 1497/2587/1756 1502/2578/1748
f 1507/2580/1750 1513/2579/1749 1509/2588/1757
f 1481/2581/1751 1505/2585/1754 1488/2589/1758
f 1481/2581/1751 1488/2589/1758 1489/2582/1752
f 1487/2584/1747 1502/2578/1748 1486/2590/1759
f 1487/2577/1747 1486/2591/1759 1513/2579/1749
f 1507/2580/1750 1509/2588/1757 1505/2585/1754
f 1489/2582/1752 1488/2589/1758 1482/2592/1760
f 1495/2583/1753 1492/2586/1755 1497/2587/1756
f 1502/2578/1748 1497/2587/1756 1500/2593/1761
f 1502/2578/1748 1500/2593/1761 1486/2590/1759
f 1497/2587/1756 1496/2594/1762 1500/2593/1761
f 1486/2590/1759 1500/2593/1761 1485/2595/1763
f 1513/2579/1749 1486/2591/1759 1512/2596/1764
f 1513/2579/1749 1512/2596/1764 1509/2588/1757
f 1509/2588/1757 1508/2597/1765 1505/2585/1754
f 1489/2582/1752 1482/2592/1760 1491/2598/1766
f 1489/2582/1752 1491/2598/1766 1492/2586/1755
f 1492/2586/1755 1491/2598/1766 1496/2594/1762
f 1492/2586/1755 1496/2594/1762 1497/2587/1756
f 1486/2591/1759 1485/2599/1763 1512/2596/1764
f 1509/2588/1757 1512/2596/1764 1508/2597/1765
f 1508/2597/1765 1506/2600/1767 1505/2585/1754
f 1505/2585/1754 1506/2600/1767 1488/2589/1758
f 1482/2592/1760 1483/2601/1768 1491/2598/1766
f 1496/2594/1762 1498/2602/1769 1500/2593/1761
f 1500/2593/1761 1498/2602/1769 1485/2595/1763
f 1488/2589/1758 1506/2600/1767 1483/2601/1768
f 1488/2589/1758 1483/2601/1768 1482/2592/1760
f 1512/2596/1764 1510/2603/1770 1508/2597/1765
f 1508/2597/1765 1510/2603/1770 1506/2600/1767
f 1496/2594/1762 1491/2598/1766 1498/2602/1769
f 1498/2602/1769 1484/2604/1771 1485/2595/1763
f 1485/2599/1763 1510/2603/1770 1512/2596/1764
f 1483/2601/1768 1503/2605/1772 1491/2598/1766
f 1491/2598/1766 1503/2605/1772 1498/2602/1769
f 1485/2599/1763 1484/2606/1771 1510/2603/1770
f 1510/2603/1770 1503/2605/1772 1506/2600/1767
f 1506/2600/1767 1503/2605/1772 1483/2601/1768
f 1498/2602/1769 1503/2605/1772 1484/2604/1771
f 1510/2603/1770 1484/2606/1771 1503/2605/1772
f 1539/2607/1773 1547/2608/1774 1518/2609/1775
f 1514/2610/1776 1515/2611/1777 1527/2612/1778
f 1514/2610/1776 1531/2613/1779 1543/2614/1780
f 1514/2610/1776 1543/2614/1780 1515/2611/1777
f 1514/2610/1776 1527/2612/1778 1531/2615/1779
f 1543/2614/1780 1538/2616/1781 1515/2611/1777
f 1515/2611/1777 1522/2617/1782 1527/2612/1778
f 1531/2613/1779 1548/2618/1783 1543/2614/1780
f 1515/2611/1777 1538/2616/1781 1521/2619/1784
f 1515/2611/1777 1521/2619/1784 1522/2617/1782
f 1527/2612/1778 1529/2620/1785 1531/2615/1779
f 1531/2615/1779 1535/2621/1786 1548/2622/1783
f 1522/2617/1782 1524/2623/1787 1527/2612/1778
f 1527/2612/1778 1524/2623/1787 1529/2620/1785
f 1531/2615/1779 1529/2620/1785 1532/2624/1788
f 1531/2615/1779 1532/2624/1788 1535/2621/1786
f 1538/2616/1781 1543/2614/1780 1540/2625/1789
f 1548/2622/1783 1535/2621/1786 1519/2626/1790
f 1543/2614/1780 1548/2618/1783 1545/2627/1791
f 1543/2614/1780 1545/2627/1791 1540/2625/1789
f 1538/2616/1781 1540/2625/1789 1537/2628/1792
f 1538/2616/1781 1537/2628/1792 1521/2619/1784
f 1524/2623/1787 1528/2629/1793 1529/2620/1785
f 1521/2619/1784 1516/2630/1794 1522/2617/1782
f 1522/2617/1782 1516/2630/1794 1523/2631/1795
f 1522/2617/1782 1523/2631/1795 1524/2623/1787
f 1529/2620/1785 1528/2629/1793 1534/2632/1796
f 1529/2620/1785 1534/2632/1796 1532/2624/1788
f 1535/2621/1786 1532/2624/1788 1520/2633/1797
f 1535/2621/1786 1520/2633/1797 1519/2626/1790
f 1548/2618/1783 1519/2634/1790 1545/2627/1791
f 1540/2625/1789 1541/2635/1798 1537/2628/1792
f 1521/2619/1784 1537/2628/1792 1516/2630/1794
f 1524/2623/1787 1523/2631/1795 1528/2629/1793
f 1532/2624/1788 1534/2632/1796 1520/2633/1797
f 1545/2627/1791 1519/2634/1790 1544/2636/1799
f 1540/2625/1789 1545/2627/1791 1541/2635/1798
f 1541/2635/1798 1536/2637/1800 1537/2628/1792
f 1537/2628/1792 1536/2637/1800 1516/2630/1794
f 1528/2629/1793 1530/2638/1801 1534/2632/1796
f 1545/2627/1791 1544/2636/1799 1541/2635/1798
f 1523/2631/1795 1526/2639/1802 1528/2629/1793
f 1528/2629/1793 1526/2639/1802 1530/2638/1801
f 1519/2634/1790 1520/2640/1797 1546/2641/1803
f 1519/2634/1790 1546/2641/1803 1544/2636/1799
f 1516/2630/1794 1536/2637/1800 1517/2642/1804
f 1516/2630/1794 1517/2642/1804 1523/2631/1795
f 1544/2636/1799 1542/2643/1805 1541/2635/1798
f 1534/2632/1796 1530/2638/1801 1533/2644/1806
f 1534/2632/1796 1533/2644/1806 1520/2633/1797
f 1520/2640/1797 1533/2645/1806 1546/2641/1803
f 1544/2636/1799 1546/2641/1803 1542/2643/1805
f 1541/2635/1798 1542/2643/1805 1536/2637/1800
f 1536/2637/1800 1542/2643/1805 1517/2642/1804
f 1517/2642/1804 1518/2609/1775 1523/2631/1795
f 1523/2631/1795 1518/2609/1775 1526/2639/1802
f 1526/2639/1802 1518/2609/1775 1525/2646/1807
f 1526/2639/1802 1525/2646/1807 1530/2638/1801
f 1530/2638/1801 1525/2646/1807 1533/2644/1806
f 1533/2645/1806 1547/2647/1774 1546/2641/1803
f 1546/2641/1803 1539/2607/1773 1542/2643/1805
f 1542/2643/1805 1539/2607/1773 1517/2642/1804
f 1533/2644/1806 1525/2646/1807 1547/2648/1774
f 1546/2641/1803 1547/2647/1774 1539/2607/1773
f 1539/2607/1773 1518/2609/1775 1517/2642/1804
f 1525/2646/1807 1518/2609/1775 1547/2648/1774
f 1566/2649/1808 1549/2650/1809 1562/2651/1810
f 1581/2652/1811 1550/2653/1812 1555/2654/1813
f 1549/2655/1809 1566/2649/1808 1558/2656/1814
f 1549/2657/1809 1558/2658/1814 1579/2659/1815
f 1549/2657/1809 1551/2660/1816 1562/2651/1810
f 1566/2649/1808 1571/2661/1817 1558/2656/1814
f 1549/2657/1809 1579/2659/1815 1574/2662/1818
f 1549/2657/1809 1574/2662/1818 1551/2660/1816
f 1562/2651/1810 1551/2660/1816 1561/2663/1819
f 1566/2649/1808 1562/2651/1810 1563/2664/1820
f 1551/2660/1816 1552/2665/1821 1561/2663/1819
f 1562/2651/1810 1561/2663/1819 1563/2664/1820
f 1566/2649/1808 1563/2664/1820 1568/2666/1822
f 1566/2649/1808 1568/2666/1822 1571/2661/1817
f 1571/2661/1817 1557/2667/1823 1558/2656/1814
f 1558/2658/1814 1557/2668/1823 1582/2669/1824
f 1558/2658/1814 1582/2669/1824 1579/2659/1815
f 1574/2662/1818 1575/2670/1825 1551/2660/1816
f 1579/2659/1815 1582/2669/1824 1578/2671/1826
f 1579/2659/1815 1578/2671/1826 1574/2662/1818
f 1574/2662/1818 1578/2671/1826 1575/2670/1825
f 1551/2660/1816 1575/2670/1825 1572/2672/1827
f 1551/2660/1816 1572/2672/1827 1552/2665/1821
f 1571/2661/1817 1570/2673/1828 1557/2667/1823
f 1557/2668/1823 1559/2674/1829 1582/2669/1824
f 1563/2664/1820 1565/2675/1830 1568/2666/1822
f 1571/2661/1817 1568/2666/1822 1570/2673/1828
f 1557/2667/1823 1570/2673/1828 1559/2676/1829
f 1578/2671/1826 1577/2677/1831 1575/2670/1825
f 1561/2663/1819 1552/2665/1821 1560/2678/1832
f 1561/2663/1819 1560/2678/1832 1563/2664/1820
f 1582/2669/1824 1559/2674/1829 1580/2679/1833
f 1582/2669/1824 1580/2679/1833 1578/2671/1826
f 1575/2670/1825 1573/2680/1834 1572/2672/1827
f 1552/2665/1821 1553/2681/1835 1560/2678/1832
f 1563/2664/1820 1560/2678/1832 1565/2675/1830
f 1568/2666/1822 1565/2675/1830 1569/2682/1836
f 1568/2666/1822 1569/2682/1836 1570/2673/1828
f 1559/2676/1829 1570/2673/1828 1556/2683/1837
f 1578/2671/1826 1580/2679/1833 1577/2677/1831
f 1575/2670/1825 1577/2677/1831 1573/2680/1834
f 1572/2672/1827 1573/2680/1834 1553/2681/1835
f 1572/2672/1827 1553/2681/1835 1552/2665/1821
f 1570/2673/1828 1569/2682/1836 1556/2683/1837
f 1553/2681/1835 1554/2684/1838 1560/2678/1832
f 1560/2678/1832 1554/2684/1838 1564/2685/1839
f 1560/2678/1832 1564/2685/1839 1565/2675/1830
f 1565/2675/1830 1567/2686/1840 1569/2682/1836
f 1559/2674/1829 1556/2687/1837 1580/2679/1833
f 1553/2681/1835 1573/2680/1834 1554/2684/1838
f 1565/2675/1830 1564/2685/1839 1567/2686/1840
f 1573/2680/1834 1577/2677/1831 1576/2688/1841
f 1569/2682/1836 1567/2686/1840 1556/2683/1837
f 1556/2687/1837 1581/2652/1811 1580/2679/1833
f 1580/2679/1833 1581/2652/1811 1576/2688/1841
f 1580/2679/1833 1576/2688/1841 1577/2677/1831
f 1573/2680/1834 1576/2688/1841 1555/2654/1813
f 1573/2680/1834 1555/2654/1813 1554/2684/1838
f 1556/2683/1837 1567/2686/1840 1550/2689/1812
f 1556/2687/1837 1550/2690/1812 1581/2652/1811
f 1554/2684/1838 1555/2654/1813 1564/2685/1839
f 1564/2685/1839 1550/2689/1812 1567/2686/1840
f 1576/2688/1841 1581/2652/1811 1555/2654/1813
f 1564/2685/1839 1555/2654/1813 1550/2689/1812
f 1601/2691/1842 1589/2692/1843 1615/2693/1844
f 1601/2691/1842 1615/2693/1844 1584/2694/1845
f 1584/2694/1845 1585/2695/1846 1601/2696/1842
f 1585/2695/1846 1598/2697/1847 1601/2696/1842
f 1601/2696/1842 1602/2698/1848 1589/2699/1843
f 1589/2692/1843 1588/2700/1849 1591/2701/1850
f 1589/2692/1843 1591/2701/1850 1615/2693/1844
f 1615/2693/1844 1591/2701/1850 1619/2702/1851
f 1615/2693/1844 1610/2703/1852 1584/2694/1845
f 1584/2694/1845 1610/2703/1852 1609/2704/1853
f 1584/2694/1845 1609/2704/1853 1585/2695/1846
f 1601/2696/1842 1598/2697/1847 1602/2698/1848
f 1589/2699/1843 1602/2698/1848 1588/2705/1849
f 1615/2693/1844 1619/2702/1851 1610/2703/1852
f 1585/2695/1846 1594/2706/1854 1598/2697/1847
f 1598/2697/1847 1600/2707/1855 1602/2698/1848
f 1602/2698/1848 1605/2708/1856 1588/2705/1849
f 1610/2703/1852 1612/2709/1857 1609/2704/1853
f 1585/2695/1846 1609/2704/1853 1592/2710/1858
f 1585/2695/1846 1592/2710/1858 1594/2706/1854
f 1588/2705/1849 1605/2708/1856 1606/2711/1859
f 1619/2702/1851 1613/2712/1860 1610/2703/1852
f 1609/2704/1853 1612/2709/1857 1607/2713/1861
f 1609/2704/1853 1607/2713/1861 1592/2710/1858
f 1592/2710/1858 1593/2714/1862 1594/2706/1854
f 1600/2707/1855 1603/2715/1863 1602/2698/1848
f 1602/2698/1848 1603/2715/1863 1605/2708/1856
f 1588/2705/1849 1606/2711/1859 1590/2716/1864
f 1588/2700/1849 1590/2717/1864 1591/2701/1850
f 1591/2701/1850 1618/2718/1865 1619/2702/1851
f 1619/2702/1851 1618/2718/1865 1613/2712/1860
f 1610/2703/1852 1613/2712/1860 1612/2709/1857
f 1598/2697/1847 1594/2706/1854 1597/2719/1866
f 1598/2697/1847 1597/2719/1866 1600/2707/1855
f 1591/2701/1850 1590/2717/1864 1618/2718/1865
f 1612/2709/1857 1613/2712/1860 1611/2720/1867
f 1612/2709/1857 1611/2720/1867 1607/2713/1861
f 1592/2710/1858 1607/2713/1861 1593/2714/1862
f 1594/2706/1854 1593/2714/1862 1597/2719/1866
f 1603/2715/1863 1604/2721/1868 1605/2708/1856
f 1605/2708/1856 1604/2721/1868 1606/2711/1859
f 1600/2707/1855 1597/2719/1866 1599/2722/1869
f 1600/2707/1855 1599/2722/1869 1603/2715/1863
f 1618/2718/1865 1616/2723/1870 1613/2712/1860
f 1613/2712/1860 1616/2723/1870 1614/2724/1871
f 1613/2712/1860 1614/2724/1871 1611/2720/1867
f 1607/2713/1861 1611/2720/1867 1608/2725/1872
f 1593/2714/1862 1607/2713/1861 1586/2726/1873
f 1593/2714/1862 1586/2726/1873 1597/2719/1866
f 1606/2711/1859 1604/2721/1868 1587/2727/1874
f 1606/2728/1859 1587/2729/1874 1590/2717/1864
f 1590/2717/1864 1587/2729/1874 1616/2723/1870
f 1590/2717/1864 1616/2723/1870 1618/2718/1865
f 1607/2713/1861 1608/2725/1872 1586/2726/1873
f 1597/2719/1866 1586/2726/1873 1596/2730/1875
f 1597/2719/1866 1596/2730/1875 1599/2722/1869
f 1599/2722/1869 1596/2730/1875 1595/2731/1876
f 1599/2722/1869 1595/2731/1876 1603/2715/1863
f 1603/2715/1863 1595/2731/1876 1604/2721/1868
f 1604/2721/1868 1595/2731/1876 1587/2727/1874
f 1616/2723/1870 1587/2729/1874 1617/2732/1877
f 1616/2723/1870 1617/2732/1877 1614/2724/1871
f 1611/2720/1867 1614/2724/1871 1608/2725/1872
f 1614/2724/1871 1617/2732/1877 1608/2725/1872
f 1596/2730/1875 1586/2726/1873 1595/2731/1876
f 1617/2732/1877 1583/2733/1878 1608/2725/1872
f 1608/2725/1872 1583/2733/1878 1586/2726/1873
f 1586/2726/1873 1583/2733/1878 1595/2731/1876
f 1587/2727/1874 1595/2731/1876 1583/2734/1878
f 1587/2729/1874 1583/2733/1878 1617/2732/1877
f 1623/2735/1879 1653/2736/1880 1634/2737/1881
f 1620/2738/1882 1633/2739/1883 1638/2740/1884
f 1620/2738/1882 1638/2740/1884 1626/2741/1885
f 1620/2742/1882 1626/2743/1885 1649/2744/1886
f 1620/2742/1882 1629/2745/1887 1633/2739/1883
f 1620/2742/1882 1641/2746/1888 1629/2745/1887
f 1633/2739/1883 1632/2747/1889 1638/2740/1884
f 1638/2740/1884 1625/2748/1890 1626/2741/1885
f 1626/2743/1885 1650/2749/1891 1649/2744/1886
f 1620/2742/1882 1649/2744/1886 1645/2750/1892
f 1620/2742/1882 1645/2750/1892 1641/2746/1888
f 1633/2739/1883 1629/2745/1887 1632/2747/1889
f 1649/2744/1886 1650/2749/1891 1645/2750/1892
f 1632/2747/1889 1635/2751/1893 1638/2740/1884
f 1626/2743/1885 1625/2752/1890 1650/2749/1891
f 1629/2745/1887 1628/2753/1894 1632/2747/1889
f 1638/2740/1884 1635/2751/1893 1636/2754/1895
f 1638/2740/1884 1636/2754/1895 1639/2755/1896
f 1638/2740/1884 1639/2755/1896 1625/2748/1890
f 1625/2748/1890 1639/2755/1896 1640/2756/1897
f 1625/2752/1890 1654/2757/1898 1650/2749/1891
f 1650/2749/1891 1654/2757/1898 1651/2758/1899
f 1650/2749/1891 1651/2758/1899 1647/2759/1900
f 1650/2749/1891 1647/2759/1900 1645/2750/1892
f 1645/2750/1892 1647/2759/1900 1643/2760/1901
f 1645/2750/1892 1643/2760/1901 1641/2746/1888
f 1641/2746/1888 1643/2760/1901 1627/2761/1902
f 1641/2746/1888 1627/2761/1902 1629/2745/1887
f 1629/2745/1887 1627/2761/1902 1628/2753/1894
f 1632/2747/1889 1628/2753/1894 1631/2762/1903
f 1632/2747/1889 1631/2762/1903 1635/2751/1893
f 1625/2752/1890 1640/2763/1897 1654/2757/1898
f 1643/2760/1901 1642/2764/1904 1627/2761/1902
f 1635/2751/1893 1631/2762/1903 1636/2754/1895
f 1640/2763/1897 1624/2765/1905 1654/2757/1898
f 1627/2761/1902 1621/2766/1906 1628/2753/1894
f 1628/2753/1894 1621/2766/1906 1631/2762/1903
f 1639/2755/1896 1636/2754/1895 1637/2767/1907
f 1639/2755/1896 1637/2767/1907 1624/2768/1905
f 1639/2755/1896 1624/2768/1905 1640/2756/1897
f 1654/2757/1898 1624/2765/1905 1652/2769/1908
f 1654/2757/1898 1652/2769/1908 1651/2758/1899
f 1651/2758/1899 1652/2769/1908 1648/2770/1909
f 1651/2758/1899 1648/2770/1909 1647/2759/1900
f 1647/2759/1900 1648/2770/1909 1643/2760/1901
f 1643/2760/1901 1648/2770/1909 1644/2771/1910
f 1643/2760/1901 1644/2771/1910 1642/2764/1904
f 1627/2761/1902 1642/2764/1904 1621/2766/1906
f 1636/2754/1895 1631/2762/1903 1630/2772/1911
f 1631/2762/1903 1621/2766/1906 1630/2772/1911
f 1636/2754/1895 1630/2772/1911 1637/2767/1907
f 1642/2764/1904 1644/2771/1910 1622/2773/1912
f 1642/2764/1904 1622/2773/1912 1621/2766/1906
f 1621/2766/1906 1622/2773/1912 1630/2772/1911
f 1624/2768/1905 1637/2767/1907 1634/2737/1881
f 1624/2765/1905 1634/2774/1881 1652/2769/1908
f 1644/2771/1910 1648/2770/1909 1646/2775/1913
f 1644/2771/1910 1646/2775/1913 1622/2773/1912
f 1630/2772/1911 1622/2773/1912 1623/2735/1879
f 1652/2769/1908 1634/2774/1881 1653/2776/1880
f 1652/2769/1908 1653/2776/1880 1648/2770/1909
f 1630/2772/1911 1623/2735/1879 1637/2767/1907
f 1637/2767/1907 1623/2735/1879 1634/2737/1881
f 1648/2770/1909 1653/2776/1880 1646/2775/1913
f 1646/2775/1913 1623/2735/1879 1622/2773/1912
f 1646/2775/1913 1653/2776/1880 1623/2735/1879
f 2148/3714/2417 2139/2009/2418 2129/3715/2419
f 2148/3714/2417 2129/3715/2419 2147/2011/2420
f 2147/2011/2420 2129/3715/2419 2130/3716/2421
f 2147/2011/2420 2130/3716/2421 2146/2013/2422
f 2146/2013/2422 2130/3716/2421 2131/3717/2423
f 2146/2013/2422 2131/3717/2423 2145/3718/2424
f 2145/3718/2424 2131/3717/2423 2144/3719/2425
f 2144/3719/2425 2131/3717/2423 2132/3720/2426
f 2144/3719/2425 2132/3720/2426 2143/2017/2427
f 2143/2017/2427 2132/3720/2426 2142/3721/2428
f 2142/3721/2428 2132/3720/2426 2133/3722/2429
f 2142/3721/2428 2133/3722/2429 2141/3723/2430
f 2141/3723/2430 2133/3722/2429 2140/3724/2431
f 2140/3724/2431 2133/3722/2429 2134/3725/2432
f 2140/3724/2431 2134/3725/2432 2156/3726/2433
f 2156/3726/2433 2134/3725/2432 2135/3727/2434
f 2156/3726/2433 2135/3727/2434 2155/3728/2435
f 2155/3728/2435 2135/3727/2434 2136/3729/2436
f 2155/3728/2435 2136/3729/2436 2154/3730/2437
f 2154/3730/2437 2136/3729/2436 2153/3731/2438
f 2153/3731/2438 2136/3729/2436 2137/3732/2439
f 2153/3731/2438 2137/3732/2439 2152/2029/2440
f 2152/2029/2440 2137/3732/2439 2151/2030/2441
f 2151/2030/2441 2137/3732/2439 2138/3733/2442
f 2151/2030/2441 2138/3733/2442 2150/2032/2443
f 2150/2032/2443 2138/3733/2442 2149/3734/2444
f 2149/3734/2444 2138/3733/2442 2139/2009/2418
f 2149/3734/2444 2139/2009/2418 2148/3714/2417
f 2157/2034/1412 2135/3735/2434 2134/2036/2432
f 2157/2037/1412 2134/2038/2432 2169/3736/1413
f 2135/3735/2434 2157/2034/1412 2158/3737/1414
f 2135/3735/2434 2158/3737/1414 2159/3738/1415
f 2135/3735/2434 2159/3738/1415 2136/2042/2436
f 2136/2042/2436 2159/3738/1415 2160/3739/2445
f 2136/2042/2436 2160/3739/2445 2137/2044/2439
f 2137/2044/2439 2160/3739/2445 2161/3740/2446
f 2137/2044/2439 2161/3740/2446 2138/3741/2442
f 2138/3741/2442 2161/3740/2446 2162/3742/2447
f 2138/3741/2442 2162/3742/2447 2170/2048/1419
f 2170/2048/1419 2162/3742/2447 2163/2049/2448
f 2170/2048/1419 2163/2049/2448 2139/2050/2418
f 2139/2050/2418 2163/2049/2448 2164/2051/1421
f 2139/2050/2418 2164/2051/1421 2129/2052/2419
f 2129/2052/2419 2164/2051/1421 2165/2053/1422
f 2129/2052/2419 2165/2053/1422 2130/3743/2421
f 2130/3743/2421 2165/2053/1422 2131/2055/2423
f 2131/2055/2423 2165/2053/1422 2166/2056/1423
f 2131/2055/2423 2166/2056/1423 2132/2057/2426
f 2132/2057/2426 2166/2056/1423 2167/2058/1424
f 2132/2057/2426 2167/2058/1424 2133/2059/2429
f 2133/2059/2429 2167/2058/1424 2168/2060/1425
f 2133/2059/2429 2168/2060/1425 2169/3736/1413
f 2133/2059/2429 2169/3736/1413 2134/2038/2432
f 2158/3744/1414 2169/3745/1413 2174/2063/2449
f 2174/2063/2449 2169/3745/1413 2189/2064/1427
f 2189/2064/1427 2169/3745/1413 2188/2065/1428
f 2188/2065/1428 2169/3745/1413 2168/3746/1425
f 2188/2065/1428 2168/3746/1425 2187/2067/1429
f 2187/2067/1429 2168/3746/1425 2186/2068/1430
f 2186/2068/1430 2168/3746/1425 2171/3747/1431
f 2186/2068/1430 2171/3747/1431 2185/2070/1432
f 2185/2070/1432 2171/3747/1431 2184/2071/1433
f 2184/2071/1433 2171/3747/1431 2172/3748/2450
f 2184/2071/1433 2172/3748/2450 2183/3749/1435
f 2183/3749/1435 2172/3748/2450 2173/2074/1436
f 2183/3749/1435 2173/2074/1436 2182/2075/1437
f 2182/2075/1437 2173/2074/1436 2181/3750/2451
f 2181/3750/2451 2173/2074/1436 2163/3751/2448
f 2181/3750/2451 2163/3751/2448 2180/3752/2452
f 2180/3752/2452 2163/3751/2448 2162/2079/2447
f 2180/3752/2452 2162/2079/2447 2179/3753/2453
f 2179/3753/2453 2162/2079/2447 2161/3754/2446
f 2179/3753/2453 2161/3754/2446 2178/3755/2454
f 2178/3755/2454 2161/3754/2446 2177/3756/2455
f 2177/3756/2455 2161/3754/2446 2160/3757/2445
f 2177/3756/2455 2160/3757/2445 2176/2085/2456
f 2176/2085/2456 2160/3757/2445 2159/3758/1415
f 2176/2085/2456 2159/3758/1415 2175/3759/2457
f 2175/3759/2457 2159/3758/1415 2158/3744/1414
f 2175/3759/2457 2158/3744/1414 2174/2063/2449
f 2207/3760/2458 2192/3761/1446 2193/3762/2459
f 2210/3763/2460 2195/3764/2461 2196/3765/2462
f 2220/3766/1448 2186/3767/1430 2185/2093/1432
f 2220/3766/1448 2185/2093/1432 2184/3768/1433
f 2215/3769/2463 2182/3770/1437 2181/3771/2451
f 2212/3772/2464 2180/3773/2452 2179/3774/2453
f 2208/3775/2465 2178/3776/2454 2177/3777/2455
f 2204/3778/2466 2190/3779/2467 2205/3780/1456
f 2205/3780/1456 2190/3779/2467 2191/3781/2468
f 2205/3780/1456 2191/3781/2468 2206/3782/1458
f 2206/3782/1458 2191/3781/2468 2192/3761/1446
f 2206/3782/1458 2192/3761/1446 2207/3760/2458
f 2209/3783/2469 2194/3784/2470 2195/3764/2461
f 2209/3783/2469 2195/3764/2461 2210/3763/2460
f 2211/3785/2471 2210/3763/2460 2196/3765/2462
f 2211/3785/2471 2196/3765/2462 2197/3786/2472
f 2213/3787/2473 2197/3786/2472 2198/3788/2474
f 2213/3787/2473 2198/3788/2474 2214/3789/2475
f 2214/3789/2475 2198/3788/2474 2215/3769/2463
f 2215/3769/2463 2198/3788/2474 2199/3790/1468
f 2215/3769/2463 2199/3790/1468 2216/3791/1469
f 2216/3791/1469 2199/3790/1468 2217/3792/1470
f 2217/3792/1470 2199/3790/1468 2200/3793/1471
f 2217/3792/1470 2200/3793/1471 2218/3794/2476
f 2218/3794/2476 2200/3793/1471 2201/3795/1473
f 2218/3794/2476 2201/3795/1473 2219/3796/1474
f 2219/3796/1474 2201/3795/1473 2220/3766/1448
f 2220/3766/1448 2201/3795/1473 2202/3797/1475
f 2220/3766/1448 2202/3797/1475 2221/3798/1476
f 2221/3798/1476 2202/3797/1475 2222/3799/1477
f 2222/3799/1477 2202/3797/1475 2203/3800/1478
f 2222/3799/1477 2203/3800/1478 2223/3801/2477
f 2223/3801/2477 2203/3800/1478 2204/3802/2466
f 2204/3802/2466 2203/3800/1478 2190/3803/2467
f 2208/3775/2465 2193/3762/2459 2194/3784/2470
f 2208/3775/2465 2194/3784/2470 2209/3783/2469
f 2212/3772/2464 2211/3785/2471 2197/3786/2472
f 2212/3772/2464 2197/3786/2472 2213/3787/2473
f 2189/3804/1427 2204/3778/2466 2174/3805/2449
f 2174/3805/2449 2204/3778/2466 2205/3780/1456
f 2174/3805/2449 2205/3780/1456 2175/3806/2457
f 2175/3806/2457 2205/3780/1456 2206/3782/1458
f 2175/3806/2457 2206/3782/1458 2207/3760/2458
f 2177/3777/2455 2207/3760/2458 2193/3762/2459
f 2177/3777/2455 2193/3762/2459 2208/3775/2465
f 2208/3775/2465 2209/3783/2469 2178/3776/2454
f 2178/3776/2454 2209/3783/2469 2210/3763/2460
f 2178/3776/2454 2210/3763/2460 2211/3785/2471
f 2179/3774/2453 2211/3785/2471 2212/3772/2464
f 2180/3773/2452 2212/3772/2464 2213/3787/2473
f 2180/3773/2452 2213/3787/2473 2181/3771/2451
f 2181/3771/2451 2213/3787/2473 2214/3789/2475
f 2181/3771/2451 2214/3789/2475 2215/3769/2463
f 2215/3769/2463 2216/3791/1469 2182/3770/1437
f 2182/3770/1437 2216/3791/1469 2217/3792/1470
f 2182/3770/1437 2217/3792/1470 2183/3807/1435
f 2183/3807/1435 2217/3792/1470 2218/3794/2476
f 2183/3807/1435 2218/3794/2476 2184/3768/1433
f 2184/3768/1433 2218/3794/2476 2219/3796/1474
f 2184/3768/1433 2219/3796/1474 2220/3766/1448
f 2186/3767/1430 2220/3766/1448 2221/3798/1476
f 2186/3767/1430 2221/3798/1476 2187/3808/1429
f 2187/3808/1429 2221/3798/1476 2222/3799/1477
f 2187/3808/1429 2222/3799/1477 2188/3809/1428
f 2188/3809/1428 2222/3799/1477 2223/3801/2477
f 2188/3809/1428 2223/3801/2477 2189/3810/1427
f 2189/3810/1427 2223/3801/2477 2204/3802/2466
f 2176/3811/2456 2175/3806/2457 2207/3760/2458
f 2176/3811/2456 2207/3760/2458 2177/3777/2455
f 2179/3774/2453 2178/3776/2454 2211/3785/2471
f 2224/2142/2478 2190/2143/2467 2235/2144/2479
f 2235/2144/2479 2190/2143/2467 2203/3812/1478
f 2235/2144/2479 2203/3812/1478 2234/2146/1482
f 2234/2146/1482 2203/3812/1478 2202/3813/1475
f 2234/2146/1482 2202/3813/1475 2233/2148/1483
f 2233/2148/1483 2202/3813/1475 2201/3814/1473
f 2233/2148/1483 2201/3814/1473 2232/2150/1484
f 2232/2150/1484 2201/3814/1473 2200/2151/1471
f 2232/2150/1484 2200/2151/1471 2231/3815/2480
f 2231/3815/2480 2200/2151/1471 2199/2153/1468
f 2231/3815/2480 2199/2153/1468 2198/3816/2474
f 2231/3815/2480 2198/3816/2474 2230/3817/2481
f 2230/3817/2481 2198/3816/2474 2229/3818/2482
f 2229/3818/2482 2198/3816/2474 2197/2157/2472
f 2229/3818/2482 2197/2157/2472 2228/3819/2483
f 2228/3819/2483 2197/2157/2472 2196/3820/2462
f 2228/3819/2483 2196/3820/2462 2227/2160/2484
f 2227/2160/2484 2196/3820/2462 2195/3821/2461
f 2227/2160/2484 2195/3821/2461 2226/2162/2485
f 2226/2162/2485 2195/3821/2461 2194/3822/2470
f 2226/2162/2485 2194/3822/2470 2193/2163/2459
f 2226/2162/2485 2193/2163/2459 2225/2164/2486
f 2225/2164/2486 2193/2163/2459 2192/3823/1446
f 2225/2164/2486 2192/3823/1446 2191/3824/2468
f 2225/2164/2486 2191/3824/2468 2224/2167/2478
f 2224/2167/2478 2191/3824/2468 2190/3825/2467
f 2236/3826/2487 2237/3827/2488 2250/3828/2489
f 2250/3829/2489 2224/3830/2478 2235/3831/2479
f 2251/3832/2490 2237/3827/2488 2238/3833/2491
f 2240/3834/2492 2241/3835/2493 2256/3836/1499
f 2256/3836/1499 2241/3835/2493 2258/3837/1500
f 2258/3837/1500 2241/3835/2493 2242/3838/2494
f 2258/3837/1500 2242/3838/2494 2259/3839/2495
f 2259/3839/2495 2242/3838/2494 2260/3840/2496
f 2260/3840/2496 2242/3838/2494 2243/3841/2497
f 2260/3840/2496 2243/3841/2497 2244/3842/2498
f 2260/3840/2496 2244/3842/2498 2261/3843/2499
f 2231/3844/2500 2263/3845/1508 2264/3846/1509
f 2231/3844/2500 2264/3846/1509 2232/3847/1510
f 2232/3847/1510 2264/3846/1509 2265/3848/1511
f 2232/3847/1510 2265/3848/1511 2233/2191/1512
f 2233/2191/1512 2265/3848/1511 2267/3849/1513
f 2233/2191/1512 2267/3849/1513 2234/3850/1482
f 2262/3851/2501 2261/3843/2499 2263/3845/1508
f 2261/3843/2499 2245/3852/2502 2263/3845/1508
f 2263/3845/1508 2245/3852/2502 2264/3846/1509
f 2244/3842/2498 2245/3852/2502 2261/3843/2499
f 2245/3852/2502 2246/3853/2503 2264/3846/1509
f 2264/3846/1509 2246/3853/2503 2265/3848/1511
f 2246/3853/2503 2247/3854/2504 2265/3848/1511
f 2265/3848/1511 2247/3854/2504 2266/3855/1518
f 2265/3848/1511 2266/3855/1518 2267/3849/1513
f 2247/3854/2504 2248/3856/2505 2266/3855/1518
f 2266/3855/1518 2268/3857/1520 2267/3849/1513
f 2267/3849/1513 2268/3857/1520 2234/3850/1482
f 2266/3855/1518 2248/3856/2505 2268/3857/1520
f 2268/3857/1520 2269/3858/2506 2234/3850/1482
f 2234/3850/1482 2269/3858/2506 2235/3831/2479
f 2248/3856/2505 2249/3859/2507 2268/3857/1520
f 2268/3857/1520 2249/3859/2507 2269/3858/2506
f 2269/3858/2506 2250/3829/2489 2235/3831/2479
f 2269/3858/2506 2249/3859/2507 2250/3829/2489
f 2249/3859/2507 2236/3860/2487 2250/3829/2489
f 2263/3845/1508 2231/3844/2500 2262/3851/2501
f 2262/3851/2501 2230/3861/2481 2261/3843/2499
f 2261/3843/2499 2230/3861/2481 2260/3840/2496
f 2231/3844/2500 2230/3861/2481 2262/3851/2501
f 2257/3862/1523 2228/3863/2483 2227/2206/1524
f 2257/3862/1523 2227/2206/1524 2255/3864/1525
f 2255/3864/1525 2227/2206/1524 2226/2208/1526
f 2255/3864/1525 2226/2208/1526 2254/3865/1527
f 2254/3865/1527 2226/2208/1526 2225/2210/2508
f 2254/3865/1527 2225/2210/2508 2253/3866/1529
f 2253/3866/1529 2225/2210/2508 2252/3867/2509
f 2252/3867/2509 2225/2210/2508 2224/3868/2478
f 2251/3832/2490 2250/3828/2489 2237/3827/2488
f 2252/3867/2509 2251/3832/2490 2253/3866/1529
f 2253/3866/1529 2251/3832/2490 2238/3833/2491
f 2253/3866/1529 2238/3833/2491 2254/3865/1527
f 2254/3865/1527 2238/3833/2491 2239/3869/2510
f 2254/3865/1527 2239/3869/2510 2255/3864/1525
f 2255/3864/1525 2239/3869/2510 2240/3834/2492
f 2255/3864/1525 2240/3834/2492 2256/3836/1499
f 2224/3868/2478 2250/3828/2489 2251/3832/2490
f 2224/3868/2478 2251/3832/2490 2252/3867/2509
f 2257/3862/1523 2255/3864/1525 2256/3836/1499
f 2257/3862/1523 2256/3836/1499 2258/3837/1500
f 2257/3862/1523 2258/3837/1500 2228/3863/2483
f 2228/3863/2483 2258/3837/1500 2259/3839/2495
f 2228/3863/2483 2259/3839/2495 2229/3870/2482
f 2229/3870/2482 2259/3839/2495 2260/3840/2496
f 2230/3861/2481 2229/3870/2482 2260/3840/2496
f 2270/3871/2511 2237/3872/2488 2302/3873/2512
f 2302/3873/2512 2237/3872/2488 2236/2219/2487
f 2302/3874/2512 2236/2221/2487 2281/3875/2513
f 2281/3875/2513 2236/2221/2487 2249/3876/2514
f 2281/3875/2513 2249/3876/2514 2280/3877/2515
f 2280/3877/2515 2249/3876/2514 2248/3878/2505
f 2280/3877/2515 2248/3878/2505 2279/3879/2516
f 2279/3879/2516 2248/3878/2505 2247/3880/2504
f 2279/3879/2516 2247/3880/2504 2246/3881/2503
f 2279/3879/2516 2246/3881/2503 2278/3882/2517
f 2278/3882/2517 2246/3881/2503 2245/3883/2502
f 2278/3882/2517 2245/3883/2502 2277/2232/2518
f 2277/2232/2518 2245/3883/2502 2244/3884/2498
f 2277/2232/2518 2244/3884/2498 2276/3885/2519
f 2276/3885/2519 2244/3884/2498 2243/2235/2497
f 2276/3885/2519 2243/2235/2497 2275/3886/2520
f 2275/3886/2520 2243/2235/2497 2242/3887/2521
f 2275/3886/2520 2242/3887/2521 2274/3888/2522
f 2274/3888/2522 2242/3887/2521 2241/3889/2493
f 2274/3888/2522 2241/3889/2493 2273/3890/2523
f 2273/3890/2523 2241/3889/2493 2240/3891/2492
f 2273/3890/2523 2240/3891/2492 2272/3892/2524
f 2272/3892/2524 2240/3891/2492 2239/3893/2510
f 2272/3892/2524 2239/3893/2510 2271/3894/2525
f 2271/3894/2525 2239/3893/2510 2238/2246/2491
f 2271/3894/2525 2238/2246/2491 2270/3871/2511
f 2270/3871/2511 2238/2246/2491 2237/3872/2488
f 2140/3895/2431 2282/3896/2526 2302/3897/2512
f 2302/3897/2512 2282/3896/2526 2283/3898/2527
f 2288/3899/2528 2152/3900/2440 2151/3901/2441
f 2288/3899/2528 2151/3901/2441 2289/3902/2529
f 2289/3902/2529 2151/3901/2441 2150/3903/2443
f 2150/3903/2443 2149/3904/2444 2291/3905/2530
f 2291/3905/2530 2149/3904/2444 2148/3906/2417
f 2292/3907/2531 2276/3908/2519 2275/3909/2520
f 2284/3910/2532 2271/3911/2525 2270/3912/2533
f 2283/3913/2527 2270/3912/2533 2302/3914/2512
f 2282/3915/2526 2140/3916/2431 2156/3917/2433
f 2286/3918/2534 2154/3919/2437 2153/3920/2438
f 2294/3921/2535 2148/3906/2417 2147/3922/2420
f 2295/3923/2536 2147/3922/2420 2146/3924/2422
f 2296/3925/2537 2146/3924/2422 2145/3926/2424
f 2301/3927/2538 2142/3928/2428 2141/3929/2430
f 2301/3927/2538 2141/3929/2430 2140/3895/2431
f 2283/3913/2527 2282/3915/2526 2156/3917/2433
f 2283/3913/2527 2156/3917/2433 2284/3910/2532
f 2284/3910/2532 2156/3917/2433 2155/3930/2435
f 2284/3910/2532 2155/3930/2435 2285/3931/2539
f 2285/3931/2539 2155/3930/2435 2154/3919/2437
f 2285/3931/2539 2154/3919/2437 2286/3918/2534
f 2287/3932/2540 2286/3918/2534 2153/3920/2438
f 2287/3932/2540 2153/3920/2438 2152/3900/2440
f 2287/3932/2540 2152/3900/2440 2288/3899/2528
f 2290/3933/2541 2289/3902/2529 2150/3903/2443
f 2290/3933/2541 2150/3903/2443 2291/3905/2530
f 2293/3934/2542 2291/3905/2530 2148/3906/2417
f 2293/3934/2542 2148/3906/2417 2294/3921/2535
f 2294/3921/2535 2147/3922/2420 2295/3923/2536
f 2296/3925/2537 2295/3923/2536 2146/3924/2422
f 2297/3935/2543 2296/3925/2537 2145/3926/2424
f 2297/3935/2543 2145/3926/2424 2298/3936/2544
f 2298/3936/2544 2145/3926/2424 2144/3937/2425
f 2298/3936/2544 2144/3937/2425 2299/3938/2545
f 2299/3938/2545 2144/3937/2425 2143/3939/2427
f 2299/3938/2545 2143/3939/2427 2300/3940/2546
f 2300/3940/2546 2143/3939/2427 2142/3928/2428
f 2300/3940/2546 2142/3928/2428 2301/3927/2538
f 2302/3897/2512 2301/3927/2538 2140/3895/2431
f 2292/3907/2531 2290/3933/2541 2291/3905/2530
f 2272/3941/2524 2285/3931/2539 2286/3918/2534
f 2272/3941/2524 2286/3918/2534 2287/3932/2540
f 2273/3942/2523 2287/3932/2540 2288/3899/2528
f 2274/3943/2522 2288/3899/2528 2289/3902/2529
f 2274/3943/2522 2289/3902/2529 2290/3933/2541
f 2292/3907/2531 2291/3905/2530 2293/3934/2542
f 2276/3908/2519 2293/3934/2542 2294/3921/2535
f 2277/3944/2518 2294/3921/2535 2295/3923/2536
f 2277/3944/2518 2295/3923/2536 2296/3925/2537
f 2278/3945/2517 2296/3925/2537 2297/3935/2543
f 2280/3946/2515 2299/3938/2545 2300/3940/2546
f 2281/3947/2513 2300/3940/2546 2301/3927/2538
f 2281/3947/2513 2301/3927/2538 2302/3897/2512
f 2270/3912/2533 2283/3913/2527 2284/3910/2532
f 2271/3911/2525 2284/3910/2532 2285/3931/2539
f 2271/3911/2525 2285/3931/2539 2272/3941/2524
f 2273/3942/2523 2272/3941/2524 2287/3932/2540
f 2274/3943/2522 2273/3942/2523 2288/3899/2528
f 2275/3909/2520 2274/3943/2522 2290/3933/2541
f 2275/3909/2520 2290/3933/2541 2292/3907/2531
f 2276/3908/2519 2292/3907/2531 2293/3934/2542
f 2277/3944/2518 2276/3908/2519 2294/3921/2535
f 2278/3945/2517 2277/3944/2518 2296/3925/2537
f 2279/3948/2516 2278/3945/2517 2297/3935/2543
f 2279/3948/2516 2297/3935/2543 2298/3936/2544
f 2279/3948/2516 2298/3936/2544 2299/3938/2545
f 2280/3946/2515 2279/3948/2516 2299/3938/2545
f 2280/3946/2515 2300/3940/2546 2281/3947/2513
f 2170/2300/1419 2139/3949/2418 2138/3950/2442
f 2158/3951/1414 2157/2304/1412 2169/2305/1413
f 2164/3952/1421 2163/3953/2448 2173/3954/2547
f 2164/3952/1421 2173/3954/2547 2165/3955/2548
f 2165/3955/2548 2173/3954/2547 2172/2310/1571
f 2165/3955/2548 2172/2310/1571 2166/2311/1572
f 2166/2311/1572 2172/2310/1571 2171/3956/2549
f 2166/2311/1572 2171/3956/2549 2167/3957/1424
f 2167/3957/1424 2171/3956/2549 2168/3958/1425
f 2319/3959/1574 2303/2316/1575 2304/2317/1576
f 2319/3959/1574 2304/2317/1576 2318/2318/1577
f 2318/2318/1577 2304/2317/1576 2305/2319/1578
f 2318/2318/1577 2305/2319/1578 2317/3960/1579
f 2317/3960/1579 2305/2319/1578 2316/3961/1580
f 2316/3961/1580 2305/2319/1578 2306/2322/1581
f 2316/3961/1580 2306/2322/1581 2307/2323/1582
f 2316/3961/1580 2307/2323/1582 2315/3962/1583
f 2315/3962/1583 2307/2323/1582 2314/3963/1584
f 2314/3963/1584 2307/2323/1582 2308/2326/1585
f 2314/3963/1584 2308/2326/1585 2313/3964/1586
f 2313/3964/1586 2308/2326/1585 2309/2328/1587
f 2313/3964/1586 2309/2328/1587 2312/3965/1588
f 2312/3965/1588 2309/2328/1587 2310/2330/1589
f 2312/3965/1588 2310/2330/1589 2311/3966/1590
f 2311/3966/1590 2310/2330/1589 2303/2316/1575
f 2311/3966/1590 2303/2316/1575 2319/3959/1574
f 2320/2332/2550 2303/2333/2551 2332/2334/2552
f 2332/2334/2552 2303/2333/2551 2310/2335/1594
f 2332/2334/2552 2310/2335/1594 2331/2336/2553
f 2331/2336/2553 2310/2335/1594 2309/2337/1596
f 2331/2336/2553 2309/2337/1596 2330/2338/2554
f 2330/2338/2554 2309/2337/1596 2329/3967/1598
f 2329/3967/1598 2309/2337/1596 2308/2340/1599
f 2329/3967/1598 2308/2340/1599 2328/3968/2555
f 2328/3968/2555 2308/2340/1599 2307/2342/2556
f 2328/3968/2555 2307/2342/2556 2327/3969/2557
f 2327/3969/2557 2307/2342/2556 2326/3970/2558
f 2326/3970/2558 2307/2342/2556 2306/2345/2559
f 2326/3970/2558 2306/2345/2559 2325/3971/2560
f 2325/3971/2560 2306/2345/2559 2324/3972/2561
f 2324/3972/2561 2306/2345/2559 2305/2348/2562
f 2324/3972/2561 2305/2348/2562 2323/3973/2563
f 2323/3973/2563 2305/2348/2562 2304/2350/2564
f 2323/3973/2563 2304/2350/2564 2322/3974/2565
f 2322/3974/2565 2304/2350/2564 2321/3975/2566
f 2321/3975/2566 2304/2350/2564 2303/2352/2551
f 2321/3975/2566 2303/2352/2551 2320/2353/2550
f 2354/2405/2567 2367/3976/2568 2320/3977/2550
f 2366/3978/2569 2355/3979/2570 2352/3980/2571
f 2334/3981/2572 2335/3982/2573 2353/3983/2574
f 2353/3984/2574 2366/3978/2569 2322/3985/2565
f 2322/3985/2565 2366/3978/2569 2323/3986/2563
f 2353/3983/2574 2335/3982/2573 2355/3987/2570
f 2353/3983/2574 2355/3987/2570 2366/3988/2569
f 2356/3989/2575 2357/3990/2576 2364/3991/2577
f 2326/3992/2558 2364/3991/2577 2351/3993/2578
f 2351/3994/2578 2364/3995/2577 2358/3996/2579
f 2337/3997/2580 2338/3998/2581 2356/3999/2575
f 2356/3999/2575 2338/3998/2581 2357/4000/2576
f 2325/2369/2560 2364/3991/2577 2326/3992/2558
f 2340/4001/2582 2359/4002/2583 2350/4003/2584
f 2328/4004/2555 2350/4005/2584 2329/4006/1598
f 2349/4007/2585 2342/4008/2586 2360/4009/2587
f 2360/4009/2587 2342/4008/2586 2343/4010/1630
f 2340/4001/2582 2341/2374/2588 2359/4002/2583
f 2350/4005/2584 2349/4011/2585 2329/4006/1598
f 2350/4003/2584 2359/4002/2583 2349/4007/2585
f 2331/4012/2553 2346/4013/2589 2332/4014/2552
f 2332/4014/2552 2346/4013/2589 2320/3977/2550
f 2320/3977/2550 2346/4013/2589 2362/4015/2590
f 2343/4010/1630 2344/4016/2591 2361/4017/2592
f 2347/4018/2593 2361/4017/2592 2362/4019/2590
f 2347/4020/2593 2362/4021/2590 2346/4013/2589
f 2361/4017/2592 2344/4016/2591 2362/4019/2590
f 2346/4013/2589 2331/4012/2553 2347/4020/2593
f 2361/4017/2592 2360/4009/2587 2343/4010/1630
f 2361/4017/2592 2347/4018/2593 2360/4009/2587
f 2348/4022/2594 2330/4023/2554 2349/4011/2585
f 2330/4023/2554 2329/4006/1598 2349/4011/2585
f 2350/4005/2584 2328/4004/2555 2363/4024/2595
f 2350/4003/2584 2363/4025/2595 2340/4001/2582
f 2327/4026/2557 2326/3992/2558 2351/3993/2578
f 2364/3991/2577 2365/4027/2596 2356/3989/2575
f 2356/3999/2575 2352/4028/2571 2337/3997/2580
f 2324/4029/2561 2323/3986/2563 2365/4027/2596
f 2365/4027/2596 2323/3986/2563 2366/3978/2569
f 2321/4030/2566 2320/4031/2550 2367/4032/2568
f 2320/3977/2550 2362/4015/2590 2354/2405/2567
f 2347/4018/2593 2348/4033/2594 2360/4009/2587
f 2360/4009/2587 2348/4033/2594 2349/4007/2585
f 2330/4023/2554 2347/4020/2593 2331/4012/2553
f 2348/4022/2594 2347/4020/2593 2330/4023/2554
f 2342/4008/2586 2359/4002/2583 2341/2374/2588
f 2340/4001/2582 2363/4025/2595 2358/3996/2579
f 2363/4025/2595 2351/3994/2578 2358/3996/2579
f 2340/4001/2582 2358/3996/2579 2339/4034/2597
f 2327/4026/2557 2363/4024/2595 2328/4004/2555
f 2351/3993/2578 2363/4024/2595 2327/4026/2557
f 2337/3997/2580 2352/4028/2571 2355/3987/2570
f 2337/3997/2580 2355/3987/2570 2336/4035/2598
f 2352/3980/2571 2356/3989/2575 2365/4027/2596
f 2365/4027/2596 2364/3991/2577 2324/4029/2561
f 2324/4029/2561 2364/3991/2577 2325/2369/2560
f 2353/3983/2574 2367/4036/2568 2354/4037/2567
f 2353/3983/2574 2354/4037/2567 2334/3981/2572
f 2334/3981/2572 2354/4037/2567 2333/2410/2599
f 2367/4032/2568 2353/3984/2574 2322/3985/2565
f 2367/4032/2568 2322/3985/2565 2321/4030/2566
f 2366/3978/2569 2352/3980/2571 2365/4027/2596
f 2358/3996/2579 2364/3995/2577 2357/4000/2576
f 2335/3982/2573 2336/4035/2598 2355/3987/2570
f 2338/3998/2581 2339/4034/2597 2357/4000/2576
f 2357/4000/2576 2339/4034/2597 2358/3996/2579
f 2359/4002/2583 2342/4008/2586 2349/4007/2585
f 2344/4016/2591 2345/4038/2600 2362/4019/2590
f 2362/4019/2590 2345/4038/2600 2333/4039/2599
f 2354/4040/2567 2362/4019/2590 2333/4039/2599
f 2368/2416/1642 2333/2417/2599 2375/2418/1643
f 2375/2418/1643 2333/2417/2599 2345/4041/2600
f 2375/2418/1643 2345/4041/2600 2344/4042/2591
f 2375/2418/1643 2344/4042/2591 2374/2421/1644
f 2374/2421/1644 2344/4042/2591 2343/4043/1630
f 2374/2421/1644 2343/4043/1630 2373/2423/1645
f 2373/2423/1645 2343/4043/1630 2342/4044/2586
f 2373/2423/1645 2342/4044/2586 2341/4045/2588
f 2373/2423/1645 2341/4045/2588 2372/2426/2601
f 2372/2426/2601 2341/4045/2588 2340/4046/2582
f 2372/2426/2601 2340/4046/2582 2339/4047/2597
f 2372/2426/2601 2339/4047/2597 2371/2429/2602
f 2371/2429/2602 2339/4047/2597 2338/4048/2581
f 2371/2429/2602 2338/4048/2581 2370/2431/2603
f 2370/2431/2603 2338/4048/2581 2337/4049/2580
f 2370/2431/2603 2337/4049/2580 2336/4050/2598
f 2370/2431/2603 2336/4050/2598 2369/2434/1649
f 2369/2434/1649 2336/4050/2598 2335/4051/2573
f 2369/2434/1649 2335/4051/2573 2368/2436/1642
f 2368/2436/1642 2335/4051/2573 2334/4052/2572
f 2368/2436/1642 2334/4052/2572 2333/4053/2599
f 2368/2439/1650 2380/4054/1651 2381/4055/1652
f 2368/2439/1650 2381/4055/1652 2369/2442/1653
f 2369/2442/1653 2381/4055/1652 2382/4056/1654
f 2369/2442/1653 2382/4056/1654 2370/2444/1655
f 2370/2444/1655 2382/4056/1654 2383/4057/1656
f 2370/2444/1655 2383/4057/1656 2371/2446/1657
f 2371/2446/1657 2383/4057/1656 2372/2447/1658
f 2372/2447/1658 2383/4057/1656 2376/4058/1659
f 2372/2447/1658 2376/4058/1659 2373/2449/1660
f 2373/2449/1660 2376/4058/1659 2377/4059/1661
f 2373/2449/1660 2377/4059/1661 2374/2451/1662
f 2374/2451/1662 2377/4059/1661 2378/4060/1663
f 2374/2451/1662 2378/4060/1663 2379/4061/1664
f 2374/2451/1662 2379/4061/1664 2375/2454/1665
f 2375/2454/1665 2379/4061/1664 2368/2439/1650
f 2368/2439/1650 2379/4061/1664 2380/4054/1651
f 2319/2455/1574 2380/2456/1651 2311/2457/1590
f 2311/2457/1590 2380/2456/1651 2379/2458/1664
f 2311/2459/1590 2379/4062/1664 2312/2461/1588
f 2312/2461/1588 2379/4062/1664 2378/4063/1663
f 2312/2461/1588 2378/4063/1663 2313/2463/1586
f 2313/2463/1586 2378/4063/1663 2377/4064/1661
f 2313/2463/1586 2377/4064/1661 2314/2465/1584
f 2314/2465/1584 2377/4064/1661 2385/4065/1666
f 2314/2465/1584 2385/4065/1666 2315/2467/1583
f 2315/2467/1583 2385/4065/1666 2376/4066/2604
f 2315/2467/1583 2376/4066/2604 2316/2469/1580
f 2316/2469/1580 2376/4066/2604 2384/4067/1668
f 2316/2469/1580 2384/4067/1668 2317/2471/1579
f 2317/2471/1579 2384/4067/1668 2382/2472/1654
f 2317/2471/1579 2382/2472/1654 2318/4068/1577
f 2318/4068/1577 2382/2472/1654 2381/2474/1652
f 2318/4068/1577 2381/2474/1652 2319/2455/1574
f 2319/2455/1574 2381/2474/1652 2380/2456/1651
f 2376/4069/1659 2383/4070/1656 2384/4071/1669
f 2384/4071/1669 2383/4070/1656 2382/4072/1654
f 2385/4073/1666 2377/4074/1661 2376/4075/2604
f 2392/4076/1670 2386/2483/1671 2396/4077/1672
f 2392/4078/1670 2416/4079/1673 2386/4080/1671
f 2396/4077/1672 2397/4081/1674 2402/4082/1675
f 2396/4077/1672 2402/4082/1675 2392/4076/1670
f 2386/4080/1671 2416/4079/1673 2406/4083/1676
f 2386/4080/1671 2406/4083/1676 2396/4077/1672
f 2396/4077/1672 2388/4084/1677 2397/4081/1674
f 2392/4076/1670 2402/4082/1675 2405/4085/1678
f 2392/4076/1670 2405/4085/1678 2416/4086/1673
f 2416/4079/1673 2414/4087/1679 2406/4083/1676
f 2396/4077/1672 2406/4083/1676 2388/4084/1677
f 2397/4081/1674 2400/4088/1680 2402/4082/1675
f 2388/4084/1677 2395/4089/2605 2397/4081/1674
f 2416/4079/1673 2405/4090/1678 2418/4091/1682
f 2416/4079/1673 2418/4091/1682 2414/4087/1679
f 2406/4083/1676 2414/4087/1679 2412/4092/2606
f 2397/4081/1674 2395/4089/2605 2400/4088/1680
f 2406/4083/1676 2412/4092/2606 2408/4093/2607
f 2406/4083/1676 2408/4093/2607 2388/4084/1677
f 2388/4084/1677 2389/4094/1685 2395/4089/2605
f 2402/4082/1675 2400/4088/1680 2404/4095/1686
f 2402/4082/1675 2404/4095/1686 2405/4085/1678
f 2418/4091/1682 2415/4096/1687 2414/4087/1679
f 2414/4087/1679 2415/4096/1687 2412/4092/2606
f 2400/4088/1680 2395/4089/2605 2398/4097/1688
f 2400/4088/1680 2401/4098/2608 2404/4095/1686
f 2405/4085/1678 2404/4095/1686 2391/4099/2609
f 2405/4090/1678 2391/4100/2609 2418/4091/1682
f 2412/4092/2606 2410/4101/1691 2408/4093/2607
f 2388/4084/1677 2408/4093/2607 2389/4094/1685
f 2395/4089/2605 2394/4102/1692 2398/4097/1688
f 2418/4091/1682 2391/4100/2609 2415/4096/1687
f 2415/4096/1687 2413/4103/1693 2412/4092/2606
f 2412/4092/2606 2413/4103/1693 2410/4101/1691
f 2408/4093/2607 2410/4101/1691 2407/4104/1694
f 2408/4093/2607 2407/4104/1694 2389/4094/1685
f 2395/4089/2605 2389/4094/1685 2394/4102/1692
f 2400/4088/1680 2398/4097/1688 2401/4098/2608
f 2404/4095/1686 2401/4098/2608 2403/4105/2610
f 2404/4095/1686 2403/4105/2610 2391/4099/2609
f 2415/4096/1687 2391/4100/2609 2413/4103/1693
f 2410/4101/1691 2413/4103/1693 2411/4106/1696
f 2410/4101/1691 2411/4106/1696 2407/4104/1694
f 2391/4100/2609 2417/4107/1697 2413/4103/1693
f 2389/4094/1685 2407/4104/1694 2393/4108/1698
f 2389/4094/1685 2393/4108/1698 2394/4102/1692
f 2398/4097/1688 2394/4102/1692 2399/4109/1699
f 2398/4097/1688 2399/4109/1699 2401/4098/2608
f 2401/4098/2608 2399/4109/1699 2403/4105/2610
f 2391/4099/2609 2403/4105/2610 2417/4110/1697
f 2413/4103/1693 2417/4107/1697 2409/4111/1700
f 2413/4103/1693 2409/4111/1700 2411/4106/1696
f 2411/4106/1696 2409/4111/1700 2407/4104/1694
f 2407/4104/1694 2409/4111/1700 2393/4108/1698
f 2394/4102/1692 2393/4108/1698 2390/4112/1701
f 2394/4102/1692 2390/4112/1701 2399/4109/1699
f 2393/4108/1698 2409/4111/1700 2390/4112/1701
f 2399/4109/1699 2387/4113/1702 2403/4105/2610
f 2403/4105/2610 2387/4113/1702 2417/4110/1697
f 2417/4107/1697 2387/4114/1702 2409/4111/1700
f 2399/4109/1699 2390/4112/1701 2387/4113/1702
f 2409/4111/1700 2387/4114/1702 2390/4112/1701
f 2430/4115/2611 2422/2523/2612 2454/4116/2613
f 2444/4117/1706 2419/2526/1707 2426/4118/1708
f 2419/4119/1707 2438/4120/1709 2426/4121/1708
f 2444/4117/1706 2445/4122/1710 2419/4119/1707
f 2419/4119/1707 2433/4123/1711 2438/4120/1709
f 2426/4121/1708 2438/4120/1709 2425/4124/1712
f 2426/4118/1708 2452/4125/1713 2444/4117/1706
f 2426/4118/1708 2425/4126/1712 2452/4125/1713
f 2419/4119/1707 2420/4127/2614 2433/4123/1711
f 2433/4123/1711 2420/4127/2614 2434/4128/2615
f 2438/4120/1709 2433/4123/1711 2436/4129/2616
f 2444/4117/1706 2452/4125/1713 2449/4130/1717
f 2444/4117/1706 2449/4130/1717 2445/4122/1710
f 2445/4122/1710 2428/4131/2617 2419/4119/1707
f 2419/4119/1707 2428/4131/2617 2420/4127/2614
f 2433/4123/1711 2434/4128/2615 2436/4129/2616
f 2438/4120/1709 2436/4129/2616 2440/4132/2618
f 2438/4120/1709 2440/4132/2618 2425/4124/1712
f 2425/4126/1712 2424/4133/1720 2452/4125/1713
f 2445/4122/1710 2449/4130/1717 2446/4134/1721
f 2440/4132/2618 2424/4135/1720 2425/4124/1712
f 2452/4125/1713 2424/4133/1720 2453/4136/2619
f 2445/4122/1710 2446/4134/1721 2428/4131/2617
f 2452/4125/1713 2453/4136/2619 2449/4130/1717
f 2428/4131/2617 2421/4137/2620 2420/4127/2614
f 2420/4127/2614 2431/4138/1724 2434/4128/2615
f 2434/4128/2615 2431/4138/1724 2435/4139/1725
f 2434/4128/2615 2435/4139/1725 2436/4129/2616
f 2436/4129/2616 2435/4139/1725 2440/4132/2618
f 2440/4132/2618 2439/4140/2621 2424/4135/1720
f 2449/4130/1717 2453/4136/2619 2450/4141/2622
f 2449/4130/1717 2450/4141/2622 2446/4134/1721
f 2446/4134/1721 2443/4142/2623 2428/4131/2617
f 2428/4131/2617 2443/4142/2623 2421/4137/2620
f 2420/4127/2614 2421/4137/2620 2431/4138/1724
f 2440/4132/2618 2435/4139/1725 2439/4140/2621
f 2424/4135/1720 2439/4140/2621 2427/4143/1729
f 2446/4134/1721 2450/4141/2622 2447/4144/2624
f 2446/4134/1721 2447/4144/2624 2443/4142/2623
f 2421/4137/2620 2429/4145/1731 2431/4138/1724
f 2435/4139/1725 2431/4138/1724 2432/4146/1732
f 2435/4139/1725 2432/4146/1732 2437/4147/1733
f 2435/4139/1725 2437/4147/1733 2439/4140/2621
f 2424/4133/1720 2427/4148/1729 2453/4136/2619
f 2453/4136/2619 2427/4148/1729 2451/4149/2625
f 2453/4136/2619 2451/4149/2625 2450/4141/2622
f 2421/4137/2620 2443/4142/2623 2429/4145/1731
f 2439/4140/2621 2437/4147/1733 2441/4150/1735
f 2439/4140/2621 2441/4150/1735 2427/4143/1729
f 2431/4138/1724 2429/4145/1731 2432/4146/1732
f 2427/4143/1729 2441/4150/1735 2423/4151/2626
f 2443/4142/2623 2447/4144/2624 2442/4152/2627
f 2443/4142/2623 2442/4152/2627 2429/4145/1731
f 2427/4148/1729 2423/4153/2626 2451/4149/2625
f 2450/4141/2622 2451/4149/2625 2448/4154/2628
f 2429/4145/1731 2442/4152/2627 2430/4115/2611
f 2429/4145/1731 2430/4115/2611 2432/4146/1732
f 2432/4146/1732 2430/4115/2611 2437/4147/1733
f 2451/4149/2625 2423/4153/2626 2448/4154/2628
f 2450/4141/2622 2448/4154/2628 2447/4144/2624
f 2442/4152/2627 2422/4155/2612 2430/4115/2611
f 2437/4147/1733 2430/4115/2611 2441/4150/1735
f 2423/4153/2626 2454/4156/2613 2448/4154/2628
f 2447/4144/2624 2448/4154/2628 2422/4155/2612
f 2447/4144/2624 2422/4155/2612 2442/4152/2627
f 2441/4150/1735 2430/4115/2611 2454/4116/2613
f 2441/4150/1735 2454/4116/2613 2423/4151/2626
f 2448/4154/2628 2454/4156/2613 2422/4155/2612
f 2466/4157/2629 2470/4158/2630 2455/4159/2631
f 2470/4160/2630 2489/4161/2632 2455/4159/2631
f 2455/4159/2631 2456/4162/2633 2466/4157/2629
f 2470/4163/2630 2477/4164/2634 2489/4165/2632
f 2455/4159/2631 2489/4161/2632 2480/4166/2635
f 2455/4159/2631 2480/4166/2635 2456/4162/2633
f 2466/4157/2629 2469/4167/2636 2470/4163/2630
f 2470/4163/2630 2469/4167/2636 2475/4168/2637
f 2470/4163/2630 2475/4168/2637 2477/4164/2634
f 2477/2576/2634 2463/4169/2638 2489/4161/2632
f 2466/4157/2629 2456/4162/2633 2469/4167/2636
f 2477/4164/2634 2475/4168/2637 2478/4170/1748
f 2489/4161/2632 2463/4169/2638 2488/4171/2639
f 2480/4166/2635 2489/4161/2632 2483/4172/2640
f 2480/4166/2635 2457/4173/2641 2456/4162/2633
f 2456/4162/2633 2465/4174/2642 2469/4167/2636
f 2469/4167/2636 2471/4175/1753 2475/4168/2637
f 2477/4164/2634 2478/4170/1748 2463/4176/2638
f 2489/4161/2632 2488/4171/2639 2483/4172/2640
f 2480/4166/2635 2483/4172/2640 2457/4173/2641
f 2456/4162/2633 2457/4173/2641 2465/4174/2642
f 2457/4173/2641 2483/4172/2640 2481/4177/1754
f 2469/4167/2636 2465/4174/2642 2468/4178/1755
f 2469/4167/2636 2468/4178/1755 2471/4175/1753
f 2475/4168/2637 2471/4175/1753 2473/4179/1756
f 2475/4168/2637 2473/4179/1756 2478/4170/1748
f 2483/4172/2640 2488/4171/2639 2485/4180/2643
f 2457/4173/2641 2481/4177/1754 2464/4181/2644
f 2457/4173/2641 2464/4181/2644 2465/4174/2642
f 2463/4176/2638 2478/4170/1748 2462/4182/2645
f 2463/4169/2638 2462/4183/2645 2488/4171/2639
f 2483/4172/2640 2485/4180/2643 2481/4177/1754
f 2465/4174/2642 2464/4181/2644 2458/4184/1760
f 2471/4175/1753 2468/4178/1755 2473/4179/1756
f 2478/4170/1748 2473/4179/1756 2476/4185/1761
f 2478/4170/1748 2476/4185/1761 2462/4182/2645
f 2473/4179/1756 2472/4186/1762 2476/4185/1761
f 2462/4182/2645 2476/4185/1761 2461/4187/2646
f 2488/4171/2639 2462/4183/2645 2487/4188/2647
f 2488/4171/2639 2487/4188/2647 2485/4180/2643
f 2485/4180/2643 2484/4189/1765 2481/4177/1754
f 2465/4174/2642 2458/4184/1760 2467/4190/2648
f 2465/4174/2642 2467/4190/2648 2468/4178/1755
f 2468/4178/1755 2467/4190/2648 2472/4186/1762
f 2468/4178/1755 2472/4186/1762 2473/4179/1756
f 2462/4183/2645 2461/4191/2646 2487/4188/2647
f 2485/4180/2643 2487/4188/2647 2484/4189/1765
f 2484/4189/1765 2482/4192/1767 2481/4177/1754
f 2481/4177/1754 2482/4192/1767 2464/4181/2644
f 2458/4184/1760 2459/4193/1768 2467/4190/2648
f 2472/4186/1762 2474/4194/1769 2476/4185/1761
f 2476/4185/1761 2474/4194/1769 2461/4187/2646
f 2464/4181/2644 2482/4192/1767 2459/4193/1768
f 2464/4181/2644 2459/4193/1768 2458/4184/1760
f 2487/4188/2647 2486/4195/1770 2484/4189/1765
f 2484/4189/1765 2486/4195/1770 2482/4192/1767
f 2472/4186/1762 2467/4190/2648 2474/4194/1769
f 2474/4194/1769 2460/4196/1771 2461/4187/2646
f 2461/4191/2646 2486/4195/1770 2487/4188/2647
f 2459/4193/1768 2479/4197/1772 2467/4190/2648
f 2467/4190/2648 2479/4197/1772 2474/4194/1769
f 2461/4191/2646 2460/4198/1771 2486/4195/1770
f 2486/4195/1770 2479/4197/1772 2482/4192/1767
f 2482/4192/1767 2479/4197/1772 2459/4193/1768
f 2474/4194/1769 2479/4197/1772 2460/4196/1771
f 2486/4195/1770 2460/4198/1771 2479/4197/1772
f 2515/4199/1773 2523/2608/1774 2494/4200/1775
f 2490/4201/2649 2491/4202/1777 2503/4203/1778
f 2490/4201/2649 2507/4204/1779 2519/4205/1780
f 2490/4201/2649 2519/4205/1780 2491/4202/1777
f 2490/4201/2649 2503/4203/1778 2507/4206/1779
f 2519/4205/1780 2514/4207/1781 2491/4202/1777
f 2491/4202/1777 2498/4208/2650 2503/4203/1778
f 2507/4204/1779 2524/4209/1783 2519/4205/1780
f 2491/4202/1777 2514/4207/1781 2497/4210/1784
f 2491/4202/1777 2497/4210/1784 2498/4208/2650
f 2503/4203/1778 2505/4211/1785 2507/4206/1779
f 2507/4206/1779 2511/4212/1786 2524/4213/1783
f 2498/4208/2650 2500/4214/2651 2503/4203/1778
f 2503/4203/1778 2500/4214/2651 2505/4211/1785
f 2507/4206/1779 2505/4211/1785 2508/4215/1788
f 2507/4206/1779 2508/4215/1788 2511/4212/1786
f 2514/4207/1781 2519/4205/1780 2516/4216/1789
f 2524/4213/1783 2511/4212/1786 2495/4217/2652
f 2519/4205/1780 2524/4209/1783 2521/4218/1791
f 2519/4205/1780 2521/4218/1791 2516/4216/1789
f 2514/4207/1781 2516/4216/1789 2513/4219/1792
f 2514/4207/1781 2513/4219/1792 2497/4210/1784
f 2500/4214/2651 2504/4220/1793 2505/4211/1785
f 2497/4210/1784 2492/4221/2653 2498/4208/2650
f 2498/4208/2650 2492/4221/2653 2499/4222/1795
f 2498/4208/2650 2499/4222/1795 2500/4214/2651
f 2505/4211/1785 2504/4220/1793 2510/4223/1796
f 2505/4211/1785 2510/4223/1796 2508/4215/1788
f 2511/4212/1786 2508/4215/1788 2496/4224/1797
f 2511/4212/1786 2496/4224/1797 2495/4217/2652
f 2524/4209/1783 2495/4225/2652 2521/4218/1791
f 2516/4216/1789 2517/4226/1798 2513/4219/1792
f 2497/4210/1784 2513/4219/1792 2492/4221/2653
f 2500/4214/2651 2499/4222/1795 2504/4220/1793
f 2508/4215/1788 2510/4223/1796 2496/4224/1797
f 2521/4218/1791 2495/4225/2652 2520/4227/1799
f 2516/4216/1789 2521/4218/1791 2517/4226/1798
f 2517/4226/1798 2512/4228/2654 2513/4219/1792
f 2513/4219/1792 2512/4228/2654 2492/4221/2653
f 2504/4220/1793 2506/4229/1801 2510/4223/1796
f 2521/4218/1791 2520/4227/1799 2517/4226/1798
f 2499/4222/1795 2502/4230/1802 2504/4220/1793
f 2504/4220/1793 2502/4230/1802 2506/4229/1801
f 2495/4225/2652 2496/4231/1797 2522/4232/1803
f 2495/4225/2652 2522/4232/1803 2520/4227/1799
f 2492/4221/2653 2512/4228/2654 2493/4233/1804
f 2492/4221/2653 2493/4233/1804 2499/4222/1795
f 2520/4227/1799 2518/4234/1805 2517/4226/1798
f 2510/4223/1796 2506/4229/1801 2509/4235/1806
f 2510/4223/1796 2509/4235/1806 2496/4224/1797
f 2496/4231/1797 2509/4236/1806 2522/4232/1803
f 2520/4227/1799 2522/4232/1803 2518/4234/1805
f 2517/4226/1798 2518/4234/1805 2512/4228/2654
f 2512/4228/2654 2518/4234/1805 2493/4233/1804
f 2493/4233/1804 2494/4200/1775 2499/4222/1795
f 2499/4222/1795 2494/4200/1775 2502/4230/1802
f 2502/4230/1802 2494/4200/1775 2501/4237/1807
f 2502/4230/1802 2501/4237/1807 2506/4229/1801
f 2506/4229/1801 2501/4237/1807 2509/4235/1806
f 2509/4236/1806 2523/4238/1774 2522/4232/1803
f 2522/4232/1803 2515/4199/1773 2518/4234/1805
f 2518/4234/1805 2515/4199/1773 2493/4233/1804
f 2509/4235/1806 2501/4237/1807 2523/4239/1774
f 2522/4232/1803 2523/4238/1774 2515/4199/1773
f 2515/4199/1773 2494/4200/1775 2493/4233/1804
f 2501/4237/1807 2494/4200/1775 2523/4239/1774
f 2542/4240/1808 2525/2650/1809 2538/4241/2655
f 2557/4242/2656 2526/2653/1812 2531/4243/1813
f 2525/4244/1809 2542/4240/1808 2534/4245/1814
f 2525/4246/1809 2534/4247/1814 2555/4248/1815
f 2525/4246/1809 2527/4249/1816 2538/4241/2655
f 2542/4240/1808 2547/4250/2657 2534/4245/1814
f 2525/4246/1809 2555/4248/1815 2550/4251/2658
f 2525/4246/1809 2550/4251/2658 2527/4249/1816
f 2538/4241/2655 2527/4249/1816 2537/4252/1819
f 2542/4240/1808 2538/4241/2655 2539/4253/1820
f 2527/4249/1816 2528/4254/2659 2537/4252/1819
f 2538/4241/2655 2537/4252/1819 2539/4253/1820
f 2542/4240/1808 2539/4253/1820 2544/4255/1822
f 2542/4240/1808 2544/4255/1822 2547/4250/2657
f 2547/4250/2657 2533/4256/1823 2534/4245/1814
f 2534/4247/1814 2533/4257/1823 2558/4258/1824
f 2534/4247/1814 2558/4258/1824 2555/4248/1815
f 2550/4251/2658 2551/4259/1825 2527/4249/1816
f 2555/4248/1815 2558/4258/1824 2554/4260/2660
f 2555/4248/1815 2554/4260/2660 2550/4251/2658
f 2550/4251/2658 2554/4260/2660 2551/4259/1825
f 2527/4249/1816 2551/4259/1825 2548/4261/1827
f 2527/4249/1816 2548/4261/1827 2528/4254/2659
f 2547/4250/2657 2546/4262/2661 2533/4256/1823
f 2533/4257/1823 2535/4263/1829 2558/4258/1824
f 2539/4253/1820 2541/4264/2662 2544/4255/1822
f 2547/4250/2657 2544/4255/1822 2546/4262/2661
f 2533/4256/1823 2546/4262/2661 2535/4265/1829
f 2554/4260/2660 2553/4266/1831 2551/4259/1825
f 2537/4252/1819 2528/4254/2659 2536/4267/1832
f 2537/4252/1819 2536/4267/1832 2539/4253/1820
f 2558/4258/1824 2535/4263/1829 2556/4268/2663
f 2558/4258/1824 2556/4268/2663 2554/4260/2660
f 2551/4259/1825 2549/4269/2664 2548/4261/1827
f 2528/4254/2659 2529/4270/2665 2536/4267/1832
f 2539/4253/1820 2536/4267/1832 2541/4264/2662
f 2544/4255/1822 2541/4264/2662 2545/4271/1836
f 2544/4255/1822 2545/4271/1836 2546/4262/2661
f 2535/4265/1829 2546/4262/2661 2532/4272/1837
f 2554/4260/2660 2556/4268/2663 2553/4266/1831
f 2551/4259/1825 2553/4266/1831 2549/4269/2664
f 2548/4261/1827 2549/4269/2664 2529/4270/2665
f 2548/4261/1827 2529/4270/2665 2528/4254/2659
f 2546/4262/2661 2545/4271/1836 2532/4272/1837
f 2529/4270/2665 2530/4273/1838 2536/4267/1832
f 2536/4267/1832 2530/4273/1838 2540/4274/1839
f 2536/4267/1832 2540/4274/1839 2541/4264/2662
f 2541/4264/2662 2543/4275/1840 2545/4271/1836
f 2535/4263/1829 2532/4276/1837 2556/4268/2663
f 2529/4270/2665 2549/4269/2664 2530/4273/1838
f 2541/4264/2662 2540/4274/1839 2543/4275/1840
f 2549/4269/2664 2553/4266/1831 2552/4277/2666
f 2545/4271/1836 2543/4275/1840 2532/4272/1837
f 2532/4276/1837 2557/4242/2656 2556/4268/2663
f 2556/4268/2663 2557/4242/2656 2552/4277/2666
f 2556/4268/2663 2552/4277/2666 2553/4266/1831
f 2549/4269/2664 2552/4277/2666 2531/4243/1813
f 2549/4269/2664 2531/4243/1813 2530/4273/1838
f 2532/4272/1837 2543/4275/1840 2526/4278/1812
f 2532/4276/1837 2526/4279/1812 2557/4242/2656
f 2530/4273/1838 2531/4243/1813 2540/4274/1839
f 2540/4274/1839 2526/4278/1812 2543/4275/1840
f 2552/4277/2666 2557/4242/2656 2531/4243/1813
f 2540/4274/1839 2531/4243/1813 2526/4278/1812
f 2577/4280/1842 2565/4281/1843 2591/4282/1844
f 2577/4280/1842 2591/4282/1844 2560/4283/1845
f 2560/4283/1845 2561/4284/1846 2577/4285/1842
f 2561/4284/1846 2574/4286/2667 2577/4285/1842
f 2577/4285/1842 2578/4287/1848 2565/4288/1843
f 2565/4281/1843 2564/4289/2668 2567/4290/2669
f 2565/4281/1843 2567/4290/2669 2591/4282/1844
f 2591/4282/1844 2567/4290/2669 2595/4291/1851
f 2591/4282/1844 2586/4292/1852 2560/4283/1845
f 2560/4283/1845 2586/4292/1852 2585/4293/1853
f 2560/4283/1845 2585/4293/1853 2561/4284/1846
f 2577/4285/1842 2574/4286/2667 2578/4287/1848
f 2565/4288/1843 2578/4287/1848 2564/4294/2668
f 2591/4282/1844 2595/4291/1851 2586/4292/1852
f 2561/4284/1846 2570/4295/1854 2574/4286/2667
f 2574/4286/2667 2576/4296/2670 2578/4287/1848
f 2578/4287/1848 2581/4297/1856 2564/4294/2668
f 2586/4292/1852 2588/4298/2671 2585/4293/1853
f 2561/4284/1846 2585/4293/1853 2568/4299/2672
f 2561/4284/1846 2568/4299/2672 2570/4295/1854
f 2564/4294/2668 2581/4297/1856 2582/4300/1859
f 2595/4291/1851 2589/4301/2673 2586/4292/1852
f 2585/4293/1853 2588/4298/2671 2583/4302/2674
f 2585/4293/1853 2583/4302/2674 2568/4299/2672
f 2568/4299/2672 2569/4303/1862 2570/4295/1854
f 2576/4296/2670 2579/4304/2675 2578/4287/1848
f 2578/4287/1848 2579/4304/2675 2581/4297/1856
f 2564/4294/2668 2582/4300/1859 2566/4305/2676
f 2564/4289/2668 2566/4306/2676 2567/4290/2669
f 2567/4290/2669 2594/4307/1865 2595/4291/1851
f 2595/4291/1851 2594/4307/1865 2589/4301/2673
f 2586/4292/1852 2589/4301/2673 2588/4298/2671
f 2574/4286/2667 2570/4295/1854 2573/4308/1866
f 2574/4286/2667 2573/4308/1866 2576/4296/2670
f 2567/4290/2669 2566/4306/2676 2594/4307/1865
f 2588/4298/2671 2589/4301/2673 2587/4309/1867
f 2588/4298/2671 2587/4309/1867 2583/4302/2674
f 2568/4299/2672 2583/4302/2674 2569/4303/1862
f 2570/4295/1854 2569/4303/1862 2573/4308/1866
f 2579/4304/2675 2580/4310/1868 2581/4297/1856
f 2581/4297/1856 2580/4310/1868 2582/4300/1859
f 2576/4296/2670 2573/4308/1866 2575/4311/1869
f 2576/4296/2670 2575/4311/1869 2579/4304/2675
f 2594/4307/1865 2592/4312/1870 2589/4301/2673
f 2589/4301/2673 2592/4312/1870 2590/4313/2677
f 2589/4301/2673 2590/4313/2677 2587/4309/1867
f 2583/4302/2674 2587/4309/1867 2584/4314/1872
f 2569/4303/1862 2583/4302/2674 2562/4315/1873
f 2569/4303/1862 2562/4315/1873 2573/4308/1866
f 2582/4300/1859 2580/4310/1868 2563/4316/1874
f 2582/4317/1859 2563/4318/1874 2566/4306/2676
f 2566/4306/2676 2563/4318/1874 2592/4312/1870
f 2566/4306/2676 2592/4312/1870 2594/4307/1865
f 2583/4302/2674 2584/4314/1872 2562/4315/1873
f 2573/4308/1866 2562/4315/1873 2572/4319/2678
f 2573/4308/1866 2572/4319/2678 2575/4311/1869
f 2575/4311/1869 2572/4319/2678 2571/4320/1876
f 2575/4311/1869 2571/4320/1876 2579/4304/2675
f 2579/4304/2675 2571/4320/1876 2580/4310/1868
f 2580/4310/1868 2571/4320/1876 2563/4316/1874
f 2592/4312/1870 2563/4318/1874 2593/4321/1877
f 2592/4312/1870 2593/4321/1877 2590/4313/2677
f 2587/4309/1867 2590/4313/2677 2584/4314/1872
f 2590/4313/2677 2593/4321/1877 2584/4314/1872
f 2572/4319/2678 2562/4315/1873 2571/4320/1876
f 2593/4321/1877 2559/4322/1878 2584/4314/1872
f 2584/4314/1872 2559/4322/1878 2562/4315/1873
f 2562/4315/1873 2559/4322/1878 2571/4320/1876
f 2563/4316/1874 2571/4320/1876 2559/4323/1878
f 2563/4318/1874 2559/4322/1878 2593/4321/1877
f 2599/4324/1879 2629/2736/1880 2610/4325/1881
f 2596/4326/1882 2609/4327/1883 2614/4328/1884
f 2596/4326/1882 2614/4328/1884 2602/4329/1885
f 2596/4330/1882 2602/4331/1885 2625/4332/1886
f 2596/4330/1882 2605/4333/1887 2609/4327/1883
f 2596/4330/1882 2617/4334/1888 2605/4333/1887
f 2609/4327/1883 2608/4335/1889 2614/4328/1884
f 2614/4328/1884 2601/4336/1890 2602/4329/1885
f 2602/4331/1885 2626/4337/1891 2625/4332/1886
f 2596/4330/1882 2625/4332/1886 2621/4338/1892
f 2596/4330/1882 2621/4338/1892 2617/4334/1888
f 2609/4327/1883 2605/4333/1887 2608/4335/1889
f 2625/4332/1886 2626/4337/1891 2621/4338/1892
f 2608/4335/1889 2611/4339/1893 2614/4328/1884
f 2602/4331/1885 2601/4340/1890 2626/4337/1891
f 2605/4333/1887 2604/4341/2679 2608/4335/1889
f 2614/4328/1884 2611/4339/1893 2612/4342/1895
f 2614/4328/1884 2612/4342/1895 2615/4343/1896
f 2614/4328/1884 2615/4343/1896 2601/4336/1890
f 2601/4336/1890 2615/4343/1896 2616/4344/2680
f 2601/4340/1890 2630/4345/2681 2626/4337/1891
f 2626/4337/1891 2630/4345/2681 2627/4346/1899
f 2626/4337/1891 2627/4346/1899 2623/4347/1900
f 2626/4337/1891 2623/4347/1900 2621/4338/1892
f 2621/4338/1892 2623/4347/1900 2619/4348/1901
f 2621/4338/1892 2619/4348/1901 2617/4334/1888
f 2617/4334/1888 2619/4348/1901 2603/4349/2682
f 2617/4334/1888 2603/4349/2682 2605/4333/1887
f 2605/4333/1887 2603/4349/2682 2604/4341/2679
f 2608/4335/1889 2604/4341/2679 2607/4350/2683
f 2608/4335/1889 2607/4350/2683 2611/4339/1893
f 2601/4340/1890 2616/2763/2680 2630/4345/2681
f 2619/4348/1901 2618/4351/1904 2603/4349/2682
f 2611/4339/1893 2607/4350/2683 2612/4342/1895
f 2616/2763/2680 2600/4352/2684 2630/4345/2681
f 2603/4349/2682 2597/4353/1906 2604/4341/2679
f 2604/4341/2679 2597/4353/1906 2607/4350/2683
f 2615/4343/1896 2612/4342/1895 2613/4354/1907
f 2615/4343/1896 2613/4354/1907 2600/4355/2684
f 2615/4343/1896 2600/4355/2684 2616/4344/2680
f 2630/4345/2681 2600/4352/2684 2628/4356/1908
f 2630/4345/2681 2628/4356/1908 2627/4346/1899
f 2627/4346/1899 2628/4356/1908 2624/4357/2685
f 2627/4346/1899 2624/4357/2685 2623/4347/1900
f 2623/4347/1900 2624/4357/2685 2619/4348/1901
f 2619/4348/1901 2624/4357/2685 2620/4358/2686
f 2619/4348/1901 2620/4358/2686 2618/4351/1904
f 2603/4349/2682 2618/4351/1904 2597/4353/1906
f 2612/4342/1895 2607/4350/2683 2606/4359/1911
f 2607/4350/2683 2597/4353/1906 2606/4359/1911
f 2612/4342/1895 2606/4359/1911 2613/4354/1907
f 2618/4351/1904 2620/4358/2686 2598/4360/1912
f 2618/4351/1904 2598/4360/1912 2597/4353/1906
f 2597/4353/1906 2598/4360/1912 2606/4359/1911
f 2600/4355/2684 2613/4354/1907 2610/4325/1881
f 2600/4352/2684 2610/4361/1881 2628/4356/1908
f 2620/4358/2686 2624/4357/2685 2622/4362/1913
f 2620/4358/2686 2622/4362/1913 2598/4360/1912
f 2606/4359/1911 2598/4360/1912 2599/4324/1879
f 2628/4356/1908 2610/4361/1881 2629/4363/1880
f 2628/4356/1908 2629/4363/1880 2624/4357/2685
f 2606/4359/1911 2599/4324/1879 2613/4354/1907
f 2613/4354/1907 2599/4324/1879 2610/4325/1881
f 2624/4357/2685 2629/4363/1880 2622/4362/1913
f 2622/4362/1913 2599/4324/1879 2598/4360/1912
f 2622/4362/1913 2629/4363/1880 2599/4324/1879
usemtl Opaque(255,255,255)
f 1664/2777/1914 1663/2778/1915 1662/2779/1916
f 1686/2780/1917 1687/2781/1918 1671/2782/1919
f 1671/2782/1919 1687/2781/1918 1682/2783/1920
f 1682/2783/1920 1687/2781/1918 1666/2784/1921
f 1682/2783/1920 1666/2784/1921 1665/2785/1922
f 1666/2784/1921 1687/2781/1918 1688/2786/1923
f 1666/2784/1921 1688/2786/1923 1659/2787/1924
f 1659/2787/1924 1688/2786/1923 1662/2788/1916
f 1662/2788/1916 1688/2786/1923 1689/2789/1925
f 1662/2788/1916 1689/2789/1925 1661/2790/1926
f 1662/2788/1916 1661/2790/1926 1664/2791/1914
f 1664/2791/1914 1661/2790/1926 1660/2792/1927
f 1664/2791/1914 1660/2792/1927 1681/2793/1928
f 1681/2793/1928 1660/2792/1927 1680/2794/1929
f 1680/2794/1929 1660/2792/1927 1661/2790/1926
f 1680/2794/1929 1661/2790/1926 1667/2795/1930
f 1667/2795/1930 1661/2790/1926 1668/2796/1931
f 1668/2796/1931 1661/2790/1926 1689/2789/1925
f 1668/2796/1931 1689/2789/1925 1670/2797/1932
f 1668/2796/1931 1670/2797/1932 1669/2798/1933
f 1668/2796/1931 1669/2798/1933 1667/2795/1930
f 1667/2795/1930 1669/2798/1933 1680/2794/1929
f 1670/2797/1932 1689/2789/1925 1656/2799/1934
f 1690/2800/1935 1656/2799/1934 1689/2789/1925
f 1656/2799/1934 1690/2800/1935 1655/2801/1936
f 1655/2801/1936 1690/2800/1935 1657/2802/1937
f 1657/2802/1937 1690/2800/1935 1679/2803/1938
f 1657/2802/1937 1679/2803/1938 1680/2794/1929
f 1679/2803/1938 1690/2800/1935 1678/2804/1939
f 1678/2804/1939 1690/2800/1935 1691/2805/1940
f 1678/2804/1939 1691/2805/1940 1677/2806/1941
f 1677/2806/1941 1691/2805/1940 1676/2807/1942
f 1676/2807/1942 1691/2805/1940 1683/2808/1943
f 1676/2809/1942 1683/2808/1943 1675/2810/1944
f 1675/2810/1944 1683/2808/1943 1684/2811/1945
f 1675/2810/1944 1684/2811/1945 1674/2812/1946
f 1674/2812/1946 1684/2811/1945 1685/2813/1947
f 1674/2812/1946 1685/2813/1947 1673/2814/1948
f 1673/2814/1948 1685/2813/1947 1672/2815/1949
f 1672/2815/1949 1685/2813/1947 1686/2780/1917
f 1672/2815/1949 1686/2780/1917 1671/2816/1919
f 1670/2797/1932 1656/2799/1934 1657/2802/1937
f 1657/2802/1937 1656/2799/1934 1655/2817/1936
f 1657/2802/1937 1680/2794/1929 1669/2798/1933
f 1658/2818/1950 1659/2787/1924 1663/2819/1915
f 1659/2787/1924 1662/2788/1916 1663/2819/1915
f 1666/2784/1921 1659/2787/1924 1665/2820/1922
f 1665/2820/1922 1659/2787/1924 1658/2821/1950
f 1665/2820/1922 1658/2821/1950 1682/2783/1920
f 1682/2783/1920 1658/2821/1950 1681/2793/1928
f 1681/2793/1928 1658/2818/1950 1663/2819/1915
f 1663/2819/1915 1664/2791/1914 1681/2793/1928
f 1669/2798/1933 1670/2797/1932 1657/2802/1937
f 1691/2822/1940 1752/2823/1951 1683/2824/1943
f 1683/2824/1943 1752/2823/1951 1755/2825/1952
f 1683/2824/1943 1755/2825/1952 1684/2826/1945
f 1684/2826/1945 1755/2825/1952 1758/2827/1953
f 1684/2826/1945 1758/2827/1953 1761/2828/1954
f 1684/2826/1945 1761/2828/1954 1685/2829/1947
f 1752/2830/1951 1691/2831/1940 1749/2832/1955
f 1749/2832/1955 1691/2831/1940 1747/2833/1956
f 1747/2833/1956 1691/2831/1940 1690/2834/1935
f 1747/2833/1956 1690/2834/1935 1745/2835/1957
f 1745/2835/1957 1690/2834/1935 1742/2836/1958
f 1742/2836/1958 1690/2834/1935 1689/2837/1925
f 1742/2836/1958 1689/2837/1925 1739/2838/1959
f 1739/2838/1959 1689/2837/1925 1688/2839/1923
f 1739/2838/1959 1688/2839/1923 1737/2840/1960
f 1737/2840/1960 1688/2839/1923 1687/2841/1918
f 1737/2840/1960 1687/2841/1918 1733/2842/1961
f 1733/2842/1961 1687/2841/1918 1769/2843/1962
f 1769/2843/1962 1687/2841/1918 1686/2844/1917
f 1769/2843/1962 1686/2844/1917 1767/2845/1963
f 1767/2845/1963 1686/2844/1917 1764/2846/1964
f 1764/2846/1964 1686/2844/1917 1685/2829/1947
f 1764/2846/1964 1685/2829/1947 1761/2828/1954
f 1701/2847/1965 1692/2848/1966 1671/2782/1919
f 1671/2782/1919 1692/2848/1966 1672/2849/1949
f 1672/2849/1949 1692/2848/1966 1693/2850/1967
f 1672/2849/1949 1693/2850/1967 1673/2851/1948
f 1673/2851/1948 1693/2850/1967 1694/2852/1968
f 1673/2851/1948 1694/2852/1968 1674/2853/1946
f 1674/2853/1946 1694/2852/1968 1695/2854/1969
f 1674/2853/1946 1695/2854/1969 1675/2855/1944
f 1675/2855/1944 1695/2854/1969 1696/2856/1970
f 1675/2855/1944 1696/2856/1970 1676/2807/1942
f 1676/2807/1942 1696/2856/1970 1770/2857/1971
f 1676/2807/1942 1770/2857/1971 1677/2858/1941
f 1677/2858/1941 1770/2857/1971 1697/2859/1972
f 1677/2858/1941 1697/2859/1972 1678/2860/1939
f 1678/2860/1939 1697/2859/1972 1698/2861/1973
f 1678/2860/1939 1698/2861/1973 1679/2862/1938
f 1679/2862/1938 1698/2861/1973 1699/2863/1974
f 1679/2862/1938 1699/2863/1974 1680/2864/1929
f 1680/2864/1929 1699/2863/1974 1681/2865/1928
f 1681/2865/1928 1699/2863/1974 1700/2866/1975
f 1681/2865/1928 1700/2866/1975 1701/2847/1965
f 1681/2865/1928 1701/2847/1965 1682/2867/1920
f 1682/2867/1920 1701/2847/1965 1671/2782/1919
f 1704/2868/1976 1703/2869/1977 1796/2870/1978
f 1702/2871/1979 1795/2872/1980 1703/2869/1977
f 1704/2868/1976 1705/2873/1981 1735/2874/1982
f 1702/2875/1979 1768/2876/1983 1731/2877/1984
f 1730/2878/1985 1729/2879/1986 1790/2880/1987
f 1797/2881/1988 1706/2882/1989 1705/2873/1981
f 1706/2882/1989 1798/2883/1990 1707/2884/1991
f 1708/2885/1992 1736/2886/1993 1799/2887/1994
f 1708/2885/1992 1800/2888/1995 1709/2889/1996
f 1741/2890/1997 1709/2889/1996 1710/2891/1998
f 1709/2889/1996 1802/2892/1999 1710/2891/1998
f 1803/2893/2000 1711/2894/2001 1710/2891/1998
f 1710/2891/1998 1711/2894/2001 1741/2890/1997
f 1711/2894/2001 1743/2895/2002 1741/2890/1997
f 1805/2896/2003 1712/2897/2004 1711/2894/2001
f 1752/2898/1951 1753/2899/2005 1755/2900/1952
f 1744/2901/2006 1807/2902/2007 1713/2903/2008
f 1713/2903/2008 1808/2904/2009 1746/2905/2010
f 1746/2905/2010 1808/2904/2009 1714/2906/2011
f 1746/2905/2010 1714/2906/2011 1748/2907/2012
f 1810/2908/2013 1715/2909/2014 1714/2906/2011
f 1716/2910/2015 1750/2911/2016 1748/2907/2012
f 1750/2911/2016 1717/2912/2017 1751/2913/2018
f 1758/2914/1953 1757/2915/2019 1759/2916/2020
f 1758/2914/1953 1759/2916/2020 1761/2917/1954
f 1771/2918/2021 1772/2919/2022 1716/2910/2015
f 1716/2910/2015 1772/2919/2022 1717/2912/2017
f 1717/2912/2017 1719/2920/2023 1753/2899/2005
f 1753/2899/2005 1719/2920/2023 1754/2921/2024
f 1773/2922/2025 1717/2912/2017 1772/2919/2022
f 1717/2912/2017 1775/2923/2026 1718/2924/2027
f 1776/2925/2028 1719/2920/2023 1718/2924/2027
f 1718/2924/2027 1719/2920/2023 1717/2912/2017
f 1719/2920/2023 1720/2926/2029 1754/2921/2024
f 1777/2927/2030 1721/2928/2031 1720/2926/2029
f 1721/2928/2031 1778/2929/2032 1722/2930/2033
f 1723/2931/2034 1756/2932/2035 1779/2933/2036
f 1723/2931/2034 1780/2934/2037 1724/2935/2038
f 1760/2936/2039 1724/2935/2038 1725/2937/2040
f 1724/2935/2038 1782/2938/2041 1725/2937/2040
f 1783/2939/2042 1726/2940/2043 1725/2937/2040
f 1725/2937/2040 1726/2940/2043 1760/2936/2039
f 1726/2940/2043 1762/2941/2044 1760/2936/2039
f 1785/2942/2045 1727/2943/2046 1726/2940/2043
f 1765/2944/2047 1763/2945/2048 1728/2946/2049
f 1765/2944/2047 1728/2946/2049 1788/2947/2050
f 1763/2945/2048 1787/2948/2051 1728/2946/2049
f 1788/2947/2050 1729/2879/1986 1765/2944/2047
f 1792/2949/2052 1732/2950/2053 1731/2877/1984
f 1731/2877/1984 1732/2950/2053 1793/2951/2054
f 1741/2890/1997 1740/2952/2055 1709/2889/1996
f 1709/2889/1996 1740/2952/2055 1738/2953/2056
f 1738/2953/2056 1735/2874/1982 1736/2886/1993
f 1736/2886/1993 1735/2874/1982 1705/2873/1981
f 1740/2952/2055 1739/2954/1959 1738/2953/2056
f 1743/2895/2002 1740/2952/2055 1741/2890/1997
f 1743/2895/2002 1742/2955/1958 1740/2952/2055
f 1739/2954/1959 1737/2956/1960 1738/2953/2056
f 1738/2953/2056 1737/2956/1960 1735/2874/1982
f 1745/2957/1957 1742/2955/1958 1743/2895/2002
f 1735/2874/1982 1734/2958/2057 1704/2868/1976
f 1704/2868/1976 1734/2958/2057 1702/2871/1979
f 1740/2952/2055 1742/2955/1958 1739/2954/1959
f 1735/2874/1982 1737/2956/1960 1734/2958/2057
f 1734/2958/2057 1733/2959/1961 1702/2871/1979
f 1737/2956/1960 1733/2959/1961 1734/2958/2057
f 1768/2876/1983 1702/2875/1979 1769/2960/1962
f 1702/2875/1979 1733/2961/1961 1769/2960/1962
f 1704/2868/1976 1702/2871/1979 1703/2869/1977
f 1705/2873/1981 1706/2882/1989 1736/2886/1993
f 1706/2882/1989 1707/2884/1991 1736/2886/1993
f 1708/2885/1992 1709/2889/1996 1736/2886/1993
f 1709/2889/1996 1738/2953/2056 1736/2886/1993
f 1711/2894/2001 1712/2897/2004 1744/2901/2006
f 1711/2894/2001 1744/2901/2006 1743/2895/2002
f 1743/2895/2002 1746/2905/2010 1745/2957/1957
f 1747/2962/1956 1748/2907/2012 1749/2963/1955
f 1712/2897/2004 1806/2964/2058 1744/2901/2006
f 1743/2895/2002 1744/2901/2006 1746/2905/2010
f 1745/2957/1957 1746/2905/2010 1747/2962/1956
f 1744/2901/2006 1713/2903/2008 1746/2905/2010
f 1747/2962/1956 1746/2905/2010 1748/2907/2012
f 1715/2909/2014 1811/2965/2059 1714/2906/2011
f 1714/2906/2011 1811/2965/2059 1716/2910/2015
f 1714/2906/2011 1716/2910/2015 1748/2907/2012
f 1749/2963/1955 1748/2907/2012 1750/2911/2016
f 1716/2910/2015 1717/2912/2017 1750/2911/2016
f 1751/2913/2018 1749/2963/1955 1750/2911/2016
f 1752/2898/1951 1749/2963/1955 1751/2913/2018
f 1717/2912/2017 1753/2899/2005 1751/2913/2018
f 1753/2899/2005 1752/2898/1951 1751/2913/2018
f 1720/2926/2029 1721/2928/2031 1756/2932/2035
f 1720/2926/2029 1756/2932/2035 1754/2921/2024
f 1761/2917/1954 1762/2941/2044 1764/2966/1964
f 1753/2899/2005 1754/2921/2024 1755/2900/1952
f 1721/2928/2031 1722/2930/2033 1756/2932/2035
f 1754/2921/2024 1758/2914/1953 1755/2900/1952
f 1757/2915/2019 1754/2921/2024 1756/2932/2035
f 1754/2921/2024 1757/2915/2019 1758/2914/1953
f 1759/2916/2020 1762/2941/2044 1761/2917/1954
f 1723/2931/2034 1724/2935/2038 1756/2932/2035
f 1724/2935/2038 1757/2915/2019 1756/2932/2035
f 1759/2916/2020 1757/2915/2019 1724/2935/2038
f 1759/2916/2020 1724/2935/2038 1760/2936/2039
f 1759/2916/2020 1760/2936/2039 1762/2941/2044
f 1726/2940/2043 1727/2943/2046 1763/2945/2048
f 1726/2940/2043 1763/2945/2048 1762/2941/2044
f 1762/2941/2044 1765/2944/2047 1764/2966/1964
f 1727/2943/2046 1786/2967/2060 1763/2945/2048
f 1762/2941/2044 1763/2945/2048 1765/2944/2047
f 1764/2966/1964 1765/2944/2047 1766/2968/2061
f 1766/2968/2061 1768/2876/1983 1767/2969/1963
f 1767/2969/1963 1768/2876/1983 1769/2960/1962
f 1729/2879/1986 1730/2878/1985 1791/2970/2062
f 1731/2877/1984 1729/2879/1986 1791/2970/2062
f 1729/2879/1986 1766/2968/2061 1765/2944/2047
f 1766/2968/2061 1729/2879/1986 1731/2877/1984
f 1767/2969/1963 1764/2966/1964 1766/2968/2061
f 1768/2876/1983 1766/2968/2061 1731/2877/1984
f 1731/2877/1984 1793/2951/2054 1702/2875/1979
f 1717/2971/2017 1773/2972/2025 1774/2973/2063
f 1775/2974/2026 1717/2975/2017 1774/2976/2063
f 1724/2977/2038 1780/2978/2037 1781/2979/2064
f 1784/2980/2065 1726/2981/2043 1783/2982/2042
f 1729/2977/1986 1788/2983/2050 1789/2984/2066
f 1790/2985/1987 1729/2986/1986 1789/2987/2066
f 1702/2977/1979 1793/2988/2054 1794/2989/2067
f 1795/2990/1980 1702/2991/1979 1794/2976/2067
f 1709/2977/1996 1800/2978/1995 1801/2979/2068
f 1804/2992/2069 1711/2981/2001 1803/2982/2000
f 1714/2977/2011 1808/2983/2009 1809/2984/2070
f 1810/2985/2013 1714/2993/2011 1809/2987/2070
f 1812/2994/2071 1692/2995/1966 1701/2996/1965
f 1812/2994/2071 1701/2996/1965 1821/2997/2072
f 1821/2997/2072 1701/2996/1965 1700/2998/1975
f 1821/2997/2072 1700/2998/1975 1830/2999/2073
f 1830/2999/2073 1700/2998/1975 1699/3000/1974
f 1830/2999/2073 1699/3000/1974 1832/3001/2074
f 1832/3001/2074 1699/3000/1974 1698/3002/1973
f 1832/3001/2074 1698/3002/1973 1820/3003/2075
f 1820/3003/2075 1698/3002/1973 1819/3004/2076
f 1819/3004/2076 1698/3002/1973 1697/3005/1972
f 1819/3004/2076 1697/3005/1972 1818/3006/2077
f 1818/3006/2077 1697/3005/1972 1770/3007/1971
f 1818/3006/2077 1770/3007/1971 1817/3008/2078
f 1817/3009/2078 1770/3010/1971 1696/3011/1970
f 1817/3009/2078 1696/3011/1970 1816/3012/2079
f 1816/3012/2079 1696/3011/1970 1695/3013/1969
f 1816/3012/2079 1695/3013/1969 1815/3014/2080
f 1815/3014/2080 1695/3013/1969 1694/3015/1968
f 1815/3014/2080 1694/3015/1968 1814/3016/2081
f 1814/3016/2081 1694/3015/1968 1693/3017/1967
f 1814/3016/2081 1693/3017/1967 1813/3018/2082
f 1813/3018/2082 1693/3017/1967 1692/2995/1966
f 1813/3018/2082 1692/2995/1966 1812/2994/2071
f 1826/3019/2083 1794/3020/2067 1850/3021/2084
f 1850/3021/2084 1794/3020/2067 1793/3022/2054
f 1850/3021/2084 1793/3022/2054 1858/3023/2085
f 1858/3023/2085 1792/3024/2052 1731/3025/1984
f 1858/3023/2085 1731/3025/1984 1850/3021/2084
f 1856/3026/2086 1790/3027/1987 1789/3028/2066
f 1846/3029/2087 1844/3030/2088 1845/3031/2089
f 1845/3031/2089 1844/3030/2088 1815/3032/2080
f 1815/3032/2080 1844/3030/2088 1843/3033/2090
f 1815/3032/2080 1843/3033/2090 1816/3034/2079
f 1763/3035/2048 1822/3036/2091 1787/3037/2051
f 1822/3036/2091 1763/3035/2048 1789/3028/2066
f 1822/3036/2091 1789/3028/2066 1788/3038/2050
f 1846/3029/2087 1763/3035/2048 1784/3039/2065
f 1785/3040/2045 1726/3041/2043 1855/3042/2092
f 1844/3030/2088 1784/3039/2065 1724/3043/2038
f 1781/3044/2064 1842/3045/2093 1843/3033/2090
f 1817/3046/2078 1838/3047/2094 1818/3048/2077
f 1783/3049/2042 1854/3050/2095 1784/3039/2065
f 1784/3039/2065 1854/3050/2095 1782/3051/2041
f 1784/3039/2065 1782/3051/2041 1724/3043/2038
f 1780/3052/2037 1853/3053/2096 1779/3054/2036
f 1779/3054/2036 1756/3055/2035 1780/3052/2037
f 1780/3052/2037 1756/3055/2035 1781/3044/2064
f 1756/3055/2035 1842/3045/2093 1781/3044/2064
f 1722/3056/2033 1777/3057/2030 1720/3058/2029
f 1840/3059/2097 1719/3060/2023 1774/3061/2063
f 1840/3059/2097 1774/3061/2063 1839/3062/2098
f 1837/3063/2099 1836/3064/2100 1819/3065/2076
f 1823/3066/2101 1719/3060/2023 1776/3067/2028
f 1823/3066/2101 1775/3068/2026 1774/3061/2063
f 1839/3062/2098 1716/3069/2015 1837/3063/2099
f 1837/3063/2099 1716/3069/2015 1836/3064/2100
f 1836/3064/2100 1835/3070/2102 1819/3065/2076
f 1819/3065/2076 1834/3071/2103 1820/3072/2075
f 1839/3062/2098 1774/3061/2063 1716/3069/2015
f 1716/3069/2015 1774/3061/2063 1773/3073/2025
f 1716/3069/2015 1773/3073/2025 1771/3074/2021
f 1863/3075/2104 1810/3076/2013 1809/3077/2070
f 1832/3078/2074 1833/3079/2105 1831/3080/2106
f 1744/3081/2006 1824/3082/2107 1807/3083/2007
f 1824/3082/2107 1744/3081/2006 1809/3077/2070
f 1824/3082/2107 1809/3077/2070 1808/3084/2009
f 1834/3071/2103 1744/3081/2006 1804/3085/2069
f 1805/3086/2003 1711/3087/2001 1862/3088/2108
f 1803/3089/2000 1861/3090/2109 1804/3085/2069
f 1804/3085/2069 1861/3090/2109 1801/3091/2068
f 1801/3091/2068 1861/3090/2109 1709/3092/1996
f 1861/3090/2109 1802/3093/1999 1709/3092/1996
f 1801/3091/2068 1833/3079/2105 1804/3085/2069
f 1833/3079/2105 1801/3091/2068 1831/3080/2106
f 1800/3094/1995 1860/3095/2110 1799/3096/1994
f 1799/3096/1994 1736/3097/1993 1800/3094/1995
f 1800/3094/1995 1736/3097/1993 1801/3091/2068
f 1736/3097/1993 1829/3098/2111 1801/3091/2068
f 1707/3099/1991 1797/3100/1988 1705/3101/1981
f 1827/3102/2112 1794/3103/2067 1826/3104/2083
f 1825/3105/2113 1704/3106/1976 1796/3107/1978
f 1825/3105/2113 1795/3108/1980 1794/3103/2067
f 1812/3109/2071 1821/3110/2072 1826/3104/2083
f 1827/3102/2112 1821/3110/2072 1829/3098/2111
f 1821/3110/2072 1827/3102/2112 1826/3104/2083
f 1827/3102/2112 1704/3106/1976 1794/3103/2067
f 1794/3103/2067 1704/3106/1976 1825/3105/2113
f 1827/3102/2112 1828/3111/2114 1704/3106/1976
f 1827/3102/2112 1829/3098/2111 1828/3111/2114
f 1705/3101/1981 1704/3106/1976 1707/3099/1991
f 1809/3077/2070 1835/3070/2102 1836/3064/2100
f 1809/3077/2070 1836/3064/2100 1716/3069/2015
f 1828/3111/2114 1829/3098/2111 1736/3097/1993
f 1828/3111/2114 1736/3097/1993 1704/3106/1976
f 1704/3106/1976 1736/3097/1993 1707/3099/1991
f 1831/3080/2106 1830/3112/2073 1832/3078/2074
f 1821/3110/2072 1830/3112/2073 1829/3098/2111
f 1829/3098/2111 1830/3112/2073 1831/3080/2106
f 1833/3079/2105 1832/3078/2074 1834/3071/2103
f 1801/3091/2068 1829/3098/2111 1831/3080/2106
f 1832/3078/2074 1820/3072/2075 1834/3071/2103
f 1834/3071/2103 1819/3065/2076 1835/3070/2102
f 1834/3071/2103 1804/3085/2069 1833/3079/2105
f 1862/3088/2108 1711/3087/2001 1804/3085/2069
f 1862/3088/2108 1804/3085/2069 1806/3113/2058
f 1806/3113/2058 1804/3085/2069 1744/3081/2006
f 1837/3063/2099 1838/3047/2094 1839/3062/2098
f 1840/3059/2097 1841/3114/2115 1719/3060/2023
f 1719/3060/2023 1841/3114/2115 1756/3055/2035
f 1744/3081/2006 1834/3071/2103 1835/3070/2102
f 1837/3063/2099 1818/3048/2077 1838/3047/2094
f 1839/3062/2098 1838/3047/2094 1840/3059/2097
f 1841/3114/2115 1842/3045/2093 1756/3055/2035
f 1809/3077/2070 1744/3081/2006 1835/3070/2102
f 1819/3065/2076 1818/3048/2077 1837/3063/2099
f 1838/3047/2094 1817/3046/2078 1840/3059/2097
f 1840/3059/2097 1842/3045/2093 1841/3114/2115
f 1809/3077/2070 1716/3069/2015 1811/3115/2059
f 1809/3077/2070 1811/3115/2059 1863/3075/2104
f 1840/3059/2097 1816/3034/2079 1842/3045/2093
f 1781/3044/2064 1843/3033/2090 1844/3030/2088
f 1781/3044/2064 1844/3030/2088 1724/3043/2038
f 1784/3039/2065 1844/3030/2088 1846/3029/2087
f 1840/3059/2097 1817/3046/2078 1816/3034/2079
f 1842/3045/2093 1816/3034/2079 1843/3033/2090
f 1719/3060/2023 1823/3066/2101 1774/3061/2063
f 1846/3029/2087 1847/3116/2116 1763/3035/2048
f 1763/3035/2048 1847/3116/2116 1789/3028/2066
f 1720/3058/2029 1719/3060/2023 1722/3056/2033
f 1789/3028/2066 1847/3116/2116 1848/3117/2117
f 1789/3028/2066 1848/3117/2117 1731/3025/1984
f 1719/3060/2023 1756/3055/2035 1722/3056/2033
f 1845/3031/2089 1814/3118/2081 1846/3029/2087
f 1846/3029/2087 1814/3118/2081 1847/3116/2116
f 1814/3118/2081 1813/3119/2082 1847/3116/2116
f 1847/3116/2116 1813/3119/2082 1848/3117/2117
f 1848/3117/2117 1849/3120/2118 1731/3025/1984
f 1731/3025/1984 1849/3120/2118 1850/3021/2084
f 1845/3031/2089 1815/3032/2080 1814/3118/2081
f 1848/3117/2117 1813/3119/2082 1849/3120/2118
f 1855/3042/2092 1726/3041/2043 1784/3039/2065
f 1855/3042/2092 1784/3039/2065 1786/3121/2060
f 1786/3121/2060 1784/3039/2065 1763/3035/2048
f 1850/3021/2084 1849/3120/2118 1826/3019/2083
f 1813/3119/2082 1812/3122/2071 1849/3120/2118
f 1849/3120/2118 1812/3122/2071 1826/3019/2083
f 1789/3028/2066 1731/3025/1984 1791/3123/2062
f 1789/3028/2066 1791/3123/2062 1856/3026/2086
f 1851/3124/2119 1771/3125/2021 1773/3126/2025
f 1772/3127/2022 1771/3128/2021 1851/3129/2119
f 1772/3127/2022 1851/3129/2119 1773/3130/2025
f 1823/3131/2101 1776/3132/2028 1852/3133/2120
f 1852/3133/2120 1775/3134/2026 1823/3131/2101
f 1852/3135/2120 1776/3136/2028 1718/3137/2027
f 1852/3135/2120 1718/3137/2027 1775/3138/2026
f 1778/3139/2032 1721/3140/2031 1777/3141/2030
f 1722/3142/2033 1778/3139/2032 1777/3141/2030
f 1853/3143/2096 1780/3144/2037 1723/3145/2034
f 1853/3143/2096 1723/3145/2034 1779/3146/2036
f 1854/3147/2095 1783/3148/2042 1725/3149/2040
f 1854/3147/2095 1725/3149/2040 1782/3150/2041
f 1855/3151/2092 1786/3152/2060 1727/3153/2046
f 1855/3151/2092 1727/3153/2046 1785/3154/2045
f 1788/3155/2050 1728/3156/2049 1787/3157/2051
f 1822/3158/2091 1788/3155/2050 1787/3157/2051
f 1856/3159/2086 1791/3160/2062 1730/3161/1985
f 1856/3159/2086 1730/3161/1985 1790/3162/1987
f 1857/3163/2121 1792/3164/2052 1858/3165/2085
f 1793/3166/2054 1857/3163/2121 1858/3165/2085
f 1857/3167/2121 1793/3168/2054 1732/3169/2053
f 1857/3167/2121 1732/3169/2053 1792/3170/2052
f 1825/3171/2113 1796/3172/1978 1859/3173/2122
f 1859/3173/2122 1795/3174/1980 1825/3171/2113
f 1859/3175/2122 1796/3176/1978 1703/3177/1977
f 1859/3175/2122 1703/3177/1977 1795/3178/1980
f 1798/3179/1990 1706/3180/1989 1797/3181/1988
f 1707/3182/1991 1798/3179/1990 1797/3181/1988
f 1860/3183/2110 1800/3184/1995 1708/3185/1992
f 1860/3183/2110 1708/3185/1992 1799/3186/1994
f 1861/3187/2109 1803/3188/2000 1710/3189/1998
f 1861/3187/2109 1710/3189/1998 1802/3190/1999
f 1862/3191/2108 1806/3192/2058 1712/3193/2004
f 1862/3191/2108 1712/3193/2004 1805/3194/2003
f 1808/3195/2009 1713/3196/2008 1807/3197/2007
f 1824/3198/2107 1808/3195/2009 1807/3197/2007
f 1863/3199/2104 1811/3200/2059 1715/3201/2014
f 1863/3199/2104 1715/3201/2014 1810/3202/2013
f 1874/3203/2123 1873/3204/2124 1871/3205/2125
f 1871/3205/2125 1873/3204/2124 1872/3206/2126
f 1894/3207/2127 1895/3208/2128 1881/3209/2129
f 1881/3209/2129 1895/3208/2128 1890/3210/2130
f 1890/3210/2130 1895/3208/2128 1876/3211/2131
f 1890/3210/2130 1876/3211/2131 1875/3212/2132
f 1876/3211/2131 1895/3208/2128 1896/3213/2133
f 1876/3211/2131 1896/3213/2133 1868/3214/2134
f 1868/3214/2134 1896/3213/2133 1872/3215/2126
f 1872/3215/2126 1896/3213/2133 1871/3216/2125
f 1871/3216/2125 1896/3213/2133 1897/3217/2135
f 1871/3216/2125 1897/3217/2135 1870/3218/2136
f 1871/3216/2125 1870/3218/2136 1874/3219/2123
f 1874/3219/2123 1870/3218/2136 1869/3220/2137
f 1874/3219/2123 1869/3220/2137 1873/3221/2124
f 1873/3221/2124 1869/3220/2137 1889/3222/2138
f 1889/3222/2138 1869/3220/2137 1870/3218/2136
f 1889/3222/2138 1870/3218/2136 1877/3223/2139
f 1877/3223/2139 1870/3218/2136 1878/3224/2140
f 1878/3224/2140 1870/3218/2136 1897/3217/2135
f 1878/3224/2140 1897/3217/2135 1880/3225/2141
f 1878/3224/2140 1880/3225/2141 1879/3226/2142
f 1878/3224/2140 1879/3226/2142 1877/3223/2139
f 1877/3223/2139 1879/3226/2142 1889/3222/2138
f 1880/3225/2141 1897/3217/2135 1865/3227/2143
f 1898/3228/2144 1865/3227/2143 1897/3217/2135
f 1865/3227/2143 1898/3228/2144 1864/2801/2145
f 1864/2801/2145 1898/3228/2144 1866/3229/2146
f 1866/3229/2146 1898/3228/2144 1888/3230/2147
f 1888/3230/2147 1898/3228/2144 1899/3231/2148
f 1888/3230/2147 1899/3231/2148 1887/2855/2149
f 1887/2855/2149 1899/3231/2148 1886/3232/2150
f 1886/3233/2150 1899/3231/2148 1891/3234/2151
f 1886/3233/2150 1891/3234/2151 1885/3235/2152
f 1885/3235/2152 1891/3234/2151 1892/3236/2153
f 1885/3235/2152 1892/3236/2153 1884/3237/2154
f 1884/3237/2154 1892/3236/2153 1893/3238/2155
f 1884/3237/2154 1893/3238/2155 1883/3239/2156
f 1883/3239/2156 1893/3238/2155 1894/3207/2127
f 1883/3239/2156 1894/3207/2127 1882/3240/2157
f 1882/3240/2157 1894/3207/2127 1881/3241/2129
f 1880/3225/2141 1865/3227/2143 1866/3229/2146
f 1866/3229/2146 1865/3227/2143 1864/3242/2145
f 1866/3229/2146 1888/3230/2147 1889/3222/2138
f 1866/3229/2146 1889/3222/2138 1879/3226/2142
f 1867/3243/2158 1868/3214/2134 1873/3221/2124
f 1868/3214/2134 1872/3215/2126 1873/3221/2124
f 1876/3211/2131 1868/3214/2134 1875/3244/2132
f 1875/3244/2132 1868/3214/2134 1867/3245/2158
f 1875/3244/2132 1867/3245/2158 1890/3210/2130
f 1890/3210/2130 1867/3245/2158 1889/3222/2138
f 1889/3222/2138 1867/3243/2158 1873/3221/2124
f 1879/3226/2142 1880/3225/2141 1866/3229/2146
f 1899/2822/2148 1959/3246/2159 1962/3247/2160
f 1899/2822/2148 1962/3247/2160 1891/3248/2151
f 1891/3248/2151 1962/3247/2160 1967/3249/2161
f 1891/3248/2151 1967/3249/2161 1892/3250/2153
f 1892/3250/2153 1967/3249/2161 1968/3251/2162
f 1892/3250/2153 1968/3251/2162 1971/3252/2163
f 1892/3250/2153 1971/3252/2163 1893/3253/2155
f 1959/3254/2159 1899/3255/2148 1957/3256/2164
f 1957/3256/2164 1899/3255/2148 1898/3257/2144
f 1957/3256/2164 1898/3257/2144 1955/3258/2165
f 1955/3258/2165 1898/3257/2144 1897/3259/2135
f 1955/3258/2165 1897/3259/2135 1950/3260/2166
f 1950/3260/2166 1897/3259/2135 1946/3261/2167
f 1946/3261/2167 1897/3259/2135 1896/3262/2133
f 1946/3261/2167 1896/3262/2133 1895/3263/2128
f 1946/3261/2167 1895/3263/2128 1943/3264/2168
f 1943/3264/2168 1895/3263/2128 1977/3265/2169
f 1977/3265/2169 1895/3263/2128 1894/3266/2127
f 1977/3265/2169 1894/3266/2127 1974/3267/2170
f 1974/3267/2170 1894/3266/2127 1893/3253/2155
f 1974/3267/2170 1893/3253/2155 1971/3252/2163
f 1909/3268/2171 1900/3269/2172 1881/3209/2129
f 1881/3209/2129 1900/3269/2172 1882/3270/2157
f 1882/3270/2157 1900/3269/2172 1883/3271/2156
f 1883/3271/2156 1900/3269/2172 1901/3272/2173
f 1883/3271/2156 1901/3272/2173 1902/3273/2174
f 1883/3271/2156 1902/3273/2174 1884/3274/2154
f 1884/3274/2154 1902/3273/2174 1903/3275/2175
f 1884/3274/2154 1903/3275/2175 1885/3276/2152
f 1885/3276/2152 1903/3275/2175 1904/3277/2176
f 1885/3276/2152 1904/3277/2176 1886/3233/2150
f 1886/3233/2150 1904/3277/2176 1979/3278/2177
f 1886/3233/2150 1979/3278/2177 1905/3279/2178
f 1886/3233/2150 1905/3279/2178 1887/2810/2149
f 1887/2810/2149 1905/3279/2178 1888/3280/2147
f 1888/3280/2147 1905/3279/2178 1906/3281/2179
f 1888/3280/2147 1906/3281/2179 1907/3282/2180
f 1888/3280/2147 1907/3282/2180 1889/3283/2138
f 1889/3283/2138 1907/3282/2180 1908/3284/2181
f 1889/3283/2138 1908/3284/2181 1890/3285/2130
f 1890/3285/2130 1908/3284/2181 1909/3268/2171
f 1890/3285/2130 1909/3268/2171 1881/3209/2129
f 1941/3286/2182 1910/3287/2183 1911/3288/2184
f 1911/3288/2184 2005/3289/2185 2004/3290/2186
f 2003/3291/2187 2005/3289/2185 1910/3287/2183
f 1910/3292/2183 1978/3293/2188 1939/3294/2189
f 1913/3295/2190 2006/3296/2191 1947/3297/2192
f 1914/3298/2193 1947/3297/2192 2008/3299/2194
f 1915/3300/2195 1914/3298/2193 2009/3301/2196
f 1915/3300/2195 1951/3302/2197 1948/3303/2198
f 1951/3302/2197 1915/3300/2195 1916/3304/2199
f 1917/3305/2200 2010/3306/2201 1916/3304/2199
f 2010/3306/2201 1918/3307/2202 1916/3304/2199
f 1916/3304/2199 1918/3307/2202 1951/3302/2197
f 2011/2896/2203 2013/3308/2204 1918/3307/2202
f 2013/3308/2204 2012/3309/2205 1919/3310/2206
f 1956/3311/2207 1953/3312/2208 1922/3313/2209
f 1922/3313/2209 1953/3312/2208 1920/3314/2210
f 1922/3313/2209 1920/3314/2210 1921/3315/2211
f 1921/3315/2211 2014/3316/2212 1922/3313/2209
f 1956/3311/2207 1922/3313/2209 1958/3317/2213
f 1961/3318/2214 1964/3319/2215 1962/3320/2160
f 1923/3321/2216 2017/3322/2217 1924/3323/2218
f 1924/3323/2218 1960/3324/2219 1958/3317/2213
f 1960/3324/2219 1925/3325/2220 1961/3318/2214
f 1924/3323/2218 1980/3326/2221 1981/3327/2222
f 1961/3318/2214 1963/3328/2223 1964/3319/2215
f 1967/3329/2161 1966/3330/2224 1968/3331/2162
f 1968/3331/2162 1969/3332/2225 1971/3333/2163
f 1982/2922/2226 1925/3325/2220 1981/3327/2222
f 1926/3334/2227 1963/3328/2223 1925/3325/2220
f 1925/3325/2220 1963/3328/2223 1961/3318/2214
f 1963/3328/2223 1926/3334/2227 1985/3335/2228
f 1985/3335/2228 1926/3334/2227 1986/3336/2229
f 1984/3337/2230 1963/3328/2223 1985/3335/2228
f 1928/3338/2231 1987/3339/2232 1965/3340/2233
f 1966/3330/2224 1965/3340/2233 1969/3332/2225
f 1929/3341/2234 1965/3340/2233 1989/3342/2235
f 1930/3343/2236 1929/3341/2234 1990/3344/2237
f 1930/3343/2236 1970/3345/2238 1969/3332/2225
f 1970/3345/2238 1930/3343/2236 1931/3346/2239
f 1932/3347/2240 1991/3348/2241 1931/3346/2239
f 1991/3348/2241 1933/3349/2242 1931/3346/2239
f 1931/3346/2239 1933/3349/2242 1970/3345/2238
f 1992/2942/2243 1994/3350/2244 1933/3349/2242
f 1994/3350/2244 1993/3351/2245 1934/3352/2246
f 1975/3353/2247 1972/3354/2248 1937/3355/2249
f 1937/3355/2249 1972/3354/2248 1935/3356/2250
f 1937/3355/2249 1935/3356/2250 1936/3357/2251
f 1937/3355/2249 1936/3357/2251 1995/3358/2252
f 1939/3294/2189 1999/3359/2253 2001/3360/2254
f 1910/3292/2183 2001/3360/2254 1940/3361/2255
f 2000/3362/2256 1940/3361/2255 2001/3360/2254
f 1959/3363/2159 1957/3364/2164 1958/3317/2213
f 1954/3365/2257 1955/3366/2165 1952/3367/2258
f 1954/3365/2257 1952/3367/2258 1951/3302/2197
f 1948/3303/2198 1945/3368/2259 1947/3297/2192
f 1951/3302/2197 1949/3369/2260 1948/3303/2198
f 1947/3297/2192 1945/3368/2259 1944/3370/2261
f 1947/3297/2192 1944/3370/2261 1911/3288/2184
f 1951/3302/2197 1952/3367/2258 1949/3369/2260
f 1949/3369/2260 1946/3371/2167 1948/3303/2198
f 1948/3303/2198 1946/3371/2167 1945/3368/2259
f 1952/3367/2258 1955/3366/2165 1950/3372/2166
f 1952/3367/2258 1950/3372/2166 1949/3369/2260
f 1911/3288/2184 1944/3370/2261 1941/3286/2182
f 1949/3369/2260 1950/3372/2166 1946/3371/2167
f 1944/3370/2261 1942/3373/2262 1941/3286/2182
f 1945/3368/2259 1946/3371/2167 1944/3370/2261
f 1946/3371/2167 1943/3374/2168 1944/3370/2261
f 1944/3370/2261 1943/3374/2168 1942/3373/2262
f 1937/3355/2249 1976/3375/2263 1975/3353/2247
f 1910/3292/2183 1941/3376/2182 1978/3293/2188
f 1978/3293/2188 1941/3376/2182 1942/3377/2262
f 1942/3377/2262 1943/3378/2168 1977/3379/2169
f 1911/3288/2184 1910/3287/2183 2005/3289/2185
f 1912/3380/2264 1913/3295/2190 1947/3297/2192
f 1912/3380/2264 1947/3297/2192 1911/3288/2184
f 1914/3298/2193 1915/3300/2195 1947/3297/2192
f 1915/3300/2195 1948/3303/2198 1947/3297/2192
f 1918/3307/2202 2013/3308/2204 1953/3312/2208
f 1918/3307/2202 1953/3312/2208 1954/3365/2257
f 1918/3307/2202 1954/3365/2257 1951/3302/2197
f 1955/3366/2165 1954/3365/2257 1957/3364/2164
f 2013/3308/2204 1919/3310/2206 1953/3312/2208
f 1956/3311/2207 1954/3365/2257 1953/3312/2208
f 1954/3365/2257 1956/3311/2207 1957/3364/2164
f 1957/3364/2164 1956/3311/2207 1958/3317/2213
f 1958/3317/2213 1960/3324/2219 1959/3363/2159
f 1959/3363/2159 1961/3318/2214 1962/3320/2160
f 2016/3381/2265 1923/3321/2216 1922/3313/2209
f 1923/3321/2216 1924/3323/2218 1922/3313/2209
f 1922/3313/2209 1924/3323/2218 1958/3317/2213
f 1959/3363/2159 1960/3324/2219 1961/3318/2214
f 1981/3327/2222 1925/3325/2220 1924/3323/2218
f 1924/3323/2218 1925/3325/2220 1960/3324/2219
f 1966/3330/2224 1964/3319/2215 1965/3340/2233
f 1927/3382/2266 1928/3338/2231 1965/3340/2233
f 1927/3382/2266 1965/3340/2233 1963/3328/2223
f 1963/3328/2223 1965/3340/2233 1964/3319/2215
f 1971/3333/2163 1973/3383/2267 1974/3384/2170
f 1967/3329/2161 1964/3319/2215 1966/3330/2224
f 1964/3319/2215 1967/3329/2161 1962/3320/2160
f 1969/3332/2225 1970/3345/2238 1971/3333/2163
f 1929/3341/2234 1930/3343/2236 1965/3340/2233
f 1930/3343/2236 1969/3332/2225 1965/3340/2233
f 1966/3330/2224 1969/3332/2225 1968/3331/2162
f 1933/3349/2242 1994/3350/2244 1972/3354/2248
f 1933/3349/2242 1972/3354/2248 1973/3383/2267
f 1933/3349/2242 1973/3383/2267 1970/3345/2238
f 1973/3383/2267 1971/3333/2163 1970/3345/2238
f 1994/3350/2244 1934/3352/2246 1972/3354/2248
f 1975/3353/2247 1973/3383/2267 1972/3354/2248
f 1973/3383/2267 1975/3353/2247 1974/3384/2170
f 1974/3384/2170 1975/3353/2247 1976/3375/2263
f 1976/3375/2263 1978/3293/2188 1977/3379/2169
f 1937/3355/2249 1997/3385/2268 1938/3386/2269
f 1937/3355/2249 1938/3386/2269 1998/3387/2270
f 1939/3294/2189 1937/3355/2249 1998/3387/2270
f 1977/3379/2169 1974/3384/2170 1976/3375/2263
f 1976/3375/2263 1937/3355/2249 1939/3294/2189
f 1977/3379/2169 1978/3293/2188 1942/3377/2262
f 1978/3293/2188 1976/3375/2263 1939/3294/2189
f 2001/3360/2254 1910/3292/2183 1939/3294/2189
f 1925/3388/2220 1982/3389/2226 1983/3390/2271
f 1983/2976/2271 1926/3391/2227 1925/3392/2220
f 1988/3393/2272 1965/3394/2233 1987/3395/2232
f 1989/3396/2235 1965/3397/2233 1988/3398/2272
f 1937/2977/2249 1995/3399/2252 1996/3400/2273
f 1910/2977/2183 1940/3401/2255 2002/3402/2274
f 2007/3393/2275 1947/3403/2192 2006/3395/2191
f 2008/3396/2194 1947/3397/2192 2007/3398/2275
f 1922/2977/2209 2014/3404/2212 2015/3400/2276
f 2018/3405/2277 1900/3406/2172 1909/3407/2171
f 2018/3405/2277 1909/3407/2171 2027/3408/2278
f 2027/3408/2278 1909/3407/2171 1908/3409/2181
f 2027/3408/2278 1908/3409/2181 2026/3410/2279
f 2026/3410/2279 1908/3409/2181 1907/3411/2180
f 2026/3410/2279 1907/3411/2180 2038/3412/2280
f 2038/3412/2280 1907/3411/2180 1906/3413/2179
f 2038/3412/2280 1906/3413/2179 2025/3414/2281
f 2025/3414/2281 1906/3413/2179 2024/3415/2282
f 2024/3415/2282 1906/3413/2179 1905/3416/2178
f 2024/3415/2282 1905/3416/2178 1979/3417/2177
f 2024/3415/2282 1979/3417/2177 2043/3418/2283
f 2043/3418/2283 1979/3417/2177 2023/3008/2284
f 2023/3419/2284 1979/3010/2177 1904/3420/2176
f 2023/3419/2284 1904/3420/2176 2022/3421/2285
f 2022/3421/2285 1904/3420/2176 1903/3422/2175
f 2022/3421/2285 1903/3422/2175 2021/3423/2286
f 2021/3423/2286 1903/3422/2175 2020/3424/2287
f 2020/3424/2287 1903/3422/2175 1902/3425/2174
f 2020/3424/2287 1902/3425/2174 2019/3426/2288
f 2019/3426/2288 1902/3425/2174 1901/3427/2173
f 2019/3426/2288 1901/3427/2173 1900/3406/2172
f 2019/3426/2288 1900/3406/2172 2055/3428/2289
f 2055/3428/2289 1900/3406/2172 2018/3405/2277
f 2002/3429/2274 1940/3430/2255 1999/3431/2253
f 2002/3429/2274 1999/3431/2253 1939/3432/2189
f 2028/3433/2290 1997/3027/2268 1937/3434/2249
f 2051/3435/2291 2049/3436/2292 2021/3437/2286
f 1996/3438/2273 1995/3439/2252 1935/3440/2250
f 1935/3440/2250 1972/3441/2248 1996/3438/2273
f 1996/3438/2273 1972/3441/2248 2054/3442/2293
f 1972/3441/2248 1934/3443/2246 2053/3444/2294
f 2053/3444/2294 1934/3443/2246 1933/3445/2242
f 1992/3040/2243 1933/3445/2242 2062/3446/2295
f 2062/3446/2295 1934/3443/2246 1993/3447/2245
f 2052/3448/2296 1933/3445/2242 1930/3449/2236
f 2052/3448/2296 1930/3449/2236 2051/3435/2291
f 2051/3435/2291 1930/3449/2236 2050/3450/2297
f 2046/3451/2298 2045/3452/2299 2043/3453/2283
f 1991/3454/2241 2061/3455/2300 1930/3449/2236
f 2061/3455/2300 1931/3456/2239 1930/3449/2236
f 1930/3449/2236 1990/3457/2237 2029/3458/2301
f 1930/3449/2236 2029/3458/2301 1989/3459/2235
f 1989/3459/2235 1988/3460/2272 1930/3449/2236
f 1930/3449/2236 1988/3460/2272 2050/3450/2297
f 2047/3461/2302 1963/3462/2223 1983/3463/2271
f 2047/3461/2302 1983/3463/2271 2046/3451/2298
f 2046/3451/2298 1983/3463/2271 2045/3452/2299
f 2042/3464/2303 2041/3465/2304 2024/3466/2282
f 2024/3466/2282 2041/3465/2304 2025/3467/2281
f 2059/3468/2305 1963/3462/2223 1984/3469/2230
f 1926/3470/2227 2059/3468/2305 1986/3471/2229
f 2059/3468/2305 1926/3470/2227 1983/3463/2271
f 1983/3463/2271 1982/3472/2226 2058/3473/2306
f 1983/3463/2271 2058/3473/2306 1980/3474/2221
f 1983/3463/2271 1980/3474/2221 1924/3475/2218
f 1924/3475/2218 2044/3476/2307 1983/3463/2271
f 2017/3477/2217 2030/3478/2308 1924/3475/2218
f 2030/3478/2308 2016/3076/2265 1922/3479/2209
f 2038/3480/2280 2036/3481/2309 2026/3482/2279
f 2026/3482/2279 2034/3483/2310 2027/3484/2278
f 2015/3485/2276 2014/3486/2212 1920/3487/2210
f 1920/3487/2210 1953/3488/2208 2015/3485/2276
f 2015/3485/2276 1953/3488/2208 2041/3465/2304
f 1953/3488/2208 1919/3489/2206 2040/3490/2311
f 2040/3490/2311 1919/3489/2206 1918/3491/2202
f 2011/3086/2203 1918/3491/2202 2068/3492/2312
f 2068/3492/2312 1919/3489/2206 2012/3493/2205
f 2039/3494/2313 1918/3491/2202 1915/3495/2195
f 2039/3494/2313 1915/3495/2195 2037/3496/2314
f 2034/3483/2310 2033/3497/2315 2027/3484/2278
f 2010/3498/2201 2067/3499/2316 1915/3495/2195
f 2067/3499/2316 1916/3500/2199 1915/3495/2195
f 1915/3495/2195 2009/3501/2196 2031/3502/2317
f 1915/3495/2195 2031/3502/2317 2008/3503/2194
f 2008/3503/2194 2007/3504/2275 1915/3495/2195
f 1915/3495/2195 2007/3504/2275 2037/3496/2314
f 2033/3497/2315 2002/3505/2274 2032/3506/2318
f 2065/3507/2319 1911/3508/2184 2004/3509/2186
f 1910/3510/2183 2065/3507/2319 2003/3511/2187
f 2065/3507/2319 1910/3510/2183 2002/3505/2274
f 2018/3512/2277 2027/3484/2278 2033/3497/2315
f 2018/3512/2277 2033/3497/2315 2032/3506/2318
f 2037/3496/2314 2036/3481/2309 2039/3494/2313
f 2039/3494/2313 2040/3490/2311 1918/3491/2202
f 2033/3497/2315 1911/3508/2184 2002/3505/2274
f 2002/3505/2274 1911/3508/2184 2065/3507/2319
f 2035/3513/2320 2036/3481/2309 2037/3496/2314
f 2034/3483/2310 2035/3513/2320 2033/3497/2315
f 2033/3497/2315 2035/3513/2320 1911/3508/2184
f 2041/3465/2304 2042/3464/2303 2015/3485/2276
f 2015/3485/2276 2042/3464/2303 1924/3475/2218
f 2035/3513/2320 2007/3504/2275 1911/3508/2184
f 1911/3508/2184 2007/3504/2275 2006/3514/2191
f 1911/3508/2184 2006/3514/2191 1912/3515/2264
f 2039/3494/2313 2025/3467/2281 2040/3490/2311
f 2034/3483/2310 2026/3482/2279 2035/3513/2320
f 2035/3513/2320 2026/3482/2279 2036/3481/2309
f 2035/3513/2320 2037/3496/2314 2007/3504/2275
f 2039/3494/2313 2038/3480/2280 2025/3467/2281
f 2040/3490/2311 2025/3467/2281 2041/3465/2304
f 2042/3464/2303 2044/3476/2307 1924/3475/2218
f 2039/3494/2313 2036/3481/2309 2038/3480/2280
f 1918/3491/2202 2010/3498/2201 1915/3495/2195
f 2044/3476/2307 2045/3452/2299 1983/3463/2271
f 2068/3492/2312 1918/3491/2202 1919/3489/2206
f 2042/3464/2303 2043/3453/2283 2044/3476/2307
f 1963/3462/2223 2047/3461/2302 2048/3516/2321
f 1963/3462/2223 2048/3516/2321 1988/3460/2272
f 2042/3464/2303 2024/3466/2282 2043/3453/2283
f 2043/3453/2283 2045/3452/2299 2044/3476/2307
f 2041/3465/2304 1953/3488/2208 2040/3490/2311
f 2048/3516/2321 2050/3450/2297 1988/3460/2272
f 1922/3479/2209 2015/3485/2276 2030/3478/2308
f 2015/3485/2276 1924/3475/2218 2030/3478/2308
f 2043/3453/2283 2023/3517/2284 2046/3451/2298
f 2046/3451/2298 2022/3518/2285 2047/3461/2302
f 2047/3461/2302 2022/3518/2285 2048/3516/2321
f 2050/3450/2297 2049/3436/2292 2051/3435/2291
f 1933/3445/2242 2052/3448/2296 2053/3444/2294
f 2048/3516/2321 2049/3436/2292 2050/3450/2297
f 2046/3451/2298 2023/3517/2284 2022/3518/2285
f 2048/3516/2321 2022/3518/2285 2049/3436/2292
f 1963/3462/2223 2059/3468/2305 1983/3463/2271
f 2051/3435/2291 2020/3519/2287 2052/3448/2296
f 1972/3441/2248 2053/3444/2294 2054/3442/2293
f 2022/3518/2285 2021/3437/2286 2049/3436/2292
f 2052/3448/2296 2020/3519/2287 2053/3444/2294
f 2054/3442/2293 2056/3520/2322 1996/3438/2273
f 1996/3438/2273 2056/3520/2322 1939/3432/2189
f 1963/3462/2223 1988/3460/2272 1987/3521/2232
f 1963/3462/2223 1987/3521/2232 1927/3522/2266
f 2021/3437/2286 2020/3519/2287 2051/3435/2291
f 2056/3520/2322 2057/3523/2323 1939/3432/2189
f 1933/3445/2242 1991/3454/2241 1930/3449/2236
f 2053/3444/2294 2019/3524/2288 2054/3442/2293
f 1939/3432/2189 2032/3525/2318 2002/3429/2274
f 2020/3519/2287 2019/3524/2288 2053/3444/2294
f 2019/3524/2288 2055/3526/2289 2054/3442/2293
f 2054/3442/2293 2055/3526/2289 2056/3520/2322
f 1939/3432/2189 2057/3523/2323 2032/3525/2318
f 2062/3446/2295 1933/3445/2242 1934/3443/2246
f 2056/3520/2322 2055/3526/2289 2057/3523/2323
f 2055/3526/2289 2018/3527/2277 2057/3523/2323
f 2057/3523/2323 2018/3527/2277 2032/3525/2318
f 1937/3434/2249 1996/3438/2273 2028/3433/2290
f 1996/3438/2273 1939/3432/2189 1998/3528/2270
f 1996/3438/2273 1998/3528/2270 2028/3433/2290
f 1981/3529/2222 1980/3530/2221 2058/3531/2306
f 1981/3529/2222 2058/3531/2306 1982/3532/2226
f 2059/3533/2305 1984/3534/2230 1985/3535/2228
f 1985/3535/2228 1986/3536/2229 2059/3533/2305
f 1927/3537/2266 1987/3538/2232 2060/3539/2324
f 2060/3540/2324 1987/3541/2232 1928/3542/2231
f 2060/3540/2324 1928/3542/2231 1927/3543/2266
f 1929/3544/2234 1989/3545/2235 2029/3546/2301
f 1990/3547/2237 1929/3544/2234 2029/3546/2301
f 2061/3548/2300 1991/3549/2241 1932/3550/2240
f 2061/3548/2300 1932/3550/2240 1931/3551/2239
f 2062/3552/2295 1993/3553/2245 1994/3554/2244
f 2062/3552/2295 1994/3554/2244 1992/3555/2243
f 1935/3556/2250 1995/3557/2252 2063/3558/2325
f 2063/3559/2325 1995/3560/2252 1936/3561/2251
f 2063/3559/2325 1936/3561/2251 1935/3562/2250
f 2028/3563/2290 1998/3564/2270 1938/3565/2269
f 2028/3563/2290 1938/3565/2269 1997/3566/2268
f 1940/3567/2255 2000/3568/2256 2064/3569/2326
f 1999/3570/2253 1940/3567/2255 2064/3569/2326
f 2064/3571/2326 2000/3572/2256 2001/3573/2254
f 2064/3571/2326 2001/3573/2254 1999/3574/2253
f 2065/3575/2319 2004/3576/2186 2005/3577/2185
f 2005/3577/2185 2003/3578/2187 2065/3575/2319
f 1912/3579/2264 2006/3580/2191 2066/3581/2327
f 2066/3582/2327 2006/3583/2191 1913/3584/2190
f 2066/3582/2327 1913/3584/2190 1912/3585/2264
f 1914/3586/2193 2008/3587/2194 2031/3588/2317
f 2009/3589/2196 1914/3586/2193 2031/3588/2317
f 2067/3590/2316 2010/3591/2201 1917/3592/2200
f 2067/3590/2316 1917/3592/2200 1916/3593/2199
f 2068/3594/2312 2012/3595/2205 2013/3596/2204
f 2068/3594/2312 2013/3596/2204 2011/3597/2203
f 1920/3598/2210 2014/3599/2212 2069/3600/2328
f 2069/3601/2328 2014/3602/2212 1921/3603/2211
f 2069/3601/2328 1921/3603/2211 1920/3604/2210
f 2030/3605/2308 2017/3606/2217 1923/3607/2216
f 2030/3605/2308 1923/3607/2216 2016/3608/2265
f 2640/2777/1914 2639/2778/1915 2638/4364/1916
f 2662/4365/2687 2663/4366/2688 2647/2782/1919
f 2647/2782/1919 2663/4366/2688 2658/2783/2689
f 2658/2783/2689 2663/4366/2688 2642/2784/1921
f 2658/2783/2689 2642/2784/1921 2641/4367/1922
f 2642/2784/1921 2663/4366/2688 2664/4368/2690
f 2642/2784/1921 2664/4368/2690 2635/4369/1924
f 2635/4369/1924 2664/4368/2690 2638/4370/1916
f 2638/4370/1916 2664/4368/2690 2665/4371/2691
f 2638/4370/1916 2665/4371/2691 2637/2790/1926
f 2638/4370/1916 2637/2790/1926 2640/4372/1914
f 2640/4372/1914 2637/2790/1926 2636/4373/1927
f 2640/4372/1914 2636/4373/1927 2657/2793/1928
f 2657/2793/1928 2636/4373/1927 2656/2794/1929
f 2656/2794/1929 2636/4373/1927 2637/2790/1926
f 2656/2794/1929 2637/2790/1926 2643/2795/1930
f 2643/2795/1930 2637/2790/1926 2644/2796/1931
f 2644/2796/1931 2637/2790/1926 2665/4371/2691
f 2644/2796/1931 2665/4371/2691 2646/4374/1932
f 2644/2796/1931 2646/4374/1932 2645/2798/1933
f 2644/2796/1931 2645/2798/1933 2643/2795/1930
f 2643/2795/1930 2645/2798/1933 2656/2794/1929
f 2646/4374/1932 2665/4371/2691 2632/2799/1934
f 2666/4375/2692 2632/2799/1934 2665/4371/2691
f 2632/2799/1934 2666/4375/2692 2631/2801/1936
f 2631/2801/1936 2666/4375/2692 2633/4376/2693
f 2633/4376/2693 2666/4375/2692 2655/2803/1938
f 2633/4376/2693 2655/2803/1938 2656/2794/1929
f 2655/2803/1938 2666/4375/2692 2654/2804/1939
f 2654/2804/1939 2666/4375/2692 2667/4377/2694
f 2654/2804/1939 2667/4377/2694 2653/2806/1941
f 2653/2806/1941 2667/4377/2694 2652/2807/1942
f 2652/2807/1942 2667/4377/2694 2659/4378/2695
f 2652/2809/1942 2659/4378/2695 2651/2810/1944
f 2651/2810/1944 2659/4378/2695 2660/4379/2696
f 2651/2810/1944 2660/4379/2696 2650/2812/1946
f 2650/2812/1946 2660/4379/2696 2661/4380/2697
f 2650/2812/1946 2661/4380/2697 2649/2814/1948
f 2649/2814/1948 2661/4380/2697 2648/2815/1949
f 2648/2815/1949 2661/4380/2697 2662/4365/2687
f 2648/2815/1949 2662/4365/2687 2647/2816/1919
f 2646/4374/1932 2632/2799/1934 2633/4376/2693
f 2633/4376/2693 2632/2799/1934 2631/4381/1936
f 2633/4376/2693 2656/2794/1929 2645/2798/1933
f 2634/2818/1950 2635/4369/1924 2639/2819/1915
f 2635/4369/1924 2638/4370/1916 2639/2819/1915
f 2642/2784/1921 2635/4369/1924 2641/4382/1922
f 2641/4382/1922 2635/4369/1924 2634/2821/1950
f 2641/4382/1922 2634/2821/1950 2658/2783/2689
f 2658/2783/2689 2634/2821/1950 2657/2793/1928
f 2657/2793/1928 2634/2818/1950 2639/2819/1915
f 2639/2819/1915 2640/4372/1914 2657/2793/1928
f 2645/2798/1933 2646/4374/1932 2633/4376/2693
f 2667/2822/2694 2732/4383/2698 2659/4384/2695
f 2659/4384/2695 2732/4383/2698 2734/4385/2699
f 2659/4384/2695 2734/4385/2699 2660/4386/2696
f 2660/4386/2696 2734/4385/2699 2737/4387/2700
f 2660/4386/2696 2737/4387/2700 2740/4388/2701
f 2660/4386/2696 2740/4388/2701 2661/4389/2697
f 2732/4390/2698 2667/4391/2694 2730/4392/2702
f 2730/4392/2702 2667/4391/2694 2728/4393/2703
f 2728/4393/2703 2667/4391/2694 2666/2834/2692
f 2728/4393/2703 2666/2834/2692 2726/4394/2704
f 2726/4394/2704 2666/2834/2692 2723/4395/2705
f 2723/4395/2705 2666/2834/2692 2665/4396/2691
f 2723/4395/2705 2665/4396/2691 2720/4397/2706
f 2720/4397/2706 2665/4396/2691 2718/4398/2707
f 2718/4398/2707 2665/4396/2691 2664/4399/2690
f 2718/4398/2707 2664/4399/2690 2663/4400/2688
f 2718/4398/2707 2663/4400/2688 2715/4401/2708
f 2715/4401/2708 2663/4400/2688 2662/4402/2687
f 2715/4401/2708 2662/4402/2687 2746/4403/2709
f 2746/4403/2709 2662/4402/2687 2744/4404/2710
f 2744/4404/2710 2662/4402/2687 2661/4389/2697
f 2744/4404/2710 2661/4389/2697 2740/4388/2701
f 2677/4405/1965 2668/4406/1966 2647/2782/1919
f 2647/2782/1919 2668/4406/1966 2648/2849/1949
f 2648/2849/1949 2668/4406/1966 2669/4407/1967
f 2648/2849/1949 2669/4407/1967 2649/2851/1948
f 2649/2851/1948 2669/4407/1967 2670/4408/2711
f 2649/2851/1948 2670/4408/2711 2650/2853/1946
f 2650/2853/1946 2670/4408/2711 2671/4409/2712
f 2650/2853/1946 2671/4409/2712 2651/2855/1944
f 2651/2855/1944 2671/4409/2712 2672/4410/2713
f 2651/2855/1944 2672/4410/2713 2652/2807/1942
f 2652/2807/1942 2672/4410/2713 2749/4411/2714
f 2652/2807/1942 2749/4411/2714 2653/2858/1941
f 2653/2858/1941 2749/4411/2714 2673/4412/2715
f 2653/2858/1941 2673/4412/2715 2654/2860/1939
f 2654/2860/1939 2673/4412/2715 2674/4413/2716
f 2654/2860/1939 2674/4413/2716 2655/2862/1938
f 2655/2862/1938 2674/4413/2716 2675/4414/2717
f 2655/2862/1938 2675/4414/2717 2656/2864/1929
f 2656/2864/1929 2675/4414/2717 2657/2865/1928
f 2657/2865/1928 2675/4414/2717 2676/4415/1975
f 2657/2865/1928 2676/4415/1975 2677/4405/1965
f 2657/2865/1928 2677/4405/1965 2658/2867/2689
f 2658/2867/2689 2677/4405/1965 2647/2782/1919
f 2714/4416/2718 2678/4417/2719 2680/4418/2720
f 2773/4419/2721 2681/4420/2722 2679/4421/2723
f 2678/4417/2719 2772/4422/2724 2679/4421/2723
f 2678/4423/2719 2748/4424/2725 2711/4425/2726
f 2710/4426/2727 2711/4425/2726 2769/4427/2728
f 2709/4428/2729 2745/4429/2730 2742/4430/2731
f 2774/2881/2732 2682/4431/2733 2681/4432/2722
f 2682/4431/2733 2775/4433/2734 2683/4434/2735
f 2777/4435/2736 2776/4436/2737 2685/4437/2738
f 2685/4437/2738 2779/2892/2739 2686/4438/2740
f 2686/4438/2740 2687/4439/2741 2685/4437/2738
f 2687/4439/2741 2688/4440/2742 2685/4437/2738
f 2685/4437/2738 2688/4440/2742 2722/4441/2743
f 2688/4440/2742 2724/4442/2744 2722/4441/2743
f 2781/2896/2745 2689/4443/2746 2688/4440/2742
f 2689/4443/2746 2782/3309/2747 2690/4444/2748
f 2725/4445/2749 2784/2902/2750 2691/4446/2751
f 2691/4446/2751 2785/4447/2752 2725/4445/2749
f 2725/4445/2749 2785/4447/2752 2692/4448/2753
f 2725/4445/2749 2692/4448/2753 2727/4449/2754
f 2731/4450/2755 2729/4451/2756 2696/4452/2757
f 2731/4450/2755 2733/4453/2758 2734/4454/2699
f 2788/4455/2759 2693/4456/2760 2694/4457/2761
f 2737/4458/2700 2738/4459/2762 2740/4460/2701
f 2695/4461/2763 2694/4457/2761 2750/2918/2764
f 2696/4452/2757 2698/4462/2765 2733/4453/2758
f 2751/2922/2766 2696/4452/2757 2695/4461/2763
f 2696/4452/2757 2753/4463/2767 2697/4464/2768
f 2698/4462/2765 2697/4464/2768 2754/4465/2769
f 2697/4464/2768 2698/4462/2765 2696/4452/2757
f 2755/2927/2770 2699/4466/2771 2698/4462/2765
f 2699/4466/2771 2756/2929/2772 2700/4467/2773
f 2758/4468/2774 2757/4469/2775 2702/4470/2776
f 2702/4470/2776 2760/2938/2777 2703/4471/2778
f 2703/4471/2778 2704/4472/2779 2702/4470/2776
f 2704/4472/2779 2705/4473/2780 2702/4470/2776
f 2702/4470/2776 2705/4473/2780 2739/4474/2781
f 2705/4473/2780 2741/4475/2782 2739/4474/2781
f 2762/2942/2783 2706/4476/2784 2705/4473/2780
f 2706/4476/2784 2763/3351/2785 2707/4477/2786
f 2766/4478/2787 2742/4430/2731 2708/4479/2788
f 2742/4430/2731 2765/2948/2789 2708/4479/2788
f 2766/4478/2787 2709/4428/2729 2742/4430/2731
f 2712/4480/2790 2711/4425/2726 2770/2949/2791
f 2722/4441/2743 2721/4481/2792 2685/4437/2738
f 2685/4437/2738 2721/4481/2792 2719/4482/2793
f 2719/4482/2793 2717/4483/2794 2683/4434/2735
f 2683/4434/2735 2717/4483/2794 2680/4418/2720
f 2721/4481/2792 2720/4484/2706 2719/4482/2793
f 2724/4442/2744 2721/4481/2792 2722/4441/2743
f 2726/4485/2704 2723/4486/2705 2724/4442/2744
f 2724/4442/2744 2723/4486/2705 2721/4481/2792
f 2719/4482/2793 2720/4484/2706 2717/4483/2794
f 2680/4418/2720 2716/4487/2795 2714/4416/2718
f 2717/4483/2794 2716/4487/2795 2680/4418/2720
f 2721/4481/2792 2723/4486/2705 2720/4484/2706
f 2720/4484/2706 2718/4488/2707 2717/4483/2794
f 2717/4483/2794 2718/4488/2707 2716/4487/2795
f 2716/4487/2795 2715/4489/2708 2714/4416/2718
f 2718/4488/2707 2715/4489/2708 2716/4487/2795
f 2678/4423/2719 2714/4490/2718 2748/4424/2725
f 2714/4490/2718 2715/4491/2708 2748/4424/2725
f 2748/4424/2725 2715/4491/2708 2746/4492/2709
f 2680/4418/2720 2678/4417/2719 2679/4421/2723
f 2681/4420/2722 2680/4418/2720 2679/4421/2723
f 2681/4432/2722 2682/4431/2733 2680/4418/2720
f 2682/4431/2733 2683/4434/2735 2680/4418/2720
f 2777/4435/2736 2685/4437/2738 2684/4493/2796
f 2684/4493/2796 2685/4437/2738 2683/4434/2735
f 2685/4437/2738 2719/4482/2793 2683/4434/2735
f 2688/4440/2742 2689/4443/2746 2725/4445/2749
f 2688/4440/2742 2725/4445/2749 2724/4442/2744
f 2689/4443/2746 2690/4444/2748 2725/4445/2749
f 2727/4449/2754 2724/4442/2744 2725/4445/2749
f 2724/4442/2744 2727/4449/2754 2726/4485/2704
f 2726/4485/2704 2727/4449/2754 2728/4494/2703
f 2728/4494/2703 2729/4451/2756 2730/4495/2702
f 2730/4495/2702 2731/4450/2755 2732/4496/2698
f 2728/4494/2703 2727/4449/2754 2692/4448/2753
f 2787/4497/2797 2788/4455/2759 2692/4448/2753
f 2728/4494/2703 2692/4448/2753 2729/4451/2756
f 2788/4455/2759 2694/4457/2761 2692/4448/2753
f 2692/4448/2753 2694/4457/2761 2729/4451/2756
f 2730/4495/2702 2729/4451/2756 2731/4450/2755
f 2695/4461/2763 2696/4452/2757 2694/4457/2761
f 2694/4457/2761 2696/4452/2757 2729/4451/2756
f 2696/4452/2757 2733/4453/2758 2731/4450/2755
f 2734/4454/2699 2732/4496/2698 2731/4450/2755
f 2698/4462/2765 2699/4466/2771 2735/4498/2798
f 2698/4462/2765 2735/4498/2798 2733/4453/2758
f 2733/4453/2758 2735/4498/2798 2736/4499/2799
f 2740/4460/2701 2743/4500/2800 2744/4501/2710
f 2733/4453/2758 2736/4499/2799 2734/4454/2699
f 2699/4466/2771 2700/4467/2773 2735/4498/2798
f 2736/4499/2799 2735/4498/2798 2737/4458/2700
f 2738/4459/2762 2741/4475/2782 2740/4460/2701
f 2740/4460/2701 2741/4475/2782 2743/4500/2800
f 2736/4499/2799 2737/4458/2700 2734/4454/2699
f 2758/4468/2774 2702/4470/2776 2701/4502/2801
f 2701/4502/2801 2702/4470/2776 2735/4498/2798
f 2737/4458/2700 2735/4498/2798 2738/4459/2762
f 2738/4459/2762 2735/4498/2798 2702/4470/2776
f 2738/4459/2762 2702/4470/2776 2739/4474/2781
f 2738/4459/2762 2739/4474/2781 2741/4475/2782
f 2705/4473/2780 2706/4476/2784 2742/4430/2731
f 2705/4473/2780 2742/4430/2731 2741/4475/2782
f 2706/4476/2784 2707/4477/2786 2742/4430/2731
f 2745/4429/2730 2741/4475/2782 2742/4430/2731
f 2741/4475/2782 2745/4429/2730 2743/4500/2800
f 2743/4500/2800 2745/4429/2730 2744/4501/2710
f 2744/4501/2710 2745/4429/2730 2746/4492/2709
f 2746/4492/2709 2747/4503/2802 2748/4424/2725
f 2746/4492/2709 2745/4429/2730 2709/4428/2729
f 2709/4428/2729 2768/4504/2803 2769/4427/2728
f 2709/4428/2729 2769/4427/2728 2711/4425/2726
f 2746/4492/2709 2709/4428/2729 2747/4503/2802
f 2747/4503/2802 2709/4428/2729 2711/4425/2726
f 2748/4424/2725 2747/4503/2802 2711/4425/2726
f 2712/4480/2790 2713/4505/2804 2711/4425/2726
f 2711/4425/2726 2713/4505/2804 2678/4423/2719
f 2696/4506/2757 2751/4507/2766 2752/4508/2805
f 2753/4509/2767 2696/4510/2757 2752/2976/2805
f 2700/4511/2773 2701/4512/2801 2735/3392/2798
f 2702/2977/2776 2757/4513/2775 2759/4514/2806
f 2760/4515/2777 2702/4516/2776 2759/4517/2806
f 2761/4518/2807 2705/4519/2780 2704/4520/2779
f 2742/2977/2731 2707/4521/2786 2764/4522/2808
f 2709/2977/2729 2766/4523/2787 2767/4524/2809
f 2767/4525/2809 2768/4526/2803 2709/4527/2729
f 2678/2977/2719 2713/2988/2804 2771/4528/2810
f 2685/2977/2738 2776/4513/2737 2778/4514/2811
f 2779/4515/2739 2685/4516/2738 2778/4529/2811
f 2780/4518/2812 2688/4519/2742 2687/4520/2741
f 2725/2977/2749 2690/4521/2748 2783/4522/2813
f 2692/2977/2753 2785/4523/2752 2786/4524/2814
f 2786/4525/2814 2787/4526/2797 2692/4530/2753
f 2789/4531/2815 2668/4532/1966 2677/4533/1965
f 2789/4531/2815 2677/4533/1965 2797/4534/2816
f 2797/4534/2816 2677/4533/1965 2676/4535/1975
f 2797/4534/2816 2676/4535/1975 2804/4536/2817
f 2804/4536/2817 2676/4535/1975 2675/4537/2717
f 2804/4536/2817 2675/4537/2717 2806/4538/2818
f 2806/4538/2818 2675/4537/2717 2674/4539/2716
f 2806/4538/2818 2674/4539/2716 2796/4540/2819
f 2796/4540/2819 2674/4539/2716 2795/4541/2820
f 2795/4541/2820 2674/4539/2716 2673/4542/2715
f 2795/4541/2820 2673/4542/2715 2813/4543/2821
f 2813/4543/2821 2673/4542/2715 2749/4544/2714
f 2813/4543/2821 2749/4544/2714 2794/3008/2822
f 2794/4545/2822 2749/3010/2714 2672/4546/2713
f 2794/4545/2822 2672/4546/2713 2816/4547/2823
f 2816/4547/2823 2672/4546/2713 2793/4548/2824
f 2793/4548/2824 2672/4546/2713 2671/4549/2712
f 2793/4548/2824 2671/4549/2712 2670/4550/2711
f 2793/4548/2824 2670/4550/2711 2792/4551/2825
f 2792/4551/2825 2670/4550/2711 2791/4552/2826
f 2791/4552/2826 2670/4550/2711 2669/4553/1967
f 2791/4552/2826 2669/4553/1967 2790/4554/2827
f 2790/4554/2827 2669/4553/1967 2668/4532/1966
f 2790/4554/2827 2668/4532/1966 2789/4531/2815
f 2789/4555/2815 2800/4556/2828 2825/4557/2829
f 2825/4557/2829 2800/4556/2828 2771/4558/2810
f 2771/4558/2810 2713/4559/2804 2833/4560/2830
f 2833/4560/2830 2770/3024/2791 2711/4561/2726
f 2833/4560/2830 2711/4561/2726 2771/4558/2810
f 2711/4561/2726 2825/4557/2829 2771/4558/2810
f 2710/4562/2727 2832/4563/2831 2711/4561/2726
f 2832/4563/2831 2768/3027/2803 2767/4564/2809
f 2767/4564/2809 2764/4565/2808 2824/4566/2832
f 2822/4567/2833 2821/4568/2834 2792/4569/2825
f 2792/4569/2825 2821/4568/2834 2820/4570/2835
f 2792/4569/2825 2820/4570/2835 2793/4571/2824
f 2793/4571/2824 2820/4570/2835 2818/4572/2836
f 2764/4565/2808 2767/4564/2809 2766/4573/2787
f 2764/4565/2808 2766/4573/2787 2831/4574/2837
f 2742/4575/2731 2831/4574/2837 2765/3037/2789
f 2831/4574/2837 2742/4575/2731 2764/4565/2808
f 2823/4576/2838 2764/4565/2808 2705/4577/2780
f 2762/4578/2783 2705/4577/2780 2707/4579/2786
f 2761/4580/2807 2829/3050/2839 2760/4581/2777
f 2761/4580/2807 2760/4581/2777 2759/4582/2806
f 2759/4582/2806 2821/4568/2834 2705/4577/2780
f 2759/4582/2806 2820/4570/2835 2821/4568/2834
f 2757/4583/2775 2828/4584/2840 2701/4585/2801
f 2701/4585/2801 2700/4586/2773 2757/4583/2775
f 2757/4583/2775 2700/4586/2773 2759/4582/2806
f 2759/4582/2806 2700/4586/2773 2820/4570/2835
f 2700/4586/2773 2819/4587/2841 2820/4570/2835
f 2756/4588/2772 2827/4589/2842 2700/4586/2773
f 2827/4589/2842 2755/4590/2770 2698/4591/2765
f 2815/4592/2843 2698/4591/2765 2752/4593/2805
f 2815/4592/2843 2752/4593/2805 2814/4594/2844
f 2812/4595/2845 2811/4596/2846 2795/4597/2820
f 2796/4598/2819 2808/4599/2847 2806/4600/2818
f 2798/4601/2848 2698/4591/2765 2754/4602/2769
f 2798/4601/2848 2753/4603/2767 2752/4593/2805
f 2814/4594/2844 2694/4604/2761 2812/4595/2845
f 2812/4595/2845 2694/4604/2761 2811/4596/2846
f 2795/4597/2820 2811/4596/2846 2810/4605/2849
f 2796/4598/2819 2810/4605/2849 2808/4599/2847
f 2814/4594/2844 2752/4593/2805 2694/4604/2761
f 2694/4604/2761 2752/4593/2805 2751/4606/2766
f 2694/4604/2761 2751/4606/2766 2750/4607/2764
f 2693/3477/2760 2839/4608/2850 2694/4604/2761
f 2839/4608/2850 2787/3076/2797 2786/4609/2814
f 2786/4609/2814 2783/4610/2813 2811/4596/2846
f 2808/4599/2847 2807/4611/2851 2806/4600/2818
f 2806/4600/2818 2807/4611/2851 2805/4612/2852
f 2783/4610/2813 2786/4609/2814 2785/4613/2752
f 2783/4610/2813 2785/4613/2752 2838/4614/2853
f 2725/4615/2749 2838/4614/2853 2784/3083/2750
f 2838/4614/2853 2725/4615/2749 2783/4610/2813
f 2809/4616/2854 2783/4610/2813 2688/4617/2742
f 2781/4618/2745 2688/4617/2742 2690/4619/2748
f 2780/4620/2812 2836/4621/2855 2779/4622/2739
f 2780/4620/2812 2779/4622/2739 2778/4623/2811
f 2778/4623/2811 2807/4611/2851 2688/4617/2742
f 2807/4611/2851 2778/4623/2811 2805/4612/2852
f 2776/4624/2737 2835/4625/2856 2684/4626/2796
f 2684/4626/2796 2683/4627/2735 2776/4624/2737
f 2776/4624/2737 2683/4627/2735 2778/4623/2811
f 2683/4627/2735 2803/4628/2857 2778/4623/2811
f 2834/4629/2858 2774/4630/2732 2681/4631/2722
f 2801/4632/2859 2771/4633/2810 2800/4634/2828
f 2799/4635/2860 2681/4631/2722 2773/4636/2721
f 2678/4637/2719 2799/4635/2860 2772/4638/2724
f 2789/4639/2815 2797/4640/2816 2800/4634/2828
f 2678/4637/2719 2771/4633/2810 2801/4632/2859
f 2801/4632/2859 2797/4640/2816 2803/4628/2857
f 2807/4611/2851 2809/4616/2854 2688/4617/2742
f 2797/4640/2816 2801/4632/2859 2800/4634/2828
f 2801/4632/2859 2681/4631/2722 2678/4637/2719
f 2678/4637/2719 2681/4631/2722 2799/4635/2860
f 2801/4632/2859 2802/4641/2861 2681/4631/2722
f 2801/4632/2859 2803/4628/2857 2802/4641/2861
f 2809/4616/2854 2810/4605/2849 2783/4610/2813
f 2786/4609/2814 2811/4596/2846 2694/4604/2761
f 2802/4641/2861 2803/4628/2857 2683/4627/2735
f 2802/4641/2861 2683/4627/2735 2681/4631/2722
f 2681/4631/2722 2683/4627/2735 2775/4642/2734
f 2681/4631/2722 2775/4642/2734 2834/4629/2858
f 2805/4612/2852 2804/4643/2817 2806/4600/2818
f 2783/4610/2813 2810/4605/2849 2811/4596/2846
f 2797/4640/2816 2804/4643/2817 2803/4628/2857
f 2803/4628/2857 2804/4643/2817 2805/4612/2852
f 2778/4623/2811 2803/4628/2857 2805/4612/2852
f 2809/4616/2854 2808/4599/2847 2810/4605/2849
f 2688/4617/2742 2780/4620/2812 2778/4623/2811
f 2810/4605/2849 2796/4598/2819 2795/4597/2820
f 2809/4616/2854 2807/4611/2851 2808/4599/2847
f 2690/4619/2748 2688/4617/2742 2783/4610/2813
f 2812/4595/2845 2813/4644/2821 2814/4594/2844
f 2815/4592/2843 2817/4645/2862 2698/4591/2765
f 2698/4591/2765 2817/4645/2862 2700/4586/2773
f 2814/4594/2844 2813/4644/2821 2815/4592/2843
f 2817/4645/2862 2819/4587/2841 2700/4586/2773
f 2795/4597/2820 2813/4644/2821 2812/4595/2845
f 2813/4644/2821 2794/4646/2822 2815/4592/2843
f 2794/4646/2822 2816/4647/2823 2815/4592/2843
f 2815/4592/2843 2816/4647/2823 2817/4645/2862
f 2816/4647/2823 2818/4572/2836 2817/4645/2862
f 2817/4645/2862 2818/4572/2836 2819/4587/2841
f 2786/4609/2814 2694/4604/2761 2839/4608/2850
f 2819/4587/2841 2818/4572/2836 2820/4570/2835
f 2821/4568/2834 2823/4576/2838 2705/4577/2780
f 2698/4591/2765 2798/4601/2848 2752/4593/2805
f 2821/4568/2834 2822/4567/2833 2823/4576/2838
f 2816/4647/2823 2793/4571/2824 2818/4572/2836
f 2767/4564/2809 2824/4566/2832 2711/4561/2726
f 2698/4591/2765 2700/4586/2773 2827/4589/2842
f 2822/4567/2833 2791/4648/2826 2823/4576/2838
f 2823/4576/2838 2791/4648/2826 2764/4565/2808
f 2764/4565/2808 2791/4648/2826 2824/4566/2832
f 2791/4648/2826 2790/4649/2827 2824/4566/2832
f 2824/4566/2832 2825/4557/2829 2711/4561/2726
f 2705/4577/2780 2761/4580/2807 2759/4582/2806
f 2822/4567/2833 2792/4569/2825 2791/4648/2826
f 2824/4566/2832 2790/4649/2827 2825/4557/2829
f 2707/4579/2786 2705/4577/2780 2764/4565/2808
f 2790/4649/2827 2789/4555/2815 2825/4557/2829
f 2767/4564/2809 2711/4561/2726 2832/4563/2831
f 2826/4650/2863 2750/4651/2764 2751/4652/2766
f 2695/4653/2763 2750/4654/2764 2826/3531/2863
f 2695/4653/2763 2826/3531/2863 2751/4655/2766
f 2754/4656/2769 2697/4657/2768 2753/4658/2767
f 2798/4659/2848 2754/4656/2769 2753/4658/2767
f 2827/4660/2842 2756/4661/2772 2699/4662/2771
f 2827/4660/2842 2699/4662/2771 2755/4663/2770
f 2828/4664/2840 2757/4665/2775 2758/4666/2774
f 2828/4664/2840 2758/4666/2774 2701/4667/2801
f 2829/4668/2839 2761/4669/2807 2704/4670/2779
f 2829/4671/2839 2704/4672/2779 2703/4673/2778
f 2829/4671/2839 2703/4673/2778 2760/4674/2777
f 2763/4675/2785 2706/4676/2784 2762/4677/2783
f 2707/4678/2786 2763/4675/2785 2762/4677/2783
f 2831/4679/2837 2766/4680/2787 2830/4681/2864
f 2831/4679/2837 2830/4681/2864 2765/4682/2789
f 2830/4683/2864 2766/4684/2787 2708/4685/2788
f 2830/4683/2864 2708/4685/2788 2765/4686/2789
f 2832/4687/2831 2710/4688/2727 2769/4689/2728
f 2832/4687/2831 2769/4689/2728 2768/4690/2803
f 2712/4691/2790 2770/4692/2791 2833/4693/2830
f 2713/4694/2804 2712/4691/2790 2833/4693/2830
f 2773/4695/2721 2679/4696/2723 2772/4697/2724
f 2799/4698/2860 2773/4695/2721 2772/4697/2724
f 2834/4699/2858 2775/4700/2734 2682/4701/2733
f 2834/4699/2858 2682/4701/2733 2774/4702/2732
f 2835/4703/2856 2776/4704/2737 2777/4705/2736
f 2835/4703/2856 2777/4705/2736 2684/4706/2796
f 2836/4707/2855 2780/4708/2812 2687/4709/2741
f 2836/4710/2855 2687/4711/2741 2686/4712/2740
f 2836/4710/2855 2686/4712/2740 2779/4713/2739
f 2782/4714/2747 2689/4715/2746 2781/4716/2745
f 2690/4717/2748 2782/4714/2747 2781/4716/2745
f 2838/4718/2853 2785/4719/2752 2837/4720/2865
f 2838/4718/2853 2837/4720/2865 2784/4721/2750
f 2837/4722/2865 2785/4723/2752 2691/4724/2751
f 2837/4722/2865 2691/4724/2751 2784/4725/2750
f 2839/4726/2850 2693/4727/2760 2788/4728/2759
f 2839/4726/2850 2788/4728/2759 2787/4729/2797
f 2850/3203/2123 2849/3204/2866 2847/4730/2125
f 2847/4730/2125 2849/3204/2866 2848/3206/2126
f 2870/4731/2867 2871/4732/2868 2857/4733/2129
f 2857/4733/2129 2871/4732/2868 2866/3210/2869
f 2866/3210/2869 2871/4732/2868 2852/4734/2131
f 2866/3210/2869 2852/4734/2131 2851/4735/2132
f 2852/4734/2131 2871/4732/2868 2872/4736/2870
f 2852/4734/2131 2872/4736/2870 2844/3214/2134
f 2844/3214/2134 2872/4736/2870 2848/3215/2126
f 2848/3215/2126 2872/4736/2870 2847/3216/2125
f 2847/3216/2125 2872/4736/2870 2873/4737/2871
f 2847/3216/2125 2873/4737/2871 2846/4738/2872
f 2847/3216/2125 2846/4738/2872 2850/3219/2123
f 2850/3219/2123 2846/4738/2872 2845/3220/2873
f 2850/3219/2123 2845/3220/2873 2849/4739/2866
f 2849/4739/2866 2845/3220/2873 2865/4740/2874
f 2865/4740/2874 2845/3220/2873 2846/4738/2872
f 2865/4740/2874 2846/4738/2872 2853/3223/2875
f 2853/3223/2875 2846/4738/2872 2854/4741/2140
f 2854/4741/2140 2846/4738/2872 2873/4737/2871
f 2854/4741/2140 2873/4737/2871 2856/4742/2141
f 2854/4741/2140 2856/4742/2141 2855/3226/2876
f 2854/4741/2140 2855/3226/2876 2853/3223/2875
f 2853/3223/2875 2855/3226/2876 2865/4740/2874
f 2856/4742/2141 2873/4737/2871 2841/3227/2143
f 2874/4743/2877 2841/3227/2143 2873/4737/2871
f 2841/3227/2143 2874/4743/2877 2840/2801/2145
f 2840/2801/2145 2874/4743/2877 2842/4744/2878
f 2842/4744/2878 2874/4743/2877 2864/2853/2879
f 2842/4744/2878 2864/2853/2879 2865/4740/2874
f 2864/2853/2879 2874/4743/2877 2875/4745/2880
f 2864/2853/2879 2875/4745/2880 2863/4746/2881
f 2863/4746/2881 2875/4745/2880 2862/4747/2150
f 2862/4748/2150 2875/4745/2880 2867/4749/2882
f 2862/4748/2150 2867/4749/2882 2861/4750/2152
f 2861/4750/2152 2867/4749/2882 2868/4751/2883
f 2861/4750/2152 2868/4751/2883 2860/3237/2154
f 2860/3237/2154 2868/4751/2883 2869/4752/2884
f 2860/3237/2154 2869/4752/2884 2859/3239/2156
f 2859/3239/2156 2869/4752/2884 2870/4731/2867
f 2859/3239/2156 2870/4731/2867 2858/4753/2157
f 2858/4753/2157 2870/4731/2867 2857/4754/2129
f 2856/4742/2141 2841/3227/2143 2842/4744/2878
f 2842/4744/2878 2841/3227/2143 2840/4755/2145
f 2842/4744/2878 2865/4740/2874 2855/3226/2876
f 2843/4756/2885 2844/3214/2134 2849/4739/2866
f 2844/3214/2134 2848/3215/2126 2849/4739/2866
f 2852/4734/2131 2844/3214/2134 2851/3244/2132
f 2851/3244/2132 2844/3214/2134 2843/4757/2885
f 2851/3244/2132 2843/4757/2885 2866/3210/2869
f 2866/3210/2869 2843/4757/2885 2865/4740/2874
f 2865/4740/2874 2843/4756/2885 2849/4739/2866
f 2855/3226/2876 2856/4742/2141 2842/4744/2878
f 2875/2822/2880 2942/3246/2886 2945/4758/2887
f 2875/2822/2880 2945/4758/2887 2867/4759/2882
f 2867/4759/2882 2945/4758/2887 2949/4760/2888
f 2867/4759/2882 2949/4760/2888 2868/3250/2883
f 2868/3250/2883 2949/4760/2888 2876/4761/2889
f 2868/3250/2883 2876/4761/2889 2869/4762/2884
f 2869/4762/2884 2876/4761/2889 2954/4763/2890
f 2942/4764/2886 2875/4765/2880 2939/3256/2891
f 2939/3256/2891 2875/4765/2880 2874/4766/2877
f 2939/3256/2891 2874/4766/2877 2935/4767/2892
f 2935/4767/2892 2874/4766/2877 2873/4768/2871
f 2935/4767/2892 2873/4768/2871 2934/4769/2893
f 2934/4769/2893 2873/4768/2871 2930/4770/2894
f 2930/4770/2894 2873/4768/2871 2872/4771/2870
f 2930/4770/2894 2872/4771/2870 2928/4772/2895
f 2928/4772/2895 2872/4771/2870 2871/4773/2868
f 2928/4772/2895 2871/4773/2868 2925/4774/2896
f 2925/4774/2896 2871/4773/2868 2960/4775/2897
f 2960/4775/2897 2871/4773/2868 2870/4776/2867
f 2960/4775/2897 2870/4776/2867 2958/4777/2898
f 2958/4777/2898 2870/4776/2867 2869/4762/2884
f 2958/4777/2898 2869/4762/2884 2954/4763/2890
f 2886/4778/2899 2877/4779/2900 2857/4733/2129
f 2857/4733/2129 2877/4779/2900 2858/4780/2157
f 2858/4780/2157 2877/4779/2900 2859/3271/2156
f 2859/3271/2156 2877/4779/2900 2878/4781/2173
f 2859/3271/2156 2878/4781/2173 2879/4782/2901
f 2859/3271/2156 2879/4782/2901 2860/3274/2154
f 2860/3274/2154 2879/4782/2901 2880/4783/2902
f 2860/3274/2154 2880/4783/2902 2861/4784/2152
f 2861/4784/2152 2880/4783/2902 2881/4785/2903
f 2861/4784/2152 2881/4785/2903 2862/4748/2150
f 2862/4748/2150 2881/4785/2903 2962/4786/2904
f 2862/4748/2150 2962/4786/2904 2882/4787/2905
f 2862/4748/2150 2882/4787/2905 2863/4788/2881
f 2863/4788/2881 2882/4787/2905 2864/2812/2879
f 2864/2812/2879 2882/4787/2905 2883/4789/2906
f 2864/2812/2879 2883/4789/2906 2884/4790/2907
f 2864/2812/2879 2884/4790/2907 2865/4791/2874
f 2865/4791/2874 2884/4790/2907 2885/4792/2908
f 2865/4791/2874 2885/4792/2908 2866/3285/2869
f 2866/3285/2869 2885/4792/2908 2886/4778/2899
f 2866/3285/2869 2886/4778/2899 2857/4733/2129
f 2924/4793/2909 2887/4794/2910 2889/4795/2911
f 2889/4795/2911 2986/4796/2912 2985/4797/2913
f 2986/4796/2912 2888/4798/2914 2984/4799/2915
f 2887/4794/2910 2888/4798/2914 2986/4796/2912
f 2887/4800/2910 2961/4801/2916 2920/4802/2917
f 2891/4803/2918 2987/4804/2919 2927/4805/2920
f 2929/4806/2921 2927/4805/2920 2931/4807/2922
f 2925/4808/2896 2960/4809/2897 2923/4810/2923
f 2924/4793/2909 2923/4810/2923 2887/4794/2910
f 2927/4805/2920 2989/4811/2924 2892/4812/2925
f 2927/4805/2920 2892/4812/2925 2893/4813/2926
f 2893/4813/2926 2892/4812/2925 2990/3301/2927
f 2927/4805/2920 2893/4813/2926 2894/4814/2928
f 2894/4814/2928 2992/4815/2929 2895/4816/2930
f 2894/4814/2928 2895/4816/2930 2993/4817/2931
f 2993/4817/2931 2896/4818/2932 2894/4814/2928
f 2894/4814/2928 2896/4818/2932 2931/4807/2922
f 2896/4818/2932 2933/4819/2933 2931/4807/2922
f 2994/2896/2934 2897/4820/2935 2896/4818/2932
f 2897/4820/2935 2995/3309/2936 2898/4821/2937
f 2938/4822/2938 2936/4823/2939 2901/4824/2940
f 2901/4824/2940 2936/4823/2939 2899/4825/2941
f 2899/4825/2941 2936/4823/2939 2996/2902/2942
f 2997/4826/2943 2900/4827/2944 2899/4825/2941
f 2899/4825/2941 2900/4827/2944 2901/4824/2940
f 2938/4822/2938 2901/4824/2940 2941/4828/2945
f 2938/4822/2938 2941/4828/2945 2940/4829/2946
f 2944/4830/2947 2943/4831/2948 2904/4832/2949
f 2944/4830/2947 2946/4833/2950 2945/4834/2887
f 2941/4828/2945 2943/4831/2948 2940/4829/2946
f 2904/4832/2949 2906/4835/2951 2946/4833/2950
f 2949/4836/2888 2948/4837/2952 2951/4838/2953
f 2951/4838/2953 2952/4839/2954 2876/4840/2889
f 2963/2922/2955 2904/4832/2949 2964/4841/2956
f 2904/4832/2949 2905/4842/2957 2968/4843/2958
f 2905/4842/2957 2966/4844/2959 2968/4843/2958
f 2967/4845/2960 2906/4835/2951 2968/4843/2958
f 2968/4843/2958 2906/4835/2951 2904/4832/2949
f 2908/4846/2961 2969/4847/2962 2947/4848/2963
f 2958/4849/2898 2959/4850/2964 2960/4851/2897
f 2947/4848/2963 2971/4852/2965 2909/4853/2966
f 2947/4848/2963 2909/4853/2966 2910/4854/2967
f 2910/4854/2967 2909/4853/2966 2972/3344/2968
f 2947/4848/2963 2910/4854/2967 2911/4855/2969
f 2911/4855/2969 2974/4856/2970 2912/4857/2971
f 2913/4858/2972 2912/4857/2971 2975/4859/2973
f 2912/4857/2971 2913/4858/2972 2911/4855/2969
f 2913/4858/2972 2952/4839/2954 2911/4855/2969
f 2911/4855/2969 2952/4839/2954 2950/4860/2974
f 2976/2942/2975 2914/4861/2976 2913/4858/2972
f 2914/4861/2976 2977/3351/2977 2915/4862/2978
f 2956/4863/2979 2955/4864/2980 2918/4865/2981
f 2918/4865/2981 2955/4864/2980 2916/4866/2982
f 2918/4865/2981 2916/4866/2982 2917/4867/2983
f 2917/4867/2983 2916/4866/2982 2979/4868/2984
f 2955/4864/2980 2978/2948/2985 2916/4866/2982
f 2921/4869/2986 2922/4870/2987 2887/4800/2910
f 2982/3362/2988 2887/4800/2910 2922/4870/2987
f 2942/4871/2886 2939/4872/2891 2940/4829/2946
f 2937/4873/2989 2934/4874/2893 2933/4819/2933
f 2939/4872/2891 2935/4875/2892 2937/4873/2989
f 2937/4873/2989 2935/4875/2892 2934/4874/2893
f 2933/4819/2933 2934/4874/2893 2932/4876/2990
f 2933/4819/2933 2932/4876/2990 2931/4807/2922
f 2931/4807/2922 2932/4876/2990 2930/4877/2894
f 2931/4807/2922 2930/4877/2894 2929/4806/2921
f 2929/4806/2921 2926/4878/2991 2927/4805/2920
f 2927/4805/2920 2926/4878/2991 2889/4795/2911
f 2930/4877/2894 2928/4879/2895 2929/4806/2921
f 2929/4806/2921 2928/4879/2895 2926/4878/2991
f 2926/4878/2991 2924/4793/2909 2889/4795/2911
f 2926/4878/2991 2928/4879/2895 2925/4808/2896
f 2926/4878/2991 2925/4808/2896 2924/4793/2909
f 2932/4876/2990 2934/4874/2893 2930/4877/2894
f 2924/4793/2909 2925/4808/2896 2923/4810/2923
f 2918/4865/2981 2959/4850/2964 2956/4863/2979
f 2887/4800/2910 2923/4880/2923 2961/4801/2916
f 2961/4801/2916 2923/4880/2923 2960/4851/2897
f 2961/4801/2916 2960/4851/2897 2959/4850/2964
f 2889/4795/2911 2887/4794/2910 2986/4796/2912
f 2890/4881/2992 2891/4803/2918 2927/4805/2920
f 2890/4881/2992 2927/4805/2920 2889/4795/2911
f 2894/4814/2928 2931/4807/2922 2927/4805/2920
f 2933/4819/2933 2896/4818/2932 2937/4873/2989
f 2896/4818/2932 2897/4820/2935 2936/4823/2939
f 2896/4818/2932 2936/4823/2939 2937/4873/2989
f 2897/4820/2935 2898/4821/2937 2936/4823/2939
f 2938/4822/2938 2937/4873/2989 2936/4823/2939
f 2937/4873/2989 2938/4822/2938 2939/4872/2891
f 2939/4872/2891 2938/4822/2938 2940/4829/2946
f 2940/4829/2946 2943/4831/2948 2942/4871/2886
f 2942/4871/2886 2944/4830/2947 2945/4834/2887
f 2998/4882/2993 2902/4883/2994 2941/4828/2945
f 2998/4882/2993 2941/4828/2945 2901/4824/2940
f 2902/4883/2994 2999/4884/2995 2941/4828/2945
f 2942/4871/2886 2943/4831/2948 2944/4830/2947
f 2964/4841/2956 2904/4832/2949 2903/4885/2996
f 2903/4885/2996 2904/4832/2949 2941/4828/2945
f 2941/4828/2945 2904/4832/2949 2943/4831/2948
f 2904/4832/2949 2946/4833/2950 2944/4830/2947
f 2948/4837/2952 2946/4833/2950 2947/4848/2963
f 2907/4886/2997 2908/4846/2961 2947/4848/2963
f 2907/4886/2997 2947/4848/2963 2906/4835/2951
f 2906/4835/2951 2947/4848/2963 2946/4833/2950
f 2948/4837/2952 2950/4860/2974 2951/4838/2953
f 2949/4836/2888 2946/4833/2950 2948/4837/2952
f 2946/4833/2950 2949/4836/2888 2945/4834/2887
f 2950/4860/2974 2948/4837/2952 2947/4848/2963
f 2911/4855/2969 2950/4860/2974 2947/4848/2963
f 2949/4836/2888 2951/4838/2953 2876/4840/2889
f 2951/4838/2953 2950/4860/2974 2952/4839/2954
f 2954/4887/2890 2957/4888/2998 2958/4849/2898
f 2952/4839/2954 2953/4889/2999 2954/4887/2890
f 2954/4887/2890 2953/4889/2999 2957/4888/2998
f 2953/4889/2999 2952/4839/2954 2913/4858/2972
f 2954/4887/2890 2876/4840/2889 2952/4839/2954
f 2913/4858/2972 2914/4861/2976 2955/4864/2980
f 2913/4858/2972 2955/4864/2980 2953/4889/2999
f 2914/4861/2976 2915/4862/2978 2955/4864/2980
f 2956/4863/2979 2953/4889/2999 2955/4864/2980
f 2953/4889/2999 2956/4863/2979 2957/4888/2998
f 2957/4888/2998 2956/4863/2979 2958/4849/2898
f 2918/4865/2981 2980/4890/3000 2919/4891/3001
f 2918/4865/2981 2919/4891/3001 2981/4892/3002
f 2920/4802/2917 2918/4865/2981 2981/4892/3002
f 2958/4849/2898 2956/4863/2979 2959/4850/2964
f 2959/4850/2964 2918/4865/2981 2920/4802/2917
f 2961/4801/2916 2959/4850/2964 2920/4802/2917
f 2921/4869/2986 2887/4800/2910 2920/4802/2917
f 2904/4893/2949 2963/4894/2955 2965/4895/3003
f 2965/2976/3003 2905/4896/2957 2904/3392/2949
f 3013/4897/3004 2907/4898/2997 2906/4899/2951
f 2970/4900/3005 2947/4901/2963 2969/4902/2962
f 2971/4903/2965 2947/4904/2963 2970/4905/3005
f 2973/4906/3006 2974/4907/2970 2911/4908/2969
f 2917/4909/2983 2980/4910/3000 2918/4911/2981
f 2983/2976/3007 2888/4912/2914 2887/3392/2910
f 3016/4897/3008 2890/4898/2992 2889/4913/2911
f 2988/4900/3009 2927/4914/2920 2987/4902/2919
f 2989/4903/2924 2927/4904/2920 2988/4905/3009
f 2991/4906/3010 2992/4907/2929 2894/4908/2928
f 2900/4909/2944 2998/4915/2993 2901/4916/2940
f 3000/4917/3011 2877/4918/2900 2886/4919/2899
f 3000/4917/3011 2886/4919/2899 3010/4920/3012
f 3010/4920/3012 2886/4919/2899 2885/4921/2908
f 3010/4920/3012 2885/4921/2908 3020/4922/3013
f 3020/4922/3013 2885/4921/2908 2884/4923/2907
f 3020/4922/3013 2884/4923/2907 3009/4924/3014
f 3009/4924/3014 2884/4923/2907 3008/4925/3015
f 3008/4925/3015 2884/4923/2907 2883/4926/2906
f 3008/4925/3015 2883/4926/2906 3007/4927/3016
f 3007/4927/3016 2883/4926/2906 2882/4542/2905
f 3007/4927/3016 2882/4542/2905 3006/4928/3017
f 3006/4928/3017 2882/4542/2905 3027/4929/3018
f 3027/4929/3018 2882/4542/2905 2962/3417/2904
f 3027/4929/3018 2962/3417/2904 3005/3008/3019
f 3005/4930/3019 2962/3010/2904 2881/4931/2903
f 3005/4930/3019 2881/4931/2903 3004/4932/3020
f 3004/4932/3020 2881/4931/2903 2880/4933/2902
f 3004/4932/3020 2880/4933/2902 3003/4934/3021
f 3003/4934/3021 2880/4933/2902 2879/4935/2901
f 3003/4934/3021 2879/4935/2901 3002/4936/3022
f 3002/4936/3022 2879/4935/2901 3001/4937/3023
f 3001/4937/3023 2879/4935/2901 2878/4938/2173
f 3001/4937/3023 2878/4938/2173 2877/4918/2900
f 3001/4937/3023 2877/4918/2900 3038/3428/3024
f 3038/3428/3024 2877/4918/2900 3000/4917/3011
f 3040/4939/3025 3017/4940/3026 2983/4941/3007
f 2983/4941/3007 2887/4942/2910 3011/4943/3027
f 2887/4942/2910 2982/4944/2988 3011/4943/3027
f 3011/4943/3027 2921/3024/2986 2920/4945/2917
f 3011/4943/3027 2920/4945/2917 2983/4941/3007
f 2920/4945/2917 3040/4939/3025 2983/4941/3007
f 3012/4946/3028 2980/3027/3000 2917/4947/2983
f 3003/4948/3021 3033/4949/3029 3004/4950/3020
f 3004/4950/3020 3033/4949/3029 3032/4951/3030
f 2955/4952/2980 2917/4947/2983 2978/3037/2985
f 2917/4947/2983 2955/4952/2980 3037/4953/3031
f 2955/4952/2980 2915/4954/2978 3035/4955/3032
f 3035/4955/3032 2915/4954/2978 2913/4956/2972
f 2976/3040/2975 2913/4956/2972 3045/4957/3033
f 3045/4957/3033 2915/4954/2978 2977/3447/2977
f 3034/4958/3034 2913/4956/2972 2973/4959/3006
f 3034/4958/3034 2973/4959/3006 2911/4960/2969
f 3005/4961/3019 3031/4962/3035 3030/4963/3036
f 3005/4961/3019 3030/4963/3036 3029/4964/3037
f 3005/4961/3019 3029/4964/3037 3027/4965/3018
f 2975/4966/2973 3044/3050/3038 2974/4967/2970
f 2975/4966/2973 2974/4967/2970 2973/4959/3006
f 2910/4968/2967 2972/3457/2968 3043/4969/3039
f 2910/4968/2967 3043/4969/3039 2971/4970/2965
f 2971/4970/2965 2970/4971/3005 2910/4968/2967
f 2910/4968/2967 2970/4971/3005 2911/4960/2969
f 3031/4962/3035 2906/4972/2951 2965/4973/3003
f 3029/4964/3037 2941/4974/2945 3028/4975/3040
f 3026/4976/3041 3025/4977/3042 3007/4978/3016
f 2905/4979/2957 2906/4972/2951 2967/4980/2960
f 3028/4975/3040 2941/4974/2945 3026/4976/3041
f 2941/4974/2945 2965/4973/3003 2963/4981/2955
f 2941/4974/2945 2963/4981/2955 3014/4982/3043
f 2941/4974/2945 3014/4982/3043 2903/4983/2996
f 3015/4984/3044 2998/3076/2993 2900/4985/2944
f 2936/4986/2939 2900/4985/2944 2996/3083/2942
f 2900/4985/2944 2936/4986/2939 3025/4977/3042
f 2936/4986/2939 2898/4987/2937 3024/4988/3045
f 3024/4988/3045 2898/4987/2937 2896/4989/2932
f 2994/3086/2934 2896/4989/2932 3051/4990/3046
f 3051/4990/3046 2898/4987/2937 2995/3493/2936
f 3023/4991/3047 2896/4989/2932 2991/4992/3010
f 3023/4991/3047 2991/4992/3010 2894/4993/2928
f 2993/4994/2931 3050/4621/3048 2992/4995/2929
f 2993/4994/2931 2992/4995/2929 2991/4992/3010
f 2893/4996/2926 2990/3501/2927 3049/4997/3049
f 2893/4996/2926 3049/4997/3049 2989/4998/2924
f 2989/4998/2924 2988/4999/3009 2893/4996/2926
f 2893/4996/2926 2988/4999/3009 2894/4993/2928
f 3018/5000/3050 2983/5001/3007 3017/5002/3026
f 2888/5003/2914 2889/5004/2911 2985/5005/2913
f 3000/5006/3011 3010/5007/3012 3017/5002/3026
f 3017/5002/3026 3010/5007/3012 3018/5000/3050
f 3021/5008/3051 3022/5009/3052 2894/4993/2928
f 2894/4993/2928 3022/5009/3052 3023/4991/3047
f 3023/4991/3047 3024/4988/3045 2896/4989/2932
f 3018/5000/3050 2889/5004/2911 2983/5001/3007
f 2983/5001/3007 2889/5004/2911 2888/5003/2914
f 3019/5010/3053 3010/5007/3012 3020/5011/3013
f 3010/5007/3012 3019/5010/3053 3018/5000/3050
f 3018/5000/3050 3019/5010/3053 2889/5004/2911
f 3019/5010/3053 3021/5008/3051 2889/5004/2911
f 3025/4977/3042 3026/4976/3041 2900/4985/2944
f 2900/4985/2944 3026/4976/3041 2941/4974/2945
f 3021/5008/3051 2988/4999/3009 2889/5004/2911
f 2889/5004/2911 2988/4999/3009 2987/5012/2919
f 2889/5004/2911 2987/5012/2919 3016/5013/3008
f 3022/5009/3052 3020/5011/3013 3009/5014/3014
f 3019/5010/3053 3020/5011/3013 3021/5008/3051
f 3021/5008/3051 3020/5011/3013 3022/5009/3052
f 3009/5014/3014 3008/5015/3015 3023/4991/3047
f 3023/4991/3047 3008/5015/3015 3024/4988/3045
f 3024/4988/3045 3007/4978/3016 3025/4977/3042
f 2894/4993/2928 2988/4999/3009 3021/5008/3051
f 3024/4988/3045 3008/5015/3015 3007/4978/3016
f 3023/4991/3047 3022/5009/3052 3009/5014/3014
f 2896/4989/2932 2993/4994/2931 2991/4992/3010
f 2941/4974/2945 3029/4964/3037 2965/4973/3003
f 3051/4990/3046 2896/4989/2932 2898/4987/2937
f 3007/4978/3016 3006/5016/3017 3026/4976/3041
f 3029/4964/3037 3030/4963/3036 2965/4973/3003
f 2965/4973/3003 3030/4963/3036 3031/4962/3035
f 2906/4972/2951 3031/4962/3035 2970/4971/3005
f 3026/4976/3041 3006/5016/3017 3028/4975/3040
f 3025/4977/3042 2936/4986/2939 3024/4988/3045
f 3006/5016/3017 3027/4965/3018 3028/4975/3040
f 3028/4975/3040 3027/4965/3018 3029/4964/3037
f 3031/4962/3035 3032/4951/3030 2970/4971/3005
f 2970/4971/3005 3033/4949/3029 2911/4960/2969
f 2970/4971/3005 3032/4951/3030 3033/4949/3029
f 2900/4985/2944 2941/4974/2945 2999/5017/2995
f 2900/4985/2944 2999/5017/2995 3015/4984/3044
f 3031/4962/3035 3005/4961/3019 3032/4951/3030
f 2911/4960/2969 3033/4949/3029 3034/4958/3034
f 3034/4958/3034 3035/4955/3032 2913/4956/2972
f 2906/4972/2951 2905/4979/2957 2965/4973/3003
f 3005/4961/3019 3004/4950/3020 3032/4951/3030
f 3033/4949/3029 3003/4948/3021 3034/4958/3034
f 3034/4958/3034 3003/4948/3021 3035/4955/3032
f 3035/4955/3032 3036/5018/3054 2955/4952/2980
f 2955/4952/2980 3036/5018/3054 3037/4953/3031
f 3037/4953/3031 3039/5019/3055 2917/4947/2983
f 2917/4947/2983 3039/5019/3055 2920/4945/2917
f 2906/4972/2951 2970/4971/3005 2969/5020/2962
f 2906/4972/2951 2969/5020/2962 3013/5021/3004
f 3003/4948/3021 3002/5022/3022 3035/4955/3032
f 3035/4955/3032 3002/5022/3022 3036/5018/3054
f 3039/5019/3055 3040/4939/3025 2920/4945/2917
f 2913/4956/2972 2975/4966/2973 2973/4959/3006
f 3036/5018/3054 3001/5023/3023 3037/4953/3031
f 3002/5022/3022 3001/5023/3023 3036/5018/3054
f 3001/5023/3023 3038/5024/3024 3037/4953/3031
f 3037/4953/3031 3038/5024/3024 3039/5019/3055
f 3039/5019/3055 3017/4940/3026 3040/4939/3025
f 3045/4957/3033 2913/4956/2972 2915/4954/2978
f 3038/5024/3024 3000/5025/3011 3039/5019/3055
f 3039/5019/3055 3000/5025/3011 3017/4940/3026
f 2917/4947/2983 2920/4945/2917 2981/5026/3002
f 2917/4947/2983 2981/5026/3002 3012/4946/3028
f 2964/5027/2956 2903/5028/2996 3014/3129/3043
f 2964/5027/2956 3014/3129/3043 2963/5029/2955
f 3041/5030/3056 2966/5031/2959 2905/5032/2957
f 2905/5032/2957 2967/5033/2960 3041/5030/3056
f 3041/5034/3056 2967/5035/2960 2968/5036/2958
f 3041/5034/3056 2968/5036/2958 2966/5037/2959
f 3042/5038/3057 3013/5039/3004 2969/5040/2962
f 3013/5039/3004 3042/5038/3057 2907/5041/2997
f 3042/5042/3057 2969/5043/2962 2908/5044/2961
f 3042/5042/3057 2908/5044/2961 2907/5045/2997
f 2909/5046/2966 2971/5047/2965 3043/5048/3039
f 2972/5049/2968 2909/5046/2966 3043/5048/3039
f 3044/3147/3038 2975/5050/2973 2912/5051/2971
f 3044/3147/3038 2912/5051/2971 2974/5052/2970
f 3045/5053/3033 2977/5054/2977 2914/5055/2976
f 3045/5053/3033 2914/5055/2976 2976/5056/2975
f 3046/5057/3058 2917/5058/2983 2979/5059/2984
f 2917/5058/2983 3046/5057/3058 2978/5060/2985
f 3046/5061/3058 2979/5062/2984 2916/5063/2982
f 3046/5061/3058 2916/5063/2982 2978/5064/2985
f 2981/5065/3002 2919/5066/3001 2980/5067/3000
f 3012/5068/3028 2981/5065/3002 2980/5067/3000
f 2922/5069/2987 3011/5070/3027 2982/5071/2988
f 3011/5070/3027 2922/5069/2987 2921/5072/2986
f 3047/5073/3059 2984/5074/2915 2888/5075/2914
f 2888/5075/2914 2985/5076/2913 3047/5073/3059
f 3047/5077/3059 2985/5078/2913 2986/5079/2912
f 3047/5077/3059 2986/5079/2912 2984/5080/2915
f 3048/5081/3060 3016/5082/3008 2987/5083/2919
f 3016/5082/3008 3048/5081/3060 2890/5084/2992
f 3048/5085/3060 2987/5086/2919 2891/5087/2918
f 3048/5085/3060 2891/5087/2918 2890/5088/2992
f 2892/5089/2925 2989/5090/2924 3049/5091/3049
f 2990/5092/2927 2892/5089/2925 3049/5091/3049
f 3050/5093/3048 2993/5094/2931 2895/5095/2930
f 3050/5093/3048 2895/5095/2930 2992/5096/2929
f 3051/5097/3046 2995/5098/2936 2897/5099/2935
f 3051/5097/3046 2897/5099/2935 2994/5100/2934
f 3052/5101/3061 2900/5102/2944 2997/5103/2943
f 2900/5102/2944 3052/5101/3061 2996/5104/2942
f 3052/5105/3061 2997/5106/2943 2899/5107/2941
f 3052/5105/3061 2899/5107/2941 2996/5108/2942
f 2999/5109/2995 2902/5110/2994 2998/5111/2993
f 3015/5112/3044 2999/5109/2995 2998/5111/2993
usemtl Opaque(32,32,32)
f 3054/5113/3062 3061/5114/3063 3053/5115/3064
f 3059/5116/3065 3060/5117/3066 3063/5118/3067
f 3415/5119/3068 3065/5120/3069 3061/5114/3063
f 3061/5114/3063 3065/5120/3069 3064/5121/3070
f 3063/5122/3067 3062/5123/3071 3066/5124/3072
f 3066/5124/3072 3058/5125/3073 3063/5126/3067
f 3057/5127/3074 3062/5123/3071 3064/5121/3070
f 3059/5116/3065 3063/5128/3067 3058/5125/3073
f 3061/5114/3063 3054/5113/3062 3415/5119/3068
f 3061/5114/3063 3064/5121/3070 3053/5115/3064
f 3053/5115/3064 3064/5121/3070 3063/5129/3067
f 3064/5121/3070 3062/5123/3071 3063/5122/3067
f 3064/5121/3070 3065/5120/3069 3056/5130/3075
f 3064/5121/3070 3056/5130/3075 3057/5127/3074
f 3065/5120/3069 3055/5131/3076 3056/5130/3075
f 3067/5132/3077 3072/5133/3078 3073/5134/3079
f 3072/5133/3078 3271/5135/3080 3068/5136/3081
f 3072/5133/3078 3068/5136/3081 3073/5134/3079
f 3068/5136/3081 3074/5137/3082 3073/5134/3079
f 3073/5134/3079 3074/5137/3082 3070/5138/3083
f 3073/5134/3079 3070/5138/3083 3071/5139/3084
f 3069/5140/3085 3074/5137/3082 3068/5136/3081
f 3067/5132/3077 3073/5134/3079 3277/5141/3086
f 3073/5134/3079 3071/5139/3084 3277/5141/3086
f 3089/5142/3087 3075/5143/3088 3088/5144/3089
f 3088/5144/3089 3075/5143/3088 3076/5145/3090
f 3088/5144/3089 3076/5145/3090 3087/5146/3091
f 3087/5146/3091 3076/5145/3090 3077/5147/3092
f 3087/5146/3091 3077/5147/3092 3086/5148/3093
f 3086/5148/3093 3077/5147/3092 3121/5149/3094
f 3078/5150/3095 3120/5151/3096 3077/5147/3092
f 3077/5147/3092 3120/5151/3096 3121/5149/3094
f 3078/5150/3095 3119/5152/3097 3120/5151/3096
f 3079/5153/3098 3118/5154/3099 3078/5150/3095
f 3078/5150/3095 3118/5154/3099 3119/5152/3097
f 3079/5153/3098 3117/5155/3100 3118/5154/3099
f 3080/5156/3101 3116/5157/3102 3079/5153/3098
f 3079/5153/3098 3116/5157/3102 3299/5158/3103
f 3079/5153/3098 3299/5158/3103 3117/5155/3100
f 3116/5157/3102 3080/5156/3101 3115/5159/3104
f 3115/5159/3104 3080/5156/3101 3081/5160/3105
f 3115/5159/3104 3081/5160/3105 3114/5161/3106
f 3114/5161/3106 3081/5160/3105 3082/5162/3107
f 3114/5161/3106 3082/5162/3107 3113/5163/3108
f 3113/5163/3108 3082/5162/3107 3093/5164/3109
f 3083/5165/3110 3093/5164/3109 3082/5162/3107
f 3083/5165/3110 3091/5166/3111 3092/5167/3112
f 3083/5165/3110 3092/5167/3112 3093/5164/3109
f 3084/5168/3113 3148/5169/3114 3083/5165/3110
f 3083/5165/3110 3148/5169/3114 3091/5166/3111
f 3084/5168/3113 3090/5170/3115 3148/5169/3114
f 3075/5171/3088 3089/5172/3087 3084/5168/3113
f 3084/5168/3113 3089/5172/3087 3090/5170/3115
f 3097/5173/3116 3085/5174/3117 3107/5175/3118
f 3097/5173/3116 3107/5175/3118 3096/5176/3119
f 3085/5177/3117 3086/5148/3093 3106/5178/3120
f 3113/5163/3108 3093/5164/3109 3101/5179/3121
f 3101/5179/3121 3093/5164/3109 3181/5180/3122
f 3101/5179/3121 3181/5180/3122 3100/5181/3123
f 3100/5181/3123 3181/5180/3122 3094/5182/3124
f 3100/5181/3123 3094/5182/3124 3099/5183/3125
f 3099/5183/3125 3094/5182/3124 3098/5184/3126
f 3098/5184/3126 3094/5182/3124 3095/5185/3127
f 3098/5186/3126 3095/5187/3127 3096/5176/3119
f 3098/5186/3126 3096/5176/3119 3107/5175/3118
f 3101/5179/3121 3102/5188/3128 3113/5163/3108
f 3103/5189/3129 3112/5190/3130 3102/5188/3128
f 3112/5190/3130 3103/5189/3129 3111/5191/3131
f 3111/5191/3131 3103/5189/3129 3104/5192/3132
f 3111/5191/3131 3104/5192/3132 3110/5193/3133
f 3110/5193/3133 3104/5192/3132 3109/5194/3134
f 3109/5194/3134 3104/5192/3132 3105/5195/3135
f 3109/5194/3134 3105/5195/3135 3108/5196/3136
f 3108/5196/3136 3105/5195/3135 3106/5178/3120
f 3108/5196/3136 3106/5178/3120 3121/5149/3094
f 3121/5149/3094 3106/5178/3120 3086/5148/3093
f 3084/5197/611 3126/5198/2 3075/5199/611
f 3126/5198/2 3084/5197/611 3125/5200/2
f 3125/5200/2 3084/5197/611 3083/5201/387
f 3125/5200/2 3083/5201/387 3124/5202/586
f 3124/5202/586 3083/5201/387 3082/5203/586
f 3124/5202/586 3082/5203/586 3081/5204/586
f 3124/5202/586 3081/5204/586 3123/5205/2
f 3123/5205/2 3081/5204/586 3122/5206/2
f 3122/5206/2 3081/5204/586 3080/5207/3137
f 3122/5206/2 3080/5207/3137 3079/5208/586
f 3122/5206/2 3079/5208/586 3129/5209/2
f 3129/5209/2 3079/5208/586 3078/5210/560
f 3129/5209/2 3078/5210/560 3128/5211/3138
f 3128/5211/3138 3078/5210/560 3077/5212/3138
f 3128/5211/3138 3077/5212/3138 3127/5213/611
f 3127/5213/611 3077/5212/3138 3076/5214/611
f 3127/5213/611 3076/5214/611 3126/5198/2
f 3126/5198/2 3076/5214/611 3075/5199/611
f 3134/5215/1 3098/5216/1 3107/5217/3139
f 3134/5215/1 3107/5217/3139 3133/5218/3140
f 3133/5218/3140 3107/5217/3139 3085/5219/3141
f 3133/5218/3140 3085/5219/3141 3132/5220/3142
f 3132/5220/3142 3085/5219/3141 3106/5221/3143
f 3132/5220/3142 3106/5221/3143 3105/5222/76
f 3132/5220/3142 3105/5222/76 3131/5223/1
f 3131/5223/1 3105/5222/76 3104/5224/71
f 3131/5223/1 3104/5224/71 3130/5225/82
f 3130/5225/82 3104/5224/71 3103/5226/3144
f 3130/5225/82 3103/5226/3144 3137/5227/3145
f 3137/5227/3145 3103/5226/3144 3102/5228/3128
f 3137/5227/3145 3102/5228/3128 3136/5229/3146
f 3136/5229/3146 3102/5228/3128 3101/5230/3121
f 3136/5229/3146 3101/5230/3121 3100/5231/3147
f 3136/5229/3146 3100/5231/3147 3135/5232/1
f 3135/5232/1 3100/5231/3147 3099/5233/1
f 3135/5232/1 3099/5233/1 3134/5215/1
f 3134/5215/1 3099/5233/1 3098/5216/1
f 3160/5234/3148 3154/5235/3149 3159/5236/3150
f 3155/5237/3151 3153/5238/3152 3157/5239/3153
f 3157/5239/3153 3153/5238/3152 3156/5240/3154
f 3156/5240/3154 3139/5241/3155 3162/5242/3156
f 3166/5243/3157 3165/5244/3158 3142/5245/3159
f 3143/5246/3160 3144/5247/3161 3163/5248/3162
f 3163/5248/3162 3144/5247/3161 3167/5249/3163
f 3163/5248/3162 3167/5249/3163 3090/5250/3115
f 3163/5248/3162 3090/5250/3115 3154/5235/3149
f 3090/5250/3115 3089/5251/3087 3154/5235/3149
f 3151/5252/3164 3088/5253/3089 3087/5254/3091
f 3151/5252/3164 3087/5254/3091 3086/5255/3093
f 3086/5255/3093 3085/5256/3117 3152/5257/3165
f 3139/5241/3155 3161/5258/3166 3162/5242/3156
f 3144/5247/3161 3149/5259/3167 3167/5249/3163
f 3167/5249/3163 3149/5259/3167 3164/5260/3168
f 3167/5249/3163 3164/5260/3168 3090/5250/3115
f 3090/5250/3115 3164/5260/3168 3148/5261/3114
f 3145/5262/3169 3146/5263/3170 3149/5259/3167
f 3149/5259/3167 3146/5263/3170 3164/5260/3168
f 3147/5264/3171 3164/5260/3168 3146/5263/3170
f 3091/5265/3111 3164/5260/3168 3147/5264/3171
f 3164/5260/3168 3091/5265/3111 3148/5261/3114
f 3161/5258/3166 3140/5266/3172 3165/5244/3158
f 3138/5267/3173 3150/5268/3174 3152/5257/3165
f 3152/5257/3165 3150/5268/3174 3151/5252/3164
f 3152/5257/3165 3151/5252/3164 3086/5255/3093
f 3150/5268/3174 3138/5267/3173 3153/5238/3152
f 3153/5238/3152 3138/5267/3173 3156/5240/3154
f 3150/5268/3174 3089/5251/3087 3151/5252/3164
f 3151/5252/3164 3089/5251/3087 3088/5253/3089
f 3089/5251/3087 3150/5268/3174 3155/5237/3151
f 3155/5237/3151 3150/5268/3174 3153/5238/3152
f 3154/5235/3149 3089/5251/3087 3155/5237/3151
f 3154/5235/3149 3155/5237/3151 3159/5236/3150
f 3157/5239/3153 3156/5240/3154 3162/5242/3156
f 3155/5237/3151 3157/5239/3153 3158/5269/3175
f 3158/5269/3175 3157/5239/3153 3162/5242/3156
f 3159/5236/3150 3155/5237/3151 3158/5269/3175
f 3159/5236/3150 3158/5269/3175 3168/5270/3176
f 3168/5270/3176 3158/5269/3175 3160/5234/3148
f 3160/5234/3148 3158/5269/3175 3162/5242/3156
f 3160/5234/3148 3162/5242/3156 3161/5258/3166
f 3160/5234/3148 3161/5258/3166 3166/5243/3157
f 3166/5243/3157 3161/5258/3166 3165/5244/3158
f 3160/5234/3148 3159/5236/3150 3168/5270/3176
f 3160/5234/3148 3163/5248/3162 3154/5235/3149
f 3163/5248/3162 3160/5234/3148 3166/5243/3157
f 3163/5248/3162 3166/5243/3157 3143/5246/3160
f 3140/5266/3172 3161/5258/3166 3139/5241/3155
f 3140/5266/3172 3141/5271/3177 3165/5244/3158
f 3141/5271/3177 3142/5245/3159 3165/5244/3158
f 3085/5272/3117 3097/5273/3116 3152/5274/3165
f 3097/5273/3116 3096/5275/3119 3152/5274/3165
f 3152/5274/3165 3096/5275/3119 3177/5276/3178
f 3186/5277/3179 3182/5278/3180 3185/5279/3181
f 3186/5277/3179 3185/5279/3181 3191/5280/3182
f 3194/5281/3183 3191/5280/3182 3175/5282/3184
f 3194/5281/3183 3175/5282/3184 3176/5283/3185
f 3193/5284/3186 3175/5282/3184 3190/5285/3187
f 3190/5285/3187 3183/5286/3188 3184/5287/3189
f 3171/5288/3190 3180/5289/3191 3188/5290/3192
f 3171/5288/3190 3192/5291/3193 3170/5292/3194
f 3170/5292/3194 3192/5291/3193 3169/5293/3195
f 3169/5293/3195 3192/5291/3193 3146/5294/3170
f 3169/5293/3195 3146/5294/3170 3145/5295/3169
f 3095/5296/3127 3177/5276/3178 3096/5275/3119
f 3095/5296/3127 3094/5297/3124 3182/5278/3180
f 3182/5278/3180 3183/5286/3188 3185/5279/3181
f 3182/5278/3180 3094/5297/3124 3183/5286/3188
f 3183/5286/3188 3094/5297/3124 3181/5298/3122
f 3183/5286/3188 3181/5298/3122 3184/5287/3189
f 3188/5290/3192 3187/5299/3196 3192/5291/3193
f 3093/5300/3109 3092/5301/3112 3179/5302/3197
f 3180/5289/3191 3171/5288/3190 3181/5298/3122
f 3180/5289/3191 3181/5298/3122 3093/5300/3109
f 3171/5288/3190 3172/5303/3198 3189/5304/3199
f 3171/5288/3190 3189/5304/3199 3181/5298/3122
f 3172/5303/3198 3173/5305/3200 3189/5304/3199
f 3189/5304/3199 3173/5305/3200 3193/5284/3186
f 3193/5284/3186 3173/5305/3200 3174/5306/3201
f 3174/5306/3201 3175/5282/3184 3193/5284/3186
f 3141/5307/3177 3140/5308/3172 3176/5283/3185
f 3176/5283/3185 3140/5308/3172 3194/5281/3183
f 3140/5308/3172 3139/5309/3155 3194/5281/3183
f 3194/5281/3183 3139/5309/3155 3191/5280/3182
f 3139/5309/3155 3156/5310/3154 3191/5280/3182
f 3191/5280/3182 3156/5310/3154 3186/5277/3179
f 3186/5277/3179 3156/5310/3154 3182/5278/3180
f 3182/5278/3180 3156/5310/3154 3138/5311/3173
f 3182/5278/3180 3138/5311/3173 3177/5276/3178
f 3177/5276/3178 3138/5311/3173 3152/5274/3165
f 3177/5276/3178 3095/5296/3127 3182/5278/3180
f 3185/5279/3181 3183/5286/3188 3190/5285/3187
f 3191/5280/3182 3185/5279/3181 3190/5285/3187
f 3191/5280/3182 3190/5285/3187 3175/5282/3184
f 3178/5312/3202 3091/5313/3111 3147/5314/3171
f 3179/5302/3197 3178/5312/3202 3187/5299/3196
f 3178/5312/3202 3179/5302/3197 3092/5301/3112
f 3179/5302/3197 3180/5289/3191 3093/5300/3109
f 3188/5290/3192 3179/5302/3197 3187/5299/3196
f 3180/5289/3191 3179/5302/3197 3188/5290/3192
f 3171/5288/3190 3188/5290/3192 3192/5291/3193
f 3178/5312/3202 3092/5301/3112 3091/5313/3111
f 3187/5299/3196 3147/5314/3171 3192/5291/3193
f 3192/5291/3193 3147/5314/3171 3146/5294/3170
f 3184/5287/3189 3181/5298/3122 3189/5304/3199
f 3187/5299/3196 3178/5312/3202 3147/5314/3171
f 3190/5285/3187 3184/5287/3189 3189/5304/3199
f 3190/5285/3187 3189/5304/3199 3193/5284/3186
f 3149/5315/3167 3201/5316/3203 3145/494/3169
f 3206/5317/3204 3203/5318/3205 3207/5319/3206
f 3203/5318/3205 3195/5320/3207 3253/5321/3208
f 3203/5318/3205 3253/5321/3208 3207/5319/3206
f 3201/5316/3203 3149/5315/3167 3144/5322/3161
f 3166/5323/3157 3142/5324/3159 3203/5318/3205
f 3203/5318/3205 3142/5324/3159 3195/5320/3207
f 3142/5324/3159 3141/5325/3177 3195/5320/3207
f 3207/5319/3206 3253/5321/3208 3197/5326/3209
f 3248/5327/3210 3209/5328/3211 3198/5329/3212
f 3200/5330/3213 3202/5331/3214 3199/5332/3215
f 3199/5332/3215 3202/5331/3214 3248/5327/3210
f 3248/5327/3210 3202/5331/3214 3209/5328/3211
f 3145/494/3169 3201/5316/3203 3200/5330/3213
f 3200/5330/3213 3201/5316/3203 3202/5331/3214
f 3202/5331/3214 3201/5316/3203 3205/5333/3216
f 3143/5334/3160 3166/5323/3157 3204/5335/3217
f 3166/5323/3157 3203/5318/3205 3204/5335/3217
f 3204/5335/3217 3203/5318/3205 3206/5317/3204
f 3204/5335/3217 3208/5336/3218 3143/5334/3160
f 3143/5334/3160 3208/5336/3218 3205/5333/3216
f 3143/5334/3160 3205/5333/3216 3144/5322/3161
f 3144/5322/3161 3205/5333/3216 3201/5316/3203
f 3204/5335/3217 3206/5317/3204 3208/5336/3218
f 3208/5336/3218 3209/5328/3211 3205/5333/3216
f 3205/5333/3216 3209/5328/3211 3202/5331/3214
f 3195/5320/3207 3196/5337/3219 3253/5321/3208
f 3207/5319/3206 3197/5326/3209 3206/5317/3204
f 3206/5317/3204 3197/5326/3209 3198/5329/3212
f 3206/5317/3204 3198/5329/3212 3208/5336/3218
f 3208/5336/3218 3198/5329/3212 3209/5328/3211
f 3220/5338/3220 3195/5339/3207 3219/5340/3221
f 3219/5340/3221 3215/5341/3222 3212/5342/3223
f 3212/5342/3223 3215/5341/3222 3174/5343/3201
f 3212/5342/3223 3174/5343/3201 3210/5344/3224
f 3210/5344/3224 3174/5343/3201 3218/5345/3225
f 3218/5345/3225 3172/5346/3198 3243/5347/3226
f 3243/5347/3226 3172/5346/3198 3170/5348/3194
f 3217/5349/3227 3214/5350/3228 3216/5351/3229
f 3216/5351/3229 3200/5352/3213 3199/5353/3215
f 3141/5354/3177 3176/5355/3185 3195/5339/3207
f 3195/5339/3207 3176/5355/3185 3219/5340/3221
f 3176/5355/3185 3175/5356/3184 3215/5341/3222
f 3215/5341/3222 3175/5356/3184 3174/5343/3201
f 3214/5350/3228 3170/5348/3194 3169/5357/3195
f 3169/5357/3195 3145/5358/3169 3200/5352/3213
f 3199/5353/3215 3247/5359/3230 3216/5351/3229
f 3216/5351/3229 3247/5359/3230 3246/5360/3231
f 3216/5351/3229 3246/5360/3231 3260/5361/3232
f 3216/5351/3229 3260/5361/3232 3217/5349/3227
f 3217/5349/3227 3260/5361/3232 3244/5362/3233
f 3217/5349/3227 3244/5362/3233 3170/5348/3194
f 3170/5348/3194 3244/5362/3233 3243/5347/3226
f 3218/5345/3225 3243/5347/3226 3258/5363/3234
f 3218/5345/3225 3258/5363/3234 3242/5364/3235
f 3218/5345/3225 3242/5364/3235 3210/5344/3224
f 3210/5344/3224 3211/5365/3236 3212/5342/3223
f 3219/5340/3221 3212/5342/3223 3213/5366/3237
f 3219/5340/3221 3213/5366/3237 3220/5338/3220
f 3220/5338/3220 3213/5366/3237 3196/5367/3219
f 3220/5338/3220 3196/5367/3219 3195/5339/3207
f 3169/5357/3195 3200/5352/3213 3216/5351/3229
f 3214/5350/3228 3169/5357/3195 3216/5351/3229
f 3170/5348/3194 3214/5350/3228 3217/5349/3227
f 3172/5346/3198 3171/5368/3190 3170/5348/3194
f 3173/5369/3200 3172/5346/3198 3218/5345/3225
f 3174/5343/3201 3173/5369/3200 3218/5345/3225
f 3176/5355/3185 3215/5341/3222 3219/5340/3221
f 3221/5370/3238 3229/5371/3239 3267/5372/3240
f 3248/5373/3210 3249/5374/3241 3074/5375/3082
f 3071/5376/3084 3070/5377/3083 3259/5378/3242
f 3238/5379/3243 3253/5380/3208 3224/5381/3244
f 3221/5370/3238 3222/5382/3245 3240/5383/3246
f 3240/5383/3246 3239/5384/3247 3211/5385/3236
f 3211/5385/3236 3239/5384/3247 3212/5386/3223
f 3240/5383/3246 3222/5382/3245 3239/5384/3247
f 3240/5383/3246 3241/5387/3248 3221/5370/3238
f 3210/5388/3224 3236/5389/3249 3241/5387/3248
f 3236/5389/3249 3242/5390/3235 3258/5391/3234
f 3236/5389/3249 3258/5391/3234 3229/5371/3239
f 3236/5389/3249 3210/5388/3224 3242/5390/3235
f 3256/5392/3250 3244/5393/3233 3257/5394/3251
f 3244/5393/3233 3245/5395/3252 3257/5394/3251
f 3257/5394/3251 3245/5395/3252 3231/5396/3253
f 3245/5395/3252 3260/5397/3232 3246/5398/3231
f 3199/5399/3215 3248/5373/3210 3254/5400/3254
f 3198/5401/3212 3249/5374/3241 3248/5373/3210
f 3238/5379/3243 3276/5402/3255 3226/5403/3256
f 3259/5378/3242 3226/5403/3256 3071/5376/3084
f 3255/5404/3257 3069/5405/3085 3233/5406/3258
f 3069/5405/3085 3227/5407/3259 3233/5406/3258
f 3227/5407/3259 3228/5408/3260 3232/5409/3261
f 3232/5409/3261 3228/5408/3260 3231/5396/3253
f 3232/5409/3261 3231/5396/3253 3237/5410/3262
f 3231/5396/3253 3228/5408/3260 3257/5394/3251
f 3257/5394/3251 3228/5408/3260 3230/5411/3263
f 3258/5391/3234 3230/5411/3263 3267/5372/3240
f 3238/5379/3243 3226/5403/3256 3235/5412/3264
f 3238/5379/3243 3224/5381/3244 3276/5402/3255
f 3222/5382/3245 3234/5413/3265 3239/5384/3247
f 3239/5384/3247 3234/5413/3265 3223/5414/3266
f 3257/5394/3251 3230/5411/3263 3256/5392/3250
f 3233/5406/3258 3232/5409/3261 3237/5410/3262
f 3233/5406/3258 3227/5407/3259 3232/5409/3261
f 3255/5404/3257 3233/5406/3258 3237/5410/3262
f 3255/5404/3257 3237/5410/3262 3247/5415/3230
f 3069/5405/3085 3255/5404/3257 3254/5400/3254
f 3254/5400/3254 3255/5404/3257 3199/5399/3215
f 3199/5399/3215 3255/5404/3257 3247/5415/3230
f 3250/5416/3267 3074/5375/3082 3249/5374/3241
f 3070/5377/3083 3074/5375/3082 3250/5416/3267
f 3224/5381/3244 3225/5417/3268 3276/5402/3255
f 3241/5387/3248 3236/5389/3249 3229/5371/3239
f 3241/5387/3248 3229/5371/3239 3221/5370/3238
f 3241/5387/3248 3240/5383/3246 3210/5388/3224
f 3210/5388/3224 3240/5383/3246 3211/5385/3236
f 3229/5371/3239 3258/5391/3234 3267/5372/3240
f 3256/5392/3250 3258/5391/3234 3243/5418/3226
f 3244/5393/3233 3256/5392/3250 3243/5418/3226
f 3254/5400/3254 3248/5373/3210 3069/5405/3085
f 3069/5405/3085 3248/5373/3210 3074/5375/3082
f 3250/5416/3267 3251/5419/3269 3070/5377/3083
f 3251/5419/3269 3259/5378/3242 3070/5377/3083
f 3259/5378/3242 3251/5419/3269 3252/5420/3270
f 3235/5412/3264 3259/5378/3242 3252/5420/3270
f 3235/5412/3264 3252/5420/3270 3238/5379/3243
f 3238/5379/3243 3252/5420/3270 3253/5380/3208
f 3224/5381/3244 3253/5380/3208 3196/5421/3219
f 3245/5395/3252 3237/5410/3262 3231/5396/3253
f 3237/5410/3262 3245/5395/3252 3246/5398/3231
f 3260/5397/3232 3245/5395/3252 3244/5393/3233
f 3246/5398/3231 3247/5415/3230 3237/5410/3262
f 3198/5401/3212 3252/5420/3270 3251/5419/3269
f 3198/5401/3212 3197/5422/3209 3252/5420/3270
f 3256/5392/3250 3230/5411/3263 3258/5391/3234
f 3259/5378/3242 3235/5412/3264 3226/5403/3256
f 3212/5386/3223 3239/5384/3247 3223/5414/3266
f 3212/5386/3223 3223/5414/3266 3213/5423/3237
f 3249/5374/3241 3198/5401/3212 3250/5416/3267
f 3250/5416/3267 3198/5401/3212 3251/5419/3269
f 3252/5420/3270 3197/5422/3209 3253/5380/3208
f 3234/5424/3265 3263/5425/3271 3223/5426/3266
f 3223/5426/3266 3263/5425/3271 3213/5427/3237
f 3222/5428/3245 3262/5429/3272 3234/5424/3265
f 3261/5430/3273 3224/5431/3244 3263/5425/3271
f 3261/5430/3273 3262/5429/3272 3222/5428/3245
f 3261/5430/3273 3225/5432/3268 3224/5431/3244
f 3263/5425/3271 3224/5431/3244 3196/5433/3219
f 3213/5427/3237 3263/5425/3271 3196/5433/3219
f 3261/5430/3273 3263/5425/3271 3262/5429/3272
f 3262/5429/3272 3263/5425/3271 3234/5424/3265
f 3271/5434/3080 3072/5435/3078 3269/5436/3274
f 3067/5437/3077 3264/5438/3275 3072/5435/3078
f 3276/5439/3255 3225/5440/3268 3277/5441/3086
f 3261/5442/3273 3222/5443/3245 3277/5444/3086
f 3277/5444/3086 3222/5443/3245 3273/5445/3276
f 3273/5445/3276 3274/5446/3277 3269/5436/3274
f 3273/5445/3276 3269/5436/3274 3272/5447/3278
f 3270/5448/3279 3266/5449/3280 3268/5450/3281
f 3228/5451/3260 3227/5452/3259 3265/5453/3282
f 3227/5452/3259 3069/5454/3085 3265/5453/3282
f 3265/5453/3282 3069/5454/3085 3068/5455/3081
f 3265/5453/3282 3068/5455/3081 3268/5450/3281
f 3222/5443/3245 3221/5456/3238 3267/5457/3240
f 3222/5443/3245 3267/5457/3240 3273/5445/3276
f 3266/5449/3280 3228/5451/3260 3265/5453/3282
f 3266/5449/3280 3265/5453/3282 3268/5450/3281
f 3230/5458/3263 3228/5451/3260 3266/5449/3280
f 3267/5457/3240 3230/5458/3263 3266/5449/3280
f 3271/5434/3080 3268/5450/3281 3068/5455/3081
f 3268/5450/3281 3271/5434/3080 3269/5436/3274
f 3266/5449/3280 3270/5448/3279 3267/5457/3240
f 3277/5459/3086 3226/5460/3256 3276/5439/3255
f 3269/5436/3274 3270/5448/3279 3268/5450/3281
f 3269/5436/3274 3274/5446/3277 3270/5448/3279
f 3270/5448/3279 3274/5446/3277 3267/5457/3240
f 3274/5446/3277 3273/5445/3276 3267/5457/3240
f 3269/5436/3274 3072/5435/3078 3264/5438/3275
f 3275/5461/3283 3264/5438/3275 3067/5437/3077
f 3272/5447/3278 3269/5436/3274 3264/5438/3275
f 3272/5447/3278 3264/5438/3275 3275/5461/3283
f 3277/5462/3086 3225/5440/3268 3261/5442/3273
f 3275/5461/3283 3273/5445/3276 3272/5447/3278
f 3067/5437/3077 3277/5463/3086 3275/5461/3283
f 3273/5445/3276 3275/5461/3283 3277/5463/3086
f 3071/5464/3084 3226/5460/3256 3277/5465/3086
f 3122/5466/3284 3130/5467/3285 3137/5468/3286
f 3122/5466/3284 3137/5468/3286 3123/5469/3287
f 3123/5469/3287 3137/5468/3286 3124/5470/3288
f 3124/5470/3288 3137/5468/3286 3136/5471/3289
f 3124/5470/3288 3136/5471/3289 3135/5472/3290
f 3124/5470/3288 3135/5472/3290 3125/5473/3291
f 3125/5473/3291 3135/5472/3290 3126/5474/3292
f 3126/5474/3292 3135/5472/3290 3134/5475/3293
f 3126/5474/3292 3134/5475/3293 3133/5476/3294
f 3126/5474/3292 3133/5476/3294 3127/5477/3295
f 3127/5477/3295 3133/5476/3294 3128/5478/3296
f 3128/5478/3296 3133/5476/3294 3132/5479/3297
f 3128/5478/3296 3132/5479/3297 3131/5480/3298
f 3128/5478/3296 3131/5480/3298 3129/5481/3299
f 3129/5481/3299 3131/5480/3298 3122/5482/3284
f 3122/5482/3284 3131/5480/3298 3130/5483/3285
f 3299/5484/3103 3116/5485/3102 3298/5486/3300
f 3298/5486/3300 3116/5485/3102 3292/5487/3301
f 3296/5488/3302 3317/5489/3303 3295/5490/3304
f 3308/5491/3305 3298/5486/3300 3321/5492/3306
f 3321/5492/3306 3298/5486/3300 3307/5493/3307
f 3314/5494/3308 3324/5495/3309 3312/5496/3310
f 3311/5497/3311 3310/5498/3312 3286/5499/3313
f 3286/5499/3313 3310/5498/3312 3285/5500/3314
f 3285/5500/3314 3324/5495/3309 3284/5501/3315
f 3293/5502/3316 3102/5503/3128 3278/5504/3317
f 3297/5505/3318 3116/5485/3102 3115/5506/3104
f 3282/5507/3319 3324/5495/3309 3309/5508/3320
f 3324/5495/3309 3283/5509/3321 3284/5501/3315
f 3289/5510/3322 3287/5511/3323 3288/5512/3324
f 3290/5513/3325 3291/5514/3326 3289/5510/3322
f 3322/5515/3327 3316/5516/3328 3313/5517/3329
f 3118/5518/3099 3291/5514/3326 3290/5513/3325
f 3292/5487/3301 3304/5519/3330 3319/5520/3331
f 3319/5520/3331 3303/5521/3332 3318/5522/3333
f 3303/5521/3332 3296/5488/3302 3301/5523/3334
f 3300/5524/3335 3279/5525/3336 3280/5526/3337
f 3278/5504/3317 3279/5525/3336 3295/5490/3304
f 3304/5519/3330 3292/5487/3301 3303/5521/3332
f 3301/5523/3334 3296/5488/3302 3295/5490/3304
f 3301/5523/3334 3295/5490/3304 3300/5524/3335
f 3300/5524/3335 3295/5490/3304 3279/5525/3336
f 3302/5527/3338 3301/5523/3334 3306/5528/3339
f 3303/5521/3332 3301/5523/3334 3302/5527/3338
f 3291/5514/3326 3299/5484/3103 3308/5491/3305
f 3308/5491/3305 3299/5484/3103 3298/5486/3300
f 3298/5486/3300 3292/5487/3301 3307/5493/3307
f 3307/5493/3307 3292/5487/3301 3319/5520/3331
f 3306/5528/3339 3305/5529/3340 3320/5530/3341
f 3323/5531/3342 3319/5520/3331 3316/5516/3328
f 3323/5531/3342 3316/5516/3328 3322/5515/3327
f 3289/5510/3322 3291/5514/3326 3287/5511/3323
f 3287/5511/3323 3291/5514/3326 3308/5491/3305
f 3307/5493/3307 3323/5531/3342 3312/5496/3310
f 3312/5496/3310 3324/5495/3309 3285/5500/3314
f 3278/5504/3317 3295/5490/3304 3293/5502/3316
f 3102/5503/3128 3114/5532/3106 3113/5533/3108
f 3102/5503/3128 3293/5502/3316 3114/5532/3106
f 3295/5490/3304 3317/5489/3303 3293/5502/3316
f 3293/5502/3316 3294/5534/3343 3114/5532/3106
f 3293/5502/3316 3317/5489/3303 3294/5534/3343
f 3317/5489/3303 3297/5505/3318 3294/5534/3343
f 3297/5505/3318 3317/5489/3303 3296/5488/3302
f 3297/5505/3318 3296/5488/3302 3303/5521/3332
f 3297/5505/3318 3292/5487/3301 3116/5485/3102
f 3297/5505/3318 3115/5506/3104 3294/5534/3343
f 3294/5534/3343 3115/5506/3104 3114/5532/3106
f 3292/5487/3301 3297/5505/3318 3303/5521/3332
f 3300/5524/3335 3306/5528/3339 3301/5523/3334
f 3291/5514/3326 3118/5518/3099 3117/5535/3100
f 3291/5514/3326 3117/5535/3100 3299/5484/3103
f 3280/5526/3337 3305/5529/3340 3300/5524/3335
f 3305/5529/3340 3306/5528/3339 3300/5524/3335
f 3306/5528/3339 3316/5516/3328 3302/5527/3338
f 3316/5516/3328 3318/5522/3333 3302/5527/3338
f 3313/5517/3329 3323/5531/3342 3322/5515/3327
f 3315/5536/3344 3313/5517/3329 3320/5530/3341
f 3309/5508/3320 3324/5495/3309 3314/5494/3308
f 3309/5508/3320 3314/5494/3308 3315/5536/3344
f 3308/5491/3305 3310/5498/3312 3311/5497/3311
f 3310/5498/3312 3307/5493/3307 3312/5496/3310
f 3308/5491/3305 3321/5492/3306 3310/5498/3312
f 3310/5498/3312 3321/5492/3306 3307/5493/3307
f 3312/5496/3310 3323/5531/3342 3313/5517/3329
f 3314/5494/3308 3313/5517/3329 3315/5536/3344
f 3312/5496/3310 3313/5517/3329 3314/5494/3308
f 3311/5497/3311 3287/5511/3323 3308/5491/3305
f 3307/5493/3307 3319/5520/3331 3323/5531/3342
f 3319/5520/3331 3318/5522/3333 3316/5516/3328
f 3316/5516/3328 3306/5528/3339 3320/5530/3341
f 3305/5529/3340 3280/5526/3337 3281/5537/3345
f 3302/5527/3338 3318/5522/3333 3303/5521/3332
f 3303/5521/3332 3319/5520/3331 3304/5519/3330
f 3305/5529/3340 3281/5537/3345 3320/5530/3341
f 3320/5530/3341 3313/5517/3329 3316/5516/3328
f 3315/5536/3344 3320/5530/3341 3281/5537/3345
f 3309/5508/3320 3315/5536/3344 3282/5507/3319
f 3282/5507/3319 3315/5536/3344 3281/5537/3345
f 3285/5500/3314 3310/5498/3312 3312/5496/3310
f 3283/5509/3321 3324/5495/3309 3282/5507/3319
f 3335/5538/3346 3121/5539/3094 3334/5540/3347
f 3335/5538/3346 3334/5540/3347 3342/5541/3348
f 3343/5542/3349 3342/5541/3348 3347/5543/3350
f 3343/5542/3349 3347/5543/3350 3326/5292/3351
f 3326/5292/3351 3347/5543/3350 3325/5544/3352
f 3325/5544/3352 3347/5543/3350 3346/5545/3353
f 3325/5544/3352 3346/5545/3353 3288/5546/3324
f 3346/5545/3353 3289/5547/3322 3288/5546/3324
f 3121/5539/3094 3120/5548/3096 3334/5540/3347
f 3342/5541/3348 3334/5540/3347 3341/5299/3354
f 3334/5540/3347 3120/5548/3096 3333/5549/3355
f 3334/5540/3347 3333/5549/3355 3341/5299/3354
f 3347/5543/3350 3341/5299/3354 3346/5545/3353
f 3120/5548/3096 3119/5550/3097 3333/5549/3355
f 3341/5299/3354 3290/5551/3325 3346/5545/3353
f 3290/5551/3325 3289/5547/3322 3346/5545/3353
f 3348/5284/3356 3329/5306/3357 3330/5552/3358
f 3348/5284/3356 3328/5553/3359 3329/5306/3357
f 3348/5284/3356 3330/5552/3358 3344/5554/3360
f 3344/5554/3360 3337/5555/3361 3336/5556/3362
f 3331/5557/3363 3283/5558/3321 3282/5308/3319
f 3331/5557/3363 3282/5308/3319 3281/5309/3345
f 3331/5557/3363 3281/5309/3345 3345/5559/3364
f 3345/5559/3364 3281/5309/3345 3280/5560/3337
f 3345/5559/3364 3280/5560/3337 3340/5561/3365
f 3340/5561/3365 3280/5560/3337 3338/5562/3366
f 3332/5563/3367 3111/5564/3131 3110/5565/3133
f 3280/5560/3337 3279/5311/3336 3338/5562/3366
f 3338/5562/3366 3279/5311/3336 3332/5563/3367
f 3279/5311/3336 3278/5566/3317 3332/5563/3367
f 3332/5563/3367 3278/5566/3317 3111/5564/3131
f 3111/5564/3131 3278/5566/3317 3112/5567/3130
f 3112/5567/3130 3278/5566/3317 3102/5272/3128
f 3110/5565/3133 3109/5568/3134 3338/5562/3366
f 3338/5562/3366 3337/5555/3361 3339/5569/3368
f 3338/5562/3366 3109/5568/3134 3337/5555/3361
f 3337/5555/3361 3109/5568/3134 3108/5570/3136
f 3337/5555/3361 3108/5570/3136 3336/5556/3362
f 3343/5542/3349 3335/5538/3346 3342/5541/3348
f 3108/5570/3136 3121/5539/3094 3335/5538/3346
f 3333/5549/3355 3119/5550/3097 3118/5571/3099
f 3333/5549/3355 3118/5571/3099 3290/5551/3325
f 3341/5299/3354 3333/5549/3355 3290/5551/3325
f 3342/5541/3348 3341/5299/3354 3347/5543/3350
f 3108/5570/3136 3335/5538/3346 3343/5542/3349
f 3108/5570/3136 3343/5542/3349 3336/5556/3362
f 3338/5562/3366 3332/5563/3367 3110/5565/3133
f 3339/5569/3368 3337/5555/3361 3344/5554/3360
f 3338/5562/3366 3339/5569/3368 3340/5561/3365
f 3345/5559/3364 3339/5569/3368 3344/5554/3360
f 3328/5553/3359 3343/5542/3349 3327/5572/3369
f 3339/5569/3368 3345/5559/3364 3340/5561/3365
f 3343/5542/3349 3328/5553/3359 3336/5556/3362
f 3344/5554/3360 3336/5556/3362 3348/5284/3356
f 3348/5284/3356 3336/5556/3362 3328/5553/3359
f 3345/5559/3364 3344/5554/3360 3330/5552/3358
f 3331/5557/3363 3345/5559/3364 3330/5552/3358
f 3287/5315/3323 3355/5316/3370 3288/494/3324
f 3357/5573/3371 3349/5574/3372 3350/5337/3373
f 3357/5573/3371 3404/5321/3374 3361/5575/3375
f 3355/5316/3370 3287/5315/3323 3311/5576/3311
f 3284/5577/3315 3283/5578/3321 3357/5573/3371
f 3357/5573/3371 3283/5578/3321 3349/5574/3372
f 3361/5575/3375 3404/5321/3374 3351/5326/3376
f 3399/5327/3377 3363/5328/3378 3352/5329/3379
f 3354/5330/3380 3356/5331/3381 3353/5332/3382
f 3353/5332/3382 3356/5331/3381 3399/5327/3377
f 3399/5327/3377 3356/5331/3381 3363/5328/3378
f 3288/494/3324 3355/5316/3370 3354/5330/3380
f 3354/5330/3380 3355/5316/3370 3356/5331/3381
f 3356/5331/3381 3355/5316/3370 3359/5333/3383
f 3286/5579/3313 3285/5580/3314 3358/5335/3384
f 3285/5580/3314 3284/5577/3315 3358/5335/3384
f 3358/5335/3384 3357/5573/3371 3360/5317/3385
f 3358/5335/3384 3362/5336/3386 3286/5579/3313
f 3286/5579/3313 3362/5336/3386 3359/5333/3383
f 3286/5579/3313 3359/5333/3383 3311/5576/3311
f 3311/5576/3311 3359/5333/3383 3355/5316/3370
f 3357/5573/3371 3358/5335/3384 3284/5577/3315
f 3358/5335/3384 3360/5317/3385 3362/5336/3386
f 3362/5336/3386 3363/5328/3378 3359/5333/3383
f 3359/5333/3383 3363/5328/3378 3356/5331/3381
f 3357/5573/3371 3350/5337/3373 3404/5321/3374
f 3361/5575/3375 3351/5326/3376 3360/5317/3385
f 3360/5317/3385 3351/5326/3376 3352/5329/3379
f 3360/5317/3385 3352/5329/3379 3362/5336/3386
f 3362/5336/3386 3352/5329/3379 3363/5328/3378
f 3361/5575/3375 3360/5317/3385 3357/5573/3371
f 3373/5340/3387 3369/5341/3388 3366/5342/3389
f 3366/5342/3389 3369/5341/3388 3329/5343/3357
f 3366/5342/3389 3329/5343/3357 3364/5344/3390
f 3364/5344/3390 3329/5343/3357 3372/5345/3391
f 3372/5345/3391 3327/5581/3369 3394/5347/3392
f 3394/5347/3392 3327/5581/3369 3326/5348/3351
f 3371/5349/3393 3368/5582/3394 3370/5351/3395
f 3370/5351/3395 3354/5352/3380 3353/5353/3382
f 3283/5583/3321 3331/5584/3363 3349/5585/3372
f 3349/5585/3372 3331/5584/3363 3373/5340/3387
f 3331/5584/3363 3330/5356/3358 3369/5341/3388
f 3369/5341/3388 3330/5356/3358 3329/5343/3357
f 3368/5582/3394 3326/5348/3351 3325/5586/3352
f 3325/5586/3352 3288/5587/3324 3354/5352/3380
f 3353/5353/3382 3398/5359/3396 3370/5351/3395
f 3370/5351/3395 3398/5359/3396 3397/5360/3397
f 3370/5351/3395 3397/5360/3397 3411/5361/3398
f 3370/5351/3395 3411/5361/3398 3371/5349/3393
f 3371/5349/3393 3411/5361/3398 3395/5362/3399
f 3371/5349/3393 3395/5362/3399 3326/5348/3351
f 3326/5348/3351 3395/5362/3399 3394/5347/3392
f 3372/5345/3391 3394/5347/3392 3410/5363/3400
f 3372/5345/3391 3410/5363/3400 3393/5364/3401
f 3372/5345/3391 3393/5364/3401 3364/5344/3390
f 3364/5344/3390 3365/5365/3402 3366/5342/3389
f 3373/5340/3387 3366/5342/3389 3367/5366/3403
f 3373/5340/3387 3367/5366/3403 3349/5585/3372
f 3349/5585/3372 3367/5366/3403 3350/5367/3373
f 3325/5586/3352 3354/5352/3380 3370/5351/3395
f 3368/5582/3394 3325/5586/3352 3370/5351/3395
f 3326/5348/3351 3368/5582/3394 3371/5349/3393
f 3327/5581/3369 3343/5588/3349 3326/5348/3351
f 3328/5369/3359 3327/5581/3369 3372/5345/3391
f 3329/5343/3357 3328/5369/3359 3372/5345/3391
f 3331/5584/3363 3369/5341/3388 3373/5340/3387
f 3374/5589/3404 3380/5371/3405 3418/5372/3406
f 3399/5373/3377 3400/5374/3407 3057/5590/3074
f 3399/5373/3377 3057/5590/3074 3056/5591/3075
f 3386/5592/3408 3404/5380/3374 3377/5381/3409
f 3391/5593/3410 3390/5384/3411 3365/5385/3402
f 3365/5385/3402 3390/5384/3411 3366/5386/3389
f 3374/5589/3404 3375/5594/3412 3391/5593/3410
f 3391/5593/3410 3375/5594/3412 3390/5384/3411
f 3391/5593/3410 3392/5387/3413 3374/5589/3404
f 3364/5388/3390 3388/5389/3414 3392/5387/3413
f 3388/5389/3414 3393/5390/3401 3410/5391/3400
f 3388/5389/3414 3410/5391/3400 3380/5371/3405
f 3388/5389/3414 3364/5388/3390 3393/5390/3401
f 3407/5392/3415 3395/5393/3399 3408/5394/3416
f 3395/5393/3399 3396/5395/3417 3408/5394/3416
f 3408/5394/3416 3396/5395/3417 3382/5396/3418
f 3396/5395/3417 3411/5397/3398 3397/5398/3397
f 3353/5399/3382 3399/5373/3377 3405/5400/3419
f 3352/5401/3379 3400/5374/3407 3399/5373/3377
f 3385/5595/3420 3066/5596/3072 3062/5597/3071
f 3055/5598/3076 3384/5599/3421 3406/5404/3422
f 3378/5600/3423 3379/5408/3424 3383/5409/3425
f 3383/5409/3425 3379/5408/3424 3382/5396/3418
f 3383/5409/3425 3382/5396/3418 3389/5410/3426
f 3382/5396/3418 3379/5408/3424 3408/5394/3416
f 3408/5394/3416 3379/5408/3424 3381/5411/3427
f 3410/5391/3400 3381/5411/3427 3418/5372/3406
f 3386/5592/3408 3377/5381/3409 3066/5596/3072
f 3375/5594/3412 3060/5601/3066 3387/5413/3428
f 3375/5594/3412 3387/5413/3428 3390/5384/3411
f 3390/5384/3411 3387/5413/3428 3376/5414/3429
f 3408/5394/3416 3381/5411/3427 3407/5392/3415
f 3384/5599/3421 3383/5409/3425 3389/5410/3426
f 3384/5599/3421 3378/5600/3423 3383/5409/3425
f 3406/5404/3422 3384/5599/3421 3389/5410/3426
f 3406/5404/3422 3389/5410/3426 3398/5415/3396
f 3056/5591/3075 3055/5598/3076 3406/5404/3422
f 3056/5591/3075 3406/5404/3422 3405/5400/3419
f 3405/5400/3419 3406/5404/3422 3353/5399/3382
f 3353/5399/3382 3406/5404/3422 3398/5415/3396
f 3401/5416/3430 3057/5590/3074 3400/5374/3407
f 3385/5595/3420 3386/5592/3408 3066/5596/3072
f 3392/5387/3413 3388/5389/3414 3380/5371/3405
f 3392/5387/3413 3380/5371/3405 3374/5589/3404
f 3392/5387/3413 3391/5593/3410 3364/5388/3390
f 3364/5388/3390 3391/5593/3410 3365/5385/3402
f 3380/5371/3405 3410/5391/3400 3418/5372/3406
f 3407/5392/3415 3410/5391/3400 3394/5418/3392
f 3395/5393/3399 3407/5392/3415 3394/5418/3392
f 3405/5400/3419 3399/5373/3377 3056/5591/3075
f 3401/5416/3430 3062/5597/3071 3057/5590/3074
f 3401/5416/3430 3402/5419/3431 3062/5597/3071
f 3402/5419/3431 3409/5602/3432 3385/5595/3420
f 3402/5419/3431 3385/5595/3420 3062/5597/3071
f 3403/5603/3433 3409/5602/3432 3402/5419/3431
f 3409/5602/3432 3403/5603/3433 3386/5592/3408
f 3386/5592/3408 3403/5603/3433 3404/5380/3374
f 3377/5381/3409 3404/5380/3374 3350/5421/3373
f 3396/5395/3417 3389/5410/3426 3382/5396/3418
f 3389/5410/3426 3396/5395/3417 3397/5398/3397
f 3411/5397/3398 3396/5395/3417 3395/5393/3399
f 3397/5398/3397 3398/5415/3396 3389/5410/3426
f 3352/5401/3379 3403/5603/3433 3402/5419/3431
f 3352/5401/3379 3351/5422/3376 3403/5603/3433
f 3066/5596/3072 3377/5381/3409 3058/5604/3073
f 3407/5392/3415 3381/5411/3427 3410/5391/3400
f 3385/5595/3420 3409/5602/3432 3386/5592/3408
f 3366/5386/3389 3390/5384/3411 3376/5414/3429
f 3366/5386/3389 3376/5414/3429 3367/5423/3403
f 3400/5374/3407 3352/5401/3379 3401/5416/3430
f 3401/5416/3430 3352/5401/3379 3402/5419/3431
f 3403/5603/3433 3351/5422/3376 3404/5380/3374
f 3387/5424/3428 3414/5425/3434 3376/5426/3429
f 3376/5426/3429 3414/5425/3434 3367/5427/3403
f 3060/5428/3066 3413/5605/3435 3387/5424/3428
f 3412/5606/3436 3377/5431/3409 3414/5425/3434
f 3413/5605/3435 3059/5607/3065 3412/5606/3436
f 3412/5606/3436 3058/5432/3073 3377/5431/3409
f 3414/5425/3434 3377/5431/3409 3350/5433/3373
f 3367/5427/3403 3414/5425/3434 3350/5433/3373
f 3412/5606/3436 3414/5425/3434 3413/5605/3435
f 3413/5605/3435 3414/5425/3434 3387/5424/3428
f 3413/5605/3435 3060/5428/3066 3059/5607/3065
f 3058/5432/3073 3412/5606/3436 3059/5607/3065
f 3384/5608/3421 3055/5609/3076 3378/5610/3423
f 3055/5609/3076 3065/5611/3069 3419/5612/3437
f 3419/5612/3437 3415/5613/3068 3422/5614/3438
f 3415/5613/3068 3054/5615/3062 3421/5616/3439
f 3418/5617/3406 3417/5618/3440 3420/5619/3441
f 3420/5619/3441 3417/5618/3440 3416/5620/3442
f 3420/5619/3441 3416/5620/3442 3419/5612/3437
f 3374/5621/3404 3418/5617/3406 3375/5622/3412
f 3418/5617/3406 3381/5623/3427 3417/5618/3440
f 3379/5624/3424 3378/5610/3423 3416/5620/3442
f 3420/5619/3441 3419/5612/3437 3422/5614/3438
f 3424/5625/3443 3425/5626/3444 3421/5616/3439
f 3424/5625/3443 3421/5616/3439 3423/5627/3445
f 3378/5610/3423 3055/5609/3076 3416/5620/3442
f 3416/5620/3442 3055/5609/3076 3419/5612/3437
f 3416/5620/3442 3417/5618/3440 3379/5624/3424
f 3379/5624/3424 3417/5618/3440 3381/5623/3427
f 3415/5613/3068 3419/5612/3437 3065/5611/3069
f 3375/5622/3412 3418/5617/3406 3424/5625/3443
f 3422/5614/3438 3415/5613/3068 3421/5616/3439
f 3420/5619/3441 3422/5614/3438 3421/5616/3439
f 3425/5626/3444 3420/5619/3441 3421/5616/3439
f 3418/5617/3406 3420/5619/3441 3425/5626/3444
f 3424/5625/3443 3418/5617/3406 3425/5626/3444
f 3421/5616/3439 3054/5615/3062 3423/5627/3445
f 3426/5628/3446 3054/5615/3062 3053/5629/3064
f 3423/5627/3445 3054/5615/3062 3426/5628/3446
f 3426/5628/3446 3424/5625/3443 3423/5627/3445
f 3063/5630/3067 3424/5625/3443 3426/5628/3446
f 3375/5622/3412 3424/5625/3443 3063/5630/3067
f 3426/5628/3446 3053/5629/3064 3063/5631/3067
f 3063/5632/3067 3060/5633/3066 3375/5622/3412
usemtl Opaque(160,160,160)
f 3442/5634/3447 3427/5635/3448 3428/5636/3449
f 3442/5634/3447 3428/5636/3449 3441/5637/3450
f 3441/5637/3450 3428/5636/3449 3429/5638/3451
f 3441/5637/3450 3429/5638/3451 3430/5639/3452
f 3441/5637/3450 3430/5639/3452 3440/5640/3453
f 3440/5640/3453 3430/5639/3452 3431/5641/3454
f 3440/5640/3453 3431/5641/3454 3432/5642/3455
f 3440/5640/3453 3432/5642/3455 3439/5643/3456
f 3439/5643/3456 3432/5642/3455 3433/5644/3457
f 3439/5643/3456 3433/5644/3457 3434/5645/3458
f 3439/5643/3456 3434/5645/3458 3445/5646/3459
f 3445/5646/3459 3434/5645/3458 3444/5647/3460
f 3444/5647/3460 3434/5645/3458 3435/5648/3461
f 3444/5647/3460 3435/5648/3461 3436/5649/3462
f 3444/5647/3460 3436/5649/3462 3443/5650/3463
f 3443/5650/3463 3436/5649/3462 3437/5651/3464
f 3443/5650/3463 3437/5651/3464 3438/5652/3465
f 3443/5650/3463 3438/5652/3465 3442/5634/3447
f 3442/5634/3447 3438/5652/3465 3427/5635/3448
f 3438/5653/3465 3446/5654/3466 3427/5655/3467
f 3438/5653/3465 3437/5656/3464 3446/5654/3466
f 3437/5656/3464 3436/5657/3462 3451/5658/3468
f 3451/5658/3468 3436/5657/3462 3435/5659/3461
f 3435/5659/3461 3434/5660/3458 3450/5661/3469
f 3450/5661/3469 3434/5660/3458 3433/5662/3470
f 3433/5662/3457 3432/5663/3455 3449/5664/3471
f 3449/5664/3471 3432/5663/3455 3431/5665/3454
f 3431/5665/3454 3430/5666/3452 3448/5667/3472
f 3448/5667/3472 3430/5666/3452 3429/5668/3451
f 3429/5668/3451 3428/5669/3449 3447/5670/3473
f 3447/5670/3473 3428/5669/3449 3427/5671/3448
f 3452/5672/3474 3524/5673/3475 3448/5674/3476
f 3477/5675/3477 3453/5676/3478 3449/5677/3479
f 3447/5678/3480 3454/5679/3481 3455/5680/3482
f 3475/5681/3483 3478/5682/3484 3446/5683/3466
f 3480/5684/3485 3479/5685/3486 3451/5686/3487
f 3450/5687/3469 3482/5688/3488 3481/5689/3489
f 3470/5690/3490 3456/5691/3491 3457/5692/3492
f 3470/5690/3490 3457/5692/3492 3458/5693/3493
f 3470/5690/3490 3458/5693/3493 3469/5694/3494
f 3469/5694/3494 3458/5693/3493 3459/5695/3495
f 3469/5694/3494 3459/5695/3495 3468/5696/3496
f 3468/5696/3496 3459/5695/3495 3460/5697/3497
f 3468/5696/3496 3460/5697/3497 3461/5698/3498
f 3468/5696/3496 3461/5698/3498 3467/5699/3499
f 3467/5699/3499 3461/5698/3498 3462/5700/3500
f 3467/5699/3499 3462/5700/3500 3473/5701/3501
f 3473/5701/3501 3462/5700/3500 3463/5702/3502
f 3473/5701/3501 3463/5702/3502 3464/5703/3503
f 3473/5701/3501 3464/5703/3503 3472/5704/3504
f 3472/5704/3504 3464/5703/3503 3465/5705/3505
f 3472/5704/3504 3465/5705/3505 3466/5706/3506
f 3472/5704/3504 3466/5706/3506 3471/5707/3507
f 3471/5707/3507 3466/5706/3506 3470/5690/3490
f 3470/5690/3490 3466/5706/3506 3456/5691/3491
f 3453/5708/3478 3474/5709/3508 3449/5710/3479
f 3449/5710/3479 3474/5709/3508 3433/5711/3470
f 3433/5711/3470 3474/5709/3508 3450/5712/3469
f 3450/5712/3469 3474/5709/3508 3482/5713/3488
f 3450/5714/3469 3481/5715/3489 3526/5716/3509
f 3450/5714/3469 3526/5716/3509 3435/5717/3510
f 3435/5717/3510 3526/5716/3509 3451/5718/3487
f 3451/5718/3487 3526/5716/3509 3480/5713/3485
f 3479/5708/3486 3475/5719/3483 3451/5720/3487
f 3451/5720/3487 3475/5719/3483 3437/5721/3511
f 3437/5721/3511 3475/5719/3483 3446/5722/3466
f 3478/5708/3484 3476/5723/3512 3446/5724/3466
f 3446/5724/3466 3476/5723/3512 3427/5711/3467
f 3427/5711/3467 3476/5723/3512 3447/5712/3480
f 3447/5712/3480 3476/5723/3512 3454/5713/3481
f 3447/5714/3480 3455/5725/3482 3527/5726/3513
f 3447/5714/3480 3527/5726/3513 3429/5717/3514
f 3429/5717/3514 3527/5726/3513 3448/5718/3476
f 3448/5718/3476 3527/5726/3513 3452/5713/3474
f 3524/5708/3475 3477/5727/3477 3448/5720/3476
f 3448/5720/3476 3477/5727/3477 3431/5728/3515
f 3431/5728/3515 3477/5727/3477 3449/5722/3479
f 3476/5729/3512 3487/5730/3516 3488/5731/3517
f 3476/5729/3512 3488/5731/3517 3454/5732/3481
f 3454/5732/3481 3488/5731/3517 3509/5733/3518
f 3454/5732/3481 3509/5733/3518 3455/5734/3482
f 3455/5734/3482 3509/5733/3518 3527/5735/3513
f 3527/5735/3513 3509/5733/3518 3511/5736/3519
f 3527/5735/3513 3511/5736/3519 3515/5737/3520
f 3487/5738/3516 3476/5739/3512 3478/5740/3484
f 3487/5738/3516 3478/5740/3484 3486/5741/3521
f 3486/5741/3521 3478/5740/3484 3475/5742/3483
f 3486/5741/3521 3475/5742/3483 3485/5743/3522
f 3485/5743/3522 3475/5742/3483 3502/5744/3523
f 3502/5744/3523 3475/5742/3483 3528/5745/3524
f 3479/5746/3486 3499/5747/3525 3528/5745/3524
f 3528/5745/3524 3499/5747/3525 3502/5744/3523
f 3499/5747/3525 3479/5746/3486 3484/5748/3526
f 3484/5748/3526 3479/5746/3486 3480/5749/3485
f 3484/5748/3526 3480/5749/3485 3526/5750/3509
f 3484/5748/3526 3526/5750/3509 3483/5751/3527
f 3483/5751/3527 3526/5750/3509 3481/5752/3489
f 3483/5751/3527 3481/5752/3489 3482/5753/3488
f 3483/5751/3527 3482/5753/3488 3492/5754/3528
f 3492/5754/3528 3482/5753/3488 3474/5755/3508
f 3492/5754/3528 3474/5755/3508 3490/5756/3529
f 3490/5756/3529 3474/5755/3508 3522/5757/3530
f 3522/5757/3530 3474/5755/3508 3453/5758/3478
f 3522/5757/3530 3453/5758/3478 3521/5759/3531
f 3521/5759/3531 3453/5758/3478 3477/5760/3477
f 3521/5759/3531 3477/5760/3477 3517/5761/3532
f 3517/5761/3532 3477/5760/3477 3525/5762/3533
f 3524/5763/3475 3516/5764/3534 3525/5762/3533
f 3525/5762/3533 3516/5764/3534 3517/5761/3532
f 3516/5764/3534 3524/5763/3475 3452/5765/3474
f 3516/5764/3534 3452/5765/3474 3515/5737/3520
f 3515/5737/3520 3452/5765/3474 3527/5735/3513
f 3456/5766/3491 3489/5767/3535 3523/5768/3536
f 3523/5768/3536 3489/5767/3535 3490/5769/3529
f 3491/5770/3537 3456/5771/3491 3466/5772/3506
f 3495/5773/3538 3466/5772/3506 3465/5774/3505
f 3507/5775/3539 3461/5776/3498 3460/5777/3497
f 3512/5778/3540 3460/5777/3497 3459/5779/3495
f 3520/5780/3541 3458/5781/3493 3457/5782/3492
f 3500/5783/3542 3464/5784/3503 3463/5785/3502
f 3503/5786/3543 3463/5785/3502 3462/5787/3500
f 3508/5788/3544 3507/5775/3539 3460/5777/3497
f 3518/5789/3545 3458/5781/3493 3520/5780/3541
f 3489/5790/3535 3456/5771/3491 3491/5770/3537
f 3498/5791/3546 3465/5774/3505 3464/5784/3503
f 3504/5792/3547 3503/5786/3543 3462/5787/3500
f 3505/5793/3548 3462/5787/3500 3461/5776/3498
f 3506/5794/3549 3461/5776/3498 3507/5775/3539
f 3514/5795/3550 3512/5778/3540 3459/5779/3495
f 3514/5795/3550 3459/5779/3495 3458/5781/3493
f 3523/5768/3536 3457/5782/3492 3456/5766/3491
f 3493/5796/3551 3489/5790/3535 3491/5770/3537
f 3493/5796/3551 3491/5770/3537 3494/5797/3552
f 3494/5797/3552 3491/5770/3537 3466/5772/3506
f 3494/5797/3552 3466/5772/3506 3496/5798/3553
f 3496/5798/3553 3466/5772/3506 3495/5773/3538
f 3496/5798/3553 3495/5773/3538 3497/5799/3554
f 3497/5799/3554 3495/5773/3538 3465/5774/3505
f 3497/5799/3554 3465/5774/3505 3498/5791/3546
f 3499/5800/3525 3498/5791/3546 3464/5784/3503
f 3499/5800/3525 3464/5784/3503 3501/5801/3555
f 3501/5801/3555 3464/5784/3503 3500/5783/3542
f 3501/5801/3555 3500/5783/3542 3502/5802/3523
f 3502/5802/3523 3500/5783/3542 3463/5785/3502
f 3502/5802/3523 3463/5785/3502 3503/5786/3543
f 3505/5793/3548 3504/5792/3547 3462/5787/3500
f 3506/5794/3549 3505/5793/3548 3461/5776/3498
f 3488/5803/3517 3506/5794/3549 3507/5775/3539
f 3488/5803/3517 3507/5775/3539 3508/5788/3544
f 3510/5804/3556 3508/5788/3544 3460/5777/3497
f 3510/5804/3556 3460/5777/3497 3511/5805/3519
f 3511/5805/3519 3460/5777/3497 3513/5806/3557
f 3513/5806/3557 3460/5777/3497 3512/5778/3540
f 3513/5806/3557 3512/5778/3540 3514/5795/3550
f 3517/5807/3532 3514/5795/3550 3458/5781/3493
f 3517/5807/3532 3458/5781/3493 3518/5789/3545
f 3517/5807/3532 3518/5789/3545 3519/5808/3558
f 3519/5808/3558 3518/5789/3545 3520/5780/3541
f 3519/5808/3558 3520/5780/3541 3521/5809/3531
f 3521/5809/3531 3520/5780/3541 3522/5810/3530
f 3522/5810/3530 3520/5780/3541 3457/5782/3492
f 3522/5810/3530 3457/5782/3492 3523/5768/3536
f 3490/5811/3529 3489/5790/3535 3492/5812/3528
f 3492/5812/3528 3489/5790/3535 3493/5796/3551
f 3484/5813/3526 3497/5799/3554 3498/5791/3546
f 3484/5813/3526 3498/5791/3546 3499/5800/3525
f 3485/5814/3522 3502/5802/3523 3503/5786/3543
f 3485/5814/3522 3503/5786/3543 3486/5815/3521
f 3486/5815/3521 3503/5786/3543 3504/5792/3547
f 3486/5815/3521 3504/5792/3547 3487/5816/3516
f 3487/5816/3516 3504/5792/3547 3505/5793/3548
f 3487/5816/3516 3505/5793/3548 3506/5794/3549
f 3509/5817/3518 3488/5803/3517 3508/5788/3544
f 3509/5817/3518 3508/5788/3544 3510/5804/3556
f 3515/5818/3520 3513/5806/3557 3514/5795/3550
f 3515/5818/3520 3514/5795/3550 3516/5819/3534
f 3516/5819/3534 3514/5795/3550 3517/5807/3532
f 3490/5769/3529 3522/5810/3530 3523/5768/3536
f 3487/5816/3516 3506/5794/3549 3488/5803/3517
f 3483/5820/3527 3492/5812/3528 3493/5796/3551
f 3483/5820/3527 3493/5796/3551 3494/5797/3552
f 3483/5820/3527 3494/5797/3552 3496/5798/3553
f 3484/5813/3526 3483/5820/3527 3496/5798/3553
f 3484/5813/3526 3496/5798/3553 3497/5799/3554
f 3502/5802/3523 3499/5800/3525 3501/5801/3555
f 3511/5805/3519 3509/5817/3518 3510/5804/3556
f 3515/5818/3520 3511/5805/3519 3513/5806/3557
f 3521/5809/3531 3517/5807/3532 3519/5808/3558
f 3477/5821/3477 3524/5822/3475 3525/5823/3533
f 3528/5824/3524 3475/5825/3483 3479/5826/3486
f 3467/5827/3559 3532/5828/3560 3533/5829/3561
f 3467/5827/3559 3533/5829/3561 3468/5830/3562
f 3468/5830/3562 3533/5829/3561 3534/5831/3563
f 3468/5830/3562 3534/5831/3563 3469/5832/3564
f 3469/5832/3564 3534/5831/3563 3535/5833/3565
f 3469/5832/3564 3535/5833/3565 3470/5834/3566
f 3470/5834/3566 3535/5833/3565 3529/5835/3567
f 3470/5834/3566 3529/5835/3567 3471/5836/3568
f 3471/5836/3568 3529/5835/3567 3472/5837/3569
f 3472/5837/3569 3529/5835/3567 3530/5838/3570
f 3472/5837/3569 3530/5838/3570 3473/5839/3571
f 3473/5839/3571 3530/5838/3570 3531/5840/3572
f 3473/5839/3571 3531/5840/3572 3532/5841/3560
f 3473/5839/3571 3532/5841/3560 3467/5842/3559
f 3536/5843/3573 3529/5844/3574 3542/5845/3575
f 3542/5846/3575 3529/5847/3574 3535/5848/3576
f 3542/5846/3575 3535/5848/3576 3541/5849/3577
f 3541/5849/3577 3535/5848/3576 3534/5850/3578
f 3541/5849/3577 3534/5850/3578 3540/5851/3579
f 3540/5851/3579 3534/5850/3578 3533/5852/3580
f 3540/5851/3579 3533/5852/3580 3539/5853/3581
f 3539/5853/3581 3533/5852/3580 3532/5854/3582
f 3539/5853/3581 3532/5854/3582 3538/5855/3583
f 3538/5855/3583 3532/5854/3582 3531/5856/3584
f 3538/5855/3583 3531/5856/3584 3537/5857/3585
f 3537/5857/3585 3531/5856/3584 3530/5858/3586
f 3537/5857/3585 3530/5858/3586 3536/5843/3573
f 3536/5843/3573 3530/5858/3586 3529/5844/3574
f 3542/5859/3587 3439/5860/3588 3536/5861/3589
f 3536/5861/3589 3439/5860/3588 3445/5862/3590
f 3536/5861/3589 3445/5862/3590 3444/5863/3591
f 3536/5861/3589 3444/5863/3591 3537/5864/3592
f 3537/5864/3592 3444/5863/3591 3443/5865/3593
f 3537/5864/3592 3443/5865/3593 3538/5866/3594
f 3538/5866/3594 3443/5865/3593 3442/5867/3595
f 3538/5866/3594 3442/5867/3595 3539/5868/3596
f 3539/5868/3596 3442/5867/3595 3441/5869/3597
f 3539/5868/3596 3441/5869/3597 3540/5870/3598
f 3540/5870/3598 3441/5869/3597 3541/5871/3599
f 3541/5871/3599 3441/5869/3597 3440/5872/3600
f 3541/5871/3599 3440/5872/3600 3542/5873/3587
f 3542/5873/3587 3440/5872/3600 3439/5874/3588
