# WaveFront *.obj file (generated by Autodesk ATF)

mtllib unitree_l2_base.mtl

g Solid3

v -37.432439 2.250000 -0.100000
v -37.421577 -2.250000 0.210470
v -37.362471 -2.250000 1.900000
v -37.362471 2.250000 1.900000
v -37.121215 -2.250000 -0.100000
v -37.048330 5.802685 -0.100000
v -36.979065 5.793568 1.900000
v -36.975234 -6.186200 0.210470
v -36.916575 -6.179255 1.900000
v -36.676846 -6.152728 -0.100000
v -36.327815 9.302680 -0.100000
v -36.260350 9.284603 1.900000
v -36.116030 -10.053327 0.210470
v -36.058626 -10.039537 1.900000
v -35.823324 -9.986819 -0.100000
v -35.697420 -2.250000 1.900000
v -35.697420 2.250000 1.900000
v -35.574954 -2.250000 5.400000
v -35.574954 2.250000 5.400000
v -35.567462 0.000000 7.650000
v -35.563021 -0.861176 7.478672
v -35.563021 0.861176 7.478672
v -35.555255 -2.078889 6.260652
v -35.554895 -1.591086 6.990895
v -35.554895 1.591086 6.990895
v -35.555255 2.078889 6.260652
v -35.370693 0.974986 12.900000
v -35.358107 5.401162 1.900000
v -35.277433 12.718204 -0.100000
v -35.264218 -5.983577 1.900000
v -35.263274 -2.921998 12.900000
v -35.212836 12.691449 1.900000
v -35.048761 4.860136 12.900000
v -34.986711 0.964402 23.900001
v -34.880457 -2.890277 23.900001
v -34.853559 -13.808199 0.210470
v -34.798195 -13.787761 1.900000
v -34.741180 8.509916 1.900000
v -34.727805 -6.783513 12.900000
v -34.668274 4.807374 23.900001
v -34.570169 -13.709500 -0.100000
v -34.441614 -9.651082 1.900000
v -34.350803 -6.709872 23.900001
v -34.301383 8.686290 12.900000
v -33.938041 15.951784 -0.100000
v -33.929009 8.591992 23.900001
v -33.873446 15.925027 1.900000
v -33.851483 11.551856 1.900000
v -33.770790 -10.562687 12.900000
v -33.699224 11.773717 1.900000
v -33.657007 11.471094 7.917449
v -33.618748 11.541313 8.303241
v -33.535943 11.745565 8.627364
v -33.528752 11.694758 8.225812
v -33.504848 11.693082 7.915503
v -33.461342 11.859076 8.488527
v -33.453937 11.884521 1.900000
v -33.419032 12.052107 8.842046
v -33.404176 -10.448018 23.900001
v -33.365984 12.107853 8.665353
v -33.364005 11.808913 8.155041
v -33.311241 11.937118 8.361329
v -33.283429 12.414154 8.917450
v -33.273220 -2.250000 -0.100000
v -33.273220 2.250000 -0.100000
v -33.259735 11.804044 7.909065
v -33.238695 -13.212016 1.900000
v -33.237555 12.132047 8.501347
v -33.236439 -0.949489 23.900001
v -33.226292 12.392843 8.660144
v -33.201919 -17.408892 0.210470
v -33.196218 -2.250000 2.100000
v -33.196218 2.250000 2.100000
v -33.186660 11.852177 1.900000
v -33.160028 11.844988 8.107308
v -33.149354 -17.382088 1.900000
v -33.146901 -2.550000 0.000000
v -33.146901 2.550000 0.000000
v -33.144186 -2.917940 2.100000
v -33.137634 12.407005 12.900000
v -33.128030 2.845369 23.900001
v -33.126748 3.109653 2.100000
v -33.117077 11.950732 8.278140
v -33.078713 -3.584697 2.100000
v -33.076851 -2.550000 2.000000
v -33.076851 2.550000 2.000000
v -33.074853 4.268929 -0.100000
v -33.058474 12.112035 8.394057
v -33.054183 12.328649 8.469926
v -33.035021 3.967217 2.100000
v -33.022768 -3.174488 2.000000
v -33.022768 3.174488 2.000000
v -33.005629 0.000000 9.400000
v -33.005629 0.000000 9.900000
v -32.999833 -4.250000 2.100000
v -32.992685 11.771832 7.900000
v -32.970212 11.803683 8.091264
v -32.956896 -3.797843 2.000000
v -32.956896 3.797843 2.000000
v -32.944479 4.458791 0.000000
v -32.931366 -17.279243 -0.100000
v -32.930090 11.904322 8.253466
v -32.921097 4.822116 2.100000
v -32.918465 13.351872 8.917450
v -32.911563 -4.731968 23.900001
v -32.884481 4.854223 3.003644
v -32.879257 -4.419841 2.000000
v -32.879257 4.419841 2.000000
v -32.876396 12.057630 8.361893
v -32.875266 4.423334 2.100000
v -32.871478 4.451388 2.100000
v -32.867668 4.479439 2.100000
v -32.863834 4.507486 2.100000
v -32.847822 4.886331 3.907287
v -32.839470 -5.808523 -0.100000
v -32.815239 12.239528 8.400000
v -32.805185 4.423334 2.100000
v -32.799304 -4.489683 4.000000
v -32.790921 -3.758607 9.400000
v -32.790883 -3.758928 9.900000
v -32.790921 3.758607 9.400000
v -32.790883 3.758928 9.900000
v -32.787530 4.574858 4.000000
v -32.777894 12.272315 23.900001
v -32.771044 4.740868 5.522833
v -32.769780 4.545119 4.000000
v -32.754097 6.272061 -0.100000
v -32.750013 4.516681 4.000000
v -32.728713 -4.487461 8.900000
v -32.728319 4.489683 4.000000
v -32.687943 -6.059523 0.000000
v -32.685280 5.028266 7.901462
v -32.666783 4.543318 5.525501
v -32.644515 5.063753 8.900000
v -32.634845 4.295374 2.100000
v -32.632232 6.352717 0.000000
v -32.606831 4.782870 8.900000
v -32.604737 5.734334 4.000000
v -32.587745 6.603133 23.900001
v -32.554941 -6.010597 4.000000
v -32.527089 14.278877 8.917450
v -32.488325 5.984548 8.900000
v -32.487009 4.410788 5.522833
v -32.452321 13.171668 8.400000
v -32.426677 4.250000 2.100000
v -32.422512 4.567757 8.900000
v -32.403841 -14.213643 12.900000
v -32.380955 6.886601 4.000000
v -32.336290 15.288316 1.900000
v -32.312140 8.251985 -0.100000
v -32.306163 6.900561 8.900000
v -32.288594 8.203157 0.898530
v -32.265003 8.154305 1.897057
v -32.240095 -7.518498 4.000000
v -32.211196 8.225465 0.000000
v -32.181890 7.982823 5.398542
v -32.157633 -8.452759 23.900001
v -32.150726 4.487461 8.900000
v -32.149587 -7.468312 9.400000
v -32.149587 7.468312 9.400000
v -32.149439 -7.468942 9.900000
v -32.149439 7.468942 9.900000
v -32.116463 8.030211 4.000000
v -32.109616 15.194424 8.917450
v -32.098184 7.811058 8.900000
v -32.079096 15.181782 8.720688
v -32.068958 19.437900 -0.100000
v -32.062931 14.093063 8.400000
v -32.052066 -14.059340 23.900001
v -32.030365 -8.084660 8.900000
v -32.028527 8.395652 4.440452
v -32.026255 -9.299927 -0.100000
v -32.024784 8.736366 -0.100000
v -32.007782 19.404089 1.900000
v -32.004459 8.455671 2.010679
v -32.000000 -4.489683 4.000000
v -32.000000 -4.487461 8.900000
v -32.000000 -4.419841 2.000000
v -32.000000 -4.250000 2.100000
v -32.000000 -2.550000 0.000000
v -32.000000 -2.550000 2.000000
v -32.000000 2.550000 0.000000
v -32.000000 2.550000 2.000000
v -32.000000 4.250000 2.100000
v -32.000000 4.419841 2.000000
v -32.000000 4.487461 8.900000
v -32.000000 4.489683 4.000000
v -31.979942 15.140712 8.552530
v -31.952581 8.661419 0.000000
v -31.900923 -9.105585 2.000000
v -31.858938 8.468483 4.000000
v -31.858478 -9.500363 0.000000
v -31.855443 -9.010120 4.000000
v -31.827974 15.077765 8.439692
v -31.813595 8.301268 8.900000
v -31.804702 -9.199536 3.003205
v -31.783390 -9.293560 2.000000
v -31.738124 -9.198591 4.000000
v -31.695151 8.710750 2.015441
v -31.684752 8.680331 4.445775
v -31.668742 -16.627058 1.900000
v -31.667683 -9.308260 3.005210
v -31.647387 15.002964 8.400000
v -31.622629 10.274816 23.900001
v -31.583848 -9.389958 2.000000
v -31.571639 15.977114 12.900000
v -31.538420 -9.295361 4.000000
v -31.521342 8.988326 -0.100000
v -31.499481 8.888191 0.000000
v -31.497395 -9.348219 3.003205
v -31.405122 8.697036 4.000000
v -31.363540 -9.365190 2.000000
v -31.317797 -9.270647 4.000000
v -31.308365 8.557713 8.900000
v -31.305816 8.806425 2.010679
v -31.251421 8.787334 4.440452
v -31.228898 15.803667 23.900001
v -31.179552 -20.815198 0.210470
v -31.130509 -20.782399 1.900000
v -31.112423 -11.515113 2.000000
v -31.089644 -11.081766 9.900000
v -31.089971 -11.080852 9.400000
v -31.089971 11.080852 9.400000
v -31.089644 11.081766 9.900000
v -31.024158 -2.355893 0.000000
v -31.024158 -2.355893 2.000000
v -31.024158 2.355893 0.000000
v -31.024158 2.355893 2.000000
v -30.995505 8.833908 0.000000
v -30.984478 -12.063357 23.900001
v -30.961378 8.928010 -0.100000
v -30.951729 -4.118693 2.100000
v -30.951729 4.118693 2.100000
v -30.937912 -11.582384 8.900000
v -30.925190 -20.656226 -0.100000
v -30.899668 8.643019 4.000000
v -30.842974 -12.683871 -0.100000
v -30.766728 -4.200143 5.750000
v -30.766728 4.200143 5.750000
v -30.754788 -4.240807 2.000000
v -30.754788 4.240807 2.000000
v -30.744681 8.498070 8.900000
v -30.735111 -4.307819 4.000000
v -30.735111 4.307819 4.000000
v -30.667903 -12.833520 0.000000
v -30.649054 -4.279282 8.900000
v -30.649054 4.279282 8.900000
v -30.643554 -17.692064 12.900000
v -30.571785 18.567019 1.900000
v -30.310888 -17.500000 23.900001
v -30.245264 13.812549 23.900001
v -30.196877 -1.803122 0.000000
v -30.196877 -1.803122 2.000000
v -30.196877 1.803122 0.000000
v -30.196877 1.803122 2.000000
v -30.142219 -13.857391 2.000000
v -29.968233 -3.732884 2.100000
v -29.968233 3.732884 2.100000
v -29.843063 22.707744 -0.100000
v -29.786072 22.667305 1.900000
v -29.763734 -11.947796 0.000000
v -29.763734 -11.013209 0.000000
v -29.749088 -19.858497 1.900000
v -29.644108 -0.975843 0.000000
v -29.644108 -0.975843 2.000000
v -29.644108 0.975843 0.000000
v -29.644108 0.975843 2.000000
v -29.633367 -3.682554 5.750000
v -29.633367 3.682554 5.750000
v -29.625862 -14.549223 9.400000
v -29.625862 14.549223 9.400000
v -29.625289 -14.550385 9.900000
v -29.625289 14.550385 9.900000
v -29.622407 19.353284 12.900000
v -29.610453 -3.718207 2.000000
v -29.610453 3.718207 2.000000
v -29.576039 -11.091028 0.100000
v -29.572694 -3.776962 4.000000
v -29.572694 3.776962 4.000000
v -29.568748 -11.903293 0.200000
v -29.568748 -11.057713 0.200000
v -29.560862 -11.936471 0.100000
v -29.503262 -11.263537 2.000000
v -29.503262 -11.263537 6.000000
v -29.464796 -14.937598 8.900000
v -29.450939 -2.250000 2.100000
v -29.450939 2.250000 2.100000
v -29.449999 0.000000 0.000000
v -29.449999 0.000000 2.000000
v -29.423451 -3.674059 8.900000
v -29.423451 3.674059 8.900000
v -29.407394 -15.516689 23.900001
v -29.399414 -12.118791 2.000000
v -29.399414 -12.118791 6.000000
v -29.394770 -2.250000 3.199969
v -29.394770 2.250000 3.199969
v -29.358232 -12.789831 0.000000
v -29.358232 -10.171174 0.000000
v -29.339213 -2.250000 4.299969
v -29.339213 2.250000 4.299969
v -29.303300 -15.921251 -0.100000
v -29.300826 19.143186 23.900001
v -29.284265 -2.250000 5.400000
v -29.284265 2.250000 5.400000
v -29.222889 -10.322725 0.100000
v -29.208007 -2.209223 5.826313
v -29.201865 -12.665133 0.200000
v -29.201865 -10.295873 0.200000
v -29.197757 -10.457987 2.000000
v -29.197757 -10.457987 6.000000
v -29.180365 -12.691604 0.100000
v -29.168942 -2.336858 2.100000
v -29.168942 2.336858 2.100000
v -29.130914 2.153423 6.052127
v -29.129715 -16.021211 0.000000
v -29.117000 -2.320398 3.626703
v -29.117000 2.320398 3.626703
v -29.110281 -3.116414 2.100000
v -29.110281 3.116414 2.100000
v -29.045792 -15.902712 2.000000
v -29.028225 -2.069671 6.282588
v -29.027965 2.069448 6.283110
v -29.025102 -8.320981 4.000000
v -29.006236 -2.334658 5.386183
v -29.006236 2.334658 5.386183
v -28.998375 -8.385506 2.000000
v -28.995981 -16.118739 2.000000
v -28.994374 -15.984266 3.003201
v -28.984919 -2.567253 2.100000
v -28.984919 2.567253 2.100000
v -28.974369 -15.810500 3.005207
v -28.972855 -15.693450 2.000000
v -28.962805 -2.861139 2.100000
v -28.962805 2.861139 2.100000
v -28.959253 -2.280949 5.808882
v -28.957987 2.280100 5.813413
v -28.946629 -15.937856 4.000000
v -28.933151 -3.105546 5.382550
v -28.933151 3.105546 5.382550
v -28.910007 -12.827822 2.000000
v -28.910007 -12.827822 6.000000
v -28.909049 -2.563791 3.616189
v -28.909049 2.563791 3.616189
v -28.896317 -16.154083 4.000000
v -28.893335 1.947779 6.526347
v -28.891280 -2.883583 3.615293
v -28.891280 2.883583 3.615293
v -28.882210 -15.661833 3.003201
v -28.873844 -15.728217 4.000000
v -28.841577 -3.040296 5.935892
v -28.839972 3.038921 5.941710
v -28.822358 -2.559965 5.377044
v -28.822358 2.559965 5.377044
v -28.822484 16.467397 -0.100000
v -28.809040 -23.989086 0.210470
v -28.807132 -2.162602 6.220762
v -28.805439 2.161130 6.224493
v -28.799560 -15.555183 2.000000
v -28.794894 -2.849623 5.375679
v -28.794894 2.849623 5.375679
v -28.768480 -11.159415 1.000000
v -28.764191 -23.950744 1.900000
v -28.762548 -11.820421 2.000000
v -28.762548 -11.140584 2.000000
v -28.757174 -2.516942 5.807607
v -28.756278 -11.839144 1.000000
v -28.756015 2.515989 5.812279
v -28.726239 -2.819124 5.862063
v -28.724918 2.817909 5.867261
v -28.718433 16.469338 0.000000
v -28.700364 -15.589690 4.000000
v -28.683169 17.013099 -0.100000
v -28.672836 -11.188606 1.800000
v -28.672836 -11.188606 2.000000
v -28.671668 1.704995 6.868159
v -28.661742 -11.806540 1.800000
v -28.661742 -11.806540 2.000000
v -28.659706 -2.894381 2.000000
v -28.659706 2.894381 2.000000
v -28.644662 15.933249 -0.100000
v -28.627541 -13.372538 0.000000
v -28.627963 -11.090102 0.100000
v -28.627963 -11.090102 0.600000
v -28.627541 -9.588468 0.000000
v -28.627474 -2.831906 6.504829
v -28.625588 2.829875 6.508821
v -28.615465 -11.039870 0.100000
v -28.615465 -11.039870 0.600000
v -28.615475 -2.384404 6.236496
v -28.613670 -11.139854 0.100000
v -28.613670 -11.139854 0.600000
v -28.613877 2.382757 6.240415
v -28.613365 -11.903369 0.100000
v -28.613365 -11.903369 0.600000
v -28.609629 16.651508 2.010714
v -28.607574 -1.966690 6.606273
v -28.606925 -2.940117 4.000000
v -28.606925 2.940117 4.000000
v -28.605704 1.964634 6.609511
v -28.600867 -11.853137 0.100000
v -28.600867 -11.853137 0.600000
v -28.599072 -11.953120 0.100000
v -28.599072 -11.953120 0.600000
v -28.592920 -1.606196 6.975638
v -28.593037 16.960473 0.000000
v -28.592200 1.605244 6.976609
v -28.584192 16.710974 4.440853
v -28.576417 -11.175793 0.100000
v -28.576417 -11.175793 0.600000
v -28.574026 -23.802776 -0.100000
v -28.571358 -9.783734 0.100000
v -28.571286 16.252427 2.015476
v -28.567028 -10.952384 0.100000
v -28.567028 -10.952384 0.600000
v -28.567259 -2.655835 6.331407
v -28.564925 -11.815883 0.100000
v -28.564925 -11.815883 0.600000
v -28.565490 2.653855 6.335629
v -28.558397 15.988597 0.000000
v -28.552887 -9.886682 2.000000
v -28.552887 -9.886682 6.000000
v -28.547525 -12.038811 0.100000
v -28.547525 -12.038811 0.600000
v -28.542402 16.266588 4.446175
v -28.540766 -13.192344 0.200000
v -28.540766 -9.768662 0.200000
v -28.531086 -10.915130 0.100000
v -28.531086 -10.915130 0.600000
v -28.515794 16.539550 4.000000
v -28.511295 -20.955727 12.900000
v -28.509908 -13.206865 0.100000
v -28.510270 -12.074752 0.100000
v -28.510270 -12.074752 0.600000
v -28.506598 -11.355747 1.300000
v -28.506598 -11.355747 1.800000
v -28.504233 -11.341585 5.054500
v -28.504233 -11.341585 6.000000
v -28.503492 17.075713 3.401501
v -28.481336 -10.900838 0.100000
v -28.481336 -10.900838 0.600000
v -28.476002 21.644526 1.900000
v -28.473606 17.170216 23.900001
v -28.468361 -1.426576 7.139937
v -28.461654 -11.362842 5.100000
v -28.460038 -12.087250 0.100000
v -28.460038 -12.087250 0.600000
v -28.436909 -2.727946 8.900000
v -28.436909 2.727946 8.900000
v -28.431103 -10.913336 0.100000
v -28.431103 -10.913336 0.600000
v -28.426666 -2.743283 9.400000
v -28.426666 2.743283 9.400000
v -28.424845 -2.165538 6.643674
v -28.423042 2.163245 6.647109
v -28.410287 -12.072957 0.100000
v -28.410287 -12.072957 0.600000
v -28.409207 -11.880503 5.054500
v -28.409207 -11.880503 6.000000
v -28.401916 -11.892873 1.300000
v -28.401916 -11.892873 1.800000
v -28.392622 -1.697921 6.952181
v -28.390167 1.694420 6.955887
v -28.387985 17.031553 4.000000
v -28.383350 2.540368 6.959201
v -28.381195 -2.537517 6.962805
v -28.378818 -10.602332 1.000000
v -28.365490 16.625726 8.900000
v -28.363636 15.909473 2.010714
v -28.362949 -12.370422 2.000000
v -28.362925 -11.869420 5.100000
v -28.362949 -10.590584 2.000000
v -28.358772 -2.398433 6.764930
v -28.356819 2.395781 6.768550
v -28.356509 16.057042 4.000000
v -28.346872 -12.381883 1.000000
v -28.323202 17.138106 6.902975
v -28.319397 -11.318095 0.100000
v -28.319397 -11.318095 0.600000
v -28.318596 -10.682166 1.800000
v -28.318596 -10.682166 2.000000
v -28.313181 -11.664449 0.100000
v -28.313181 -11.664449 0.600000
v -28.311656 15.884515 4.440853
v -28.289557 -12.299939 1.800000
v -28.289557 -12.299939 2.000000
v -28.271673 17.155857 7.901489
v -28.251605 4.236315 8.900000
v -28.241532 -10.876995 1.300000
v -28.241532 -10.876995 1.800000
v -28.242297 4.239522 9.400000
v -28.230617 -10.867667 5.054500
v -28.230617 -10.867667 6.000000
v -28.229592 -11.421300 0.100000
v -28.229592 -11.421300 0.600000
v -28.227136 -11.558087 0.100000
v -28.227136 -11.558087 0.600000
v -28.220096 17.173591 8.900000
v -28.216226 -1.866650 7.011414
v -28.213830 1.862768 7.015360
v -28.211665 -10.911320 5.100000
v -28.206058 15.579944 -0.100000
v -28.204308 -0.903002 7.460846
v -28.203392 0.900535 7.461919
v -28.201778 -20.728233 23.900001
v -28.189573 16.087140 8.900000
v -28.187048 -1.357568 7.249120
v -28.185074 1.353723 7.251859
v -28.174086 -11.055636 0.100000
v -28.174086 -11.055636 0.600000
v -28.163648 15.670617 0.000000
v -28.158541 -11.921523 0.100000
v -28.158541 -11.921523 0.600000
v -28.147154 -13.228198 2.000000
v -28.147154 -13.228198 6.000000
v -28.134491 -2.057434 7.149755
v -28.132000 -0.679666 7.544890
v -28.131931 2.053053 7.153859
v -28.123620 -2.152116 7.361439
v -28.121307 2.148206 7.364774
v -28.080065 0.451622 7.604197
v -28.038950 -11.076971 0.100000
v -28.038950 -11.076971 0.600000
v -28.039033 0.000000 7.650000
v -28.024261 -11.895351 0.100000
v -28.024261 -11.895351 0.600000
v -28.016176 -0.953780 7.480235
v -28.014858 -1.490152 7.327754
v -28.013678 0.946360 7.483532
v -28.012919 1.485909 7.330673
v -27.990003 -12.232257 5.054500
v -27.990003 -12.232257 6.000000
v -27.986348 5.732696 8.900000
v -27.979572 -1.836068 2.000000
v -27.979572 1.836068 2.000000
v -27.979231 5.723948 9.400000
v -27.976465 -12.237047 1.300000
v -27.976465 -12.237047 1.800000
v -27.961674 -12.194018 5.100000
v -27.960904 15.737828 4.000000
v -27.924142 9.672372 -0.100000
v -27.924142 9.672372 7.900000
v -27.921720 -11.006452 0.100000
v -27.921720 -11.006452 0.600000
v -27.920303 -1.636162 7.477427
v -27.918248 1.631448 7.480438
v -27.917247 -6.060269 8.900000
v -27.916040 -1.865082 4.000000
v -27.916040 1.865082 4.000000
v -27.906199 -6.070008 9.400000
v -27.904572 -11.961619 0.100000
v -27.904572 -11.961619 0.600000
v -27.900832 -0.495295 7.630398
v -27.899137 0.485135 7.632574
v -27.898507 9.734260 8.150000
v -27.891595 -1.696734 7.683535
v -27.890105 1.693275 7.685521
v -27.882516 -10.583340 0.100000
v -27.882516 -10.583340 0.600000
v -27.877243 -10.877075 0.100000
v -27.877243 -10.877075 0.600000
v -27.870018 -10.533108 0.100000
v -27.870018 -10.533108 0.600000
v -27.865558 -8.063917 4.000000
v -27.862511 -8.133692 2.000000
v -27.859402 -0.005207 7.683378
v -27.855482 -12.089316 0.100000
v -27.855482 -12.089316 0.600000
v -27.850208 -12.383050 0.100000
v -27.850208 -12.383050 0.600000
v -27.846594 -1.045570 7.574003
v -27.844129 1.037416 7.577516
v -27.838244 -1.724560 9.400000
v -27.838244 1.724560 9.400000
v -27.835915 -12.432802 0.100000
v -27.835915 -12.432802 0.600000
v -27.834077 -10.495855 0.100000
v -27.834077 -10.495855 0.600000
v -27.828472 9.903342 8.333012
v -27.798662 -12.468741 0.100000
v -27.798662 -12.468741 0.600000
v -27.784326 -10.481561 0.100000
v -27.784326 -10.481561 0.600000
v -27.776306 -17.828304 9.400000
v -27.776306 17.828304 9.400000
v -27.775431 -17.829666 9.900000
v -27.775431 17.829666 9.900000
v -27.750487 -9.580809 0.100000
v -27.748816 15.730729 8.900000
v -27.748430 -12.481239 0.100000
v -27.748430 -12.481239 0.600000
v -27.742500 -1.144831 7.730967
v -27.739902 1.135859 7.734575
v -27.736130 -10.380681 1.000000
v -27.734334 -10.480664 1.800000
v -27.734334 -10.480664 2.000000
v -27.732677 -0.542488 7.733924
v -27.732801 10.134312 8.400000
v -27.730744 -10.680631 1.300000
v -27.730744 -10.680631 1.800000
v -27.731004 0.531354 7.736240
v -27.729928 -10.726124 5.100000
v -27.716386 -13.580503 0.000000
v -27.716386 -13.380502 0.200000
v -27.716386 -12.580503 2.000000
v -27.716386 -10.680503 5.054500
v -27.716386 -10.680503 6.000000
v -27.716386 -10.380503 2.000000
v -27.716386 -9.680503 2.000000
v -27.716386 -9.680503 6.000000
v -27.716386 -9.580503 0.200000
v -27.716386 -9.380503 0.000000
v -27.704518 -1.175675 7.926754
v -27.702398 1.168270 7.929451
v -27.698438 -12.480342 1.800000
v -27.698438 -12.480342 2.000000
v -27.696643 -12.580326 1.000000
v -27.691710 -0.005702 7.790324
v -27.684343 -10.479766 0.100000
v -27.684343 -10.479766 0.600000
v -27.682285 -13.380197 0.100000
v -27.648447 -12.479445 0.100000
v -27.648447 -12.479445 0.600000
v -27.641892 7.212853 8.900000
v -27.638197 7.192423 9.400000
v -27.634110 -10.492264 0.100000
v -27.634110 -10.492264 0.600000
v -27.629142 -18.109018 8.900000
v -27.625146 -0.629009 2.000000
v -27.625146 0.629009 2.000000
v -27.622590 -0.592972 7.895066
v -27.620831 0.580787 7.897440
v -27.598693 -12.465152 0.100000
v -27.598693 -12.465152 0.600000
v -27.596855 -10.528204 0.100000
v -27.596855 -10.528204 0.600000
v -27.586966 -0.635893 8.073930
v -27.582564 -10.577955 0.100000
v -27.582564 -10.577955 0.600000
v -27.579546 -0.006229 7.952849
v -27.580404 0.590720 8.082066
v -27.577291 -10.871691 0.100000
v -27.577291 -10.871691 0.600000
v -27.562754 -12.427899 0.100000
v -27.562754 -12.427899 0.600000
v -27.555530 -12.083931 0.100000
v -27.555530 -12.083931 0.600000
v -27.556016 -0.638949 4.000000
v -27.556016 0.638949 4.000000
v -27.550256 -12.377666 0.100000
v -27.550256 -12.377666 0.600000
v -27.539341 -0.005035 8.132522
v -27.533648 -0.588225 9.400000
v -27.533648 0.588225 9.400000
v -27.528200 -10.999388 0.100000
v -27.528200 -10.999388 0.600000
v -27.511053 -11.954554 0.100000
v -27.511053 -11.954554 0.600000
v -27.500937 -22.870653 1.900000
v -27.446940 -18.767737 23.900001
v -27.445648 -12.184756 5.100000
v -27.442770 -12.232257 5.054500
v -27.442770 -12.232257 6.000000
v -27.429321 -12.227225 1.300000
v -27.429321 -12.227225 1.800000
v -27.425025 -18.974658 -0.100000
v -27.408512 -11.065654 0.100000
v -27.408512 -11.065654 0.600000
v -27.393820 -11.884035 0.100000
v -27.393820 -11.884035 0.600000
v -27.313597 22.494531 12.900000
v -27.285619 -13.228198 2.000000
v -27.285619 -13.228198 6.000000
v -27.285123 25.724931 -0.100000
v -27.274230 -11.039484 0.100000
v -27.274230 -11.039484 0.600000
v -27.261350 -19.027305 0.000000
v -27.258687 -11.905370 0.100000
v -27.258687 -11.905370 0.600000
v -27.241855 -10.893911 5.100000
v -27.233026 25.678377 1.900000
v -27.213237 -10.858537 1.300000
v -27.213237 -10.858537 1.800000
v -27.205634 -11.402919 0.100000
v -27.205634 -11.402919 0.600000
v -27.203178 -11.539705 0.100000
v -27.203178 -11.539705 0.600000
v -27.202156 -10.867667 5.054500
v -27.202156 -10.867667 6.000000
v -27.143216 -10.661067 1.800000
v -27.143216 -10.661067 2.000000
v -27.119591 -11.296557 0.100000
v -27.119591 -11.296557 0.600000
v -27.114174 -12.278841 1.800000
v -27.114174 -12.278841 2.000000
v -27.113373 -11.642911 0.100000
v -27.113373 -11.642911 0.600000
v -27.085898 -10.579123 1.000000
v -27.069821 -12.370422 2.000000
v -27.069821 -10.590584 2.000000
v -27.060692 -19.070146 4.000000
v -27.056303 -11.845964 5.100000
v -27.053955 -12.358674 1.000000
v -27.023566 -11.880503 5.054500
v -27.023566 -11.880503 6.000000
v -27.022486 -10.888050 0.100000
v -27.022486 -10.888050 0.600000
v -27.017083 22.250330 23.900001
v -27.016499 -11.868004 1.300000
v -27.016499 -11.868004 1.800000
v -27.008486 -9.308128 8.900000
v -27.001669 -12.047670 0.100000
v -27.001669 -12.047670 0.600000
v -26.997797 -9.312351 9.400000
v -26.975820 -11.336170 5.100000
v -26.972733 -10.873756 0.100000
v -26.972733 -10.873756 0.600000
v -26.951437 -12.060168 0.100000
v -26.951437 -12.060168 0.600000
v -26.931159 -11.327467 1.300000
v -26.931159 -11.327467 1.800000
v -26.928539 -11.341585 5.054500
v -26.928539 -11.341585 6.000000
v -26.922500 -10.886254 0.100000
v -26.922500 -10.886254 0.600000
v -26.922865 -9.754142 0.100000
v -26.901684 -12.045876 0.100000
v -26.901684 -12.045876 0.600000
v -26.892006 -13.192344 0.200000
v -26.892006 -9.768662 0.200000
v -26.885247 -10.922195 0.100000
v -26.885247 -10.922195 0.600000
v -26.879885 -9.886682 2.000000
v -26.879885 -9.886682 6.000000
v -26.867845 -11.145123 0.100000
v -26.867845 -11.145123 0.600000
v -26.865745 -12.008622 0.100000
v -26.865745 -12.008622 0.600000
v -26.861415 -13.177272 0.100000
v -26.856356 -11.785213 0.100000
v -26.856356 -11.785213 0.600000
v -26.833701 -11.007886 0.100000
v -26.833701 -11.007886 0.600000
v -26.831906 -11.107869 0.100000
v -26.831906 -11.107869 0.600000
v -26.819103 -11.821152 0.100000
v -26.819103 -11.821152 0.600000
v -26.819408 -11.057637 0.100000
v -26.819408 -11.057637 0.600000
v -26.817307 -11.921136 0.100000
v -26.817307 -11.921136 0.600000
v -26.805229 -13.372538 0.000000
v -26.804810 -11.870904 0.100000
v -26.804810 -11.870904 0.600000
v -26.805229 -9.588468 0.000000
v -26.771028 -11.154466 1.800000
v -26.771028 -11.154466 2.000000
v -26.759937 -11.772400 1.800000
v -26.759937 -11.772400 2.000000
v -26.709023 -8.285551 2.000000
v -26.699741 19.982331 -0.100000
v -26.688020 -8.218942 4.000000
v -26.676493 -11.121862 1.000000
v -26.670225 -11.820421 2.000000
v -26.670225 -11.140584 2.000000
v -26.664290 -11.801590 1.000000
v -26.615825 19.920274 0.000000
v -26.584749 12.905951 -0.100000
v -26.584749 12.905951 8.400000
v -26.522765 -12.827822 2.000000
v -26.522765 -12.827822 6.000000
v -26.463907 19.890026 4.000000
v -26.434395 -14.575499 2.000000
v -26.407669 -14.640025 4.000000
v -26.330750 20.304041 23.900001
v -26.260056 20.042841 8.900000
v -26.252408 -10.269401 0.100000
v -26.235015 -10.457987 2.000000
v -26.235015 -10.457987 6.000000
v -26.230905 -12.665133 0.200000
v -26.230905 -10.295873 0.200000
v -26.209884 -12.638282 0.100000
v -26.116848 -26.895115 0.210470
v -26.076813 -26.851754 1.900000
v -26.074541 -12.789831 0.000000
v -26.074541 -10.171174 0.000000
v -26.071649 24.487493 1.900000
v -26.032948 -23.965018 12.900000
v -26.033356 -12.118791 2.000000
v -26.033356 -12.118791 6.000000
v -25.929511 -11.263537 2.000000
v -25.929511 -11.263537 6.000000
v -25.904100 -26.683791 -0.100000
v -25.871909 -11.024535 0.100000
v -25.864022 -11.903293 0.200000
v -25.864022 -11.057713 0.200000
v -25.856733 -11.869978 0.100000
v -25.750337 -23.704855 23.900001
v -25.723290 -12.426254 8.900000
v -25.714087 -12.425239 9.400000
v -25.677035 -8.822770 2.000000
v -25.669038 -11.947796 0.000000
v -25.669038 -11.013209 0.000000
v -25.634518 -8.767360 4.000000
v -25.565367 -20.875430 9.400000
v -25.565367 20.875430 9.400000
v -25.564139 -20.876935 9.900000
v -25.564139 20.876935 9.900000
v -25.506568 9.758428 5.900000
v -25.484750 9.758428 8.400000
v -25.453537 -21.057622 8.900000
v -25.453160 -13.950382 2.000000
v -25.405974 -14.001875 4.000000
v -25.313690 8.913379 5.900000
v -25.313690 10.603477 5.900000
v -25.294034 8.922845 8.400000
v -25.294034 10.594010 8.400000
v -25.229850 -21.808813 -0.100000
v -25.128675 -21.774120 23.900001
v -25.083983 -21.817729 0.000000
v -25.063543 6.125967 9.400000
v -25.028312 6.211023 4.000000
v -24.974856 6.340073 0.000000
v -24.949107 -25.630260 1.900000
v -24.936588 6.432461 -0.100000
v -24.931905 -21.779613 4.000000
v -24.891024 -9.680550 2.000000
v -24.845364 9.571123 -0.100000
v -24.845364 9.571123 5.900000
v -24.832120 -9.643024 4.000000
v -24.773262 8.235702 5.900000
v -24.773262 11.281153 5.900000
v -24.759657 8.252760 8.400000
v -24.759657 11.264095 8.400000
v -24.744899 -13.027360 2.000000
v -24.742410 10.296357 -0.100000
v -24.742410 10.296357 5.900000
v -24.682949 -13.059610 4.000000
v -24.673240 25.362725 12.900000
v -24.646027 14.445512 8.900000
v -24.628968 14.457345 9.400000
v -24.539883 8.905357 -0.100000
v -24.539883 8.905357 5.900000
v -24.445794 -10.755430 2.000000
v -24.423599 28.455894 -0.100000
v -24.410217 22.722478 -0.100000
v -24.405389 25.087388 23.900001
v -24.395046 -11.917765 2.000000
v -24.377608 -10.740314 4.000000
v -24.377050 28.403807 1.900000
v -24.333498 22.651718 0.000000
v -24.325802 -11.926882 4.000000
v -24.263711 10.850801 -0.100000
v -24.263711 10.850801 5.900000
v -24.253132 22.533021 4.000000
v -24.079578 -15.371188 8.900000
v -24.072919 -15.365400 9.400000
v -24.009473 22.690334 8.900000
v -23.992319 7.859620 5.900000
v -23.992319 11.657234 5.900000
v -23.987463 7.880890 8.400000
v -23.987463 11.635965 8.400000
v -23.922954 8.510435 -0.100000
v -23.922954 8.510435 5.900000
v -23.867409 5.838801 9.400000
v -23.860185 5.930581 4.000000
v -23.854394 6.004163 4.650000
v -23.849227 6.069834 0.000000
v -23.844633 23.173175 23.900001
v -23.841381 6.169525 -0.100000
v -23.561246 11.058426 -0.100000
v -23.561246 11.058426 5.900000
v -23.384783 27.065110 1.900000
v -23.238597 -26.683404 12.900000
v -23.190451 8.511742 -0.100000
v -23.190451 8.511742 5.900000
v -23.133039 -29.500837 0.210470
v -23.130393 7.880890 8.400000
v -23.130393 11.635965 8.400000
v -23.125539 7.859620 5.900000
v -23.125539 11.657234 5.900000
v -23.098369 -29.453049 1.900000
v -23.021812 -23.650956 9.400000
v -23.021812 23.650956 9.400000
v -23.020189 -23.652537 9.900000
v -23.020189 23.652537 9.900000
v -22.986321 -26.393731 23.900001
v -22.964749 -23.747132 8.900000
v -22.945197 -29.267132 -0.100000
v -22.858047 10.853310 -0.100000
v -22.858047 10.853310 5.900000
v -22.777326 17.242185 8.900000
v -22.761064 17.249202 9.400000
v -22.743142 -24.390965 -0.100000
v -22.718525 6.257896 -0.100000
v -22.695181 6.160659 0.000000
v -22.679803 6.096605 4.650000
v -22.662573 6.024835 4.000000
v -22.641079 5.935315 9.400000
v -22.622294 -24.360855 0.000000
v -22.574937 8.908863 -0.100000
v -22.574937 8.908863 5.900000
v -22.533021 -24.253132 4.000000
v -22.482815 -24.496644 23.900001
v -22.377372 10.300575 -0.100000
v -22.377372 10.300575 5.900000
v -22.358198 8.252760 8.400000
v -22.358198 11.264095 8.400000
v -22.344594 8.235702 5.900000
v -22.344594 11.281153 5.900000
v -22.271831 9.575714 -0.100000
v -22.271831 9.575714 5.900000
v -22.181268 13.084394 -0.100000
v -22.142999 13.176782 0.000000
v -22.121782 -28.106849 1.900000
v -22.100255 -18.101885 8.900000
v -22.097101 -18.091960 9.400000
v -22.089546 13.305832 4.000000
v -22.054315 13.390888 9.400000
v -21.840844 25.202127 -0.100000
v -21.823823 8.922845 8.400000
v -21.823823 10.594010 8.400000
v -21.804166 8.913379 5.900000
v -21.804166 10.603477 5.900000
v -21.779613 24.931905 4.000000
v -21.772223 25.123491 0.000000
v -21.733382 27.923050 12.900000
v -21.677933 6.688923 -0.100000
v -21.633105 9.758428 8.400000
v -21.625683 6.603659 0.000000
v -21.611290 9.758428 5.900000
v -21.591265 6.547492 4.650000
v -21.552699 6.484560 4.000000
v -21.504595 6.406062 9.400000
v -21.497445 27.619917 23.900001
v -21.493244 25.086777 8.900000
v -21.290326 30.870245 -0.100000
v -21.249907 30.813279 1.900000
v -21.220915 12.495888 -0.100000
v -21.155970 12.571930 0.000000
v -21.113188 12.622020 4.650000
v -21.065254 12.678145 4.000000
v -21.047664 25.740209 23.900001
v -21.005464 12.748152 9.400000
v -20.821466 7.420415 -0.100000
v -20.745425 7.355469 0.000000
v -20.695336 7.312688 4.650000
v -20.639210 7.264753 4.000000
v -20.592866 19.799831 8.900000
v -20.578268 19.802420 9.400000
v -20.569203 7.204962 9.400000
v -20.489423 11.639422 -0.100000
v -20.444515 29.349446 1.900000
v -20.404160 11.691673 0.000000
v -20.347993 11.726091 4.650000
v -20.285060 11.764656 4.000000
v -20.232961 8.380767 -0.100000
v -20.206563 11.812760 9.400000
v -20.193400 -26.144454 8.900000
v -20.178733 -26.118772 9.400000
v -20.178733 26.118772 9.400000
v -20.176682 -26.120358 9.900000
v -20.176682 26.120358 9.900000
v -20.162160 -29.077892 12.900000
v -20.140574 8.342499 0.000000
v -20.079715 8.317290 4.650000
v -20.058396 10.598831 -0.100000
v -20.011523 8.289044 4.000000
v -19.993634 -26.691277 -0.100000
v -19.970026 9.475975 -0.100000
v -19.961159 10.622176 0.000000
v -19.943283 -28.762224 23.900001
v -19.926467 8.253813 9.400000
v -19.904188 -26.627858 0.000000
v -19.897106 10.637553 4.650000
v -19.890932 -31.777158 0.210470
v -19.890026 -26.463907 4.000000
v -19.870334 9.468129 0.000000
v -19.862107 -31.725597 1.900000
v -19.825336 10.654783 4.000000
v -19.814105 -20.567017 9.400000
v -19.812908 -20.580287 8.900000
v -19.804664 9.462960 4.650000
v -19.735816 10.676275 9.400000
v -19.731082 9.457169 4.000000
v -19.730327 -31.523979 -0.100000
v -19.639301 9.449946 9.400000
v -19.543860 -26.899815 23.900001
v -19.070146 27.060692 4.000000
v -19.050180 -30.273073 1.900000
v -19.021082 27.392848 -0.100000
v -18.961359 27.307258 0.000000
v -18.739214 27.205658 8.900000
v -18.529710 30.144427 12.900000
v -18.328552 29.817178 23.900001
v -18.122933 22.082999 8.900000
v -18.110778 22.081680 9.400000
v -17.976307 27.971680 23.900001
v -17.920171 32.941122 -0.100000
v -17.886386 32.879994 1.900000
v -17.282710 31.315749 1.900000
v -17.255664 -22.756164 9.400000
v -17.249417 -22.771850 8.900000
v -17.173591 -28.220096 8.900000
v -17.155857 -28.271673 7.901489
v -17.138106 -28.323202 6.902975
v -17.075713 -28.503492 3.401501
v -17.073119 -28.246772 9.400000
v -17.073119 28.246772 9.400000
v -17.070624 -28.248281 9.900000
v -17.070624 28.248281 9.900000
v -17.031553 -28.387985 4.000000
v -17.013099 -28.683169 -0.100000
v -16.960473 -28.593037 0.000000
v -16.840984 -31.119413 12.900000
v -16.710974 -28.584192 4.440852
v -16.658158 -30.781581 23.900001
v -16.651508 -28.609629 2.010714
v -16.625726 -28.365490 8.900000
v -16.539550 -28.515794 4.000000
v -16.469338 -28.718433 0.000000
v -16.467397 -28.822484 -0.100000
v -16.426724 -33.698661 0.210470
v -16.404148 -33.644030 1.900000
v -16.350120 -28.952308 23.900001
v -16.328135 -33.577919 0.055244
v -16.295353 -33.429158 -0.100000
v -16.294206 -33.588433 0.055195
v -16.266588 -28.542402 4.446175
v -16.259260 -33.595474 0.055092
v -16.252427 -28.571286 2.015476
v -16.241423 -33.597665 0.055020
v -16.230350 -33.748693 0.209862
v -16.223575 -33.598933 0.054936
v -16.189674 -33.448548 -0.100000
v -16.188023 -33.598740 0.054729
v -16.154083 28.896317 4.000000
v -16.152661 -33.594937 0.054474
v -16.139941 -33.692529 1.900000
v -16.118739 28.995981 2.000000
v -16.117584 -33.587494 0.054170
v -16.089193 -33.410428 -0.100000
v -16.087140 -28.189573 8.900000
v -16.083678 -33.576584 0.053824
v -16.057042 -28.356509 4.000000
v -16.051147 -33.562329 0.053440
v -16.030508 -33.716786 0.207640
v -16.022903 -33.325801 -0.100000
v -16.020004 -33.544710 0.053018
v -15.990874 -33.524041 0.052565
v -15.988597 -28.558397 0.000000
v -15.984266 28.994374 3.003201
v -15.983255 29.269528 -0.100000
v -15.964155 -33.500664 0.052088
v -15.939842 -33.474581 0.051587
v -15.937856 28.946629 4.000000
v -15.933249 -28.644662 -0.100000
v -15.933130 29.177985 0.000000
v -15.928632 -33.460538 0.051329
v -15.918199 -33.446000 0.051068
v -15.909473 -28.363636 2.010714
v -15.902712 29.045792 2.000000
v -15.888716 -33.597238 1.900000
v -15.884515 -28.311656 4.440852
v -15.859776 -33.608365 0.204167
v -15.810500 28.974369 3.005207
v -15.777849 29.023533 8.900000
v -15.768217 -32.105007 1.900000
v -15.745739 -33.440604 0.200000
v -15.737828 -27.960904 4.000000
v -15.730729 -27.748816 8.900000
v -15.728217 28.873844 4.000000
v -15.722978 -33.385656 1.900000
v -15.693450 28.972855 2.000000
v -15.687809 -31.910386 7.917449
v -15.670617 -28.163648 0.000000
v -15.661833 28.882210 3.003201
v -15.612321 -31.932423 8.302454
v -15.589690 28.700364 4.000000
v -15.579944 -28.206058 -0.100000
v -15.555183 28.799560 2.000000
v -15.503675 -32.154226 1.900000
v -15.438805 -31.977911 8.226206
v -15.423248 -31.959763 7.915503
v -15.408597 -32.018652 8.626856
v -15.401765 24.060032 8.900000
v -15.392734 24.055450 9.400000
v -15.274730 -32.046537 8.488928
v -15.251880 -32.059131 1.900000
v -15.241619 -31.942117 8.155348
v -15.171463 -31.864903 7.909065
v -15.113486 -31.995544 8.361642
v -15.109053 -32.152820 8.841079
v -15.101112 31.999891 12.900000
v -15.085757 -31.847267 1.900000
v -15.071905 -31.823385 8.107564
v -15.031399 -32.155023 8.665515
v -15.005410 -31.653295 7.900000
v -14.966624 -31.867857 8.278402
v -14.966899 -31.659958 8.091509
v -14.937176 31.652501 23.900001
v -14.923555 -32.081280 8.501472
v -14.867237 -31.702821 8.253716
v -14.811131 -31.940482 8.394165
v -14.756806 -32.313070 8.917450
v -14.731473 -32.257600 8.660144
v -14.720870 -31.773262 8.361995
v -14.670602 29.838498 23.900001
v -14.655166 -32.090507 8.469926
v -14.640025 26.407669 4.000000
v -14.575499 26.434395 2.000000
v -14.549227 -31.858532 8.400000
v -14.457345 -24.628968 9.400000
v -14.445512 -24.646027 8.900000
v -14.350629 34.645483 -0.100000
v -14.323901 34.580958 1.900000
v -14.001875 25.405974 4.000000
v -13.983694 -32.655079 8.917450
v -13.950382 25.453160 2.000000
v -13.933626 32.942712 1.900000
v -13.857391 30.142219 2.000000
v -13.786989 -32.195728 8.400000
v -13.745375 -30.007269 9.400000
v -13.745375 30.007269 9.400000
v -13.742431 -30.008619 9.900000
v -13.742431 30.008619 9.900000
v -13.580503 27.716386 0.000000
v -13.390888 -22.054315 9.400000
v -13.380197 27.682285 0.100000
v -13.380197 27.682285 0.200000
v -13.374456 -26.931884 -0.100000
v -13.372538 26.805229 0.000000
v -13.372538 28.627541 0.000000
v -13.315380 -32.783184 12.900000
v -13.305832 -22.089546 4.000000
v -13.228198 27.285619 2.000000
v -13.228198 27.285619 6.000000
v -13.228198 28.147154 2.000000
v -13.228198 28.147154 6.000000
v -13.206865 28.509908 0.100000
v -13.206865 28.509908 0.200000
v -13.202662 -32.978592 8.917450
v -13.176782 -22.142999 0.000000
v -13.177272 26.861415 0.100000
v -13.177272 26.861415 0.200000
v -13.170828 -32.427292 23.900001
v -13.122362 -26.603348 -0.100000
v -13.097292 -27.046690 0.200000
v -13.097292 -27.046690 7.900000
v -13.084394 -22.181268 -0.100000
v -13.059610 24.682949 4.000000
v -13.035403 -27.072325 8.150000
v -13.027360 24.744899 2.000000
v -13.016944 -32.514691 8.400000
v -12.943231 -30.627360 23.900001
v -12.939733 -26.841354 0.200000
v -12.939733 -26.841354 7.900000
v -12.898954 -26.894500 8.150000
v -12.866322 -27.142360 8.333012
v -12.827822 26.522765 2.000000
v -12.827822 26.522765 6.000000
v -12.827822 28.910007 2.000000
v -12.827822 28.910007 6.000000
v -12.789831 26.074541 0.000000
v -12.789831 29.358232 0.000000
v -12.787542 -27.039692 8.333012
v -12.762189 30.810649 -0.100000
v -12.748152 -21.005464 9.400000
v -12.739773 -26.444876 -0.100000
v -12.722250 30.714228 0.000000
v -12.700615 -26.742308 0.200000
v -12.700615 -26.742308 7.900000
v -12.691872 -26.808724 8.150000
v -12.691604 29.180365 0.100000
v -12.691604 29.180365 0.200000
v -12.678145 -21.065254 4.000000
v -12.667984 -26.990170 8.333012
v -12.641916 30.520287 8.900000
v -12.638282 26.209884 0.100000
v -12.638282 26.209884 0.200000
v -12.635353 -27.238033 8.400000
v -12.622020 -21.113188 4.650000
v -12.580503 27.716386 1.000000
v -12.580503 27.716386 2.000000
v -12.571930 -21.155970 0.000000
v -12.550154 -34.978914 0.204161
v -12.539681 -27.007062 8.333012
v -12.521815 -34.991853 1.900000
v -12.512161 -34.779997 0.200000
v -12.506201 -35.176396 0.207636
v -12.495888 -21.220915 -0.100000
v -12.489400 -34.725049 1.900000
v -12.481239 27.748430 0.100000
v -12.481239 27.748430 0.600000
v -12.480342 27.698438 1.800000
v -12.480342 27.698438 2.000000
v -12.479445 27.648447 0.100000
v -12.479445 27.648447 0.600000
v -12.469646 -26.837981 8.150000
v -12.468741 27.798662 0.100000
v -12.468741 27.798662 0.600000
v -12.467085 25.703526 8.900000
v -12.465152 27.598693 0.100000
v -12.465152 27.598693 0.600000
v -12.461736 25.696421 9.400000
v -12.444011 -26.776092 0.200000
v -12.444011 -26.776092 7.900000
v -12.432802 27.835915 0.100000
v -12.432802 27.835915 0.600000
v -12.427899 27.562754 0.100000
v -12.427899 27.562754 0.600000
v -12.414154 -33.283429 8.917450
v -12.411554 -35.236878 1.900000
v -12.400188 -34.976668 0.052084
v -12.400002 -34.958782 0.051836
v -12.399026 -35.000355 0.052406
v -12.398896 -34.940853 0.051581
v -12.393990 -34.905562 0.051065
v -12.392843 -33.226292 8.660144
v -12.391917 -35.047188 0.053013
v -12.387598 -35.340288 0.209861
v -12.387593 -35.064561 0.053229
v -12.385557 -34.871078 0.050539
v -12.383050 27.850208 0.100000
v -12.383050 27.850208 0.600000
v -12.382368 -35.081744 0.053437
v -12.377666 27.550256 0.100000
v -12.377666 27.550256 0.600000
v -12.370422 27.069821 1.000000
v -12.370422 27.069821 2.000000
v -12.370422 28.362949 1.000000
v -12.370422 28.362949 2.000000
v -12.369431 -35.114930 0.053822
v -12.353239 -35.146542 0.054167
v -12.333771 -35.176563 0.054471
v -12.328649 -33.054183 8.469926
v -12.329205 -26.498928 -0.100000
v -12.311373 -35.204403 0.054728
v -12.299939 28.289557 1.800000
v -12.299939 28.289557 2.000000
v -12.286413 -35.229669 0.054934
v -12.278841 27.114174 1.800000
v -12.278841 27.114174 2.000000
v -12.258899 -35.252366 0.055091
v -12.247963 -35.001516 -0.100000
v -12.244196 -35.262709 0.055150
v -12.239528 -32.815239 8.400000
v -12.237047 27.976465 1.300000
v -12.237047 27.976465 1.800000
v -12.237047 27.976465 5.054500
v -12.234997 -34.894803 -0.100000
v -12.232257 27.442770 6.000000
v -12.232257 27.990003 6.000000
v -12.229042 -35.272248 0.055195
v -12.227225 27.429321 1.300000
v -12.227225 27.429321 1.800000
v -12.227225 27.429321 5.054500
v -12.213103 -35.444000 0.210470
v -12.203866 -35.099523 -0.100000
v -12.194018 27.961674 5.100000
v -12.190437 -35.389404 1.900000
v -12.184756 27.445648 5.100000
v -12.132047 -33.237548 8.501340
v -12.118791 26.033356 2.000000
v -12.118791 26.033356 6.000000
v -12.118791 29.399414 2.000000
v -12.118791 29.399414 6.000000
v -12.115430 -35.160539 -0.100000
v -12.112033 -33.058469 8.394055
v -12.107854 -33.365982 8.665348
v -12.089316 27.855482 0.100000
v -12.089316 27.855482 0.600000
v -12.087250 28.460038 0.100000
v -12.087250 28.460038 0.600000
v -12.083931 27.555530 0.100000
v -12.083931 27.555530 0.600000
v -12.074752 28.510270 0.100000
v -12.074752 28.510270 0.600000
v -12.072957 28.410287 0.100000
v -12.072957 28.410287 0.600000
v -12.060168 26.951437 0.100000
v -12.060168 26.951437 0.600000
v -12.057630 -32.876396 8.361893
v -12.052736 -33.418796 8.842318
v -12.047670 27.001669 0.100000
v -12.047670 27.001669 0.600000
v -12.045876 26.901684 0.100000
v -12.045876 26.901684 0.600000
v -12.038811 28.547525 0.100000
v -12.038811 28.547525 0.600000
v -12.008622 26.865745 0.100000
v -12.008622 26.865745 0.600000
v -11.961619 27.904572 0.100000
v -11.961619 27.904572 0.600000
v -11.954554 27.511053 0.100000
v -11.954554 27.511053 0.600000
v -11.953120 28.599072 0.100000
v -11.953120 28.599072 0.600000
v -11.950731 -33.117073 8.278139
v -11.947796 25.669038 0.000000
v -11.947796 29.763734 0.000000
v -11.937120 -33.311231 8.361323
v -11.936471 29.560862 0.100000
v -11.936471 29.560862 0.200000
v -11.926882 24.325802 4.000000
v -11.921523 28.158541 0.100000
v -11.921523 28.158541 0.600000
v -11.921136 26.817307 0.100000
v -11.921136 26.817307 0.600000
v -11.917765 24.395046 2.000000
v -11.905370 27.258687 0.100000
v -11.905370 27.258687 0.600000
v -11.904322 -32.930090 8.253466
v -11.903369 28.613365 0.100000
v -11.903369 28.613365 0.600000
v -11.895351 28.024261 0.100000
v -11.895351 28.024261 0.600000
v -11.892873 28.401916 1.300000
v -11.892873 28.401916 1.800000
v -11.892873 28.401916 5.054500
v -11.884521 -33.453937 1.900000
v -11.884035 27.393820 0.100000
v -11.884035 27.393820 0.600000
v -11.880503 27.023566 6.000000
v -11.880503 28.409207 6.000000
v -11.870904 26.804810 0.100000
v -11.870904 26.804810 0.600000
v -11.869978 25.856733 0.100000
v -11.869978 25.856733 0.200000
v -11.869420 28.362925 5.100000
v -11.868004 27.016499 1.300000
v -11.868004 27.016499 1.800000
v -11.868004 27.016499 5.054500
v -11.859080 -33.461337 8.488523
v -11.853137 28.600867 0.100000
v -11.853137 28.600867 0.600000
v -11.852177 -33.186660 1.900000
v -11.845964 27.056303 5.100000
v -11.844988 -33.160024 8.107308
v -11.821152 26.819103 0.100000
v -11.821152 26.819103 0.600000
v -11.820421 26.670225 1.000000
v -11.820421 26.670225 2.000000
v -11.820421 28.762548 1.000000
v -11.820421 28.762548 2.000000
v -11.815883 28.564925 0.100000
v -11.815883 28.564925 0.600000
v -11.812760 -20.206563 9.400000
v -11.808918 -33.363996 8.155038
v -11.806540 28.661742 1.800000
v -11.806540 28.661742 2.000000
v -11.804044 -33.259735 7.909065
v -11.803683 -32.970212 8.091264
v -11.785213 26.856356 0.100000
v -11.785213 26.856356 0.600000
v -11.773717 -33.699224 1.900000
v -11.771832 -32.992685 7.900000
v -11.772400 26.759937 1.800000
v -11.772400 26.759937 2.000000
v -11.764656 -20.285060 4.000000
v -11.745565 -33.535943 8.627364
v -11.726091 -20.347993 4.650000
v -11.694762 -33.528748 8.225810
v -11.693082 -33.504848 7.915503
v -11.691673 -20.404160 0.000000
v -11.664449 28.313181 0.100000
v -11.664449 28.313181 0.600000
v -11.657234 -23.992319 5.900000
v -11.657234 -23.125539 5.900000
v -11.642911 27.113373 0.100000
v -11.642911 27.113373 0.600000
v -11.639422 -20.489423 -0.100000
v -11.635965 -23.987463 8.400000
v -11.635965 -23.130393 8.400000
v -11.558087 28.227136 0.100000
v -11.558087 28.227136 0.600000
v -11.551856 -33.851483 1.900000
v -11.541313 -33.618748 8.303240
v -11.539705 27.203178 0.100000
v -11.539705 27.203178 0.600000
v -11.515113 31.112423 2.000000
v -11.489208 33.466918 12.900000
v -11.471094 -33.657007 7.917449
v -11.421300 28.229592 0.100000
v -11.421300 28.229592 0.600000
v -11.402919 27.205634 0.100000
v -11.402919 27.205634 0.600000
v -11.364481 33.103604 23.900001
v -11.362842 28.461654 5.100000
v -11.355747 28.506598 1.300000
v -11.355747 28.506598 1.800000
v -11.355747 28.506598 5.054500
v -11.341585 26.928539 6.000000
v -11.341585 28.504233 6.000000
v -11.336170 26.975820 5.100000
v -11.327467 26.931159 1.300000
v -11.327467 26.931159 1.800000
v -11.327467 26.931159 5.054500
v -11.318095 28.319397 0.100000
v -11.318095 28.319397 0.600000
v -11.296557 27.119591 0.100000
v -11.296557 27.119591 0.600000
v -11.281153 -24.773262 5.900000
v -11.281153 -22.344594 5.900000
v -11.264095 -24.759657 8.400000
v -11.264095 -22.358198 8.400000
v -11.263537 25.929511 2.000000
v -11.263537 25.929511 6.000000
v -11.263537 29.503262 2.000000
v -11.263537 29.503262 6.000000
v -11.188606 28.672836 1.800000
v -11.188606 28.672836 2.000000
v -11.175793 28.576417 0.100000
v -11.175793 28.576417 0.600000
v -11.173643 31.316326 23.900001
v -11.154466 26.771028 1.800000
v -11.154466 26.771028 2.000000
v -11.145123 26.867845 0.100000
v -11.145123 26.867845 0.600000
v -11.140584 26.670225 1.000000
v -11.140584 26.670225 2.000000
v -11.140584 28.762548 1.000000
v -11.140584 28.762548 2.000000
v -11.139854 28.613670 0.100000
v -11.139854 28.613670 0.600000
v -11.107869 26.831906 0.100000
v -11.107869 26.831906 0.600000
v -11.091028 29.576039 0.100000
v -11.091028 29.576039 0.200000
v -11.090102 28.627963 0.100000
v -11.090102 28.627963 0.600000
v -11.076971 28.038950 0.100000
v -11.076971 28.038950 0.600000
v -11.065654 27.408512 0.100000
v -11.065654 27.408512 0.600000
v -11.058426 -23.561246 -0.100000
v -11.058426 -23.561246 5.900000
v -11.057637 26.819408 0.100000
v -11.057637 26.819408 0.600000
v -11.055636 28.174086 0.100000
v -11.055636 28.174086 0.600000
v -11.039870 28.615465 0.100000
v -11.039870 28.615465 0.600000
v -11.039484 27.274230 0.100000
v -11.039484 27.274230 0.600000
v -11.024535 25.871909 0.100000
v -11.024535 25.871909 0.200000
v -11.013209 25.669038 0.000000
v -11.013209 29.763734 0.000000
v -11.007886 26.833701 0.100000
v -11.007886 26.833701 0.600000
v -11.006452 27.921720 0.100000
v -11.006452 27.921720 0.600000
v -10.999388 27.528200 0.100000
v -10.999388 27.528200 0.600000
v -10.952384 28.567028 0.100000
v -10.952384 28.567028 0.600000
v -10.922195 26.885247 0.100000
v -10.922195 26.885247 0.600000
v -10.915130 28.531086 0.100000
v -10.915130 28.531086 0.600000
v -10.913336 28.431103 0.100000
v -10.913336 28.431103 0.600000
v -10.911320 28.211665 5.100000
v -10.900838 28.481336 0.100000
v -10.900838 28.481336 0.600000
v -10.893911 27.241855 5.100000
v -10.888050 27.022486 0.100000
v -10.888050 27.022486 0.600000
v -10.886254 26.922500 0.100000
v -10.886254 26.922500 0.600000
v -10.877075 27.877243 0.100000
v -10.877075 27.877243 0.600000
v -10.876995 28.241532 1.300000
v -10.876995 28.241532 1.800000
v -10.876995 28.241532 5.054500
v -10.873756 26.972733 0.100000
v -10.873756 26.972733 0.600000
v -10.871691 27.577291 0.100000
v -10.871691 27.577291 0.600000
v -10.867667 27.202156 6.000000
v -10.867667 28.230617 6.000000
v -10.858537 27.213237 1.300000
v -10.858537 27.213237 1.800000
v -10.858537 27.213237 5.054500
v -10.853310 -22.858047 -0.100000
v -10.853310 -22.858047 5.900000
v -10.850801 -24.263711 -0.100000
v -10.850801 -24.263711 5.900000
v -10.755430 24.445794 2.000000
v -10.740314 24.377608 4.000000
v -10.726124 27.729928 5.100000
v -10.682166 28.318596 1.800000
v -10.682166 28.318596 2.000000
v -10.680503 27.716386 6.000000
v -10.680631 27.730744 1.300000
v -10.680631 27.730744 1.800000
v -10.680631 27.730744 5.054500
v -10.676275 -19.735816 9.400000
v -10.661067 27.143216 1.800000
v -10.661067 27.143216 2.000000
v -10.654783 -19.825336 4.000000
v -10.637553 -19.897106 4.650000
v -10.622176 -19.961159 0.000000
v -10.621415 35.964365 -0.100000
v -10.603477 -25.313690 5.900000
v -10.603477 -21.804166 5.900000
v -10.602081 35.897250 1.900000
v -10.598831 -20.058396 -0.100000
v -10.594010 -25.294034 8.400000
v -10.594010 -21.823823 8.400000
v -10.590584 27.069821 1.000000
v -10.590584 27.069821 2.000000
v -10.590584 28.362949 1.000000
v -10.590584 28.362949 2.000000
v -10.583340 27.882516 0.100000
v -10.583340 27.882516 0.600000
v -10.577955 27.582564 0.100000
v -10.577955 27.582564 0.600000
v -10.533108 27.870018 0.100000
v -10.533108 27.870018 0.600000
v -10.528204 27.596855 0.100000
v -10.528204 27.596855 0.600000
v -10.495855 27.834077 0.100000
v -10.495855 27.834077 0.600000
v -10.492264 27.634110 0.100000
v -10.492264 27.634110 0.600000
v -10.481561 27.784326 0.100000
v -10.481561 27.784326 0.600000
v -10.480664 27.734334 1.800000
v -10.480664 27.734334 2.000000
v -10.479766 27.684343 0.100000
v -10.479766 27.684343 0.600000
v -10.457987 26.235015 2.000000
v -10.457987 26.235015 6.000000
v -10.457987 29.197757 2.000000
v -10.457987 29.197757 6.000000
v -10.433558 34.212704 1.900000
v -10.380503 27.716386 1.000000
v -10.380503 27.716386 2.000000
v -10.325654 -28.194740 8.400000
v -10.322725 29.222889 0.100000
v -10.322725 29.222889 0.200000
v -10.300575 -22.377372 -0.100000
v -10.300575 -22.377372 5.900000
v -10.296357 -24.742410 -0.100000
v -10.296357 -24.742410 5.900000
v -10.269401 26.252408 0.100000
v -10.269401 26.252408 0.200000
v -10.238798 -31.377358 9.400000
v -10.238798 31.377358 9.400000
v -10.235412 -31.378462 9.900000
v -10.235412 31.378462 9.900000
v -10.229982 -27.963769 8.333012
v -10.171174 26.074541 0.000000
v -10.171174 29.358232 0.000000
v -10.159947 -27.794688 8.150000
v -10.134312 -27.732801 0.200000
v -10.134312 -27.732801 7.900000
v -10.127316 -28.042550 8.333012
v -10.094683 -28.290410 8.333012
v -10.077792 -28.162110 8.333012
v -10.019506 -27.455637 -0.100000
v -9.982122 -27.931139 8.150000
v -9.928977 -27.890360 0.200000
v -9.928977 -27.890360 7.900000
v -9.925602 -28.360448 8.150000
v -9.896345 -28.138220 8.150000
v -9.886682 26.879885 2.000000
v -9.886682 26.879885 6.000000
v -9.886682 28.552887 2.000000
v -9.886682 28.552887 6.000000
v -9.863714 -28.386083 0.200000
v -9.863714 -28.386083 7.900000
v -9.829931 -28.129478 0.200000
v -9.829931 -28.129478 7.900000
v -9.783734 28.571358 0.100000
v -9.783734 28.571358 0.200000
v -9.758428 -25.506568 5.900000
v -9.758428 -25.484750 8.400000
v -9.758428 -21.633105 8.400000
v -9.758428 -21.611290 5.900000
v -9.754142 26.922865 0.100000
v -9.754142 26.922865 0.200000
v -9.690971 -27.707732 -0.100000
v -9.680550 24.891024 2.000000
v -9.680503 27.716386 2.000000
v -9.680503 27.716386 6.000000
v -9.643024 24.832120 4.000000
v -9.628144 -34.049015 12.900000
v -9.588468 26.805229 0.000000
v -9.588468 28.627541 0.000000
v -9.586550 -28.500886 -0.100000
v -9.580809 27.750487 0.100000
v -9.580809 27.750487 0.200000
v -9.575714 -22.271831 -0.100000
v -9.575714 -22.271831 5.900000
v -9.571123 -24.845364 -0.100000
v -9.571123 -24.845364 5.900000
v -9.532498 -28.090320 -0.100000
v -9.523621 -33.679380 23.900001
v -9.475975 -19.970026 -0.100000
v -9.468129 -19.870334 0.000000
v -9.462960 -19.804664 4.650000
v -9.457169 -19.731082 4.000000
v -9.449946 -19.639301 9.400000
v -9.394813 31.998549 -0.100000
v -9.389958 31.583848 2.000000
v -9.380503 27.716386 0.000000
v -9.367607 -31.903141 23.900001
v -9.366113 31.679361 8.900000
v -9.365527 31.898377 0.000000
v -9.365190 31.363540 2.000000
v -9.359577 26.990697 8.900000
v -9.358336 26.981893 9.400000
v -9.348219 31.497395 3.003205
v -9.308260 31.667683 3.005211
v -9.295361 31.538420 4.000000
v -9.293560 31.783390 2.000000
v -9.270647 31.317797 4.000000
v -9.199536 31.804702 3.003205
v -9.198591 31.738124 4.000000
v -9.105585 31.900923 2.000000
v -9.010120 31.855443 4.000000
v -8.988326 -31.521342 -0.100000
v -8.928010 -30.961378 -0.100000
v -8.922845 -25.294034 8.400000
v -8.922845 -21.823823 8.400000
v -8.913379 -25.313690 5.900000
v -8.913379 -21.804166 5.900000
v -8.908863 -22.574937 -0.100000
v -8.908863 -22.574937 5.900000
v -8.905357 -24.539883 -0.100000
v -8.905357 -24.539883 5.900000
v -8.888191 -31.499481 0.000000
v -8.833908 -30.995505 0.000000
v -8.822770 25.677035 2.000000
v -8.806425 -31.305816 2.010679
v -8.787334 -31.251421 4.440453
v -8.767360 25.634518 4.000000
v -8.736366 -32.024784 -0.100000
v -8.710750 -31.695151 2.015441
v -8.697036 -31.405122 4.000000
v -8.680331 -31.684752 4.445775
v -8.661419 -31.952581 0.000000
v -8.643019 -30.899668 4.000000
v -8.557713 -31.308365 8.900000
v -8.511742 -23.190451 -0.100000
v -8.511742 -23.190451 5.900000
v -8.510435 -23.922954 -0.100000
v -8.510435 -23.922954 5.900000
v -8.498070 -30.744681 8.900000
v -8.468483 -31.858938 4.000000
v -8.455671 -32.004459 2.010679
v -8.448709 -36.524734 0.210470
v -8.432308 -36.467972 1.900000
v -8.395652 -32.028527 4.440453
v -8.385506 28.998375 2.000000
v -8.382116 -36.232405 -0.100000
v -8.380767 -20.232961 -0.100000
v -8.342499 -20.140574 0.000000
v -8.320981 29.025102 4.000000
v -8.317290 -20.079715 4.650000
v -8.301268 -31.813595 8.900000
v -8.289044 -20.011523 4.000000
v -8.285551 26.709023 2.000000
v -8.253813 -19.926467 9.400000
v -8.252760 -24.759657 8.400000
v -8.252760 -22.358198 8.400000
v -8.251985 -32.312140 -0.100000
v -8.235702 -24.773262 5.900000
v -8.235702 -22.344594 5.900000
v -8.225465 -32.211196 0.000000
v -8.218942 26.688020 4.000000
v -8.203157 -32.288594 0.898530
v -8.154305 -32.265003 1.897057
v -8.133692 27.862511 2.000000
v -8.063917 27.865558 4.000000
v -8.030211 -32.116463 4.000000
v -7.982823 -32.181890 5.398542
v -7.970219 -34.868951 1.900000
v -7.880890 -23.987463 8.400000
v -7.880890 -23.130393 8.400000
v -7.859620 -23.992319 5.900000
v -7.859620 -23.125539 5.900000
v -7.811058 -32.098184 8.900000
v -7.737840 34.527705 12.900000
v -7.653838 34.152873 23.900001
v -7.531018 32.385895 23.900001
v -7.420415 -20.821466 -0.100000
v -7.355469 -20.745425 0.000000
v -7.312688 -20.695336 4.650000
v -7.264753 -20.639210 4.000000
v -7.212853 -27.641892 8.900000
v -7.204962 -20.569203 9.400000
v -7.192423 -27.638197 9.400000
v -6.820430 35.111964 1.900000
v -6.774024 36.883094 -0.100000
v -6.762325 36.814232 1.900000
v -6.688923 -21.677933 -0.100000
v -6.603659 -21.625683 0.000000
v -6.599010 -32.339213 9.400000
v -6.599010 32.339213 9.400000
v -6.595202 -32.339988 9.900000
v -6.595202 32.339988 9.900000
v -6.547492 -21.591265 4.650000
v -6.484560 -21.552699 4.000000
v -6.432461 -24.936588 -0.100000
v -6.406062 -21.504595 9.400000
v -6.340073 -24.974856 0.000000
v -6.257896 -22.718525 -0.100000
v -6.211023 -25.028312 4.000000
v -6.169525 -23.841381 -0.100000
v -6.160659 -22.695181 0.000000
v -6.125967 -25.063543 9.400000
v -6.125466 27.894077 9.400000
v -6.122319 27.903705 8.900000
v -6.096605 -22.679803 4.650000
v -6.069834 -23.849227 0.000000
v -6.024835 -22.662573 4.000000
v -6.004163 -23.854394 4.650000
v -5.986681 32.487931 8.900000
v -5.935315 -22.641079 9.400000
v -5.930581 -23.860185 4.000000
v -5.919732 32.819605 -0.100000
v -5.901442 32.716854 0.000000
v -5.838801 -23.867409 9.400000
v -5.824036 -34.901536 12.900000
v -5.760810 -34.522645 23.900001
v -5.669863 -32.763016 23.900001
v -5.650169 32.619429 4.000000
v -4.749925 -33.009210 -0.100000
v -4.734469 -32.905991 0.000000
v -4.648436 -32.777181 4.000000
v -4.592108 -37.206848 0.210470
v -4.582171 -37.148626 1.900000
v -4.557369 -36.909044 -0.100000
v -4.396235 -32.741091 8.900000
v -4.302216 -35.508578 1.900000
v -3.913936 -28.298068 8.900000
v -3.897475 -28.291528 9.400000
v -3.892545 35.169370 12.900000
v -3.850288 34.787574 23.900001
v -3.790214 33.033268 23.900001
v -3.133394 35.630746 1.900000
v -2.873365 -32.880318 9.400000
v -2.873365 32.880318 9.400000
v -2.869172 -32.880685 9.900000
v -2.869172 32.880685 9.900000
v -2.851263 37.391448 -0.100000
v -2.847347 37.321701 1.900000
v -2.807853 28.420360 9.400000
v -2.800188 28.429887 8.900000
v -2.541011 32.937050 8.900000
v -2.376784 33.264403 -0.100000
v -2.369704 33.160276 0.000000
v -2.229007 33.030033 4.000000
v -1.949232 -35.330398 12.900000
v -1.928072 -34.946854 23.900001
v -1.898203 -33.195772 23.900001
v -1.216303 -33.082807 4.000000
v -1.193411 -33.327847 -0.100000
v -1.189199 -33.223565 0.000000
v -0.932772 -33.021750 8.900000
v -0.685389 -37.482893 0.210470
v -0.682909 -37.183070 -0.100000
v -0.682038 -37.423944 1.900000
v -0.587595 -35.763431 1.900000
v -0.560761 -28.561950 8.900000
v -0.548606 -28.553457 9.400000
v 0.000000 33.250000 23.900001
v 0.000000 35.000000 23.900001
v 0.000000 35.384128 12.900000
v 0.548606 28.553457 9.400000
v 0.560761 28.561950 8.900000
v 0.587595 35.763431 1.900000
v 0.889663 -32.993636 9.400000
v 0.889663 32.993636 9.400000
v 0.894195 -32.993515 9.900000
v 0.894195 32.993515 9.900000
v 0.932772 33.021750 8.900000
v 1.099304 37.414012 1.900000
v 1.103223 37.483768 -0.100000
v 1.189199 33.223565 0.000000
v 1.193411 33.327847 -0.100000
v 1.216303 33.082807 4.000000
v 1.898203 -33.195772 23.900001
v 1.928072 -34.946854 23.900001
v 1.949232 -35.330398 12.900000
v 2.229007 -33.030033 4.000000
v 2.369704 -33.160276 0.000000
v 2.376784 -33.264403 -0.100000
v 2.541011 -32.937050 8.900000
v 2.800188 -28.429887 8.900000
v 2.807853 -28.420360 9.400000
v 3.133394 -35.630746 1.900000
v 3.198999 -37.051497 -0.100000
v 3.225537 -37.290919 1.900000
v 3.228810 -37.349856 0.210470
v 3.790214 33.033268 23.900001
v 3.850288 34.787574 23.900001
v 3.892545 35.169370 12.900000
v 3.897475 28.291528 9.400000
v 3.913936 28.298068 8.900000
v 4.302216 35.508578 1.900000
v 4.396235 32.741091 8.900000
v 4.641116 -32.677693 9.400000
v 4.641116 32.677693 9.400000
v 4.645925 -32.677009 9.900000
v 4.645925 32.677009 9.900000
v 4.648436 32.777181 4.000000
v 4.734469 32.905991 0.000000
v 4.749925 33.009210 -0.100000
v 5.033727 37.090139 1.900000
v 5.045434 37.159030 -0.100000
v 5.650169 -32.619429 4.000000
v 5.669863 -32.763016 23.900001
v 5.760810 -34.522645 23.900001
v 5.824036 -34.901536 12.900000
v 5.838801 23.867409 9.400000
v 5.901442 -32.716854 0.000000
v 5.919732 -32.819605 -0.100000
v 5.930581 23.860185 4.000000
v 5.935315 22.641079 9.400000
v 5.986681 -32.487931 8.900000
v 6.004163 23.854394 4.650000
v 6.024835 22.662573 4.000000
v 6.069834 23.849227 0.000000
v 6.096605 22.679803 4.650000
v 6.122319 -27.903705 8.900000
v 6.125466 -27.894077 9.400000
v 6.125967 25.063543 9.400000
v 6.160659 22.695181 0.000000
v 6.169525 23.841381 -0.100000
v 6.211023 25.028312 4.000000
v 6.257896 22.718525 -0.100000
v 6.340073 24.974856 0.000000
v 6.406062 21.504595 9.400000
v 6.432461 24.936588 -0.100000
v 6.484560 21.552699 4.000000
v 6.547492 21.591265 4.650000
v 6.603659 21.625683 0.000000
v 6.688923 21.677933 -0.100000
v 6.820430 -35.111964 1.900000
v 7.046013 -36.515760 -0.100000
v 7.097918 -36.751003 1.900000
v 7.107770 -36.809192 0.210470
v 7.192423 27.638197 9.400000
v 7.204962 20.569203 9.400000
v 7.212853 27.641892 8.900000
v 7.264753 20.639210 4.000000
v 7.312688 20.695336 4.650000
v 7.355469 20.745425 0.000000
v 7.420415 20.821466 -0.100000
v 7.531018 32.385895 23.900001
v 7.653838 34.152873 23.900001
v 7.737840 34.527705 12.900000
v 7.811058 32.098184 8.900000
v 7.859620 23.125539 5.900000
v 7.859620 23.992319 5.900000
v 7.880890 23.130393 8.400000
v 7.880890 23.987463 8.400000
v 7.970219 34.868951 1.900000
v 7.982823 32.181890 5.398542
v 8.030211 32.116463 4.000000
v 8.063917 -27.865558 4.000000
v 8.133692 -27.862511 2.000000
v 8.154305 32.265003 1.897057
v 8.203157 32.288594 0.898530
v 8.218942 -26.688020 4.000000
v 8.225465 32.211196 0.000000
v 8.235702 22.344594 5.900000
v 8.235702 24.773262 5.900000
v 8.251985 32.312140 -0.100000
v 8.252760 22.358198 8.400000
v 8.252760 24.759657 8.400000
v 8.253813 19.926467 9.400000
v 8.285551 -26.709023 2.000000
v 8.289044 20.011523 4.000000
v 8.301268 31.813595 8.900000
v 8.317290 20.079715 4.650000
v 8.320981 -29.025102 4.000000
v 8.332187 -31.936598 9.400000
v 8.332187 31.936598 9.400000
v 8.337200 -31.935289 9.900000
v 8.337200 31.935289 9.900000
v 8.342499 20.140574 0.000000
v 8.380767 20.232961 -0.100000
v 8.385506 -28.998375 2.000000
v 8.395652 32.028527 4.440453
v 8.455671 32.004459 2.010679
v 8.468483 31.858938 4.000000
v 8.498070 30.744681 8.900000
v 8.510435 23.922954 -0.100000
v 8.510435 23.922954 5.900000
v 8.511742 23.190451 -0.100000
v 8.511742 23.190451 5.900000
v 8.557713 31.308365 8.900000
v 8.643019 30.899668 4.000000
v 8.661419 31.952581 0.000000
v 8.680331 31.684752 4.445775
v 8.697036 31.405122 4.000000
v 8.710750 31.695151 2.015441
v 8.736366 32.024784 -0.100000
v 8.767360 -25.634518 4.000000
v 8.787334 31.251421 4.440453
v 8.806425 31.305816 2.010679
v 8.822770 -25.677035 2.000000
v 8.833908 30.995505 0.000000
v 8.888191 31.499481 0.000000
v 8.905357 24.539883 -0.100000
v 8.905357 24.539883 5.900000
v 8.908863 22.574937 -0.100000
v 8.908863 22.574937 5.900000
v 8.912156 36.353683 1.900000
v 8.913379 21.804166 5.900000
v 8.913379 25.313690 5.900000
v 8.922845 21.823823 8.400000
v 8.922845 25.294034 8.400000
v 8.928010 30.961378 -0.100000
v 8.931507 36.420848 -0.100000
v 8.988326 31.521342 -0.100000
v 9.010120 -31.855443 4.000000
v 9.105585 -31.900923 2.000000
v 9.198591 -31.738124 4.000000
v 9.199536 -31.804702 3.003205
v 9.270647 -31.317797 4.000000
v 9.293560 -31.783390 2.000000
v 9.295361 -31.538420 4.000000
v 9.308260 -31.667683 3.005210
v 9.348219 -31.497395 3.003205
v 9.358336 -26.981893 9.400000
v 9.359577 -26.990697 8.900000
v 9.365190 -31.363540 2.000000
v 9.365527 -31.898377 0.000000
v 9.366113 -31.679361 8.900000
v 9.367607 -31.903141 23.900001
v 9.380503 -27.716386 0.000000
v 9.389958 -31.583848 2.000000
v 9.394813 -31.998549 -0.100000
v 9.449946 19.639301 9.400000
v 9.457169 19.731082 4.000000
v 9.462960 19.804664 4.650000
v 9.468129 19.870334 0.000000
v 9.475975 19.970026 -0.100000
v 9.523621 -33.679380 23.900001
v 9.571123 24.845364 -0.100000
v 9.571123 24.845364 5.900000
v 9.575714 22.271831 -0.100000
v 9.575714 22.271831 5.900000
v 9.580809 -27.750487 0.100000
v 9.580809 -27.750487 0.200000
v 9.588468 -28.627541 0.000000
v 9.588468 -26.805229 0.000000
v 9.628144 -34.049015 12.900000
v 9.643024 -24.832120 4.000000
v 9.672372 27.924142 -0.100000
v 9.672372 27.924142 7.900000
v 9.680503 -27.716386 2.000000
v 9.680503 -27.716386 6.000000
v 9.680550 -24.891024 2.000000
v 9.734260 27.898507 8.150000
v 9.754142 -26.922865 0.100000
v 9.754142 -26.922865 0.200000
v 9.758428 21.611290 5.900000
v 9.758428 21.633105 8.400000
v 9.758428 25.484750 8.400000
v 9.758428 25.506568 5.900000
v 9.783734 -28.571358 0.100000
v 9.783734 -28.571358 0.200000
v 9.886682 -28.552887 2.000000
v 9.886682 -28.552887 6.000000
v 9.886682 -26.879885 2.000000
v 9.886682 -26.879885 6.000000
v 9.903342 27.828472 8.333012
v 10.134312 27.732801 8.400000
v 10.171174 -29.358232 0.000000
v 10.171174 -26.074541 0.000000
v 10.269401 -26.252408 0.100000
v 10.269401 -26.252408 0.200000
v 10.296357 24.742410 -0.100000
v 10.296357 24.742410 5.900000
v 10.300575 22.377372 -0.100000
v 10.300575 22.377372 5.900000
v 10.322725 -29.222889 0.100000
v 10.322725 -29.222889 0.200000
v 10.380503 -27.716386 1.000000
v 10.380503 -27.716386 2.000000
v 10.433558 -34.212704 1.900000
v 10.457987 -29.197757 2.000000
v 10.457987 -29.197757 6.000000
v 10.457987 -26.235015 2.000000
v 10.457987 -26.235015 6.000000
v 10.479766 -27.684343 0.100000
v 10.479766 -27.684343 0.600000
v 10.480664 -27.734334 1.800000
v 10.480664 -27.734334 2.000000
v 10.481561 -27.784326 0.100000
v 10.481561 -27.784326 0.600000
v 10.492264 -27.634110 0.100000
v 10.492264 -27.634110 0.600000
v 10.495855 -27.834077 0.100000
v 10.495855 -27.834077 0.600000
v 10.528204 -27.596855 0.100000
v 10.528204 -27.596855 0.600000
v 10.533108 -27.870018 0.100000
v 10.533108 -27.870018 0.600000
v 10.577955 -27.582564 0.100000
v 10.577955 -27.582564 0.600000
v 10.583340 -27.882516 0.100000
v 10.583340 -27.882516 0.600000
v 10.590584 -28.362949 1.000000
v 10.590584 -28.362949 2.000000
v 10.590584 -27.069821 1.000000
v 10.590584 -27.069821 2.000000
v 10.594010 21.823823 8.400000
v 10.594010 25.294034 8.400000
v 10.598831 20.058396 -0.100000
v 10.603477 21.804166 5.900000
v 10.603477 25.313690 5.900000
v 10.622176 19.961159 0.000000
v 10.637553 19.897106 4.650000
v 10.654783 19.825336 4.000000
v 10.661067 -27.143216 1.800000
v 10.661067 -27.143216 2.000000
v 10.676275 19.735816 9.400000
v 10.680631 -27.730744 1.300000
v 10.680631 -27.730744 1.800000
v 10.680503 -27.716386 5.054500
v 10.680503 -27.716386 6.000000
v 10.682166 -28.318596 1.800000
v 10.682166 -28.318596 2.000000
v 10.726124 -27.729928 5.100000
v 10.740314 -24.377608 4.000000
v 10.755430 -24.445794 2.000000
v 10.816168 -35.581703 -0.100000
v 10.850801 24.263711 -0.100000
v 10.850801 24.263711 5.900000
v 10.853310 22.858047 -0.100000
v 10.853310 22.858047 5.900000
v 10.858537 -27.213237 1.300000
v 10.858537 -27.213237 1.800000
v 10.867667 -28.230617 5.054500
v 10.867667 -28.230617 6.000000
v 10.867667 -27.202156 5.054500
v 10.867667 -27.202156 6.000000
v 10.871691 -27.577291 0.100000
v 10.871691 -27.577291 0.600000
v 10.873756 -26.972733 0.100000
v 10.873756 -26.972733 0.600000
v 10.876995 -28.241532 1.300000
v 10.876995 -28.241532 1.800000
v 10.877075 -27.877243 0.100000
v 10.877075 -27.877243 0.600000
v 10.886254 -26.922500 0.100000
v 10.886254 -26.922500 0.600000
v 10.888050 -27.022486 0.100000
v 10.888050 -27.022486 0.600000
v 10.892851 -35.810089 1.900000
v 10.893911 -27.241855 5.100000
v 10.900838 -28.481336 0.100000
v 10.900838 -28.481336 0.600000
v 10.909158 -35.866799 0.210470
v 10.911320 -28.211665 5.100000
v 10.913336 -28.431103 0.100000
v 10.913336 -28.431103 0.600000
v 10.915130 -28.531086 0.100000
v 10.915130 -28.531086 0.600000
v 10.922195 -26.885247 0.100000
v 10.922195 -26.885247 0.600000
v 10.952384 -28.567028 0.100000
v 10.952384 -28.567028 0.600000
v 10.999388 -27.528200 0.100000
v 10.999388 -27.528200 0.600000
v 11.006452 -27.921720 0.100000
v 11.006452 -27.921720 0.600000
v 11.007886 -26.833701 0.100000
v 11.007886 -26.833701 0.600000
v 11.013209 -29.763734 0.000000
v 11.013209 -25.669038 0.000000
v 11.024535 -25.871909 0.100000
v 11.024535 -25.871909 0.200000
v 11.039484 -27.274230 0.100000
v 11.039484 -27.274230 0.600000
v 11.039870 -28.615465 0.100000
v 11.039870 -28.615465 0.600000
v 11.055636 -28.174086 0.100000
v 11.055636 -28.174086 0.600000
v 11.057637 -26.819408 0.100000
v 11.057637 -26.819408 0.600000
v 11.058426 23.561246 -0.100000
v 11.058426 23.561246 5.900000
v 11.065654 -27.408512 0.100000
v 11.065654 -27.408512 0.600000
v 11.076971 -28.038950 0.100000
v 11.076971 -28.038950 0.600000
v 11.090102 -28.627963 0.100000
v 11.090102 -28.627963 0.600000
v 11.091028 -29.576039 0.100000
v 11.091028 -29.576039 0.200000
v 11.107869 -26.831906 0.100000
v 11.107869 -26.831906 0.600000
v 11.139854 -28.613670 0.100000
v 11.139854 -28.613670 0.600000
v 11.140584 -28.762548 1.000000
v 11.140584 -28.762548 2.000000
v 11.140584 -26.670225 1.000000
v 11.140584 -26.670225 2.000000
v 11.145123 -26.867845 0.100000
v 11.145123 -26.867845 0.600000
v 11.154466 -26.771028 1.800000
v 11.154466 -26.771028 2.000000
v 11.173643 31.316326 23.900001
v 11.175793 -28.576417 0.100000
v 11.175793 -28.576417 0.600000
v 11.188606 -28.672836 1.800000
v 11.188606 -28.672836 2.000000
v 11.263537 -29.503262 2.000000
v 11.263537 -29.503262 6.000000
v 11.263537 -25.929511 2.000000
v 11.263537 -25.929511 6.000000
v 11.264095 22.358198 8.400000
v 11.264095 24.759657 8.400000
v 11.281153 22.344594 5.900000
v 11.281153 24.773262 5.900000
v 11.296557 -27.119591 0.100000
v 11.296557 -27.119591 0.600000
v 11.318095 -28.319397 0.100000
v 11.318095 -28.319397 0.600000
v 11.327467 -26.931159 1.300000
v 11.327467 -26.931159 1.800000
v 11.336170 -26.975820 5.100000
v 11.341585 -28.504233 5.054500
v 11.341585 -28.504233 6.000000
v 11.341585 -26.928539 5.054500
v 11.341585 -26.928539 6.000000
v 11.355747 -28.506598 1.300000
v 11.355747 -28.506598 1.800000
v 11.362842 -28.461654 5.100000
v 11.364481 33.103604 23.900001
v 11.402919 -27.205634 0.100000
v 11.402919 -27.205634 0.600000
v 11.421300 -28.229592 0.100000
v 11.421300 -28.229592 0.600000
v 11.471094 33.657007 7.917449
v 11.489196 33.466923 12.900000
v 11.515113 -31.112423 2.000000
v 11.539705 -27.203178 0.100000
v 11.539705 -27.203178 0.600000
v 11.541313 33.618748 8.303241
v 11.551856 33.851483 1.900000
v 11.558087 -28.227136 0.100000
v 11.558087 -28.227136 0.600000
v 11.635965 23.130393 8.400000
v 11.635965 23.987463 8.400000
v 11.639422 20.489423 -0.100000
v 11.642911 -27.113373 0.100000
v 11.642911 -27.113373 0.600000
v 11.657234 23.125539 5.900000
v 11.657234 23.992319 5.900000
v 11.664449 -28.313181 0.100000
v 11.664449 -28.313181 0.600000
v 11.691673 20.404160 0.000000
v 11.693082 33.504848 7.915503
v 11.694758 33.528752 8.225812
v 11.726091 20.347993 4.650000
v 11.745565 33.535943 8.627364
v 11.764656 20.285060 4.000000
v 11.772400 -26.759937 1.800000
v 11.772400 -26.759937 2.000000
v 11.771832 32.992685 7.900000
v 11.773717 33.699224 1.900000
v 11.785213 -26.856356 0.100000
v 11.785213 -26.856356 0.600000
v 11.803683 32.970212 8.091264
v 11.804044 33.259735 7.909065
v 11.806540 -28.661742 1.800000
v 11.806540 -28.661742 2.000000
v 11.808913 33.364005 8.155041
v 11.812760 20.206563 9.400000
v 11.815883 -28.564925 0.100000
v 11.815883 -28.564925 0.600000
v 11.820421 -28.762548 1.000000
v 11.820421 -28.762548 2.000000
v 11.820421 -26.670225 1.000000
v 11.820421 -26.670225 2.000000
v 11.821152 -26.819103 0.100000
v 11.821152 -26.819103 0.600000
v 11.844988 33.160028 8.107308
v 11.845964 -27.056303 5.100000
v 11.852177 33.186660 1.900000
v 11.853137 -28.600867 0.100000
v 11.853137 -28.600867 0.600000
v 11.859076 33.461342 8.488527
v 11.868004 -27.016499 1.300000
v 11.868004 -27.016499 1.800000
v 11.869420 -28.362925 5.100000
v 11.869978 -25.856733 0.100000
v 11.869978 -25.856733 0.200000
v 11.870904 -26.804810 0.100000
v 11.870904 -26.804810 0.600000
v 11.880503 -28.409207 5.054500
v 11.880503 -28.409207 6.000000
v 11.880503 -27.023566 5.054500
v 11.880503 -27.023566 6.000000
v 11.884035 -27.393820 0.100000
v 11.884035 -27.393820 0.600000
v 11.884521 33.453937 1.900000
v 11.892873 -28.401916 1.300000
v 11.892873 -28.401916 1.800000
v 11.895351 -28.024261 0.100000
v 11.895351 -28.024261 0.600000
v 11.903369 -28.613365 0.100000
v 11.903369 -28.613365 0.600000
v 11.904322 32.930090 8.253466
v 11.905370 -27.258687 0.100000
v 11.905370 -27.258687 0.600000
v 11.914852 -30.779991 9.400000
v 11.914852 30.779991 9.400000
v 11.917765 -24.395046 2.000000
v 11.919985 -30.778003 9.900000
v 11.919985 30.778003 9.900000
v 11.921136 -26.817307 0.100000
v 11.921136 -26.817307 0.600000
v 11.921523 -28.158541 0.100000
v 11.921523 -28.158541 0.600000
v 11.926882 -24.325802 4.000000
v 11.936471 -29.560862 0.100000
v 11.936471 -29.560862 0.200000
v 11.937118 33.311241 8.361329
v 11.947796 -29.763734 0.000000
v 11.947796 -25.669038 0.000000
v 11.950732 33.117077 8.278140
v 11.953120 -28.599072 0.100000
v 11.953120 -28.599072 0.600000
v 11.954554 -27.511053 0.100000
v 11.954554 -27.511053 0.600000
v 11.961619 -27.904572 0.100000
v 11.961619 -27.904572 0.600000
v 12.008622 -26.865745 0.100000
v 12.008622 -26.865745 0.600000
v 12.038811 -28.547525 0.100000
v 12.038811 -28.547525 0.600000
v 12.045876 -26.901684 0.100000
v 12.045876 -26.901684 0.600000
v 12.047670 -27.001669 0.100000
v 12.047670 -27.001669 0.600000
v 12.052107 33.419032 8.842046
v 12.057630 32.876396 8.361893
v 12.060168 -26.951437 0.100000
v 12.060168 -26.951437 0.600000
v 12.072957 -28.410287 0.100000
v 12.072957 -28.410287 0.600000
v 12.074752 -28.510270 0.100000
v 12.074752 -28.510270 0.600000
v 12.083931 -27.555530 0.100000
v 12.083931 -27.555530 0.600000
v 12.087250 -28.460038 0.100000
v 12.087250 -28.460038 0.600000
v 12.089316 -27.855482 0.100000
v 12.089316 -27.855482 0.600000
v 12.107853 33.365984 8.665353
v 12.112035 33.058474 8.394057
v 12.118791 -29.399414 2.000000
v 12.118791 -29.399414 6.000000
v 12.118791 -26.033356 2.000000
v 12.118791 -26.033356 6.000000
v 12.132047 33.237555 8.501347
v 12.184756 -27.445648 5.100000
v 12.194018 -27.961674 5.100000
v 12.227225 -27.429321 1.300000
v 12.227225 -27.429321 1.800000
v 12.232257 -27.990003 5.054500
v 12.232257 -27.990003 6.000000
v 12.232257 -27.442770 5.054500
v 12.232257 -27.442770 6.000000
v 12.237047 -27.976465 1.300000
v 12.237047 -27.976465 1.800000
v 12.239528 32.815239 8.400000
v 12.278841 -27.114174 1.800000
v 12.278841 -27.114174 2.000000
v 12.299939 -28.289557 1.800000
v 12.299939 -28.289557 2.000000
v 12.328649 33.054183 8.469926
v 12.370422 -28.362949 1.000000
v 12.370422 -28.362949 2.000000
v 12.370422 -27.069821 1.000000
v 12.370422 -27.069821 2.000000
v 12.377666 -27.550256 0.100000
v 12.377666 -27.550256 0.600000
v 12.383050 -27.850208 0.100000
v 12.383050 -27.850208 0.600000
v 12.392843 33.226292 8.660144
v 12.414154 33.283429 8.917450
v 12.427899 -27.562754 0.100000
v 12.427899 -27.562754 0.600000
v 12.432802 -27.835915 0.100000
v 12.432802 -27.835915 0.600000
v 12.461736 -25.696421 9.400000
v 12.465152 -27.598693 0.100000
v 12.465152 -27.598693 0.600000
v 12.467085 -25.703526 8.900000
v 12.468741 -27.798662 0.100000
v 12.468741 -27.798662 0.600000
v 12.479445 -27.648447 0.100000
v 12.479445 -27.648447 0.600000
v 12.480342 -27.698438 1.800000
v 12.480342 -27.698438 2.000000
v 12.481239 -27.748430 0.100000
v 12.481239 -27.748430 0.600000
v 12.495888 21.220915 -0.100000
v 12.571930 21.155970 0.000000
v 12.580503 -27.716386 1.000000
v 12.580503 -27.716386 2.000000
v 12.622020 21.113188 4.650000
v 12.638282 -26.209884 0.100000
v 12.638282 -26.209884 0.200000
v 12.641916 -30.520287 8.900000
v 12.678145 21.065254 4.000000
v 12.691449 35.212836 1.900000
v 12.691604 -29.180365 0.100000
v 12.691604 -29.180365 0.200000
v 12.718204 35.277433 -0.100000
v 12.722250 -30.714228 0.000000
v 12.748152 21.005464 9.400000
v 12.762189 -30.810649 -0.100000
v 12.789831 -29.358232 0.000000
v 12.789831 -26.074541 0.000000
v 12.827822 -28.910007 2.000000
v 12.827822 -28.910007 6.000000
v 12.827822 -26.522765 2.000000
v 12.827822 -26.522765 6.000000
v 12.905951 26.584749 -0.100000
v 12.905951 26.584749 8.400000
v 12.943231 -30.627360 23.900001
v 13.027360 -24.744899 2.000000
v 13.059610 -24.682949 4.000000
v 13.084394 22.181268 -0.100000
v 13.170828 -32.427292 23.900001
v 13.171668 32.452321 8.400000
v 13.177272 -26.861415 0.100000
v 13.177272 -26.861415 0.200000
v 13.176782 22.142999 0.000000
v 13.206865 -28.509908 0.100000
v 13.206865 -28.509908 0.200000
v 13.228198 -28.147154 2.000000
v 13.228198 -28.147154 6.000000
v 13.228198 -27.285619 2.000000
v 13.228198 -27.285619 6.000000
v 13.305832 22.089546 4.000000
v 13.315380 -32.783184 12.900000
v 13.351872 32.918465 8.917450
v 13.372538 -28.627541 0.000000
v 13.372538 -26.805229 0.000000
v 13.380197 -27.682285 0.100000
v 13.380197 -27.682285 0.200000
v 13.390888 22.054315 9.400000
v 13.580503 -27.716386 0.000000
v 13.857391 -30.142219 2.000000
v 13.933626 -32.942712 1.900000
v 13.950382 -25.453160 2.000000
v 14.001875 -25.405974 4.000000
v 14.093063 32.062931 8.400000
v 14.278877 32.527089 8.917450
v 14.445512 24.646027 8.900000
v 14.457345 24.628968 9.400000
v 14.468337 -34.259515 -0.100000
v 14.568930 -34.478443 1.900000
v 14.575499 -26.434395 2.000000
v 14.591485 -34.532964 0.210470
v 14.640025 -26.407669 4.000000
v 14.670602 29.838498 23.900001
v 14.937176 31.652501 23.900001
v 15.002964 31.647387 8.400000
v 15.077765 31.827974 8.439692
v 15.125948 31.988158 12.900000
v 15.140712 31.979942 8.552530
v 15.181782 32.079096 8.720688
v 15.194424 32.109616 8.917450
v 15.288316 32.336290 1.900000
v 15.342499 -29.222925 9.400000
v 15.342499 29.222925 9.400000
v 15.347660 -29.220214 9.900000
v 15.347660 29.220214 9.900000
v 15.392734 -24.055450 9.400000
v 15.401765 -24.060032 8.900000
v 15.555183 -28.799560 2.000000
v 15.579944 28.206058 -0.100000
v 15.589690 -28.700364 4.000000
v 15.661833 -28.882210 3.003201
v 15.670617 28.163648 0.000000
v 15.693450 -28.972855 2.000000
v 15.728217 -28.873844 4.000000
v 15.730729 27.748816 8.900000
v 15.737828 27.960904 4.000000
v 15.777849 -29.023533 8.900000
v 15.810500 -28.974369 3.005207
v 15.884515 28.311656 4.440852
v 15.902712 -29.045792 2.000000
v 15.909473 28.363636 2.010713
v 15.925027 33.873446 1.900000
v 15.933130 -29.177985 0.000000
v 15.933249 28.644662 -0.100000
v 15.937856 -28.946629 4.000000
v 15.951784 33.938041 -0.100000
v 15.983255 -29.269528 -0.100000
v 15.984266 -28.994374 3.003201
v 15.988597 28.558397 0.000000
v 16.057042 28.356509 4.000000
v 16.087140 28.189573 8.900000
v 16.118739 -28.995981 2.000000
v 16.154083 -28.896317 4.000000
v 16.252427 28.571286 2.015476
v 16.266588 28.542402 4.446175
v 16.350120 -28.952308 23.900001
v 16.467397 28.822484 -0.100000
v 16.469338 28.718433 0.000000
v 16.539550 28.515794 4.000000
v 16.625726 28.365490 8.900000
v 16.651508 28.609629 2.010713
v 16.658158 -30.781581 23.900001
v 16.710974 28.584192 4.440852
v 16.840984 -31.119413 12.900000
v 16.960473 28.593037 0.000000
v 17.013099 28.683169 -0.100000
v 17.031553 28.387985 4.000000
v 17.075713 28.503492 3.401501
v 17.138106 28.323202 6.902975
v 17.155857 28.271673 7.901489
v 17.173591 28.220096 8.900000
v 17.282710 -31.315749 1.900000
v 17.322375 22.716401 8.900000
v 17.330558 22.699177 9.400000
v 17.962683 -32.563615 -0.100000
v 17.976307 27.971680 23.900001
v 18.086044 -32.770593 1.900000
v 18.110778 -22.081680 9.400000
v 18.114564 -32.822242 0.210470
v 18.122933 -22.082999 8.900000
v 18.328552 29.817178 23.900001
v 18.529710 30.144427 12.900000
v 18.567019 30.571785 1.900000
v 18.570533 -27.285652 9.400000
v 18.570533 27.285652 9.400000
v 18.575618 -27.282190 9.900000
v 18.575618 27.282190 9.900000
v 18.739214 -27.205658 8.900000
v 18.961359 -27.307258 0.000000
v 19.021082 -27.392848 -0.100000
v 19.070146 -27.060692 4.000000
v 19.404089 32.007782 1.900000
v 19.437900 32.068958 -0.100000
v 19.543860 -26.899815 23.900001
v 19.639301 -9.449946 9.400000
v 19.731082 -9.457169 4.000000
v 19.735816 -10.676275 9.400000
v 19.804664 -9.462960 4.650000
v 19.825336 -10.654783 4.000000
v 19.867951 26.654906 0.000000
v 19.870334 -9.468129 0.000000
v 19.890026 26.463907 4.000000
v 19.897106 -10.637553 4.650000
v 19.922322 26.744547 -0.100000
v 19.926467 -8.253813 9.400000
v 19.943283 -28.762224 23.900001
v 19.944532 20.452754 8.900000
v 19.949223 20.435984 9.400000
v 19.961159 -10.622176 0.000000
v 19.970026 -9.475975 -0.100000
v 20.011523 -8.289044 4.000000
v 20.058396 -10.598831 -0.100000
v 20.079715 -8.317290 4.650000
v 20.091169 26.223099 8.900000
v 20.140574 -8.342499 0.000000
v 20.162160 -29.077892 12.900000
v 20.206563 -11.812760 9.400000
v 20.232961 -8.380767 -0.100000
v 20.285060 -11.764656 4.000000
v 20.347993 -11.726091 4.650000
v 20.404160 -11.691673 0.000000
v 20.444515 -29.349446 1.900000
v 20.489423 -11.639422 -0.100000
v 20.569203 -7.204962 9.400000
v 20.578268 -19.802420 9.400000
v 20.592866 -19.799831 8.900000
v 20.639210 -7.264753 4.000000
v 20.695336 -7.312688 4.650000
v 20.745425 -7.355469 0.000000
v 20.821466 -7.420415 -0.100000
v 21.005464 -12.748152 9.400000
v 21.047664 25.740209 23.900001
v 21.065254 -12.678145 4.000000
v 21.113188 -12.622020 4.650000
v 21.155970 -12.571930 0.000000
v 21.220915 -12.495888 -0.100000
v 21.261091 -30.512507 -0.100000
v 21.405816 -30.705175 1.900000
v 21.439943 -30.753305 0.210470
v 21.493244 -25.086777 8.900000
v 21.497445 27.619917 23.900001
v 21.504595 -6.406062 9.400000
v 21.552699 -6.484560 4.000000
v 21.556957 -24.993384 9.400000
v 21.556957 24.993384 9.400000
v 21.561859 -24.989152 9.900000
v 21.561859 24.989152 9.900000
v 21.591265 -6.547492 4.650000
v 21.611290 -9.758428 5.900000
v 21.625683 -6.603659 0.000000
v 21.633105 -9.758428 8.400000
v 21.644526 28.476002 1.900000
v 21.677933 -6.688923 -0.100000
v 21.733382 27.923050 12.900000
v 21.772223 -25.123491 0.000000
v 21.779613 -24.931905 4.000000
v 21.804166 -10.603477 5.900000
v 21.804166 -8.913379 5.900000
v 21.823823 -10.594010 8.400000
v 21.823823 -8.922845 8.400000
v 21.840844 -25.202127 -0.100000
v 22.054315 -13.390888 9.400000
v 22.089546 -13.305832 4.000000
v 22.142999 -13.176782 0.000000
v 22.181268 -13.084394 -0.100000
v 22.271831 -9.575714 -0.100000
v 22.271831 -9.575714 5.900000
v 22.273428 17.888374 8.900000
v 22.274876 17.872629 9.400000
v 22.344594 -11.281153 5.900000
v 22.344594 -8.235702 5.900000
v 22.358198 -11.264095 8.400000
v 22.358198 -8.252760 8.400000
v 22.377372 -10.300575 -0.100000
v 22.377372 -10.300575 5.900000
v 22.482815 -24.496644 23.900001
v 22.533021 24.253132 4.000000
v 22.555940 24.422307 0.000000
v 22.574937 -8.908863 -0.100000
v 22.574937 -8.908863 5.900000
v 22.612615 24.512024 -0.100000
v 22.641079 -5.935315 9.400000
v 22.662573 -6.024835 4.000000
v 22.667305 29.786072 1.900000
v 22.679803 -6.096605 4.650000
v 22.695181 -6.160659 0.000000
v 22.707744 29.843063 -0.100000
v 22.718525 -6.257896 -0.100000
v 22.761064 -17.249202 9.400000
v 22.777326 -17.242185 8.900000
v 22.778614 23.925736 8.900000
v 22.858047 -10.853310 -0.100000
v 22.858047 -10.853310 5.900000
v 22.986321 -26.393731 23.900001
v 23.125539 -11.657234 5.900000
v 23.125539 -7.859620 5.900000
v 23.130393 -11.635965 8.400000
v 23.130393 -7.880890 8.400000
v 23.190451 -8.511742 -0.100000
v 23.190451 -8.511742 5.900000
v 23.238597 -26.683404 12.900000
v 23.384783 -27.065110 1.900000
v 23.561246 -11.058426 -0.100000
v 23.561246 -11.058426 5.900000
v 23.841381 -6.169525 -0.100000
v 23.844633 23.173175 23.900001
v 23.849227 -6.069834 0.000000
v 23.854394 -6.004163 4.650000
v 23.860185 -5.930581 4.000000
v 23.867409 -5.838801 9.400000
v 23.922954 -8.510435 -0.100000
v 23.922954 -8.510435 5.900000
v 23.987463 -11.635965 8.400000
v 23.987463 -7.880890 8.400000
v 23.992319 -11.657234 5.900000
v 23.992319 -7.859620 5.900000
v 24.009473 -22.690334 8.900000
v 24.253132 -22.533021 4.000000
v 24.262912 -22.375939 9.400000
v 24.262912 22.375939 9.400000
v 24.263711 -10.850801 -0.100000
v 24.263711 -10.850801 5.900000
v 24.267523 -22.370939 9.900000
v 24.267523 22.370939 9.900000
v 24.273357 15.046763 9.400000
v 24.274819 15.060966 8.900000
v 24.325802 11.926882 4.000000
v 24.327576 -28.128564 -0.100000
v 24.333498 -22.651718 0.000000
v 24.377608 10.740314 4.000000
v 24.395046 11.917765 2.000000
v 24.405389 25.087388 23.900001
v 24.410217 -22.722478 -0.100000
v 24.445794 10.755430 2.000000
v 24.487493 26.071649 1.900000
v 24.492025 -28.304725 1.900000
v 24.531333 -28.348732 0.210470
v 24.539883 -8.905357 -0.100000
v 24.539883 -8.905357 5.900000
v 24.628968 -14.457345 9.400000
v 24.646027 -14.445512 8.900000
v 24.673240 25.362725 12.900000
v 24.682949 13.059610 4.000000
v 24.742410 -10.296357 -0.100000
v 24.742410 -10.296357 5.900000
v 24.744899 13.027360 2.000000
v 24.759657 -11.264095 8.400000
v 24.759657 -8.252760 8.400000
v 24.773262 -11.281153 5.900000
v 24.773262 -8.235702 5.900000
v 24.832120 9.643024 4.000000
v 24.845364 -9.571123 -0.100000
v 24.845364 -9.571123 5.900000
v 24.891024 9.680550 2.000000
v 24.931905 21.779613 4.000000
v 24.936588 -6.432461 -0.100000
v 24.974856 -6.340073 0.000000
v 24.994745 21.919906 0.000000
v 25.028312 -6.211023 4.000000
v 25.054412 22.010136 -0.100000
v 25.063543 -6.125967 9.400000
v 25.128675 -21.774120 23.900001
v 25.205142 21.354315 8.900000
v 25.294034 -10.594010 8.400000
v 25.294034 -8.922845 8.400000
v 25.313690 -10.603477 5.900000
v 25.313690 -8.913379 5.900000
v 25.405974 14.001875 4.000000
v 25.453160 13.950382 2.000000
v 25.484750 -9.758428 8.400000
v 25.506568 -9.758428 5.900000
v 25.634518 8.767360 4.000000
v 25.669038 11.013209 0.000000
v 25.669038 11.947796 0.000000
v 25.677035 8.822770 2.000000
v 25.678377 27.233026 1.900000
v 25.724931 27.285123 -0.100000
v 25.750337 -23.704855 23.900001
v 25.856733 11.869978 0.100000
v 25.856733 11.869978 0.200000
v 25.871909 11.024535 0.100000
v 25.871909 11.024535 0.200000
v 25.915315 11.999892 9.400000
v 25.919275 12.012104 8.900000
v 25.929511 11.263537 2.000000
v 25.929511 11.263537 6.000000
v 26.032948 -23.965018 12.900000
v 26.033356 12.118791 2.000000
v 26.033356 12.118791 6.000000
v 26.071649 -24.487493 1.900000
v 26.074541 10.171174 0.000000
v 26.074541 12.789831 0.000000
v 26.209884 12.638282 0.100000
v 26.209884 12.638282 0.200000
v 26.235015 10.457987 2.000000
v 26.235015 10.457987 6.000000
v 26.252408 10.269401 0.100000
v 26.252408 10.269401 0.200000
v 26.260056 -20.042841 8.900000
v 26.330750 20.304041 23.900001
v 26.407669 14.640025 4.000000
v 26.434395 14.575499 2.000000
v 26.463907 -19.890026 4.000000
v 26.522765 12.827822 2.000000
v 26.522765 12.827822 6.000000
v 26.584749 -12.905951 -0.100000
v 26.584749 -12.905951 8.400000
v 26.615825 -19.920274 0.000000
v 26.653199 -19.467372 9.400000
v 26.653199 19.467372 9.400000
v 26.657400 -19.461619 9.900000
v 26.657400 19.461619 9.900000
v 26.664290 11.801590 1.000000
v 26.670225 11.140584 2.000000
v 26.670225 11.820421 2.000000
v 26.676493 11.121862 1.000000
v 26.688020 8.218942 4.000000
v 26.699741 -19.982331 -0.100000
v 26.709023 8.285551 2.000000
v 26.759937 11.772400 1.800000
v 26.759937 11.772400 2.000000
v 26.771028 11.154466 1.800000
v 26.771028 11.154466 2.000000
v 26.805229 9.588468 0.000000
v 26.804810 11.870904 0.100000
v 26.804810 11.870904 0.600000
v 26.805229 13.372538 0.000000
v 26.817307 11.921136 0.100000
v 26.817307 11.921136 0.600000
v 26.819408 11.057637 0.100000
v 26.819408 11.057637 0.600000
v 26.819103 11.821152 0.100000
v 26.819103 11.821152 0.600000
v 26.831906 11.107869 0.100000
v 26.831906 11.107869 0.600000
v 26.833701 11.007886 0.100000
v 26.833701 11.007886 0.600000
v 26.856356 11.785213 0.100000
v 26.856356 11.785213 0.600000
v 26.861415 13.177272 0.100000
v 26.861415 13.177272 0.200000
v 26.865745 12.008622 0.100000
v 26.865745 12.008622 0.600000
v 26.867845 11.145123 0.100000
v 26.867845 11.145123 0.600000
v 26.879885 9.886682 2.000000
v 26.879885 9.886682 6.000000
v 26.885247 10.922195 0.100000
v 26.885247 10.922195 0.600000
v 26.901684 12.045876 0.100000
v 26.901684 12.045876 0.600000
v 26.922865 9.754142 0.100000
v 26.922865 9.754142 0.200000
v 26.922500 10.886254 0.100000
v 26.922500 10.886254 0.600000
v 26.928539 11.341585 6.000000
v 26.931159 11.327467 1.300000
v 26.931159 11.327467 1.800000
v 26.931159 11.327467 5.054500
v 26.951437 12.060168 0.100000
v 26.951437 12.060168 0.600000
v 26.972733 10.873756 0.100000
v 26.972733 10.873756 0.600000
v 26.975820 11.336170 5.100000
v 27.001669 12.047670 0.100000
v 27.001669 12.047670 0.600000
v 27.016499 11.868004 1.300000
v 27.016499 11.868004 1.800000
v 27.016499 11.868004 5.054500
v 27.017083 22.250330 23.900001
v 27.022486 10.888050 0.100000
v 27.022486 10.888050 0.600000
v 27.023566 11.880503 6.000000
v 27.053955 12.358674 1.000000
v 27.056303 11.845964 5.100000
v 27.060692 19.070146 4.000000
v 27.065110 23.384783 1.900000
v 27.069821 10.590584 2.000000
v 27.069821 12.370422 2.000000
v 27.085898 10.579123 1.000000
v 27.113373 11.642911 0.100000
v 27.113373 11.642911 0.600000
v 27.114174 12.278841 1.800000
v 27.114174 12.278841 2.000000
v 27.119591 11.296557 0.100000
v 27.119591 11.296557 0.600000
v 27.128694 -25.437789 -0.100000
v 27.143216 10.661067 1.800000
v 27.143216 10.661067 2.000000
v 27.157423 19.175346 0.000000
v 27.176630 8.776768 9.400000
v 27.182620 8.786618 8.900000
v 27.202156 10.867667 6.000000
v 27.203178 11.539705 0.100000
v 27.203178 11.539705 0.600000
v 27.205634 11.402919 0.100000
v 27.205634 11.402919 0.600000
v 27.213237 10.858537 1.300000
v 27.213237 10.858537 1.800000
v 27.213237 10.858537 5.054500
v 27.220883 19.266373 -0.100000
v 27.241855 10.893911 5.100000
v 27.258687 11.905370 0.100000
v 27.258687 11.905370 0.600000
v 27.274230 11.039484 0.100000
v 27.274230 11.039484 0.600000
v 27.285619 13.228198 2.000000
v 27.285619 13.228198 6.000000
v 27.310994 -25.595436 1.900000
v 27.313597 22.494531 12.900000
v 27.342963 18.538295 8.900000
v 27.354991 -25.634768 0.210470
v 27.393820 11.884035 0.100000
v 27.393820 11.884035 0.600000
v 27.408512 11.065654 0.100000
v 27.408512 11.065654 0.600000
v 27.429321 12.227225 1.300000
v 27.429321 12.227225 1.800000
v 27.429321 12.227225 5.054500
v 27.442770 12.232257 6.000000
v 27.445648 12.184756 5.100000
v 27.446940 -18.767737 23.900001
v 27.511053 11.954554 0.100000
v 27.511053 11.954554 0.600000
v 27.528200 10.999388 0.100000
v 27.528200 10.999388 0.600000
v 27.550256 12.377666 0.100000
v 27.550256 12.377666 0.600000
v 27.555530 12.083931 0.100000
v 27.555530 12.083931 0.600000
v 27.562754 12.427899 0.100000
v 27.562754 12.427899 0.600000
v 27.577291 10.871691 0.100000
v 27.577291 10.871691 0.600000
v 27.582564 10.577955 0.100000
v 27.582564 10.577955 0.600000
v 27.596855 10.528204 0.100000
v 27.596855 10.528204 0.600000
v 27.598693 12.465152 0.100000
v 27.598693 12.465152 0.600000
v 27.634110 10.492264 0.100000
v 27.634110 10.492264 0.600000
v 27.638197 -7.192423 9.400000
v 27.641892 -7.212853 8.900000
v 27.648447 12.479445 0.100000
v 27.648447 12.479445 0.600000
v 27.682285 13.380197 0.100000
v 27.682285 13.380197 0.200000
v 27.684343 10.479766 0.100000
v 27.684343 10.479766 0.600000
v 27.696643 12.580326 1.000000
v 27.698438 12.480342 1.800000
v 27.698438 12.480342 2.000000
v 27.716386 9.380503 0.000000
v 27.716386 9.680503 2.000000
v 27.716386 9.680503 6.000000
v 27.716386 10.380503 2.000000
v 27.716386 10.680503 6.000000
v 27.716386 12.580503 2.000000
v 27.716386 13.580503 0.000000
v 27.729928 10.726124 5.100000
v 27.730744 10.680631 1.300000
v 27.730744 10.680631 1.800000
v 27.730744 10.680631 5.054500
v 27.732801 -10.134312 8.400000
v 27.734334 10.480664 1.800000
v 27.734334 10.480664 2.000000
v 27.736130 10.380681 1.000000
v 27.748430 12.481239 0.100000
v 27.748430 12.481239 0.600000
v 27.748816 -15.730729 8.900000
v 27.750487 9.580809 0.100000
v 27.750487 9.580809 0.200000
v 27.784326 10.481561 0.100000
v 27.784326 10.481561 0.600000
v 27.798662 12.468741 0.100000
v 27.798662 12.468741 0.600000
v 27.828472 -9.903342 8.333012
v 27.834077 10.495855 0.100000
v 27.834077 10.495855 0.600000
v 27.835915 12.432802 0.100000
v 27.835915 12.432802 0.600000
v 27.850208 12.383050 0.100000
v 27.850208 12.383050 0.600000
v 27.855482 12.089316 0.100000
v 27.855482 12.089316 0.600000
v 27.862511 8.133692 2.000000
v 27.865558 8.063917 4.000000
v 27.870018 10.533108 0.100000
v 27.870018 10.533108 0.600000
v 27.877243 10.877075 0.100000
v 27.877243 10.877075 0.600000
v 27.882516 10.583340 0.100000
v 27.882516 10.583340 0.600000
v 27.898507 -9.734260 8.150000
v 27.904572 11.961619 0.100000
v 27.904572 11.961619 0.600000
v 27.921720 11.006452 0.100000
v 27.921720 11.006452 0.600000
v 27.924142 -9.672372 -0.100000
v 27.924142 -9.672372 7.900000
v 27.960904 -15.737828 4.000000
v 27.961674 12.194018 5.100000
v 27.976465 12.237047 1.300000
v 27.976465 12.237047 1.800000
v 27.976465 12.237047 5.054500
v 27.990003 12.232257 6.000000
v 28.024261 11.895351 0.100000
v 28.024261 11.895351 0.600000
v 28.028448 -5.477863 9.400000
v 28.034360 -5.493094 8.900000
v 28.038781 5.424733 9.400000
v 28.038950 11.076971 0.100000
v 28.038950 11.076971 0.600000
v 28.046277 5.431935 8.900000
v 28.147154 13.228198 2.000000
v 28.147154 13.228198 6.000000
v 28.158541 11.921523 0.100000
v 28.158541 11.921523 0.600000
v 28.163648 -15.670617 0.000000
v 28.174086 11.055636 0.100000
v 28.174086 11.055636 0.600000
v 28.189573 -16.087140 8.900000
v 28.201778 -20.728233 23.900001
v 28.206058 -15.579944 -0.100000
v 28.211665 10.911320 5.100000
v 28.220096 -17.173591 8.900000
v 28.227136 11.558087 0.100000
v 28.227136 11.558087 0.600000
v 28.229592 11.421300 0.100000
v 28.229592 11.421300 0.600000
v 28.230617 10.867667 6.000000
v 28.241532 10.876995 1.300000
v 28.241532 10.876995 1.800000
v 28.241532 10.876995 5.054500
v 28.271673 -17.155857 7.901489
v 28.289557 12.299939 1.800000
v 28.289557 12.299939 2.000000
v 28.311656 -15.884515 4.440853
v 28.312442 -3.742535 9.400000
v 28.313181 11.664449 0.100000
v 28.313181 11.664449 0.600000
v 28.318596 10.682166 1.800000
v 28.318596 10.682166 2.000000
v 28.319397 11.318095 0.100000
v 28.319397 11.318095 0.600000
v 28.319941 -3.752392 8.900000
v 28.323202 -17.138106 6.902975
v 28.346872 12.381883 1.000000
v 28.356509 -16.057042 4.000000
v 28.362949 10.590584 2.000000
v 28.362925 11.869420 5.100000
v 28.362949 12.370422 2.000000
v 28.363636 -15.909473 2.010714
v 28.365490 -16.625726 8.900000
v 28.378818 10.602332 1.000000
v 28.387985 -17.031553 4.000000
v 28.401916 11.892873 1.300000
v 28.401916 11.892873 1.800000
v 28.401916 11.892873 5.054500
v 28.403807 24.377050 1.900000
v 28.409207 11.880503 6.000000
v 28.410287 12.072957 0.100000
v 28.410287 12.072957 0.600000
v 28.431103 10.913336 0.100000
v 28.431103 10.913336 0.600000
v 28.455894 24.423599 -0.100000
v 28.460038 12.087250 0.100000
v 28.460038 12.087250 0.600000
v 28.461654 11.362842 5.100000
v 28.473606 17.170216 23.900001
v 28.476002 -21.644526 1.900000
v 28.481336 10.900838 0.100000
v 28.481336 10.900838 0.600000
v 28.489099 -1.993019 9.400000
v 28.489099 1.993019 9.400000
v 28.497543 -1.997382 8.900000
v 28.497543 1.997382 8.900000
v 28.503492 -17.075713 3.401501
v 28.504233 11.341585 6.000000
v 28.506598 11.355747 1.300000
v 28.506598 11.355747 1.800000
v 28.506598 11.355747 5.054500
v 28.510270 12.074752 0.100000
v 28.510270 12.074752 0.600000
v 28.509908 13.206865 0.100000
v 28.509908 13.206865 0.200000
v 28.511295 -20.955727 12.900000
v 28.515794 -16.539550 4.000000
v 28.531086 10.915130 0.100000
v 28.531086 10.915130 0.600000
v 28.542402 -16.266588 4.446175
v 28.547525 12.038811 0.100000
v 28.547525 12.038811 0.600000
v 28.552887 9.886682 2.000000
v 28.552887 9.886682 6.000000
v 28.558397 -15.988597 0.000000
v 28.564925 11.815883 0.100000
v 28.564925 11.815883 0.600000
v 28.567028 10.952384 0.100000
v 28.567028 10.952384 0.600000
v 28.571286 -16.252427 2.015476
v 28.571358 9.783734 0.100000
v 28.571358 9.783734 0.200000
v 28.576417 11.175793 0.100000
v 28.576417 11.175793 0.600000
v 28.584192 -16.710974 4.440853
v 28.593037 -16.960473 0.000000
v 28.599072 11.953120 0.100000
v 28.599072 11.953120 0.600000
v 28.600867 11.853137 0.100000
v 28.600867 11.853137 0.600000
v 28.609629 -16.651508 2.010714
v 28.613365 11.903369 0.100000
v 28.613365 11.903369 0.600000
v 28.613670 11.139854 0.100000
v 28.613670 11.139854 0.600000
v 28.615465 11.039870 0.100000
v 28.615465 11.039870 0.600000
v 28.627541 9.588468 0.000000
v 28.627963 11.090102 0.100000
v 28.627963 11.090102 0.600000
v 28.627541 13.372538 0.000000
v 28.644662 -15.933249 -0.100000
v 28.661742 11.806540 1.800000
v 28.661742 11.806540 2.000000
v 28.672836 11.188606 1.800000
v 28.672836 11.188606 2.000000
v 28.683169 -17.013099 -0.100000
v 28.696713 -16.305526 9.400000
v 28.696713 16.305526 9.400000
v 28.700392 -16.299050 9.900000
v 28.700364 15.589690 4.000000
v 28.700392 16.299050 9.900000
v 28.718433 -16.469338 0.000000
v 28.756278 11.839144 1.000000
v 28.762548 11.140584 2.000000
v 28.762548 11.820421 2.000000
v 28.768480 11.159415 1.000000
v 28.799560 15.555183 2.000000
v 28.822484 -16.467397 -0.100000
v 28.873844 15.728217 4.000000
v 28.882210 15.661833 3.003201
v 28.896317 16.154083 4.000000
v 28.910007 12.827822 2.000000
v 28.910007 12.827822 6.000000
v 28.946629 15.937856 4.000000
v 28.972855 15.693450 2.000000
v 28.974369 15.810500 3.005207
v 28.994374 15.984266 3.003201
v 28.995981 16.118739 2.000000
v 28.998375 8.385506 2.000000
v 29.020083 16.218950 0.000000
v 29.025102 8.320981 4.000000
v 29.045792 15.902712 2.000000
v 29.088221 16.310889 -0.100000
v 29.167585 15.509930 8.900000
v 29.180365 12.691604 0.100000
v 29.180365 12.691604 0.200000
v 29.197757 10.457987 2.000000
v 29.197757 10.457987 6.000000
v 29.222889 10.322725 0.100000
v 29.222889 10.322725 0.200000
v 29.300826 19.143186 23.900001
v 29.349446 20.444515 1.900000
v 29.358232 10.171174 0.000000
v 29.358232 12.789831 0.000000
v 29.399414 12.118791 2.000000
v 29.399414 12.118791 6.000000
v 29.407394 -15.516689 23.900001
v 29.503262 11.263537 2.000000
v 29.503262 11.263537 6.000000
v 29.560862 11.936471 0.100000
v 29.560862 11.936471 0.200000
v 29.576039 11.091028 0.100000
v 29.576039 11.091028 0.200000
v 29.622407 19.353284 12.900000
v 29.633887 -22.469532 -0.100000
v 29.763734 11.013209 0.000000
v 29.763734 11.947796 0.000000
v 29.831967 -22.606869 1.900000
v 29.880104 -22.641032 0.210470
v 30.142219 13.857391 2.000000
v 30.245264 13.812549 23.900001
v 30.310888 -17.500000 23.900001
v 30.366871 -12.931538 9.400000
v 30.366871 12.931538 9.400000
v 30.369916 -12.924387 9.900000
v 30.369916 12.924387 9.900000
v 30.562146 13.083376 0.000000
v 30.571785 -18.567019 1.900000
v 30.635900 13.176161 -0.100000
v 30.643554 -17.692064 12.900000
v 30.658112 12.303908 8.900000
v 30.744681 -8.498070 8.900000
v 30.813279 21.249907 1.900000
v 30.870245 21.290326 -0.100000
v 30.899668 -8.643019 4.000000
v 30.961378 -8.928010 -0.100000
v 30.984478 -12.063357 23.900001
v 30.995505 -8.833908 0.000000
v 31.112423 11.515113 2.000000
v 31.228898 15.803667 23.900001
v 31.251421 -8.787334 4.440453
v 31.305816 -8.806425 2.010679
v 31.308365 -8.557713 8.900000
v 31.315749 17.282710 1.900000
v 31.317797 9.270647 4.000000
v 31.363540 9.365190 2.000000
v 31.405122 -8.697036 4.000000
v 31.497395 9.348219 3.003205
v 31.499481 -8.888191 0.000000
v 31.521342 -8.988326 -0.100000
v 31.538420 9.295361 4.000000
v 31.571639 15.977114 12.900000
v 31.583848 9.389958 2.000000
v 31.622629 10.274816 23.900001
v 31.641941 -9.389305 9.400000
v 31.641941 9.389305 9.400000
v 31.644244 -9.381543 9.900000
v 31.644244 9.381543 9.900000
v 31.647387 -15.002964 8.400000
v 31.667683 9.308260 3.005210
v 31.684752 -8.680331 4.445775
v 31.695151 -8.710750 2.015441
v 31.738124 9.198591 4.000000
v 31.766579 9.803265 0.000000
v 31.783390 9.293560 2.000000
v 31.797469 8.956952 8.900000
v 31.804702 9.199536 3.003205
v 31.813595 -8.301268 8.900000
v 31.815827 -19.256176 -0.100000
v 31.827974 -15.077765 8.439692
v 31.846919 9.896639 -0.100000
v 31.855443 9.010120 4.000000
v 31.858938 -8.468483 4.000000
v 31.900923 9.105585 2.000000
v 31.952581 -8.661419 0.000000
v 31.979942 -15.140712 8.552530
v 32.004459 -8.455671 2.010679
v 32.024784 -8.736366 -0.100000
v 32.027435 -19.371632 1.900000
v 32.028527 -8.395652 4.440453
v 32.052066 -14.059340 23.900001
v 32.062931 -14.093063 8.400000
v 32.079110 -19.400196 0.210470
v 32.079096 -15.181782 8.720688
v 32.098184 -7.811058 8.900000
v 32.109616 -15.194424 8.917450
v 32.116463 -8.030211 4.000000
v 32.157633 -8.452759 23.900001
v 32.181890 -7.982823 5.398542
v 32.211196 -8.225465 0.000000
v 32.265003 -8.154305 1.897057
v 32.288594 -8.203157 0.898530
v 32.312140 -8.251985 -0.100000
v 32.336290 -15.288316 1.900000
v 32.353096 7.016317 4.000000
v 32.400835 -14.220494 12.900000
v 32.452321 -13.171668 8.400000
v 32.489629 -6.354180 4.000000
v 32.505450 -5.890808 8.900000
v 32.505336 -5.724912 9.400000
v 32.505336 5.724912 9.400000
v 32.506797 -5.716620 9.900000
v 32.506797 5.716620 9.900000
v 32.527089 -14.278877 8.917450
v 32.572603 5.507399 8.900000
v 32.587745 6.603133 23.900001
v 32.593038 -1.993019 9.400000
v 32.593038 1.993019 9.400000
v 32.597401 -1.997382 8.900000
v 32.597401 1.997382 8.900000
v 32.606037 -6.485823 0.000000
v 32.614462 -1.997091 8.900000
v 32.614462 1.997091 8.900000
v 32.620072 6.414854 0.000000
v 32.620909 -1.992241 9.400000
v 32.620909 1.992241 9.400000
v 32.631505 -1.996218 8.900000
v 32.631505 1.996218 8.900000
v 32.648506 -1.994763 8.900000
v 32.648695 -1.989911 9.400000
v 32.648695 1.989911 9.400000
v 32.648506 1.994763 8.900000
v 32.676308 -1.986036 9.400000
v 32.676308 1.986036 9.400000
v 32.702825 -6.534129 -0.100000
v 32.707963 6.508361 -0.100000
v 32.726085 4.995478 4.000000
v 32.775388 -4.661055 4.000000
v 32.777894 12.272315 23.900001
v 32.797947 -3.949759 8.900000
v 32.815239 -12.239528 8.400000
v 32.876396 -12.057630 8.361893
v 32.879994 17.886386 1.900000
v 32.906992 -4.727505 0.000000
v 32.911563 -4.731968 23.900001
v 32.918465 -13.351872 8.917450
v 32.930090 -11.904322 8.253466
v 32.941122 17.920171 -0.100000
v 32.942712 13.933626 1.900000
v 32.945821 -1.986036 9.400000
v 32.946348 -1.977308 9.900000
v 32.946348 1.977308 9.900000
v 32.945821 1.986036 9.400000
v 32.970212 -11.803683 8.091264
v 32.972977 -2.955391 4.000000
v 32.972977 2.955391 4.000000
v 32.974641 -1.994763 8.900000
v 32.974641 1.994763 8.900000
v 32.992685 -11.771832 7.900000
v 33.002250 -4.798040 -0.100000
v 33.005602 -1.921452 13.099999
v 33.005602 1.921452 13.099999
v 33.008566 2.012219 7.900000
v 33.020039 -1.654931 13.099999
v 33.020039 1.654931 13.099999
v 33.021452 -1.921452 13.099999
v 33.021452 -1.655002 13.099999
v 33.021452 1.655002 13.099999
v 33.021452 1.921452 13.099999
v 33.029261 -1.459358 13.099999
v 33.029261 1.459358 13.099999
v 33.033731 -3.053999 4.900000
v 33.033731 3.053999 4.900000
v 33.039601 -1.640966 12.060326
v 33.039601 1.640966 12.060326
v 33.042483 2.029674 6.900001
v 33.043144 -1.592189 13.099999
v 33.043144 1.592189 13.099999
v 33.054183 -12.328649 8.469926
v 33.053668 -2.724670 4.000000
v 33.053668 2.724669 4.000000
v 33.055487 -1.625289 11.150218
v 33.055487 1.625289 11.150218
v 33.056314 -1.527054 13.099999
v 33.056314 1.527054 13.099999
v 33.058474 -12.112035 8.394057
v 33.060730 -1.460748 13.099999
v 33.060730 -0.223611 13.099999
v 33.060730 0.223611 13.099999
v 33.060730 1.460748 13.099999
v 33.062541 -2.724454 4.900000
v 33.062541 2.724454 4.900000
v 33.069029 -1.608014 10.374309
v 33.069029 1.608014 10.374309
v 33.076394 2.047129 5.900000
v 33.080165 -1.589196 9.736269
v 33.080165 1.589196 9.736269
v 33.088064 -2.394638 4.900000
v 33.088064 2.394638 4.900000
v 33.088851 -1.568904 9.238751
v 33.088851 1.568904 9.238751
v 33.095055 -1.547217 8.883358
v 33.095055 1.547217 8.883358
v 33.098767 -1.524222 8.670619
v 33.098767 1.524222 8.670619
v 33.099692 -1.512266 8.617619
v 33.099923 -1.506178 8.604400
v 33.099980 -1.503107 8.601099
v 33.099999 -1.500019 8.600000
v 33.099999 1.500019 8.600000
v 33.099980 1.503107 8.601099
v 33.099923 1.506178 8.604400
v 33.099692 1.512266 8.617619
v 33.102417 -3.054092 2.941176
v 33.102417 3.054092 2.941176
v 33.110299 -2.064584 4.900000
v 33.110299 2.064584 4.900000
v 33.113201 -2.955576 0.000000
v 33.113201 2.955576 0.000000
v 33.114810 -2.823891 4.900000
v 33.114810 2.823892 4.900000
v 33.117077 -11.950732 8.278140
v 33.128030 2.845369 23.900001
v 33.138022 -3.053519 1.927444
v 33.138022 3.053519 1.927444
v 33.137634 12.407005 12.900000
v 33.154569 -0.001876 5.473699
v 33.154571 0.010467 5.473596
v 33.157082 -0.408202 5.329812
v 33.156967 0.399123 5.336224
v 33.160028 -11.844988 8.107308
v 33.163898 0.787493 4.938844
v 33.164585 -2.064584 4.900000
v 33.164587 -0.815048 4.900000
v 33.164580 0.815586 4.900000
v 33.164585 2.064584 4.900000
v 33.173492 -0.271528 4.900000
v 33.173487 0.272065 4.900000
v 33.173740 -3.051675 0.913719
v 33.173740 3.051675 0.913719
v 33.183372 -2.823944 2.944015
v 33.183372 2.823944 2.944015
v 33.183873 -2.740510 0.000000
v 33.183873 2.740510 0.000000
v 33.186660 -11.852177 1.900000
v 33.201485 -2.887246 1.396056
v 33.201485 2.887246 1.396056
v 33.209577 -3.048561 -0.100000
v 33.209577 3.048561 -0.100000
v 33.226292 -12.392843 8.660144
v 33.234148 -2.559737 4.000000
v 33.234146 2.559736 4.000000
v 33.236439 -0.949489 23.900001
v 33.237555 -12.132047 8.501347
v 33.259735 -11.804044 7.909065
v 33.280904 -2.833478 -0.100000
v 33.280904 2.833478 -0.100000
v 33.283429 -12.414154 8.917450
v 33.295186 -2.659515 4.900000
v 33.295186 2.659515 4.900000
v 33.307693 -2.738424 1.400086
v 33.307693 2.738424 1.400086
v 33.311241 -11.937118 8.361329
v 33.342199 -2.578632 0.000000
v 33.342199 2.578632 0.000000
v 33.364005 -11.808913 8.155041
v 33.363533 -2.659530 2.950333
v 33.363533 2.659530 2.950333
v 33.365984 -12.107853 8.665353
v 33.404176 -10.448018 23.900001
v 33.419032 -12.052107 8.842046
v 33.439894 -2.671929 -0.100000
v 33.439894 2.671929 -0.100000
v 33.453937 -11.884521 1.900000
v 33.460283 -2.637774 1.405656
v 33.460283 2.637774 1.405656
v 33.461342 -11.859076 8.488527
v 33.471289 -2.500001 4.000000
v 33.471289 2.500000 4.000000
v 33.499999 -2.500000 3.181092
v 33.499999 -2.500000 4.000000
v 33.499999 2.500000 3.181092
v 33.499999 2.500000 4.000000
v 33.504848 -11.693082 7.915503
v 33.518577 -2.500345 2.120728
v 33.518577 2.500345 2.120728
v 33.528752 -11.694758 8.225812
v 33.531916 -2.600000 4.900000
v 33.531916 2.600000 4.900000
v 33.535943 -11.745565 8.627364
v 33.537154 -2.501385 1.060363
v 33.537154 2.501385 1.060363
v 33.555729 -2.503119 0.000000
v 33.555729 2.503119 0.000000
v 33.599999 -2.600000 2.958625
v 33.599999 -2.600000 4.900000
v 33.599999 2.600000 2.958625
v 33.599999 2.600000 4.900000
v 33.617907 -2.599681 1.939082
v 33.617907 2.599681 1.939082
v 33.618748 -11.541313 8.303241
v 33.635874 -2.598710 0.919540
v 33.635874 2.598710 0.919540
v 33.650713 -15.832769 -0.100000
v 33.653898 -2.597086 -0.100000
v 33.653898 2.597086 -0.100000
v 33.657007 -11.471094 7.917449
v 33.699224 -11.773717 1.900000
v 33.704145 -2.457991 1.585062
v 33.704145 2.457991 1.585062
v 33.750000 -2.433013 3.181092
v 33.750000 -2.433013 4.000000
v 33.750000 2.433013 3.181092
v 33.750000 2.433013 4.000000
v 33.770790 -10.562687 12.900000
v 33.781521 -2.419448 0.000000
v 33.781521 2.419448 0.000000
v 33.850000 -2.533013 4.900000
v 33.850000 2.533013 4.900000
v 33.851483 -11.551856 1.900000
v 33.863304 -2.345091 1.584842
v 33.863304 2.345091 1.584842
v 33.873446 -15.925027 1.900000
v 33.880503 -2.513905 -0.100000
v 33.880503 2.513905 -0.100000
v 33.928013 -15.947629 0.210470
v 33.929009 8.591992 23.900001
v 33.933012 -2.250000 3.181092
v 33.933012 -2.250000 4.000000
v 33.933012 2.250000 3.181092
v 33.933012 2.250000 4.000000
v 33.942020 -2.239941 0.000000
v 33.942020 2.239941 0.000000
v 33.967128 -2.179869 1.584516
v 33.967128 2.179869 1.584516
v 34.000001 -2.006231 0.000000
v 34.000001 -2.002766 1.060361
v 34.000001 -2.000689 2.120726
v 34.000001 -2.000000 3.181092
v 34.000001 -2.000000 4.000000
v 34.000001 2.000000 3.181092
v 34.000001 2.000000 4.000000
v 34.000001 2.000689 2.120726
v 34.000001 2.002766 1.060361
v 34.000001 2.006231 0.000000
v 34.033012 -2.350000 4.900000
v 34.033012 2.350000 4.900000
v 34.041731 -2.334252 -0.100000
v 34.041731 2.334252 -0.100000
v 34.100001 -2.100000 -0.100000
v 34.100001 -2.100000 4.900000
v 34.100001 2.100000 -0.100000
v 34.100001 2.100000 4.900000
v 34.212704 10.433558 1.900000
v 34.301383 8.686290 12.900000
v 34.350803 -6.709872 23.900001
v 34.580958 14.323901 1.900000
v 34.645483 14.350629 -0.100000
v 34.668274 4.807374 23.900001
v 34.727805 -6.783513 12.900000
v 34.868951 -7.970219 1.900000
v 34.880457 -2.890277 23.900001
v 34.986711 0.964402 23.900001
v 35.048761 4.860136 12.900000
v 35.111964 6.820430 1.900000
v 35.212836 -12.691449 1.900000
v 35.263274 -2.921998 12.900000
v 35.277433 -12.718204 -0.100000
v 35.370693 0.974986 12.900000
v 35.508578 -4.302216 1.900000
v 35.630746 3.133394 1.900000
v 35.763431 -0.587595 1.900000
v 35.897250 10.602081 1.900000
v 35.964365 10.621415 -0.100000
v 36.353683 -8.912156 1.900000
v 36.420848 -8.931507 -0.100000
v 36.814232 6.762325 1.900000
v 36.883094 6.774024 -0.100000
v 37.090139 -5.033727 1.900000
v 37.159030 -5.045434 -0.100000
v 37.321701 2.847347 1.900000
v 37.391448 2.851263 -0.100000
v 37.414012 -1.099304 1.900000
v 37.483768 -1.103223 -0.100000
vt -0.110000 0.000000 0.000000
vt -0.088992 -0.064656 0.000000
vt -0.033992 -0.104616 0.000000
vt 0.033992 -0.104616 0.000000
vt 0.088992 -0.064656 0.000000
vt 0.110000 0.000000 0.000000
vt 0.088992 0.064656 0.000000
vt 0.033992 0.104616 0.000000
vt -0.033992 0.104616 0.000000
vt -0.088992 0.064656 0.000000
vt -0.099984 0.001795 0.000000
vt -0.079834 0.060221 0.000000
vt -0.029190 0.095645 0.000000
vt 0.032604 0.094536 0.000000
vt 0.081944 0.057317 0.000000
vt 0.099984 -0.001795 0.000000
vt 0.079834 -0.060221 0.000000
vt 0.029190 -0.095645 0.000000
vt -0.032604 -0.094536 0.000000
vt -0.081944 -0.057317 0.000000
vt 0.200000 0.345575 0.000000
vt 0.200000 0.276460 0.000000
vt 0.200000 0.207345 0.000000
vt 0.200000 0.138230 0.000000
vt 0.200000 0.069115 0.000000
vt 0.200000 0.000000 0.000000
vt 0.200000 -0.069115 0.000000
vt 0.200000 -0.138230 0.000000
vt 0.200000 -0.207345 0.000000
vt 0.200000 -0.276460 0.000000
vt 0.300000 -0.347550 0.000000
vt 0.300000 -0.278435 0.000000
vt 0.300000 -0.209320 0.000000
vt 0.300000 -0.140204 0.000000
vt 0.300000 -0.071089 0.000000
vt 0.300000 -0.001974 0.000000
vt 0.300000 0.067141 0.000000
vt 0.300000 0.136256 0.000000
vt 0.300000 0.205371 0.000000
vt 0.300000 0.274486 0.000000
vt 0.300000 0.343601 0.000000
vt 0.200000 -0.345575 0.000000
vt 0.200000 -0.345575 0.000000
vt 0.300000 0.343601 0.000000
vt -0.080000 0.100000 0.000000
vt -0.138779 0.080902 0.000000
vt -0.175106 0.030902 0.000000
vt -0.175106 -0.030902 0.000000
vt -0.138779 -0.080902 0.000000
vt -0.080000 -0.100000 0.000000
vt -0.021221 -0.080902 0.000000
vt 0.015106 -0.030902 0.000000
vt 0.015106 0.030902 0.000000
vt -0.021221 0.080902 0.000000
vt -0.080000 0.080000 0.000000
vt -0.028577 0.061284 0.000000
vt -0.001215 0.013892 0.000000
vt -0.010718 -0.040000 0.000000
vt -0.052638 -0.075175 0.000000
vt -0.107362 -0.075175 0.000000
vt -0.149282 -0.040000 0.000000
vt -0.158785 0.013892 0.000000
vt -0.131423 0.061284 0.000000
vt -0.380000 0.251327 0.000000
vt -0.380000 0.195477 0.000000
vt -0.380000 0.139626 0.000000
vt -0.380000 0.083776 0.000000
vt -0.380000 0.027925 0.000000
vt -0.380000 -0.027925 0.000000
vt -0.380000 -0.083776 0.000000
vt -0.380000 -0.139626 0.000000
vt -0.380000 -0.195477 0.000000
vt -0.330000 -0.251327 0.000000
vt -0.330000 -0.195477 0.000000
vt -0.330000 -0.139626 0.000000
vt -0.330000 -0.083776 0.000000
vt -0.330000 -0.027925 0.000000
vt -0.330000 0.027925 0.000000
vt -0.330000 0.083776 0.000000
vt -0.330000 0.139626 0.000000
vt -0.330000 0.195477 0.000000
vt -0.330000 0.251327 0.000000
vt -0.380000 -0.251327 0.000000
vt -0.042426 0.298451 0.000000
vt -0.042426 0.238761 0.000000
vt -0.042426 0.179071 0.000000
vt -0.042426 0.119381 0.000000
vt -0.042426 0.059690 0.000000
vt -0.042426 0.000000 0.000000
vt -0.042426 -0.059690 0.000000
vt -0.042426 -0.119381 0.000000
vt -0.042426 -0.179071 0.000000
vt -0.042426 -0.238761 0.000000
vt -0.000000 -0.298451 0.000000
vt -0.000000 -0.232129 0.000000
vt -0.000000 -0.165806 0.000000
vt -0.000000 -0.099484 0.000000
vt -0.000000 -0.033161 0.000000
vt -0.000000 0.033161 0.000000
vt -0.000000 0.099484 0.000000
vt -0.000000 0.165806 0.000000
vt -0.000000 0.232129 0.000000
vt -0.042426 -0.298451 0.000000
vt -0.000000 0.298451 0.000000
vt -0.000000 0.298451 0.000000
vt -0.330000 0.314159 0.000000
vt -0.330000 0.251327 0.000000
vt -0.330000 0.188496 0.000000
vt -0.330000 0.125664 0.000000
vt -0.330000 0.062832 0.000000
vt -0.330000 0.000000 0.000000
vt -0.330000 -0.062832 0.000000
vt -0.330000 -0.125664 0.000000
vt -0.330000 -0.188496 0.000000
vt -0.330000 -0.251327 0.000000
vt -0.310000 -0.314159 0.000000
vt -0.310000 -0.251327 0.000000
vt -0.310000 -0.188496 0.000000
vt -0.310000 -0.125664 0.000000
vt -0.310000 -0.062832 0.000000
vt -0.310000 0.000000 0.000000
vt -0.310000 0.062832 0.000000
vt -0.310000 0.125664 0.000000
vt -0.310000 0.188496 0.000000
vt -0.310000 0.251327 0.000000
vt -0.310000 0.314159 0.000000
vt -0.330000 -0.314159 0.000000
vt -0.080000 0.100000 0.000000
vt -0.138779 0.080902 0.000000
vt -0.175106 0.030902 0.000000
vt -0.175106 -0.030902 0.000000
vt -0.138779 -0.080902 0.000000
vt -0.080000 -0.100000 0.000000
vt -0.021221 -0.080902 0.000000
vt 0.015106 -0.030902 0.000000
vt 0.015106 0.030902 0.000000
vt -0.021221 0.080902 0.000000
vt -0.080000 0.080000 0.000000
vt -0.028577 0.061284 0.000000
vt -0.001215 0.013892 0.000000
vt -0.010718 -0.040000 0.000000
vt -0.052638 -0.075175 0.000000
vt -0.107362 -0.075175 0.000000
vt -0.149282 -0.040000 0.000000
vt -0.158785 0.013892 0.000000
vt -0.131423 0.061284 0.000000
vt -0.042426 0.300156 0.000000
vt -0.042426 0.240466 0.000000
vt -0.042426 0.180776 0.000000
vt -0.042426 0.121086 0.000000
vt -0.042426 0.061395 0.000000
vt -0.042426 0.001705 0.000000
vt -0.042426 -0.057985 0.000000
vt -0.042426 -0.117675 0.000000
vt -0.042426 -0.177366 0.000000
vt -0.042426 -0.237056 0.000000
vt -0.000000 -0.298451 0.000000
vt -0.000000 -0.232129 0.000000
vt -0.000000 -0.165806 0.000000
vt -0.000000 -0.099484 0.000000
vt -0.000000 -0.033161 0.000000
vt -0.000000 0.033161 0.000000
vt -0.000000 0.099484 0.000000
vt -0.000000 0.165806 0.000000
vt -0.000000 0.232129 0.000000
vt -0.042426 -0.296746 0.000000
vt -0.000000 0.298451 0.000000
vt -0.000000 0.298451 0.000000
vt -0.380000 0.251327 0.000000
vt -0.380000 0.195477 0.000000
vt -0.380000 0.139626 0.000000
vt -0.380000 0.083776 0.000000
vt -0.380000 0.027925 0.000000
vt -0.380000 -0.027925 0.000000
vt -0.380000 -0.083776 0.000000
vt -0.380000 -0.139626 0.000000
vt -0.380000 -0.195477 0.000000
vt -0.330000 -0.251327 0.000000
vt -0.330000 -0.195477 0.000000
vt -0.330000 -0.139626 0.000000
vt -0.330000 -0.083776 0.000000
vt -0.330000 -0.027925 0.000000
vt -0.330000 0.027925 0.000000
vt -0.330000 0.083776 0.000000
vt -0.330000 0.139626 0.000000
vt -0.330000 0.195477 0.000000
vt -0.330000 0.251327 0.000000
vt -0.380000 -0.251327 0.000000
vt -0.330000 0.314159 0.000000
vt -0.330000 0.251327 0.000000
vt -0.330000 0.188496 0.000000
vt -0.330000 0.125664 0.000000
vt -0.330000 0.062832 0.000000
vt -0.330000 0.000000 0.000000
vt -0.330000 -0.062832 0.000000
vt -0.330000 -0.125664 0.000000
vt -0.330000 -0.188496 0.000000
vt -0.330000 -0.251327 0.000000
vt -0.310000 -0.314159 0.000000
vt -0.310000 -0.251327 0.000000
vt -0.310000 -0.188496 0.000000
vt -0.310000 -0.125664 0.000000
vt -0.310000 -0.062832 0.000000
vt -0.310000 0.000000 0.000000
vt -0.310000 0.062832 0.000000
vt -0.310000 0.125664 0.000000
vt -0.310000 0.188496 0.000000
vt -0.310000 0.251327 0.000000
vt -0.310000 0.314159 0.000000
vt -0.330000 -0.314159 0.000000
vt -0.110000 0.000000 0.000000
vt -0.088992 -0.064656 0.000000
vt -0.033992 -0.104616 0.000000
vt 0.033992 -0.104616 0.000000
vt 0.088992 -0.064656 0.000000
vt 0.110000 0.000000 0.000000
vt 0.088992 0.064656 0.000000
vt 0.033992 0.104616 0.000000
vt -0.033992 0.104616 0.000000
vt -0.088992 0.064656 0.000000
vt -0.099984 0.001795 0.000000
vt -0.079834 0.060221 0.000000
vt -0.029190 0.095645 0.000000
vt 0.032604 0.094536 0.000000
vt 0.081944 0.057317 0.000000
vt 0.099984 -0.001795 0.000000
vt 0.079834 -0.060221 0.000000
vt 0.029190 -0.095645 0.000000
vt -0.032604 -0.094536 0.000000
vt -0.081944 -0.057317 0.000000
vt 0.200000 0.345575 0.000000
vt 0.200000 0.276460 0.000000
vt 0.200000 0.207345 0.000000
vt 0.200000 0.138230 0.000000
vt 0.200000 0.069115 0.000000
vt 0.200000 0.000000 0.000000
vt 0.200000 -0.069115 0.000000
vt 0.200000 -0.138230 0.000000
vt 0.200000 -0.207345 0.000000
vt 0.200000 -0.276460 0.000000
vt 0.300000 -0.345575 0.000000
vt 0.300000 -0.276460 0.000000
vt 0.300000 -0.207345 0.000000
vt 0.300000 -0.138230 0.000000
vt 0.300000 -0.069115 0.000000
vt 0.300000 0.000000 0.000000
vt 0.300000 0.069115 0.000000
vt 0.300000 0.138230 0.000000
vt 0.300000 0.207345 0.000000
vt 0.300000 0.276460 0.000000
vt 0.300000 0.345575 0.000000
vt 0.200000 -0.345575 0.000000
vt 0.200000 0.345575 0.000000
vt 0.200000 0.276460 0.000000
vt 0.200000 0.207345 0.000000
vt 0.200000 0.138230 0.000000
vt 0.200000 0.069115 0.000000
vt 0.200000 0.000000 0.000000
vt 0.200000 -0.069115 0.000000
vt 0.200000 -0.138230 0.000000
vt 0.200000 -0.207345 0.000000
vt 0.200000 -0.276460 0.000000
vt 0.300000 -0.347550 0.000000
vt 0.300000 -0.278435 0.000000
vt 0.300000 -0.209320 0.000000
vt 0.300000 -0.140204 0.000000
vt 0.300000 -0.071089 0.000000
vt 0.300000 -0.001974 0.000000
vt 0.300000 0.067141 0.000000
vt 0.300000 0.136256 0.000000
vt 0.300000 0.205371 0.000000
vt 0.300000 0.274486 0.000000
vt 0.300000 0.343601 0.000000
vt 0.200000 -0.345575 0.000000
vt 0.200000 -0.345575 0.000000
vt 0.300000 0.343601 0.000000
vt -0.110000 0.000000 0.000000
vt -0.088992 -0.064656 0.000000
vt -0.033992 -0.104616 0.000000
vt 0.033992 -0.104616 0.000000
vt 0.088992 -0.064656 0.000000
vt 0.110000 0.000000 0.000000
vt 0.088992 0.064656 0.000000
vt 0.033992 0.104616 0.000000
vt -0.033992 0.104616 0.000000
vt -0.088992 0.064656 0.000000
vt -0.099984 0.001795 0.000000
vt -0.079834 0.060221 0.000000
vt -0.029190 0.095645 0.000000
vt 0.032604 0.094536 0.000000
vt 0.081944 0.057317 0.000000
vt 0.099984 -0.001795 0.000000
vt 0.079834 -0.060221 0.000000
vt 0.029190 -0.095645 0.000000
vt -0.032604 -0.094536 0.000000
vt -0.081944 -0.057317 0.000000
vt -0.330000 0.314159 0.000000
vt -0.330000 0.251327 0.000000
vt -0.330000 0.188496 0.000000
vt -0.330000 0.125664 0.000000
vt -0.330000 0.062832 0.000000
vt -0.330000 0.000000 0.000000
vt -0.330000 -0.062832 0.000000
vt -0.330000 -0.125664 0.000000
vt -0.330000 -0.188496 0.000000
vt -0.330000 -0.251327 0.000000
vt -0.310000 -0.314159 0.000000
vt -0.310000 -0.251327 0.000000
vt -0.310000 -0.188496 0.000000
vt -0.310000 -0.125664 0.000000
vt -0.310000 -0.062832 0.000000
vt -0.310000 0.000000 0.000000
vt -0.310000 0.062832 0.000000
vt -0.310000 0.125664 0.000000
vt -0.310000 0.188496 0.000000
vt -0.310000 0.251327 0.000000
vt -0.310000 0.314159 0.000000
vt -0.330000 -0.314159 0.000000
vt -0.380000 0.251327 0.000000
vt -0.380000 0.195477 0.000000
vt -0.380000 0.139626 0.000000
vt -0.380000 0.083776 0.000000
vt -0.380000 0.027925 0.000000
vt -0.380000 -0.027925 0.000000
vt -0.380000 -0.083776 0.000000
vt -0.380000 -0.139626 0.000000
vt -0.380000 -0.195477 0.000000
vt -0.330000 -0.251327 0.000000
vt -0.330000 -0.195477 0.000000
vt -0.330000 -0.139626 0.000000
vt -0.330000 -0.083776 0.000000
vt -0.330000 -0.027925 0.000000
vt -0.330000 0.027925 0.000000
vt -0.330000 0.083776 0.000000
vt -0.330000 0.139626 0.000000
vt -0.330000 0.195477 0.000000
vt -0.330000 0.251327 0.000000
vt -0.380000 -0.251327 0.000000
vt -0.042426 0.298451 0.000000
vt -0.042426 0.238761 0.000000
vt -0.042426 0.179071 0.000000
vt -0.042426 0.119381 0.000000
vt -0.042426 0.059690 0.000000
vt -0.042426 0.000000 0.000000
vt -0.042426 -0.059690 0.000000
vt -0.042426 -0.119381 0.000000
vt -0.042426 -0.179071 0.000000
vt -0.042426 -0.238761 0.000000
vt -0.000000 -0.298451 0.000000
vt -0.000000 -0.232129 0.000000
vt -0.000000 -0.165806 0.000000
vt -0.000000 -0.099484 0.000000
vt -0.000000 -0.033161 0.000000
vt -0.000000 0.033161 0.000000
vt -0.000000 0.099484 0.000000
vt -0.000000 0.165806 0.000000
vt -0.000000 0.232129 0.000000
vt -0.042426 -0.298451 0.000000
vt -0.000000 0.298451 0.000000
vt -0.000000 0.298451 0.000000
vt -0.080000 0.100000 0.000000
vt -0.138779 0.080902 0.000000
vt -0.175106 0.030902 0.000000
vt -0.175106 -0.030902 0.000000
vt -0.138779 -0.080902 0.000000
vt -0.080000 -0.100000 0.000000
vt -0.021221 -0.080902 0.000000
vt 0.015106 -0.030902 0.000000
vt 0.015106 0.030902 0.000000
vt -0.021221 0.080902 0.000000
vt -0.080000 0.080000 0.000000
vt -0.028577 0.061284 0.000000
vt -0.001215 0.013892 0.000000
vt -0.010718 -0.040000 0.000000
vt -0.052638 -0.075175 0.000000
vt -0.107362 -0.075175 0.000000
vt -0.149282 -0.040000 0.000000
vt -0.158785 0.013892 0.000000
vt -0.131423 0.061284 0.000000
vt -0.110000 0.000000 0.000000
vt -0.088992 -0.064656 0.000000
vt -0.033992 -0.104616 0.000000
vt 0.033992 -0.104616 0.000000
vt 0.088992 -0.064656 0.000000
vt 0.110000 0.000000 0.000000
vt 0.088992 0.064656 0.000000
vt 0.033992 0.104616 0.000000
vt -0.033992 0.104616 0.000000
vt -0.088992 0.064656 0.000000
vt -0.099984 0.001795 0.000000
vt -0.079834 0.060221 0.000000
vt -0.029190 0.095645 0.000000
vt 0.032604 0.094536 0.000000
vt 0.081944 0.057317 0.000000
vt 0.099984 -0.001795 0.000000
vt 0.079834 -0.060221 0.000000
vt 0.029190 -0.095645 0.000000
vt -0.032604 -0.094536 0.000000
vt -0.081944 -0.057317 0.000000
vt -0.080000 0.100000 0.000000
vt -0.138779 0.080902 0.000000
vt -0.175106 0.030902 0.000000
vt -0.175106 -0.030902 0.000000
vt -0.138779 -0.080902 0.000000
vt -0.080000 -0.100000 0.000000
vt -0.021221 -0.080902 0.000000
vt 0.015106 -0.030902 0.000000
vt 0.015106 0.030902 0.000000
vt -0.021221 0.080902 0.000000
vt -0.080000 0.080000 0.000000
vt -0.028577 0.061284 0.000000
vt -0.001215 0.013892 0.000000
vt -0.010718 -0.040000 0.000000
vt -0.052638 -0.075175 0.000000
vt -0.107362 -0.075175 0.000000
vt -0.149282 -0.040000 0.000000
vt -0.158785 0.013892 0.000000
vt -0.131423 0.061284 0.000000
vt -0.042426 0.300156 0.000000
vt -0.042426 0.240466 0.000000
vt -0.042426 0.180776 0.000000
vt -0.042426 0.121086 0.000000
vt -0.042426 0.061395 0.000000
vt -0.042426 0.001705 0.000000
vt -0.042426 -0.057985 0.000000
vt -0.042426 -0.117675 0.000000
vt -0.042426 -0.177366 0.000000
vt -0.042426 -0.237056 0.000000
vt -0.000000 -0.298451 0.000000
vt -0.000000 -0.232129 0.000000
vt -0.000000 -0.165806 0.000000
vt -0.000000 -0.099484 0.000000
vt -0.000000 -0.033161 0.000000
vt -0.000000 0.033161 0.000000
vt -0.000000 0.099484 0.000000
vt -0.000000 0.165806 0.000000
vt -0.000000 0.232129 0.000000
vt -0.042426 -0.296746 0.000000
vt -0.000000 0.298451 0.000000
vt -0.000000 0.298451 0.000000
vt -0.380000 0.251327 0.000000
vt -0.380000 0.195477 0.000000
vt -0.380000 0.139626 0.000000
vt -0.380000 0.083776 0.000000
vt -0.380000 0.027925 0.000000
vt -0.380000 -0.027925 0.000000
vt -0.380000 -0.083776 0.000000
vt -0.380000 -0.139626 0.000000
vt -0.380000 -0.195477 0.000000
vt -0.330000 -0.251327 0.000000
vt -0.330000 -0.195477 0.000000
vt -0.330000 -0.139626 0.000000
vt -0.330000 -0.083776 0.000000
vt -0.330000 -0.027925 0.000000
vt -0.330000 0.027925 0.000000
vt -0.330000 0.083776 0.000000
vt -0.330000 0.139626 0.000000
vt -0.330000 0.195477 0.000000
vt -0.330000 0.251327 0.000000
vt -0.380000 -0.251327 0.000000
vt -0.330000 0.314159 0.000000
vt -0.330000 0.251327 0.000000
vt -0.330000 0.188496 0.000000
vt -0.330000 0.125664 0.000000
vt -0.330000 0.062832 0.000000
vt -0.330000 0.000000 0.000000
vt -0.330000 -0.062832 0.000000
vt -0.330000 -0.125664 0.000000
vt -0.330000 -0.188496 0.000000
vt -0.330000 -0.251327 0.000000
vt -0.310000 -0.314159 0.000000
vt -0.310000 -0.251327 0.000000
vt -0.310000 -0.188496 0.000000
vt -0.310000 -0.125664 0.000000
vt -0.310000 -0.062832 0.000000
vt -0.310000 0.000000 0.000000
vt -0.310000 0.062832 0.000000
vt -0.310000 0.125664 0.000000
vt -0.310000 0.188496 0.000000
vt -0.310000 0.251327 0.000000
vt -0.310000 0.314159 0.000000
vt -0.330000 -0.314159 0.000000
vt 0.200000 0.345575 0.000000
vt 0.200000 0.276460 0.000000
vt 0.200000 0.207345 0.000000
vt 0.200000 0.138230 0.000000
vt 0.200000 0.069115 0.000000
vt 0.200000 0.000000 0.000000
vt 0.200000 -0.069115 0.000000
vt 0.200000 -0.138230 0.000000
vt 0.200000 -0.207345 0.000000
vt 0.200000 -0.276460 0.000000
vt 0.300000 -0.345575 0.000000
vt 0.300000 -0.276460 0.000000
vt 0.300000 -0.207345 0.000000
vt 0.300000 -0.138230 0.000000
vt 0.300000 -0.069115 0.000000
vt 0.300000 0.000000 0.000000
vt 0.300000 0.069115 0.000000
vt 0.300000 0.138230 0.000000
vt 0.300000 0.207345 0.000000
vt 0.300000 0.276460 0.000000
vt 0.300000 0.345575 0.000000
vt 0.200000 -0.345575 0.000000
vt -0.000000 -0.244180 0.000000
vt -0.000000 -0.189918 0.000000
vt -0.000000 -0.135656 0.000000
vt -0.000000 -0.081393 0.000000
vt -0.000000 -0.027131 0.000000
vt -0.000000 0.027131 0.000000
vt -0.000000 0.081393 0.000000
vt -0.000000 0.135656 0.000000
vt -0.000000 0.189918 0.000000
vt -0.006435 0.245575 0.000000
vt -0.006435 0.191313 0.000000
vt -0.006435 0.137051 0.000000
vt -0.006435 0.082789 0.000000
vt -0.006435 0.028526 0.000000
vt -0.006435 -0.025736 0.000000
vt -0.006435 -0.079998 0.000000
vt -0.006435 -0.134261 0.000000
vt -0.006435 -0.188523 0.000000
vt -0.006435 -0.242785 0.000000
vt -0.000000 0.244180 0.000000
vt -0.000000 0.244180 0.000000
vt -0.006435 -0.242785 0.000000
vt 0.000000 0.010472 0.000000
vt 0.000000 0.005236 0.000000
vt 0.000000 0.000000 0.000000
vt 0.000000 -0.005236 0.000000
vt 0.050000 -0.005236 0.000000
vt 0.050000 0.000000 0.000000
vt 0.050000 0.005236 0.000000
vt 0.050000 0.010472 0.000000
vt -0.050000 0.005236 0.000000
vt -0.050000 0.000000 0.000000
vt -0.050000 -0.005236 0.000000
vt -0.050000 -0.010472 0.000000
vt 0.000000 -0.010472 0.000000
vt 0.000000 -0.005236 0.000000
vt 0.000000 0.000000 0.000000
vt 0.000000 0.005236 0.000000
vt -0.000000 -0.031416 0.000000
vt -0.000000 -0.017453 0.000000
vt -0.000000 -0.003491 0.000000
vt -0.000000 0.010472 0.000000
vt -0.050000 0.010472 0.000000
vt -0.050000 -0.003491 0.000000
vt -0.050000 -0.017453 0.000000
vt -0.050000 -0.031416 0.000000
vt 0.050000 -0.031416 0.000000
vt 0.050000 -0.017453 0.000000
vt 0.050000 -0.003491 0.000000
vt 0.050000 0.010472 0.000000
vt -0.000000 0.010472 0.000000
vt -0.000000 -0.003491 0.000000
vt -0.000000 -0.017453 0.000000
vt -0.000000 -0.031416 0.000000
vt -0.490000 -0.593492 0.000000
vt -0.490000 -0.508220 0.000000
vt -0.490000 -0.422949 0.000000
vt -0.490000 -0.337677 0.000000
vt -0.490000 -0.252405 0.000000
vt -0.490000 -0.167133 0.000000
vt -0.490000 -0.081861 0.000000
vt -0.490000 0.003410 0.000000
vt -0.490000 0.088682 0.000000
vt -0.490000 0.173954 0.000000
vt -0.490000 0.259226 0.000000
vt -0.490000 0.344498 0.000000
vt -0.490000 0.429769 0.000000
vt -0.490000 -0.678764 0.000000
vt -0.500000 0.596903 0.000000
vt -0.500000 0.511631 0.000000
vt -0.500000 0.426359 0.000000
vt -0.500000 0.341087 0.000000
vt -0.500000 0.255815 0.000000
vt -0.500000 0.170544 0.000000
vt -0.500000 0.085272 0.000000
vt -0.500000 0.000000 0.000000
vt -0.500000 -0.085272 0.000000
vt -0.500000 -0.170544 0.000000
vt -0.500000 -0.255815 0.000000
vt -0.500000 -0.341087 0.000000
vt -0.500000 -0.426359 0.000000
vt -0.500000 -0.511631 0.000000
vt -0.500000 -0.596903 0.000000
vt -0.500000 -0.596903 0.000000
vt -0.490000 0.515041 0.000000
vt -0.490000 0.515041 0.000000
vt -0.000000 0.190000 0.000000
vt -0.082438 0.171184 0.000000
vt -0.148548 0.118463 0.000000
vt -0.185236 0.042279 0.000000
vt -0.185236 -0.042279 0.000000
vt -0.148548 -0.118463 0.000000
vt -0.082438 -0.171184 0.000000
vt -0.000000 -0.190000 0.000000
vt 0.082438 -0.171184 0.000000
vt 0.148548 -0.118463 0.000000
vt 0.185236 -0.042279 0.000000
vt 0.185236 0.042279 0.000000
vt 0.148548 0.118463 0.000000
vt 0.082438 0.171184 0.000000
vt -0.089103 0.045670 0.000000
vt -0.084103 0.054330 0.000000
vt -0.080442 0.057990 0.000000
vt -0.075442 0.059330 0.000000
vt -0.070442 0.057990 0.000000
vt -0.045000 0.043301 0.000000
vt -0.031527 0.040926 0.000000
vt -0.019679 0.047766 0.000000
vt -0.015000 0.060622 0.000000
vt -0.015000 0.090000 0.000000
vt -0.013660 0.095000 0.000000
vt -0.010000 0.098660 0.000000
vt -0.005000 0.100000 0.000000
vt 0.005000 0.100000 0.000000
vt 0.010000 0.098660 0.000000
vt 0.013660 0.095000 0.000000
vt 0.015000 0.090000 0.000000
vt 0.015000 0.060622 0.000000
vt 0.019679 0.047766 0.000000
vt 0.031527 0.040926 0.000000
vt 0.045000 0.043301 0.000000
vt 0.070442 0.057990 0.000000
vt 0.075442 0.059330 0.000000
vt 0.080442 0.057990 0.000000
vt 0.084103 0.054330 0.000000
vt 0.089103 0.045670 0.000000
vt 0.090442 0.040670 0.000000
vt 0.089103 0.035670 0.000000
vt 0.085442 0.032010 0.000000
vt 0.060000 0.017321 0.000000
vt 0.051206 0.006840 0.000000
vt 0.051206 -0.006840 0.000000
vt 0.060000 -0.017321 0.000000
vt 0.085442 -0.032010 0.000000
vt 0.089103 -0.035670 0.000000
vt 0.090442 -0.040670 0.000000
vt 0.089103 -0.045670 0.000000
vt 0.084103 -0.054330 0.000000
vt 0.080442 -0.057990 0.000000
vt 0.075442 -0.059330 0.000000
vt 0.070442 -0.057990 0.000000
vt 0.045000 -0.043301 0.000000
vt 0.031527 -0.040926 0.000000
vt 0.019679 -0.047766 0.000000
vt 0.015000 -0.060622 0.000000
vt 0.015000 -0.090000 0.000000
vt 0.013660 -0.095000 0.000000
vt 0.010000 -0.098660 0.000000
vt 0.005000 -0.100000 0.000000
vt -0.005000 -0.100000 0.000000
vt -0.010000 -0.098660 0.000000
vt -0.013660 -0.095000 0.000000
vt -0.015000 -0.090000 0.000000
vt -0.015000 -0.060622 0.000000
vt -0.019679 -0.047766 0.000000
vt -0.031527 -0.040926 0.000000
vt -0.045000 -0.043301 0.000000
vt -0.070442 -0.057990 0.000000
vt -0.075442 -0.059330 0.000000
vt -0.080442 -0.057990 0.000000
vt -0.084103 -0.054330 0.000000
vt -0.089103 -0.045670 0.000000
vt -0.090442 -0.040670 0.000000
vt -0.089103 -0.035670 0.000000
vt -0.085442 -0.032010 0.000000
vt -0.060000 -0.017321 0.000000
vt -0.051206 -0.006840 0.000000
vt -0.051206 0.006840 0.000000
vt -0.060000 0.017321 0.000000
vt -0.085442 0.032010 0.000000
vt -0.089103 0.035670 0.000000
vt -0.090442 0.040670 0.000000
vt 0.075450 -0.075450 0.000000
vt 0.057798 -0.026952 0.000000
vt 0.013102 -0.001146 0.000000
vt -0.037725 -0.010108 0.000000
vt -0.070900 -0.049645 0.000000
vt -0.070900 -0.101255 0.000000
vt -0.037725 -0.140792 0.000000
vt 0.013102 -0.149754 0.000000
vt 0.057798 -0.123948 0.000000
vt 0.050000 0.160622 0.000000
vt 0.050000 0.190000 0.000000
vt -0.000000 0.190000 0.000000
vt -0.000000 0.160622 0.000000
vt -0.000000 0.039378 0.000000
vt -0.000000 0.010000 0.000000
vt 0.050000 0.010000 0.000000
vt 0.050000 0.039378 0.000000
vt -0.050000 0.039378 0.000000
vt -0.050000 0.010000 0.000000
vt 0.000000 0.010000 0.000000
vt 0.000000 0.039378 0.000000
vt 0.010000 0.000000 0.000000
vt 0.020000 0.000000 0.000000
vt 0.020000 0.050000 0.000000
vt 0.010000 0.050000 0.000000
vt 0.000000 0.160622 0.000000
vt 0.000000 0.190000 0.000000
vt -0.050000 0.190000 0.000000
vt -0.050000 0.160622 0.000000
vt 0.000000 -0.010000 0.000000
vt 0.000000 -0.020000 0.000000
vt 0.050000 -0.020000 0.000000
vt 0.050000 -0.010000 0.000000
vt -0.045000 0.043301 0.000000
vt -0.070442 0.057990 0.000000
vt -0.075442 0.059330 0.000000
vt -0.080442 0.057990 0.000000
vt -0.084103 0.054330 0.000000
vt -0.089103 0.045670 0.000000
vt -0.090442 0.040670 0.000000
vt -0.089103 0.035670 0.000000
vt -0.085442 0.032010 0.000000
vt -0.060000 0.017321 0.000000
vt -0.051206 0.006840 0.000000
vt -0.051206 -0.006840 0.000000
vt -0.060000 -0.017321 0.000000
vt -0.085442 -0.032010 0.000000
vt -0.089103 -0.035670 0.000000
vt -0.090442 -0.040670 0.000000
vt -0.089103 -0.045670 0.000000
vt -0.084103 -0.054330 0.000000
vt -0.080442 -0.057990 0.000000
vt -0.075442 -0.059330 0.000000
vt -0.070442 -0.057990 0.000000
vt -0.045000 -0.043301 0.000000
vt -0.031527 -0.040926 0.000000
vt -0.019679 -0.047766 0.000000
vt -0.015000 -0.060622 0.000000
vt -0.015000 -0.090000 0.000000
vt -0.013660 -0.095000 0.000000
vt -0.010000 -0.098660 0.000000
vt -0.005000 -0.100000 0.000000
vt 0.005000 -0.100000 0.000000
vt 0.010000 -0.098660 0.000000
vt 0.013660 -0.095000 0.000000
vt 0.015000 -0.090000 0.000000
vt 0.015000 -0.060622 0.000000
vt 0.019679 -0.047766 0.000000
vt 0.031527 -0.040926 0.000000
vt 0.045000 -0.043301 0.000000
vt 0.070442 -0.057990 0.000000
vt 0.075442 -0.059330 0.000000
vt 0.080442 -0.057990 0.000000
vt 0.084103 -0.054330 0.000000
vt 0.089103 -0.045670 0.000000
vt 0.090442 -0.040670 0.000000
vt 0.089103 -0.035670 0.000000
vt 0.085442 -0.032010 0.000000
vt 0.060000 -0.017321 0.000000
vt 0.051206 -0.006840 0.000000
vt 0.051206 0.006840 0.000000
vt 0.060000 0.017321 0.000000
vt 0.085442 0.032010 0.000000
vt 0.089103 0.035670 0.000000
vt 0.090442 0.040670 0.000000
vt 0.089103 0.045670 0.000000
vt 0.084103 0.054330 0.000000
vt 0.080442 0.057990 0.000000
vt 0.075442 0.059330 0.000000
vt 0.070442 0.057990 0.000000
vt 0.045000 0.043301 0.000000
vt 0.031527 0.040926 0.000000
vt 0.019679 0.047766 0.000000
vt 0.015000 0.060622 0.000000
vt 0.015000 0.090000 0.000000
vt 0.013660 0.095000 0.000000
vt 0.010000 0.098660 0.000000
vt 0.005000 0.100000 0.000000
vt -0.005000 0.100000 0.000000
vt -0.010000 0.098660 0.000000
vt -0.013660 0.095000 0.000000
vt -0.015000 0.090000 0.000000
vt -0.015000 0.060622 0.000000
vt -0.019679 0.047766 0.000000
vt -0.031527 0.040926 0.000000
vt -0.050000 0.020000 0.000000
vt -0.050000 0.010000 0.000000
vt 0.000000 0.010000 0.000000
vt 0.000000 0.020000 0.000000
vt -0.039378 -0.050000 0.000000
vt -0.010000 -0.050000 0.000000
vt -0.010000 0.000000 0.000000
vt -0.039378 0.000000 0.000000
vt 0.000000 0.160622 0.000000
vt 0.000000 0.190000 0.000000
vt -0.050000 0.190000 0.000000
vt -0.050000 0.160622 0.000000
vt -0.010000 0.000000 0.000000
vt -0.020000 0.000000 0.000000
vt -0.020000 -0.050000 0.000000
vt -0.010000 -0.050000 0.000000
vt 0.050000 0.160622 0.000000
vt 0.050000 0.190000 0.000000
vt -0.000000 0.190000 0.000000
vt -0.000000 0.160622 0.000000
vt 0.039378 0.000000 0.000000
vt 0.010000 0.000000 0.000000
vt 0.010000 -0.050000 0.000000
vt 0.039378 -0.050000 0.000000
vt 0.160622 -0.050000 0.000000
vt 0.190000 -0.050000 0.000000
vt 0.190000 0.000000 0.000000
vt 0.160622 0.000000 0.000000
vt -0.160622 0.000000 0.000000
vt -0.190000 0.000000 0.000000
vt -0.190000 -0.050000 0.000000
vt -0.160622 -0.050000 0.000000
vt 0.000000 -0.010000 0.000000
vt 0.000000 -0.020000 0.000000
vt 0.050000 -0.020000 0.000000
vt 0.050000 -0.010000 0.000000
vt -0.000000 0.039378 0.000000
vt -0.000000 0.010000 0.000000
vt 0.050000 0.010000 0.000000
vt 0.050000 0.039378 0.000000
vt 0.000000 0.010000 0.000000
vt 0.000000 0.020000 0.000000
vt -0.050000 0.020000 0.000000
vt -0.050000 0.010000 0.000000
vt -0.050000 0.039378 0.000000
vt -0.050000 0.010000 0.000000
vt 0.000000 0.010000 0.000000
vt 0.000000 0.039378 0.000000
vt -0.000000 0.020944 0.000000
vt -0.000000 0.006981 0.000000
vt -0.000000 -0.006981 0.000000
vt -0.000000 -0.020944 0.000000
vt 0.050000 -0.020944 0.000000
vt 0.050000 -0.006981 0.000000
vt 0.050000 0.006981 0.000000
vt 0.050000 0.020944 0.000000
vt -0.000000 0.010472 0.000000
vt -0.000000 0.024435 0.000000
vt -0.000000 0.038397 0.000000
vt -0.000000 0.052360 0.000000
vt -0.050000 0.052360 0.000000
vt -0.050000 0.038397 0.000000
vt -0.050000 0.024435 0.000000
vt -0.050000 0.010472 0.000000
vt -0.050000 0.020944 0.000000
vt -0.050000 0.006981 0.000000
vt -0.050000 -0.006981 0.000000
vt -0.050000 -0.020944 0.000000
vt -0.000000 -0.020944 0.000000
vt -0.000000 -0.006981 0.000000
vt -0.000000 0.006981 0.000000
vt -0.000000 0.020944 0.000000
vt -0.000000 -0.052360 0.000000
vt -0.000000 -0.038397 0.000000
vt -0.000000 -0.024435 0.000000
vt -0.000000 -0.010472 0.000000
vt -0.050000 -0.010472 0.000000
vt -0.050000 -0.024435 0.000000
vt -0.050000 -0.038397 0.000000
vt -0.050000 -0.052360 0.000000
vt 0.000000 -0.005236 0.000000
vt 0.000000 -0.010472 0.000000
vt 0.000000 -0.015708 0.000000
vt 0.000000 -0.020944 0.000000
vt 0.050000 -0.020944 0.000000
vt 0.050000 -0.015708 0.000000
vt 0.050000 -0.010472 0.000000
vt 0.050000 -0.005236 0.000000
vt 0.000000 -0.010472 0.000000
vt 0.000000 -0.015708 0.000000
vt 0.000000 -0.020944 0.000000
vt 0.000000 -0.026180 0.000000
vt 0.050000 -0.026180 0.000000
vt 0.050000 -0.020944 0.000000
vt 0.050000 -0.015708 0.000000
vt 0.050000 -0.010472 0.000000
vt 0.000000 -0.007854 0.000000
vt 0.000000 -0.002618 0.000000
vt 0.000000 0.002618 0.000000
vt 0.000000 0.007854 0.000000
vt -0.050000 0.007854 0.000000
vt -0.050000 0.002618 0.000000
vt -0.050000 -0.002618 0.000000
vt -0.050000 -0.007854 0.000000
vt 0.000000 0.000000 0.000000
vt 0.000000 -0.005236 0.000000
vt 0.000000 -0.010472 0.000000
vt 0.000000 -0.015708 0.000000
vt 0.050000 -0.015708 0.000000
vt 0.050000 -0.010472 0.000000
vt 0.050000 -0.005236 0.000000
vt 0.050000 0.000000 0.000000
vt 0.000000 0.015708 0.000000
vt 0.000000 0.020944 0.000000
vt 0.000000 0.026180 0.000000
vt 0.000000 0.031416 0.000000
vt -0.050000 0.031416 0.000000
vt -0.050000 0.026180 0.000000
vt -0.050000 0.020944 0.000000
vt -0.050000 0.015708 0.000000
vt 0.000000 0.005236 0.000000
vt 0.000000 0.010472 0.000000
vt 0.000000 0.015708 0.000000
vt 0.000000 0.020944 0.000000
vt -0.050000 0.020944 0.000000
vt -0.050000 0.015708 0.000000
vt -0.050000 0.010472 0.000000
vt -0.050000 0.005236 0.000000
vt 0.000000 0.000000 0.000000
vt 0.000000 0.005236 0.000000
vt 0.000000 0.010472 0.000000
vt 0.000000 0.015708 0.000000
vt -0.050000 0.015708 0.000000
vt -0.050000 0.010472 0.000000
vt -0.050000 0.005236 0.000000
vt -0.050000 0.000000 0.000000
vt 0.000000 -0.015708 0.000000
vt 0.000000 -0.020944 0.000000
vt 0.000000 -0.026180 0.000000
vt 0.000000 -0.031416 0.000000
vt 0.050000 -0.031416 0.000000
vt 0.050000 -0.026180 0.000000
vt 0.050000 -0.020944 0.000000
vt 0.050000 -0.015708 0.000000
vt 0.000000 0.007854 0.000000
vt 0.000000 0.002618 0.000000
vt 0.000000 -0.002618 0.000000
vt 0.000000 -0.007854 0.000000
vt 0.050000 -0.007854 0.000000
vt 0.050000 -0.002618 0.000000
vt 0.050000 0.002618 0.000000
vt 0.050000 0.007854 0.000000
vt 0.000000 0.010472 0.000000
vt 0.000000 0.015708 0.000000
vt 0.000000 0.020944 0.000000
vt 0.000000 0.026180 0.000000
vt -0.050000 0.026180 0.000000
vt -0.050000 0.020944 0.000000
vt -0.050000 0.015708 0.000000
vt -0.050000 0.010472 0.000000
vt 0.086383 0.450749 0.000000
vt 0.086767 0.447944 0.000000
vt 0.087148 0.445139 0.000000
vt 0.087527 0.442333 0.000000
vt 0.080519 0.442333 0.000000
vt 0.063484 0.429537 0.000000
vt 0.042668 0.425000 0.000000
vt 0.000000 0.425000 0.000000
vt -0.104827 0.411869 0.000000
vt -0.203177 0.373288 0.000000
vt -0.288972 0.311641 0.000000
vt -0.303720 0.286114 0.000000
vt -0.301508 0.256725 0.000000
vt -0.283106 0.233686 0.000000
vt -0.254906 0.225000 0.000000
vt 0.119622 0.225000 0.000000
vt 0.112675 0.310965 0.000000
vt 0.103502 0.396722 0.000000
vt 0.092110 0.482212 0.000000
vt -0.600023 -0.608442 0.000000
vt -0.600023 -0.521521 0.000000
vt -0.600023 -0.434601 0.000000
vt -0.600023 -0.347681 0.000000
vt -0.600023 -0.260761 0.000000
vt -0.600023 -0.173840 0.000000
vt -0.600023 -0.086920 0.000000
vt -0.600023 0.000000 0.000000
vt -0.600023 0.086920 0.000000
vt -0.600023 0.173840 0.000000
vt -0.600023 0.260761 0.000000
vt -0.600023 0.347681 0.000000
vt -0.600023 0.434601 0.000000
vt -0.600023 0.521521 0.000000
vt -0.850032 0.608442 0.000000
vt -0.850032 0.521521 0.000000
vt -0.850032 0.434601 0.000000
vt -0.850032 0.347681 0.000000
vt -0.850032 0.260761 0.000000
vt -0.850032 0.173840 0.000000
vt -0.850032 0.086920 0.000000
vt -0.850032 0.000000 0.000000
vt -0.850032 -0.086920 0.000000
vt -0.850032 -0.173840 0.000000
vt -0.850032 -0.260761 0.000000
vt -0.850032 -0.347681 0.000000
vt -0.850032 -0.434601 0.000000
vt -0.850032 -0.521521 0.000000
vt -0.850032 -0.608442 0.000000
vt -0.600023 0.608442 0.000000
vt -0.600023 -0.608442 0.000000
vt -0.600023 -0.521521 0.000000
vt -0.600023 -0.434601 0.000000
vt -0.600023 -0.347681 0.000000
vt -0.600023 -0.260761 0.000000
vt -0.600023 -0.173840 0.000000
vt -0.600023 -0.086920 0.000000
vt -0.600023 0.000000 0.000000
vt -0.600023 0.086920 0.000000
vt -0.600023 0.173840 0.000000
vt -0.600023 0.260761 0.000000
vt -0.600023 0.347681 0.000000
vt -0.600023 0.434601 0.000000
vt -0.600023 0.521521 0.000000
vt -0.850032 0.608442 0.000000
vt -0.850032 0.521521 0.000000
vt -0.850032 0.434601 0.000000
vt -0.850032 0.347681 0.000000
vt -0.850032 0.260761 0.000000
vt -0.850032 0.173840 0.000000
vt -0.850032 0.086920 0.000000
vt -0.850032 0.000000 0.000000
vt -0.850032 -0.086920 0.000000
vt -0.850032 -0.173840 0.000000
vt -0.850032 -0.260761 0.000000
vt -0.850032 -0.347681 0.000000
vt -0.850032 -0.434601 0.000000
vt -0.850032 -0.521521 0.000000
vt -0.850032 -0.608442 0.000000
vt -0.600023 0.608442 0.000000
vt -0.600023 -0.608442 0.000000
vt -0.600023 -0.521521 0.000000
vt -0.600023 -0.434601 0.000000
vt -0.600023 -0.347681 0.000000
vt -0.600023 -0.260761 0.000000
vt -0.600023 -0.173840 0.000000
vt -0.600023 -0.086920 0.000000
vt -0.600023 0.000000 0.000000
vt -0.600023 0.086920 0.000000
vt -0.600023 0.173840 0.000000
vt -0.600023 0.260761 0.000000
vt -0.600023 0.347681 0.000000
vt -0.600023 0.434601 0.000000
vt -0.600023 0.521521 0.000000
vt -0.850032 0.608442 0.000000
vt -0.850032 0.521521 0.000000
vt -0.850032 0.434601 0.000000
vt -0.850032 0.347681 0.000000
vt -0.850032 0.260761 0.000000
vt -0.850032 0.173840 0.000000
vt -0.850032 0.086920 0.000000
vt -0.850032 0.000000 0.000000
vt -0.850032 -0.086920 0.000000
vt -0.850032 -0.173840 0.000000
vt -0.850032 -0.260761 0.000000
vt -0.850032 -0.347681 0.000000
vt -0.850032 -0.434601 0.000000
vt -0.850032 -0.521521 0.000000
vt -0.850032 -0.608442 0.000000
vt -0.600023 0.608442 0.000000
vt -0.600023 -0.608442 0.000000
vt -0.600023 -0.521521 0.000000
vt -0.600023 -0.434601 0.000000
vt -0.600023 -0.347681 0.000000
vt -0.600023 -0.260761 0.000000
vt -0.600023 -0.173840 0.000000
vt -0.600023 -0.086920 0.000000
vt -0.600023 0.000000 0.000000
vt -0.600023 0.086920 0.000000
vt -0.600023 0.173840 0.000000
vt -0.600023 0.260761 0.000000
vt -0.600023 0.347681 0.000000
vt -0.600023 0.434601 0.000000
vt -0.600023 0.521521 0.000000
vt -0.850032 0.608442 0.000000
vt -0.850032 0.521521 0.000000
vt -0.850032 0.434601 0.000000
vt -0.850032 0.347681 0.000000
vt -0.850032 0.260761 0.000000
vt -0.850032 0.173840 0.000000
vt -0.850032 0.086920 0.000000
vt -0.850032 0.000000 0.000000
vt -0.850032 -0.086920 0.000000
vt -0.850032 -0.173840 0.000000
vt -0.850032 -0.260761 0.000000
vt -0.850032 -0.347681 0.000000
vt -0.850032 -0.434601 0.000000
vt -0.850032 -0.521521 0.000000
vt -0.850032 -0.608442 0.000000
vt -0.600023 0.608442 0.000000
vt 1.000610 1.776968 0.000000
vt 1.000610 2.125077 0.000000
vt 1.000610 2.473187 0.000000
vt 1.000610 2.821296 0.000000
vt 1.000610 3.169406 0.000000
vt 1.000610 3.517515 0.000000
vt 1.000610 3.865625 0.000000
vt 1.000610 4.213735 0.000000
vt 1.000610 4.561844 0.000000
vt 1.000610 4.909954 0.000000
vt 0.899176 4.909318 0.000000
vt 0.797742 4.908809 0.000000
vt 0.696307 4.908426 0.000000
vt 0.500305 4.907804 0.000000
vt 0.500305 4.940901 0.000000
vt 0.500305 4.973999 0.000000
vt 0.500305 5.007097 0.000000
vt 0.400244 5.008630 0.000000
vt 0.300183 5.010167 0.000000
vt 0.200122 5.011707 0.000000
vt 0.100061 5.013250 0.000000
vt 0.100061 4.657842 0.000000
vt 0.100061 4.302433 0.000000
vt 0.100061 3.947025 0.000000
vt 0.100061 3.591616 0.000000
vt 0.100061 3.236208 0.000000
vt 0.100061 2.880799 0.000000
vt 0.100061 2.525391 0.000000
vt 0.100061 2.169982 0.000000
vt 0.100061 1.814574 0.000000
vt 0.199973 1.810362 0.000000
vt 0.299885 1.806160 0.000000
vt 0.650246 1.791504 0.000000
vt 0.500305 5.420498 0.000000
vt 0.500305 5.453596 0.000000
vt 0.500305 5.486693 0.000000
vt 0.500305 5.519791 0.000000
vt 0.696307 5.519169 0.000000
vt 0.797742 5.518786 0.000000
vt 0.899176 5.518277 0.000000
vt 1.000610 5.517641 0.000000
vt 1.000610 5.693004 0.000000
vt 1.000610 5.868366 0.000000
vt 1.000610 6.043728 0.000000
vt 0.900696 6.039595 0.000000
vt 0.800782 6.035452 0.000000
vt 0.450420 6.020848 0.000000
vt 0.100061 6.006122 0.000000
vt 0.100061 5.808863 0.000000
vt 0.100061 5.611604 0.000000
vt 0.100061 5.414344 0.000000
vt 0.000000 10.170300 0.000000
vt 0.000000 9.793622 0.000000
vt 0.000000 9.416945 0.000000
vt 0.000000 9.040267 0.000000
vt 0.000000 8.663589 0.000000
vt 0.000000 8.286911 0.000000
vt 0.000000 7.910233 0.000000
vt 0.000000 7.533556 0.000000
vt 0.000000 7.156878 0.000000
vt 0.000000 6.780200 0.000000
vt 0.000000 6.403522 0.000000
vt 0.000000 6.026845 0.000000
vt 0.000000 5.650167 0.000000
vt 0.000000 5.273489 0.000000
vt 0.000000 4.896811 0.000000
vt 0.000000 4.520133 0.000000
vt 0.000000 4.143456 0.000000
vt 0.000000 3.766778 0.000000
vt 0.000000 3.390100 0.000000
vt 0.000000 3.013422 0.000000
vt 0.000000 2.636744 0.000000
vt 0.000000 2.260067 0.000000
vt 0.000000 1.883389 0.000000
vt 0.000000 1.506711 0.000000
vt 0.000000 1.130033 0.000000
vt 0.000000 0.753356 0.000000
vt 0.000000 0.376678 0.000000
vt 0.000000 0.000000 0.000000
vt 0.000000 -0.376678 0.000000
vt 0.000000 -0.753356 0.000000
vt 0.000000 -1.130033 0.000000
vt 0.000000 -1.506711 0.000000
vt 0.000000 -1.883389 0.000000
vt 0.000000 -2.260067 0.000000
vt 0.000000 -2.636744 0.000000
vt 0.000000 -3.013422 0.000000
vt 0.000000 -3.390100 0.000000
vt 0.000000 -3.766778 0.000000
vt 0.000000 -4.143456 0.000000
vt 0.000000 -4.520133 0.000000
vt 0.000000 -4.896811 0.000000
vt 0.000000 -5.273489 0.000000
vt 0.000000 -5.650167 0.000000
vt 0.000000 -6.026845 0.000000
vt 0.000000 -6.403522 0.000000
vt 0.000000 -6.780200 0.000000
vt 0.000000 -7.156878 0.000000
vt 0.000000 -7.533556 0.000000
vt 0.000000 -7.910233 0.000000
vt 0.000000 -8.286911 0.000000
vt 0.000000 -8.663589 0.000000
vt 0.000000 -9.040267 0.000000
vt 0.000000 -9.416945 0.000000
vt 0.000000 -9.793622 0.000000
vt 0.000000 -10.170300 0.000000
vt 0.050000 -10.171175 0.000000
vt 0.050000 -9.794464 0.000000
vt 0.050000 -9.417754 0.000000
vt 0.050000 -9.041044 0.000000
vt 0.050000 -8.664334 0.000000
vt 0.050000 -8.287624 0.000000
vt 0.050000 -7.910913 0.000000
vt 0.050000 -7.534204 0.000000
vt 0.050000 -7.157493 0.000000
vt 0.050000 -6.780783 0.000000
vt 0.050000 -6.404073 0.000000
vt 0.050000 -6.027363 0.000000
vt 0.050000 -5.650652 0.000000
vt 0.050000 -5.273942 0.000000
vt 0.050000 -4.897232 0.000000
vt 0.050000 -4.520522 0.000000
vt 0.050000 -4.143812 0.000000
vt 0.050000 -3.767102 0.000000
vt 0.050000 -3.390392 0.000000
vt 0.050000 -3.013681 0.000000
vt 0.050000 -2.636971 0.000000
vt 0.050000 -2.260261 0.000000
vt 0.050000 -1.883551 0.000000
vt 0.050000 -1.506841 0.000000
vt 0.050000 -1.130131 0.000000
vt 0.050000 -0.753420 0.000000
vt 0.050000 -0.376710 0.000000
vt 0.050000 0.000000 0.000000
vt 0.050000 0.376710 0.000000
vt 0.050000 0.753420 0.000000
vt 0.050000 1.130131 0.000000
vt 0.050000 1.506841 0.000000
vt 0.050000 1.883551 0.000000
vt 0.050000 2.260261 0.000000
vt 0.050000 2.636971 0.000000
vt 0.050000 3.013681 0.000000
vt 0.050000 3.390392 0.000000
vt 0.050000 3.767102 0.000000
vt 0.050000 4.143812 0.000000
vt 0.050000 4.520522 0.000000
vt 0.050000 4.897232 0.000000
vt 0.050000 5.273942 0.000000
vt 0.050000 5.650652 0.000000
vt 0.050000 6.027363 0.000000
vt 0.050000 6.404073 0.000000
vt 0.050000 6.780783 0.000000
vt 0.050000 7.157493 0.000000
vt 0.050000 7.534204 0.000000
vt 0.050000 7.910913 0.000000
vt 0.050000 8.287624 0.000000
vt 0.050000 8.664334 0.000000
vt 0.050000 9.041044 0.000000
vt 0.050000 9.417754 0.000000
vt 0.050000 9.794464 0.000000
vt 0.050000 10.171175 0.000000
vt 0.050008 0.727182 0.000000
vt 0.050008 0.391027 0.000000
vt 0.050008 0.054872 0.000000
vt 0.050008 -0.281283 0.000000
vt 0.050008 -0.617438 0.000000
vt 0.050008 -0.953593 0.000000
vt 0.050008 -1.289747 0.000000
vt 0.050008 -1.625902 0.000000
vt 0.050008 -1.962057 0.000000
vt 0.050008 -2.298212 0.000000
vt 0.050008 -2.634367 0.000000
vt 0.050008 -2.970522 0.000000
vt 0.100015 -2.972406 0.000000
vt 0.100015 -2.635909 0.000000
vt 0.100015 -2.299411 0.000000
vt 0.100015 -1.962914 0.000000
vt 0.100015 -1.626416 0.000000
vt 0.100015 -1.289919 0.000000
vt 0.100015 -0.953421 0.000000
vt 0.100015 -0.616924 0.000000
vt 0.100015 -0.280426 0.000000
vt 0.100015 0.056071 0.000000
vt 0.100015 0.392569 0.000000
vt 0.100015 0.729066 0.000000
vt 0.050008 -4.761474 0.000000
vt 0.050008 -5.098440 0.000000
vt 0.050008 -5.435406 0.000000
vt 0.050008 -5.772372 0.000000
vt 0.050008 -6.109338 0.000000
vt 0.050008 -6.446304 0.000000
vt 0.050008 -6.783270 0.000000
vt 0.050008 -7.120236 0.000000
vt 0.050008 -7.457202 0.000000
vt 0.100015 -7.459086 0.000000
vt 0.100015 -7.121681 0.000000
vt 0.100015 -6.784277 0.000000
vt 0.100015 -6.446872 0.000000
vt 0.100015 -6.109468 0.000000
vt 0.100015 -5.772063 0.000000
vt 0.100015 -5.434659 0.000000
vt 0.100015 -5.097254 0.000000
vt 0.100015 -4.759849 0.000000
vt 0.076885 -0.086909 0.000000
vt 0.076906 -0.084121 0.000000
vt 0.076928 -0.081332 0.000000
vt 0.076952 -0.078544 0.000000
vt 0.026948 -0.078544 0.000000
vt 0.026933 -0.080250 0.000000
vt 0.026919 -0.081956 0.000000
vt 0.026906 -0.083663 0.000000
vt 0.050008 5.213862 0.000000
vt 0.050008 5.037966 0.000000
vt 0.050008 4.862070 0.000000
vt 0.050008 4.686174 0.000000
vt 0.100015 4.686551 0.000000
vt 0.100015 4.862949 0.000000
vt 0.100015 5.039348 0.000000
vt 0.100015 5.215746 0.000000
vt 0.050008 -3.759498 0.000000
vt 0.050008 -3.910294 0.000000
vt 0.050008 -4.061090 0.000000
vt 0.050008 -4.211886 0.000000
vt 0.100015 -4.213511 0.000000
vt 0.100015 -4.061545 0.000000
vt 0.100015 -3.909580 0.000000
vt 0.100015 -3.757614 0.000000
vt 0.050008 4.287185 0.000000
vt 0.050008 3.940807 0.000000
vt 0.050008 3.594428 0.000000
vt 0.050008 3.248050 0.000000
vt 0.050008 2.901672 0.000000
vt 0.050008 2.555293 0.000000
vt 0.050008 2.208915 0.000000
vt 0.050008 1.862536 0.000000
vt 0.050008 1.516158 0.000000
vt 0.100015 1.514274 0.000000
vt 0.100015 1.860841 0.000000
vt 0.100015 2.207408 0.000000
vt 0.100015 2.553975 0.000000
vt 0.100015 2.900542 0.000000
vt 0.100015 3.247109 0.000000
vt 0.100015 3.593676 0.000000
vt 0.100015 3.940242 0.000000
vt 0.100015 4.286809 0.000000
vt 0.050008 1.848852 0.000000
vt 0.050008 1.512697 0.000000
vt 0.050008 1.176542 0.000000
vt 0.050008 0.840387 0.000000
vt 0.050008 0.504232 0.000000
vt 0.050008 0.168077 0.000000
vt 0.050008 -0.168077 0.000000
vt 0.050008 -0.504232 0.000000
vt 0.050008 -0.840387 0.000000
vt 0.050008 -1.176542 0.000000
vt 0.050008 -1.512697 0.000000
vt 0.050008 -1.848852 0.000000
vt 0.100015 -1.850736 0.000000
vt 0.100015 -1.514239 0.000000
vt 0.100015 -1.177741 0.000000
vt 0.100015 -0.841244 0.000000
vt 0.100015 -0.504746 0.000000
vt 0.100015 -0.168249 0.000000
vt 0.100015 0.168249 0.000000
vt 0.100015 0.504746 0.000000
vt 0.100015 0.841244 0.000000
vt 0.100015 1.177741 0.000000
vt 0.100015 1.514239 0.000000
vt 0.100015 1.850736 0.000000
vt 0.000000 0.000000 0.000000
vt 0.000000 -0.950579 0.000000
vt 0.278679 -0.950579 0.000000
vt 0.279802 -0.900549 0.000000
vt 0.615645 -0.900549 0.000000
vt 0.652118 0.000000 0.000000
vt -0.873878 0.354422 0.000000
vt -0.923826 0.357503 0.000000
vt -0.947223 0.079808 0.000000
vt 0.000000 0.000000 0.000000
vt 0.054750 0.649816 0.000000
vt -0.845681 0.689079 0.000000
vt -0.000000 0.591542 0.000000
vt -0.950579 0.591542 0.000000
vt -0.950579 0.473234 0.000000
vt -0.950579 0.354925 0.000000
vt -0.950579 0.236617 0.000000
vt -0.950579 0.118308 0.000000
vt -0.950579 0.000000 0.000000
vt -0.950579 -0.118308 0.000000
vt -0.950579 -0.236617 0.000000
vt -0.950579 -0.354925 0.000000
vt -0.950579 -0.473234 0.000000
vt -0.950579 -0.591542 0.000000
vt -0.000000 -0.591542 0.000000
vt -0.000000 -0.473234 0.000000
vt -0.000000 -0.354925 0.000000
vt -0.000000 -0.236617 0.000000
vt -0.000000 -0.118308 0.000000
vt -0.000000 0.000000 0.000000
vt -0.000000 0.118308 0.000000
vt -0.000000 0.236617 0.000000
vt -0.000000 0.354925 0.000000
vt -0.000000 0.473234 0.000000
vt -0.475290 0.473234 0.000000
vt -0.475290 0.354925 0.000000
vt -0.475290 0.236617 0.000000
vt -0.475290 0.118308 0.000000
vt -0.475290 0.000000 0.000000
vt -0.475290 -0.118308 0.000000
vt -0.475290 -0.236617 0.000000
vt -0.475290 -0.354925 0.000000
vt -0.475290 -0.473234 0.000000
vt 0.000000 0.000000 0.000000
vt -0.947223 0.079808 0.000000
vt -0.970620 -0.197887 0.000000
vt -0.920860 -0.203206 0.000000
vt -0.949057 -0.537864 0.000000
vt -0.054750 -0.649816 0.000000
vt -0.279802 -0.900549 0.000000
vt -0.278679 -0.950579 0.000000
vt 0.000000 -0.950579 0.000000
vt 0.000000 0.000000 0.000000
vt -0.652118 0.000000 0.000000
vt -0.615645 -0.900549 0.000000
vt -0.000000 0.591542 0.000000
vt -0.950579 0.591542 0.000000
vt -0.950579 0.473234 0.000000
vt -0.950579 0.354925 0.000000
vt -0.950579 0.236617 0.000000
vt -0.950579 0.118308 0.000000
vt -0.950579 0.000000 0.000000
vt -0.950579 -0.118308 0.000000
vt -0.950579 -0.236617 0.000000
vt -0.950579 -0.354925 0.000000
vt -0.950579 -0.473234 0.000000
vt -0.950579 -0.591542 0.000000
vt -0.000000 -0.591542 0.000000
vt -0.000000 -0.473234 0.000000
vt -0.000000 -0.354925 0.000000
vt -0.000000 -0.236617 0.000000
vt -0.000000 -0.118308 0.000000
vt -0.000000 0.000000 0.000000
vt -0.000000 0.118308 0.000000
vt -0.000000 0.236617 0.000000
vt -0.000000 0.354925 0.000000
vt -0.000000 0.473234 0.000000
vt -0.475290 0.473234 0.000000
vt -0.475290 0.354925 0.000000
vt -0.475290 0.236617 0.000000
vt -0.475290 0.118308 0.000000
vt -0.475290 0.000000 0.000000
vt -0.475290 -0.118308 0.000000
vt -0.475290 -0.236617 0.000000
vt -0.475290 -0.354925 0.000000
vt -0.475290 -0.473234 0.000000
vt 0.000000 0.000000 0.000000
vt 0.950480 0.013740 0.000000
vt 0.946452 0.292390 0.000000
vt 0.896410 0.292789 0.000000
vt 0.891556 0.628598 0.000000
vt -0.009426 0.652050 0.000000
vt -0.873878 0.354422 0.000000
vt -0.923826 0.357503 0.000000
vt -0.947223 0.079808 0.000000
vt 0.000000 0.000000 0.000000
vt 0.054750 0.649816 0.000000
vt -0.845681 0.689079 0.000000
vt -0.000000 0.591542 0.000000
vt -0.950579 0.591542 0.000000
vt -0.950579 0.473234 0.000000
vt -0.950579 0.354925 0.000000
vt -0.950579 0.236617 0.000000
vt -0.950579 0.118308 0.000000
vt -0.950579 0.000000 0.000000
vt -0.950579 -0.118308 0.000000
vt -0.950579 -0.236617 0.000000
vt -0.950579 -0.354925 0.000000
vt -0.950579 -0.473234 0.000000
vt -0.950579 -0.591542 0.000000
vt -0.000000 -0.591542 0.000000
vt -0.000000 -0.473234 0.000000
vt -0.000000 -0.354925 0.000000
vt -0.000000 -0.236617 0.000000
vt -0.000000 -0.118308 0.000000
vt -0.000000 0.000000 0.000000
vt -0.000000 0.118308 0.000000
vt -0.000000 0.236617 0.000000
vt -0.000000 0.354925 0.000000
vt -0.000000 0.473234 0.000000
vt -0.475290 0.473234 0.000000
vt -0.475290 0.354925 0.000000
vt -0.475290 0.236617 0.000000
vt -0.475290 0.118308 0.000000
vt -0.475290 0.000000 0.000000
vt -0.475290 -0.118308 0.000000
vt -0.475290 -0.236617 0.000000
vt -0.475290 -0.354925 0.000000
vt -0.475290 -0.473234 0.000000
vt 0.000000 0.000000 0.000000
vt -0.947223 0.079808 0.000000
vt -0.970620 -0.197887 0.000000
vt -0.920860 -0.203206 0.000000
vt -0.949057 -0.537864 0.000000
vt -0.054750 -0.649816 0.000000
vt 0.904499 -0.266756 0.000000
vt 0.954508 -0.264910 0.000000
vt 0.950480 0.013740 0.000000
vt 0.000000 0.000000 0.000000
vt 0.009426 -0.652050 0.000000
vt 0.909353 -0.602564 0.000000
vt -0.000000 0.591542 0.000000
vt -0.950579 0.591542 0.000000
vt -0.950579 0.473234 0.000000
vt -0.950579 0.354925 0.000000
vt -0.950579 0.236617 0.000000
vt -0.950579 0.118308 0.000000
vt -0.950579 0.000000 0.000000
vt -0.950579 -0.118308 0.000000
vt -0.950579 -0.236617 0.000000
vt -0.950579 -0.354925 0.000000
vt -0.950579 -0.473234 0.000000
vt -0.950579 -0.591542 0.000000
vt -0.000000 -0.591542 0.000000
vt -0.000000 -0.473234 0.000000
vt -0.000000 -0.354925 0.000000
vt -0.000000 -0.236617 0.000000
vt -0.000000 -0.118308 0.000000
vt -0.000000 0.000000 0.000000
vt -0.000000 0.118308 0.000000
vt -0.000000 0.236617 0.000000
vt -0.000000 0.354925 0.000000
vt -0.000000 0.473234 0.000000
vt -0.475290 0.473234 0.000000
vt -0.475290 0.354925 0.000000
vt -0.475290 0.236617 0.000000
vt -0.475290 0.118308 0.000000
vt -0.475290 0.000000 0.000000
vt -0.475290 -0.118308 0.000000
vt -0.475290 -0.236617 0.000000
vt -0.475290 -0.354925 0.000000
vt -0.475290 -0.473234 0.000000
vt 0.088910 -0.080003 0.000000
vt 0.499304 -0.080003 0.000000
vt 0.499740 -0.030001 0.000000
vt 0.089754 -0.030001 0.000000
vt -0.499304 -0.080003 0.000000
vt -0.088910 -0.080003 0.000000
vt -0.089754 -0.030001 0.000000
vt -0.499740 -0.030001 0.000000
vt 0.075643 0.000000 0.000000
vt 0.075619 0.002789 0.000000
vt 0.075597 0.005577 0.000000
vt 0.075576 0.008366 0.000000
vt 0.025597 0.005119 0.000000
vt 0.025610 0.003413 0.000000
vt 0.025625 0.001706 0.000000
vt 0.025639 0.000000 0.000000
vt -0.680414 -0.401579 0.000000
vt -0.730445 -0.401000 0.000000
vt -0.730445 -0.515644 0.000000
vt -0.730445 -0.630288 0.000000
vt -0.730445 -0.744932 0.000000
vt -0.730445 -0.859576 0.000000
vt -0.730445 -0.974219 0.000000
vt -0.680414 -0.973641 0.000000
vt -0.680414 -1.107501 0.000000
vt -0.680414 -1.241360 0.000000
vt -0.680414 -1.375220 0.000000
vt -0.000000 -1.375220 0.000000
vt -0.000000 -1.266123 0.000000
vt -0.000000 -1.157026 0.000000
vt -0.000000 -1.047929 0.000000
vt -0.328455 -1.034159 0.000000
vt -0.383823 -1.023074 0.000000
vt -0.440751 -0.993368 0.000000
vt -0.486577 -0.955306 0.000000
vt -0.526465 -0.909467 0.000000
vt -0.558694 -0.859055 0.000000
vt -0.583031 -0.804557 0.000000
vt -0.597757 -0.750255 0.000000
vt -0.603620 -0.688104 0.000000
vt -0.598571 -0.629446 0.000000
vt -0.583300 -0.571420 0.000000
vt -0.558893 -0.516535 0.000000
vt -0.526798 -0.466201 0.000000
vt -0.486216 -0.419560 0.000000
vt -0.441151 -0.382127 0.000000
vt -0.384405 -0.352356 0.000000
vt -0.328455 -0.341061 0.000000
vt -0.000000 -0.327290 0.000000
vt -0.000000 -0.218194 0.000000
vt -0.000000 -0.109097 0.000000
vt -0.000000 0.000000 0.000000
vt -0.680414 0.000000 0.000000
vt -0.680414 -0.133860 0.000000
vt -0.680414 -0.267719 0.000000
vt -0.365223 -1.125180 0.000000
vt -0.365223 -1.250200 0.000000
vt -0.365223 -0.125020 0.000000
vt -0.365223 -0.250040 0.000000
vt -0.042426 0.025525 0.000000
vt -0.042426 -0.008508 0.000000
vt -0.042426 -0.042542 0.000000
vt -0.042426 -0.076576 0.000000
vt 0.000000 -0.076576 0.000000
vt 0.000000 -0.042542 0.000000
vt 0.000000 -0.008508 0.000000
vt 0.000000 0.025525 0.000000
vt -0.000000 -1.239041 0.000000
vt -0.000000 -0.848884 0.000000
vt -0.000000 -0.458727 0.000000
vt -0.000000 -0.068570 0.000000
vt -0.000000 0.321587 0.000000
vt -0.000000 0.711744 0.000000
vt -0.000000 1.101901 0.000000
vt -0.000000 1.492058 0.000000
vt -0.000000 1.882215 0.000000
vt -0.000000 2.272372 0.000000
vt -0.000000 2.662529 0.000000
vt -0.000000 3.052685 0.000000
vt -0.000000 3.442842 0.000000
vt -0.000000 3.832999 0.000000
vt -0.000000 4.223156 0.000000
vt -0.043160 4.224563 0.000000
vt -0.043160 3.834306 0.000000
vt -0.043160 3.444048 0.000000
vt -0.043160 3.053791 0.000000
vt -0.043160 2.663533 0.000000
vt -0.043160 2.273276 0.000000
vt -0.043160 1.883018 0.000000
vt -0.043160 1.492761 0.000000
vt -0.043160 1.102504 0.000000
vt -0.043160 0.712246 0.000000
vt -0.043160 0.321989 0.000000
vt -0.043160 -0.068269 0.000000
vt -0.043160 -0.458526 0.000000
vt -0.043160 -0.848783 0.000000
vt -0.043160 -1.239041 0.000000
vt -0.800001 0.019635 0.000000
vt -0.800001 -0.006545 0.000000
vt -0.800001 -0.032725 0.000000
vt -0.800001 -0.058905 0.000000
vt -0.030001 -0.058905 0.000000
vt -0.030001 -0.032725 0.000000
vt -0.030001 -0.006545 0.000000
vt -0.030001 0.019635 0.000000
vt 0.192505 0.353429 0.000000
vt 0.194474 0.265114 0.000000
vt 0.194510 0.176728 0.000000
vt 0.193698 0.088372 0.000000
vt 0.193254 0.000000 0.000000
vt 0.193698 -0.088372 0.000000
vt 0.194510 -0.176728 0.000000
vt 0.194474 -0.265114 0.000000
vt 0.192505 -0.353429 0.000000
vt 0.821573 -0.353429 0.000000
vt 0.836908 -0.287267 0.000000
vt 0.847204 -0.262677 0.000000
vt 0.860667 -0.235464 0.000000
vt 0.882833 -0.193477 0.000000
vt 0.890780 -0.178739 0.000000
vt 0.929661 -0.092650 0.000000
vt 0.941993 -0.045471 0.000000
vt 0.946097 0.000000 0.000000
vt 0.936800 0.069045 0.000000
vt 0.929569 0.092919 0.000000
vt 0.903164 0.154521 0.000000
vt 0.890708 0.178875 0.000000
vt 0.847178 0.262734 0.000000
vt 0.829199 0.310538 0.000000
vt 0.821573 0.353429 0.000000
vt 0.100061 0.792325 0.000000
vt 0.100061 0.443029 0.000000
vt 0.100061 0.093733 0.000000
vt 0.100061 -0.255562 0.000000
vt 0.100061 -0.604858 0.000000
vt 0.100061 -0.954154 0.000000
vt 0.100061 -1.303449 0.000000
vt 0.100061 -1.652745 0.000000
vt 0.100061 -2.002041 0.000000
vt 0.100061 -2.351336 0.000000
vt 0.100061 -2.700632 0.000000
vt 0.100061 -3.049928 0.000000
vt 0.100061 -3.399223 0.000000
vt 0.199973 -3.403435 0.000000
vt 0.299885 -3.407637 0.000000
vt 0.650246 -3.422293 0.000000
vt 1.000610 -3.436830 0.000000
vt 1.000610 -3.081266 0.000000
vt 1.000610 -2.725703 0.000000
vt 1.000610 -2.370140 0.000000
vt 1.000610 -2.014576 0.000000
vt 1.000610 -1.659013 0.000000
vt 1.000610 -1.303449 0.000000
vt 1.000610 -0.947886 0.000000
vt 1.000610 -0.592323 0.000000
vt 1.000610 -0.236759 0.000000
vt 1.000610 0.118804 0.000000
vt 1.000610 0.474368 0.000000
vt 1.000610 0.829931 0.000000
vt 0.900696 0.825798 0.000000
vt 0.800782 0.821655 0.000000
vt 0.450420 0.807050 0.000000
vt 0.000000 -10.407411 0.000000
vt 0.000000 -10.028958 0.000000
vt 0.000000 -9.650508 0.000000
vt 0.000000 -9.272057 0.000000
vt 0.000000 -8.893605 0.000000
vt 0.000000 -8.515154 0.000000
vt 0.000000 -8.136703 0.000000
vt 0.000000 -7.758251 0.000000
vt 0.000000 -7.379800 0.000000
vt 0.000000 -7.001348 0.000000
vt 0.000000 -6.622898 0.000000
vt 0.000000 -6.244446 0.000000
vt 0.000000 -5.865995 0.000000
vt 0.000000 -5.487544 0.000000
vt 0.000000 -5.109093 0.000000
vt 0.000000 -4.730641 0.000000
vt 0.000000 -4.352190 0.000000
vt 0.000000 -3.973739 0.000000
vt 0.000000 -3.595287 0.000000
vt 0.000000 -3.216836 0.000000
vt 0.000000 -2.838385 0.000000
vt 0.000000 -2.459933 0.000000
vt 0.000000 -2.081482 0.000000
vt 0.000000 -1.703031 0.000000
vt 0.000000 -1.324579 0.000000
vt 0.000000 -0.946128 0.000000
vt 0.000000 -0.567677 0.000000
vt 0.000000 -0.189226 0.000000
vt 0.000000 0.189226 0.000000
vt 0.000000 0.567677 0.000000
vt 0.000000 0.946128 0.000000
vt 0.000000 1.324579 0.000000
vt 0.000000 1.703031 0.000000
vt 0.000000 2.081482 0.000000
vt 0.000000 2.459933 0.000000
vt 0.000000 2.838385 0.000000
vt 0.000000 3.216836 0.000000
vt 0.000000 3.595287 0.000000
vt 0.000000 3.973739 0.000000
vt 0.000000 4.352190 0.000000
vt 0.000000 4.730641 0.000000
vt 0.000000 5.109093 0.000000
vt 0.000000 5.487544 0.000000
vt 0.000000 5.865995 0.000000
vt 0.000000 6.244446 0.000000
vt 0.000000 6.622898 0.000000
vt 0.000000 7.001348 0.000000
vt 0.000000 7.379800 0.000000
vt 0.000000 7.758251 0.000000
vt 0.000000 8.136703 0.000000
vt 0.000000 8.515154 0.000000
vt 0.000000 8.893605 0.000000
vt 0.000000 9.272057 0.000000
vt 0.000000 9.650508 0.000000
vt 0.000000 10.028958 0.000000
vt -1.400213 5.005124 0.000000
vt -1.400213 4.627018 0.000000
vt -1.400213 4.248914 0.000000
vt -1.400213 3.870809 0.000000
vt -1.400213 3.492704 0.000000
vt -1.400213 3.114599 0.000000
vt -1.400213 2.736495 0.000000
vt -1.400213 2.358390 0.000000
vt -1.400213 1.980285 0.000000
vt -1.400213 1.602180 0.000000
vt -1.400213 1.224076 0.000000
vt -1.400213 0.845971 0.000000
vt -1.400213 0.467866 0.000000
vt -1.400213 0.089762 0.000000
vt -1.400213 -0.288343 0.000000
vt -1.400213 -0.666448 0.000000
vt -1.400213 -1.044553 0.000000
vt -1.400213 -1.422658 0.000000
vt -1.400213 -1.800762 0.000000
vt -1.400213 -2.178867 0.000000
vt -1.400213 -2.556972 0.000000
vt -1.400213 -2.935077 0.000000
vt -1.400213 -3.313181 0.000000
vt -1.400213 -3.691286 0.000000
vt -1.400213 -4.069391 0.000000
vt -1.400213 -4.447495 0.000000
vt -1.400213 -4.825601 0.000000
vt -1.400213 -5.203705 0.000000
vt -1.400213 -5.581810 0.000000
vt -1.400213 -5.959915 0.000000
vt -1.400213 -6.338019 0.000000
vt -1.400213 -6.716124 0.000000
vt -1.400213 -7.094229 0.000000
vt -1.400213 -7.472334 0.000000
vt -1.400213 -7.850438 0.000000
vt -1.400213 -8.228543 0.000000
vt -1.400213 -8.606647 0.000000
vt -1.400213 -8.984753 0.000000
vt -1.400213 -9.362858 0.000000
vt -1.400213 -9.740963 0.000000
vt -1.400213 10.695753 0.000000
vt -1.400213 10.317649 0.000000
vt -1.400213 9.939544 0.000000
vt -1.400213 9.561440 0.000000
vt -1.400213 9.183335 0.000000
vt -1.400213 8.805229 0.000000
vt -1.400213 8.427125 0.000000
vt -1.400213 8.049020 0.000000
vt -1.400213 7.670916 0.000000
vt -1.400213 7.292810 0.000000
vt -1.400213 6.914706 0.000000
vt -1.400213 6.536601 0.000000
vt -1.400213 6.158496 0.000000
vt -1.400213 5.780392 0.000000
vt -1.400213 5.402287 0.000000
vt -1.080164 5.396345 0.000000
vt -1.080164 5.369600 0.000000
vt -1.080164 5.349981 0.000000
vt -1.080164 5.226111 0.000000
vt -1.080164 5.181299 0.000000
vt -1.080164 5.057429 0.000000
vt -1.080164 5.037811 0.000000
vt -1.080164 5.011066 0.000000
vt -1.400213 -10.119068 0.000000
vt 0.000000 10.407411 0.000000
vt 0.000000 10.407411 0.000000
vt -1.400213 -10.119068 0.000000
vt 0.200122 -4.238523 0.000000
vt 0.200122 -3.843199 0.000000
vt 0.200122 -3.447874 0.000000
vt 0.200122 -3.052549 0.000000
vt 0.200122 -2.657224 0.000000
vt 0.200122 -2.261900 0.000000
vt 0.200122 -1.866575 0.000000
vt 0.200122 -1.471250 0.000000
vt 0.200122 -1.075925 0.000000
vt 0.200122 -0.680601 0.000000
vt 0.200122 -0.285276 0.000000
vt 0.200122 0.110049 0.000000
vt 0.200122 0.505374 0.000000
vt 0.200122 0.900698 0.000000
vt 0.200122 1.296023 0.000000
vt -0.000000 1.296350 0.000000
vt -0.000000 0.900978 0.000000
vt -0.000000 0.505607 0.000000
vt -0.000000 0.110235 0.000000
vt -0.000000 -0.285136 0.000000
vt -0.000000 -0.680507 0.000000
vt -0.000000 -1.075879 0.000000
vt -0.000000 -1.471250 0.000000
vt -0.000000 -1.866622 0.000000
vt -0.000000 -2.261993 0.000000
vt -0.000000 -2.657364 0.000000
vt -0.000000 -3.052736 0.000000
vt -0.000000 -3.448107 0.000000
vt -0.000000 -3.843479 0.000000
vt -0.000000 -4.238850 0.000000
vt -0.000000 -11.116252 0.000000
vt -0.000000 -10.726208 0.000000
vt -0.000000 -10.336164 0.000000
vt -0.000000 -9.946120 0.000000
vt -0.000000 -9.556076 0.000000
vt -0.000000 -9.166032 0.000000
vt -0.000000 -8.775989 0.000000
vt -0.000000 -8.385944 0.000000
vt -0.000000 -7.995900 0.000000
vt -0.000000 -7.605857 0.000000
vt -0.000000 -7.215813 0.000000
vt -0.000000 -6.825768 0.000000
vt -0.000000 -6.435725 0.000000
vt -0.000000 -6.045681 0.000000
vt -0.000000 -5.655637 0.000000
vt -0.000000 -5.265593 0.000000
vt -0.000000 -4.875549 0.000000
vt -0.000000 -4.485505 0.000000
vt -0.000000 -4.095461 0.000000
vt -0.000000 -3.705417 0.000000
vt -0.000000 -3.315373 0.000000
vt -0.000000 -2.925329 0.000000
vt -0.000000 -2.535285 0.000000
vt -0.000000 -2.145241 0.000000
vt -0.000000 -1.755198 0.000000
vt -0.000000 -1.365154 0.000000
vt -0.000000 -0.975110 0.000000
vt -0.000000 -0.585066 0.000000
vt -0.000000 -0.195022 0.000000
vt -0.000000 0.195022 0.000000
vt -0.000000 0.585066 0.000000
vt -0.000000 0.975110 0.000000
vt -0.000000 1.365154 0.000000
vt -0.000000 1.755198 0.000000
vt -0.000000 2.145241 0.000000
vt -0.000000 2.535285 0.000000
vt -0.000000 2.925329 0.000000
vt -0.000000 3.315373 0.000000
vt -0.000000 3.705417 0.000000
vt -0.000000 4.095461 0.000000
vt -0.000000 4.485505 0.000000
vt -0.000000 4.875549 0.000000
vt -0.000000 5.265593 0.000000
vt -0.000000 5.655637 0.000000
vt -0.000000 6.045681 0.000000
vt -0.000000 6.435725 0.000000
vt -0.000000 6.825768 0.000000
vt -0.000000 7.215813 0.000000
vt -0.000000 7.605857 0.000000
vt -0.000000 7.995900 0.000000
vt -0.000000 8.385944 0.000000
vt -0.000000 8.775989 0.000000
vt -0.000000 9.166032 0.000000
vt -0.000000 9.556076 0.000000
vt -0.000000 9.946120 0.000000
vt -0.000000 10.336164 0.000000
vt -0.000000 10.726208 0.000000
vt -2.201341 -9.952611 0.000000
vt -2.201341 -10.321115 0.000000
vt -2.201341 -10.689617 0.000000
vt -2.201341 11.174383 0.000000
vt -2.201341 10.805880 0.000000
vt -2.201341 10.437376 0.000000
vt -2.201341 10.068873 0.000000
vt -2.201341 9.700370 0.000000
vt -2.201341 9.331866 0.000000
vt -2.201341 8.963363 0.000000
vt -2.201341 8.594860 0.000000
vt -2.201341 8.226357 0.000000
vt -2.201341 7.857854 0.000000
vt -2.201341 7.489351 0.000000
vt -2.201341 7.120847 0.000000
vt -1.499168 7.122043 0.000000
vt -1.499168 7.021810 0.000000
vt -1.499168 6.921576 0.000000
vt -1.499168 6.821343 0.000000
vt -1.506713 6.782836 0.000000
vt -1.528195 6.750171 0.000000
vt -1.560627 6.728256 0.000000
vt -1.599229 6.720411 0.000000
vt -2.201341 6.721766 0.000000
vt -2.201341 6.408130 0.000000
vt -2.201341 6.094493 0.000000
vt -2.201341 5.780857 0.000000
vt -1.851128 5.781621 0.000000
vt -1.765010 5.764779 0.000000
vt -1.691941 5.716365 0.000000
vt -1.643134 5.643794 0.000000
vt -1.625991 5.558126 0.000000
vt -1.643134 5.472458 0.000000
vt -1.691941 5.399887 0.000000
vt -1.765010 5.351473 0.000000
vt -1.851128 5.334630 0.000000
vt -2.201341 5.335395 0.000000
vt -2.201341 4.963398 0.000000
vt -2.201341 4.591401 0.000000
vt -2.201341 4.219403 0.000000
vt -2.201341 3.847406 0.000000
vt -2.201341 3.475409 0.000000
vt -2.201341 3.103411 0.000000
vt -2.201341 2.731414 0.000000
vt -2.201341 2.359417 0.000000
vt -2.201341 1.987419 0.000000
vt -2.201341 1.615422 0.000000
vt -1.599229 1.616778 0.000000
vt -1.560705 1.609066 0.000000
vt -1.528245 1.587069 0.000000
vt -1.506810 1.554390 0.000000
vt -1.499168 1.515845 0.000000
vt -1.499168 1.431636 0.000000
vt -1.499168 1.347427 0.000000
vt -1.499168 1.263218 0.000000
vt -1.506686 1.224777 0.000000
vt -1.528195 1.192045 0.000000
vt -1.560627 1.170130 0.000000
vt -1.599229 1.162285 0.000000
vt -2.201341 1.163641 0.000000
vt -2.201341 0.795138 0.000000
vt -2.201341 0.426634 0.000000
vt -2.201341 0.058131 0.000000
vt -2.201341 -0.310372 0.000000
vt -2.201341 -0.678875 0.000000
vt -2.201341 -1.047379 0.000000
vt -2.201341 -1.415882 0.000000
vt -2.201341 -1.784385 0.000000
vt -2.201341 -2.152888 0.000000
vt -2.201341 -2.521392 0.000000
vt -2.201341 -2.889895 0.000000
vt -2.201341 -3.258398 0.000000
vt -2.201341 -3.626901 0.000000
vt -2.201341 -3.995404 0.000000
vt -1.499168 -3.994209 0.000000
vt -1.499168 -4.094442 0.000000
vt -1.499168 -4.194675 0.000000
vt -1.499168 -4.294909 0.000000
vt -1.506713 -4.333416 0.000000
vt -1.528195 -4.366081 0.000000
vt -1.560627 -4.387996 0.000000
vt -1.599229 -4.395841 0.000000
vt -2.201341 -4.394485 0.000000
vt -2.201341 -4.762988 0.000000
vt -2.201341 -5.131492 0.000000
vt -2.201341 -5.499995 0.000000
vt -2.201341 -5.868498 0.000000
vt -2.201341 -6.237001 0.000000
vt -2.201341 -6.605505 0.000000
vt -2.201341 -6.974008 0.000000
vt -2.201341 -7.342511 0.000000
vt -2.201341 -7.711014 0.000000
vt -2.201341 -8.079517 0.000000
vt -2.201341 -8.448021 0.000000
vt -2.201341 -8.816524 0.000000
vt -2.201341 -9.185027 0.000000
vt -2.201341 -9.553531 0.000000
vt -1.499168 -9.552335 0.000000
vt -1.499168 -9.652568 0.000000
vt -1.499168 -9.752801 0.000000
vt -1.499168 -9.853034 0.000000
vt -1.506713 -9.891541 0.000000
vt -1.528195 -9.924207 0.000000
vt -1.560627 -9.946122 0.000000
vt -1.599229 -9.953967 0.000000
vt -1.100671 -11.116252 0.000000
vt -1.100671 -10.726208 0.000000
vt -1.100671 -10.336164 0.000000
vt -1.100671 -9.946121 0.000000
vt -1.100671 -9.553329 0.000000
vt -1.100671 -9.166032 0.000000
vt -1.100671 -8.775989 0.000000
vt -1.100671 -8.385944 0.000000
vt -1.100671 -7.995900 0.000000
vt -1.100671 -7.605857 0.000000
vt -1.100671 -7.215813 0.000000
vt -1.100671 -6.825768 0.000000
vt -1.100671 -6.435725 0.000000
vt -1.100671 -6.045681 0.000000
vt -1.100671 -5.655637 0.000000
vt -1.100671 -5.265593 0.000000
vt -1.100671 -4.875549 0.000000
vt -1.100671 -4.485505 0.000000
vt -1.100671 -4.094713 0.000000
vt -1.100671 -3.705417 0.000000
vt -1.100671 -3.315373 0.000000
vt -1.100671 -2.925329 0.000000
vt -1.100671 -2.535285 0.000000
vt -1.100671 -2.145241 0.000000
vt -1.100671 -1.755198 0.000000
vt -1.100671 -1.365154 0.000000
vt -1.100671 -0.975110 0.000000
vt -1.100671 -0.585066 0.000000
vt -1.100671 -0.195022 0.000000
vt -1.100671 0.195022 0.000000
vt -1.100671 0.585066 0.000000
vt -1.100671 0.975110 0.000000
vt -1.100671 1.365154 0.000000
vt -1.100671 1.755198 0.000000
vt -1.100671 2.145241 0.000000
vt -1.100671 2.535285 0.000000
vt -1.100671 2.925329 0.000000
vt -1.100671 3.315373 0.000000
vt -1.100671 3.705417 0.000000
vt -1.100671 4.095461 0.000000
vt -1.100671 4.485505 0.000000
vt -1.100671 4.875549 0.000000
vt -1.100671 5.265593 0.000000
vt -1.100671 5.655637 0.000000
vt -1.100671 6.045681 0.000000
vt -1.100671 6.435725 0.000000
vt -1.100671 6.825768 0.000000
vt -1.100671 7.215813 0.000000
vt -1.100671 7.605857 0.000000
vt -1.100671 7.995900 0.000000
vt -1.100671 8.385944 0.000000
vt -1.100671 8.775989 0.000000
vt -1.100671 9.166032 0.000000
vt -1.100671 9.556076 0.000000
vt -1.100671 9.946120 0.000000
vt -1.100671 10.336164 0.000000
vt -1.100671 10.726208 0.000000
vt -0.000000 -11.506296 0.000000
vt -1.100671 11.116252 0.000000
vt -2.201341 -11.058122 0.000000
vt -2.201341 -11.058122 0.000000
vt -1.100671 11.116252 0.000000
vt -1.100671 11.116252 0.000000
vt 0.200122 -5.659655 0.000000
vt 0.200122 -5.302763 0.000000
vt 0.200122 -4.945870 0.000000
vt 0.200122 -4.588978 0.000000
vt -0.000000 -4.588651 0.000000
vt -0.000000 -4.945793 0.000000
vt -0.000000 -5.302934 0.000000
vt -0.000000 -5.660075 0.000000
vt -0.000000 1.646151 0.000000
vt 0.200122 1.646477 0.000000
vt 0.200122 2.041802 0.000000
vt 0.200122 2.437127 0.000000
vt 0.200122 2.832452 0.000000
vt 0.200122 3.227776 0.000000
vt 0.200122 3.623101 0.000000
vt 0.200122 4.018426 0.000000
vt 0.200122 4.413751 0.000000
vt 0.200122 4.809075 0.000000
vt 0.200122 5.204401 0.000000
vt 0.200122 5.599725 0.000000
vt 0.200122 5.995049 0.000000
vt 0.200122 6.390375 0.000000
vt 0.200122 6.785699 0.000000
vt 0.200122 7.181024 0.000000
vt -0.000000 7.181351 0.000000
vt -0.000000 6.785979 0.000000
vt -0.000000 6.390607 0.000000
vt -0.000000 5.995236 0.000000
vt -0.000000 5.599865 0.000000
vt -0.000000 5.204493 0.000000
vt -0.000000 4.809122 0.000000
vt -0.000000 4.413751 0.000000
vt -0.000000 4.018379 0.000000
vt -0.000000 3.623008 0.000000
vt -0.000000 3.227636 0.000000
vt -0.000000 2.832265 0.000000
vt -0.000000 2.436893 0.000000
vt -0.000000 2.041522 0.000000
vt -3.318666 1.185218 0.000000
vt -3.521284 1.269145 0.000000
vt -3.626035 0.928460 0.000000
vt -3.697906 0.579357 0.000000
vt -3.736247 0.225000 0.000000
vt -3.569742 0.225000 0.000000
vt -3.535810 0.540116 0.000000
vt -3.474118 0.850992 0.000000
vt -3.385148 1.155186 0.000000
vt -3.369923 1.177372 0.000000
vt -3.345394 1.188452 0.000000
vt 1.269145 3.521284 0.000000
vt 0.891216 3.635368 0.000000
vt 0.503373 3.709014 0.000000
vt 0.109930 3.741401 0.000000
vt -0.284735 3.732170 0.000000
vt -0.676233 3.681423 0.000000
vt -1.060208 3.589725 0.000000
vt -1.432390 3.458096 0.000000
vt -1.788639 3.287999 0.000000
vt -2.124991 3.081328 0.000000
vt -2.437705 2.840381 0.000000
vt -2.723303 2.567837 0.000000
vt -2.978607 2.266731 0.000000
vt -3.200778 1.940409 0.000000
vt -3.387344 1.592503 0.000000
vt -3.233629 1.528832 0.000000
vt -3.057178 1.856702 0.000000
vt -2.847600 2.164453 0.000000
vt -2.607165 2.448749 0.000000
vt -2.338478 2.706511 0.000000
vt -2.044451 2.934945 0.000000
vt -1.728271 3.131575 0.000000
vt -1.393363 3.294271 0.000000
vt -1.043356 3.421270 0.000000
vt -0.682043 3.511196 0.000000
vt -0.313339 3.563075 0.000000
vt 0.058759 3.576343 0.000000
vt 0.430222 3.550858 0.000000
vt 0.797022 3.486895 0.000000
vt 1.155186 3.385148 0.000000
vt 1.177372 3.369923 0.000000
vt 1.188452 3.345394 0.000000
vt 1.185218 3.318666 0.000000
vt 3.521284 -1.269145 0.000000
vt 3.635368 -0.891216 0.000000
vt 3.709014 -0.503373 0.000000
vt 3.741401 -0.109930 0.000000
vt 3.732170 0.284735 0.000000
vt 3.681423 0.676233 0.000000
vt 3.589725 1.060208 0.000000
vt 3.458096 1.432390 0.000000
vt 3.287999 1.788639 0.000000
vt 3.081328 2.124991 0.000000
vt 2.840381 2.437705 0.000000
vt 2.567837 2.723303 0.000000
vt 2.266731 2.978607 0.000000
vt 1.940409 3.200778 0.000000
vt 1.592503 3.387344 0.000000
vt 1.528832 3.233629 0.000000
vt 1.856702 3.057178 0.000000
vt 2.164453 2.847600 0.000000
vt 2.448749 2.607165 0.000000
vt 2.706511 2.338478 0.000000
vt 2.934945 2.044451 0.000000
vt 3.131575 1.728271 0.000000
vt 3.294271 1.393363 0.000000
vt 3.421270 1.043356 0.000000
vt 3.511196 0.682043 0.000000
vt 3.563075 0.313339 0.000000
vt 3.576343 -0.058759 0.000000
vt 3.550858 -0.430222 0.000000
vt 3.486895 -0.797022 0.000000
vt 3.385148 -1.155186 0.000000
vt 3.369923 -1.177372 0.000000
vt 3.345394 -1.188452 0.000000
vt 3.318666 -1.185218 0.000000
vt 0.200122 2.740247 0.000000
vt 0.031066 2.740611 0.000000
vt 0.031066 2.349095 0.000000
vt 0.031066 1.957579 0.000000
vt 0.031066 1.566064 0.000000
vt 0.031066 1.174548 0.000000
vt 0.031066 0.783032 0.000000
vt 0.031066 0.391516 0.000000
vt 0.031066 0.000000 0.000000
vt 0.031066 -0.391516 0.000000
vt 0.031066 -0.783032 0.000000
vt 0.031066 -1.174548 0.000000
vt 0.031066 -1.566064 0.000000
vt 0.031066 -1.957579 0.000000
vt 0.031066 -2.349095 0.000000
vt 0.031066 -2.740611 0.000000
vt 0.200122 -2.740335 0.000000
vt 0.200122 -2.348865 0.000000
vt 0.200122 -1.957395 0.000000
vt 0.200122 -1.565925 0.000000
vt 0.200122 -1.174455 0.000000
vt 0.200122 -0.782985 0.000000
vt 0.200122 -0.391515 0.000000
vt 0.200122 -0.000044 0.000000
vt 0.200122 0.391426 0.000000
vt 0.200122 0.782896 0.000000
vt 0.200122 1.174366 0.000000
vt 0.200122 1.565836 0.000000
vt 0.200122 1.957306 0.000000
vt 0.200122 2.348776 0.000000
vt -1.219044 -3.538940 0.000000
vt -0.843231 -3.646797 0.000000
vt -0.458217 -3.714863 0.000000
vt -0.068204 -3.742394 0.000000
vt 0.322554 -3.729092 0.000000
vt 0.709792 -3.675100 0.000000
vt 1.089285 -3.581009 0.000000
vt 1.456893 -3.447844 0.000000
vt 1.808604 -3.277059 0.000000
vt 2.140582 -3.070518 0.000000
vt 2.449202 -2.830473 0.000000
vt 2.731099 -2.559544 0.000000
vt 2.983197 -2.260687 0.000000
vt 3.202744 -1.937163 0.000000
vt 3.387344 -1.592503 0.000000
vt 3.233629 -1.528832 0.000000
vt 3.057178 -1.856702 0.000000
vt 2.847600 -2.164453 0.000000
vt 2.607165 -2.448749 0.000000
vt 2.338478 -2.706511 0.000000
vt 2.044451 -2.934945 0.000000
vt 1.728271 -3.131575 0.000000
vt 1.393363 -3.294271 0.000000
vt 1.043356 -3.421270 0.000000
vt 0.682043 -3.511196 0.000000
vt 0.313339 -3.563075 0.000000
vt -0.058759 -3.576343 0.000000
vt -0.430222 -3.550858 0.000000
vt -0.797022 -3.486895 0.000000
vt -1.155186 -3.385148 0.000000
vt -1.177372 -3.369923 0.000000
vt -1.188452 -3.345394 0.000000
vt -1.185218 -3.318666 0.000000
vt -1.248940 -3.472505 0.000000
vt -1.252182 -3.499185 0.000000
vt -1.241155 -3.523688 0.000000
vt 0.780475 -4.731050 0.000000
vt 0.780475 -4.817090 0.000000
vt 0.780475 -4.903129 0.000000
vt 0.780475 -4.989169 0.000000
vt 1.000610 -4.989687 0.000000
vt 1.000610 -4.787747 0.000000
vt 1.000610 -4.585807 0.000000
vt 1.000610 -4.383866 0.000000
vt 0.900696 -4.388000 0.000000
vt 0.800782 -4.392142 0.000000
vt 0.450420 -4.406747 0.000000
vt 0.100061 -4.421473 0.000000
vt 0.100061 -4.515315 0.000000
vt 0.100061 -4.609157 0.000000
vt 0.100061 -4.703000 0.000000
vt 0.199976 -4.707146 0.000000
vt 0.599637 -4.723638 0.000000
vt 0.690056 -4.727348 0.000000
vt 3.272871 -0.448746 0.000000
vt 3.200000 -0.448746 0.000000
vt 3.064905 -0.427928 0.000000
vt 2.942345 -0.367406 0.000000
vt 2.843691 -0.272795 0.000000
vt 2.791725 -0.606027 0.000000
vt 2.700848 -0.930813 0.000000
vt 2.572329 -1.242625 0.000000
vt 2.407958 -1.537119 0.000000
vt 2.210026 -1.810189 0.000000
vt 1.981291 -2.058029 0.000000
vt 1.724942 -2.277185 0.000000
vt 1.444551 -2.464603 0.000000
vt 1.573073 -2.774882 0.000000
vt 1.608714 -2.818957 0.000000
vt 1.662573 -2.836549 0.000000
vt 1.717359 -2.822010 0.000000
vt 2.019340 -2.614445 0.000000
vt 2.296475 -2.374713 0.000000
vt 2.545354 -2.105762 0.000000
vt 2.762914 -1.810902 0.000000
vt 2.946480 -1.493760 0.000000
vt 3.093791 -1.158238 0.000000
vt 3.203037 -0.808466 0.000000
vt -0.004363 0.078536 0.000000
vt -0.004256 0.078226 0.000000
vt -0.003928 0.077916 0.000000
vt -0.002612 0.077296 0.000000
vt 0.002678 0.076053 0.000000
vt 0.023934 0.073561 0.000000
vt 0.059457 0.071063 0.000000
vt 0.109195 0.068561 0.000000
vt 0.172987 0.066059 0.000000
vt 0.250569 0.063561 0.000000
vt 0.341573 0.061069 0.000000
vt 0.445536 0.058586 0.000000
vt 0.445572 0.065236 0.000000
vt 0.445617 0.071886 0.000000
vt 0.445671 0.078536 0.000000
vt -2.849754 -0.199738 0.000000
vt -3.259740 -0.199738 0.000000
vt -3.261446 -0.199709 0.000000
vt -3.263150 -0.199622 0.000000
vt -3.264851 -0.199476 0.000000
vt -3.297464 -0.199476 0.000000
vt -3.279795 -0.394976 0.000000
vt -3.250545 -0.589081 0.000000
vt -3.209818 -0.781106 0.000000
vt -3.181360 -0.830127 0.000000
vt -3.130836 -0.855771 0.000000
vt -3.074468 -0.849807 0.000000
vt -2.764189 -0.721285 0.000000
vt -2.803436 -0.549309 0.000000
vt -2.831994 -0.375239 0.000000
vt 1.000610 -8.650626 0.000000
vt 1.000610 -8.293658 0.000000
vt 1.000610 -7.936689 0.000000
vt 1.000610 -7.579720 0.000000
vt 1.000610 -7.222752 0.000000
vt 1.000610 -6.865783 0.000000
vt 1.000610 -6.508814 0.000000
vt 1.000610 -6.151845 0.000000
vt 1.000610 -5.794876 0.000000
vt 1.000610 -5.437907 0.000000
vt 0.780475 -5.438426 0.000000
vt 0.780475 -5.505261 0.000000
vt 0.780475 -5.572097 0.000000
vt 0.780475 -5.638933 0.000000
vt 0.100061 -5.666076 0.000000
vt 0.100061 -6.034444 0.000000
vt 0.100061 -6.402812 0.000000
vt 0.100061 -6.771180 0.000000
vt 0.100061 -7.139548 0.000000
vt 0.100061 -7.507916 0.000000
vt 0.100061 -7.876284 0.000000
vt 0.100061 -8.244653 0.000000
vt 0.100061 -8.613020 0.000000
vt 0.199973 -8.617233 0.000000
vt 0.299885 -8.621434 0.000000
vt 0.650246 -8.636091 0.000000
vt 3.200000 0.448746 0.000000
vt 3.215073 0.448746 0.000000
vt 3.242251 0.456776 0.000000
vt 3.260683 0.478287 0.000000
vt 3.264452 0.506375 0.000000
vt 3.248832 0.598455 0.000000
vt 3.230616 0.690056 0.000000
vt 3.209818 0.781106 0.000000
vt 3.181360 0.830127 0.000000
vt 3.130836 0.855771 0.000000
vt 3.074468 0.849807 0.000000
vt 2.764189 0.721285 0.000000
vt 2.798635 0.573270 0.000000
vt 2.825161 0.423632 0.000000
vt 2.843691 0.272795 0.000000
vt 2.942345 0.367406 0.000000
vt 3.064905 0.427928 0.000000
vt 0.500305 5.290969 0.000000
vt 0.457297 5.250309 0.000000
vt 0.442900 5.209669 0.000000
vt 0.442910 5.208434 0.000000
vt 0.456656 5.169562 0.000000
vt 0.496418 5.130745 0.000000
vt 0.500305 5.127939 0.000000
vt 0.500305 5.182282 0.000000
vt 0.500305 5.236626 0.000000
vt -3.259740 0.199738 0.000000
vt -2.849754 0.199738 0.000000
vt -2.804628 0.543194 0.000000
vt -2.718262 0.878662 0.000000
vt -2.591928 1.201210 0.000000
vt -2.427482 1.506097 0.000000
vt -2.227343 1.788837 0.000000
vt -1.994453 2.045275 0.000000
vt -1.732237 2.271640 0.000000
vt -1.444551 2.464603 0.000000
vt -1.573073 2.774882 0.000000
vt -1.608714 2.818957 0.000000
vt -1.662573 2.836549 0.000000
vt -1.717359 2.822010 0.000000
vt -2.009117 2.622310 0.000000
vt -2.277861 2.392574 0.000000
vt -2.520514 2.135432 0.000000
vt -2.734296 1.853830 0.000000
vt -2.916759 1.550993 0.000000
vt -3.065811 1.230391 0.000000
vt -3.179747 0.895695 0.000000
vt -3.257261 0.550740 0.000000
vt -3.297464 0.199476 0.000000
vt -3.264851 0.199476 0.000000
vt -3.263150 0.199622 0.000000
vt -3.261446 0.199709 0.000000
vt 0.100061 2.095774 0.000000
vt 0.100061 1.746478 0.000000
vt 0.100061 1.397183 0.000000
vt 0.100061 1.047887 0.000000
vt 0.100061 0.698591 0.000000
vt 0.100061 0.349296 0.000000
vt 0.100061 0.000000 0.000000
vt 0.100061 -0.349296 0.000000
vt 0.100061 -0.698591 0.000000
vt 0.100061 -1.047887 0.000000
vt 0.100061 -1.397183 0.000000
vt 0.100061 -1.746478 0.000000
vt 0.100061 -2.095774 0.000000
vt 0.199973 -2.099986 0.000000
vt 0.299885 -2.104188 0.000000
vt 0.650246 -2.118844 0.000000
vt 1.000610 -2.133380 0.000000
vt 1.000610 -1.777817 0.000000
vt 1.000610 -1.422253 0.000000
vt 1.000610 -1.066690 0.000000
vt 1.000610 -0.711127 0.000000
vt 1.000610 -0.355563 0.000000
vt 1.000610 0.000000 0.000000
vt 1.000610 0.355563 0.000000
vt 1.000610 0.711127 0.000000
vt 1.000610 1.066690 0.000000
vt 1.000610 1.422253 0.000000
vt 1.000610 1.777817 0.000000
vt 1.000610 2.133380 0.000000
vt 0.900696 2.129247 0.000000
vt 0.800782 2.125104 0.000000
vt 0.450420 2.110500 0.000000
vt -2.464603 -1.444551 0.000000
vt -2.774882 -1.573073 0.000000
vt -2.818957 -1.608714 0.000000
vt -2.836549 -1.662573 0.000000
vt -2.822010 -1.717359 0.000000
vt -2.626006 -2.004284 0.000000
vt -2.400947 -2.269033 0.000000
vt -2.149324 -2.508678 0.000000
vt -1.873921 -2.720566 0.000000
vt -1.577785 -2.902353 0.000000
vt -1.264192 -3.052029 0.000000
vt -0.936611 -3.167936 0.000000
vt -0.598668 -3.248793 0.000000
vt -0.254101 -3.293705 0.000000
vt 0.093277 -3.302175 0.000000
vt 0.439624 -3.274109 0.000000
vt 0.781106 -3.209818 0.000000
vt 0.830127 -3.181360 0.000000
vt 0.855771 -3.130836 0.000000
vt 0.849807 -3.074468 0.000000
vt 0.721285 -2.764189 0.000000
vt 0.391394 -2.829807 0.000000
vt 0.056076 -2.856195 0.000000
vt -0.280019 -2.842989 0.000000
vt -0.612232 -2.790370 0.000000
vt -0.935958 -2.699070 0.000000
vt -1.246709 -2.570353 0.000000
vt -1.540177 -2.406003 0.000000
vt -1.812293 -2.208300 0.000000
vt -2.059287 -1.979983 0.000000
vt -2.277733 -1.724218 0.000000
vt -3.500000 0.000000 0.000000
vt -3.478758 -0.385029 0.000000
vt -3.415287 -0.765384 0.000000
vt -3.310360 -1.136448 0.000000
vt -3.165250 -1.493718 0.000000
vt -2.981718 -1.832855 0.000000
vt -2.761992 -2.149745 0.000000
vt -2.508739 -2.440539 0.000000
vt -2.225033 -2.701708 0.000000
vt -1.914318 -2.930083 0.000000
vt -1.580367 -3.122890 0.000000
vt -1.227231 -3.277789 0.000000
vt -0.859199 -3.392901 0.000000
vt -0.480737 -3.466827 0.000000
vt -0.096440 -3.498671 0.000000
vt 0.289028 -3.488046 0.000000
vt 0.670987 -3.435080 0.000000
vt 1.044802 -3.340418 0.000000
vt 1.405934 -3.205207 0.000000
vt 1.750000 -3.031089 0.000000
vt 2.072823 -2.820178 0.000000
vt 2.370486 -2.575034 0.000000
vt 2.639373 -2.298632 0.000000
vt 2.876222 -1.994328 0.000000
vt 3.078158 -1.665816 0.000000
vt 3.242729 -1.317083 0.000000
vt 3.367938 -0.952362 0.000000
vt 3.452265 -0.576081 0.000000
vt 3.494685 -0.192807 0.000000
vt 3.494685 0.192807 0.000000
vt 3.452265 0.576081 0.000000
vt 3.367938 0.952362 0.000000
vt 3.242729 1.317083 0.000000
vt 3.078158 1.665816 0.000000
vt 2.876222 1.994328 0.000000
vt 2.639373 2.298632 0.000000
vt 2.370486 2.575034 0.000000
vt 2.072823 2.820178 0.000000
vt 1.750000 3.031089 0.000000
vt 1.405934 3.205207 0.000000
vt 1.044802 3.340418 0.000000
vt 0.670987 3.435080 0.000000
vt 0.289028 3.488046 0.000000
vt -0.096440 3.498671 0.000000
vt -0.480737 3.466827 0.000000
vt -0.859199 3.392901 0.000000
vt -1.227231 3.277789 0.000000
vt -1.580367 3.122890 0.000000
vt -1.914318 2.930083 0.000000
vt -2.225033 2.701708 0.000000
vt -2.508739 2.440539 0.000000
vt -2.761992 2.149745 0.000000
vt -2.981718 1.832855 0.000000
vt -3.165250 1.493718 0.000000
vt -3.310360 1.136448 0.000000
vt -3.415287 0.765384 0.000000
vt -3.478758 0.385029 0.000000
vt -3.325000 0.000000 0.000000
vt -3.303327 0.379021 0.000000
vt -3.238590 0.753102 0.000000
vt -3.131633 1.117364 0.000000
vt -2.983850 1.467060 0.000000
vt -2.797168 1.797631 0.000000
vt -2.574021 2.104767 0.000000
vt -2.317317 2.384463 0.000000
vt -2.030404 2.633075 0.000000
vt -1.717022 2.847361 0.000000
vt -1.381255 3.024526 0.000000
vt -1.027481 3.162263 0.000000
vt -0.660313 3.258775 0.000000
vt -0.284537 3.312803 0.000000
vt 0.094949 3.323644 0.000000
vt 0.473197 3.291157 0.000000
vt 0.845276 3.215764 0.000000
vt 1.206336 3.098448 0.000000
vt 1.551669 2.940739 0.000000
vt 1.876774 2.744694 0.000000
vt 2.177412 2.512867 0.000000
vt 2.449664 2.248281 0.000000
vt 2.689981 1.954386 0.000000
vt 2.895231 1.635012 0.000000
vt 3.062736 1.294323 0.000000
vt 3.190314 0.936761 0.000000
vt 3.276302 0.566986 0.000000
vt 3.319577 0.189820 0.000000
vt 3.319577 -0.189820 0.000000
vt 3.276302 -0.566986 0.000000
vt 3.190314 -0.936761 0.000000
vt 3.062736 -1.294323 0.000000
vt 2.895231 -1.635012 0.000000
vt 2.689981 -1.954386 0.000000
vt 2.449664 -2.248281 0.000000
vt 2.177412 -2.512867 0.000000
vt 1.876774 -2.744694 0.000000
vt 1.551669 -2.940739 0.000000
vt 1.206336 -3.098448 0.000000
vt 0.845276 -3.215764 0.000000
vt 0.473197 -3.291157 0.000000
vt 0.094949 -3.323644 0.000000
vt -0.284537 -3.312803 0.000000
vt -0.660313 -3.258775 0.000000
vt -1.027481 -3.162263 0.000000
vt -1.381255 -3.024526 0.000000
vt -1.717022 -2.847361 0.000000
vt -2.030404 -2.633075 0.000000
vt -2.317317 -2.384463 0.000000
vt -2.574021 -2.104767 0.000000
vt -2.797168 -1.797631 0.000000
vt -2.983850 -1.467060 0.000000
vt -3.131633 -1.117364 0.000000
vt -3.238590 -0.753102 0.000000
vt -3.303327 -0.379021 0.000000
vt 2.464603 1.444551 0.000000
vt 2.774882 1.573073 0.000000
vt 2.818957 1.608714 0.000000
vt 2.836549 1.662573 0.000000
vt 2.822010 1.717359 0.000000
vt 2.626006 2.004284 0.000000
vt 2.400947 2.269033 0.000000
vt 2.149324 2.508678 0.000000
vt 1.873921 2.720566 0.000000
vt 1.577785 2.902353 0.000000
vt 1.264192 3.052029 0.000000
vt 0.936611 3.167936 0.000000
vt 0.598668 3.248793 0.000000
vt 0.254101 3.293705 0.000000
vt -0.093277 3.302175 0.000000
vt -0.439624 3.274109 0.000000
vt -0.781106 3.209818 0.000000
vt -0.830127 3.181360 0.000000
vt -0.855771 3.130836 0.000000
vt -0.849807 3.074468 0.000000
vt -0.721285 2.764189 0.000000
vt -0.391394 2.829807 0.000000
vt -0.056076 2.856195 0.000000
vt 0.280019 2.842989 0.000000
vt 0.612232 2.790370 0.000000
vt 0.935958 2.699070 0.000000
vt 1.246709 2.570353 0.000000
vt 1.540177 2.406003 0.000000
vt 1.812293 2.208300 0.000000
vt 2.059287 1.979983 0.000000
vt 2.277733 1.724218 0.000000
vt 0.000000 -0.192582 0.000000
vt 0.083558 -0.173511 0.000000
vt 0.150567 -0.120073 0.000000
vt 0.187754 -0.042854 0.000000
vt 0.187754 0.042854 0.000000
vt 0.150567 0.120073 0.000000
vt 0.083558 0.173511 0.000000
vt 0.000000 0.192582 0.000000
vt -0.083558 0.173511 0.000000
vt -0.150567 0.120073 0.000000
vt -0.187754 0.042854 0.000000
vt -0.187754 -0.042854 0.000000
vt -0.150567 -0.120073 0.000000
vt -0.083558 -0.173511 0.000000
vt -5.766840 0.000000 0.000000
vt -5.768493 0.062770 0.000000
vt -5.768493 0.120398 0.000000
vt -5.766840 0.183166 0.000000
vt -6.117503 0.183166 0.000000
vt -6.468165 0.183166 0.000000
vt -6.568164 0.183166 0.000000
vt -6.668163 0.183166 0.000000
vt -6.669785 0.120421 0.000000
vt -6.669785 0.062747 0.000000
vt -6.668163 0.000000 0.000000
vt -6.214774 0.091583 0.000000
vt -6.214774 0.045792 0.000000
vt -6.214774 0.137375 0.000000
vt -5.775779 0.000000 0.000000
vt -5.774157 0.062747 0.000000
vt -5.774157 0.120421 0.000000
vt -5.775779 0.183166 0.000000
vt -6.126441 0.183166 0.000000
vt -6.477103 0.183166 0.000000
vt -6.577102 0.183166 0.000000
vt -6.677101 0.183166 0.000000
vt -6.675449 0.120398 0.000000
vt -6.675449 0.062770 0.000000
vt -6.677101 0.000000 0.000000
vt -6.229207 0.091583 0.000000
vt -6.229207 0.045792 0.000000
vt -6.229207 0.137375 0.000000
vt 0.192582 0.000000 0.000000
vt 0.173511 0.083558 0.000000
vt 0.120073 0.150567 0.000000
vt 0.042854 0.187754 0.000000
vt -0.042854 0.187754 0.000000
vt -0.120073 0.150567 0.000000
vt -0.173511 0.083558 0.000000
vt -0.192582 0.000000 0.000000
vt -0.173511 -0.083558 0.000000
vt -0.120073 -0.150567 0.000000
vt -0.042854 -0.187754 0.000000
vt 0.042854 -0.187754 0.000000
vt 0.120073 -0.150567 0.000000
vt 0.173511 -0.083558 0.000000
vt 0.000000 0.192582 0.000000
vt -0.083558 0.173511 0.000000
vt -0.150567 0.120073 0.000000
vt -0.187754 0.042854 0.000000
vt -0.187754 -0.042854 0.000000
vt -0.150567 -0.120073 0.000000
vt -0.083558 -0.173511 0.000000
vt 0.000000 -0.192582 0.000000
vt 0.083558 -0.173511 0.000000
vt 0.150567 -0.120073 0.000000
vt 0.187754 -0.042854 0.000000
vt 0.187754 0.042854 0.000000
vt 0.150567 0.120073 0.000000
vt 0.083558 0.173511 0.000000
vt -4.512175 0.000000 0.000000
vt -4.513827 0.062770 0.000000
vt -4.513827 0.120398 0.000000
vt -4.512175 0.183166 0.000000
vt -4.862837 0.183166 0.000000
vt -5.213500 0.183166 0.000000
vt -5.313498 0.183166 0.000000
vt -5.413497 0.183166 0.000000
vt -5.415119 0.120421 0.000000
vt -5.415119 0.062747 0.000000
vt -5.413497 0.000000 0.000000
vt -4.960109 0.091583 0.000000
vt -4.960109 0.045792 0.000000
vt -4.960109 0.137375 0.000000
vt -5.775779 0.000000 0.000000
vt -5.774157 0.062747 0.000000
vt -5.774157 0.120421 0.000000
vt -5.775779 0.183166 0.000000
vt -6.126441 0.183166 0.000000
vt -6.477103 0.183166 0.000000
vt -6.577102 0.183166 0.000000
vt -6.677101 0.183166 0.000000
vt -6.675449 0.120398 0.000000
vt -6.675449 0.062770 0.000000
vt -6.677101 0.000000 0.000000
vt -6.229207 0.091583 0.000000
vt -6.229207 0.045792 0.000000
vt -6.229207 0.137375 0.000000
vt -4.420847 0.000000 0.000000
vt -4.422500 0.062770 0.000000
vt -4.422500 0.120398 0.000000
vt -4.420847 0.183166 0.000000
vt -4.771510 0.183166 0.000000
vt -5.122172 0.183166 0.000000
vt -5.222171 0.183166 0.000000
vt -5.322170 0.183166 0.000000
vt -5.323791 0.120421 0.000000
vt -5.323791 0.062747 0.000000
vt -5.322170 0.000000 0.000000
vt -4.868782 0.091583 0.000000
vt -4.868782 0.045792 0.000000
vt -4.868782 0.137375 0.000000
vt -4.561448 0.000000 0.000000
vt -4.559827 0.062747 0.000000
vt -4.559827 0.120421 0.000000
vt -4.561448 0.183166 0.000000
vt -4.912110 0.183166 0.000000
vt -5.262773 0.183166 0.000000
vt -5.362772 0.183166 0.000000
vt -5.462770 0.183166 0.000000
vt -5.461118 0.120398 0.000000
vt -5.461118 0.062770 0.000000
vt -5.462770 0.000000 0.000000
vt -5.014877 0.091583 0.000000
vt -5.014877 0.045792 0.000000
vt -5.014877 0.137375 0.000000
vt -0.192582 0.000000 0.000000
vt -0.173511 -0.083558 0.000000
vt -0.120073 -0.150567 0.000000
vt -0.042854 -0.187754 0.000000
vt 0.042854 -0.187754 0.000000
vt 0.120073 -0.150567 0.000000
vt 0.173511 -0.083558 0.000000
vt 0.192582 0.000000 0.000000
vt 0.173511 0.083558 0.000000
vt 0.120073 0.150567 0.000000
vt 0.042854 0.187754 0.000000
vt -0.042854 0.187754 0.000000
vt -0.120073 0.150567 0.000000
vt -0.173511 0.083558 0.000000
vt -4.420847 0.000000 0.000000
vt -4.422500 0.062770 0.000000
vt -4.422500 0.120398 0.000000
vt -4.420847 0.183166 0.000000
vt -4.771510 0.183166 0.000000
vt -5.122172 0.183166 0.000000
vt -5.222171 0.183166 0.000000
vt -5.322170 0.183166 0.000000
vt -5.323791 0.120421 0.000000
vt -5.323791 0.062747 0.000000
vt -5.322170 0.000000 0.000000
vt -4.868782 0.091583 0.000000
vt -4.868782 0.045792 0.000000
vt -4.868782 0.137375 0.000000
vt -4.561448 0.000000 0.000000
vt -4.559827 0.062747 0.000000
vt -4.559827 0.120421 0.000000
vt -4.561448 0.183166 0.000000
vt -4.912110 0.183166 0.000000
vt -5.262773 0.183166 0.000000
vt -5.362772 0.183166 0.000000
vt -5.462770 0.183166 0.000000
vt -5.461118 0.120398 0.000000
vt -5.461118 0.062770 0.000000
vt -5.462770 0.000000 0.000000
vt -5.014877 0.091583 0.000000
vt -5.014877 0.045792 0.000000
vt -5.014877 0.137375 0.000000
vt -0.537464 -0.030005 0.000000
vt -0.540857 0.070011 0.000000
vt -0.544248 0.170026 0.000000
vt -0.547639 0.270041 0.000000
vt -0.551030 0.370056 0.000000
vt -0.556458 0.370056 0.000000
vt -0.542145 -0.450069 0.000000
vt -0.540560 -0.450069 0.000000
vt -0.534635 -0.130020 0.000000
vt -0.534582 -0.080012 0.000000
vt -0.507631 -0.080012 0.000000
vt -0.504851 -0.030005 0.000000
vt 0.392145 -0.450069 0.000000
vt 0.406458 0.370056 0.000000
vt 0.281559 0.370056 0.000000
vt 0.278749 0.366171 0.000000
vt 0.239912 0.326427 0.000000
vt 0.201047 0.312688 0.000000
vt 0.199812 0.312678 0.000000
vt 0.159180 0.327069 0.000000
vt 0.118495 0.370056 0.000000
vt -0.006458 0.370056 0.000000
vt 0.007855 -0.450069 0.000000
vt 0.034500 -0.450069 0.000000
vt 0.035903 -0.346085 0.000000
vt 0.037471 -0.255061 0.000000
vt 0.039199 -0.177458 0.000000
vt 0.041080 -0.113644 0.000000
vt 0.043110 -0.063885 0.000000
vt 0.045278 -0.028340 0.000000
vt 0.047578 -0.007063 0.000000
vt 0.048773 -0.001762 0.000000
vt 0.049382 -0.000440 0.000000
vt 0.049689 -0.000110 0.000000
vt 0.049998 0.000000 0.000000
vt 0.350002 0.000000 0.000000
vt 0.350311 -0.000110 0.000000
vt 0.350618 -0.000440 0.000000
vt 0.351227 -0.001762 0.000000
vt 0.352422 -0.007063 0.000000
vt 0.354722 -0.028340 0.000000
vt 0.356890 -0.063885 0.000000
vt 0.358920 -0.113644 0.000000
vt 0.360801 -0.177458 0.000000
vt 0.362529 -0.255061 0.000000
vt 0.364097 -0.346085 0.000000
vt 0.365500 -0.450069 0.000000
vt 0.542145 -0.450069 0.000000
vt 0.556458 0.370056 0.000000
vt 0.551030 0.370056 0.000000
vt 0.537464 -0.030005 0.000000
vt 0.504851 -0.030005 0.000000
vt 0.507631 -0.080012 0.000000
vt 0.534582 -0.080012 0.000000
vt 0.534635 -0.130020 0.000000
vt 0.540560 -0.450069 0.000000
vt 0.222361 -0.450017 0.000000
vt 0.346075 -0.450017 0.000000
vt 0.350002 0.000000 0.000000
vt 0.049998 0.000000 0.000000
vt 0.053925 -0.450017 0.000000
vt 0.177639 -0.450017 0.000000
vt -3.306073 -0.022361 0.000000
vt -3.306073 -0.146075 0.000000
vt -3.305631 -0.152705 0.000000
vt -3.304314 -0.159219 0.000000
vt -3.302145 -0.165500 0.000000
vt -3.302145 -0.192145 0.000000
vt -3.300560 -0.192145 0.000000
vt -3.302004 -0.165493 0.000000
vt -3.302926 -0.145936 0.000000
vt -3.306073 0.022361 0.000000
vt -3.302926 0.145936 0.000000
vt -3.302004 0.165493 0.000000
vt -3.300560 0.192145 0.000000
vt -3.302145 0.192145 0.000000
vt -3.302145 0.165500 0.000000
vt -3.304314 0.159219 0.000000
vt -3.305631 0.152705 0.000000
vt -3.306073 0.146075 0.000000
vt 0.446980 -0.157080 0.000000
vt 0.446926 -0.150430 0.000000
vt 0.446881 -0.143780 0.000000
vt 0.446845 -0.137130 0.000000
vt 0.342882 -0.139612 0.000000
vt 0.251878 -0.142105 0.000000
vt 0.174296 -0.144603 0.000000
vt 0.110504 -0.147105 0.000000
vt 0.060766 -0.149606 0.000000
vt 0.025243 -0.152105 0.000000
vt 0.003987 -0.154597 0.000000
vt -0.001303 -0.155840 0.000000
vt -0.002620 -0.156460 0.000000
vt -0.002947 -0.156770 0.000000
vt -0.003054 -0.157080 0.000000
vt 0.200122 -6.109462 0.000000
vt 0.031066 -6.109107 0.000000
vt 0.031066 -6.505123 0.000000
vt 0.031066 -6.901138 0.000000
vt 0.031066 -7.297153 0.000000
vt 0.031066 -7.693168 0.000000
vt 0.031066 -8.089184 0.000000
vt 0.031066 -8.485199 0.000000
vt 0.031066 -8.881214 0.000000
vt 0.031066 -9.277230 0.000000
vt 0.031066 -9.673244 0.000000
vt 0.031066 -10.069261 0.000000
vt 0.200122 -10.068896 0.000000
vt 0.200122 -9.672953 0.000000
vt 0.200122 -9.277009 0.000000
vt 0.200122 -8.881066 0.000000
vt 0.200122 -8.485122 0.000000
vt 0.200122 -8.089178 0.000000
vt 0.200122 -7.693235 0.000000
vt 0.200122 -7.297292 0.000000
vt 0.200122 -6.901349 0.000000
vt 0.200122 -6.505406 0.000000
vt -3.736247 -0.225000 0.000000
vt -3.691658 -0.617925 0.000000
vt -3.605862 -1.003954 0.000000
vt -3.479820 -1.378776 0.000000
vt -3.314936 -1.738209 0.000000
vt -3.113051 -2.078240 0.000000
vt -2.876419 -2.395074 0.000000
vt -2.607681 -2.685175 0.000000
vt -2.309837 -2.945305 0.000000
vt -1.986211 -3.172560 0.000000
vt -1.640415 -3.364403 0.000000
vt -1.613994 -3.369253 0.000000
vt -1.588872 -3.359724 0.000000
vt -1.572298 -3.338566 0.000000
vt -1.508576 -3.184727 0.000000
vt -1.525188 -3.205913 0.000000
vt -1.550367 -3.215422 0.000000
vt -1.576822 -3.210501 0.000000
vt -1.905018 -3.027307 0.000000
vt -2.212178 -2.810685 0.000000
vt -2.494911 -2.563026 0.000000
vt -2.750094 -2.287065 0.000000
vt -2.974909 -1.985850 0.000000
vt -3.166874 -1.662706 0.000000
vt -3.323869 -1.321202 0.000000
vt -3.444162 -0.965108 0.000000
vt -3.526422 -0.598358 0.000000
vt -3.569742 -0.225000 0.000000
vt 0.119622 -0.225000 0.000000
vt -0.254906 -0.225000 0.000000
vt -0.283106 -0.233686 0.000000
vt -0.301508 -0.256725 0.000000
vt -0.303720 -0.286114 0.000000
vt -0.288972 -0.311641 0.000000
vt -0.203177 -0.373288 0.000000
vt -0.104827 -0.411869 0.000000
vt 0.000000 -0.425000 0.000000
vt 0.099983 -0.425000 0.000000
vt 0.107871 -0.358470 0.000000
vt 0.114419 -0.291794 0.000000
vt 0.000000 -0.680414 0.000000
vt 0.072871 -0.680414 0.000000
vt 0.099983 0.000000 0.000000
vt 0.000000 0.000000 0.000000
vt 0.000000 0.000000 0.000000
vt 0.000000 -0.042668 0.000000
vt 0.680414 -0.015073 0.000000
vt 0.680414 0.000000 0.000000
vt -4.293324 0.056273 0.000000
vt -4.103053 0.056230 0.000000
vt -4.103919 0.091665 0.000000
vt -4.194414 0.091665 0.000000
vt -4.284909 0.091665 0.000000
vt -4.684906 0.091665 0.000000
vt -4.784906 0.091665 0.000000
vt -4.784080 0.060253 0.000000
vt -4.784080 0.031413 0.000000
vt -4.784906 0.000000 0.000000
vt -4.103919 0.000000 0.000000
vt -4.103237 0.024027 0.000000
vt -4.102996 0.045889 0.000000
vt -4.293267 0.045831 0.000000
vt -4.293273 0.049300 0.000000
vt -4.293293 0.052778 0.000000
vt -4.446035 0.068749 0.000000
vt -4.446035 0.045831 0.000000
vt -4.446035 0.022916 0.000000
vt -0.430378 0.330000 0.000000
vt -0.804906 0.330000 0.000000
vt -0.810523 0.220003 0.000000
vt -0.816079 0.110003 0.000000
vt -0.821573 0.000000 0.000000
vt -0.192505 0.000000 0.000000
vt -0.180258 0.350000 0.000000
vt -0.013753 0.350000 0.000000
vt -0.006756 0.550000 0.000000
vt -0.422678 0.550000 0.000000
vt -0.192505 0.000000 0.000000
vt -0.821573 0.000000 0.000000
vt -0.816079 -0.110003 0.000000
vt -0.810523 -0.220003 0.000000
vt -0.804906 -0.330000 0.000000
vt -0.430378 -0.330000 0.000000
vt -0.422678 -0.550000 0.000000
vt -0.037879 -0.550000 0.000000
vt -0.007842 -0.518953 0.000000
vt -0.013753 -0.350000 0.000000
vt -0.180258 -0.350000 0.000000
vt -3.281524 -1.223953 0.000000
vt -3.251469 -1.301695 0.000000
vt -3.219573 -1.378699 0.000000
vt -3.185853 -1.454923 0.000000
vt -2.723803 -1.263535 0.000000
vt -2.819474 -1.032565 0.000000
vt -0.800001 -0.300000 0.000000
vt -0.030001 -0.300000 0.000000
vt -0.030001 -0.050000 0.000000
vt -0.800001 -0.050000 0.000000
vt -0.050000 -0.800001 0.000000
vt -0.050000 -0.030001 0.000000
vt -0.742072 -0.030001 0.000000
vt -0.736125 -0.200001 0.000000
vt -0.569611 -0.200001 0.000000
vt -0.548615 -0.800001 0.000000
vt 0.736125 -0.200001 0.000000
vt 0.742072 -0.030001 0.000000
vt 0.050000 -0.030001 0.000000
vt 0.050000 -0.800001 0.000000
vt 0.548615 -0.800001 0.000000
vt 0.569611 -0.200001 0.000000
vt 0.800001 0.137445 0.000000
vt 0.030001 0.137445 0.000000
vt 0.030001 0.111265 0.000000
vt 0.030001 0.085085 0.000000
vt 0.030001 0.058905 0.000000
vt 0.800001 0.058905 0.000000
vt 0.800001 0.085085 0.000000
vt 0.800001 0.111265 0.000000
vt -0.297499 0.000000 0.000000
vt 0.302868 -0.000000 0.000000
vt 0.302868 0.027250 0.000000
vt 0.302868 0.054499 0.000000
vt 0.302868 0.081749 0.000000
vt -0.299245 0.081730 0.000000
vt -0.299050 0.054487 0.000000
vt -0.298406 0.027243 0.000000
vt 0.299244 0.081730 0.000000
vt -0.302869 0.081749 0.000000
vt -0.302869 0.054499 0.000000
vt -0.302869 0.027250 0.000000
vt -0.302869 0.000000 0.000000
vt 0.297498 -0.000000 0.000000
vt 0.298405 0.027243 0.000000
vt 0.299049 0.054487 0.000000
vt 0.083659 0.081586 0.000000
vt -0.085397 0.081581 0.000000
vt -0.085357 0.061175 0.000000
vt -0.085208 0.040796 0.000000
vt -0.084977 0.020429 0.000000
vt -0.084699 0.000000 0.000000
vt 0.085405 0.000000 0.000000
vt 0.084500 0.027195 0.000000
vt 0.083856 0.054391 0.000000
vt -0.085405 0.000000 0.000000
vt 0.084699 0.000000 0.000000
vt 0.084976 0.020395 0.000000
vt 0.085208 0.040769 0.000000
vt 0.085356 0.061140 0.000000
vt 0.085397 0.081581 0.000000
vt -0.083659 0.081586 0.000000
vt -0.083856 0.054391 0.000000
vt -0.084500 0.027195 0.000000
vt 0.078540 0.097188 0.000000
vt 0.052360 0.097188 0.000000
vt 0.026180 0.097188 0.000000
vt 0.000000 0.097188 0.000000
vt 0.000000 0.078676 0.000000
vt 0.000000 0.060164 0.000000
vt 0.000000 0.041652 0.000000
vt 0.026180 0.041652 0.000000
vt 0.052360 0.041652 0.000000
vt 0.026180 0.078676 0.000000
vt 0.052360 0.078676 0.000000
vt 0.026180 0.060164 0.000000
vt 0.052360 0.060164 0.000000
vt 3.000000 0.078540 0.000000
vt 3.000000 0.052360 0.000000
vt 3.000000 0.026180 0.000000
vt 3.000000 0.000000 0.000000
vt 3.498615 0.000000 0.000000
vt 3.497758 0.019627 0.000000
vt 3.497902 0.039258 0.000000
vt 3.498808 0.058893 0.000000
vt 3.500119 0.078540 0.000000
vt -0.050000 0.000000 0.000000
vt -0.050000 0.026180 0.000000
vt -0.050000 0.052360 0.000000
vt -0.050000 0.078540 0.000000
vt -0.300000 0.078540 0.000000
vt -0.300000 0.052360 0.000000
vt -0.300000 0.026180 0.000000
vt -0.300000 0.000000 0.000000
vt 0.121782 0.000000 0.000000
vt 0.121782 0.029605 0.000000
vt 0.121782 0.057025 0.000000
vt 0.121782 0.086629 0.000000
vt 0.096472 0.086519 0.000000
vt 0.071395 0.086629 0.000000
vt 0.046425 0.086629 0.000000
vt 0.021547 0.086629 0.000000
vt 0.021547 0.057051 0.000000
vt 0.021547 0.029578 0.000000
vt 0.021547 0.000000 0.000000
vt 0.046606 0.000000 0.000000
vt 0.071665 0.000000 0.000000
vt 0.096724 0.000000 0.000000
vt 0.046606 0.064972 0.000000
vt 0.096724 0.021657 0.000000
vt 0.071665 0.021657 0.000000
vt 0.046606 0.021657 0.000000
vt 0.096724 0.043315 0.000000
vt 0.071665 0.043315 0.000000
vt 0.046606 0.043315 0.000000
vt 0.096724 0.064972 0.000000
vt 0.071665 0.064972 0.000000
vt 0.000000 0.027768 0.000000
vt 0.000000 0.009256 0.000000
vt 0.000000 -0.009256 0.000000
vt 0.000000 -0.027768 0.000000
vt 0.026180 -0.027768 0.000000
vt 0.052360 -0.027768 0.000000
vt 0.078540 0.027768 0.000000
vt 0.052360 0.027768 0.000000
vt 0.026180 0.027768 0.000000
vt 0.026180 0.009256 0.000000
vt 0.052360 0.009256 0.000000
vt 0.026180 -0.009256 0.000000
vt 0.052360 -0.009256 0.000000
vt 0.078540 -1.263184 0.000000
vt 0.051778 -1.263184 0.000000
vt 0.025016 -1.263184 0.000000
vt -0.001745 -1.263184 0.000000
vt -0.001745 -1.347391 0.000000
vt -0.001745 -1.431598 0.000000
vt -0.001745 -1.515805 0.000000
vt 0.025016 -1.515805 0.000000
vt 0.051778 -1.515805 0.000000
vt 0.078540 -1.515805 0.000000
vt 0.078540 -1.431598 0.000000
vt 0.078540 -1.347391 0.000000
vt -0.050000 0.000000 0.000000
vt -0.050000 0.026180 0.000000
vt -0.050000 0.052360 0.000000
vt -0.050000 0.078540 0.000000
vt -0.550119 0.078540 0.000000
vt -0.548810 0.058919 0.000000
vt -0.547903 0.039293 0.000000
vt -0.547757 0.019653 0.000000
vt -0.548615 0.000000 0.000000
vt 0.043087 0.086628 0.000000
vt 0.043087 0.057024 0.000000
vt 0.043087 0.029604 0.000000
vt 0.043087 0.000000 0.000000
vt 0.068145 0.000000 0.000000
vt 0.093202 0.000000 0.000000
vt 0.118260 0.000000 0.000000
vt 0.143317 0.000000 0.000000
vt 0.143317 0.029578 0.000000
vt 0.143317 0.057050 0.000000
vt 0.143317 0.086628 0.000000
vt 0.118316 0.086538 0.000000
vt 0.093382 0.086628 0.000000
vt 0.068282 0.086628 0.000000
vt 0.068145 0.064971 0.000000
vt 0.093202 0.064971 0.000000
vt 0.118260 0.064971 0.000000
vt 0.068145 0.043314 0.000000
vt 0.093202 0.043314 0.000000
vt 0.118260 0.043314 0.000000
vt 0.068145 0.021657 0.000000
vt 0.093202 0.021657 0.000000
vt 0.118260 0.021657 0.000000
vt -1.013431 2.773280 0.000000
vt -1.223953 3.281524 0.000000
vt -1.317167 3.245232 0.000000
vt -1.409306 3.206293 0.000000
vt -1.500296 3.164739 0.000000
vt -1.290595 2.658475 0.000000
vt -0.000000 -0.000001 0.000000
vt -0.000000 -0.800001 0.000000
vt 0.006699 -0.825001 0.000000
vt 0.025000 -0.843302 0.000000
vt 0.050000 -0.850001 0.000000
vt 0.350000 -0.850001 0.000000
vt 0.350000 -0.000001 0.000000
vt -0.200001 0.788923 0.000000
vt -0.200001 0.569611 0.000000
vt -0.800001 0.548615 0.000000
vt -0.800001 0.000000 0.000000
vt -0.000001 0.000000 0.000000
vt -0.000001 0.795914 0.000000
vt 0.200001 0.788923 0.000000
vt 0.031048 0.794829 0.000000
vt 0.000001 0.764814 0.000000
vt 0.000001 0.000000 0.000000
vt 0.850001 0.000000 0.000000
vt 0.850001 0.547976 0.000000
vt 0.853970 0.567522 0.000000
vt 0.865254 0.583971 0.000000
vt 0.882070 0.594704 0.000000
vt 0.901746 0.598007 0.000000
vt 0.200001 0.622542 0.000000
vt 2.773280 1.013431 0.000000
vt 3.281524 1.223953 0.000000
vt 3.245232 1.317167 0.000000
vt 3.206293 1.409306 0.000000
vt 3.164739 1.500296 0.000000
vt 2.658475 1.290595 0.000000
vt 0.000001 0.000000 0.000000
vt 0.800001 0.000000 0.000000
vt 0.825001 0.006699 0.000000
vt 0.843302 0.025000 0.000000
vt 0.850001 0.050000 0.000000
vt 0.850001 0.350000 0.000000
vt 0.000001 0.350000 0.000000
vt -0.200001 0.788923 0.000000
vt -0.200001 0.569611 0.000000
vt -0.800001 0.548615 0.000000
vt -0.800001 0.000000 0.000000
vt -0.000001 0.000000 0.000000
vt -0.000001 0.795914 0.000000
vt 0.000001 0.000000 0.000000
vt 0.850001 0.000000 0.000000
vt 0.850001 0.547976 0.000000
vt 0.853970 0.567522 0.000000
vt 0.865254 0.583971 0.000000
vt 0.882070 0.594704 0.000000
vt 0.901746 0.598007 0.000000
vt 0.200001 0.622542 0.000000
vt 0.200001 0.788923 0.000000
vt 0.000001 0.795914 0.000000
vt 1.013431 -2.773280 0.000000
vt 1.223953 -3.281524 0.000000
vt 1.317167 -3.245232 0.000000
vt 1.409306 -3.206293 0.000000
vt 1.500296 -3.164739 0.000000
vt 1.290595 -2.658475 0.000000
vt 0.000001 0.000000 0.000000
vt 0.800001 0.000000 0.000000
vt 0.825001 0.006699 0.000000
vt 0.843302 0.025000 0.000000
vt 0.850001 0.050000 0.000000
vt 0.850001 0.350000 0.000000
vt 0.000001 0.350000 0.000000
vt 0.200001 -0.788923 0.000000
vt 0.200001 -0.569611 0.000000
vt 0.800001 -0.548615 0.000000
vt 0.800001 0.000000 0.000000
vt 0.000001 0.000000 0.000000
vt 0.000001 -0.795914 0.000000
vt -0.000001 0.000000 0.000000
vt -0.850001 0.000000 0.000000
vt -0.850001 -0.547976 0.000000
vt -0.853970 -0.567522 0.000000
vt -0.865254 -0.583971 0.000000
vt -0.882070 -0.594704 0.000000
vt -0.901746 -0.598007 0.000000
vt -0.200001 -0.622542 0.000000
vt -0.200001 -0.788923 0.000000
vt -0.000001 -0.795914 0.000000
vt 2.950000 0.078540 0.000000
vt 2.950000 0.052360 0.000000
vt 2.950000 0.026180 0.000000
vt 2.950000 0.000000 0.000000
vt 3.498615 0.000000 0.000000
vt 3.497758 0.019627 0.000000
vt 3.497902 0.039258 0.000000
vt 3.498808 0.058893 0.000000
vt 3.500119 0.078540 0.000000
vt -0.001745 -7.121851 0.000000
vt 0.018341 -7.122014 0.000000
vt 0.038418 -7.122542 0.000000
vt 0.058484 -7.123360 0.000000
vt 0.078540 -7.124341 0.000000
vt 0.078540 -7.023281 0.000000
vt 0.078540 -6.922221 0.000000
vt 0.078540 -6.821160 0.000000
vt 0.051778 -6.821160 0.000000
vt 0.025016 -6.821160 0.000000
vt -0.001745 -6.821160 0.000000
vt -0.001745 -6.921391 0.000000
vt -0.001745 -7.021621 0.000000
vt 0.064642 0.086629 0.000000
vt 0.064642 0.057051 0.000000
vt 0.064642 0.029578 0.000000
vt 0.064642 0.000000 0.000000
vt 0.089701 0.000000 0.000000
vt 0.114759 0.000000 0.000000
vt 0.139818 0.000000 0.000000
vt 0.164877 0.000000 0.000000
vt 0.164877 0.029605 0.000000
vt 0.164877 0.057025 0.000000
vt 0.164877 0.086629 0.000000
vt 0.139567 0.086519 0.000000
vt 0.114489 0.086629 0.000000
vt 0.089565 0.086629 0.000000
vt 0.089701 0.064973 0.000000
vt 0.114759 0.064973 0.000000
vt 0.139818 0.064973 0.000000
vt 0.089701 0.043316 0.000000
vt 0.114759 0.043316 0.000000
vt 0.139818 0.043316 0.000000
vt 0.089701 0.021658 0.000000
vt 0.114759 0.021658 0.000000
vt 0.139818 0.021658 0.000000
vt 0.297498 -0.000000 0.000000
vt 0.298405 0.027243 0.000000
vt 0.299049 0.054487 0.000000
vt 0.299244 0.081730 0.000000
vt -0.302869 0.081749 0.000000
vt -0.302869 0.054499 0.000000
vt -0.302869 0.027250 0.000000
vt -0.302869 0.000000 0.000000
vt 2.950000 0.078540 0.000000
vt 2.950000 0.052360 0.000000
vt 2.950000 0.026180 0.000000
vt 2.950000 0.000000 0.000000
vt 3.498615 0.000000 0.000000
vt 3.497758 0.019627 0.000000
vt 3.497902 0.039258 0.000000
vt 3.498808 0.058893 0.000000
vt 3.500119 0.078540 0.000000
vt -0.001745 9.552078 0.000000
vt 0.018341 9.551916 0.000000
vt 0.038418 9.551387 0.000000
vt 0.058484 9.550570 0.000000
vt 0.078540 9.549588 0.000000
vt 0.078540 9.650648 0.000000
vt 0.078540 9.751709 0.000000
vt 0.078540 9.852769 0.000000
vt 0.051778 9.852769 0.000000
vt 0.025016 9.852769 0.000000
vt -0.001745 9.852769 0.000000
vt -0.001745 9.752539 0.000000
vt -0.001745 9.652308 0.000000
vt 0.064642 0.086629 0.000000
vt 0.064642 0.057051 0.000000
vt 0.064642 0.029578 0.000000
vt 0.064642 0.000000 0.000000
vt 0.089701 0.000000 0.000000
vt 0.114759 0.000000 0.000000
vt 0.139818 0.000000 0.000000
vt 0.164877 0.000000 0.000000
vt 0.164877 0.029605 0.000000
vt 0.164877 0.057025 0.000000
vt 0.164877 0.086629 0.000000
vt 0.139567 0.086519 0.000000
vt 0.114489 0.086629 0.000000
vt 0.089565 0.086629 0.000000
vt 0.089701 0.064973 0.000000
vt 0.114759 0.064973 0.000000
vt 0.139818 0.064973 0.000000
vt 0.089701 0.043316 0.000000
vt 0.114759 0.043316 0.000000
vt 0.139818 0.043316 0.000000
vt 0.089701 0.021658 0.000000
vt 0.114759 0.021658 0.000000
vt 0.139818 0.021658 0.000000
vt 0.297498 -0.000000 0.000000
vt 0.298405 0.027243 0.000000
vt 0.299049 0.054487 0.000000
vt 0.299244 0.081730 0.000000
vt -0.302869 0.081749 0.000000
vt -0.302869 0.054499 0.000000
vt -0.302869 0.027250 0.000000
vt -0.302869 0.000000 0.000000
vt 2.950000 0.078540 0.000000
vt 2.950000 0.052360 0.000000
vt 2.950000 0.026180 0.000000
vt 2.950000 0.000000 0.000000
vt 3.498615 0.000000 0.000000
vt 3.497758 0.019627 0.000000
vt 3.497902 0.039258 0.000000
vt 3.498808 0.058893 0.000000
vt 3.500119 0.078540 0.000000
vt -0.001745 3.994102 0.000000
vt 0.018341 3.993939 0.000000
vt 0.038418 3.993410 0.000000
vt 0.058484 3.992593 0.000000
vt 0.078540 3.991611 0.000000
vt 0.078540 4.092672 0.000000
vt 0.078540 4.193733 0.000000
vt 0.078540 4.294793 0.000000
vt 0.051778 4.294793 0.000000
vt 0.025016 4.294793 0.000000
vt -0.001745 4.294793 0.000000
vt -0.001745 4.194562 0.000000
vt -0.001745 4.094332 0.000000
vt 0.064642 0.086629 0.000000
vt 0.064642 0.057051 0.000000
vt 0.064642 0.029578 0.000000
vt 0.064642 0.000000 0.000000
vt 0.089701 0.000000 0.000000
vt 0.114759 0.000000 0.000000
vt 0.139818 0.000000 0.000000
vt 0.164877 0.000000 0.000000
vt 0.164877 0.029605 0.000000
vt 0.164877 0.057025 0.000000
vt 0.164877 0.086629 0.000000
vt 0.139567 0.086519 0.000000
vt 0.114489 0.086629 0.000000
vt 0.089565 0.086629 0.000000
vt 0.089701 0.064973 0.000000
vt 0.114759 0.064973 0.000000
vt 0.139818 0.064973 0.000000
vt 0.089701 0.043316 0.000000
vt 0.114759 0.043316 0.000000
vt 0.139818 0.043316 0.000000
vt 0.089701 0.021658 0.000000
vt 0.114759 0.021658 0.000000
vt 0.139818 0.021658 0.000000
vt 0.297498 -0.000000 0.000000
vt 0.298405 0.027243 0.000000
vt 0.299049 0.054487 0.000000
vt 0.299244 0.081730 0.000000
vt -0.302869 0.081749 0.000000
vt -0.302869 0.054499 0.000000
vt -0.302869 0.027250 0.000000
vt -0.302869 0.000000 0.000000
vt 0.000000 0.000000 0.000000
vt 0.042963 0.000000 0.000000
vt 0.042963 0.014209 0.000000
vt 0.042963 0.028418 0.000000
vt 0.042963 0.042627 0.000000
vt 0.042963 0.056836 0.000000
vt 0.000000 0.056836 0.000000
vt 0.000000 0.037870 0.000000
vt 0.000000 0.018932 0.000000
vt 0.021482 0.008881 0.000000
vt 0.021482 0.024866 0.000000
vt 0.021482 0.021314 0.000000
vt 0.021482 0.033746 0.000000
vt 0.021482 0.042627 0.000000
vt 0.021482 0.035523 0.000000
vt 0.021482 0.049732 0.000000
vt 0.021482 0.014209 0.000000
vt 0.021482 0.017761 0.000000
vt 0.021482 0.028418 0.000000
vt 0.021482 0.031970 0.000000
vt 0.021482 0.046179 0.000000
vt 0.021482 0.044403 0.000000
vt 0.021482 0.040259 0.000000
vt 0.021482 0.010657 0.000000
vt 0.021482 0.007105 0.000000
vt 0.021482 0.053284 0.000000
vt 0.167869 -0.724080 0.000000
vt 0.208585 -0.712154 0.000000
vt 0.014054 -0.047984 0.000000
vt -0.026662 -0.059910 0.000000
vt 0.000000 0.127627 0.000000
vt -0.042426 0.127627 0.000000
vt -0.042426 0.093593 0.000000
vt -0.042426 0.059559 0.000000
vt -0.042426 0.025525 0.000000
vt 0.000000 0.025525 0.000000
vt 0.000000 0.059559 0.000000
vt 0.000000 0.093593 0.000000
vt -0.125000 0.000000 0.000000
vt -0.125000 -0.042426 0.000000
vt 0.125000 -0.042426 0.000000
vt 0.125000 0.000000 0.000000
vt 3.000000 0.000000 0.000000
vt 3.000000 -0.042426 0.000000
vt 3.692072 -0.042426 0.000000
vt 3.692072 0.000000 0.000000
vt 0.000000 0.000000 0.000000
vt 0.042963 0.000000 0.000000
vt 0.042963 0.014209 0.000000
vt 0.042963 0.028418 0.000000
vt 0.042963 0.042627 0.000000
vt 0.042963 0.056836 0.000000
vt 0.000000 0.056836 0.000000
vt 0.000000 0.037880 0.000000
vt 0.000000 0.018943 0.000000
vt 0.021482 0.008881 0.000000
vt 0.021482 0.024866 0.000000
vt 0.021482 0.021313 0.000000
vt 0.021482 0.042627 0.000000
vt 0.021482 0.035522 0.000000
vt 0.021482 0.049731 0.000000
vt 0.021482 0.014209 0.000000
vt 0.021482 0.017761 0.000000
vt 0.021482 0.028418 0.000000
vt 0.021482 0.031970 0.000000
vt 0.021482 0.046179 0.000000
vt 0.021482 0.044403 0.000000
vt 0.021482 0.039075 0.000000
vt 0.021482 0.010657 0.000000
vt 0.021482 0.007104 0.000000
vt 0.021482 0.053284 0.000000
vt -0.000000 -1.693577 0.000000
vt -0.043160 -1.693577 0.000000
vt -0.043160 -2.088319 0.000000
vt -0.043160 -2.483062 0.000000
vt -0.043160 -2.877804 0.000000
vt -0.043160 -3.272546 0.000000
vt -0.043160 -3.667289 0.000000
vt -0.043160 -4.062031 0.000000
vt -0.043160 -4.456773 0.000000
vt -0.043160 -4.851516 0.000000
vt -0.043160 -5.246258 0.000000
vt -0.043160 -5.641000 0.000000
vt -0.000000 -5.639191 0.000000
vt -0.000000 -5.244629 0.000000
vt -0.000000 -4.850068 0.000000
vt -0.000000 -4.455506 0.000000
vt -0.000000 -4.060945 0.000000
vt -0.000000 -3.666384 0.000000
vt -0.000000 -3.271822 0.000000
vt -0.000000 -2.877261 0.000000
vt -0.000000 -2.482700 0.000000
vt -0.000000 -2.088138 0.000000
vt 0.328751 0.000000 0.000000
vt 0.327995 0.037002 0.000000
vt 0.328108 0.067581 0.000000
vt 0.329052 0.098160 0.000000
vt 0.330499 0.135166 0.000000
vt 0.220332 0.135166 0.000000
vt 0.110166 0.135165 0.000000
vt 0.000000 0.135166 0.000000
vt 0.000000 0.098249 0.000000
vt 0.000000 0.067583 0.000000
vt 0.000000 0.036917 0.000000
vt 0.000000 0.000000 0.000000
vt 0.176300 0.067582 0.000000
vt 0.176300 0.033791 0.000000
vt 0.176300 0.101374 0.000000
vt 0.000000 0.080805 0.000000
vt 0.000000 0.058736 0.000000
vt 0.000000 0.040403 0.000000
vt 0.000000 0.022070 0.000000
vt 0.000000 0.000000 0.000000
vt 0.051402 0.000115 0.000000
vt 0.110421 0.000000 0.000000
vt 0.218035 0.000000 0.000000
vt 0.249150 -0.000059 0.000000
vt 0.326421 0.000000 0.000000
vt 0.355409 -0.000026 0.000000
vt 0.437783 0.000000 0.000000
vt 0.491767 -0.000046 0.000000
vt 0.548611 -0.000000 0.000000
vt 0.656835 0.000000 0.000000
vt 0.675788 -0.000072 0.000000
vt 0.729864 0.000096 0.000000
vt 0.764449 0.000000 0.000000
vt 0.795101 0.000079 0.000000
vt 0.874426 0.000000 0.000000
vt 0.874426 0.022070 0.000000
vt 0.874426 0.040403 0.000000
vt 0.874426 0.058736 0.000000
vt 0.874426 0.080805 0.000000
vt 0.819774 0.080805 0.000000
vt 0.759184 0.080805 0.000000
vt 0.704894 0.080805 0.000000
vt 0.648612 0.080803 0.000000
vt 0.594933 0.080805 0.000000
vt 0.541710 0.080805 0.000000
vt 0.489031 0.080805 0.000000
vt 0.437353 0.080803 0.000000
vt 0.382561 0.080802 0.000000
vt 0.332922 0.080804 0.000000
vt 0.279708 0.080805 0.000000
vt 0.225977 0.080805 0.000000
vt 0.170439 0.080805 0.000000
vt 0.115338 0.080805 0.000000
vt 0.054652 0.080805 0.000000
vt 0.054652 0.060547 0.000000
vt 0.109303 0.060547 0.000000
vt 0.163955 0.060547 0.000000
vt 0.218606 0.060547 0.000000
vt 0.273258 0.060547 0.000000
vt 0.327910 0.060547 0.000000
vt 0.382561 0.060547 0.000000
vt 0.437213 0.060547 0.000000
vt 0.491864 0.060547 0.000000
vt 0.546516 0.060547 0.000000
vt 0.601168 0.060547 0.000000
vt 0.655819 0.060547 0.000000
vt 0.710471 0.060547 0.000000
vt 0.765122 0.060547 0.000000
vt 0.819774 0.060547 0.000000
vt 0.054652 0.040403 0.000000
vt 0.109303 0.040403 0.000000
vt 0.163955 0.040403 0.000000
vt 0.218606 0.040403 0.000000
vt 0.273258 0.040403 0.000000
vt 0.327910 0.040403 0.000000
vt 0.382561 0.040403 0.000000
vt 0.437213 0.040403 0.000000
vt 0.491864 0.040403 0.000000
vt 0.546516 0.040403 0.000000
vt 0.601168 0.040403 0.000000
vt 0.655819 0.040403 0.000000
vt 0.710471 0.040403 0.000000
vt 0.765122 0.040403 0.000000
vt 0.819774 0.040403 0.000000
vt 0.054652 0.020108 0.000000
vt 0.109303 0.020108 0.000000
vt 0.163955 0.020108 0.000000
vt 0.218606 0.020108 0.000000
vt 0.273258 0.020108 0.000000
vt 0.327910 0.020108 0.000000
vt 0.382561 0.020108 0.000000
vt 0.437213 0.020108 0.000000
vt 0.491864 0.020108 0.000000
vt 0.546516 0.020108 0.000000
vt 0.601168 0.020108 0.000000
vt 0.655819 0.020108 0.000000
vt 0.710471 0.020108 0.000000
vt 0.765122 0.020108 0.000000
vt 0.819774 0.020108 0.000000
vt 0.330499 0.000000 0.000000
vt 0.329052 0.037005 0.000000
vt 0.328108 0.067584 0.000000
vt 0.327995 0.098163 0.000000
vt 0.328751 0.135166 0.000000
vt 0.000000 0.135166 0.000000
vt 0.000000 0.098249 0.000000
vt 0.000000 0.067583 0.000000
vt 0.000000 0.036917 0.000000
vt 0.000000 0.000000 0.000000
vt 0.110166 0.000001 0.000000
vt 0.220332 0.000000 0.000000
vt 0.176300 0.067584 0.000000
vt 0.176300 0.033791 0.000000
vt 0.176300 0.101374 0.000000
vt -0.198604 3.267631 0.000000
vt -0.198604 3.294582 0.000000
vt -0.572491 3.250534 0.000000
vt -0.938931 3.164194 0.000000
vt -1.293154 3.036687 0.000000
vt -1.630553 2.869672 0.000000
vt -1.946737 2.665320 0.000000
vt -2.237594 2.426291 0.000000
vt -2.499338 2.155696 0.000000
vt -2.728565 1.857053 0.000000
vt -2.922292 1.534250 0.000000
vt -3.077999 1.191485 0.000000
vt -3.193660 0.833219 0.000000
vt -3.267769 0.464112 0.000000
vt -3.299364 0.088966 0.000000
vt -3.288032 -0.287337 0.000000
vt -3.233921 -0.659901 0.000000
vt -3.137736 -1.023880 0.000000
vt -3.000727 -1.374537 0.000000
vt -2.824677 -1.707312 0.000000
vt -2.611877 -2.017873 0.000000
vt -2.365096 -2.302181 0.000000
vt -2.087543 -2.556537 0.000000
vt -1.782830 -2.777631 0.000000
vt -1.454922 -2.962586 0.000000
vt -1.108085 -3.108997 0.000000
vt -0.746831 -3.214959 0.000000
vt -0.375861 -3.279092 0.000000
vt 0.000000 -3.300563 0.000000
vt 0.375861 -3.279092 0.000000
vt 0.746831 -3.214959 0.000000
vt 1.108085 -3.108997 0.000000
vt 1.454922 -2.962586 0.000000
vt 1.782830 -2.777631 0.000000
vt 2.087543 -2.556537 0.000000
vt 2.365096 -2.302181 0.000000
vt 2.611877 -2.017873 0.000000
vt 2.824677 -1.707312 0.000000
vt 3.000727 -1.374537 0.000000
vt 3.137736 -1.023880 0.000000
vt 3.233921 -0.659901 0.000000
vt 3.288032 -0.287337 0.000000
vt 3.299364 0.088966 0.000000
vt 3.267769 0.464112 0.000000
vt 3.193660 0.833219 0.000000
vt 3.077999 1.191485 0.000000
vt 2.922292 1.534250 0.000000
vt 2.728565 1.857053 0.000000
vt 2.499338 2.155696 0.000000
vt 2.237594 2.426291 0.000000
vt 1.946737 2.665320 0.000000
vt 1.630553 2.869672 0.000000
vt 1.293154 3.036687 0.000000
vt 0.938931 3.164194 0.000000
vt 0.572491 3.250534 0.000000
vt 0.198604 3.294582 0.000000
vt 0.198604 3.267631 0.000000
vt 0.198991 3.264870 0.000000
vt 0.199224 3.262091 0.000000
vt 0.199302 3.259304 0.000000
vt 0.199302 2.848910 0.000000
vt 0.374253 2.831244 0.000000
vt 0.547786 2.802845 0.000000
vt 0.719242 2.763820 0.000000
vt 0.612597 2.506354 0.000000
vt 0.583880 2.386741 0.000000
vt 0.593531 2.264108 0.000000
vt 0.640606 2.150460 0.000000
vt 0.720496 2.056921 0.000000
vt 0.825381 1.992647 0.000000
vt 0.944995 1.963930 0.000000
vt 1.067628 1.973582 0.000000
vt 1.181276 2.020656 0.000000
vt 1.274815 2.100546 0.000000
vt 1.339089 2.205431 0.000000
vt 1.445735 2.462897 0.000000
vt 1.724920 2.276106 0.000000
vt 1.980242 2.057827 0.000000
vt 2.208168 1.811078 0.000000
vt 2.405545 1.539273 0.000000
vt 2.569642 1.246174 0.000000
vt 2.698189 0.935834 0.000000
vt 2.789408 0.612547 0.000000
vt 2.842036 0.280785 0.000000
vt 2.855346 -0.054861 0.000000
vt 2.829153 -0.389747 0.000000
vt 2.763820 -0.719242 0.000000
vt 2.506354 -0.612597 0.000000
vt 2.386741 -0.583880 0.000000
vt 2.264108 -0.593531 0.000000
vt 2.150460 -0.640606 0.000000
vt 2.056921 -0.720496 0.000000
vt 1.992647 -0.825381 0.000000
vt 1.963930 -0.944995 0.000000
vt 1.973582 -1.067628 0.000000
vt 2.020656 -1.181276 0.000000
vt 2.100546 -1.274815 0.000000
vt 2.205431 -1.339089 0.000000
vt 2.462897 -1.445735 0.000000
vt 2.275616 -1.725566 0.000000
vt 2.056702 -1.981410 0.000000
vt 1.809196 -2.209710 0.000000
vt 1.536540 -2.407292 0.000000
vt 1.242524 -2.571409 0.000000
vt 0.931235 -2.699780 0.000000
vt 0.607001 -2.790620 0.000000
vt 0.274328 -2.842667 0.000000
vt 0.172456 -2.783824 0.000000
vt 0.058823 -2.753365 0.000000
vt -0.058823 -2.753365 0.000000
vt -0.172456 -2.783824 0.000000
vt -0.274328 -2.842667 0.000000
vt -0.423952 -2.824230 0.000000
vt -0.572395 -2.797923 0.000000
vt -0.719242 -2.763820 0.000000
vt -0.612597 -2.506354 0.000000
vt -0.583880 -2.386741 0.000000
vt -0.593531 -2.264108 0.000000
vt -0.640606 -2.150460 0.000000
vt -0.720496 -2.056921 0.000000
vt -0.825381 -1.992647 0.000000
vt -0.944995 -1.963930 0.000000
vt -1.067628 -1.973582 0.000000
vt -1.181276 -2.020656 0.000000
vt -1.274815 -2.100546 0.000000
vt -1.339089 -2.205431 0.000000
vt -1.445735 -2.462897 0.000000
vt -1.724920 -2.276106 0.000000
vt -1.980242 -2.057827 0.000000
vt -2.208168 -1.811078 0.000000
vt -2.405545 -1.539273 0.000000
vt -2.569642 -1.246174 0.000000
vt -2.698189 -0.935834 0.000000
vt -2.789408 -0.612547 0.000000
vt -2.842036 -0.280785 0.000000
vt -2.855346 0.054861 0.000000
vt -2.829153 0.389747 0.000000
vt -2.763820 0.719242 0.000000
vt -2.506354 0.612597 0.000000
vt -2.386741 0.583880 0.000000
vt -2.264108 0.593531 0.000000
vt -2.150460 0.640606 0.000000
vt -2.056921 0.720496 0.000000
vt -1.992647 0.825381 0.000000
vt -1.963930 0.944995 0.000000
vt -1.973582 1.067628 0.000000
vt -2.020656 1.181276 0.000000
vt -2.100546 1.274815 0.000000
vt -2.205431 1.339089 0.000000
vt -2.462897 1.445735 0.000000
vt -2.269918 1.733056 0.000000
vt -2.043598 1.994922 0.000000
vt -1.787263 2.227488 0.000000
vt -1.504676 2.427336 0.000000
vt -1.199989 2.591532 0.000000
vt -0.877677 2.717663 0.000000
vt -0.542473 2.803878 0.000000
vt -0.199302 2.848910 0.000000
vt -0.199302 3.259304 0.000000
vt -0.199224 3.262091 0.000000
vt -0.198991 3.264870 0.000000
vt -0.000000 0.260000 0.000000
vt -0.000000 0.253192 0.000000
vt 0.194137 0.260000 0.000000
vt 0.000000 0.260000 0.000000
vt -0.194137 0.260000 0.000000
vt 0.000000 0.253192 0.000000
vt 0.210000 3.410000 0.000000
vt -0.210000 3.410000 0.000000
vt -0.235000 3.403301 0.000000
vt -0.253301 3.385000 0.000000
vt -0.260000 3.360000 0.000000
vt -0.260000 3.353192 0.000000
vt -0.265951 3.329519 0.000000
vt -0.282389 3.311481 0.000000
vt -0.305400 3.303373 0.000000
vt -0.272445 3.306254 0.000000
vt -0.239464 3.308807 0.000000
vt -0.206458 3.311030 0.000000
vt -0.206458 3.316458 0.000000
vt -0.081505 3.316458 0.000000
vt -0.027153 3.317349 0.000000
vt 0.027207 3.317349 0.000000
vt 0.081559 3.316458 0.000000
vt 0.206458 3.316458 0.000000
vt 0.206458 3.311030 0.000000
vt 0.239464 3.308807 0.000000
vt 0.272445 3.306254 0.000000
vt 0.305400 3.303373 0.000000
vt 0.282389 3.311481 0.000000
vt 0.265952 3.329519 0.000000
vt 0.260000 3.353192 0.000000
vt 0.260000 3.360000 0.000000
vt 0.253301 3.385000 0.000000
vt 0.235000 3.403301 0.000000
vt 0.500000 -0.470000 0.000000
vt 0.500000 -0.050000 0.000000
vt 0.000000 -0.050000 0.000000
vt 0.000000 -0.470000 0.000000
vt -0.500000 0.078540 0.000000
vt -0.500000 0.054160 0.000000
vt -0.500000 0.029780 0.000000
vt -0.500000 0.005400 0.000000
vt -0.398046 0.003590 0.000000
vt -0.296092 0.001791 0.000000
vt -0.194137 0.000000 0.000000
vt 0.000000 0.000000 0.000000
vt 0.000000 0.026180 0.000000
vt 0.000000 0.052360 0.000000
vt 0.000000 0.078540 0.000000
vt 0.000000 0.000000 0.000000
vt 0.194137 0.000000 0.000000
vt 0.296092 0.001791 0.000000
vt 0.398046 0.003590 0.000000
vt 0.500000 0.005400 0.000000
vt 0.500000 0.029780 0.000000
vt 0.500000 0.054160 0.000000
vt 0.500000 0.078540 0.000000
vt 0.000000 0.078540 0.000000
vt 0.000000 0.052360 0.000000
vt 0.000000 0.026180 0.000000
vt 0.095667 0.000000 0.000000
vt 0.096497 0.024644 0.000000
vt 0.097129 0.049289 0.000000
vt 0.097413 0.073933 0.000000
vt -0.098589 0.073943 0.000000
vt -0.098589 0.049295 0.000000
vt -0.098589 0.024648 0.000000
vt -0.098589 0.000000 0.000000
vt 0.304194 0.000000 0.000000
vt 0.304529 0.025243 0.000000
vt 0.305153 0.049180 0.000000
vt 0.305940 0.074442 0.000000
vt 0.203959 0.074442 0.000000
vt 0.101979 0.074442 0.000000
vt 0.000000 0.074442 0.000000
vt 0.000000 0.049118 0.000000
vt 0.000000 0.025324 0.000000
vt 0.000000 0.000000 0.000000
vt 0.101398 0.000000 0.000000
vt 0.202796 0.000000 0.000000
vt 0.154740 0.037221 0.000000
vt 0.154740 0.018610 0.000000
vt 0.154740 0.055831 0.000000
vt -0.097413 0.073933 0.000000
vt -0.097129 0.049289 0.000000
vt -0.096497 0.024644 0.000000
vt -0.095667 0.000000 0.000000
vt 0.098589 0.000000 0.000000
vt 0.098589 0.024648 0.000000
vt 0.098589 0.049295 0.000000
vt 0.098589 0.073943 0.000000
vt 0.305940 0.000000 0.000000
vt 0.305153 0.025262 0.000000
vt 0.304529 0.049198 0.000000
vt 0.304194 0.074442 0.000000
vt 0.202796 0.074441 0.000000
vt 0.101398 0.074442 0.000000
vt 0.000000 0.074442 0.000000
vt 0.000000 0.049118 0.000000
vt 0.000000 0.025324 0.000000
vt 0.000000 0.000000 0.000000
vt 0.101979 0.000000 0.000000
vt 0.203959 0.000000 0.000000
vt 0.154740 0.055831 0.000000
vt 0.154740 0.037221 0.000000
vt 0.154740 0.018610 0.000000
vt 0.600000 -0.408407 0.000000
vt 0.600000 -0.334151 0.000000
vt 0.600000 -0.259895 0.000000
vt 0.600000 -0.185640 0.000000
vt 0.600000 -0.111384 0.000000
vt 0.600000 -0.037128 0.000000
vt 0.600000 0.037128 0.000000
vt 0.600000 0.111384 0.000000
vt 0.600000 0.185640 0.000000
vt 0.600000 0.259895 0.000000
vt 0.600000 0.334151 0.000000
vt 0.000000 0.408407 0.000000
vt 0.000000 0.334151 0.000000
vt 0.000000 0.259895 0.000000
vt 0.000000 0.185640 0.000000
vt 0.000000 0.111384 0.000000
vt 0.000000 0.037128 0.000000
vt 0.000000 -0.037128 0.000000
vt 0.000000 -0.111384 0.000000
vt 0.000000 -0.185640 0.000000
vt 0.000000 -0.259895 0.000000
vt 0.000000 -0.334151 0.000000
vt 0.000000 -0.408407 0.000000
vt 0.600000 0.408407 0.000000
vt -0.192732 0.028062 0.000000
vt -0.185821 -0.058340 0.000000
vt -0.142106 -0.133188 0.000000
vt -0.070245 -0.181655 0.000000
vt 0.015529 -0.194144 0.000000
vt 0.098227 -0.168180 0.000000
vt 0.161470 -0.108906 0.000000
vt 0.192732 -0.028062 0.000000
vt 0.185821 0.058340 0.000000
vt 0.142106 0.133188 0.000000
vt 0.070245 0.181655 0.000000
vt -0.015529 0.194144 0.000000
vt -0.098227 0.168180 0.000000
vt -0.161470 0.108906 0.000000
vt 0.130000 0.000000 0.000000
vt 0.109363 -0.070283 0.000000
vt 0.054004 -0.118252 0.000000
vt -0.018501 -0.128677 0.000000
vt -0.085132 -0.098247 0.000000
vt -0.124734 -0.036625 0.000000
vt -0.124734 0.036625 0.000000
vt -0.085132 0.098247 0.000000
vt -0.018501 0.128677 0.000000
vt 0.054004 0.118252 0.000000
vt 0.109363 0.070283 0.000000
vt 0.600000 -0.408407 0.000000
vt 0.600000 -0.334151 0.000000
vt 0.600000 -0.259895 0.000000
vt 0.600000 -0.185640 0.000000
vt 0.600000 -0.111384 0.000000
vt 0.600000 -0.037128 0.000000
vt 0.600000 0.037128 0.000000
vt 0.600000 0.111384 0.000000
vt 0.600000 0.185640 0.000000
vt 0.600000 0.259895 0.000000
vt 0.600000 0.334151 0.000000
vt 0.000000 0.408407 0.000000
vt 0.000000 0.334151 0.000000
vt 0.000000 0.259895 0.000000
vt 0.000000 0.185640 0.000000
vt 0.000000 0.111384 0.000000
vt 0.000000 0.037128 0.000000
vt 0.000000 -0.037128 0.000000
vt 0.000000 -0.111384 0.000000
vt 0.000000 -0.185640 0.000000
vt 0.000000 -0.259895 0.000000
vt 0.000000 -0.334151 0.000000
vt 0.000000 -0.408407 0.000000
vt 0.600000 0.408407 0.000000
vt -0.192732 0.028062 0.000000
vt -0.185821 -0.058340 0.000000
vt -0.142106 -0.133188 0.000000
vt -0.070245 -0.181655 0.000000
vt 0.015529 -0.194144 0.000000
vt 0.098227 -0.168180 0.000000
vt 0.161470 -0.108906 0.000000
vt 0.192732 -0.028062 0.000000
vt 0.185821 0.058340 0.000000
vt 0.142106 0.133188 0.000000
vt 0.070245 0.181655 0.000000
vt -0.015529 0.194144 0.000000
vt -0.098227 0.168180 0.000000
vt -0.161470 0.108906 0.000000
vt 0.130000 0.000000 0.000000
vt 0.109363 -0.070283 0.000000
vt 0.054004 -0.118252 0.000000
vt -0.018501 -0.128677 0.000000
vt -0.085132 -0.098247 0.000000
vt -0.124734 -0.036625 0.000000
vt -0.124734 0.036625 0.000000
vt -0.085132 0.098247 0.000000
vt -0.018501 0.128677 0.000000
vt 0.054004 0.118252 0.000000
vt 0.109363 0.070283 0.000000
vt 0.600000 -0.408407 0.000000
vt 0.600000 -0.334151 0.000000
vt 0.600000 -0.259895 0.000000
vt 0.600000 -0.185640 0.000000
vt 0.600000 -0.111384 0.000000
vt 0.600000 -0.037128 0.000000
vt 0.600000 0.037128 0.000000
vt 0.600000 0.111384 0.000000
vt 0.600000 0.185640 0.000000
vt 0.600000 0.259895 0.000000
vt 0.600000 0.334151 0.000000
vt 0.000000 0.408407 0.000000
vt 0.000000 0.334151 0.000000
vt 0.000000 0.259895 0.000000
vt 0.000000 0.185640 0.000000
vt 0.000000 0.111384 0.000000
vt 0.000000 0.037128 0.000000
vt 0.000000 -0.037128 0.000000
vt 0.000000 -0.111384 0.000000
vt 0.000000 -0.185640 0.000000
vt 0.000000 -0.259895 0.000000
vt 0.000000 -0.334151 0.000000
vt 0.000000 -0.408407 0.000000
vt 0.600000 0.408407 0.000000
vt -0.192732 0.028062 0.000000
vt -0.185821 -0.058340 0.000000
vt -0.142106 -0.133188 0.000000
vt -0.070245 -0.181655 0.000000
vt 0.015529 -0.194144 0.000000
vt 0.098227 -0.168180 0.000000
vt 0.161470 -0.108906 0.000000
vt 0.192732 -0.028062 0.000000
vt 0.185821 0.058340 0.000000
vt 0.142106 0.133188 0.000000
vt 0.070245 0.181655 0.000000
vt -0.015529 0.194144 0.000000
vt -0.098227 0.168180 0.000000
vt -0.161470 0.108906 0.000000
vt 0.130000 0.000000 0.000000
vt 0.109363 -0.070283 0.000000
vt 0.054004 -0.118252 0.000000
vt -0.018501 -0.128677 0.000000
vt -0.085132 -0.098247 0.000000
vt -0.124734 -0.036625 0.000000
vt -0.124734 0.036625 0.000000
vt -0.085132 0.098247 0.000000
vt -0.018501 0.128677 0.000000
vt 0.054004 0.118252 0.000000
vt 0.109363 0.070283 0.000000
vt -0.457486 -3.278753 0.000000
vt -0.454512 -3.276978 0.000000
vt -0.451668 -3.275001 0.000000
vt -0.448968 -3.272832 0.000000
vt -0.448968 -3.200000 0.000000
vt -0.430782 -3.073511 0.000000
vt -0.377696 -2.957269 0.000000
vt -0.294012 -2.860693 0.000000
vt -0.186508 -2.791604 0.000000
vt -0.063895 -2.755602 0.000000
vt 0.063895 -2.755602 0.000000
vt 0.186508 -2.791604 0.000000
vt 0.294012 -2.860693 0.000000
vt 0.377696 -2.957269 0.000000
vt 0.430782 -3.073511 0.000000
vt 0.448968 -3.200000 0.000000
vt 0.448968 -3.279930 0.000000
vt 0.601060 -3.255494 0.000000
vt 0.751850 -3.224009 0.000000
vt 0.901012 -3.185544 0.000000
vt 0.919859 -3.173812 0.000000
vt 0.929536 -3.153842 0.000000
vt 0.927065 -3.131780 0.000000
vt 0.832098 -2.902510 0.000000
vt 0.806392 -2.786556 0.000000
vt 0.821894 -2.668802 0.000000
vt 0.876736 -2.563452 0.000000
vt 0.964302 -2.483212 0.000000
vt 1.074031 -2.437761 0.000000
vt 1.192688 -2.432580 0.000000
vt 1.305961 -2.468295 0.000000
vt 1.400187 -2.540598 0.000000
vt 1.464002 -2.640767 0.000000
vt 1.558969 -2.870036 0.000000
vt 1.572822 -2.887384 0.000000
vt 1.593786 -2.894663 0.000000
vt 1.615408 -2.889632 0.000000
vt 1.907015 -2.706069 0.000000
vt 2.177961 -2.493191 0.000000
vt 2.425313 -2.253302 0.000000
vt 2.646391 -1.989003 0.000000
vt 2.838799 -1.703155 0.000000
vt 2.851579 -1.653955 0.000000
vt 2.835651 -1.605704 0.000000
vt 2.796090 -1.573783 0.000000
vt 2.208955 -1.330583 0.000000
vt 2.106525 -1.267815 0.000000
vt 2.028506 -1.176466 0.000000
vt 1.982534 -1.065478 0.000000
vt 1.973108 -0.945717 0.000000
vt 2.001153 -0.828904 0.000000
vt 2.063921 -0.726475 0.000000
vt 2.155270 -0.648456 0.000000
vt 2.266257 -0.602484 0.000000
vt 2.386019 -0.593058 0.000000
vt 2.502831 -0.621102 0.000000
vt 3.089967 -0.864302 0.000000
vt 3.140512 -0.869704 0.000000
vt 3.185894 -0.846848 0.000000
vt 3.211646 -0.803021 0.000000
vt 3.277718 -0.464844 0.000000
vt 3.308281 -0.121630 0.000000
vt 3.303003 0.222901 0.000000
vt 3.261943 0.565017 0.000000
vt 3.185544 0.901012 0.000000
vt 3.173812 0.919859 0.000000
vt 3.153842 0.929536 0.000000
vt 3.131780 0.927065 0.000000
vt 2.902510 0.832098 0.000000
vt 2.786556 0.806392 0.000000
vt 2.668802 0.821894 0.000000
vt 2.563452 0.876736 0.000000
vt 2.483212 0.964302 0.000000
vt 2.437761 1.074031 0.000000
vt 2.432580 1.192688 0.000000
vt 2.468295 1.305961 0.000000
vt 2.540598 1.400187 0.000000
vt 2.640767 1.464002 0.000000
vt 2.870036 1.558969 0.000000
vt 2.887384 1.572822 0.000000
vt 2.894663 1.593786 0.000000
vt 2.889632 1.615408 0.000000
vt 2.706069 1.907015 0.000000
vt 2.493191 2.177961 0.000000
vt 2.253302 2.425313 0.000000
vt 1.989003 2.646391 0.000000
vt 1.703155 2.838799 0.000000
vt 1.653955 2.851579 0.000000
vt 1.605704 2.835651 0.000000
vt 1.573783 2.796090 0.000000
vt 1.330583 2.208955 0.000000
vt 1.267815 2.106525 0.000000
vt 1.176466 2.028506 0.000000
vt 1.065478 1.982534 0.000000
vt 0.945717 1.973108 0.000000
vt 0.828904 2.001153 0.000000
vt 0.726475 2.063921 0.000000
vt 0.648456 2.155270 0.000000
vt 0.602484 2.266257 0.000000
vt 0.593058 2.386019 0.000000
vt 0.621102 2.502831 0.000000
vt 0.864302 3.089967 0.000000
vt 0.869704 3.140512 0.000000
vt 0.846848 3.185894 0.000000
vt 0.803021 3.211646 0.000000
vt 0.635418 3.248963 0.000000
vt 0.466106 3.277539 0.000000
vt 0.295539 3.297298 0.000000
vt 0.272467 3.305367 0.000000
vt 0.255974 3.323415 0.000000
vt 0.250000 3.347129 0.000000
vt 0.250000 3.350000 0.000000
vt 0.243301 3.375000 0.000000
vt 0.225000 3.393301 0.000000
vt 0.200000 3.400000 0.000000
vt -0.200000 3.400000 0.000000
vt -0.225000 3.393301 0.000000
vt -0.243301 3.375000 0.000000
vt -0.250000 3.350000 0.000000
vt -0.250000 3.347129 0.000000
vt -0.255974 3.323415 0.000000
vt -0.272467 3.305367 0.000000
vt -0.295539 3.297298 0.000000
vt -0.499548 3.272609 0.000000
vt -0.701632 3.235310 0.000000
vt -0.901012 3.185544 0.000000
vt -0.919859 3.173812 0.000000
vt -0.929536 3.153842 0.000000
vt -0.927065 3.131780 0.000000
vt -0.832098 2.902510 0.000000
vt -0.806392 2.786556 0.000000
vt -0.821894 2.668802 0.000000
vt -0.876736 2.563452 0.000000
vt -0.964302 2.483212 0.000000
vt -1.074031 2.437761 0.000000
vt -1.192688 2.432580 0.000000
vt -1.305961 2.468295 0.000000
vt -1.400187 2.540598 0.000000
vt -1.464002 2.640767 0.000000
vt -1.558969 2.870036 0.000000
vt -1.572822 2.887384 0.000000
vt -1.593786 2.894663 0.000000
vt -1.615408 2.889632 0.000000
vt -1.907015 2.706069 0.000000
vt -2.177961 2.493191 0.000000
vt -2.425313 2.253302 0.000000
vt -2.646391 1.989003 0.000000
vt -2.838799 1.703155 0.000000
vt -2.851579 1.653955 0.000000
vt -2.835651 1.605704 0.000000
vt -2.796090 1.573783 0.000000
vt -2.208955 1.330583 0.000000
vt -2.106525 1.267815 0.000000
vt -2.028506 1.176466 0.000000
vt -1.982534 1.065478 0.000000
vt -1.973108 0.945717 0.000000
vt -2.001153 0.828904 0.000000
vt -2.063921 0.726475 0.000000
vt -2.155270 0.648456 0.000000
vt -2.266257 0.602484 0.000000
vt -2.386019 0.593058 0.000000
vt -2.502831 0.621102 0.000000
vt -3.089967 0.864302 0.000000
vt -3.140512 0.869704 0.000000
vt -3.185894 0.846848 0.000000
vt -3.211646 0.803021 0.000000
vt -3.277718 0.464844 0.000000
vt -3.308281 0.121630 0.000000
vt -3.303003 -0.222901 0.000000
vt -3.261943 -0.565017 0.000000
vt -3.185544 -0.901012 0.000000
vt -3.173812 -0.919859 0.000000
vt -3.153842 -0.929536 0.000000
vt -3.131780 -0.927065 0.000000
vt -2.902510 -0.832098 0.000000
vt -2.786556 -0.806392 0.000000
vt -2.668802 -0.821894 0.000000
vt -2.563452 -0.876736 0.000000
vt -2.483212 -0.964302 0.000000
vt -2.437761 -1.074031 0.000000
vt -2.432580 -1.192688 0.000000
vt -2.468295 -1.305961 0.000000
vt -2.540598 -1.400187 0.000000
vt -2.640767 -1.464002 0.000000
vt -2.870036 -1.558969 0.000000
vt -2.887384 -1.572822 0.000000
vt -2.894663 -1.593786 0.000000
vt -2.889632 -1.615408 0.000000
vt -2.706069 -1.907015 0.000000
vt -2.493191 -2.177961 0.000000
vt -2.253302 -2.425313 0.000000
vt -1.989003 -2.646391 0.000000
vt -1.703155 -2.838799 0.000000
vt -1.653955 -2.851579 0.000000
vt -1.605704 -2.835651 0.000000
vt -1.573783 -2.796090 0.000000
vt -1.330583 -2.208955 0.000000
vt -1.267815 -2.106525 0.000000
vt -1.176466 -2.028506 0.000000
vt -1.065478 -1.982534 0.000000
vt -0.945717 -1.973108 0.000000
vt -0.828904 -2.001153 0.000000
vt -0.726475 -2.063921 0.000000
vt -0.648456 -2.155270 0.000000
vt -0.602484 -2.266257 0.000000
vt -0.593058 -2.386019 0.000000
vt -0.621102 -2.502831 0.000000
vt -0.864302 -3.089967 0.000000
vt -0.869704 -3.140512 0.000000
vt -0.846848 -3.185894 0.000000
vt -0.803021 -3.211646 0.000000
vt -0.688660 -3.238096 0.000000
vt -0.573433 -3.260474 0.000000
vt -0.400244 -0.072832 0.000000
vt -0.210128 -0.080519 0.000000
vt -0.210128 -0.087527 0.000000
vt -0.200122 -0.087926 0.000000
vt -0.200122 0.000000 0.000000
vt -0.400244 0.000000 0.000000
vt 0.141421 -0.628319 0.000000
vt 0.141421 -0.538559 0.000000
vt 0.141421 -0.448799 0.000000
vt 0.141421 -0.359039 0.000000
vt 0.141421 -0.269279 0.000000
vt 0.141421 -0.179520 0.000000
vt 0.141421 -0.089760 0.000000
vt 0.141421 0.000000 0.000000
vt 0.141421 0.089760 0.000000
vt 0.141421 0.179520 0.000000
vt 0.141421 0.269279 0.000000
vt 0.141421 0.359039 0.000000
vt 0.141421 0.448799 0.000000
vt 0.141421 0.538559 0.000000
vt 0.113137 0.624729 0.000000
vt 0.113137 0.534969 0.000000
vt 0.113137 0.445209 0.000000
vt 0.113137 0.355449 0.000000
vt 0.113137 0.265690 0.000000
vt 0.113137 0.175930 0.000000
vt 0.113137 0.086170 0.000000
vt 0.113137 -0.003590 0.000000
vt 0.113137 -0.093350 0.000000
vt 0.113137 -0.183109 0.000000
vt 0.113137 -0.272869 0.000000
vt 0.113137 -0.362629 0.000000
vt 0.113137 -0.452389 0.000000
vt 0.113137 0.714489 0.000000
vt 0.113137 -0.542149 0.000000
vt 0.141421 0.628319 0.000000
vt 0.141421 0.628319 0.000000
vt 0.113137 -0.542149 0.000000
vt 0.418454 -0.237492 0.000000
vt 0.339604 0.003461 0.000000
vt 0.242583 0.237689 0.000000
vt 0.127959 0.463824 0.000000
vt 0.132940 0.442221 0.000000
vt 0.125647 0.421295 0.000000
vt 0.108318 0.407468 0.000000
vt -0.128199 0.309500 0.000000
vt -0.226323 0.246988 0.000000
vt -0.297149 0.154686 0.000000
vt -0.332134 0.043726 0.000000
vt -0.327059 -0.072507 0.000000
vt -0.282536 -0.179995 0.000000
vt -0.203935 -0.265773 0.000000
vt -0.100736 -0.319495 0.000000
vt 0.014612 -0.334681 0.000000
vt 0.128199 -0.309500 0.000000
vt 0.364715 -0.211531 0.000000
vt 0.386746 -0.209055 0.000000
vt 0.406701 -0.218694 0.000000
vt 0.000000 -0.180000 0.000000
vt -0.083650 -0.159382 0.000000
vt -0.148137 -0.102252 0.000000
vt -0.178688 -0.021697 0.000000
vt -0.168303 0.063829 0.000000
vt -0.119362 0.134732 0.000000
vt -0.043077 0.174770 0.000000
vt 0.043077 0.174770 0.000000
vt 0.119362 0.134732 0.000000
vt 0.168303 0.063829 0.000000
vt 0.178688 -0.021697 0.000000
vt 0.148137 -0.102252 0.000000
vt 0.083650 -0.159382 0.000000
vt 0.141421 -0.628319 0.000000
vt 0.141421 -0.538559 0.000000
vt 0.141421 -0.448799 0.000000
vt 0.141421 -0.359039 0.000000
vt 0.141421 -0.269279 0.000000
vt 0.141421 -0.179520 0.000000
vt 0.141421 -0.089760 0.000000
vt 0.141421 0.000000 0.000000
vt 0.141421 0.089760 0.000000
vt 0.141421 0.179520 0.000000
vt 0.141421 0.269279 0.000000
vt 0.141421 0.359039 0.000000
vt 0.141421 0.448799 0.000000
vt 0.141421 0.538559 0.000000
vt 0.113137 0.624729 0.000000
vt 0.113137 0.534969 0.000000
vt 0.113137 0.445209 0.000000
vt 0.113137 0.355449 0.000000
vt 0.113137 0.265690 0.000000
vt 0.113137 0.175930 0.000000
vt 0.113137 0.086170 0.000000
vt 0.113137 -0.003590 0.000000
vt 0.113137 -0.093350 0.000000
vt 0.113137 -0.183109 0.000000
vt 0.113137 -0.272869 0.000000
vt 0.113137 -0.362629 0.000000
vt 0.113137 -0.452389 0.000000
vt 0.113137 0.714489 0.000000
vt 0.113137 -0.542149 0.000000
vt 0.141421 0.628319 0.000000
vt 0.141421 0.628319 0.000000
vt 0.113137 -0.542149 0.000000
vt -0.418454 0.237492 0.000000
vt -0.339604 -0.003461 0.000000
vt -0.242583 -0.237689 0.000000
vt -0.127959 -0.463824 0.000000
vt -0.132940 -0.442221 0.000000
vt -0.125647 -0.421295 0.000000
vt -0.108318 -0.407468 0.000000
vt 0.128199 -0.309500 0.000000
vt 0.226323 -0.246988 0.000000
vt 0.297149 -0.154686 0.000000
vt 0.332134 -0.043726 0.000000
vt 0.327059 0.072507 0.000000
vt 0.282536 0.179995 0.000000
vt 0.203935 0.265773 0.000000
vt 0.100736 0.319495 0.000000
vt -0.014612 0.334681 0.000000
vt -0.128199 0.309500 0.000000
vt -0.364715 0.211531 0.000000
vt -0.386746 0.209055 0.000000
vt -0.406701 0.218694 0.000000
vt 0.000000 0.180000 0.000000
vt 0.083650 0.159382 0.000000
vt 0.148137 0.102252 0.000000
vt 0.178688 0.021697 0.000000
vt 0.168303 -0.063829 0.000000
vt 0.119362 -0.134732 0.000000
vt 0.043077 -0.174770 0.000000
vt -0.043077 -0.174770 0.000000
vt -0.119362 -0.134732 0.000000
vt -0.168303 -0.063829 0.000000
vt -0.178688 0.021697 0.000000
vt -0.148137 0.102252 0.000000
vt -0.083650 0.159382 0.000000
vt 0.141421 -0.628319 0.000000
vt 0.141421 -0.538559 0.000000
vt 0.141421 -0.448799 0.000000
vt 0.141421 -0.359039 0.000000
vt 0.141421 -0.269279 0.000000
vt 0.141421 -0.179520 0.000000
vt 0.141421 -0.089760 0.000000
vt 0.141421 0.000000 0.000000
vt 0.141421 0.089760 0.000000
vt 0.141421 0.179520 0.000000
vt 0.141421 0.269279 0.000000
vt 0.141421 0.359039 0.000000
vt 0.141421 0.448799 0.000000
vt 0.141421 0.538559 0.000000
vt 0.113137 0.624729 0.000000
vt 0.113137 0.534969 0.000000
vt 0.113137 0.445209 0.000000
vt 0.113137 0.355449 0.000000
vt 0.113137 0.265690 0.000000
vt 0.113137 0.175930 0.000000
vt 0.113137 0.086170 0.000000
vt 0.113137 -0.003590 0.000000
vt 0.113137 -0.093350 0.000000
vt 0.113137 -0.183109 0.000000
vt 0.113137 -0.272869 0.000000
vt 0.113137 -0.362629 0.000000
vt 0.113137 -0.452389 0.000000
vt 0.113137 0.714489 0.000000
vt 0.113137 -0.542149 0.000000
vt 0.141421 0.628319 0.000000
vt 0.141421 0.628319 0.000000
vt 0.113137 -0.542149 0.000000
vt 0.237492 0.418454 0.000000
vt -0.003461 0.339604 0.000000
vt -0.237689 0.242583 0.000000
vt -0.463824 0.127959 0.000000
vt -0.442221 0.132940 0.000000
vt -0.421295 0.125647 0.000000
vt -0.407468 0.108318 0.000000
vt -0.309500 -0.128199 0.000000
vt -0.246988 -0.226323 0.000000
vt -0.154686 -0.297149 0.000000
vt -0.043726 -0.332134 0.000000
vt 0.072507 -0.327059 0.000000
vt 0.179995 -0.282536 0.000000
vt 0.265773 -0.203935 0.000000
vt 0.319495 -0.100736 0.000000
vt 0.334681 0.014612 0.000000
vt 0.309500 0.128199 0.000000
vt 0.211531 0.364715 0.000000
vt 0.209055 0.386746 0.000000
vt 0.218694 0.406701 0.000000
vt 0.180000 0.000000 0.000000
vt 0.159382 -0.083650 0.000000
vt 0.102252 -0.148137 0.000000
vt 0.021697 -0.178688 0.000000
vt -0.063829 -0.168303 0.000000
vt -0.134732 -0.119362 0.000000
vt -0.174770 -0.043077 0.000000
vt -0.174770 0.043077 0.000000
vt -0.134732 0.119362 0.000000
vt -0.063829 0.168303 0.000000
vt 0.021697 0.178688 0.000000
vt 0.102252 0.148137 0.000000
vt 0.159382 0.083650 0.000000
vt -0.237492 -0.418454 0.000000
vt 0.003461 -0.339604 0.000000
vt 0.237689 -0.242583 0.000000
vt 0.463824 -0.127959 0.000000
vt 0.442221 -0.132940 0.000000
vt 0.421295 -0.125647 0.000000
vt 0.407468 -0.108318 0.000000
vt 0.309500 0.128199 0.000000
vt 0.246988 0.226323 0.000000
vt 0.154686 0.297149 0.000000
vt 0.043726 0.332134 0.000000
vt -0.072507 0.327059 0.000000
vt -0.179995 0.282536 0.000000
vt -0.265773 0.203935 0.000000
vt -0.319495 0.100736 0.000000
vt -0.334681 -0.014612 0.000000
vt -0.309500 -0.128199 0.000000
vt -0.211531 -0.364715 0.000000
vt -0.209055 -0.386746 0.000000
vt -0.218694 -0.406701 0.000000
vt -0.180000 0.000000 0.000000
vt -0.159382 0.083650 0.000000
vt -0.102252 0.148137 0.000000
vt -0.021697 0.178688 0.000000
vt 0.063829 0.168303 0.000000
vt 0.134732 0.119362 0.000000
vt 0.174770 0.043077 0.000000
vt 0.174770 -0.043077 0.000000
vt 0.134732 -0.119362 0.000000
vt 0.063829 -0.168303 0.000000
vt -0.021697 -0.178688 0.000000
vt -0.102252 -0.148137 0.000000
vt -0.159382 -0.083650 0.000000
vt -0.200122 -4.381684 0.000000
vt -0.200122 -4.559720 0.000000
vt -0.200122 -4.737755 0.000000
vt -0.200122 -4.915791 0.000000
vt 0.200122 -4.914560 0.000000
vt 0.200122 -4.742471 0.000000
vt 0.200122 -4.570383 0.000000
vt 0.200122 -4.398293 0.000000
vt 0.000000 0.132926 0.000000
vt 0.000000 0.014770 0.000000
vt 0.000000 -0.103387 0.000000
vt 0.000000 -0.221543 0.000000
vt 0.000000 -0.339699 0.000000
vt 0.000000 -0.457855 0.000000
vt 0.000000 -0.576011 0.000000
vt 0.000000 -0.694167 0.000000
vt 0.000000 -0.812323 0.000000
vt 0.000000 -0.930479 0.000000
vt 0.200122 -0.930479 0.000000
vt 0.200122 -0.812323 0.000000
vt 0.200122 -0.694167 0.000000
vt 0.200122 -0.576011 0.000000
vt 0.200122 -0.457855 0.000000
vt 0.200122 -0.339699 0.000000
vt 0.200122 -0.221543 0.000000
vt 0.200122 -0.103387 0.000000
vt 0.200122 0.014770 0.000000
vt 0.200122 0.132926 0.000000
vt 0.000000 0.132926 0.000000
vt 0.000000 0.014770 0.000000
vt 0.000000 -0.103387 0.000000
vt 0.000000 -0.221543 0.000000
vt 0.000000 -0.339699 0.000000
vt 0.000000 -0.457855 0.000000
vt 0.000000 -0.576011 0.000000
vt 0.000000 -0.694167 0.000000
vt 0.000000 -0.812323 0.000000
vt 0.000000 -0.930479 0.000000
vt 0.200122 -0.930479 0.000000
vt 0.200122 -0.812323 0.000000
vt 0.200122 -0.694167 0.000000
vt 0.200122 -0.576011 0.000000
vt 0.200122 -0.457855 0.000000
vt 0.200122 -0.339699 0.000000
vt 0.200122 -0.221543 0.000000
vt 0.200122 -0.103387 0.000000
vt 0.200122 0.014770 0.000000
vt 0.200122 0.132926 0.000000
vt 0.000000 0.132926 0.000000
vt 0.000000 0.014770 0.000000
vt 0.000000 -0.103387 0.000000
vt 0.000000 -0.221543 0.000000
vt 0.000000 -0.339699 0.000000
vt 0.000000 -0.457855 0.000000
vt 0.000000 -0.576011 0.000000
vt 0.000000 -0.694167 0.000000
vt 0.000000 -0.812323 0.000000
vt 0.000000 -0.930479 0.000000
vt 0.200122 -0.930479 0.000000
vt 0.200122 -0.812323 0.000000
vt 0.200122 -0.694167 0.000000
vt 0.200122 -0.576011 0.000000
vt 0.200122 -0.457855 0.000000
vt 0.200122 -0.339699 0.000000
vt 0.200122 -0.221543 0.000000
vt 0.200122 -0.103387 0.000000
vt 0.200122 0.014770 0.000000
vt 0.200122 0.132926 0.000000
vt 0.000000 0.132926 0.000000
vt 0.000000 0.014770 0.000000
vt 0.000000 -0.103387 0.000000
vt 0.000000 -0.221543 0.000000
vt 0.000000 -0.339699 0.000000
vt 0.000000 -0.457855 0.000000
vt 0.000000 -0.576011 0.000000
vt 0.000000 -0.694167 0.000000
vt 0.000000 -0.812323 0.000000
vt 0.000000 -0.930479 0.000000
vt 0.200122 -0.930479 0.000000
vt 0.200122 -0.812323 0.000000
vt 0.200122 -0.694167 0.000000
vt 0.200122 -0.576011 0.000000
vt 0.200122 -0.457855 0.000000
vt 0.200122 -0.339699 0.000000
vt 0.200122 -0.221543 0.000000
vt 0.200122 -0.103387 0.000000
vt 0.200122 0.014770 0.000000
vt 0.200122 0.132926 0.000000
vt 0.141421 -0.628319 0.000000
vt 0.141421 -0.538559 0.000000
vt 0.141421 -0.448799 0.000000
vt 0.141421 -0.359039 0.000000
vt 0.141421 -0.269279 0.000000
vt 0.141421 -0.179520 0.000000
vt 0.141421 -0.089760 0.000000
vt 0.141421 0.000000 0.000000
vt 0.141421 0.089760 0.000000
vt 0.141421 0.179520 0.000000
vt 0.141421 0.269279 0.000000
vt 0.141421 0.359039 0.000000
vt 0.141421 0.448799 0.000000
vt 0.141421 0.538559 0.000000
vt 0.113137 0.628319 0.000000
vt 0.113137 0.538559 0.000000
vt 0.113137 0.448799 0.000000
vt 0.113137 0.359039 0.000000
vt 0.113137 0.269279 0.000000
vt 0.113137 0.179520 0.000000
vt 0.113137 0.089760 0.000000
vt 0.113137 0.000000 0.000000
vt 0.113137 -0.089760 0.000000
vt 0.113137 -0.179520 0.000000
vt 0.113137 -0.269279 0.000000
vt 0.113137 -0.359039 0.000000
vt 0.113137 -0.448799 0.000000
vt 0.113137 -0.538559 0.000000
vt 0.113137 -0.628319 0.000000
vt 0.141421 0.628319 0.000000
vt 0.000000 1.036289 0.000000
vt 0.000000 0.917856 0.000000
vt 0.000000 0.799423 0.000000
vt 0.000000 0.680990 0.000000
vt 0.000000 0.562557 0.000000
vt 0.000000 0.444124 0.000000
vt 0.000000 0.325691 0.000000
vt 0.000000 0.207258 0.000000
vt 0.000000 0.088825 0.000000
vt 0.000000 -0.029608 0.000000
vt 0.000000 -0.148041 0.000000
vt 0.400244 -0.148041 0.000000
vt 0.400244 -0.029608 0.000000
vt 0.400244 0.088825 0.000000
vt 0.400244 0.207258 0.000000
vt 0.400244 0.325691 0.000000
vt 0.400244 0.444124 0.000000
vt 0.400244 0.562557 0.000000
vt 0.400244 0.680990 0.000000
vt 0.400244 0.799423 0.000000
vt 0.400244 0.917856 0.000000
vt 0.400244 1.036289 0.000000
vt 0.000000 1.036289 0.000000
vt 0.000000 0.917856 0.000000
vt 0.000000 0.799423 0.000000
vt 0.000000 0.680990 0.000000
vt 0.000000 0.562557 0.000000
vt 0.000000 0.444124 0.000000
vt 0.000000 0.325691 0.000000
vt 0.000000 0.207258 0.000000
vt 0.000000 0.088825 0.000000
vt 0.000000 -0.029608 0.000000
vt 0.000000 -0.148041 0.000000
vt 0.400244 -0.148041 0.000000
vt 0.400244 -0.029608 0.000000
vt 0.400244 0.088825 0.000000
vt 0.400244 0.207258 0.000000
vt 0.400244 0.325691 0.000000
vt 0.400244 0.444124 0.000000
vt 0.400244 0.562557 0.000000
vt 0.400244 0.680990 0.000000
vt 0.400244 0.799423 0.000000
vt 0.400244 0.917856 0.000000
vt 0.400244 1.036289 0.000000
vt 0.000000 1.036289 0.000000
vt 0.000000 0.917856 0.000000
vt 0.000000 0.799423 0.000000
vt 0.000000 0.680990 0.000000
vt 0.000000 0.562557 0.000000
vt 0.000000 0.444124 0.000000
vt 0.000000 0.325691 0.000000
vt 0.000000 0.207258 0.000000
vt 0.000000 0.088825 0.000000
vt 0.000000 -0.029608 0.000000
vt 0.000000 -0.148041 0.000000
vt 0.400244 -0.148041 0.000000
vt 0.400244 -0.029608 0.000000
vt 0.400244 0.088825 0.000000
vt 0.400244 0.207258 0.000000
vt 0.400244 0.325691 0.000000
vt 0.400244 0.444124 0.000000
vt 0.400244 0.562557 0.000000
vt 0.400244 0.680990 0.000000
vt 0.400244 0.799423 0.000000
vt 0.400244 0.917856 0.000000
vt 0.400244 1.036289 0.000000
vt 0.000000 1.036289 0.000000
vt 0.000000 0.917856 0.000000
vt 0.000000 0.799423 0.000000
vt 0.000000 0.680990 0.000000
vt 0.000000 0.562557 0.000000
vt 0.000000 0.444124 0.000000
vt 0.000000 0.325691 0.000000
vt 0.000000 0.207258 0.000000
vt 0.000000 0.088825 0.000000
vt 0.000000 -0.029608 0.000000
vt 0.000000 -0.148041 0.000000
vt 0.400244 -0.148041 0.000000
vt 0.400244 -0.029608 0.000000
vt 0.400244 0.088825 0.000000
vt 0.400244 0.207258 0.000000
vt 0.400244 0.325691 0.000000
vt 0.400244 0.444124 0.000000
vt 0.400244 0.562557 0.000000
vt 0.400244 0.680990 0.000000
vt 0.400244 0.799423 0.000000
vt 0.400244 0.917856 0.000000
vt 0.400244 1.036289 0.000000
vt 0.200122 -0.914449 0.000000
vt 0.200122 -0.568994 0.000000
vt 0.200122 -0.223540 0.000000
vt 0.200122 0.121914 0.000000
vt 0.200122 0.467369 0.000000
vt 0.200122 0.812823 0.000000
vt -0.200122 0.829433 0.000000
vt -0.200122 0.474064 0.000000
vt -0.200122 0.118695 0.000000
vt -0.200122 -0.236673 0.000000
vt -0.200122 -0.592042 0.000000
vt -0.200122 -0.947411 0.000000
vt -0.200122 -1.302779 0.000000
vt -0.200122 -1.658148 0.000000
vt -0.200122 -2.013516 0.000000
vt -0.200122 -2.368885 0.000000
vt -0.200122 -2.724254 0.000000
vt -0.200122 -3.079623 0.000000
vt -0.200122 -3.434991 0.000000
vt 0.200122 -3.418381 0.000000
vt 0.200122 -3.072927 0.000000
vt 0.200122 -2.727473 0.000000
vt 0.200122 -2.382019 0.000000
vt 0.200122 -2.036564 0.000000
vt 0.200122 -1.691110 0.000000
vt -0.000000 -1.683161 0.000000
vt -0.000000 -1.429573 0.000000
vt -0.000000 -1.175985 0.000000
vt -0.000000 -0.922397 0.000000
vt -0.000000 4.955865 0.000000
vt -0.200122 4.956402 0.000000
vt -0.200122 4.603038 0.000000
vt -0.200122 4.249674 0.000000
vt -0.200122 3.896310 0.000000
vt -0.200122 3.542946 0.000000
vt -0.200122 3.189582 0.000000
vt -0.200122 2.836218 0.000000
vt -0.200122 2.482854 0.000000
vt -0.200122 2.129490 0.000000
vt -0.200122 1.776126 0.000000
vt 0.200122 1.792735 0.000000
vt 0.200122 2.138190 0.000000
vt 0.200122 2.483644 0.000000
vt 0.200122 2.829098 0.000000
vt 0.200122 3.174553 0.000000
vt 0.200122 3.520008 0.000000
vt -0.000000 3.527956 0.000000
vt -0.000000 3.781543 0.000000
vt -0.000000 4.035131 0.000000
vt -0.000000 4.288720 0.000000
vt 0.200122 4.296668 0.000000
vt 0.200122 4.451049 0.000000
vt 0.200122 4.605430 0.000000
vt 0.200122 4.759811 0.000000
vt -0.000000 4.767815 0.000000
vt -0.000000 4.830498 0.000000
vt -0.000000 4.893182 0.000000
vt 0.200122 0.000000 0.000000
vt 0.200122 -0.127228 0.000000
vt 0.200122 -0.254455 0.000000
vt 0.200122 -0.381683 0.000000
vt 0.200122 -0.508911 0.000000
vt 0.200122 -0.636139 0.000000
vt 0.200122 -0.763366 0.000000
vt 0.200122 -0.890594 0.000000
vt 0.200122 -1.017822 0.000000
vt 0.200122 -1.145049 0.000000
vt 0.200122 -1.272277 0.000000
vt 0.200122 -1.399505 0.000000
vt 0.400244 -1.399505 0.000000
vt 0.400244 -1.272277 0.000000
vt 0.400244 -1.145049 0.000000
vt 0.400244 -1.017822 0.000000
vt 0.400244 -0.890594 0.000000
vt 0.400244 -0.763366 0.000000
vt 0.400244 -0.636139 0.000000
vt 0.400244 -0.508911 0.000000
vt 0.400244 -0.381683 0.000000
vt 0.400244 -0.254455 0.000000
vt 0.400244 -0.127228 0.000000
vt 0.400244 0.000000 0.000000
vt -0.000000 -0.200122 0.000000
vt -0.087926 -0.200122 0.000000
vt -0.079930 -0.400244 0.000000
vt -0.000000 -0.400244 0.000000
vt 0.200122 -2.115602 0.000000
vt 0.200122 -1.770148 0.000000
vt 0.200122 -1.424694 0.000000
vt 0.200122 -1.079239 0.000000
vt 0.200122 -0.733785 0.000000
vt 0.200122 -0.388330 0.000000
vt -0.000000 -0.380382 0.000000
vt -0.000000 -0.126794 0.000000
vt -0.000000 0.126794 0.000000
vt -0.000000 0.380382 0.000000
vt 0.200122 0.388330 0.000000
vt 0.200122 0.733785 0.000000
vt 0.200122 1.079239 0.000000
vt 0.200122 1.424694 0.000000
vt 0.200122 1.770148 0.000000
vt 0.200122 2.115602 0.000000
vt -0.200122 2.132212 0.000000
vt -0.200122 1.776843 0.000000
vt -0.200122 1.421475 0.000000
vt -0.200122 1.066106 0.000000
vt -0.200122 0.710737 0.000000
vt -0.200122 0.355369 0.000000
vt -0.200122 0.000000 0.000000
vt -0.200122 -0.355369 0.000000
vt -0.200122 -0.710737 0.000000
vt -0.200122 -1.066106 0.000000
vt -0.200122 -1.421475 0.000000
vt -0.200122 -1.776843 0.000000
vt -0.200122 -2.132212 0.000000
vt 0.010006 5.663312 0.000000
vt 0.200122 5.671040 0.000000
vt 0.200122 5.788673 0.000000
vt 0.200122 5.906307 0.000000
vt 0.200122 6.023940 0.000000
vt -0.200122 6.040550 0.000000
vt -0.200122 5.848977 0.000000
vt -0.200122 5.657404 0.000000
vt -0.200122 5.465831 0.000000
vt -0.000000 5.466369 0.000000
vt -0.000000 5.529052 0.000000
vt -0.000000 5.591736 0.000000
vt -0.000000 5.654419 0.000000
vt 0.010006 5.654819 0.000000
vt 0.010006 5.657650 0.000000
vt 0.010006 5.660481 0.000000
vt 0.200122 -6.125566 0.000000
vt 0.200122 -5.919602 0.000000
vt 0.200122 -5.713638 0.000000
vt 0.200122 -5.507675 0.000000
vt -0.200122 -5.506444 0.000000
vt -0.200122 -5.855295 0.000000
vt -0.200122 -6.204147 0.000000
vt -0.200122 -6.552999 0.000000
vt -0.200122 -6.901850 0.000000
vt -0.200122 -7.250701 0.000000
vt -0.200122 -7.599553 0.000000
vt -0.200122 -7.948405 0.000000
vt -0.200122 -8.297256 0.000000
vt -0.200122 -8.646109 0.000000
vt 0.200122 -8.629499 0.000000
vt 0.200122 -8.284044 0.000000
vt 0.200122 -7.938590 0.000000
vt 0.200122 -7.593135 0.000000
vt 0.200122 -7.247681 0.000000
vt 0.200122 -6.902226 0.000000
vt -0.000000 -6.894278 0.000000
vt -0.000000 -6.640690 0.000000
vt -0.000000 -6.387102 0.000000
vt -0.000000 -6.133514 0.000000
vt 0.295558 3.311320 0.000000
vt 0.274051 3.318387 0.000000
vt 0.257863 3.334220 0.000000
vt 0.250312 3.355573 0.000000
vt 0.241945 3.378152 0.000000
vt 0.223994 3.394202 0.000000
vt 0.200623 3.400000 0.000000
vt -0.200623 3.400000 0.000000
vt -0.223994 3.394202 0.000000
vt -0.241945 3.378152 0.000000
vt -0.250312 3.355573 0.000000
vt -0.257863 3.334220 0.000000
vt -0.274051 3.318387 0.000000
vt -0.295558 3.311320 0.000000
vt -0.472751 3.290699 0.000000
vt -0.648582 3.260604 0.000000
vt -0.822547 3.221120 0.000000
vt -0.866142 3.195258 0.000000
vt -0.888819 3.149948 0.000000
vt -0.883391 3.099551 0.000000
vt -0.634007 2.497486 0.000000
vt -0.606983 2.384923 0.000000
vt -0.616066 2.269518 0.000000
vt -0.660366 2.162568 0.000000
vt -0.735547 2.074543 0.000000
vt -0.834250 2.014057 0.000000
vt -0.946813 1.987033 0.000000
vt -1.062218 1.996116 0.000000
vt -1.169167 2.040416 0.000000
vt -1.257193 2.115597 0.000000
vt -1.317678 2.214300 0.000000
vt -1.567062 2.816365 0.000000
vt -1.598860 2.855840 0.000000
vt -1.646934 2.871843 0.000000
vt -1.696047 2.859304 0.000000
vt -1.992028 2.661583 0.000000
vt -2.265172 2.433350 0.000000
vt -2.512349 2.177222 0.000000
vt -2.730726 1.896136 0.000000
vt -2.917799 1.593313 0.000000
vt -3.071423 1.272225 0.000000
vt -3.189838 0.936553 0.000000
vt -3.271685 0.590144 0.000000
vt -3.316028 0.236970 0.000000
vt -3.322356 -0.118920 0.000000
vt -3.290599 -0.473447 0.000000
vt -3.221120 -0.822547 0.000000
vt -3.195258 -0.866142 0.000000
vt -3.149948 -0.888819 0.000000
vt -3.099551 -0.883391 0.000000
vt -2.497486 -0.634007 0.000000
vt -2.384923 -0.606983 0.000000
vt -2.269518 -0.616066 0.000000
vt -2.162568 -0.660366 0.000000
vt -2.074543 -0.735547 0.000000
vt -2.014057 -0.834250 0.000000
vt -1.987033 -0.946813 0.000000
vt -1.996116 -1.062218 0.000000
vt -2.040416 -1.169167 0.000000
vt -2.115597 -1.257193 0.000000
vt -2.214300 -1.317678 0.000000
vt -2.816365 -1.567062 0.000000
vt -2.855840 -1.598860 0.000000
vt -2.871843 -1.646934 0.000000
vt -2.859304 -1.696047 0.000000
vt -2.662786 -1.990419 0.000000
vt -2.436085 -2.262229 0.000000
vt -2.181773 -2.508398 0.000000
vt -1.902731 -2.726135 0.000000
vt -1.602121 -2.912971 0.000000
vt -1.283352 -3.066790 0.000000
vt -0.950036 -3.185848 0.000000
vt -0.605952 -3.268794 0.000000
vt -0.255000 -3.314690 0.000000
vt -0.255000 -3.200000 0.000000
vt -0.235589 -3.102416 0.000000
vt -0.180312 -3.019688 0.000000
vt -0.097584 -2.964411 0.000000
vt -0.000000 -2.945000 0.000000
vt 0.097584 -2.964411 0.000000
vt 0.180312 -3.019688 0.000000
vt 0.235589 -3.102416 0.000000
vt 0.255000 -3.200000 0.000000
vt 0.255000 -3.314690 0.000000
vt 0.445879 -3.294448 0.000000
vt 0.635272 -3.263223 0.000000
vt 0.822547 -3.221120 0.000000
vt 0.866142 -3.195258 0.000000
vt 0.888819 -3.149948 0.000000
vt 0.883391 -3.099551 0.000000
vt 0.634007 -2.497486 0.000000
vt 0.606983 -2.384923 0.000000
vt 0.616066 -2.269518 0.000000
vt 0.660366 -2.162568 0.000000
vt 0.735547 -2.074543 0.000000
vt 0.834250 -2.014057 0.000000
vt 0.946813 -1.987033 0.000000
vt 1.062218 -1.996116 0.000000
vt 1.169167 -2.040416 0.000000
vt 1.257193 -2.115597 0.000000
vt 1.317678 -2.214300 0.000000
vt 1.567062 -2.816365 0.000000
vt 1.598860 -2.855840 0.000000
vt 1.646934 -2.871843 0.000000
vt 1.696047 -2.859304 0.000000
vt 1.992028 -2.661583 0.000000
vt 2.265172 -2.433350 0.000000
vt 2.512349 -2.177222 0.000000
vt 2.730726 -1.896136 0.000000
vt 2.917799 -1.593313 0.000000
vt 3.071423 -1.272225 0.000000
vt 3.189838 -0.936553 0.000000
vt 3.271685 -0.590144 0.000000
vt 3.316028 -0.236970 0.000000
vt 3.322356 0.118920 0.000000
vt 3.290599 0.473447 0.000000
vt 3.221120 0.822547 0.000000
vt 3.195258 0.866142 0.000000
vt 3.149948 0.888819 0.000000
vt 3.099551 0.883391 0.000000
vt 2.497486 0.634007 0.000000
vt 2.384923 0.606983 0.000000
vt 2.269518 0.616066 0.000000
vt 2.162568 0.660366 0.000000
vt 2.074543 0.735547 0.000000
vt 2.014057 0.834250 0.000000
vt 1.987033 0.946813 0.000000
vt 1.996116 1.062218 0.000000
vt 2.040416 1.169167 0.000000
vt 2.115597 1.257193 0.000000
vt 2.214300 1.317678 0.000000
vt 2.816365 1.567062 0.000000
vt 2.855840 1.598860 0.000000
vt 2.871843 1.646934 0.000000
vt 2.859304 1.696047 0.000000
vt 2.665491 1.986795 0.000000
vt 2.442231 2.255594 0.000000
vt 2.191991 2.499475 0.000000
vt 1.917535 2.715742 0.000000
vt 1.621895 2.902008 0.000000
vt 1.308338 3.056215 0.000000
vt 0.980326 3.176658 0.000000
vt 0.641485 3.262007 0.000000
vt 2.771639 -0.938050 0.000000
vt 2.862754 -0.958847 0.000000
vt 2.935823 -1.017117 0.000000
vt 2.976373 -1.101321 0.000000
vt 2.976373 -1.194780 0.000000
vt 2.935823 -1.278983 0.000000
vt 2.862754 -1.337254 0.000000
vt 2.771639 -1.358050 0.000000
vt 2.680523 -1.337254 0.000000
vt 2.607454 -1.278983 0.000000
vt 2.566904 -1.194780 0.000000
vt 2.566904 -1.101321 0.000000
vt 2.607454 -1.017117 0.000000
vt 2.680523 -0.958847 0.000000
vt -0.938050 -2.771639 0.000000
vt -0.958847 -2.862754 0.000000
vt -1.017117 -2.935823 0.000000
vt -1.101321 -2.976373 0.000000
vt -1.194780 -2.976373 0.000000
vt -1.278983 -2.935823 0.000000
vt -1.337254 -2.862754 0.000000
vt -1.358050 -2.771639 0.000000
vt -1.337254 -2.680523 0.000000
vt -1.278983 -2.607454 0.000000
vt -1.194780 -2.566904 0.000000
vt -1.101321 -2.566904 0.000000
vt -1.017117 -2.607454 0.000000
vt -0.958847 -2.680523 0.000000
vt -2.771639 0.938050 0.000000
vt -2.862754 0.958847 0.000000
vt -2.935823 1.017117 0.000000
vt -2.976373 1.101321 0.000000
vt -2.976373 1.194780 0.000000
vt -2.935823 1.278983 0.000000
vt -2.862754 1.337254 0.000000
vt -2.771639 1.358050 0.000000
vt -2.680523 1.337254 0.000000
vt -2.607454 1.278983 0.000000
vt -2.566904 1.194780 0.000000
vt -2.566904 1.101321 0.000000
vt -2.607454 1.017117 0.000000
vt -2.680523 0.958847 0.000000
vt 0.938050 2.771639 0.000000
vt 0.958847 2.862754 0.000000
vt 1.017117 2.935823 0.000000
vt 1.101321 2.976373 0.000000
vt 1.194780 2.976373 0.000000
vt 1.278983 2.935823 0.000000
vt 1.337254 2.862754 0.000000
vt 1.358050 2.771639 0.000000
vt 1.337254 2.680523 0.000000
vt 1.278983 2.607454 0.000000
vt 1.194780 2.566904 0.000000
vt 1.101321 2.566904 0.000000
vt 1.017117 2.607454 0.000000
vt 0.958847 2.680523 0.000000
vt 0.398831 0.033603 0.000000
vt 0.345475 0.666871 0.000000
vt -0.054713 0.649369 0.000000
vt -0.000000 0.000000 0.000000
vt -0.000000 0.000000 0.000000
vt 0.009419 0.651602 0.000000
vt -0.391016 0.641230 0.000000
vt -0.400202 0.005785 0.000000
vt 0.398831 0.033603 0.000000
vt 0.345475 0.666871 0.000000
vt -0.054713 0.649369 0.000000
vt -0.000000 0.000000 0.000000
vt -0.000000 0.000000 0.000000
vt -0.651670 0.000000 0.000000
vt -0.635511 -0.400244 0.000000
vt -0.000000 -0.400244 0.000000
vt -0.000000 -0.400244 0.000000
vt 0.635511 -0.400244 0.000000
vt 0.651670 0.000000 0.000000
vt -0.000000 0.000000 0.000000
vt -0.000000 0.000000 0.000000
vt 0.054713 -0.649369 0.000000
vt 0.452187 -0.599664 0.000000
vt 0.398831 0.033603 0.000000
vt -0.400202 0.005785 0.000000
vt -0.409388 -0.629660 0.000000
vt -0.009419 -0.651602 0.000000
vt -0.000000 0.000000 0.000000
vt -0.000000 0.000000 0.000000
vt 0.054713 -0.649369 0.000000
vt 0.452187 -0.599664 0.000000
vt 0.398831 0.033603 0.000000
vt 5.079175 0.000000 0.000000
vt 5.077703 0.056366 0.000000
vt 5.077703 0.108147 0.000000
vt 5.079175 0.164511 0.000000
vt 4.678591 0.164511 0.000000
vt 4.677132 0.108156 0.000000
vt 4.677131 0.056357 0.000000
vt 4.678591 0.000000 0.000000
vt 4.878771 0.082256 0.000000
vt 4.878771 0.041128 0.000000
vt 4.878771 0.123383 0.000000
vt 4.937781 0.000000 0.000000
vt 4.939241 0.056357 0.000000
vt 4.939241 0.108156 0.000000
vt 4.937781 0.164511 0.000000
vt 4.537197 0.164511 0.000000
vt 4.538669 0.108147 0.000000
vt 4.538669 0.056366 0.000000
vt 4.537197 0.000000 0.000000
vt 4.737604 0.082256 0.000000
vt 4.737604 0.041128 0.000000
vt 4.737604 0.123383 0.000000
vt 5.079175 0.000000 0.000000
vt 5.077703 0.056366 0.000000
vt 5.077703 0.108147 0.000000
vt 5.079175 0.164511 0.000000
vt 4.678591 0.164511 0.000000
vt 4.677132 0.108156 0.000000
vt 4.677131 0.056357 0.000000
vt 4.678591 0.000000 0.000000
vt 4.878771 0.082256 0.000000
vt 4.878771 0.041128 0.000000
vt 4.878771 0.123383 0.000000
vt 4.937781 0.000000 0.000000
vt 4.939241 0.056357 0.000000
vt 4.939241 0.108156 0.000000
vt 4.937781 0.164511 0.000000
vt 4.537197 0.164511 0.000000
vt 4.538669 0.108147 0.000000
vt 4.538669 0.056366 0.000000
vt 4.537197 0.000000 0.000000
vt 4.737604 0.082256 0.000000
vt 4.737604 0.041128 0.000000
vt 4.737604 0.123383 0.000000
vt 5.079175 0.000000 0.000000
vt 5.077703 0.056366 0.000000
vt 5.077703 0.108147 0.000000
vt 5.079175 0.164511 0.000000
vt 4.678591 0.164511 0.000000
vt 4.677132 0.108156 0.000000
vt 4.677131 0.056357 0.000000
vt 4.678591 0.000000 0.000000
vt 4.878771 0.082256 0.000000
vt 4.878771 0.041128 0.000000
vt 4.878771 0.123383 0.000000
vt 4.937781 0.000000 0.000000
vt 4.939241 0.056357 0.000000
vt 4.939241 0.108156 0.000000
vt 4.937781 0.164511 0.000000
vt 4.537197 0.164511 0.000000
vt 4.538669 0.108147 0.000000
vt 4.538669 0.056366 0.000000
vt 4.537197 0.000000 0.000000
vt 4.737604 0.082256 0.000000
vt 4.737604 0.041128 0.000000
vt 4.737604 0.123383 0.000000
vt 5.079175 0.000000 0.000000
vt 5.077703 0.056366 0.000000
vt 5.077703 0.108147 0.000000
vt 5.079175 0.164511 0.000000
vt 4.678591 0.164511 0.000000
vt 4.677132 0.108156 0.000000
vt 4.677131 0.056357 0.000000
vt 4.678591 0.000000 0.000000
vt 4.878771 0.082256 0.000000
vt 4.878771 0.041128 0.000000
vt 4.878771 0.123383 0.000000
vt 4.937781 0.000000 0.000000
vt 4.939241 0.056357 0.000000
vt 4.939241 0.108156 0.000000
vt 4.937781 0.164511 0.000000
vt 4.537197 0.164511 0.000000
vt 4.538669 0.108147 0.000000
vt 4.538669 0.056366 0.000000
vt 4.537197 0.000000 0.000000
vt 4.737604 0.082256 0.000000
vt 4.737604 0.041128 0.000000
vt 4.737604 0.123383 0.000000
vt 0.199415 -0.016802 0.000000
vt 0.220250 0.230482 0.000000
vt 0.021493 0.255100 0.000000
vt -0.000000 0.000000 0.000000
vt -0.000000 0.000000 0.000000
vt -0.256004 0.000000 0.000000
vt -0.248159 -0.200122 0.000000
vt -0.000000 -0.200122 0.000000
vt 4.172767 0.071705 0.000000
vt 4.173389 0.047161 0.000000
vt 4.173389 0.024544 0.000000
vt 4.172767 0.000000 0.000000
vt 4.373045 0.000000 0.000000
vt 4.373664 0.024542 0.000000
vt 4.373664 0.047163 0.000000
vt 4.373045 0.071705 0.000000
vt 4.273088 0.053779 0.000000
vt 4.273088 0.035853 0.000000
vt 4.273088 0.017926 0.000000
vt 4.176218 0.071705 0.000000
vt 4.175598 0.047163 0.000000
vt 4.175598 0.024542 0.000000
vt 4.176218 0.000000 0.000000
vt 4.376496 0.000000 0.000000
vt 4.375875 0.024544 0.000000
vt 4.375875 0.047161 0.000000
vt 4.376496 0.071705 0.000000
vt 4.276175 0.053779 0.000000
vt 4.276175 0.035853 0.000000
vt 4.276175 0.017926 0.000000
vt -0.199415 0.016802 0.000000
vt -0.220250 -0.230482 0.000000
vt -0.021493 -0.255100 0.000000
vt -0.000000 0.000000 0.000000
vt -0.000000 0.000000 0.000000
vt 0.003700 -0.255977 0.000000
vt 0.203688 -0.245241 0.000000
vt 0.200101 0.002893 0.000000
vt -0.000000 -0.200122 0.000000
vt 0.248159 -0.200122 0.000000
vt 0.256004 0.000000 0.000000
vt -0.000000 0.000000 0.000000
vt -0.000000 0.000000 0.000000
vt -0.021493 -0.255100 0.000000
vt 0.178581 -0.264085 0.000000
vt 0.199415 -0.016802 0.000000
vt 0.200101 0.002893 0.000000
vt 0.196514 0.251026 0.000000
vt -0.003700 0.255977 0.000000
vt -0.000000 0.000000 0.000000
vt -0.000000 0.000000 0.000000
vt 0.021493 0.255100 0.000000
vt -0.178581 0.264085 0.000000
vt -0.199415 0.016802 0.000000
vt 4.172767 0.071705 0.000000
vt 4.173389 0.047161 0.000000
vt 4.173389 0.024544 0.000000
vt 4.172767 0.000000 0.000000
vt 4.373045 0.000000 0.000000
vt 4.373664 0.024542 0.000000
vt 4.373664 0.047163 0.000000
vt 4.373045 0.071705 0.000000
vt 4.273088 0.053779 0.000000
vt 4.273088 0.035853 0.000000
vt 4.273088 0.017926 0.000000
vt 4.176218 0.071705 0.000000
vt 4.175598 0.047163 0.000000
vt 4.175598 0.024542 0.000000
vt 4.176218 0.000000 0.000000
vt 4.376496 0.000000 0.000000
vt 4.375875 0.024544 0.000000
vt 4.375875 0.047161 0.000000
vt 4.376496 0.071705 0.000000
vt 4.276175 0.053779 0.000000
vt 4.276175 0.035853 0.000000
vt 4.276175 0.017926 0.000000
vt 4.172767 0.071705 0.000000
vt 4.173389 0.047161 0.000000
vt 4.173389 0.024544 0.000000
vt 4.172767 0.000000 0.000000
vt 4.373045 0.000000 0.000000
vt 4.373664 0.024542 0.000000
vt 4.373664 0.047163 0.000000
vt 4.373045 0.071705 0.000000
vt 4.273088 0.053779 0.000000
vt 4.273088 0.035853 0.000000
vt 4.273088 0.017926 0.000000
vt 4.176218 0.071705 0.000000
vt 4.175598 0.047163 0.000000
vt 4.175598 0.024542 0.000000
vt 4.176218 0.000000 0.000000
vt 4.376496 0.000000 0.000000
vt 4.375875 0.024544 0.000000
vt 4.375875 0.047161 0.000000
vt 4.376496 0.071705 0.000000
vt 4.276175 0.053779 0.000000
vt 4.276175 0.035853 0.000000
vt 4.276175 0.017926 0.000000
vt 4.172767 0.071705 0.000000
vt 4.173389 0.047161 0.000000
vt 4.173389 0.024544 0.000000
vt 4.172767 0.000000 0.000000
vt 4.373045 0.000000 0.000000
vt 4.373664 0.024542 0.000000
vt 4.373664 0.047163 0.000000
vt 4.373045 0.071705 0.000000
vt 4.273088 0.053779 0.000000
vt 4.273088 0.035853 0.000000
vt 4.273088 0.017926 0.000000
vt 4.176218 0.071705 0.000000
vt 4.175598 0.047163 0.000000
vt 4.175598 0.024542 0.000000
vt 4.176218 0.000000 0.000000
vt 4.376496 0.000000 0.000000
vt 4.375875 0.024544 0.000000
vt 4.375875 0.047161 0.000000
vt 4.376496 0.071705 0.000000
vt 4.276175 0.053779 0.000000
vt 4.276175 0.035853 0.000000
vt 4.276175 0.017926 0.000000
vt -3.200000 0.255000 0.000000
vt -3.102416 0.235589 0.000000
vt -3.019688 0.180312 0.000000
vt -2.964411 0.097584 0.000000
vt -2.945000 0.000000 0.000000
vt -2.964411 -0.097584 0.000000
vt -3.019688 -0.180312 0.000000
vt -3.102416 -0.235589 0.000000
vt -3.200000 -0.255000 0.000000
vt -3.307685 -0.255000 0.000000
vt -3.302277 -0.317449 0.000000
vt -3.295690 -0.379784 0.000000
vt -3.287926 -0.441984 0.000000
vt -3.200000 -0.441984 0.000000
vt -3.075479 -0.424081 0.000000
vt -2.961045 -0.371821 0.000000
vt -2.865971 -0.289438 0.000000
vt -2.797957 -0.183607 0.000000
vt -2.762515 -0.062901 0.000000
vt -2.762515 0.062901 0.000000
vt -2.797957 0.183607 0.000000
vt -2.865971 0.289438 0.000000
vt -2.961045 0.371821 0.000000
vt -3.075479 0.424081 0.000000
vt -3.200000 0.441984 0.000000
vt -3.287926 0.441984 0.000000
vt -3.295690 0.379784 0.000000
vt -3.302277 0.317449 0.000000
vt -3.307685 0.255000 0.000000
vt 0.200000 0.000000 0.000000
vt 0.200000 0.100138 0.000000
vt 0.200000 0.200277 0.000000
vt 0.200000 0.300415 0.000000
vt 0.200000 0.400553 0.000000
vt 0.200000 0.500691 0.000000
vt 0.200000 0.600830 0.000000
vt 0.200000 0.700968 0.000000
vt 0.200000 0.801106 0.000000
vt 0.000000 0.801106 0.000000
vt 0.000000 0.700968 0.000000
vt 0.000000 0.600830 0.000000
vt 0.000000 0.500691 0.000000
vt 0.000000 0.400553 0.000000
vt 0.000000 0.300415 0.000000
vt 0.000000 0.200277 0.000000
vt 0.000000 0.100138 0.000000
vt 0.000000 0.000000 0.000000
vt 0.114690 0.000000 0.000000
vt 0.107685 0.200000 0.000000
vt -0.000000 0.200000 0.000000
vt -0.000000 0.000000 0.000000
vt -0.200000 -0.107685 0.000000
vt -0.000000 -0.114690 0.000000
vt -0.000000 0.000000 0.000000
vt -0.200000 0.000000 0.000000
vt -0.583095 0.247129 0.000000
vt -0.583095 0.250000 0.000000
vt -0.664986 0.250000 0.000000
vt 0.583095 0.247129 0.000000
vt 0.664986 0.250000 0.000000
vt 0.583095 0.250000 0.000000
vt -0.983095 -0.049377 0.000000
vt -0.983095 -0.450623 0.000000
vt -0.877059 -0.450277 0.000000
vt -0.771023 -0.450069 0.000000
vt -0.664986 -0.450000 0.000000
vt -0.583095 -0.450000 0.000000
vt -0.583095 -0.050000 0.000000
vt -0.664986 -0.050000 0.000000
vt -0.771023 -0.049931 0.000000
vt -0.877059 -0.049723 0.000000
vt 0.199348 -0.000009 0.000000
vt 0.199595 0.022825 0.000000
vt 0.200150 0.045660 0.000000
vt 0.200898 0.068494 0.000000
vt 0.094862 0.070361 0.000000
vt -0.011175 0.072223 0.000000
vt -0.117211 0.074082 0.000000
vt -0.199152 0.074082 0.000000
vt -0.199983 0.049391 0.000000
vt -0.200615 0.024700 0.000000
vt -0.200898 0.000009 0.000000
vt 0.199152 0.074082 0.000000
vt 0.117211 0.074082 0.000000
vt 0.011175 0.072223 0.000000
vt -0.094862 0.070361 0.000000
vt -0.200898 0.068494 0.000000
vt -0.200150 0.045660 0.000000
vt -0.199595 0.022825 0.000000
vt -0.199348 -0.000009 0.000000
vt 0.200898 0.000009 0.000000
vt 0.200615 0.024700 0.000000
vt 0.199983 0.049391 0.000000
vt 0.317988 0.000000 0.000000
vt 0.318080 0.027062 0.000000
vt 0.318150 0.052532 0.000000
vt 0.318183 0.079595 0.000000
vt 0.212122 0.079595 0.000000
vt 0.106061 0.079595 0.000000
vt 0.000000 0.079595 0.000000
vt 0.000000 0.052447 0.000000
vt 0.000000 0.027148 0.000000
vt 0.000000 0.000000 0.000000
vt 0.105996 0.000000 0.000000
vt 0.211992 0.000000 0.000000
vt 0.159632 0.039797 0.000000
vt 0.159632 0.019899 0.000000
vt 0.159632 0.059696 0.000000
vt 0.583095 -0.157080 0.000000
vt 0.583095 -0.183260 0.000000
vt 0.583095 -0.209440 0.000000
vt 0.583095 -0.235619 0.000000
vt 0.664986 -0.235619 0.000000
vt 0.664986 -0.209440 0.000000
vt 0.664986 -0.183260 0.000000
vt 0.664986 -0.157080 0.000000
vt 0.318183 0.000000 0.000000
vt 0.318150 0.027063 0.000000
vt 0.318080 0.052533 0.000000
vt 0.317988 0.079595 0.000000
vt 0.211992 0.079595 0.000000
vt 0.105996 0.079595 0.000000
vt 0.000000 0.079595 0.000000
vt 0.000000 0.052447 0.000000
vt 0.000000 0.027148 0.000000
vt 0.000000 0.000000 0.000000
vt 0.106061 0.000000 0.000000
vt 0.212122 0.000000 0.000000
vt 0.159632 0.059696 0.000000
vt 0.159632 0.039797 0.000000
vt 0.159632 0.019899 0.000000
vt -0.583095 0.078540 0.000000
vt -0.583095 0.104720 0.000000
vt -0.583095 0.130900 0.000000
vt -0.583095 0.157080 0.000000
vt -0.664986 0.157080 0.000000
vt -0.664986 0.130900 0.000000
vt -0.664986 0.104720 0.000000
vt -0.664986 0.078540 0.000000
vt 0.094550 -0.251327 0.000000
vt 0.094550 -0.195477 0.000000
vt 0.094550 -0.139626 0.000000
vt 0.094550 -0.083776 0.000000
vt 0.094550 -0.027925 0.000000
vt 0.094550 0.027925 0.000000
vt 0.094550 0.083776 0.000000
vt 0.094550 0.139626 0.000000
vt 0.094550 0.195477 0.000000
vt 0.000000 0.251327 0.000000
vt 0.000000 0.195477 0.000000
vt 0.000000 0.139626 0.000000
vt 0.000000 0.083776 0.000000
vt 0.000000 0.027925 0.000000
vt 0.000000 -0.027925 0.000000
vt 0.000000 -0.083776 0.000000
vt 0.000000 -0.139626 0.000000
vt 0.000000 -0.195477 0.000000
vt 0.000000 -0.251327 0.000000
vt 0.094550 0.251327 0.000000
vt -0.000000 -0.565487 0.000000
vt -0.000000 -0.478489 0.000000
vt -0.000000 -0.391491 0.000000
vt -0.000000 -0.304493 0.000000
vt -0.000000 -0.217495 0.000000
vt -0.000000 -0.130497 0.000000
vt -0.000000 -0.043499 0.000000
vt -0.000000 0.043499 0.000000
vt -0.000000 0.130497 0.000000
vt -0.000000 0.217495 0.000000
vt -0.000000 0.304493 0.000000
vt -0.000000 0.391491 0.000000
vt -0.000000 0.478489 0.000000
vt -0.400000 0.565487 0.000000
vt -0.400000 0.478489 0.000000
vt -0.400000 0.391491 0.000000
vt -0.400000 0.304493 0.000000
vt -0.400000 0.217495 0.000000
vt -0.400000 0.130497 0.000000
vt -0.400000 0.043499 0.000000
vt -0.400000 -0.043499 0.000000
vt -0.400000 -0.130497 0.000000
vt -0.400000 -0.217495 0.000000
vt -0.400000 -0.304493 0.000000
vt -0.400000 -0.391491 0.000000
vt -0.400000 -0.478489 0.000000
vt -0.400000 -0.565487 0.000000
vt -0.000000 0.565487 0.000000
vt 0.180000 0.000000 0.000000
vt 0.159382 0.083650 0.000000
vt 0.102252 0.148137 0.000000
vt 0.021697 0.178688 0.000000
vt -0.063829 0.168303 0.000000
vt -0.134732 0.119362 0.000000
vt -0.174770 0.043077 0.000000
vt -0.174770 -0.043077 0.000000
vt -0.134732 -0.119362 0.000000
vt -0.063829 -0.168303 0.000000
vt 0.021697 -0.178688 0.000000
vt 0.102252 -0.148137 0.000000
vt 0.159382 -0.083650 0.000000
vt 0.080000 0.000000 0.000000
vt 0.061284 -0.051423 0.000000
vt 0.013892 -0.078785 0.000000
vt -0.040000 -0.069282 0.000000
vt -0.075175 -0.027362 0.000000
vt -0.075175 0.027362 0.000000
vt -0.040000 0.069282 0.000000
vt 0.013892 0.078785 0.000000
vt 0.061284 0.051423 0.000000
vt 0.094550 -0.252763 0.000000
vt 0.094550 -0.196913 0.000000
vt 0.094550 -0.141062 0.000000
vt 0.094550 -0.085212 0.000000
vt 0.094550 -0.029361 0.000000
vt 0.094550 0.026489 0.000000
vt 0.094550 0.082340 0.000000
vt 0.094550 0.138190 0.000000
vt 0.094550 0.194041 0.000000
vt 0.000000 0.251327 0.000000
vt 0.000000 0.195477 0.000000
vt 0.000000 0.139626 0.000000
vt 0.000000 0.083776 0.000000
vt 0.000000 0.027925 0.000000
vt 0.000000 -0.027925 0.000000
vt 0.000000 -0.083776 0.000000
vt 0.000000 -0.139626 0.000000
vt 0.000000 -0.195477 0.000000
vt 0.000000 -0.251327 0.000000
vt 0.094550 0.249891 0.000000
vt 0.094550 0.249891 0.000000
vt 0.000000 -0.251327 0.000000
vt -0.000000 -0.565487 0.000000
vt -0.000000 -0.478489 0.000000
vt -0.000000 -0.391491 0.000000
vt -0.000000 -0.304493 0.000000
vt -0.000000 -0.217495 0.000000
vt -0.000000 -0.130497 0.000000
vt -0.000000 -0.043499 0.000000
vt -0.000000 0.043499 0.000000
vt -0.000000 0.130497 0.000000
vt -0.000000 0.217495 0.000000
vt -0.000000 0.304493 0.000000
vt -0.000000 0.391491 0.000000
vt -0.000000 0.478489 0.000000
vt -0.400000 0.565487 0.000000
vt -0.400000 0.478489 0.000000
vt -0.400000 0.391491 0.000000
vt -0.400000 0.304493 0.000000
vt -0.400000 0.217495 0.000000
vt -0.400000 0.130497 0.000000
vt -0.400000 0.043499 0.000000
vt -0.400000 -0.043499 0.000000
vt -0.400000 -0.130497 0.000000
vt -0.400000 -0.217495 0.000000
vt -0.400000 -0.304493 0.000000
vt -0.400000 -0.391491 0.000000
vt -0.400000 -0.478489 0.000000
vt -0.400000 -0.565487 0.000000
vt -0.000000 0.565487 0.000000
vt 0.180000 0.000000 0.000000
vt 0.159382 0.083650 0.000000
vt 0.102252 0.148137 0.000000
vt 0.021697 0.178688 0.000000
vt -0.063829 0.168303 0.000000
vt -0.134732 0.119362 0.000000
vt -0.174770 0.043077 0.000000
vt -0.174770 -0.043077 0.000000
vt -0.134732 -0.119362 0.000000
vt -0.063829 -0.168303 0.000000
vt 0.021697 -0.178688 0.000000
vt 0.102252 -0.148137 0.000000
vt 0.159382 -0.083650 0.000000
vt 0.080000 0.000000 0.000000
vt 0.061284 -0.051423 0.000000
vt 0.013892 -0.078785 0.000000
vt -0.040000 -0.069282 0.000000
vt -0.075175 -0.027362 0.000000
vt -0.075175 0.027362 0.000000
vt -0.040000 0.069282 0.000000
vt 0.013892 0.078785 0.000000
vt 0.061284 0.051423 0.000000
vt 0.000000 0.010472 0.000000
vt 0.000000 0.005236 0.000000
vt 0.000000 0.000000 0.000000
vt 0.000000 -0.005236 0.000000
vt 0.050000 -0.005236 0.000000
vt 0.050000 0.000000 0.000000
vt 0.050000 0.005236 0.000000
vt 0.050000 0.010472 0.000000
vt -0.050000 0.005236 0.000000
vt -0.050000 0.000000 0.000000
vt -0.050000 -0.005236 0.000000
vt -0.050000 -0.010472 0.000000
vt 0.000000 -0.010472 0.000000
vt 0.000000 -0.005236 0.000000
vt 0.000000 0.000000 0.000000
vt 0.000000 0.005236 0.000000
vt -0.000000 -0.031416 0.000000
vt -0.000000 -0.017453 0.000000
vt -0.000000 -0.003491 0.000000
vt -0.000000 0.010472 0.000000
vt -0.050000 0.010472 0.000000
vt -0.050000 -0.003491 0.000000
vt -0.050000 -0.017453 0.000000
vt -0.050000 -0.031416 0.000000
vt 0.050000 -0.031416 0.000000
vt 0.050000 -0.017453 0.000000
vt 0.050000 -0.003491 0.000000
vt 0.050000 0.010472 0.000000
vt -0.000000 0.010472 0.000000
vt -0.000000 -0.003491 0.000000
vt -0.000000 -0.017453 0.000000
vt -0.000000 -0.031416 0.000000
vt -0.000000 -0.244180 0.000000
vt -0.000000 -0.189918 0.000000
vt -0.000000 -0.135656 0.000000
vt -0.000000 -0.081393 0.000000
vt -0.000000 -0.027131 0.000000
vt -0.000000 0.027131 0.000000
vt -0.000000 0.081393 0.000000
vt -0.000000 0.135656 0.000000
vt -0.000000 0.189918 0.000000
vt -0.006435 0.244180 0.000000
vt -0.006435 0.189918 0.000000
vt -0.006435 0.135656 0.000000
vt -0.006435 0.081393 0.000000
vt -0.006435 0.027131 0.000000
vt -0.006435 -0.027131 0.000000
vt -0.006435 -0.081393 0.000000
vt -0.006435 -0.135656 0.000000
vt -0.006435 -0.189918 0.000000
vt -0.006435 -0.244180 0.000000
vt -0.000000 0.244180 0.000000
vt -0.000000 0.244180 0.000000
vt -0.006435 -0.244180 0.000000
vt -0.490000 -0.596903 0.000000
vt -0.490000 -0.511631 0.000000
vt -0.490000 -0.426359 0.000000
vt -0.490000 -0.341087 0.000000
vt -0.490000 -0.255815 0.000000
vt -0.490000 -0.170544 0.000000
vt -0.490000 -0.085272 0.000000
vt -0.490000 0.000000 0.000000
vt -0.490000 0.085272 0.000000
vt -0.490000 0.170544 0.000000
vt -0.490000 0.255815 0.000000
vt -0.490000 0.341087 0.000000
vt -0.490000 0.426359 0.000000
vt -0.490000 0.511631 0.000000
vt -0.500000 0.596903 0.000000
vt -0.500000 0.511631 0.000000
vt -0.500000 0.426359 0.000000
vt -0.500000 0.341087 0.000000
vt -0.500000 0.255815 0.000000
vt -0.500000 0.170544 0.000000
vt -0.500000 0.085272 0.000000
vt -0.500000 0.000000 0.000000
vt -0.500000 -0.085272 0.000000
vt -0.500000 -0.170544 0.000000
vt -0.500000 -0.255815 0.000000
vt -0.500000 -0.341087 0.000000
vt -0.500000 -0.426359 0.000000
vt -0.500000 -0.511631 0.000000
vt -0.500000 -0.596903 0.000000
vt -0.490000 0.596903 0.000000
vt -0.000000 0.190000 0.000000
vt -0.082438 0.171184 0.000000
vt -0.148548 0.118463 0.000000
vt -0.185236 0.042279 0.000000
vt -0.185236 -0.042279 0.000000
vt -0.148548 -0.118463 0.000000
vt -0.082438 -0.171184 0.000000
vt -0.000000 -0.190000 0.000000
vt 0.082438 -0.171184 0.000000
vt 0.148548 -0.118463 0.000000
vt 0.185236 -0.042279 0.000000
vt 0.185236 0.042279 0.000000
vt 0.148548 0.118463 0.000000
vt 0.082438 0.171184 0.000000
vt -0.089103 0.045670 0.000000
vt -0.084103 0.054330 0.000000
vt -0.080442 0.057990 0.000000
vt -0.075442 0.059330 0.000000
vt -0.070442 0.057990 0.000000
vt -0.045000 0.043301 0.000000
vt -0.031527 0.040926 0.000000
vt -0.019679 0.047766 0.000000
vt -0.015000 0.060622 0.000000
vt -0.015000 0.090000 0.000000
vt -0.013660 0.095000 0.000000
vt -0.010000 0.098660 0.000000
vt -0.005000 0.100000 0.000000
vt 0.005000 0.100000 0.000000
vt 0.010000 0.098660 0.000000
vt 0.013660 0.095000 0.000000
vt 0.015000 0.090000 0.000000
vt 0.015000 0.060622 0.000000
vt 0.019679 0.047766 0.000000
vt 0.031527 0.040926 0.000000
vt 0.045000 0.043301 0.000000
vt 0.070442 0.057990 0.000000
vt 0.075442 0.059330 0.000000
vt 0.080442 0.057990 0.000000
vt 0.084103 0.054330 0.000000
vt 0.089103 0.045670 0.000000
vt 0.090442 0.040670 0.000000
vt 0.089103 0.035670 0.000000
vt 0.085442 0.032010 0.000000
vt 0.060000 0.017321 0.000000
vt 0.051206 0.006840 0.000000
vt 0.051206 -0.006840 0.000000
vt 0.060000 -0.017321 0.000000
vt 0.085442 -0.032010 0.000000
vt 0.089103 -0.035670 0.000000
vt 0.090442 -0.040670 0.000000
vt 0.089103 -0.045670 0.000000
vt 0.084103 -0.054330 0.000000
vt 0.080442 -0.057990 0.000000
vt 0.075442 -0.059330 0.000000
vt 0.070442 -0.057990 0.000000
vt 0.045000 -0.043301 0.000000
vt 0.031527 -0.040926 0.000000
vt 0.019679 -0.047766 0.000000
vt 0.015000 -0.060622 0.000000
vt 0.015000 -0.090000 0.000000
vt 0.013660 -0.095000 0.000000
vt 0.010000 -0.098660 0.000000
vt 0.005000 -0.100000 0.000000
vt -0.005000 -0.100000 0.000000
vt -0.010000 -0.098660 0.000000
vt -0.013660 -0.095000 0.000000
vt -0.015000 -0.090000 0.000000
vt -0.015000 -0.060622 0.000000
vt -0.019679 -0.047766 0.000000
vt -0.031527 -0.040926 0.000000
vt -0.045000 -0.043301 0.000000
vt -0.070442 -0.057990 0.000000
vt -0.075442 -0.059330 0.000000
vt -0.080442 -0.057990 0.000000
vt -0.084103 -0.054330 0.000000
vt -0.089103 -0.045670 0.000000
vt -0.090442 -0.040670 0.000000
vt -0.089103 -0.035670 0.000000
vt -0.085442 -0.032010 0.000000
vt -0.060000 -0.017321 0.000000
vt -0.051206 -0.006840 0.000000
vt -0.051206 0.006840 0.000000
vt -0.060000 0.017321 0.000000
vt -0.085442 0.032010 0.000000
vt -0.089103 0.035670 0.000000
vt -0.090442 0.040670 0.000000
vt 0.075450 -0.075450 0.000000
vt 0.057798 -0.026952 0.000000
vt 0.013102 -0.001146 0.000000
vt -0.037725 -0.010108 0.000000
vt -0.070900 -0.049645 0.000000
vt -0.070900 -0.101255 0.000000
vt -0.037725 -0.140792 0.000000
vt 0.013102 -0.149754 0.000000
vt 0.057798 -0.123948 0.000000
vt 0.050000 0.160622 0.000000
vt 0.050000 0.190000 0.000000
vt -0.000000 0.190000 0.000000
vt -0.000000 0.160622 0.000000
vt -0.000000 0.039378 0.000000
vt -0.000000 0.010000 0.000000
vt 0.050000 0.010000 0.000000
vt 0.050000 0.039378 0.000000
vt -0.050000 0.039378 0.000000
vt -0.050000 0.010000 0.000000
vt 0.000000 0.010000 0.000000
vt 0.000000 0.039378 0.000000
vt 0.010000 0.000000 0.000000
vt 0.020000 0.000000 0.000000
vt 0.020000 0.050000 0.000000
vt 0.010000 0.050000 0.000000
vt 0.000000 0.160622 0.000000
vt 0.000000 0.190000 0.000000
vt -0.050000 0.190000 0.000000
vt -0.050000 0.160622 0.000000
vt 0.000000 -0.010000 0.000000
vt 0.000000 -0.020000 0.000000
vt 0.050000 -0.020000 0.000000
vt 0.050000 -0.010000 0.000000
vt -0.045000 0.043301 0.000000
vt -0.070442 0.057990 0.000000
vt -0.075442 0.059330 0.000000
vt -0.080442 0.057990 0.000000
vt -0.084103 0.054330 0.000000
vt -0.089103 0.045670 0.000000
vt -0.090442 0.040670 0.000000
vt -0.089103 0.035670 0.000000
vt -0.085442 0.032010 0.000000
vt -0.060000 0.017321 0.000000
vt -0.051206 0.006840 0.000000
vt -0.051206 -0.006840 0.000000
vt -0.060000 -0.017321 0.000000
vt -0.085442 -0.032010 0.000000
vt -0.089103 -0.035670 0.000000
vt -0.090442 -0.040670 0.000000
vt -0.089103 -0.045670 0.000000
vt -0.084103 -0.054330 0.000000
vt -0.080442 -0.057990 0.000000
vt -0.075442 -0.059330 0.000000
vt -0.070442 -0.057990 0.000000
vt -0.045000 -0.043301 0.000000
vt -0.031527 -0.040926 0.000000
vt -0.019679 -0.047766 0.000000
vt -0.015000 -0.060622 0.000000
vt -0.015000 -0.090000 0.000000
vt -0.013660 -0.095000 0.000000
vt -0.010000 -0.098660 0.000000
vt -0.005000 -0.100000 0.000000
vt 0.005000 -0.100000 0.000000
vt 0.010000 -0.098660 0.000000
vt 0.013660 -0.095000 0.000000
vt 0.015000 -0.090000 0.000000
vt 0.015000 -0.060622 0.000000
vt 0.019679 -0.047766 0.000000
vt 0.031527 -0.040926 0.000000
vt 0.045000 -0.043301 0.000000
vt 0.070442 -0.057990 0.000000
vt 0.075442 -0.059330 0.000000
vt 0.080442 -0.057990 0.000000
vt 0.084103 -0.054330 0.000000
vt 0.089103 -0.045670 0.000000
vt 0.090442 -0.040670 0.000000
vt 0.089103 -0.035670 0.000000
vt 0.085442 -0.032010 0.000000
vt 0.060000 -0.017321 0.000000
vt 0.051206 -0.006840 0.000000
vt 0.051206 0.006840 0.000000
vt 0.060000 0.017321 0.000000
vt 0.085442 0.032010 0.000000
vt 0.089103 0.035670 0.000000
vt 0.090442 0.040670 0.000000
vt 0.089103 0.045670 0.000000
vt 0.084103 0.054330 0.000000
vt 0.080442 0.057990 0.000000
vt 0.075442 0.059330 0.000000
vt 0.070442 0.057990 0.000000
vt 0.045000 0.043301 0.000000
vt 0.031527 0.040926 0.000000
vt 0.019679 0.047766 0.000000
vt 0.015000 0.060622 0.000000
vt 0.015000 0.090000 0.000000
vt 0.013660 0.095000 0.000000
vt 0.010000 0.098660 0.000000
vt 0.005000 0.100000 0.000000
vt -0.005000 0.100000 0.000000
vt -0.010000 0.098660 0.000000
vt -0.013660 0.095000 0.000000
vt -0.015000 0.090000 0.000000
vt -0.015000 0.060622 0.000000
vt -0.019679 0.047766 0.000000
vt -0.031527 0.040926 0.000000
vt -0.050000 0.020000 0.000000
vt -0.050000 0.010000 0.000000
vt 0.000000 0.010000 0.000000
vt 0.000000 0.020000 0.000000
vt -0.039378 -0.050000 0.000000
vt -0.010000 -0.050000 0.000000
vt -0.010000 0.000000 0.000000
vt -0.039378 0.000000 0.000000
vt 0.000000 0.160622 0.000000
vt 0.000000 0.190000 0.000000
vt -0.050000 0.190000 0.000000
vt -0.050000 0.160622 0.000000
vt -0.010000 0.000000 0.000000
vt -0.020000 0.000000 0.000000
vt -0.020000 -0.050000 0.000000
vt -0.010000 -0.050000 0.000000
vt 0.050000 0.160622 0.000000
vt 0.050000 0.190000 0.000000
vt -0.000000 0.190000 0.000000
vt -0.000000 0.160622 0.000000
vt 0.039378 0.000000 0.000000
vt 0.010000 0.000000 0.000000
vt 0.010000 -0.050000 0.000000
vt 0.039378 -0.050000 0.000000
vt 0.160622 -0.050000 0.000000
vt 0.190000 -0.050000 0.000000
vt 0.190000 0.000000 0.000000
vt 0.160622 0.000000 0.000000
vt -0.160622 0.000000 0.000000
vt -0.190000 0.000000 0.000000
vt -0.190000 -0.050000 0.000000
vt -0.160622 -0.050000 0.000000
vt 0.000000 -0.010000 0.000000
vt 0.000000 -0.020000 0.000000
vt 0.050000 -0.020000 0.000000
vt 0.050000 -0.010000 0.000000
vt -0.000000 0.039378 0.000000
vt -0.000000 0.010000 0.000000
vt 0.050000 0.010000 0.000000
vt 0.050000 0.039378 0.000000
vt 0.000000 0.010000 0.000000
vt 0.000000 0.020000 0.000000
vt -0.050000 0.020000 0.000000
vt -0.050000 0.010000 0.000000
vt -0.050000 0.039378 0.000000
vt -0.050000 0.010000 0.000000
vt 0.000000 0.010000 0.000000
vt 0.000000 0.039378 0.000000
vt -0.000000 0.020944 0.000000
vt -0.000000 0.006981 0.000000
vt -0.000000 -0.006981 0.000000
vt -0.000000 -0.020944 0.000000
vt 0.050000 -0.020944 0.000000
vt 0.050000 -0.006981 0.000000
vt 0.050000 0.006981 0.000000
vt 0.050000 0.020944 0.000000
vt -0.000000 0.010472 0.000000
vt -0.000000 0.024435 0.000000
vt -0.000000 0.038397 0.000000
vt -0.000000 0.052360 0.000000
vt -0.050000 0.052360 0.000000
vt -0.050000 0.038397 0.000000
vt -0.050000 0.024435 0.000000
vt -0.050000 0.010472 0.000000
vt -0.050000 0.020944 0.000000
vt -0.050000 0.006981 0.000000
vt -0.050000 -0.006981 0.000000
vt -0.050000 -0.020944 0.000000
vt -0.000000 -0.020944 0.000000
vt -0.000000 -0.006981 0.000000
vt -0.000000 0.006981 0.000000
vt -0.000000 0.020944 0.000000
vt -0.000000 -0.052360 0.000000
vt -0.000000 -0.038397 0.000000
vt -0.000000 -0.024435 0.000000
vt -0.000000 -0.010472 0.000000
vt -0.050000 -0.010472 0.000000
vt -0.050000 -0.024435 0.000000
vt -0.050000 -0.038397 0.000000
vt -0.050000 -0.052360 0.000000
vt 0.000000 -0.005236 0.000000
vt 0.000000 -0.010472 0.000000
vt 0.000000 -0.015708 0.000000
vt 0.000000 -0.020944 0.000000
vt 0.050000 -0.020944 0.000000
vt 0.050000 -0.015708 0.000000
vt 0.050000 -0.010472 0.000000
vt 0.050000 -0.005236 0.000000
vt 0.000000 -0.010472 0.000000
vt 0.000000 -0.015708 0.000000
vt 0.000000 -0.020944 0.000000
vt 0.000000 -0.026180 0.000000
vt 0.050000 -0.026180 0.000000
vt 0.050000 -0.020944 0.000000
vt 0.050000 -0.015708 0.000000
vt 0.050000 -0.010472 0.000000
vt 0.000000 -0.007854 0.000000
vt 0.000000 -0.002618 0.000000
vt 0.000000 0.002618 0.000000
vt 0.000000 0.007854 0.000000
vt -0.050000 0.007854 0.000000
vt -0.050000 0.002618 0.000000
vt -0.050000 -0.002618 0.000000
vt -0.050000 -0.007854 0.000000
vt 0.000000 0.000000 0.000000
vt 0.000000 -0.005236 0.000000
vt 0.000000 -0.010472 0.000000
vt 0.000000 -0.015708 0.000000
vt 0.050000 -0.015708 0.000000
vt 0.050000 -0.010472 0.000000
vt 0.050000 -0.005236 0.000000
vt 0.050000 0.000000 0.000000
vt 0.000000 0.015708 0.000000
vt 0.000000 0.020944 0.000000
vt 0.000000 0.026180 0.000000
vt 0.000000 0.031416 0.000000
vt -0.050000 0.031416 0.000000
vt -0.050000 0.026180 0.000000
vt -0.050000 0.020944 0.000000
vt -0.050000 0.015708 0.000000
vt 0.000000 0.005236 0.000000
vt 0.000000 0.010472 0.000000
vt 0.000000 0.015708 0.000000
vt 0.000000 0.020944 0.000000
vt -0.050000 0.020944 0.000000
vt -0.050000 0.015708 0.000000
vt -0.050000 0.010472 0.000000
vt -0.050000 0.005236 0.000000
vt 0.000000 0.000000 0.000000
vt 0.000000 0.005236 0.000000
vt 0.000000 0.010472 0.000000
vt 0.000000 0.015708 0.000000
vt -0.050000 0.015708 0.000000
vt -0.050000 0.010472 0.000000
vt -0.050000 0.005236 0.000000
vt -0.050000 0.000000 0.000000
vt 0.000000 -0.015708 0.000000
vt 0.000000 -0.020944 0.000000
vt 0.000000 -0.026180 0.000000
vt 0.000000 -0.031416 0.000000
vt 0.050000 -0.031416 0.000000
vt 0.050000 -0.026180 0.000000
vt 0.050000 -0.020944 0.000000
vt 0.050000 -0.015708 0.000000
vt 0.000000 0.007854 0.000000
vt 0.000000 0.002618 0.000000
vt 0.000000 -0.002618 0.000000
vt 0.000000 -0.007854 0.000000
vt 0.050000 -0.007854 0.000000
vt 0.050000 -0.002618 0.000000
vt 0.050000 0.002618 0.000000
vt 0.050000 0.007854 0.000000
vt 0.000000 0.010472 0.000000
vt 0.000000 0.015708 0.000000
vt 0.000000 0.020944 0.000000
vt 0.000000 0.026180 0.000000
vt -0.050000 0.026180 0.000000
vt -0.050000 0.020944 0.000000
vt -0.050000 0.015708 0.000000
vt -0.050000 0.010472 0.000000
vt 0.094550 -0.252763 0.000000
vt 0.094550 -0.196913 0.000000
vt 0.094550 -0.141062 0.000000
vt 0.094550 -0.085212 0.000000
vt 0.094550 -0.029361 0.000000
vt 0.094550 0.026489 0.000000
vt 0.094550 0.082340 0.000000
vt 0.094550 0.138190 0.000000
vt 0.094550 0.194041 0.000000
vt 0.000000 0.251327 0.000000
vt 0.000000 0.195477 0.000000
vt 0.000000 0.139626 0.000000
vt 0.000000 0.083776 0.000000
vt 0.000000 0.027925 0.000000
vt 0.000000 -0.027925 0.000000
vt 0.000000 -0.083776 0.000000
vt 0.000000 -0.139626 0.000000
vt 0.000000 -0.195477 0.000000
vt 0.000000 -0.251327 0.000000
vt 0.094550 0.249891 0.000000
vt 0.094550 0.249891 0.000000
vt 0.000000 -0.251327 0.000000
vt -0.000000 -0.565487 0.000000
vt -0.000000 -0.478489 0.000000
vt -0.000000 -0.391491 0.000000
vt -0.000000 -0.304493 0.000000
vt -0.000000 -0.217495 0.000000
vt -0.000000 -0.130497 0.000000
vt -0.000000 -0.043499 0.000000
vt -0.000000 0.043499 0.000000
vt -0.000000 0.130497 0.000000
vt -0.000000 0.217495 0.000000
vt -0.000000 0.304493 0.000000
vt -0.000000 0.391491 0.000000
vt -0.000000 0.478489 0.000000
vt -0.400000 0.565487 0.000000
vt -0.400000 0.478489 0.000000
vt -0.400000 0.391491 0.000000
vt -0.400000 0.304493 0.000000
vt -0.400000 0.217495 0.000000
vt -0.400000 0.130497 0.000000
vt -0.400000 0.043499 0.000000
vt -0.400000 -0.043499 0.000000
vt -0.400000 -0.130497 0.000000
vt -0.400000 -0.217495 0.000000
vt -0.400000 -0.304493 0.000000
vt -0.400000 -0.391491 0.000000
vt -0.400000 -0.478489 0.000000
vt -0.400000 -0.565487 0.000000
vt -0.000000 0.565487 0.000000
vt 0.180000 0.000000 0.000000
vt 0.159382 0.083650 0.000000
vt 0.102252 0.148137 0.000000
vt 0.021697 0.178688 0.000000
vt -0.063829 0.168303 0.000000
vt -0.134732 0.119362 0.000000
vt -0.174770 0.043077 0.000000
vt -0.174770 -0.043077 0.000000
vt -0.134732 -0.119362 0.000000
vt -0.063829 -0.168303 0.000000
vt 0.021697 -0.178688 0.000000
vt 0.102252 -0.148137 0.000000
vt 0.159382 -0.083650 0.000000
vt 0.080000 0.000000 0.000000
vt 0.061284 -0.051423 0.000000
vt 0.013892 -0.078785 0.000000
vt -0.040000 -0.069282 0.000000
vt -0.075175 -0.027362 0.000000
vt -0.075175 0.027362 0.000000
vt -0.040000 0.069282 0.000000
vt 0.013892 0.078785 0.000000
vt 0.061284 0.051423 0.000000
vt 0.000000 0.010472 0.000000
vt 0.000000 0.005236 0.000000
vt 0.000000 0.000000 0.000000
vt 0.000000 -0.005236 0.000000
vt 0.050000 -0.005236 0.000000
vt 0.050000 0.000000 0.000000
vt 0.050000 0.005236 0.000000
vt 0.050000 0.010472 0.000000
vt -0.050000 0.005236 0.000000
vt -0.050000 0.000000 0.000000
vt -0.050000 -0.005236 0.000000
vt -0.050000 -0.010472 0.000000
vt 0.000000 -0.010472 0.000000
vt 0.000000 -0.005236 0.000000
vt 0.000000 0.000000 0.000000
vt 0.000000 0.005236 0.000000
vt -0.000000 -0.031416 0.000000
vt -0.000000 -0.017453 0.000000
vt -0.000000 -0.003491 0.000000
vt -0.000000 0.010472 0.000000
vt -0.050000 0.010472 0.000000
vt -0.050000 -0.003491 0.000000
vt -0.050000 -0.017453 0.000000
vt -0.050000 -0.031416 0.000000
vt 0.050000 -0.031416 0.000000
vt 0.050000 -0.017453 0.000000
vt 0.050000 -0.003491 0.000000
vt 0.050000 0.010472 0.000000
vt -0.000000 0.010472 0.000000
vt -0.000000 -0.003491 0.000000
vt -0.000000 -0.017453 0.000000
vt -0.000000 -0.031416 0.000000
vt -0.000000 -0.244180 0.000000
vt -0.000000 -0.189918 0.000000
vt -0.000000 -0.135656 0.000000
vt -0.000000 -0.081393 0.000000
vt -0.000000 -0.027131 0.000000
vt -0.000000 0.027131 0.000000
vt -0.000000 0.081393 0.000000
vt -0.000000 0.135656 0.000000
vt -0.000000 0.189918 0.000000
vt -0.006435 0.244180 0.000000
vt -0.006435 0.189918 0.000000
vt -0.006435 0.135656 0.000000
vt -0.006435 0.081393 0.000000
vt -0.006435 0.027131 0.000000
vt -0.006435 -0.027131 0.000000
vt -0.006435 -0.081393 0.000000
vt -0.006435 -0.135656 0.000000
vt -0.006435 -0.189918 0.000000
vt -0.006435 -0.244180 0.000000
vt -0.000000 0.244180 0.000000
vt -0.000000 0.244180 0.000000
vt -0.006435 -0.244180 0.000000
vt -0.490000 -0.596903 0.000000
vt -0.490000 -0.511631 0.000000
vt -0.490000 -0.426359 0.000000
vt -0.490000 -0.341087 0.000000
vt -0.490000 -0.255815 0.000000
vt -0.490000 -0.170544 0.000000
vt -0.490000 -0.085272 0.000000
vt -0.490000 0.000000 0.000000
vt -0.490000 0.085272 0.000000
vt -0.490000 0.170544 0.000000
vt -0.490000 0.255815 0.000000
vt -0.490000 0.341087 0.000000
vt -0.490000 0.426359 0.000000
vt -0.490000 0.511631 0.000000
vt -0.500000 0.596903 0.000000
vt -0.500000 0.511631 0.000000
vt -0.500000 0.426359 0.000000
vt -0.500000 0.341087 0.000000
vt -0.500000 0.255815 0.000000
vt -0.500000 0.170544 0.000000
vt -0.500000 0.085272 0.000000
vt -0.500000 0.000000 0.000000
vt -0.500000 -0.085272 0.000000
vt -0.500000 -0.170544 0.000000
vt -0.500000 -0.255815 0.000000
vt -0.500000 -0.341087 0.000000
vt -0.500000 -0.426359 0.000000
vt -0.500000 -0.511631 0.000000
vt -0.500000 -0.596903 0.000000
vt -0.490000 0.596903 0.000000
vt -0.000000 0.190000 0.000000
vt -0.082438 0.171184 0.000000
vt -0.148548 0.118463 0.000000
vt -0.185236 0.042279 0.000000
vt -0.185236 -0.042279 0.000000
vt -0.148548 -0.118463 0.000000
vt -0.082438 -0.171184 0.000000
vt -0.000000 -0.190000 0.000000
vt 0.082438 -0.171184 0.000000
vt 0.148548 -0.118463 0.000000
vt 0.185236 -0.042279 0.000000
vt 0.185236 0.042279 0.000000
vt 0.148548 0.118463 0.000000
vt 0.082438 0.171184 0.000000
vt -0.089103 0.045670 0.000000
vt -0.084103 0.054330 0.000000
vt -0.080442 0.057990 0.000000
vt -0.075442 0.059330 0.000000
vt -0.070442 0.057990 0.000000
vt -0.045000 0.043301 0.000000
vt -0.031527 0.040926 0.000000
vt -0.019679 0.047766 0.000000
vt -0.015000 0.060622 0.000000
vt -0.015000 0.090000 0.000000
vt -0.013660 0.095000 0.000000
vt -0.010000 0.098660 0.000000
vt -0.005000 0.100000 0.000000
vt 0.005000 0.100000 0.000000
vt 0.010000 0.098660 0.000000
vt 0.013660 0.095000 0.000000
vt 0.015000 0.090000 0.000000
vt 0.015000 0.060622 0.000000
vt 0.019679 0.047766 0.000000
vt 0.031527 0.040926 0.000000
vt 0.045000 0.043301 0.000000
vt 0.070442 0.057990 0.000000
vt 0.075442 0.059330 0.000000
vt 0.080442 0.057990 0.000000
vt 0.084103 0.054330 0.000000
vt 0.089103 0.045670 0.000000
vt 0.090442 0.040670 0.000000
vt 0.089103 0.035670 0.000000
vt 0.085442 0.032010 0.000000
vt 0.060000 0.017321 0.000000
vt 0.051206 0.006840 0.000000
vt 0.051206 -0.006840 0.000000
vt 0.060000 -0.017321 0.000000
vt 0.085442 -0.032010 0.000000
vt 0.089103 -0.035670 0.000000
vt 0.090442 -0.040670 0.000000
vt 0.089103 -0.045670 0.000000
vt 0.084103 -0.054330 0.000000
vt 0.080442 -0.057990 0.000000
vt 0.075442 -0.059330 0.000000
vt 0.070442 -0.057990 0.000000
vt 0.045000 -0.043301 0.000000
vt 0.031527 -0.040926 0.000000
vt 0.019679 -0.047766 0.000000
vt 0.015000 -0.060622 0.000000
vt 0.015000 -0.090000 0.000000
vt 0.013660 -0.095000 0.000000
vt 0.010000 -0.098660 0.000000
vt 0.005000 -0.100000 0.000000
vt -0.005000 -0.100000 0.000000
vt -0.010000 -0.098660 0.000000
vt -0.013660 -0.095000 0.000000
vt -0.015000 -0.090000 0.000000
vt -0.015000 -0.060622 0.000000
vt -0.019679 -0.047766 0.000000
vt -0.031527 -0.040926 0.000000
vt -0.045000 -0.043301 0.000000
vt -0.070442 -0.057990 0.000000
vt -0.075442 -0.059330 0.000000
vt -0.080442 -0.057990 0.000000
vt -0.084103 -0.054330 0.000000
vt -0.089103 -0.045670 0.000000
vt -0.090442 -0.040670 0.000000
vt -0.089103 -0.035670 0.000000
vt -0.085442 -0.032010 0.000000
vt -0.060000 -0.017321 0.000000
vt -0.051206 -0.006840 0.000000
vt -0.051206 0.006840 0.000000
vt -0.060000 0.017321 0.000000
vt -0.085442 0.032010 0.000000
vt -0.089103 0.035670 0.000000
vt -0.090442 0.040670 0.000000
vt 0.075450 -0.075450 0.000000
vt 0.057798 -0.026952 0.000000
vt 0.013102 -0.001146 0.000000
vt -0.037725 -0.010108 0.000000
vt -0.070900 -0.049645 0.000000
vt -0.070900 -0.101255 0.000000
vt -0.037725 -0.140792 0.000000
vt 0.013102 -0.149754 0.000000
vt 0.057798 -0.123948 0.000000
vt 0.050000 0.160622 0.000000
vt 0.050000 0.190000 0.000000
vt -0.000000 0.190000 0.000000
vt -0.000000 0.160622 0.000000
vt -0.000000 0.039378 0.000000
vt -0.000000 0.010000 0.000000
vt 0.050000 0.010000 0.000000
vt 0.050000 0.039378 0.000000
vt -0.050000 0.039378 0.000000
vt -0.050000 0.010000 0.000000
vt 0.000000 0.010000 0.000000
vt 0.000000 0.039378 0.000000
vt 0.010000 0.000000 0.000000
vt 0.020000 0.000000 0.000000
vt 0.020000 0.050000 0.000000
vt 0.010000 0.050000 0.000000
vt 0.000000 0.160622 0.000000
vt 0.000000 0.190000 0.000000
vt -0.050000 0.190000 0.000000
vt -0.050000 0.160622 0.000000
vt 0.000000 -0.010000 0.000000
vt 0.000000 -0.020000 0.000000
vt 0.050000 -0.020000 0.000000
vt 0.050000 -0.010000 0.000000
vt -0.045000 0.043301 0.000000
vt -0.070442 0.057990 0.000000
vt -0.075442 0.059330 0.000000
vt -0.080442 0.057990 0.000000
vt -0.084103 0.054330 0.000000
vt -0.089103 0.045670 0.000000
vt -0.090442 0.040670 0.000000
vt -0.089103 0.035670 0.000000
vt -0.085442 0.032010 0.000000
vt -0.060000 0.017321 0.000000
vt -0.051206 0.006840 0.000000
vt -0.051206 -0.006840 0.000000
vt -0.060000 -0.017321 0.000000
vt -0.085442 -0.032010 0.000000
vt -0.089103 -0.035670 0.000000
vt -0.090442 -0.040670 0.000000
vt -0.089103 -0.045670 0.000000
vt -0.084103 -0.054330 0.000000
vt -0.080442 -0.057990 0.000000
vt -0.075442 -0.059330 0.000000
vt -0.070442 -0.057990 0.000000
vt -0.045000 -0.043301 0.000000
vt -0.031527 -0.040926 0.000000
vt -0.019679 -0.047766 0.000000
vt -0.015000 -0.060622 0.000000
vt -0.015000 -0.090000 0.000000
vt -0.013660 -0.095000 0.000000
vt -0.010000 -0.098660 0.000000
vt -0.005000 -0.100000 0.000000
vt 0.005000 -0.100000 0.000000
vt 0.010000 -0.098660 0.000000
vt 0.013660 -0.095000 0.000000
vt 0.015000 -0.090000 0.000000
vt 0.015000 -0.060622 0.000000
vt 0.019679 -0.047766 0.000000
vt 0.031527 -0.040926 0.000000
vt 0.045000 -0.043301 0.000000
vt 0.070442 -0.057990 0.000000
vt 0.075442 -0.059330 0.000000
vt 0.080442 -0.057990 0.000000
vt 0.084103 -0.054330 0.000000
vt 0.089103 -0.045670 0.000000
vt 0.090442 -0.040670 0.000000
vt 0.089103 -0.035670 0.000000
vt 0.085442 -0.032010 0.000000
vt 0.060000 -0.017321 0.000000
vt 0.051206 -0.006840 0.000000
vt 0.051206 0.006840 0.000000
vt 0.060000 0.017321 0.000000
vt 0.085442 0.032010 0.000000
vt 0.089103 0.035670 0.000000
vt 0.090442 0.040670 0.000000
vt 0.089103 0.045670 0.000000
vt 0.084103 0.054330 0.000000
vt 0.080442 0.057990 0.000000
vt 0.075442 0.059330 0.000000
vt 0.070442 0.057990 0.000000
vt 0.045000 0.043301 0.000000
vt 0.031527 0.040926 0.000000
vt 0.019679 0.047766 0.000000
vt 0.015000 0.060622 0.000000
vt 0.015000 0.090000 0.000000
vt 0.013660 0.095000 0.000000
vt 0.010000 0.098660 0.000000
vt 0.005000 0.100000 0.000000
vt -0.005000 0.100000 0.000000
vt -0.010000 0.098660 0.000000
vt -0.013660 0.095000 0.000000
vt -0.015000 0.090000 0.000000
vt -0.015000 0.060622 0.000000
vt -0.019679 0.047766 0.000000
vt -0.031527 0.040926 0.000000
vt -0.050000 0.020000 0.000000
vt -0.050000 0.010000 0.000000
vt 0.000000 0.010000 0.000000
vt 0.000000 0.020000 0.000000
vt -0.039378 -0.050000 0.000000
vt -0.010000 -0.050000 0.000000
vt -0.010000 0.000000 0.000000
vt -0.039378 0.000000 0.000000
vt 0.000000 0.160622 0.000000
vt 0.000000 0.190000 0.000000
vt -0.050000 0.190000 0.000000
vt -0.050000 0.160622 0.000000
vt -0.010000 0.000000 0.000000
vt -0.020000 0.000000 0.000000
vt -0.020000 -0.050000 0.000000
vt -0.010000 -0.050000 0.000000
vt 0.050000 0.160622 0.000000
vt 0.050000 0.190000 0.000000
vt -0.000000 0.190000 0.000000
vt -0.000000 0.160622 0.000000
vt 0.039378 0.000000 0.000000
vt 0.010000 0.000000 0.000000
vt 0.010000 -0.050000 0.000000
vt 0.039378 -0.050000 0.000000
vt 0.160622 -0.050000 0.000000
vt 0.190000 -0.050000 0.000000
vt 0.190000 0.000000 0.000000
vt 0.160622 0.000000 0.000000
vt -0.160622 0.000000 0.000000
vt -0.190000 0.000000 0.000000
vt -0.190000 -0.050000 0.000000
vt -0.160622 -0.050000 0.000000
vt 0.000000 -0.010000 0.000000
vt 0.000000 -0.020000 0.000000
vt 0.050000 -0.020000 0.000000
vt 0.050000 -0.010000 0.000000
vt -0.000000 0.039378 0.000000
vt -0.000000 0.010000 0.000000
vt 0.050000 0.010000 0.000000
vt 0.050000 0.039378 0.000000
vt 0.000000 0.010000 0.000000
vt 0.000000 0.020000 0.000000
vt -0.050000 0.020000 0.000000
vt -0.050000 0.010000 0.000000
vt -0.050000 0.039378 0.000000
vt -0.050000 0.010000 0.000000
vt 0.000000 0.010000 0.000000
vt 0.000000 0.039378 0.000000
vt -0.000000 0.020944 0.000000
vt -0.000000 0.006981 0.000000
vt -0.000000 -0.006981 0.000000
vt -0.000000 -0.020944 0.000000
vt 0.050000 -0.020944 0.000000
vt 0.050000 -0.006981 0.000000
vt 0.050000 0.006981 0.000000
vt 0.050000 0.020944 0.000000
vt -0.000000 0.010472 0.000000
vt -0.000000 0.024435 0.000000
vt -0.000000 0.038397 0.000000
vt -0.000000 0.052360 0.000000
vt -0.050000 0.052360 0.000000
vt -0.050000 0.038397 0.000000
vt -0.050000 0.024435 0.000000
vt -0.050000 0.010472 0.000000
vt -0.050000 0.020944 0.000000
vt -0.050000 0.006981 0.000000
vt -0.050000 -0.006981 0.000000
vt -0.050000 -0.020944 0.000000
vt -0.000000 -0.020944 0.000000
vt -0.000000 -0.006981 0.000000
vt -0.000000 0.006981 0.000000
vt -0.000000 0.020944 0.000000
vt -0.000000 -0.052360 0.000000
vt -0.000000 -0.038397 0.000000
vt -0.000000 -0.024435 0.000000
vt -0.000000 -0.010472 0.000000
vt -0.050000 -0.010472 0.000000
vt -0.050000 -0.024435 0.000000
vt -0.050000 -0.038397 0.000000
vt -0.050000 -0.052360 0.000000
vt 0.000000 -0.005236 0.000000
vt 0.000000 -0.010472 0.000000
vt 0.000000 -0.015708 0.000000
vt 0.000000 -0.020944 0.000000
vt 0.050000 -0.020944 0.000000
vt 0.050000 -0.015708 0.000000
vt 0.050000 -0.010472 0.000000
vt 0.050000 -0.005236 0.000000
vt 0.000000 -0.010472 0.000000
vt 0.000000 -0.015708 0.000000
vt 0.000000 -0.020944 0.000000
vt 0.000000 -0.026180 0.000000
vt 0.050000 -0.026180 0.000000
vt 0.050000 -0.020944 0.000000
vt 0.050000 -0.015708 0.000000
vt 0.050000 -0.010472 0.000000
vt 0.000000 -0.007854 0.000000
vt 0.000000 -0.002618 0.000000
vt 0.000000 0.002618 0.000000
vt 0.000000 0.007854 0.000000
vt -0.050000 0.007854 0.000000
vt -0.050000 0.002618 0.000000
vt -0.050000 -0.002618 0.000000
vt -0.050000 -0.007854 0.000000
vt 0.000000 0.000000 0.000000
vt 0.000000 -0.005236 0.000000
vt 0.000000 -0.010472 0.000000
vt 0.000000 -0.015708 0.000000
vt 0.050000 -0.015708 0.000000
vt 0.050000 -0.010472 0.000000
vt 0.050000 -0.005236 0.000000
vt 0.050000 0.000000 0.000000
vt 0.000000 0.015708 0.000000
vt 0.000000 0.020944 0.000000
vt 0.000000 0.026180 0.000000
vt 0.000000 0.031416 0.000000
vt -0.050000 0.031416 0.000000
vt -0.050000 0.026180 0.000000
vt -0.050000 0.020944 0.000000
vt -0.050000 0.015708 0.000000
vt 0.000000 0.005236 0.000000
vt 0.000000 0.010472 0.000000
vt 0.000000 0.015708 0.000000
vt 0.000000 0.020944 0.000000
vt -0.050000 0.020944 0.000000
vt -0.050000 0.015708 0.000000
vt -0.050000 0.010472 0.000000
vt -0.050000 0.005236 0.000000
vt 0.000000 0.000000 0.000000
vt 0.000000 0.005236 0.000000
vt 0.000000 0.010472 0.000000
vt 0.000000 0.015708 0.000000
vt -0.050000 0.015708 0.000000
vt -0.050000 0.010472 0.000000
vt -0.050000 0.005236 0.000000
vt -0.050000 0.000000 0.000000
vt 0.000000 -0.015708 0.000000
vt 0.000000 -0.020944 0.000000
vt 0.000000 -0.026180 0.000000
vt 0.000000 -0.031416 0.000000
vt 0.050000 -0.031416 0.000000
vt 0.050000 -0.026180 0.000000
vt 0.050000 -0.020944 0.000000
vt 0.050000 -0.015708 0.000000
vt 0.000000 0.007854 0.000000
vt 0.000000 0.002618 0.000000
vt 0.000000 -0.002618 0.000000
vt 0.000000 -0.007854 0.000000
vt 0.050000 -0.007854 0.000000
vt 0.050000 -0.002618 0.000000
vt 0.050000 0.002618 0.000000
vt 0.050000 0.007854 0.000000
vt 0.000000 0.010472 0.000000
vt 0.000000 0.015708 0.000000
vt 0.000000 0.020944 0.000000
vt 0.000000 0.026180 0.000000
vt -0.050000 0.026180 0.000000
vt -0.050000 0.020944 0.000000
vt -0.050000 0.015708 0.000000
vt -0.050000 0.010472 0.000000
vt -0.000000 -0.244180 0.000000
vt -0.000000 -0.189918 0.000000
vt -0.000000 -0.135656 0.000000
vt -0.000000 -0.081393 0.000000
vt -0.000000 -0.027131 0.000000
vt -0.000000 0.027131 0.000000
vt -0.000000 0.081393 0.000000
vt -0.000000 0.135656 0.000000
vt -0.000000 0.189918 0.000000
vt -0.006435 0.245575 0.000000
vt -0.006435 0.191313 0.000000
vt -0.006435 0.137051 0.000000
vt -0.006435 0.082789 0.000000
vt -0.006435 0.028526 0.000000
vt -0.006435 -0.025736 0.000000
vt -0.006435 -0.079998 0.000000
vt -0.006435 -0.134261 0.000000
vt -0.006435 -0.188523 0.000000
vt -0.006435 -0.242785 0.000000
vt -0.000000 0.244180 0.000000
vt -0.000000 0.244180 0.000000
vt -0.006435 -0.242785 0.000000
vt 0.000000 0.010472 0.000000
vt 0.000000 0.005236 0.000000
vt 0.000000 0.000000 0.000000
vt 0.000000 -0.005236 0.000000
vt 0.050000 -0.005236 0.000000
vt 0.050000 0.000000 0.000000
vt 0.050000 0.005236 0.000000
vt 0.050000 0.010472 0.000000
vt -0.050000 0.005236 0.000000
vt -0.050000 0.000000 0.000000
vt -0.050000 -0.005236 0.000000
vt -0.050000 -0.010472 0.000000
vt 0.000000 -0.010472 0.000000
vt 0.000000 -0.005236 0.000000
vt 0.000000 0.000000 0.000000
vt 0.000000 0.005236 0.000000
vt -0.000000 -0.031416 0.000000
vt -0.000000 -0.017453 0.000000
vt -0.000000 -0.003491 0.000000
vt -0.000000 0.010472 0.000000
vt -0.050000 0.010472 0.000000
vt -0.050000 -0.003491 0.000000
vt -0.050000 -0.017453 0.000000
vt -0.050000 -0.031416 0.000000
vt 0.050000 -0.031416 0.000000
vt 0.050000 -0.017453 0.000000
vt 0.050000 -0.003491 0.000000
vt 0.050000 0.010472 0.000000
vt -0.000000 0.010472 0.000000
vt -0.000000 -0.003491 0.000000
vt -0.000000 -0.017453 0.000000
vt -0.000000 -0.031416 0.000000
vt -0.490000 -0.596903 0.000000
vt -0.490000 -0.511631 0.000000
vt -0.490000 -0.426359 0.000000
vt -0.490000 -0.341087 0.000000
vt -0.490000 -0.255815 0.000000
vt -0.490000 -0.170544 0.000000
vt -0.490000 -0.085272 0.000000
vt -0.490000 0.000000 0.000000
vt -0.490000 0.085272 0.000000
vt -0.490000 0.170544 0.000000
vt -0.490000 0.255815 0.000000
vt -0.490000 0.341087 0.000000
vt -0.490000 0.426359 0.000000
vt -0.490000 0.511631 0.000000
vt -0.500000 0.596903 0.000000
vt -0.500000 0.511631 0.000000
vt -0.500000 0.426359 0.000000
vt -0.500000 0.341087 0.000000
vt -0.500000 0.255815 0.000000
vt -0.500000 0.170544 0.000000
vt -0.500000 0.085272 0.000000
vt -0.500000 0.000000 0.000000
vt -0.500000 -0.085272 0.000000
vt -0.500000 -0.170544 0.000000
vt -0.500000 -0.255815 0.000000
vt -0.500000 -0.341087 0.000000
vt -0.500000 -0.426359 0.000000
vt -0.500000 -0.511631 0.000000
vt -0.500000 -0.596903 0.000000
vt -0.490000 0.596903 0.000000
vt -0.000000 0.190000 0.000000
vt -0.082438 0.171184 0.000000
vt -0.148548 0.118463 0.000000
vt -0.185236 0.042279 0.000000
vt -0.185236 -0.042279 0.000000
vt -0.148548 -0.118463 0.000000
vt -0.082438 -0.171184 0.000000
vt -0.000000 -0.190000 0.000000
vt 0.082438 -0.171184 0.000000
vt 0.148548 -0.118463 0.000000
vt 0.185236 -0.042279 0.000000
vt 0.185236 0.042279 0.000000
vt 0.148548 0.118463 0.000000
vt 0.082438 0.171184 0.000000
vt -0.089103 0.045670 0.000000
vt -0.084103 0.054330 0.000000
vt -0.080442 0.057990 0.000000
vt -0.075442 0.059330 0.000000
vt -0.070442 0.057990 0.000000
vt -0.045000 0.043301 0.000000
vt -0.031527 0.040926 0.000000
vt -0.019679 0.047766 0.000000
vt -0.015000 0.060622 0.000000
vt -0.015000 0.090000 0.000000
vt -0.013660 0.095000 0.000000
vt -0.010000 0.098660 0.000000
vt -0.005000 0.100000 0.000000
vt 0.005000 0.100000 0.000000
vt 0.010000 0.098660 0.000000
vt 0.013660 0.095000 0.000000
vt 0.015000 0.090000 0.000000
vt 0.015000 0.060622 0.000000
vt 0.019679 0.047766 0.000000
vt 0.031527 0.040926 0.000000
vt 0.045000 0.043301 0.000000
vt 0.070442 0.057990 0.000000
vt 0.075442 0.059330 0.000000
vt 0.080442 0.057990 0.000000
vt 0.084103 0.054330 0.000000
vt 0.089103 0.045670 0.000000
vt 0.090442 0.040670 0.000000
vt 0.089103 0.035670 0.000000
vt 0.085442 0.032010 0.000000
vt 0.060000 0.017321 0.000000
vt 0.051206 0.006840 0.000000
vt 0.051206 -0.006840 0.000000
vt 0.060000 -0.017321 0.000000
vt 0.085442 -0.032010 0.000000
vt 0.089103 -0.035670 0.000000
vt 0.090442 -0.040670 0.000000
vt 0.089103 -0.045670 0.000000
vt 0.084103 -0.054330 0.000000
vt 0.080442 -0.057990 0.000000
vt 0.075442 -0.059330 0.000000
vt 0.070442 -0.057990 0.000000
vt 0.045000 -0.043301 0.000000
vt 0.031527 -0.040926 0.000000
vt 0.019679 -0.047766 0.000000
vt 0.015000 -0.060622 0.000000
vt 0.015000 -0.090000 0.000000
vt 0.013660 -0.095000 0.000000
vt 0.010000 -0.098660 0.000000
vt 0.005000 -0.100000 0.000000
vt -0.005000 -0.100000 0.000000
vt -0.010000 -0.098660 0.000000
vt -0.013660 -0.095000 0.000000
vt -0.015000 -0.090000 0.000000
vt -0.015000 -0.060622 0.000000
vt -0.019679 -0.047766 0.000000
vt -0.031527 -0.040926 0.000000
vt -0.045000 -0.043301 0.000000
vt -0.070442 -0.057990 0.000000
vt -0.075442 -0.059330 0.000000
vt -0.080442 -0.057990 0.000000
vt -0.084103 -0.054330 0.000000
vt -0.089103 -0.045670 0.000000
vt -0.090442 -0.040670 0.000000
vt -0.089103 -0.035670 0.000000
vt -0.085442 -0.032010 0.000000
vt -0.060000 -0.017321 0.000000
vt -0.051206 -0.006840 0.000000
vt -0.051206 0.006840 0.000000
vt -0.060000 0.017321 0.000000
vt -0.085442 0.032010 0.000000
vt -0.089103 0.035670 0.000000
vt -0.090442 0.040670 0.000000
vt 0.075450 -0.075450 0.000000
vt 0.057798 -0.026952 0.000000
vt 0.013102 -0.001146 0.000000
vt -0.037725 -0.010108 0.000000
vt -0.070900 -0.049645 0.000000
vt -0.070900 -0.101255 0.000000
vt -0.037725 -0.140792 0.000000
vt 0.013102 -0.149754 0.000000
vt 0.057798 -0.123948 0.000000
vt 0.050000 0.160622 0.000000
vt 0.050000 0.190000 0.000000
vt -0.000000 0.190000 0.000000
vt -0.000000 0.160622 0.000000
vt -0.000000 0.039378 0.000000
vt -0.000000 0.010000 0.000000
vt 0.050000 0.010000 0.000000
vt 0.050000 0.039378 0.000000
vt -0.050000 0.039378 0.000000
vt -0.050000 0.010000 0.000000
vt 0.000000 0.010000 0.000000
vt 0.000000 0.039378 0.000000
vt 0.010000 0.000000 0.000000
vt 0.020000 0.000000 0.000000
vt 0.020000 0.050000 0.000000
vt 0.010000 0.050000 0.000000
vt 0.000000 0.160622 0.000000
vt 0.000000 0.190000 0.000000
vt -0.050000 0.190000 0.000000
vt -0.050000 0.160622 0.000000
vt 0.000000 -0.010000 0.000000
vt 0.000000 -0.020000 0.000000
vt 0.050000 -0.020000 0.000000
vt 0.050000 -0.010000 0.000000
vt -0.045000 0.043301 0.000000
vt -0.070442 0.057990 0.000000
vt -0.075442 0.059330 0.000000
vt -0.080442 0.057990 0.000000
vt -0.084103 0.054330 0.000000
vt -0.089103 0.045670 0.000000
vt -0.090442 0.040670 0.000000
vt -0.089103 0.035670 0.000000
vt -0.085442 0.032010 0.000000
vt -0.060000 0.017321 0.000000
vt -0.051206 0.006840 0.000000
vt -0.051206 -0.006840 0.000000
vt -0.060000 -0.017321 0.000000
vt -0.085442 -0.032010 0.000000
vt -0.089103 -0.035670 0.000000
vt -0.090442 -0.040670 0.000000
vt -0.089103 -0.045670 0.000000
vt -0.084103 -0.054330 0.000000
vt -0.080442 -0.057990 0.000000
vt -0.075442 -0.059330 0.000000
vt -0.070442 -0.057990 0.000000
vt -0.045000 -0.043301 0.000000
vt -0.031527 -0.040926 0.000000
vt -0.019679 -0.047766 0.000000
vt -0.015000 -0.060622 0.000000
vt -0.015000 -0.090000 0.000000
vt -0.013660 -0.095000 0.000000
vt -0.010000 -0.098660 0.000000
vt -0.005000 -0.100000 0.000000
vt 0.005000 -0.100000 0.000000
vt 0.010000 -0.098660 0.000000
vt 0.013660 -0.095000 0.000000
vt 0.015000 -0.090000 0.000000
vt 0.015000 -0.060622 0.000000
vt 0.019679 -0.047766 0.000000
vt 0.031527 -0.040926 0.000000
vt 0.045000 -0.043301 0.000000
vt 0.070442 -0.057990 0.000000
vt 0.075442 -0.059330 0.000000
vt 0.080442 -0.057990 0.000000
vt 0.084103 -0.054330 0.000000
vt 0.089103 -0.045670 0.000000
vt 0.090442 -0.040670 0.000000
vt 0.089103 -0.035670 0.000000
vt 0.085442 -0.032010 0.000000
vt 0.060000 -0.017321 0.000000
vt 0.051206 -0.006840 0.000000
vt 0.051206 0.006840 0.000000
vt 0.060000 0.017321 0.000000
vt 0.085442 0.032010 0.000000
vt 0.089103 0.035670 0.000000
vt 0.090442 0.040670 0.000000
vt 0.089103 0.045670 0.000000
vt 0.084103 0.054330 0.000000
vt 0.080442 0.057990 0.000000
vt 0.075442 0.059330 0.000000
vt 0.070442 0.057990 0.000000
vt 0.045000 0.043301 0.000000
vt 0.031527 0.040926 0.000000
vt 0.019679 0.047766 0.000000
vt 0.015000 0.060622 0.000000
vt 0.015000 0.090000 0.000000
vt 0.013660 0.095000 0.000000
vt 0.010000 0.098660 0.000000
vt 0.005000 0.100000 0.000000
vt -0.005000 0.100000 0.000000
vt -0.010000 0.098660 0.000000
vt -0.013660 0.095000 0.000000
vt -0.015000 0.090000 0.000000
vt -0.015000 0.060622 0.000000
vt -0.019679 0.047766 0.000000
vt -0.031527 0.040926 0.000000
vt -0.050000 0.020000 0.000000
vt -0.050000 0.010000 0.000000
vt 0.000000 0.010000 0.000000
vt 0.000000 0.020000 0.000000
vt -0.039378 -0.050000 0.000000
vt -0.010000 -0.050000 0.000000
vt -0.010000 0.000000 0.000000
vt -0.039378 0.000000 0.000000
vt 0.000000 0.160622 0.000000
vt 0.000000 0.190000 0.000000
vt -0.050000 0.190000 0.000000
vt -0.050000 0.160622 0.000000
vt -0.010000 0.000000 0.000000
vt -0.020000 0.000000 0.000000
vt -0.020000 -0.050000 0.000000
vt -0.010000 -0.050000 0.000000
vt 0.050000 0.160622 0.000000
vt 0.050000 0.190000 0.000000
vt -0.000000 0.190000 0.000000
vt -0.000000 0.160622 0.000000
vt 0.039378 0.000000 0.000000
vt 0.010000 0.000000 0.000000
vt 0.010000 -0.050000 0.000000
vt 0.039378 -0.050000 0.000000
vt 0.160622 -0.050000 0.000000
vt 0.190000 -0.050000 0.000000
vt 0.190000 0.000000 0.000000
vt 0.160622 0.000000 0.000000
vt -0.160622 0.000000 0.000000
vt -0.190000 0.000000 0.000000
vt -0.190000 -0.050000 0.000000
vt -0.160622 -0.050000 0.000000
vt 0.000000 -0.010000 0.000000
vt 0.000000 -0.020000 0.000000
vt 0.050000 -0.020000 0.000000
vt 0.050000 -0.010000 0.000000
vt -0.000000 0.039378 0.000000
vt -0.000000 0.010000 0.000000
vt 0.050000 0.010000 0.000000
vt 0.050000 0.039378 0.000000
vt 0.000000 0.010000 0.000000
vt 0.000000 0.020000 0.000000
vt -0.050000 0.020000 0.000000
vt -0.050000 0.010000 0.000000
vt -0.050000 0.039378 0.000000
vt -0.050000 0.010000 0.000000
vt 0.000000 0.010000 0.000000
vt 0.000000 0.039378 0.000000
vt -0.000000 0.020944 0.000000
vt -0.000000 0.006981 0.000000
vt -0.000000 -0.006981 0.000000
vt -0.000000 -0.020944 0.000000
vt 0.050000 -0.020944 0.000000
vt 0.050000 -0.006981 0.000000
vt 0.050000 0.006981 0.000000
vt 0.050000 0.020944 0.000000
vt -0.000000 0.010472 0.000000
vt -0.000000 0.024435 0.000000
vt -0.000000 0.038397 0.000000
vt -0.000000 0.052360 0.000000
vt -0.050000 0.052360 0.000000
vt -0.050000 0.038397 0.000000
vt -0.050000 0.024435 0.000000
vt -0.050000 0.010472 0.000000
vt -0.050000 0.020944 0.000000
vt -0.050000 0.006981 0.000000
vt -0.050000 -0.006981 0.000000
vt -0.050000 -0.020944 0.000000
vt -0.000000 -0.020944 0.000000
vt -0.000000 -0.006981 0.000000
vt -0.000000 0.006981 0.000000
vt -0.000000 0.020944 0.000000
vt -0.000000 -0.052360 0.000000
vt -0.000000 -0.038397 0.000000
vt -0.000000 -0.024435 0.000000
vt -0.000000 -0.010472 0.000000
vt -0.050000 -0.010472 0.000000
vt -0.050000 -0.024435 0.000000
vt -0.050000 -0.038397 0.000000
vt -0.050000 -0.052360 0.000000
vt 0.000000 -0.005236 0.000000
vt 0.000000 -0.010472 0.000000
vt 0.000000 -0.015708 0.000000
vt 0.000000 -0.020944 0.000000
vt 0.050000 -0.020944 0.000000
vt 0.050000 -0.015708 0.000000
vt 0.050000 -0.010472 0.000000
vt 0.050000 -0.005236 0.000000
vt 0.000000 -0.010472 0.000000
vt 0.000000 -0.015708 0.000000
vt 0.000000 -0.020944 0.000000
vt 0.000000 -0.026180 0.000000
vt 0.050000 -0.026180 0.000000
vt 0.050000 -0.020944 0.000000
vt 0.050000 -0.015708 0.000000
vt 0.050000 -0.010472 0.000000
vt 0.000000 -0.007854 0.000000
vt 0.000000 -0.002618 0.000000
vt 0.000000 0.002618 0.000000
vt 0.000000 0.007854 0.000000
vt -0.050000 0.007854 0.000000
vt -0.050000 0.002618 0.000000
vt -0.050000 -0.002618 0.000000
vt -0.050000 -0.007854 0.000000
vt 0.000000 0.000000 0.000000
vt 0.000000 -0.005236 0.000000
vt 0.000000 -0.010472 0.000000
vt 0.000000 -0.015708 0.000000
vt 0.050000 -0.015708 0.000000
vt 0.050000 -0.010472 0.000000
vt 0.050000 -0.005236 0.000000
vt 0.050000 0.000000 0.000000
vt 0.000000 0.015708 0.000000
vt 0.000000 0.020944 0.000000
vt 0.000000 0.026180 0.000000
vt 0.000000 0.031416 0.000000
vt -0.050000 0.031416 0.000000
vt -0.050000 0.026180 0.000000
vt -0.050000 0.020944 0.000000
vt -0.050000 0.015708 0.000000
vt 0.000000 0.005236 0.000000
vt 0.000000 0.010472 0.000000
vt 0.000000 0.015708 0.000000
vt 0.000000 0.020944 0.000000
vt -0.050000 0.020944 0.000000
vt -0.050000 0.015708 0.000000
vt -0.050000 0.010472 0.000000
vt -0.050000 0.005236 0.000000
vt 0.000000 0.000000 0.000000
vt 0.000000 0.005236 0.000000
vt 0.000000 0.010472 0.000000
vt 0.000000 0.015708 0.000000
vt -0.050000 0.015708 0.000000
vt -0.050000 0.010472 0.000000
vt -0.050000 0.005236 0.000000
vt -0.050000 0.000000 0.000000
vt 0.000000 -0.015708 0.000000
vt 0.000000 -0.020944 0.000000
vt 0.000000 -0.026180 0.000000
vt 0.000000 -0.031416 0.000000
vt 0.050000 -0.031416 0.000000
vt 0.050000 -0.026180 0.000000
vt 0.050000 -0.020944 0.000000
vt 0.050000 -0.015708 0.000000
vt 0.000000 0.007854 0.000000
vt 0.000000 0.002618 0.000000
vt 0.000000 -0.002618 0.000000
vt 0.000000 -0.007854 0.000000
vt 0.050000 -0.007854 0.000000
vt 0.050000 -0.002618 0.000000
vt 0.050000 0.002618 0.000000
vt 0.050000 0.007854 0.000000
vt 0.000000 0.010472 0.000000
vt 0.000000 0.015708 0.000000
vt 0.000000 0.020944 0.000000
vt 0.000000 0.026180 0.000000
vt -0.050000 0.026180 0.000000
vt -0.050000 0.020944 0.000000
vt -0.050000 0.015708 0.000000
vt -0.050000 0.010472 0.000000
vt 0.094550 -0.251327 0.000000
vt 0.094550 -0.195477 0.000000
vt 0.094550 -0.139626 0.000000
vt 0.094550 -0.083776 0.000000
vt 0.094550 -0.027925 0.000000
vt 0.094550 0.027925 0.000000
vt 0.094550 0.083776 0.000000
vt 0.094550 0.139626 0.000000
vt 0.094550 0.195477 0.000000
vt 0.000000 0.251327 0.000000
vt 0.000000 0.195477 0.000000
vt 0.000000 0.139626 0.000000
vt 0.000000 0.083776 0.000000
vt 0.000000 0.027925 0.000000
vt 0.000000 -0.027925 0.000000
vt 0.000000 -0.083776 0.000000
vt 0.000000 -0.139626 0.000000
vt 0.000000 -0.195477 0.000000
vt 0.000000 -0.251327 0.000000
vt 0.094550 0.251327 0.000000
vt -0.000000 -0.565487 0.000000
vt -0.000000 -0.478489 0.000000
vt -0.000000 -0.391491 0.000000
vt -0.000000 -0.304493 0.000000
vt -0.000000 -0.217495 0.000000
vt -0.000000 -0.130497 0.000000
vt -0.000000 -0.043499 0.000000
vt -0.000000 0.043499 0.000000
vt -0.000000 0.130497 0.000000
vt -0.000000 0.217495 0.000000
vt -0.000000 0.304493 0.000000
vt -0.000000 0.391491 0.000000
vt -0.000000 0.478489 0.000000
vt -0.400000 0.565487 0.000000
vt -0.400000 0.478489 0.000000
vt -0.400000 0.391491 0.000000
vt -0.400000 0.304493 0.000000
vt -0.400000 0.217495 0.000000
vt -0.400000 0.130497 0.000000
vt -0.400000 0.043499 0.000000
vt -0.400000 -0.043499 0.000000
vt -0.400000 -0.130497 0.000000
vt -0.400000 -0.217495 0.000000
vt -0.400000 -0.304493 0.000000
vt -0.400000 -0.391491 0.000000
vt -0.400000 -0.478489 0.000000
vt -0.400000 -0.565487 0.000000
vt -0.000000 0.565487 0.000000
vt 0.180000 0.000000 0.000000
vt 0.159382 0.083650 0.000000
vt 0.102252 0.148137 0.000000
vt 0.021697 0.178688 0.000000
vt -0.063829 0.168303 0.000000
vt -0.134732 0.119362 0.000000
vt -0.174770 0.043077 0.000000
vt -0.174770 -0.043077 0.000000
vt -0.134732 -0.119362 0.000000
vt -0.063829 -0.168303 0.000000
vt 0.021697 -0.178688 0.000000
vt 0.102252 -0.148137 0.000000
vt 0.159382 -0.083650 0.000000
vt 0.080000 0.000000 0.000000
vt 0.061284 -0.051423 0.000000
vt 0.013892 -0.078785 0.000000
vt -0.040000 -0.069282 0.000000
vt -0.075175 -0.027362 0.000000
vt -0.075175 0.027362 0.000000
vt -0.040000 0.069282 0.000000
vt 0.013892 0.078785 0.000000
vt 0.061284 0.051423 0.000000
vt 0.600000 -0.408407 0.000000
vt 0.600000 -0.334151 0.000000
vt 0.600000 -0.259895 0.000000
vt 0.600000 -0.185640 0.000000
vt 0.600000 -0.111384 0.000000
vt 0.600000 -0.037128 0.000000
vt 0.600000 0.037128 0.000000
vt 0.600000 0.111384 0.000000
vt 0.600000 0.185640 0.000000
vt 0.600000 0.259895 0.000000
vt 0.600000 0.334151 0.000000
vt 0.000000 0.408407 0.000000
vt 0.000000 0.334151 0.000000
vt 0.000000 0.259895 0.000000
vt 0.000000 0.185640 0.000000
vt 0.000000 0.111384 0.000000
vt 0.000000 0.037128 0.000000
vt 0.000000 -0.037128 0.000000
vt 0.000000 -0.111384 0.000000
vt 0.000000 -0.185640 0.000000
vt 0.000000 -0.259895 0.000000
vt 0.000000 -0.334151 0.000000
vt 0.000000 -0.408407 0.000000
vt 0.600000 0.408407 0.000000
vt -0.192732 0.028062 0.000000
vt -0.185821 -0.058340 0.000000
vt -0.142106 -0.133188 0.000000
vt -0.070245 -0.181655 0.000000
vt 0.015529 -0.194144 0.000000
vt 0.098227 -0.168180 0.000000
vt 0.161470 -0.108906 0.000000
vt 0.192732 -0.028062 0.000000
vt 0.185821 0.058340 0.000000
vt 0.142106 0.133188 0.000000
vt 0.070245 0.181655 0.000000
vt -0.015529 0.194144 0.000000
vt -0.098227 0.168180 0.000000
vt -0.161470 0.108906 0.000000
vt 0.130000 0.000000 0.000000
vt 0.109363 -0.070283 0.000000
vt 0.054004 -0.118252 0.000000
vt -0.018501 -0.128677 0.000000
vt -0.085132 -0.098247 0.000000
vt -0.124734 -0.036625 0.000000
vt -0.124734 0.036625 0.000000
vt -0.085132 0.098247 0.000000
vt -0.018501 0.128677 0.000000
vt 0.054004 0.118252 0.000000
vt 0.109363 0.070283 0.000000
vt -1.213966 1.021593 0.000000
vt -1.211574 1.045614 0.000000
vt -1.198209 1.065714 0.000000
vt -1.176983 1.077211 0.000000
vt -1.156884 1.087700 0.000000
vt -1.143479 1.105977 0.000000
vt -1.139519 1.128289 0.000000
vt -1.139730 1.477886 0.000000
vt -1.103343 1.825585 0.000000
vt -1.030756 2.167563 0.000000
vt -0.922768 2.500065 0.000000
vt -0.780566 2.819434 0.000000
vt -0.605711 3.122162 0.000000
vt -0.400127 3.404922 0.000000
vt -0.166071 3.664607 0.000000
vt 0.093884 3.898362 0.000000
vt 0.145878 3.920011 0.000000
vt 0.201297 3.910110 0.000000
vt 0.242579 3.871798 0.000000
vt 0.576335 3.311561 0.000000
vt 0.648409 3.225007 0.000000
vt 0.743701 3.164961 0.000000
vt 0.852885 3.137301 0.000000
vt 0.965272 3.144735 0.000000
vt 1.069861 3.186534 0.000000
vt 1.156415 3.258607 0.000000
vt 1.216461 3.353899 0.000000
vt 1.244121 3.463083 0.000000
vt 1.236688 3.575470 0.000000
vt 1.194889 3.680060 0.000000
vt 0.861132 4.240297 0.000000
vt 0.847096 4.294839 0.000000
vt 0.864775 4.348289 0.000000
vt 0.908568 4.383704 0.000000
vt 1.245076 4.503141 0.000000
vt 1.592426 4.585915 0.000000
vt 1.946634 4.631076 0.000000
vt 2.303641 4.638107 0.000000
vt 2.659353 4.606928 0.000000
vt 3.009692 4.537895 0.000000
vt 3.350643 4.431800 0.000000
vt 3.678295 4.289859 0.000000
vt 3.988893 4.113700 0.000000
vt 4.278877 3.905342 0.000000
vt 4.544920 3.667174 0.000000
vt 4.783974 3.401927 0.000000
vt 4.805624 3.349933 0.000000
vt 4.795722 3.294513 0.000000
vt 4.757410 3.253232 0.000000
vt 4.197174 2.919475 0.000000
vt 4.110620 2.847402 0.000000
vt 4.050573 2.752110 0.000000
vt 4.022913 2.642926 0.000000
vt 4.030347 2.530539 0.000000
vt 4.072146 2.425949 0.000000
vt 4.144219 2.339395 0.000000
vt 4.239511 2.279349 0.000000
vt 4.348695 2.251689 0.000000
vt 4.461082 2.259123 0.000000
vt 4.565672 2.300921 0.000000
vt 5.125909 2.634678 0.000000
vt 5.180452 2.648715 0.000000
vt 5.233901 2.631035 0.000000
vt 5.269316 2.587243 0.000000
vt 5.341577 2.397684 0.000000
vt 5.402179 2.204082 0.000000
vt 5.450898 2.007154 0.000000
vt 5.862480 2.067080 0.000000
vt 5.773283 2.413108 0.000000
vt 5.651555 2.749074 0.000000
vt 5.498401 3.071929 0.000000
vt 4.814630 2.664577 0.000000
vt 4.635498 2.965263 0.000000
vt 5.319270 3.372615 0.000000
vt 5.084084 3.690659 0.000000
vt 4.816705 3.982161 0.000000
vt 4.520108 4.243876 0.000000
vt 4.197593 4.472894 0.000000
vt 3.852749 4.666666 0.000000
vt 3.489413 4.823036 0.000000
vt 3.111627 4.940263 0.000000
vt 2.723594 5.017045 0.000000
vt 2.329632 5.052525 0.000000
vt 1.934124 5.046311 0.000000
vt 1.541472 4.998470 0.000000
vt 1.156043 4.909536 0.000000
vt 0.782126 4.780497 0.000000
vt 0.423882 4.612789 0.000000
vt 0.831234 3.929017 0.000000
vt 0.530548 3.749886 0.000000
vt 0.123196 4.433658 0.000000
vt -0.194849 4.198472 0.000000
vt -0.486350 3.931093 0.000000
vt -0.748066 3.634496 0.000000
vt -0.977084 3.311981 0.000000
vt -1.170855 2.967137 0.000000
vt -1.327225 2.603801 0.000000
vt -1.444452 2.226014 0.000000
vt -1.521234 1.837982 0.000000
vt -1.556715 1.444020 0.000000
vt -1.550500 1.048512 0.000000
vt -1.502660 0.655860 0.000000
vt -1.413725 0.270431 0.000000
vt -1.284686 -0.103486 0.000000
vt -1.116979 -0.461730 0.000000
vt -0.433207 -0.054379 0.000000
vt -0.254075 -0.355064 0.000000
vt -0.911129 -0.746499 0.000000
vt -0.680230 -1.058831 0.000000
vt -0.418015 -1.345376 0.000000
vt -0.127343 -1.603010 0.000000
vt 0.188615 -1.828921 0.000000
vt 0.526412 -2.020646 0.000000
vt 0.882364 -2.176093 0.000000
vt 1.252587 -2.293566 0.000000
vt 1.633044 -2.371785 0.000000
vt 2.019583 -2.409896 0.000000
vt 2.407989 -2.407482 0.000000
vt 2.794026 -2.364571 0.000000
vt 3.173481 -2.281631 0.000000
vt 3.542216 -2.159566 0.000000
vt 3.896208 -1.999708 0.000000
vt 3.904080 -1.992396 0.000000
vt 3.907032 -1.982062 0.000000
vt 3.904212 -1.971689 0.000000
vt 3.550006 -1.377128 0.000000
vt 3.538742 -1.337278 0.000000
vt 3.548911 -1.297135 0.000000
vt 3.577790 -1.267455 0.000000
vt 3.792566 -1.139505 0.000000
vt 3.832415 -1.128240 0.000000
vt 3.872558 -1.138410 0.000000
vt 3.902238 -1.167289 0.000000
vt 4.256444 -1.761850 0.000000
vt 4.264223 -1.769269 0.000000
vt 4.274715 -1.771593 0.000000
vt 4.284893 -1.768152 0.000000
vt 4.597357 -1.530131 0.000000
vt 4.882972 -1.260481 0.000000
vt 5.138555 -0.962210 0.000000
vt 5.361251 -0.638646 0.000000
vt 5.548579 -0.293399 0.000000
vt 5.698448 0.069681 0.000000
vt 5.809185 0.446543 0.000000
vt 5.879556 0.832982 0.000000
vt 5.908776 1.224688 0.000000
vt 5.896518 1.617291 0.000000
vt 5.515734 1.561849 0.000000
vt 5.524083 1.203461 0.000000
vt 5.493915 0.846246 0.000000
vt 5.425577 0.494334 0.000000
vt 5.319860 0.151790 0.000000
vt 5.177987 -0.177427 0.000000
vt 5.001594 -0.489514 0.000000
vt 4.792722 -0.780863 0.000000
vt 4.553783 -1.048109 0.000000
vt 4.287539 -1.288164 0.000000
vt 4.235545 -1.309813 0.000000
vt 4.180126 -1.299912 0.000000
vt 4.138844 -1.261599 0.000000
vt 3.805087 -0.701363 0.000000
vt 3.733014 -0.614809 0.000000
vt 3.637722 -0.554763 0.000000
vt 3.528538 -0.527103 0.000000
vt 3.416151 -0.534536 0.000000
vt 3.311561 -0.576335 0.000000
vt 3.225007 -0.648409 0.000000
vt 3.164961 -0.743701 0.000000
vt 3.137301 -0.852885 0.000000
vt 3.144735 -0.965272 0.000000
vt 3.186534 -1.069861 0.000000
vt 3.520290 -1.630098 0.000000
vt 3.534327 -1.684641 0.000000
vt 3.516647 -1.738090 0.000000
vt 3.472855 -1.773505 0.000000
vt 3.136347 -1.892943 0.000000
vt 2.788997 -1.975716 0.000000
vt 2.434788 -2.020878 0.000000
vt 2.077782 -2.027909 0.000000
vt 1.722070 -1.996729 0.000000
vt 1.371730 -1.927696 0.000000
vt 1.030780 -1.821601 0.000000
vt 0.703128 -1.679661 0.000000
vt 0.392529 -1.503502 0.000000
vt 0.102546 -1.295144 0.000000
vt -0.163497 -1.056976 0.000000
vt -0.402552 -0.791728 0.000000
vt -0.424200 -0.739735 0.000000
vt -0.414300 -0.684315 0.000000
vt -0.375987 -0.643033 0.000000
vt 0.184249 -0.309277 0.000000
vt 0.270803 -0.237204 0.000000
vt 0.330849 -0.141911 0.000000
vt 0.358509 -0.032728 0.000000
vt 0.351076 0.079660 0.000000
vt 0.309277 0.184249 0.000000
vt 0.237204 0.270803 0.000000
vt 0.141911 0.330849 0.000000
vt 0.032728 0.358509 0.000000
vt -0.079660 0.351076 0.000000
vt -0.184249 0.309277 0.000000
vt -0.744486 -0.024480 0.000000
vt -0.799029 -0.038516 0.000000
vt -0.852478 -0.020837 0.000000
vt -0.887893 0.022956 0.000000
vt -0.951305 0.187320 0.000000
vt -1.005948 0.354803 0.000000
vt -1.051671 0.524938 0.000000
vt -1.061829 0.545195 0.000000
vt -1.079890 0.558890 0.000000
vt -1.102145 0.563213 0.000000
vt -1.125768 0.568179 0.000000
vt -1.144310 0.583634 0.000000
vt -1.153452 0.605976 0.000000
vt 0.885612 3.625811 0.000000
vt 0.955895 3.605174 0.000000
vt 1.003864 3.549815 0.000000
vt 1.014289 3.477309 0.000000
vt 0.983860 3.410679 0.000000
vt 0.922237 3.371077 0.000000
vt 0.848987 3.371077 0.000000
vt 0.787365 3.410679 0.000000
vt 0.756935 3.477309 0.000000
vt 0.767360 3.549815 0.000000
vt 0.815329 3.605174 0.000000
vt 3.495811 -1.015612 0.000000
vt 3.425527 -0.994975 0.000000
vt 3.377558 -0.939616 0.000000
vt 3.367134 -0.867111 0.000000
vt 3.397563 -0.800480 0.000000
vt 3.459185 -0.760878 0.000000
vt 3.532436 -0.760878 0.000000
vt 3.594058 -0.800480 0.000000
vt 3.624487 -0.867111 0.000000
vt 3.614063 -0.939616 0.000000
vt 3.566094 -0.994975 0.000000
vt 4.511423 2.610198 0.000000
vt 4.490786 2.539915 0.000000
vt 4.435427 2.491946 0.000000
vt 4.362922 2.481522 0.000000
vt 4.296291 2.511951 0.000000
vt 4.256689 2.573573 0.000000
vt 4.256689 2.646824 0.000000
vt 4.296291 2.708446 0.000000
vt 4.362922 2.738875 0.000000
vt 4.435427 2.728451 0.000000
vt 4.490786 2.680482 0.000000
vt -0.130000 0.000000 0.000000
vt -0.109363 0.070283 0.000000
vt -0.054004 0.118252 0.000000
vt 0.018501 0.128677 0.000000
vt 0.085132 0.098247 0.000000
vt 0.124734 0.036625 0.000000
vt 0.124734 -0.036625 0.000000
vt 0.085132 -0.098247 0.000000
vt 0.018501 -0.128677 0.000000
vt -0.054004 -0.118252 0.000000
vt -0.109363 -0.070283 0.000000
vn 0.000000 0.000000 -0.100000
vn 0.000000 0.000000 -0.100000
vn 0.000000 0.000000 -0.100000
vn 0.000000 0.000000 -0.100000
vn 0.000000 0.000000 -0.100000
vn 0.000000 0.000000 -0.100000
vn 0.000000 0.000000 -0.100000
vn 0.000000 0.000000 -0.100000
vn 0.000000 0.000000 -0.100000
vn 0.000000 0.000000 -0.100000
vn 0.000000 0.000000 -0.100000
vn 0.000000 0.000000 -0.100000
vn 0.000000 0.000000 -0.100000
vn 0.000000 0.000000 -0.100000
vn 0.000000 0.000000 -0.100000
vn 0.000000 0.000000 -0.100000
vn 0.000000 0.000000 -0.100000
vn 0.000000 0.000000 -0.100000
vn 0.000000 0.000000 -0.100000
vn 0.000000 0.000000 -0.100000
vn 0.000000 -0.100000 0.000000
vn 0.058779 -0.080902 0.000000
vn 0.095106 -0.030902 0.000000
vn 0.095106 0.030902 0.000000
vn 0.058779 0.080902 0.000000
vn 0.000000 0.100000 0.000000
vn -0.058779 0.080902 0.000000
vn -0.095106 0.030902 0.000000
vn -0.095106 -0.030902 0.000000
vn -0.058779 -0.080902 0.000000
vn 0.001795 -0.099984 0.000000
vn -0.057317 -0.081944 0.000000
vn -0.094536 -0.032604 0.000000
vn -0.095645 0.029190 0.000000
vn -0.060221 0.079834 0.000000
vn -0.001795 0.099984 0.000000
vn 0.057317 0.081944 0.000000
vn 0.094536 0.032604 0.000000
vn 0.095645 -0.029190 0.000000
vn 0.060221 -0.079834 0.000000
vn 0.001795 -0.099984 0.000000
vn 0.000000 -0.100000 0.000000
vn 0.000000 -0.100000 0.000000
vn 0.001795 -0.099984 0.000000
vn 0.000000 0.000000 -0.100000
vn 0.000000 0.000000 -0.100000
vn 0.000000 0.000000 -0.100000
vn 0.000000 0.000000 -0.100000
vn 0.000000 0.000000 -0.100000
vn 0.000000 0.000000 -0.100000
vn 0.000000 0.000000 -0.100000
vn 0.000000 0.000000 -0.100000
vn 0.000000 0.000000 -0.100000
vn 0.000000 0.000000 -0.100000
vn 0.000000 0.000000 -0.100000
vn 0.000000 0.000000 -0.100000
vn 0.000000 0.000000 -0.100000
vn 0.000000 0.000000 -0.100000
vn 0.000000 0.000000 -0.100000
vn 0.000000 0.000000 -0.100000
vn 0.000000 0.000000 -0.100000
vn 0.000000 0.000000 -0.100000
vn 0.000000 0.000000 -0.100000
vn -0.001795 0.099984 0.000000
vn -0.065643 0.075438 0.000000
vn -0.098777 0.015594 0.000000
vn -0.085691 -0.051546 0.000000
vn -0.032510 -0.094568 0.000000
vn 0.035883 -0.093340 0.000000
vn 0.087486 -0.048438 0.000000
vn 0.098153 0.019130 0.000000
vn 0.062893 0.077746 0.000000
vn -0.001795 0.099984 0.000000
vn 0.062893 0.077746 0.000000
vn 0.098153 0.019130 0.000000
vn 0.087486 -0.048438 0.000000
vn 0.035883 -0.093340 0.000000
vn -0.032510 -0.094568 0.000000
vn -0.085691 -0.051546 0.000000
vn -0.098777 0.015594 0.000000
vn -0.065643 0.075438 0.000000
vn -0.001795 0.099984 0.000000
vn -0.001795 0.099984 0.000000
vn -0.001269 0.070699 0.070711
vn -0.042583 0.056451 0.070711
vn -0.067631 0.020640 0.070711
vn -0.066847 -0.023054 0.070711
vn -0.040529 -0.057943 0.070711
vn 0.001269 -0.070699 0.070711
vn 0.042583 -0.056451 0.070711
vn 0.067631 -0.020640 0.070711
vn 0.066847 0.023054 0.070711
vn 0.040529 0.057943 0.070711
vn -0.001269 0.070699 0.070711
vn 0.044472 0.054975 0.070711
vn 0.069405 0.013527 0.070711
vn 0.061862 -0.034251 0.070711
vn 0.025373 -0.066002 0.070711
vn -0.022988 -0.066870 0.070711
vn -0.060593 -0.036449 0.070711
vn -0.069846 0.011027 0.070711
vn -0.046417 0.053343 0.070711
vn -0.001269 0.070699 0.070711
vn -0.001269 0.070699 0.070711
vn -0.001269 0.070699 0.070711
vn -0.001795 0.099984 0.000000
vn -0.060221 0.079834 0.000000
vn -0.095645 0.029190 0.000000
vn -0.094536 -0.032604 0.000000
vn -0.057317 -0.081944 0.000000
vn 0.001795 -0.099984 0.000000
vn 0.060221 -0.079834 0.000000
vn 0.095645 -0.029190 0.000000
vn 0.094536 0.032604 0.000000
vn 0.057317 0.081944 0.000000
vn -0.001795 0.099984 0.000000
vn 0.057317 0.081944 0.000000
vn 0.094536 0.032604 0.000000
vn 0.095645 -0.029190 0.000000
vn 0.060221 -0.079834 0.000000
vn 0.001795 -0.099984 0.000000
vn -0.057317 -0.081944 0.000000
vn -0.094536 -0.032604 0.000000
vn -0.095645 0.029190 0.000000
vn -0.060221 0.079834 0.000000
vn -0.001795 0.099984 0.000000
vn -0.001795 0.099984 0.000000
vn 0.000000 0.000000 -0.100000
vn 0.000000 0.000000 -0.100000
vn 0.000000 0.000000 -0.100000
vn 0.000000 0.000000 -0.100000
vn 0.000000 0.000000 -0.100000
vn 0.000000 0.000000 -0.100000
vn 0.000000 0.000000 -0.100000
vn 0.000000 0.000000 -0.100000
vn 0.000000 0.000000 -0.100000
vn 0.000000 0.000000 -0.100000
vn 0.000000 0.000000 -0.100000
vn 0.000000 0.000000 -0.100000
vn 0.000000 0.000000 -0.100000
vn 0.000000 0.000000 -0.100000
vn 0.000000 0.000000 -0.100000
vn 0.000000 0.000000 -0.100000
vn 0.000000 0.000000 -0.100000
vn 0.000000 0.000000 -0.100000
vn 0.000000 0.000000 -0.100000
vn 0.070711 0.000000 0.070711
vn 0.057206 0.041563 0.070711
vn 0.021851 0.067250 0.070711
vn -0.021851 0.067250 0.070711
vn -0.057206 0.041563 0.070711
vn -0.070711 0.000000 0.070711
vn -0.057206 -0.041563 0.070711
vn -0.021851 -0.067250 0.070711
vn 0.021851 -0.067250 0.070711
vn 0.057206 -0.041563 0.070711
vn 0.070699 0.001269 0.070711
vn 0.054975 -0.044472 0.070711
vn 0.013527 -0.069405 0.070711
vn -0.034251 -0.061862 0.070711
vn -0.066002 -0.025373 0.070711
vn -0.066870 0.022988 0.070711
vn -0.036449 0.060593 0.070711
vn 0.011027 0.069846 0.070711
vn 0.053343 0.046417 0.070711
vn 0.070711 0.000000 0.070711
vn 0.070699 0.001269 0.070711
vn 0.070699 0.001269 0.070711
vn 0.099984 0.001795 0.000000
vn 0.075438 0.065643 0.000000
vn 0.015594 0.098777 0.000000
vn -0.051546 0.085691 0.000000
vn -0.094568 0.032510 0.000000
vn -0.093340 -0.035883 0.000000
vn -0.048438 -0.087486 0.000000
vn 0.019130 -0.098153 0.000000
vn 0.077746 -0.062893 0.000000
vn 0.099984 0.001795 0.000000
vn 0.077746 -0.062893 0.000000
vn 0.019130 -0.098153 0.000000
vn -0.048438 -0.087486 0.000000
vn -0.093340 -0.035883 0.000000
vn -0.094568 0.032510 0.000000
vn -0.051546 0.085691 0.000000
vn 0.015594 0.098777 0.000000
vn 0.075438 0.065643 0.000000
vn 0.099984 0.001795 0.000000
vn 0.099984 0.001795 0.000000
vn 0.099984 0.001795 0.000000
vn 0.079834 0.060221 0.000000
vn 0.029190 0.095645 0.000000
vn -0.032604 0.094536 0.000000
vn -0.081944 0.057317 0.000000
vn -0.099984 -0.001795 0.000000
vn -0.079834 -0.060221 0.000000
vn -0.029190 -0.095645 0.000000
vn 0.032604 -0.094536 0.000000
vn 0.081944 -0.057317 0.000000
vn 0.099984 0.001795 0.000000
vn 0.081944 -0.057317 0.000000
vn 0.032604 -0.094536 0.000000
vn -0.029190 -0.095645 0.000000
vn -0.079834 -0.060221 0.000000
vn -0.099984 -0.001795 0.000000
vn -0.081944 0.057317 0.000000
vn -0.032604 0.094536 0.000000
vn 0.029190 0.095645 0.000000
vn 0.079834 0.060221 0.000000
vn 0.099984 0.001795 0.000000
vn 0.099984 0.001795 0.000000
vn 0.000000 0.000000 -0.100000
vn 0.000000 0.000000 -0.100000
vn 0.000000 0.000000 -0.100000
vn 0.000000 0.000000 -0.100000
vn 0.000000 0.000000 -0.100000
vn 0.000000 0.000000 -0.100000
vn 0.000000 0.000000 -0.100000
vn 0.000000 0.000000 -0.100000
vn 0.000000 0.000000 -0.100000
vn 0.000000 0.000000 -0.100000
vn 0.000000 0.000000 -0.100000
vn 0.000000 0.000000 -0.100000
vn 0.000000 0.000000 -0.100000
vn 0.000000 0.000000 -0.100000
vn 0.000000 0.000000 -0.100000
vn 0.000000 0.000000 -0.100000
vn 0.000000 0.000000 -0.100000
vn 0.000000 0.000000 -0.100000
vn 0.000000 0.000000 -0.100000
vn 0.000000 0.000000 -0.100000
vn -0.100000 0.000000 0.000000
vn -0.080902 -0.058779 0.000000
vn -0.030902 -0.095106 0.000000
vn 0.030902 -0.095106 0.000000
vn 0.080902 -0.058779 0.000000
vn 0.100000 0.000000 0.000000
vn 0.080902 0.058779 0.000000
vn 0.030902 0.095106 0.000000
vn -0.030902 0.095106 0.000000
vn -0.080902 0.058779 0.000000
vn -0.100000 0.000000 0.000000
vn -0.080902 0.058779 0.000000
vn -0.030902 0.095106 0.000000
vn 0.030902 0.095106 0.000000
vn 0.080902 0.058779 0.000000
vn 0.100000 0.000000 0.000000
vn 0.080902 -0.058779 0.000000
vn 0.030902 -0.095106 0.000000
vn -0.030902 -0.095106 0.000000
vn -0.080902 -0.058779 0.000000
vn -0.100000 0.000000 0.000000
vn -0.100000 0.000000 0.000000
vn 0.000000 0.100000 0.000000
vn -0.058779 0.080902 0.000000
vn -0.095106 0.030902 0.000000
vn -0.095106 -0.030902 0.000000
vn -0.058779 -0.080902 0.000000
vn 0.000000 -0.100000 0.000000
vn 0.058779 -0.080902 0.000000
vn 0.095106 -0.030902 0.000000
vn 0.095106 0.030902 0.000000
vn 0.058779 0.080902 0.000000
vn -0.001795 0.099984 0.000000
vn 0.057317 0.081944 0.000000
vn 0.094536 0.032604 0.000000
vn 0.095645 -0.029190 0.000000
vn 0.060221 -0.079834 0.000000
vn 0.001795 -0.099984 0.000000
vn -0.057317 -0.081944 0.000000
vn -0.094536 -0.032604 0.000000
vn -0.095645 0.029190 0.000000
vn -0.060221 0.079834 0.000000
vn -0.001795 0.099984 0.000000
vn 0.000000 0.100000 0.000000
vn 0.000000 0.100000 0.000000
vn -0.001795 0.099984 0.000000
vn 0.000000 0.000000 -0.100000
vn 0.000000 0.000000 -0.100000
vn 0.000000 0.000000 -0.100000
vn 0.000000 0.000000 -0.100000
vn 0.000000 0.000000 -0.100000
vn 0.000000 0.000000 -0.100000
vn 0.000000 0.000000 -0.100000
vn 0.000000 0.000000 -0.100000
vn 0.000000 0.000000 -0.100000
vn 0.000000 0.000000 -0.100000
vn 0.000000 0.000000 -0.100000
vn 0.000000 0.000000 -0.100000
vn 0.000000 0.000000 -0.100000
vn 0.000000 0.000000 -0.100000
vn 0.000000 0.000000 -0.100000
vn 0.000000 0.000000 -0.100000
vn 0.000000 0.000000 -0.100000
vn 0.000000 0.000000 -0.100000
vn 0.000000 0.000000 -0.100000
vn 0.000000 0.000000 -0.100000
vn 0.001795 -0.099984 0.000000
vn 0.060221 -0.079834 0.000000
vn 0.095645 -0.029190 0.000000
vn 0.094536 0.032604 0.000000
vn 0.057317 0.081944 0.000000
vn -0.001795 0.099984 0.000000
vn -0.060221 0.079834 0.000000
vn -0.095645 0.029190 0.000000
vn -0.094536 -0.032604 0.000000
vn -0.057317 -0.081944 0.000000
vn 0.001795 -0.099984 0.000000
vn -0.057317 -0.081944 0.000000
vn -0.094536 -0.032604 0.000000
vn -0.095645 0.029190 0.000000
vn -0.060221 0.079834 0.000000
vn -0.001795 0.099984 0.000000
vn 0.057317 0.081944 0.000000
vn 0.094536 0.032604 0.000000
vn 0.095645 -0.029190 0.000000
vn 0.060221 -0.079834 0.000000
vn 0.001795 -0.099984 0.000000
vn 0.001795 -0.099984 0.000000
vn 0.001795 -0.099984 0.000000
vn 0.065643 -0.075438 0.000000
vn 0.098777 -0.015594 0.000000
vn 0.085691 0.051546 0.000000
vn 0.032510 0.094568 0.000000
vn -0.035883 0.093340 0.000000
vn -0.087486 0.048438 0.000000
vn -0.098153 -0.019130 0.000000
vn -0.062893 -0.077746 0.000000
vn 0.001795 -0.099984 0.000000
vn -0.062893 -0.077746 0.000000
vn -0.098153 -0.019130 0.000000
vn -0.087486 0.048438 0.000000
vn -0.035883 0.093340 0.000000
vn 0.032510 0.094568 0.000000
vn 0.085691 0.051546 0.000000
vn 0.098777 -0.015594 0.000000
vn 0.065643 -0.075438 0.000000
vn 0.001795 -0.099984 0.000000
vn 0.001795 -0.099984 0.000000
vn 0.001269 -0.070699 0.070711
vn 0.042583 -0.056451 0.070711
vn 0.067631 -0.020640 0.070711
vn 0.066847 0.023054 0.070711
vn 0.040529 0.057943 0.070711
vn -0.001269 0.070699 0.070711
vn -0.042583 0.056451 0.070711
vn -0.067631 0.020640 0.070711
vn -0.066847 -0.023054 0.070711
vn -0.040529 -0.057943 0.070711
vn 0.001269 -0.070699 0.070711
vn -0.044472 -0.054975 0.070711
vn -0.069405 -0.013527 0.070711
vn -0.061862 0.034251 0.070711
vn -0.025373 0.066002 0.070711
vn 0.022988 0.066870 0.070711
vn 0.060593 0.036449 0.070711
vn 0.069846 -0.011027 0.070711
vn 0.046417 -0.053343 0.070711
vn 0.001269 -0.070699 0.070711
vn 0.001269 -0.070699 0.070711
vn 0.001269 -0.070699 0.070711
vn 0.000000 0.000000 -0.100000
vn 0.000000 0.000000 -0.100000
vn 0.000000 0.000000 -0.100000
vn 0.000000 0.000000 -0.100000
vn 0.000000 0.000000 -0.100000
vn 0.000000 0.000000 -0.100000
vn 0.000000 0.000000 -0.100000
vn 0.000000 0.000000 -0.100000
vn 0.000000 0.000000 -0.100000
vn 0.000000 0.000000 -0.100000
vn 0.000000 0.000000 -0.100000
vn 0.000000 0.000000 -0.100000
vn 0.000000 0.000000 -0.100000
vn 0.000000 0.000000 -0.100000
vn 0.000000 0.000000 -0.100000
vn 0.000000 0.000000 -0.100000
vn 0.000000 0.000000 -0.100000
vn 0.000000 0.000000 -0.100000
vn 0.000000 0.000000 -0.100000
vn 0.000000 0.000000 -0.100000
vn 0.000000 0.000000 -0.100000
vn 0.000000 0.000000 -0.100000
vn 0.000000 0.000000 -0.100000
vn 0.000000 0.000000 -0.100000
vn 0.000000 0.000000 -0.100000
vn 0.000000 0.000000 -0.100000
vn 0.000000 0.000000 -0.100000
vn 0.000000 0.000000 -0.100000
vn 0.000000 0.000000 -0.100000
vn 0.000000 0.000000 -0.100000
vn 0.000000 0.000000 -0.100000
vn 0.000000 0.000000 -0.100000
vn 0.000000 0.000000 -0.100000
vn 0.000000 0.000000 -0.100000
vn 0.000000 0.000000 -0.100000
vn 0.000000 0.000000 -0.100000
vn 0.000000 0.000000 -0.100000
vn 0.000000 0.000000 -0.100000
vn 0.000000 0.000000 -0.100000
vn 0.000000 0.000000 -0.100000
vn 0.000000 0.000000 -0.100000
vn 0.000000 0.000000 -0.100000
vn 0.000000 0.000000 -0.100000
vn 0.000000 0.000000 -0.100000
vn 0.000000 0.000000 -0.100000
vn 0.000000 0.000000 -0.100000
vn 0.000000 0.000000 -0.100000
vn 0.000000 0.000000 -0.100000
vn 0.000000 0.000000 -0.100000
vn 0.000000 0.000000 -0.100000
vn 0.000000 0.000000 -0.100000
vn 0.000000 0.000000 -0.100000
vn 0.000000 0.000000 -0.100000
vn 0.000000 0.000000 -0.100000
vn 0.000000 0.000000 -0.100000
vn 0.000000 0.000000 -0.100000
vn 0.000000 0.000000 -0.100000
vn 0.000000 0.000000 -0.100000
vn -0.070711 0.000000 0.070711
vn -0.057206 -0.041563 0.070711
vn -0.021851 -0.067250 0.070711
vn 0.021851 -0.067250 0.070711
vn 0.057206 -0.041563 0.070711
vn 0.070711 0.000000 0.070711
vn 0.057206 0.041563 0.070711
vn 0.021851 0.067250 0.070711
vn -0.021851 0.067250 0.070711
vn -0.057206 0.041563 0.070711
vn -0.070699 -0.001269 0.070711
vn -0.054975 0.044472 0.070711
vn -0.013527 0.069405 0.070711
vn 0.034251 0.061862 0.070711
vn 0.066002 0.025373 0.070711
vn 0.066870 -0.022988 0.070711
vn 0.036449 -0.060593 0.070711
vn -0.011027 -0.069846 0.070711
vn -0.053343 -0.046417 0.070711
vn -0.070711 0.000000 0.070711
vn -0.070699 -0.001269 0.070711
vn -0.070699 -0.001269 0.070711
vn -0.099984 -0.001795 0.000000
vn -0.075438 -0.065643 0.000000
vn -0.015594 -0.098777 0.000000
vn 0.051546 -0.085691 0.000000
vn 0.094568 -0.032510 0.000000
vn 0.093340 0.035883 0.000000
vn 0.048438 0.087486 0.000000
vn -0.019130 0.098153 0.000000
vn -0.077746 0.062893 0.000000
vn -0.099984 -0.001795 0.000000
vn -0.077746 0.062893 0.000000
vn -0.019130 0.098153 0.000000
vn 0.048438 0.087486 0.000000
vn 0.093340 0.035883 0.000000
vn 0.094568 -0.032510 0.000000
vn 0.051546 -0.085691 0.000000
vn -0.015594 -0.098777 0.000000
vn -0.075438 -0.065643 0.000000
vn -0.099984 -0.001795 0.000000
vn -0.099984 -0.001795 0.000000
vn -0.099984 -0.001795 0.000000
vn -0.079834 -0.060221 0.000000
vn -0.029190 -0.095645 0.000000
vn 0.032604 -0.094536 0.000000
vn 0.081944 -0.057317 0.000000
vn 0.099984 0.001795 0.000000
vn 0.079834 0.060221 0.000000
vn 0.029190 0.095645 0.000000
vn -0.032604 0.094536 0.000000
vn -0.081944 0.057317 0.000000
vn -0.099984 -0.001795 0.000000
vn -0.081944 0.057317 0.000000
vn -0.032604 0.094536 0.000000
vn 0.029190 0.095645 0.000000
vn 0.079834 0.060221 0.000000
vn 0.099984 0.001795 0.000000
vn 0.081944 -0.057317 0.000000
vn 0.032604 -0.094536 0.000000
vn -0.029190 -0.095645 0.000000
vn -0.079834 -0.060221 0.000000
vn -0.099984 -0.001795 0.000000
vn -0.099984 -0.001795 0.000000
vn 0.100000 0.000000 0.000000
vn 0.080902 0.058779 0.000000
vn 0.030902 0.095106 0.000000
vn -0.030902 0.095106 0.000000
vn -0.080902 0.058779 0.000000
vn -0.100000 0.000000 0.000000
vn -0.080902 -0.058779 0.000000
vn -0.030902 -0.095106 0.000000
vn 0.030902 -0.095106 0.000000
vn 0.080902 -0.058779 0.000000
vn 0.100000 0.000000 0.000000
vn 0.080902 -0.058779 0.000000
vn 0.030902 -0.095106 0.000000
vn -0.030902 -0.095106 0.000000
vn -0.080902 -0.058779 0.000000
vn -0.100000 0.000000 0.000000
vn -0.080902 0.058779 0.000000
vn -0.030902 0.095106 0.000000
vn 0.030902 0.095106 0.000000
vn 0.080902 0.058779 0.000000
vn 0.100000 0.000000 0.000000
vn 0.100000 0.000000 0.000000
vn -0.001269 0.070699 0.070711
vn 0.044472 0.054975 0.070711
vn 0.069405 0.013527 0.070711
vn 0.061862 -0.034251 0.070711
vn 0.025373 -0.066002 0.070711
vn -0.022988 -0.066870 0.070711
vn -0.060593 -0.036449 0.070711
vn -0.069846 0.011027 0.070711
vn -0.046417 0.053343 0.070711
vn 0.000000 0.070711 0.070711
vn -0.045452 0.054168 0.070711
vn -0.069636 0.012279 0.070711
vn -0.061237 -0.035355 0.070711
vn -0.024184 -0.066446 0.070711
vn 0.024184 -0.066446 0.070711
vn 0.061237 -0.035355 0.070711
vn 0.069636 0.012279 0.070711
vn 0.045452 0.054168 0.070711
vn 0.000000 0.070711 0.070711
vn -0.001269 0.070699 0.070711
vn -0.001269 0.070699 0.070711
vn 0.000000 0.070711 0.070711
vn 0.085691 0.051546 0.000000
vn 0.048438 0.087486 0.000000
vn -0.001795 0.099984 0.000000
vn -0.051546 0.085691 0.000000
vn -0.051546 0.085691 0.000000
vn -0.001795 0.099984 0.000000
vn 0.048438 0.087486 0.000000
vn 0.085691 0.051546 0.000000
vn 0.051546 -0.085691 0.000000
vn 0.001795 -0.099984 0.000000
vn -0.048438 -0.087486 0.000000
vn -0.085691 -0.051546 0.000000
vn -0.085691 -0.051546 0.000000
vn -0.048438 -0.087486 0.000000
vn 0.001795 -0.099984 0.000000
vn 0.051546 -0.085691 0.000000
vn 0.099984 0.001795 0.000000
vn 0.077746 -0.062893 0.000000
vn 0.019130 -0.098153 0.000000
vn -0.048438 -0.087486 0.000000
vn -0.048438 -0.087486 0.000000
vn 0.019130 -0.098153 0.000000
vn 0.077746 -0.062893 0.000000
vn 0.099984 0.001795 0.000000
vn 0.099984 0.001795 0.000000
vn 0.075438 0.065643 0.000000
vn 0.015594 0.098777 0.000000
vn -0.051546 0.085691 0.000000
vn -0.051546 0.085691 0.000000
vn 0.015594 0.098777 0.000000
vn 0.075438 0.065643 0.000000
vn 0.099984 0.001795 0.000000
vn 0.000000 0.100000 0.000000
vn 0.043388 0.090097 0.000000
vn 0.078183 0.062349 0.000000
vn 0.097493 0.022252 0.000000
vn 0.097493 -0.022252 0.000000
vn 0.078183 -0.062349 0.000000
vn 0.043388 -0.090097 0.000000
vn 0.000000 -0.100000 0.000000
vn -0.043388 -0.090097 0.000000
vn -0.078183 -0.062349 0.000000
vn -0.097493 -0.022252 0.000000
vn -0.097493 0.022252 0.000000
vn -0.078183 0.062349 0.000000
vn -0.043388 0.090097 0.000000
vn -0.001795 0.099984 0.000000
vn -0.044998 0.089304 0.000000
vn -0.079290 0.060936 0.000000
vn -0.097876 0.020499 0.000000
vn -0.097078 -0.023998 0.000000
vn -0.077052 -0.063742 0.000000
vn -0.041764 -0.090861 0.000000
vn 0.001795 -0.099984 0.000000
vn 0.044998 -0.089304 0.000000
vn 0.079290 -0.060936 0.000000
vn 0.097876 -0.020499 0.000000
vn 0.097078 0.023998 0.000000
vn 0.077052 0.063742 0.000000
vn 0.041764 0.090861 0.000000
vn -0.001795 0.099984 0.000000
vn -0.001795 0.099984 0.000000
vn -0.043388 0.090097 0.000000
vn -0.043388 0.090097 0.000000
vn 0.000000 0.000000 -0.100000
vn 0.000000 0.000000 -0.100000
vn 0.000000 0.000000 -0.100000
vn 0.000000 0.000000 -0.100000
vn 0.000000 0.000000 -0.100000
vn 0.000000 0.000000 -0.100000
vn 0.000000 0.000000 -0.100000
vn 0.000000 0.000000 -0.100000
vn 0.000000 0.000000 -0.100000
vn 0.000000 0.000000 -0.100000
vn 0.000000 0.000000 -0.100000
vn 0.000000 0.000000 -0.100000
vn 0.000000 0.000000 -0.100000
vn 0.000000 0.000000 -0.100000
vn 0.000000 0.000000 -0.100000
vn 0.000000 0.000000 -0.100000
vn 0.000000 0.000000 -0.100000
vn 0.000000 0.000000 -0.100000
vn 0.000000 0.000000 -0.100000
vn 0.000000 0.000000 -0.100000
vn 0.000000 0.000000 -0.100000
vn 0.000000 0.000000 -0.100000
vn 0.000000 0.000000 -0.100000
vn 0.000000 0.000000 -0.100000
vn 0.000000 0.000000 -0.100000
vn 0.000000 0.000000 -0.100000
vn 0.000000 0.000000 -0.100000
vn 0.000000 0.000000 -0.100000
vn 0.000000 0.000000 -0.100000
vn 0.000000 0.000000 -0.100000
vn 0.000000 0.000000 -0.100000
vn 0.000000 0.000000 -0.100000
vn 0.000000 0.000000 -0.100000
vn 0.000000 0.000000 -0.100000
vn 0.000000 0.000000 -0.100000
vn 0.000000 0.000000 -0.100000
vn 0.000000 0.000000 -0.100000
vn 0.000000 0.000000 -0.100000
vn 0.000000 0.000000 -0.100000
vn 0.000000 0.000000 -0.100000
vn 0.000000 0.000000 -0.100000
vn 0.000000 0.000000 -0.100000
vn 0.000000 0.000000 -0.100000
vn 0.000000 0.000000 -0.100000
vn 0.000000 0.000000 -0.100000
vn 0.000000 0.000000 -0.100000
vn 0.000000 0.000000 -0.100000
vn 0.000000 0.000000 -0.100000
vn 0.000000 0.000000 -0.100000
vn 0.000000 0.000000 -0.100000
vn 0.000000 0.000000 -0.100000
vn 0.000000 0.000000 -0.100000
vn 0.000000 0.000000 -0.100000
vn 0.000000 0.000000 -0.100000
vn 0.000000 0.000000 -0.100000
vn 0.000000 0.000000 -0.100000
vn 0.000000 0.000000 -0.100000
vn 0.000000 0.000000 -0.100000
vn 0.000000 0.000000 -0.100000
vn 0.000000 0.000000 -0.100000
vn 0.000000 0.000000 -0.100000
vn 0.000000 0.000000 -0.100000
vn 0.000000 0.000000 -0.100000
vn 0.000000 0.000000 -0.100000
vn 0.000000 0.000000 -0.100000
vn 0.000000 0.000000 -0.100000
vn 0.000000 0.000000 -0.100000
vn 0.000000 0.000000 -0.100000
vn 0.000000 0.000000 -0.100000
vn 0.000000 0.000000 -0.100000
vn 0.000000 0.000000 -0.100000
vn 0.000000 0.000000 -0.100000
vn 0.000000 0.000000 -0.100000
vn 0.000000 0.000000 -0.100000
vn 0.000000 0.000000 -0.100000
vn 0.000000 0.000000 -0.100000
vn 0.000000 0.000000 -0.100000
vn 0.000000 0.000000 -0.100000
vn 0.000000 0.000000 -0.100000
vn 0.000000 0.000000 -0.100000
vn 0.000000 0.000000 -0.100000
vn 0.000000 0.000000 -0.100000
vn 0.000000 0.000000 -0.100000
vn 0.000000 0.000000 -0.100000
vn 0.000000 0.000000 -0.100000
vn 0.000000 0.000000 -0.100000
vn 0.000000 0.000000 0.100000
vn 0.000000 0.000000 0.100000
vn 0.000000 0.000000 0.100000
vn 0.000000 0.000000 0.100000
vn 0.000000 0.000000 0.100000
vn 0.000000 0.000000 0.100000
vn 0.000000 0.000000 0.100000
vn 0.000000 0.000000 0.100000
vn 0.000000 0.000000 0.100000
vn -0.099984 -0.001795 0.000000
vn -0.099984 -0.001795 0.000000
vn -0.099984 -0.001795 0.000000
vn -0.099984 -0.001795 0.000000
vn -0.099984 -0.001795 0.000000
vn -0.099984 -0.001795 0.000000
vn -0.099984 -0.001795 0.000000
vn -0.099984 -0.001795 0.000000
vn 0.099984 0.001795 0.000000
vn 0.099984 0.001795 0.000000
vn 0.099984 0.001795 0.000000
vn 0.099984 0.001795 0.000000
vn 0.001795 -0.099984 0.000000
vn 0.001795 -0.099984 0.000000
vn 0.001795 -0.099984 0.000000
vn 0.001795 -0.099984 0.000000
vn 0.099984 0.001795 0.000000
vn 0.099984 0.001795 0.000000
vn 0.099984 0.001795 0.000000
vn 0.099984 0.001795 0.000000
vn -0.001795 0.099984 0.000000
vn -0.001795 0.099984 0.000000
vn -0.001795 0.099984 0.000000
vn -0.001795 0.099984 0.000000
vn 0.000000 0.000000 -0.100000
vn 0.000000 0.000000 -0.100000
vn 0.000000 0.000000 -0.100000
vn 0.000000 0.000000 -0.100000
vn 0.000000 0.000000 -0.100000
vn 0.000000 0.000000 -0.100000
vn 0.000000 0.000000 -0.100000
vn 0.000000 0.000000 -0.100000
vn 0.000000 0.000000 -0.100000
vn 0.000000 0.000000 -0.100000
vn 0.000000 0.000000 -0.100000
vn 0.000000 0.000000 -0.100000
vn 0.000000 0.000000 -0.100000
vn 0.000000 0.000000 -0.100000
vn 0.000000 0.000000 -0.100000
vn 0.000000 0.000000 -0.100000
vn 0.000000 0.000000 -0.100000
vn 0.000000 0.000000 -0.100000
vn 0.000000 0.000000 -0.100000
vn 0.000000 0.000000 -0.100000
vn 0.000000 0.000000 -0.100000
vn 0.000000 0.000000 -0.100000
vn 0.000000 0.000000 -0.100000
vn 0.000000 0.000000 -0.100000
vn 0.000000 0.000000 -0.100000
vn 0.000000 0.000000 -0.100000
vn 0.000000 0.000000 -0.100000
vn 0.000000 0.000000 -0.100000
vn 0.000000 0.000000 -0.100000
vn 0.000000 0.000000 -0.100000
vn 0.000000 0.000000 -0.100000
vn 0.000000 0.000000 -0.100000
vn 0.000000 0.000000 -0.100000
vn 0.000000 0.000000 -0.100000
vn 0.000000 0.000000 -0.100000
vn 0.000000 0.000000 -0.100000
vn 0.000000 0.000000 -0.100000
vn 0.000000 0.000000 -0.100000
vn 0.000000 0.000000 -0.100000
vn 0.000000 0.000000 -0.100000
vn 0.000000 0.000000 -0.100000
vn 0.000000 0.000000 -0.100000
vn 0.000000 0.000000 -0.100000
vn 0.000000 0.000000 -0.100000
vn 0.000000 0.000000 -0.100000
vn 0.000000 0.000000 -0.100000
vn 0.000000 0.000000 -0.100000
vn 0.000000 0.000000 -0.100000
vn 0.000000 0.000000 -0.100000
vn 0.000000 0.000000 -0.100000
vn 0.000000 0.000000 -0.100000
vn 0.000000 0.000000 -0.100000
vn 0.000000 0.000000 -0.100000
vn 0.000000 0.000000 -0.100000
vn 0.000000 0.000000 -0.100000
vn 0.000000 0.000000 -0.100000
vn 0.000000 0.000000 -0.100000
vn 0.000000 0.000000 -0.100000
vn 0.000000 0.000000 -0.100000
vn 0.000000 0.000000 -0.100000
vn 0.000000 0.000000 -0.100000
vn 0.000000 0.000000 -0.100000
vn 0.000000 0.000000 -0.100000
vn 0.000000 0.000000 -0.100000
vn 0.000000 0.000000 -0.100000
vn 0.000000 0.000000 -0.100000
vn 0.000000 0.000000 -0.100000
vn 0.000000 0.000000 -0.100000
vn 0.000000 0.000000 -0.100000
vn 0.000000 0.000000 -0.100000
vn 0.000000 0.000000 -0.100000
vn 0.000000 0.000000 -0.100000
vn 0.087486 -0.048438 0.000000
vn 0.087486 -0.048438 0.000000
vn 0.087486 -0.048438 0.000000
vn 0.087486 -0.048438 0.000000
vn 0.048438 0.087486 0.000000
vn 0.048438 0.087486 0.000000
vn 0.048438 0.087486 0.000000
vn 0.048438 0.087486 0.000000
vn 0.051546 -0.085691 0.000000
vn 0.051546 -0.085691 0.000000
vn 0.051546 -0.085691 0.000000
vn 0.051546 -0.085691 0.000000
vn 0.085691 0.051546 0.000000
vn 0.085691 0.051546 0.000000
vn 0.085691 0.051546 0.000000
vn 0.085691 0.051546 0.000000
vn -0.051546 0.085691 0.000000
vn -0.051546 0.085691 0.000000
vn -0.051546 0.085691 0.000000
vn -0.051546 0.085691 0.000000
vn -0.048438 -0.087486 0.000000
vn -0.048438 -0.087486 0.000000
vn -0.048438 -0.087486 0.000000
vn -0.048438 -0.087486 0.000000
vn -0.048438 -0.087486 0.000000
vn -0.048438 -0.087486 0.000000
vn -0.048438 -0.087486 0.000000
vn -0.048438 -0.087486 0.000000
vn 0.048438 0.087486 0.000000
vn 0.048438 0.087486 0.000000
vn 0.048438 0.087486 0.000000
vn 0.048438 0.087486 0.000000
vn -0.087486 0.048438 0.000000
vn -0.087486 0.048438 0.000000
vn -0.087486 0.048438 0.000000
vn -0.087486 0.048438 0.000000
vn -0.051546 0.085691 0.000000
vn -0.051546 0.085691 0.000000
vn -0.051546 0.085691 0.000000
vn -0.051546 0.085691 0.000000
vn -0.085691 -0.051546 0.000000
vn -0.085691 -0.051546 0.000000
vn -0.085691 -0.051546 0.000000
vn -0.085691 -0.051546 0.000000
vn 0.051546 -0.085691 0.000000
vn 0.051546 -0.085691 0.000000
vn 0.051546 -0.085691 0.000000
vn 0.051546 -0.085691 0.000000
vn 0.051546 -0.085691 0.000000
vn -0.015594 -0.098777 0.000000
vn -0.075438 -0.065643 0.000000
vn -0.099984 -0.001795 0.000000
vn -0.099984 -0.001795 0.000000
vn -0.075438 -0.065643 0.000000
vn -0.015594 -0.098777 0.000000
vn 0.051546 -0.085691 0.000000
vn -0.048438 -0.087486 0.000000
vn -0.093340 -0.035883 0.000000
vn -0.094568 0.032510 0.000000
vn -0.051546 0.085691 0.000000
vn -0.051546 0.085691 0.000000
vn -0.094568 0.032510 0.000000
vn -0.093340 -0.035883 0.000000
vn -0.048438 -0.087486 0.000000
vn 0.048438 0.087486 0.000000
vn -0.019130 0.098153 0.000000
vn -0.077746 0.062893 0.000000
vn -0.099984 -0.001795 0.000000
vn -0.099984 -0.001795 0.000000
vn -0.077746 0.062893 0.000000
vn -0.019130 0.098153 0.000000
vn 0.048438 0.087486 0.000000
vn 0.048438 0.087486 0.000000
vn 0.093340 0.035883 0.000000
vn 0.094568 -0.032510 0.000000
vn 0.051546 -0.085691 0.000000
vn 0.051546 -0.085691 0.000000
vn 0.094568 -0.032510 0.000000
vn 0.093340 0.035883 0.000000
vn 0.048438 0.087486 0.000000
vn -0.051546 0.085691 0.000000
vn -0.087486 0.048438 0.000000
vn -0.099984 -0.001795 0.000000
vn -0.085691 -0.051546 0.000000
vn -0.085691 -0.051546 0.000000
vn -0.099984 -0.001795 0.000000
vn -0.087486 0.048438 0.000000
vn -0.051546 0.085691 0.000000
vn -0.087486 0.048438 0.000000
vn -0.099984 -0.001795 0.000000
vn -0.085691 -0.051546 0.000000
vn -0.048438 -0.087486 0.000000
vn -0.048438 -0.087486 0.000000
vn -0.085691 -0.051546 0.000000
vn -0.099984 -0.001795 0.000000
vn -0.087486 0.048438 0.000000
vn 0.048438 0.087486 0.000000
vn -0.001795 0.099984 0.000000
vn -0.051546 0.085691 0.000000
vn -0.087486 0.048438 0.000000
vn -0.087486 0.048438 0.000000
vn -0.051546 0.085691 0.000000
vn -0.001795 0.099984 0.000000
vn 0.048438 0.087486 0.000000
vn -0.001795 0.099984 0.000000
vn -0.051546 0.085691 0.000000
vn -0.087486 0.048438 0.000000
vn -0.099984 -0.001795 0.000000
vn -0.099984 -0.001795 0.000000
vn -0.087486 0.048438 0.000000
vn -0.051546 0.085691 0.000000
vn -0.001795 0.099984 0.000000
vn 0.099984 0.001795 0.000000
vn 0.085691 0.051546 0.000000
vn 0.048438 0.087486 0.000000
vn -0.001795 0.099984 0.000000
vn -0.001795 0.099984 0.000000
vn 0.048438 0.087486 0.000000
vn 0.085691 0.051546 0.000000
vn 0.099984 0.001795 0.000000
vn 0.051546 -0.085691 0.000000
vn 0.087486 -0.048438 0.000000
vn 0.099984 0.001795 0.000000
vn 0.085691 0.051546 0.000000
vn 0.085691 0.051546 0.000000
vn 0.099984 0.001795 0.000000
vn 0.087486 -0.048438 0.000000
vn 0.051546 -0.085691 0.000000
vn 0.001795 -0.099984 0.000000
vn 0.051546 -0.085691 0.000000
vn 0.087486 -0.048438 0.000000
vn 0.099984 0.001795 0.000000
vn 0.099984 0.001795 0.000000
vn 0.087486 -0.048438 0.000000
vn 0.051546 -0.085691 0.000000
vn 0.001795 -0.099984 0.000000
vn -0.099984 -0.001795 0.000000
vn -0.085691 -0.051546 0.000000
vn -0.048438 -0.087486 0.000000
vn 0.001795 -0.099984 0.000000
vn 0.001795 -0.099984 0.000000
vn -0.048438 -0.087486 0.000000
vn -0.085691 -0.051546 0.000000
vn -0.099984 -0.001795 0.000000
vn -0.048438 -0.087486 0.000000
vn 0.001795 -0.099984 0.000000
vn 0.051546 -0.085691 0.000000
vn 0.087486 -0.048438 0.000000
vn 0.087486 -0.048438 0.000000
vn 0.051546 -0.085691 0.000000
vn 0.001795 -0.099984 0.000000
vn -0.048438 -0.087486 0.000000
vn 0.087486 -0.048438 0.000000
vn 0.099984 0.001795 0.000000
vn 0.085691 0.051546 0.000000
vn 0.048438 0.087486 0.000000
vn 0.048438 0.087486 0.000000
vn 0.085691 0.051546 0.000000
vn 0.099984 0.001795 0.000000
vn 0.087486 -0.048438 0.000000
vn 0.000000 0.000000 -0.100000
vn 0.000000 0.000000 -0.100000
vn 0.000000 0.000000 -0.100000
vn 0.000000 0.000000 -0.100000
vn 0.000000 0.000000 -0.100000
vn 0.000000 0.000000 -0.100000
vn 0.000000 0.000000 -0.100000
vn 0.000000 0.000000 -0.100000
vn 0.000000 0.000000 -0.100000
vn 0.000000 0.000000 -0.100000
vn 0.000000 0.000000 -0.100000
vn 0.000000 0.000000 -0.100000
vn 0.000000 0.000000 -0.100000
vn 0.000000 0.000000 -0.100000
vn 0.000000 0.000000 -0.100000
vn 0.000000 0.000000 -0.100000
vn 0.000000 0.000000 -0.100000
vn 0.000000 0.000000 -0.100000
vn 0.000000 0.000000 -0.100000
vn 0.099996 0.000000 -0.000873
vn 0.090093 -0.043387 -0.000873
vn 0.062347 -0.078180 -0.000873
vn 0.022251 -0.097489 -0.000873
vn -0.022251 -0.097489 -0.000873
vn -0.062347 -0.078180 -0.000873
vn -0.090093 -0.043387 -0.000873
vn -0.099996 0.000000 -0.000873
vn -0.090093 0.043387 -0.000873
vn -0.062347 0.078180 -0.000873
vn -0.022251 0.097489 -0.000873
vn 0.022251 0.097489 -0.000873
vn 0.062347 0.078180 -0.000873
vn 0.090093 0.043387 -0.000873
vn 0.099996 0.000000 -0.000873
vn 0.090093 0.043387 -0.000873
vn 0.062347 0.078180 -0.000873
vn 0.022251 0.097489 -0.000873
vn -0.022251 0.097489 -0.000873
vn -0.062347 0.078180 -0.000873
vn -0.090093 0.043387 -0.000873
vn -0.099996 0.000000 -0.000873
vn -0.090093 -0.043387 -0.000873
vn -0.062347 -0.078180 -0.000873
vn -0.022251 -0.097489 -0.000873
vn 0.022251 -0.097489 -0.000873
vn 0.062347 -0.078180 -0.000873
vn 0.090093 -0.043387 -0.000873
vn 0.099996 0.000000 -0.000873
vn 0.099996 0.000000 -0.000873
vn 0.000000 0.099996 -0.000873
vn 0.043387 0.090093 -0.000873
vn 0.078180 0.062347 -0.000873
vn 0.097489 0.022251 -0.000873
vn 0.097489 -0.022251 -0.000873
vn 0.078180 -0.062347 -0.000873
vn 0.043387 -0.090093 -0.000873
vn 0.000000 -0.099996 -0.000873
vn -0.043387 -0.090093 -0.000873
vn -0.078180 -0.062347 -0.000873
vn -0.097489 -0.022251 -0.000873
vn -0.097489 0.022251 -0.000873
vn -0.078180 0.062347 -0.000873
vn -0.043387 0.090093 -0.000873
vn 0.000000 0.099996 -0.000873
vn -0.043387 0.090093 -0.000873
vn -0.078180 0.062347 -0.000873
vn -0.097489 0.022251 -0.000873
vn -0.097489 -0.022251 -0.000873
vn -0.078180 -0.062347 -0.000873
vn -0.043387 -0.090093 -0.000873
vn 0.000000 -0.099996 -0.000873
vn 0.043387 -0.090093 -0.000873
vn 0.078180 -0.062347 -0.000873
vn 0.097489 -0.022251 -0.000873
vn 0.097489 0.022251 -0.000873
vn 0.078180 0.062347 -0.000873
vn 0.043387 0.090093 -0.000873
vn 0.000000 0.099996 -0.000873
vn 0.000000 0.099996 -0.000873
vn -0.099996 0.000000 -0.000873
vn -0.090093 0.043387 -0.000873
vn -0.062347 0.078180 -0.000873
vn -0.022251 0.097489 -0.000873
vn 0.022251 0.097489 -0.000873
vn 0.062347 0.078180 -0.000873
vn 0.090093 0.043387 -0.000873
vn 0.099996 0.000000 -0.000873
vn 0.090093 -0.043387 -0.000873
vn 0.062347 -0.078180 -0.000873
vn 0.022251 -0.097489 -0.000873
vn -0.022251 -0.097489 -0.000873
vn -0.062347 -0.078180 -0.000873
vn -0.090093 -0.043387 -0.000873
vn -0.099996 0.000000 -0.000873
vn -0.090093 -0.043387 -0.000873
vn -0.062347 -0.078180 -0.000873
vn -0.022251 -0.097489 -0.000873
vn 0.022251 -0.097489 -0.000873
vn 0.062347 -0.078180 -0.000873
vn 0.090093 -0.043387 -0.000873
vn 0.099996 0.000000 -0.000873
vn 0.090093 0.043387 -0.000873
vn 0.062347 0.078180 -0.000873
vn 0.022251 0.097489 -0.000873
vn -0.022251 0.097489 -0.000873
vn -0.062347 0.078180 -0.000873
vn -0.090093 0.043387 -0.000873
vn -0.099996 0.000000 -0.000873
vn -0.099996 0.000000 -0.000873
vn 0.000000 -0.099996 -0.000873
vn -0.043387 -0.090093 -0.000873
vn -0.078180 -0.062347 -0.000873
vn -0.097489 -0.022251 -0.000873
vn -0.097489 0.022251 -0.000873
vn -0.078180 0.062347 -0.000873
vn -0.043387 0.090093 -0.000873
vn 0.000000 0.099996 -0.000873
vn 0.043387 0.090093 -0.000873
vn 0.078180 0.062347 -0.000873
vn 0.097489 0.022251 -0.000873
vn 0.097489 -0.022251 -0.000873
vn 0.078180 -0.062347 -0.000873
vn 0.043387 -0.090093 -0.000873
vn 0.000000 -0.099996 -0.000873
vn 0.043387 -0.090093 -0.000873
vn 0.078180 -0.062347 -0.000873
vn 0.097489 -0.022251 -0.000873
vn 0.097489 0.022251 -0.000873
vn 0.078180 0.062347 -0.000873
vn 0.043387 0.090093 -0.000873
vn 0.000000 0.099996 -0.000873
vn -0.043387 0.090093 -0.000873
vn -0.078180 0.062347 -0.000873
vn -0.097489 0.022251 -0.000873
vn -0.097489 -0.022251 -0.000873
vn -0.078180 -0.062347 -0.000873
vn -0.043387 -0.090093 -0.000873
vn 0.000000 -0.099996 -0.000873
vn 0.000000 -0.099996 -0.000873
vn -0.050984 -0.085956 -0.003490
vn -0.059702 -0.080147 -0.003490
vn -0.067764 -0.073456 -0.003490
vn -0.075082 -0.065959 -0.003490
vn -0.081574 -0.057736 -0.003490
vn -0.087170 -0.048880 -0.003490
vn -0.091808 -0.039486 -0.003490
vn -0.095437 -0.029658 -0.003490
vn -0.098017 -0.019504 -0.003490
vn -0.099521 -0.009136 -0.003490
vn -0.099519 -0.009155 -0.003490
vn -0.099517 -0.009170 -0.003490
vn -0.099516 -0.009182 -0.003490
vn -0.099515 -0.009200 -0.003490
vn -0.099601 -0.008207 -0.003490
vn -0.099678 -0.007214 -0.003490
vn -0.099745 -0.006220 -0.003490
vn -0.099748 -0.006174 -0.003490
vn -0.099751 -0.006127 -0.003490
vn -0.099754 -0.006081 -0.003490
vn -0.099757 -0.006035 -0.003490
vn -0.098540 -0.016661 -0.003490
vn -0.096195 -0.027097 -0.003490
vn -0.092749 -0.037222 -0.003490
vn -0.088239 -0.046922 -0.003490
vn -0.082719 -0.056083 -0.003490
vn -0.076252 -0.064602 -0.003490
vn -0.068911 -0.072381 -0.003490
vn -0.060781 -0.079332 -0.003490
vn -0.051955 -0.085373 -0.003490
vn -0.051846 -0.085439 -0.003490
vn -0.051738 -0.085504 -0.003490
vn -0.051360 -0.085732 -0.003490
vn -0.099745 0.006220 -0.003490
vn -0.099678 0.007214 -0.003490
vn -0.099601 0.008207 -0.003490
vn -0.099515 0.009200 -0.003490
vn -0.099516 0.009182 -0.003490
vn -0.099517 0.009170 -0.003490
vn -0.099519 0.009155 -0.003490
vn -0.099521 0.009136 -0.003490
vn -0.098899 0.014379 -0.003490
vn -0.098002 0.019581 -0.003490
vn -0.096831 0.024729 -0.003490
vn -0.096862 0.024609 -0.003490
vn -0.096893 0.024488 -0.003490
vn -0.096999 0.024061 -0.003490
vn -0.097105 0.023630 -0.003490
vn -0.098337 0.017821 -0.003490
vn -0.099222 0.011949 -0.003490
vn -0.099757 0.006035 -0.003490
vn -0.099819 0.006017 0.000000
vn -0.098484 0.017345 0.000000
vn -0.095868 0.028448 0.000000
vn -0.092005 0.039180 0.000000
vn -0.086945 0.049402 0.000000
vn -0.080753 0.058982 0.000000
vn -0.073511 0.067794 0.000000
vn -0.065313 0.075725 0.000000
vn -0.056265 0.082670 0.000000
vn -0.046484 0.088539 0.000000
vn -0.036099 0.093257 0.000000
vn -0.025245 0.096761 0.000000
vn -0.014062 0.099006 0.000000
vn -0.002695 0.099964 0.000000
vn 0.008706 0.099620 0.000000
vn 0.019994 0.097981 0.000000
vn 0.031021 0.095067 0.000000
vn 0.041646 0.090916 0.000000
vn 0.051728 0.085582 0.000000
vn 0.061137 0.079134 0.000000
vn 0.069751 0.071657 0.000000
vn 0.077458 0.063248 0.000000
vn 0.084156 0.054016 0.000000
vn 0.089760 0.044081 0.000000
vn 0.094196 0.033573 0.000000
vn 0.097406 0.022627 0.000000
vn 0.099349 0.011388 0.000000
vn 0.100000 0.000000 0.000000
vn 0.099349 -0.011388 0.000000
vn 0.097406 -0.022627 0.000000
vn 0.094196 -0.033573 0.000000
vn 0.089760 -0.044081 0.000000
vn 0.084156 -0.054016 0.000000
vn 0.077458 -0.063248 0.000000
vn 0.069751 -0.071657 0.000000
vn 0.061137 -0.079134 0.000000
vn 0.051728 -0.085582 0.000000
vn 0.041646 -0.090916 0.000000
vn 0.031021 -0.095067 0.000000
vn 0.019994 -0.097981 0.000000
vn 0.008706 -0.099620 0.000000
vn -0.002695 -0.099964 0.000000
vn -0.014062 -0.099006 0.000000
vn -0.025245 -0.096761 0.000000
vn -0.036099 -0.093257 0.000000
vn -0.046484 -0.088539 0.000000
vn -0.056265 -0.082670 0.000000
vn -0.065313 -0.075725 0.000000
vn -0.073511 -0.067794 0.000000
vn -0.080753 -0.058982 0.000000
vn -0.086945 -0.049402 0.000000
vn -0.092005 -0.039180 0.000000
vn -0.095868 -0.028448 0.000000
vn -0.098484 -0.017345 0.000000
vn -0.099819 -0.006017 0.000000
vn -0.099820 -0.005991 0.000000
vn -0.098489 -0.017320 0.000000
vn -0.095875 -0.028424 0.000000
vn -0.092014 -0.039158 0.000000
vn -0.086956 -0.049383 0.000000
vn -0.080766 -0.058965 0.000000
vn -0.073525 -0.067779 0.000000
vn -0.065328 -0.075712 0.000000
vn -0.056280 -0.082659 0.000000
vn -0.046500 -0.088531 0.000000
vn -0.036115 -0.093251 0.000000
vn -0.025260 -0.096757 0.000000
vn -0.014076 -0.099004 0.000000
vn -0.002709 -0.099963 0.000000
vn 0.008693 -0.099621 0.000000
vn 0.019982 -0.097983 0.000000
vn 0.031011 -0.095070 0.000000
vn 0.041637 -0.090920 0.000000
vn 0.051720 -0.085586 0.000000
vn 0.061131 -0.079139 0.000000
vn 0.069746 -0.071662 0.000000
vn 0.077454 -0.063253 0.000000
vn 0.084154 -0.054020 0.000000
vn 0.089758 -0.044085 0.000000
vn 0.094195 -0.033575 0.000000
vn 0.097406 -0.022629 0.000000
vn 0.099349 -0.011389 0.000000
vn 0.100000 0.000000 0.000000
vn 0.099349 0.011389 0.000000
vn 0.097406 0.022629 0.000000
vn 0.094195 0.033575 0.000000
vn 0.089758 0.044085 0.000000
vn 0.084154 0.054020 0.000000
vn 0.077454 0.063253 0.000000
vn 0.069746 0.071662 0.000000
vn 0.061131 0.079139 0.000000
vn 0.051720 0.085586 0.000000
vn 0.041637 0.090920 0.000000
vn 0.031011 0.095070 0.000000
vn 0.019982 0.097983 0.000000
vn 0.008693 0.099621 0.000000
vn -0.002709 0.099963 0.000000
vn -0.014076 0.099004 0.000000
vn -0.025260 0.096757 0.000000
vn -0.036115 0.093251 0.000000
vn -0.046500 0.088531 0.000000
vn -0.056280 0.082659 0.000000
vn -0.065328 0.075712 0.000000
vn -0.073525 0.067779 0.000000
vn -0.080766 0.058965 0.000000
vn -0.086956 0.049383 0.000000
vn -0.092014 0.039158 0.000000
vn -0.095875 0.028424 0.000000
vn -0.098489 0.017320 0.000000
vn -0.099820 0.005991 0.000000
vn -0.025181 -0.096762 -0.001745
vn -0.013645 -0.099049 -0.001745
vn -0.001921 -0.099966 -0.001745
vn 0.009830 -0.099500 -0.001745
vn 0.021445 -0.097658 -0.001745
vn 0.032764 -0.094464 -0.001745
vn 0.043629 -0.089964 -0.001745
vn 0.053890 -0.084219 -0.001745
vn 0.063406 -0.077308 -0.001745
vn 0.072045 -0.069329 -0.001745
vn 0.079687 -0.060390 -0.001745
vn 0.086227 -0.050616 -0.001745
vn 0.086260 -0.050559 -0.001745
vn 0.079720 -0.060347 -0.001745
vn 0.072074 -0.069298 -0.001745
vn 0.063429 -0.077289 -0.001745
vn 0.053905 -0.084209 -0.001745
vn 0.043634 -0.089961 -0.001745
vn 0.032758 -0.094466 -0.001745
vn 0.021428 -0.097662 -0.001745
vn 0.009801 -0.099503 -0.001745
vn -0.001963 -0.099966 -0.001745
vn -0.013699 -0.099042 -0.001745
vn -0.025245 -0.096745 -0.001745
vn 0.099522 0.009604 -0.001745
vn 0.097700 0.021251 -0.001745
vn 0.094520 0.032603 -0.001745
vn 0.090026 0.043501 -0.001745
vn 0.084280 0.053795 -0.001745
vn 0.077362 0.063340 -0.001745
vn 0.069370 0.072006 -0.001745
vn 0.060412 0.079670 -0.001745
vn 0.050616 0.086227 -0.001745
vn 0.050559 0.086260 -0.001745
vn 0.060372 0.079700 -0.001745
vn 0.069344 0.072030 -0.001745
vn 0.077350 0.063356 -0.001745
vn 0.084277 0.053798 -0.001745
vn 0.090030 0.043491 -0.001745
vn 0.094528 0.032578 -0.001745
vn 0.097709 0.021211 -0.001745
vn 0.099528 0.009548 -0.001745
vn -0.016653 -0.098599 -0.001006
vn -0.011131 -0.099374 -0.000964
vn -0.005574 -0.099840 -0.000920
vn 0.000000 -0.099996 -0.000873
vn 0.000000 -0.099996 -0.000873
vn -0.003412 -0.099938 -0.000902
vn -0.006820 -0.099763 -0.000930
vn -0.010220 -0.099472 -0.000957
vn -0.096762 0.025181 -0.001745
vn -0.098128 0.019178 -0.001745
vn -0.099123 0.013103 -0.001745
vn -0.099741 0.006978 -0.001745
vn -0.099740 0.006991 -0.001745
vn -0.099118 0.013133 -0.001745
vn -0.098119 0.019226 -0.001745
vn -0.096745 0.025245 -0.001745
vn 0.096762 -0.025181 -0.001745
vn 0.097956 -0.020040 -0.001745
vn 0.098877 -0.014843 -0.001745
vn 0.099522 -0.009604 -0.001745
vn 0.099528 -0.009548 -0.001745
vn 0.098879 -0.014827 -0.001745
vn 0.097951 -0.020064 -0.001745
vn 0.096745 -0.025245 -0.001745
vn -0.099741 -0.006978 -0.001745
vn -0.098164 -0.018992 -0.001745
vn -0.095146 -0.030728 -0.001745
vn -0.090730 -0.042012 -0.001745
vn -0.084982 -0.052679 -0.001745
vn -0.077985 -0.062572 -0.001745
vn -0.069843 -0.071547 -0.001745
vn -0.060675 -0.079470 -0.001745
vn -0.050616 -0.086227 -0.001745
vn -0.050559 -0.086260 -0.001745
vn -0.060628 -0.079506 -0.001745
vn -0.069805 -0.071584 -0.001745
vn -0.077956 -0.062608 -0.001745
vn -0.084961 -0.052713 -0.001745
vn -0.090716 -0.042042 -0.001745
vn -0.095138 -0.030753 -0.001745
vn -0.098161 -0.019012 -0.001745
vn -0.099740 -0.006991 -0.001745
vn 0.025181 0.096762 -0.001745
vn 0.013645 0.099049 -0.001745
vn 0.001921 0.099966 -0.001745
vn -0.009830 0.099500 -0.001745
vn -0.021445 0.097658 -0.001745
vn -0.032764 0.094464 -0.001745
vn -0.043629 0.089964 -0.001745
vn -0.053890 0.084219 -0.001745
vn -0.063406 0.077308 -0.001745
vn -0.072045 0.069329 -0.001745
vn -0.079687 0.060390 -0.001745
vn -0.086227 0.050616 -0.001745
vn -0.086260 0.050559 -0.001745
vn -0.079720 0.060347 -0.001745
vn -0.072074 0.069298 -0.001745
vn -0.063429 0.077289 -0.001745
vn -0.053905 0.084209 -0.001745
vn -0.043634 0.089961 -0.001745
vn -0.032758 0.094466 -0.001745
vn -0.021428 0.097662 -0.001745
vn -0.009801 0.099503 -0.001745
vn 0.001963 0.099966 -0.001745
vn 0.013699 0.099042 -0.001745
vn 0.025245 0.096745 -0.001745
vn -0.092332 0.038245 -0.003490
vn -0.092332 0.038245 -0.003490
vn -0.092332 0.038245 -0.003490
vn -0.092332 0.038245 -0.003490
vn -0.092332 0.038245 -0.003490
vn -0.092332 0.038245 -0.003490
vn 0.092332 -0.038245 -0.003490
vn 0.092332 -0.038245 -0.003490
vn 0.092332 -0.038245 -0.003490
vn 0.092332 -0.038245 -0.003490
vn 0.092332 -0.038245 -0.003490
vn 0.092332 -0.038245 -0.003490
vn 0.092332 -0.038245 -0.003490
vn 0.092332 -0.038245 -0.003490
vn 0.075994 -0.064905 -0.003490
vn 0.052218 -0.085212 -0.003490
vn 0.023330 -0.097178 -0.003490
vn -0.007841 -0.099631 -0.003490
vn -0.038245 -0.092332 -0.003490
vn -0.064905 -0.075994 -0.003490
vn -0.085212 -0.052218 -0.003490
vn -0.097178 -0.023330 -0.003490
vn -0.099631 0.007841 -0.003490
vn -0.092332 0.038245 -0.003490
vn -0.092332 0.038245 -0.003490
vn -0.099631 0.007841 -0.003490
vn -0.097178 -0.023330 -0.003490
vn -0.085212 -0.052218 -0.003490
vn -0.064905 -0.075994 -0.003490
vn -0.038245 -0.092332 -0.003490
vn -0.007841 -0.099631 -0.003490
vn 0.023330 -0.097178 -0.003490
vn 0.052218 -0.085212 -0.003490
vn 0.075994 -0.064905 -0.003490
vn 0.075994 -0.064905 -0.003490
vn 0.052218 -0.085212 -0.003490
vn 0.023330 -0.097178 -0.003490
vn -0.007841 -0.099631 -0.003490
vn -0.038245 -0.092332 -0.003490
vn -0.064905 -0.075994 -0.003490
vn -0.085212 -0.052218 -0.003490
vn -0.097178 -0.023330 -0.003490
vn -0.099631 0.007841 -0.003490
vn 0.092332 -0.038245 -0.003490
vn 0.092332 -0.038245 -0.003490
vn 0.092332 -0.038245 -0.003490
vn 0.092332 -0.038245 -0.003490
vn 0.092332 -0.038245 -0.003490
vn 0.092332 -0.038245 -0.003490
vn -0.092332 0.038245 -0.003490
vn -0.092332 0.038245 -0.003490
vn -0.092332 0.038245 -0.003490
vn -0.092332 0.038245 -0.003490
vn -0.092332 0.038245 -0.003490
vn -0.092332 0.038245 -0.003490
vn -0.092332 0.038245 -0.003490
vn -0.092332 0.038245 -0.003490
vn -0.075994 0.064905 -0.003490
vn -0.052218 0.085212 -0.003490
vn -0.023330 0.097178 -0.003490
vn 0.007841 0.099631 -0.003490
vn 0.038245 0.092332 -0.003490
vn 0.064905 0.075994 -0.003490
vn 0.085212 0.052218 -0.003490
vn 0.097178 0.023330 -0.003490
vn 0.099631 -0.007841 -0.003490
vn 0.092332 -0.038245 -0.003490
vn 0.092332 -0.038245 -0.003490
vn 0.099631 -0.007841 -0.003490
vn 0.097178 0.023330 -0.003490
vn 0.085212 0.052218 -0.003490
vn 0.064905 0.075994 -0.003490
vn 0.038245 0.092332 -0.003490
vn 0.007841 0.099631 -0.003490
vn -0.023330 0.097178 -0.003490
vn -0.052218 0.085212 -0.003490
vn -0.075994 0.064905 -0.003490
vn -0.075994 0.064905 -0.003490
vn -0.052218 0.085212 -0.003490
vn -0.023330 0.097178 -0.003490
vn 0.007841 0.099631 -0.003490
vn 0.038245 0.092332 -0.003490
vn 0.064905 0.075994 -0.003490
vn 0.085212 0.052218 -0.003490
vn 0.097178 0.023330 -0.003490
vn 0.099631 -0.007841 -0.003490
vn 0.038245 0.092332 -0.003490
vn 0.038245 0.092332 -0.003490
vn 0.038245 0.092332 -0.003490
vn 0.038245 0.092332 -0.003490
vn 0.038245 0.092332 -0.003490
vn 0.038245 0.092332 -0.003490
vn -0.038245 -0.092332 -0.003490
vn -0.038245 -0.092332 -0.003490
vn -0.038245 -0.092332 -0.003490
vn -0.038245 -0.092332 -0.003490
vn -0.038245 -0.092332 -0.003490
vn -0.038245 -0.092332 -0.003490
vn -0.038245 -0.092332 -0.003490
vn -0.038245 -0.092332 -0.003490
vn -0.064905 -0.075994 -0.003490
vn -0.085212 -0.052218 -0.003490
vn -0.097178 -0.023330 -0.003490
vn -0.099631 0.007841 -0.003490
vn -0.092332 0.038245 -0.003490
vn -0.075994 0.064905 -0.003490
vn -0.052218 0.085212 -0.003490
vn -0.023330 0.097178 -0.003490
vn 0.007841 0.099631 -0.003490
vn 0.038245 0.092332 -0.003490
vn 0.038245 0.092332 -0.003490
vn 0.007841 0.099631 -0.003490
vn -0.023330 0.097178 -0.003490
vn -0.052218 0.085212 -0.003490
vn -0.075994 0.064905 -0.003490
vn -0.092332 0.038245 -0.003490
vn -0.099631 0.007841 -0.003490
vn -0.097178 -0.023330 -0.003490
vn -0.085212 -0.052218 -0.003490
vn -0.064905 -0.075994 -0.003490
vn -0.064905 -0.075994 -0.003490
vn -0.085212 -0.052218 -0.003490
vn -0.097178 -0.023330 -0.003490
vn -0.099631 0.007841 -0.003490
vn -0.092332 0.038245 -0.003490
vn -0.075994 0.064905 -0.003490
vn -0.052218 0.085212 -0.003490
vn -0.023330 0.097178 -0.003490
vn 0.007841 0.099631 -0.003490
vn -0.038245 -0.092332 -0.003490
vn -0.038245 -0.092332 -0.003490
vn -0.038245 -0.092332 -0.003490
vn -0.038245 -0.092332 -0.003490
vn -0.038245 -0.092332 -0.003490
vn -0.038245 -0.092332 -0.003490
vn 0.038245 0.092332 -0.003490
vn 0.038245 0.092332 -0.003490
vn 0.038245 0.092332 -0.003490
vn 0.038245 0.092332 -0.003490
vn 0.038245 0.092332 -0.003490
vn 0.038245 0.092332 -0.003490
vn 0.038245 0.092332 -0.003490
vn 0.038245 0.092332 -0.003490
vn 0.064905 0.075994 -0.003490
vn 0.085212 0.052218 -0.003490
vn 0.097178 0.023330 -0.003490
vn 0.099631 -0.007841 -0.003490
vn 0.092332 -0.038245 -0.003490
vn 0.075994 -0.064905 -0.003490
vn 0.052218 -0.085212 -0.003490
vn 0.023330 -0.097178 -0.003490
vn -0.007841 -0.099631 -0.003490
vn -0.038245 -0.092332 -0.003490
vn -0.038245 -0.092332 -0.003490
vn -0.007841 -0.099631 -0.003490
vn 0.023330 -0.097178 -0.003490
vn 0.052218 -0.085212 -0.003490
vn 0.075994 -0.064905 -0.003490
vn 0.092332 -0.038245 -0.003490
vn 0.099631 -0.007841 -0.003490
vn 0.097178 0.023330 -0.003490
vn 0.085212 0.052218 -0.003490
vn 0.064905 0.075994 -0.003490
vn 0.064905 0.075994 -0.003490
vn 0.085212 0.052218 -0.003490
vn 0.097178 0.023330 -0.003490
vn 0.099631 -0.007841 -0.003490
vn 0.092332 -0.038245 -0.003490
vn 0.075994 -0.064905 -0.003490
vn 0.052218 -0.085212 -0.003490
vn 0.023330 -0.097178 -0.003490
vn -0.007841 -0.099631 -0.003490
vn 0.000000 0.099996 -0.000873
vn 0.000000 0.099996 -0.000873
vn 0.000000 0.099996 -0.000873
vn 0.000000 0.099996 -0.000873
vn 0.000000 -0.099996 -0.000873
vn 0.000000 -0.099996 -0.000873
vn 0.000000 -0.099996 -0.000873
vn 0.000000 -0.099996 -0.000873
vn 0.000000 0.099996 -0.000873
vn -0.005574 0.099840 -0.000920
vn -0.011131 0.099374 -0.000964
vn -0.016653 0.098599 -0.001006
vn -0.010220 0.099472 -0.000957
vn -0.006820 0.099763 -0.000930
vn -0.003412 0.099938 -0.000902
vn 0.000000 0.099996 -0.000873
vn 0.079353 0.060753 -0.003490
vn 0.079272 0.060858 -0.003490
vn 0.092326 0.038258 -0.003490
vn 0.099083 0.013049 -0.003490
vn 0.099083 -0.013049 -0.003490
vn 0.092326 -0.038258 -0.003490
vn 0.079272 -0.060858 -0.003490
vn 0.079353 -0.060753 -0.003490
vn 0.057382 -0.081824 -0.003490
vn 0.030087 -0.095303 -0.003490
vn 0.000000 -0.099939 -0.003490
vn 0.000000 -0.099939 -0.003490
vn 0.024650 -0.096851 -0.003490
vn 0.047777 -0.087779 -0.003490
vn 0.067952 -0.073283 -0.003490
vn 0.070223 -0.071109 -0.003490
vn 0.072001 -0.069308 -0.003490
vn 0.076535 -0.064267 -0.003490
vn 0.081827 -0.057377 -0.003490
vn 0.087376 -0.048510 -0.003490
vn 0.092372 -0.038149 -0.003490
vn 0.096394 -0.026383 -0.003490
vn 0.098917 -0.014253 -0.003490
vn 0.099939 -0.000113 -0.003490
vn 0.099058 0.013240 -0.003490
vn 0.096439 0.026216 -0.003490
vn 0.092404 0.038070 -0.003490
vn 0.087426 0.048421 -0.003490
vn 0.081781 0.057443 -0.003490
vn 0.076576 0.064218 -0.003490
vn 0.072034 0.069274 -0.003490
vn 0.070223 0.071109 -0.003490
vn 0.067952 0.073283 -0.003490
vn 0.047777 0.087779 -0.003490
vn 0.024650 0.096851 -0.003490
vn 0.000000 0.099939 -0.003490
vn 0.000000 0.099939 -0.003490
vn 0.030087 0.095303 -0.003490
vn 0.057382 0.081824 -0.003490
vn 0.054031 -0.084074 -0.003490
vn 0.028156 -0.095891 -0.003490
vn 0.028156 0.095891 -0.003490
vn 0.054031 0.084074 -0.003490
vn -0.027060 -0.065328 -0.070711
vn 0.009230 -0.070106 -0.070711
vn 0.043046 -0.056099 -0.070711
vn 0.065328 -0.027060 -0.070711
vn 0.065328 -0.027060 -0.070711
vn 0.043046 -0.056099 -0.070711
vn 0.009230 -0.070106 -0.070711
vn -0.027060 -0.065328 -0.070711
vn -0.023434 -0.068010 -0.069466
vn -0.016213 -0.070083 -0.069466
vn -0.008815 -0.071392 -0.069466
vn -0.001321 -0.071922 -0.069466
vn 0.006188 -0.071667 -0.069466
vn 0.013629 -0.070631 -0.069466
vn 0.020921 -0.068824 -0.069466
vn 0.027986 -0.066267 -0.069466
vn 0.034745 -0.062987 -0.069466
vn 0.041125 -0.059019 -0.069466
vn 0.047056 -0.054408 -0.069466
vn 0.052474 -0.049203 -0.069466
vn 0.057320 -0.043462 -0.069466
vn 0.061540 -0.037247 -0.069466
vn 0.065089 -0.030625 -0.069466
vn 0.065101 -0.030600 -0.069466
vn 0.061553 -0.037225 -0.069466
vn 0.057334 -0.043443 -0.069466
vn 0.052489 -0.049188 -0.069466
vn 0.047071 -0.054395 -0.069466
vn 0.041139 -0.059009 -0.069466
vn 0.034758 -0.062979 -0.069466
vn 0.027998 -0.066262 -0.069466
vn 0.020932 -0.068821 -0.069466
vn 0.013638 -0.070629 -0.069466
vn 0.006195 -0.071667 -0.069466
vn -0.001315 -0.071922 -0.069466
vn -0.008811 -0.071392 -0.069466
vn -0.016211 -0.070083 -0.069466
vn -0.023434 -0.068010 -0.069466
vn -0.038268 -0.092388 0.000000
vn 0.013053 -0.099144 0.000000
vn 0.060876 -0.079335 0.000000
vn 0.092388 -0.038268 0.000000
vn 0.092388 -0.038268 0.000000
vn 0.060876 -0.079335 0.000000
vn 0.013053 -0.099144 0.000000
vn -0.038268 -0.092388 0.000000
vn 0.000000 0.100000 0.000000
vn 0.000000 0.092395 -0.038251
vn 0.000000 0.070715 -0.070706
vn 0.000000 0.038274 -0.092385
vn 0.000000 0.000000 -0.100000
vn 0.000000 -0.038274 -0.092385
vn 0.000000 -0.070715 -0.070706
vn 0.000000 -0.092395 -0.038251
vn 0.000000 -0.100000 0.000000
vn 0.000000 -0.100000 0.000000
vn 0.000000 -0.095708 -0.028983
vn 0.000000 -0.091975 -0.039249
vn 0.000000 -0.086568 -0.050060
vn 0.000000 -0.075778 -0.065252
vn 0.000000 -0.071344 -0.070071
vn 0.000000 -0.040024 -0.091641
vn 0.000000 -0.020072 -0.097965
vn 0.000000 0.000000 -0.100000
vn 0.000000 0.030207 -0.095328
vn 0.000000 0.040133 -0.091593
vn 0.000000 0.063403 -0.077331
vn 0.000000 0.071386 -0.070028
vn 0.000000 0.091985 -0.039226
vn 0.000000 0.098189 -0.018947
vn 0.000000 0.100000 0.000000
vn -0.023630 -0.097105 -0.003490
vn -0.013300 -0.099050 -0.003490
vn -0.002822 -0.099899 -0.003490
vn 0.007687 -0.099643 -0.003490
vn 0.018111 -0.098284 -0.003490
vn 0.028335 -0.095838 -0.003490
vn 0.038245 -0.092332 -0.003490
vn 0.047732 -0.087804 -0.003490
vn 0.056691 -0.082304 -0.003490
vn 0.065023 -0.075894 -0.003490
vn 0.072635 -0.068644 -0.003490
vn 0.079443 -0.060635 -0.003490
vn 0.085373 -0.051955 -0.003490
vn 0.085439 -0.051846 -0.003490
vn 0.085504 -0.051738 -0.003490
vn 0.085732 -0.051360 -0.003490
vn 0.085956 -0.050984 -0.003490
vn 0.080012 -0.059882 -0.003490
vn 0.073151 -0.068093 -0.003490
vn 0.065451 -0.075524 -0.003490
vn 0.057001 -0.082089 -0.003490
vn 0.047898 -0.087713 -0.003490
vn 0.038245 -0.092332 -0.003490
vn 0.028154 -0.095891 -0.003490
vn 0.017740 -0.098352 -0.003490
vn 0.007123 -0.099685 -0.003490
vn -0.003576 -0.099875 -0.003490
vn -0.014234 -0.098920 -0.003490
vn -0.024729 -0.096831 -0.003490
vn -0.024609 -0.096862 -0.003490
vn -0.024488 -0.096893 -0.003490
vn -0.024061 -0.096999 -0.003490
vn 0.000000 -0.099985 0.001745
vn 0.011397 -0.099333 0.001745
vn 0.022646 -0.097386 0.001745
vn 0.033600 -0.094170 0.001745
vn 0.044115 -0.089726 0.001745
vn 0.054056 -0.084113 0.001745
vn 0.063292 -0.077402 0.001745
vn 0.071702 -0.069683 0.001745
vn 0.079178 -0.061055 0.001745
vn 0.085622 -0.051632 0.001745
vn 0.090949 -0.041535 0.001745
vn 0.095091 -0.030897 0.001745
vn 0.097993 -0.019856 0.001745
vn 0.099618 -0.008556 0.001745
vn 0.099944 0.002855 0.001745
vn 0.098967 0.014229 0.001745
vn 0.096700 0.025418 0.001745
vn 0.093172 0.036275 0.001745
vn 0.088430 0.046660 0.001745
vn 0.082535 0.056436 0.001745
vn 0.075563 0.065476 0.001745
vn 0.067607 0.073663 0.001745
vn 0.058770 0.080889 0.001745
vn 0.049166 0.087061 0.001745
vn 0.038921 0.092098 0.001745
vn 0.028169 0.095935 0.001745
vn 0.017050 0.098520 0.001745
vn 0.005708 0.099822 0.001745
vn -0.005708 0.099822 0.001745
vn -0.017050 0.098520 0.001745
vn -0.028169 0.095935 0.001745
vn -0.038921 0.092098 0.001745
vn -0.049166 0.087061 0.001745
vn -0.058770 0.080889 0.001745
vn -0.067607 0.073663 0.001745
vn -0.075563 0.065476 0.001745
vn -0.082535 0.056436 0.001745
vn -0.088430 0.046660 0.001745
vn -0.093172 0.036275 0.001745
vn -0.096700 0.025418 0.001745
vn -0.098967 0.014229 0.001745
vn -0.099944 0.002855 0.001745
vn -0.099618 -0.008556 0.001745
vn -0.097993 -0.019856 0.001745
vn -0.095091 -0.030897 0.001745
vn -0.090949 -0.041535 0.001745
vn -0.085622 -0.051632 0.001745
vn -0.079178 -0.061055 0.001745
vn -0.071702 -0.069683 0.001745
vn -0.063292 -0.077402 0.001745
vn -0.054056 -0.084113 0.001745
vn -0.044115 -0.089726 0.001745
vn -0.033600 -0.094170 0.001745
vn -0.022646 -0.097386 0.001745
vn -0.011397 -0.099333 0.001745
vn -0.099805 0.005990 0.001745
vn -0.098474 0.017317 0.001745
vn -0.095861 0.028420 0.001745
vn -0.092000 0.039152 0.001745
vn -0.086943 0.049375 0.001745
vn -0.080754 0.058956 0.001745
vn -0.073514 0.067769 0.001745
vn -0.065318 0.075700 0.001745
vn -0.056272 0.082647 0.001745
vn -0.046493 0.088518 0.001745
vn -0.036110 0.093237 0.001745
vn -0.025256 0.096742 0.001745
vn -0.014074 0.098989 0.001745
vn -0.002709 0.099948 0.001745
vn 0.008692 0.099606 0.001745
vn 0.019979 0.097968 0.001745
vn 0.031006 0.095056 0.001745
vn 0.041630 0.090906 0.001745
vn 0.051712 0.085573 0.001745
vn 0.061122 0.079127 0.001745
vn 0.069736 0.071651 0.001745
vn 0.077442 0.063243 0.001745
vn 0.084141 0.054012 0.001745
vn 0.089745 0.044078 0.001745
vn 0.094181 0.033570 0.001745
vn 0.097391 0.022626 0.001745
vn 0.099334 0.011387 0.001745
vn 0.099985 0.000000 0.001745
vn 0.099334 -0.011387 0.001745
vn 0.097391 -0.022626 0.001745
vn 0.094181 -0.033570 0.001745
vn 0.089745 -0.044078 0.001745
vn 0.084141 -0.054012 0.001745
vn 0.077442 -0.063243 0.001745
vn 0.069736 -0.071651 0.001745
vn 0.061122 -0.079127 0.001745
vn 0.051712 -0.085573 0.001745
vn 0.041630 -0.090906 0.001745
vn 0.031006 -0.095056 0.001745
vn 0.019979 -0.097968 0.001745
vn 0.008692 -0.099606 0.001745
vn -0.002709 -0.099948 0.001745
vn -0.014074 -0.098989 0.001745
vn -0.025256 -0.096742 0.001745
vn -0.036110 -0.093237 0.001745
vn -0.046493 -0.088518 0.001745
vn -0.056272 -0.082647 0.001745
vn -0.065318 -0.075700 0.001745
vn -0.073514 -0.067769 0.001745
vn -0.080754 -0.058956 0.001745
vn -0.086943 -0.049375 0.001745
vn -0.092000 -0.039152 0.001745
vn -0.095861 -0.028420 0.001745
vn -0.098474 -0.017317 0.001745
vn -0.099805 -0.005990 0.001745
vn -0.099816 -0.005811 0.001745
vn -0.099859 -0.005005 0.001745
vn -0.099887 -0.004413 0.001745
vn -0.099982 -0.000676 0.001745
vn -0.099982 0.000676 0.001745
vn -0.099887 0.004413 0.001745
vn -0.099859 0.005005 0.001745
vn -0.099816 0.005811 0.001745
vn 0.008692 -0.099606 0.001745
vn 0.000000 -0.099985 0.001745
vn 0.000000 -0.099985 0.001745
vn 0.008692 -0.099606 0.001745
vn -0.090443 0.042520 0.003490
vn -0.085461 0.051809 0.003490
vn -0.079529 0.060522 0.003490
vn -0.072713 0.068562 0.003490
vn -0.065087 0.075839 0.003490
vn -0.056738 0.082272 0.003490
vn -0.047757 0.087790 0.003490
vn -0.038245 0.092332 0.003490
vn -0.028308 0.095846 0.003490
vn -0.018056 0.098295 0.003490
vn -0.007602 0.099650 0.003490
vn 0.002935 0.099896 0.003490
vn 0.013440 0.099031 0.003490
vn 0.023796 0.097065 0.003490
vn 0.033886 0.094019 0.003490
vn 0.033895 0.094016 0.003490
vn 0.023803 0.097063 0.003490
vn 0.013446 0.099030 0.003490
vn 0.002940 0.099896 0.003490
vn -0.007599 0.099650 0.003490
vn -0.018053 0.098295 0.003490
vn -0.028307 0.095847 0.003490
vn -0.038245 0.092332 0.003490
vn -0.047758 0.087789 0.003490
vn -0.056740 0.082271 0.003490
vn -0.065090 0.075836 0.003490
vn -0.072716 0.068558 0.003490
vn -0.079533 0.060517 0.003490
vn -0.085465 0.051803 0.003490
vn -0.090446 0.042512 0.003490
vn 0.000000 0.099939 0.003490
vn 0.010994 0.099333 0.003490
vn 0.021855 0.097520 0.003490
vn 0.032450 0.094524 0.003490
vn 0.042652 0.090381 0.003490
vn 0.052335 0.085140 0.003490
vn 0.061384 0.078866 0.003490
vn 0.069687 0.071635 0.003490
vn 0.077145 0.063534 0.003490
vn 0.083666 0.054661 0.003490
vn 0.089171 0.045126 0.003490
vn 0.093594 0.035042 0.003490
vn 0.096881 0.024534 0.003490
vn 0.098992 0.013727 0.003490
vn 0.099901 0.002754 0.003490
vn 0.099598 -0.008253 0.003490
vn 0.098085 -0.019159 0.003490
vn 0.095382 -0.029833 0.003490
vn 0.091522 -0.040145 0.003490
vn 0.086550 -0.049970 0.003490
vn 0.080527 -0.059187 0.003490
vn 0.073528 -0.067687 0.003490
vn 0.065635 -0.075365 0.003490
vn 0.056946 -0.082128 0.003490
vn 0.047566 -0.087894 0.003490
vn 0.037608 -0.092593 0.003490
vn 0.027194 -0.096168 0.003490
vn 0.016449 -0.098576 0.003490
vn 0.005505 -0.099787 0.003490
vn -0.005505 -0.099787 0.003490
vn -0.016449 -0.098576 0.003490
vn -0.027194 -0.096168 0.003490
vn -0.037608 -0.092593 0.003490
vn -0.047566 -0.087894 0.003490
vn -0.056946 -0.082128 0.003490
vn -0.065635 -0.075365 0.003490
vn -0.073528 -0.067687 0.003490
vn -0.080527 -0.059187 0.003490
vn -0.086550 -0.049970 0.003490
vn -0.091522 -0.040145 0.003490
vn -0.095382 -0.029833 0.003490
vn -0.098085 -0.019159 0.003490
vn -0.099598 -0.008253 0.003490
vn -0.099901 0.002754 0.003490
vn -0.098992 0.013727 0.003490
vn -0.096881 0.024534 0.003490
vn -0.093594 0.035042 0.003490
vn -0.089171 0.045126 0.003490
vn -0.083666 0.054661 0.003490
vn -0.077145 0.063534 0.003490
vn -0.069687 0.071635 0.003490
vn -0.061384 0.078866 0.003490
vn -0.052335 0.085140 0.003490
vn -0.042652 0.090381 0.003490
vn -0.032450 0.094524 0.003490
vn -0.021855 0.097520 0.003490
vn -0.010994 0.099333 0.003490
vn 0.032277 0.094583 0.003490
vn 0.022269 0.097426 0.003490
vn 0.012021 0.099214 0.003490
vn 0.001642 0.099926 0.003490
vn -0.008755 0.099555 0.003490
vn -0.019057 0.098105 0.003490
vn -0.029152 0.095593 0.003490
vn -0.038932 0.092044 0.003490
vn -0.048289 0.087498 0.003490
vn -0.057123 0.082004 0.003490
vn -0.065339 0.075622 0.003490
vn -0.072846 0.068420 0.003490
vn -0.079564 0.060476 0.003490
vn -0.085420 0.051878 0.003490
vn -0.090350 0.042717 0.003490
vn -0.090335 0.042747 0.003490
vn -0.091510 0.040171 0.003490
vn -0.092611 0.037563 0.003490
vn -0.093638 0.034925 0.003490
vn -0.094012 0.033904 0.003490
vn -0.094321 0.033035 0.003490
vn -0.094524 0.032450 0.003490
vn -0.094596 0.032240 0.003490
vn -0.094583 0.032277 0.003490
vn -0.097069 0.023777 0.003490
vn -0.098793 0.015091 0.003490
vn -0.099741 0.006287 0.003490
vn -0.099740 0.006308 0.003490
vn -0.099769 0.005833 0.003490
vn -0.099839 0.004468 0.003490
vn -0.099910 0.002419 0.003490
vn -0.099939 0.000000 0.003490
vn -0.099910 -0.002419 0.003490
vn -0.099839 -0.004468 0.003490
vn -0.099769 -0.005833 0.003490
vn -0.099740 -0.006308 0.003490
vn -0.099741 -0.006287 0.003490
vn -0.098531 -0.016719 0.003490
vn -0.096232 -0.026966 0.003490
vn -0.092871 -0.036915 0.003490
vn -0.088485 -0.046457 0.003490
vn -0.083121 -0.055486 0.003490
vn -0.076840 -0.063902 0.003490
vn -0.069710 -0.071613 0.003490
vn -0.061810 -0.078533 0.003490
vn -0.053228 -0.084585 0.003490
vn -0.044058 -0.089704 0.003490
vn -0.044092 -0.089687 0.003490
vn -0.043896 -0.089783 0.003490
vn -0.043337 -0.090054 0.003490
vn -0.042504 -0.090450 0.003490
vn -0.041516 -0.090908 0.003490
vn -0.039341 -0.091870 0.003490
vn -0.037144 -0.092780 0.003490
vn -0.034925 -0.093638 0.003490
vn -0.033906 -0.094012 0.003490
vn -0.033035 -0.094321 0.003490
vn -0.032450 -0.094524 0.003490
vn -0.032240 -0.094596 0.003490
vn -0.032277 -0.094583 0.003490
vn -0.022269 -0.097426 0.003490
vn -0.012021 -0.099214 0.003490
vn -0.001642 -0.099926 0.003490
vn 0.008755 -0.099555 0.003490
vn 0.019057 -0.098105 0.003490
vn 0.029152 -0.095593 0.003490
vn 0.038932 -0.092044 0.003490
vn 0.048289 -0.087498 0.003490
vn 0.057123 -0.082004 0.003490
vn 0.065339 -0.075622 0.003490
vn 0.072846 -0.068420 0.003490
vn 0.079564 -0.060476 0.003490
vn 0.085420 -0.051878 0.003490
vn 0.090350 -0.042717 0.003490
vn 0.090335 -0.042747 0.003490
vn 0.091510 -0.040171 0.003490
vn 0.092611 -0.037563 0.003490
vn 0.093638 -0.034925 0.003490
vn 0.094012 -0.033904 0.003490
vn 0.094321 -0.033035 0.003490
vn 0.094524 -0.032450 0.003490
vn 0.094596 -0.032240 0.003490
vn 0.094583 -0.032277 0.003490
vn 0.097426 -0.022269 0.003490
vn 0.099214 -0.012021 0.003490
vn 0.099926 -0.001642 0.003490
vn 0.099555 0.008755 0.003490
vn 0.098105 0.019057 0.003490
vn 0.095593 0.029152 0.003490
vn 0.092044 0.038932 0.003490
vn 0.087498 0.048289 0.003490
vn 0.082004 0.057123 0.003490
vn 0.075622 0.065339 0.003490
vn 0.068420 0.072846 0.003490
vn 0.060476 0.079564 0.003490
vn 0.051878 0.085420 0.003490
vn 0.042717 0.090350 0.003490
vn 0.042747 0.090335 0.003490
vn 0.040171 0.091510 0.003490
vn 0.037563 0.092611 0.003490
vn 0.034925 0.093638 0.003490
vn 0.033904 0.094012 0.003490
vn 0.033035 0.094321 0.003490
vn 0.032450 0.094524 0.003490
vn 0.032240 0.094596 0.003490
vn 0.000000 0.099939 0.003490
vn 0.010994 0.099333 0.003490
vn 0.021855 0.097520 0.003490
vn 0.032450 0.094524 0.003490
vn 0.042722 0.090347 0.003490
vn 0.052335 0.085140 0.003490
vn 0.061384 0.078866 0.003490
vn 0.069687 0.071635 0.003490
vn 0.077145 0.063534 0.003490
vn 0.083666 0.054661 0.003490
vn 0.089171 0.045126 0.003490
vn 0.093594 0.035042 0.003490
vn 0.096881 0.024534 0.003490
vn 0.098992 0.013727 0.003490
vn 0.099901 0.002754 0.003490
vn 0.099598 -0.008253 0.003490
vn 0.098085 -0.019159 0.003490
vn 0.095382 -0.029833 0.003490
vn 0.091513 -0.040164 0.003490
vn 0.086550 -0.049970 0.003490
vn 0.080527 -0.059187 0.003490
vn 0.073528 -0.067687 0.003490
vn 0.065635 -0.075365 0.003490
vn 0.056946 -0.082128 0.003490
vn 0.047566 -0.087894 0.003490
vn 0.037608 -0.092593 0.003490
vn 0.027194 -0.096168 0.003490
vn 0.016449 -0.098576 0.003490
vn 0.005505 -0.099787 0.003490
vn -0.005505 -0.099787 0.003490
vn -0.016449 -0.098576 0.003490
vn -0.027194 -0.096168 0.003490
vn -0.037608 -0.092593 0.003490
vn -0.047566 -0.087894 0.003490
vn -0.056946 -0.082128 0.003490
vn -0.065635 -0.075365 0.003490
vn -0.073528 -0.067687 0.003490
vn -0.080527 -0.059187 0.003490
vn -0.086550 -0.049970 0.003490
vn -0.091522 -0.040145 0.003490
vn -0.095382 -0.029833 0.003490
vn -0.098085 -0.019159 0.003490
vn -0.099598 -0.008253 0.003490
vn -0.099901 0.002754 0.003490
vn -0.098992 0.013727 0.003490
vn -0.096881 0.024534 0.003490
vn -0.093594 0.035042 0.003490
vn -0.089171 0.045126 0.003490
vn -0.083666 0.054661 0.003490
vn -0.077145 0.063534 0.003490
vn -0.069687 0.071635 0.003490
vn -0.061384 0.078866 0.003490
vn -0.052335 0.085140 0.003490
vn -0.042652 0.090381 0.003490
vn -0.032450 0.094524 0.003490
vn -0.021855 0.097520 0.003490
vn -0.010994 0.099333 0.003490
vn -0.010994 0.099333 0.003490
vn 0.000000 0.099939 0.003490
vn 0.001642 0.099926 0.003490
vn 0.001642 0.099926 0.003490
vn 0.000000 0.099939 0.003490
vn 0.000000 0.099939 0.003490
vn -0.099758 0.006008 0.003490
vn -0.098735 0.015469 0.003490
vn -0.096816 0.024790 0.003490
vn -0.094019 0.033886 0.003490
vn -0.094016 0.033895 0.003490
vn -0.096815 0.024792 0.003490
vn -0.098735 0.015464 0.003490
vn -0.099759 0.005996 0.003490
vn 0.042512 0.090446 0.003490
vn 0.042520 0.090443 0.003490
vn 0.051809 0.085461 0.003490
vn 0.060522 0.079529 0.003490
vn 0.068562 0.072713 0.003490
vn 0.075839 0.065087 0.003490
vn 0.082272 0.056738 0.003490
vn 0.087790 0.047757 0.003490
vn 0.092332 0.038245 0.003490
vn 0.095846 0.028308 0.003490
vn 0.098295 0.018056 0.003490
vn 0.099650 0.007602 0.003490
vn 0.099896 -0.002935 0.003490
vn 0.099031 -0.013440 0.003490
vn 0.097065 -0.023796 0.003490
vn 0.094019 -0.033886 0.003490
vn 0.094016 -0.033895 0.003490
vn 0.097063 -0.023803 0.003490
vn 0.099030 -0.013446 0.003490
vn 0.099896 -0.002940 0.003490
vn 0.099650 0.007599 0.003490
vn 0.098295 0.018053 0.003490
vn 0.095847 0.028307 0.003490
vn 0.092332 0.038245 0.003490
vn 0.087789 0.047758 0.003490
vn 0.082271 0.056740 0.003490
vn 0.075836 0.065090 0.003490
vn 0.068558 0.072716 0.003490
vn 0.060517 0.079533 0.003490
vn 0.051803 0.085465 0.003490
vn 0.000000 0.000000 0.100000
vn 0.000000 0.000000 0.100000
vn 0.000000 0.000000 0.100000
vn 0.000000 0.000000 0.100000
vn 0.000000 0.000000 0.100000
vn 0.000000 0.000000 0.100000
vn 0.000000 0.000000 0.100000
vn 0.000000 0.000000 0.100000
vn 0.000000 0.000000 0.100000
vn 0.000000 0.000000 0.100000
vn 0.000000 0.000000 0.100000
vn 0.000000 0.000000 0.100000
vn 0.000000 0.000000 0.100000
vn 0.000000 0.000000 0.100000
vn 0.000000 0.000000 0.100000
vn 0.000000 0.000000 0.100000
vn 0.000000 0.000000 0.100000
vn 0.000000 0.000000 0.100000
vn 0.000000 0.000000 0.100000
vn 0.000000 0.000000 0.100000
vn 0.000000 0.000000 0.100000
vn 0.000000 0.000000 0.100000
vn 0.000000 0.000000 0.100000
vn 0.000000 0.000000 0.100000
vn 0.000000 0.000000 0.100000
vn 0.000000 0.000000 0.100000
vn 0.000000 0.000000 0.100000
vn 0.000000 0.000000 0.100000
vn 0.000000 0.000000 0.100000
vn 0.000000 0.000000 0.100000
vn 0.000000 0.000000 0.100000
vn 0.000000 0.000000 0.100000
vn 0.000000 0.000000 0.100000
vn 0.000000 0.000000 0.100000
vn 0.000000 0.000000 0.100000
vn 0.000000 0.000000 0.100000
vn 0.000000 0.000000 0.100000
vn 0.000000 0.000000 0.100000
vn 0.000000 0.000000 0.100000
vn 0.000000 0.000000 0.100000
vn 0.000000 0.000000 0.100000
vn 0.000000 0.000000 0.100000
vn 0.000000 0.000000 0.100000
vn 0.000000 0.000000 0.100000
vn 0.000000 0.000000 0.100000
vn 0.000000 0.000000 0.100000
vn 0.000000 0.000000 0.100000
vn 0.000000 0.000000 0.100000
vn 0.000000 0.000000 0.100000
vn 0.000000 0.000000 0.100000
vn 0.000000 0.000000 0.100000
vn 0.000000 0.000000 0.100000
vn 0.000000 0.000000 0.100000
vn 0.000000 0.000000 0.100000
vn 0.000000 0.000000 0.100000
vn 0.000000 0.000000 0.100000
vn 0.000000 0.000000 0.100000
vn 0.000000 0.000000 0.100000
vn 0.000000 0.000000 0.100000
vn 0.000000 0.000000 0.100000
vn 0.000000 0.000000 0.100000
vn 0.000000 0.000000 0.100000
vn 0.000000 0.000000 0.100000
vn 0.000000 0.000000 0.100000
vn 0.000000 0.000000 0.100000
vn 0.000000 0.000000 0.100000
vn 0.000000 0.000000 0.100000
vn 0.000000 0.000000 0.100000
vn 0.000000 0.000000 0.100000
vn 0.000000 0.000000 0.100000
vn 0.000000 0.000000 0.100000
vn 0.000000 0.000000 0.100000
vn 0.000000 0.000000 0.100000
vn 0.000000 0.000000 0.100000
vn 0.000000 0.000000 0.100000
vn 0.000000 0.000000 0.100000
vn 0.000000 0.000000 0.100000
vn -0.032549 -0.094490 0.003490
vn -0.032558 -0.094487 0.003490
vn -0.022523 -0.097368 0.003490
vn -0.012242 -0.099186 0.003490
vn -0.001827 -0.099922 0.003490
vn 0.008607 -0.099568 0.003490
vn 0.018948 -0.098126 0.003490
vn 0.029082 -0.095614 0.003490
vn 0.038898 -0.092058 0.003490
vn 0.048290 -0.087498 0.003490
vn 0.057155 -0.081983 0.003490
vn 0.065396 -0.075572 0.003490
vn 0.072923 -0.068338 0.003490
vn 0.079655 -0.060357 0.003490
vn 0.085517 -0.051717 0.003490
vn 0.090446 -0.042513 0.003490
vn 0.090443 -0.042520 0.003490
vn 0.085514 -0.051723 0.003490
vn 0.079652 -0.060361 0.003490
vn 0.072921 -0.068340 0.003490
vn 0.065394 -0.075574 0.003490
vn 0.057154 -0.081983 0.003490
vn 0.048290 -0.087498 0.003490
vn 0.038899 -0.092058 0.003490
vn 0.029084 -0.095613 0.003490
vn 0.018952 -0.098126 0.003490
vn 0.008612 -0.099567 0.003490
vn -0.001821 -0.099922 0.003490
vn -0.012234 -0.099187 0.003490
vn -0.022514 -0.097370 0.003490
vn 0.000000 0.000000 0.100000
vn 0.000000 0.000000 0.100000
vn 0.000000 0.000000 0.100000
vn 0.000000 0.000000 0.100000
vn 0.000000 0.000000 0.100000
vn 0.000000 0.000000 0.100000
vn 0.000000 0.000000 0.100000
vn 0.000000 0.000000 0.100000
vn 0.000000 0.000000 0.100000
vn 0.000000 0.000000 0.100000
vn 0.000000 0.000000 0.100000
vn 0.000000 0.000000 0.100000
vn 0.000000 0.000000 0.100000
vn 0.000000 0.000000 0.100000
vn 0.000000 0.000000 0.100000
vn 0.000000 0.000000 0.100000
vn 0.000000 0.000000 0.100000
vn 0.000000 0.000000 0.100000
vn 0.000000 0.000000 0.100000
vn 0.000000 0.000000 0.100000
vn 0.000000 0.000000 0.100000
vn 0.000000 0.000000 0.100000
vn 0.000000 0.000000 0.100000
vn 0.000000 0.000000 0.100000
vn 0.000000 0.000000 0.100000
vn 0.000000 0.000000 0.100000
vn 0.000000 0.000000 0.100000
vn 0.000000 0.000000 0.100000
vn 0.000000 0.000000 0.100000
vn 0.000000 0.000000 0.100000
vn 0.000000 0.000000 0.100000
vn 0.000000 0.000000 0.100000
vn 0.000000 0.000000 0.100000
vn 0.000000 0.000000 0.100000
vn 0.000000 0.000000 0.100000
vn 0.000000 0.000000 0.100000
vn 0.098884 -0.014484 -0.003490
vn 0.099226 -0.011916 -0.003490
vn 0.099502 -0.009340 -0.003490
vn 0.099710 -0.006758 -0.003490
vn 0.099711 -0.006743 -0.003490
vn 0.099117 -0.012793 -0.003490
vn 0.098156 -0.018796 -0.003490
vn 0.096831 -0.024729 -0.003490
vn 0.096862 -0.024609 -0.003490
vn 0.096893 -0.024488 -0.003490
vn 0.096999 -0.024061 -0.003490
vn 0.097105 -0.023630 -0.003490
vn 0.097734 -0.020876 -0.003490
vn 0.098285 -0.018105 -0.003490
vn 0.098758 -0.015319 -0.003490
vn 0.098777 -0.015196 -0.003490
vn 0.098851 -0.014705 -0.003490
vn 0.098868 -0.014594 -0.003490
vn 0.000000 0.000000 -0.100000
vn 0.000000 0.000000 -0.100000
vn 0.000000 0.000000 -0.100000
vn 0.000000 0.000000 -0.100000
vn 0.000000 0.000000 -0.100000
vn 0.000000 0.000000 -0.100000
vn 0.000000 0.000000 -0.100000
vn 0.000000 0.000000 -0.100000
vn 0.000000 0.000000 -0.100000
vn 0.000000 0.000000 -0.100000
vn 0.000000 0.000000 -0.100000
vn 0.000000 0.000000 -0.100000
vn 0.000000 0.000000 -0.100000
vn 0.000000 0.000000 -0.100000
vn 0.000000 0.000000 -0.100000
vn 0.000000 0.000000 -0.100000
vn 0.000000 0.000000 -0.100000
vn 0.000000 0.000000 -0.100000
vn 0.000000 0.000000 -0.100000
vn 0.000000 0.000000 -0.100000
vn 0.000000 0.000000 -0.100000
vn 0.000000 0.000000 -0.100000
vn 0.000000 0.000000 -0.100000
vn 0.000000 0.000000 -0.100000
vn -0.099996 0.000000 -0.000873
vn -0.099994 0.000619 -0.000878
vn -0.099988 0.001239 -0.000883
vn -0.099965 0.002480 -0.000894
vn -0.099873 0.004964 -0.000915
vn -0.099501 0.009933 -0.000955
vn -0.098880 0.014891 -0.000993
vn -0.098011 0.019817 -0.001028
vn -0.096897 0.024694 -0.001061
vn -0.095543 0.029503 -0.001091
vn -0.093954 0.034227 -0.001119
vn -0.092138 0.038848 -0.001143
vn -0.096477 0.026286 -0.001071
vn -0.099112 0.013260 -0.000981
vn -0.099996 0.000000 -0.000873
vn 0.000000 0.000000 -0.100000
vn 0.000000 0.000000 -0.100000
vn 0.000000 0.000000 -0.100000
vn 0.000000 0.000000 -0.100000
vn 0.000000 0.000000 -0.100000
vn 0.000000 0.000000 -0.100000
vn 0.000000 0.000000 -0.100000
vn 0.000000 0.000000 -0.100000
vn 0.000000 0.000000 -0.100000
vn 0.000000 0.000000 -0.100000
vn 0.000000 0.000000 -0.100000
vn 0.000000 0.000000 -0.100000
vn 0.000000 0.000000 -0.100000
vn 0.000000 0.000000 -0.100000
vn 0.000000 0.000000 -0.100000
vn 0.050984 0.085956 -0.003490
vn 0.059916 0.079987 -0.003490
vn 0.068155 0.073094 -0.003490
vn 0.075607 0.065355 -0.003490
vn 0.082186 0.056862 -0.003490
vn 0.087815 0.047712 -0.003490
vn 0.092429 0.038010 -0.003490
vn 0.095975 0.027870 -0.003490
vn 0.098412 0.017407 -0.003490
vn 0.099711 0.006743 -0.003490
vn 0.099710 0.006758 -0.003490
vn 0.099554 0.008765 -0.003490
vn 0.099357 0.010767 -0.003490
vn 0.099120 0.012766 -0.003490
vn 0.099013 0.013576 -0.003490
vn 0.096900 0.024458 -0.003490
vn 0.093595 0.035040 -0.003490
vn 0.089139 0.045190 -0.003490
vn 0.083585 0.054784 -0.003490
vn 0.077003 0.063705 -0.003490
vn 0.069474 0.071841 -0.003490
vn 0.061090 0.079094 -0.003490
vn 0.051955 0.085373 -0.003490
vn 0.051846 0.085439 -0.003490
vn 0.051738 0.085504 -0.003490
vn 0.051360 0.085732 -0.003490
vn 0.000000 0.000000 -0.100000
vn 0.000000 0.000000 -0.100000
vn 0.000000 0.000000 -0.100000
vn 0.000000 0.000000 -0.100000
vn 0.000000 0.000000 -0.100000
vn 0.000000 0.000000 -0.100000
vn 0.000000 0.000000 -0.100000
vn 0.000000 0.000000 -0.100000
vn 0.000000 0.000000 -0.100000
vn 0.000000 0.000000 -0.100000
vn 0.000000 0.000000 -0.100000
vn 0.000000 0.000000 -0.100000
vn 0.000000 0.000000 -0.100000
vn 0.000000 0.000000 -0.100000
vn 0.000000 0.000000 -0.100000
vn 0.000000 0.000000 -0.100000
vn 0.000000 0.000000 -0.100000
vn -0.099909 0.002455 -0.003490
vn -0.099932 0.001230 -0.003490
vn -0.099939 0.000006 -0.003490
vn -0.099939 -0.000032 -0.003490
vn -0.099932 -0.001203 -0.003490
vn -0.099911 -0.002372 -0.003490
vn -0.099909 -0.002457 -0.003490
vn -0.099936 -0.000820 -0.003490
vn -0.099936 0.000818 -0.003490
vn 0.000000 0.000000 -0.100000
vn 0.000000 0.000000 -0.100000
vn 0.000000 0.000000 -0.100000
vn 0.000000 0.000000 -0.100000
vn 0.000000 0.000000 -0.100000
vn 0.000000 0.000000 -0.100000
vn 0.000000 0.000000 -0.100000
vn 0.000000 0.000000 -0.100000
vn 0.000000 0.000000 -0.100000
vn 0.000000 0.000000 -0.100000
vn 0.000000 0.000000 -0.100000
vn 0.000000 0.000000 -0.100000
vn 0.000000 0.000000 -0.100000
vn 0.000000 0.000000 -0.100000
vn 0.000000 0.000000 -0.100000
vn 0.000000 0.000000 -0.100000
vn 0.000000 0.000000 -0.100000
vn 0.000000 0.000000 -0.100000
vn 0.000000 0.000000 -0.100000
vn 0.000000 0.000000 -0.100000
vn 0.000000 0.000000 -0.100000
vn 0.000000 0.000000 -0.100000
vn 0.000000 0.000000 -0.100000
vn 0.000000 0.000000 -0.100000
vn 0.000000 0.000000 -0.100000
vn 0.000000 0.000000 -0.100000
vn 0.023630 0.097105 -0.003490
vn 0.013300 0.099050 -0.003490
vn 0.002822 0.099899 -0.003490
vn -0.007687 0.099643 -0.003490
vn -0.018111 0.098284 -0.003490
vn -0.028335 0.095838 -0.003490
vn -0.038245 0.092332 -0.003490
vn -0.047732 0.087804 -0.003490
vn -0.056691 0.082304 -0.003490
vn -0.065023 0.075894 -0.003490
vn -0.072635 0.068644 -0.003490
vn -0.079443 0.060635 -0.003490
vn -0.085373 0.051955 -0.003490
vn -0.085439 0.051846 -0.003490
vn -0.085504 0.051738 -0.003490
vn -0.085732 0.051360 -0.003490
vn -0.085956 0.050984 -0.003490
vn -0.080012 0.059882 -0.003490
vn -0.073151 0.068093 -0.003490
vn -0.065451 0.075524 -0.003490
vn -0.057001 0.082089 -0.003490
vn -0.047898 0.087713 -0.003490
vn -0.038245 0.092332 -0.003490
vn -0.028154 0.095891 -0.003490
vn -0.017740 0.098352 -0.003490
vn -0.007123 0.099685 -0.003490
vn 0.003576 0.099875 -0.003490
vn 0.014234 0.098920 -0.003490
vn 0.024729 0.096831 -0.003490
vn 0.024609 0.096862 -0.003490
vn 0.024488 0.096893 -0.003490
vn 0.024061 0.096999 -0.003490
vn 0.000000 0.000000 -0.100000
vn 0.000000 0.000000 -0.100000
vn 0.000000 0.000000 -0.100000
vn 0.000000 0.000000 -0.100000
vn 0.000000 0.000000 -0.100000
vn 0.000000 0.000000 -0.100000
vn 0.000000 0.000000 -0.100000
vn 0.000000 0.000000 -0.100000
vn 0.000000 0.000000 -0.100000
vn 0.000000 0.000000 -0.100000
vn 0.000000 0.000000 -0.100000
vn 0.000000 0.000000 -0.100000
vn 0.000000 0.000000 -0.100000
vn 0.000000 0.000000 -0.100000
vn 0.000000 0.000000 -0.100000
vn 0.000000 0.000000 -0.100000
vn 0.000000 0.000000 -0.100000
vn 0.000000 0.000000 -0.100000
vn 0.000000 0.000000 -0.100000
vn 0.000000 0.000000 -0.100000
vn 0.000000 0.000000 -0.100000
vn 0.000000 0.000000 -0.100000
vn 0.000000 0.000000 -0.100000
vn 0.000000 0.000000 -0.100000
vn 0.000000 0.000000 -0.100000
vn 0.000000 0.000000 -0.100000
vn 0.000000 0.000000 -0.100000
vn 0.000000 0.000000 -0.100000
vn 0.000000 0.000000 -0.100000
vn 0.000000 0.000000 -0.100000
vn 0.000000 0.000000 -0.100000
vn 0.000000 0.000000 0.100000
vn 0.000000 0.000000 0.100000
vn 0.000000 0.000000 0.100000
vn 0.000000 0.000000 0.100000
vn 0.000000 0.000000 0.100000
vn 0.000000 0.000000 0.100000
vn 0.000000 0.000000 0.100000
vn 0.000000 0.000000 0.100000
vn 0.000000 0.000000 0.100000
vn 0.000000 0.000000 0.100000
vn 0.000000 0.000000 0.100000
vn 0.000000 0.000000 0.100000
vn 0.000000 0.000000 0.100000
vn 0.000000 0.000000 0.100000
vn 0.000000 0.000000 0.100000
vn 0.000000 0.000000 0.100000
vn 0.000000 0.000000 0.100000
vn 0.000000 0.000000 0.100000
vn 0.000000 0.000000 0.100000
vn 0.000000 0.000000 0.100000
vn 0.000000 0.000000 0.100000
vn 0.000000 0.000000 0.100000
vn 0.000000 0.000000 0.100000
vn 0.000000 0.000000 0.100000
vn 0.000000 0.000000 0.100000
vn 0.000000 0.000000 0.100000
vn 0.000000 0.000000 0.100000
vn 0.000000 0.000000 0.100000
vn 0.000000 0.000000 0.100000
vn 0.000000 0.000000 0.100000
vn 0.000000 0.000000 0.100000
vn 0.000000 0.000000 0.100000
vn 0.000000 0.000000 0.100000
vn 0.000000 0.000000 0.100000
vn 0.000000 0.000000 0.100000
vn 0.000000 0.000000 0.100000
vn 0.000000 0.000000 0.100000
vn 0.000000 0.000000 0.100000
vn 0.000000 0.000000 0.100000
vn 0.000000 0.000000 0.100000
vn 0.000000 0.000000 0.100000
vn 0.000000 0.000000 0.100000
vn 0.000000 0.000000 0.100000
vn 0.000000 0.000000 0.100000
vn 0.000000 0.000000 0.100000
vn 0.000000 0.000000 0.100000
vn 0.000000 0.000000 0.100000
vn 0.000000 0.000000 0.100000
vn 0.000000 0.000000 0.100000
vn 0.000000 0.000000 0.100000
vn 0.000000 0.000000 0.100000
vn 0.000000 0.000000 0.100000
vn 0.000000 0.000000 0.100000
vn 0.000000 0.000000 0.100000
vn 0.000000 0.000000 0.100000
vn 0.000000 0.000000 0.100000
vn 0.000000 0.000000 0.100000
vn 0.000000 0.000000 0.100000
vn 0.000000 0.000000 0.100000
vn 0.000000 0.000000 0.100000
vn 0.000000 0.000000 0.100000
vn 0.000000 0.000000 0.100000
vn 0.000000 0.000000 0.100000
vn 0.000000 0.000000 0.100000
vn 0.000000 0.000000 0.100000
vn 0.000000 0.000000 0.100000
vn 0.000000 0.000000 0.100000
vn 0.000000 0.000000 0.100000
vn 0.000000 0.000000 0.100000
vn 0.000000 0.000000 0.100000
vn 0.000000 0.000000 0.100000
vn 0.000000 0.000000 0.100000
vn 0.000000 0.000000 0.100000
vn 0.000000 0.000000 0.100000
vn 0.000000 0.000000 0.100000
vn 0.000000 0.000000 0.100000
vn 0.000000 0.000000 0.100000
vn 0.000000 0.000000 0.100000
vn 0.000000 0.000000 0.100000
vn 0.000000 0.000000 0.100000
vn 0.000000 0.000000 0.100000
vn 0.000000 0.000000 0.100000
vn 0.000000 0.000000 0.100000
vn 0.000000 0.000000 0.100000
vn 0.000000 0.000000 0.100000
vn 0.000000 0.000000 0.100000
vn 0.000000 0.000000 0.100000
vn 0.000000 0.000000 0.100000
vn 0.000000 0.000000 0.100000
vn 0.000000 0.000000 0.100000
vn 0.000000 0.000000 0.100000
vn 0.000000 0.000000 0.100000
vn 0.000000 0.000000 0.100000
vn 0.000000 0.000000 0.100000
vn 0.000000 0.000000 0.100000
vn 0.000000 0.000000 0.100000
vn 0.000000 0.000000 0.100000
vn 0.000000 0.000000 0.100000
vn 0.000000 0.000000 0.100000
vn 0.000000 0.000000 0.100000
vn 0.000000 0.000000 0.100000
vn 0.000000 0.000000 0.100000
vn 0.000000 0.000000 0.100000
vn 0.000000 0.000000 0.100000
vn 0.000000 0.000000 0.100000
vn 0.000000 0.000000 0.100000
vn 0.000000 0.000000 0.100000
vn 0.000000 0.000000 0.100000
vn 0.000000 0.000000 0.100000
vn 0.000000 0.000000 0.100000
vn 0.000000 0.000000 0.100000
vn 0.000000 0.000000 0.100000
vn 0.000000 0.000000 -0.100000
vn 0.000000 0.000000 -0.100000
vn 0.000000 0.000000 -0.100000
vn 0.000000 0.000000 -0.100000
vn 0.000000 0.000000 -0.100000
vn 0.000000 0.000000 -0.100000
vn 0.000000 0.000000 -0.100000
vn 0.000000 0.000000 -0.100000
vn 0.000000 0.000000 -0.100000
vn 0.000000 0.000000 -0.100000
vn 0.000000 0.000000 -0.100000
vn 0.000000 0.000000 -0.100000
vn 0.000000 0.000000 -0.100000
vn 0.000000 0.000000 -0.100000
vn 0.000000 0.000000 -0.100000
vn 0.000000 0.000000 -0.100000
vn 0.000000 0.000000 -0.100000
vn 0.000000 0.000000 -0.100000
vn 0.000000 0.000000 -0.100000
vn 0.000000 0.000000 -0.100000
vn 0.000000 0.000000 -0.100000
vn 0.000000 0.000000 -0.100000
vn 0.000000 0.000000 -0.100000
vn 0.000000 0.000000 -0.100000
vn 0.000000 0.000000 -0.100000
vn 0.000000 0.000000 -0.100000
vn 0.000000 0.000000 -0.100000
vn 0.000000 0.000000 -0.100000
vn 0.000000 0.000000 -0.100000
vn 0.000000 0.000000 -0.100000
vn 0.000000 0.000000 -0.100000
vn 0.000000 0.000000 -0.100000
vn 0.000000 0.000000 -0.100000
vn 0.000000 0.000000 -0.100000
vn 0.000000 0.000000 -0.100000
vn 0.000000 0.000000 -0.100000
vn 0.000000 0.000000 -0.100000
vn 0.000000 0.000000 -0.100000
vn 0.000000 0.000000 -0.100000
vn 0.000000 0.000000 -0.100000
vn 0.000000 0.000000 -0.100000
vn 0.000000 0.000000 -0.100000
vn 0.000000 0.000000 -0.100000
vn 0.000000 0.000000 -0.100000
vn 0.000000 0.000000 -0.100000
vn -0.092332 0.038245 -0.003490
vn -0.098217 -0.018083 -0.005140
vn -0.072572 -0.068606 -0.005140
vn -0.023630 -0.097105 -0.003490
vn -0.024061 -0.096999 -0.003490
vn -0.024488 -0.096893 -0.003490
vn -0.024609 -0.096862 -0.003490
vn -0.024729 -0.096831 -0.003490
vn -0.073090 -0.068057 -0.005109
vn -0.098286 -0.017713 -0.005109
vn -0.092332 0.038245 -0.003490
vn -0.089171 -0.044945 -0.005342
vn -0.099871 -0.001611 -0.004810
vn -0.060703 -0.079322 -0.004810
vn 0.092332 -0.038245 -0.003490
vn 0.056974 -0.082024 -0.005109
vn 0.003559 -0.099806 -0.005109
vn -0.050984 -0.085956 -0.003490
vn -0.051360 -0.085732 -0.003490
vn -0.051738 -0.085504 -0.003490
vn -0.051846 -0.085439 -0.003490
vn -0.051955 -0.085373 -0.003490
vn 0.002804 -0.099828 -0.005140
vn 0.056663 -0.082237 -0.005140
vn 0.092332 -0.038245 -0.003490
vn 0.031273 -0.094834 -0.005342
vn 0.069480 -0.071759 -0.004810
vn -0.013166 -0.099013 -0.004810
vn 0.000000 0.000000 -0.100000
vn 0.000000 0.000000 -0.100000
vn 0.000000 0.000000 -0.100000
vn 0.000000 0.000000 -0.100000
vn 0.000000 0.000000 -0.100000
vn 0.000000 0.000000 -0.100000
vn 0.000000 0.000000 -0.100000
vn 0.000000 0.000000 -0.100000
vn 0.000000 0.000000 -0.100000
vn 0.000000 0.000000 -0.100000
vn 0.000000 0.000000 -0.100000
vn 0.000000 0.000000 -0.100000
vn 0.000000 0.000000 -0.100000
vn 0.000000 0.000000 -0.100000
vn 0.000000 0.000000 -0.100000
vn 0.000000 0.000000 -0.100000
vn 0.000000 0.000000 -0.100000
vn 0.000000 0.000000 -0.100000
vn 0.000000 0.000000 -0.100000
vn 0.000000 0.000000 -0.100000
vn 0.000000 0.000000 -0.100000
vn 0.000000 0.000000 -0.100000
vn 0.000000 0.000000 -0.100000
vn 0.000000 0.000000 -0.100000
vn 0.000000 0.000000 -0.100000
vn 0.000000 0.000000 -0.100000
vn 0.000000 0.000000 -0.100000
vn 0.000000 0.000000 -0.100000
vn 0.092332 -0.038245 -0.003490
vn 0.098217 0.018083 -0.005140
vn 0.072572 0.068606 -0.005140
vn 0.023630 0.097105 -0.003490
vn 0.024061 0.096999 -0.003490
vn 0.024488 0.096893 -0.003490
vn 0.024609 0.096862 -0.003490
vn 0.024729 0.096831 -0.003490
vn 0.073090 0.068057 -0.005109
vn 0.098286 0.017713 -0.005109
vn 0.092332 -0.038245 -0.003490
vn 0.089171 0.044945 -0.005342
vn 0.099871 0.001611 -0.004810
vn 0.060703 0.079322 -0.004810
vn -0.092332 0.038245 -0.003490
vn -0.056974 0.082024 -0.005109
vn -0.003559 0.099806 -0.005109
vn 0.050984 0.085956 -0.003490
vn 0.051360 0.085732 -0.003490
vn 0.051738 0.085504 -0.003490
vn 0.051846 0.085439 -0.003490
vn 0.051955 0.085373 -0.003490
vn -0.002804 0.099828 -0.005140
vn -0.056663 0.082237 -0.005140
vn -0.092332 0.038245 -0.003490
vn -0.031273 0.094834 -0.005342
vn -0.069480 0.071759 -0.004810
vn 0.013166 0.099013 -0.004810
vn 0.038245 0.092332 -0.003490
vn -0.018083 0.098217 -0.005140
vn -0.068606 0.072572 -0.005140
vn -0.097105 0.023630 -0.003490
vn -0.096999 0.024061 -0.003490
vn -0.096893 0.024488 -0.003490
vn -0.096862 0.024609 -0.003490
vn -0.096831 0.024729 -0.003490
vn -0.068057 0.073090 -0.005109
vn -0.017713 0.098286 -0.005109
vn 0.038245 0.092332 -0.003490
vn -0.044945 0.089171 -0.005342
vn -0.001611 0.099871 -0.004810
vn -0.079322 0.060703 -0.004810
vn -0.038245 -0.092332 -0.003490
vn -0.082024 -0.056974 -0.005109
vn -0.099806 -0.003559 -0.005109
vn -0.085956 0.050984 -0.003490
vn -0.085732 0.051360 -0.003490
vn -0.085504 0.051738 -0.003490
vn -0.085439 0.051846 -0.003490
vn -0.085373 0.051955 -0.003490
vn -0.099828 -0.002804 -0.005140
vn -0.082237 -0.056663 -0.005140
vn -0.038245 -0.092332 -0.003490
vn -0.094834 -0.031273 -0.005342
vn -0.071759 -0.069480 -0.004810
vn -0.099013 0.013166 -0.004810
vn 0.000000 0.000000 -0.100000
vn 0.000000 0.000000 -0.100000
vn 0.000000 0.000000 -0.100000
vn 0.000000 0.000000 -0.100000
vn 0.000000 0.000000 -0.100000
vn 0.000000 0.000000 -0.100000
vn 0.000000 0.000000 -0.100000
vn 0.000000 0.000000 -0.100000
vn 0.000000 0.000000 -0.100000
vn 0.000000 0.000000 -0.100000
vn 0.000000 0.000000 -0.100000
vn 0.000000 0.000000 -0.100000
vn 0.000000 0.000000 -0.100000
vn 0.000000 0.000000 -0.100000
vn -0.038245 -0.092332 -0.003490
vn 0.018083 -0.098217 -0.005140
vn 0.068606 -0.072572 -0.005140
vn 0.097105 -0.023630 -0.003490
vn 0.096999 -0.024061 -0.003490
vn 0.096893 -0.024488 -0.003490
vn 0.096862 -0.024609 -0.003490
vn 0.096831 -0.024729 -0.003490
vn 0.068057 -0.073090 -0.005109
vn 0.017713 -0.098286 -0.005109
vn -0.038245 -0.092332 -0.003490
vn 0.044945 -0.089171 -0.005342
vn 0.001611 -0.099871 -0.004810
vn 0.079322 -0.060703 -0.004810
vn 0.038245 0.092332 -0.003490
vn 0.082024 0.056974 -0.005109
vn 0.099806 0.003559 -0.005109
vn 0.085956 -0.050984 -0.003490
vn 0.085732 -0.051360 -0.003490
vn 0.085504 -0.051738 -0.003490
vn 0.085439 -0.051846 -0.003490
vn 0.085373 -0.051955 -0.003490
vn 0.099828 0.002804 -0.005140
vn 0.082237 0.056663 -0.005140
vn 0.038245 0.092332 -0.003490
vn 0.094834 0.031273 -0.005342
vn 0.071759 0.069480 -0.004810
vn 0.099013 -0.013166 -0.004810
vn 0.000000 -0.099985 -0.001745
vn 0.000000 -0.099985 -0.001745
vn 0.000000 -0.099985 -0.001745
vn 0.000000 -0.099985 -0.001745
vn 0.000000 -0.099985 -0.001745
vn 0.000000 -0.099985 -0.001745
vn 0.000000 -0.099985 -0.001745
vn 0.000000 -0.099985 -0.001745
vn 0.000000 -0.099985 -0.001745
vn 0.000000 -0.099985 -0.001745
vn 0.000000 -0.099985 -0.001745
vn 0.000000 -0.099985 -0.001745
vn -0.099985 0.000000 -0.001745
vn -0.099985 0.000000 -0.001745
vn -0.099985 0.000000 -0.001745
vn -0.099985 0.000000 -0.001745
vn -0.099985 0.000000 -0.001745
vn -0.099985 0.000000 -0.001745
vn -0.099985 0.000000 -0.001745
vn -0.099985 0.000000 -0.001745
vn -0.099985 0.000000 -0.001745
vn -0.099985 0.000000 -0.001745
vn -0.099985 0.000000 -0.001745
vn -0.099985 0.000000 -0.001745
vn -0.099985 0.000000 -0.001745
vn -0.099985 0.000000 -0.001745
vn -0.099985 0.000000 -0.001745
vn -0.099985 0.000000 -0.001745
vn -0.099985 0.000000 -0.001745
vn -0.099985 0.000000 -0.001745
vn -0.099985 0.000000 -0.001745
vn -0.099985 0.000000 -0.001745
vn -0.099985 0.000000 -0.001745
vn -0.099985 0.000000 -0.001745
vn -0.099985 0.000000 -0.001745
vn -0.099985 0.000000 -0.001745
vn -0.099985 0.000000 -0.001745
vn -0.099985 0.000000 -0.001745
vn -0.099985 0.000000 -0.001745
vn -0.099985 0.000000 -0.001745
vn -0.099985 0.000000 -0.001745
vn -0.099985 0.000000 -0.001745
vn -0.099985 0.000000 -0.001745
vn -0.099985 0.000000 -0.001745
vn -0.099985 0.000000 -0.001745
vn -0.099985 0.000000 -0.001745
vn -0.099985 0.000000 -0.001745
vn 0.000000 0.099985 -0.001745
vn 0.000000 0.099985 -0.001745
vn 0.000000 0.099985 -0.001745
vn 0.000000 0.099985 -0.001745
vn 0.000000 0.099985 -0.001745
vn 0.000000 0.099985 -0.001745
vn 0.000000 0.099985 -0.001745
vn 0.000000 0.099985 -0.001745
vn 0.000000 0.099985 -0.001745
vn -0.099996 0.000000 -0.000873
vn -0.099996 0.000000 -0.000873
vn -0.099996 0.000000 -0.000873
vn -0.099996 0.000000 -0.000873
vn -0.099996 0.000000 -0.000873
vn -0.099996 0.000000 -0.000873
vn 0.000000 0.000000 -0.100000
vn 0.000000 0.000000 -0.100000
vn 0.000000 0.000000 -0.100000
vn 0.000000 0.000000 -0.100000
vn 0.000000 0.000000 -0.100000
vn 0.000000 0.000000 -0.100000
vn 0.000000 0.000000 -0.100000
vn 0.000000 0.000000 -0.100000
vn 0.000000 0.000000 -0.100000
vn 0.000000 0.000000 -0.100000
vn 0.000000 0.000000 -0.100000
vn 0.000000 0.000000 -0.100000
vn 0.000000 0.000000 -0.100000
vn 0.000000 0.000000 -0.100000
vn 0.000000 0.000000 -0.100000
vn 0.000000 0.000000 -0.100000
vn 0.000000 0.000000 -0.100000
vn 0.000000 0.000000 -0.100000
vn -0.099996 0.000000 -0.000873
vn -0.099112 -0.013260 -0.000981
vn -0.096477 -0.026286 -0.001071
vn -0.092138 -0.038848 -0.001143
vn -0.093954 -0.034227 -0.001119
vn -0.095543 -0.029503 -0.001091
vn -0.096897 -0.024694 -0.001061
vn -0.098011 -0.019817 -0.001028
vn -0.098880 -0.014891 -0.000993
vn -0.099501 -0.009933 -0.000955
vn -0.099873 -0.004964 -0.000915
vn -0.099965 -0.002480 -0.000894
vn -0.099988 -0.001239 -0.000883
vn -0.099994 -0.000619 -0.000878
vn -0.099996 0.000000 -0.000873
vn -0.099758 -0.006008 0.003490
vn -0.099759 -0.005998 0.003490
vn -0.098569 -0.016491 0.003490
vn -0.096279 -0.026800 0.003490
vn -0.092913 -0.036810 0.003490
vn -0.088510 -0.046409 0.003490
vn -0.083119 -0.055489 0.003490
vn -0.076800 -0.063950 0.003490
vn -0.069623 -0.071697 0.003490
vn -0.061668 -0.078644 0.003490
vn -0.053026 -0.084712 0.003490
vn -0.043791 -0.089834 0.003490
vn -0.043799 -0.089830 0.003490
vn -0.053032 -0.084708 0.003490
vn -0.061673 -0.078640 0.003490
vn -0.069625 -0.071695 0.003490
vn -0.076801 -0.063949 0.003490
vn -0.083119 -0.055489 0.003490
vn -0.088509 -0.046410 0.003490
vn -0.092912 -0.036814 0.003490
vn -0.096277 -0.026806 0.003490
vn -0.098568 -0.016499 0.003490
vn 0.000000 0.000000 0.100000
vn 0.000000 0.000000 0.100000
vn 0.000000 0.000000 0.100000
vn 0.000000 0.000000 0.100000
vn 0.000000 0.000000 0.100000
vn 0.000000 0.000000 0.100000
vn 0.000000 0.000000 0.100000
vn 0.000000 0.000000 0.100000
vn 0.000000 0.000000 0.100000
vn 0.000000 0.000000 0.100000
vn 0.000000 0.000000 0.100000
vn 0.000000 0.000000 0.100000
vn 0.000000 0.000000 0.100000
vn 0.000000 0.000000 0.100000
vn 0.000000 0.000000 0.100000
vn 0.000000 0.000000 0.100000
vn 0.000000 0.000000 0.100000
vn 0.000000 0.000000 0.100000
vn 0.000000 0.000000 0.100000
vn 0.000000 0.000000 0.100000
vn 0.000000 0.000000 0.100000
vn 0.000000 0.000000 0.100000
vn 0.000000 0.000000 0.100000
vn 0.000000 0.000000 0.100000
vn 0.000000 0.000000 0.100000
vn 0.000000 0.000000 0.100000
vn 0.000000 0.000000 0.100000
vn 0.000000 0.000000 0.100000
vn 0.000000 0.000000 -0.100000
vn 0.000000 0.000000 -0.100000
vn 0.000000 0.000000 -0.100000
vn 0.000000 0.000000 -0.100000
vn 0.000000 0.000000 -0.100000
vn 0.000000 0.000000 -0.100000
vn 0.000000 0.000000 -0.100000
vn 0.000000 0.000000 -0.100000
vn 0.000000 0.000000 -0.100000
vn 0.000000 0.000000 -0.100000
vn 0.000000 0.000000 -0.100000
vn 0.000000 0.000000 -0.100000
vn 0.000000 -0.099939 -0.003490
vn 0.000000 -0.099939 -0.003490
vn 0.000000 -0.099939 -0.003490
vn 0.000000 -0.099939 -0.003490
vn 0.000000 0.099939 -0.003490
vn 0.000000 0.099939 -0.003490
vn 0.000000 0.099939 -0.003490
vn 0.000000 0.099939 -0.003490
vn 0.087474 0.048177 -0.005225
vn 0.087361 0.048381 -0.005220
vn 0.098884 -0.014484 -0.003490
vn 0.098868 -0.014594 -0.003490
vn 0.098851 -0.014705 -0.003490
vn 0.098777 -0.015196 -0.003490
vn 0.098758 -0.015319 -0.003490
vn 0.091154 0.040800 -0.005140
vn 0.054290 0.083822 -0.005140
vn 0.000000 0.099939 -0.003490
vn 0.000000 0.099939 -0.003490
vn 0.041578 0.090817 -0.004851
vn 0.075627 0.065208 -0.005333
vn 0.075627 0.065208 -0.005340
vn 0.079966 0.059809 -0.005327
vn 0.083921 0.054122 -0.005289
vn 0.096541 0.025625 -0.004813
vn 0.075689 0.065135 -0.005346
vn 0.039734 0.091641 -0.004813
vn 0.000000 -0.100000 0.000000
vn 0.000000 -0.100000 0.000000
vn 0.000000 -0.100000 0.000000
vn 0.000000 -0.100000 0.000000
vn 0.000000 -0.100000 0.000000
vn 0.000000 -0.100000 0.000000
vn 0.000000 -0.100000 0.000000
vn 0.000000 -0.100000 0.000000
vn 0.000000 -0.100000 0.000000
vn 0.000000 -0.100000 0.000000
vn 0.000000 0.100000 0.000000
vn 0.000000 0.100000 0.000000
vn 0.000000 0.100000 0.000000
vn 0.000000 0.100000 0.000000
vn 0.000000 0.100000 0.000000
vn 0.000000 0.100000 0.000000
vn 0.000000 0.100000 0.000000
vn 0.000000 0.100000 0.000000
vn 0.000000 0.100000 0.000000
vn 0.000000 0.100000 0.000000
vn 0.000000 0.100000 0.000000
vn 0.000000 0.000000 -0.100000
vn 0.000000 0.000000 -0.100000
vn 0.000000 0.000000 -0.100000
vn 0.000000 0.000000 -0.100000
vn 0.000000 0.000000 -0.100000
vn 0.000000 0.000000 -0.100000
vn -0.038268 -0.092388 0.000000
vn -0.038268 -0.092388 0.000000
vn -0.038268 -0.092388 0.000000
vn -0.038268 -0.092388 0.000000
vn -0.092388 0.038268 0.000000
vn -0.092388 0.038268 0.000000
vn -0.092388 0.038268 0.000000
vn -0.092388 0.038268 0.000000
vn -0.092388 0.038268 0.000000
vn -0.092388 0.038268 0.000000
vn 0.092388 -0.038268 0.000000
vn 0.092388 -0.038268 0.000000
vn 0.092388 -0.038268 0.000000
vn 0.092388 -0.038268 0.000000
vn 0.092388 -0.038268 0.000000
vn 0.092388 -0.038268 0.000000
vn -0.038268 -0.092388 0.000000
vn -0.038268 -0.092388 0.000000
vn -0.079335 -0.060876 0.000000
vn -0.099144 -0.013053 0.000000
vn -0.092388 0.038268 0.000000
vn -0.092388 0.038268 0.000000
vn -0.099144 -0.013053 0.000000
vn -0.079335 -0.060876 0.000000
vn 0.092388 -0.038268 0.000000
vn 0.092388 -0.038268 0.000000
vn 0.059177 -0.080590 0.001813
vn 0.008821 -0.099562 0.003101
vn -0.044092 -0.089687 0.003490
vn -0.044058 -0.089704 0.003490
vn 0.008846 -0.099560 0.003100
vn 0.059187 -0.080583 0.001813
vn -0.032277 -0.094583 0.003490
vn -0.032240 -0.094596 0.003490
vn -0.076638 -0.064164 0.003101
vn -0.098830 -0.015141 0.001813
vn -0.092388 0.038268 0.000000
vn -0.092388 0.038269 0.000000
vn -0.098832 -0.015129 0.001813
vn -0.076654 -0.064144 0.003100
vn -0.043799 -0.089830 0.003490
vn -0.043791 -0.089834 0.003490
vn -0.004517 -0.099844 0.003288
vn 0.035448 -0.093472 0.002547
vn 0.069588 -0.071802 0.001389
vn 0.092388 -0.038268 0.000000
vn 0.092388 -0.038268 0.000000
vn 0.059265 -0.080526 0.001809
vn 0.009037 -0.099543 0.003096
vn -0.092388 0.038268 0.000000
vn -0.092388 0.038268 0.000000
vn -0.099979 -0.001497 0.001387
vn -0.091183 -0.040979 0.002545
vn -0.067458 -0.073747 0.003287
vn -0.032558 -0.094487 0.003490
vn -0.032549 -0.094490 0.003490
vn -0.076777 -0.063997 0.003096
vn -0.098847 -0.015034 0.001809
vn 0.000000 0.000000 -0.100000
vn -0.019134 -0.046194 -0.086603
vn -0.033141 -0.080010 -0.050000
vn -0.038268 -0.092388 0.000000
vn -0.079335 -0.060876 0.000000
vn -0.099144 -0.013053 0.000000
vn -0.092388 0.038268 0.000000
vn -0.080010 0.033141 -0.050000
vn -0.046194 0.019134 -0.086603
vn -0.068706 -0.052720 -0.050000
vn -0.039668 -0.030438 -0.086603
vn -0.085862 -0.011304 -0.050000
vn -0.049572 -0.006526 -0.086603
vn 0.000000 0.000000 -0.100000
vn -0.046194 0.019134 -0.086603
vn -0.080010 0.033141 -0.050000
vn -0.092388 0.038268 0.000000
vn -0.092388 0.038268 0.000000
vn -0.085361 0.035358 -0.038253
vn -0.065344 0.027066 -0.070693
vn -0.035376 0.014653 -0.092379
vn 0.000000 0.000000 -0.100000
vn -0.038268 -0.092388 0.000000
vn -0.033141 -0.080010 -0.050000
vn -0.019134 -0.046194 -0.086603
vn 0.000000 0.000000 -0.100000
vn 0.000000 0.000000 -0.100000
vn -0.019134 -0.046194 -0.086603
vn -0.033141 -0.080010 -0.050000
vn -0.038268 -0.092388 0.000000
vn -0.092388 0.038268 0.000000
vn -0.098830 -0.015141 0.001816
vn -0.076638 -0.064164 0.003103
vn -0.032240 -0.094596 0.003490
vn -0.032611 -0.094471 0.003418
vn -0.033035 -0.094321 0.003490
vn -0.033906 -0.094012 0.003490
vn -0.034925 -0.093638 0.003490
vn -0.030664 -0.082210 -0.047971
vn -0.017826 -0.047788 -0.086015
vn 0.000000 0.000000 -0.100000
vn -0.035376 0.014653 -0.092379
vn -0.065344 0.027066 -0.070693
vn -0.085361 0.035358 -0.038253
vn -0.045421 -0.083264 -0.031688
vn -0.093622 -0.002605 -0.035044
vn -0.074626 -0.010330 -0.065759
vn -0.046257 -0.021761 -0.085946
vn -0.086408 -0.043399 -0.025498
vn -0.071904 -0.049162 -0.049122
vn -0.050260 -0.057577 -0.064489
vn -0.063577 -0.076350 -0.011344
vn -0.056296 -0.079183 -0.023682
vn 0.092388 -0.038268 0.000000
vn 0.060876 -0.079335 0.000000
vn 0.013053 -0.099144 0.000000
vn -0.038268 -0.092388 0.000000
vn -0.033141 -0.080010 -0.050000
vn -0.019134 -0.046194 -0.086603
vn 0.000000 0.000000 -0.100000
vn 0.046194 -0.019134 -0.086603
vn 0.080010 -0.033141 -0.050000
vn 0.052720 -0.068706 -0.050000
vn 0.030438 -0.039668 -0.086603
vn 0.011304 -0.085862 -0.050000
vn 0.006526 -0.049572 -0.086603
vn 0.000000 0.000000 -0.100000
vn -0.017824 -0.047788 -0.086015
vn -0.030663 -0.082210 -0.047971
vn -0.034925 -0.093638 0.003490
vn -0.037144 -0.092780 0.003490
vn -0.039341 -0.091870 0.003490
vn -0.041516 -0.090908 0.003490
vn -0.036449 -0.079813 -0.047971
vn -0.021188 -0.046395 -0.086015
vn 0.000000 0.000000 -0.100000
vn 0.000000 0.000000 -0.100000
vn 0.000000 0.000000 -0.100000
vn 0.092388 -0.038268 0.000000
vn 0.080010 -0.033141 -0.050000
vn 0.046194 -0.019134 -0.086603
vn 0.000000 0.000000 -0.100000
vn 0.000000 0.000000 -0.100000
vn 0.035331 -0.014634 -0.092399
vn 0.065298 -0.027047 -0.070743
vn 0.085343 -0.035350 -0.038302
vn 0.092388 -0.038268 0.000000
vn -0.044092 -0.089687 0.003490
vn 0.008820 -0.099562 0.003102
vn 0.059177 -0.080590 0.001815
vn 0.092388 -0.038268 0.000000
vn 0.085343 -0.035350 -0.038302
vn 0.065298 -0.027047 -0.070743
vn 0.035331 -0.014634 -0.092399
vn 0.000000 0.000000 -0.100000
vn -0.021186 -0.046396 -0.086015
vn -0.036448 -0.079814 -0.047971
vn -0.041516 -0.090908 0.003490
vn -0.042454 -0.090479 0.003350
vn -0.043337 -0.090054 0.003490
vn -0.043896 -0.089783 0.003490
vn -0.009038 -0.098940 -0.011362
vn -0.016200 -0.095791 -0.023701
vn -0.026775 -0.090986 -0.031695
vn 0.030399 -0.091782 -0.025534
vn 0.016048 -0.085592 -0.049158
vn -0.005206 -0.076238 -0.064503
vn 0.064341 -0.068035 -0.035091
vn 0.045421 -0.060055 -0.065806
vn 0.017279 -0.048078 -0.085965
vn 0.000000 0.000000 -0.100000
vn 0.000000 0.000000 -0.100000
vn 0.000000 0.000000 -0.100000
vn 0.000000 0.000000 -0.100000
vn 0.000000 0.000000 -0.100000
vn 0.000000 0.000000 -0.100000
vn 0.092388 -0.038268 0.000000
vn 0.092388 -0.038268 0.000000
vn 0.092388 -0.038268 0.000000
vn 0.092388 -0.038268 0.000000
vn 0.092388 -0.038268 0.000000
vn 0.092388 -0.038268 0.000000
vn 0.092388 -0.038268 0.000000
vn -0.038268 -0.092388 0.000000
vn -0.038268 -0.092388 0.000000
vn -0.038268 -0.092388 0.000000
vn -0.038268 -0.092388 0.000000
vn -0.038268 -0.092388 0.000000
vn -0.038268 -0.092388 0.000000
vn 0.038268 0.092388 0.000000
vn 0.038268 0.092388 0.000000
vn 0.038268 0.092388 0.000000
vn 0.038268 0.092388 0.000000
vn 0.038268 0.092388 0.000000
vn 0.038268 0.092388 0.000000
vn 0.038268 0.092388 0.000000
vn 0.038268 0.092388 0.000000
vn 0.038268 0.092388 0.000000
vn 0.038268 0.092388 0.000000
vn 0.038268 0.092388 0.000000
vn 0.000000 0.000000 -0.100000
vn 0.000000 0.000000 -0.100000
vn 0.000000 0.000000 -0.100000
vn 0.000000 0.000000 -0.100000
vn 0.000000 0.000000 -0.100000
vn 0.000000 0.000000 -0.100000
vn 0.038268 0.092388 0.000000
vn 0.038268 0.092388 0.000000
vn 0.038268 0.092388 0.000000
vn 0.038268 0.092388 0.000000
vn 0.038268 0.092388 0.000000
vn 0.038268 0.092388 0.000000
vn 0.038268 0.092388 0.000000
vn 0.092388 -0.038268 0.000000
vn 0.092388 -0.038268 0.000000
vn 0.092388 -0.038268 0.000000
vn 0.092388 -0.038268 0.000000
vn 0.092388 -0.038268 0.000000
vn 0.092388 -0.038268 0.000000
vn -0.092388 0.038268 0.000000
vn -0.092388 0.038268 0.000000
vn -0.092388 0.038268 0.000000
vn -0.092388 0.038268 0.000000
vn -0.092388 0.038268 0.000000
vn -0.092388 0.038268 0.000000
vn -0.092388 0.038268 0.000000
vn -0.092388 0.038268 0.000000
vn -0.092388 0.038268 0.000000
vn -0.092388 0.038268 0.000000
vn 0.000000 0.000000 -0.100000
vn 0.000000 0.000000 -0.100000
vn 0.000000 0.000000 -0.100000
vn 0.000000 0.000000 -0.100000
vn 0.000000 0.000000 -0.100000
vn 0.000000 0.000000 -0.100000
vn -0.092388 0.038268 0.000000
vn -0.092388 0.038268 0.000000
vn -0.092388 0.038268 0.000000
vn -0.092388 0.038268 0.000000
vn -0.092388 0.038268 0.000000
vn -0.092388 0.038268 0.000000
vn -0.092388 0.038268 0.000000
vn 0.038268 0.092388 0.000000
vn 0.038268 0.092388 0.000000
vn 0.038268 0.092388 0.000000
vn 0.038268 0.092388 0.000000
vn 0.038268 0.092388 0.000000
vn 0.038268 0.092388 0.000000
vn -0.038268 -0.092388 0.000000
vn -0.038268 -0.092388 0.000000
vn -0.038268 -0.092388 0.000000
vn -0.038268 -0.092388 0.000000
vn -0.038268 -0.092388 0.000000
vn -0.038268 -0.092388 0.000000
vn -0.038268 -0.092388 0.000000
vn -0.038268 -0.092388 0.000000
vn -0.038268 -0.092388 0.000000
vn -0.038268 -0.092388 0.000000
vn 0.000000 0.000000 -0.100000
vn 0.019134 0.046194 -0.086603
vn 0.033141 0.080010 -0.050000
vn 0.038268 0.092388 0.000000
vn 0.038268 0.092388 0.000000
vn 0.035358 0.085361 -0.038253
vn 0.027066 0.065344 -0.070693
vn 0.014653 0.035376 -0.092379
vn 0.000000 0.000000 -0.100000
vn -0.090335 0.042747 0.003490
vn -0.084375 0.039931 -0.035865
vn -0.064989 0.030769 -0.069496
vn -0.035286 0.016716 -0.092062
vn 0.000000 0.000000 -0.100000
vn 0.000000 0.000000 -0.100000
vn 0.000000 0.000000 -0.100000
vn 0.000000 0.000000 -0.100000
vn -0.047788 0.017824 -0.086015
vn -0.082210 0.030663 -0.047971
vn -0.093638 0.034925 0.003490
vn -0.092611 0.037563 0.003490
vn -0.091510 0.040171 0.003490
vn -0.093638 0.034925 0.003490
vn -0.082210 0.030664 -0.047971
vn -0.047788 0.017826 -0.086015
vn 0.000000 0.000000 -0.100000
vn 0.014653 0.035376 -0.092379
vn 0.027066 0.065344 -0.070693
vn 0.035358 0.085361 -0.038253
vn 0.038268 0.092388 0.000000
vn -0.015141 0.098830 0.001816
vn -0.064164 0.076638 0.003103
vn -0.094596 0.032240 0.003490
vn -0.094471 0.032611 0.003418
vn -0.094321 0.033035 0.003490
vn -0.094012 0.033904 0.003490
vn -0.083264 0.045421 -0.031687
vn -0.079184 0.056295 -0.023681
vn -0.076350 0.063576 -0.011343
vn -0.057579 0.050260 -0.064488
vn -0.049164 0.071903 -0.049121
vn -0.043401 0.086407 -0.025497
vn -0.021762 0.046257 -0.085946
vn -0.010331 0.074626 -0.065759
vn -0.002606 0.093622 -0.035044
vn 0.038269 0.092388 0.000000
vn -0.015129 0.098832 0.001813
vn -0.064144 0.076654 0.003100
vn -0.094583 0.032277 0.003490
vn -0.094596 0.032240 0.003490
vn -0.064164 0.076638 0.003101
vn -0.015141 0.098830 0.001813
vn 0.038268 0.092388 0.000000
vn 0.000000 0.000000 -0.100000
vn 0.046194 -0.019134 -0.086603
vn 0.080010 -0.033141 -0.050000
vn 0.092388 -0.038268 0.000000
vn 0.092388 -0.038268 0.000000
vn 0.085361 -0.035358 -0.038253
vn 0.065344 -0.027066 -0.070693
vn 0.035376 -0.014653 -0.092379
vn 0.000000 0.000000 -0.100000
vn 0.042747 0.090335 0.003490
vn 0.039931 0.084375 -0.035865
vn 0.030769 0.064989 -0.069496
vn 0.016716 0.035286 -0.092062
vn 0.000000 0.000000 -0.100000
vn 0.000000 0.000000 -0.100000
vn 0.000000 0.000000 -0.100000
vn 0.000000 0.000000 -0.100000
vn 0.017824 0.047788 -0.086015
vn 0.030663 0.082210 -0.047971
vn 0.034925 0.093638 0.003490
vn 0.037563 0.092611 0.003490
vn 0.040171 0.091510 0.003490
vn 0.034925 0.093638 0.003490
vn 0.030664 0.082210 -0.047971
vn 0.017826 0.047788 -0.086015
vn 0.000000 0.000000 -0.100000
vn 0.035376 -0.014653 -0.092379
vn 0.065344 -0.027066 -0.070693
vn 0.085361 -0.035358 -0.038253
vn 0.092388 -0.038268 0.000000
vn 0.098830 0.015141 0.001816
vn 0.076638 0.064164 0.003103
vn 0.032240 0.094596 0.003490
vn 0.032611 0.094471 0.003418
vn 0.033035 0.094321 0.003490
vn 0.033904 0.094012 0.003490
vn 0.045421 0.083264 -0.031687
vn 0.056295 0.079184 -0.023681
vn 0.063576 0.076350 -0.011343
vn 0.050260 0.057579 -0.064488
vn 0.071903 0.049164 -0.049121
vn 0.086407 0.043401 -0.025497
vn 0.046257 0.021762 -0.085946
vn 0.074626 0.010331 -0.065759
vn 0.093622 0.002606 -0.035044
vn 0.092388 -0.038269 0.000000
vn 0.098832 0.015129 0.001813
vn 0.076654 0.064144 0.003100
vn 0.032277 0.094583 0.003490
vn 0.032240 0.094596 0.003490
vn 0.076638 0.064164 0.003101
vn 0.098830 0.015141 0.001813
vn 0.092388 -0.038268 0.000000
vn 0.000000 0.000000 -0.100000
vn -0.019134 -0.046194 -0.086603
vn -0.033141 -0.080010 -0.050000
vn -0.038268 -0.092388 0.000000
vn -0.038268 -0.092388 0.000000
vn -0.035358 -0.085361 -0.038253
vn -0.027066 -0.065344 -0.070693
vn -0.014653 -0.035376 -0.092379
vn 0.000000 0.000000 -0.100000
vn 0.090335 -0.042747 0.003490
vn 0.084375 -0.039931 -0.035865
vn 0.064989 -0.030769 -0.069496
vn 0.035286 -0.016716 -0.092062
vn 0.000000 0.000000 -0.100000
vn 0.000000 0.000000 -0.100000
vn 0.000000 0.000000 -0.100000
vn 0.000000 0.000000 -0.100000
vn 0.047788 -0.017824 -0.086015
vn 0.082210 -0.030663 -0.047971
vn 0.093638 -0.034925 0.003490
vn 0.092611 -0.037563 0.003490
vn 0.091510 -0.040171 0.003490
vn 0.093638 -0.034925 0.003490
vn 0.082210 -0.030664 -0.047971
vn 0.047788 -0.017826 -0.086015
vn 0.000000 0.000000 -0.100000
vn -0.014653 -0.035376 -0.092379
vn -0.027066 -0.065344 -0.070693
vn -0.035358 -0.085361 -0.038253
vn -0.038268 -0.092388 0.000000
vn 0.015141 -0.098830 0.001816
vn 0.064164 -0.076638 0.003103
vn 0.094596 -0.032240 0.003490
vn 0.094471 -0.032611 0.003418
vn 0.094321 -0.033035 0.003490
vn 0.094012 -0.033904 0.003490
vn 0.083264 -0.045421 -0.031687
vn 0.079184 -0.056295 -0.023681
vn 0.076350 -0.063576 -0.011343
vn 0.057579 -0.050260 -0.064488
vn 0.049164 -0.071903 -0.049121
vn 0.043401 -0.086407 -0.025497
vn 0.021762 -0.046257 -0.085946
vn 0.010331 -0.074626 -0.065759
vn 0.002606 -0.093622 -0.035044
vn -0.038269 -0.092388 0.000000
vn 0.015129 -0.098832 0.001813
vn 0.064144 -0.076654 0.003100
vn 0.094583 -0.032277 0.003490
vn 0.094596 -0.032240 0.003490
vn 0.064164 -0.076638 0.003101
vn 0.015141 -0.098830 0.001813
vn -0.038268 -0.092388 0.000000
vn -0.023450 -0.068004 -0.069466
vn -0.023537 -0.067975 -0.069466
vn -0.048123 -0.053372 -0.069538
vn -0.064887 -0.030290 -0.069801
vn -0.071164 -0.002453 -0.070212
vn -0.065889 0.025684 -0.070703
vn -0.065329 0.027058 -0.070711
vn -0.070536 -0.010732 -0.070068
vn -0.055152 -0.045969 -0.069607
vn -0.039684 -0.059972 -0.069487
vn -0.061743 -0.036426 -0.069721
vn -0.057810 -0.042510 -0.069649
vn -0.068665 -0.019824 -0.069944
vn -0.071173 -0.002061 -0.070215
vn -0.069535 -0.016294 -0.069995
vn -0.069886 0.012322 -0.070456
vn -0.048232 -0.053274 -0.069538
vn -0.053282 -0.048152 -0.069588
vn -0.065009 -0.030023 -0.069803
vn -0.067613 -0.023308 -0.069895
vn -0.070895 0.005198 -0.070334
vn -0.071127 0.001568 -0.070274
vn -0.070950 -0.006828 -0.070139
vn -0.042666 -0.057872 -0.069501
vn -0.036604 -0.061913 -0.069476
vn -0.068165 0.019284 -0.070581
vn -0.065328 0.027060 -0.070711
vn -0.065328 0.027060 -0.070711
vn -0.065328 0.027060 -0.070711
vn -0.065328 0.027060 -0.070711
vn -0.065328 0.027060 -0.070711
vn -0.065328 0.027060 -0.070711
vn -0.070106 -0.009230 -0.070711
vn -0.056099 -0.043046 -0.070711
vn -0.027060 -0.065328 -0.070711
vn -0.027060 -0.065328 -0.070711
vn -0.056099 -0.043046 -0.070711
vn -0.070106 -0.009230 -0.070711
vn -0.027060 -0.065328 -0.070711
vn -0.027060 -0.065328 -0.070711
vn -0.027060 -0.065328 -0.070711
vn -0.027060 -0.065328 -0.070711
vn 0.065328 -0.027060 -0.070711
vn 0.065328 -0.027060 -0.070711
vn 0.065328 -0.027060 -0.070711
vn 0.065328 -0.027060 -0.070711
vn 0.065322 -0.027075 -0.070711
vn 0.064747 -0.028442 -0.070703
vn 0.048562 -0.052078 -0.070211
vn 0.024427 -0.067314 -0.069801
vn -0.003756 -0.071766 -0.069538
vn -0.031435 -0.064702 -0.069466
vn -0.031518 -0.064662 -0.069466
vn 0.006498 -0.071502 -0.069607
vn 0.042295 -0.057460 -0.070068
vn 0.056007 -0.043679 -0.070394
vn 0.031279 -0.064316 -0.069894
vn 0.037573 -0.060738 -0.069994
vn -0.003609 -0.071773 -0.069538
vn 0.010736 -0.070950 -0.069648
vn -0.017921 -0.069655 -0.069476
vn 0.048846 -0.051807 -0.070214
vn 0.043455 -0.056546 -0.070102
vn 0.024702 -0.067212 -0.069803
vn 0.017851 -0.069429 -0.069721
vn -0.010847 -0.071077 -0.069501
vn -0.007227 -0.071519 -0.069518
vn 0.003586 -0.071727 -0.069587
vn 0.053746 -0.046526 -0.070333
vn 0.058116 -0.040725 -0.070456
vn -0.024795 -0.067527 -0.069465
vn -0.031520 -0.064661 -0.069466
vn -0.031520 -0.064661 -0.069466
vn -0.038167 -0.060974 -0.069466
vn -0.044388 -0.056606 -0.069466
vn -0.050113 -0.051606 -0.069466
vn -0.055279 -0.046030 -0.069466
vn -0.059827 -0.039940 -0.069466
vn -0.063708 -0.033404 -0.069466
vn -0.066877 -0.026495 -0.069466
vn -0.069299 -0.019290 -0.069466
vn -0.070948 -0.011870 -0.069466
vn -0.071804 -0.004317 -0.069466
vn -0.071802 -0.004352 -0.069466
vn -0.070943 -0.011901 -0.069466
vn -0.069292 -0.019317 -0.069466
vn -0.066868 -0.026518 -0.069466
vn -0.063698 -0.033423 -0.069466
vn -0.059817 -0.039955 -0.069466
vn -0.055270 -0.046041 -0.069466
vn -0.050105 -0.051613 -0.069466
vn -0.044382 -0.056610 -0.069466
vn -0.038164 -0.060976 -0.069466
vn 0.067952 -0.073283 -0.003490
vn 0.097370 -0.022228 -0.005000
vn 0.092959 0.036549 -0.004774
vn 0.056251 0.082629 -0.002889
vn 0.000000 0.100000 0.000000
vn 0.000000 0.100000 0.000000
vn 0.000001 0.100000 0.000000
vn 0.000000 0.100000 0.000000
vn 0.055606 0.083068 -0.002764
vn 0.092382 0.038007 -0.004591
vn 0.097874 -0.019925 -0.004864
vn 0.070223 -0.071109 -0.003490
vn 0.092688 0.037242 -0.004685
vn 0.096242 -0.026716 -0.004865
vn 0.051098 0.085920 -0.002583
vn 0.070223 -0.071109 -0.003490
vn 0.097874 -0.019925 -0.004875
vn 0.092381 0.038007 -0.004613
vn 0.055605 0.083068 -0.002779
vn 0.000000 0.100000 0.000000
vn 0.000251 0.098172 -0.019031
vn 0.000000 0.091986 -0.039225
vn -0.000001 0.071385 -0.070030
vn -0.000108 0.063451 -0.077291
vn -0.000002 0.040128 -0.091596
vn -0.000057 0.030222 -0.095324
vn 0.000000 0.000002 -0.100000
vn -0.000079 -0.020086 -0.097962
vn 0.000002 -0.040033 -0.091637
vn -0.000000 -0.071343 -0.070073
vn -0.000140 -0.075823 -0.065199
vn 0.000184 -0.086517 -0.050148
vn 0.000000 -0.091976 -0.039248
vn 0.000170 -0.095691 -0.029039
vn 0.000000 -0.100000 0.000000
vn 0.055606 -0.083068 -0.002762
vn 0.092382 -0.038007 -0.004579
vn 0.097874 0.019925 -0.004859
vn 0.070223 0.071109 -0.003490
vn 0.072035 0.069274 -0.003490
vn 0.076578 0.064216 -0.003486
vn 0.081781 0.057443 -0.003489
vn 0.087425 0.048422 -0.003496
vn 0.092410 0.038056 -0.003480
vn 0.096444 0.026200 -0.003484
vn 0.099058 0.013244 -0.003491
vn 0.099939 -0.000113 -0.003495
vn 0.098917 -0.014252 -0.003496
vn 0.096399 -0.026365 -0.003485
vn 0.092369 -0.038155 -0.003495
vn 0.087383 -0.048499 -0.003479
vn 0.081826 -0.057378 -0.003491
vn 0.076537 -0.064265 -0.003487
vn 0.072001 -0.069308 -0.003490
vn 0.095069 -0.025074 -0.018256
vn 0.093005 -0.024403 -0.027471
vn 0.091696 -0.022587 -0.032890
vn 0.091218 -0.019621 -0.035977
vn 0.091263 -0.015668 -0.037756
vn 0.091531 -0.010960 -0.038756
vn 0.091792 -0.005668 -0.039269
vn 0.091899 -0.000059 -0.039429
vn 0.091796 0.005551 -0.039276
vn 0.091536 0.010874 -0.038768
vn 0.091265 0.015623 -0.037770
vn 0.091216 0.019580 -0.036004
vn 0.091688 0.022566 -0.032925
vn 0.092988 0.024392 -0.027537
vn 0.095045 0.025071 -0.018380
vn 0.088882 0.035362 -0.029147
vn 0.083361 0.029883 -0.046453
vn 0.078481 0.023992 -0.057141
vn 0.074871 0.018536 -0.063646
vn 0.072352 0.013534 -0.067690
vn 0.070712 0.008892 -0.070148
vn 0.069775 0.004429 -0.071497
vn 0.069466 0.000046 -0.071934
vn 0.069762 -0.004335 -0.071516
vn 0.070690 -0.008815 -0.070180
vn 0.072331 -0.013485 -0.067723
vn 0.074836 -0.018476 -0.063704
vn 0.078444 -0.023942 -0.057213
vn 0.083311 -0.029828 -0.046579
vn 0.088826 -0.035313 -0.029376
vn 0.048466 0.082561 -0.028892
vn 0.045030 0.074244 -0.049600
vn 0.041936 0.063762 -0.064621
vn 0.039591 0.052282 -0.075492
vn 0.037914 0.040051 -0.083417
vn 0.036795 0.027250 -0.088902
vn 0.036144 0.013867 -0.092202
vn 0.035927 0.000145 -0.093323
vn 0.036135 -0.013579 -0.092249
vn 0.036780 -0.027026 -0.088976
vn 0.037900 -0.039922 -0.083485
vn 0.039569 -0.052146 -0.075598
vn 0.041912 -0.063664 -0.064733
vn 0.044998 -0.074153 -0.049764
vn 0.048431 -0.082491 -0.029149
vn 0.000000 -0.100000 0.000000
vn 0.056251 -0.082629 -0.002889
vn 0.092959 -0.036549 -0.004774
vn 0.097370 0.022228 -0.005000
vn 0.067952 0.073283 -0.003490
vn 0.070223 0.071109 -0.003490
vn 0.097874 0.019925 -0.004864
vn 0.092382 -0.038007 -0.004591
vn 0.055606 -0.083068 -0.002764
vn 0.000000 -0.100000 0.000000
vn 0.000001 -0.100000 0.000000
vn 0.000000 -0.100000 0.000000
vn 0.092688 -0.037242 -0.004685
vn 0.051098 -0.085920 -0.002583
vn 0.096242 0.026716 -0.004865
vn 0.000000 0.000000 0.100000
vn 0.000000 0.000000 0.100000
vn 0.000000 0.000000 0.100000
vn 0.000000 0.000000 0.100000
vn 0.000000 0.000000 0.100000
vn 0.000000 0.000000 0.100000
vn 0.000000 0.000000 0.100000
vn 0.000000 0.000000 0.100000
vn 0.000000 0.000000 0.100000
vn 0.000000 0.000000 0.100000
vn 0.000000 0.000000 0.100000
vn 0.000000 0.000000 0.100000
vn 0.000000 0.000000 0.100000
vn 0.000000 0.000000 0.100000
vn 0.000000 0.000000 0.100000
vn 0.000000 0.000000 0.100000
vn 0.000000 0.000000 0.100000
vn 0.000000 0.000000 0.100000
vn 0.000000 0.000000 0.100000
vn 0.000000 0.000000 0.100000
vn 0.000000 0.000000 0.100000
vn 0.000000 0.000000 0.100000
vn 0.000000 0.000000 0.100000
vn 0.000000 0.000000 0.100000
vn 0.000000 0.000000 0.100000
vn 0.000000 0.000000 0.100000
vn 0.000000 0.000000 0.100000
vn 0.000000 0.000000 0.100000
vn 0.000000 0.000000 0.100000
vn 0.000000 0.000000 0.100000
vn 0.000000 0.000000 0.100000
vn 0.000000 0.000000 0.100000
vn 0.000000 0.000000 0.100000
vn 0.000000 0.000000 0.100000
vn 0.000000 0.000000 0.100000
vn 0.000000 0.000000 0.100000
vn 0.000000 0.000000 0.100000
vn 0.000000 0.000000 0.100000
vn 0.000000 0.000000 0.100000
vn 0.000000 0.000000 0.100000
vn 0.000000 0.000000 0.100000
vn 0.000000 0.000000 0.100000
vn 0.000000 0.000000 0.100000
vn 0.000000 0.000000 0.100000
vn 0.000000 0.000000 0.100000
vn 0.000000 0.000000 0.100000
vn 0.000000 0.000000 0.100000
vn 0.000000 0.000000 0.100000
vn 0.000000 0.000000 0.100000
vn 0.000000 0.000000 0.100000
vn 0.000000 0.000000 0.100000
vn 0.000000 0.000000 0.100000
vn 0.000000 0.000000 0.100000
vn 0.000000 0.000000 0.100000
vn 0.000000 0.000000 0.100000
vn 0.000000 0.000000 0.100000
vn 0.000000 0.000000 0.100000
vn 0.000000 0.000000 0.100000
vn 0.000000 0.000000 0.100000
vn 0.000000 0.000000 0.100000
vn 0.000000 0.000000 0.100000
vn 0.000000 0.000000 0.100000
vn 0.000000 0.000000 0.100000
vn 0.000000 0.000000 0.100000
vn 0.000000 0.000000 0.100000
vn 0.000000 0.000000 0.100000
vn 0.000000 0.000000 0.100000
vn 0.000000 0.000000 0.100000
vn 0.000000 0.000000 0.100000
vn 0.000000 0.000000 0.100000
vn 0.000000 0.000000 0.100000
vn 0.000000 0.000000 0.100000
vn 0.000000 0.000000 0.100000
vn 0.000000 0.000000 0.100000
vn 0.000000 0.000000 0.100000
vn 0.000000 0.000000 0.100000
vn 0.000000 0.000000 0.100000
vn 0.000000 0.000000 0.100000
vn 0.000000 0.000000 0.100000
vn 0.000000 0.000000 0.100000
vn 0.000000 0.000000 0.100000
vn 0.000000 0.000000 0.100000
vn 0.000000 0.000000 0.100000
vn 0.000000 0.000000 0.100000
vn 0.000000 0.000000 0.100000
vn 0.000000 0.000000 0.100000
vn 0.000000 0.000000 0.100000
vn 0.000000 0.000000 0.100000
vn 0.000000 0.000000 0.100000
vn 0.000000 0.000000 0.100000
vn 0.000000 0.000000 0.100000
vn 0.000000 0.000000 0.100000
vn 0.000000 0.000000 0.100000
vn 0.000000 0.000000 0.100000
vn 0.000000 0.000000 0.100000
vn 0.000000 0.000000 0.100000
vn 0.000000 0.000000 0.100000
vn 0.000000 0.000000 0.100000
vn 0.000000 0.000000 0.100000
vn 0.000000 0.000000 0.100000
vn 0.000000 0.000000 0.100000
vn 0.000000 0.000000 0.100000
vn 0.000000 0.000000 0.100000
vn 0.000000 0.000000 0.100000
vn 0.000000 0.000000 0.100000
vn 0.000000 0.000000 0.100000
vn 0.000000 0.000000 0.100000
vn 0.000000 0.000000 0.100000
vn 0.000000 0.000000 0.100000
vn 0.000000 0.000000 0.100000
vn 0.000000 0.000000 0.100000
vn 0.000000 0.000000 0.100000
vn 0.000000 0.000000 0.100000
vn 0.000000 0.000000 0.100000
vn 0.000000 0.000000 0.100000
vn 0.000000 0.000000 0.100000
vn 0.000000 0.000000 0.100000
vn 0.000000 0.000000 0.100000
vn 0.000000 0.000000 0.100000
vn 0.000000 0.000000 0.100000
vn 0.000000 0.000000 0.100000
vn 0.000000 0.000000 0.100000
vn 0.000000 0.000000 0.100000
vn 0.000000 0.000000 0.100000
vn 0.000000 0.000000 0.100000
vn 0.000000 0.000000 0.100000
vn 0.000000 0.000000 0.100000
vn 0.000000 0.000000 0.100000
vn 0.000000 0.000000 0.100000
vn 0.000000 0.000000 0.100000
vn 0.000000 0.000000 0.100000
vn 0.000000 0.000000 0.100000
vn 0.000000 0.000000 0.100000
vn 0.000000 0.000000 0.100000
vn 0.000000 0.000000 0.100000
vn 0.000000 0.000000 0.100000
vn 0.000000 0.000000 0.100000
vn 0.000000 0.000000 0.100000
vn 0.000000 0.000000 0.100000
vn 0.000000 0.000000 0.100000
vn 0.000000 0.000000 0.100000
vn 0.000000 0.000000 0.100000
vn 0.000000 0.000000 0.100000
vn 0.000000 0.000000 0.100000
vn 0.000000 0.000000 0.100000
vn 0.000000 0.000000 0.100000
vn 0.000000 0.000000 0.100000
vn 0.000000 0.000000 0.100000
vn 0.000000 0.000000 0.100000
vn 0.000000 0.000000 0.100000
vn 0.000000 0.000000 0.100000
vn 0.000000 0.000000 0.100000
vn 0.000000 0.000000 0.100000
vn 0.000000 0.000000 0.100000
vn 0.000000 0.000000 0.100000
vn 0.000000 0.000000 0.100000
vn 0.000000 0.000000 0.100000
vn 0.000000 0.000000 0.100000
vn 0.000000 0.000000 0.100000
vn 0.000000 0.000000 0.100000
vn 0.000000 0.000000 0.100000
vn 0.000000 -0.100000 0.000000
vn 0.000000 -0.100000 0.000000
vn 0.000000 -0.100000 0.000000
vn 0.000000 0.100000 0.000000
vn 0.000000 0.100000 0.000000
vn 0.000000 0.100000 0.000000
vn 0.000000 0.000000 -0.100000
vn 0.000000 0.000000 -0.100000
vn 0.000000 0.000000 -0.100000
vn 0.000000 0.000000 -0.100000
vn 0.000000 0.000000 -0.100000
vn 0.000000 0.000000 -0.100000
vn 0.000000 0.000000 -0.100000
vn 0.000000 0.000000 -0.100000
vn 0.000000 0.000000 -0.100000
vn 0.000000 0.000000 -0.100000
vn 0.000000 0.000000 -0.100000
vn 0.000000 0.000000 -0.100000
vn 0.000000 0.000000 -0.100000
vn 0.000000 0.000000 -0.100000
vn 0.000000 0.000000 -0.100000
vn 0.000000 0.000000 -0.100000
vn 0.000000 0.000000 -0.100000
vn 0.000000 0.000000 -0.100000
vn 0.000000 0.000000 -0.100000
vn 0.000000 0.000000 -0.100000
vn 0.000000 0.000000 -0.100000
vn 0.000000 0.000000 -0.100000
vn 0.000000 0.000000 -0.100000
vn 0.000000 0.000000 -0.100000
vn 0.000000 0.000000 -0.100000
vn 0.000000 0.000000 -0.100000
vn 0.000000 0.000000 -0.100000
vn 0.000000 0.000000 -0.100000
vn -0.100000 0.000000 0.000000
vn -0.100000 0.000000 0.000000
vn -0.100000 0.000000 0.000000
vn -0.100000 0.000000 0.000000
vn -0.100000 0.000000 0.000000
vn -0.088346 0.046850 0.000000
vn -0.056101 0.082781 0.000000
vn -0.010780 0.099417 0.000000
vn -0.007175 0.099742 0.000000
vn -0.003581 0.099936 0.000000
vn 0.000000 0.100000 0.000000
vn 0.000000 0.100000 0.000000
vn -0.050000 0.086603 0.000000
vn -0.086603 0.050000 0.000000
vn -0.100000 0.000000 0.000000
vn 0.000000 -0.100000 0.000000
vn 0.000000 -0.100000 0.000000
vn -0.003581 -0.099936 0.000000
vn -0.007175 -0.099742 0.000000
vn -0.010780 -0.099417 0.000000
vn -0.056101 -0.082781 0.000000
vn -0.088346 -0.046850 0.000000
vn -0.100000 0.000000 0.000000
vn -0.100000 0.000000 0.000000
vn -0.086603 -0.050000 0.000000
vn -0.050000 -0.086603 0.000000
vn 0.000000 -0.100000 0.000000
vn -0.047288 -0.088097 -0.001658
vn -0.083319 -0.055222 -0.002922
vn -0.099515 -0.009200 -0.003490
vn -0.099516 -0.009182 -0.003490
vn -0.083326 -0.055211 -0.002922
vn -0.047294 -0.088094 -0.001659
vn 0.000000 -0.100000 0.000000
vn -0.099521 -0.009136 -0.003490
vn -0.085279 -0.052150 -0.002821
vn -0.053525 -0.084455 -0.001572
vn -0.010780 -0.099417 0.000000
vn -0.007175 -0.099742 0.000000
vn -0.003581 -0.099936 0.000000
vn 0.000000 -0.100000 0.000000
vn -0.047294 -0.088094 -0.001659
vn -0.083326 -0.055211 -0.002922
vn -0.099516 -0.009182 -0.003490
vn -0.099517 -0.009170 -0.003490
vn -0.099519 -0.009156 -0.003490
vn -0.069339 -0.072019 -0.002306
vn -0.090581 -0.042255 -0.003111
vn -0.038821 -0.092149 -0.001191
vn -0.099515 0.009200 -0.003490
vn -0.083319 0.055222 -0.002922
vn -0.047288 0.088097 -0.001658
vn 0.000000 0.100000 0.000000
vn 0.000000 0.100000 0.000000
vn -0.047294 0.088094 -0.001659
vn -0.083326 0.055211 -0.002922
vn -0.099516 0.009182 -0.003490
vn -0.010780 0.099417 0.000000
vn -0.053525 0.084455 -0.001572
vn -0.085279 0.052150 -0.002821
vn -0.099521 0.009136 -0.003490
vn -0.099519 0.009156 -0.003490
vn -0.099517 0.009170 -0.003490
vn -0.099516 0.009182 -0.003490
vn -0.083326 0.055211 -0.002922
vn -0.047294 0.088094 -0.001659
vn 0.000000 0.100000 0.000000
vn -0.003581 0.099936 0.000000
vn -0.007175 0.099742 0.000000
vn -0.090581 0.042255 -0.003111
vn -0.069339 0.072019 -0.002306
vn -0.038821 0.092149 -0.001191
vn -0.014408 0.098957 0.000000
vn 0.041379 0.091037 0.000000
vn 0.084029 0.054214 0.000000
vn 0.100000 0.000178 0.000000
vn 0.084222 -0.053914 0.000000
vn 0.041704 -0.090889 0.000000
vn -0.014055 -0.099007 0.000000
vn -0.065351 -0.075692 0.000000
vn -0.095899 -0.028344 0.000000
vn -0.095999 0.028002 0.000000
vn -0.065621 0.075458 0.000000
vn -0.014408 0.098957 0.000000
vn -0.065621 0.075458 0.000000
vn -0.095999 0.028002 0.000000
vn -0.095899 -0.028344 0.000000
vn -0.065351 -0.075692 0.000000
vn -0.014055 -0.099007 0.000000
vn 0.041704 -0.090889 0.000000
vn 0.084222 -0.053914 0.000000
vn 0.100000 0.000178 0.000000
vn 0.084029 0.054214 0.000000
vn 0.041379 0.091037 0.000000
vn -0.014408 0.098957 0.000000
vn -0.014408 0.098957 0.000000
vn 0.000000 0.000000 0.100000
vn 0.000000 0.000000 0.100000
vn 0.000000 0.000000 0.100000
vn 0.000000 0.000000 0.100000
vn 0.000000 0.000000 0.100000
vn 0.000000 0.000000 0.100000
vn 0.000000 0.000000 0.100000
vn 0.000000 0.000000 0.100000
vn 0.000000 0.000000 0.100000
vn 0.000000 0.000000 0.100000
vn 0.000000 0.000000 0.100000
vn 0.000000 0.000000 0.100000
vn 0.000000 0.000000 0.100000
vn 0.000000 0.000000 0.100000
vn 0.000000 0.000000 0.100000
vn 0.000000 0.000000 0.100000
vn 0.000000 0.000000 0.100000
vn 0.000000 0.000000 0.100000
vn 0.000000 0.000000 0.100000
vn 0.000000 0.000000 0.100000
vn 0.000000 0.000000 0.100000
vn 0.000000 0.000000 0.100000
vn 0.000000 0.000000 0.100000
vn 0.000000 0.000000 0.100000
vn 0.000000 0.000000 0.100000
vn 0.098957 0.014408 0.000000
vn 0.091037 -0.041379 0.000000
vn 0.054214 -0.084029 0.000000
vn 0.000178 -0.100000 0.000000
vn -0.053914 -0.084222 0.000000
vn -0.090889 -0.041704 0.000000
vn -0.099007 0.014055 0.000000
vn -0.075692 0.065351 0.000000
vn -0.028344 0.095899 0.000000
vn 0.028002 0.095999 0.000000
vn 0.075458 0.065621 0.000000
vn 0.098957 0.014408 0.000000
vn 0.075458 0.065621 0.000000
vn 0.028002 0.095999 0.000000
vn -0.028344 0.095899 0.000000
vn -0.075692 0.065351 0.000000
vn -0.099007 0.014055 0.000000
vn -0.090889 -0.041704 0.000000
vn -0.053914 -0.084222 0.000000
vn 0.000178 -0.100000 0.000000
vn 0.054214 -0.084029 0.000000
vn 0.091037 -0.041379 0.000000
vn 0.098957 0.014408 0.000000
vn 0.098957 0.014408 0.000000
vn 0.000000 0.000000 0.100000
vn 0.000000 0.000000 0.100000
vn 0.000000 0.000000 0.100000
vn 0.000000 0.000000 0.100000
vn 0.000000 0.000000 0.100000
vn 0.000000 0.000000 0.100000
vn 0.000000 0.000000 0.100000
vn 0.000000 0.000000 0.100000
vn 0.000000 0.000000 0.100000
vn 0.000000 0.000000 0.100000
vn 0.000000 0.000000 0.100000
vn 0.000000 0.000000 0.100000
vn 0.000000 0.000000 0.100000
vn 0.000000 0.000000 0.100000
vn 0.000000 0.000000 0.100000
vn 0.000000 0.000000 0.100000
vn 0.000000 0.000000 0.100000
vn 0.000000 0.000000 0.100000
vn 0.000000 0.000000 0.100000
vn 0.000000 0.000000 0.100000
vn 0.000000 0.000000 0.100000
vn 0.000000 0.000000 0.100000
vn 0.000000 0.000000 0.100000
vn 0.000000 0.000000 0.100000
vn 0.000000 0.000000 0.100000
vn 0.014408 -0.098957 0.000000
vn -0.041379 -0.091037 0.000000
vn -0.084029 -0.054214 0.000000
vn -0.100000 -0.000178 0.000000
vn -0.084222 0.053914 0.000000
vn -0.041704 0.090889 0.000000
vn 0.014055 0.099007 0.000000
vn 0.065351 0.075692 0.000000
vn 0.095899 0.028344 0.000000
vn 0.095999 -0.028002 0.000000
vn 0.065621 -0.075458 0.000000
vn 0.014408 -0.098957 0.000000
vn 0.065621 -0.075458 0.000000
vn 0.095999 -0.028002 0.000000
vn 0.095899 0.028344 0.000000
vn 0.065351 0.075692 0.000000
vn 0.014055 0.099007 0.000000
vn -0.041704 0.090889 0.000000
vn -0.084222 0.053914 0.000000
vn -0.100000 -0.000178 0.000000
vn -0.084029 -0.054214 0.000000
vn -0.041379 -0.091037 0.000000
vn 0.014408 -0.098957 0.000000
vn 0.014408 -0.098957 0.000000
vn 0.000000 0.000000 0.100000
vn 0.000000 0.000000 0.100000
vn 0.000000 0.000000 0.100000
vn 0.000000 0.000000 0.100000
vn 0.000000 0.000000 0.100000
vn 0.000000 0.000000 0.100000
vn 0.000000 0.000000 0.100000
vn 0.000000 0.000000 0.100000
vn 0.000000 0.000000 0.100000
vn 0.000000 0.000000 0.100000
vn 0.000000 0.000000 0.100000
vn 0.000000 0.000000 0.100000
vn 0.000000 0.000000 0.100000
vn 0.000000 0.000000 0.100000
vn 0.000000 0.000000 0.100000
vn 0.000000 0.000000 0.100000
vn 0.000000 0.000000 0.100000
vn 0.000000 0.000000 0.100000
vn 0.000000 0.000000 0.100000
vn 0.000000 0.000000 0.100000
vn 0.000000 0.000000 0.100000
vn 0.000000 0.000000 0.100000
vn 0.000000 0.000000 0.100000
vn 0.000000 0.000000 0.100000
vn 0.000000 0.000000 0.100000
vn 0.000000 0.000000 0.100000
vn 0.000000 0.000000 0.100000
vn 0.000000 0.000000 0.100000
vn 0.000000 0.000000 0.100000
vn 0.000000 0.000000 0.100000
vn 0.000000 0.000000 0.100000
vn 0.000000 0.000000 0.100000
vn 0.000000 0.000000 0.100000
vn 0.000000 0.000000 0.100000
vn 0.000000 0.000000 0.100000
vn 0.000000 0.000000 0.100000
vn 0.000000 0.000000 0.100000
vn 0.000000 0.000000 0.100000
vn 0.000000 0.000000 0.100000
vn 0.000000 0.000000 0.100000
vn 0.000000 0.000000 0.100000
vn 0.000000 0.000000 0.100000
vn 0.000000 0.000000 0.100000
vn 0.000000 0.000000 0.100000
vn 0.000000 0.000000 0.100000
vn 0.000000 0.000000 0.100000
vn 0.000000 0.000000 0.100000
vn 0.000000 0.000000 0.100000
vn 0.000000 0.000000 0.100000
vn 0.000000 0.000000 0.100000
vn 0.000000 0.000000 0.100000
vn 0.000000 0.000000 0.100000
vn 0.000000 0.000000 0.100000
vn 0.000000 0.000000 0.100000
vn 0.000000 0.000000 0.100000
vn 0.000000 0.000000 0.100000
vn 0.000000 0.000000 0.100000
vn 0.000000 0.000000 0.100000
vn 0.000000 0.000000 0.100000
vn 0.000000 0.000000 0.100000
vn 0.000000 0.000000 0.100000
vn 0.000000 0.000000 0.100000
vn 0.000000 0.000000 0.100000
vn 0.000000 0.000000 0.100000
vn 0.000000 0.000000 0.100000
vn 0.000000 0.000000 0.100000
vn 0.000000 0.000000 0.100000
vn 0.000000 0.000000 0.100000
vn 0.000000 0.000000 0.100000
vn 0.000000 0.000000 0.100000
vn 0.000000 0.000000 0.100000
vn 0.000000 0.000000 0.100000
vn 0.000000 0.000000 0.100000
vn 0.000000 0.000000 0.100000
vn 0.000000 0.000000 0.100000
vn 0.000000 0.000000 0.100000
vn 0.000000 0.000000 0.100000
vn 0.000000 0.000000 0.100000
vn 0.000000 0.000000 0.100000
vn 0.000000 0.000000 0.100000
vn 0.000000 0.000000 0.100000
vn 0.000000 0.000000 0.100000
vn 0.000000 0.000000 0.100000
vn 0.000000 0.000000 0.100000
vn 0.000000 0.000000 0.100000
vn 0.000000 0.000000 0.100000
vn 0.000000 0.000000 0.100000
vn 0.000000 0.000000 0.100000
vn 0.000000 0.000000 0.100000
vn 0.000000 0.000000 0.100000
vn 0.000000 0.000000 0.100000
vn 0.000000 0.000000 0.100000
vn 0.000000 0.000000 0.100000
vn 0.000000 0.000000 0.100000
vn 0.000000 0.000000 0.100000
vn 0.000000 0.000000 0.100000
vn 0.000000 0.000000 0.100000
vn 0.000000 0.000000 0.100000
vn 0.000000 0.000000 0.100000
vn 0.000000 0.000000 0.100000
vn 0.000000 0.000000 0.100000
vn 0.000000 0.000000 0.100000
vn 0.000000 0.000000 0.100000
vn 0.000000 0.000000 0.100000
vn 0.000000 0.000000 0.100000
vn 0.000000 0.000000 0.100000
vn 0.000000 0.000000 0.100000
vn 0.000000 0.000000 0.100000
vn 0.000000 0.000000 0.100000
vn 0.000000 0.000000 0.100000
vn 0.000000 0.000000 0.100000
vn 0.000000 0.000000 0.100000
vn 0.000000 0.000000 0.100000
vn 0.000000 0.000000 0.100000
vn 0.000000 0.000000 0.100000
vn 0.000000 0.000000 0.100000
vn 0.000000 0.000000 0.100000
vn 0.000000 0.000000 0.100000
vn 0.000000 0.000000 0.100000
vn 0.000000 0.000000 0.100000
vn 0.000000 0.000000 0.100000
vn 0.000000 0.000000 0.100000
vn 0.000000 0.000000 0.100000
vn 0.000000 0.000000 0.100000
vn 0.000000 0.000000 0.100000
vn 0.000000 0.000000 0.100000
vn 0.000000 0.000000 0.100000
vn 0.000000 0.000000 0.100000
vn 0.000000 0.000000 0.100000
vn 0.000000 0.000000 0.100000
vn 0.000000 0.000000 0.100000
vn 0.000000 0.000000 0.100000
vn 0.000000 0.000000 0.100000
vn 0.000000 0.000000 0.100000
vn 0.000000 0.000000 0.100000
vn 0.000000 0.000000 0.100000
vn 0.000000 0.000000 0.100000
vn 0.000000 0.000000 0.100000
vn 0.000000 0.000000 0.100000
vn 0.000000 0.000000 0.100000
vn 0.000000 0.000000 0.100000
vn 0.000000 0.000000 0.100000
vn 0.000000 0.000000 0.100000
vn 0.000000 0.000000 0.100000
vn 0.000000 0.000000 0.100000
vn 0.000000 0.000000 0.100000
vn 0.000000 0.000000 0.100000
vn 0.000000 0.000000 0.100000
vn 0.000000 0.000000 0.100000
vn 0.000000 0.000000 0.100000
vn 0.000000 0.000000 0.100000
vn 0.000000 0.000000 0.100000
vn 0.000000 0.000000 0.100000
vn 0.000000 0.000000 0.100000
vn 0.000000 0.000000 0.100000
vn 0.000000 0.000000 0.100000
vn 0.000000 0.000000 0.100000
vn 0.000000 0.000000 0.100000
vn 0.000000 0.000000 0.100000
vn 0.000000 0.000000 0.100000
vn 0.000000 0.000000 0.100000
vn 0.000000 0.000000 0.100000
vn 0.000000 0.000000 0.100000
vn 0.000000 0.000000 0.100000
vn 0.000000 0.000000 0.100000
vn 0.000000 0.000000 0.100000
vn 0.000000 0.000000 0.100000
vn 0.000000 0.000000 0.100000
vn 0.000000 0.000000 0.100000
vn 0.000000 0.000000 0.100000
vn 0.000000 0.000000 0.100000
vn 0.000000 0.000000 0.100000
vn 0.000000 0.000000 0.100000
vn 0.000000 0.000000 0.100000
vn 0.000000 0.000000 0.100000
vn 0.000000 0.000000 0.100000
vn 0.000000 0.000000 0.100000
vn 0.000000 0.000000 0.100000
vn 0.000000 0.000000 0.100000
vn 0.000000 0.000000 0.100000
vn 0.000000 0.000000 0.100000
vn 0.000000 0.000000 0.100000
vn 0.000000 0.000000 0.100000
vn 0.000000 0.000000 0.100000
vn 0.000000 0.000000 0.100000
vn 0.000000 0.000000 0.100000
vn 0.000000 0.000000 0.100000
vn 0.000000 0.000000 0.100000
vn 0.000000 0.000000 0.100000
vn 0.000000 0.000000 0.100000
vn 0.000000 0.000000 0.100000
vn 0.000000 0.000000 0.100000
vn 0.000000 0.000000 0.100000
vn 0.000000 0.000000 0.100000
vn 0.000000 0.000000 0.100000
vn 0.000000 0.000000 0.100000
vn 0.000000 0.000000 0.100000
vn 0.000000 0.000000 0.100000
vn 0.000000 0.000000 0.100000
vn 0.000000 0.000000 0.100000
vn 0.000000 0.000000 0.100000
vn 0.000000 0.000000 0.100000
vn 0.000000 0.000000 0.100000
vn 0.000000 0.000000 0.100000
vn 0.000000 0.000000 0.100000
vn 0.000000 0.000000 0.100000
vn 0.000000 0.000000 0.100000
vn 0.000000 0.000000 0.100000
vn 0.000000 0.000000 0.100000
vn 0.000000 0.000000 0.100000
vn 0.000000 0.000000 0.100000
vn 0.000000 0.000000 0.100000
vn 0.000000 0.000000 0.100000
vn 0.000000 0.000000 0.100000
vn 0.000000 0.000000 0.100000
vn 0.000000 0.000000 0.100000
vn 0.000000 0.000000 0.100000
vn 0.000000 0.000000 0.100000
vn 0.000000 0.000000 0.100000
vn 0.000000 0.000000 0.100000
vn 0.000000 0.000000 0.100000
vn 0.000000 0.000000 0.100000
vn 0.000000 0.000000 0.100000
vn 0.000000 0.000000 0.100000
vn 0.000000 0.000000 0.100000
vn 0.000000 0.000000 0.100000
vn 0.000000 0.000000 0.100000
vn 0.000000 0.000000 0.100000
vn 0.000000 0.000000 0.100000
vn 0.000000 0.000000 0.100000
vn 0.000000 0.000000 0.100000
vn 0.000000 0.000000 0.100000
vn 0.000000 0.000000 0.100000
vn 0.000000 0.000000 0.100000
vn 0.000000 0.000000 0.100000
vn 0.000000 0.000000 0.100000
vn 0.000000 0.000000 0.100000
vn 0.000000 0.000000 0.100000
vn 0.000000 -0.099939 0.003490
vn 0.000000 -0.099939 0.003490
vn 0.000000 -0.099939 0.003490
vn 0.000000 -0.099939 0.003490
vn 0.000000 -0.099939 0.003490
vn 0.000000 -0.099939 0.003490
vn 0.070711 0.000000 -0.070711
vn 0.063708 -0.030680 -0.070711
vn 0.044087 -0.055284 -0.070711
vn 0.015735 -0.068938 -0.070711
vn -0.015735 -0.068938 -0.070711
vn -0.044087 -0.055284 -0.070711
vn -0.063708 -0.030680 -0.070711
vn -0.070711 0.000000 -0.070711
vn -0.063708 0.030680 -0.070711
vn -0.044087 0.055284 -0.070711
vn -0.015735 0.068938 -0.070711
vn 0.015735 0.068938 -0.070711
vn 0.044087 0.055284 -0.070711
vn 0.063708 0.030680 -0.070711
vn 0.070699 0.001269 -0.070711
vn 0.063147 0.031819 -0.070711
vn 0.043088 0.056066 -0.070711
vn 0.014495 0.069209 -0.070711
vn -0.016969 0.068644 -0.070711
vn -0.045073 0.054484 -0.070711
vn -0.064249 0.029532 -0.070711
vn -0.070699 -0.001269 -0.070711
vn -0.063147 -0.031819 -0.070711
vn -0.043088 -0.056066 -0.070711
vn -0.014495 -0.069209 -0.070711
vn 0.016969 -0.068644 -0.070711
vn 0.045073 -0.054484 -0.070711
vn 0.064249 -0.029532 -0.070711
vn 0.064249 -0.029532 -0.070711
vn 0.070711 0.000000 -0.070711
vn 0.070711 0.000000 -0.070711
vn 0.064249 -0.029532 -0.070711
vn 0.000000 0.000000 0.100000
vn 0.000000 0.000000 0.100000
vn 0.000000 0.000000 0.100000
vn 0.000000 0.000000 0.100000
vn 0.000000 0.000000 0.100000
vn 0.000000 0.000000 0.100000
vn 0.000000 0.000000 0.100000
vn 0.000000 0.000000 0.100000
vn 0.000000 0.000000 0.100000
vn 0.000000 0.000000 0.100000
vn 0.000000 0.000000 0.100000
vn 0.000000 0.000000 0.100000
vn 0.000000 0.000000 0.100000
vn 0.000000 0.000000 0.100000
vn 0.000000 0.000000 0.100000
vn 0.000000 0.000000 0.100000
vn 0.000000 0.000000 0.100000
vn 0.000000 0.000000 0.100000
vn 0.000000 0.000000 0.100000
vn 0.000000 0.000000 0.100000
vn 0.000000 0.000000 0.100000
vn 0.000000 0.000000 0.100000
vn 0.000000 0.000000 0.100000
vn 0.000000 0.000000 0.100000
vn 0.000000 0.000000 0.100000
vn 0.000000 0.000000 0.100000
vn 0.000000 0.000000 0.100000
vn 0.000000 0.000000 0.100000
vn 0.000000 0.000000 0.100000
vn 0.000000 0.000000 0.100000
vn 0.000000 0.000000 0.100000
vn 0.000000 0.000000 0.100000
vn 0.000000 0.000000 0.100000
vn -0.070711 0.000000 -0.070711
vn -0.063708 0.030680 -0.070711
vn -0.044087 0.055284 -0.070711
vn -0.015735 0.068938 -0.070711
vn 0.015735 0.068938 -0.070711
vn 0.044087 0.055284 -0.070711
vn 0.063708 0.030680 -0.070711
vn 0.070711 0.000000 -0.070711
vn 0.063708 -0.030680 -0.070711
vn 0.044087 -0.055284 -0.070711
vn 0.015735 -0.068938 -0.070711
vn -0.015735 -0.068938 -0.070711
vn -0.044087 -0.055284 -0.070711
vn -0.063708 -0.030680 -0.070711
vn -0.070699 -0.001269 -0.070711
vn -0.063147 -0.031819 -0.070711
vn -0.043088 -0.056066 -0.070711
vn -0.014495 -0.069209 -0.070711
vn 0.016969 -0.068644 -0.070711
vn 0.045073 -0.054484 -0.070711
vn 0.064249 -0.029532 -0.070711
vn 0.070699 0.001269 -0.070711
vn 0.063147 0.031819 -0.070711
vn 0.043088 0.056066 -0.070711
vn 0.014495 0.069209 -0.070711
vn -0.016969 0.068644 -0.070711
vn -0.045073 0.054484 -0.070711
vn -0.064249 0.029532 -0.070711
vn -0.064249 0.029532 -0.070711
vn -0.070711 0.000000 -0.070711
vn -0.070711 0.000000 -0.070711
vn -0.064249 0.029532 -0.070711
vn 0.000000 0.000000 0.100000
vn 0.000000 0.000000 0.100000
vn 0.000000 0.000000 0.100000
vn 0.000000 0.000000 0.100000
vn 0.000000 0.000000 0.100000
vn 0.000000 0.000000 0.100000
vn 0.000000 0.000000 0.100000
vn 0.000000 0.000000 0.100000
vn 0.000000 0.000000 0.100000
vn 0.000000 0.000000 0.100000
vn 0.000000 0.000000 0.100000
vn 0.000000 0.000000 0.100000
vn 0.000000 0.000000 0.100000
vn 0.000000 0.000000 0.100000
vn 0.000000 0.000000 0.100000
vn 0.000000 0.000000 0.100000
vn 0.000000 0.000000 0.100000
vn 0.000000 0.000000 0.100000
vn 0.000000 0.000000 0.100000
vn 0.000000 0.000000 0.100000
vn 0.000000 0.000000 0.100000
vn 0.000000 0.000000 0.100000
vn 0.000000 0.000000 0.100000
vn 0.000000 0.000000 0.100000
vn 0.000000 0.000000 0.100000
vn 0.000000 0.000000 0.100000
vn 0.000000 0.000000 0.100000
vn 0.000000 0.000000 0.100000
vn 0.000000 0.000000 0.100000
vn 0.000000 0.000000 0.100000
vn 0.000000 0.000000 0.100000
vn 0.000000 0.000000 0.100000
vn 0.000000 0.000000 0.100000
vn 0.000000 0.070711 -0.070711
vn 0.030680 0.063708 -0.070711
vn 0.055284 0.044087 -0.070711
vn 0.068938 0.015735 -0.070711
vn 0.068938 -0.015735 -0.070711
vn 0.055284 -0.044087 -0.070711
vn 0.030680 -0.063708 -0.070711
vn 0.000000 -0.070711 -0.070711
vn -0.030680 -0.063708 -0.070711
vn -0.055284 -0.044087 -0.070711
vn -0.068938 -0.015735 -0.070711
vn -0.068938 0.015735 -0.070711
vn -0.055284 0.044087 -0.070711
vn -0.030680 0.063708 -0.070711
vn -0.001269 0.070699 -0.070711
vn -0.031819 0.063147 -0.070711
vn -0.056066 0.043088 -0.070711
vn -0.069209 0.014495 -0.070711
vn -0.068644 -0.016969 -0.070711
vn -0.054484 -0.045073 -0.070711
vn -0.029532 -0.064249 -0.070711
vn 0.001269 -0.070699 -0.070711
vn 0.031819 -0.063147 -0.070711
vn 0.056066 -0.043088 -0.070711
vn 0.069209 -0.014495 -0.070711
vn 0.068644 0.016969 -0.070711
vn 0.054484 0.045073 -0.070711
vn 0.029532 0.064249 -0.070711
vn 0.029532 0.064249 -0.070711
vn 0.000000 0.070711 -0.070711
vn 0.000000 0.070711 -0.070711
vn 0.029532 0.064249 -0.070711
vn 0.000000 0.000000 0.100000
vn 0.000000 0.000000 0.100000
vn 0.000000 0.000000 0.100000
vn 0.000000 0.000000 0.100000
vn 0.000000 0.000000 0.100000
vn 0.000000 0.000000 0.100000
vn 0.000000 0.000000 0.100000
vn 0.000000 0.000000 0.100000
vn 0.000000 0.000000 0.100000
vn 0.000000 0.000000 0.100000
vn 0.000000 0.000000 0.100000
vn 0.000000 0.000000 0.100000
vn 0.000000 0.000000 0.100000
vn 0.000000 0.000000 0.100000
vn 0.000000 0.000000 0.100000
vn 0.000000 0.000000 0.100000
vn 0.000000 0.000000 0.100000
vn 0.000000 0.000000 0.100000
vn 0.000000 0.000000 0.100000
vn 0.000000 0.000000 0.100000
vn 0.000000 0.000000 0.100000
vn 0.000000 0.000000 0.100000
vn 0.000000 0.000000 0.100000
vn 0.000000 0.000000 0.100000
vn 0.000000 0.000000 0.100000
vn 0.000000 0.000000 0.100000
vn 0.000000 0.000000 0.100000
vn 0.000000 0.000000 0.100000
vn 0.000000 0.000000 0.100000
vn 0.000000 0.000000 0.100000
vn 0.000000 0.000000 0.100000
vn 0.000000 0.000000 0.100000
vn 0.000000 0.000000 0.100000
vn 0.000000 0.000000 0.100000
vn 0.000000 0.000000 0.100000
vn 0.000000 0.000000 0.100000
vn 0.000000 0.000000 0.100000
vn 0.000000 0.000000 0.100000
vn 0.000000 0.000000 0.100000
vn 0.000000 0.000000 0.100000
vn 0.000000 0.000000 0.100000
vn 0.000000 0.000000 0.100000
vn 0.000000 0.000000 0.100000
vn 0.000000 0.000000 0.100000
vn 0.000000 0.000000 0.100000
vn 0.000000 0.000000 0.100000
vn 0.000000 0.000000 0.100000
vn 0.000000 0.000000 0.100000
vn 0.000000 0.000000 0.100000
vn 0.000000 0.000000 0.100000
vn 0.000000 0.000000 0.100000
vn 0.000000 0.000000 0.100000
vn 0.000000 0.000000 0.100000
vn 0.000000 0.000000 0.100000
vn 0.000000 0.000000 0.100000
vn 0.000000 0.000000 0.100000
vn 0.000000 0.000000 0.100000
vn 0.000000 0.000000 0.100000
vn 0.000000 0.000000 0.100000
vn 0.000000 0.000000 0.100000
vn 0.000000 0.000000 0.100000
vn 0.000000 0.000000 0.100000
vn 0.000000 0.000000 0.100000
vn 0.000000 0.000000 0.100000
vn 0.000000 0.000000 0.100000
vn 0.000000 0.000000 0.100000
vn 0.096832 -0.024727 0.003490
vn 0.098019 -0.019497 0.003490
vn 0.098923 -0.014212 0.003490
vn 0.099543 -0.008885 0.003490
vn 0.099540 -0.008922 0.003490
vn 0.098944 -0.014071 0.003490
vn 0.098081 -0.019182 0.003490
vn 0.096954 -0.024242 0.003490
vn 0.092332 0.038245 0.003490
vn 0.099844 0.004359 0.003490
vn 0.095314 -0.030052 0.003490
vn 0.079287 -0.060839 0.003490
vn 0.053697 -0.084288 0.003490
vn 0.021631 -0.097570 0.003490
vn -0.013045 -0.099084 0.003490
vn -0.046147 -0.088647 0.003490
vn -0.073683 -0.067518 0.003490
vn -0.092332 -0.038245 0.003490
vn -0.092332 -0.038245 0.003490
vn -0.073683 -0.067518 0.003490
vn -0.046147 -0.088647 0.003490
vn -0.013045 -0.099084 0.003490
vn 0.021631 -0.097570 0.003490
vn 0.053697 -0.084288 0.003490
vn 0.079287 -0.060839 0.003490
vn 0.095314 -0.030052 0.003490
vn 0.099844 0.004359 0.003490
vn 0.092332 0.038245 0.003490
vn 0.038245 -0.092332 0.003490
vn 0.004359 -0.099844 0.003490
vn -0.030052 -0.095314 0.003490
vn -0.060839 -0.079287 0.003490
vn -0.084288 -0.053697 0.003490
vn -0.097570 -0.021631 0.003490
vn -0.099084 0.013045 0.003490
vn -0.088647 0.046147 0.003490
vn -0.067518 0.073683 0.003490
vn -0.038245 0.092332 0.003490
vn -0.038245 0.092332 0.003490
vn -0.067518 0.073683 0.003490
vn -0.088647 0.046147 0.003490
vn -0.099084 0.013045 0.003490
vn -0.097570 -0.021631 0.003490
vn -0.084288 -0.053697 0.003490
vn -0.060839 -0.079287 0.003490
vn -0.030052 -0.095314 0.003490
vn 0.004359 -0.099844 0.003490
vn 0.038245 -0.092332 0.003490
vn -0.092332 -0.038245 0.003490
vn -0.099844 -0.004359 0.003490
vn -0.095314 0.030052 0.003490
vn -0.079287 0.060839 0.003490
vn -0.053697 0.084288 0.003490
vn -0.021631 0.097570 0.003490
vn 0.013045 0.099084 0.003490
vn 0.046147 0.088647 0.003490
vn 0.073683 0.067518 0.003490
vn 0.092332 0.038245 0.003490
vn 0.092332 0.038245 0.003490
vn 0.073683 0.067518 0.003490
vn 0.046147 0.088647 0.003490
vn 0.013045 0.099084 0.003490
vn -0.021631 0.097570 0.003490
vn -0.053697 0.084288 0.003490
vn -0.079287 0.060839 0.003490
vn -0.095314 0.030052 0.003490
vn -0.099844 -0.004359 0.003490
vn -0.092332 -0.038245 0.003490
vn -0.038245 0.092332 0.003490
vn -0.004359 0.099844 0.003490
vn 0.030052 0.095314 0.003490
vn 0.060839 0.079287 0.003490
vn 0.084288 0.053697 0.003490
vn 0.097570 0.021631 0.003490
vn 0.099084 -0.013045 0.003490
vn 0.088647 -0.046147 0.003490
vn 0.067518 -0.073683 0.003490
vn 0.038245 -0.092332 0.003490
vn 0.038245 -0.092332 0.003490
vn 0.067518 -0.073683 0.003490
vn 0.088647 -0.046147 0.003490
vn 0.099084 -0.013045 0.003490
vn 0.097570 0.021631 0.003490
vn 0.084288 0.053697 0.003490
vn 0.060839 0.079287 0.003490
vn 0.030052 0.095314 0.003490
vn -0.004359 0.099844 0.003490
vn -0.038245 0.092332 0.003490
vn 0.000000 -0.070711 -0.070711
vn -0.030680 -0.063708 -0.070711
vn -0.055284 -0.044087 -0.070711
vn -0.068938 -0.015735 -0.070711
vn -0.068938 0.015735 -0.070711
vn -0.055284 0.044087 -0.070711
vn -0.030680 0.063708 -0.070711
vn 0.000000 0.070711 -0.070711
vn 0.030680 0.063708 -0.070711
vn 0.055284 0.044087 -0.070711
vn 0.068938 0.015735 -0.070711
vn 0.068938 -0.015735 -0.070711
vn 0.055284 -0.044087 -0.070711
vn 0.030680 -0.063708 -0.070711
vn 0.000000 -0.070711 -0.070711
vn 0.030680 -0.063708 -0.070711
vn 0.055284 -0.044087 -0.070711
vn 0.068938 -0.015735 -0.070711
vn 0.068938 0.015735 -0.070711
vn 0.055284 0.044087 -0.070711
vn 0.030680 0.063708 -0.070711
vn 0.000000 0.070711 -0.070711
vn -0.030680 0.063708 -0.070711
vn -0.055284 0.044087 -0.070711
vn -0.068938 0.015735 -0.070711
vn -0.068938 -0.015735 -0.070711
vn -0.055284 -0.044087 -0.070711
vn -0.030680 -0.063708 -0.070711
vn 0.000000 -0.070711 -0.070711
vn 0.000000 -0.070711 -0.070711
vn -0.038245 -0.092332 0.003490
vn -0.064905 -0.075994 0.003490
vn -0.085212 -0.052218 0.003490
vn -0.097178 -0.023330 0.003490
vn -0.099631 0.007841 0.003490
vn -0.092332 0.038245 0.003490
vn -0.075994 0.064905 0.003490
vn -0.052218 0.085212 0.003490
vn -0.023330 0.097178 0.003490
vn 0.007841 0.099631 0.003490
vn 0.038245 0.092332 0.003490
vn 0.038245 0.092332 0.003490
vn 0.007841 0.099631 0.003490
vn -0.023330 0.097178 0.003490
vn -0.052218 0.085212 0.003490
vn -0.075994 0.064905 0.003490
vn -0.092332 0.038245 0.003490
vn -0.099631 0.007841 0.003490
vn -0.097178 -0.023330 0.003490
vn -0.085212 -0.052218 0.003490
vn -0.064905 -0.075994 0.003490
vn -0.038245 -0.092332 0.003490
vn 0.092332 -0.038245 0.003490
vn 0.075994 -0.064905 0.003490
vn 0.052218 -0.085212 0.003490
vn 0.023330 -0.097178 0.003490
vn -0.007841 -0.099631 0.003490
vn -0.038245 -0.092332 0.003490
vn -0.064905 -0.075994 0.003490
vn -0.085212 -0.052218 0.003490
vn -0.097178 -0.023330 0.003490
vn -0.099631 0.007841 0.003490
vn -0.092332 0.038245 0.003490
vn -0.092332 0.038245 0.003490
vn -0.099631 0.007841 0.003490
vn -0.097178 -0.023330 0.003490
vn -0.085212 -0.052218 0.003490
vn -0.064905 -0.075994 0.003490
vn -0.038245 -0.092332 0.003490
vn -0.007841 -0.099631 0.003490
vn 0.023330 -0.097178 0.003490
vn 0.052218 -0.085212 0.003490
vn 0.075994 -0.064905 0.003490
vn 0.092332 -0.038245 0.003490
vn -0.092332 0.038245 0.003490
vn -0.075994 0.064905 0.003490
vn -0.052218 0.085212 0.003490
vn -0.023330 0.097178 0.003490
vn 0.007841 0.099631 0.003490
vn 0.038245 0.092332 0.003490
vn 0.064905 0.075994 0.003490
vn 0.085212 0.052218 0.003490
vn 0.097178 0.023330 0.003490
vn 0.099631 -0.007841 0.003490
vn 0.092332 -0.038245 0.003490
vn 0.092332 -0.038245 0.003490
vn 0.099631 -0.007841 0.003490
vn 0.097178 0.023330 0.003490
vn 0.085212 0.052218 0.003490
vn 0.064905 0.075994 0.003490
vn 0.038245 0.092332 0.003490
vn 0.007841 0.099631 0.003490
vn -0.023330 0.097178 0.003490
vn -0.052218 0.085212 0.003490
vn -0.075994 0.064905 0.003490
vn -0.092332 0.038245 0.003490
vn 0.038245 0.092332 0.003490
vn 0.064905 0.075994 0.003490
vn 0.085212 0.052218 0.003490
vn 0.097178 0.023330 0.003490
vn 0.099631 -0.007841 0.003490
vn 0.092332 -0.038245 0.003490
vn 0.075994 -0.064905 0.003490
vn 0.052218 -0.085212 0.003490
vn 0.023330 -0.097178 0.003490
vn -0.007841 -0.099631 0.003490
vn -0.038245 -0.092332 0.003490
vn -0.038245 -0.092332 0.003490
vn -0.007841 -0.099631 0.003490
vn 0.023330 -0.097178 0.003490
vn 0.052218 -0.085212 0.003490
vn 0.075994 -0.064905 0.003490
vn 0.092332 -0.038245 0.003490
vn 0.099631 -0.007841 0.003490
vn 0.097178 0.023330 0.003490
vn 0.085212 0.052218 0.003490
vn 0.064905 0.075994 0.003490
vn 0.038245 0.092332 0.003490
vn 0.027200 -0.096166 0.003490
vn 0.017057 -0.098473 0.003490
vn 0.006729 -0.099712 0.003490
vn -0.003672 -0.099872 0.003490
vn -0.014033 -0.098949 0.003490
vn -0.024242 -0.096954 0.003490
vn -0.024727 -0.096832 0.003490
vn -0.014233 -0.098920 0.003490
vn -0.003575 -0.099875 0.003490
vn 0.007124 -0.099685 0.003490
vn 0.017741 -0.098352 0.003490
vn 0.028154 -0.095891 0.003490
vn 0.038245 -0.092332 0.003490
vn 0.047897 -0.087713 0.003490
vn 0.057001 -0.082090 0.003490
vn 0.065451 -0.075525 0.003490
vn 0.073150 -0.068095 0.003490
vn 0.080011 -0.059883 0.003490
vn 0.085955 -0.050986 0.003490
vn 0.085699 -0.051415 0.003490
vn 0.079890 -0.060045 0.003490
vn 0.073216 -0.068024 0.003490
vn 0.065749 -0.075265 0.003490
vn 0.057570 -0.081692 0.003490
vn 0.048767 -0.087233 0.003490
vn 0.048557 -0.087350 0.003490
vn 0.041745 -0.090803 0.003490
vn 0.034689 -0.093726 0.003490
vn 0.027430 -0.096101 0.003490
vn -0.099643 -0.007682 0.003490
vn -0.099645 -0.007666 0.003490
vn -0.098265 -0.018216 0.003490
vn -0.095771 -0.028560 0.003490
vn -0.092192 -0.038580 0.003490
vn -0.087568 -0.048162 0.003490
vn -0.081952 -0.057199 0.003490
vn -0.075406 -0.065587 0.003490
vn -0.068006 -0.073232 0.003490
vn -0.059835 -0.080047 0.003490
vn -0.050986 -0.085955 0.003490
vn -0.051415 -0.085699 0.003490
vn -0.060045 -0.079890 0.003490
vn -0.068024 -0.073216 0.003490
vn -0.075265 -0.065749 0.003490
vn -0.081692 -0.057570 0.003490
vn -0.087233 -0.048767 0.003490
vn -0.087350 -0.048557 0.003490
vn -0.090803 -0.041745 0.003490
vn -0.093726 -0.034689 0.003490
vn -0.096101 -0.027430 0.003490
vn -0.096166 -0.027200 0.003490
vn -0.097328 -0.022697 0.003490
vn -0.098278 -0.018145 0.003490
vn -0.099016 -0.013554 0.003490
vn -0.099048 -0.013315 0.003490
vn -0.099282 -0.011441 0.003490
vn -0.099480 -0.009563 0.003490
vn 0.000000 -0.099939 0.003490
vn -0.028156 -0.095891 0.003490
vn -0.054031 -0.084074 0.003490
vn -0.075529 -0.065446 0.003490
vn -0.090908 -0.041516 0.003490
vn -0.098922 -0.014223 0.003490
vn -0.098922 0.014223 0.003490
vn -0.090908 0.041516 0.003490
vn -0.075529 0.065446 0.003490
vn -0.054031 0.084074 0.003490
vn -0.028156 0.095891 0.003490
vn 0.000000 0.099939 0.003490
vn 0.000000 0.099939 0.003490
vn -0.028156 0.095891 0.003490
vn -0.054031 0.084074 0.003490
vn -0.075529 0.065446 0.003490
vn -0.090908 0.041516 0.003490
vn -0.098922 0.014223 0.003490
vn -0.098922 -0.014223 0.003490
vn -0.090908 -0.041516 0.003490
vn -0.075529 -0.065446 0.003490
vn -0.054031 -0.084074 0.003490
vn -0.028156 -0.095891 0.003490
vn 0.000000 -0.099939 0.003490
vn 0.000000 0.099939 0.003490
vn 0.000000 0.099939 0.003490
vn 0.000000 0.099939 0.003490
vn 0.000000 0.099939 0.003490
vn -0.085699 0.051415 0.003490
vn -0.079890 0.060045 0.003490
vn -0.073216 0.068024 0.003490
vn -0.065749 0.075265 0.003490
vn -0.057570 0.081692 0.003490
vn -0.048767 0.087233 0.003490
vn -0.048557 0.087350 0.003490
vn -0.041745 0.090803 0.003490
vn -0.034689 0.093726 0.003490
vn -0.027430 0.096101 0.003490
vn -0.027200 0.096166 0.003490
vn -0.017057 0.098473 0.003490
vn -0.006729 0.099712 0.003490
vn 0.003672 0.099872 0.003490
vn 0.014033 0.098949 0.003490
vn 0.024242 0.096954 0.003490
vn 0.024727 0.096832 0.003490
vn 0.014233 0.098920 0.003490
vn 0.003575 0.099875 0.003490
vn -0.007124 0.099685 0.003490
vn -0.017741 0.098352 0.003490
vn -0.028154 0.095891 0.003490
vn -0.038245 0.092332 0.003490
vn -0.047897 0.087713 0.003490
vn -0.057001 0.082090 0.003490
vn -0.065451 0.075525 0.003490
vn -0.073150 0.068095 0.003490
vn -0.080011 0.059883 0.003490
vn -0.085955 0.050986 0.003490
vn -0.099012 0.013580 0.003490
vn -0.098980 0.013811 0.003490
vn -0.098428 0.017311 0.003490
vn -0.097753 0.020790 0.003490
vn -0.096954 0.024242 0.003490
vn -0.096832 0.024727 0.003490
vn -0.098097 0.019097 0.003490
vn -0.099036 0.013404 0.003490
vn -0.099645 0.007666 0.003490
vn -0.099643 0.007682 0.003490
vn -0.099480 0.009563 0.003490
vn -0.099282 0.011441 0.003490
vn -0.099048 0.013315 0.003490
vn -0.099047 0.013327 0.003490
vn -0.099035 0.013411 0.003490
vn -0.099024 0.013496 0.003490
vn 0.096166 0.027200 0.003490
vn 0.097669 0.021181 0.003490
vn 0.098795 0.015081 0.003490
vn 0.099540 0.008922 0.003490
vn 0.099543 0.008885 0.003490
vn 0.098061 0.019284 0.003490
vn 0.095495 0.029470 0.003490
vn 0.091874 0.039331 0.003490
vn 0.087239 0.048757 0.003490
vn 0.081639 0.057644 0.003490
vn 0.075138 0.065895 0.003490
vn 0.067807 0.073417 0.003490
vn 0.059726 0.080129 0.003490
vn 0.050986 0.085955 0.003490
vn 0.051415 0.085699 0.003490
vn 0.060045 0.079890 0.003490
vn 0.068024 0.073216 0.003490
vn 0.075265 0.065749 0.003490
vn 0.081692 0.057570 0.003490
vn 0.087233 0.048767 0.003490
vn 0.087350 0.048557 0.003490
vn 0.090803 0.041745 0.003490
vn 0.093726 0.034689 0.003490
vn 0.096101 0.027430 0.003490
vn 0.000000 0.000000 -0.100000
vn 0.000000 0.000000 -0.100000
vn 0.000000 0.000000 -0.100000
vn 0.000000 0.000000 -0.100000
vn 0.000000 0.000000 -0.100000
vn 0.000000 0.000000 -0.100000
vn 0.000000 0.000000 -0.100000
vn 0.000000 0.000000 -0.100000
vn 0.000000 0.000000 -0.100000
vn 0.000000 0.000000 -0.100000
vn 0.000000 0.000000 -0.100000
vn 0.000000 0.000000 -0.100000
vn 0.000000 0.000000 -0.100000
vn 0.000000 0.000000 -0.100000
vn 0.000000 0.000000 -0.100000
vn 0.000000 0.000000 -0.100000
vn 0.000000 0.000000 -0.100000
vn 0.000000 0.000000 -0.100000
vn 0.000000 0.000000 -0.100000
vn 0.000000 0.000000 -0.100000
vn 0.000000 0.000000 -0.100000
vn 0.000000 0.000000 -0.100000
vn 0.000000 0.000000 -0.100000
vn 0.000000 0.000000 -0.100000
vn 0.000000 0.000000 -0.100000
vn 0.000000 0.000000 -0.100000
vn 0.000000 0.000000 -0.100000
vn 0.000000 0.000000 -0.100000
vn 0.000000 0.000000 -0.100000
vn 0.000000 0.000000 -0.100000
vn 0.000000 0.000000 -0.100000
vn 0.000000 0.000000 -0.100000
vn 0.000000 0.000000 -0.100000
vn 0.000000 0.000000 -0.100000
vn 0.000000 0.000000 -0.100000
vn 0.000000 0.000000 -0.100000
vn 0.000000 0.000000 -0.100000
vn 0.000000 0.000000 -0.100000
vn 0.000000 0.000000 -0.100000
vn 0.000000 0.000000 -0.100000
vn 0.000000 0.000000 -0.100000
vn 0.000000 0.000000 -0.100000
vn 0.000000 0.000000 -0.100000
vn 0.000000 0.000000 -0.100000
vn 0.000000 0.000000 -0.100000
vn 0.000000 0.000000 -0.100000
vn 0.000000 0.000000 -0.100000
vn 0.000000 0.000000 -0.100000
vn 0.000000 0.000000 -0.100000
vn 0.000000 0.000000 -0.100000
vn 0.000000 0.000000 -0.100000
vn 0.000000 0.000000 -0.100000
vn 0.000000 0.000000 -0.100000
vn 0.000000 0.000000 -0.100000
vn 0.000000 0.000000 -0.100000
vn 0.000000 0.000000 -0.100000
vn 0.000000 0.000000 -0.100000
vn 0.000000 0.000000 -0.100000
vn 0.000000 0.000000 -0.100000
vn 0.000000 0.000000 -0.100000
vn 0.000000 0.000000 -0.100000
vn 0.000000 0.000000 -0.100000
vn 0.000000 0.000000 -0.100000
vn 0.000000 0.000000 -0.100000
vn 0.000000 0.000000 -0.100000
vn 0.000000 0.000000 -0.100000
vn 0.000000 0.000000 -0.100000
vn 0.000000 0.000000 -0.100000
vn 0.000000 0.000000 -0.100000
vn 0.000000 0.000000 -0.100000
vn 0.000000 0.000000 -0.100000
vn 0.000000 0.000000 -0.100000
vn 0.000000 0.000000 -0.100000
vn 0.000000 0.000000 -0.100000
vn 0.000000 0.000000 -0.100000
vn 0.000000 0.000000 -0.100000
vn 0.000000 0.000000 -0.100000
vn 0.000000 0.000000 -0.100000
vn 0.000000 0.000000 -0.100000
vn 0.000000 0.000000 -0.100000
vn 0.000000 0.000000 -0.100000
vn 0.000000 0.000000 -0.100000
vn 0.000000 0.000000 -0.100000
vn 0.000000 0.000000 -0.100000
vn 0.000000 0.000000 -0.100000
vn 0.000000 0.000000 -0.100000
vn 0.000000 0.000000 -0.100000
vn 0.000000 0.000000 -0.100000
vn 0.000000 0.000000 -0.100000
vn 0.000000 0.000000 -0.100000
vn 0.000000 0.000000 -0.100000
vn 0.000000 0.000000 -0.100000
vn 0.000000 0.000000 -0.100000
vn 0.000000 0.000000 -0.100000
vn 0.000000 0.000000 -0.100000
vn 0.000000 0.000000 -0.100000
vn 0.000000 0.000000 -0.100000
vn 0.000000 0.000000 -0.100000
vn 0.000000 0.000000 -0.100000
vn 0.000000 0.000000 -0.100000
vn 0.000000 0.000000 -0.100000
vn 0.000000 0.000000 -0.100000
vn 0.000000 0.000000 -0.100000
vn 0.000000 0.000000 -0.100000
vn 0.000000 0.000000 -0.100000
vn 0.000000 0.000000 -0.100000
vn 0.000000 0.000000 -0.100000
vn 0.000000 0.000000 -0.100000
vn 0.000000 0.000000 -0.100000
vn 0.000000 0.000000 -0.100000
vn 0.000000 0.000000 -0.100000
vn 0.000000 0.000000 -0.100000
vn 0.000000 0.000000 -0.100000
vn 0.000000 0.000000 -0.100000
vn 0.000000 0.000000 -0.100000
vn 0.000000 0.000000 -0.100000
vn 0.000000 0.000000 -0.100000
vn 0.000000 0.000000 -0.100000
vn 0.000000 0.000000 -0.100000
vn 0.000000 0.000000 -0.100000
vn 0.000000 0.000000 -0.100000
vn 0.000000 0.000000 -0.100000
vn 0.000000 0.000000 -0.100000
vn 0.000000 0.000000 -0.100000
vn 0.000000 0.000000 -0.100000
vn 0.000000 0.000000 -0.100000
vn 0.000000 0.000000 -0.100000
vn 0.000000 0.000000 -0.100000
vn 0.000000 0.000000 -0.100000
vn 0.000000 0.000000 -0.100000
vn 0.000000 0.000000 -0.100000
vn 0.000000 0.000000 -0.100000
vn 0.000000 0.000000 -0.100000
vn 0.000000 0.000000 -0.100000
vn 0.000000 0.000000 -0.100000
vn 0.000000 0.000000 -0.100000
vn 0.000000 0.000000 -0.100000
vn 0.000000 0.000000 -0.100000
vn 0.000000 0.000000 -0.100000
vn 0.000000 0.000000 -0.100000
vn 0.000000 0.000000 -0.100000
vn 0.000000 0.000000 -0.100000
vn 0.000000 0.000000 -0.100000
vn 0.000000 0.000000 -0.100000
vn 0.000000 0.000000 -0.100000
vn 0.000000 0.000000 -0.100000
vn 0.000000 0.000000 -0.100000
vn 0.000000 0.000000 -0.100000
vn 0.000000 0.000000 -0.100000
vn 0.000000 0.000000 -0.100000
vn 0.000000 0.000000 -0.100000
vn 0.000000 0.000000 -0.100000
vn 0.000000 0.000000 -0.100000
vn 0.000000 0.000000 -0.100000
vn 0.000000 0.000000 -0.100000
vn 0.000000 0.000000 -0.100000
vn 0.000000 0.000000 -0.100000
vn 0.000000 0.000000 -0.100000
vn 0.000000 0.000000 -0.100000
vn 0.000000 0.000000 -0.100000
vn 0.000000 0.000000 -0.100000
vn 0.000000 0.000000 -0.100000
vn 0.000000 0.000000 -0.100000
vn 0.000000 0.000000 -0.100000
vn 0.000000 0.000000 -0.100000
vn 0.000000 0.000000 -0.100000
vn 0.000000 0.000000 -0.100000
vn 0.000000 0.000000 -0.100000
vn 0.000000 0.000000 -0.100000
vn 0.000000 0.000000 -0.100000
vn 0.000000 0.000000 -0.100000
vn 0.000000 0.000000 -0.100000
vn 0.000000 0.000000 -0.100000
vn 0.000000 0.000000 -0.100000
vn 0.000000 0.000000 -0.100000
vn 0.000000 0.000000 -0.100000
vn 0.000000 0.000000 -0.100000
vn 0.000000 0.000000 -0.100000
vn 0.000000 0.000000 -0.100000
vn 0.000000 0.000000 -0.100000
vn 0.000000 0.000000 -0.100000
vn 0.000000 0.000000 -0.100000
vn 0.000000 0.000000 -0.100000
vn 0.000000 0.000000 -0.100000
vn 0.000000 0.000000 -0.100000
vn 0.000000 0.000000 -0.100000
vn 0.000000 0.000000 -0.100000
vn 0.000000 0.000000 -0.100000
vn 0.000000 0.000000 -0.100000
vn 0.000000 0.000000 -0.100000
vn 0.000000 0.000000 -0.100000
vn 0.000000 0.000000 -0.100000
vn 0.000000 0.000000 -0.100000
vn 0.000000 0.000000 -0.100000
vn 0.000000 0.000000 -0.100000
vn 0.000000 0.000000 -0.100000
vn 0.000000 0.000000 -0.100000
vn 0.000000 0.000000 -0.100000
vn 0.000000 0.000000 -0.100000
vn 0.038245 0.092332 0.003490
vn 0.038245 0.092332 0.003490
vn 0.038245 0.092332 0.003490
vn 0.038245 0.092332 0.003490
vn -0.038245 -0.092332 0.003490
vn -0.038245 -0.092332 0.003490
vn -0.038245 -0.092332 0.003490
vn -0.038245 -0.092332 0.003490
vn -0.092332 0.038245 0.003490
vn -0.092332 0.038245 0.003490
vn -0.092332 0.038245 0.003490
vn -0.092332 0.038245 0.003490
vn 0.092332 -0.038245 0.003490
vn 0.092332 -0.038245 0.003490
vn 0.092332 -0.038245 0.003490
vn 0.092332 -0.038245 0.003490
vn 0.092332 -0.038245 0.003490
vn 0.092332 -0.038245 0.003490
vn 0.092332 -0.038245 0.003490
vn 0.092332 -0.038245 0.003490
vn -0.092332 0.038245 0.003490
vn -0.092332 0.038245 0.003490
vn -0.092332 0.038245 0.003490
vn -0.092332 0.038245 0.003490
vn -0.038245 -0.092332 0.003490
vn -0.038245 -0.092332 0.003490
vn -0.038245 -0.092332 0.003490
vn -0.038245 -0.092332 0.003490
vn 0.038245 0.092332 0.003490
vn 0.038245 0.092332 0.003490
vn 0.038245 0.092332 0.003490
vn 0.038245 0.092332 0.003490
vn -0.038245 -0.092332 0.003490
vn -0.082118 -0.056836 0.005123
vn -0.099817 -0.003224 0.005123
vn -0.085699 0.051415 0.003490
vn -0.085955 0.050986 0.003490
vn -0.099806 -0.003558 0.005109
vn -0.082024 -0.056973 0.005109
vn -0.038245 -0.092332 0.003490
vn -0.094785 -0.031422 0.005332
vn -0.071713 -0.069528 0.004803
vn -0.099045 0.012920 0.004803
vn -0.038245 -0.092332 0.003490
vn 0.017714 -0.098286 0.005109
vn 0.068058 -0.073089 0.005109
vn 0.096832 -0.024727 0.003490
vn 0.096954 -0.024242 0.003490
vn 0.068301 -0.072861 0.005123
vn 0.017877 -0.098256 0.005123
vn -0.038245 -0.092332 0.003490
vn 0.044804 -0.089242 0.005332
vn 0.001545 -0.099873 0.004803
vn 0.079172 -0.060900 0.004803
vn 0.038245 0.092332 0.003490
vn 0.082118 0.056836 0.005123
vn 0.099817 0.003224 0.005123
vn 0.085699 -0.051415 0.003490
vn 0.085955 -0.050986 0.003490
vn 0.099806 0.003558 0.005109
vn 0.082024 0.056973 0.005109
vn 0.038245 0.092332 0.003490
vn 0.094785 0.031422 0.005332
vn 0.071713 0.069528 0.004803
vn 0.099045 -0.012920 0.004803
vn -0.092332 0.038245 0.003490
vn -0.098286 -0.017714 0.005109
vn -0.073089 -0.068058 0.005109
vn -0.024727 -0.096832 0.003490
vn -0.024242 -0.096954 0.003490
vn -0.072861 -0.068301 0.005123
vn -0.098256 -0.017877 0.005123
vn -0.092332 0.038245 0.003490
vn -0.089242 -0.044804 0.005332
vn -0.099873 -0.001545 0.004803
vn -0.060900 -0.079172 0.004803
vn 0.092332 -0.038245 0.003490
vn 0.056836 -0.082118 0.005123
vn 0.003224 -0.099817 0.005123
vn -0.051415 -0.085699 0.003490
vn -0.050986 -0.085955 0.003490
vn 0.003558 -0.099806 0.005109
vn 0.056973 -0.082024 0.005109
vn 0.092332 -0.038245 0.003490
vn 0.031422 -0.094785 0.005332
vn 0.069528 -0.071713 0.004803
vn -0.012920 -0.099045 0.004803
vn 0.038245 0.092332 0.003490
vn -0.017714 0.098286 0.005109
vn -0.068058 0.073089 0.005109
vn -0.096832 0.024727 0.003490
vn -0.096954 0.024242 0.003490
vn -0.068301 0.072861 0.005123
vn -0.017877 0.098256 0.005123
vn 0.038245 0.092332 0.003490
vn -0.044804 0.089242 0.005332
vn -0.001545 0.099873 0.004803
vn -0.079172 0.060900 0.004803
vn -0.092332 0.038245 0.003490
vn -0.056836 0.082118 0.005123
vn -0.003224 0.099817 0.005123
vn 0.051415 0.085699 0.003490
vn 0.050986 0.085955 0.003490
vn -0.003558 0.099806 0.005109
vn -0.056973 0.082024 0.005109
vn -0.092332 0.038245 0.003490
vn -0.031422 0.094785 0.005332
vn -0.069528 0.071713 0.004803
vn 0.012920 0.099045 0.004803
vn 0.092332 -0.038245 0.003490
vn 0.098286 0.017714 0.005109
vn 0.073089 0.068058 0.005109
vn 0.024727 0.096832 0.003490
vn 0.024242 0.096954 0.003490
vn 0.072861 0.068301 0.005123
vn 0.098256 0.017877 0.005123
vn 0.092332 -0.038245 0.003490
vn 0.089242 0.044804 0.005332
vn 0.099873 0.001545 0.004803
vn 0.060900 0.079172 0.004803
vn -0.038245 0.092332 0.003490
vn -0.038245 0.092332 0.003490
vn -0.038245 0.092332 0.003490
vn -0.038245 0.092332 0.003490
vn 0.038245 -0.092332 0.003490
vn 0.038245 -0.092332 0.003490
vn 0.038245 -0.092332 0.003490
vn 0.038245 -0.092332 0.003490
vn 0.087233 0.048767 0.003490
vn 0.099734 -0.005263 0.005042
vn 0.081538 -0.057673 0.005042
vn 0.038245 -0.092332 0.003490
vn 0.038245 -0.092332 0.003490
vn 0.081492 -0.057738 0.005036
vn 0.099726 -0.005423 0.005036
vn 0.087350 0.048557 0.003490
vn 0.099320 0.010631 0.004743
vn 0.094319 -0.032810 0.005244
vn 0.071279 -0.069977 0.004743
vn 0.096101 0.027430 0.003490
vn 0.066682 0.074351 0.005036
vn 0.016796 0.098451 0.005036
vn -0.038245 0.092332 0.003490
vn -0.038245 0.092332 0.003490
vn 0.016875 0.098437 0.005042
vn 0.066801 0.074244 0.005042
vn 0.096166 0.027200 0.003490
vn 0.077747 0.062713 0.004743
vn 0.043493 0.089894 0.005244
vn 0.000921 0.099883 0.004743
vn -0.092332 -0.038245 0.003490
vn -0.092332 -0.038245 0.003490
vn -0.092332 -0.038245 0.003490
vn -0.092332 -0.038245 0.003490
vn 0.092332 0.038245 0.003490
vn 0.092332 0.038245 0.003490
vn 0.092332 0.038245 0.003490
vn 0.092332 0.038245 0.003490
vn 0.038245 -0.092332 0.003490
vn 0.038245 -0.092332 0.003490
vn 0.038245 -0.092332 0.003490
vn 0.038245 -0.092332 0.003490
vn -0.038245 0.092332 0.003490
vn -0.038245 0.092332 0.003490
vn -0.038245 0.092332 0.003490
vn -0.038245 0.092332 0.003490
vn 0.092332 0.038245 0.003490
vn 0.092332 0.038245 0.003490
vn 0.092332 0.038245 0.003490
vn 0.092332 0.038245 0.003490
vn -0.092332 -0.038245 0.003490
vn -0.092332 -0.038245 0.003490
vn -0.092332 -0.038245 0.003490
vn -0.092332 -0.038245 0.003490
vn -0.048767 0.087233 0.003490
vn 0.005263 0.099734 0.005042
vn 0.057673 0.081538 0.005042
vn 0.092332 0.038245 0.003490
vn 0.092332 0.038245 0.003490
vn 0.057738 0.081492 0.005036
vn 0.005423 0.099726 0.005036
vn -0.048557 0.087350 0.003490
vn -0.010631 0.099320 0.004743
vn 0.032810 0.094319 0.005244
vn 0.069977 0.071279 0.004743
vn -0.027430 0.096101 0.003490
vn -0.074351 0.066682 0.005036
vn -0.098451 0.016796 0.005036
vn -0.092332 -0.038245 0.003490
vn -0.092332 -0.038245 0.003490
vn -0.098437 0.016875 0.005042
vn -0.074244 0.066801 0.005042
vn -0.027200 0.096166 0.003490
vn -0.062713 0.077747 0.004743
vn -0.089894 0.043493 0.005244
vn -0.099883 0.000921 0.004743
vn -0.087233 -0.048767 0.003490
vn -0.099734 0.005263 0.005042
vn -0.081538 0.057673 0.005042
vn -0.038245 0.092332 0.003490
vn -0.038245 0.092332 0.003490
vn -0.081492 0.057738 0.005036
vn -0.099726 0.005423 0.005036
vn -0.087350 -0.048557 0.003490
vn -0.099320 -0.010631 0.004743
vn -0.094319 0.032810 0.005244
vn -0.071279 0.069977 0.004743
vn -0.096101 -0.027430 0.003490
vn -0.066682 -0.074351 0.005036
vn -0.016796 -0.098451 0.005036
vn 0.038245 -0.092332 0.003490
vn 0.038245 -0.092332 0.003490
vn -0.016875 -0.098437 0.005042
vn -0.066801 -0.074244 0.005042
vn -0.096166 -0.027200 0.003490
vn -0.077747 -0.062713 0.004743
vn -0.043493 -0.089894 0.005244
vn -0.000921 -0.099883 0.004743
vn 0.048767 -0.087233 0.003490
vn -0.005263 -0.099734 0.005042
vn -0.057673 -0.081538 0.005042
vn -0.092332 -0.038245 0.003490
vn -0.092332 -0.038245 0.003490
vn -0.057738 -0.081492 0.005036
vn -0.005423 -0.099726 0.005036
vn 0.048557 -0.087350 0.003490
vn 0.010631 -0.099320 0.004743
vn -0.032810 -0.094319 0.005244
vn -0.069977 -0.071279 0.004743
vn 0.027430 -0.096101 0.003490
vn 0.074351 -0.066682 0.005036
vn 0.098451 -0.016796 0.005036
vn 0.092332 0.038245 0.003490
vn 0.092332 0.038245 0.003490
vn 0.098437 -0.016875 0.005042
vn 0.074244 -0.066801 0.005042
vn 0.027200 -0.096166 0.003490
vn 0.062713 -0.077747 0.004743
vn 0.089894 -0.043493 0.005244
vn 0.099883 -0.000921 0.004743
vn 0.000000 0.000000 0.100000
vn 0.000000 0.000000 0.100000
vn 0.000000 0.000000 0.100000
vn 0.000000 0.000000 0.100000
vn 0.000000 0.000000 0.100000
vn 0.000000 0.000000 0.100000
vn 0.000000 0.000000 0.100000
vn 0.000000 0.000000 0.100000
vn 0.000000 0.000000 0.100000
vn 0.000000 0.000000 0.100000
vn 0.000000 0.000000 0.100000
vn 0.000000 0.000000 0.100000
vn 0.000000 0.000000 0.100000
vn 0.000000 0.000000 0.100000
vn 0.000000 0.000000 0.100000
vn 0.000000 0.000000 0.100000
vn 0.000000 0.000000 0.100000
vn 0.000000 0.000000 0.100000
vn 0.000000 0.000000 0.100000
vn 0.000000 0.000000 0.100000
vn 0.000000 0.000000 0.100000
vn 0.000000 0.000000 0.100000
vn 0.000000 0.000000 0.100000
vn 0.000000 0.000000 0.100000
vn 0.000000 0.000000 0.100000
vn 0.000000 0.000000 0.100000
vn 0.000000 0.000000 0.100000
vn 0.000000 0.000000 0.100000
vn 0.000000 0.000000 0.100000
vn 0.000000 0.100000 0.000000
vn -0.038268 0.092388 0.000000
vn -0.070711 0.070711 0.000000
vn -0.092388 0.038268 0.000000
vn -0.100000 0.000000 0.000000
vn -0.092388 -0.038268 0.000000
vn -0.070711 -0.070711 0.000000
vn -0.038268 -0.092388 0.000000
vn 0.000000 -0.100000 0.000000
vn 0.000000 -0.100000 0.000000
vn -0.038268 -0.092388 0.000000
vn -0.070711 -0.070711 0.000000
vn -0.092388 -0.038268 0.000000
vn -0.100000 0.000000 0.000000
vn -0.092388 0.038268 0.000000
vn -0.070711 0.070711 0.000000
vn -0.038268 0.092388 0.000000
vn 0.000000 0.100000 0.000000
vn 0.000000 0.100000 0.000000
vn 0.000000 0.100000 0.000000
vn 0.000000 0.100000 0.000000
vn 0.000000 0.100000 0.000000
vn 0.000000 -0.100000 0.000000
vn 0.000000 -0.100000 0.000000
vn 0.000000 -0.100000 0.000000
vn 0.000000 -0.100000 0.000000
vn 0.000000 0.100000 0.000000
vn 0.000000 0.100000 0.000000
vn 0.000000 0.100000 0.000000
vn 0.000000 -0.100000 0.000000
vn 0.000000 -0.100000 0.000000
vn 0.000000 -0.100000 0.000000
vn 0.100000 0.000000 0.000000
vn 0.100000 0.000000 0.000000
vn 0.100000 0.000000 0.000000
vn 0.100000 0.000000 0.000000
vn 0.100000 0.000000 0.000000
vn 0.100000 0.000000 0.000000
vn 0.100000 0.000000 0.000000
vn 0.100000 0.000000 0.000000
vn 0.100000 0.000000 0.000000
vn 0.100000 0.000000 0.000000
vn 0.099543 -0.008885 0.003490
vn 0.085426 -0.051898 0.002995
vn 0.053800 -0.084274 0.001886
vn 0.011146 -0.099376 0.000391
vn 0.007431 -0.099723 0.000260
vn 0.003715 -0.099931 0.000130
vn 0.000000 -0.100000 0.000000
vn 0.000000 -0.100000 0.000000
vn 0.047370 -0.088053 0.001661
vn 0.083422 -0.055066 0.002925
vn 0.099540 -0.008922 0.003490
vn 0.000000 0.100000 0.000000
vn 0.000000 0.100000 0.000000
vn 0.003715 0.099931 0.000130
vn 0.007431 0.099723 0.000261
vn 0.011146 0.099376 0.000391
vn 0.053800 0.084274 0.001886
vn 0.085426 0.051898 0.002995
vn 0.099543 0.008885 0.003490
vn 0.099540 0.008922 0.003490
vn 0.083422 0.055066 0.002925
vn 0.047370 0.088053 0.001661
vn 0.100000 0.000000 0.000000
vn 0.088404 0.046741 0.000184
vn 0.056304 0.082642 0.000325
vn 0.011146 0.099376 0.000391
vn 0.007431 0.099723 0.000261
vn 0.003715 0.099931 0.000130
vn 0.000000 0.100000 0.000000
vn 0.050000 0.086603 0.000000
vn 0.086603 0.050000 0.000000
vn 0.100000 0.000000 0.000000
vn 0.100000 0.000000 0.000000
vn 0.100000 0.000001 0.000000
vn 0.072661 0.068705 0.000135
vn 0.093425 0.035661 0.000070
vn 0.040829 0.091285 0.000179
vn 0.000000 0.100000 0.000000
vn 0.050000 0.086603 0.000000
vn 0.086603 0.050000 0.000000
vn 0.100000 0.000000 0.000000
vn 0.100000 0.000000 0.000000
vn 0.086603 0.050000 0.000000
vn 0.050000 0.086603 0.000000
vn 0.000000 0.100000 0.000000
vn 0.011146 -0.099376 0.000391
vn 0.056304 -0.082642 0.000325
vn 0.088404 -0.046741 0.000184
vn 0.100000 0.000000 0.000000
vn 0.100000 -0.000001 0.000000
vn 0.100000 0.000000 0.000000
vn 0.100000 0.000000 0.000000
vn 0.086603 -0.050000 0.000000
vn 0.050000 -0.086603 0.000000
vn 0.000000 -0.100000 0.000000
vn 0.003715 -0.099931 0.000130
vn 0.007431 -0.099723 0.000261
vn 0.093425 -0.035661 0.000070
vn 0.072661 -0.068705 0.000135
vn 0.040829 -0.091285 0.000179
vn 0.100000 0.000000 0.000000
vn 0.086603 -0.050000 0.000000
vn 0.050000 -0.086603 0.000000
vn 0.000000 -0.100000 0.000000
vn 0.000000 -0.100000 0.000000
vn 0.050000 -0.086603 0.000000
vn 0.086603 -0.050000 0.000000
vn 0.100000 0.000000 0.000000
vn 0.000000 -0.100000 0.000000
vn -0.064279 -0.076604 0.000000
vn -0.098481 -0.017365 0.000000
vn -0.086603 0.050000 0.000000
vn -0.034202 0.093969 0.000000
vn 0.034202 0.093969 0.000000
vn 0.086603 0.050000 0.000000
vn 0.098481 -0.017365 0.000000
vn 0.064279 -0.076604 0.000000
vn 0.000000 -0.100000 0.000000
vn 0.064279 -0.076604 0.000000
vn 0.098481 -0.017365 0.000000
vn 0.086603 0.050000 0.000000
vn 0.034202 0.093969 0.000000
vn -0.034202 0.093969 0.000000
vn -0.086603 0.050000 0.000000
vn -0.098481 -0.017365 0.000000
vn -0.064279 -0.076604 0.000000
vn 0.000000 -0.100000 0.000000
vn 0.000000 -0.100000 0.000000
vn 0.000000 0.100000 0.000000
vn 0.046472 0.088546 0.000000
vn 0.082298 0.056806 0.000000
vn 0.099271 0.012054 0.000000
vn 0.093502 -0.035460 0.000000
vn 0.066312 -0.074851 0.000000
vn 0.023932 -0.097094 0.000000
vn -0.023932 -0.097094 0.000000
vn -0.066312 -0.074851 0.000000
vn -0.093502 -0.035460 0.000000
vn -0.099271 0.012054 0.000000
vn -0.082298 0.056806 0.000000
vn -0.046472 0.088546 0.000000
vn 0.000000 0.100000 0.000000
vn -0.046472 0.088546 0.000000
vn -0.082298 0.056806 0.000000
vn -0.099271 0.012054 0.000000
vn -0.093502 -0.035460 0.000000
vn -0.066312 -0.074851 0.000000
vn -0.023932 -0.097094 0.000000
vn 0.023932 -0.097094 0.000000
vn 0.066312 -0.074851 0.000000
vn 0.093502 -0.035460 0.000000
vn 0.099271 0.012054 0.000000
vn 0.082298 0.056806 0.000000
vn 0.046472 0.088546 0.000000
vn 0.000000 0.100000 0.000000
vn 0.000000 0.100000 0.000000
vn 0.000000 0.000000 0.100000
vn 0.000000 0.000000 0.100000
vn 0.000000 0.000000 0.100000
vn 0.000000 0.000000 0.100000
vn 0.000000 0.000000 0.100000
vn 0.000000 0.000000 0.100000
vn 0.000000 0.000000 0.100000
vn 0.000000 0.000000 0.100000
vn 0.000000 0.000000 0.100000
vn 0.000000 0.000000 0.100000
vn 0.000000 0.000000 0.100000
vn 0.000000 0.000000 0.100000
vn 0.000000 0.000000 0.100000
vn 0.000000 0.000000 0.100000
vn 0.000000 0.000000 0.100000
vn 0.000000 0.000000 0.100000
vn 0.000000 0.000000 0.100000
vn 0.000000 0.000000 0.100000
vn 0.000000 0.000000 0.100000
vn 0.000000 0.000000 0.100000
vn 0.000000 0.000000 0.100000
vn 0.000000 0.000000 0.100000
vn -0.001795 0.099984 0.000000
vn 0.062893 0.077746 0.000000
vn 0.098153 0.019130 0.000000
vn 0.087486 -0.048438 0.000000
vn 0.035883 -0.093340 0.000000
vn -0.032510 -0.094568 0.000000
vn -0.085691 -0.051546 0.000000
vn -0.098777 0.015594 0.000000
vn -0.065643 0.075438 0.000000
vn 0.000000 0.100000 0.000000
vn -0.064279 0.076604 0.000000
vn -0.098481 0.017365 0.000000
vn -0.086603 -0.050000 0.000000
vn -0.034202 -0.093969 0.000000
vn 0.034202 -0.093969 0.000000
vn 0.086603 -0.050000 0.000000
vn 0.098481 0.017365 0.000000
vn 0.064279 0.076604 0.000000
vn 0.000000 0.100000 0.000000
vn -0.001795 0.099984 0.000000
vn -0.001795 0.099984 0.000000
vn 0.000000 0.100000 0.000000
vn 0.000000 -0.100000 0.000000
vn -0.046472 -0.088546 0.000000
vn -0.082298 -0.056806 0.000000
vn -0.099271 -0.012054 0.000000
vn -0.093502 0.035460 0.000000
vn -0.066312 0.074851 0.000000
vn -0.023932 0.097094 0.000000
vn 0.023932 0.097094 0.000000
vn 0.066312 0.074851 0.000000
vn 0.093502 0.035460 0.000000
vn 0.099271 -0.012054 0.000000
vn 0.082298 -0.056806 0.000000
vn 0.046472 -0.088546 0.000000
vn 0.000000 -0.100000 0.000000
vn 0.046472 -0.088546 0.000000
vn 0.082298 -0.056806 0.000000
vn 0.099271 -0.012054 0.000000
vn 0.093502 0.035460 0.000000
vn 0.066312 0.074851 0.000000
vn 0.023932 0.097094 0.000000
vn -0.023932 0.097094 0.000000
vn -0.066312 0.074851 0.000000
vn -0.093502 0.035460 0.000000
vn -0.099271 -0.012054 0.000000
vn -0.082298 -0.056806 0.000000
vn -0.046472 -0.088546 0.000000
vn 0.000000 -0.100000 0.000000
vn 0.000000 -0.100000 0.000000
vn 0.000000 0.000000 0.100000
vn 0.000000 0.000000 0.100000
vn 0.000000 0.000000 0.100000
vn 0.000000 0.000000 0.100000
vn 0.000000 0.000000 0.100000
vn 0.000000 0.000000 0.100000
vn 0.000000 0.000000 0.100000
vn 0.000000 0.000000 0.100000
vn 0.000000 0.000000 0.100000
vn 0.000000 0.000000 0.100000
vn 0.000000 0.000000 0.100000
vn 0.000000 0.000000 0.100000
vn 0.000000 0.000000 0.100000
vn 0.000000 0.000000 0.100000
vn 0.000000 0.000000 0.100000
vn 0.000000 0.000000 0.100000
vn 0.000000 0.000000 0.100000
vn 0.000000 0.000000 0.100000
vn 0.000000 0.000000 0.100000
vn 0.000000 0.000000 0.100000
vn 0.000000 0.000000 0.100000
vn 0.000000 0.000000 0.100000
vn -0.085691 -0.051546 0.000000
vn -0.048438 -0.087486 0.000000
vn 0.001795 -0.099984 0.000000
vn 0.051546 -0.085691 0.000000
vn 0.051546 -0.085691 0.000000
vn 0.001795 -0.099984 0.000000
vn -0.048438 -0.087486 0.000000
vn -0.085691 -0.051546 0.000000
vn -0.051546 0.085691 0.000000
vn -0.001795 0.099984 0.000000
vn 0.048438 0.087486 0.000000
vn 0.085691 0.051546 0.000000
vn 0.085691 0.051546 0.000000
vn 0.048438 0.087486 0.000000
vn -0.001795 0.099984 0.000000
vn -0.051546 0.085691 0.000000
vn -0.099984 -0.001795 0.000000
vn -0.077746 0.062893 0.000000
vn -0.019130 0.098153 0.000000
vn 0.048438 0.087486 0.000000
vn 0.048438 0.087486 0.000000
vn -0.019130 0.098153 0.000000
vn -0.077746 0.062893 0.000000
vn -0.099984 -0.001795 0.000000
vn -0.099984 -0.001795 0.000000
vn -0.075438 -0.065643 0.000000
vn -0.015594 -0.098777 0.000000
vn 0.051546 -0.085691 0.000000
vn 0.051546 -0.085691 0.000000
vn -0.015594 -0.098777 0.000000
vn -0.075438 -0.065643 0.000000
vn -0.099984 -0.001795 0.000000
vn 0.001269 -0.070699 0.070711
vn -0.044472 -0.054975 0.070711
vn -0.069405 -0.013527 0.070711
vn -0.061862 0.034251 0.070711
vn -0.025373 0.066002 0.070711
vn 0.022988 0.066870 0.070711
vn 0.060593 0.036449 0.070711
vn 0.069846 -0.011027 0.070711
vn 0.046417 -0.053343 0.070711
vn 0.001269 -0.070699 0.070711
vn 0.046417 -0.053343 0.070711
vn 0.069846 -0.011027 0.070711
vn 0.060593 0.036449 0.070711
vn 0.022988 0.066870 0.070711
vn -0.025373 0.066002 0.070711
vn -0.061862 0.034251 0.070711
vn -0.069405 -0.013527 0.070711
vn -0.044472 -0.054975 0.070711
vn 0.001269 -0.070699 0.070711
vn 0.001269 -0.070699 0.070711
vn 0.001269 -0.070699 0.070711
vn 0.001269 -0.070699 0.070711
vn 0.001795 -0.099984 0.000000
vn -0.041764 -0.090861 0.000000
vn -0.077052 -0.063742 0.000000
vn -0.097078 -0.023998 0.000000
vn -0.097876 0.020499 0.000000
vn -0.079290 0.060936 0.000000
vn -0.044998 0.089304 0.000000
vn -0.001795 0.099984 0.000000
vn 0.041764 0.090861 0.000000
vn 0.077052 0.063742 0.000000
vn 0.097078 0.023998 0.000000
vn 0.097876 -0.020499 0.000000
vn 0.079290 -0.060936 0.000000
vn 0.044998 -0.089304 0.000000
vn 0.001795 -0.099984 0.000000
vn 0.044998 -0.089304 0.000000
vn 0.079290 -0.060936 0.000000
vn 0.097876 -0.020499 0.000000
vn 0.097078 0.023998 0.000000
vn 0.077052 0.063742 0.000000
vn 0.041764 0.090861 0.000000
vn -0.001795 0.099984 0.000000
vn -0.044998 0.089304 0.000000
vn -0.079290 0.060936 0.000000
vn -0.097876 0.020499 0.000000
vn -0.097078 -0.023998 0.000000
vn -0.077052 -0.063742 0.000000
vn -0.041764 -0.090861 0.000000
vn 0.001795 -0.099984 0.000000
vn 0.001795 -0.099984 0.000000
vn 0.000000 0.000000 -0.100000
vn 0.000000 0.000000 -0.100000
vn 0.000000 0.000000 -0.100000
vn 0.000000 0.000000 -0.100000
vn 0.000000 0.000000 -0.100000
vn 0.000000 0.000000 -0.100000
vn 0.000000 0.000000 -0.100000
vn 0.000000 0.000000 -0.100000
vn 0.000000 0.000000 -0.100000
vn 0.000000 0.000000 -0.100000
vn 0.000000 0.000000 -0.100000
vn 0.000000 0.000000 -0.100000
vn 0.000000 0.000000 -0.100000
vn 0.000000 0.000000 -0.100000
vn 0.000000 0.000000 -0.100000
vn 0.000000 0.000000 -0.100000
vn 0.000000 0.000000 -0.100000
vn 0.000000 0.000000 -0.100000
vn 0.000000 0.000000 -0.100000
vn 0.000000 0.000000 -0.100000
vn 0.000000 0.000000 -0.100000
vn 0.000000 0.000000 -0.100000
vn 0.000000 0.000000 -0.100000
vn 0.000000 0.000000 -0.100000
vn 0.000000 0.000000 -0.100000
vn 0.000000 0.000000 -0.100000
vn 0.000000 0.000000 -0.100000
vn 0.000000 0.000000 -0.100000
vn 0.000000 0.000000 -0.100000
vn 0.000000 0.000000 -0.100000
vn 0.000000 0.000000 -0.100000
vn 0.000000 0.000000 -0.100000
vn 0.000000 0.000000 -0.100000
vn 0.000000 0.000000 -0.100000
vn 0.000000 0.000000 -0.100000
vn 0.000000 0.000000 -0.100000
vn 0.000000 0.000000 -0.100000
vn 0.000000 0.000000 -0.100000
vn 0.000000 0.000000 -0.100000
vn 0.000000 0.000000 -0.100000
vn 0.000000 0.000000 -0.100000
vn 0.000000 0.000000 -0.100000
vn 0.000000 0.000000 -0.100000
vn 0.000000 0.000000 -0.100000
vn 0.000000 0.000000 -0.100000
vn 0.000000 0.000000 -0.100000
vn 0.000000 0.000000 -0.100000
vn 0.000000 0.000000 -0.100000
vn 0.000000 0.000000 -0.100000
vn 0.000000 0.000000 -0.100000
vn 0.000000 0.000000 -0.100000
vn 0.000000 0.000000 -0.100000
vn 0.000000 0.000000 -0.100000
vn 0.000000 0.000000 -0.100000
vn 0.000000 0.000000 -0.100000
vn 0.000000 0.000000 -0.100000
vn 0.000000 0.000000 -0.100000
vn 0.000000 0.000000 -0.100000
vn 0.000000 0.000000 -0.100000
vn 0.000000 0.000000 -0.100000
vn 0.000000 0.000000 -0.100000
vn 0.000000 0.000000 -0.100000
vn 0.000000 0.000000 -0.100000
vn 0.000000 0.000000 -0.100000
vn 0.000000 0.000000 -0.100000
vn 0.000000 0.000000 -0.100000
vn 0.000000 0.000000 -0.100000
vn 0.000000 0.000000 -0.100000
vn 0.000000 0.000000 -0.100000
vn 0.000000 0.000000 -0.100000
vn 0.000000 0.000000 -0.100000
vn 0.000000 0.000000 -0.100000
vn 0.000000 0.000000 -0.100000
vn 0.000000 0.000000 -0.100000
vn 0.000000 0.000000 -0.100000
vn 0.000000 0.000000 -0.100000
vn 0.000000 0.000000 -0.100000
vn 0.000000 0.000000 -0.100000
vn 0.000000 0.000000 -0.100000
vn 0.000000 0.000000 -0.100000
vn 0.000000 0.000000 -0.100000
vn 0.000000 0.000000 -0.100000
vn 0.000000 0.000000 -0.100000
vn 0.000000 0.000000 -0.100000
vn 0.000000 0.000000 -0.100000
vn 0.000000 0.000000 -0.100000
vn 0.000000 0.000000 0.100000
vn 0.000000 0.000000 0.100000
vn 0.000000 0.000000 0.100000
vn 0.000000 0.000000 0.100000
vn 0.000000 0.000000 0.100000
vn 0.000000 0.000000 0.100000
vn 0.000000 0.000000 0.100000
vn 0.000000 0.000000 0.100000
vn 0.000000 0.000000 0.100000
vn 0.099984 0.001795 0.000000
vn 0.099984 0.001795 0.000000
vn 0.099984 0.001795 0.000000
vn 0.099984 0.001795 0.000000
vn 0.099984 0.001795 0.000000
vn 0.099984 0.001795 0.000000
vn 0.099984 0.001795 0.000000
vn 0.099984 0.001795 0.000000
vn -0.099984 -0.001795 0.000000
vn -0.099984 -0.001795 0.000000
vn -0.099984 -0.001795 0.000000
vn -0.099984 -0.001795 0.000000
vn -0.001795 0.099984 0.000000
vn -0.001795 0.099984 0.000000
vn -0.001795 0.099984 0.000000
vn -0.001795 0.099984 0.000000
vn -0.099984 -0.001795 0.000000
vn -0.099984 -0.001795 0.000000
vn -0.099984 -0.001795 0.000000
vn -0.099984 -0.001795 0.000000
vn 0.001795 -0.099984 0.000000
vn 0.001795 -0.099984 0.000000
vn 0.001795 -0.099984 0.000000
vn 0.001795 -0.099984 0.000000
vn 0.000000 0.000000 -0.100000
vn 0.000000 0.000000 -0.100000
vn 0.000000 0.000000 -0.100000
vn 0.000000 0.000000 -0.100000
vn 0.000000 0.000000 -0.100000
vn 0.000000 0.000000 -0.100000
vn 0.000000 0.000000 -0.100000
vn 0.000000 0.000000 -0.100000
vn 0.000000 0.000000 -0.100000
vn 0.000000 0.000000 -0.100000
vn 0.000000 0.000000 -0.100000
vn 0.000000 0.000000 -0.100000
vn 0.000000 0.000000 -0.100000
vn 0.000000 0.000000 -0.100000
vn 0.000000 0.000000 -0.100000
vn 0.000000 0.000000 -0.100000
vn 0.000000 0.000000 -0.100000
vn 0.000000 0.000000 -0.100000
vn 0.000000 0.000000 -0.100000
vn 0.000000 0.000000 -0.100000
vn 0.000000 0.000000 -0.100000
vn 0.000000 0.000000 -0.100000
vn 0.000000 0.000000 -0.100000
vn 0.000000 0.000000 -0.100000
vn 0.000000 0.000000 -0.100000
vn 0.000000 0.000000 -0.100000
vn 0.000000 0.000000 -0.100000
vn 0.000000 0.000000 -0.100000
vn 0.000000 0.000000 -0.100000
vn 0.000000 0.000000 -0.100000
vn 0.000000 0.000000 -0.100000
vn 0.000000 0.000000 -0.100000
vn 0.000000 0.000000 -0.100000
vn 0.000000 0.000000 -0.100000
vn 0.000000 0.000000 -0.100000
vn 0.000000 0.000000 -0.100000
vn 0.000000 0.000000 -0.100000
vn 0.000000 0.000000 -0.100000
vn 0.000000 0.000000 -0.100000
vn 0.000000 0.000000 -0.100000
vn 0.000000 0.000000 -0.100000
vn 0.000000 0.000000 -0.100000
vn 0.000000 0.000000 -0.100000
vn 0.000000 0.000000 -0.100000
vn 0.000000 0.000000 -0.100000
vn 0.000000 0.000000 -0.100000
vn 0.000000 0.000000 -0.100000
vn 0.000000 0.000000 -0.100000
vn 0.000000 0.000000 -0.100000
vn 0.000000 0.000000 -0.100000
vn 0.000000 0.000000 -0.100000
vn 0.000000 0.000000 -0.100000
vn 0.000000 0.000000 -0.100000
vn 0.000000 0.000000 -0.100000
vn 0.000000 0.000000 -0.100000
vn 0.000000 0.000000 -0.100000
vn 0.000000 0.000000 -0.100000
vn 0.000000 0.000000 -0.100000
vn 0.000000 0.000000 -0.100000
vn 0.000000 0.000000 -0.100000
vn 0.000000 0.000000 -0.100000
vn 0.000000 0.000000 -0.100000
vn 0.000000 0.000000 -0.100000
vn 0.000000 0.000000 -0.100000
vn 0.000000 0.000000 -0.100000
vn 0.000000 0.000000 -0.100000
vn 0.000000 0.000000 -0.100000
vn 0.000000 0.000000 -0.100000
vn 0.000000 0.000000 -0.100000
vn 0.000000 0.000000 -0.100000
vn 0.000000 0.000000 -0.100000
vn 0.000000 0.000000 -0.100000
vn -0.087486 0.048438 0.000000
vn -0.087486 0.048438 0.000000
vn -0.087486 0.048438 0.000000
vn -0.087486 0.048438 0.000000
vn -0.048438 -0.087486 0.000000
vn -0.048438 -0.087486 0.000000
vn -0.048438 -0.087486 0.000000
vn -0.048438 -0.087486 0.000000
vn -0.051546 0.085691 0.000000
vn -0.051546 0.085691 0.000000
vn -0.051546 0.085691 0.000000
vn -0.051546 0.085691 0.000000
vn -0.085691 -0.051546 0.000000
vn -0.085691 -0.051546 0.000000
vn -0.085691 -0.051546 0.000000
vn -0.085691 -0.051546 0.000000
vn 0.051546 -0.085691 0.000000
vn 0.051546 -0.085691 0.000000
vn 0.051546 -0.085691 0.000000
vn 0.051546 -0.085691 0.000000
vn 0.048438 0.087486 0.000000
vn 0.048438 0.087486 0.000000
vn 0.048438 0.087486 0.000000
vn 0.048438 0.087486 0.000000
vn 0.048438 0.087486 0.000000
vn 0.048438 0.087486 0.000000
vn 0.048438 0.087486 0.000000
vn 0.048438 0.087486 0.000000
vn -0.048438 -0.087486 0.000000
vn -0.048438 -0.087486 0.000000
vn -0.048438 -0.087486 0.000000
vn -0.048438 -0.087486 0.000000
vn 0.087486 -0.048438 0.000000
vn 0.087486 -0.048438 0.000000
vn 0.087486 -0.048438 0.000000
vn 0.087486 -0.048438 0.000000
vn 0.051546 -0.085691 0.000000
vn 0.051546 -0.085691 0.000000
vn 0.051546 -0.085691 0.000000
vn 0.051546 -0.085691 0.000000
vn 0.085691 0.051546 0.000000
vn 0.085691 0.051546 0.000000
vn 0.085691 0.051546 0.000000
vn 0.085691 0.051546 0.000000
vn -0.051546 0.085691 0.000000
vn -0.051546 0.085691 0.000000
vn -0.051546 0.085691 0.000000
vn -0.051546 0.085691 0.000000
vn -0.051546 0.085691 0.000000
vn 0.015594 0.098777 0.000000
vn 0.075438 0.065643 0.000000
vn 0.099984 0.001795 0.000000
vn 0.099984 0.001795 0.000000
vn 0.075438 0.065643 0.000000
vn 0.015594 0.098777 0.000000
vn -0.051546 0.085691 0.000000
vn 0.048438 0.087486 0.000000
vn 0.093340 0.035883 0.000000
vn 0.094568 -0.032510 0.000000
vn 0.051546 -0.085691 0.000000
vn 0.051546 -0.085691 0.000000
vn 0.094568 -0.032510 0.000000
vn 0.093340 0.035883 0.000000
vn 0.048438 0.087486 0.000000
vn -0.048438 -0.087486 0.000000
vn 0.019130 -0.098153 0.000000
vn 0.077746 -0.062893 0.000000
vn 0.099984 0.001795 0.000000
vn 0.099984 0.001795 0.000000
vn 0.077746 -0.062893 0.000000
vn 0.019130 -0.098153 0.000000
vn -0.048438 -0.087486 0.000000
vn -0.048438 -0.087486 0.000000
vn -0.093340 -0.035883 0.000000
vn -0.094568 0.032510 0.000000
vn -0.051546 0.085691 0.000000
vn -0.051546 0.085691 0.000000
vn -0.094568 0.032510 0.000000
vn -0.093340 -0.035883 0.000000
vn -0.048438 -0.087486 0.000000
vn 0.051546 -0.085691 0.000000
vn 0.087486 -0.048438 0.000000
vn 0.099984 0.001795 0.000000
vn 0.085691 0.051546 0.000000
vn 0.085691 0.051546 0.000000
vn 0.099984 0.001795 0.000000
vn 0.087486 -0.048438 0.000000
vn 0.051546 -0.085691 0.000000
vn 0.087486 -0.048438 0.000000
vn 0.099984 0.001795 0.000000
vn 0.085691 0.051546 0.000000
vn 0.048438 0.087486 0.000000
vn 0.048438 0.087486 0.000000
vn 0.085691 0.051546 0.000000
vn 0.099984 0.001795 0.000000
vn 0.087486 -0.048438 0.000000
vn -0.048438 -0.087486 0.000000
vn 0.001795 -0.099984 0.000000
vn 0.051546 -0.085691 0.000000
vn 0.087486 -0.048438 0.000000
vn 0.087486 -0.048438 0.000000
vn 0.051546 -0.085691 0.000000
vn 0.001795 -0.099984 0.000000
vn -0.048438 -0.087486 0.000000
vn 0.001795 -0.099984 0.000000
vn 0.051546 -0.085691 0.000000
vn 0.087486 -0.048438 0.000000
vn 0.099984 0.001795 0.000000
vn 0.099984 0.001795 0.000000
vn 0.087486 -0.048438 0.000000
vn 0.051546 -0.085691 0.000000
vn 0.001795 -0.099984 0.000000
vn -0.099984 -0.001795 0.000000
vn -0.085691 -0.051546 0.000000
vn -0.048438 -0.087486 0.000000
vn 0.001795 -0.099984 0.000000
vn 0.001795 -0.099984 0.000000
vn -0.048438 -0.087486 0.000000
vn -0.085691 -0.051546 0.000000
vn -0.099984 -0.001795 0.000000
vn -0.051546 0.085691 0.000000
vn -0.087486 0.048438 0.000000
vn -0.099984 -0.001795 0.000000
vn -0.085691 -0.051546 0.000000
vn -0.085691 -0.051546 0.000000
vn -0.099984 -0.001795 0.000000
vn -0.087486 0.048438 0.000000
vn -0.051546 0.085691 0.000000
vn -0.001795 0.099984 0.000000
vn -0.051546 0.085691 0.000000
vn -0.087486 0.048438 0.000000
vn -0.099984 -0.001795 0.000000
vn -0.099984 -0.001795 0.000000
vn -0.087486 0.048438 0.000000
vn -0.051546 0.085691 0.000000
vn -0.001795 0.099984 0.000000
vn 0.099984 0.001795 0.000000
vn 0.085691 0.051546 0.000000
vn 0.048438 0.087486 0.000000
vn -0.001795 0.099984 0.000000
vn -0.001795 0.099984 0.000000
vn 0.048438 0.087486 0.000000
vn 0.085691 0.051546 0.000000
vn 0.099984 0.001795 0.000000
vn 0.048438 0.087486 0.000000
vn -0.001795 0.099984 0.000000
vn -0.051546 0.085691 0.000000
vn -0.087486 0.048438 0.000000
vn -0.087486 0.048438 0.000000
vn -0.051546 0.085691 0.000000
vn -0.001795 0.099984 0.000000
vn 0.048438 0.087486 0.000000
vn -0.087486 0.048438 0.000000
vn -0.099984 -0.001795 0.000000
vn -0.085691 -0.051546 0.000000
vn -0.048438 -0.087486 0.000000
vn -0.048438 -0.087486 0.000000
vn -0.085691 -0.051546 0.000000
vn -0.099984 -0.001795 0.000000
vn -0.087486 0.048438 0.000000
vn -0.099984 -0.001795 0.000000
vn -0.077746 0.062893 0.000000
vn -0.019130 0.098153 0.000000
vn 0.048438 0.087486 0.000000
vn 0.093340 0.035883 0.000000
vn 0.094568 -0.032510 0.000000
vn 0.051546 -0.085691 0.000000
vn -0.015594 -0.098777 0.000000
vn -0.075438 -0.065643 0.000000
vn -0.100000 0.000000 0.000000
vn -0.076604 -0.064279 0.000000
vn -0.017365 -0.098481 0.000000
vn 0.050000 -0.086603 0.000000
vn 0.093969 -0.034202 0.000000
vn 0.093969 0.034202 0.000000
vn 0.050000 0.086603 0.000000
vn -0.017365 0.098481 0.000000
vn -0.076604 0.064279 0.000000
vn -0.100000 0.000000 0.000000
vn -0.099984 -0.001795 0.000000
vn -0.099984 -0.001795 0.000000
vn -0.100000 0.000000 0.000000
vn 0.100000 0.000000 0.000000
vn 0.088546 -0.046472 0.000000
vn 0.056806 -0.082298 0.000000
vn 0.012054 -0.099271 0.000000
vn -0.035460 -0.093502 0.000000
vn -0.074851 -0.066312 0.000000
vn -0.097094 -0.023932 0.000000
vn -0.097094 0.023932 0.000000
vn -0.074851 0.066312 0.000000
vn -0.035460 0.093502 0.000000
vn 0.012054 0.099271 0.000000
vn 0.056806 0.082298 0.000000
vn 0.088546 0.046472 0.000000
vn 0.100000 0.000000 0.000000
vn 0.088546 0.046472 0.000000
vn 0.056806 0.082298 0.000000
vn 0.012054 0.099271 0.000000
vn -0.035460 0.093502 0.000000
vn -0.074851 0.066312 0.000000
vn -0.097094 0.023932 0.000000
vn -0.097094 -0.023932 0.000000
vn -0.074851 -0.066312 0.000000
vn -0.035460 -0.093502 0.000000
vn 0.012054 -0.099271 0.000000
vn 0.056806 -0.082298 0.000000
vn 0.088546 -0.046472 0.000000
vn 0.100000 0.000000 0.000000
vn 0.100000 0.000000 0.000000
vn 0.000000 0.000000 0.100000
vn 0.000000 0.000000 0.100000
vn 0.000000 0.000000 0.100000
vn 0.000000 0.000000 0.100000
vn 0.000000 0.000000 0.100000
vn 0.000000 0.000000 0.100000
vn 0.000000 0.000000 0.100000
vn 0.000000 0.000000 0.100000
vn 0.000000 0.000000 0.100000
vn 0.000000 0.000000 0.100000
vn 0.000000 0.000000 0.100000
vn 0.000000 0.000000 0.100000
vn 0.000000 0.000000 0.100000
vn 0.000000 0.000000 0.100000
vn 0.000000 0.000000 0.100000
vn 0.000000 0.000000 0.100000
vn 0.000000 0.000000 0.100000
vn 0.000000 0.000000 0.100000
vn 0.000000 0.000000 0.100000
vn 0.000000 0.000000 0.100000
vn 0.000000 0.000000 0.100000
vn 0.000000 0.000000 0.100000
vn 0.051546 -0.085691 0.000000
vn 0.087486 -0.048438 0.000000
vn 0.099984 0.001795 0.000000
vn 0.085691 0.051546 0.000000
vn 0.085691 0.051546 0.000000
vn 0.099984 0.001795 0.000000
vn 0.087486 -0.048438 0.000000
vn 0.051546 -0.085691 0.000000
vn -0.085691 -0.051546 0.000000
vn -0.099984 -0.001795 0.000000
vn -0.087486 0.048438 0.000000
vn -0.051546 0.085691 0.000000
vn -0.051546 0.085691 0.000000
vn -0.087486 0.048438 0.000000
vn -0.099984 -0.001795 0.000000
vn -0.085691 -0.051546 0.000000
vn 0.001795 -0.099984 0.000000
vn -0.062893 -0.077746 0.000000
vn -0.098153 -0.019130 0.000000
vn -0.087486 0.048438 0.000000
vn -0.087486 0.048438 0.000000
vn -0.098153 -0.019130 0.000000
vn -0.062893 -0.077746 0.000000
vn 0.001795 -0.099984 0.000000
vn 0.001795 -0.099984 0.000000
vn 0.065643 -0.075438 0.000000
vn 0.098777 -0.015594 0.000000
vn 0.085691 0.051546 0.000000
vn 0.085691 0.051546 0.000000
vn 0.098777 -0.015594 0.000000
vn 0.065643 -0.075438 0.000000
vn 0.001795 -0.099984 0.000000
vn 0.070699 0.001269 0.070711
vn 0.054975 -0.044472 0.070711
vn 0.013527 -0.069405 0.070711
vn -0.034251 -0.061862 0.070711
vn -0.066002 -0.025373 0.070711
vn -0.066870 0.022988 0.070711
vn -0.036449 0.060593 0.070711
vn 0.011027 0.069846 0.070711
vn 0.053343 0.046417 0.070711
vn 0.070699 0.001269 0.070711
vn 0.053343 0.046417 0.070711
vn 0.011027 0.069846 0.070711
vn -0.036449 0.060593 0.070711
vn -0.066870 0.022988 0.070711
vn -0.066002 -0.025373 0.070711
vn -0.034251 -0.061862 0.070711
vn 0.013527 -0.069405 0.070711
vn 0.054975 -0.044472 0.070711
vn 0.070699 0.001269 0.070711
vn 0.070699 0.001269 0.070711
vn 0.070699 0.001269 0.070711
vn 0.070699 0.001269 0.070711
vn 0.099984 0.001795 0.000000
vn 0.090861 -0.041764 0.000000
vn 0.063742 -0.077052 0.000000
vn 0.023998 -0.097078 0.000000
vn -0.020499 -0.097876 0.000000
vn -0.060936 -0.079290 0.000000
vn -0.089304 -0.044998 0.000000
vn -0.099984 -0.001795 0.000000
vn -0.090861 0.041764 0.000000
vn -0.063742 0.077052 0.000000
vn -0.023998 0.097078 0.000000
vn 0.020499 0.097876 0.000000
vn 0.060936 0.079290 0.000000
vn 0.089304 0.044998 0.000000
vn 0.099984 0.001795 0.000000
vn 0.089304 0.044998 0.000000
vn 0.060936 0.079290 0.000000
vn 0.020499 0.097876 0.000000
vn -0.023998 0.097078 0.000000
vn -0.063742 0.077052 0.000000
vn -0.090861 0.041764 0.000000
vn -0.099984 -0.001795 0.000000
vn -0.089304 -0.044998 0.000000
vn -0.060936 -0.079290 0.000000
vn -0.020499 -0.097876 0.000000
vn 0.023998 -0.097078 0.000000
vn 0.063742 -0.077052 0.000000
vn 0.090861 -0.041764 0.000000
vn 0.099984 0.001795 0.000000
vn 0.099984 0.001795 0.000000
vn 0.000000 0.000000 -0.100000
vn 0.000000 0.000000 -0.100000
vn 0.000000 0.000000 -0.100000
vn 0.000000 0.000000 -0.100000
vn 0.000000 0.000000 -0.100000
vn 0.000000 0.000000 -0.100000
vn 0.000000 0.000000 -0.100000
vn 0.000000 0.000000 -0.100000
vn 0.000000 0.000000 -0.100000
vn 0.000000 0.000000 -0.100000
vn 0.000000 0.000000 -0.100000
vn 0.000000 0.000000 -0.100000
vn 0.000000 0.000000 -0.100000
vn 0.000000 0.000000 -0.100000
vn 0.000000 0.000000 -0.100000
vn 0.000000 0.000000 -0.100000
vn 0.000000 0.000000 -0.100000
vn 0.000000 0.000000 -0.100000
vn 0.000000 0.000000 -0.100000
vn 0.000000 0.000000 -0.100000
vn 0.000000 0.000000 -0.100000
vn 0.000000 0.000000 -0.100000
vn 0.000000 0.000000 -0.100000
vn 0.000000 0.000000 -0.100000
vn 0.000000 0.000000 -0.100000
vn 0.000000 0.000000 -0.100000
vn 0.000000 0.000000 -0.100000
vn 0.000000 0.000000 -0.100000
vn 0.000000 0.000000 -0.100000
vn 0.000000 0.000000 -0.100000
vn 0.000000 0.000000 -0.100000
vn 0.000000 0.000000 -0.100000
vn 0.000000 0.000000 -0.100000
vn 0.000000 0.000000 -0.100000
vn 0.000000 0.000000 -0.100000
vn 0.000000 0.000000 -0.100000
vn 0.000000 0.000000 -0.100000
vn 0.000000 0.000000 -0.100000
vn 0.000000 0.000000 -0.100000
vn 0.000000 0.000000 -0.100000
vn 0.000000 0.000000 -0.100000
vn 0.000000 0.000000 -0.100000
vn 0.000000 0.000000 -0.100000
vn 0.000000 0.000000 -0.100000
vn 0.000000 0.000000 -0.100000
vn 0.000000 0.000000 -0.100000
vn 0.000000 0.000000 -0.100000
vn 0.000000 0.000000 -0.100000
vn 0.000000 0.000000 -0.100000
vn 0.000000 0.000000 -0.100000
vn 0.000000 0.000000 -0.100000
vn 0.000000 0.000000 -0.100000
vn 0.000000 0.000000 -0.100000
vn 0.000000 0.000000 -0.100000
vn 0.000000 0.000000 -0.100000
vn 0.000000 0.000000 -0.100000
vn 0.000000 0.000000 -0.100000
vn 0.000000 0.000000 -0.100000
vn 0.000000 0.000000 -0.100000
vn 0.000000 0.000000 -0.100000
vn 0.000000 0.000000 -0.100000
vn 0.000000 0.000000 -0.100000
vn 0.000000 0.000000 -0.100000
vn 0.000000 0.000000 -0.100000
vn 0.000000 0.000000 -0.100000
vn 0.000000 0.000000 -0.100000
vn 0.000000 0.000000 -0.100000
vn 0.000000 0.000000 -0.100000
vn 0.000000 0.000000 -0.100000
vn 0.000000 0.000000 -0.100000
vn 0.000000 0.000000 -0.100000
vn 0.000000 0.000000 -0.100000
vn 0.000000 0.000000 -0.100000
vn 0.000000 0.000000 -0.100000
vn 0.000000 0.000000 -0.100000
vn 0.000000 0.000000 -0.100000
vn 0.000000 0.000000 -0.100000
vn 0.000000 0.000000 -0.100000
vn 0.000000 0.000000 -0.100000
vn 0.000000 0.000000 -0.100000
vn 0.000000 0.000000 -0.100000
vn 0.000000 0.000000 -0.100000
vn 0.000000 0.000000 -0.100000
vn 0.000000 0.000000 -0.100000
vn 0.000000 0.000000 -0.100000
vn 0.000000 0.000000 -0.100000
vn 0.000000 0.000000 0.100000
vn 0.000000 0.000000 0.100000
vn 0.000000 0.000000 0.100000
vn 0.000000 0.000000 0.100000
vn 0.000000 0.000000 0.100000
vn 0.000000 0.000000 0.100000
vn 0.000000 0.000000 0.100000
vn 0.000000 0.000000 0.100000
vn 0.000000 0.000000 0.100000
vn -0.001795 0.099984 0.000000
vn -0.001795 0.099984 0.000000
vn -0.001795 0.099984 0.000000
vn -0.001795 0.099984 0.000000
vn -0.001795 0.099984 0.000000
vn -0.001795 0.099984 0.000000
vn -0.001795 0.099984 0.000000
vn -0.001795 0.099984 0.000000
vn 0.001795 -0.099984 0.000000
vn 0.001795 -0.099984 0.000000
vn 0.001795 -0.099984 0.000000
vn 0.001795 -0.099984 0.000000
vn -0.099984 -0.001795 0.000000
vn -0.099984 -0.001795 0.000000
vn -0.099984 -0.001795 0.000000
vn -0.099984 -0.001795 0.000000
vn 0.001795 -0.099984 0.000000
vn 0.001795 -0.099984 0.000000
vn 0.001795 -0.099984 0.000000
vn 0.001795 -0.099984 0.000000
vn 0.099984 0.001795 0.000000
vn 0.099984 0.001795 0.000000
vn 0.099984 0.001795 0.000000
vn 0.099984 0.001795 0.000000
vn 0.000000 0.000000 -0.100000
vn 0.000000 0.000000 -0.100000
vn 0.000000 0.000000 -0.100000
vn 0.000000 0.000000 -0.100000
vn 0.000000 0.000000 -0.100000
vn 0.000000 0.000000 -0.100000
vn 0.000000 0.000000 -0.100000
vn 0.000000 0.000000 -0.100000
vn 0.000000 0.000000 -0.100000
vn 0.000000 0.000000 -0.100000
vn 0.000000 0.000000 -0.100000
vn 0.000000 0.000000 -0.100000
vn 0.000000 0.000000 -0.100000
vn 0.000000 0.000000 -0.100000
vn 0.000000 0.000000 -0.100000
vn 0.000000 0.000000 -0.100000
vn 0.000000 0.000000 -0.100000
vn 0.000000 0.000000 -0.100000
vn 0.000000 0.000000 -0.100000
vn 0.000000 0.000000 -0.100000
vn 0.000000 0.000000 -0.100000
vn 0.000000 0.000000 -0.100000
vn 0.000000 0.000000 -0.100000
vn 0.000000 0.000000 -0.100000
vn 0.000000 0.000000 -0.100000
vn 0.000000 0.000000 -0.100000
vn 0.000000 0.000000 -0.100000
vn 0.000000 0.000000 -0.100000
vn 0.000000 0.000000 -0.100000
vn 0.000000 0.000000 -0.100000
vn 0.000000 0.000000 -0.100000
vn 0.000000 0.000000 -0.100000
vn 0.000000 0.000000 -0.100000
vn 0.000000 0.000000 -0.100000
vn 0.000000 0.000000 -0.100000
vn 0.000000 0.000000 -0.100000
vn 0.000000 0.000000 -0.100000
vn 0.000000 0.000000 -0.100000
vn 0.000000 0.000000 -0.100000
vn 0.000000 0.000000 -0.100000
vn 0.000000 0.000000 -0.100000
vn 0.000000 0.000000 -0.100000
vn 0.000000 0.000000 -0.100000
vn 0.000000 0.000000 -0.100000
vn 0.000000 0.000000 -0.100000
vn 0.000000 0.000000 -0.100000
vn 0.000000 0.000000 -0.100000
vn 0.000000 0.000000 -0.100000
vn 0.000000 0.000000 -0.100000
vn 0.000000 0.000000 -0.100000
vn 0.000000 0.000000 -0.100000
vn 0.000000 0.000000 -0.100000
vn 0.000000 0.000000 -0.100000
vn 0.000000 0.000000 -0.100000
vn 0.000000 0.000000 -0.100000
vn 0.000000 0.000000 -0.100000
vn 0.000000 0.000000 -0.100000
vn 0.000000 0.000000 -0.100000
vn 0.000000 0.000000 -0.100000
vn 0.000000 0.000000 -0.100000
vn 0.000000 0.000000 -0.100000
vn 0.000000 0.000000 -0.100000
vn 0.000000 0.000000 -0.100000
vn 0.000000 0.000000 -0.100000
vn 0.000000 0.000000 -0.100000
vn 0.000000 0.000000 -0.100000
vn 0.000000 0.000000 -0.100000
vn 0.000000 0.000000 -0.100000
vn 0.000000 0.000000 -0.100000
vn 0.000000 0.000000 -0.100000
vn 0.000000 0.000000 -0.100000
vn 0.000000 0.000000 -0.100000
vn -0.048438 -0.087486 0.000000
vn -0.048438 -0.087486 0.000000
vn -0.048438 -0.087486 0.000000
vn -0.048438 -0.087486 0.000000
vn 0.087486 -0.048438 0.000000
vn 0.087486 -0.048438 0.000000
vn 0.087486 -0.048438 0.000000
vn 0.087486 -0.048438 0.000000
vn -0.085691 -0.051546 0.000000
vn -0.085691 -0.051546 0.000000
vn -0.085691 -0.051546 0.000000
vn -0.085691 -0.051546 0.000000
vn 0.051546 -0.085691 0.000000
vn 0.051546 -0.085691 0.000000
vn 0.051546 -0.085691 0.000000
vn 0.051546 -0.085691 0.000000
vn 0.085691 0.051546 0.000000
vn 0.085691 0.051546 0.000000
vn 0.085691 0.051546 0.000000
vn 0.085691 0.051546 0.000000
vn -0.087486 0.048438 0.000000
vn -0.087486 0.048438 0.000000
vn -0.087486 0.048438 0.000000
vn -0.087486 0.048438 0.000000
vn -0.087486 0.048438 0.000000
vn -0.087486 0.048438 0.000000
vn -0.087486 0.048438 0.000000
vn -0.087486 0.048438 0.000000
vn 0.087486 -0.048438 0.000000
vn 0.087486 -0.048438 0.000000
vn 0.087486 -0.048438 0.000000
vn 0.087486 -0.048438 0.000000
vn 0.048438 0.087486 0.000000
vn 0.048438 0.087486 0.000000
vn 0.048438 0.087486 0.000000
vn 0.048438 0.087486 0.000000
vn 0.085691 0.051546 0.000000
vn 0.085691 0.051546 0.000000
vn 0.085691 0.051546 0.000000
vn 0.085691 0.051546 0.000000
vn -0.051546 0.085691 0.000000
vn -0.051546 0.085691 0.000000
vn -0.051546 0.085691 0.000000
vn -0.051546 0.085691 0.000000
vn -0.085691 -0.051546 0.000000
vn -0.085691 -0.051546 0.000000
vn -0.085691 -0.051546 0.000000
vn -0.085691 -0.051546 0.000000
vn -0.085691 -0.051546 0.000000
vn -0.098777 0.015594 0.000000
vn -0.065643 0.075438 0.000000
vn -0.001795 0.099984 0.000000
vn -0.001795 0.099984 0.000000
vn -0.065643 0.075438 0.000000
vn -0.098777 0.015594 0.000000
vn -0.085691 -0.051546 0.000000
vn -0.087486 0.048438 0.000000
vn -0.035883 0.093340 0.000000
vn 0.032510 0.094568 0.000000
vn 0.085691 0.051546 0.000000
vn 0.085691 0.051546 0.000000
vn 0.032510 0.094568 0.000000
vn -0.035883 0.093340 0.000000
vn -0.087486 0.048438 0.000000
vn 0.087486 -0.048438 0.000000
vn 0.098153 0.019130 0.000000
vn 0.062893 0.077746 0.000000
vn -0.001795 0.099984 0.000000
vn -0.001795 0.099984 0.000000
vn 0.062893 0.077746 0.000000
vn 0.098153 0.019130 0.000000
vn 0.087486 -0.048438 0.000000
vn 0.087486 -0.048438 0.000000
vn 0.035883 -0.093340 0.000000
vn -0.032510 -0.094568 0.000000
vn -0.085691 -0.051546 0.000000
vn -0.085691 -0.051546 0.000000
vn -0.032510 -0.094568 0.000000
vn 0.035883 -0.093340 0.000000
vn 0.087486 -0.048438 0.000000
vn 0.085691 0.051546 0.000000
vn 0.048438 0.087486 0.000000
vn -0.001795 0.099984 0.000000
vn -0.051546 0.085691 0.000000
vn -0.051546 0.085691 0.000000
vn -0.001795 0.099984 0.000000
vn 0.048438 0.087486 0.000000
vn 0.085691 0.051546 0.000000
vn 0.048438 0.087486 0.000000
vn -0.001795 0.099984 0.000000
vn -0.051546 0.085691 0.000000
vn -0.087486 0.048438 0.000000
vn -0.087486 0.048438 0.000000
vn -0.051546 0.085691 0.000000
vn -0.001795 0.099984 0.000000
vn 0.048438 0.087486 0.000000
vn 0.087486 -0.048438 0.000000
vn 0.099984 0.001795 0.000000
vn 0.085691 0.051546 0.000000
vn 0.048438 0.087486 0.000000
vn 0.048438 0.087486 0.000000
vn 0.085691 0.051546 0.000000
vn 0.099984 0.001795 0.000000
vn 0.087486 -0.048438 0.000000
vn 0.099984 0.001795 0.000000
vn 0.085691 0.051546 0.000000
vn 0.048438 0.087486 0.000000
vn -0.001795 0.099984 0.000000
vn -0.001795 0.099984 0.000000
vn 0.048438 0.087486 0.000000
vn 0.085691 0.051546 0.000000
vn 0.099984 0.001795 0.000000
vn 0.001795 -0.099984 0.000000
vn 0.051546 -0.085691 0.000000
vn 0.087486 -0.048438 0.000000
vn 0.099984 0.001795 0.000000
vn 0.099984 0.001795 0.000000
vn 0.087486 -0.048438 0.000000
vn 0.051546 -0.085691 0.000000
vn 0.001795 -0.099984 0.000000
vn -0.085691 -0.051546 0.000000
vn -0.048438 -0.087486 0.000000
vn 0.001795 -0.099984 0.000000
vn 0.051546 -0.085691 0.000000
vn 0.051546 -0.085691 0.000000
vn 0.001795 -0.099984 0.000000
vn -0.048438 -0.087486 0.000000
vn -0.085691 -0.051546 0.000000
vn -0.099984 -0.001795 0.000000
vn -0.085691 -0.051546 0.000000
vn -0.048438 -0.087486 0.000000
vn 0.001795 -0.099984 0.000000
vn 0.001795 -0.099984 0.000000
vn -0.048438 -0.087486 0.000000
vn -0.085691 -0.051546 0.000000
vn -0.099984 -0.001795 0.000000
vn -0.001795 0.099984 0.000000
vn -0.051546 0.085691 0.000000
vn -0.087486 0.048438 0.000000
vn -0.099984 -0.001795 0.000000
vn -0.099984 -0.001795 0.000000
vn -0.087486 0.048438 0.000000
vn -0.051546 0.085691 0.000000
vn -0.001795 0.099984 0.000000
vn -0.087486 0.048438 0.000000
vn -0.099984 -0.001795 0.000000
vn -0.085691 -0.051546 0.000000
vn -0.048438 -0.087486 0.000000
vn -0.048438 -0.087486 0.000000
vn -0.085691 -0.051546 0.000000
vn -0.099984 -0.001795 0.000000
vn -0.087486 0.048438 0.000000
vn -0.048438 -0.087486 0.000000
vn 0.001795 -0.099984 0.000000
vn 0.051546 -0.085691 0.000000
vn 0.087486 -0.048438 0.000000
vn 0.087486 -0.048438 0.000000
vn 0.051546 -0.085691 0.000000
vn 0.001795 -0.099984 0.000000
vn -0.048438 -0.087486 0.000000
vn -0.070699 -0.001269 0.070711
vn -0.054975 0.044472 0.070711
vn -0.013527 0.069405 0.070711
vn 0.034251 0.061862 0.070711
vn 0.066002 0.025373 0.070711
vn 0.066870 -0.022988 0.070711
vn 0.036449 -0.060593 0.070711
vn -0.011027 -0.069846 0.070711
vn -0.053343 -0.046417 0.070711
vn -0.070711 0.000000 0.070711
vn -0.054168 -0.045452 0.070711
vn -0.012279 -0.069636 0.070711
vn 0.035355 -0.061237 0.070711
vn 0.066446 -0.024184 0.070711
vn 0.066446 0.024184 0.070711
vn 0.035355 0.061237 0.070711
vn -0.012279 0.069636 0.070711
vn -0.054168 0.045452 0.070711
vn -0.070711 0.000000 0.070711
vn -0.070699 -0.001269 0.070711
vn -0.070699 -0.001269 0.070711
vn -0.070711 0.000000 0.070711
vn -0.051546 0.085691 0.000000
vn -0.087486 0.048438 0.000000
vn -0.099984 -0.001795 0.000000
vn -0.085691 -0.051546 0.000000
vn -0.085691 -0.051546 0.000000
vn -0.099984 -0.001795 0.000000
vn -0.087486 0.048438 0.000000
vn -0.051546 0.085691 0.000000
vn 0.085691 0.051546 0.000000
vn 0.099984 0.001795 0.000000
vn 0.087486 -0.048438 0.000000
vn 0.051546 -0.085691 0.000000
vn 0.051546 -0.085691 0.000000
vn 0.087486 -0.048438 0.000000
vn 0.099984 0.001795 0.000000
vn 0.085691 0.051546 0.000000
vn -0.001795 0.099984 0.000000
vn 0.062893 0.077746 0.000000
vn 0.098153 0.019130 0.000000
vn 0.087486 -0.048438 0.000000
vn 0.087486 -0.048438 0.000000
vn 0.098153 0.019130 0.000000
vn 0.062893 0.077746 0.000000
vn -0.001795 0.099984 0.000000
vn -0.001795 0.099984 0.000000
vn -0.065643 0.075438 0.000000
vn -0.098777 0.015594 0.000000
vn -0.085691 -0.051546 0.000000
vn -0.085691 -0.051546 0.000000
vn -0.098777 0.015594 0.000000
vn -0.065643 0.075438 0.000000
vn -0.001795 0.099984 0.000000
vn -0.099984 -0.001795 0.000000
vn -0.090861 0.041764 0.000000
vn -0.063742 0.077052 0.000000
vn -0.023998 0.097078 0.000000
vn 0.020499 0.097876 0.000000
vn 0.060936 0.079290 0.000000
vn 0.089304 0.044998 0.000000
vn 0.099984 0.001795 0.000000
vn 0.090861 -0.041764 0.000000
vn 0.063742 -0.077052 0.000000
vn 0.023998 -0.097078 0.000000
vn -0.020499 -0.097876 0.000000
vn -0.060936 -0.079290 0.000000
vn -0.089304 -0.044998 0.000000
vn -0.099984 -0.001795 0.000000
vn -0.089304 -0.044998 0.000000
vn -0.060936 -0.079290 0.000000
vn -0.020499 -0.097876 0.000000
vn 0.023998 -0.097078 0.000000
vn 0.063742 -0.077052 0.000000
vn 0.090861 -0.041764 0.000000
vn 0.099984 0.001795 0.000000
vn 0.089304 0.044998 0.000000
vn 0.060936 0.079290 0.000000
vn 0.020499 0.097876 0.000000
vn -0.023998 0.097078 0.000000
vn -0.063742 0.077052 0.000000
vn -0.090861 0.041764 0.000000
vn -0.099984 -0.001795 0.000000
vn -0.099984 -0.001795 0.000000
vn 0.000000 0.000000 -0.100000
vn 0.000000 0.000000 -0.100000
vn 0.000000 0.000000 -0.100000
vn 0.000000 0.000000 -0.100000
vn 0.000000 0.000000 -0.100000
vn 0.000000 0.000000 -0.100000
vn 0.000000 0.000000 -0.100000
vn 0.000000 0.000000 -0.100000
vn 0.000000 0.000000 -0.100000
vn 0.000000 0.000000 -0.100000
vn 0.000000 0.000000 -0.100000
vn 0.000000 0.000000 -0.100000
vn 0.000000 0.000000 -0.100000
vn 0.000000 0.000000 -0.100000
vn 0.000000 0.000000 -0.100000
vn 0.000000 0.000000 -0.100000
vn 0.000000 0.000000 -0.100000
vn 0.000000 0.000000 -0.100000
vn 0.000000 0.000000 -0.100000
vn 0.000000 0.000000 -0.100000
vn 0.000000 0.000000 -0.100000
vn 0.000000 0.000000 -0.100000
vn 0.000000 0.000000 -0.100000
vn 0.000000 0.000000 -0.100000
vn 0.000000 0.000000 -0.100000
vn 0.000000 0.000000 -0.100000
vn 0.000000 0.000000 -0.100000
vn 0.000000 0.000000 -0.100000
vn 0.000000 0.000000 -0.100000
vn 0.000000 0.000000 -0.100000
vn 0.000000 0.000000 -0.100000
vn 0.000000 0.000000 -0.100000
vn 0.000000 0.000000 -0.100000
vn 0.000000 0.000000 -0.100000
vn 0.000000 0.000000 -0.100000
vn 0.000000 0.000000 -0.100000
vn 0.000000 0.000000 -0.100000
vn 0.000000 0.000000 -0.100000
vn 0.000000 0.000000 -0.100000
vn 0.000000 0.000000 -0.100000
vn 0.000000 0.000000 -0.100000
vn 0.000000 0.000000 -0.100000
vn 0.000000 0.000000 -0.100000
vn 0.000000 0.000000 -0.100000
vn 0.000000 0.000000 -0.100000
vn 0.000000 0.000000 -0.100000
vn 0.000000 0.000000 -0.100000
vn 0.000000 0.000000 -0.100000
vn 0.000000 0.000000 -0.100000
vn 0.000000 0.000000 -0.100000
vn 0.000000 0.000000 -0.100000
vn 0.000000 0.000000 -0.100000
vn 0.000000 0.000000 -0.100000
vn 0.000000 0.000000 -0.100000
vn 0.000000 0.000000 -0.100000
vn 0.000000 0.000000 -0.100000
vn 0.000000 0.000000 -0.100000
vn 0.000000 0.000000 -0.100000
vn 0.000000 0.000000 -0.100000
vn 0.000000 0.000000 -0.100000
vn 0.000000 0.000000 -0.100000
vn 0.000000 0.000000 -0.100000
vn 0.000000 0.000000 -0.100000
vn 0.000000 0.000000 -0.100000
vn 0.000000 0.000000 -0.100000
vn 0.000000 0.000000 -0.100000
vn 0.000000 0.000000 -0.100000
vn 0.000000 0.000000 -0.100000
vn 0.000000 0.000000 -0.100000
vn 0.000000 0.000000 -0.100000
vn 0.000000 0.000000 -0.100000
vn 0.000000 0.000000 -0.100000
vn 0.000000 0.000000 -0.100000
vn 0.000000 0.000000 -0.100000
vn 0.000000 0.000000 -0.100000
vn 0.000000 0.000000 -0.100000
vn 0.000000 0.000000 -0.100000
vn 0.000000 0.000000 -0.100000
vn 0.000000 0.000000 -0.100000
vn 0.000000 0.000000 -0.100000
vn 0.000000 0.000000 -0.100000
vn 0.000000 0.000000 -0.100000
vn 0.000000 0.000000 -0.100000
vn 0.000000 0.000000 -0.100000
vn 0.000000 0.000000 -0.100000
vn 0.000000 0.000000 -0.100000
vn 0.000000 0.000000 0.100000
vn 0.000000 0.000000 0.100000
vn 0.000000 0.000000 0.100000
vn 0.000000 0.000000 0.100000
vn 0.000000 0.000000 0.100000
vn 0.000000 0.000000 0.100000
vn 0.000000 0.000000 0.100000
vn 0.000000 0.000000 0.100000
vn 0.000000 0.000000 0.100000
vn 0.001795 -0.099984 0.000000
vn 0.001795 -0.099984 0.000000
vn 0.001795 -0.099984 0.000000
vn 0.001795 -0.099984 0.000000
vn 0.001795 -0.099984 0.000000
vn 0.001795 -0.099984 0.000000
vn 0.001795 -0.099984 0.000000
vn 0.001795 -0.099984 0.000000
vn -0.001795 0.099984 0.000000
vn -0.001795 0.099984 0.000000
vn -0.001795 0.099984 0.000000
vn -0.001795 0.099984 0.000000
vn 0.099984 0.001795 0.000000
vn 0.099984 0.001795 0.000000
vn 0.099984 0.001795 0.000000
vn 0.099984 0.001795 0.000000
vn -0.001795 0.099984 0.000000
vn -0.001795 0.099984 0.000000
vn -0.001795 0.099984 0.000000
vn -0.001795 0.099984 0.000000
vn -0.099984 -0.001795 0.000000
vn -0.099984 -0.001795 0.000000
vn -0.099984 -0.001795 0.000000
vn -0.099984 -0.001795 0.000000
vn 0.000000 0.000000 -0.100000
vn 0.000000 0.000000 -0.100000
vn 0.000000 0.000000 -0.100000
vn 0.000000 0.000000 -0.100000
vn 0.000000 0.000000 -0.100000
vn 0.000000 0.000000 -0.100000
vn 0.000000 0.000000 -0.100000
vn 0.000000 0.000000 -0.100000
vn 0.000000 0.000000 -0.100000
vn 0.000000 0.000000 -0.100000
vn 0.000000 0.000000 -0.100000
vn 0.000000 0.000000 -0.100000
vn 0.000000 0.000000 -0.100000
vn 0.000000 0.000000 -0.100000
vn 0.000000 0.000000 -0.100000
vn 0.000000 0.000000 -0.100000
vn 0.000000 0.000000 -0.100000
vn 0.000000 0.000000 -0.100000
vn 0.000000 0.000000 -0.100000
vn 0.000000 0.000000 -0.100000
vn 0.000000 0.000000 -0.100000
vn 0.000000 0.000000 -0.100000
vn 0.000000 0.000000 -0.100000
vn 0.000000 0.000000 -0.100000
vn 0.000000 0.000000 -0.100000
vn 0.000000 0.000000 -0.100000
vn 0.000000 0.000000 -0.100000
vn 0.000000 0.000000 -0.100000
vn 0.000000 0.000000 -0.100000
vn 0.000000 0.000000 -0.100000
vn 0.000000 0.000000 -0.100000
vn 0.000000 0.000000 -0.100000
vn 0.000000 0.000000 -0.100000
vn 0.000000 0.000000 -0.100000
vn 0.000000 0.000000 -0.100000
vn 0.000000 0.000000 -0.100000
vn 0.000000 0.000000 -0.100000
vn 0.000000 0.000000 -0.100000
vn 0.000000 0.000000 -0.100000
vn 0.000000 0.000000 -0.100000
vn 0.000000 0.000000 -0.100000
vn 0.000000 0.000000 -0.100000
vn 0.000000 0.000000 -0.100000
vn 0.000000 0.000000 -0.100000
vn 0.000000 0.000000 -0.100000
vn 0.000000 0.000000 -0.100000
vn 0.000000 0.000000 -0.100000
vn 0.000000 0.000000 -0.100000
vn 0.000000 0.000000 -0.100000
vn 0.000000 0.000000 -0.100000
vn 0.000000 0.000000 -0.100000
vn 0.000000 0.000000 -0.100000
vn 0.000000 0.000000 -0.100000
vn 0.000000 0.000000 -0.100000
vn 0.000000 0.000000 -0.100000
vn 0.000000 0.000000 -0.100000
vn 0.000000 0.000000 -0.100000
vn 0.000000 0.000000 -0.100000
vn 0.000000 0.000000 -0.100000
vn 0.000000 0.000000 -0.100000
vn 0.000000 0.000000 -0.100000
vn 0.000000 0.000000 -0.100000
vn 0.000000 0.000000 -0.100000
vn 0.000000 0.000000 -0.100000
vn 0.000000 0.000000 -0.100000
vn 0.000000 0.000000 -0.100000
vn 0.000000 0.000000 -0.100000
vn 0.000000 0.000000 -0.100000
vn 0.000000 0.000000 -0.100000
vn 0.000000 0.000000 -0.100000
vn 0.000000 0.000000 -0.100000
vn 0.000000 0.000000 -0.100000
vn 0.048438 0.087486 0.000000
vn 0.048438 0.087486 0.000000
vn 0.048438 0.087486 0.000000
vn 0.048438 0.087486 0.000000
vn -0.087486 0.048438 0.000000
vn -0.087486 0.048438 0.000000
vn -0.087486 0.048438 0.000000
vn -0.087486 0.048438 0.000000
vn 0.085691 0.051546 0.000000
vn 0.085691 0.051546 0.000000
vn 0.085691 0.051546 0.000000
vn 0.085691 0.051546 0.000000
vn -0.051546 0.085691 0.000000
vn -0.051546 0.085691 0.000000
vn -0.051546 0.085691 0.000000
vn -0.051546 0.085691 0.000000
vn -0.085691 -0.051546 0.000000
vn -0.085691 -0.051546 0.000000
vn -0.085691 -0.051546 0.000000
vn -0.085691 -0.051546 0.000000
vn 0.087486 -0.048438 0.000000
vn 0.087486 -0.048438 0.000000
vn 0.087486 -0.048438 0.000000
vn 0.087486 -0.048438 0.000000
vn 0.087486 -0.048438 0.000000
vn 0.087486 -0.048438 0.000000
vn 0.087486 -0.048438 0.000000
vn 0.087486 -0.048438 0.000000
vn -0.087486 0.048438 0.000000
vn -0.087486 0.048438 0.000000
vn -0.087486 0.048438 0.000000
vn -0.087486 0.048438 0.000000
vn -0.048438 -0.087486 0.000000
vn -0.048438 -0.087486 0.000000
vn -0.048438 -0.087486 0.000000
vn -0.048438 -0.087486 0.000000
vn -0.085691 -0.051546 0.000000
vn -0.085691 -0.051546 0.000000
vn -0.085691 -0.051546 0.000000
vn -0.085691 -0.051546 0.000000
vn 0.051546 -0.085691 0.000000
vn 0.051546 -0.085691 0.000000
vn 0.051546 -0.085691 0.000000
vn 0.051546 -0.085691 0.000000
vn 0.085691 0.051546 0.000000
vn 0.085691 0.051546 0.000000
vn 0.085691 0.051546 0.000000
vn 0.085691 0.051546 0.000000
vn 0.085691 0.051546 0.000000
vn 0.098777 -0.015594 0.000000
vn 0.065643 -0.075438 0.000000
vn 0.001795 -0.099984 0.000000
vn 0.001795 -0.099984 0.000000
vn 0.065643 -0.075438 0.000000
vn 0.098777 -0.015594 0.000000
vn 0.085691 0.051546 0.000000
vn 0.087486 -0.048438 0.000000
vn 0.035883 -0.093340 0.000000
vn -0.032510 -0.094568 0.000000
vn -0.085691 -0.051546 0.000000
vn -0.085691 -0.051546 0.000000
vn -0.032510 -0.094568 0.000000
vn 0.035883 -0.093340 0.000000
vn 0.087486 -0.048438 0.000000
vn -0.087486 0.048438 0.000000
vn -0.098153 -0.019130 0.000000
vn -0.062893 -0.077746 0.000000
vn 0.001795 -0.099984 0.000000
vn 0.001795 -0.099984 0.000000
vn -0.062893 -0.077746 0.000000
vn -0.098153 -0.019130 0.000000
vn -0.087486 0.048438 0.000000
vn -0.087486 0.048438 0.000000
vn -0.035883 0.093340 0.000000
vn 0.032510 0.094568 0.000000
vn 0.085691 0.051546 0.000000
vn 0.085691 0.051546 0.000000
vn 0.032510 0.094568 0.000000
vn -0.035883 0.093340 0.000000
vn -0.087486 0.048438 0.000000
vn -0.085691 -0.051546 0.000000
vn -0.048438 -0.087486 0.000000
vn 0.001795 -0.099984 0.000000
vn 0.051546 -0.085691 0.000000
vn 0.051546 -0.085691 0.000000
vn 0.001795 -0.099984 0.000000
vn -0.048438 -0.087486 0.000000
vn -0.085691 -0.051546 0.000000
vn -0.048438 -0.087486 0.000000
vn 0.001795 -0.099984 0.000000
vn 0.051546 -0.085691 0.000000
vn 0.087486 -0.048438 0.000000
vn 0.087486 -0.048438 0.000000
vn 0.051546 -0.085691 0.000000
vn 0.001795 -0.099984 0.000000
vn -0.048438 -0.087486 0.000000
vn -0.087486 0.048438 0.000000
vn -0.099984 -0.001795 0.000000
vn -0.085691 -0.051546 0.000000
vn -0.048438 -0.087486 0.000000
vn -0.048438 -0.087486 0.000000
vn -0.085691 -0.051546 0.000000
vn -0.099984 -0.001795 0.000000
vn -0.087486 0.048438 0.000000
vn -0.099984 -0.001795 0.000000
vn -0.085691 -0.051546 0.000000
vn -0.048438 -0.087486 0.000000
vn 0.001795 -0.099984 0.000000
vn 0.001795 -0.099984 0.000000
vn -0.048438 -0.087486 0.000000
vn -0.085691 -0.051546 0.000000
vn -0.099984 -0.001795 0.000000
vn -0.001795 0.099984 0.000000
vn -0.051546 0.085691 0.000000
vn -0.087486 0.048438 0.000000
vn -0.099984 -0.001795 0.000000
vn -0.099984 -0.001795 0.000000
vn -0.087486 0.048438 0.000000
vn -0.051546 0.085691 0.000000
vn -0.001795 0.099984 0.000000
vn 0.085691 0.051546 0.000000
vn 0.048438 0.087486 0.000000
vn -0.001795 0.099984 0.000000
vn -0.051546 0.085691 0.000000
vn -0.051546 0.085691 0.000000
vn -0.001795 0.099984 0.000000
vn 0.048438 0.087486 0.000000
vn 0.085691 0.051546 0.000000
vn 0.099984 0.001795 0.000000
vn 0.085691 0.051546 0.000000
vn 0.048438 0.087486 0.000000
vn -0.001795 0.099984 0.000000
vn -0.001795 0.099984 0.000000
vn 0.048438 0.087486 0.000000
vn 0.085691 0.051546 0.000000
vn 0.099984 0.001795 0.000000
vn 0.001795 -0.099984 0.000000
vn 0.051546 -0.085691 0.000000
vn 0.087486 -0.048438 0.000000
vn 0.099984 0.001795 0.000000
vn 0.099984 0.001795 0.000000
vn 0.087486 -0.048438 0.000000
vn 0.051546 -0.085691 0.000000
vn 0.001795 -0.099984 0.000000
vn 0.087486 -0.048438 0.000000
vn 0.099984 0.001795 0.000000
vn 0.085691 0.051546 0.000000
vn 0.048438 0.087486 0.000000
vn 0.048438 0.087486 0.000000
vn 0.085691 0.051546 0.000000
vn 0.099984 0.001795 0.000000
vn 0.087486 -0.048438 0.000000
vn 0.048438 0.087486 0.000000
vn -0.001795 0.099984 0.000000
vn -0.051546 0.085691 0.000000
vn -0.087486 0.048438 0.000000
vn -0.087486 0.048438 0.000000
vn -0.051546 0.085691 0.000000
vn -0.001795 0.099984 0.000000
vn 0.048438 0.087486 0.000000
vn 0.100000 0.000000 0.000000
vn 0.076604 -0.064279 0.000000
vn 0.017365 -0.098481 0.000000
vn -0.050000 -0.086603 0.000000
vn -0.093969 -0.034202 0.000000
vn -0.093969 0.034202 0.000000
vn -0.050000 0.086603 0.000000
vn 0.017365 0.098481 0.000000
vn 0.076604 0.064279 0.000000
vn 0.100000 0.000000 0.000000
vn 0.076604 0.064279 0.000000
vn 0.017365 0.098481 0.000000
vn -0.050000 0.086603 0.000000
vn -0.093969 0.034202 0.000000
vn -0.093969 -0.034202 0.000000
vn -0.050000 -0.086603 0.000000
vn 0.017365 -0.098481 0.000000
vn 0.076604 -0.064279 0.000000
vn 0.100000 0.000000 0.000000
vn 0.100000 0.000000 0.000000
vn -0.100000 0.000000 0.000000
vn -0.088546 0.046472 0.000000
vn -0.056806 0.082298 0.000000
vn -0.012054 0.099271 0.000000
vn 0.035460 0.093502 0.000000
vn 0.074851 0.066312 0.000000
vn 0.097094 0.023932 0.000000
vn 0.097094 -0.023932 0.000000
vn 0.074851 -0.066312 0.000000
vn 0.035460 -0.093502 0.000000
vn -0.012054 -0.099271 0.000000
vn -0.056806 -0.082298 0.000000
vn -0.088546 -0.046472 0.000000
vn -0.100000 0.000000 0.000000
vn -0.088546 -0.046472 0.000000
vn -0.056806 -0.082298 0.000000
vn -0.012054 -0.099271 0.000000
vn 0.035460 -0.093502 0.000000
vn 0.074851 -0.066312 0.000000
vn 0.097094 -0.023932 0.000000
vn 0.097094 0.023932 0.000000
vn 0.074851 0.066312 0.000000
vn 0.035460 0.093502 0.000000
vn -0.012054 0.099271 0.000000
vn -0.056806 0.082298 0.000000
vn -0.088546 0.046472 0.000000
vn -0.100000 0.000000 0.000000
vn -0.100000 0.000000 0.000000
vn 0.000000 0.000000 0.100000
vn 0.000000 0.000000 0.100000
vn 0.000000 0.000000 0.100000
vn 0.000000 0.000000 0.100000
vn 0.000000 0.000000 0.100000
vn 0.000000 0.000000 0.100000
vn 0.000000 0.000000 0.100000
vn 0.000000 0.000000 0.100000
vn 0.000000 0.000000 0.100000
vn 0.000000 0.000000 0.100000
vn 0.000000 0.000000 0.100000
vn 0.000000 0.000000 0.100000
vn 0.000000 0.000000 0.100000
vn 0.000000 0.000000 0.100000
vn 0.000000 0.000000 0.100000
vn 0.000000 0.000000 0.100000
vn 0.000000 0.000000 0.100000
vn 0.000000 0.000000 0.100000
vn 0.000000 0.000000 0.100000
vn 0.000000 0.000000 0.100000
vn 0.000000 0.000000 0.100000
vn 0.000000 0.000000 0.100000
vn -0.098957 -0.014408 0.000000
vn -0.091037 0.041379 0.000000
vn -0.054214 0.084029 0.000000
vn -0.000178 0.100000 0.000000
vn 0.053914 0.084222 0.000000
vn 0.090889 0.041704 0.000000
vn 0.099007 -0.014055 0.000000
vn 0.075692 -0.065351 0.000000
vn 0.028344 -0.095899 0.000000
vn -0.028002 -0.095999 0.000000
vn -0.075458 -0.065621 0.000000
vn -0.098957 -0.014408 0.000000
vn -0.075458 -0.065621 0.000000
vn -0.028002 -0.095999 0.000000
vn 0.028344 -0.095899 0.000000
vn 0.075692 -0.065351 0.000000
vn 0.099007 -0.014055 0.000000
vn 0.090889 0.041704 0.000000
vn 0.053914 0.084222 0.000000
vn -0.000178 0.100000 0.000000
vn -0.054214 0.084029 0.000000
vn -0.091037 0.041379 0.000000
vn -0.098957 -0.014408 0.000000
vn -0.098957 -0.014408 0.000000
vn 0.000000 0.000000 0.100000
vn 0.000000 0.000000 0.100000
vn 0.000000 0.000000 0.100000
vn 0.000000 0.000000 0.100000
vn 0.000000 0.000000 0.100000
vn 0.000000 0.000000 0.100000
vn 0.000000 0.000000 0.100000
vn 0.000000 0.000000 0.100000
vn 0.000000 0.000000 0.100000
vn 0.000000 0.000000 0.100000
vn 0.000000 0.000000 0.100000
vn 0.000000 0.000000 0.100000
vn 0.000000 0.000000 0.100000
vn 0.000000 0.000000 0.100000
vn 0.000000 0.000000 0.100000
vn 0.000000 0.000000 0.100000
vn 0.000000 0.000000 0.100000
vn 0.000000 0.000000 0.100000
vn 0.000000 0.000000 0.100000
vn 0.000000 0.000000 0.100000
vn 0.000000 0.000000 0.100000
vn 0.000000 0.000000 0.100000
vn 0.000000 0.000000 0.100000
vn 0.000000 0.000000 0.100000
vn 0.000000 0.000000 0.100000
vn 0.000000 0.000000 -0.100000
vn 0.000000 0.000000 -0.100000
vn 0.000000 0.000000 -0.100000
vn 0.000000 0.000000 -0.100000
vn 0.000000 0.000000 -0.100000
vn 0.000000 0.000000 -0.100000
vn 0.000000 0.000000 -0.100000
vn 0.000000 0.000000 -0.100000
vn 0.000000 0.000000 -0.100000
vn 0.000000 0.000000 -0.100000
vn 0.000000 0.000000 -0.100000
vn 0.000000 0.000000 -0.100000
vn 0.000000 0.000000 -0.100000
vn 0.000000 0.000000 -0.100000
vn 0.000000 0.000000 -0.100000
vn 0.000000 0.000000 -0.100000
vn 0.000000 0.000000 -0.100000
vn 0.000000 0.000000 -0.100000
vn 0.000000 0.000000 -0.100000
vn 0.000000 0.000000 -0.100000
vn 0.000000 0.000000 -0.100000
vn 0.000000 0.000000 -0.100000
vn 0.000000 0.000000 -0.100000
vn 0.000000 0.000000 -0.100000
vn 0.000000 0.000000 -0.100000
vn 0.000000 0.000000 -0.100000
vn 0.000000 0.000000 -0.100000
vn 0.000000 0.000000 -0.100000
vn 0.000000 0.000000 -0.100000
vn 0.000000 0.000000 -0.100000
vn 0.000000 0.000000 -0.100000
vn 0.000000 0.000000 -0.100000
vn 0.000000 0.000000 -0.100000
vn 0.000000 0.000000 -0.100000
vn 0.000000 0.000000 -0.100000
vn 0.000000 0.000000 -0.100000
vn 0.000000 0.000000 -0.100000
vn 0.000000 0.000000 -0.100000
vn 0.000000 0.000000 -0.100000
vn 0.000000 0.000000 -0.100000
vn 0.000000 0.000000 -0.100000
vn 0.000000 0.000000 -0.100000
vn 0.000000 0.000000 -0.100000
vn 0.000000 0.000000 -0.100000
vn 0.000000 0.000000 -0.100000
vn 0.000000 0.000000 -0.100000
vn 0.000000 0.000000 -0.100000
vn 0.000000 0.000000 -0.100000
vn 0.000000 0.000000 -0.100000
vn 0.000000 0.000000 -0.100000
vn 0.000000 0.000000 -0.100000
vn 0.000000 0.000000 -0.100000
vn 0.000000 0.000000 -0.100000
vn 0.000000 0.000000 -0.100000
vn 0.000000 0.000000 -0.100000
vn 0.000000 0.000000 -0.100000
vn 0.000000 0.000000 -0.100000
vn 0.000000 0.000000 -0.100000
vn 0.000000 0.000000 -0.100000
vn 0.000000 0.000000 -0.100000
vn 0.000000 0.000000 -0.100000
vn 0.000000 0.000000 -0.100000
vn 0.000000 0.000000 -0.100000
vn 0.000000 0.000000 -0.100000
vn 0.000000 0.000000 -0.100000
vn 0.000000 0.000000 -0.100000
vn 0.000000 0.000000 -0.100000
vn 0.000000 0.000000 -0.100000
vn 0.000000 0.000000 -0.100000
vn 0.000000 0.000000 -0.100000
vn 0.000000 0.000000 -0.100000
vn 0.000000 0.000000 -0.100000
vn 0.000000 0.000000 -0.100000
vn 0.000000 0.000000 -0.100000
vn 0.000000 0.000000 -0.100000
vn 0.000000 0.000000 -0.100000
vn 0.000000 0.000000 -0.100000
vn 0.000000 0.000000 -0.100000
vn 0.000000 0.000000 -0.100000
vn 0.000000 0.000000 -0.100000
vn 0.000000 0.000000 -0.100000
vn 0.000000 0.000000 -0.100000
vn 0.000000 0.000000 -0.100000
vn 0.000000 0.000000 -0.100000
vn 0.000000 0.000000 -0.100000
vn 0.000000 0.000000 -0.100000
vn 0.000000 0.000000 -0.100000
vn 0.000000 0.000000 -0.100000
vn 0.000000 0.000000 -0.100000
vn 0.000000 0.000000 -0.100000
vn 0.000000 0.000000 -0.100000
vn 0.000000 0.000000 -0.100000
vn 0.000000 0.000000 -0.100000
vn 0.000000 0.000000 -0.100000
vn 0.000000 0.000000 -0.100000
vn 0.000000 0.000000 -0.100000
vn 0.000000 0.000000 -0.100000
vn 0.000000 0.000000 -0.100000
vn 0.000000 0.000000 -0.100000
vn 0.000000 0.000000 -0.100000
vn 0.000000 0.000000 -0.100000
vn 0.000000 0.000000 -0.100000
vn 0.000000 0.000000 -0.100000
vn 0.000000 0.000000 -0.100000
vn 0.000000 0.000000 -0.100000
vn 0.000000 0.000000 -0.100000
vn 0.000000 0.000000 -0.100000
vn 0.000000 0.000000 -0.100000
vn 0.000000 0.000000 -0.100000
vn 0.000000 0.000000 -0.100000
vn 0.000000 0.000000 -0.100000
vn 0.000000 0.000000 -0.100000
vn 0.000000 0.000000 -0.100000
vn 0.000000 0.000000 -0.100000
vn 0.000000 0.000000 -0.100000
vn 0.000000 0.000000 -0.100000
vn 0.000000 0.000000 -0.100000
vn 0.000000 0.000000 -0.100000
vn 0.000000 0.000000 -0.100000
vn 0.000000 0.000000 -0.100000
vn 0.000000 0.000000 -0.100000
vn 0.000000 0.000000 -0.100000
vn 0.000000 0.000000 -0.100000
vn 0.000000 0.000000 -0.100000
vn 0.000000 0.000000 -0.100000
vn 0.000000 0.000000 -0.100000
vn 0.000000 0.000000 -0.100000
vn 0.000000 0.000000 -0.100000
vn 0.000000 0.000000 -0.100000
vn 0.000000 0.000000 -0.100000
vn 0.000000 0.000000 -0.100000
vn 0.000000 0.000000 -0.100000
vn 0.000000 0.000000 -0.100000
vn 0.000000 0.000000 -0.100000
vn 0.000000 0.000000 -0.100000
vn 0.000000 0.000000 -0.100000
vn 0.000000 0.000000 -0.100000
vn 0.000000 0.000000 -0.100000
vn 0.000000 0.000000 -0.100000
vn 0.000000 0.000000 -0.100000
vn 0.000000 0.000000 -0.100000
vn 0.000000 0.000000 -0.100000
vn 0.000000 0.000000 -0.100000
vn 0.000000 0.000000 -0.100000
vn 0.000000 0.000000 -0.100000
vn 0.000000 0.000000 -0.100000
vn 0.000000 0.000000 -0.100000
vn 0.000000 0.000000 -0.100000
vn 0.000000 0.000000 -0.100000
vn 0.000000 0.000000 -0.100000
vn 0.000000 0.000000 -0.100000
vn 0.000000 0.000000 -0.100000
vn 0.000000 0.000000 -0.100000
vn 0.000000 0.000000 -0.100000
vn 0.000000 0.000000 -0.100000
vn 0.000000 0.000000 -0.100000
vn 0.000000 0.000000 -0.100000
vn 0.000000 0.000000 -0.100000
vn 0.000000 0.000000 -0.100000
vn 0.000000 0.000000 -0.100000
vn 0.000000 0.000000 -0.100000
vn 0.000000 0.000000 -0.100000
vn 0.000000 0.000000 -0.100000
vn 0.000000 0.000000 -0.100000
vn 0.000000 0.000000 -0.100000
vn 0.000000 0.000000 -0.100000
vn 0.000000 0.000000 -0.100000
vn 0.000000 0.000000 -0.100000
vn 0.000000 0.000000 -0.100000
vn 0.000000 0.000000 -0.100000
vn 0.000000 0.000000 -0.100000
vn 0.000000 0.000000 -0.100000
vn 0.000000 0.000000 -0.100000
vn 0.000000 0.000000 -0.100000
vn 0.000000 0.000000 -0.100000
vn 0.000000 0.000000 -0.100000
vn 0.000000 0.000000 -0.100000
vn 0.000000 0.000000 -0.100000
vn 0.000000 0.000000 -0.100000
vn 0.000000 0.000000 -0.100000
vn 0.000000 0.000000 -0.100000
vn 0.000000 0.000000 -0.100000
vn 0.000000 0.000000 -0.100000
vn 0.000000 0.000000 -0.100000
vn 0.000000 0.000000 -0.100000
vn 0.000000 0.000000 -0.100000
vn 0.000000 0.000000 -0.100000
vn 0.000000 0.000000 -0.100000
vn 0.000000 0.000000 -0.100000
vn 0.000000 0.000000 -0.100000
vn 0.000000 0.000000 -0.100000
vn 0.000000 0.000000 -0.100000
vn 0.000000 0.000000 -0.100000
vn 0.000000 0.000000 -0.100000
vn 0.000000 0.000000 -0.100000
vn 0.000000 0.000000 -0.100000
vn 0.000000 0.000000 -0.100000
vn 0.000000 0.000000 -0.100000
vn 0.000000 0.000000 -0.100000
vn 0.000000 0.000000 -0.100000
vn 0.000000 0.000000 -0.100000
vn 0.000000 0.000000 -0.100000
vn 0.000000 0.000000 -0.100000
vn 0.000000 0.000000 -0.100000
vn 0.000000 0.000000 -0.100000
vn 0.000000 0.000000 -0.100000
vn 0.000000 0.000000 -0.100000
vn 0.000000 0.000000 -0.100000
vn 0.000000 0.000000 -0.100000
vn 0.000000 0.000000 -0.100000
vn 0.000000 0.000000 -0.100000
vn 0.000000 0.000000 -0.100000
vn 0.000000 0.000000 -0.100000
vn 0.000000 0.000000 -0.100000
vn 0.000000 0.000000 -0.100000
vn 0.000000 0.000000 -0.100000
vn 0.000000 0.000000 -0.100000
vn 0.000000 0.000000 -0.100000
vn 0.000000 0.000000 -0.100000
vn 0.000000 0.000000 -0.100000
vn 0.000000 0.000000 -0.100000
vn 0.000000 0.000000 -0.100000
vn 0.000000 0.000000 -0.100000
vn 0.000000 0.000000 -0.100000
vn 0.000000 0.000000 -0.100000
vn 0.000000 0.000000 -0.100000
vn 0.000000 0.000000 -0.100000
vn 0.000000 0.000000 -0.100000
vn 0.000000 0.000000 -0.100000
vn 0.000000 0.000000 -0.100000
vn 0.000000 0.000000 -0.100000
vn 0.000000 0.000000 -0.100000
vn 0.000000 0.000000 -0.100000
vn 0.000000 0.000000 -0.100000
vn 0.000000 0.000000 -0.100000
vn 0.000000 0.000000 -0.100000
vn 0.000000 0.000000 -0.100000
vn 0.000000 0.000000 -0.100000
vn 0.000000 0.000000 -0.100000
vn 0.000000 0.000000 -0.100000
vn 0.000000 0.000000 -0.100000
vn 0.000000 0.000000 -0.100000
vn 0.000000 0.000000 -0.100000
vn 0.000000 0.000000 -0.100000
vn 0.000000 0.000000 -0.100000
vn 0.000000 0.000000 -0.100000
vn 0.000000 0.000000 -0.100000
vn 0.000000 0.000000 -0.100000
vn 0.000000 0.000000 -0.100000
vn 0.000000 0.000000 -0.100000
vn 0.000000 0.000000 -0.100000
vn 0.000000 0.000000 -0.100000
vn 0.000000 0.000000 -0.100000
vn 0.000000 0.000000 -0.100000
vn 0.000000 0.000000 -0.100000
vn 0.000000 0.000000 -0.100000
vn 0.000000 0.000000 -0.100000
vn 0.000000 0.000000 -0.100000
usemtl 63,63,63
f 699/2/2 690/20/20 607/1/1
f 607/1/1 690/20/20 595/11/11
f 607/1/1 595/11/11 471/10/10
f 471/10/10 595/11/11 480/12/12
f 471/10/10 480/12/12 364/9/9
f 364/9/9 480/12/12 374/13/13
f 364/9/9 374/13/13 363/8/8
f 363/8/8 374/13/13 377/14/14
f 363/8/8 377/14/14 469/7/7
f 469/7/7 377/14/14 485/15/15
f 469/7/7 485/15/15 604/6/6
f 604/6/6 485/15/15 615/16/16
f 604/6/6 615/16/16 698/5/5
f 698/5/5 615/16/16 694/17/17
f 698/5/5 694/17/17 763/4/4
f 763/4/4 694/17/17 758/18/18
f 763/4/4 758/18/18 764/3/3
f 764/3/3 758/18/18 756/19/19
f 764/3/3 756/19/19 699/2/2
f 699/2/2 756/19/19 690/20/20
f 471/22/22 593/41/41 607/21/21
f 607/42/42 593/31/31 697/32/32
f 607/43/43 697/32/32 699/30/30
f 699/30/30 697/32/32 762/33/33
f 699/30/30 762/33/33 764/29/29
f 764/29/29 762/33/33 765/34/34
f 764/29/29 765/34/34 763/28/28
f 763/28/28 765/34/34 702/35/35
f 763/28/28 702/35/35 698/27/27
f 698/27/27 702/35/35 616/36/36
f 698/27/27 616/36/36 604/26/26
f 604/26/26 616/36/36 475/37/37
f 604/26/26 475/37/37 469/25/25
f 469/25/25 475/37/37 366/38/38
f 469/25/25 366/38/38 363/24/24
f 363/24/24 366/38/38 361/39/39
f 363/24/24 361/39/39 364/23/23
f 364/23/23 361/39/39 466/40/40
f 364/23/23 466/40/40 471/22/22
f 471/22/22 466/40/40 593/44/44
f 479/54/54 594/45/45 599/55/55
f 599/55/55 594/45/45 689/46/46
f 599/55/55 689/46/46 682/63/63
f 682/63/63 689/46/46 755/47/47
f 682/63/63 755/47/47 720/62/62
f 720/62/62 755/47/47 757/48/48
f 720/62/62 757/48/48 709/61/61
f 709/61/61 757/48/48 693/49/49
f 709/61/61 693/49/49 664/60/60
f 664/60/60 693/49/49 614/50/50
f 664/60/60 614/50/50 537/59/59
f 537/59/59 614/50/50 484/51/51
f 537/59/59 484/51/51 460/58/58
f 460/58/58 484/51/51 376/52/52
f 460/58/58 376/52/52 435/57/57
f 435/57/57 376/52/52 373/53/53
f 435/57/57 373/53/53 489/56/56
f 489/56/56 373/53/53 479/54/54
f 489/56/56 479/54/54 599/55/55
f 488/65/65 489/81/81 598/64/64
f 598/64/64 489/81/81 599/82/82
f 598/83/83 599/73/73 681/72/72
f 681/72/72 599/73/73 682/74/74
f 681/72/72 682/74/74 719/71/71
f 719/71/71 682/74/74 720/75/75
f 719/71/71 720/75/75 708/70/70
f 708/70/70 720/75/75 709/76/76
f 708/70/70 709/76/76 663/69/69
f 663/69/69 709/76/76 664/77/77
f 663/69/69 664/77/77 536/68/68
f 536/68/68 664/77/77 537/78/78
f 536/68/68 537/78/78 459/67/67
f 459/67/67 537/78/78 460/79/79
f 459/67/67 460/79/79 434/66/66
f 434/66/66 460/79/79 435/80/80
f 434/66/66 435/80/80 488/65/65
f 488/65/65 435/80/80 489/81/81
f 697/93/93 593/103/103 598/94/94
f 598/104/104 593/84/84 466/85/85
f 598/105/105 466/85/85 488/102/102
f 488/102/102 466/85/85 361/86/86
f 488/102/102 361/86/86 434/101/101
f 434/101/101 361/86/86 366/87/87
f 434/101/101 366/87/87 459/100/100
f 459/100/100 366/87/87 475/88/88
f 459/100/100 475/88/88 536/99/99
f 536/99/99 475/88/88 616/89/89
f 536/99/99 616/89/89 663/98/98
f 663/98/98 616/89/89 702/90/90
f 663/98/98 702/90/90 708/97/97
f 708/97/97 702/90/90 765/91/91
f 708/97/97 765/91/91 719/96/96
f 719/96/96 765/91/91 762/92/92
f 719/96/96 762/92/92 681/95/95
f 681/95/95 762/92/92 697/93/93
f 681/95/95 697/93/93 598/94/94
f 479/107/107 480/125/125 594/106/106
f 594/106/106 480/125/125 595/126/126
f 594/127/127 595/116/116 689/115/115
f 689/115/115 595/116/116 690/117/117
f 689/115/115 690/117/117 755/114/114
f 755/114/114 690/117/117 756/118/118
f 755/114/114 756/118/118 757/113/113
f 757/113/113 756/118/118 758/119/119
f 757/113/113 758/119/119 693/112/112
f 693/112/112 758/119/119 694/120/120
f 693/112/112 694/120/120 614/111/111
f 614/111/111 694/120/120 615/121/121
f 614/111/111 615/121/121 484/110/110
f 484/110/110 615/121/121 485/122/122
f 484/110/110 485/122/122 376/109/109
f 376/109/109 485/122/122 377/123/123
f 376/109/109 377/123/123 373/108/108
f 373/108/108 377/123/123 374/124/124
f 373/108/108 374/124/124 479/107/107
f 479/107/107 374/124/124 480/125/125
f 1492/137/137 1529/128/128 1496/138/138
f 1496/138/138 1529/128/128 1499/129/129
f 1496/138/138 1499/129/129 1483/146/146
f 1483/146/146 1499/129/129 1415/130/130
f 1483/146/146 1415/130/130 1396/145/145
f 1396/145/145 1415/130/130 1357/131/131
f 1396/145/145 1357/131/131 1331/144/144
f 1331/144/144 1357/131/131 1241/132/132
f 1331/144/144 1241/132/132 1255/143/143
f 1255/143/143 1241/132/132 1194/133/133
f 1255/143/143 1194/133/133 1248/142/142
f 1248/142/142 1194/133/133 1238/134/134
f 1248/142/142 1238/134/134 1318/141/141
f 1318/141/141 1238/134/134 1349/135/135
f 1318/141/141 1349/135/135 1390/140/140
f 1390/140/140 1349/135/135 1410/136/136
f 1390/140/140 1410/136/136 1474/139/139
f 1474/139/139 1410/136/136 1492/137/137
f 1474/139/139 1492/137/137 1496/138/138
f 1511/156/156 1538/166/166 1495/157/157
f 1495/167/167 1538/147/147 1513/148/148
f 1495/168/168 1513/148/148 1473/165/165
f 1473/165/165 1513/148/148 1421/149/149
f 1473/165/165 1421/149/149 1389/164/164
f 1389/164/164 1421/149/149 1343/150/150
f 1389/164/164 1343/150/150 1317/163/163
f 1317/163/163 1343/150/150 1230/151/151
f 1317/163/163 1230/151/151 1247/162/162
f 1247/162/162 1230/151/151 1182/152/152
f 1247/162/162 1182/152/152 1254/161/161
f 1254/161/161 1182/152/152 1228/153/153
f 1254/161/161 1228/153/153 1330/160/160
f 1330/160/160 1228/153/153 1341/154/154
f 1330/160/160 1341/154/154 1395/159/159
f 1395/159/159 1341/154/154 1419/155/155
f 1395/159/159 1419/155/155 1482/158/158
f 1482/158/158 1419/155/155 1511/156/156
f 1482/158/158 1511/156/156 1495/157/157
f 1473/170/170 1474/186/186 1495/169/169
f 1495/169/169 1474/186/186 1496/187/187
f 1495/188/188 1496/178/178 1482/177/177
f 1482/177/177 1496/178/178 1483/179/179
f 1482/177/177 1483/179/179 1395/176/176
f 1395/176/176 1483/179/179 1396/180/180
f 1395/176/176 1396/180/180 1330/175/175
f 1330/175/175 1396/180/180 1331/181/181
f 1330/175/175 1331/181/181 1254/174/174
f 1254/174/174 1331/181/181 1255/182/182
f 1254/174/174 1255/182/182 1247/173/173
f 1247/173/173 1255/182/182 1248/183/183
f 1247/173/173 1248/183/183 1317/172/172
f 1317/172/172 1248/183/183 1318/184/184
f 1317/172/172 1318/184/184 1389/171/171
f 1389/171/171 1318/184/184 1390/185/185
f 1389/171/171 1390/185/185 1473/170/170
f 1473/170/170 1390/185/185 1474/186/186
f 1492/190/190 1493/208/208 1529/189/189
f 1529/189/189 1493/208/208 1530/209/209
f 1529/210/210 1530/199/199 1499/198/198
f 1499/198/198 1530/199/199 1500/200/200
f 1499/198/198 1500/200/200 1415/197/197
f 1415/197/197 1500/200/200 1416/201/201
f 1415/197/197 1416/201/201 1357/196/196
f 1357/196/196 1416/201/201 1358/202/202
f 1357/196/196 1358/202/202 1241/195/195
f 1241/195/195 1358/202/202 1242/203/203
f 1241/195/195 1242/203/203 1194/194/194
f 1194/194/194 1242/203/203 1195/204/204
f 1194/194/194 1195/204/204 1238/193/193
f 1238/193/193 1195/204/204 1239/205/205
f 1238/193/193 1239/205/205 1349/192/192
f 1349/192/192 1239/205/205 1350/206/206
f 1349/192/192 1350/206/206 1410/191/191
f 1410/191/191 1350/206/206 1411/207/207
f 1410/191/191 1411/207/207 1492/190/190
f 1492/190/190 1411/207/207 1493/208/208
f 1512/212/212 1500/230/230 1539/211/211
f 1539/211/211 1500/230/230 1530/221/221
f 1539/211/211 1530/221/221 1514/220/220
f 1514/220/220 1530/221/221 1493/222/222
f 1514/220/220 1493/222/222 1422/219/219
f 1422/219/219 1493/222/222 1411/223/223
f 1422/219/219 1411/223/223 1344/218/218
f 1344/218/218 1411/223/223 1350/224/224
f 1344/218/218 1350/224/224 1231/217/217
f 1231/217/217 1350/224/224 1239/225/225
f 1231/217/217 1239/225/225 1183/216/216
f 1183/216/216 1239/225/225 1195/226/226
f 1183/216/216 1195/226/226 1229/215/215
f 1229/215/215 1195/226/226 1242/227/227
f 1229/215/215 1242/227/227 1342/214/214
f 1342/214/214 1242/227/227 1358/228/228
f 1342/214/214 1358/228/228 1420/213/213
f 1420/213/213 1358/228/228 1416/229/229
f 1420/213/213 1416/229/229 1512/212/212
f 1512/212/212 1416/229/229 1500/230/230
f 1514/232/232 1513/250/250 1539/231/231
f 1539/231/231 1513/250/250 1538/251/251
f 1539/252/252 1538/241/241 1512/240/240
f 1512/240/240 1538/241/241 1511/242/242
f 1512/240/240 1511/242/242 1420/239/239
f 1420/239/239 1511/242/242 1419/243/243
f 1420/239/239 1419/243/243 1342/238/238
f 1342/238/238 1419/243/243 1341/244/244
f 1342/238/238 1341/244/244 1229/237/237
f 1229/237/237 1341/244/244 1228/245/245
f 1229/237/237 1228/245/245 1183/236/236
f 1183/236/236 1228/245/245 1182/246/246
f 1183/236/236 1182/246/246 1231/235/235
f 1231/235/235 1182/246/246 1230/247/247
f 1231/235/235 1230/247/247 1344/234/234
f 1344/234/234 1230/247/247 1343/248/248
f 1344/234/234 1343/248/248 1422/233/233
f 1422/233/233 1343/248/248 1421/249/249
f 1422/233/233 1421/249/249 1514/232/232
f 1514/232/232 1421/249/249 1513/250/250
f 2909/254/254 2826/273/273 2815/253/253
f 2815/274/274 2826/263/263 2738/264/264
f 2815/275/275 2738/264/264 2736/262/262
f 2736/262/262 2738/264/264 2674/265/265
f 2736/262/262 2674/265/265 2672/261/261
f 2672/261/261 2674/265/265 2671/266/266
f 2672/261/261 2671/266/266 2673/260/260
f 2673/260/260 2671/266/266 2732/267/267
f 2673/260/260 2732/267/267 2737/259/259
f 2737/259/259 2732/267/267 2809/268/268
f 2737/259/259 2809/268/268 2817/258/258
f 2817/258/258 2809/268/268 2907/269/269
f 2817/258/258 2907/269/269 2911/257/257
f 2911/257/257 2907/269/269 2994/270/270
f 2911/257/257 2994/270/270 2996/256/256
f 2996/256/256 2994/270/270 2997/271/271
f 2996/256/256 2997/271/271 2995/255/255
f 2995/255/255 2997/271/271 2914/272/272
f 2995/255/255 2914/272/272 2909/254/254
f 2909/254/254 2914/272/272 2826/276/276
f 2736/278/278 2747/296/296 2815/277/277
f 2815/277/277 2747/296/296 2825/287/287
f 2815/277/277 2825/287/287 2909/286/286
f 2909/286/286 2825/287/287 2902/288/288
f 2909/286/286 2902/288/288 2995/285/285
f 2995/285/285 2902/288/288 2986/289/289
f 2995/285/285 2986/289/289 2996/284/284
f 2996/284/284 2986/289/289 2984/290/290
f 2996/284/284 2984/290/290 2911/283/283
f 2911/283/283 2984/290/290 2896/291/291
f 2911/283/283 2896/291/291 2817/282/282
f 2817/282/282 2896/291/291 2811/292/292
f 2817/282/282 2811/292/292 2737/281/281
f 2737/281/281 2811/292/292 2742/293/293
f 2737/281/281 2742/293/293 2673/280/280
f 2673/280/280 2742/293/293 2679/294/294
f 2673/280/280 2679/294/294 2672/279/279
f 2672/279/279 2679/294/294 2681/295/295
f 2672/279/279 2681/295/295 2736/278/278
f 2736/278/278 2681/295/295 2747/296/296
f 2901/298/298 2902/316/316 2824/297/297
f 2824/297/297 2902/316/316 2825/317/317
f 2824/318/318 2825/307/307 2746/306/306
f 2746/306/306 2825/307/307 2747/308/308
f 2746/306/306 2747/308/308 2680/305/305
f 2680/305/305 2747/308/308 2681/309/309
f 2680/305/305 2681/309/309 2678/304/304
f 2678/304/304 2681/309/309 2679/310/310
f 2678/304/304 2679/310/310 2741/303/303
f 2741/303/303 2679/310/310 2742/311/311
f 2741/303/303 2742/311/311 2810/302/302
f 2810/302/302 2742/311/311 2811/312/312
f 2810/302/302 2811/312/312 2895/301/301
f 2895/301/301 2811/312/312 2896/313/313
f 2895/301/301 2896/313/313 2983/300/300
f 2983/300/300 2896/313/313 2984/314/314
f 2983/300/300 2984/314/314 2985/299/299
f 2985/299/299 2984/314/314 2986/315/315
f 2985/299/299 2986/315/315 2901/298/298
f 2901/298/298 2986/315/315 2902/316/316
f 2891/320/320 2892/336/336 2820/319/319
f 2820/319/319 2892/336/336 2821/337/337
f 2820/338/338 2821/328/328 2756/327/327
f 2756/327/327 2821/328/328 2757/329/329
f 2756/327/327 2757/329/329 2715/326/326
f 2715/326/326 2757/329/329 2716/330/330
f 2715/326/326 2716/330/330 2725/325/325
f 2725/325/325 2716/330/330 2726/331/331
f 2725/325/325 2726/331/331 2775/324/324
f 2775/324/324 2726/331/331 2776/332/332
f 2775/324/324 2776/332/332 2862/323/323
f 2862/323/323 2776/332/332 2863/333/333
f 2862/323/323 2863/333/333 2916/322/322
f 2916/322/322 2863/333/333 2917/334/334
f 2916/322/322 2917/334/334 2939/321/321
f 2939/321/321 2917/334/334 2940/335/335
f 2939/321/321 2940/335/335 2891/320/320
f 2891/320/320 2940/335/335 2892/336/336
f 2738/348/348 2826/358/358 2820/349/349
f 2820/359/359 2826/339/339 2914/340/340
f 2820/360/360 2914/340/340 2891/357/357
f 2891/357/357 2914/340/340 2997/341/341
f 2891/357/357 2997/341/341 2939/356/356
f 2939/356/356 2997/341/341 2994/342/342
f 2939/356/356 2994/342/342 2916/355/355
f 2916/355/355 2994/342/342 2907/343/343
f 2916/355/355 2907/343/343 2862/354/354
f 2862/354/354 2907/343/343 2809/344/344
f 2862/354/354 2809/344/344 2775/353/353
f 2775/353/353 2809/344/344 2732/345/345
f 2775/353/353 2732/345/345 2725/352/352
f 2725/352/352 2732/345/345 2671/346/346
f 2725/352/352 2671/346/346 2715/351/351
f 2715/351/351 2671/346/346 2674/347/347
f 2715/351/351 2674/347/347 2756/350/350
f 2756/350/350 2674/347/347 2738/348/348
f 2756/350/350 2738/348/348 2820/349/349
f 2901/370/370 2824/361/361 2821/371/371
f 2821/371/371 2824/361/361 2746/362/362
f 2821/371/371 2746/362/362 2757/379/379
f 2757/379/379 2746/362/362 2680/363/363
f 2757/379/379 2680/363/363 2716/378/378
f 2716/378/378 2680/363/363 2678/364/364
f 2716/378/378 2678/364/364 2726/377/377
f 2726/377/377 2678/364/364 2741/365/365
f 2726/377/377 2741/365/365 2776/376/376
f 2776/376/376 2741/365/365 2810/366/366
f 2776/376/376 2810/366/366 2863/375/375
f 2863/375/375 2810/366/366 2895/367/367
f 2863/375/375 2895/367/367 2917/374/374
f 2917/374/374 2895/367/367 2983/368/368
f 2917/374/374 2983/368/368 2940/373/373
f 2940/373/373 2983/368/368 2985/369/369
f 2940/373/373 2985/369/369 2892/372/372
f 2892/372/372 2985/369/369 2901/370/370
f 2892/372/372 2901/370/370 2821/371/371
f 2014/381/381 2024/399/399 1987/380/380
f 1987/380/380 2024/399/399 1996/390/390
f 1987/380/380 1996/390/390 2012/389/389
f 2012/389/389 1996/390/390 2031/391/391
f 2012/389/389 2031/391/391 2105/388/388
f 2105/388/388 2031/391/391 2116/392/392
f 2105/388/388 2116/392/392 2183/387/387
f 2183/387/387 2116/392/392 2177/393/393
f 2183/387/387 2177/393/393 2285/386/386
f 2285/386/386 2177/393/393 2282/394/394
f 2285/386/386 2282/394/394 2313/385/385
f 2313/385/385 2282/394/394 2307/395/395
f 2313/385/385 2307/395/395 2287/384/384
f 2287/384/384 2307/395/395 2280/396/396
f 2287/384/384 2280/396/396 2185/383/383
f 2185/383/383 2280/396/396 2169/397/397
f 2185/383/383 2169/397/397 2107/382/382
f 2107/382/382 2169/397/397 2111/398/398
f 2107/382/382 2111/398/398 2014/381/381
f 2014/381/381 2111/398/398 2024/399/399
f 2030/409/409 1995/400/400 2027/410/410
f 2027/410/410 1995/400/400 2023/401/401
f 2027/410/410 2023/401/401 2041/418/418
f 2041/418/418 2023/401/401 2110/402/402
f 2041/418/418 2110/402/402 2130/417/417
f 2130/417/417 2110/402/402 2168/403/403
f 2130/417/417 2168/403/403 2195/416/416
f 2195/416/416 2168/403/403 2279/404/404
f 2195/416/416 2279/404/404 2271/415/415
f 2271/415/415 2279/404/404 2306/405/405
f 2271/415/415 2306/405/405 2277/414/414
f 2277/414/414 2306/405/405 2281/406/406
f 2277/414/414 2281/406/406 2209/413/413
f 2209/413/413 2281/406/406 2176/407/407
f 2209/413/413 2176/407/407 2137/412/412
f 2137/412/412 2176/407/407 2115/408/408
f 2137/412/412 2115/408/408 2051/411/411
f 2051/411/411 2115/408/408 2030/409/409
f 2051/411/411 2030/409/409 2027/410/410
f 2013/428/428 1986/438/438 2026/429/429
f 2026/439/439 1986/419/419 2011/420/420
f 2026/440/440 2011/420/420 2050/437/437
f 2050/437/437 2011/420/420 2104/421/421
f 2050/437/437 2104/421/421 2136/436/436
f 2136/436/436 2104/421/421 2182/422/422
f 2136/436/436 2182/422/422 2208/435/435
f 2208/435/435 2182/422/422 2284/423/423
f 2208/435/435 2284/423/423 2276/434/434
f 2276/434/434 2284/423/423 2312/424/424
f 2276/434/434 2312/424/424 2270/433/433
f 2270/433/433 2312/424/424 2286/425/425
f 2270/433/433 2286/425/425 2194/432/432
f 2194/432/432 2286/425/425 2184/426/426
f 2194/432/432 2184/426/426 2129/431/431
f 2129/431/431 2184/426/426 2106/427/427
f 2129/431/431 2106/427/427 2040/430/430
f 2040/430/430 2106/427/427 2013/428/428
f 2040/430/430 2013/428/428 2026/429/429
f 2050/442/442 2051/458/458 2026/441/441
f 2026/441/441 2051/458/458 2027/459/459
f 2026/460/460 2027/450/450 2040/449/449
f 2040/449/449 2027/450/450 2041/451/451
f 2040/449/449 2041/451/451 2129/448/448
f 2129/448/448 2041/451/451 2130/452/452
f 2129/448/448 2130/452/452 2194/447/447
f 2194/447/447 2130/452/452 2195/453/453
f 2194/447/447 2195/453/453 2270/446/446
f 2270/446/446 2195/453/453 2271/454/454
f 2270/446/446 2271/454/454 2276/445/445
f 2276/445/445 2271/454/454 2277/455/455
f 2276/445/445 2277/455/455 2208/444/444
f 2208/444/444 2277/455/455 2209/456/456
f 2208/444/444 2209/456/456 2136/443/443
f 2136/443/443 2209/456/456 2137/457/457
f 2136/443/443 2137/457/457 2050/442/442
f 2050/442/442 2137/457/457 2051/458/458
f 2030/462/462 2031/480/480 1995/461/461
f 1995/461/461 2031/480/480 1996/481/481
f 1995/482/482 1996/471/471 2023/470/470
f 2023/470/470 1996/471/471 2024/472/472
f 2023/470/470 2024/472/472 2110/469/469
f 2110/469/469 2024/472/472 2111/473/473
f 2110/469/469 2111/473/473 2168/468/468
f 2168/468/468 2111/473/473 2169/474/474
f 2168/468/468 2169/474/474 2279/467/467
f 2279/467/467 2169/474/474 2280/475/475
f 2279/467/467 2280/475/475 2306/466/466
f 2306/466/466 2280/475/475 2307/476/476
f 2306/466/466 2307/476/476 2281/465/465
f 2281/465/465 2307/476/476 2282/477/477
f 2281/465/465 2282/477/477 2176/464/464
f 2176/464/464 2282/477/477 2177/478/478
f 2176/464/464 2177/478/478 2115/463/463
f 2115/463/463 2177/478/478 2116/479/479
f 2115/463/463 2116/479/479 2030/462/462
f 2030/462/462 2116/479/479 2031/480/480
f 2012/484/484 2011/502/502 1987/483/483
f 1987/483/483 2011/502/502 1986/503/503
f 1987/504/504 1986/493/493 2014/492/492
f 2014/492/492 1986/493/493 2013/494/494
f 2014/492/492 2013/494/494 2107/491/491
f 2107/491/491 2013/494/494 2106/495/495
f 2107/491/491 2106/495/495 2185/490/490
f 2185/490/490 2106/495/495 2184/496/496
f 2185/490/490 2184/496/496 2287/489/489
f 2287/489/489 2184/496/496 2286/497/497
f 2287/489/489 2286/497/497 2313/488/488
f 2313/488/488 2286/497/497 2312/498/498
f 2313/488/488 2312/498/498 2285/487/487
f 2285/487/487 2312/498/498 2284/499/499
f 2285/487/487 2284/499/499 2183/486/486
f 2183/486/486 2284/499/499 2182/500/500
f 2183/486/486 2182/500/500 2105/485/485
f 2105/485/485 2182/500/500 2104/501/501
f 2105/485/485 2104/501/501 2012/484/484
f 2012/484/484 2104/501/501 2011/502/502
f 679/506/506 605/523/523 601/505/505
f 601/524/524 605/514/514 491/515/515
f 601/525/525 491/515/515 500/513/513
f 500/513/513 491/515/515 436/516/516
f 500/513/513 436/516/516 444/512/512
f 444/512/512 436/516/516 457/517/517
f 444/512/512 457/517/517 470/511/511
f 470/511/511 457/517/517 530/518/518
f 470/511/511 530/518/518 538/510/510
f 538/510/510 530/518/518 661/519/519
f 538/510/510 661/519/519 660/509/509
f 660/509/509 661/519/519 703/520/520
f 660/509/509 703/520/520 701/508/508
f 701/508/508 703/520/520 721/521/521
f 701/508/508 721/521/521 714/507/507
f 714/507/507 721/521/521 687/522/522
f 714/507/507 687/522/522 679/506/506
f 679/506/506 687/522/522 605/526/526
f 422/534/534 423/527/527 432/533/533
f 432/533/533 423/527/527 433/528/528
f 432/533/533 433/528/528 445/532/532
f 445/532/532 433/528/528 446/529/529
f 445/532/532 446/529/529 455/531/531
f 455/531/531 446/529/529 456/530/530
f 706/542/542 705/535/535 716/541/541
f 716/541/541 705/535/535 715/536/536
f 716/541/541 715/536/536 724/540/540
f 724/540/540 715/536/536 723/537/537
f 724/540/540 723/537/537 731/539/539
f 731/539/539 723/537/537 730/538/538
f 559/550/550 560/543/543 542/549/549
f 542/549/549 560/543/543 543/544/544
f 542/549/549 543/544/544 521/548/548
f 521/548/548 543/544/544 522/545/545
f 521/548/548 522/545/545 508/547/547
f 508/547/547 522/545/545 509/546/546
f 567/558/558 566/551/551 551/557/557
f 551/557/557 566/551/551 550/552/552
f 551/557/557 550/552/552 525/556/556
f 525/556/556 550/552/552 524/553/553
f 525/556/556 524/553/553 512/555/555
f 512/555/555 524/553/553 511/554/554
f 729/560/560 725/586/586 610/559/559
f 610/559/559 725/586/586 587/587/587
f 610/559/559 587/588/588 426/572/572
f 426/589/589 587/573/573 411/574/574
f 426/590/590 411/574/574 308/571/571
f 308/571/571 411/574/574 305/575/575
f 308/571/571 305/575/575 281/570/570
f 281/570/570 305/575/575 277/576/576
f 281/570/570 277/576/576 280/569/569
f 280/569/569 277/576/576 282/577/577
f 280/569/569 282/577/577 307/568/568
f 307/568/568 282/577/577 311/578/578
f 307/568/568 311/578/578 425/567/567
f 425/567/567 311/578/578 431/579/579
f 425/567/567 431/579/579 603/566/566
f 603/566/566 431/579/579 620/580/580
f 603/566/566 620/580/580 728/565/565
f 728/565/565 620/580/580 738/581/581
f 728/565/565 738/581/581 779/564/564
f 779/564/564 738/581/581 781/582/582
f 779/564/564 781/582/582 794/563/563
f 794/563/563 781/582/582 796/583/583
f 794/563/563 796/583/583 795/562/562
f 795/562/562 796/583/583 793/584/584
f 795/562/562 793/584/584 780/561/561
f 780/561/561 793/584/584 776/585/585
f 780/561/561 776/585/585 729/560/560
f 729/560/560 776/585/585 725/586/586
f 725/592/592 625/616/616 587/591/591
f 587/591/591 625/616/616 618/617/617
f 587/591/591 618/617/617 581/618/618
f 776/593/593 723/607/607 725/592/592
f 725/592/592 723/607/607 715/608/608
f 725/592/592 715/608/608 634/615/615
f 634/615/615 715/608/608 705/609/609
f 634/615/615 705/609/609 637/614/614
f 637/614/614 705/609/609 674/610/610
f 637/614/614 674/610/610 641/613/613
f 641/613/613 674/610/610 666/611/611
f 641/613/613 666/611/611 654/612/612
f 793/594/594 741/605/605 776/593/593
f 776/593/593 741/605/605 730/606/606
f 776/593/593 730/606/606 723/607/607
f 796/595/595 743/675/675 793/594/594
f 793/594/594 743/675/675 747/676/676
f 793/594/594 747/676/676 741/605/605
f 781/596/596 749/666/666 796/595/595
f 796/595/595 749/666/666 752/667/667
f 796/595/595 752/667/667 745/668/668
f 738/597/597 726/664/664 781/596/596
f 781/596/596 726/664/664 736/665/665
f 781/596/596 736/665/665 749/666/666
f 620/598/598 632/655/655 738/597/597
f 738/597/597 632/655/655 643/656/656
f 738/597/597 643/656/656 717/663/663
f 717/663/663 643/656/656 711/662/662
f 711/662/662 643/656/656 649/657/657
f 711/662/662 649/657/657 677/661/661
f 677/661/661 649/657/657 645/658/658
f 677/661/661 645/658/658 668/660/660
f 668/660/660 645/658/658 656/659/659
f 431/599/599 579/652/652 620/598/598
f 620/598/598 579/652/652 589/653/653
f 620/598/598 589/653/653 621/654/654
f 311/600/600 432/643/643 431/599/599
f 431/599/599 432/643/643 445/644/644
f 431/599/599 445/644/644 574/651/651
f 574/651/651 445/644/644 455/645/645
f 574/651/651 455/645/645 568/650/650
f 568/650/650 455/645/645 511/646/646
f 568/650/650 511/646/646 566/649/649
f 566/649/649 511/646/646 524/647/647
f 566/649/649 524/647/647 550/648/648
f 282/601/601 402/641/641 311/600/600
f 311/600/600 402/641/641 422/642/642
f 311/600/600 422/642/642 432/643/643
f 277/602/602 390/632/632 282/601/601
f 282/601/601 390/632/632 400/639/639
f 282/601/601 400/639/639 393/640/640
f 305/603/603 387/630/630 277/602/602
f 277/602/602 387/630/630 382/631/631
f 277/602/602 382/631/631 390/632/632
f 411/604/604 427/628/628 305/603/603
f 305/603/603 427/628/628 413/629/629
f 305/603/603 413/629/629 387/630/630
f 587/591/591 576/619/619 411/604/604
f 411/604/604 576/619/619 561/620/620
f 411/604/604 561/620/620 439/627/627
f 439/627/627 561/620/620 449/626/626
f 449/626/626 561/620/620 557/621/621
f 449/626/626 557/621/621 508/625/625
f 508/625/625 557/621/621 559/622/622
f 508/625/625 559/622/622 521/624/624
f 521/624/624 559/622/622 542/623/623
f 634/615/615 625/616/616 725/592/592
f 581/618/618 576/619/619 587/591/591
f 439/627/627 427/628/628 411/604/604
f 400/639/639 390/632/632 416/638/638
f 416/638/638 390/632/632 408/633/633
f 416/638/638 408/633/633 481/637/637
f 481/637/637 408/633/633 477/634/634
f 481/637/637 477/634/634 495/636/636
f 495/636/636 477/634/634 493/635/635
f 393/640/640 402/641/641 282/601/601
f 574/651/651 579/652/652 431/599/599
f 621/654/654 632/655/655 620/598/598
f 717/663/663 726/664/664 738/597/597
f 796/595/595 745/668/668 743/675/675
f 743/675/675 745/668/668 739/669/669
f 743/675/675 739/669/669 734/674/674
f 734/674/674 739/669/669 695/670/670
f 734/674/674 695/670/670 691/673/673
f 691/673/673 695/670/670 685/671/671
f 691/673/673 685/671/671 683/672/672
f 601/677/677 500/678/678 679/685/685
f 679/685/685 500/678/678 714/684/684
f 714/684/684 500/678/678 444/679/679
f 714/684/684 444/679/679 701/683/683
f 701/683/683 444/679/679 470/680/680
f 701/683/683 470/680/680 660/682/682
f 660/682/682 470/680/680 538/681/681
f 649/687/687 650/688/688 645/686/686
f 645/686/686 650/688/688 646/689/689
f 638/691/691 637/692/692 642/690/690
f 642/690/690 637/692/692 641/693/693
f 557/695/695 558/696/696 559/694/694
f 559/694/694 558/696/696 560/697/697
f 619/698/698 582/699/699 618/701/701
f 618/701/701 582/699/699 581/700/700
f 569/703/703 568/704/704 567/702/702
f 567/702/702 568/704/704 566/705/705
f 622/707/707 621/708/708 590/706/706
f 590/706/706 621/708/708 589/709/709
f 706/711/711 692/719/719 675/710/710
f 675/710/710 692/719/719 684/720/720
f 675/710/710 684/720/720 667/781/781
f 667/781/781 684/720/720 686/721/721
f 667/781/781 686/721/721 669/732/732
f 669/732/732 686/721/721 678/731/731
f 678/731/731 686/721/721 696/722/722
f 678/731/731 696/722/722 712/730/730
f 712/730/730 696/722/722 740/723/723
f 712/730/730 740/723/723 737/727/727
f 737/727/727 740/723/723 750/726/726
f 750/726/726 740/723/723 746/724/724
f 750/726/726 746/724/724 753/725/725
f 716/712/712 731/714/714 706/711/711
f 706/711/711 731/714/714 735/718/718
f 706/711/711 735/718/718 692/719/719
f 716/712/712 724/713/713 731/714/714
f 731/714/714 742/715/715 735/718/718
f 735/718/718 742/715/715 744/717/717
f 744/717/717 742/715/715 748/716/716
f 727/728/728 718/729/729 737/727/727
f 737/727/727 718/729/729 712/730/730
f 669/732/732 657/733/733 667/781/781
f 667/781/781 657/733/733 655/780/780
f 655/780/780 657/733/733 551/744/744
f 655/780/780 551/744/744 543/769/769
f 543/769/769 551/744/744 525/745/745
f 543/769/769 525/745/745 522/768/768
f 522/768/768 525/745/745 496/756/756
f 522/768/768 496/756/756 494/757/757
f 551/744/744 657/733/733 567/743/743
f 567/743/743 657/733/733 646/734/734
f 567/743/743 646/734/734 569/742/742
f 569/742/742 646/734/734 650/735/735
f 569/742/742 650/735/735 590/739/739
f 590/739/739 650/735/735 622/738/738
f 622/738/738 650/735/735 633/737/737
f 633/737/737 650/735/735 644/736/736
f 590/739/739 580/740/740 569/742/742
f 569/742/742 580/740/740 575/741/741
f 525/745/745 512/746/746 496/756/756
f 496/756/756 512/746/746 482/755/755
f 482/755/755 512/746/746 456/747/747
f 482/755/755 456/747/747 417/754/754
f 417/754/754 456/747/747 423/750/750
f 417/754/754 423/750/750 403/751/751
f 456/747/747 446/748/748 423/750/750
f 423/750/750 446/748/748 433/749/749
f 394/752/752 401/753/753 403/751/751
f 403/751/751 401/753/753 417/754/754
f 522/768/768 494/757/757 509/767/767
f 509/767/767 494/757/757 478/758/758
f 509/767/767 478/758/758 450/766/766
f 450/766/766 478/758/758 409/759/759
f 450/766/766 409/759/759 414/763/763
f 414/763/763 409/759/759 388/762/762
f 388/762/762 409/759/759 391/760/760
f 388/762/762 391/760/760 383/761/761
f 428/764/764 440/765/765 414/763/763
f 414/763/763 440/765/765 450/766/766
f 655/780/780 543/769/769 642/779/779
f 642/779/779 543/769/769 560/770/770
f 642/779/779 560/770/770 638/778/778
f 638/778/778 560/770/770 558/771/771
f 638/778/778 558/771/771 619/775/775
f 619/775/775 558/771/771 582/774/774
f 582/774/774 558/771/771 577/773/773
f 577/773/773 558/771/771 562/772/772
f 619/775/775 626/776/776 638/778/778
f 638/778/778 626/776/776 635/777/777
f 413/783/783 414/784/784 387/782/782
f 387/782/782 414/784/784 388/785/785
f 477/786/786 408/787/787 478/789/789
f 478/789/789 408/787/787 409/788/788
f 417/791/791 416/792/792 482/790/790
f 482/790/790 416/792/792 481/793/793
f 403/794/794 423/795/795 402/797/797
f 402/797/797 423/795/795 422/796/796
f 455/799/799 456/800/800 511/798/798
f 511/798/798 456/800/800 512/801/801
f 509/802/802 450/803/803 508/805/805
f 508/805/805 450/803/803 449/804/804
f 695/806/806 739/807/807 696/809/809
f 696/809/809 739/807/807 740/808/808
f 678/810/810 712/811/811 677/813/813
f 677/813/813 712/811/811 711/812/812
f 750/815/815 749/816/816 737/814/814
f 737/814/814 749/816/816 736/817/817
f 735/819/819 734/820/820 692/818/818
f 692/818/818 734/820/820 691/821/821
f 731/823/823 730/824/824 742/822/822
f 742/822/822 730/824/824 741/825/825
f 705/827/827 706/828/828 674/826/826
f 674/826/826 706/828/828 675/829/829
f 674/837/837 675/830/830 666/836/836
f 666/836/836 675/830/830 667/831/831
f 666/836/836 667/831/831 654/835/835
f 654/835/835 667/831/831 655/832/832
f 654/835/835 655/832/832 641/834/834
f 641/834/834 655/832/832 642/833/833
f 695/845/845 696/838/838 685/844/844
f 685/844/844 696/838/838 686/839/839
f 685/844/844 686/839/839 683/843/843
f 683/843/843 686/839/839 684/840/840
f 683/843/843 684/840/840 691/842/842
f 691/842/842 684/840/840 692/841/841
f 678/853/853 677/846/846 669/852/852
f 669/852/852 677/846/846 668/847/847
f 669/852/852 668/847/847 657/851/851
f 657/851/851 668/847/847 656/848/848
f 657/851/851 656/848/848 646/850/850
f 646/850/850 656/848/848 645/849/849
f 477/861/861 478/854/854 493/860/860
f 493/860/860 478/854/854 494/855/855
f 493/860/860 494/855/855 495/859/859
f 495/859/859 494/855/855 496/856/856
f 495/859/859 496/856/856 481/858/858
f 481/858/858 496/856/856 482/857/857
f 734/869/869 735/862/862 743/868/868
f 743/868/868 735/862/862 744/863/863
f 743/868/868 744/863/863 747/867/867
f 747/867/867 744/863/863 748/864/864
f 747/867/867 748/864/864 741/866/866
f 741/866/866 748/864/864 742/865/865
f 749/877/877 750/870/870 752/876/876
f 752/876/876 750/870/870 753/871/871
f 752/876/876 753/871/871 745/875/875
f 745/875/875 753/871/871 746/872/872
f 745/875/875 746/872/872 739/874/874
f 739/874/874 746/872/872 740/873/873
f 711/885/885 712/878/878 717/884/884
f 717/884/884 712/878/878 718/879/879
f 717/884/884 718/879/879 726/883/883
f 726/883/883 718/879/879 727/880/880
f 726/883/883 727/880/880 736/882/882
f 736/882/882 727/880/880 737/881/881
f 621/893/893 622/886/886 632/892/892
f 632/892/892 622/886/886 633/887/887
f 632/892/892 633/887/887 643/891/891
f 643/891/891 633/887/887 644/888/888
f 643/891/891 644/888/888 649/890/890
f 649/890/890 644/888/888 650/889/889
f 568/901/901 569/894/894 574/900/900
f 574/900/900 569/894/894 575/895/895
f 574/900/900 575/895/895 579/899/899
f 579/899/899 575/895/895 580/896/896
f 579/899/899 580/896/896 589/898/898
f 589/898/898 580/896/896 590/897/897
f 416/909/909 417/902/902 400/908/908
f 400/908/908 417/902/902 401/903/903
f 400/908/908 401/903/903 393/907/907
f 393/907/907 401/903/903 394/904/904
f 393/907/907 394/904/904 402/906/906
f 402/906/906 394/904/904 403/905/905
f 581/917/917 582/910/910 576/916/916
f 576/916/916 582/910/910 577/911/911
f 576/916/916 577/911/911 561/915/915
f 561/915/915 577/911/911 562/912/912
f 561/915/915 562/912/912 557/914/914
f 557/914/914 562/912/912 558/913/913
f 637/925/925 638/918/918 634/924/924
f 634/924/924 638/918/918 635/919/919
f 634/924/924 635/919/919 625/923/923
f 625/923/923 635/919/919 626/920/920
f 625/923/923 626/920/920 618/922/922
f 618/922/922 626/920/920 619/921/921
f 449/933/933 450/926/926 439/932/932
f 439/932/932 450/926/926 440/927/927
f 439/932/932 440/927/927 427/931/931
f 427/931/931 440/927/927 428/928/928
f 427/931/931 428/928/928 413/930/930
f 413/930/930 428/928/928 414/929/929
f 387/941/941 388/934/934 382/940/940
f 382/940/940 388/934/934 383/935/935
f 382/940/940 383/935/935 390/939/939
f 390/939/939 383/935/935 391/936/936
f 390/939/939 391/936/936 408/938/938
f 408/938/938 391/936/936 409/937/937
f 113/942/942 112/943/943 103/960/960
f 103/960/960 112/943/943 111/944/944
f 103/960/960 111/944/944 110/945/945
f 117/946/946 135/947/947 110/945/945
f 110/945/945 135/947/947 90/959/959
f 110/945/945 90/959/959 103/960/960
f 135/947/947 145/948/948 90/959/959
f 90/959/959 145/948/948 184/949/949
f 90/959/959 184/949/949 82/958/958
f 82/958/958 184/949/949 233/950/950
f 82/958/958 233/950/950 258/951/951
f 82/958/958 258/951/951 287/956/956
f 287/956/956 258/951/951 319/952/952
f 287/956/956 319/952/952 334/953/953
f 334/953/953 330/954/954 287/956/956
f 287/956/956 330/954/954 313/955/955
f 287/956/956 73/957/957 82/958/958
f 2516/962/962 2518/988/988 2507/961/961
f 2507/961/961 2518/988/988 2509/989/989
f 2507/990/990 2509/975/975 2515/974/974
f 2515/974/974 2509/975/975 2517/976/976
f 2515/974/974 2517/976/976 2528/973/973
f 2528/973/973 2517/976/976 2530/977/977
f 2528/973/973 2530/977/977 2553/972/972
f 2553/972/972 2530/977/977 2555/978/978
f 2553/972/972 2555/978/978 2573/971/971
f 2573/971/971 2555/978/978 2571/979/979
f 2573/971/971 2571/979/979 2607/970/970
f 2607/970/970 2571/979/979 2605/980/980
f 2607/970/970 2605/980/980 2624/969/969
f 2624/969/969 2605/980/980 2622/981/981
f 2624/969/969 2622/981/981 2629/968/968
f 2629/968/968 2622/981/981 2628/982/982
f 2629/968/968 2628/982/982 2625/967/967
f 2625/967/967 2628/982/982 2623/983/983
f 2625/967/967 2623/983/983 2608/966/966
f 2608/966/966 2623/983/983 2606/984/984
f 2608/966/966 2606/984/984 2574/965/965
f 2574/965/965 2606/984/984 2572/985/985
f 2574/965/965 2572/985/985 2554/964/964
f 2554/964/964 2572/985/985 2556/986/986
f 2554/964/964 2556/986/986 2529/963/963
f 2529/963/963 2556/986/986 2531/987/987
f 2529/963/963 2531/987/987 2516/962/962
f 2516/962/962 2531/987/987 2518/988/988
f 1915/992/992 1917/1018/1018 1964/991/991
f 1964/991/991 1917/1018/1018 1965/1019/1019
f 1964/1020/1020 1965/1005/1005 2018/1004/1004
f 2018/1004/1004 1965/1005/1005 2015/1006/1006
f 2018/1004/1004 2015/1006/1006 2123/1003/1003
f 2123/1003/1003 2015/1006/1006 2121/1007/1007
f 2123/1003/1003 2121/1007/1007 2158/1002/1002
f 2158/1002/1002 2121/1007/1007 2153/1008/1008
f 2158/1002/1002 2153/1008/1008 2159/1001/1001
f 2159/1001/1001 2153/1008/1008 2154/1009/1009
f 2159/1001/1001 2154/1009/1009 2124/1000/1000
f 2124/1000/1000 2154/1009/1009 2122/1010/1010
f 2124/1000/1000 2122/1010/1010 2019/999/999
f 2019/999/999 2122/1010/1010 2016/1011/1011
f 2019/999/999 2016/1011/1011 1967/998/998
f 1967/998/998 2016/1011/1011 1966/1012/1012
f 1967/998/998 1966/1012/1012 1916/997/997
f 1916/997/997 1966/1012/1012 1918/1013/1013
f 1916/997/997 1918/1013/1013 1872/996/996
f 1872/996/996 1918/1013/1013 1875/1014/1014
f 1872/996/996 1875/1014/1014 1859/995/995
f 1859/995/995 1875/1014/1014 1861/1015/1015
f 1859/995/995 1861/1015/1015 1858/994/994
f 1858/994/994 1861/1015/1015 1860/1016/1016
f 1858/994/994 1860/1016/1016 1871/993/993
f 1871/993/993 1860/1016/1016 1874/1017/1017
f 1871/993/993 1874/1017/1017 1915/992/992
f 1915/992/992 1874/1017/1017 1917/1018/1018
f 922/1022/1022 920/1048/1048 930/1021/1021
f 930/1021/1021 920/1048/1048 928/1049/1049
f 930/1050/1050 928/1035/1035 923/1034/1034
f 923/1034/1034 928/1035/1035 921/1036/1036
f 923/1034/1034 921/1036/1036 909/1033/1033
f 909/1033/1033 921/1036/1036 907/1037/1037
f 909/1033/1033 907/1037/1037 880/1032/1032
f 880/1032/1032 907/1037/1037 878/1038/1038
f 880/1032/1032 878/1038/1038 859/1031/1031
f 859/1031/1031 878/1038/1038 861/1039/1039
f 859/1031/1031 861/1039/1039 831/1030/1030
f 831/1030/1030 861/1039/1039 833/1040/1040
f 831/1030/1030 833/1040/1040 814/1029/1029
f 814/1029/1029 833/1040/1040 816/1041/1041
f 814/1029/1029 816/1041/1041 808/1028/1028
f 808/1028/1028 816/1041/1041 809/1042/1042
f 808/1028/1028 809/1042/1042 813/1027/1027
f 813/1027/1027 809/1042/1042 815/1043/1043
f 813/1027/1027 815/1043/1043 830/1026/1026
f 830/1026/1026 815/1043/1043 832/1044/1044
f 830/1026/1026 832/1044/1044 858/1025/1025
f 858/1025/1025 832/1044/1044 860/1045/1045
f 858/1025/1025 860/1045/1045 879/1024/1024
f 879/1024/1024 860/1045/1045 877/1046/1046
f 879/1024/1024 877/1046/1046 908/1023/1023
f 908/1023/1023 877/1046/1046 906/1047/1047
f 908/1023/1023 906/1047/1047 922/1022/1022
f 922/1022/1022 906/1047/1047 920/1048/1048
f 1629/1052/1052 1627/1078/1078 1581/1051/1051
f 1581/1051/1051 1627/1078/1078 1580/1079/1079
f 1581/1080/1080 1580/1065/1065 1506/1064/1064
f 1506/1064/1064 1580/1065/1065 1510/1066/1066
f 1506/1064/1064 1510/1066/1066 1403/1063/1063
f 1403/1063/1063 1510/1066/1066 1405/1067/1067
f 1403/1063/1063 1405/1067/1067 1368/1062/1062
f 1368/1062/1062 1405/1067/1067 1373/1068/1068
f 1368/1062/1062 1373/1068/1068 1367/1061/1061
f 1367/1061/1061 1373/1068/1068 1372/1069/1069
f 1367/1061/1061 1372/1069/1069 1402/1060/1060
f 1402/1060/1060 1372/1069/1069 1404/1070/1070
f 1402/1060/1060 1404/1070/1070 1505/1059/1059
f 1505/1059/1059 1404/1070/1070 1509/1071/1071
f 1505/1059/1059 1509/1071/1071 1578/1058/1058
f 1578/1058/1058 1509/1071/1071 1579/1072/1072
f 1578/1058/1058 1579/1072/1072 1628/1057/1057
f 1628/1057/1057 1579/1072/1072 1626/1073/1073
f 1628/1057/1057 1626/1073/1073 1670/1056/1056
f 1670/1056/1056 1626/1073/1073 1667/1074/1074
f 1670/1056/1056 1667/1074/1074 1683/1055/1055
f 1683/1055/1055 1667/1074/1074 1681/1075/1075
f 1683/1055/1055 1681/1075/1075 1684/1054/1054
f 1684/1054/1054 1681/1075/1075 1682/1076/1076
f 1684/1054/1054 1682/1076/1076 1671/1053/1053
f 1671/1053/1053 1682/1076/1076 1668/1077/1077
f 1671/1053/1053 1668/1077/1077 1629/1052/1052
f 1629/1052/1052 1668/1077/1077 1627/1078/1078
f 2462/1082/1082 2429/1110/1110 2424/1081/1081
f 2424/1081/1081 2429/1110/1110 2428/1111/1111
f 2424/1081/1081 2428/1111/1111 2427/1112/1112
f 2429/1110/1110 2462/1082/1082 2472/1109/1109
f 2472/1109/1109 2462/1082/1082 2539/1083/1083
f 2472/1109/1109 2539/1083/1083 2549/1108/1108
f 2549/1108/1108 2539/1083/1083 2618/1084/1084
f 2549/1108/1108 2618/1084/1084 2621/1107/1107
f 2621/1107/1107 2618/1084/1084 2759/1085/1085
f 2621/1107/1107 2759/1085/1085 2769/1106/1106
f 2769/1106/1106 2759/1085/1085 3014/1086/1086
f 2769/1106/1106 3014/1086/1086 3015/1105/1105
f 3015/1105/1105 3014/1086/1086 3050/1087/1087
f 3015/1105/1105 3050/1087/1087 3052/1104/1104
f 3052/1104/1104 3050/1087/1087 3092/1088/1088
f 3052/1104/1104 3092/1088/1088 3087/1103/1103
f 3087/1103/1103 3092/1088/1088 3147/1089/1089
f 3087/1103/1103 3147/1089/1089 3126/1102/1102
f 3126/1102/1102 3147/1089/1089 3226/1093/1093
f 3126/1102/1102 3226/1093/1093 3184/1094/1094
f 3260/1090/1090 3251/1091/1091 3147/1089/1089
f 3147/1089/1089 3251/1091/1091 3236/1092/1092
f 3147/1089/1089 3236/1092/1092 3226/1093/1093
f 3203/1095/1095 3174/1100/1100 3184/1094/1094
f 3184/1094/1094 3174/1100/1100 3169/1101/1101
f 3184/1094/1094 3169/1101/1101 3126/1102/1102
f 3174/1100/1100 3203/1095/1095 3187/1099/1099
f 3187/1099/1099 3203/1095/1095 3210/1096/1096
f 3187/1099/1099 3210/1096/1096 3206/1098/1098
f 3206/1098/1098 3210/1096/1096 3228/1097/1097
f 2427/1112/1112 2426/1113/1113 2424/1081/1081
f 3227/1114/1114 3209/1115/1115 3168/1131/1131
f 3168/1131/1131 3209/1115/1115 3202/1116/1116
f 3168/1131/1131 3202/1116/1116 3183/1117/1117
f 3168/1131/1131 3183/1117/1117 3151/1130/1130
f 3151/1130/1130 3183/1117/1117 3225/1118/1118
f 3151/1130/1130 3225/1118/1118 3235/1119/1119
f 3235/1119/1119 3250/1120/1120 3151/1130/1130
f 3151/1130/1130 3250/1120/1120 3259/1121/1121
f 3151/1130/1130 3259/1121/1121 3171/1122/1122
f 3151/1130/1130 3171/1122/1122 3120/1129/1129
f 3120/1129/1129 3171/1122/1122 3146/1123/1123
f 3120/1129/1129 3146/1123/1123 3106/1128/1128
f 3106/1128/1128 3146/1123/1123 3110/1127/1127
f 3110/1127/1127 3146/1123/1123 3112/1126/1126
f 3112/1126/1126 3146/1123/1123 3113/1125/1125
f 3113/1125/1125 3146/1123/1123 3114/1124/1124
f 3162/1241/1241 3161/1132/1132 3123/1240/1240
f 3123/1240/1240 3161/1132/1132 3121/1133/1133
f 3123/1240/1240 3121/1133/1133 3078/1239/1239
f 3078/1239/1239 3121/1133/1133 3076/1134/1134
f 3078/1239/1239 3076/1134/1134 3046/1238/1238
f 3046/1238/1238 3076/1134/1134 3044/1135/1135
f 3046/1238/1238 3044/1135/1135 2990/1237/1237
f 2990/1237/1237 3044/1135/1135 2988/1136/1136
f 2990/1237/1237 2988/1136/1136 2669/1236/1236
f 2669/1236/1236 2988/1136/1136 2667/1137/1137
f 2669/1236/1236 2667/1137/1137 2581/1235/1235
f 2581/1235/1235 2667/1137/1137 2577/1138/1138
f 2581/1235/1235 2577/1138/1138 2504/1234/1234
f 2504/1234/1234 2577/1138/1138 2502/1139/1139
f 2504/1234/1234 2502/1139/1139 2444/1233/1233
f 2444/1233/1233 2502/1139/1139 2442/1140/1140
f 2444/1233/1233 2442/1140/1140 2382/1232/1232
f 2382/1232/1232 2442/1140/1140 2380/1141/1141
f 2382/1232/1232 2380/1141/1141 2220/1231/1231
f 2220/1231/1231 2380/1141/1141 2217/1142/1142
f 2220/1231/1231 2217/1142/1142 1884/1230/1230
f 1884/1230/1230 2217/1142/1142 1882/1143/1143
f 1884/1230/1230 1882/1143/1143 1808/1229/1229
f 1808/1229/1229 1882/1143/1143 1806/1144/1144
f 1808/1229/1229 1806/1144/1144 1778/1228/1228
f 1778/1228/1228 1806/1144/1144 1776/1145/1145
f 1778/1228/1228 1776/1145/1145 1747/1227/1227
f 1747/1227/1227 1776/1145/1145 1745/1146/1146
f 1747/1227/1227 1745/1146/1146 1703/1226/1226
f 1703/1226/1226 1745/1146/1146 1701/1147/1147
f 1703/1226/1226 1701/1147/1147 1551/1225/1225
f 1551/1225/1225 1701/1147/1147 1549/1148/1148
f 1551/1225/1225 1549/1148/1148 1124/1224/1224
f 1124/1224/1224 1549/1148/1148 1122/1149/1149
f 1124/1224/1224 1122/1149/1149 1009/1223/1223
f 1009/1223/1223 1122/1149/1149 1007/1150/1150
f 1009/1223/1223 1007/1150/1150 961/1222/1222
f 961/1222/1222 1007/1150/1150 959/1151/1151
f 961/1222/1222 959/1151/1151 884/1221/1221
f 884/1221/1221 959/1151/1151 882/1152/1152
f 884/1221/1221 882/1152/1152 806/1220/1220
f 806/1220/1220 882/1152/1152 804/1153/1153
f 806/1220/1220 804/1153/1153 585/1219/1219
f 585/1219/1219 804/1153/1153 583/1154/1154
f 585/1219/1219 583/1154/1154 272/1218/1218
f 272/1218/1218 583/1154/1154 270/1155/1155
f 272/1218/1218 270/1155/1155 221/1217/1217
f 221/1217/1217 270/1155/1155 222/1156/1156
f 221/1217/1217 222/1156/1156 161/1216/1216
f 161/1216/1216 222/1156/1156 159/1157/1157
f 161/1216/1216 159/1157/1157 120/1215/1215
f 120/1215/1215 159/1157/1157 119/1158/1158
f 120/1215/1215 119/1158/1158 94/1214/1214
f 94/1214/1214 119/1158/1158 93/1159/1159
f 94/1214/1214 93/1159/1159 121/1160/1160
f 94/1214/1214 121/1160/1160 122/1213/1213
f 122/1213/1213 121/1160/1160 160/1161/1161
f 122/1213/1213 160/1161/1161 162/1212/1212
f 162/1212/1212 160/1161/1161 223/1162/1162
f 162/1212/1212 223/1162/1162 224/1211/1211
f 224/1211/1211 223/1162/1162 271/1163/1163
f 224/1211/1211 271/1163/1163 273/1210/1210
f 273/1210/1210 271/1163/1163 584/1164/1164
f 273/1210/1210 584/1164/1164 586/1209/1209
f 586/1209/1209 584/1164/1164 805/1165/1165
f 586/1209/1209 805/1165/1165 807/1208/1208
f 807/1208/1208 805/1165/1165 883/1166/1166
f 807/1208/1208 883/1166/1166 885/1207/1207
f 885/1207/1207 883/1166/1166 960/1167/1167
f 885/1207/1207 960/1167/1167 962/1206/1206
f 962/1206/1206 960/1167/1167 1008/1168/1168
f 962/1206/1206 1008/1168/1168 1010/1205/1205
f 1010/1205/1205 1008/1168/1168 1123/1169/1169
f 1010/1205/1205 1123/1169/1169 1125/1204/1204
f 1125/1204/1204 1123/1169/1169 1550/1170/1170
f 1125/1204/1204 1550/1170/1170 1552/1203/1203
f 1552/1203/1203 1550/1170/1170 1702/1171/1171
f 1552/1203/1203 1702/1171/1171 1704/1202/1202
f 1704/1202/1202 1702/1171/1171 1746/1172/1172
f 1704/1202/1202 1746/1172/1172 1748/1201/1201
f 1748/1201/1201 1746/1172/1172 1777/1173/1173
f 1748/1201/1201 1777/1173/1173 1779/1200/1200
f 1779/1200/1200 1777/1173/1173 1807/1174/1174
f 1779/1200/1200 1807/1174/1174 1809/1199/1199
f 1809/1199/1199 1807/1174/1174 1883/1175/1175
f 1809/1199/1199 1883/1175/1175 1885/1198/1198
f 1885/1198/1198 1883/1175/1175 2218/1176/1176
f 1885/1198/1198 2218/1176/1176 2221/1197/1197
f 2221/1197/1197 2218/1176/1176 2381/1177/1177
f 2221/1197/1197 2381/1177/1177 2383/1196/1196
f 2383/1196/1196 2381/1177/1177 2443/1178/1178
f 2383/1196/1196 2443/1178/1178 2445/1195/1195
f 2445/1195/1195 2443/1178/1178 2503/1179/1179
f 2445/1195/1195 2503/1179/1179 2505/1194/1194
f 2505/1194/1194 2503/1179/1179 2578/1180/1180
f 2505/1194/1194 2578/1180/1180 2582/1193/1193
f 2582/1193/1193 2578/1180/1180 2668/1181/1181
f 2582/1193/1193 2668/1181/1181 2670/1192/1192
f 2670/1192/1192 2668/1181/1181 2989/1182/1182
f 2670/1192/1192 2989/1182/1182 2992/1191/1191
f 2992/1191/1191 2989/1182/1182 3045/1183/1183
f 2992/1191/1191 3045/1183/1183 3047/1190/1190
f 3047/1190/1190 3045/1183/1183 3077/1184/1184
f 3047/1190/1190 3077/1184/1184 3079/1189/1189
f 3079/1189/1189 3077/1184/1184 3122/1185/1185
f 3079/1189/1189 3122/1185/1185 3124/1188/1188
f 3124/1188/1188 3122/1185/1185 3164/1186/1186
f 3124/1188/1188 3164/1186/1186 3163/1187/1187
f 1849/1265/1265 1847/1242/1242 1803/1264/1264
f 1803/1264/1264 1847/1242/1242 1802/1243/1243
f 1803/1264/1264 1802/1243/1243 1774/1263/1263
f 1774/1263/1263 1802/1243/1243 1773/1244/1244
f 1774/1263/1263 1773/1244/1244 1752/1262/1262
f 1752/1262/1262 1773/1244/1244 1751/1245/1245
f 1752/1262/1262 1751/1245/1245 1716/1261/1261
f 1716/1261/1261 1751/1245/1245 1715/1246/1246
f 1716/1261/1261 1715/1246/1246 1613/1260/1260
f 1613/1260/1260 1715/1246/1246 1614/1247/1247
f 1613/1260/1260 1614/1247/1247 1204/1248/1248
f 1613/1260/1260 1204/1248/1248 1201/1259/1259
f 1201/1259/1259 1204/1248/1248 1086/1249/1249
f 1201/1259/1259 1086/1249/1249 1085/1258/1258
f 1085/1258/1258 1086/1249/1249 996/1250/1250
f 1085/1258/1258 996/1250/1250 995/1257/1257
f 995/1257/1257 996/1250/1250 949/1251/1251
f 995/1257/1257 949/1251/1251 948/1256/1256
f 948/1256/1256 949/1251/1251 892/1252/1252
f 948/1256/1256 892/1252/1252 891/1255/1255
f 891/1255/1255 892/1252/1252 840/1253/1253
f 891/1255/1255 840/1253/1253 839/1254/1254
f 447/1283/1283 451/1266/1266 546/1282/1282
f 546/1282/1282 451/1266/1266 549/1267/1267
f 546/1282/1282 549/1267/1267 710/1281/1281
f 710/1281/1281 549/1267/1267 713/1268/1268
f 710/1281/1281 713/1268/1268 798/1280/1280
f 798/1280/1280 713/1268/1268 799/1269/1269
f 798/1280/1280 799/1269/1269 855/1279/1279
f 855/1279/1279 799/1269/1269 856/1270/1270
f 855/1279/1279 856/1270/1270 916/1271/1271
f 855/1279/1279 916/1271/1271 915/1278/1278
f 915/1278/1278 916/1271/1271 980/1272/1272
f 915/1278/1278 980/1272/1272 981/1277/1277
f 981/1277/1277 980/1272/1272 1001/1273/1273
f 981/1277/1277 1001/1273/1273 1002/1276/1276
f 1002/1276/1276 1001/1273/1273 1112/1274/1274
f 1002/1276/1276 1112/1274/1274 1113/1275/1275
f 3145/1284/1284 3142/1285/1285 3143/1291/1291
f 3143/1291/1291 3142/1285/1285 3139/1290/1290
f 3139/1290/1290 3142/1285/1285 3137/1286/1286
f 3139/1290/1290 3137/1286/1286 3134/1289/1289
f 3134/1289/1289 3137/1286/1286 3129/1287/1287
f 3134/1289/1289 3129/1287/1287 3131/1288/1288
f 2802/1299/1299 2801/1292/1292 2869/1298/1298
f 2869/1298/1298 2801/1292/1292 2868/1293/1293
f 2869/1298/1298 2868/1293/1293 2905/1297/1297
f 2905/1297/1297 2868/1293/1293 2898/1294/1294
f 2905/1297/1297 2898/1294/1294 2935/1296/1296
f 2935/1296/1296 2898/1294/1294 2933/1295/1295
f 623/1307/1307 624/1300/1300 532/1306/1306
f 532/1306/1306 624/1300/1300 535/1301/1301
f 532/1306/1306 535/1301/1301 487/1305/1305
f 487/1305/1305 535/1301/1301 490/1302/1302
f 487/1305/1305 490/1302/1302 452/1303/1303
f 452/1303/1303 448/1304/1304 487/1305/1305
f 2934/1308/1308 2870/1309/1309 2936/1325/1325
f 2936/1325/1325 2870/1309/1309 2873/1324/1324
f 2873/1324/1324 2870/1309/1309 2749/1310/1310
f 2873/1324/1324 2749/1310/1310 2750/1323/1323
f 2750/1323/1323 2749/1310/1310 2641/1311/1311
f 2750/1323/1323 2641/1311/1311 2642/1322/1322
f 2642/1322/1322 2641/1311/1311 2583/1312/1312
f 2642/1322/1322 2583/1312/1312 2584/1321/1321
f 2584/1321/1321 2583/1312/1312 2527/1313/1313
f 2584/1321/1321 2527/1313/1313 2526/1320/1320
f 2526/1320/1320 2527/1313/1313 2466/1314/1314
f 2526/1320/1320 2466/1314/1314 2465/1319/1319
f 2465/1319/1319 2466/1314/1314 2432/1315/1315
f 2465/1319/1319 2432/1315/1315 2431/1318/1318
f 2431/1318/1318 2432/1315/1315 2365/1316/1316
f 2431/1318/1318 2365/1316/1316 2364/1317/1317
f 1693/1349/1349 1695/1326/1326 1739/1348/1348
f 1739/1348/1348 1695/1326/1326 1740/1327/1327
f 1739/1348/1348 1740/1327/1327 1768/1347/1347
f 1768/1347/1347 1740/1327/1327 1769/1328/1328
f 1768/1347/1347 1769/1328/1328 1793/1346/1346
f 1793/1346/1346 1769/1328/1328 1794/1329/1329
f 1793/1346/1346 1794/1329/1329 1829/1345/1345
f 1829/1345/1345 1794/1329/1329 1830/1330/1330
f 1829/1345/1345 1830/1330/1330 1932/1344/1344
f 1932/1344/1344 1830/1330/1330 1931/1331/1331
f 1932/1344/1344 1931/1331/1331 2298/1332/1332
f 1932/1344/1344 2298/1332/1332 2301/1343/1343
f 2301/1343/1343 2298/1332/1332 2384/1333/1333
f 2301/1343/1343 2384/1333/1333 2385/1342/1342
f 2385/1342/1342 2384/1333/1333 2436/1334/1334
f 2385/1342/1342 2436/1334/1334 2438/1341/1341
f 2438/1341/1341 2436/1334/1334 2483/1335/1335
f 2438/1341/1341 2483/1335/1335 2484/1340/1340
f 2484/1340/1340 2483/1335/1335 2547/1336/1336
f 2484/1340/1340 2547/1336/1336 2548/1339/1339
f 2548/1339/1339 2547/1336/1336 2598/1337/1337
f 2548/1339/1339 2598/1337/1337 2599/1338/1338
f 1919/1355/1355 1838/1350/1350 1849/1353/1353
f 1849/1353/1353 1838/1350/1350 1831/1351/1351
f 1849/1353/1353 1831/1351/1351 1847/1352/1352
f 1849/1353/1353 1892/1354/1354 1919/1355/1355
f 2365/1357/1357 2356/1358/1358 2364/1356/1356
f 2364/1356/1356 2356/1358/1358 2337/1359/1359
f 2364/1356/1356 2337/1359/1359 2387/1360/1360
f 2387/1360/1360 2393/1361/1361 2364/1356/1356
f 2310/1383/1383 2337/1362/1362 2314/1384/1384
f 2314/1384/1384 2337/1362/1362 2356/1363/1363
f 2314/1384/1384 2356/1363/1363 2324/1364/1364
f 2314/1384/1384 2324/1364/1364 2165/1385/1385
f 2165/1385/1385 2324/1364/1364 2179/1365/1365
f 2165/1385/1385 2179/1365/1365 2021/1386/1386
f 2021/1386/1386 2179/1365/1365 2025/1366/1366
f 2021/1386/1386 2025/1366/1366 1942/1387/1387
f 1942/1387/1387 2025/1366/1366 1940/1367/1367
f 1942/1387/1387 1940/1367/1367 1880/1388/1388
f 1880/1388/1388 1940/1367/1367 1876/1368/1368
f 1880/1388/1388 1876/1368/1368 1851/1389/1389
f 1851/1389/1389 1876/1368/1368 1848/1369/1369
f 1851/1389/1389 1848/1369/1369 1840/1390/1390
f 1840/1390/1390 1848/1369/1369 1837/1370/1370
f 1840/1390/1390 1837/1370/1370 1828/1391/1391
f 1828/1391/1391 1837/1370/1370 1823/1371/1371
f 1828/1391/1391 1823/1371/1371 1825/1392/1392
f 1825/1392/1392 1823/1371/1371 1819/1372/1372
f 1825/1392/1392 1819/1372/1372 1831/1373/1373
f 1831/1373/1373 1838/1374/1374 1825/1392/1392
f 1825/1392/1392 1838/1374/1374 1833/1375/1375
f 1825/1392/1392 1833/1375/1375 1828/1391/1391
f 1828/1391/1391 1833/1375/1375 1835/1376/1376
f 1828/1391/1391 1835/1376/1376 1840/1390/1390
f 1840/1390/1390 1835/1376/1376 1842/1377/1377
f 1840/1390/1390 1842/1377/1377 1851/1389/1389
f 1851/1389/1389 1842/1377/1377 1853/1378/1378
f 1851/1389/1389 1853/1378/1378 1880/1388/1388
f 1880/1388/1388 1853/1378/1378 1887/1379/1379
f 1880/1388/1388 1887/1379/1379 1942/1387/1387
f 1942/1387/1387 1887/1379/1379 1944/1380/1380
f 1942/1387/1387 1944/1380/1380 2021/1386/1386
f 2021/1386/1386 1944/1380/1380 2017/1381/1381
f 2021/1386/1386 2017/1381/1381 2165/1385/1385
f 2165/1385/1385 2017/1381/1381 2155/1382/1382
f 2165/1385/1385 2155/1382/1382 2314/1384/1384
f 2314/1384/1384 2155/1382/1382 2310/1383/1383
f 1625/1398/1398 1707/1393/1393 1693/1396/1396
f 1693/1396/1396 1707/1393/1393 1714/1394/1394
f 1693/1396/1396 1714/1394/1394 1695/1395/1395
f 1693/1396/1396 1651/1397/1397 1625/1398/1398
f 1112/1400/1400 1127/1401/1401 1113/1399/1399
f 1113/1399/1399 1127/1401/1401 1149/1402/1402
f 1113/1399/1399 1149/1402/1402 1079/1403/1403
f 1079/1403/1403 1070/1404/1404 1113/1399/1399
f 1190/1426/1426 1149/1405/1405 1181/1427/1427
f 1181/1427/1427 1149/1405/1405 1127/1406/1406
f 1181/1427/1427 1127/1406/1406 1167/1407/1407
f 1181/1427/1427 1167/1407/1407 1361/1428/1428
f 1361/1428/1428 1167/1407/1407 1347/1408/1408
f 1361/1428/1428 1347/1408/1408 1502/1429/1429
f 1502/1429/1429 1347/1408/1408 1498/1409/1409
f 1502/1429/1429 1498/1409/1409 1603/1430/1430
f 1603/1430/1430 1498/1409/1409 1605/1410/1410
f 1603/1430/1430 1605/1410/1410 1662/1431/1431
f 1662/1431/1431 1605/1410/1410 1666/1411/1411
f 1662/1431/1431 1666/1411/1411 1691/1432/1432
f 1691/1432/1432 1666/1411/1411 1694/1412/1412
f 1691/1432/1432 1694/1412/1412 1705/1433/1433
f 1705/1433/1433 1694/1412/1412 1708/1413/1413
f 1705/1433/1433 1708/1413/1413 1717/1434/1434
f 1717/1434/1434 1708/1413/1413 1722/1414/1414
f 1717/1434/1434 1722/1414/1414 1720/1435/1435
f 1720/1435/1435 1722/1414/1414 1726/1415/1415
f 1720/1435/1435 1726/1415/1415 1714/1416/1416
f 1714/1416/1416 1707/1417/1417 1720/1435/1435
f 1720/1435/1435 1707/1417/1417 1712/1418/1418
f 1720/1435/1435 1712/1418/1418 1717/1434/1434
f 1717/1434/1434 1712/1418/1418 1710/1419/1419
f 1717/1434/1434 1710/1419/1419 1705/1433/1433
f 1705/1433/1433 1710/1419/1419 1699/1420/1420
f 1705/1433/1433 1699/1420/1420 1691/1432/1432
f 1691/1432/1432 1699/1420/1420 1689/1421/1421
f 1691/1432/1432 1689/1421/1421 1662/1431/1431
f 1662/1431/1431 1689/1421/1421 1659/1422/1422
f 1662/1431/1431 1659/1422/1422 1603/1430/1430
f 1603/1430/1430 1659/1422/1422 1601/1423/1423
f 1603/1430/1430 1601/1423/1423 1502/1429/1429
f 1502/1429/1429 1601/1423/1423 1508/1424/1424
f 1502/1429/1429 1508/1424/1424 1361/1428/1428
f 1361/1428/1428 1508/1424/1424 1371/1425/1425
f 1361/1428/1428 1371/1425/1425 1181/1427/1427
f 1181/1427/1427 1371/1425/1425 1190/1426/1426
f 3057/1441/1441 2614/1436/1436 2802/1439/1439
f 2802/1439/1439 2614/1436/1436 2619/1437/1437
f 2802/1439/1439 2619/1437/1437 2801/1438/1438
f 2802/1439/1439 3053/1440/1440 3057/1441/1441
f 2598/1443/1443 2520/1444/1444 2599/1442/1442
f 2599/1442/1442 2520/1444/1444 2523/1445/1445
f 2599/1442/1442 2523/1445/1445 2883/1446/1446
f 2883/1446/1446 2829/1447/1447 2599/1442/1442
f 2494/1469/1469 2523/1448/1448 2492/1470/1470
f 2492/1470/1470 2523/1448/1448 2520/1449/1449
f 2492/1470/1470 2520/1449/1449 2489/1450/1450
f 2492/1470/1470 2489/1450/1450 2478/1471/1471
f 2478/1471/1471 2489/1450/1450 2475/1451/1451
f 2478/1471/1471 2475/1451/1451 2461/1472/1472
f 2461/1472/1472 2475/1451/1451 2455/1452/1452
f 2461/1472/1472 2455/1452/1452 2456/1473/1473
f 2456/1473/1473 2455/1452/1452 2453/1453/1453
f 2456/1473/1473 2453/1453/1453 2471/1474/1474
f 2471/1474/1474 2453/1453/1453 2463/1454/1454
f 2471/1474/1474 2463/1454/1454 2486/1475/1475
f 2486/1475/1475 2463/1454/1454 2482/1455/1455
f 2486/1475/1475 2482/1455/1455 2506/1476/1476
f 2506/1476/1476 2482/1455/1455 2500/1456/1456
f 2506/1476/1476 2500/1456/1456 2543/1477/1477
f 2543/1477/1477 2500/1456/1456 2540/1457/1457
f 2543/1477/1477 2540/1457/1457 2566/1478/1478
f 2566/1478/1478 2540/1457/1457 2568/1458/1458
f 2566/1478/1478 2568/1458/1458 2619/1459/1459
f 2619/1459/1459 2614/1460/1460 2566/1478/1478
f 2566/1478/1478 2614/1460/1460 2563/1461/1461
f 2566/1478/1478 2563/1461/1461 2543/1477/1477
f 2543/1477/1477 2563/1461/1461 2546/1462/1462
f 2543/1477/1477 2546/1462/1462 2506/1476/1476
f 2506/1476/1476 2546/1462/1462 2511/1463/1463
f 2506/1476/1476 2511/1463/1463 2486/1475/1475
f 2486/1475/1475 2511/1463/1463 2488/1464/1464
f 2486/1475/1475 2488/1464/1464 2471/1474/1474
f 2471/1474/1474 2488/1464/1464 2476/1465/1465
f 2471/1474/1474 2476/1465/1465 2456/1473/1473
f 2456/1473/1473 2476/1465/1465 2468/1466/1466
f 2456/1473/1473 2468/1466/1466 2461/1472/1472
f 2461/1472/1472 2468/1466/1466 2470/1467/1467
f 2461/1472/1472 2470/1467/1467 2478/1471/1471
f 2478/1471/1471 2470/1467/1467 2481/1468/1468
f 2478/1471/1471 2481/1468/1468 2492/1470/1470
f 2492/1470/1470 2481/1468/1468 2494/1469/1469
f 231/1484/1484 824/1479/1479 623/1482/1482
f 623/1482/1482 824/1479/1479 820/1480/1480
f 623/1482/1482 820/1480/1480 624/1481/1481
f 623/1482/1482 242/1483/1483 231/1484/1484
f 840/1486/1486 918/1487/1487 839/1485/1485
f 839/1485/1485 918/1487/1487 912/1488/1488
f 839/1485/1485 912/1488/1488 501/1489/1489
f 501/1489/1489 588/1490/1490 839/1485/1485
f 938/1512/1512 912/1491/1491 940/1513/1513
f 940/1513/1513 912/1491/1491 918/1492/1492
f 940/1513/1513 918/1492/1492 943/1493/1493
f 940/1513/1513 943/1493/1493 954/1514/1514
f 954/1514/1514 943/1493/1493 957/1494/1494
f 954/1514/1514 957/1494/1494 974/1515/1515
f 974/1515/1515 957/1494/1494 983/1495/1495
f 974/1515/1515 983/1495/1495 982/1516/1516
f 982/1516/1516 983/1495/1495 986/1496/1496
f 982/1516/1516 986/1496/1496 965/1517/1517
f 965/1517/1517 986/1496/1496 972/1497/1497
f 965/1517/1517 972/1497/1497 946/1518/1518
f 946/1518/1518 972/1497/1497 950/1498/1498
f 946/1518/1518 950/1498/1498 931/1519/1519
f 931/1519/1519 950/1498/1498 933/1499/1499
f 931/1519/1519 933/1499/1499 896/1520/1520
f 896/1520/1520 933/1499/1499 898/1500/1500
f 896/1520/1520 898/1500/1500 866/1521/1521
f 866/1521/1521 898/1500/1500 864/1501/1501
f 866/1521/1521 864/1501/1501 820/1502/1502
f 820/1502/1502 824/1503/1503 866/1521/1521
f 866/1521/1521 824/1503/1503 869/1504/1504
f 866/1521/1521 869/1504/1504 896/1520/1520
f 896/1520/1520 869/1504/1504 894/1505/1505
f 896/1520/1520 894/1505/1505 931/1519/1519
f 931/1519/1519 894/1505/1505 927/1506/1506
f 931/1519/1519 927/1506/1506 946/1518/1518
f 946/1518/1518 927/1506/1506 944/1507/1507
f 946/1518/1518 944/1507/1507 965/1517/1517
f 965/1517/1517 944/1507/1507 956/1508/1508
f 965/1517/1517 956/1508/1508 982/1516/1516
f 982/1516/1516 956/1508/1508 969/1509/1509
f 982/1516/1516 969/1509/1509 974/1515/1515
f 974/1515/1515 969/1509/1509 966/1510/1510
f 974/1515/1515 966/1510/1510 954/1514/1514
f 954/1514/1514 966/1510/1510 951/1511/1511
f 954/1514/1514 951/1511/1511 940/1513/1513
f 940/1513/1513 951/1511/1511 938/1512/1512
f 2933/1522/1522 3128/1523/1523 2935/1525/1525
f 2935/1525/1525 3128/1523/1523 3130/1524/1524
f 2934/1527/1527 2936/1528/1528 3129/1526/1526
f 3129/1526/1526 2936/1528/1528 3131/1529/1529
f 3130/1537/1537 3128/1530/1530 3133/1536/1536
f 3133/1536/1536 3128/1530/1530 3136/1531/1531
f 3133/1536/1536 3136/1531/1531 3138/1535/1535
f 3138/1535/1535 3136/1531/1531 3141/1532/1532
f 3138/1535/1535 3141/1532/1532 3140/1534/1534
f 3140/1534/1534 3141/1532/1532 3144/1533/1533
f 452/1539/1539 573/1540/1540 448/1538/1538
f 448/1538/1538 573/1540/1540 519/1565/1565
f 448/1538/1538 519/1565/1565 464/1566/1566
f 653/1541/1541 613/1563/1563 573/1540/1540
f 573/1540/1540 613/1563/1563 556/1564/1564
f 573/1540/1540 556/1564/1564 519/1565/1565
f 652/1542/1542 651/1561/1561 653/1541/1541
f 653/1541/1541 651/1561/1561 640/1562/1562
f 653/1541/1541 640/1562/1562 613/1563/1563
f 572/1543/1543 612/1559/1559 652/1542/1542
f 652/1542/1542 612/1559/1559 636/1560/1560
f 652/1542/1542 636/1560/1560 651/1561/1561
f 451/1544/1544 518/1557/1557 572/1543/1543
f 572/1543/1543 518/1557/1557 555/1558/1558
f 572/1543/1543 555/1558/1558 612/1559/1559
f 518/1557/1557 451/1544/1544 465/1556/1556
f 465/1556/1556 451/1544/1544 447/1545/1545
f 465/1556/1556 447/1545/1545 385/1555/1555
f 385/1555/1555 447/1545/1545 290/1546/1546
f 385/1555/1555 290/1546/1546 350/1554/1554
f 350/1554/1554 290/1546/1546 268/1577/1577
f 350/1554/1554 268/1577/1577 338/1553/1553
f 338/1553/1553 268/1577/1577 318/1552/1552
f 318/1552/1552 268/1577/1577 257/1551/1551
f 257/1551/1551 268/1577/1577 238/1578/1578
f 257/1551/1551 238/1578/1578 232/1550/1550
f 232/1550/1550 238/1578/1578 179/1549/1549
f 179/1549/1549 238/1578/1578 177/1548/1548
f 177/1548/1548 238/1578/1578 246/1547/1547
f 246/1547/1547 238/1578/1578 268/1577/1577
f 246/1547/1547 268/1577/1577 290/1546/1546
f 464/1566/1566 386/1567/1567 448/1538/1538
f 448/1538/1538 386/1567/1567 351/1568/1568
f 448/1538/1538 351/1568/1568 339/1569/1569
f 319/1570/1570 269/1580/1580 339/1569/1569
f 339/1569/1569 269/1580/1580 291/1576/1576
f 339/1569/1569 291/1576/1576 448/1538/1538
f 319/1570/1570 258/1571/1571 269/1580/1580
f 269/1580/1580 258/1571/1571 239/1579/1579
f 269/1580/1580 239/1579/1579 247/1575/1575
f 247/1575/1575 239/1579/1579 186/1574/1574
f 186/1574/1574 239/1579/1579 233/1572/1572
f 186/1574/1574 233/1572/1572 184/1573/1573
f 258/1571/1571 233/1572/1572 239/1579/1579
f 247/1575/1575 291/1576/1576 269/1580/1580
f 1236/1588/1588 1205/1581/1581 1168/1587/1587
f 1168/1587/1587 1205/1581/1581 1170/1582/1582
f 1168/1587/1587 1170/1582/1582 1146/1586/1586
f 1146/1586/1586 1170/1582/1582 1155/1583/1583
f 1146/1586/1586 1155/1583/1583 1130/1585/1585
f 1130/1585/1585 1155/1583/1583 1147/1584/1584
f 1267/1589/1589 1658/1590/1590 1257/1618/1618
f 1257/1618/1618 1658/1590/1590 1654/1617/1617
f 1654/1617/1617 1658/1590/1590 1736/1591/1591
f 1654/1617/1617 1736/1591/1591 1734/1616/1616
f 1734/1616/1616 1736/1591/1591 1765/1592/1592
f 1734/1616/1616 1765/1592/1592 1764/1615/1615
f 1764/1615/1615 1765/1592/1592 1796/1593/1593
f 1764/1615/1615 1796/1593/1593 1798/1614/1614
f 1798/1614/1614 1796/1593/1593 1844/1594/1594
f 1798/1614/1614 1844/1594/1594 1846/1613/1613
f 1846/1613/1613 1844/1594/1594 2035/1595/1595
f 1846/1613/1613 2035/1595/1595 2062/1612/1612
f 2062/1612/1612 2035/1595/1595 2366/1596/1596
f 2062/1612/1612 2366/1596/1596 2369/1611/1611
f 2369/1611/1611 2366/1596/1596 2433/1597/1597
f 2369/1611/1611 2433/1597/1597 2437/1610/1610
f 2437/1610/1610 2433/1597/1597 2495/1598/1598
f 2437/1610/1610 2495/1598/1598 2497/1609/1609
f 2497/1609/1609 2495/1598/1598 2586/1599/1599
f 2497/1609/1609 2586/1599/1599 2595/1608/1608
f 2595/1608/1608 2586/1599/1599 2745/1600/1600
f 2595/1608/1608 2745/1600/1600 2770/1607/1607
f 2770/1607/1607 2745/1600/1600 3036/1601/1601
f 2770/1607/1607 3036/1601/1601 3040/1606/1606
f 3040/1606/1606 3036/1601/1601 3090/1602/1602
f 3040/1606/1606 3090/1602/1602 3104/1605/1605
f 3104/1605/1605 3090/1602/1602 3315/1603/1603
f 3104/1605/1605 3315/1603/1603 3337/1604/1604
f 1205/1626/1626 1206/1619/1619 1170/1625/1625
f 1170/1625/1625 1206/1619/1619 1171/1620/1620
f 1170/1625/1625 1171/1620/1620 1155/1624/1624
f 1155/1624/1624 1171/1620/1620 1156/1621/1621
f 1155/1624/1624 1156/1621/1621 1147/1623/1623
f 1147/1623/1623 1156/1621/1621 1148/1622/1622
f 303/1651/1651 18/1627/1627 306/1650/1650
f 306/1650/1650 18/1627/1627 23/1628/1628
f 306/1650/1650 23/1628/1628 321/1649/1649
f 321/1649/1649 23/1628/1628 24/1629/1629
f 321/1649/1649 24/1629/1629 404/1648/1648
f 404/1648/1648 24/1629/1629 443/1647/1647
f 443/1647/1647 24/1629/1629 21/1630/1630
f 443/1647/1647 21/1630/1630 502/1646/1646
f 502/1646/1646 21/1630/1630 516/1645/1645
f 516/1645/1645 21/1630/1630 20/1631/1631
f 516/1645/1645 20/1631/1631 523/1644/1644
f 523/1644/1644 20/1631/1631 520/1643/1643
f 520/1643/1643 20/1631/1631 22/1632/1632
f 520/1643/1643 22/1632/1632 503/1642/1642
f 503/1642/1642 22/1632/1632 25/1633/1633
f 503/1642/1642 25/1633/1633 406/1641/1641
f 406/1641/1641 25/1633/1633 375/1640/1640
f 375/1640/1640 25/1633/1633 345/1639/1639
f 345/1639/1639 25/1633/1633 26/1634/1634
f 345/1639/1639 26/1634/1634 322/1638/1638
f 322/1638/1638 26/1634/1634 314/1637/1637
f 314/1637/1637 26/1634/1634 19/1635/1635
f 314/1637/1637 19/1635/1635 304/1636/1636
f 1863/1683/1683 1857/1652/1652 1812/1679/1679
f 1812/1679/1679 1857/1652/1652 1805/1653/1653
f 1812/1679/1679 1805/1653/1653 1784/1678/1678
f 1784/1678/1678 1805/1653/1653 1780/1654/1654
f 1784/1678/1678 1780/1654/1654 1754/1677/1677
f 1754/1677/1677 1780/1654/1654 1753/1655/1655
f 1754/1677/1677 1753/1655/1655 1724/1676/1676
f 1724/1676/1676 1753/1655/1655 1721/1656/1656
f 1724/1676/1676 1721/1656/1656 1606/1675/1675
f 1606/1675/1675 1721/1656/1656 1610/1657/1657
f 1606/1675/1675 1610/1657/1657 1166/1674/1674
f 1166/1674/1674 1610/1657/1657 1177/1658/1658
f 1166/1674/1674 1177/1658/1658 1066/1659/1659
f 1166/1674/1674 1066/1659/1659 1052/1673/1673
f 1052/1673/1673 1066/1659/1659 992/1660/1660
f 1052/1673/1673 992/1660/1660 990/1672/1672
f 990/1672/1672 992/1660/1660 935/1661/1661
f 990/1672/1672 935/1661/1661 919/1671/1671
f 919/1671/1671 935/1661/1661 857/1662/1662
f 919/1671/1671 857/1662/1662 845/1670/1670
f 845/1670/1670 857/1662/1662 775/1663/1663
f 845/1670/1670 775/1663/1663 760/1669/1669
f 760/1669/1669 775/1663/1663 497/1664/1664
f 760/1669/1669 497/1664/1664 372/1668/1668
f 372/1668/1668 497/1664/1664 486/1665/1665
f 372/1668/1668 486/1665/1665 476/1666/1666
f 476/1666/1666 438/1667/1667 372/1668/1668
f 1873/1680/1680 1868/1681/1681 1812/1679/1679
f 1812/1679/1679 1868/1681/1681 1867/1682/1682
f 1812/1679/1679 1867/1682/1682 1863/1683/1683
f 1743/1685/1685 1748/1802/1802 1770/1684/1684
f 1770/1803/1803 1748/1779/1779 1779/1780/1780
f 1770/1804/1804 1779/1780/1780 1799/1738/1738
f 1799/1738/1738 1779/1780/1780 1809/1781/1781
f 1799/1738/1738 1809/1781/1781 1854/1737/1737
f 1854/1737/1737 1809/1781/1781 1885/1782/1782
f 1854/1737/1737 1885/1782/1782 2112/1736/1736
f 2112/1736/1736 1885/1782/1782 2221/1783/1783
f 2112/1736/1736 2221/1783/1783 2371/1735/1735
f 2371/1735/1735 2221/1783/1783 2383/1784/1784
f 2371/1735/1735 2383/1784/1784 2434/1734/1734
f 2434/1734/1734 2383/1784/1784 2445/1785/1785
f 2434/1734/1734 2445/1785/1785 2490/1733/1733
f 2490/1733/1733 2445/1785/1785 2505/1786/1786
f 2490/1733/1733 2505/1786/1786 2564/1732/1732
f 2564/1732/1732 2505/1786/1786 2582/1787/1787
f 2564/1732/1732 2582/1787/1787 2658/1731/1731
f 2658/1731/1731 2582/1787/1787 2670/1788/1788
f 2658/1731/1731 2670/1788/1788 2929/1730/1730
f 2929/1730/1730 2670/1788/1788 2992/1789/1789
f 2929/1730/1730 2992/1789/1789 3042/1729/1729
f 3042/1729/1729 2992/1789/1789 3047/1790/1790
f 3042/1729/1729 3047/1790/1790 3075/1728/1728
f 3075/1728/1728 3047/1790/1790 3079/1791/1791
f 3075/1728/1728 3079/1791/1791 3127/1727/1727
f 3127/1727/1727 3079/1791/1791 3124/1792/1792
f 3127/1727/1727 3124/1792/1792 3234/1726/1726
f 3234/1726/1726 3124/1792/1792 3173/1794/1794
f 3234/1726/1726 3173/1794/1794 3176/1795/1795
f 1748/1805/1805 1743/1685/1685 1704/1778/1778
f 1704/1778/1778 1743/1685/1685 1688/1686/1686
f 1704/1778/1778 1688/1686/1686 1552/1777/1777
f 1552/1777/1777 1688/1686/1686 1414/1687/1687
f 1552/1777/1777 1414/1687/1687 1125/1776/1776
f 1125/1776/1776 1414/1687/1687 1107/1688/1688
f 1125/1776/1776 1107/1688/1688 1010/1775/1775
f 1010/1775/1775 1107/1688/1688 997/1689/1689
f 1010/1775/1775 997/1689/1689 962/1774/1774
f 962/1774/1774 997/1689/1689 942/1690/1690
f 962/1774/1774 942/1690/1690 885/1773/1773
f 885/1773/1773 942/1690/1690 868/1691/1691
f 885/1773/1773 868/1691/1691 807/1772/1772
f 807/1772/1772 868/1691/1691 774/1692/1692
f 807/1772/1772 774/1692/1692 586/1771/1771
f 586/1771/1771 774/1692/1692 442/1693/1693
f 586/1771/1771 442/1693/1693 273/1770/1770
f 273/1770/1770 442/1693/1693 251/1694/1694
f 273/1770/1770 251/1694/1694 224/1769/1769
f 224/1769/1769 251/1694/1694 204/1695/1695
f 224/1769/1769 204/1695/1695 162/1768/1768
f 162/1768/1768 204/1695/1695 139/1696/1696
f 162/1768/1768 139/1696/1696 122/1767/1767
f 122/1767/1767 139/1696/1696 81/1697/1697
f 122/1767/1767 81/1697/1697 94/1766/1766
f 94/1766/1766 81/1697/1697 69/1698/1698
f 94/1766/1766 69/1698/1698 120/1765/1765
f 120/1765/1765 69/1698/1698 105/1699/1699
f 120/1765/1765 105/1699/1699 161/1764/1764
f 161/1764/1764 105/1699/1699 157/1700/1700
f 161/1764/1764 157/1700/1700 221/1763/1763
f 221/1763/1763 157/1700/1700 230/1701/1701
f 221/1763/1763 230/1701/1701 272/1762/1762
f 272/1762/1762 230/1701/1701 292/1702/1702
f 272/1762/1762 292/1702/1702 585/1761/1761
f 585/1761/1761 292/1702/1702 659/1703/1703
f 585/1761/1761 659/1703/1703 806/1760/1760
f 806/1760/1760 659/1703/1703 818/1704/1704
f 806/1760/1760 818/1704/1704 884/1759/1759
f 884/1759/1759 818/1704/1704 903/1705/1705
f 884/1759/1759 903/1705/1705 961/1758/1758
f 961/1758/1758 903/1705/1705 987/1706/1706
f 961/1758/1758 987/1706/1706 1009/1757/1757
f 1009/1757/1757 987/1706/1706 1024/1707/1707
f 1009/1757/1757 1024/1707/1707 1124/1756/1756
f 1124/1756/1756 1024/1707/1707 1154/1708/1708
f 1124/1756/1756 1154/1708/1708 1551/1755/1755
f 1551/1755/1755 1154/1708/1708 1609/1709/1709
f 1551/1755/1755 1609/1709/1709 1703/1754/1754
f 1703/1754/1754 1609/1709/1709 1729/1710/1710
f 1703/1754/1754 1729/1710/1710 1747/1753/1753
f 1747/1753/1753 1729/1710/1710 1759/1711/1711
f 1747/1753/1753 1759/1711/1711 1778/1752/1752
f 1778/1752/1752 1759/1711/1711 1786/1712/1712
f 1778/1752/1752 1786/1712/1712 1808/1751/1751
f 1808/1751/1751 1786/1712/1712 1816/1713/1713
f 1808/1751/1751 1816/1713/1713 1884/1750/1750
f 1884/1750/1750 1816/1713/1713 1936/1714/1714
f 1884/1750/1750 1936/1714/1714 2220/1749/1749
f 2220/1749/1749 1936/1714/1714 2334/1715/1715
f 2220/1749/1749 2334/1715/1715 2382/1748/1748
f 2382/1748/1748 2334/1715/1715 2414/1716/1716
f 2382/1748/1748 2414/1716/1716 2444/1747/1747
f 2444/1747/1747 2414/1716/1716 2452/1717/1717
f 2444/1747/1747 2452/1717/1717 2504/1746/1746
f 2504/1746/1746 2452/1717/1717 2534/1718/1718
f 2504/1746/1746 2534/1718/1718 2581/1745/1745
f 2581/1745/1745 2534/1718/1718 2620/1719/1719
f 2581/1745/1745 2620/1719/1719 2669/1744/1744
f 2669/1744/1744 2620/1719/1719 2780/1720/1720
f 2669/1744/1744 2780/1720/1720 2990/1743/1743
f 2990/1743/1743 2780/1720/1720 3028/1721/1721
f 2990/1743/1743 3028/1721/1721 3046/1742/1742
f 3046/1742/1742 3028/1721/1721 3058/1722/1722
f 3046/1742/1742 3058/1722/1722 3078/1741/1741
f 3078/1741/1741 3058/1722/1722 3109/1723/1723
f 3078/1741/1741 3109/1723/1723 3123/1740/1740
f 3123/1740/1740 3109/1723/1723 3156/1724/1724
f 3123/1740/1740 3156/1724/1724 3162/1739/1739
f 3162/1739/1739 3156/1724/1724 3172/1801/1801
f 3172/1801/1801 3156/1724/1724 3264/1725/1725
f 3172/1801/1801 3264/1725/1725 3175/1800/1800
f 3175/1800/1800 3264/1725/1725 3181/1799/1799
f 3181/1799/1799 3264/1725/1725 3199/1798/1798
f 3199/1798/1798 3264/1725/1725 3200/1797/1797
f 3200/1797/1797 3264/1725/1725 3182/1796/1796
f 3182/1796/1796 3264/1725/1725 3234/1726/1726
f 3182/1796/1796 3234/1726/1726 3176/1795/1795
f 3124/1792/1792 3163/1793/1793 3173/1794/1794
f 45/1835/1835 47/1806/1806 167/1834/1834
f 167/1834/1834 47/1806/1806 174/1807/1807
f 167/1834/1834 174/1807/1807 259/1833/1833
f 259/1833/1833 174/1807/1807 260/1808/1808
f 259/1833/1833 260/1808/1808 673/1832/1832
f 673/1832/1832 260/1808/1808 680/1809/1809
f 673/1832/1832 680/1809/1809 844/1831/1831
f 844/1831/1831 680/1809/1809 849/1810/1810
f 844/1831/1831 849/1810/1810 936/1830/1830
f 936/1830/1830 849/1810/1810 937/1811/1811
f 936/1830/1830 937/1811/1811 998/1829/1829
f 998/1829/1829 937/1811/1811 999/1812/1812
f 998/1829/1829 999/1812/1812 1114/1828/1828
f 1114/1828/1828 999/1812/1812 1115/1813/1813
f 1114/1828/1828 1115/1813/1813 1507/1814/1814
f 1114/1828/1828 1507/1814/1814 1504/1827/1827
f 1504/1827/1827 1507/1814/1814 1698/1815/1815
f 1504/1827/1827 1698/1815/1815 1697/1826/1826
f 1697/1826/1826 1698/1815/1815 1750/1816/1816
f 1697/1826/1826 1750/1816/1816 1749/1825/1825
f 1749/1825/1825 1750/1816/1816 1781/1817/1817
f 1749/1825/1825 1781/1817/1817 1782/1824/1824
f 1782/1824/1824 1781/1817/1817 1813/1818/1818
f 1782/1824/1824 1813/1818/1818 1814/1823/1823
f 1814/1823/1823 1813/1818/1818 1914/1819/1819
f 1814/1823/1823 1914/1819/1819 1920/1822/1822
f 1920/1822/1822 1914/1819/1819 2319/1820/1820
f 1920/1822/1822 2319/1820/1820 2322/1821/1821
f 1800/1837/1837 1801/1999/1999 1771/1836/1836
f 1771/1836/1836 1801/1999/1999 1772/1998/1998
f 1771/1836/1836 1772/1998/1998 1742/2055/2055
f 1742/1892/1892 1772/2056/2056 1741/2054/2054
f 1742/1892/1892 1741/2054/2054 1687/1891/1891
f 1687/1891/1891 1741/2054/2054 1686/2053/2053
f 1687/1891/1891 1686/2053/2053 1387/1890/1890
f 1387/1890/1890 1686/2053/2053 1381/2052/2052
f 1387/1890/1890 1381/2052/2052 1100/1889/1889
f 1100/1889/1889 1381/2052/2052 1093/2051/2051
f 1100/1889/1889 1093/2051/2051 994/1888/1888
f 994/1888/1888 1093/2051/2051 993/2050/2050
f 994/1888/1888 993/2050/2050 934/1887/1887
f 934/1887/1887 993/2050/2050 926/2049/2049
f 934/1887/1887 926/2049/2049 846/1886/1886
f 846/1886/1886 926/2049/2049 838/2048/2048
f 846/1886/1886 838/2048/2048 707/1885/1885
f 707/1885/1885 838/2048/2048 670/2047/2047
f 707/1885/1885 670/2047/2047 302/1884/1884
f 302/1884/1884 670/2047/2047 274/2046/2046
f 302/1884/1884 274/2046/2046 217/1883/1883
f 217/1883/1883 274/2046/2046 206/2045/2045
f 217/1883/1883 206/2045/2045 124/1882/1882
f 124/1882/1882 206/2045/2045 80/2044/2044
f 124/1882/1882 80/2044/2044 46/1881/1881
f 46/1881/1881 80/2044/2044 44/2043/2043
f 46/1881/1881 44/2043/2043 40/1880/1880
f 40/1880/1880 44/2043/2043 33/2042/2042
f 40/1880/1880 33/2042/2042 34/1879/1879
f 34/1879/1879 33/2042/2042 27/2041/2041
f 34/1879/1879 27/2041/2041 35/1878/1878
f 35/1878/1878 27/2041/2041 31/2040/2040
f 35/1878/1878 31/2040/2040 43/1877/1877
f 43/1877/1877 31/2040/2040 39/2039/2039
f 43/1877/1877 39/2039/2039 59/1876/1876
f 59/1876/1876 39/2039/2039 49/2038/2038
f 59/1876/1876 49/2038/2038 169/1875/1875
f 169/1875/1875 49/2038/2038 147/2037/2037
f 169/1875/1875 147/2037/2037 250/1874/1874
f 250/1874/1874 147/2037/2037 248/2036/2036
f 250/1874/1874 248/2036/2036 504/1873/1873
f 504/1873/1873 248/2036/2036 430/2035/2035
f 504/1873/1873 430/2035/2035 797/1872/1872
f 797/1872/1872 430/2035/2035 787/2034/2034
f 797/1872/1872 787/2034/2034 886/1871/1871
f 886/1871/1871 787/2034/2034 873/2033/2033
f 886/1871/1871 873/2033/2033 971/1870/1870
f 971/1870/1870 873/2033/2033 963/2032/2032
f 971/1870/1870 963/2032/2032 1016/1869/1869
f 1016/1869/1869 963/2032/2032 1014/2031/2031
f 1016/1869/1869 1014/2031/2031 1145/1868/1868
f 1145/1868/1868 1014/2031/2031 1133/2030/2030
f 1145/1868/1868 1133/2030/2030 1600/1867/1867
f 1600/1867/1867 1133/2030/2030 1589/2029/2029
f 1600/1867/1867 1589/2029/2029 1728/1866/1866
f 1728/1866/1866 1589/2029/2029 1727/2028/2028
f 1728/1866/1866 1727/2028/2028 1758/1865/1865
f 1758/1865/1865 1727/2028/2028 1757/2027/2027
f 1758/1865/1865 1757/2027/2027 1787/1864/1864
f 1787/1864/1864 1757/2027/2027 1788/2026/2026
f 1787/1864/1864 1788/2026/2026 1817/1863/1863
f 1817/1863/1863 1788/2026/2026 1818/2025/2025
f 1817/1863/1863 1818/2025/2025 1945/1862/1862
f 1945/1862/1862 1818/2025/2025 1954/2024/2024
f 1945/1862/1862 1954/2024/2024 2338/1861/1861
f 2338/1861/1861 1954/2024/2024 2350/2023/2023
f 2338/1861/1861 2350/2023/2023 2420/1860/1860
f 2420/1860/1860 2350/2023/2023 2422/2022/2022
f 2420/1860/1860 2422/2022/2022 2464/1859/1859
f 2464/1859/1859 2422/2022/2022 2474/2021/2021
f 2464/1859/1859 2474/2021/2021 2552/1858/1858
f 2552/1858/1858 2474/2021/2021 2559/2020/2020
f 2552/1858/1858 2559/2020/2020 2636/1857/1857
f 2636/1857/1857 2559/2020/2020 2645/2019/2019
f 2636/1857/1857 2645/2019/2019 2882/1856/1856
f 2882/1856/1856 2645/2019/2019 2946/2018/2018
f 2882/1856/1856 2946/2018/2018 3043/1855/1855
f 3043/1855/1855 2946/2018/2018 3051/2017/2017
f 3043/1855/1855 3051/2017/2017 3117/2016/2016
f 3117/2016/2016 3051/2017/2017 3107/1967/1967
f 3117/2016/2016 3107/1967/1967 3125/1968/1968
f 1801/1999/1999 1800/1837/1837 1856/2000/2000
f 1856/2000/2000 1800/1837/1837 1855/1838/1838
f 1856/2000/2000 1855/1838/1838 2145/2001/2001
f 2145/2001/2001 1855/1838/1838 2139/1839/1839
f 2145/2001/2001 2139/1839/1839 2372/1840/1840
f 2145/2001/2001 2372/1840/1840 2375/2002/2002
f 2375/2002/2002 2372/1840/1840 2439/1841/1841
f 2375/2002/2002 2439/1841/1841 2440/2003/2003
f 2440/2003/2003 2439/1841/1841 2512/2004/2004
f 2440/2003/2003 2512/2004/2004 2510/1987/1987
f 2510/1987/1987 2512/2004/2004 2593/1986/1986
f 2593/1986/1986 2512/2004/2004 2600/2005/2005
f 2593/1986/1986 2600/2005/2005 2735/1985/1985
f 2735/1985/1985 2600/2005/2005 2768/2006/2006
f 2735/1985/1985 2768/2006/2006 3023/1984/1984
f 3023/1984/1984 2768/2006/2006 3035/2007/2007
f 3023/1984/1984 3035/2007/2007 3065/1983/1983
f 3065/1983/1983 3035/2007/2007 3073/2008/2008
f 3065/1983/1983 3073/2008/2008 3160/1982/1982
f 3160/1982/1982 3073/2008/2008 3237/2009/2009
f 3160/1982/1982 3237/2009/2009 3365/1981/1981
f 3365/1981/1981 3237/2009/2009 3366/2010/2010
f 3365/1981/1981 3366/2010/2010 3376/1980/1980
f 3376/1980/1980 3366/2010/2010 3375/2011/2011
f 3376/1980/1980 3375/2011/2011 3382/1979/1979
f 3382/1979/1979 3375/2011/2011 3380/2012/2012
f 3382/1979/1979 3380/2012/2012 3383/1978/1978
f 3383/1978/1978 3380/2012/2012 3378/2013/2013
f 3383/1978/1978 3378/2013/2013 3381/1977/1977
f 3381/1977/1977 3378/2013/2013 3371/2014/2014
f 3381/1977/1977 3371/2014/2014 3372/1976/1976
f 3372/1976/1976 3371/2014/2014 3326/2015/2015
f 3372/1976/1976 3326/2015/2015 3318/1974/1974
f 3318/1974/1974 3326/2015/2015 3312/1973/1973
f 3312/1973/1973 3326/2015/2015 3301/1972/1972
f 3301/1972/1972 3326/2015/2015 3282/1971/1971
f 3282/1971/1971 3326/2015/2015 3269/1970/1970
f 3269/1970/1970 3326/2015/2015 3117/2016/2016
f 3269/1970/1970 3117/2016/2016 3157/1969/1969
f 3157/1969/1969 3117/2016/2016 3125/1968/1968
f 2439/1841/1841 2499/1842/1842 2512/2004/2004
f 2512/2004/2004 2499/1842/1842 2600/2005/2005
f 2499/1842/1842 2590/1843/1843 2600/2005/2005
f 2600/2005/2005 2590/1843/1843 2768/2006/2006
f 2590/1843/1843 2728/1844/1844 2768/2006/2006
f 2768/2006/2006 2728/1844/1844 3035/2007/2007
f 2728/1844/1844 3022/1845/1845 3035/2007/2007
f 3035/2007/2007 3022/1845/1845 3073/2008/2008
f 3022/1845/1845 3061/1846/1846 3073/2008/2008
f 3073/2008/2008 3061/1846/1846 3237/2009/2009
f 3061/1846/1846 3150/1847/1847 3237/2009/2009
f 3237/2009/2009 3150/1847/1847 3366/2010/2010
f 3150/1847/1847 3338/1848/1848 3366/2010/2010
f 3366/2010/2010 3338/1848/1848 3375/2011/2011
f 3338/1848/1848 3370/1849/1849 3375/2011/2011
f 3375/2011/2011 3370/1849/1849 3380/2012/2012
f 3370/1849/1849 3374/1850/1850 3380/2012/2012
f 3380/2012/2012 3374/1850/1850 3378/2013/2013
f 3374/1850/1850 3373/1851/1851 3378/2013/2013
f 3378/2013/2013 3373/1851/1851 3371/2014/2014
f 3373/1851/1851 3367/1852/1852 3371/2014/2014
f 3371/2014/2014 3367/1852/1852 3326/2015/2015
f 3367/1852/1852 3281/1853/1853 3326/2015/2015
f 3326/2015/2015 3281/1853/1853 3102/1854/1854
f 3326/2015/2015 3102/1854/1854 3117/2016/2016
f 3117/2016/2016 3102/1854/1854 3043/1855/1855
f 2150/1893/1893 1862/1894/1894 2144/1997/1997
f 2144/1997/1997 1862/1894/1894 1856/2000/2000
f 2144/1997/1997 1856/2000/2000 2145/2001/2001
f 1862/1894/1894 1804/1895/1895 1856/2000/2000
f 1856/2000/2000 1804/1895/1895 1801/1999/1999
f 1804/1895/1895 1775/2057/2057 1801/1999/1999
f 1801/1999/1999 1775/2058/2058 1772/1998/1998
f 1775/1896/1896 1744/1897/1897 1772/2059/2059
f 1772/2060/2060 1744/1897/1897 1741/2054/2054
f 1744/1897/1897 1696/1898/1898 1741/2054/2054
f 1741/2054/2054 1696/1898/1898 1686/2053/2053
f 1696/1898/1898 1537/1899/1899 1686/2053/2053
f 1686/2053/2053 1537/1899/1899 1381/2052/2052
f 1537/1899/1899 1119/1900/1900 1381/2052/2052
f 1381/2052/2052 1119/1900/1900 1093/2051/2051
f 1119/1900/1900 1000/1901/1901 1093/2051/2051
f 1093/2051/2051 1000/1901/1901 993/2050/2050
f 1000/1901/1901 952/1902/1902 993/2050/2050
f 993/2050/2050 952/1902/1902 926/2049/2049
f 952/1902/1902 872/1903/1903 926/2049/2049
f 926/2049/2049 872/1903/1903 838/2048/2048
f 872/1903/1903 786/1904/1904 838/2048/2048
f 838/2048/2048 786/1904/1904 670/2047/2047
f 786/1904/1904 441/1905/1905 670/2047/2047
f 670/2047/2047 441/1905/1905 274/2046/2046
f 441/1905/1905 249/1906/1906 274/2046/2046
f 274/2046/2046 249/1906/1906 206/2045/2045
f 249/1906/1906 149/1907/1907 206/2045/2045
f 206/2045/2045 149/1907/1907 164/1908/1908
f 206/2045/2045 164/1908/1908 141/1909/1909
f 206/2045/2045 141/1909/1909 80/2044/2044
f 80/2044/2044 141/1909/1909 104/1910/1910
f 80/2044/2044 104/1910/1910 63/1911/1911
f 63/1911/1911 58/1912/1912 80/2044/2044
f 80/2044/2044 58/1912/1912 53/1913/1913
f 80/2044/2044 53/1913/1913 52/1914/1914
f 80/2044/2044 52/1914/1914 44/2043/2043
f 44/2043/2043 52/1914/1914 51/1915/1915
f 44/2043/2043 51/1915/1915 38/1917/1917
f 38/1917/1917 51/1915/1915 48/1916/1916
f 38/1917/1917 28/1918/1918 44/2043/2043
f 44/2043/2043 28/1918/1918 33/2042/2042
f 17/1919/1919 19/1920/1920 28/1918/1918
f 28/1918/1918 19/1920/1920 33/2042/2042
f 33/2042/2042 19/1920/1920 27/2041/2041
f 27/2041/2041 19/1920/1920 26/1921/1921
f 27/2041/2041 26/1921/1921 25/1922/1922
f 25/1922/1922 22/1923/1923 27/2041/2041
f 27/2041/2041 22/1923/1923 20/1924/1924
f 27/2041/2041 20/1924/1924 21/1925/1925
f 27/2041/2041 21/1925/1925 31/2040/2040
f 31/2040/2040 21/1925/1925 24/1926/1926
f 31/2040/2040 24/1926/1926 23/1927/1927
f 23/1927/1927 18/1928/1928 31/2040/2040
f 31/2040/2040 18/1928/1928 30/1930/1930
f 31/2040/2040 30/1930/1930 39/2039/2039
f 39/2039/2039 30/1930/1930 42/1931/1931
f 39/2039/2039 42/1931/1931 49/2038/2038
f 49/2038/2038 42/1931/1931 67/1932/1932
f 49/2038/2038 67/1932/1932 147/2037/2037
f 147/2037/2037 67/1932/1932 201/1933/1933
f 147/2037/2037 201/1933/1933 248/2036/2036
f 248/2036/2036 201/1933/1933 263/1934/1934
f 248/2036/2036 263/1934/1934 430/2035/2035
f 430/2035/2035 263/1934/1934 658/1935/1935
f 430/2035/2035 658/1935/1935 787/2034/2034
f 787/2034/2034 658/1935/1935 823/1936/1936
f 787/2034/2034 823/1936/1936 873/2033/2033
f 873/2033/2033 823/1936/1936 914/1937/1937
f 873/2033/2033 914/1937/1937 963/2032/2032
f 963/2032/2032 914/1937/1937 989/1938/1938
f 963/2032/2032 989/1938/1938 1014/2031/2031
f 1014/2031/2031 989/1938/1938 1067/1939/1939
f 1014/2031/2031 1067/1939/1939 1074/1940/1940
f 18/1928/1928 16/1929/1929 30/1930/1930
f 1074/1940/1940 1077/1941/1941 1014/2031/2031
f 1014/2031/2031 1077/1941/1941 1084/1942/1942
f 1014/2031/2031 1084/1942/1942 1092/1943/1943
f 1014/2031/2031 1092/1943/1943 1133/2030/2030
f 1133/2030/2030 1092/1943/1943 1104/1944/1944
f 1133/2030/2030 1104/1944/1944 1117/1945/1945
f 1117/1945/1945 1141/1946/1946 1133/2030/2030
f 1133/2030/2030 1141/1946/1946 1211/1947/1947
f 1133/2030/2030 1211/1947/1947 1283/1948/1948
f 1133/2030/2030 1283/1948/1948 1589/2029/2029
f 1589/2029/2029 1283/1948/1948 1360/1949/1949
f 1589/2029/2029 1360/1949/1949 1377/1950/1950
f 1377/1950/1950 1382/1951/1951 1589/2029/2029
f 1589/2029/2029 1382/1951/1951 1680/1953/1953
f 1589/2029/2029 1680/1953/1953 1727/2028/2028
f 1727/2028/2028 1680/1953/1953 1738/1954/1954
f 1727/2028/2028 1738/1954/1954 1757/2027/2027
f 1757/2027/2027 1738/1954/1954 1767/1955/1955
f 1757/2027/2027 1767/1955/1955 1788/2026/2026
f 1788/2026/2026 1767/1955/1955 1795/1956/1956
f 1788/2026/2026 1795/1956/1956 1818/2025/2025
f 1818/2025/2025 1795/1956/1956 1843/1957/1957
f 1818/2025/2025 1843/1957/1957 1954/2024/2024
f 1954/2024/2024 1843/1957/1957 1988/1958/1958
f 1954/2024/2024 1988/1958/1958 2350/2023/2023
f 2350/2023/2023 1988/1958/1958 2359/1959/1959
f 2350/2023/2023 2359/1959/1959 2422/2022/2022
f 2422/2022/2022 2359/1959/1959 2430/1960/1960
f 2422/2022/2022 2430/1960/1960 2474/2021/2021
f 2474/2021/2021 2430/1960/1960 2480/1961/1961
f 2474/2021/2021 2480/1961/1961 2560/1962/1962
f 1382/1951/1951 1376/1952/1952 1680/1953/1953
f 2474/2021/2021 2560/1962/1962 2559/2020/2020
f 2559/2020/2020 2560/1962/1962 2648/1963/1963
f 2559/2020/2020 2648/1963/1963 2645/2019/2019
f 2645/2019/2019 2648/1963/1963 2930/1964/1964
f 2645/2019/2019 2930/1964/1964 2946/2018/2018
f 2946/2018/2018 2930/1964/1964 3049/1965/1965
f 2946/2018/2018 3049/1965/1965 3051/2017/2017
f 3051/2017/2017 3049/1965/1965 3115/1966/1966
f 3051/2017/2017 3115/1966/1966 3107/1967/1967
f 3318/1974/1974 3331/1975/1975 3372/1976/1976
f 2510/1987/1987 2441/1988/1988 2440/2003/2003
f 2440/2003/2003 2441/1988/1988 2375/2002/2002
f 2379/1989/1989 2378/1990/1990 2441/1988/1988
f 2441/1988/1988 2378/1990/1990 2375/2002/2002
f 2378/1990/1990 2363/1991/1991 2375/2002/2002
f 2375/2002/2002 2363/1991/1991 2351/1992/1992
f 2375/2002/2002 2351/1992/1992 2145/2001/2001
f 2145/2001/2001 2351/1992/1992 2293/1993/1993
f 2145/2001/2001 2293/1993/1993 2247/1994/1994
f 2247/1994/1994 2166/1995/1995 2145/2001/2001
f 2145/2001/2001 2166/1995/1995 2149/1996/1996
f 2145/2001/2001 2149/1996/1996 2144/1997/1997
f 1/2068/2068 4/2061/2061 6/2067/2067
f 6/2067/2067 4/2061/2061 7/2062/2062
f 6/2067/2067 7/2062/2062 11/2066/2066
f 11/2066/2066 7/2062/2062 12/2063/2063
f 11/2066/2066 12/2063/2063 32/2064/2064
f 32/2064/2064 29/2065/2065 11/2066/2066
f 2404/2069/2069 2400/2070/2070 2451/2098/2098
f 2451/2098/2098 2400/2070/2070 2450/2071/2071
f 2451/2098/2098 2450/2071/2071 2545/2097/2097
f 2545/2097/2097 2450/2071/2071 2542/2072/2072
f 2545/2097/2097 2542/2072/2072 2635/2096/2096
f 2635/2096/2096 2542/2072/2072 2634/2073/2073
f 2635/2096/2096 2634/2073/2073 2925/2095/2095
f 2925/2095/2095 2634/2073/2073 2919/2074/2074
f 2925/2095/2095 2919/2074/2074 3055/2094/2094
f 3055/2094/2094 2919/2074/2074 3054/2075/2075
f 3055/2094/2094 3054/2075/2075 3159/2093/2093
f 3159/2093/2093 3054/2075/2075 3154/2076/2076
f 3159/2093/2093 3154/2076/2076 3369/2092/2092
f 3369/2092/2092 3154/2076/2076 3368/2077/2077
f 3369/2092/2092 3368/2077/2077 3384/2078/2078
f 3369/2092/2092 3384/2078/2078 3385/2091/2091
f 3385/2091/2091 3384/2078/2078 3388/2079/2079
f 3385/2091/2091 3388/2079/2079 3389/2090/2090
f 3389/2090/2090 3388/2079/2079 3392/2080/2080
f 3389/2090/2090 3392/2080/2080 3393/2089/2089
f 3393/2089/2089 3392/2080/2080 3394/2081/2081
f 3393/2089/2089 3394/2081/2081 3395/2088/2088
f 3395/2088/2088 3394/2081/2081 3390/2082/2082
f 3395/2088/2088 3390/2082/2082 3391/2087/2087
f 3391/2087/2087 3390/2082/2082 3386/2083/2083
f 3391/2087/2087 3386/2083/2083 3387/2086/2086
f 3387/2086/2086 3386/2083/2083 3377/2084/2084
f 3387/2086/2086 3377/2084/2084 3379/2085/2085
f 74/2099/2099 32/2100/2100 57/2109/2109
f 57/2109/2109 32/2100/2100 50/2108/2108
f 50/2108/2108 32/2100/2100 48/2107/2107
f 48/2107/2107 32/2100/2100 38/2106/2106
f 38/2106/2106 32/2100/2100 12/2101/2101
f 38/2106/2106 12/2101/2101 28/2105/2105
f 28/2105/2105 12/2101/2101 7/2102/2102
f 28/2105/2105 7/2102/2102 17/2104/2104
f 17/2104/2104 7/2102/2102 4/2103/2103
f 1914/2111/2111 1862/2138/2138 2319/2110/2110
f 2319/2110/2110 1862/2138/2138 2150/2139/2139
f 2319/2110/2110 2150/2139/2139 2171/2140/2140
f 1862/2138/2138 1914/2111/2111 1804/2137/2137
f 1804/2137/2137 1914/2111/2111 1813/2112/2112
f 1804/2137/2137 1813/2112/2112 1781/2113/2113
f 1804/2137/2137 1781/2113/2113 1775/2136/2136
f 1775/2136/2136 1781/2113/2113 1750/2114/2114
f 1775/2136/2136 1750/2114/2114 1744/2135/2135
f 1744/2135/2135 1750/2114/2114 1698/2115/2115
f 1744/2135/2135 1698/2115/2115 1696/2134/2134
f 1696/2134/2134 1698/2115/2115 1507/2116/2116
f 1696/2134/2134 1507/2116/2116 1537/2133/2133
f 1537/2133/2133 1507/2116/2116 1115/2117/2117
f 1537/2133/2133 1115/2117/2117 1119/2132/2132
f 1119/2132/2132 1115/2117/2117 999/2118/2118
f 1119/2132/2132 999/2118/2118 1000/2131/2131
f 1000/2131/2131 999/2118/2118 937/2119/2119
f 1000/2131/2131 937/2119/2119 952/2130/2130
f 952/2130/2130 937/2119/2119 849/2120/2120
f 952/2130/2130 849/2120/2120 872/2129/2129
f 872/2129/2129 849/2120/2120 680/2121/2121
f 872/2129/2129 680/2121/2121 786/2128/2128
f 786/2128/2128 680/2121/2121 260/2122/2122
f 786/2128/2128 260/2122/2122 441/2127/2127
f 441/2127/2127 260/2122/2122 174/2123/2123
f 441/2127/2127 174/2123/2123 249/2126/2126
f 249/2126/2126 174/2123/2123 47/2124/2124
f 249/2126/2126 47/2124/2124 149/2125/2125
f 2171/2140/2140 2207/2141/2141 2319/2110/2110
f 2319/2110/2110 2207/2141/2141 2190/2142/2142
f 3386/2144/2144 3372/2171/2171 3377/2143/2143
f 3377/2143/2143 3372/2171/2171 3331/2172/2172
f 3377/2143/2143 3331/2172/2172 3319/2173/2173
f 3372/2171/2171 3386/2144/2144 3381/2170/2170
f 3381/2170/2170 3386/2144/2144 3390/2145/2145
f 3381/2170/2170 3390/2145/2145 3394/2146/2146
f 3381/2170/2170 3394/2146/2146 3383/2169/2169
f 3383/2169/2169 3394/2146/2146 3392/2147/2147
f 3383/2169/2169 3392/2147/2147 3382/2168/2168
f 3382/2168/2168 3392/2147/2147 3388/2148/2148
f 3382/2168/2168 3388/2148/2148 3376/2167/2167
f 3376/2167/2167 3388/2148/2148 3384/2149/2149
f 3376/2167/2167 3384/2149/2149 3365/2166/2166
f 3365/2166/2166 3384/2149/2149 3368/2150/2150
f 3365/2166/2166 3368/2150/2150 3160/2165/2165
f 3160/2165/2165 3368/2150/2150 3154/2151/2151
f 3160/2165/2165 3154/2151/2151 3065/2164/2164
f 3065/2164/2164 3154/2151/2151 3054/2152/2152
f 3065/2164/2164 3054/2152/2152 3023/2163/2163
f 3023/2163/2163 3054/2152/2152 2919/2153/2153
f 3023/2163/2163 2919/2153/2153 2735/2162/2162
f 2735/2162/2162 2919/2153/2153 2634/2154/2154
f 2735/2162/2162 2634/2154/2154 2593/2161/2161
f 2593/2161/2161 2634/2154/2154 2542/2155/2155
f 2593/2161/2161 2542/2155/2155 2510/2160/2160
f 2510/2160/2160 2542/2155/2155 2450/2156/2156
f 2510/2160/2160 2450/2156/2156 2441/2159/2159
f 2441/2159/2159 2450/2156/2156 2400/2157/2157
f 2441/2159/2159 2400/2157/2157 2379/2158/2158
f 3319/2173/2173 3285/2174/2174 3377/2143/2143
f 3377/2143/2143 3285/2174/2174 3256/2175/2175
f 1257/2177/2177 1654/2178/2178 1260/2176/2176
f 1260/2176/2176 1654/2178/2178 1655/2205/2205
f 1655/2205/2205 1654/2178/2178 1734/2179/2179
f 1655/2205/2205 1734/2179/2179 1735/2204/2204
f 1735/2204/2204 1734/2179/2179 1764/2180/2180
f 1735/2204/2204 1764/2180/2180 1766/2203/2203
f 1766/2203/2203 1764/2180/2180 1798/2181/2181
f 1766/2203/2203 1798/2181/2181 1797/2202/2202
f 1797/2202/2202 1798/2181/2181 1846/2182/2182
f 1797/2202/2202 1846/2182/2182 1845/2201/2201
f 1845/2201/2201 1846/2182/2182 2062/2183/2183
f 1845/2201/2201 2062/2183/2183 2058/2200/2200
f 2058/2200/2200 2062/2183/2183 2369/2184/2184
f 2058/2200/2200 2369/2184/2184 2367/2199/2199
f 2367/2199/2199 2369/2184/2184 2437/2185/2185
f 2367/2199/2199 2437/2185/2185 2435/2198/2198
f 2435/2198/2198 2437/2185/2185 2496/2197/2197
f 2496/2197/2197 2437/2185/2185 2497/2186/2186
f 2496/2197/2197 2497/2186/2186 2594/2196/2196
f 2594/2196/2196 2497/2186/2186 2595/2187/2187
f 2594/2196/2196 2595/2187/2187 2767/2195/2195
f 2767/2195/2195 2595/2187/2187 2770/2188/2188
f 2767/2195/2195 2770/2188/2188 3039/2194/2194
f 3039/2194/2194 2770/2188/2188 3040/2189/2189
f 3039/2194/2194 3040/2189/2189 3100/2193/2193
f 3100/2193/2193 3040/2189/2189 3104/2190/2190
f 3100/2193/2193 3104/2190/2190 3334/2192/2192
f 3334/2192/2192 3104/2190/2190 3337/2191/2191
f 1655/2207/2207 1680/2234/2234 1260/2206/2206
f 1260/2206/2206 1680/2234/2234 1191/2239/2239
f 1260/2206/2206 1191/2239/2239 1187/2240/2240
f 1680/2234/2234 1655/2207/2207 1738/2233/2233
f 1738/2233/2233 1655/2207/2207 1735/2208/2208
f 1738/2233/2233 1735/2208/2208 1767/2232/2232
f 1767/2232/2232 1735/2208/2208 1766/2209/2209
f 1767/2232/2232 1766/2209/2209 1797/2210/2210
f 1767/2232/2232 1797/2210/2210 1795/2231/2231
f 1795/2231/2231 1797/2210/2210 1845/2211/2211
f 1795/2231/2231 1845/2211/2211 1843/2230/2230
f 1843/2230/2230 1845/2211/2211 2058/2212/2212
f 1843/2230/2230 2058/2212/2212 1988/2229/2229
f 1988/2229/2229 2058/2212/2212 2367/2213/2213
f 1988/2229/2229 2367/2213/2213 2359/2228/2228
f 2359/2228/2228 2367/2213/2213 2435/2214/2214
f 2359/2228/2228 2435/2214/2214 2430/2227/2227
f 2430/2227/2227 2435/2214/2214 2496/2215/2215
f 2430/2227/2227 2496/2215/2215 2480/2226/2226
f 2480/2226/2226 2496/2215/2215 2594/2216/2216
f 2480/2226/2226 2594/2216/2216 2560/2225/2225
f 2560/2225/2225 2594/2216/2216 2767/2217/2217
f 2560/2225/2225 2767/2217/2217 2648/2224/2224
f 2648/2224/2224 2767/2217/2217 3039/2218/2218
f 2648/2224/2224 3039/2218/2218 2930/2223/2223
f 2930/2223/2223 3039/2218/2218 3100/2219/2219
f 2930/2223/2223 3100/2219/2219 3049/2222/2222
f 3049/2222/2222 3100/2219/2219 3334/2220/2220
f 3049/2222/2222 3334/2220/2220 3115/2221/2221
f 1680/2234/2234 1376/2235/2235 1191/2239/2239
f 1191/2239/2239 1376/2235/2235 1355/2236/2236
f 1191/2239/2239 1355/2236/2236 1320/2237/2237
f 1320/2237/2237 1336/2238/2238 1191/2239/2239
f 1187/2240/2240 1212/2241/2241 1260/2206/2206
f 90/2243/2243 87/2247/2247 103/2242/2242
f 103/2242/2242 87/2247/2247 127/2248/2248
f 103/2242/2242 127/2248/2248 134/2256/2256
f 134/2256/2256 127/2248/2248 142/2255/2255
f 142/2255/2255 127/2248/2248 151/2254/2254
f 151/2254/2254 127/2248/2248 156/2252/2252
f 151/2254/2254 156/2252/2252 165/2253/2253
f 90/2243/2243 82/2244/2244 87/2247/2247
f 87/2247/2247 82/2244/2244 65/2246/2246
f 65/2246/2246 82/2244/2244 73/2245/2245
f 150/2249/2249 152/2250/2250 127/2248/2248
f 127/2248/2248 152/2250/2250 153/2251/2251
f 127/2248/2248 153/2251/2251 156/2252/2252
f 134/2256/2256 132/2257/2257 103/2242/2242
f 103/2242/2242 132/2257/2257 114/2258/2258
f 103/2242/2242 114/2258/2258 106/2259/2259
f 129/2260/2260 177/2261/2261 170/2283/2283
f 170/2283/2283 177/2261/2261 246/2262/2262
f 170/2283/2283 246/2262/2262 546/2265/2265
f 546/2265/2265 246/2262/2262 290/2263/2263
f 546/2265/2265 290/2263/2263 447/2264/2264
f 170/2283/2283 546/2265/2265 234/2282/2282
f 234/2282/2282 546/2265/2265 710/2266/2266
f 234/2282/2282 710/2266/2266 285/2281/2281
f 285/2281/2281 710/2266/2266 798/2267/2267
f 285/2281/2281 798/2267/2267 627/2280/2280
f 627/2280/2280 798/2267/2267 855/2268/2268
f 627/2280/2280 855/2268/2268 810/2279/2279
f 810/2279/2279 855/2268/2268 915/2269/2269
f 810/2279/2279 915/2269/2269 887/2278/2278
f 887/2278/2278 915/2269/2269 981/2270/2270
f 887/2278/2278 981/2270/2270 958/2277/2277
f 958/2277/2277 981/2270/2270 1002/2271/2271
f 958/2277/2277 1002/2271/2271 1003/2276/2276
f 1003/2276/2276 1002/2271/2271 1070/2273/2273
f 1003/2276/2276 1070/2273/2273 1018/2275/2275
f 1018/2275/2275 1070/2273/2273 1042/2274/2274
f 1002/2271/2271 1113/2272/2272 1070/2273/2273
f 3220/2284/2284 3219/2285/2285 3198/2298/2298
f 3198/2298/2298 3219/2285/2285 3218/2286/2286
f 3198/2298/2298 3218/2286/2286 3217/2287/2287
f 3217/2287/2287 3215/2288/2288 3198/2298/2298
f 3198/2298/2298 3215/2288/2288 3195/2297/2297
f 3195/2297/2297 3215/2288/2288 3213/2289/2289
f 3195/2297/2297 3213/2289/2289 3211/2290/2290
f 3211/2290/2290 3207/2291/2291 3195/2297/2297
f 3195/2297/2297 3207/2291/2291 3188/2296/2296
f 3188/2296/2296 3207/2291/2291 3204/2292/2292
f 3188/2296/2296 3204/2292/2292 3193/2293/2293
f 3193/2293/2293 3185/2294/2294 3188/2296/2296
f 3188/2296/2296 3185/2294/2294 3178/2295/2295
f 2935/2299/2299 3130/2300/2300 2905/2313/2313
f 2905/2313/2313 3130/2300/2300 3151/2305/2305
f 2905/2313/2313 3151/2305/2305 3120/2306/2306
f 3130/2300/2300 3133/2301/2301 3151/2305/2305
f 3151/2305/2305 3133/2301/2301 3138/2302/2302
f 3151/2305/2305 3138/2302/2302 3140/2303/2303
f 3140/2303/2303 3168/2304/2304 3151/2305/2305
f 3106/2307/2307 3053/2310/2310 3120/2306/2306
f 3120/2306/2306 3053/2310/2310 2869/2312/2312
f 3120/2306/2306 2869/2312/2312 2905/2313/2313
f 3089/2308/2308 3064/2309/2309 3106/2307/2307
f 3106/2307/2307 3064/2309/2309 3053/2310/2310
f 3053/2310/2310 2802/2311/2311 2869/2312/2312
f 968/2315/2315 1003/2336/2336 1012/2314/2314
f 1012/2314/2314 1003/2336/2336 1004/2337/2337
f 1012/2314/2314 1004/2337/2337 1005/2338/2338
f 1003/2336/2336 968/2315/2315 958/2335/2335
f 958/2335/2335 968/2315/2315 893/2316/2316
f 958/2335/2335 893/2316/2316 887/2334/2334
f 887/2334/2334 893/2316/2316 817/2317/2317
f 887/2334/2334 817/2317/2317 810/2333/2333
f 810/2333/2333 817/2317/2317 665/2318/2318
f 810/2333/2333 665/2318/2318 627/2332/2332
f 627/2332/2332 665/2318/2318 301/2319/2319
f 627/2332/2332 301/2319/2319 285/2331/2331
f 285/2331/2331 301/2319/2319 237/2320/2320
f 285/2331/2331 237/2320/2320 234/2330/2330
f 234/2330/2330 237/2320/2320 172/2321/2321
f 234/2330/2330 172/2321/2321 170/2329/2329
f 170/2329/2329 172/2321/2321 115/2322/2322
f 170/2329/2329 115/2322/2322 129/2328/2328
f 129/2328/2328 115/2322/2322 95/2327/2327
f 95/2327/2327 115/2322/2322 64/2323/2323
f 95/2327/2327 64/2323/2323 84/2326/2326
f 84/2326/2326 64/2323/2323 79/2325/2325
f 79/2325/2325 64/2323/2323 72/2324/2324
f 1005/2338/2338 1006/2339/2339 1012/2314/2314
f 158/2341/2341 134/2344/2344 186/2340/2340
f 186/2340/2340 134/2344/2344 142/2345/2345
f 186/2340/2340 142/2345/2345 247/2356/2356
f 247/2356/2356 142/2345/2345 151/2346/2346
f 247/2356/2356 151/2346/2346 242/2350/2350
f 242/2350/2350 151/2346/2346 165/2347/2347
f 242/2350/2350 165/2347/2347 214/2349/2349
f 214/2349/2349 165/2347/2347 195/2348/2348
f 158/2341/2341 146/2342/2342 134/2344/2344
f 134/2344/2344 146/2342/2342 137/2343/2343
f 623/2351/2351 532/2352/2352 242/2350/2350
f 242/2350/2350 532/2352/2352 247/2356/2356
f 247/2356/2356 532/2352/2352 291/2355/2355
f 291/2355/2355 532/2352/2352 487/2353/2353
f 291/2355/2355 487/2353/2353 448/2354/2354
f 3245/2357/2357 3240/2358/2358 3248/2365/2365
f 3248/2365/2365 3240/2358/2358 3238/2359/2359
f 3248/2365/2365 3238/2359/2359 3249/2364/2364
f 3249/2364/2364 3238/2359/2359 3239/2360/2360
f 3249/2364/2364 3239/2360/2360 3241/2361/2361
f 3243/2362/2362 3246/2363/2363 3241/2361/2361
f 3241/2361/2361 3246/2363/2363 3249/2364/2364
f 3134/2391/2391 3131/2366/2366 3126/2387/2387
f 3126/2387/2387 3131/2366/2366 2936/2367/2367
f 3126/2387/2387 2936/2367/2367 2873/2368/2368
f 3126/2387/2387 2873/2368/2368 3087/2386/2386
f 3087/2386/2386 2873/2368/2368 2750/2369/2369
f 3087/2386/2386 2750/2369/2369 3052/2385/2385
f 3052/2385/2385 2750/2369/2369 2642/2370/2370
f 3052/2385/2385 2642/2370/2370 3015/2384/2384
f 3015/2384/2384 2642/2370/2370 2769/2383/2383
f 2769/2383/2383 2642/2370/2370 2584/2371/2371
f 2769/2383/2383 2584/2371/2371 2621/2382/2382
f 2621/2382/2382 2584/2371/2371 2526/2372/2372
f 2621/2382/2382 2526/2372/2372 2549/2381/2381
f 2549/2381/2381 2526/2372/2372 2465/2373/2373
f 2549/2381/2381 2465/2373/2373 2472/2380/2380
f 2472/2380/2380 2465/2373/2373 2431/2374/2374
f 2472/2380/2380 2431/2374/2374 2429/2379/2379
f 2429/2379/2379 2431/2374/2374 2393/2376/2376
f 2429/2379/2379 2393/2376/2376 2418/2378/2378
f 2418/2378/2378 2393/2376/2376 2409/2377/2377
f 2431/2374/2374 2364/2375/2375 2393/2376/2376
f 3169/2388/2388 3143/2389/2389 3126/2387/2387
f 3126/2387/2387 3143/2389/2389 3139/2390/2390
f 3126/2387/2387 3139/2390/2390 3134/2391/2391
f 1679/2423/2423 1685/2392/2392 1731/2419/2419
f 1731/2419/2419 1685/2392/2392 1737/2393/2393
f 1731/2419/2419 1737/2393/2393 1761/2418/2418
f 1761/2418/2418 1737/2393/2393 1763/2394/2394
f 1761/2418/2418 1763/2394/2394 1791/2417/2417
f 1791/2417/2417 1763/2394/2394 1792/2395/2395
f 1791/2417/2417 1792/2395/2395 1821/2416/2416
f 1821/2416/2416 1792/2395/2395 1824/2396/2396
f 1821/2416/2416 1824/2396/2396 1939/2415/2415
f 1939/2415/2415 1824/2396/2396 1935/2397/2397
f 1939/2415/2415 1935/2397/2397 2325/2414/2414
f 2325/2414/2414 1935/2397/2397 2317/2398/2398
f 2325/2414/2414 2317/2398/2398 2395/2399/2399
f 2325/2414/2414 2395/2399/2399 2405/2413/2413
f 2405/2413/2413 2395/2399/2399 2446/2400/2400
f 2405/2413/2413 2446/2400/2400 2448/2412/2412
f 2448/2412/2412 2446/2400/2400 2498/2401/2401
f 2448/2412/2412 2498/2401/2401 2519/2411/2411
f 2519/2411/2411 2498/2401/2401 2575/2402/2402
f 2519/2411/2411 2575/2402/2402 2591/2410/2410
f 2591/2410/2410 2575/2402/2402 2657/2403/2403
f 2591/2410/2410 2657/2403/2403 2676/2409/2409
f 2676/2409/2409 2657/2403/2403 2885/2404/2404
f 2676/2409/2409 2885/2404/2404 2987/2408/2408
f 2987/2408/2408 2885/2404/2404 2894/2405/2405
f 2987/2408/2408 2894/2405/2405 2906/2406/2406
f 2906/2406/2406 2937/2407/2407 2987/2408/2408
f 1669/2420/2420 1674/2421/2421 1731/2419/2419
f 1731/2419/2419 1674/2421/2421 1675/2422/2422
f 1731/2419/2419 1675/2422/2422 1679/2423/2423
f 2599/2424/2424 2829/2425/2425 2548/2454/2454
f 2548/2454/2454 2829/2425/2425 2881/2426/2426
f 2548/2454/2454 2881/2426/2426 2913/2427/2427
f 2913/2427/2427 2885/2428/2428 2548/2454/2454
f 2548/2454/2454 2885/2428/2428 2657/2429/2429
f 2548/2454/2454 2657/2429/2429 2484/2453/2453
f 2484/2453/2453 2657/2429/2429 2575/2430/2430
f 2484/2453/2453 2575/2430/2430 2438/2452/2452
f 2438/2452/2452 2575/2430/2430 2498/2431/2431
f 2438/2452/2452 2498/2431/2431 2385/2451/2451
f 2385/2451/2451 2498/2431/2431 2446/2432/2432
f 2385/2451/2451 2446/2432/2432 2301/2450/2450
f 2301/2450/2450 2446/2432/2432 2395/2433/2433
f 2301/2450/2450 2395/2433/2433 1932/2449/2449
f 1932/2449/2449 2395/2433/2433 2317/2434/2434
f 1932/2449/2449 2317/2434/2434 1829/2448/2448
f 1829/2448/2448 2317/2434/2434 1935/2435/2435
f 1829/2448/2448 1935/2435/2435 1824/2436/2436
f 1829/2448/2448 1824/2436/2436 1793/2447/2447
f 1793/2447/2447 1824/2436/2436 1792/2437/2437
f 1793/2447/2447 1792/2437/2437 1768/2446/2446
f 1768/2446/2446 1792/2437/2437 1763/2438/2438
f 1768/2446/2446 1763/2438/2438 1737/2439/2439
f 1685/2440/2440 1646/2442/2442 1737/2439/2439
f 1737/2439/2439 1646/2442/2442 1651/2443/2443
f 1737/2439/2439 1651/2443/2443 1739/2445/2445
f 1739/2445/2445 1651/2443/2443 1693/2444/2444
f 1685/2440/2440 1663/2441/2441 1646/2442/2442
f 1739/2445/2445 1768/2446/2446 1737/2439/2439
f 1800/2511/2511 1771/2455/2455 1770/2512/2512
f 1770/2512/2512 1771/2455/2455 1742/2456/2456
f 1770/2512/2512 1742/2456/2456 1743/2566/2566
f 1743/2566/2566 1742/2456/2456 1687/2457/2457
f 1743/2566/2566 1687/2457/2457 1688/2565/2565
f 1688/2565/2565 1687/2457/2457 1387/2458/2458
f 1688/2565/2565 1387/2458/2458 1414/2564/2564
f 1414/2564/2564 1387/2458/2458 1100/2459/2459
f 1414/2564/2564 1100/2459/2459 1107/2563/2563
f 1107/2563/2563 1100/2459/2459 994/2460/2460
f 1107/2563/2563 994/2460/2460 997/2562/2562
f 997/2562/2562 994/2460/2460 934/2461/2461
f 997/2562/2562 934/2461/2461 942/2561/2561
f 942/2561/2561 934/2461/2461 846/2462/2462
f 942/2561/2561 846/2462/2462 868/2560/2560
f 868/2560/2560 846/2462/2462 707/2463/2463
f 868/2560/2560 707/2463/2463 774/2559/2559
f 774/2559/2559 707/2463/2463 302/2464/2464
f 774/2559/2559 302/2464/2464 442/2558/2558
f 442/2558/2558 302/2464/2464 217/2465/2465
f 442/2558/2558 217/2465/2465 251/2557/2557
f 251/2557/2557 217/2465/2465 124/2466/2466
f 251/2557/2557 124/2466/2466 204/2556/2556
f 204/2556/2556 124/2466/2466 46/2467/2467
f 204/2556/2556 46/2467/2467 139/2555/2555
f 139/2555/2555 46/2467/2467 40/2468/2468
f 139/2555/2555 40/2468/2468 81/2554/2554
f 81/2554/2554 40/2468/2468 34/2469/2469
f 81/2554/2554 34/2469/2469 69/2553/2553
f 69/2553/2553 34/2469/2469 35/2470/2470
f 69/2553/2553 35/2470/2470 105/2552/2552
f 105/2552/2552 35/2470/2470 43/2471/2471
f 105/2552/2552 43/2471/2471 157/2551/2551
f 157/2551/2551 43/2471/2471 59/2472/2472
f 157/2551/2551 59/2472/2472 230/2550/2550
f 230/2550/2550 59/2472/2472 169/2473/2473
f 230/2550/2550 169/2473/2473 292/2549/2549
f 292/2549/2549 169/2473/2473 250/2474/2474
f 292/2549/2549 250/2474/2474 659/2548/2548
f 659/2548/2548 250/2474/2474 504/2475/2475
f 659/2548/2548 504/2475/2475 818/2547/2547
f 818/2547/2547 504/2475/2475 797/2476/2476
f 818/2547/2547 797/2476/2476 903/2546/2546
f 903/2546/2546 797/2476/2476 886/2477/2477
f 903/2546/2546 886/2477/2477 987/2545/2545
f 987/2545/2545 886/2477/2477 971/2478/2478
f 987/2545/2545 971/2478/2478 1024/2544/2544
f 1024/2544/2544 971/2478/2478 1016/2479/2479
f 1024/2544/2544 1016/2479/2479 1154/2543/2543
f 1154/2543/2543 1016/2479/2479 1145/2480/2480
f 1154/2543/2543 1145/2480/2480 1609/2542/2542
f 1609/2542/2542 1145/2480/2480 1600/2481/2481
f 1609/2542/2542 1600/2481/2481 1729/2541/2541
f 1729/2541/2541 1600/2481/2481 1728/2482/2482
f 1729/2541/2541 1728/2482/2482 1759/2540/2540
f 1759/2540/2540 1728/2482/2482 1758/2483/2483
f 1759/2540/2540 1758/2483/2483 1786/2539/2539
f 1786/2539/2539 1758/2483/2483 1787/2484/2484
f 1786/2539/2539 1787/2484/2484 1817/2485/2485
f 1786/2539/2539 1817/2485/2485 1816/2538/2538
f 1816/2538/2538 1817/2485/2485 1945/2486/2486
f 1816/2538/2538 1945/2486/2486 1936/2537/2537
f 1936/2537/2537 1945/2486/2486 2338/2487/2487
f 1936/2537/2537 2338/2487/2487 2334/2536/2536
f 2334/2536/2536 2338/2487/2487 2420/2488/2488
f 2334/2536/2536 2420/2488/2488 2414/2535/2535
f 2414/2535/2535 2420/2488/2488 2464/2489/2489
f 2414/2535/2535 2464/2489/2489 2452/2534/2534
f 2452/2534/2534 2464/2489/2489 2552/2490/2490
f 2452/2534/2534 2552/2490/2490 2534/2533/2533
f 2534/2533/2533 2552/2490/2490 2636/2491/2491
f 2534/2533/2533 2636/2491/2491 2620/2532/2532
f 2620/2532/2532 2636/2491/2491 2882/2492/2492
f 2620/2532/2532 2882/2492/2492 2780/2531/2531
f 2780/2531/2531 2882/2492/2492 3043/2493/2493
f 2780/2531/2531 3043/2493/2493 3028/2530/2530
f 3028/2530/2530 3043/2493/2493 3102/2494/2494
f 3028/2530/2530 3102/2494/2494 3058/2529/2529
f 3058/2529/2529 3102/2494/2494 3281/2495/2495
f 3058/2529/2529 3281/2495/2495 3109/2528/2528
f 3109/2528/2528 3281/2495/2495 3367/2496/2496
f 3109/2528/2528 3367/2496/2496 3156/2527/2527
f 3156/2527/2527 3367/2496/2496 3373/2497/2497
f 3156/2527/2527 3373/2497/2497 3264/2526/2526
f 3264/2526/2526 3373/2497/2497 3374/2498/2498
f 3264/2526/2526 3374/2498/2498 3234/2525/2525
f 3234/2525/2525 3374/2498/2498 3370/2499/2499
f 3234/2525/2525 3370/2499/2499 3127/2524/2524
f 3127/2524/2524 3370/2499/2499 3338/2500/2500
f 3127/2524/2524 3338/2500/2500 3075/2523/2523
f 3075/2523/2523 3338/2500/2500 3150/2501/2501
f 3075/2523/2523 3150/2501/2501 3042/2522/2522
f 3042/2522/2522 3150/2501/2501 3061/2502/2502
f 3042/2522/2522 3061/2502/2502 2929/2521/2521
f 2929/2521/2521 3061/2502/2502 3022/2503/2503
f 2929/2521/2521 3022/2503/2503 2658/2520/2520
f 2658/2520/2520 3022/2503/2503 2728/2504/2504
f 2658/2520/2520 2728/2504/2504 2564/2519/2519
f 2564/2519/2519 2728/2504/2504 2590/2505/2505
f 2564/2519/2519 2590/2505/2505 2490/2518/2518
f 2490/2518/2518 2590/2505/2505 2499/2506/2506
f 2490/2518/2518 2499/2506/2506 2434/2517/2517
f 2434/2517/2517 2499/2506/2506 2439/2507/2507
f 2434/2517/2517 2439/2507/2507 2371/2516/2516
f 2371/2516/2516 2439/2507/2507 2372/2508/2508
f 2371/2516/2516 2372/2508/2508 2112/2515/2515
f 2112/2515/2515 2372/2508/2508 2139/2509/2509
f 2112/2515/2515 2139/2509/2509 1854/2514/2514
f 1854/2514/2514 2139/2509/2509 1855/2510/2510
f 1854/2514/2514 1855/2510/2510 1799/2513/2513
f 1799/2513/2513 1855/2510/2510 1800/2511/2511
f 1799/2513/2513 1800/2511/2511 1770/2512/2512
f 839/2567/2567 588/2568/2568 891/2597/2597
f 891/2597/2597 588/2568/2568 505/2569/2569
f 891/2597/2597 505/2569/2569 467/2570/2570
f 467/2570/2570 497/2571/2571 891/2597/2597
f 891/2597/2597 497/2571/2571 775/2572/2572
f 891/2597/2597 775/2572/2572 948/2596/2596
f 948/2596/2596 775/2572/2572 857/2573/2573
f 948/2596/2596 857/2573/2573 995/2595/2595
f 995/2595/2595 857/2573/2573 935/2574/2574
f 995/2595/2595 935/2574/2574 1085/2594/2594
f 1085/2594/2594 935/2574/2574 992/2575/2575
f 1085/2594/2594 992/2575/2575 1201/2593/2593
f 1201/2593/2593 992/2575/2575 1066/2576/2576
f 1201/2593/2593 1066/2576/2576 1613/2592/2592
f 1613/2592/2592 1066/2576/2576 1177/2577/2577
f 1613/2592/2592 1177/2577/2577 1716/2591/2591
f 1716/2591/2591 1177/2577/2577 1610/2578/2578
f 1716/2591/2591 1610/2578/2578 1721/2579/2579
f 1716/2591/2591 1721/2579/2579 1752/2590/2590
f 1752/2590/2590 1721/2579/2579 1753/2580/2580
f 1752/2590/2590 1753/2580/2580 1774/2589/2589
f 1774/2589/2589 1753/2580/2580 1780/2581/2581
f 1774/2589/2589 1780/2581/2581 1805/2582/2582
f 1857/2583/2583 1897/2585/2585 1805/2582/2582
f 1805/2582/2582 1897/2585/2585 1892/2586/2586
f 1805/2582/2582 1892/2586/2586 1803/2588/2588
f 1803/2588/2588 1892/2586/2586 1849/2587/2587
f 1857/2583/2583 1879/2584/2584 1897/2585/2585
f 1803/2588/2588 1774/2589/2589 1805/2582/2582
f 1917/2599/2599 1966/2605/2605 1965/2598/2598
f 1965/2598/2598 1966/2605/2605 2016/2606/2606
f 1965/2598/2598 2016/2606/2606 2015/2611/2611
f 2015/2611/2611 2016/2606/2606 2122/2607/2607
f 2015/2611/2611 2122/2607/2607 2121/2610/2610
f 2121/2610/2610 2122/2607/2607 2154/2608/2608
f 2121/2610/2610 2154/2608/2608 2153/2609/2609
f 1966/2605/2605 1917/2599/2599 1918/2604/2604
f 1918/2604/2604 1917/2599/2599 1874/2600/2600
f 1918/2604/2604 1874/2600/2600 1875/2603/2603
f 1875/2603/2603 1874/2600/2600 1860/2601/2601
f 1875/2603/2603 1860/2601/2601 1861/2602/2602
f 1919/2622/2622 1892/2612/2612 1905/2624/2624
f 1905/2624/2624 1892/2612/2612 1897/2613/2613
f 1905/2624/2624 1897/2613/2613 1900/2623/2623
f 1900/2623/2623 1897/2613/2613 1879/2614/2614
f 1900/2623/2623 1879/2614/2614 1889/2625/2625
f 1889/2625/2625 1879/2614/2614 1863/2616/2616
f 1889/2625/2625 1863/2616/2616 1867/2617/2617
f 1879/2614/2614 1857/2615/2615 1863/2616/2616
f 1867/2617/2617 1868/2618/2618 1889/2625/2625
f 1889/2625/2625 1868/2618/2618 1873/2619/2619
f 1889/2625/2625 1873/2619/2619 1903/2620/2620
f 1889/2625/2625 1903/2620/2620 1900/2623/2623
f 1900/2623/2623 1903/2620/2620 1921/2621/2621
f 1900/2623/2623 1921/2621/2621 1905/2624/2624
f 1905/2624/2624 1921/2621/2621 1919/2622/2622
f 2393/2636/2636 2387/2626/2626 2397/2638/2638
f 2397/2638/2638 2387/2626/2626 2402/2627/2627
f 2397/2638/2638 2402/2627/2627 2413/2637/2637
f 2413/2637/2637 2402/2627/2627 2415/2628/2628
f 2413/2637/2637 2415/2628/2628 2421/2639/2639
f 2421/2639/2639 2415/2628/2628 2426/2630/2630
f 2421/2639/2639 2426/2630/2630 2427/2631/2631
f 2415/2628/2628 2424/2629/2629 2426/2630/2630
f 2427/2631/2631 2428/2632/2632 2421/2639/2639
f 2421/2639/2639 2428/2632/2632 2429/2633/2633
f 2421/2639/2639 2429/2633/2633 2418/2634/2634
f 2421/2639/2639 2418/2634/2634 2413/2637/2637
f 2413/2637/2637 2418/2634/2634 2409/2635/2635
f 2413/2637/2637 2409/2635/2635 2397/2638/2638
f 2397/2638/2638 2409/2635/2635 2393/2636/2636
f 2518/2641/2641 2623/2646/2646 2509/2640/2640
f 2509/2640/2640 2623/2646/2646 2628/2647/2647
f 2509/2640/2640 2628/2647/2647 2517/2653/2653
f 2517/2653/2653 2628/2647/2647 2622/2648/2648
f 2517/2653/2653 2622/2648/2648 2530/2652/2652
f 2530/2652/2652 2622/2648/2648 2605/2649/2649
f 2530/2652/2652 2605/2649/2649 2555/2651/2651
f 2555/2651/2651 2605/2649/2649 2571/2650/2650
f 2623/2646/2646 2518/2641/2641 2606/2645/2645
f 2606/2645/2645 2518/2641/2641 2531/2642/2642
f 2606/2645/2645 2531/2642/2642 2572/2644/2644
f 2572/2644/2644 2531/2642/2642 2556/2643/2643
f 1627/2655/2655 1579/2661/2661 1580/2654/2654
f 1580/2654/2654 1579/2661/2661 1509/2662/2662
f 1580/2654/2654 1509/2662/2662 1510/2667/2667
f 1510/2667/2667 1509/2662/2662 1404/2663/2663
f 1510/2667/2667 1404/2663/2663 1405/2666/2666
f 1405/2666/2666 1404/2663/2663 1372/2664/2664
f 1405/2666/2666 1372/2664/2664 1373/2665/2665
f 1579/2661/2661 1627/2655/2655 1626/2660/2660
f 1626/2660/2660 1627/2655/2655 1668/2656/2656
f 1626/2660/2660 1668/2656/2656 1667/2659/2659
f 1667/2659/2659 1668/2656/2656 1682/2657/2657
f 1667/2659/2659 1682/2657/2657 1681/2658/2658
f 1625/2678/2678 1651/2668/2668 1638/2680/2680
f 1638/2680/2680 1651/2668/2668 1646/2669/2669
f 1638/2680/2680 1646/2669/2669 1643/2679/2679
f 1643/2679/2679 1646/2669/2669 1663/2670/2670
f 1643/2679/2679 1663/2670/2670 1656/2681/2681
f 1656/2681/2681 1663/2670/2670 1679/2672/2672
f 1656/2681/2681 1679/2672/2672 1675/2673/2673
f 1663/2670/2670 1685/2671/2671 1679/2672/2672
f 1675/2673/2673 1674/2674/2674 1656/2681/2681
f 1656/2681/2681 1674/2674/2674 1669/2675/2675
f 1656/2681/2681 1669/2675/2675 1640/2676/2676
f 1656/2681/2681 1640/2676/2676 1643/2679/2679
f 1643/2679/2679 1640/2676/2676 1624/2677/2677
f 1643/2679/2679 1624/2677/2677 1638/2680/2680
f 1638/2680/2680 1624/2677/2677 1625/2678/2678
f 1070/2692/2692 1079/2682/2682 1063/2694/2694
f 1063/2694/2694 1079/2682/2682 1056/2683/2683
f 1063/2694/2694 1056/2683/2683 1028/2693/2693
f 1028/2693/2693 1056/2683/2683 1021/2684/2684
f 1028/2693/2693 1021/2684/2684 1015/2695/2695
f 1015/2695/2695 1021/2684/2684 1006/2686/2686
f 1015/2695/2695 1006/2686/2686 1005/2687/2687
f 1021/2684/2684 1012/2685/2685 1006/2686/2686
f 1005/2687/2687 1004/2688/2688 1015/2695/2695
f 1015/2695/2695 1004/2688/2688 1003/2689/2689
f 1015/2695/2695 1003/2689/2689 1018/2690/2690
f 1015/2695/2695 1018/2690/2690 1028/2693/2693
f 1028/2693/2693 1018/2690/2690 1042/2691/2691
f 1028/2693/2693 1042/2691/2691 1063/2694/2694
f 1063/2694/2694 1042/2691/2691 1070/2692/2692
f 3057/2706/2706 3053/2696/2696 3062/2708/2708
f 3062/2708/2708 3053/2696/2696 3064/2697/2697
f 3062/2708/2708 3064/2697/2697 3082/2707/2707
f 3082/2707/2707 3064/2697/2697 3089/2698/2698
f 3082/2707/2707 3089/2698/2698 3101/2709/2709
f 3101/2709/2709 3089/2698/2698 3110/2700/2700
f 3101/2709/2709 3110/2700/2700 3112/2701/2701
f 3089/2698/2698 3106/2699/2699 3110/2700/2700
f 3112/2701/2701 3113/2702/2702 3101/2709/2709
f 3101/2709/2709 3113/2702/2702 3114/2703/2703
f 3101/2709/2709 3114/2703/2703 3099/2704/2704
f 3101/2709/2709 3099/2704/2704 3082/2707/2707
f 3082/2707/2707 3099/2704/2704 3071/2705/2705
f 3082/2707/2707 3071/2705/2705 3062/2708/2708
f 3062/2708/2708 3071/2705/2705 3057/2706/2706
f 2829/2720/2720 2883/2710/2710 2897/2722/2722
f 2897/2722/2722 2883/2710/2710 2982/2711/2711
f 2897/2722/2722 2982/2711/2711 2950/2721/2721
f 2950/2721/2721 2982/2711/2711 2999/2712/2712
f 2950/2721/2721 2999/2712/2712 2965/2723/2723
f 2965/2723/2723 2999/2712/2712 2937/2714/2714
f 2965/2723/2723 2937/2714/2714 2906/2715/2715
f 2999/2712/2712 2987/2713/2713 2937/2714/2714
f 2906/2715/2715 2894/2716/2716 2965/2723/2723
f 2965/2723/2723 2894/2716/2716 2885/2717/2717
f 2965/2723/2723 2885/2717/2717 2913/2718/2718
f 2965/2723/2723 2913/2718/2718 2950/2721/2721
f 2950/2721/2721 2913/2718/2718 2881/2719/2719
f 2950/2721/2721 2881/2719/2719 2897/2722/2722
f 2897/2722/2722 2881/2719/2719 2829/2720/2720
f 920/2725/2725 815/2730/2730 928/2724/2724
f 928/2724/2724 815/2730/2730 809/2731/2731
f 928/2724/2724 809/2731/2731 921/2737/2737
f 921/2737/2737 809/2731/2731 816/2732/2732
f 921/2737/2737 816/2732/2732 907/2736/2736
f 907/2736/2736 816/2732/2732 833/2733/2733
f 907/2736/2736 833/2733/2733 878/2735/2735
f 878/2735/2735 833/2733/2733 861/2734/2734
f 815/2730/2730 920/2725/2725 832/2729/2729
f 832/2729/2729 920/2725/2725 906/2726/2726
f 832/2729/2729 906/2726/2726 860/2728/2728
f 860/2728/2728 906/2726/2726 877/2727/2727
f 231/2748/2748 242/2738/2738 216/2750/2750
f 216/2750/2750 242/2738/2738 214/2739/2739
f 216/2750/2750 214/2739/2739 200/2749/2749
f 200/2749/2749 214/2739/2739 195/2740/2740
f 200/2749/2749 195/2740/2740 171/2751/2751
f 171/2751/2751 195/2740/2740 156/2742/2742
f 171/2751/2751 156/2742/2742 153/2743/2743
f 195/2740/2740 165/2741/2741 156/2742/2742
f 153/2743/2743 152/2744/2744 171/2751/2751
f 171/2751/2751 152/2744/2744 150/2745/2745
f 171/2751/2751 150/2745/2745 173/2746/2746
f 171/2751/2751 173/2746/2746 200/2749/2749
f 200/2749/2749 173/2746/2746 208/2747/2747
f 200/2749/2749 208/2747/2747 216/2750/2750
f 216/2750/2750 208/2747/2747 231/2748/2748
f 588/2762/2762 501/2752/2752 483/2764/2764
f 483/2764/2764 501/2752/2752 380/2753/2753
f 483/2764/2764 380/2753/2753 424/2763/2763
f 424/2763/2763 380/2753/2753 354/2754/2754
f 424/2763/2763 354/2754/2754 407/2765/2765
f 407/2765/2765 354/2754/2754 438/2756/2756
f 407/2765/2765 438/2756/2756 476/2757/2757
f 354/2754/2754 372/2755/2755 438/2756/2756
f 476/2757/2757 486/2758/2758 407/2765/2765
f 407/2765/2765 486/2758/2758 497/2759/2759
f 407/2765/2765 497/2759/2759 467/2760/2760
f 407/2765/2765 467/2760/2760 424/2763/2763
f 424/2763/2763 467/2760/2760 505/2761/2761
f 424/2763/2763 505/2761/2761 483/2764/2764
f 483/2764/2764 505/2761/2761 588/2762/2762
f 3174/2767/2767 3180/2772/2772 3169/2766/2766
f 3169/2766/2766 3180/2772/2772 3163/2774/2774
f 3169/2766/2766 3163/2774/2774 3164/2775/2775
f 3174/2767/2767 3187/2768/2768 3180/2772/2772
f 3180/2772/2772 3187/2768/2768 3247/2771/2771
f 3247/2771/2771 3187/2768/2768 3206/2769/2769
f 3247/2771/2771 3206/2769/2769 3228/2770/2770
f 3180/2772/2772 3173/2773/2773 3163/2774/2774
f 3145/2776/2776 3143/2777/2777 3164/2775/2775
f 3164/2775/2775 3143/2777/2777 3169/2766/2766
f 3247/2779/2779 3208/2808/2808 3180/2778/2778
f 3180/2778/2778 3208/2808/2808 3205/2809/2809
f 3180/2778/2778 3205/2809/2809 3194/2810/2810
f 3246/2780/2780 3221/2801/2801 3247/2779/2779
f 3247/2779/2779 3221/2801/2801 3222/2802/2802
f 3247/2779/2779 3222/2802/2802 3223/2803/2803
f 3246/2780/2780 3243/2781/2781 3221/2801/2801
f 3221/2801/2801 3243/2781/2781 3241/2782/2782
f 3221/2801/2801 3241/2782/2782 3239/2783/2783
f 3239/2783/2783 3238/2784/2784 3221/2801/2801
f 3221/2801/2801 3238/2784/2784 3220/2800/2800
f 3220/2800/2800 3238/2784/2784 3240/2785/2785
f 3220/2800/2800 3240/2785/2785 3245/2786/2786
f 3245/2786/2786 3244/2787/2787 3220/2800/2800
f 3220/2800/2800 3244/2787/2787 3219/2799/2799
f 3219/2799/2799 3244/2787/2787 3218/2798/2798
f 3218/2798/2798 3244/2787/2787 3217/2797/2797
f 3217/2797/2797 3244/2787/2787 3215/2796/2796
f 3215/2796/2796 3244/2787/2787 3213/2795/2795
f 3213/2795/2795 3244/2787/2787 3211/2794/2794
f 3211/2794/2794 3244/2787/2787 3207/2793/2793
f 3207/2793/2793 3244/2787/2787 3177/2788/2788
f 3207/2793/2793 3177/2788/2788 3204/2792/2792
f 3204/2792/2792 3177/2788/2788 3193/2791/2791
f 3193/2791/2791 3177/2788/2788 3185/2790/2790
f 3185/2790/2790 3177/2788/2788 3178/2789/2789
f 3223/2803/2803 3224/2804/2804 3247/2779/2779
f 3247/2779/2779 3224/2804/2804 3216/2805/2805
f 3247/2779/2779 3216/2805/2805 3214/2806/2806
f 3214/2806/2806 3212/2807/2807 3247/2779/2779
f 3247/2779/2779 3212/2807/2807 3208/2808/2808
f 3194/2810/2810 3186/2811/2811 3180/2778/2778
f 3180/2778/2778 3186/2811/2811 3179/2812/2812
f 3244/2814/2814 3168/2816/2816 3177/2813/2813
f 3177/2813/2813 3168/2816/2816 3162/2820/2820
f 3177/2813/2813 3162/2820/2820 3172/2821/2821
f 3244/2814/2814 3227/2815/2815 3168/2816/2816
f 3162/2820/2820 3168/2816/2816 3161/2819/2819
f 3161/2819/2819 3168/2816/2816 3140/2817/2817
f 3161/2819/2819 3140/2817/2817 3144/2818/2818
f 3201/2823/2823 3221/2824/2824 3200/2822/2822
f 3200/2822/2822 3221/2824/2824 3220/2825/2825
f 3200/2822/2822 3220/2825/2825 3199/2827/2827
f 3199/2827/2827 3220/2825/2825 3198/2826/2826
f 3198/2829/2829 3195/2830/2830 3199/2828/2828
f 3199/2828/2828 3195/2830/2830 3188/2831/2831
f 3199/2828/2828 3188/2831/2831 3181/2836/2836
f 3181/2836/2836 3188/2831/2831 3178/2832/2832
f 3181/2836/2836 3178/2832/2832 3175/2835/2835
f 3175/2835/2835 3178/2832/2832 3177/2833/2833
f 3175/2835/2835 3177/2833/2833 3172/2834/2834
f 3182/2838/2838 3189/2843/2843 3200/2837/2837
f 3200/2837/2837 3189/2843/2843 3196/2844/2844
f 3200/2837/2837 3196/2844/2844 3201/2845/2845
f 3189/2843/2843 3182/2838/2838 3179/2842/2842
f 3179/2842/2842 3182/2838/2838 3176/2839/2839
f 3179/2842/2842 3176/2839/2839 3180/2841/2841
f 3180/2841/2841 3176/2839/2839 3173/2840/2840
f 3196/2847/2847 3214/2855/2855 3201/2846/2846
f 3201/2846/2846 3214/2855/2855 3216/2856/2856
f 3201/2846/2846 3216/2856/2856 3224/2857/2857
f 3189/2848/2848 3205/2852/2852 3196/2847/2847
f 3196/2847/2847 3205/2852/2852 3208/2853/2853
f 3196/2847/2847 3208/2853/2853 3212/2854/2854
f 3179/2849/2849 3186/2850/2850 3189/2848/2848
f 3189/2848/2848 3186/2850/2850 3194/2851/2851
f 3189/2848/2848 3194/2851/2851 3205/2852/2852
f 3212/2854/2854 3214/2855/2855 3196/2847/2847
f 3224/2857/2857 3223/2858/2858 3201/2846/2846
f 3201/2846/2846 3223/2858/2858 3222/2859/2859
f 3201/2846/2846 3222/2859/2859 3221/2860/2860
f 2/2862/2862 8/2863/2863 3/2861/2861
f 3/2861/2861 8/2863/2863 9/2882/2882
f 9/2882/2882 8/2863/2863 13/2864/2864
f 9/2882/2882 13/2864/2864 14/2881/2881
f 14/2881/2881 13/2864/2864 36/2865/2865
f 14/2881/2881 36/2865/2865 37/2880/2880
f 37/2880/2880 36/2865/2865 71/2866/2866
f 37/2880/2880 71/2866/2866 76/2879/2879
f 76/2879/2879 71/2866/2866 218/2867/2867
f 76/2879/2879 218/2867/2867 219/2878/2878
f 219/2878/2878 218/2867/2867 362/2877/2877
f 362/2877/2877 218/2867/2867 355/2868/2868
f 362/2877/2877 355/2868/2868 783/2876/2876
f 783/2876/2876 355/2868/2868 782/2869/2869
f 783/2876/2876 782/2869/2869 881/2875/2875
f 881/2875/2875 782/2869/2869 876/2870/2870
f 881/2875/2875 876/2870/2870 978/2874/2874
f 978/2874/2874 876/2870/2870 975/2871/2871
f 978/2874/2874 975/2871/2871 1023/2873/2873
f 1023/2873/2873 975/2871/2871 1022/2872/2872
f 3/2883/2883 9/2884/2884 16/2910/2910
f 16/2910/2910 9/2884/2884 30/2909/2909
f 30/2909/2909 9/2884/2884 14/2885/2885
f 30/2909/2909 14/2885/2885 42/2908/2908
f 42/2908/2908 14/2885/2885 37/2886/2886
f 42/2908/2908 37/2886/2886 67/2907/2907
f 67/2907/2907 37/2886/2886 76/2887/2887
f 67/2907/2907 76/2887/2887 201/2906/2906
f 201/2906/2906 76/2887/2887 219/2888/2888
f 201/2906/2906 219/2888/2888 263/2905/2905
f 263/2905/2905 219/2888/2888 362/2889/2889
f 263/2905/2905 362/2889/2889 658/2904/2904
f 658/2904/2904 362/2889/2889 783/2890/2890
f 658/2904/2904 783/2890/2890 823/2903/2903
f 823/2903/2903 783/2890/2890 881/2891/2891
f 823/2903/2903 881/2891/2891 914/2902/2902
f 914/2902/2902 881/2891/2891 978/2892/2892
f 914/2902/2902 978/2892/2892 989/2901/2901
f 989/2901/2901 978/2892/2892 1023/2893/2893
f 989/2901/2901 1023/2893/2893 1067/2900/2900
f 1067/2900/2900 1023/2893/2893 1038/2894/2894
f 1067/2900/2900 1038/2894/2894 1062/2895/2895
f 1062/2895/2895 1072/2896/2896 1067/2900/2900
f 1067/2900/2900 1072/2896/2896 1081/2899/2899
f 1081/2899/2899 1072/2896/2896 1088/2898/2898
f 1088/2898/2898 1072/2896/2896 1094/2897/2897
f 72/2911/2911 286/2912/2912 79/2922/2922
f 79/2922/2922 286/2912/2912 318/2916/2916
f 79/2922/2922 318/2916/2916 257/2917/2917
f 312/2913/2913 329/2914/2914 286/2912/2912
f 286/2912/2912 329/2914/2914 333/2915/2915
f 286/2912/2912 333/2915/2915 318/2916/2916
f 79/2922/2922 257/2917/2917 84/2921/2921
f 84/2921/2921 257/2917/2917 232/2918/2918
f 84/2921/2921 232/2918/2918 179/2919/2919
f 179/2919/2919 95/2920/2920 84/2921/2921
f 177/2923/2923 129/2924/2924 179/2926/2926
f 179/2926/2926 129/2924/2924 95/2925/2925
f 145/2928/2928 158/2929/2929 184/2927/2927
f 184/2927/2927 158/2929/2929 186/2930/2930
f 113/2932/2932 125/2947/2947 123/2931/2931
f 123/2931/2931 125/2947/2947 133/2948/2948
f 123/2931/2931 133/2948/2948 126/2946/2946
f 126/2946/2946 133/2948/2948 128/2945/2945
f 128/2945/2945 133/2948/2948 130/2944/2944
f 130/2944/2944 133/2948/2948 143/2949/2949
f 130/2944/2944 143/2949/2949 135/2942/2942
f 135/2942/2942 143/2949/2949 145/2941/2941
f 145/2941/2941 143/2949/2949 158/2940/2940
f 158/2940/2940 143/2949/2949 146/2939/2939
f 146/2939/2939 143/2949/2949 133/2948/2948
f 146/2939/2939 133/2948/2948 137/2938/2938
f 137/2938/2938 133/2948/2948 125/2947/2947
f 137/2938/2938 125/2947/2947 134/2937/2937
f 134/2937/2937 125/2947/2947 132/2936/2936
f 132/2936/2936 125/2947/2947 114/2935/2935
f 114/2935/2935 125/2947/2947 106/2934/2934
f 106/2934/2934 125/2947/2947 113/2932/2932
f 106/2934/2934 113/2932/2932 103/2933/2933
f 135/2942/2942 117/2943/2943 130/2944/2944
f 287/2951/2951 296/2952/2952 73/2950/2950
f 73/2950/2950 296/2952/2952 300/2953/2953
f 73/2950/2950 300/2953/2953 19/2955/2955
f 19/2955/2955 300/2953/2953 304/2954/2954
f 19/2955/2955 17/2956/2956 73/2950/2950
f 73/2950/2950 17/2956/2956 65/2959/2959
f 65/2959/2959 17/2956/2956 1/2958/2958
f 1/2958/2958 17/2956/2956 4/2957/2957
f 303/2961/2961 299/2962/2962 18/2960/2960
f 18/2960/2960 299/2962/2962 72/2965/2965
f 18/2960/2960 72/2965/2965 16/2970/2970
f 16/2970/2970 72/2965/2965 64/2966/2966
f 16/2970/2970 64/2966/2966 5/2967/2967
f 299/2962/2962 295/2963/2963 72/2965/2965
f 72/2965/2965 295/2963/2963 286/2964/2964
f 5/2967/2967 2/2968/2968 16/2970/2970
f 16/2970/2970 2/2968/2968 3/2969/2969
f 1540/2976/2976 1246/2971/2971 1180/2975/2975
f 1180/2975/2975 1246/2971/2971 1153/2972/2972
f 1180/2975/2975 1153/2972/2972 1121/2973/2973
f 1121/2973/2973 1111/2974/2974 1180/2975/2975
f 1206/2977/2977 1205/2978/2978 1558/2980/2980
f 1558/2980/2980 1205/2978/2978 1557/2979/2979
f 1356/2986/2986 1573/2981/2981 1336/2985/2985
f 1336/2985/2985 1573/2981/2981 1572/2982/2982
f 1336/2985/2985 1572/2982/2982 1188/2983/2983
f 1188/2983/2983 1191/2984/2984 1336/2985/2985
f 1072/2987/2987 1068/2988/2988 1094/2992/2992
f 1094/2992/2992 1068/2988/2988 1147/2989/2989
f 1094/2992/2992 1147/2989/2989 1148/2990/2990
f 1148/2990/2990 1097/2991/2991 1094/2992/2992
f 1558/2993/2993 1557/2994/2994 1565/3000/3000
f 1565/3000/3000 1557/2994/2994 1564/2995/2995
f 1565/3000/3000 1564/2995/2995 1575/2999/2999
f 1575/2999/2999 1564/2995/2995 1574/2996/2996
f 1575/2999/2999 1574/2996/2996 1573/2998/2998
f 1573/2998/2998 1574/2996/2996 1572/2997/2997
f 1094/3001/3001 1097/3002/3002 1088/3008/3008
f 1088/3008/3008 1097/3002/3002 1090/3003/3003
f 1088/3008/3008 1090/3003/3003 1081/3007/3007
f 1081/3007/3007 1090/3003/3003 1083/3004/3004
f 1081/3007/3007 1083/3004/3004 1067/3006/3006
f 1067/3006/3006 1083/3004/3004 1074/3005/3005
f 1382/3010/3010 1363/3011/3011 1376/3009/3009
f 1376/3009/3009 1363/3011/3011 1355/3016/3016
f 1355/3016/3016 1363/3011/3011 1351/3012/3012
f 1355/3016/3016 1351/3012/3012 1320/3015/3015
f 1320/3015/3015 1351/3012/3012 1356/3013/3013
f 1320/3015/3015 1356/3013/3013 1336/3014/3014
f 1022/3018/3018 1032/3019/3019 1023/3017/3017
f 1023/3017/3017 1032/3019/3019 1038/3025/3025
f 1038/3025/3025 1032/3019/3019 1046/3020/3020
f 1038/3025/3025 1046/3020/3020 1062/3024/3024
f 1062/3024/3024 1046/3020/3020 1064/3021/3021
f 1062/3024/3024 1064/3021/3021 1072/3023/3023
f 1072/3023/3023 1064/3021/3021 1068/3022/3022
f 1188/3027/3027 1185/3028/3028 1191/3026/3026
f 1191/3026/3026 1185/3028/3028 1187/3034/3034
f 1187/3034/3034 1185/3028/3028 1189/3029/3029
f 1187/3034/3034 1189/3029/3029 1212/3033/3033
f 1212/3033/3033 1189/3029/3029 1220/3030/3030
f 1212/3033/3033 1220/3030/3030 1260/3032/3032
f 1260/3032/3032 1220/3030/3030 1257/3031/3031
f 1540/3035/3035 1553/3036/3036 1559/3045/3045
f 1559/3045/3045 1553/3036/3036 1556/3037/3037
f 1559/3045/3045 1556/3037/3037 1563/3044/3044
f 1563/3044/3044 1556/3037/3037 1558/3038/3038
f 1563/3044/3044 1558/3038/3038 1565/3039/3039
f 1563/3044/3044 1565/3039/3039 1567/3046/3046
f 1567/3046/3046 1565/3039/3039 1575/3040/3040
f 1567/3046/3046 1575/3040/3040 1566/3042/3042
f 1566/3042/3042 1575/3040/3040 1573/3041/3041
f 1566/3042/3042 1560/3043/3043 1567/3046/3046
f 1567/3046/3046 1560/3043/3043 1561/3047/3047
f 1567/3046/3046 1561/3047/3047 1563/3044/3044
f 1563/3044/3044 1561/3047/3047 1559/3045/3045
f 1560/3043/3043 1540/3035/3035 1561/3047/3047
f 1561/3047/3047 1540/3035/3035 1559/3045/3045
f 1246/3056/3056 1540/3048/3048 1282/3055/3055
f 1282/3055/3055 1540/3048/3048 1560/3049/3049
f 1282/3055/3055 1560/3049/3049 1312/3054/3054
f 1312/3054/3054 1560/3049/3049 1566/3050/3050
f 1312/3054/3054 1566/3050/3050 1352/3053/3053
f 1352/3053/3053 1566/3050/3050 1573/3051/3051
f 1352/3053/3053 1573/3051/3051 1356/3052/3052
f 1206/3064/3064 1558/3057/3057 1198/3063/3063
f 1198/3063/3063 1558/3057/3057 1556/3058/3058
f 1198/3063/3063 1556/3058/3058 1186/3062/3062
f 1186/3062/3062 1556/3058/3058 1553/3059/3059
f 1186/3062/3062 1553/3059/3059 1180/3061/3061
f 1180/3061/3061 1553/3059/3059 1540/3060/3060
f 1352/3078/3078 1356/3065/3065 1338/3080/3080
f 1338/3080/3080 1356/3065/3065 1351/3066/3066
f 1338/3080/3080 1351/3066/3066 1348/3083/3083
f 1348/3083/3083 1351/3066/3066 1363/3067/3067
f 1348/3083/3083 1363/3067/3067 1362/3086/3086
f 1362/3086/3086 1363/3067/3067 1382/3068/3068
f 1362/3086/3086 1382/3068/3068 1377/3069/3069
f 1362/3086/3086 1377/3069/3069 1333/3087/3087
f 1333/3087/3087 1377/3069/3069 1360/3070/3070
f 1333/3087/3087 1360/3070/3070 1269/3079/3079
f 1269/3079/3079 1360/3070/3070 1283/3071/3071
f 1269/3079/3079 1283/3071/3071 1211/3072/3072
f 1211/3072/3072 1218/3073/3073 1269/3079/3079
f 1269/3079/3079 1218/3073/3073 1262/3085/3085
f 1269/3079/3079 1262/3085/3085 1301/3084/3084
f 1301/3084/3084 1262/3085/3085 1298/3081/3081
f 1301/3084/3084 1298/3081/3081 1338/3080/3080
f 1338/3080/3080 1298/3081/3081 1352/3078/3078
f 1218/3073/3073 1235/3074/3074 1262/3085/3085
f 1262/3085/3085 1235/3074/3074 1268/3082/3082
f 1262/3085/3085 1268/3082/3082 1298/3081/3081
f 1298/3081/3081 1268/3082/3082 1312/3077/3077
f 1298/3081/3081 1312/3077/3077 1352/3078/3078
f 1235/3074/3074 1246/3075/3075 1268/3082/3082
f 1268/3082/3082 1246/3075/3075 1282/3076/3076
f 1268/3082/3082 1282/3076/3076 1312/3077/3077
f 1338/3080/3080 1348/3083/3083 1301/3084/3084
f 1301/3084/3084 1348/3083/3083 1333/3087/3087
f 1301/3084/3084 1333/3087/3087 1269/3079/3079
f 1362/3086/3086 1333/3087/3087 1348/3083/3083
f 1151/3096/3096 1148/3088/3088 1157/3097/3097
f 1157/3097/3097 1148/3088/3088 1156/3089/3089
f 1157/3097/3097 1156/3089/3089 1172/3099/3099
f 1172/3099/3099 1156/3089/3089 1171/3090/3090
f 1172/3099/3099 1171/3090/3090 1198/3092/3092
f 1198/3092/3092 1171/3090/3090 1206/3091/3091
f 1198/3092/3092 1186/3093/3093 1172/3099/3099
f 1172/3099/3099 1186/3093/3093 1176/3100/3100
f 1172/3099/3099 1176/3100/3100 1157/3097/3097
f 1157/3097/3097 1176/3100/3100 1165/3098/3098
f 1157/3097/3097 1165/3098/3098 1151/3096/3096
f 1151/3096/3096 1165/3098/3098 1158/3095/3095
f 1158/3095/3095 1165/3098/3098 1180/3094/3094
f 1186/3093/3093 1180/3094/3094 1176/3100/3100
f 1176/3100/3100 1180/3094/3094 1165/3098/3098
f 1246/3101/3101 1235/3102/3102 1153/3112/3112
f 1153/3112/3112 1235/3102/3102 1108/3109/3109
f 1153/3112/3112 1108/3109/3109 1121/3111/3111
f 1121/3111/3111 1108/3109/3109 1111/3110/3110
f 1235/3102/3102 1218/3103/3103 1108/3109/3109
f 1108/3109/3109 1218/3103/3103 1105/3108/3108
f 1105/3108/3108 1218/3103/3103 1141/3105/3105
f 1105/3108/3108 1141/3105/3105 1117/3106/3106
f 1218/3103/3103 1211/3104/3104 1141/3105/3105
f 1117/3106/3106 1104/3107/3107 1105/3108/3108
f 1097/3121/3121 1148/3113/3113 1099/3120/3120
f 1099/3120/3120 1148/3113/3113 1151/3114/3114
f 1099/3120/3120 1151/3114/3114 1102/3119/3119
f 1102/3119/3119 1151/3114/3114 1158/3115/3115
f 1102/3119/3119 1158/3115/3115 1106/3118/3118
f 1106/3118/3118 1158/3115/3115 1180/3116/3116
f 1106/3118/3118 1180/3116/3116 1111/3117/3117
f 1077/3135/3135 1074/3122/3122 1082/3136/3136
f 1082/3136/3136 1074/3122/3122 1083/3123/3123
f 1082/3136/3136 1083/3123/3123 1089/3139/3139
f 1089/3139/3139 1083/3123/3123 1090/3124/3124
f 1089/3139/3139 1090/3124/3124 1095/3142/3142
f 1095/3142/3142 1090/3124/3124 1097/3125/3125
f 1095/3142/3142 1097/3125/3125 1099/3126/3126
f 1099/3126/3126 1102/3127/3127 1095/3142/3142
f 1095/3142/3142 1102/3127/3127 1098/3143/3143
f 1095/3142/3142 1098/3143/3143 1089/3139/3139
f 1089/3139/3139 1098/3143/3143 1091/3140/3140
f 1089/3139/3139 1091/3140/3140 1082/3136/3136
f 1082/3136/3136 1091/3140/3140 1087/3137/3137
f 1082/3136/3136 1087/3137/3137 1077/3135/3135
f 1077/3135/3135 1087/3137/3137 1084/3134/3134
f 1084/3134/3134 1087/3137/3137 1092/3133/3133
f 1092/3133/3133 1087/3137/3137 1096/3138/3138
f 1092/3133/3133 1096/3138/3138 1104/3132/3132
f 1104/3132/3132 1096/3138/3138 1105/3131/3131
f 1105/3131/3131 1096/3138/3138 1101/3141/3141
f 1105/3131/3131 1101/3141/3141 1108/3130/3130
f 1108/3130/3130 1101/3141/3141 1103/3144/3144
f 1108/3130/3130 1103/3144/3144 1111/3129/3129
f 1111/3129/3129 1103/3144/3144 1106/3128/3128
f 1106/3128/3128 1103/3144/3144 1098/3143/3143
f 1106/3128/3128 1098/3143/3143 1102/3127/3127
f 1101/3141/3141 1096/3138/3138 1087/3137/3137
f 1101/3141/3141 1087/3137/3137 1091/3140/3140
f 1103/3144/3144 1101/3141/3141 1091/3140/3140
f 1103/3144/3144 1091/3140/3140 1098/3143/3143
f 3152/3146/3146 3118/3147/3147 2823/3145/3145
f 2823/3145/3145 3118/3147/3147 2665/3150/3150
f 2665/3150/3150 3118/3147/3147 3103/3148/3148
f 2665/3150/3150 3103/3148/3148 3080/3149/3149
f 2664/3157/3157 2858/3151/3151 2823/3155/3155
f 2823/3155/3155 2858/3151/3151 2859/3152/3152
f 2823/3155/3155 2859/3152/3152 2836/3154/3154
f 2836/3154/3154 2859/3152/3152 2853/3153/3153
f 2823/3155/3155 2665/3156/3156 2664/3157/3157
f 3377/3158/3158 3256/3159/3159 3379/3163/3163
f 3379/3163/3163 3256/3159/3159 2858/3162/3162
f 2858/3162/3162 3256/3159/3159 2859/3161/3161
f 2859/3161/3161 3256/3159/3159 3170/3160/3160
f 3334/3164/3164 3337/3165/3165 3115/3174/3174
f 3115/3174/3174 3337/3165/3165 3315/3166/3166
f 3115/3174/3174 3315/3166/3166 2664/3167/3167
f 2664/3167/3167 2665/3168/3168 3115/3174/3174
f 3115/3174/3174 2665/3168/3168 3080/3169/3169
f 3115/3174/3174 3080/3169/3169 3091/3170/3170
f 3091/3170/3170 3097/3171/3171 3115/3174/3174
f 3115/3174/3174 3097/3171/3171 3105/3172/3172
f 3115/3174/3174 3105/3172/3172 3107/3173/3173
f 2278/3176/3176 2339/3177/3177 1975/3175/3175
f 1975/3175/3175 2339/3177/3177 2333/3180/3180
f 2333/3180/3180 2339/3177/3177 2362/3178/3178
f 2333/3180/3180 2362/3178/3178 2373/3179/3179
f 2332/3187/3187 1956/3181/3181 1975/3185/3185
f 1975/3185/3185 1956/3181/3181 1957/3182/3182
f 1975/3185/3185 1957/3182/3182 1974/3184/3184
f 1974/3184/3184 1957/3182/3182 1961/3183/3183
f 1975/3185/3185 2333/3186/3186 2332/3187/3187
f 2319/3188/3188 2190/3189/3189 2322/3193/3193
f 2322/3193/3193 2190/3189/3189 1956/3192/3192
f 1956/3192/3192 2190/3189/3189 1957/3191/3191
f 1957/3191/3191 2190/3189/3189 2170/3190/3190
f 2404/3203/3203 2332/3194/3194 2379/3201/3201
f 2379/3201/3201 2332/3194/3194 2333/3195/3195
f 2379/3201/3201 2333/3195/3195 2373/3196/3196
f 2373/3196/3196 2374/3197/3197 2379/3201/3201
f 2379/3201/3201 2374/3197/3197 2376/3198/3198
f 2379/3201/3201 2376/3198/3198 2377/3199/3199
f 2377/3199/3199 2378/3200/3200 2379/3201/3201
f 2379/3201/3201 2400/3202/3202 2404/3203/3203
f 116/3205/3205 144/3206/3206 597/3204/3204
f 597/3204/3204 144/3206/3206 768/3209/3209
f 768/3209/3209 144/3206/3206 168/3207/3207
f 768/3209/3209 168/3207/3207 203/3208/3208
f 767/3216/3216 540/3210/3210 597/3214/3214
f 597/3214/3214 540/3210/3210 541/3211/3211
f 597/3214/3214 541/3211/3211 578/3213/3213
f 578/3213/3213 541/3211/3211 554/3212/3212
f 597/3214/3214 768/3215/3215 767/3216/3216
f 32/3217/3217 74/3218/3218 29/3222/3222
f 29/3222/3222 74/3218/3218 540/3221/3221
f 540/3221/3221 74/3218/3218 541/3220/3220
f 541/3220/3220 74/3218/3218 96/3219/3219
f 45/3232/3232 767/3223/3223 149/3230/3230
f 149/3230/3230 767/3223/3223 768/3224/3224
f 149/3230/3230 768/3224/3224 203/3225/3225
f 203/3225/3225 194/3226/3226 149/3230/3230
f 149/3230/3230 194/3226/3226 188/3227/3227
f 149/3230/3230 188/3227/3227 166/3228/3228
f 166/3228/3228 164/3229/3229 149/3230/3230
f 149/3230/3230 47/3231/3231 45/3232/3232
f 116/3241/3241 597/3233/3233 109/3240/3240
f 109/3240/3240 597/3233/3233 578/3234/3234
f 109/3240/3240 578/3234/3234 102/3239/3239
f 102/3239/3239 578/3234/3234 554/3235/3235
f 102/3239/3239 554/3235/3235 97/3238/3238
f 97/3238/3238 554/3235/3235 541/3236/3236
f 97/3238/3238 541/3236/3236 96/3237/3237
f 164/3242/3242 166/3243/3243 141/3254/3254
f 141/3254/3254 166/3243/3243 104/3253/3253
f 104/3253/3253 166/3243/3243 70/3251/3251
f 104/3253/3253 70/3251/3251 63/3252/3252
f 166/3243/3243 188/3244/3244 70/3251/3251
f 70/3251/3251 188/3244/3244 89/3250/3250
f 89/3250/3250 188/3244/3244 194/3245/3245
f 89/3250/3250 194/3245/3245 144/3248/3248
f 144/3248/3248 194/3245/3245 168/3247/3247
f 168/3247/3247 194/3245/3245 203/3246/3246
f 144/3248/3248 116/3249/3249 89/3250/3250
f 58/3268/3268 63/3255/3255 60/3269/3269
f 60/3269/3269 63/3255/3255 70/3256/3256
f 60/3269/3269 70/3256/3256 68/3272/3272
f 68/3272/3272 70/3256/3256 89/3257/3257
f 68/3272/3272 89/3257/3257 88/3275/3275
f 88/3275/3275 89/3257/3257 116/3258/3258
f 88/3275/3275 116/3258/3258 109/3259/3259
f 109/3259/3259 102/3260/3260 88/3275/3275
f 88/3275/3275 102/3260/3260 83/3276/3276
f 88/3275/3275 83/3276/3276 68/3272/3272
f 68/3272/3272 83/3276/3276 62/3273/3273
f 68/3272/3272 62/3273/3273 60/3269/3269
f 60/3269/3269 62/3273/3273 56/3270/3270
f 60/3269/3269 56/3270/3270 53/3267/3267
f 53/3267/3267 56/3270/3270 52/3266/3266
f 52/3266/3266 56/3270/3270 54/3271/3271
f 52/3266/3266 54/3271/3271 51/3265/3265
f 51/3265/3265 54/3271/3271 55/3264/3264
f 55/3264/3264 54/3271/3271 61/3274/3274
f 55/3264/3264 61/3274/3274 66/3263/3263
f 66/3263/3263 61/3274/3274 75/3277/3277
f 66/3263/3263 75/3277/3277 96/3262/3262
f 96/3262/3262 75/3277/3277 97/3261/3261
f 97/3261/3261 75/3277/3277 83/3276/3276
f 97/3261/3261 83/3276/3276 102/3260/3260
f 53/3267/3267 58/3268/3268 60/3269/3269
f 61/3274/3274 54/3271/3271 56/3270/3270
f 61/3274/3274 56/3270/3270 62/3273/3273
f 75/3277/3277 61/3274/3274 62/3273/3273
f 75/3277/3277 62/3273/3273 83/3276/3276
f 74/3278/3278 57/3279/3279 96/3285/3285
f 96/3285/3285 57/3279/3279 66/3284/3284
f 66/3284/3284 57/3279/3279 50/3280/3280
f 66/3284/3284 50/3280/3280 55/3283/3283
f 55/3283/3283 50/3280/3280 48/3281/3281
f 55/3283/3283 48/3281/3281 51/3282/3282
f 2278/3294/3294 1975/3286/3286 2248/3293/3293
f 2248/3293/3293 1975/3286/3286 1974/3287/3287
f 2248/3293/3293 1974/3287/3287 2214/3292/3292
f 2214/3292/3292 1974/3287/3287 1961/3288/3288
f 2214/3292/3292 1961/3288/3288 2174/3291/3291
f 2174/3291/3291 1961/3288/3288 1957/3289/3289
f 2174/3291/3291 1957/3289/3289 2170/3290/3290
f 2378/3295/3295 2377/3296/3296 2363/3307/3307
f 2363/3307/3307 2377/3296/3296 2351/3306/3306
f 2351/3306/3306 2377/3296/3296 2292/3304/3304
f 2351/3306/3306 2292/3304/3304 2293/3305/3305
f 2377/3296/3296 2376/3297/3297 2292/3304/3304
f 2292/3304/3304 2376/3297/3297 2283/3303/3303
f 2283/3303/3303 2376/3297/3297 2374/3298/3298
f 2283/3303/3303 2374/3298/3298 2339/3301/3301
f 2339/3301/3301 2374/3298/3298 2362/3300/3300
f 2362/3300/3300 2374/3298/3298 2373/3299/3299
f 2339/3301/3301 2278/3302/3302 2283/3303/3303
f 2247/3321/3321 2293/3308/3308 2261/3322/3322
f 2261/3322/3322 2293/3308/3308 2292/3309/3309
f 2261/3322/3322 2292/3309/3309 2267/3325/3325
f 2267/3325/3325 2292/3309/3309 2283/3310/3310
f 2267/3325/3325 2283/3310/3310 2262/3328/3328
f 2262/3328/3328 2283/3310/3310 2278/3311/3311
f 2262/3328/3328 2278/3311/3311 2248/3312/3312
f 2248/3312/3312 2214/3313/3313 2262/3328/3328
f 2262/3328/3328 2214/3313/3313 2232/3329/3329
f 2262/3328/3328 2232/3329/3329 2267/3325/3325
f 2267/3325/3325 2232/3329/3329 2229/3326/3326
f 2267/3325/3325 2229/3326/3326 2261/3322/3322
f 2261/3322/3322 2229/3326/3326 2193/3323/3323
f 2261/3322/3322 2193/3323/3323 2166/3320/3320
f 2166/3320/3320 2193/3323/3323 2149/3319/3319
f 2149/3319/3319 2193/3323/3323 2164/3324/3324
f 2149/3319/3319 2164/3324/3324 2144/3318/3318
f 2144/3318/3318 2164/3324/3324 2163/3317/3317
f 2163/3317/3317 2164/3324/3324 2178/3327/3327
f 2163/3317/3317 2178/3327/3327 2175/3316/3316
f 2175/3316/3316 2178/3327/3327 2188/3330/3330
f 2175/3316/3316 2188/3330/3330 2170/3315/3315
f 2170/3315/3315 2188/3330/3330 2174/3314/3314
f 2174/3314/3314 2188/3330/3330 2232/3329/3329
f 2174/3314/3314 2232/3329/3329 2214/3313/3313
f 2166/3320/3320 2247/3321/3321 2261/3322/3322
f 2178/3327/3327 2164/3324/3324 2193/3323/3323
f 2178/3327/3327 2193/3323/3323 2229/3326/3326
f 2188/3330/3330 2178/3327/3327 2229/3326/3326
f 2188/3330/3330 2229/3326/3326 2232/3329/3329
f 2190/3331/3331 2207/3332/3332 2170/3338/3338
f 2170/3338/3338 2207/3332/3332 2175/3337/3337
f 2175/3337/3337 2207/3332/3332 2171/3333/3333
f 2175/3337/3337 2171/3333/3333 2163/3336/3336
f 2163/3336/3336 2171/3333/3333 2150/3334/3334
f 2163/3336/3336 2150/3334/3334 2144/3335/3335
f 3152/3347/3347 2823/3339/3339 3153/3346/3346
f 3153/3346/3346 2823/3339/3339 2836/3340/3340
f 3153/3346/3346 2836/3340/3340 3158/3345/3345
f 3158/3345/3345 2836/3340/3340 2853/3341/3341
f 3158/3345/3345 2853/3341/3341 3165/3344/3344
f 3165/3344/3344 2853/3341/3341 2859/3342/3342
f 3165/3344/3344 2859/3342/3342 3170/3343/3343
f 3107/3348/3348 3105/3349/3349 3125/3360/3360
f 3125/3360/3360 3105/3349/3349 3157/3359/3359
f 3157/3359/3359 3105/3349/3349 3261/3357/3357
f 3157/3359/3359 3261/3357/3357 3269/3358/3358
f 3105/3349/3349 3097/3350/3350 3261/3357/3357
f 3261/3357/3357 3097/3350/3350 3190/3356/3356
f 3190/3356/3356 3097/3350/3350 3091/3351/3351
f 3190/3356/3356 3091/3351/3351 3118/3354/3354
f 3118/3354/3354 3091/3351/3351 3103/3353/3353
f 3103/3353/3353 3091/3351/3351 3080/3352/3352
f 3118/3354/3354 3152/3355/3355 3190/3356/3356
f 3282/3374/3374 3269/3361/3361 3280/3375/3375
f 3280/3375/3375 3269/3361/3361 3261/3362/3362
f 3280/3375/3375 3261/3362/3362 3265/3378/3378
f 3265/3378/3378 3261/3362/3362 3190/3363/3363
f 3265/3378/3378 3190/3363/3363 3197/3381/3381
f 3197/3381/3381 3190/3363/3363 3152/3364/3364
f 3197/3381/3381 3152/3364/3364 3153/3365/3365
f 3153/3365/3365 3158/3366/3366 3197/3381/3381
f 3197/3381/3381 3158/3366/3366 3233/3382/3382
f 3197/3381/3381 3233/3382/3382 3265/3378/3378
f 3265/3378/3378 3233/3382/3382 3274/3379/3379
f 3265/3378/3378 3274/3379/3379 3280/3375/3375
f 3280/3375/3375 3274/3379/3379 3288/3376/3376
f 3280/3375/3375 3288/3376/3376 3301/3373/3373
f 3301/3373/3373 3288/3376/3376 3312/3372/3372
f 3312/3372/3372 3288/3376/3376 3298/3377/3377
f 3312/3372/3372 3298/3377/3377 3318/3371/3371
f 3318/3371/3371 3298/3377/3377 3295/3370/3370
f 3295/3370/3370 3298/3377/3377 3277/3380/3380
f 3295/3370/3370 3277/3380/3380 3266/3369/3369
f 3266/3369/3369 3277/3380/3380 3242/3383/3383
f 3266/3369/3369 3242/3383/3383 3170/3368/3368
f 3170/3368/3368 3242/3383/3383 3165/3367/3367
f 3165/3367/3367 3242/3383/3383 3233/3382/3382
f 3165/3367/3367 3233/3382/3382 3158/3366/3366
f 3301/3373/3373 3282/3374/3374 3280/3375/3375
f 3277/3380/3380 3298/3377/3377 3288/3376/3376
f 3277/3380/3380 3288/3376/3376 3274/3379/3379
f 3242/3383/3383 3277/3380/3380 3274/3379/3379
f 3242/3383/3383 3274/3379/3379 3233/3382/3382
f 3256/3384/3384 3285/3385/3385 3170/3391/3391
f 3170/3391/3391 3285/3385/3385 3266/3390/3390
f 3266/3390/3390 3285/3385/3385 3319/3386/3386
f 3266/3390/3390 3319/3386/3386 3295/3389/3389
f 3295/3389/3389 3319/3386/3386 3331/3387/3387
f 3295/3389/3389 3331/3387/3387 3318/3388/3388
f 1257/3393/3393 1253/3416/3416 1267/3392/3392
f 1267/3392/3392 1253/3416/3416 1245/3401/3401
f 1267/3392/3392 1245/3401/3401 1258/3400/3400
f 1258/3400/3400 1245/3401/3401 1243/3415/3415
f 1258/3400/3400 1243/3415/3415 1240/3408/3408
f 1240/3408/3408 1243/3415/3415 1220/3394/3394
f 1240/3408/3408 1220/3394/3394 1237/3409/3409
f 1237/3409/3409 1220/3394/3394 1234/3403/3403
f 1237/3409/3409 1234/3403/3403 1258/3400/3400
f 1258/3400/3400 1234/3403/3403 1233/3402/3402
f 1258/3400/3400 1233/3402/3402 1232/3410/3410
f 1232/3410/3410 1233/3402/3402 1189/3395/3395
f 1232/3410/3410 1189/3395/3395 1225/3411/3411
f 1225/3411/3411 1189/3395/3395 1221/3404/3404
f 1225/3411/3411 1221/3404/3404 1244/3399/3399
f 1244/3399/3399 1221/3404/3404 1219/3406/3406
f 1244/3399/3399 1219/3406/3406 1215/3414/3414
f 1215/3414/3414 1219/3406/3406 1185/3396/3396
f 1215/3414/3414 1185/3396/3396 1213/3405/3405
f 1213/3405/3405 1185/3396/3396 1214/3413/3413
f 1213/3405/3405 1214/3413/3413 1244/3399/3399
f 1244/3399/3399 1214/3413/3413 1216/3412/3412
f 1244/3399/3399 1216/3412/3412 1250/3398/3398
f 1250/3398/3398 1216/3412/3412 1217/3407/3407
f 1250/3398/3398 1217/3407/3407 1222/3417/3417
f 1222/3417/3417 1217/3407/3407 1188/3397/3397
f 1222/3417/3417 1188/3397/3397 1250/3398/3398
f 1257/3393/3393 1220/3394/3394 1253/3416/3416
f 1253/3416/3416 1220/3394/3394 1245/3401/3401
f 1220/3394/3394 1189/3395/3395 1234/3403/3403
f 1234/3403/3403 1189/3395/3395 1233/3402/3402
f 1221/3404/3404 1189/3395/3395 1219/3406/3406
f 1219/3406/3406 1189/3395/3395 1185/3396/3396
f 1188/3397/3397 1217/3407/3407 1185/3396/3396
f 1185/3396/3396 1217/3407/3407 1216/3412/3412
f 1185/3396/3396 1216/3412/3412 1214/3413/3413
f 1225/3411/3411 1244/3399/3399 1232/3410/3410
f 1232/3410/3410 1244/3399/3399 1258/3400/3400
f 1237/3409/3409 1258/3400/3400 1240/3408/3408
f 1245/3401/3401 1220/3394/3394 1243/3415/3415
f 1213/3405/3405 1244/3399/3399 1215/3414/3414
f 1188/3419/3419 1572/3420/3420 1250/3418/3418
f 1250/3418/3418 1572/3420/3420 1592/3421/3421
f 1592/3422/3422 1572/3423/3423 1599/3429/3429
f 1599/3429/3429 1572/3423/3423 1574/3424/3424
f 1599/3429/3429 1574/3424/3424 1584/3428/3428
f 1584/3428/3428 1574/3424/3424 1564/3425/3425
f 1584/3428/3428 1564/3425/3425 1562/3427/3427
f 1562/3427/3427 1564/3425/3425 1557/3426/3426
f 1557/3431/3431 1205/3432/3432 1562/3430/3430
f 1562/3430/3430 1205/3432/3432 1236/3433/3433
f 1147/3435/3435 1068/3436/3436 1130/3434/3434
f 1130/3434/3434 1068/3436/3436 1047/3437/3437
f 1068/3439/3439 1059/3461/3461 1047/3438/3438
f 1047/3438/3438 1059/3461/3461 1058/3447/3447
f 1047/3438/3438 1058/3447/3447 1041/3446/3446
f 1041/3446/3446 1058/3447/3447 1054/3460/3460
f 1041/3446/3446 1054/3460/3460 1053/3453/3453
f 1053/3453/3453 1054/3460/3460 1064/3440/3440
f 1053/3453/3453 1064/3440/3440 1049/3454/3454
f 1049/3454/3454 1064/3440/3440 1048/3449/3449
f 1049/3454/3454 1048/3449/3449 1041/3446/3446
f 1041/3446/3446 1048/3449/3449 1045/3448/3448
f 1041/3446/3446 1045/3448/3448 1043/3455/3455
f 1043/3455/3455 1045/3448/3448 1046/3441/3441
f 1043/3455/3455 1046/3441/3441 1040/3456/3456
f 1040/3456/3456 1046/3441/3441 1037/3451/3451
f 1040/3456/3456 1037/3451/3451 1034/3445/3445
f 1034/3445/3445 1037/3451/3451 1035/3459/3459
f 1034/3445/3445 1035/3459/3459 1033/3450/3450
f 1033/3450/3450 1035/3459/3459 1032/3442/3442
f 1033/3450/3450 1032/3442/3442 1031/3458/3458
f 1031/3458/3458 1032/3442/3442 1029/3457/3457
f 1031/3458/3458 1029/3457/3457 1034/3445/3445
f 1034/3445/3445 1029/3457/3457 1026/3444/3444
f 1026/3444/3444 1029/3457/3457 1027/3452/3452
f 1026/3444/3444 1027/3452/3452 1025/3462/3462
f 1025/3462/3462 1027/3452/3452 1022/3443/3443
f 1025/3462/3462 1022/3443/3443 1026/3444/3444
f 1068/3439/3439 1064/3440/3440 1059/3461/3461
f 1059/3461/3461 1064/3440/3440 1058/3447/3447
f 1064/3440/3440 1046/3441/3441 1048/3449/3449
f 1048/3449/3449 1046/3441/3441 1045/3448/3448
f 1046/3441/3441 1032/3442/3442 1037/3451/3451
f 1037/3451/3451 1032/3442/3442 1035/3459/3459
f 1029/3457/3457 1032/3442/3442 1027/3452/3452
f 1027/3452/3452 1032/3442/3442 1022/3443/3443
f 1040/3456/3456 1034/3445/3445 1043/3455/3455
f 1043/3455/3455 1034/3445/3445 1041/3446/3446
f 1049/3454/3454 1041/3446/3446 1053/3453/3453
f 1058/3447/3447 1064/3440/3440 1054/3460/3460
f 1031/3458/3458 1034/3445/3445 1033/3450/3450
f 1026/3463/3463 1022/3464/3464 985/3484/3484
f 985/3484/3484 1022/3464/3464 975/3465/3465
f 985/3484/3484 975/3465/3465 888/3483/3483
f 888/3483/3483 975/3465/3465 876/3466/3466
f 888/3483/3483 876/3466/3466 792/3482/3482
f 792/3482/3482 876/3466/3466 782/3467/3467
f 792/3482/3482 782/3467/3467 410/3481/3481
f 410/3481/3481 782/3467/3467 355/3468/3468
f 410/3481/3481 355/3468/3468 235/3480/3480
f 235/3480/3480 355/3468/3468 218/3469/3469
f 235/3480/3480 218/3469/3469 101/3479/3479
f 101/3479/3479 218/3469/3469 71/3470/3470
f 101/3479/3479 71/3470/3470 41/3478/3478
f 41/3478/3478 71/3470/3470 36/3471/3471
f 41/3478/3478 36/3471/3471 15/3477/3477
f 15/3477/3477 36/3471/3471 13/3472/3472
f 15/3477/3477 13/3472/3472 10/3476/3476
f 10/3476/3476 13/3472/3472 8/3473/3473
f 10/3476/3476 8/3473/3473 5/3475/3475
f 5/3475/3475 8/3473/3473 2/3474/3474
f 338/3496/3496 318/3485/3485 346/3498/3498
f 346/3498/3498 318/3485/3485 333/3486/3486
f 346/3498/3498 333/3486/3486 342/3497/3497
f 342/3497/3497 333/3486/3486 329/3487/3487
f 342/3497/3497 329/3487/3487 312/3488/3488
f 286/3489/3489 295/3490/3490 312/3488/3488
f 312/3488/3488 295/3490/3490 316/3499/3499
f 312/3488/3488 316/3499/3499 342/3497/3497
f 342/3497/3497 316/3499/3499 324/3493/3493
f 342/3497/3497 324/3493/3493 352/3494/3494
f 295/3490/3490 299/3491/3491 316/3499/3499
f 316/3499/3499 299/3491/3491 324/3493/3493
f 299/3491/3491 303/3492/3492 324/3493/3493
f 352/3494/3494 359/3495/3495 342/3497/3497
f 342/3497/3497 359/3495/3495 346/3498/3498
f 359/3495/3495 338/3496/3496 346/3498/3498
f 350/3538/3538 338/3500/3500 368/3539/3539
f 368/3539/3539 338/3500/3500 359/3501/3501
f 368/3539/3539 359/3501/3501 365/3554/3554
f 365/3554/3554 359/3501/3501 352/3502/3502
f 365/3554/3554 352/3502/3502 324/3503/3503
f 365/3554/3554 324/3503/3503 335/3569/3569
f 335/3569/3569 324/3503/3503 303/3504/3504
f 335/3569/3569 303/3504/3504 306/3505/3505
f 306/3505/3505 321/3506/3506 335/3569/3569
f 335/3569/3569 321/3506/3506 356/3570/3570
f 335/3569/3569 356/3570/3570 365/3554/3554
f 365/3554/3554 356/3570/3570 389/3555/3555
f 365/3554/3554 389/3555/3555 368/3539/3539
f 368/3539/3539 389/3555/3555 415/3540/3540
f 368/3539/3539 415/3540/3540 350/3538/3538
f 350/3538/3538 415/3540/3540 385/3537/3537
f 385/3537/3537 415/3540/3540 472/3541/3541
f 385/3537/3537 472/3541/3541 465/3536/3536
f 465/3536/3536 472/3541/3541 515/3542/3542
f 465/3536/3536 515/3542/3542 518/3535/3535
f 518/3535/3535 515/3542/3542 544/3543/3543
f 518/3535/3535 544/3543/3543 555/3534/3534
f 555/3534/3534 544/3543/3543 591/3544/3544
f 555/3534/3534 591/3544/3544 612/3533/3533
f 612/3533/3533 591/3544/3544 636/3532/3532
f 636/3532/3532 591/3544/3544 630/3545/3545
f 636/3532/3532 630/3545/3545 639/3546/3546
f 639/3546/3546 630/3545/3545 617/3561/3561
f 639/3546/3546 617/3561/3561 600/3562/3562
f 600/3562/3562 617/3561/3561 553/3577/3577
f 600/3562/3562 553/3577/3577 528/3578/3578
f 528/3578/3578 553/3577/3577 503/3513/3513
f 528/3578/3578 503/3513/3513 507/3579/3579
f 507/3579/3579 503/3513/3513 406/3514/3514
f 507/3579/3579 406/3514/3514 462/3580/3580
f 462/3580/3580 406/3514/3514 375/3515/3515
f 462/3580/3580 375/3515/3515 345/3516/3516
f 356/3570/3570 321/3506/3506 396/3571/3571
f 396/3571/3571 321/3506/3506 404/3507/3507
f 396/3571/3571 404/3507/3507 461/3572/3572
f 461/3572/3572 404/3507/3507 443/3508/3508
f 461/3572/3572 443/3508/3508 506/3573/3573
f 506/3573/3573 443/3508/3508 502/3509/3509
f 506/3573/3573 502/3509/3509 526/3574/3574
f 526/3574/3574 502/3509/3509 516/3510/3510
f 526/3574/3574 516/3510/3510 552/3575/3575
f 552/3575/3575 516/3510/3510 523/3511/3511
f 552/3575/3575 523/3511/3511 565/3576/3576
f 565/3576/3576 523/3511/3511 520/3512/3512
f 565/3576/3576 520/3512/3512 553/3577/3577
f 553/3577/3577 520/3512/3512 503/3513/3513
f 462/3580/3580 345/3516/3516 399/3581/3581
f 399/3581/3581 345/3516/3516 322/3517/3517
f 399/3581/3581 322/3517/3517 314/3518/3518
f 304/3519/3519 336/3583/3583 314/3518/3518
f 314/3518/3518 336/3583/3583 357/3582/3582
f 314/3518/3518 357/3582/3582 399/3581/3581
f 399/3581/3581 357/3582/3582 454/3566/3566
f 399/3581/3581 454/3566/3566 499/3565/3565
f 499/3565/3565 454/3566/3566 517/3550/3550
f 499/3565/3565 517/3550/3550 545/3549/3549
f 545/3549/3549 517/3550/3550 519/3527/3527
f 545/3549/3549 519/3527/3527 556/3528/3528
f 304/3519/3519 325/3520/3520 336/3583/3583
f 336/3583/3583 325/3520/3520 367/3568/3568
f 336/3583/3583 367/3568/3568 392/3567/3567
f 392/3567/3567 367/3568/3568 418/3552/3552
f 392/3567/3567 418/3552/3552 473/3551/3551
f 473/3551/3551 418/3552/3552 386/3525/3525
f 473/3551/3551 386/3525/3525 464/3526/3526
f 325/3520/3520 353/3521/3521 367/3568/3568
f 367/3568/3568 353/3521/3521 360/3522/3522
f 367/3568/3568 360/3522/3522 369/3553/3553
f 369/3553/3553 360/3522/3522 339/3523/3523
f 369/3553/3553 339/3523/3523 351/3524/3524
f 351/3524/3524 386/3525/3525 369/3553/3553
f 369/3553/3553 386/3525/3525 418/3552/3552
f 369/3553/3553 418/3552/3552 367/3568/3568
f 464/3526/3526 519/3527/3527 473/3551/3551
f 473/3551/3551 519/3527/3527 517/3550/3550
f 473/3551/3551 517/3550/3550 454/3566/3566
f 545/3549/3549 556/3528/3528 592/3548/3548
f 592/3548/3548 556/3528/3528 613/3529/3529
f 592/3548/3548 613/3529/3529 640/3530/3530
f 651/3531/3531 639/3546/3546 640/3530/3530
f 640/3530/3530 639/3546/3546 631/3547/3547
f 640/3530/3530 631/3547/3547 592/3548/3548
f 592/3548/3548 631/3547/3547 571/3563/3563
f 592/3548/3548 571/3563/3563 529/3564/3564
f 529/3564/3564 571/3563/3563 507/3579/3579
f 529/3564/3564 507/3579/3579 462/3580/3580
f 651/3531/3531 636/3532/3532 639/3546/3546
f 472/3541/3541 415/3540/3540 453/3556/3556
f 453/3556/3556 415/3540/3540 389/3555/3555
f 453/3556/3556 389/3555/3555 396/3571/3571
f 396/3571/3571 389/3555/3555 356/3570/3570
f 515/3542/3542 472/3541/3541 498/3557/3557
f 498/3557/3557 472/3541/3541 453/3556/3556
f 498/3557/3557 453/3556/3556 461/3572/3572
f 461/3572/3572 453/3556/3556 396/3571/3571
f 544/3543/3543 515/3542/3542 527/3558/3558
f 527/3558/3558 515/3542/3542 498/3557/3557
f 527/3558/3558 498/3557/3557 506/3573/3573
f 506/3573/3573 498/3557/3557 461/3572/3572
f 591/3544/3544 544/3543/3543 570/3559/3559
f 570/3559/3559 544/3543/3543 527/3558/3558
f 570/3559/3559 527/3558/3558 526/3574/3574
f 526/3574/3574 527/3558/3558 506/3573/3573
f 630/3545/3545 591/3544/3544 596/3560/3560
f 596/3560/3560 591/3544/3544 570/3559/3559
f 596/3560/3560 570/3559/3559 552/3575/3575
f 552/3575/3575 570/3559/3559 526/3574/3574
f 571/3563/3563 631/3547/3547 600/3562/3562
f 600/3562/3562 631/3547/3547 639/3546/3546
f 499/3565/3565 545/3549/3549 529/3564/3564
f 529/3564/3564 545/3549/3549 592/3548/3548
f 392/3567/3567 473/3551/3551 454/3566/3566
f 630/3545/3545 596/3560/3560 617/3561/3561
f 617/3561/3561 596/3560/3560 565/3576/3576
f 617/3561/3561 565/3576/3576 553/3577/3577
f 565/3576/3576 596/3560/3560 552/3575/3575
f 507/3579/3579 571/3563/3563 528/3578/3578
f 528/3578/3578 571/3563/3563 600/3562/3562
f 399/3581/3581 499/3565/3565 462/3580/3580
f 462/3580/3580 499/3565/3565 529/3564/3564
f 336/3583/3583 392/3567/3567 357/3582/3582
f 357/3582/3582 392/3567/3567 454/3566/3566
f 296/3595/3595 287/3584/3584 317/3597/3597
f 317/3597/3597 287/3584/3584 313/3585/3585
f 317/3597/3597 313/3585/3585 343/3596/3596
f 343/3596/3596 313/3585/3585 330/3586/3586
f 343/3596/3596 330/3586/3586 334/3587/3587
f 343/3596/3596 334/3587/3587 347/3598/3598
f 347/3598/3598 334/3587/3587 319/3588/3588
f 347/3598/3598 319/3588/3588 339/3589/3589
f 339/3589/3589 360/3590/3590 347/3598/3598
f 347/3598/3598 360/3590/3590 343/3596/3596
f 360/3590/3590 353/3591/3591 343/3596/3596
f 343/3596/3596 353/3591/3591 325/3592/3592
f 343/3596/3596 325/3592/3592 317/3597/3597
f 317/3597/3597 325/3592/3592 304/3593/3593
f 317/3597/3597 304/3593/3593 300/3594/3594
f 300/3594/3594 296/3595/3595 317/3597/3597
f 3145/3599/3599 3164/3600/3600 3142/3759/3759
f 3142/3759/3759 3164/3600/3600 3122/3601/3601
f 3142/3759/3759 3122/3601/3601 3137/3758/3758
f 3137/3758/3758 3122/3601/3601 3129/3757/3757
f 3129/3757/3757 3122/3601/3601 2934/3756/3756
f 2934/3756/3756 3122/3601/3601 2870/3755/3755
f 2870/3755/3755 3122/3601/3601 3077/3602/3602
f 2870/3755/3755 3077/3602/3602 2749/3754/3754
f 2749/3754/3754 3077/3602/3602 3045/3603/3603
f 2749/3754/3754 3045/3603/3603 2641/3753/3753
f 2641/3753/3753 3045/3603/3603 2989/3604/3604
f 2641/3753/3753 2989/3604/3604 2583/3752/3752
f 2583/3752/3752 2989/3604/3604 2668/3605/3605
f 2583/3752/3752 2668/3605/3605 2527/3751/3751
f 2527/3751/3751 2668/3605/3605 2578/3606/3606
f 2527/3751/3751 2578/3606/3606 2466/3750/3750
f 2466/3750/3750 2578/3606/3606 2503/3607/3607
f 2466/3750/3750 2503/3607/3607 2432/3749/3749
f 2432/3749/3749 2503/3607/3607 2443/3608/3608
f 2432/3749/3749 2443/3608/3608 2365/3748/3748
f 2365/3748/3748 2443/3608/3608 2381/3609/3609
f 2365/3748/3748 2381/3609/3609 2218/3610/3610
f 2365/3748/3748 2218/3610/3610 1847/3736/3736
f 1847/3736/3736 2218/3610/3610 1883/3611/3611
f 1847/3736/3736 1883/3611/3611 1807/3612/3612
f 1847/3736/3736 1807/3612/3612 1802/3735/3735
f 1802/3735/3735 1807/3612/3612 1777/3613/3613
f 1802/3735/3735 1777/3613/3613 1773/3734/3734
f 1773/3734/3734 1777/3613/3613 1746/3614/3614
f 1773/3734/3734 1746/3614/3614 1751/3733/3733
f 1751/3733/3733 1746/3614/3614 1702/3615/3615
f 1751/3733/3733 1702/3615/3615 1715/3732/3732
f 1715/3732/3732 1702/3615/3615 1550/3616/3616
f 1715/3732/3732 1550/3616/3616 1614/3731/3731
f 1614/3731/3731 1550/3616/3616 1123/3617/3617
f 1614/3731/3731 1123/3617/3617 1204/3730/3730
f 1204/3730/3730 1123/3617/3617 1008/3618/3618
f 1204/3730/3730 1008/3618/3618 1086/3729/3729
f 1086/3729/3729 1008/3618/3618 960/3619/3619
f 1086/3729/3729 960/3619/3619 996/3728/3728
f 996/3728/3728 960/3619/3619 883/3620/3620
f 996/3728/3728 883/3620/3620 949/3727/3727
f 949/3727/3727 883/3620/3620 805/3621/3621
f 949/3727/3727 805/3621/3621 892/3726/3726
f 892/3726/3726 805/3621/3621 584/3622/3622
f 892/3726/3726 584/3622/3622 840/3725/3725
f 840/3725/3725 584/3622/3622 271/3623/3623
f 840/3725/3725 271/3623/3623 223/3624/3624
f 840/3725/3725 223/3624/3624 624/3713/3713
f 624/3713/3713 223/3624/3624 160/3625/3625
f 624/3713/3713 160/3625/3625 535/3712/3712
f 535/3712/3712 160/3625/3625 490/3711/3711
f 490/3711/3711 160/3625/3625 121/3626/3626
f 490/3711/3711 121/3626/3626 452/3710/3710
f 452/3710/3710 121/3626/3626 93/3627/3627
f 452/3710/3710 93/3627/3627 573/3709/3709
f 573/3709/3709 93/3627/3627 653/3708/3708
f 653/3708/3708 93/3627/3627 652/3707/3707
f 652/3707/3707 93/3627/3627 572/3706/3706
f 572/3706/3706 93/3627/3627 451/3705/3705
f 451/3705/3705 93/3627/3627 119/3628/3628
f 451/3705/3705 119/3628/3628 549/3704/3704
f 549/3704/3704 119/3628/3628 159/3629/3629
f 549/3704/3704 159/3629/3629 713/3703/3703
f 713/3703/3703 159/3629/3629 222/3630/3630
f 713/3703/3703 222/3630/3630 799/3702/3702
f 799/3702/3702 222/3630/3630 270/3631/3631
f 799/3702/3702 270/3631/3631 856/3701/3701
f 856/3701/3701 270/3631/3631 583/3632/3632
f 856/3701/3701 583/3632/3632 916/3700/3700
f 916/3700/3700 583/3632/3632 804/3633/3633
f 916/3700/3700 804/3633/3633 882/3634/3634
f 916/3700/3700 882/3634/3634 980/3699/3699
f 980/3699/3699 882/3634/3634 959/3635/3635
f 980/3699/3699 959/3635/3635 1001/3698/3698
f 1001/3698/3698 959/3635/3635 1007/3636/3636
f 1001/3698/3698 1007/3636/3636 1112/3697/3697
f 1112/3697/3697 1007/3636/3636 1122/3637/3637
f 1112/3697/3697 1122/3637/3637 1695/3685/3685
f 1695/3685/3685 1122/3637/3637 1549/3638/3638
f 1695/3685/3685 1549/3638/3638 1701/3639/3639
f 1695/3685/3685 1701/3639/3639 1740/3684/3684
f 1740/3684/3684 1701/3639/3639 1745/3640/3640
f 1740/3684/3684 1745/3640/3640 1769/3683/3683
f 1769/3683/3683 1745/3640/3640 1776/3641/3641
f 1769/3683/3683 1776/3641/3641 1794/3682/3682
f 1794/3682/3682 1776/3641/3641 1806/3642/3642
f 1794/3682/3682 1806/3642/3642 1830/3681/3681
f 1830/3681/3681 1806/3642/3642 1882/3643/3643
f 1830/3681/3681 1882/3643/3643 1931/3680/3680
f 1931/3680/3680 1882/3643/3643 2217/3644/3644
f 1931/3680/3680 2217/3644/3644 2298/3679/3679
f 2298/3679/3679 2217/3644/3644 2380/3645/3645
f 2298/3679/3679 2380/3645/3645 2384/3678/3678
f 2384/3678/3678 2380/3645/3645 2442/3646/3646
f 2384/3678/3678 2442/3646/3646 2436/3677/3677
f 2436/3677/3677 2442/3646/3646 2502/3647/3647
f 2436/3677/3677 2502/3647/3647 2483/3676/3676
f 2483/3676/3676 2502/3647/3647 2577/3648/3648
f 2483/3676/3676 2577/3648/3648 2547/3675/3675
f 2547/3675/3675 2577/3648/3648 2667/3649/3649
f 2547/3675/3675 2667/3649/3649 2598/3674/3674
f 2598/3674/3674 2667/3649/3649 2988/3650/3650
f 2598/3674/3674 2988/3650/3650 3044/3651/3651
f 2598/3674/3674 3044/3651/3651 2801/3662/3662
f 2801/3662/3662 3044/3651/3651 3076/3652/3652
f 2801/3662/3662 3076/3652/3652 3121/3653/3653
f 3161/3654/3654 3141/3656/3656 3121/3653/3653
f 3121/3653/3653 3141/3656/3656 3136/3657/3657
f 3121/3653/3653 3136/3657/3657 3128/3658/3658
f 3161/3654/3654 3144/3655/3655 3141/3656/3656
f 2933/3659/3659 2898/3660/3660 3128/3658/3658
f 3128/3658/3658 2898/3660/3660 3121/3653/3653
f 2898/3660/3660 2868/3661/3661 3121/3653/3653
f 3121/3653/3653 2868/3661/3661 2801/3662/3662
f 2801/3662/3662 2619/3663/3663 2598/3674/3674
f 2598/3674/3674 2619/3663/3663 2520/3673/3673
f 2520/3673/3673 2619/3663/3663 2568/3664/3664
f 2520/3673/3673 2568/3664/3664 2540/3665/3665
f 2540/3665/3665 2500/3666/3666 2520/3673/3673
f 2520/3673/3673 2500/3666/3666 2489/3672/3672
f 2489/3672/3672 2500/3666/3666 2482/3667/3667
f 2489/3672/3672 2482/3667/3667 2475/3671/3671
f 2475/3671/3671 2482/3667/3667 2463/3668/3668
f 2475/3671/3671 2463/3668/3668 2455/3670/3670
f 2455/3670/3670 2463/3668/3668 2453/3669/3669
f 1112/3697/3697 1695/3685/3685 1127/3696/3696
f 1127/3696/3696 1695/3685/3685 1714/3686/3686
f 1127/3696/3696 1714/3686/3686 1167/3695/3695
f 1167/3695/3695 1714/3686/3686 1347/3694/3694
f 1347/3694/3694 1714/3686/3686 1498/3693/3693
f 1498/3693/3693 1714/3686/3686 1605/3692/3692
f 1605/3692/3692 1714/3686/3686 1666/3691/3691
f 1666/3691/3691 1714/3686/3686 1694/3690/3690
f 1694/3690/3690 1714/3686/3686 1708/3689/3689
f 1708/3689/3689 1714/3686/3686 1722/3688/3688
f 1722/3688/3688 1714/3686/3686 1726/3687/3687
f 624/3713/3713 820/3714/3714 840/3725/3725
f 840/3725/3725 820/3714/3714 918/3724/3724
f 918/3724/3724 820/3714/3714 864/3715/3715
f 918/3724/3724 864/3715/3715 898/3716/3716
f 898/3716/3716 933/3717/3717 918/3724/3724
f 918/3724/3724 933/3717/3717 943/3723/3723
f 943/3723/3723 933/3717/3717 950/3718/3718
f 943/3723/3723 950/3718/3718 957/3722/3722
f 957/3722/3722 950/3718/3718 972/3719/3719
f 957/3722/3722 972/3719/3719 983/3721/3721
f 983/3721/3721 972/3719/3719 986/3720/3720
f 2365/3748/3748 1847/3736/3736 2356/3747/3747
f 2356/3747/3747 1847/3736/3736 1831/3737/3737
f 2356/3747/3747 1831/3737/3737 1819/3738/3738
f 1819/3738/3738 1823/3739/3739 2356/3747/3747
f 2356/3747/3747 1823/3739/3739 1837/3740/3740
f 2356/3747/3747 1837/3740/3740 1848/3741/3741
f 1848/3741/3741 1876/3742/3742 2356/3747/3747
f 2356/3747/3747 1876/3742/3742 1940/3743/3743
f 2356/3747/3747 1940/3743/3743 2025/3744/3744
f 2025/3744/3744 2179/3745/3745 2356/3747/3747
f 2356/3747/3747 2179/3745/3745 2324/3746/3746
f 3309/3760/3760 3300/3761/3761 3308/3762/3762
f 3307/3763/3763 3306/3764/3764 3299/3765/3765
f 3358/3793/3793 3364/3766/3766 3330/3792/3792
f 3330/3792/3792 3364/3766/3766 3362/3767/3767
f 3330/3792/3792 3362/3767/3767 3329/3769/3769
f 3329/3769/3769 3362/3767/3767 3357/3768/3768
f 3330/3792/3792 3329/3769/3769 3309/3791/3791
f 3309/3791/3791 3329/3769/3769 3307/3770/3770
f 3309/3791/3791 3307/3770/3770 3248/3780/3780
f 3248/3780/3780 3307/3770/3770 3299/3771/3771
f 3248/3780/3780 3299/3771/3771 3245/3779/3779
f 3245/3779/3779 3299/3771/3771 3270/3772/3772
f 3245/3779/3779 3270/3772/3772 3244/3778/3778
f 3244/3778/3778 3270/3772/3772 3231/3773/3773
f 3244/3778/3778 3231/3773/3773 3209/3776/3776
f 3209/3776/3776 3231/3773/3773 3202/3775/3775
f 3202/3775/3775 3231/3773/3773 3183/3774/3774
f 3209/3776/3776 3227/3777/3777 3244/3778/3778
f 3248/3780/3780 3249/3781/3781 3309/3791/3791
f 3309/3791/3791 3249/3781/3781 3300/3790/3790
f 3300/3790/3790 3249/3781/3781 3246/3782/3782
f 3300/3790/3790 3246/3782/3782 3271/3789/3789
f 3271/3789/3789 3246/3782/3782 3247/3783/3783
f 3271/3789/3789 3247/3783/3783 3232/3788/3788
f 3232/3788/3788 3247/3783/3783 3210/3785/3785
f 3232/3788/3788 3210/3785/3785 3203/3786/3786
f 3247/3783/3783 3228/3784/3784 3210/3785/3785
f 3203/3786/3786 3184/3787/3787 3232/3788/3788
f 3361/3795/3795 3362/3796/3796 3363/3794/3794
f 3363/3794/3794 3362/3796/3796 3364/3797/3797
f 3361/3798/3798 3359/3799/3799 3362/3808/3808
f 3362/3808/3808 3359/3799/3799 3357/3807/3807
f 3357/3807/3807 3359/3799/3799 3335/3800/3800
f 3357/3807/3807 3335/3800/3800 3329/3806/3806
f 3329/3806/3806 3335/3800/3800 3316/3801/3801
f 3329/3806/3806 3316/3801/3801 3307/3805/3805
f 3307/3805/3805 3316/3801/3801 3313/3802/3802
f 3307/3805/3805 3313/3802/3802 3310/3803/3803
f 3310/3803/3803 3306/3804/3804 3307/3805/3805
f 3308/3810/3810 3311/3811/3811 3309/3809/3809
f 3309/3809/3809 3311/3811/3811 3314/3812/3812
f 3309/3809/3809 3314/3812/3812 3317/3813/3813
f 3309/3809/3809 3317/3813/3813 3330/3819/3819
f 3330/3819/3819 3317/3813/3813 3336/3814/3814
f 3330/3819/3819 3336/3814/3814 3358/3818/3818
f 3358/3818/3818 3336/3814/3814 3360/3815/3815
f 3358/3818/3818 3360/3815/3815 3364/3817/3817
f 3364/3817/3817 3360/3815/3815 3363/3816/3816
f 3300/3820/3820 3271/3821/3821 3308/3827/3827
f 3308/3827/3827 3271/3821/3821 3279/3826/3826
f 3279/3826/3826 3271/3821/3821 3232/3822/3822
f 3279/3826/3826 3232/3822/3822 3253/3825/3825
f 3253/3825/3825 3232/3822/3822 3184/3823/3823
f 3253/3825/3825 3184/3823/3823 3226/3824/3824
f 3251/3839/3839 3260/3828/3828 3258/3841/3841
f 3258/3841/3841 3260/3828/3828 3268/3829/3829
f 3258/3841/3841 3268/3829/3829 3273/3840/3840
f 3273/3840/3840 3268/3829/3829 3284/3830/3830
f 3273/3840/3840 3284/3830/3830 3287/3842/3842
f 3287/3842/3842 3284/3830/3830 3314/3832/3832
f 3287/3842/3842 3314/3832/3832 3311/3833/3833
f 3284/3830/3830 3317/3831/3831 3314/3832/3832
f 3308/3834/3834 3279/3835/3835 3311/3833/3833
f 3311/3833/3833 3279/3835/3835 3287/3842/3842
f 3287/3842/3842 3279/3835/3835 3273/3840/3840
f 3273/3840/3840 3279/3835/3835 3253/3836/3836
f 3273/3840/3840 3253/3836/3836 3258/3841/3841
f 3258/3841/3841 3253/3836/3836 3226/3837/3837
f 3258/3841/3841 3226/3837/3837 3236/3838/3838
f 3236/3838/3838 3251/3839/3839 3258/3841/3841
f 3225/3850/3850 3183/3843/3843 3252/3849/3849
f 3252/3849/3849 3183/3843/3843 3231/3844/3844
f 3252/3849/3849 3231/3844/3844 3278/3848/3848
f 3278/3848/3848 3231/3844/3844 3270/3845/3845
f 3278/3848/3848 3270/3845/3845 3306/3847/3847
f 3306/3847/3847 3270/3845/3845 3299/3846/3846
f 3313/3862/3862 3316/3851/3851 3286/3865/3865
f 3286/3865/3865 3316/3851/3851 3283/3852/3852
f 3286/3865/3865 3283/3852/3852 3272/3864/3864
f 3272/3864/3864 3283/3852/3852 3267/3853/3853
f 3272/3864/3864 3267/3853/3853 3257/3863/3863
f 3257/3863/3863 3267/3853/3853 3259/3854/3854
f 3257/3863/3863 3259/3854/3854 3250/3855/3855
f 3250/3855/3855 3235/3856/3856 3257/3863/3863
f 3257/3863/3863 3235/3856/3856 3252/3858/3858
f 3257/3863/3863 3252/3858/3858 3272/3864/3864
f 3272/3864/3864 3252/3858/3858 3278/3859/3859
f 3272/3864/3864 3278/3859/3859 3286/3865/3865
f 3286/3865/3865 3278/3859/3859 3306/3860/3860
f 3286/3865/3865 3306/3860/3860 3310/3861/3861
f 3235/3856/3856 3225/3857/3857 3252/3858/3858
f 3310/3861/3861 3313/3862/3862 3286/3865/3865
f 1545/3867/3867 1546/3887/3887 1597/3866/3866
f 1597/3866/3866 1546/3887/3887 1598/3888/3888
f 1597/3889/3889 1598/3877/3877 1632/3876/3876
f 1632/3876/3876 1598/3877/3877 1633/3878/3878
f 1632/3876/3876 1633/3878/3878 1649/3875/3875
f 1649/3875/3875 1633/3878/3878 1650/3879/3879
f 1649/3875/3875 1650/3879/3879 1647/3874/3874
f 1647/3874/3874 1650/3879/3879 1648/3880/3880
f 1647/3874/3874 1648/3880/3880 1630/3873/3873
f 1630/3873/3873 1648/3880/3880 1631/3881/3881
f 1630/3873/3873 1631/3881/3881 1595/3872/3872
f 1595/3872/3872 1631/3881/3881 1596/3882/3882
f 1595/3872/3872 1596/3882/3882 1543/3871/3871
f 1543/3871/3871 1596/3882/3882 1544/3883/3883
f 1543/3871/3871 1544/3883/3883 1485/3870/3870
f 1485/3870/3870 1544/3883/3883 1486/3884/3884
f 1485/3870/3870 1486/3884/3884 1435/3869/3869
f 1435/3869/3869 1486/3884/3884 1436/3885/3885
f 1435/3869/3869 1436/3885/3885 1487/3868/3868
f 1487/3868/3868 1436/3885/3885 1488/3886/3886
f 1487/3868/3868 1488/3886/3886 1545/3867/3867
f 1545/3867/3867 1488/3886/3886 1546/3887/3887
f 1506/3891/3891 1544/3909/3909 1581/3890/3890
f 1581/3890/3890 1544/3909/3909 1596/3910/3910
f 1581/3890/3890 1596/3910/3910 1629/3903/3903
f 1629/3903/3903 1596/3910/3910 1631/3911/3911
f 1629/3903/3903 1631/3911/3911 1671/3902/3902
f 1671/3902/3902 1631/3911/3911 1648/3912/3912
f 1671/3902/3902 1648/3912/3912 1684/3901/3901
f 1684/3901/3901 1648/3912/3912 1650/3913/3913
f 1684/3901/3901 1650/3913/3913 1683/3900/3900
f 1683/3900/3900 1650/3913/3913 1670/3899/3899
f 1670/3899/3899 1650/3913/3913 1633/3914/3914
f 1670/3899/3899 1633/3914/3914 1628/3898/3898
f 1628/3898/3898 1633/3914/3914 1598/3904/3904
f 1628/3898/3898 1598/3904/3904 1578/3897/3897
f 1578/3897/3897 1598/3904/3904 1546/3905/3905
f 1578/3897/3897 1546/3905/3905 1505/3896/3896
f 1505/3896/3896 1546/3905/3905 1402/3895/3895
f 1402/3895/3895 1546/3905/3905 1488/3906/3906
f 1402/3895/3895 1488/3906/3906 1367/3894/3894
f 1367/3894/3894 1488/3906/3906 1436/3907/3907
f 1367/3894/3894 1436/3907/3907 1368/3893/3893
f 1368/3893/3893 1436/3907/3907 1486/3908/3908
f 1368/3893/3893 1486/3908/3908 1403/3892/3892
f 1403/3892/3892 1486/3908/3908 1544/3909/3909
f 1403/3892/3892 1544/3909/3909 1506/3891/3891
f 835/3916/3916 836/3936/3936 827/3915/3915
f 827/3915/3915 836/3936/3936 828/3937/3937
f 827/3938/3938 828/3926/3926 841/3925/3925
f 841/3925/3925 828/3926/3926 842/3927/3927
f 841/3925/3925 842/3927/3927 862/3924/3924
f 862/3924/3924 842/3927/3927 863/3928/3928
f 862/3924/3924 863/3928/3928 874/3923/3923
f 874/3923/3923 863/3928/3928 875/3929/3929
f 874/3923/3923 875/3929/3929 900/3922/3922
f 900/3922/3922 875/3929/3929 901/3930/3930
f 900/3922/3922 901/3930/3930 910/3921/3921
f 910/3921/3921 901/3930/3930 911/3931/3931
f 910/3921/3921 911/3931/3931 904/3920/3920
f 904/3920/3920 911/3931/3931 905/3932/3932
f 904/3920/3920 905/3932/3932 889/3919/3919
f 889/3919/3919 905/3932/3932 890/3933/3933
f 889/3919/3919 890/3933/3933 870/3918/3918
f 870/3918/3918 890/3933/3933 871/3934/3934
f 870/3918/3918 871/3934/3934 852/3917/3917
f 852/3917/3917 871/3934/3934 853/3935/3935
f 852/3917/3917 853/3935/3935 835/3916/3916
f 835/3916/3916 853/3935/3935 836/3936/3936
f 923/3940/3940 905/3958/3958 930/3939/3939
f 930/3939/3939 905/3958/3958 911/3959/3959
f 930/3939/3939 911/3959/3959 922/3952/3952
f 922/3952/3952 911/3959/3959 901/3960/3960
f 922/3952/3952 901/3960/3960 908/3951/3951
f 908/3951/3951 901/3960/3960 875/3961/3961
f 908/3951/3951 875/3961/3961 879/3950/3950
f 879/3950/3950 875/3961/3961 863/3962/3962
f 879/3950/3950 863/3962/3962 858/3949/3949
f 858/3949/3949 863/3962/3962 830/3948/3948
f 830/3948/3948 863/3962/3962 842/3963/3963
f 830/3948/3948 842/3963/3963 813/3947/3947
f 813/3947/3947 842/3963/3963 828/3953/3953
f 813/3947/3947 828/3953/3953 808/3946/3946
f 808/3946/3946 828/3953/3953 836/3954/3954
f 808/3946/3946 836/3954/3954 814/3945/3945
f 814/3945/3945 836/3954/3954 831/3944/3944
f 831/3944/3944 836/3954/3954 853/3955/3955
f 831/3944/3944 853/3955/3955 859/3943/3943
f 859/3943/3943 853/3955/3955 871/3956/3956
f 859/3943/3943 871/3956/3956 880/3942/3942
f 880/3942/3942 871/3956/3956 890/3957/3957
f 880/3942/3942 890/3957/3957 909/3941/3941
f 909/3941/3941 890/3957/3957 905/3958/3958
f 909/3941/3941 905/3958/3958 923/3940/3940
f 1980/3965/3965 1981/3985/3985 1946/3964/3964
f 1946/3964/3964 1981/3985/3985 1947/3986/3986
f 1946/3987/3987 1947/3975/3975 1910/3974/3974
f 1910/3974/3974 1947/3975/3975 1911/3976/3976
f 1910/3974/3974 1911/3976/3976 1893/3973/3973
f 1893/3973/3973 1911/3976/3976 1894/3977/3977
f 1893/3973/3973 1894/3977/3977 1895/3972/3972
f 1895/3972/3972 1894/3977/3977 1896/3978/3978
f 1895/3972/3972 1896/3978/3978 1912/3971/3971
f 1912/3971/3971 1896/3978/3978 1913/3979/3979
f 1912/3971/3971 1913/3979/3979 1948/3970/3970
f 1948/3970/3970 1913/3979/3979 1949/3980/3980
f 1948/3970/3970 1949/3980/3980 1982/3969/3969
f 1982/3969/3969 1949/3980/3980 1983/3981/3981
f 1982/3969/3969 1983/3981/3981 2038/3968/3968
f 2038/3968/3968 1983/3981/3981 2039/3982/3982
f 2038/3968/3968 2039/3982/3982 2090/3967/3967
f 2090/3967/3967 2039/3982/3982 2091/3983/3983
f 2090/3967/3967 2091/3983/3983 2036/3966/3966
f 2036/3966/3966 2091/3983/3983 2037/3984/3984
f 2036/3966/3966 2037/3984/3984 1980/3965/3965
f 1980/3965/3965 2037/3984/3984 1981/3985/3985
f 2018/3989/3989 1983/4007/4007 1964/3988/3988
f 1964/3988/3988 1983/4007/4007 1949/4008/4008
f 1964/3988/3988 1949/4008/4008 1915/4001/4001
f 1915/4001/4001 1949/4008/4008 1913/4009/4009
f 1915/4001/4001 1913/4009/4009 1871/4000/4000
f 1871/4000/4000 1913/4009/4009 1896/4010/4010
f 1871/4000/4000 1896/4010/4010 1858/3999/3999
f 1858/3999/3999 1896/4010/4010 1894/4011/4011
f 1858/3999/3999 1894/4011/4011 1859/3998/3998
f 1859/3998/3998 1894/4011/4011 1872/3997/3997
f 1872/3997/3997 1894/4011/4011 1911/4012/4012
f 1872/3997/3997 1911/4012/4012 1916/3996/3996
f 1916/3996/3996 1911/4012/4012 1947/4002/4002
f 1916/3996/3996 1947/4002/4002 1967/3995/3995
f 1967/3995/3995 1947/4002/4002 1981/4003/4003
f 1967/3995/3995 1981/4003/4003 2019/3994/3994
f 2019/3994/3994 1981/4003/4003 2124/3993/3993
f 2124/3993/3993 1981/4003/4003 2037/4004/4004
f 2124/3993/3993 2037/4004/4004 2159/3992/3992
f 2159/3992/3992 2037/4004/4004 2091/4005/4005
f 2159/3992/3992 2091/4005/4005 2158/3991/3991
f 2158/3991/3991 2091/4005/4005 2039/4006/4006
f 2158/3991/3991 2039/4006/4006 2123/3990/3990
f 2123/3990/3990 2039/4006/4006 1983/4007/4007
f 2123/3990/3990 1983/4007/4007 2018/3989/3989
f 138/4225/4225 123/4013/4013 187/4017/4017
f 187/4017/4017 123/4013/4013 126/4014/4014
f 187/4017/4017 126/4014/4014 128/4015/4015
f 128/4015/4015 130/4016/4016 187/4017/4017
f 187/4017/4017 244/4018/4018 138/4225/4225
f 138/4225/4225 244/4018/4018 148/4224/4224
f 148/4224/4224 244/4018/4018 236/4220/4220
f 148/4224/4224 236/4220/4220 163/4223/4223
f 163/4223/4223 236/4220/4220 191/4222/4222
f 191/4222/4222 236/4220/4220 211/4221/4221
f 244/4018/4018 279/4019/4019 236/4220/4220
f 236/4220/4220 279/4019/4019 821/4219/4219
f 821/4219/4219 279/4019/4019 398/4020/4020
f 821/4219/4219 398/4020/4020 548/4021/4021
f 821/4219/4219 548/4021/4021 865/4218/4218
f 865/4218/4218 548/4021/4021 648/4022/4022
f 865/4218/4218 648/4022/4022 897/4217/4217
f 897/4217/4217 648/4022/4022 647/4023/4023
f 897/4217/4217 647/4023/4023 932/4216/4216
f 932/4216/4216 647/4023/4023 829/4040/4040
f 932/4216/4216 829/4040/4040 947/4215/4215
f 947/4215/4215 829/4040/4040 1604/4062/4062
f 947/4215/4215 1604/4062/4062 1664/4063/4063
f 829/4040/4040 647/4023/4023 803/4039/4039
f 803/4039/4039 647/4023/4023 547/4024/4024
f 803/4039/4039 547/4024/4024 761/4038/4038
f 761/4038/4038 547/4024/4024 397/4025/4025
f 761/4038/4038 397/4025/4025 563/4037/4037
f 563/4037/4037 397/4025/4025 278/4026/4026
f 563/4037/4037 278/4026/4026 323/4036/4036
f 323/4036/4036 278/4026/4026 243/4027/4027
f 323/4036/4036 243/4027/4027 154/4031/4031
f 154/4031/4031 243/4027/4027 140/4030/4030
f 140/4030/4030 243/4027/4027 176/4028/4028
f 140/4030/4030 176/4028/4028 118/4029/4029
f 323/4036/4036 154/4031/4031 213/4035/4035
f 213/4035/4035 154/4031/4031 193/4032/4032
f 213/4035/4035 193/4032/4032 198/4033/4033
f 198/4033/4033 207/4034/4034 213/4035/4035
f 829/4040/4040 848/4041/4041 1604/4062/4062
f 1604/4062/4062 848/4041/4041 1501/4061/4061
f 1501/4061/4061 848/4041/4041 851/4042/4042
f 1501/4061/4061 851/4042/4042 1359/4060/4060
f 1359/4060/4060 851/4042/4042 837/4043/4043
f 1359/4060/4060 837/4043/4043 1175/4059/4059
f 1175/4059/4059 837/4043/4043 825/4051/4051
f 1175/4059/4059 825/4051/4051 1134/4058/4058
f 1134/4058/4058 825/4051/4051 902/4052/4052
f 1134/4058/4058 902/4052/4052 976/4053/4053
f 837/4043/4043 812/4044/4044 825/4051/4051
f 825/4051/4051 812/4044/4044 700/4050/4050
f 700/4050/4050 812/4044/4044 773/4045/4045
f 700/4050/4050 773/4045/4045 344/4049/4049
f 344/4049/4049 773/4045/4045 371/4046/4046
f 344/4049/4049 371/4046/4046 337/4048/4048
f 337/4048/4048 371/4046/4046 349/4047/4047
f 1134/4058/4058 976/4053/4053 1069/4057/4057
f 1069/4057/4057 976/4053/4053 1011/4054/4054
f 1069/4057/4057 1011/4054/4054 1044/4056/4056
f 1044/4056/4056 1011/4054/4054 1019/4055/4055
f 1692/4064/4064 2454/4107/4107 1664/4063/4063
f 1664/4063/4063 2454/4107/4107 2469/4108/4108
f 1664/4063/4063 2469/4108/4108 967/4214/4214
f 967/4214/4214 2469/4108/4108 1878/4169/4169
f 967/4214/4214 1878/4169/4169 984/4213/4213
f 984/4213/4213 1878/4169/4169 1850/4170/4170
f 984/4213/4213 1850/4170/4170 1490/4192/4192
f 1490/4192/4192 1850/4170/4170 1588/4191/4191
f 1588/4191/4191 1850/4170/4170 1839/4171/4171
f 1588/4191/4191 1839/4171/4171 1639/4190/4190
f 1639/4190/4190 1839/4171/4171 1826/4172/4172
f 1639/4190/4190 1826/4172/4172 1673/4189/4189
f 1673/4189/4189 1826/4172/4172 1822/4173/4173
f 1673/4189/4189 1822/4173/4173 1756/4181/4181
f 1756/4181/4181 1822/4173/4173 1834/4174/4174
f 1756/4181/4181 1834/4174/4174 1785/4180/4180
f 1785/4180/4180 1834/4174/4174 1810/4179/4179
f 1810/4179/4179 1834/4174/4174 1898/4175/4175
f 1810/4179/4179 1898/4175/4175 1864/4178/4178
f 1864/4178/4178 1898/4175/4175 1901/4176/4176
f 1864/4178/4178 1901/4176/4176 1891/4177/4177
f 1706/4065/4065 1955/4085/4085 1692/4064/4064
f 1692/4064/4064 1955/4085/4085 2033/4086/4086
f 1692/4064/4064 2033/4086/4086 2454/4107/4107
f 2454/4107/4107 2033/4086/4086 2457/4106/4106
f 2457/4106/4106 2033/4086/4086 2226/4087/4087
f 2457/4106/4106 2226/4087/4087 2477/4105/4105
f 2477/4105/4105 2226/4087/4087 2491/4104/4104
f 2491/4104/4104 2226/4087/4087 2336/4088/4088
f 2491/4104/4104 2336/4088/4088 2514/4096/4096
f 2514/4096/4096 2336/4088/4088 2361/4089/4089
f 2514/4096/4096 2361/4089/4089 2449/4095/4095
f 2449/4095/4095 2361/4089/4089 2370/4090/4090
f 2449/4095/4095 2370/4090/4090 2411/4094/4094
f 2411/4094/4094 2370/4090/4090 2388/4091/4091
f 2411/4094/4094 2388/4091/4091 2392/4092/4092
f 1955/4085/4085 1706/4065/4065 1904/4084/4084
f 1904/4084/4084 1706/4065/4065 1719/4066/4066
f 1904/4084/4084 1719/4066/4066 1869/4083/4083
f 1869/4083/4083 1719/4066/4066 1723/4067/4067
f 1869/4083/4083 1723/4067/4067 1789/4075/4075
f 1789/4075/4075 1723/4067/4067 1711/4068/4068
f 1789/4075/4075 1711/4068/4068 1760/4074/4074
f 1760/4074/4074 1711/4068/4068 1733/4073/4073
f 1733/4073/4073 1711/4068/4068 1645/4069/4069
f 1733/4073/4073 1645/4069/4069 1678/4072/4072
f 1678/4072/4072 1645/4069/4069 1642/4070/4070
f 1678/4072/4072 1642/4070/4070 1652/4071/4071
f 1869/4083/4083 1789/4075/4075 1865/4082/4082
f 1865/4082/4082 1789/4075/4075 1815/4076/4076
f 1865/4082/4082 1815/4076/4076 1881/4081/4081
f 1881/4081/4081 1815/4076/4076 1922/4077/4077
f 1881/4081/4081 1922/4077/4077 1926/4080/4080
f 1926/4080/4080 1922/4077/4077 1928/4079/4079
f 1928/4079/4079 1922/4077/4077 1924/4078/4078
f 2392/4092/4092 2403/4093/4093 2411/4094/4094
f 2491/4104/4104 2514/4096/4096 2521/4103/4103
f 2521/4103/4103 2514/4096/4096 2576/4097/4097
f 2521/4103/4103 2576/4097/4097 2661/4098/4098
f 2521/4103/4103 2661/4098/4098 2860/4102/4102
f 2860/4102/4102 2661/4098/4098 2915/4099/4099
f 2860/4102/4102 2915/4099/4099 2947/4100/4100
f 2947/4100/4100 2908/4101/4101 2860/4102/4102
f 2469/4108/4108 2485/4109/4109 1878/4169/4169
f 1878/4169/4169 2485/4109/4109 1941/4168/4168
f 1941/4168/4168 2485/4109/4109 2609/4146/4146
f 1941/4168/4168 2609/4146/4146 2588/4147/4147
f 2485/4109/4109 2501/4110/4110 2609/4146/4146
f 2609/4146/4146 2501/4110/4110 2630/4145/4145
f 2630/4145/4145 2501/4110/4110 2541/4111/4111
f 2630/4145/4145 2541/4111/4111 2675/4144/4144
f 2675/4144/4144 2541/4111/4111 2567/4112/4112
f 2675/4144/4144 2567/4112/4112 3167/4135/4135
f 3167/4135/4135 2567/4112/4112 2617/4113/4113
f 3167/4135/4135 2617/4113/4113 3192/4134/4134
f 3192/4134/4134 2617/4113/4113 3191/4121/4121
f 3192/4134/4134 3191/4121/4121 3263/4133/4133
f 3263/4133/4133 3191/4121/4121 3262/4122/4122
f 3263/4133/4133 3262/4122/4122 3351/4127/4127
f 3351/4127/4127 3262/4122/4122 3289/4123/4123
f 3351/4127/4127 3289/4123/4123 3292/4124/4124
f 3056/4114/4114 3119/4118/4118 2617/4113/4113
f 2617/4113/4113 3119/4118/4118 3149/4119/4119
f 2617/4113/4113 3149/4119/4119 3166/4120/4120
f 3068/4115/4115 3094/4116/4116 3056/4114/4114
f 3056/4114/4114 3094/4116/4116 3108/4117/4117
f 3056/4114/4114 3108/4117/4117 3119/4118/4118
f 3166/4120/4120 3191/4121/4121 2617/4113/4113
f 3323/4125/4125 3340/4126/4126 3292/4124/4124
f 3292/4124/4124 3340/4126/4126 3351/4127/4127
f 3351/4127/4127 3353/4128/4128 3263/4133/4133
f 3263/4133/4133 3353/4128/4128 3290/4132/4132
f 3290/4132/4132 3353/4128/4128 3294/4131/4131
f 3294/4131/4131 3353/4128/4128 3342/4129/4129
f 3294/4131/4131 3342/4129/4129 3325/4130/4130
f 2675/4144/4144 3167/4135/4135 2846/4143/4143
f 2846/4143/4143 3167/4135/4135 3148/4136/4136
f 2846/4143/4143 3148/4136/4136 3012/4142/4142
f 3012/4142/4142 3148/4136/4136 3116/4137/4137
f 3012/4142/4142 3116/4137/4137 3066/4141/4141
f 3066/4141/4141 3116/4137/4137 3093/4138/4138
f 3066/4141/4141 3093/4138/4138 3084/4139/4139
f 3084/4139/4139 3072/4140/4140 3066/4141/4141
f 1941/4168/4168 2588/4147/4147 2022/4167/4167
f 2022/4167/4167 2588/4147/4147 2585/4148/4148
f 2022/4167/4167 2585/4148/4148 2167/4166/4166
f 2167/4166/4166 2585/4148/4148 2601/4149/4149
f 2167/4166/4166 2601/4149/4149 2318/4165/4165
f 2318/4165/4165 2601/4149/4149 2613/4157/4157
f 2318/4165/4165 2613/4157/4157 2349/4164/4164
f 2349/4164/4164 2613/4157/4157 2535/4158/4158
f 2349/4164/4164 2535/4158/4158 2460/4159/4159
f 2601/4149/4149 2626/4150/4150 2613/4157/4157
f 2613/4157/4157 2626/4150/4150 2734/4156/4156
f 2734/4156/4156 2626/4150/4150 2659/4151/4151
f 2734/4156/4156 2659/4151/4151 3002/4155/4155
f 3002/4155/4155 2659/4151/4151 2991/4152/4152
f 3002/4155/4155 2991/4152/4152 3005/4154/4154
f 3005/4154/4154 2991/4152/4152 3000/4153/4153
f 2349/4164/4164 2460/4159/4159 2394/4163/4163
f 2394/4163/4163 2460/4159/4159 2425/4160/4160
f 2394/4163/4163 2425/4160/4160 2408/4162/4162
f 2408/4162/4162 2425/4160/4160 2417/4161/4161
f 1673/4189/4189 1756/4181/4181 1677/4188/4188
f 1677/4188/4188 1756/4181/4181 1730/4182/4182
f 1677/4188/4188 1730/4182/4182 1661/4187/4187
f 1661/4187/4187 1730/4182/4182 1623/4183/4183
f 1661/4187/4187 1623/4183/4183 1619/4186/4186
f 1619/4186/4186 1623/4183/4183 1617/4185/4185
f 1617/4185/4185 1623/4183/4183 1621/4184/4184
f 984/4213/4213 1490/4192/4192 979/4212/4212
f 979/4212/4212 1490/4192/4192 1304/4193/4193
f 979/4212/4212 1304/4193/4193 955/4211/4211
f 955/4211/4211 1304/4193/4193 941/4210/4210
f 941/4210/4210 1304/4193/4193 1150/4194/4194
f 941/4210/4210 1150/4194/4194 924/4202/4202
f 924/4202/4202 1150/4194/4194 1116/4195/4195
f 924/4202/4202 1116/4195/4195 988/4201/4201
f 988/4201/4201 1116/4195/4195 1109/4196/4196
f 988/4201/4201 1109/4196/4196 1036/4200/4200
f 1036/4200/4200 1109/4196/4196 1078/4197/4197
f 1036/4200/4200 1078/4197/4197 1071/4198/4198
f 1071/4198/4198 1055/4199/4199 1036/4200/4200
f 941/4210/4210 924/4202/4202 917/4209/4209
f 917/4209/4209 924/4202/4202 854/4203/4203
f 917/4209/4209 854/4203/4203 771/4204/4204
f 917/4209/4209 771/4204/4204 539/4208/4208
f 539/4208/4208 771/4204/4204 463/4205/4205
f 539/4208/4208 463/4205/4205 429/4206/4206
f 429/4206/4206 474/4207/4207 539/4208/4208
f 967/4214/4214 947/4215/4215 1664/4063/4063
f 187/4231/4231 130/4226/4226 185/4230/4230
f 185/4230/4230 130/4226/4226 117/4227/4227
f 185/4230/4230 117/4227/4227 108/4229/4229
f 108/4229/4229 117/4227/4227 110/4228/4228
f 1953/4233/4233 1963/4260/4260 1937/4232/4232
f 1937/4261/4261 1963/4259/4259 1951/4246/4246
f 1937/4262/4262 1951/4246/4246 1952/4245/4245
f 1952/4245/4245 1951/4246/4246 1969/4247/4247
f 1952/4245/4245 1969/4247/4247 1976/4244/4244
f 1976/4244/4244 1969/4247/4247 1985/4248/4248
f 1976/4244/4244 1985/4248/4248 2078/4243/4243
f 2078/4243/4243 1985/4248/4248 2099/4249/4249
f 2078/4243/4243 2099/4249/4249 2230/4242/4242
f 2230/4242/4242 2099/4249/4249 2228/4250/4250
f 2230/4242/4242 2228/4250/4250 2326/4241/4241
f 2326/4241/4241 2228/4250/4250 2321/4251/4251
f 2326/4241/4241 2321/4251/4251 2352/4240/4240
f 2352/4240/4240 2321/4251/4251 2344/4252/4252
f 2352/4240/4240 2344/4252/4252 2357/4239/4239
f 2357/4239/4239 2344/4252/4252 2355/4253/4253
f 2357/4239/4239 2355/4253/4253 2353/4238/4238
f 2353/4238/4238 2355/4253/4253 2341/4254/4254
f 2353/4238/4238 2341/4254/4254 2327/4237/4237
f 2327/4237/4237 2341/4254/4254 2316/4255/4255
f 2327/4237/4237 2316/4255/4255 2231/4236/4236
f 2231/4236/4236 2316/4255/4255 2198/4256/4256
f 2231/4236/4236 2198/4256/4256 2079/4235/4235
f 2079/4235/4235 2198/4256/4256 2081/4257/4257
f 2079/4235/4235 2081/4257/4257 1977/4234/4234
f 1977/4234/4234 2081/4257/4257 1979/4258/4258
f 1977/4234/4234 1979/4258/4258 1953/4233/4233
f 1953/4233/4233 1979/4258/4258 1963/4263/4263
f 1923/4264/4264 2146/4265/4265 1927/4283/4283
f 1927/4283/4283 2146/4265/4265 1938/4282/4282
f 1938/4282/4282 2146/4265/4265 1933/4281/4281
f 1933/4281/4281 2146/4265/4265 2117/4294/4294
f 1933/4281/4281 2117/4294/4294 1989/4295/4295
f 2117/4294/4294 2146/4265/4265 2263/4293/4293
f 2263/4293/4293 2146/4265/4265 2358/4266/4266
f 2263/4293/4293 2358/4266/4266 2328/4292/4292
f 2328/4292/4292 2358/4266/4266 2345/4291/4291
f 2345/4291/4291 2358/4266/4266 2386/4270/4270
f 2345/4291/4291 2386/4270/4270 2347/4290/4290
f 2347/4290/4290 2386/4270/4270 2368/4271/4271
f 2347/4290/4290 2368/4271/4271 2330/4289/4289
f 2330/4289/4289 2368/4271/4271 2360/4272/4272
f 2330/4289/4289 2360/4272/4272 2335/4273/4273
f 2410/4267/4267 2398/4268/4268 2358/4266/4266
f 2358/4266/4266 2398/4268/4268 2391/4269/4269
f 2358/4266/4266 2391/4269/4269 2386/4270/4270
f 2330/4289/4289 2335/4273/4273 2265/4288/4288
f 2265/4288/4288 2335/4273/4273 2219/4274/4274
f 2265/4288/4288 2219/4274/4274 2119/4287/4287
f 2119/4287/4287 2219/4274/4274 2034/4275/4275
f 2119/4287/4287 2034/4275/4275 1991/4286/4286
f 1991/4286/4286 2034/4275/4275 1960/4276/4276
f 1991/4286/4286 1960/4276/4276 1907/4277/4277
f 1991/4286/4286 1907/4277/4277 1972/4285/4285
f 1972/4285/4285 1907/4277/4277 1877/4278/4278
f 1972/4285/4285 1877/4278/4278 1958/4284/4284
f 1958/4284/4284 1877/4278/4278 1866/4279/4279
f 1958/4284/4284 1866/4279/4279 1888/4280/4280
f 1933/4281/4281 1989/4295/4295 1888/4280/4280
f 1888/4280/4280 1989/4295/4295 1970/4296/4296
f 1888/4280/4280 1970/4296/4296 1958/4284/4284
f 1590/4298/4298 1583/4325/4325 1608/4297/4297
f 1608/4326/4326 1583/4324/4324 1594/4311/4311
f 1608/4327/4327 1594/4311/4311 1591/4310/4310
f 1591/4310/4310 1594/4311/4311 1577/4312/4312
f 1591/4310/4310 1577/4312/4312 1555/4309/4309
f 1555/4309/4309 1577/4312/4312 1542/4313/4313
f 1555/4309/4309 1542/4313/4313 1448/4308/4308
f 1448/4308/4308 1542/4313/4313 1428/4314/4314
f 1448/4308/4308 1428/4314/4314 1300/4307/4307
f 1300/4307/4307 1428/4314/4314 1303/4315/4315
f 1300/4307/4307 1303/4315/4315 1164/4306/4306
f 1164/4306/4306 1303/4315/4315 1174/4316/4316
f 1164/4306/4306 1174/4316/4316 1132/4305/4305
f 1132/4305/4305 1174/4316/4316 1140/4317/4317
f 1132/4305/4305 1140/4317/4317 1126/4304/4304
f 1126/4304/4304 1140/4317/4317 1129/4318/4318
f 1126/4304/4304 1129/4318/4318 1131/4303/4303
f 1131/4303/4303 1129/4318/4318 1144/4319/4319
f 1131/4303/4303 1144/4319/4319 1163/4302/4302
f 1163/4302/4302 1144/4319/4319 1179/4320/4320
f 1163/4302/4302 1179/4320/4320 1299/4301/4301
f 1299/4301/4301 1179/4320/4320 1328/4321/4321
f 1299/4301/4301 1328/4321/4321 1447/4300/4300
f 1447/4300/4300 1328/4321/4321 1446/4322/4322
f 1447/4300/4300 1446/4322/4322 1554/4299/4299
f 1554/4299/4299 1446/4322/4322 1548/4323/4323
f 1554/4299/4299 1548/4323/4323 1590/4298/4298
f 1590/4298/4298 1548/4323/4323 1583/4328/4328
f 1622/4329/4329 1380/4330/4330 1618/4348/4348
f 1618/4348/4348 1380/4330/4330 1607/4347/4347
f 1607/4347/4347 1380/4330/4330 1612/4346/4346
f 1612/4346/4346 1380/4330/4330 1408/4359/4359
f 1612/4346/4346 1408/4359/4359 1535/4360/4360
f 1408/4359/4359 1380/4330/4330 1265/4358/4358
f 1265/4358/4358 1380/4330/4330 1120/4331/4331
f 1265/4358/4358 1120/4331/4331 1161/4357/4357
f 1161/4357/4357 1120/4331/4331 1137/4356/4356
f 1137/4356/4356 1120/4331/4331 1080/4335/4335
f 1137/4356/4356 1080/4335/4335 1135/4355/4355
f 1135/4355/4355 1080/4335/4335 1110/4336/4336
f 1135/4355/4355 1110/4336/4336 1159/4354/4354
f 1159/4354/4354 1110/4336/4336 1118/4337/4337
f 1159/4354/4354 1118/4337/4337 1152/4338/4338
f 1039/4332/4332 1061/4333/4333 1120/4331/4331
f 1120/4331/4331 1061/4333/4333 1073/4334/4334
f 1120/4331/4331 1073/4334/4334 1080/4335/4335
f 1159/4354/4354 1152/4338/4338 1263/4353/4353
f 1263/4353/4353 1152/4338/4338 1309/4339/4339
f 1263/4353/4353 1309/4339/4339 1406/4352/4352
f 1406/4352/4352 1309/4339/4339 1489/4340/4340
f 1406/4352/4352 1489/4340/4340 1533/4351/4351
f 1533/4351/4351 1489/4340/4340 1585/4341/4341
f 1533/4351/4351 1585/4341/4341 1636/4342/4342
f 1533/4351/4351 1636/4342/4342 1568/4350/4350
f 1568/4350/4350 1636/4342/4342 1665/4343/4343
f 1568/4350/4350 1665/4343/4343 1586/4349/4349
f 1586/4349/4349 1665/4343/4343 1676/4344/4344
f 1586/4349/4349 1676/4344/4344 1657/4345/4345
f 1612/4346/4346 1535/4360/4360 1657/4345/4345
f 1657/4345/4345 1535/4360/4360 1570/4361/4361
f 1657/4345/4345 1570/4361/4361 1586/4349/4349
f 2682/4363/4363 2711/4390/4390 2812/4362/4362
f 2812/4391/4391 2711/4389/4389 2831/4376/4376
f 2812/4392/4392 2831/4376/4376 2978/4375/4375
f 2978/4375/4375 2831/4376/4376 2962/4377/4377
f 2978/4375/4375 2962/4377/4377 3024/4374/4374
f 3024/4374/4374 2962/4377/4377 3021/4378/4378
f 3024/4374/4374 3021/4378/4378 3037/4373/4373
f 3037/4373/4373 3021/4378/4378 3034/4379/4379
f 3037/4373/4373 3034/4379/4379 3038/4372/4372
f 3038/4372/4372 3034/4379/4379 3032/4380/4380
f 3038/4372/4372 3032/4380/4380 3025/4371/4371
f 3025/4371/4371 3032/4380/4380 3017/4381/4381
f 3025/4371/4371 3017/4381/4381 2981/4370/4370
f 2981/4370/4370 3017/4381/4381 2945/4382/4382
f 2981/4370/4370 2945/4382/4382 2818/4369/4369
f 2818/4369/4369 2945/4382/4382 2806/4383/4383
f 2818/4369/4369 2806/4383/4383 2685/4368/4368
f 2685/4368/4368 2806/4383/4383 2699/4384/4384
f 2685/4368/4368 2699/4384/4384 2650/4367/4367
f 2650/4367/4367 2699/4384/4384 2652/4385/4385
f 2650/4367/4367 2652/4385/4385 2632/4366/4366
f 2632/4366/4366 2652/4385/4385 2638/4386/4386
f 2632/4366/4366 2638/4386/4386 2631/4365/4365
f 2631/4365/4365 2638/4386/4386 2640/4387/4387
f 2631/4365/4365 2640/4387/4387 2649/4364/4364
f 2649/4364/4364 2640/4387/4387 2656/4388/4388
f 2649/4364/4364 2656/4388/4388 2682/4363/4363
f 2682/4363/4363 2656/4388/4388 2711/4393/4393
f 3095/4394/4394 3060/4395/4395 3086/4413/4413
f 3086/4413/4413 3060/4395/4395 3074/4412/4412
f 3074/4412/4412 3060/4395/4395 3067/4411/4411
f 3067/4411/4411 3060/4395/4395 3029/4424/4424
f 3067/4411/4411 3029/4424/4424 3018/4425/4425
f 3029/4424/4424 3060/4395/4395 3026/4423/4423
f 3026/4423/4423 3060/4395/4395 3041/4396/4396
f 3026/4423/4423 3041/4396/4396 3003/4422/4422
f 3003/4422/4422 3041/4396/4396 2874/4421/4421
f 2874/4421/4421 3041/4396/4396 2998/4400/4400
f 2874/4421/4421 2998/4400/4400 2765/4420/4420
f 2765/4420/4420 2998/4400/4400 2660/4401/4401
f 2765/4420/4420 2660/4401/4401 2662/4419/4419
f 2662/4419/4419 2660/4401/4401 2627/4402/4402
f 2662/4419/4419 2627/4402/4402 2604/4403/4403
f 3009/4397/4397 3013/4398/4398 3041/4396/4396
f 3041/4396/4396 3013/4398/4398 3006/4399/4399
f 3041/4396/4396 3006/4399/4399 2998/4400/4400
f 2662/4419/4419 2604/4403/4403 2646/4418/4418
f 2646/4418/4418 2604/4403/4403 2589/4404/4404
f 2646/4418/4418 2589/4404/4404 2643/4417/4417
f 2643/4417/4417 2589/4404/4404 2592/4405/4405
f 2643/4417/4417 2592/4405/4405 2653/4416/4416
f 2653/4416/4416 2592/4405/4405 2612/4406/4406
f 2653/4416/4416 2612/4406/4406 2633/4407/4407
f 2653/4416/4416 2633/4407/4407 2704/4415/4415
f 2704/4415/4415 2633/4407/4407 2677/4408/4408
f 2704/4415/4415 2677/4408/4408 2813/4414/4414
f 2813/4414/4414 2677/4408/4408 2845/4409/4409
f 2813/4414/4414 2845/4409/4409 3010/4410/4410
f 3067/4411/4411 3018/4425/4425 3010/4410/4410
f 3010/4410/4410 3018/4425/4425 2953/4426/4426
f 3010/4410/4410 2953/4426/4426 2813/4414/4414
f 190/4427/4427 220/4428/4428 197/4446/4446
f 197/4446/4446 220/4428/4428 205/4445/4445
f 205/4445/4445 220/4428/4428 212/4444/4444
f 212/4444/4444 220/4428/4428 283/4457/4457
f 212/4444/4444 283/4457/4457 309/4458/4458
f 283/4457/4457 220/4428/4428 293/4456/4456
f 293/4456/4456 220/4428/4428 256/4429/4429
f 293/4456/4456 256/4429/4429 340/4455/4455
f 340/4455/4455 256/4429/4429 513/4454/4454
f 513/4454/4454 256/4429/4429 358/4433/4433
f 513/4454/4454 358/4433/4433 671/4453/4453
f 671/4453/4453 358/4433/4433 772/4434/4434
f 671/4453/4453 772/4434/4434 769/4452/4452
f 769/4452/4452 772/4434/4434 811/4435/4435
f 769/4452/4452 811/4435/4435 834/4436/4436
f 327/4430/4430 320/4431/4431 256/4429/4429
f 256/4429/4429 320/4431/4431 332/4432/4432
f 256/4429/4429 332/4432/4432 358/4433/4433
f 769/4452/4452 834/4436/4436 788/4451/4451
f 788/4451/4451 834/4436/4436 847/4437/4437
f 788/4451/4451 847/4437/4437 790/4450/4450
f 790/4450/4450 847/4437/4437 843/4438/4438
f 790/4450/4450 843/4438/4438 777/4449/4449
f 777/4449/4449 843/4438/4438 826/4439/4439
f 777/4449/4449 826/4439/4439 800/4440/4440
f 777/4449/4449 800/4440/4440 732/4448/4448
f 732/4448/4448 800/4440/4440 759/4441/4441
f 732/4448/4448 759/4441/4441 608/4447/4447
f 608/4447/4447 759/4441/4441 564/4442/4442
f 608/4447/4447 564/4442/4442 326/4443/4443
f 212/4444/4444 309/4458/4458 326/4443/4443
f 326/4443/4443 309/4458/4458 420/4459/4459
f 326/4443/4443 420/4459/4459 608/4447/4447
f 3111/4460/4460 3132/4461/4461 3108/4467/4467
f 3108/4467/4467 3132/4461/4461 3119/4466/4466
f 3119/4466/4466 3132/4461/4461 3155/4462/4462
f 3119/4466/4466 3155/4462/4462 3149/4465/4465
f 3149/4465/4465 3155/4462/4462 3229/4463/4463
f 3149/4465/4465 3229/4463/4463 3166/4464/4464
f 1881/4487/4487 1888/4468/4468 1865/4486/4486
f 1865/4486/4486 1888/4468/4468 1866/4469/4469
f 1865/4486/4486 1866/4469/4469 1869/4485/4485
f 1869/4485/4485 1866/4469/4469 1877/4470/4470
f 1869/4485/4485 1877/4470/4470 1904/4484/4484
f 1904/4484/4484 1877/4470/4470 1907/4471/4471
f 1904/4484/4484 1907/4471/4471 1955/4483/4483
f 1955/4483/4483 1907/4471/4471 1960/4472/4472
f 1955/4483/4483 1960/4472/4472 2033/4482/4482
f 2033/4482/4482 1960/4472/4472 2034/4473/4473
f 2033/4482/4482 2034/4473/4473 2226/4481/4481
f 2226/4481/4481 2034/4473/4473 2219/4474/4474
f 2226/4481/4481 2219/4474/4474 2336/4480/4480
f 2336/4480/4480 2219/4474/4474 2335/4475/4475
f 2336/4480/4480 2335/4475/4475 2361/4479/4479
f 2361/4479/4479 2335/4475/4475 2360/4476/4476
f 2361/4479/4479 2360/4476/4476 2370/4478/4478
f 2370/4478/4478 2360/4476/4476 2368/4477/4477
f 323/4507/4507 326/4488/4488 563/4506/4506
f 563/4506/4506 326/4488/4488 564/4489/4489
f 563/4506/4506 564/4489/4489 761/4505/4505
f 761/4505/4505 564/4489/4489 759/4490/4490
f 761/4505/4505 759/4490/4490 803/4504/4504
f 803/4504/4504 759/4490/4490 800/4491/4491
f 803/4504/4504 800/4491/4491 829/4503/4503
f 829/4503/4503 800/4491/4491 826/4492/4492
f 829/4503/4503 826/4492/4492 848/4502/4502
f 848/4502/4502 826/4492/4492 843/4493/4493
f 848/4502/4502 843/4493/4493 851/4501/4501
f 851/4501/4501 843/4493/4493 847/4494/4494
f 851/4501/4501 847/4494/4494 837/4500/4500
f 837/4500/4500 847/4494/4494 834/4495/4495
f 837/4500/4500 834/4495/4495 812/4499/4499
f 812/4499/4499 834/4495/4495 811/4496/4496
f 812/4499/4499 811/4496/4496 773/4498/4498
f 773/4498/4498 811/4496/4496 772/4497/4497
f 1661/4527/4527 1657/4508/4508 1677/4526/4526
f 1677/4526/4526 1657/4508/4508 1676/4509/4509
f 1677/4526/4526 1676/4509/4509 1673/4525/4525
f 1673/4525/4525 1676/4509/4509 1665/4510/4510
f 1673/4525/4525 1665/4510/4510 1639/4524/4524
f 1639/4524/4524 1665/4510/4510 1636/4511/4511
f 1639/4524/4524 1636/4511/4511 1588/4523/4523
f 1588/4523/4523 1636/4511/4511 1585/4512/4512
f 1588/4523/4523 1585/4512/4512 1490/4522/4522
f 1490/4522/4522 1585/4512/4512 1489/4513/4513
f 1490/4522/4522 1489/4513/4513 1304/4521/4521
f 1304/4521/4521 1489/4513/4513 1309/4514/4514
f 1304/4521/4521 1309/4514/4514 1150/4520/4520
f 1150/4520/4520 1309/4514/4514 1152/4515/4515
f 1150/4520/4520 1152/4515/4515 1116/4519/4519
f 1116/4519/4519 1152/4515/4515 1118/4516/4516
f 1116/4519/4519 1118/4516/4516 1109/4518/4518
f 1109/4518/4518 1118/4516/4516 1110/4517/4517
f 3012/4547/4547 3010/4528/4528 2846/4546/4546
f 2846/4546/4546 3010/4528/4528 2845/4529/4529
f 2846/4546/4546 2845/4529/4529 2675/4545/4545
f 2675/4545/4545 2845/4529/4529 2677/4530/4530
f 2675/4545/4545 2677/4530/4530 2630/4544/4544
f 2630/4544/4544 2677/4530/4530 2633/4531/4531
f 2630/4544/4544 2633/4531/4531 2609/4543/4543
f 2609/4543/4543 2633/4531/4531 2612/4532/4532
f 2609/4543/4543 2612/4532/4532 2588/4542/4542
f 2588/4542/4542 2612/4532/4532 2592/4533/4533
f 2588/4542/4542 2592/4533/4533 2585/4541/4541
f 2585/4541/4541 2592/4533/4533 2589/4534/4534
f 2585/4541/4541 2589/4534/4534 2601/4540/4540
f 2601/4540/4540 2589/4534/4534 2604/4535/4535
f 2601/4540/4540 2604/4535/4535 2626/4539/4539
f 2626/4539/4539 2604/4535/4535 2627/4536/4536
f 2626/4539/4539 2627/4536/4536 2659/4538/4538
f 2659/4538/4538 2627/4536/4536 2660/4537/4537
f 754/4549/4549 729/4575/4575 611/4548/4548
f 611/4548/4548 729/4575/4575 610/4576/4576
f 611/4577/4577 610/4562/4562 384/4561/4561
f 384/4561/4561 610/4562/4562 426/4563/4563
f 384/4561/4561 426/4563/4563 298/4560/4560
f 298/4560/4560 426/4563/4563 308/4564/4564
f 298/4560/4560 308/4564/4564 262/4559/4559
f 262/4559/4559 308/4564/4564 281/4565/4565
f 262/4559/4559 281/4565/4565 261/4558/4558
f 261/4558/4558 281/4565/4565 280/4566/4566
f 261/4558/4558 280/4566/4566 297/4557/4557
f 297/4557/4557 280/4566/4566 307/4567/4567
f 297/4557/4557 307/4567/4567 381/4556/4556
f 381/4556/4556 307/4567/4567 425/4568/4568
f 381/4556/4556 425/4568/4568 602/4555/4555
f 602/4555/4555 425/4568/4568 603/4569/4569
f 602/4555/4555 603/4569/4569 751/4554/4554
f 751/4554/4554 603/4569/4569 728/4570/4570
f 751/4554/4554 728/4570/4570 784/4553/4553
f 784/4553/4553 728/4570/4570 779/4571/4571
f 784/4553/4553 779/4571/4571 801/4552/4552
f 801/4552/4552 779/4571/4571 794/4572/4572
f 801/4552/4552 794/4572/4572 802/4551/4551
f 802/4551/4551 794/4572/4572 795/4573/4573
f 802/4551/4551 795/4573/4573 785/4550/4550
f 785/4550/4550 795/4573/4573 780/4574/4574
f 785/4550/4550 780/4574/4574 754/4549/4549
f 754/4549/4549 780/4574/4574 729/4575/4575
f 917/4599/4599 913/4578/4578 941/4598/4598
f 941/4598/4598 913/4578/4578 939/4579/4579
f 941/4598/4598 939/4579/4579 955/4597/4597
f 955/4597/4597 939/4579/4579 953/4580/4580
f 955/4597/4597 953/4580/4580 979/4596/4596
f 979/4596/4596 953/4580/4580 970/4581/4581
f 979/4596/4596 970/4581/4581 984/4595/4595
f 984/4595/4595 970/4581/4581 977/4582/4582
f 984/4595/4595 977/4582/4582 967/4594/4594
f 967/4594/4594 977/4582/4582 964/4583/4583
f 967/4594/4594 964/4583/4583 947/4593/4593
f 947/4593/4593 964/4583/4583 945/4584/4584
f 947/4593/4593 945/4584/4584 932/4592/4592
f 932/4592/4592 945/4584/4584 929/4585/4585
f 932/4592/4592 929/4585/4585 897/4591/4591
f 897/4591/4591 929/4585/4585 895/4586/4586
f 897/4591/4591 895/4586/4586 865/4590/4590
f 865/4590/4590 895/4586/4586 867/4587/4587
f 865/4590/4590 867/4587/4587 821/4589/4589
f 821/4589/4589 867/4587/4587 822/4588/4588
f 1134/4621/4621 1142/4600/4600 1175/4620/4620
f 1175/4620/4620 1142/4600/4600 1184/4601/4601
f 1175/4620/4620 1184/4601/4601 1359/4619/4619
f 1359/4619/4619 1184/4601/4601 1364/4602/4602
f 1359/4619/4619 1364/4602/4602 1501/4618/4618
f 1501/4618/4618 1364/4602/4602 1503/4603/4603
f 1501/4618/4618 1503/4603/4603 1604/4617/4617
f 1604/4617/4617 1503/4603/4603 1602/4604/4604
f 1604/4617/4617 1602/4604/4604 1664/4616/4616
f 1664/4616/4616 1602/4604/4604 1660/4605/4605
f 1664/4616/4616 1660/4605/4605 1692/4615/4615
f 1692/4615/4615 1660/4605/4605 1690/4606/4606
f 1692/4615/4615 1690/4606/4606 1706/4614/4614
f 1706/4614/4614 1690/4606/4606 1700/4607/4607
f 1706/4614/4614 1700/4607/4607 1719/4613/4613
f 1719/4613/4613 1700/4607/4607 1713/4608/4608
f 1719/4613/4613 1713/4608/4608 1723/4612/4612
f 1723/4612/4612 1713/4608/4608 1718/4609/4609
f 1723/4612/4612 1718/4609/4609 1711/4611/4611
f 1711/4611/4611 1718/4609/4609 1709/4610/4610
f 2349/4643/4643 2342/4622/4622 2318/4642/4642
f 2318/4642/4642 2342/4622/4622 2311/4623/4623
f 2318/4642/4642 2311/4623/4623 2167/4641/4641
f 2167/4641/4641 2311/4623/4623 2162/4624/4624
f 2167/4641/4641 2162/4624/4624 2022/4640/4640
f 2022/4640/4640 2162/4624/4624 2020/4625/4625
f 2022/4640/4640 2020/4625/4625 1941/4639/4639
f 1941/4639/4639 2020/4625/4625 1943/4626/4626
f 1941/4639/4639 1943/4626/4626 1878/4638/4638
f 1878/4638/4638 1943/4626/4626 1886/4627/4627
f 1878/4638/4638 1886/4627/4627 1850/4637/4637
f 1850/4637/4637 1886/4627/4627 1852/4628/4628
f 1850/4637/4637 1852/4628/4628 1839/4636/4636
f 1839/4636/4636 1852/4628/4628 1841/4629/4629
f 1839/4636/4636 1841/4629/4629 1826/4635/4635
f 1826/4635/4635 1841/4629/4629 1832/4630/4630
f 1826/4635/4635 1832/4630/4630 1822/4634/4634
f 1822/4634/4634 1832/4630/4630 1827/4631/4631
f 1822/4634/4634 1827/4631/4631 1834/4633/4633
f 1834/4633/4633 1827/4631/4631 1836/4632/4632
f 2521/4665/4665 2522/4644/4644 2491/4664/4664
f 2491/4664/4664 2522/4644/4644 2493/4645/4645
f 2491/4664/4664 2493/4645/4645 2477/4663/4663
f 2477/4663/4663 2493/4645/4645 2479/4646/4646
f 2477/4663/4663 2479/4646/4646 2457/4662/4662
f 2457/4662/4662 2479/4646/4646 2467/4647/4647
f 2457/4662/4662 2467/4647/4647 2454/4661/4661
f 2454/4661/4661 2467/4647/4647 2459/4648/4648
f 2454/4661/4661 2459/4648/4648 2469/4660/4660
f 2469/4660/4660 2459/4648/4648 2473/4649/4649
f 2469/4660/4660 2473/4649/4649 2485/4659/4659
f 2485/4659/4659 2473/4649/4649 2487/4650/4650
f 2485/4659/4659 2487/4650/4650 2501/4658/4658
f 2501/4658/4658 2487/4650/4650 2508/4651/4651
f 2501/4658/4658 2508/4651/4651 2541/4657/4657
f 2541/4657/4657 2508/4651/4651 2544/4652/4652
f 2541/4657/4657 2544/4652/4652 2567/4656/4656
f 2567/4656/4656 2544/4652/4652 2565/4653/4653
f 2567/4656/4656 2565/4653/4653 2617/4655/4655
f 2617/4655/4655 2565/4653/4653 2615/4654/4654
f 1923/4694/4694 1922/4666/4666 1820/4676/4676
f 1820/4676/4676 1922/4666/4666 1815/4667/4667
f 1820/4676/4676 1815/4667/4667 1790/4675/4675
f 1790/4675/4675 1815/4667/4667 1789/4668/4668
f 1790/4675/4675 1789/4668/4668 1762/4674/4674
f 1762/4674/4674 1789/4668/4668 1760/4669/4669
f 1762/4674/4674 1760/4669/4669 1733/4670/4670
f 1762/4674/4674 1733/4670/4670 1732/4673/4673
f 1732/4673/4673 1733/4670/4670 1678/4671/4671
f 1732/4673/4673 1678/4671/4671 1672/4672/4672
f 1820/4676/4676 1934/4677/4677 1923/4694/4694
f 1923/4694/4694 1934/4677/4677 2146/4693/4693
f 2146/4693/4693 1934/4677/4677 2323/4678/4678
f 2146/4693/4693 2323/4678/4678 2358/4692/4692
f 2358/4692/4692 2323/4678/4678 2401/4679/4679
f 2358/4692/4692 2401/4679/4679 2410/4691/4691
f 2410/4691/4691 2401/4679/4679 2447/4680/4680
f 2410/4691/4691 2447/4680/4680 2411/4690/4690
f 2411/4690/4690 2447/4680/4680 2449/4689/4689
f 2449/4689/4689 2447/4680/4680 2513/4681/4681
f 2449/4689/4689 2513/4681/4681 2514/4688/4688
f 2514/4688/4688 2513/4681/4681 2587/4682/4682
f 2514/4688/4688 2587/4682/4682 2576/4687/4687
f 2576/4687/4687 2587/4682/4682 2661/4686/4686
f 2661/4686/4686 2587/4682/4682 2666/4683/4683
f 2661/4686/4686 2666/4683/4683 2915/4685/4685
f 2915/4685/4685 2666/4683/4683 2966/4684/4684
f 85/4695/4695 77/4696/4696 91/4722/4722
f 91/4722/4722 77/4696/4696 98/4721/4721
f 98/4721/4721 77/4696/4696 107/4720/4720
f 107/4720/4720 77/4696/4696 131/4697/4697
f 107/4720/4720 131/4697/4697 118/4719/4719
f 118/4719/4719 131/4697/4697 140/4718/4718
f 140/4718/4718 131/4697/4697 154/4717/4717
f 154/4717/4717 131/4697/4697 192/4698/4698
f 154/4717/4717 192/4698/4698 190/4715/4715
f 190/4715/4715 192/4698/4698 220/4714/4714
f 220/4714/4714 192/4698/4698 245/4699/4699
f 220/4714/4714 245/4699/4699 256/4713/4713
f 256/4713/4713 245/4699/4699 315/4700/4700
f 256/4713/4713 315/4700/4700 327/4712/4712
f 327/4712/4712 315/4700/4700 676/4701/4701
f 327/4712/4712 676/4701/4701 344/4711/4711
f 344/4711/4711 676/4701/4701 700/4710/4710
f 700/4710/4710 676/4701/4701 819/4702/4702
f 700/4710/4710 819/4702/4702 825/4709/4709
f 825/4709/4709 819/4702/4702 899/4703/4703
f 825/4709/4709 899/4703/4703 902/4708/4708
f 902/4708/4708 899/4703/4703 976/4707/4707
f 976/4707/4707 899/4703/4703 973/4704/4704
f 976/4707/4707 973/4704/4704 1011/4706/4706
f 1011/4706/4706 973/4704/4704 1013/4705/4705
f 190/4715/4715 193/4716/4716 154/4717/4717
f 187/4746/4746 185/4723/4723 244/4745/4745
f 244/4745/4745 185/4723/4723 241/4724/4724
f 244/4745/4745 241/4724/4724 276/4725/4725
f 244/4745/4745 276/4725/4725 279/4744/4744
f 279/4744/4744 276/4725/4725 379/4726/4726
f 279/4744/4744 379/4726/4726 398/4743/4743
f 398/4743/4743 379/4726/4726 534/4727/4727
f 398/4743/4743 534/4727/4727 548/4742/4742
f 548/4742/4742 534/4727/4727 629/4728/4728
f 548/4742/4742 629/4728/4728 648/4741/4741
f 648/4741/4741 629/4728/4728 628/4729/4729
f 648/4741/4741 628/4729/4729 647/4740/4740
f 647/4740/4740 628/4729/4729 533/4730/4730
f 647/4740/4740 533/4730/4730 547/4739/4739
f 547/4739/4739 533/4730/4730 378/4731/4731
f 547/4739/4739 378/4731/4731 397/4738/4738
f 397/4738/4738 378/4731/4731 275/4732/4732
f 397/4738/4738 275/4732/4732 278/4737/4737
f 278/4737/4737 275/4732/4732 240/4733/4733
f 278/4737/4737 240/4733/4733 243/4736/4736
f 243/4736/4736 240/4733/4733 176/4735/4735
f 176/4735/4735 240/4733/4733 178/4734/4734
f 107/4748/4748 118/4749/4749 178/4747/4747
f 178/4747/4747 118/4749/4749 176/4750/4750
f 405/4779/4779 463/4751/4751 766/4778/4778
f 766/4778/4778 463/4751/4751 771/4752/4752
f 766/4778/4778 771/4752/4752 850/4777/4777
f 850/4777/4777 771/4752/4752 854/4753/4753
f 850/4777/4777 854/4753/4753 924/4754/4754
f 850/4777/4777 924/4754/4754 925/4776/4776
f 925/4776/4776 924/4754/4754 988/4755/4755
f 925/4776/4776 988/4755/4755 991/4775/4775
f 991/4775/4775 988/4755/4755 1036/4756/4756
f 991/4775/4775 1036/4756/4756 1039/4757/4757
f 991/4775/4775 1039/4757/4757 1057/4774/4774
f 1057/4774/4774 1039/4757/4757 1120/4758/4758
f 1057/4774/4774 1120/4758/4758 1169/4773/4773
f 1169/4773/4773 1120/4758/4758 1380/4759/4759
f 1169/4773/4773 1380/4759/4759 1611/4772/4772
f 1611/4772/4772 1380/4759/4759 1622/4760/4760
f 1611/4772/4772 1622/4760/4760 1725/4771/4771
f 1725/4771/4771 1622/4760/4760 1623/4761/4761
f 1725/4771/4771 1623/4761/4761 1730/4762/4762
f 1725/4771/4771 1730/4762/4762 1755/4770/4770
f 1755/4770/4770 1730/4762/4762 1756/4763/4763
f 1755/4770/4770 1756/4763/4763 1783/4769/4769
f 1783/4769/4769 1756/4763/4763 1785/4764/4764
f 1783/4769/4769 1785/4764/4764 1810/4765/4765
f 1783/4769/4769 1810/4765/4765 1811/4768/4768
f 1811/4768/4768 1810/4765/4765 1864/4766/4766
f 1811/4768/4768 1864/4766/4766 1870/4767/4767
f 112/4795/4795 113/4780/4780 100/4787/4787
f 100/4787/4787 113/4780/4780 123/4781/4781
f 100/4787/4787 123/4781/4781 138/4782/4782
f 100/4787/4787 138/4782/4782 136/4786/4786
f 136/4786/4786 138/4782/4782 148/4783/4783
f 136/4786/4786 148/4783/4783 155/4785/4785
f 155/4785/4785 148/4783/4783 163/4784/4784
f 78/4788/4788 99/4791/4791 100/4787/4787
f 100/4787/4787 99/4791/4791 108/4792/4792
f 100/4787/4787 108/4792/4792 111/4794/4794
f 111/4794/4794 108/4792/4792 110/4793/4793
f 86/4789/4789 92/4790/4790 78/4788/4788
f 78/4788/4788 92/4790/4790 99/4791/4791
f 111/4794/4794 112/4795/4795 100/4787/4787
f 3093/4796/4796 3116/4797/4797 3095/4819/4819
f 3095/4819/4819 3116/4797/4797 3135/4801/4801
f 3095/4819/4819 3135/4801/4801 3085/4802/4802
f 3116/4797/4797 3148/4798/4798 3135/4801/4801
f 3135/4801/4801 3148/4798/4798 3230/4800/4800
f 3230/4800/4800 3148/4798/4798 3167/4799/4799
f 3095/4819/4819 3085/4802/4802 3060/4818/4818
f 3060/4818/4818 3085/4802/4802 3048/4803/4803
f 3060/4818/4818 3048/4803/4803 3041/4817/4817
f 3041/4817/4817 3048/4803/4803 3011/4804/4804
f 3041/4817/4817 3011/4804/4804 3009/4816/4816
f 3009/4816/4816 3011/4804/4804 3002/4815/4815
f 3002/4815/4815 3011/4804/4804 2734/4814/4814
f 2734/4814/4814 3011/4804/4804 2748/4805/4805
f 2734/4814/4814 2748/4805/4805 2613/4813/4813
f 2613/4813/4813 2748/4805/4805 2616/4806/4806
f 2613/4813/4813 2616/4806/4806 2535/4812/4812
f 2535/4812/4812 2616/4806/4806 2536/4807/4807
f 2535/4812/4812 2536/4807/4807 2460/4811/4811
f 2460/4811/4811 2536/4807/4807 2458/4808/4808
f 2460/4811/4811 2458/4808/4808 2425/4810/4810
f 2425/4810/4810 2458/4808/4808 2423/4809/4809
f 3255/4821/4821 2615/4840/4840 3230/4820/4820
f 3230/4820/4820 2615/4840/4840 2565/4841/4841
f 3230/4820/4820 2565/4841/4841 2682/5018/5018
f 2682/5018/5018 2565/4841/4841 2544/4842/4842
f 2682/5018/5018 2544/4842/4842 2649/5017/5017
f 2649/5017/5017 2544/4842/4842 2508/4843/4843
f 2649/5017/5017 2508/4843/4843 2631/5016/5016
f 2631/5016/5016 2508/4843/4843 2020/4947/4947
f 2631/5016/5016 2020/4947/4947 2162/4948/4948
f 3276/4822/4822 3275/4831/4831 3255/4821/4821
f 3255/4821/4821 3275/4831/4831 3254/4832/4832
f 3255/4821/4821 3254/4832/4832 2615/4840/4840
f 2615/4840/4840 3254/4832/4832 3229/4833/4833
f 2615/4840/4840 3229/4833/4833 3155/4834/4834
f 3275/4831/4831 3276/4822/4822 3356/4826/4826
f 3356/4826/4826 3276/4822/4822 3305/4823/4823
f 3356/4826/4826 3305/4823/4823 3344/4825/4825
f 3344/4825/4825 3305/4823/4823 3328/4824/4824
f 3356/4826/4826 3347/4827/4827 3275/4831/4831
f 3275/4831/4831 3347/4827/4827 3304/4830/4830
f 3304/4830/4830 3347/4827/4827 3343/4828/4828
f 3304/4830/4830 3343/4828/4828 3327/4829/4829
f 3155/4834/4834 3132/4835/4835 2615/4840/4840
f 2615/4840/4840 3132/4835/4835 3059/4839/4839
f 3059/4839/4839 3132/4835/4835 3111/4836/4836
f 3059/4839/4839 3111/4836/4836 3096/4837/4837
f 3096/4837/4837 3070/4838/4838 3059/4839/4839
f 2020/4947/4947 2508/4843/4843 1943/4946/4946
f 1943/4946/4946 2508/4843/4843 2487/4844/4844
f 1943/4946/4946 2487/4844/4844 1886/4945/4945
f 1886/4945/4945 2487/4844/4844 2473/4845/4845
f 1886/4945/4945 2473/4845/4845 964/4915/4915
f 964/4915/4915 2473/4845/4845 1660/4875/4875
f 964/4915/4915 1660/4875/4875 945/4914/4914
f 945/4914/4914 1660/4875/4875 1602/4876/4876
f 945/4914/4914 1602/4876/4876 929/4913/4913
f 929/4913/4913 1602/4876/4876 1503/4877/4877
f 929/4913/4913 1503/4877/4877 802/4988/4988
f 802/4988/4988 1503/4877/4877 1364/4878/4878
f 802/4988/4988 1364/4878/4878 801/4987/4987
f 801/4987/4987 1364/4878/4878 1184/4879/4879
f 801/4987/4987 1184/4879/4879 784/4986/4986
f 784/4986/4986 1184/4879/4879 819/4887/4887
f 784/4986/4986 819/4887/4887 676/4888/4888
f 2473/4845/4845 2459/4846/4846 1660/4875/4875
f 1660/4875/4875 2459/4846/4846 1690/4874/4874
f 1690/4874/4874 2459/4846/4846 2467/4847/4847
f 1690/4874/4874 2467/4847/4847 1700/4873/4873
f 1700/4873/4873 2467/4847/4847 2079/5002/5002
f 1700/4873/4873 2079/5002/5002 1977/5003/5003
f 2467/4847/4847 2479/4848/4848 2079/5002/5002
f 2079/5002/5002 2479/4848/4848 2231/5001/5001
f 2231/5001/5001 2479/4848/4848 2493/4849/4849
f 2231/5001/5001 2493/4849/4849 2327/5000/5000
f 2327/5000/5000 2493/4849/4849 2513/4857/4857
f 2327/5000/5000 2513/4857/4857 2447/4858/4858
f 2493/4849/4849 2522/4850/4850 2513/4857/4857
f 2513/4857/4857 2522/4850/4850 2587/4856/4856
f 2587/4856/4856 2522/4850/4850 2666/4855/4855
f 2666/4855/4855 2522/4850/4850 2878/4851/4851
f 2666/4855/4855 2878/4851/4851 2966/4854/4854
f 2966/4854/4854 2878/4851/4851 2993/4853/4853
f 2993/4853/4853 2878/4851/4851 2955/4852/4852
f 2327/5000/5000 2447/4858/4858 2353/4999/4999
f 2353/4999/4999 2447/4858/4858 2401/4859/4859
f 2353/4999/4999 2401/4859/4859 2357/4998/4998
f 2357/4998/4998 2401/4859/4859 2352/4997/4997
f 2352/4997/4997 2401/4859/4859 2326/4996/4996
f 2326/4996/4996 2401/4859/4859 2323/4860/4860
f 2326/4996/4996 2323/4860/4860 2230/4995/4995
f 2230/4995/4995 2323/4860/4860 2078/4994/4994
f 2078/4994/4994 2323/4860/4860 1934/4861/4861
f 2078/4994/4994 1934/4861/4861 1976/4993/4993
f 1976/4993/4993 1934/4861/4861 1952/4992/4992
f 1952/4992/4992 1934/4861/4861 1820/4862/4862
f 1952/4992/4992 1820/4862/4862 1937/4991/4991
f 1937/4991/4991 1820/4862/4862 1790/4863/4863
f 1937/4991/4991 1790/4863/4863 1953/5004/5004
f 1953/5004/5004 1790/4863/4863 1718/4871/4871
f 1953/5004/5004 1718/4871/4871 1713/4872/4872
f 1718/4871/4871 1790/4863/4863 1709/4870/4870
f 1709/4870/4870 1790/4863/4863 1762/4864/4864
f 1709/4870/4870 1762/4864/4864 1732/4865/4865
f 1709/4870/4870 1732/4865/4865 1635/4869/4869
f 1635/4869/4869 1732/4865/4865 1672/4866/4866
f 1635/4869/4869 1672/4866/4866 1634/4868/4868
f 1634/4868/4868 1672/4866/4866 1644/4867/4867
f 1953/5004/5004 1713/4872/4872 1977/5003/5003
f 1977/5003/5003 1713/4872/4872 1700/4873/4873
f 1184/4879/4879 1142/4880/4880 819/4887/4887
f 819/4887/4887 1142/4880/4880 899/4886/4886
f 899/4886/4886 1142/4880/4880 973/4885/4885
f 973/4885/4885 1142/4880/4880 1075/4881/4881
f 973/4885/4885 1075/4881/4881 1013/4884/4884
f 1013/4884/4884 1075/4881/4881 1050/4882/4882
f 1013/4884/4884 1050/4882/4882 1020/4883/4883
f 784/4986/4986 676/4888/4888 751/4985/4985
f 751/4985/4985 676/4888/4888 315/4889/4889
f 751/4985/4985 315/4889/4889 602/4984/4984
f 602/4984/4984 315/4889/4889 381/4983/4983
f 381/4983/4983 315/4889/4889 297/4982/4982
f 297/4982/4982 315/4889/4889 245/4890/4890
f 297/4982/4982 245/4890/4890 261/4981/4981
f 261/4981/4981 245/4890/4890 262/4980/4980
f 262/4980/4980 245/4890/4890 192/4891/4891
f 262/4980/4980 192/4891/4891 298/4979/4979
f 298/4979/4979 192/4891/4891 384/4978/4978
f 384/4978/4978 192/4891/4891 131/4892/4892
f 384/4978/4978 131/4892/4892 611/4977/4977
f 611/4977/4977 131/4892/4892 225/4895/4895
f 611/4977/4977 225/4895/4895 252/4896/4896
f 77/4893/4893 180/4894/4894 131/4892/4892
f 131/4892/4892 180/4894/4894 225/4895/4895
f 611/4977/4977 252/4896/4896 754/4990/4990
f 754/4990/4990 252/4896/4896 264/4897/4897
f 754/4990/4990 264/4897/4897 785/4989/4989
f 785/4989/4989 264/4897/4897 895/4912/4912
f 785/4989/4989 895/4912/4912 929/4913/4913
f 264/4897/4897 288/4898/4898 895/4912/4912
f 895/4912/4912 288/4898/4898 867/4911/4911
f 867/4911/4911 288/4898/4898 266/4899/4899
f 867/4911/4911 266/4899/4899 822/4910/4910
f 822/4910/4910 266/4899/4899 254/4900/4900
f 822/4910/4910 254/4900/4900 227/4901/4901
f 182/4902/4902 100/4904/4904 227/4901/4901
f 227/4901/4901 100/4904/4904 136/4905/4905
f 227/4901/4901 136/4905/4905 822/4910/4910
f 822/4910/4910 136/4905/4905 229/4909/4909
f 229/4909/4909 136/4905/4905 155/4906/4906
f 229/4909/4909 155/4906/4906 189/4907/4907
f 182/4902/4902 78/4903/4903 100/4904/4904
f 189/4907/4907 209/4908/4908 229/4909/4909
f 964/4915/4915 977/4916/4916 1886/4945/4945
f 1886/4945/4945 977/4916/4916 1852/4944/4944
f 1852/4944/4944 977/4916/4916 970/4917/4917
f 1852/4944/4944 970/4917/4917 1841/4943/4943
f 1841/4943/4943 970/4917/4917 1447/4974/4974
f 1841/4943/4943 1447/4974/4974 1554/4975/4975
f 970/4917/4917 953/4918/4918 1447/4974/4974
f 1447/4974/4974 953/4918/4918 1299/4973/4973
f 1299/4973/4973 953/4918/4918 939/4919/4919
f 1299/4973/4973 939/4919/4919 1163/4972/4972
f 1163/4972/4972 939/4919/4919 925/4927/4927
f 1163/4972/4972 925/4927/4927 991/4928/4928
f 939/4919/4919 913/4920/4920 925/4927/4927
f 925/4927/4927 913/4920/4920 850/4926/4926
f 850/4926/4926 913/4920/4920 766/4925/4925
f 766/4925/4925 913/4920/4920 510/4921/4921
f 766/4925/4925 510/4921/4921 405/4924/4924
f 405/4924/4924 510/4921/4921 370/4923/4923
f 370/4923/4923 510/4921/4921 419/4922/4922
f 1163/4972/4972 991/4928/4928 1131/4971/4971
f 1131/4971/4971 991/4928/4928 1057/4929/4929
f 1131/4971/4971 1057/4929/4929 1126/4970/4970
f 1126/4970/4970 1057/4929/4929 1132/4969/4969
f 1132/4969/4969 1057/4929/4929 1164/4968/4968
f 1164/4968/4968 1057/4929/4929 1169/4930/4930
f 1164/4968/4968 1169/4930/4930 1300/4967/4967
f 1300/4967/4967 1169/4930/4930 1448/4966/4966
f 1448/4966/4966 1169/4930/4930 1611/4931/4931
f 1448/4966/4966 1611/4931/4931 1555/4965/4965
f 1555/4965/4965 1611/4931/4931 1591/4964/4964
f 1591/4964/4964 1611/4931/4931 1725/4932/4932
f 1591/4964/4964 1725/4932/4932 1608/4963/4963
f 1608/4963/4963 1725/4932/4932 1755/4933/4933
f 1608/4963/4963 1755/4933/4933 1590/4976/4976
f 1590/4976/4976 1755/4933/4933 1827/4941/4941
f 1590/4976/4976 1827/4941/4941 1832/4942/4942
f 1827/4941/4941 1755/4933/4933 1836/4940/4940
f 1836/4940/4940 1755/4933/4933 1783/4934/4934
f 1836/4940/4940 1783/4934/4934 1811/4935/4935
f 1836/4940/4940 1811/4935/4935 1908/4939/4939
f 1908/4939/4939 1811/4935/4935 1870/4936/4936
f 1908/4939/4939 1870/4936/4936 1909/4938/4938
f 1909/4938/4938 1870/4936/4936 1899/4937/4937
f 1590/4976/4976 1832/4942/4942 1554/4975/4975
f 1554/4975/4975 1832/4942/4942 1841/4943/4943
f 2631/5016/5016 2162/4948/4948 2632/5015/5015
f 2632/5015/5015 2162/4948/4948 2311/4949/4949
f 2632/5015/5015 2311/4949/4949 2650/5014/5014
f 2650/5014/5014 2311/4949/4949 2616/4957/4957
f 2650/5014/5014 2616/4957/4957 2748/4958/4958
f 2311/4949/4949 2342/4950/4950 2616/4957/4957
f 2616/4957/4957 2342/4950/4950 2536/4956/4956
f 2536/4956/4956 2342/4950/4950 2458/4955/4955
f 2458/4955/4955 2342/4950/4950 2390/4951/4951
f 2458/4955/4955 2390/4951/4951 2423/4954/4954
f 2423/4954/4954 2390/4951/4951 2407/4952/4952
f 2423/4954/4954 2407/4952/4952 2416/4953/4953
f 2650/5014/5014 2748/4958/4958 2685/5013/5013
f 2685/5013/5013 2748/4958/4958 3011/4959/4959
f 2685/5013/5013 3011/4959/4959 2818/5012/5012
f 2818/5012/5012 3011/4959/4959 2981/5011/5011
f 2981/5011/5011 3011/4959/4959 3048/4960/4960
f 2981/5011/5011 3048/4960/4960 3025/5010/5010
f 3025/5010/5010 3048/4960/4960 3038/5009/5009
f 3038/5009/5009 3048/4960/4960 3085/4961/4961
f 3038/5009/5009 3085/4961/4961 3037/5008/5008
f 3037/5008/5008 3085/4961/4961 3024/5007/5007
f 3024/5007/5007 3085/4961/4961 2978/5006/5006
f 2978/5006/5006 3085/4961/4961 3135/4962/4962
f 2978/5006/5006 3135/4962/4962 2812/5005/5005
f 2812/5005/5005 3135/4962/4962 3230/4820/4820
f 2812/5005/5005 3230/4820/4820 2682/5018/5018
f 802/4988/4988 785/4989/4989 929/4913/4913
f 2521/5019/5019 2860/5020/5020 2522/5022/5022
f 2522/5022/5022 2860/5020/5020 2878/5021/5021
f 3059/5024/5024 3056/5025/5025 2615/5023/5023
f 2615/5023/5023 3056/5025/5025 2617/5026/5026
f 2349/5027/5027 2394/5028/5028 2342/5030/5030
f 2342/5030/5030 2394/5028/5028 2390/5029/5029
f 1908/5032/5032 1898/5033/5033 1836/5031/5031
f 1836/5031/5031 1898/5033/5033 1834/5034/5034
f 1134/5035/5035 1069/5036/5036 1142/5038/5038
f 1142/5038/5038 1069/5036/5036 1075/5037/5037
f 1709/5039/5039 1635/5040/5040 1711/5042/5042
f 1711/5042/5042 1635/5040/5040 1645/5041/5041
f 539/5044/5044 510/5045/5045 917/5043/5043
f 917/5043/5043 510/5045/5045 913/5046/5046
f 822/5047/5047 229/5048/5048 821/5050/5050
f 821/5050/5050 229/5048/5048 236/5049/5049
f 510/5058/5058 539/5051/5051 468/5060/5060
f 468/5060/5060 539/5051/5051 474/5052/5052
f 468/5060/5060 474/5052/5052 412/5059/5059
f 412/5059/5059 474/5052/5052 429/5053/5053
f 412/5059/5059 429/5053/5053 395/5061/5061
f 395/5061/5061 429/5053/5053 463/5054/5054
f 395/5061/5061 463/5054/5054 405/5055/5055
f 405/5055/5055 370/5056/5056 395/5061/5061
f 395/5061/5061 370/5056/5056 412/5059/5059
f 370/5056/5056 419/5057/5057 412/5059/5059
f 412/5059/5059 419/5057/5057 468/5060/5060
f 419/5057/5057 510/5058/5058 468/5060/5060
f 3056/5069/5069 3059/5062/5062 3063/5071/5071
f 3063/5071/5071 3059/5062/5062 3070/5063/5063
f 3063/5071/5071 3070/5063/5063 3083/5070/5070
f 3083/5070/5070 3070/5063/5063 3096/5064/5064
f 3083/5070/5070 3096/5064/5064 3098/5072/5072
f 3098/5072/5072 3096/5064/5064 3111/5065/5065
f 3098/5072/5072 3111/5065/5065 3108/5066/5066
f 3108/5066/5066 3094/5067/5067 3098/5072/5072
f 3098/5072/5072 3094/5067/5067 3083/5070/5070
f 3094/5067/5067 3068/5068/5068 3083/5070/5070
f 3083/5070/5070 3068/5068/5068 3063/5071/5071
f 3068/5068/5068 3056/5069/5069 3063/5071/5071
f 2878/5080/5080 2860/5073/5073 2912/5082/5082
f 2912/5082/5082 2860/5073/5073 2908/5074/5074
f 2912/5082/5082 2908/5074/5074 2960/5081/5081
f 2960/5081/5081 2908/5074/5074 2947/5075/5075
f 2960/5081/5081 2947/5075/5075 2971/5083/5083
f 2971/5083/5083 2947/5075/5075 2915/5076/5076
f 2971/5083/5083 2915/5076/5076 2966/5077/5077
f 2966/5077/5077 2993/5078/5078 2971/5083/5083
f 2971/5083/5083 2993/5078/5078 2960/5081/5081
f 2993/5078/5078 2955/5079/5079 2960/5081/5081
f 2960/5081/5081 2955/5079/5079 2912/5082/5082
f 2955/5079/5079 2878/5080/5080 2912/5082/5082
f 1645/5091/5091 1635/5084/5084 1637/5093/5093
f 1637/5093/5093 1635/5084/5084 1634/5085/5085
f 1637/5093/5093 1634/5085/5085 1641/5092/5092
f 1641/5092/5092 1634/5085/5085 1644/5086/5086
f 1641/5092/5092 1644/5086/5086 1653/5094/5094
f 1653/5094/5094 1644/5086/5086 1672/5087/5087
f 1653/5094/5094 1672/5087/5087 1678/5088/5088
f 1678/5088/5088 1652/5089/5089 1653/5094/5094
f 1653/5094/5094 1652/5089/5089 1641/5092/5092
f 1652/5089/5089 1642/5090/5090 1641/5092/5092
f 1641/5092/5092 1642/5090/5090 1637/5093/5093
f 1642/5090/5090 1645/5091/5091 1637/5093/5093
f 1075/5102/5102 1069/5095/5095 1060/5104/5104
f 1060/5104/5104 1069/5095/5095 1044/5096/5096
f 1060/5104/5104 1044/5096/5096 1030/5103/5103
f 1030/5103/5103 1044/5096/5096 1019/5097/5097
f 1030/5103/5103 1019/5097/5097 1017/5105/5105
f 1017/5105/5105 1019/5097/5097 1011/5098/5098
f 1017/5105/5105 1011/5098/5098 1013/5099/5099
f 1013/5099/5099 1020/5100/5100 1017/5105/5105
f 1017/5105/5105 1020/5100/5100 1030/5103/5103
f 1020/5100/5100 1050/5101/5101 1030/5103/5103
f 1030/5103/5103 1050/5101/5101 1060/5104/5104
f 1050/5101/5101 1075/5102/5102 1060/5104/5104
f 236/5113/5113 229/5106/5106 215/5115/5115
f 215/5115/5115 229/5106/5106 209/5107/5107
f 215/5115/5115 209/5107/5107 199/5114/5114
f 199/5114/5114 209/5107/5107 189/5108/5108
f 199/5114/5114 189/5108/5108 175/5116/5116
f 175/5116/5116 189/5108/5108 155/5109/5109
f 175/5116/5116 155/5109/5109 163/5110/5110
f 163/5110/5110 191/5111/5111 175/5116/5116
f 175/5116/5116 191/5111/5111 199/5114/5114
f 191/5111/5111 211/5112/5112 199/5114/5114
f 199/5114/5114 211/5112/5112 215/5115/5115
f 211/5112/5112 236/5113/5113 215/5115/5115
f 2390/5124/5124 2394/5117/5117 2399/5126/5126
f 2399/5126/5126 2394/5117/5117 2408/5118/5118
f 2399/5126/5126 2408/5118/5118 2412/5125/5125
f 2412/5125/5125 2408/5118/5118 2417/5119/5119
f 2412/5125/5125 2417/5119/5119 2419/5127/5127
f 2419/5127/5127 2417/5119/5119 2425/5120/5120
f 2419/5127/5127 2425/5120/5120 2423/5121/5121
f 2423/5121/5121 2416/5122/5122 2419/5127/5127
f 2419/5127/5127 2416/5122/5122 2412/5125/5125
f 2416/5122/5122 2407/5123/5123 2412/5125/5125
f 2412/5125/5125 2407/5123/5123 2399/5126/5126
f 2407/5123/5123 2390/5124/5124 2399/5126/5126
f 1898/5135/5135 1908/5128/5128 1906/5137/5137
f 1906/5137/5137 1908/5128/5128 1909/5129/5129
f 1906/5137/5137 1909/5129/5129 1902/5136/5136
f 1902/5136/5136 1909/5129/5129 1899/5130/5130
f 1902/5136/5136 1899/5130/5130 1890/5138/5138
f 1890/5138/5138 1899/5130/5130 1870/5131/5131
f 1890/5138/5138 1870/5131/5131 1864/5132/5132
f 1864/5132/5132 1891/5133/5133 1890/5138/5138
f 1890/5138/5138 1891/5133/5133 1902/5136/5136
f 1891/5133/5133 1901/5134/5134 1902/5136/5136
f 1902/5136/5136 1901/5134/5134 1906/5137/5137
f 1901/5134/5134 1898/5135/5135 1906/5137/5137
f 3066/5140/5140 3067/5141/5141 3012/5139/5139
f 3012/5139/5139 3067/5141/5141 3010/5142/5142
f 2998/5144/5144 2991/5145/5145 2660/5143/5143
f 2660/5143/5143 2991/5145/5145 2659/5146/5146
f 3009/5154/5154 3002/5147/5147 3008/5155/5155
f 3008/5155/5155 3002/5147/5147 3005/5148/5148
f 3008/5155/5155 3005/5148/5148 3007/5156/5156
f 3007/5156/5156 3005/5148/5148 3000/5149/5149
f 3007/5156/5156 3000/5149/5149 3001/5157/5157
f 3001/5157/5157 3000/5149/5149 2991/5150/5150
f 3001/5157/5157 2991/5150/5150 2998/5151/5151
f 2998/5151/5151 3006/5152/5152 3001/5157/5157
f 3001/5157/5157 3006/5152/5152 3007/5156/5156
f 3006/5152/5152 3013/5153/5153 3007/5156/5156
f 3007/5156/5156 3013/5153/5153 3008/5155/5155
f 3013/5153/5153 3009/5154/5154 3008/5155/5155
f 3093/5165/5165 3095/5158/5158 3088/5166/5166
f 3088/5166/5166 3095/5158/5158 3086/5159/5159
f 3088/5166/5166 3086/5159/5159 3081/5167/5167
f 3081/5167/5167 3086/5159/5159 3074/5160/5160
f 3081/5167/5167 3074/5160/5160 3069/5168/5168
f 3069/5168/5168 3074/5160/5160 3067/5161/5161
f 3069/5168/5168 3067/5161/5161 3066/5162/5162
f 3066/5162/5162 3072/5163/5163 3069/5168/5168
f 3069/5168/5168 3072/5163/5163 3081/5167/5167
f 3072/5163/5163 3084/5164/5164 3081/5167/5167
f 3081/5167/5167 3084/5164/5164 3088/5166/5166
f 3084/5164/5164 3093/5165/5165 3088/5166/5166
f 1619/5170/5170 1612/5171/5171 1661/5169/5169
f 1661/5169/5169 1612/5171/5171 1657/5172/5172
f 1080/5174/5174 1078/5175/5175 1110/5173/5173
f 1110/5173/5173 1078/5175/5175 1109/5176/5176
f 323/5177/5177 213/5178/5178 326/5180/5180
f 326/5180/5180 213/5178/5178 212/5179/5179
f 358/5182/5182 371/5183/5183 772/5181/5181
f 772/5181/5181 371/5183/5183 773/5184/5184
f 1881/5185/5185 1926/5186/5186 1888/5188/5188
f 1888/5188/5188 1926/5186/5186 1933/5187/5187
f 2386/5190/5190 2388/5191/5191 2368/5189/5189
f 2368/5189/5189 2388/5191/5191 2370/5192/5192
f 1039/5200/5200 1036/5193/5193 1051/5201/5201
f 1051/5201/5201 1036/5193/5193 1055/5194/5194
f 1051/5201/5201 1055/5194/5194 1065/5202/5202
f 1065/5202/5202 1055/5194/5194 1071/5195/5195
f 1065/5202/5202 1071/5195/5195 1076/5203/5203
f 1076/5203/5203 1071/5195/5195 1078/5196/5196
f 1076/5203/5203 1078/5196/5196 1080/5197/5197
f 1080/5197/5197 1073/5198/5198 1076/5203/5203
f 1076/5203/5203 1073/5198/5198 1065/5202/5202
f 1073/5198/5198 1061/5199/5199 1065/5202/5202
f 1065/5202/5202 1061/5199/5199 1051/5201/5201
f 1061/5199/5199 1039/5200/5200 1051/5201/5201
f 1623/5211/5211 1622/5204/5204 1620/5212/5212
f 1620/5212/5212 1622/5204/5204 1618/5205/5205
f 1620/5212/5212 1618/5205/5205 1616/5213/5213
f 1616/5213/5213 1618/5205/5205 1607/5206/5206
f 1616/5213/5213 1607/5206/5206 1615/5214/5214
f 1615/5214/5214 1607/5206/5206 1612/5207/5207
f 1615/5214/5214 1612/5207/5207 1619/5208/5208
f 1619/5208/5208 1617/5209/5209 1615/5214/5214
f 1615/5214/5214 1617/5209/5209 1616/5213/5213
f 1617/5209/5209 1621/5210/5210 1616/5213/5213
f 1616/5213/5213 1621/5210/5210 1620/5212/5212
f 1621/5210/5210 1623/5211/5211 1620/5212/5212
f 327/5222/5222 344/5215/5215 328/5223/5223
f 328/5223/5223 344/5215/5215 337/5216/5216
f 328/5223/5223 337/5216/5216 331/5224/5224
f 331/5224/5224 337/5216/5216 349/5217/5217
f 331/5224/5224 349/5217/5217 348/5225/5225
f 348/5225/5225 349/5217/5217 371/5218/5218
f 348/5225/5225 371/5218/5218 358/5219/5219
f 358/5219/5219 332/5220/5220 348/5225/5225
f 348/5225/5225 332/5220/5220 331/5224/5224
f 332/5220/5220 320/5221/5221 331/5224/5224
f 331/5224/5224 320/5221/5221 328/5223/5223
f 320/5221/5221 327/5222/5222 328/5223/5223
f 193/5233/5233 190/5226/5226 196/5234/5234
f 196/5234/5234 190/5226/5226 197/5227/5227
f 196/5234/5234 197/5227/5227 202/5235/5235
f 202/5235/5235 197/5227/5227 205/5228/5228
f 202/5235/5235 205/5228/5228 210/5236/5236
f 210/5236/5236 205/5228/5228 212/5229/5229
f 210/5236/5236 212/5229/5229 213/5230/5230
f 213/5230/5230 207/5231/5231 210/5236/5236
f 210/5236/5236 207/5231/5231 202/5235/5235
f 207/5231/5231 198/5232/5232 202/5235/5235
f 202/5235/5235 198/5232/5232 196/5234/5234
f 198/5232/5232 193/5233/5233 196/5234/5234
f 2410/5244/5244 2411/5237/5237 2406/5245/5245
f 2406/5245/5245 2411/5237/5237 2403/5238/5238
f 2406/5245/5245 2403/5238/5238 2396/5246/5246
f 2396/5246/5246 2403/5238/5238 2392/5239/5239
f 2396/5246/5246 2392/5239/5239 2389/5247/5247
f 2389/5247/5247 2392/5239/5239 2388/5240/5240
f 2389/5247/5247 2388/5240/5240 2386/5241/5241
f 2386/5241/5241 2391/5242/5242 2389/5247/5247
f 2389/5247/5247 2391/5242/5242 2396/5246/5246
f 2391/5242/5242 2398/5243/5243 2396/5246/5246
f 2396/5246/5246 2398/5243/5243 2406/5245/5245
f 2398/5243/5243 2410/5244/5244 2406/5245/5245
f 1922/5255/5255 1923/5248/5248 1925/5256/5256
f 1925/5256/5256 1923/5248/5248 1927/5249/5249
f 1925/5256/5256 1927/5249/5249 1929/5257/5257
f 1929/5257/5257 1927/5249/5249 1938/5250/5250
f 1929/5257/5257 1938/5250/5250 1930/5258/5258
f 1930/5258/5258 1938/5250/5250 1933/5251/5251
f 1930/5258/5258 1933/5251/5251 1926/5252/5252
f 1926/5252/5252 1928/5253/5253 1930/5258/5258
f 1930/5258/5258 1928/5253/5253 1929/5257/5257
f 1928/5253/5253 1924/5254/5254 1929/5257/5257
f 1929/5257/5257 1924/5254/5254 1925/5256/5256
f 1924/5254/5254 1922/5255/5255 1925/5256/5256
f 228/5260/5260 241/5282/5282 183/5259/5259
f 183/5259/5259 241/5282/5282 185/5283/5283
f 183/5259/5259 185/5283/5283 99/5285/5285
f 99/5285/5285 185/5283/5283 108/5284/5284
f 241/5282/5282 228/5260/5260 276/5281/5281
f 276/5281/5281 228/5260/5260 255/5261/5261
f 276/5281/5281 255/5261/5261 379/5280/5280
f 379/5280/5280 255/5261/5261 267/5262/5262
f 379/5280/5280 267/5262/5262 534/5279/5279
f 534/5279/5279 267/5262/5262 289/5263/5263
f 534/5279/5279 289/5263/5263 629/5278/5278
f 629/5278/5278 289/5263/5263 628/5277/5277
f 628/5277/5277 289/5263/5263 533/5276/5276
f 533/5276/5276 289/5263/5263 265/5264/5264
f 533/5276/5276 265/5264/5264 378/5275/5275
f 378/5275/5275 265/5264/5264 253/5265/5265
f 378/5275/5275 253/5265/5265 275/5274/5274
f 275/5274/5274 253/5265/5265 226/5266/5266
f 275/5274/5274 226/5266/5266 240/5273/5273
f 240/5273/5273 226/5266/5266 181/5267/5267
f 240/5273/5273 181/5267/5267 178/5272/5272
f 178/5272/5272 181/5267/5267 98/5270/5270
f 178/5272/5272 98/5270/5270 107/5271/5271
f 85/5268/5268 91/5269/5269 181/5267/5267
f 181/5267/5267 91/5269/5269 98/5270/5270
f 99/5285/5285 92/5286/5286 183/5259/5259
f 183/5259/5259 92/5286/5286 86/5287/5287
f 180/5305/5305 181/5288/5288 225/5304/5304
f 225/5304/5304 181/5288/5288 226/5289/5289
f 225/5304/5304 226/5289/5289 252/5303/5303
f 252/5303/5303 226/5289/5289 253/5290/5290
f 252/5303/5303 253/5290/5290 264/5302/5302
f 264/5302/5302 253/5290/5290 265/5291/5291
f 264/5302/5302 265/5291/5291 288/5301/5301
f 288/5301/5301 265/5291/5291 289/5292/5292
f 288/5301/5301 289/5292/5292 266/5300/5300
f 266/5300/5300 289/5292/5292 267/5293/5293
f 266/5300/5300 267/5293/5293 254/5299/5299
f 254/5299/5299 267/5293/5293 255/5294/5294
f 254/5299/5299 255/5294/5294 227/5298/5298
f 227/5298/5298 255/5294/5294 228/5295/5295
f 227/5298/5298 228/5295/5295 182/5297/5297
f 182/5297/5297 228/5295/5295 183/5296/5296
f 77/5306/5306 85/5307/5307 180/5309/5309
f 180/5309/5309 85/5307/5307 181/5308/5308
f 78/5311/5311 182/5312/5312 86/5310/5310
f 86/5310/5310 182/5312/5312 183/5313/5313
f 3290/5314/5314 3294/5315/5315 3293/5316/5316
f 3289/5317/5317 3291/5318/5318 3292/5319/5319
f 3347/5320/5320 3356/5321/5321 3348/5329/5329
f 3348/5329/5329 3356/5321/5321 3355/5322/5322
f 3348/5329/5329 3355/5322/5322 3349/5328/5328
f 3349/5328/5328 3355/5322/5322 3354/5323/5323
f 3349/5328/5328 3354/5323/5323 3350/5327/5327
f 3350/5327/5327 3354/5323/5323 3352/5324/5324
f 3350/5327/5327 3352/5324/5324 3353/5325/5325
f 3353/5325/5325 3351/5326/5326 3350/5327/5327
f 3229/5330/5330 3254/5331/5331 3166/5340/5340
f 3166/5340/5340 3254/5331/5331 3191/5339/5339
f 3191/5339/5339 3254/5331/5331 3275/5332/5332
f 3191/5339/5339 3275/5332/5332 3262/5338/5338
f 3262/5338/5338 3275/5332/5332 3304/5333/5333
f 3262/5338/5338 3304/5333/5333 3302/5334/5334
f 3302/5334/5334 3296/5335/5335 3262/5338/5338
f 3262/5338/5338 3296/5335/5335 3289/5337/5337
f 3289/5337/5337 3296/5335/5335 3291/5336/5336
f 3293/5342/5342 3297/5343/5343 3290/5341/5341
f 3290/5341/5341 3297/5343/5343 3263/5351/5351
f 3263/5351/5351 3297/5343/5343 3303/5344/5344
f 3263/5351/5351 3303/5344/5344 3305/5345/5345
f 3305/5345/5345 3276/5346/5346 3263/5351/5351
f 3263/5351/5351 3276/5346/5346 3192/5350/5350
f 3192/5350/5350 3276/5346/5346 3255/5347/5347
f 3192/5350/5350 3255/5347/5347 3167/5349/5349
f 3167/5349/5349 3255/5347/5347 3230/5348/5348
f 3355/5363/5363 3356/5352/5352 3346/5365/5365
f 3346/5365/5365 3356/5352/5352 3344/5353/5353
f 3346/5365/5365 3344/5353/5353 3333/5364/5364
f 3333/5364/5364 3344/5353/5353 3328/5354/5354
f 3333/5364/5364 3328/5354/5354 3321/5366/5366
f 3321/5366/5366 3328/5354/5354 3303/5356/5356
f 3321/5366/5366 3303/5356/5356 3297/5357/5357
f 3328/5354/5354 3305/5355/5355 3303/5356/5356
f 3297/5357/5357 3293/5358/5358 3321/5366/5366
f 3321/5366/5366 3293/5358/5358 3324/5359/5359
f 3321/5366/5366 3324/5359/5359 3333/5364/5364
f 3333/5364/5364 3324/5359/5359 3341/5360/5360
f 3333/5364/5364 3341/5360/5360 3346/5365/5365
f 3346/5365/5365 3341/5360/5360 3352/5361/5361
f 3346/5365/5365 3352/5361/5361 3354/5362/5362
f 3354/5362/5362 3355/5363/5363 3346/5365/5365
f 3293/5374/5374 3294/5367/5367 3324/5373/5373
f 3324/5373/5373 3294/5367/5367 3325/5368/5368
f 3324/5373/5373 3325/5368/5368 3341/5372/5372
f 3341/5372/5372 3325/5368/5368 3342/5369/5369
f 3341/5372/5372 3342/5369/5369 3352/5371/5371
f 3352/5371/5371 3342/5369/5369 3353/5370/5370
f 3302/5386/5386 3304/5375/5375 3320/5389/5389
f 3320/5389/5389 3304/5375/5375 3327/5376/5376
f 3320/5389/5389 3327/5376/5376 3332/5388/5388
f 3332/5388/5388 3327/5376/5376 3343/5377/5377
f 3332/5388/5388 3343/5377/5377 3345/5387/5387
f 3345/5387/5387 3343/5377/5377 3347/5378/5378
f 3345/5387/5387 3347/5378/5378 3348/5379/5379
f 3348/5379/5379 3349/5380/5380 3345/5387/5387
f 3345/5387/5387 3349/5380/5380 3339/5382/5382
f 3345/5387/5387 3339/5382/5382 3332/5388/5388
f 3332/5388/5388 3339/5382/5382 3322/5383/5383
f 3332/5388/5388 3322/5383/5383 3320/5389/5389
f 3320/5389/5389 3322/5383/5383 3296/5385/5385
f 3320/5389/5389 3296/5385/5385 3302/5386/5386
f 3349/5380/5380 3350/5381/5381 3339/5382/5382
f 3322/5383/5383 3291/5384/5384 3296/5385/5385
f 3350/5397/5397 3351/5390/5390 3339/5396/5396
f 3339/5396/5396 3351/5390/5390 3340/5391/5391
f 3339/5396/5396 3340/5391/5391 3322/5395/5395
f 3322/5395/5395 3340/5391/5391 3323/5392/5392
f 3322/5395/5395 3323/5392/5392 3291/5394/5394
f 3291/5394/5394 3323/5392/5392 3292/5393/5393
f 687/5399/5399 688/5415/5415 605/5398/5398
f 605/5398/5398 688/5415/5415 606/5416/5416
f 605/5417/5417 606/5407/5407 491/5406/5406
f 491/5406/5406 606/5407/5407 492/5408/5408
f 491/5406/5406 492/5408/5408 436/5405/5405
f 436/5405/5405 492/5408/5408 437/5409/5409
f 436/5405/5405 437/5409/5409 457/5404/5404
f 457/5404/5404 437/5409/5409 458/5410/5410
f 457/5404/5404 458/5410/5410 530/5403/5403
f 530/5403/5403 458/5410/5410 531/5411/5411
f 530/5403/5403 531/5411/5411 661/5402/5402
f 661/5402/5402 531/5411/5411 662/5412/5412
f 661/5402/5402 662/5412/5412 703/5401/5401
f 703/5401/5401 662/5412/5412 704/5413/5413
f 703/5401/5401 704/5413/5413 721/5400/5400
f 721/5400/5400 704/5413/5413 722/5414/5414
f 721/5400/5400 722/5414/5414 687/5399/5399
f 687/5399/5399 722/5414/5414 688/5415/5415
f 733/5419/5419 732/5443/5443 609/5418/5418
f 609/5418/5418 732/5443/5443 608/5444/5444
f 609/5445/5445 608/5431/5431 421/5430/5430
f 421/5430/5430 608/5431/5431 420/5432/5432
f 421/5430/5430 420/5432/5432 310/5429/5429
f 310/5429/5429 420/5432/5432 309/5433/5433
f 310/5429/5429 309/5433/5433 284/5428/5428
f 284/5428/5428 309/5433/5433 283/5434/5434
f 284/5428/5428 283/5434/5434 294/5427/5427
f 294/5427/5427 283/5434/5434 293/5435/5435
f 294/5427/5427 293/5435/5435 341/5426/5426
f 341/5426/5426 293/5435/5435 340/5436/5436
f 341/5426/5426 340/5436/5436 514/5425/5425
f 514/5425/5425 340/5436/5436 513/5437/5437
f 514/5425/5425 513/5437/5437 672/5424/5424
f 672/5424/5424 513/5437/5437 671/5438/5438
f 672/5424/5424 671/5438/5438 770/5423/5423
f 770/5423/5423 671/5438/5438 769/5439/5439
f 770/5423/5423 769/5439/5439 789/5422/5422
f 789/5422/5422 769/5439/5439 788/5440/5440
f 789/5422/5422 788/5440/5440 791/5421/5421
f 791/5421/5421 788/5440/5440 790/5441/5441
f 791/5421/5421 790/5441/5441 778/5420/5420
f 778/5420/5420 790/5441/5441 777/5442/5442
f 778/5420/5420 777/5442/5442 733/5419/5419
f 733/5419/5419 777/5442/5442 732/5443/5443
f 733/5458/5458 609/5446/5446 606/5459/5459
f 606/5459/5459 609/5446/5446 421/5447/5447
f 606/5459/5459 421/5447/5447 492/5467/5467
f 492/5467/5467 421/5447/5447 310/5448/5448
f 492/5467/5467 310/5448/5448 437/5466/5466
f 437/5466/5466 310/5448/5448 284/5449/5449
f 437/5466/5466 284/5449/5449 294/5450/5450
f 437/5466/5466 294/5450/5450 458/5465/5465
f 458/5465/5465 294/5450/5450 341/5451/5451
f 458/5465/5465 341/5451/5451 531/5464/5464
f 531/5464/5464 341/5451/5451 514/5452/5452
f 531/5464/5464 514/5452/5452 672/5453/5453
f 531/5464/5464 672/5453/5453 662/5463/5463
f 662/5463/5463 672/5453/5453 770/5454/5454
f 662/5463/5463 770/5454/5454 704/5462/5462
f 704/5462/5462 770/5454/5454 789/5455/5455
f 704/5462/5462 789/5455/5455 722/5461/5461
f 722/5461/5461 789/5455/5455 791/5456/5456
f 722/5461/5461 791/5456/5456 778/5457/5457
f 722/5461/5461 778/5457/5457 688/5460/5460
f 688/5460/5460 778/5457/5457 733/5458/5458
f 688/5460/5460 733/5458/5458 606/5459/5459
f 2758/5469/5469 2816/5486/5486 2822/5468/5468
f 2822/5487/5487 2816/5477/5477 2890/5478/5478
f 2822/5488/5488 2890/5478/5478 2893/5476/5476
f 2893/5476/5476 2890/5478/5478 2938/5479/5479
f 2893/5476/5476 2938/5479/5479 2941/5475/5475
f 2941/5475/5475 2938/5479/5479 2920/5480/5480
f 2941/5475/5475 2920/5480/5480 2918/5474/5474
f 2918/5474/5474 2920/5480/5480 2865/5481/5481
f 2918/5474/5474 2865/5481/5481 2864/5473/5473
f 2864/5473/5473 2865/5481/5481 2778/5482/5482
f 2864/5473/5473 2778/5482/5482 2777/5472/5472
f 2777/5472/5472 2778/5482/5482 2731/5483/5483
f 2777/5472/5472 2731/5483/5483 2727/5471/5471
f 2727/5471/5471 2731/5483/5483 2714/5484/5484
f 2727/5471/5471 2714/5484/5484 2717/5470/5470
f 2717/5470/5470 2714/5484/5484 2751/5485/5485
f 2717/5470/5470 2751/5485/5485 2758/5469/5469
f 2758/5469/5469 2751/5485/5485 2816/5489/5489
f 2705/5491/5491 2704/5515/5515 2814/5490/5490
f 2814/5490/5490 2704/5515/5515 2813/5516/5516
f 2814/5517/5517 2813/5503/5503 2954/5502/5502
f 2954/5502/5502 2813/5503/5503 2953/5504/5504
f 2954/5502/5502 2953/5504/5504 3019/5501/5501
f 3019/5501/5501 2953/5504/5504 3018/5505/5505
f 3019/5501/5501 3018/5505/5505 3030/5500/5500
f 3030/5500/5500 3018/5505/5505 3029/5506/5506
f 3030/5500/5500 3029/5506/5506 3027/5499/5499
f 3027/5499/5499 3029/5506/5506 3026/5507/5507
f 3027/5499/5499 3026/5507/5507 3004/5498/5498
f 3004/5498/5498 3026/5507/5507 3003/5508/5508
f 3004/5498/5498 3003/5508/5508 2875/5497/5497
f 2875/5497/5497 3003/5508/5508 2874/5509/5509
f 2875/5497/5497 2874/5509/5509 2766/5496/5496
f 2766/5496/5496 2874/5509/5509 2765/5510/5510
f 2766/5496/5496 2765/5510/5510 2663/5495/5495
f 2663/5495/5495 2765/5510/5510 2662/5511/5511
f 2663/5495/5495 2662/5511/5511 2647/5494/5494
f 2647/5494/5494 2662/5511/5511 2646/5512/5512
f 2647/5494/5494 2646/5512/5512 2644/5493/5493
f 2644/5493/5493 2646/5512/5512 2643/5513/5513
f 2644/5493/5493 2643/5513/5513 2654/5492/5492
f 2654/5492/5492 2643/5513/5513 2653/5514/5514
f 2654/5492/5492 2653/5514/5514 2705/5491/5491
f 2705/5491/5491 2653/5514/5514 2704/5515/5515
f 2705/5530/5530 2814/5518/5518 2816/5531/5531
f 2816/5531/5531 2814/5518/5518 2954/5519/5519
f 2816/5531/5531 2954/5519/5519 2890/5539/5539
f 2890/5539/5539 2954/5519/5519 3019/5520/5520
f 2890/5539/5539 3019/5520/5520 2938/5538/5538
f 2938/5538/5538 3019/5520/5520 3030/5521/5521
f 2938/5538/5538 3030/5521/5521 3027/5522/5522
f 2938/5538/5538 3027/5522/5522 2920/5537/5537
f 2920/5537/5537 3027/5522/5522 3004/5523/5523
f 2920/5537/5537 3004/5523/5523 2865/5536/5536
f 2865/5536/5536 3004/5523/5523 2875/5524/5524
f 2865/5536/5536 2875/5524/5524 2766/5525/5525
f 2865/5536/5536 2766/5525/5525 2778/5535/5535
f 2778/5535/5535 2766/5525/5525 2663/5526/5526
f 2778/5535/5535 2663/5526/5526 2731/5534/5534
f 2731/5534/5534 2663/5526/5526 2647/5527/5527
f 2731/5534/5534 2647/5527/5527 2714/5533/5533
f 2714/5533/5533 2647/5527/5527 2644/5528/5528
f 2714/5533/5533 2644/5528/5528 2654/5529/5529
f 2714/5533/5533 2654/5529/5529 2751/5532/5532
f 2751/5532/5532 2654/5529/5529 2705/5530/5530
f 2751/5532/5532 2705/5530/5530 2816/5531/5531
f 2951/5547/5547 2952/5540/5540 2942/5546/5546
f 2942/5546/5546 2952/5540/5540 2943/5541/5541
f 2942/5546/5546 2943/5541/5541 2926/5545/5545
f 2926/5545/5545 2943/5541/5541 2927/5542/5542
f 2926/5545/5545 2927/5542/5542 2921/5544/5544
f 2921/5544/5544 2927/5542/5542 2922/5543/5543
f 2730/5555/5555 2729/5548/5548 2721/5554/5554
f 2721/5554/5554 2729/5548/5548 2720/5549/5549
f 2721/5554/5554 2720/5549/5549 2713/5553/5553
f 2713/5553/5553 2720/5549/5549 2712/5550/5550
f 2713/5553/5553 2712/5550/5550 2707/5552/5552
f 2707/5552/5552 2712/5550/5550 2706/5551/5551
f 2849/5563/5563 2850/5556/5556 2856/5562/5562
f 2856/5562/5562 2850/5556/5556 2857/5557/5557
f 2856/5562/5562 2857/5557/5557 2871/5561/5561
f 2871/5561/5561 2857/5557/5557 2872/5558/5558
f 2871/5561/5561 2872/5558/5558 2879/5560/5560
f 2879/5560/5560 2872/5558/5558 2880/5559/5559
f 2844/5571/5571 2843/5564/5564 2855/5570/5570
f 2855/5570/5570 2843/5564/5564 2854/5565/5565
f 2855/5570/5570 2854/5565/5565 2867/5569/5569
f 2867/5569/5569 2854/5565/5565 2866/5566/5566
f 2867/5569/5569 2866/5566/5566 2877/5568/5568
f 2877/5568/5568 2866/5566/5566 2876/5567/5567
f 2760/5573/5573 2822/5590/5590 2819/5572/5572
f 2819/5591/5591 2822/5581/5581 2893/5582/5582
f 2819/5592/5592 2893/5582/5582 2884/5580/5580
f 2884/5580/5580 2893/5582/5582 2941/5583/5583
f 2884/5580/5580 2941/5583/5583 2928/5579/5579
f 2928/5579/5579 2941/5583/5583 2918/5584/5584
f 2928/5579/5579 2918/5584/5584 2910/5578/5578
f 2910/5578/5578 2918/5584/5584 2864/5585/5585
f 2910/5578/5578 2864/5585/5585 2861/5577/5577
f 2861/5577/5577 2864/5585/5585 2777/5586/5586
f 2861/5577/5577 2777/5586/5586 2779/5576/5576
f 2779/5576/5576 2777/5586/5586 2727/5587/5587
f 2779/5576/5576 2727/5587/5587 2733/5575/5575
f 2733/5575/5575 2727/5587/5587 2717/5588/5588
f 2733/5575/5575 2717/5588/5588 2722/5574/5574
f 2722/5574/5574 2717/5588/5588 2758/5589/5589
f 2722/5574/5574 2758/5589/5589 2760/5573/5573
f 2760/5573/5573 2758/5589/5589 2822/5593/5593
f 2711/5595/5595 2710/5621/5621 2831/5594/5594
f 2831/5594/5594 2710/5621/5621 2830/5622/5622
f 2831/5623/5623 2830/5608/5608 2962/5607/5607
f 2962/5607/5607 2830/5608/5608 2961/5609/5609
f 2962/5607/5607 2961/5609/5609 3021/5606/5606
f 3021/5606/5606 2961/5609/5609 3020/5610/5610
f 3021/5606/5606 3020/5610/5610 3034/5605/5605
f 3034/5605/5605 3020/5610/5610 3033/5611/5611
f 3034/5605/5605 3033/5611/5611 3032/5604/5604
f 3032/5604/5604 3033/5611/5611 3031/5612/5612
f 3032/5604/5604 3031/5612/5612 3017/5603/5603
f 3017/5603/5603 3031/5612/5612 3016/5613/5613
f 3017/5603/5603 3016/5613/5613 2945/5602/5602
f 2945/5602/5602 3016/5613/5613 2944/5614/5614
f 2945/5602/5602 2944/5614/5614 2806/5601/5601
f 2806/5601/5601 2944/5614/5614 2805/5615/5615
f 2806/5601/5601 2805/5615/5615 2699/5600/5600
f 2699/5600/5600 2805/5615/5615 2698/5616/5616
f 2699/5600/5600 2698/5616/5616 2652/5599/5599
f 2652/5599/5599 2698/5616/5616 2651/5617/5617
f 2652/5599/5599 2651/5617/5617 2638/5598/5598
f 2638/5598/5598 2651/5617/5617 2637/5618/5618
f 2638/5598/5598 2637/5618/5618 2640/5597/5597
f 2640/5597/5597 2637/5618/5618 2639/5619/5619
f 2640/5597/5597 2639/5619/5619 2656/5596/5596
f 2656/5596/5596 2639/5619/5619 2655/5620/5620
f 2656/5596/5596 2655/5620/5620 2711/5595/5595
f 2711/5595/5595 2655/5620/5620 2710/5621/5621
f 2710/5625/5625 2799/5649/5649 2830/5624/5624
f 2830/5624/5624 2799/5649/5649 2807/5650/5650
f 2830/5624/5624 2807/5650/5650 2832/5651/5651
f 2655/5626/5626 2712/5640/5640 2710/5625/5625
f 2710/5625/5625 2712/5640/5640 2720/5641/5641
f 2710/5625/5625 2720/5641/5641 2795/5648/5648
f 2795/5648/5648 2720/5641/5641 2729/5642/5642
f 2795/5648/5648 2729/5642/5642 2793/5647/5647
f 2793/5647/5647 2729/5642/5642 2763/5643/5643
f 2793/5647/5647 2763/5643/5643 2791/5646/5646
f 2791/5646/5646 2763/5643/5643 2773/5644/5644
f 2791/5646/5646 2773/5644/5644 2783/5645/5645
f 2639/5627/5627 2694/5638/5638 2655/5626/5626
f 2655/5626/5626 2694/5638/5638 2706/5639/5639
f 2655/5626/5626 2706/5639/5639 2712/5640/5640
f 2637/5628/5628 2692/5708/5708 2639/5627/5627
f 2639/5627/5627 2692/5708/5708 2688/5709/5709
f 2639/5627/5627 2688/5709/5709 2694/5638/5638
f 2651/5629/5629 2686/5699/5699 2637/5628/5628
f 2637/5628/5628 2686/5699/5699 2683/5700/5700
f 2637/5628/5628 2683/5700/5700 2690/5701/5701
f 2698/5630/5630 2708/5697/5697 2651/5629/5629
f 2651/5629/5629 2708/5697/5697 2700/5698/5698
f 2651/5629/5629 2700/5698/5698 2686/5699/5699
f 2805/5631/5631 2797/5688/5688 2698/5630/5630
f 2698/5630/5630 2797/5688/5688 2789/5689/5689
f 2698/5630/5630 2789/5689/5689 2718/5696/5696
f 2718/5696/5696 2789/5689/5689 2723/5695/5695
f 2723/5695/5695 2789/5689/5689 2785/5690/5690
f 2723/5695/5695 2785/5690/5690 2761/5694/5694
f 2761/5694/5694 2785/5690/5690 2787/5691/5691
f 2761/5694/5694 2787/5691/5691 2771/5693/5693
f 2771/5693/5693 2787/5691/5691 2781/5692/5692
f 2944/5632/5632 2834/5685/5685 2805/5631/5631
f 2805/5631/5631 2834/5685/5685 2827/5686/5686
f 2805/5631/5631 2827/5686/5686 2803/5687/5687
f 3016/5633/5633 2942/5676/5676 2944/5632/5632
f 2944/5632/5632 2942/5676/5676 2926/5677/5677
f 2944/5632/5632 2926/5677/5677 2839/5684/5684
f 2839/5684/5684 2926/5677/5677 2921/5678/5678
f 2839/5684/5684 2921/5678/5678 2841/5683/5683
f 2841/5683/5683 2921/5678/5678 2876/5679/5679
f 2841/5683/5683 2876/5679/5679 2843/5682/5682
f 2843/5682/5682 2876/5679/5679 2866/5680/5680
f 2843/5682/5682 2866/5680/5680 2854/5681/5681
f 3031/5634/5634 2967/5674/5674 3016/5633/5633
f 3016/5633/5633 2967/5674/5674 2951/5675/5675
f 3016/5633/5633 2951/5675/5675 2942/5676/5676
f 3033/5635/5635 2974/5665/5665 3031/5634/5634
f 3031/5634/5634 2974/5665/5665 2969/5672/5672
f 3031/5634/5634 2969/5672/5672 2972/5673/5673
f 3020/5636/5636 2976/5663/5663 3033/5635/5635
f 3033/5635/5635 2976/5663/5663 2979/5664/5664
f 3033/5635/5635 2979/5664/5664 2974/5665/5665
f 2961/5637/5637 2948/5661/5661 3020/5636/5636
f 3020/5636/5636 2948/5661/5661 2958/5662/5662
f 3020/5636/5636 2958/5662/5662 2976/5663/5663
f 2830/5624/5624 2837/5652/5652 2961/5637/5637
f 2961/5637/5637 2837/5652/5652 2847/5653/5653
f 2961/5637/5637 2847/5653/5653 2931/5660/5660
f 2931/5660/5660 2847/5653/5653 2923/5659/5659
f 2923/5659/5659 2847/5653/5653 2851/5654/5654
f 2923/5659/5659 2851/5654/5654 2879/5658/5658
f 2879/5658/5658 2851/5654/5654 2849/5655/5655
f 2879/5658/5658 2849/5655/5655 2871/5657/5657
f 2871/5657/5657 2849/5655/5655 2856/5656/5656
f 2795/5648/5648 2799/5649/5649 2710/5625/5625
f 2832/5651/5651 2837/5652/5652 2830/5624/5624
f 2931/5660/5660 2948/5661/5661 2961/5637/5637
f 2969/5672/5672 2974/5665/5665 2956/5671/5671
f 2956/5671/5671 2974/5665/5665 2963/5666/5666
f 2956/5671/5671 2963/5666/5666 2899/5670/5670
f 2899/5670/5670 2963/5666/5666 2903/5667/5667
f 2899/5670/5670 2903/5667/5667 2886/5669/5669
f 2886/5669/5669 2903/5667/5667 2888/5668/5668
f 2972/5673/5673 2967/5674/5674 3031/5634/5634
f 2839/5684/5684 2834/5685/5685 2944/5632/5632
f 2803/5687/5687 2797/5688/5688 2805/5631/5631
f 2718/5696/5696 2708/5697/5697 2698/5630/5630
f 2637/5628/5628 2690/5701/5701 2692/5708/5708
f 2692/5708/5708 2690/5701/5701 2696/5702/5702
f 2692/5708/5708 2696/5702/5702 2702/5707/5707
f 2702/5707/5707 2696/5702/5702 2739/5703/5703
f 2702/5707/5707 2739/5703/5703 2743/5706/5706
f 2743/5706/5706 2739/5703/5703 2752/5704/5704
f 2743/5706/5706 2752/5704/5704 2754/5705/5705
f 2819/5710/5710 2884/5711/5711 2760/5718/5718
f 2760/5718/5718 2884/5711/5711 2722/5717/5717
f 2722/5717/5717 2884/5711/5711 2928/5712/5712
f 2722/5717/5717 2928/5712/5712 2733/5716/5716
f 2733/5716/5716 2928/5712/5712 2910/5713/5713
f 2733/5716/5716 2910/5713/5713 2779/5715/5715
f 2779/5715/5715 2910/5713/5713 2861/5714/5714
f 2785/5720/5720 2786/5721/5721 2787/5719/5719
f 2787/5719/5719 2786/5721/5721 2788/5722/5722
f 2794/5724/5724 2793/5725/5725 2792/5723/5723
f 2792/5723/5723 2793/5725/5725 2791/5726/5726
f 2851/5728/5728 2852/5729/5729 2849/5727/5727
f 2849/5727/5727 2852/5729/5729 2850/5730/5730
f 2808/5731/5731 2833/5732/5732 2807/5734/5734
f 2807/5734/5734 2833/5732/5732 2832/5733/5733
f 2842/5736/5736 2841/5737/5737 2844/5735/5735
f 2844/5735/5735 2841/5737/5737 2843/5738/5738
f 2804/5740/5740 2803/5741/5741 2828/5739/5739
f 2828/5739/5739 2803/5741/5741 2827/5742/5742
f 2730/5744/5744 2744/5752/5752 2764/5743/5743
f 2764/5743/5743 2744/5752/5752 2755/5753/5753
f 2764/5743/5743 2755/5753/5753 2774/5814/5814
f 2774/5814/5814 2755/5753/5753 2753/5754/5754
f 2774/5814/5814 2753/5754/5754 2772/5765/5765
f 2772/5765/5765 2753/5754/5754 2762/5764/5764
f 2762/5764/5764 2753/5754/5754 2740/5755/5755
f 2762/5764/5764 2740/5755/5755 2724/5763/5763
f 2724/5763/5763 2740/5755/5755 2697/5756/5756
f 2724/5763/5763 2697/5756/5756 2701/5760/5760
f 2701/5760/5760 2697/5756/5756 2687/5759/5759
f 2687/5759/5759 2697/5756/5756 2691/5757/5757
f 2687/5759/5759 2691/5757/5757 2684/5758/5758
f 2721/5745/5745 2707/5747/5747 2730/5744/5744
f 2730/5744/5744 2707/5747/5747 2703/5751/5751
f 2730/5744/5744 2703/5751/5751 2744/5752/5752
f 2721/5745/5745 2713/5746/5746 2707/5747/5747
f 2707/5747/5747 2695/5748/5748 2703/5751/5751
f 2703/5751/5751 2695/5748/5748 2693/5750/5750
f 2693/5750/5750 2695/5748/5748 2689/5749/5749
f 2709/5761/5761 2719/5762/5762 2701/5760/5760
f 2701/5760/5760 2719/5762/5762 2724/5763/5763
f 2772/5765/5765 2782/5766/5766 2774/5814/5814
f 2774/5814/5814 2782/5766/5766 2784/5813/5813
f 2784/5813/5813 2782/5766/5766 2855/5777/5777
f 2784/5813/5813 2855/5777/5777 2857/5802/5802
f 2857/5802/5802 2855/5777/5777 2867/5778/5778
f 2857/5802/5802 2867/5778/5778 2872/5801/5801
f 2872/5801/5801 2867/5778/5778 2887/5789/5789
f 2872/5801/5801 2887/5789/5789 2889/5790/5790
f 2855/5777/5777 2782/5766/5766 2844/5776/5776
f 2844/5776/5776 2782/5766/5766 2788/5767/5767
f 2844/5776/5776 2788/5767/5767 2842/5775/5775
f 2842/5775/5775 2788/5767/5767 2786/5768/5768
f 2842/5775/5775 2786/5768/5768 2828/5772/5772
f 2828/5772/5772 2786/5768/5768 2804/5771/5771
f 2804/5771/5771 2786/5768/5768 2798/5770/5770
f 2798/5770/5770 2786/5768/5768 2790/5769/5769
f 2828/5772/5772 2835/5773/5773 2842/5775/5775
f 2842/5775/5775 2835/5773/5773 2840/5774/5774
f 2867/5778/5778 2877/5779/5779 2887/5789/5789
f 2887/5789/5789 2877/5779/5779 2900/5788/5788
f 2900/5788/5788 2877/5779/5779 2922/5780/5780
f 2900/5788/5788 2922/5780/5780 2957/5787/5787
f 2957/5787/5787 2922/5780/5780 2952/5783/5783
f 2957/5787/5787 2952/5783/5783 2968/5784/5784
f 2922/5780/5780 2927/5781/5781 2952/5783/5783
f 2952/5783/5783 2927/5781/5781 2943/5782/5782
f 2973/5785/5785 2970/5786/5786 2968/5784/5784
f 2968/5784/5784 2970/5786/5786 2957/5787/5787
f 2872/5801/5801 2889/5790/5790 2880/5800/5800
f 2880/5800/5800 2889/5790/5790 2904/5791/5791
f 2880/5800/5800 2904/5791/5791 2924/5799/5799
f 2924/5799/5799 2904/5791/5791 2964/5792/5792
f 2924/5799/5799 2964/5792/5792 2959/5796/5796
f 2959/5796/5796 2964/5792/5792 2977/5795/5795
f 2977/5795/5795 2964/5792/5792 2975/5793/5793
f 2977/5795/5795 2975/5793/5793 2980/5794/5794
f 2949/5797/5797 2932/5798/5798 2959/5796/5796
f 2959/5796/5796 2932/5798/5798 2924/5799/5799
f 2784/5813/5813 2857/5802/5802 2792/5812/5812
f 2792/5812/5812 2857/5802/5802 2850/5803/5803
f 2792/5812/5812 2850/5803/5803 2794/5811/5811
f 2794/5811/5811 2850/5803/5803 2852/5804/5804
f 2794/5811/5811 2852/5804/5804 2808/5808/5808
f 2808/5808/5808 2852/5804/5804 2833/5807/5807
f 2833/5807/5807 2852/5804/5804 2838/5806/5806
f 2838/5806/5806 2852/5804/5804 2848/5805/5805
f 2808/5808/5808 2800/5809/5809 2794/5811/5811
f 2794/5811/5811 2800/5809/5809 2796/5810/5810
f 2958/5816/5816 2959/5817/5817 2976/5815/5815
f 2976/5815/5815 2959/5817/5817 2977/5818/5818
f 2903/5819/5819 2963/5820/5820 2904/5822/5822
f 2904/5822/5822 2963/5820/5820 2964/5821/5821
f 2957/5824/5824 2956/5825/5825 2900/5823/5823
f 2900/5823/5823 2956/5825/5825 2899/5826/5826
f 2968/5827/5827 2952/5828/5828 2967/5830/5830
f 2967/5830/5830 2952/5828/5828 2951/5829/5829
f 2921/5832/5832 2922/5833/5833 2876/5831/5831
f 2876/5831/5831 2922/5833/5833 2877/5834/5834
f 2880/5835/5835 2924/5836/5836 2879/5838/5838
f 2879/5838/5838 2924/5836/5836 2923/5837/5837
f 2739/5839/5839 2696/5840/5840 2740/5842/5842
f 2740/5842/5842 2696/5840/5840 2697/5841/5841
f 2762/5843/5843 2724/5844/5844 2761/5846/5846
f 2761/5846/5846 2724/5844/5844 2723/5845/5845
f 2687/5848/5848 2686/5849/5849 2701/5847/5847
f 2701/5847/5847 2686/5849/5849 2700/5850/5850
f 2703/5852/5852 2702/5853/5853 2744/5851/5851
f 2744/5851/5851 2702/5853/5853 2743/5854/5854
f 2707/5856/5856 2706/5857/5857 2695/5855/5855
f 2695/5855/5855 2706/5857/5857 2694/5858/5858
f 2729/5860/5860 2730/5861/5861 2763/5859/5859
f 2763/5859/5859 2730/5861/5861 2764/5862/5862
f 2763/5870/5870 2764/5863/5863 2773/5869/5869
f 2773/5869/5869 2764/5863/5863 2774/5864/5864
f 2773/5869/5869 2774/5864/5864 2783/5868/5868
f 2783/5868/5868 2774/5864/5864 2784/5865/5865
f 2783/5868/5868 2784/5865/5865 2791/5867/5867
f 2791/5867/5867 2784/5865/5865 2792/5866/5866
f 2739/5878/5878 2740/5871/5871 2752/5877/5877
f 2752/5877/5877 2740/5871/5871 2753/5872/5872
f 2752/5877/5877 2753/5872/5872 2754/5876/5876
f 2754/5876/5876 2753/5872/5872 2755/5873/5873
f 2754/5876/5876 2755/5873/5873 2743/5875/5875
f 2743/5875/5875 2755/5873/5873 2744/5874/5874
f 2762/5886/5886 2761/5879/5879 2772/5885/5885
f 2772/5885/5885 2761/5879/5879 2771/5880/5880
f 2772/5885/5885 2771/5880/5880 2782/5884/5884
f 2782/5884/5884 2771/5880/5880 2781/5881/5881
f 2782/5884/5884 2781/5881/5881 2788/5883/5883
f 2788/5883/5883 2781/5881/5881 2787/5882/5882
f 2903/5894/5894 2904/5887/5887 2888/5893/5893
f 2888/5893/5893 2904/5887/5887 2889/5888/5888
f 2888/5893/5893 2889/5888/5888 2886/5892/5892
f 2886/5892/5892 2889/5888/5888 2887/5889/5889
f 2886/5892/5892 2887/5889/5889 2899/5891/5891
f 2899/5891/5891 2887/5889/5889 2900/5890/5890
f 2702/5902/5902 2703/5895/5895 2692/5901/5901
f 2692/5901/5901 2703/5895/5895 2693/5896/5896
f 2692/5901/5901 2693/5896/5896 2688/5900/5900
f 2688/5900/5900 2693/5896/5896 2689/5897/5897
f 2688/5900/5900 2689/5897/5897 2694/5899/5899
f 2694/5899/5899 2689/5897/5897 2695/5898/5898
f 2686/5910/5910 2687/5903/5903 2683/5909/5909
f 2683/5909/5909 2687/5903/5903 2684/5904/5904
f 2683/5909/5909 2684/5904/5904 2690/5908/5908
f 2690/5908/5908 2684/5904/5904 2691/5905/5905
f 2690/5908/5908 2691/5905/5905 2696/5907/5907
f 2696/5907/5907 2691/5905/5905 2697/5906/5906
f 2723/5918/5918 2724/5911/5911 2718/5917/5917
f 2718/5917/5917 2724/5911/5911 2719/5912/5912
f 2718/5917/5917 2719/5912/5912 2708/5916/5916
f 2708/5916/5916 2719/5912/5912 2709/5913/5913
f 2708/5916/5916 2709/5913/5913 2700/5915/5915
f 2700/5915/5915 2709/5913/5913 2701/5914/5914
f 2803/5926/5926 2804/5919/5919 2797/5925/5925
f 2797/5925/5925 2804/5919/5919 2798/5920/5920
f 2797/5925/5925 2798/5920/5920 2789/5924/5924
f 2789/5924/5924 2798/5920/5920 2790/5921/5921
f 2789/5924/5924 2790/5921/5921 2785/5923/5923
f 2785/5923/5923 2790/5921/5921 2786/5922/5922
f 2841/5934/5934 2842/5927/5927 2839/5933/5933
f 2839/5933/5933 2842/5927/5927 2840/5928/5928
f 2839/5933/5933 2840/5928/5928 2834/5932/5932
f 2834/5932/5932 2840/5928/5928 2835/5929/5929
f 2834/5932/5932 2835/5929/5929 2827/5931/5931
f 2827/5931/5931 2835/5929/5929 2828/5930/5930
f 2956/5942/5942 2957/5935/5935 2969/5941/5941
f 2969/5941/5941 2957/5935/5935 2970/5936/5936
f 2969/5941/5941 2970/5936/5936 2972/5940/5940
f 2972/5940/5940 2970/5936/5936 2973/5937/5937
f 2972/5940/5940 2973/5937/5937 2967/5939/5939
f 2967/5939/5939 2973/5937/5937 2968/5938/5938
f 2832/5950/5950 2833/5943/5943 2837/5949/5949
f 2837/5949/5949 2833/5943/5943 2838/5944/5944
f 2837/5949/5949 2838/5944/5944 2847/5948/5948
f 2847/5948/5948 2838/5944/5944 2848/5945/5945
f 2847/5948/5948 2848/5945/5945 2851/5947/5947
f 2851/5947/5947 2848/5945/5945 2852/5946/5946
f 2793/5958/5958 2794/5951/5951 2795/5957/5957
f 2795/5957/5957 2794/5951/5951 2796/5952/5952
f 2795/5957/5957 2796/5952/5952 2799/5956/5956
f 2799/5956/5956 2796/5952/5952 2800/5953/5953
f 2799/5956/5956 2800/5953/5953 2807/5955/5955
f 2807/5955/5955 2800/5953/5953 2808/5954/5954
f 2923/5966/5966 2924/5959/5959 2931/5965/5965
f 2931/5965/5965 2924/5959/5959 2932/5960/5960
f 2931/5965/5965 2932/5960/5960 2948/5964/5964
f 2948/5964/5964 2932/5960/5960 2949/5961/5961
f 2948/5964/5964 2949/5961/5961 2958/5963/5963
f 2958/5963/5963 2949/5961/5961 2959/5962/5962
f 2976/5974/5974 2977/5967/5967 2979/5973/5973
f 2979/5973/5973 2977/5967/5967 2980/5968/5968
f 2979/5973/5973 2980/5968/5968 2974/5972/5972
f 2974/5972/5972 2980/5968/5968 2975/5969/5969
f 2974/5972/5972 2975/5969/5969 2963/5971/5971
f 2963/5971/5971 2975/5969/5969 2964/5970/5970
f 1484/5976/5976 1494/5993/5993 1497/5975/5975
f 1497/5994/5994 1494/5984/5984 1481/5985/5985
f 1497/5995/5995 1481/5985/5985 1475/5983/5983
f 1475/5983/5983 1481/5985/5985 1393/5986/5986
f 1475/5983/5983 1393/5986/5986 1391/5982/5982
f 1391/5982/5982 1393/5986/5986 1324/5987/5987
f 1391/5982/5982 1324/5987/5987 1319/5981/5981
f 1319/5981/5981 1324/5987/5987 1252/5988/5988
f 1319/5981/5981 1252/5988/5988 1249/5980/5980
f 1249/5980/5980 1252/5988/5988 1251/5989/5989
f 1249/5980/5980 1251/5989/5989 1256/5979/5979
f 1256/5979/5979 1251/5989/5989 1323/5990/5990
f 1256/5979/5979 1323/5990/5990 1332/5978/5978
f 1332/5978/5978 1323/5990/5990 1392/5991/5991
f 1332/5978/5978 1392/5991/5991 1397/5977/5977
f 1397/5977/5977 1392/5991/5991 1480/5992/5992
f 1397/5977/5977 1480/5992/5992 1484/5976/5976
f 1484/5976/5976 1480/5992/5992 1494/5996/5996
f 1569/5998/5998 1568/6022/6022 1587/5997/5997
f 1587/5997/5997 1568/6022/6022 1586/6023/6023
f 1587/6024/6024 1586/6010/6010 1571/6009/6009
f 1571/6009/6009 1586/6010/6010 1570/6011/6011
f 1571/6009/6009 1570/6011/6011 1536/6008/6008
f 1536/6008/6008 1570/6011/6011 1535/6012/6012
f 1536/6008/6008 1535/6012/6012 1409/6007/6007
f 1409/6007/6007 1535/6012/6012 1408/6013/6013
f 1409/6007/6007 1408/6013/6013 1266/6006/6006
f 1266/6006/6006 1408/6013/6013 1265/6014/6014
f 1266/6006/6006 1265/6014/6014 1162/6005/6005
f 1162/6005/6005 1265/6014/6014 1161/6015/6015
f 1162/6005/6005 1161/6015/6015 1138/6004/6004
f 1138/6004/6004 1161/6015/6015 1137/6016/6016
f 1138/6004/6004 1137/6016/6016 1136/6003/6003
f 1136/6003/6003 1137/6016/6016 1135/6017/6017
f 1136/6003/6003 1135/6017/6017 1160/6002/6002
f 1160/6002/6002 1135/6017/6017 1159/6018/6018
f 1160/6002/6002 1159/6018/6018 1264/6001/6001
f 1264/6001/6001 1159/6018/6018 1263/6019/6019
f 1264/6001/6001 1263/6019/6019 1407/6000/6000
f 1407/6000/6000 1263/6019/6019 1406/6020/6020
f 1407/6000/6000 1406/6020/6020 1534/5999/5999
f 1534/5999/5999 1406/6020/6020 1533/6021/6021
f 1534/5999/5999 1533/6021/6021 1569/5998/5998
f 1569/5998/5998 1533/6021/6021 1568/6022/6022
f 1569/6037/6037 1587/6025/6025 1494/6038/6038
f 1494/6038/6038 1587/6025/6025 1571/6026/6026
f 1494/6038/6038 1571/6026/6026 1481/6046/6046
f 1481/6046/6046 1571/6026/6026 1536/6027/6027
f 1481/6046/6046 1536/6027/6027 1393/6045/6045
f 1393/6045/6045 1536/6027/6027 1409/6028/6028
f 1393/6045/6045 1409/6028/6028 1266/6029/6029
f 1393/6045/6045 1266/6029/6029 1324/6044/6044
f 1324/6044/6044 1266/6029/6029 1162/6030/6030
f 1324/6044/6044 1162/6030/6030 1252/6043/6043
f 1252/6043/6043 1162/6030/6030 1138/6031/6031
f 1252/6043/6043 1138/6031/6031 1136/6032/6032
f 1252/6043/6043 1136/6032/6032 1251/6042/6042
f 1251/6042/6042 1136/6032/6032 1160/6033/6033
f 1251/6042/6042 1160/6033/6033 1323/6041/6041
f 1323/6041/6041 1160/6033/6033 1264/6034/6034
f 1323/6041/6041 1264/6034/6034 1392/6040/6040
f 1392/6040/6040 1264/6034/6034 1407/6035/6035
f 1392/6040/6040 1407/6035/6035 1534/6036/6036
f 1392/6040/6040 1534/6036/6036 1480/6039/6039
f 1480/6039/6039 1534/6036/6036 1569/6037/6037
f 1480/6039/6039 1569/6037/6037 1494/6038/6038
f 1288/6054/6054 1289/6047/6047 1276/6053/6053
f 1276/6053/6053 1289/6047/6047 1277/6048/6048
f 1276/6053/6053 1277/6048/6048 1272/6052/6052
f 1272/6052/6052 1277/6048/6048 1273/6049/6049
f 1272/6052/6052 1273/6049/6049 1278/6051/6051
f 1278/6051/6051 1273/6049/6049 1279/6050/6050
f 1468/6062/6062 1467/6055/6055 1477/6061/6061
f 1477/6061/6061 1467/6055/6055 1476/6056/6056
f 1477/6061/6061 1476/6056/6056 1470/6060/6060
f 1470/6060/6060 1476/6056/6056 1469/6057/6057
f 1470/6060/6060 1469/6057/6057 1458/6059/6059
f 1458/6059/6059 1469/6057/6057 1457/6058/6058
f 1471/6070/6070 1472/6063/6063 1451/6069/6069
f 1451/6069/6069 1472/6063/6063 1452/6064/6064
f 1451/6069/6069 1452/6064/6064 1431/6068/6068
f 1431/6068/6068 1452/6064/6064 1432/6065/6065
f 1431/6068/6068 1432/6065/6065 1439/6067/6067
f 1439/6067/6067 1432/6065/6065 1440/6066/6066
f 1271/6078/6078 1270/6071/6071 1293/6077/6077
f 1293/6077/6077 1270/6071/6071 1292/6072/6072
f 1293/6077/6077 1292/6072/6072 1316/6076/6076
f 1316/6076/6076 1292/6072/6072 1315/6073/6073
f 1316/6076/6076 1315/6073/6073 1306/6075/6075
f 1306/6075/6075 1315/6073/6073 1305/6074/6074
f 1466/6080/6080 1497/6097/6097 1491/6079/6079
f 1491/6098/6098 1497/6088/6088 1475/6089/6089
f 1491/6099/6099 1475/6089/6089 1463/6087/6087
f 1463/6087/6087 1475/6089/6089 1391/6090/6090
f 1463/6087/6087 1391/6090/6090 1388/6086/6086
f 1388/6086/6086 1391/6090/6090 1319/6091/6091
f 1388/6086/6086 1319/6091/6091 1329/6085/6085
f 1329/6085/6085 1319/6091/6091 1249/6092/6092
f 1329/6085/6085 1249/6092/6092 1259/6084/6084
f 1259/6084/6084 1249/6092/6092 1256/6093/6093
f 1259/6084/6084 1256/6093/6093 1261/6083/6083
f 1261/6083/6083 1256/6093/6093 1332/6094/6094
f 1261/6083/6083 1332/6094/6094 1337/6082/6082
f 1337/6082/6082 1332/6094/6094 1397/6095/6095
f 1337/6082/6082 1397/6095/6095 1394/6081/6081
f 1394/6081/6081 1397/6095/6095 1484/6096/6096
f 1394/6081/6081 1484/6096/6096 1466/6080/6080
f 1466/6080/6080 1484/6096/6096 1497/6100/6100
f 1583/6102/6102 1582/6128/6128 1594/6101/6101
f 1594/6101/6101 1582/6128/6128 1593/6129/6129
f 1594/6130/6130 1593/6115/6115 1577/6114/6114
f 1577/6114/6114 1593/6115/6115 1576/6116/6116
f 1577/6114/6114 1576/6116/6116 1542/6113/6113
f 1542/6113/6113 1576/6116/6116 1541/6117/6117
f 1542/6113/6113 1541/6117/6117 1428/6112/6112
f 1428/6112/6112 1541/6117/6117 1427/6118/6118
f 1428/6112/6112 1427/6118/6118 1303/6111/6111
f 1303/6111/6111 1427/6118/6118 1302/6119/6119
f 1303/6111/6111 1302/6119/6119 1174/6110/6110
f 1174/6110/6110 1302/6119/6119 1173/6120/6120
f 1174/6110/6110 1173/6120/6120 1140/6109/6109
f 1140/6109/6109 1173/6120/6120 1139/6121/6121
f 1140/6109/6109 1139/6121/6121 1129/6108/6108
f 1129/6108/6108 1139/6121/6121 1128/6122/6122
f 1129/6108/6108 1128/6122/6122 1144/6107/6107
f 1144/6107/6107 1128/6122/6122 1143/6123/6123
f 1144/6107/6107 1143/6123/6123 1179/6106/6106
f 1179/6106/6106 1143/6123/6123 1178/6124/6124
f 1179/6106/6106 1178/6124/6124 1328/6105/6105
f 1328/6105/6105 1178/6124/6124 1327/6125/6125
f 1328/6105/6105 1327/6125/6125 1446/6104/6104
f 1446/6104/6104 1327/6125/6125 1445/6126/6126
f 1446/6104/6104 1445/6126/6126 1548/6103/6103
f 1548/6103/6103 1445/6126/6126 1547/6127/6127
f 1548/6103/6103 1547/6127/6127 1583/6102/6102
f 1583/6102/6102 1547/6127/6127 1582/6128/6128
f 1582/6132/6132 1525/6156/6156 1593/6131/6131
f 1593/6131/6131 1525/6156/6156 1531/6157/6157
f 1593/6131/6131 1531/6157/6157 1527/6158/6158
f 1547/6133/6133 1469/6147/6147 1582/6132/6132
f 1582/6132/6132 1469/6147/6147 1476/6148/6148
f 1582/6132/6132 1476/6148/6148 1521/6155/6155
f 1521/6155/6155 1476/6148/6148 1467/6149/6149
f 1521/6155/6155 1467/6149/6149 1517/6154/6154
f 1517/6154/6154 1467/6149/6149 1443/6150/6150
f 1517/6154/6154 1443/6150/6150 1478/6153/6153
f 1478/6153/6153 1443/6150/6150 1433/6151/6151
f 1478/6153/6153 1433/6151/6151 1453/6152/6152
f 1445/6134/6134 1449/6145/6145 1547/6133/6133
f 1547/6133/6133 1449/6145/6145 1457/6146/6146
f 1547/6133/6133 1457/6146/6146 1469/6147/6147
f 1327/6135/6135 1425/6215/6215 1445/6134/6134
f 1445/6134/6134 1425/6215/6215 1437/6216/6216
f 1445/6134/6134 1437/6216/6216 1449/6145/6145
f 1178/6136/6136 1307/6206/6206 1327/6135/6135
f 1327/6135/6135 1307/6206/6206 1325/6207/6207
f 1327/6135/6135 1325/6207/6207 1339/6208/6208
f 1143/6137/6137 1286/6204/6204 1178/6136/6136
f 1178/6136/6136 1286/6204/6204 1290/6205/6205
f 1178/6136/6136 1290/6205/6205 1307/6206/6206
f 1128/6138/6138 1202/6195/6195 1143/6137/6137
f 1143/6137/6137 1202/6195/6195 1209/6196/6196
f 1143/6137/6137 1209/6196/6196 1280/6203/6203
f 1280/6203/6203 1209/6196/6196 1284/6202/6202
f 1284/6202/6202 1209/6196/6196 1226/6197/6197
f 1284/6202/6202 1226/6197/6197 1310/6201/6201
f 1310/6201/6201 1226/6197/6197 1274/6198/6198
f 1310/6201/6201 1274/6198/6198 1321/6200/6200
f 1321/6200/6200 1274/6198/6198 1294/6199/6199
f 1139/6139/6139 1199/6192/6192 1128/6138/6138
f 1128/6138/6138 1199/6192/6192 1192/6193/6193
f 1128/6138/6138 1192/6193/6193 1196/6194/6194
f 1173/6140/6140 1276/6183/6183 1139/6139/6139
f 1139/6139/6139 1276/6183/6183 1272/6184/6184
f 1139/6139/6139 1272/6184/6184 1207/6191/6191
f 1207/6191/6191 1272/6184/6184 1278/6185/6185
f 1207/6191/6191 1278/6185/6185 1223/6190/6190
f 1223/6190/6190 1278/6185/6185 1305/6186/6186
f 1223/6190/6190 1305/6186/6186 1270/6189/6189
f 1270/6189/6189 1305/6186/6186 1315/6187/6187
f 1270/6189/6189 1315/6187/6187 1292/6188/6188
f 1302/6141/6141 1296/6181/6181 1173/6140/6140
f 1173/6140/6140 1296/6181/6181 1288/6182/6182
f 1173/6140/6140 1288/6182/6182 1276/6183/6183
f 1427/6142/6142 1423/6172/6172 1302/6141/6141
f 1302/6141/6141 1423/6172/6172 1334/6179/6179
f 1302/6141/6141 1334/6179/6179 1313/6180/6180
f 1541/6143/6143 1441/6170/6170 1427/6142/6142
f 1427/6142/6142 1441/6170/6170 1429/6171/6171
f 1427/6142/6142 1429/6171/6171 1423/6172/6172
f 1576/6144/6144 1459/6168/6168 1541/6143/6143
f 1541/6143/6143 1459/6168/6168 1455/6169/6169
f 1541/6143/6143 1455/6169/6169 1441/6170/6170
f 1593/6131/6131 1523/6159/6159 1576/6144/6144
f 1576/6144/6144 1523/6159/6159 1519/6160/6160
f 1576/6144/6144 1519/6160/6160 1464/6167/6167
f 1464/6167/6167 1519/6160/6160 1461/6166/6166
f 1461/6166/6166 1519/6160/6160 1515/6161/6161
f 1461/6166/6166 1515/6161/6161 1439/6165/6165
f 1439/6165/6165 1515/6161/6161 1471/6162/6162
f 1439/6165/6165 1471/6162/6162 1431/6164/6164
f 1431/6164/6164 1471/6162/6162 1451/6163/6163
f 1521/6155/6155 1525/6156/6156 1582/6132/6132
f 1527/6158/6158 1523/6159/6159 1593/6131/6131
f 1464/6167/6167 1459/6168/6168 1576/6144/6144
f 1334/6179/6179 1423/6172/6172 1345/6178/6178
f 1345/6178/6178 1423/6172/6172 1412/6173/6173
f 1345/6178/6178 1412/6173/6173 1365/6177/6177
f 1365/6177/6177 1412/6173/6173 1398/6174/6174
f 1365/6177/6177 1398/6174/6174 1374/6176/6176
f 1374/6176/6176 1398/6174/6174 1383/6175/6175
f 1313/6180/6180 1296/6181/6181 1302/6141/6141
f 1207/6191/6191 1199/6192/6192 1139/6139/6139
f 1196/6194/6194 1202/6195/6195 1128/6138/6138
f 1280/6203/6203 1286/6204/6204 1143/6137/6137
f 1327/6135/6135 1339/6208/6208 1425/6215/6215
f 1425/6215/6215 1339/6208/6208 1353/6209/6209
f 1425/6215/6215 1353/6209/6209 1417/6214/6214
f 1417/6214/6214 1353/6209/6209 1369/6210/6210
f 1417/6214/6214 1369/6210/6210 1400/6213/6213
f 1400/6213/6213 1369/6210/6210 1378/6211/6211
f 1400/6213/6213 1378/6211/6211 1385/6212/6212
f 1491/6217/6217 1463/6218/6218 1466/6225/6225
f 1466/6225/6225 1463/6218/6218 1394/6224/6224
f 1394/6224/6224 1463/6218/6218 1388/6219/6219
f 1394/6224/6224 1388/6219/6219 1337/6223/6223
f 1337/6223/6223 1388/6219/6219 1329/6220/6220
f 1337/6223/6223 1329/6220/6220 1261/6222/6222
f 1261/6222/6222 1329/6220/6220 1259/6221/6221
f 1226/6227/6227 1227/6228/6228 1274/6226/6226
f 1274/6226/6226 1227/6228/6228 1275/6229/6229
f 1518/6231/6231 1517/6232/6232 1479/6230/6230
f 1479/6230/6230 1517/6232/6232 1478/6233/6233
f 1515/6235/6235 1516/6236/6236 1471/6234/6234
f 1471/6234/6234 1516/6236/6236 1472/6237/6237
f 1532/6238/6238 1528/6239/6239 1531/6241/6241
f 1531/6241/6241 1528/6239/6239 1527/6240/6240
f 1224/6243/6243 1223/6244/6244 1271/6242/6242
f 1271/6242/6242 1223/6244/6244 1270/6245/6245
f 1197/6247/6247 1196/6248/6248 1193/6246/6246
f 1193/6246/6246 1196/6248/6248 1192/6249/6249
f 1468/6251/6251 1401/6259/6259 1444/6250/6250
f 1444/6250/6250 1401/6259/6259 1386/6260/6260
f 1444/6250/6250 1386/6260/6260 1434/6321/6321
f 1434/6321/6321 1386/6260/6260 1379/6261/6261
f 1434/6321/6321 1379/6261/6261 1322/6272/6272
f 1322/6272/6272 1379/6261/6261 1311/6271/6271
f 1311/6271/6271 1379/6261/6261 1370/6262/6262
f 1311/6271/6271 1370/6262/6262 1285/6270/6270
f 1285/6270/6270 1370/6262/6262 1354/6263/6263
f 1285/6270/6270 1354/6263/6263 1291/6267/6267
f 1291/6267/6267 1354/6263/6263 1308/6266/6266
f 1308/6266/6266 1354/6263/6263 1340/6264/6264
f 1308/6266/6266 1340/6264/6264 1326/6265/6265
f 1477/6252/6252 1458/6254/6254 1468/6251/6251
f 1468/6251/6251 1458/6254/6254 1418/6258/6258
f 1468/6251/6251 1418/6258/6258 1401/6259/6259
f 1477/6252/6252 1470/6253/6253 1458/6254/6254
f 1458/6254/6254 1450/6255/6255 1418/6258/6258
f 1418/6258/6258 1450/6255/6255 1426/6257/6257
f 1426/6257/6257 1450/6255/6255 1438/6256/6256
f 1287/6268/6268 1281/6269/6269 1291/6267/6267
f 1291/6267/6267 1281/6269/6269 1285/6270/6270
f 1322/6272/6272 1295/6273/6273 1434/6321/6321
f 1434/6321/6321 1295/6273/6273 1454/6320/6320
f 1454/6320/6320 1295/6273/6273 1293/6284/6284
f 1454/6320/6320 1293/6284/6284 1452/6309/6309
f 1452/6309/6309 1293/6284/6284 1316/6285/6285
f 1452/6309/6309 1316/6285/6285 1432/6308/6308
f 1432/6308/6308 1316/6285/6285 1375/6296/6296
f 1432/6308/6308 1375/6296/6296 1384/6297/6297
f 1293/6284/6284 1295/6273/6273 1271/6283/6283
f 1271/6283/6283 1295/6273/6273 1275/6274/6274
f 1271/6283/6283 1275/6274/6274 1224/6282/6282
f 1224/6282/6282 1275/6274/6274 1227/6275/6275
f 1224/6282/6282 1227/6275/6275 1193/6279/6279
f 1193/6279/6279 1227/6275/6275 1197/6278/6278
f 1197/6278/6278 1227/6275/6275 1203/6277/6277
f 1203/6277/6277 1227/6275/6275 1210/6276/6276
f 1193/6279/6279 1200/6280/6280 1224/6282/6282
f 1224/6282/6282 1200/6280/6280 1208/6281/6281
f 1316/6285/6285 1306/6286/6286 1375/6296/6296
f 1375/6296/6296 1306/6286/6286 1366/6295/6295
f 1366/6295/6295 1306/6286/6286 1279/6287/6287
f 1366/6295/6295 1279/6287/6287 1346/6294/6294
f 1346/6294/6294 1279/6287/6287 1289/6290/6290
f 1346/6294/6294 1289/6290/6290 1297/6291/6291
f 1279/6287/6287 1273/6288/6288 1289/6290/6290
f 1289/6290/6290 1273/6288/6288 1277/6289/6289
f 1314/6292/6292 1335/6293/6293 1297/6291/6291
f 1297/6291/6291 1335/6293/6293 1346/6294/6294
f 1432/6308/6308 1384/6297/6297 1440/6307/6307
f 1440/6307/6307 1384/6297/6297 1399/6298/6298
f 1440/6307/6307 1399/6298/6298 1462/6306/6306
f 1462/6306/6306 1399/6298/6298 1413/6299/6299
f 1462/6306/6306 1413/6299/6299 1456/6303/6303
f 1456/6303/6303 1413/6299/6299 1442/6302/6302
f 1442/6302/6302 1413/6299/6299 1424/6300/6300
f 1442/6302/6302 1424/6300/6300 1430/6301/6301
f 1460/6304/6304 1465/6305/6305 1456/6303/6303
f 1456/6303/6303 1465/6305/6305 1462/6306/6306
f 1454/6320/6320 1452/6309/6309 1479/6319/6319
f 1479/6319/6319 1452/6309/6309 1472/6310/6310
f 1479/6319/6319 1472/6310/6310 1518/6318/6318
f 1518/6318/6318 1472/6310/6310 1516/6311/6311
f 1518/6318/6318 1516/6311/6311 1532/6315/6315
f 1532/6315/6315 1516/6311/6311 1528/6314/6314
f 1528/6314/6314 1516/6311/6311 1524/6313/6313
f 1524/6313/6313 1516/6311/6311 1520/6312/6312
f 1532/6315/6315 1526/6316/6316 1518/6318/6318
f 1518/6318/6318 1526/6316/6316 1522/6317/6317
f 1455/6323/6323 1456/6324/6324 1441/6322/6322
f 1441/6322/6322 1456/6324/6324 1442/6325/6325
f 1398/6326/6326 1412/6327/6327 1399/6329/6329
f 1399/6329/6329 1412/6327/6327 1413/6328/6328
f 1346/6331/6331 1345/6332/6332 1366/6330/6330
f 1366/6330/6330 1345/6332/6332 1365/6333/6333
f 1297/6334/6334 1289/6335/6335 1296/6337/6337
f 1296/6337/6337 1289/6335/6335 1288/6336/6336
f 1278/6339/6339 1279/6340/6340 1305/6338/6338
f 1305/6338/6338 1279/6340/6340 1306/6341/6341
f 1440/6342/6342 1462/6343/6343 1439/6345/6345
f 1439/6345/6345 1462/6343/6343 1461/6344/6344
f 1369/6346/6346 1353/6347/6347 1370/6349/6349
f 1370/6349/6349 1353/6347/6347 1354/6348/6348
f 1311/6350/6350 1285/6351/6351 1310/6353/6353
f 1310/6353/6353 1285/6351/6351 1284/6352/6352
f 1308/6355/6355 1307/6356/6356 1291/6354/6354
f 1291/6354/6354 1307/6356/6356 1290/6357/6357
f 1418/6359/6359 1417/6360/6360 1401/6358/6358
f 1401/6358/6358 1417/6360/6360 1400/6361/6361
f 1458/6363/6363 1457/6364/6364 1450/6362/6362
f 1450/6362/6362 1457/6364/6364 1449/6365/6365
f 1467/6367/6367 1468/6368/6368 1443/6366/6366
f 1443/6366/6366 1468/6368/6368 1444/6369/6369
f 1443/6377/6377 1444/6370/6370 1433/6376/6376
f 1433/6376/6376 1444/6370/6370 1434/6371/6371
f 1433/6376/6376 1434/6371/6371 1453/6375/6375
f 1453/6375/6375 1434/6371/6371 1454/6372/6372
f 1453/6375/6375 1454/6372/6372 1478/6374/6374
f 1478/6374/6374 1454/6372/6372 1479/6373/6373
f 1369/6385/6385 1370/6378/6378 1378/6384/6384
f 1378/6384/6384 1370/6378/6378 1379/6379/6379
f 1378/6384/6384 1379/6379/6379 1385/6383/6383
f 1385/6383/6383 1379/6379/6379 1386/6380/6380
f 1385/6383/6383 1386/6380/6380 1400/6382/6382
f 1400/6382/6382 1386/6380/6380 1401/6381/6381
f 1311/6393/6393 1310/6386/6386 1322/6392/6392
f 1322/6392/6392 1310/6386/6386 1321/6387/6387
f 1322/6392/6392 1321/6387/6387 1295/6391/6391
f 1295/6391/6391 1321/6387/6387 1294/6388/6388
f 1295/6391/6391 1294/6388/6388 1275/6390/6390
f 1275/6390/6390 1294/6388/6388 1274/6389/6389
f 1398/6401/6401 1399/6394/6394 1383/6400/6400
f 1383/6400/6400 1399/6394/6394 1384/6395/6395
f 1383/6400/6400 1384/6395/6395 1374/6399/6399
f 1374/6399/6399 1384/6395/6395 1375/6396/6396
f 1374/6399/6399 1375/6396/6396 1365/6398/6398
f 1365/6398/6398 1375/6396/6396 1366/6397/6397
f 1417/6409/6409 1418/6402/6402 1425/6408/6408
f 1425/6408/6408 1418/6402/6402 1426/6403/6403
f 1425/6408/6408 1426/6403/6403 1437/6407/6407
f 1437/6407/6407 1426/6403/6403 1438/6404/6404
f 1437/6407/6407 1438/6404/6404 1449/6406/6406
f 1449/6406/6406 1438/6404/6404 1450/6405/6405
f 1307/6417/6417 1308/6410/6410 1325/6416/6416
f 1325/6416/6416 1308/6410/6410 1326/6411/6411
f 1325/6416/6416 1326/6411/6411 1339/6415/6415
f 1339/6415/6415 1326/6411/6411 1340/6412/6412
f 1339/6415/6415 1340/6412/6412 1353/6414/6414
f 1353/6414/6414 1340/6412/6412 1354/6413/6413
f 1284/6425/6425 1285/6418/6418 1280/6424/6424
f 1280/6424/6424 1285/6418/6418 1281/6419/6419
f 1280/6424/6424 1281/6419/6419 1286/6423/6423
f 1286/6423/6423 1281/6419/6419 1287/6420/6420
f 1286/6423/6423 1287/6420/6420 1290/6422/6422
f 1290/6422/6422 1287/6420/6420 1291/6421/6421
f 1196/6433/6433 1197/6426/6426 1202/6432/6432
f 1202/6432/6432 1197/6426/6426 1203/6427/6427
f 1202/6432/6432 1203/6427/6427 1209/6431/6431
f 1209/6431/6431 1203/6427/6427 1210/6428/6428
f 1209/6431/6431 1210/6428/6428 1226/6430/6430
f 1226/6430/6430 1210/6428/6428 1227/6429/6429
f 1223/6441/6441 1224/6434/6434 1207/6440/6440
f 1207/6440/6440 1224/6434/6434 1208/6435/6435
f 1207/6440/6440 1208/6435/6435 1199/6439/6439
f 1199/6439/6439 1208/6435/6435 1200/6436/6436
f 1199/6439/6439 1200/6436/6436 1192/6438/6438
f 1192/6438/6438 1200/6436/6436 1193/6437/6437
f 1345/6449/6449 1346/6442/6442 1334/6448/6448
f 1334/6448/6448 1346/6442/6442 1335/6443/6443
f 1334/6448/6448 1335/6443/6443 1313/6447/6447
f 1313/6447/6447 1335/6443/6443 1314/6444/6444
f 1313/6447/6447 1314/6444/6444 1296/6446/6446
f 1296/6446/6446 1314/6444/6444 1297/6445/6445
f 1527/6457/6457 1528/6450/6450 1523/6456/6456
f 1523/6456/6456 1528/6450/6450 1524/6451/6451
f 1523/6456/6456 1524/6451/6451 1519/6455/6455
f 1519/6455/6455 1524/6451/6451 1520/6452/6452
f 1519/6455/6455 1520/6452/6452 1515/6454/6454
f 1515/6454/6454 1520/6452/6452 1516/6453/6453
f 1517/6465/6465 1518/6458/6458 1521/6464/6464
f 1521/6464/6464 1518/6458/6458 1522/6459/6459
f 1521/6464/6464 1522/6459/6459 1525/6463/6463
f 1525/6463/6463 1522/6459/6459 1526/6460/6460
f 1525/6463/6463 1526/6460/6460 1531/6462/6462
f 1531/6462/6462 1526/6460/6460 1532/6461/6461
f 1461/6473/6473 1462/6466/6466 1464/6472/6472
f 1464/6472/6472 1462/6466/6466 1465/6467/6467
f 1464/6472/6472 1465/6467/6467 1459/6471/6471
f 1459/6471/6471 1465/6467/6467 1460/6468/6468
f 1459/6471/6471 1460/6468/6468 1455/6470/6470
f 1455/6470/6470 1460/6468/6468 1456/6469/6469
f 1441/6481/6481 1442/6474/6474 1429/6480/6480
f 1429/6480/6480 1442/6474/6474 1430/6475/6475
f 1429/6480/6480 1430/6475/6475 1423/6479/6479
f 1423/6479/6479 1430/6475/6475 1424/6476/6476
f 1423/6479/6479 1424/6476/6476 1412/6478/6478
f 1412/6478/6478 1424/6476/6476 1413/6477/6477
f 2059/6483/6483 2028/6500/6500 2032/6482/6482
f 2032/6501/6501 2028/6491/6491 2042/6492/6492
f 2032/6502/6502 2042/6492/6492 2063/6490/6490
f 2063/6490/6490 2042/6492/6492 2132/6493/6493
f 2063/6490/6490 2132/6493/6493 2138/6489/6489
f 2138/6489/6489 2132/6493/6493 2201/6494/6494
f 2138/6489/6489 2201/6494/6494 2196/6488/6488
f 2196/6488/6488 2201/6494/6494 2272/6495/6495
f 2196/6488/6488 2272/6495/6495 2269/6487/6487
f 2269/6487/6487 2272/6495/6495 2274/6496/6496
f 2269/6487/6487 2274/6496/6496 2268/6486/6486
f 2268/6486/6486 2274/6496/6496 2203/6497/6497
f 2268/6486/6486 2203/6497/6497 2189/6485/6485
f 2189/6485/6485 2203/6497/6497 2134/6498/6498
f 2189/6485/6485 2134/6498/6498 2131/6484/6484
f 2131/6484/6484 2134/6498/6498 2044/6499/6499
f 2131/6484/6484 2044/6499/6499 2059/6483/6483
f 2059/6483/6483 2044/6499/6499 2028/6503/6503
f 2241/6511/6511 2242/6504/6504 2253/6510/6510
f 2253/6510/6510 2242/6504/6504 2254/6505/6505
f 2253/6510/6510 2254/6505/6505 2257/6509/6509
f 2257/6509/6509 2254/6505/6505 2258/6506/6506
f 2257/6509/6509 2258/6506/6506 2251/6508/6508
f 2251/6508/6508 2258/6506/6506 2252/6507/6507
f 2057/6519/6519 2056/6512/6512 2049/6518/6518
f 2049/6518/6518 2056/6512/6512 2048/6513/6513
f 2049/6518/6518 2048/6513/6513 2055/6517/6517
f 2055/6517/6517 2048/6513/6513 2054/6514/6514
f 2055/6517/6517 2054/6514/6514 2069/6516/6516
f 2069/6516/6516 2054/6514/6514 2068/6515/6515
f 2052/6527/6527 2053/6520/6520 2074/6526/6526
f 2074/6526/6526 2053/6520/6520 2075/6521/6521
f 2074/6526/6526 2075/6521/6521 2094/6525/6525
f 2094/6525/6525 2075/6521/6521 2095/6522/6522
f 2094/6525/6525 2095/6522/6522 2086/6524/6524
f 2086/6524/6524 2095/6522/6522 2087/6523/6523
f 2260/6535/6535 2259/6528/6528 2238/6534/6534
f 2238/6534/6534 2259/6528/6528 2237/6529/6529
f 2238/6534/6534 2237/6529/6529 2211/6533/6533
f 2211/6533/6533 2237/6529/6529 2210/6530/6530
f 2211/6533/6533 2210/6530/6530 2225/6532/6532
f 2225/6532/6532 2210/6530/6530 2224/6531/6531
f 1963/6537/6537 1962/6563/6563 1951/6536/6536
f 1951/6536/6536 1962/6563/6563 1950/6564/6564
f 1951/6565/6565 1950/6550/6550 1969/6549/6549
f 1969/6549/6549 1950/6550/6550 1968/6551/6551
f 1969/6549/6549 1968/6551/6551 1985/6548/6548
f 1985/6548/6548 1968/6551/6551 1984/6552/6552
f 1985/6548/6548 1984/6552/6552 2099/6547/6547
f 2099/6547/6547 1984/6552/6552 2098/6553/6553
f 2099/6547/6547 2098/6553/6553 2228/6546/6546
f 2228/6546/6546 2098/6553/6553 2227/6554/6554
f 2228/6546/6546 2227/6554/6554 2321/6545/6545
f 2321/6545/6545 2227/6554/6554 2320/6555/6555
f 2321/6545/6545 2320/6555/6555 2344/6544/6544
f 2344/6544/6544 2320/6555/6555 2343/6556/6556
f 2344/6544/6544 2343/6556/6556 2355/6543/6543
f 2355/6543/6543 2343/6556/6556 2354/6557/6557
f 2355/6543/6543 2354/6557/6557 2341/6542/6542
f 2341/6542/6542 2354/6557/6557 2340/6558/6558
f 2341/6542/6542 2340/6558/6558 2316/6541/6541
f 2316/6541/6541 2340/6558/6558 2315/6559/6559
f 2316/6541/6541 2315/6559/6559 2198/6540/6540
f 2198/6540/6540 2315/6559/6559 2197/6560/6560
f 2198/6540/6540 2197/6560/6560 2081/6539/6539
f 2081/6539/6539 2197/6560/6560 2080/6561/6561
f 2081/6539/6539 2080/6561/6561 1979/6538/6538
f 1979/6538/6538 2080/6561/6561 1978/6562/6562
f 1979/6538/6538 1978/6562/6562 1963/6537/6537
f 1963/6537/6537 1978/6562/6562 1962/6563/6563
f 1962/6567/6567 1999/6591/6591 1950/6566/6566
f 1950/6566/6566 1999/6591/6591 1993/6592/6592
f 1950/6566/6566 1993/6592/6592 1997/6593/6593
f 1978/6568/6568 2054/6582/6582 1962/6567/6567
f 1962/6567/6567 2054/6582/6582 2048/6583/6583
f 1962/6567/6567 2048/6583/6583 2003/6590/6590
f 2003/6590/6590 2048/6583/6583 2056/6584/6584
f 2003/6590/6590 2056/6584/6584 2007/6589/6589
f 2007/6589/6589 2056/6584/6584 2082/6585/6585
f 2007/6589/6589 2082/6585/6585 2046/6588/6588
f 2046/6588/6588 2082/6585/6585 2092/6586/6586
f 2046/6588/6588 2092/6586/6586 2072/6587/6587
f 2080/6569/6569 2076/6580/6580 1978/6568/6568
f 1978/6568/6568 2076/6580/6580 2068/6581/6581
f 1978/6568/6568 2068/6581/6581 2054/6582/6582
f 2197/6570/6570 2100/6650/6650 2080/6569/6569
f 2080/6569/6569 2100/6650/6650 2088/6651/6651
f 2080/6569/6569 2088/6651/6651 2076/6580/6580
f 2315/6571/6571 2222/6641/6641 2197/6570/6570
f 2197/6570/6570 2222/6641/6641 2199/6642/6642
f 2197/6570/6570 2199/6642/6642 2186/6643/6643
f 2340/6572/6572 2243/6639/6639 2315/6571/6571
f 2315/6571/6571 2243/6639/6639 2239/6640/6640
f 2315/6571/6571 2239/6640/6640 2222/6641/6641
f 2354/6573/6573 2299/6630/6630 2340/6572/6572
f 2340/6572/6572 2299/6630/6630 2294/6631/6631
f 2340/6572/6572 2294/6631/6631 2249/6638/6638
f 2249/6638/6638 2294/6631/6631 2245/6637/6637
f 2245/6637/6637 2294/6631/6631 2288/6632/6632
f 2245/6637/6637 2288/6632/6632 2215/6636/6636
f 2215/6636/6636 2288/6632/6632 2255/6633/6633
f 2215/6636/6636 2255/6633/6633 2205/6635/6635
f 2205/6635/6635 2255/6633/6633 2235/6634/6634
f 2343/6574/6574 2302/6627/6627 2354/6573/6573
f 2354/6573/6573 2302/6627/6627 2308/6628/6628
f 2354/6573/6573 2308/6628/6628 2304/6629/6629
f 2320/6575/6575 2253/6618/6618 2343/6574/6574
f 2343/6574/6574 2253/6618/6618 2257/6619/6619
f 2343/6574/6574 2257/6619/6619 2296/6626/6626
f 2296/6626/6626 2257/6619/6619 2251/6620/6620
f 2296/6626/6626 2251/6620/6620 2290/6625/6625
f 2290/6625/6625 2251/6620/6620 2224/6621/6621
f 2290/6625/6625 2224/6621/6621 2259/6624/6624
f 2259/6624/6624 2224/6621/6621 2210/6622/6622
f 2259/6624/6624 2210/6622/6622 2237/6623/6623
f 2227/6576/6576 2233/6616/6616 2320/6575/6575
f 2320/6575/6575 2233/6616/6616 2241/6617/6617
f 2320/6575/6575 2241/6617/6617 2253/6618/6618
f 2098/6577/6577 2102/6607/6607 2227/6576/6576
f 2227/6576/6576 2102/6607/6607 2191/6614/6614
f 2227/6576/6576 2191/6614/6614 2212/6615/6615
f 1984/6578/6578 2084/6605/6605 2098/6577/6577
f 2098/6577/6577 2084/6605/6605 2096/6606/6606
f 2098/6577/6577 2096/6606/6606 2102/6607/6607
f 1968/6579/6579 2066/6603/6603 1984/6578/6578
f 1984/6578/6578 2066/6603/6603 2070/6604/6604
f 1984/6578/6578 2070/6604/6604 2084/6605/6605
f 1950/6566/6566 2001/6594/6594 1968/6579/6579
f 1968/6579/6579 2001/6594/6594 2005/6595/6595
f 1968/6579/6579 2005/6595/6595 2060/6602/6602
f 2060/6602/6602 2005/6595/6595 2064/6601/6601
f 2064/6601/6601 2005/6595/6595 2009/6596/6596
f 2064/6601/6601 2009/6596/6596 2086/6600/6600
f 2086/6600/6600 2009/6596/6596 2052/6597/6597
f 2086/6600/6600 2052/6597/6597 2094/6599/6599
f 2094/6599/6599 2052/6597/6597 2074/6598/6598
f 2003/6590/6590 1999/6591/6591 1962/6567/6567
f 1997/6593/6593 2001/6594/6594 1950/6566/6566
f 2060/6602/6602 2066/6603/6603 1968/6579/6579
f 2191/6614/6614 2102/6607/6607 2180/6613/6613
f 2180/6613/6613 2102/6607/6607 2113/6608/6608
f 2180/6613/6613 2113/6608/6608 2160/6612/6612
f 2160/6612/6612 2113/6608/6608 2127/6609/6609
f 2160/6612/6612 2127/6609/6609 2151/6611/6611
f 2151/6611/6611 2127/6609/6609 2142/6610/6610
f 2212/6615/6615 2233/6616/6616 2227/6576/6576
f 2296/6626/6626 2302/6627/6627 2343/6574/6574
f 2304/6629/6629 2299/6630/6630 2354/6573/6573
f 2249/6638/6638 2243/6639/6639 2340/6572/6572
f 2197/6570/6570 2186/6643/6643 2100/6650/6650
f 2100/6650/6650 2186/6643/6643 2172/6644/6644
f 2100/6650/6650 2172/6644/6644 2108/6649/6649
f 2108/6649/6649 2172/6644/6644 2156/6645/6645
f 2108/6649/6649 2156/6645/6645 2125/6648/6648
f 2125/6648/6648 2156/6645/6645 2147/6646/6646
f 2125/6648/6648 2147/6646/6646 2140/6647/6647
f 2032/6652/6652 2063/6653/6653 2059/6660/6660
f 2059/6660/6660 2063/6653/6653 2131/6659/6659
f 2131/6659/6659 2063/6653/6653 2138/6654/6654
f 2131/6659/6659 2138/6654/6654 2189/6658/6658
f 2189/6658/6658 2138/6654/6654 2196/6655/6655
f 2189/6658/6658 2196/6655/6655 2268/6657/6657
f 2268/6657/6657 2196/6655/6655 2269/6656/6656
f 2288/6662/6662 2289/6663/6663 2255/6661/6661
f 2255/6661/6661 2289/6663/6663 2256/6664/6664
f 2008/6666/6666 2007/6667/6667 2047/6665/6665
f 2047/6665/6665 2007/6667/6667 2046/6668/6668
f 2009/6670/6670 2010/6671/6671 2052/6669/6669
f 2052/6669/6669 2010/6671/6671 2053/6672/6672
f 1994/6673/6673 1998/6674/6674 1993/6676/6676
f 1993/6676/6676 1998/6674/6674 1997/6675/6675
f 2291/6678/6678 2290/6679/6679 2260/6677/6677
f 2260/6677/6677 2290/6679/6679 2259/6680/6680
f 2305/6682/6682 2304/6683/6683 2309/6681/6681
f 2309/6681/6681 2304/6683/6683 2308/6684/6684
f 2057/6686/6686 2126/6694/6694 2083/6685/6685
f 2083/6685/6685 2126/6694/6694 2141/6695/6695
f 2083/6685/6685 2141/6695/6695 2093/6756/6756
f 2093/6756/6756 2141/6695/6695 2148/6696/6696
f 2093/6756/6756 2148/6696/6696 2206/6707/6707
f 2206/6707/6707 2148/6696/6696 2216/6706/6706
f 2216/6706/6706 2148/6696/6696 2157/6697/6697
f 2216/6706/6706 2157/6697/6697 2246/6705/6705
f 2246/6705/6705 2157/6697/6697 2173/6698/6698
f 2246/6705/6705 2173/6698/6698 2240/6702/6702
f 2240/6702/6702 2173/6698/6698 2223/6701/6701
f 2223/6701/6701 2173/6698/6698 2187/6699/6699
f 2223/6701/6701 2187/6699/6699 2200/6700/6700
f 2049/6687/6687 2069/6689/6689 2057/6686/6686
f 2057/6686/6686 2069/6689/6689 2109/6693/6693
f 2057/6686/6686 2109/6693/6693 2126/6694/6694
f 2049/6687/6687 2055/6688/6688 2069/6689/6689
f 2069/6689/6689 2077/6690/6690 2109/6693/6693
f 2109/6693/6693 2077/6690/6690 2101/6692/6692
f 2101/6692/6692 2077/6690/6690 2089/6691/6691
f 2244/6703/6703 2250/6704/6704 2240/6702/6702
f 2240/6702/6702 2250/6704/6704 2246/6705/6705
f 2206/6707/6707 2236/6708/6708 2093/6756/6756
f 2093/6756/6756 2236/6708/6708 2073/6755/6755
f 2073/6755/6755 2236/6708/6708 2238/6719/6719
f 2073/6755/6755 2238/6719/6719 2075/6744/6744
f 2075/6744/6744 2238/6719/6719 2211/6720/6720
f 2075/6744/6744 2211/6720/6720 2095/6743/6743
f 2095/6743/6743 2211/6720/6720 2152/6731/6731
f 2095/6743/6743 2152/6731/6731 2143/6732/6732
f 2238/6719/6719 2236/6708/6708 2260/6718/6718
f 2260/6718/6718 2236/6708/6708 2256/6709/6709
f 2260/6718/6718 2256/6709/6709 2291/6717/6717
f 2291/6717/6717 2256/6709/6709 2289/6710/6710
f 2291/6717/6717 2289/6710/6710 2309/6714/6714
f 2309/6714/6714 2289/6710/6710 2305/6713/6713
f 2305/6713/6713 2289/6710/6710 2300/6712/6712
f 2300/6712/6712 2289/6710/6710 2295/6711/6711
f 2309/6714/6714 2303/6715/6715 2291/6717/6717
f 2291/6717/6717 2303/6715/6715 2297/6716/6716
f 2211/6720/6720 2225/6721/6721 2152/6731/6731
f 2152/6731/6731 2225/6721/6721 2161/6730/6730
f 2161/6730/6730 2225/6721/6721 2252/6722/6722
f 2161/6730/6730 2252/6722/6722 2181/6729/6729
f 2181/6729/6729 2252/6722/6722 2242/6725/6725
f 2181/6729/6729 2242/6725/6725 2234/6726/6726
f 2252/6722/6722 2258/6723/6723 2242/6725/6725
f 2242/6725/6725 2258/6723/6723 2254/6724/6724
f 2213/6727/6727 2192/6728/6728 2234/6726/6726
f 2234/6726/6726 2192/6728/6728 2181/6729/6729
f 2095/6743/6743 2143/6732/6732 2087/6742/6742
f 2087/6742/6742 2143/6732/6732 2128/6733/6733
f 2087/6742/6742 2128/6733/6733 2065/6741/6741
f 2065/6741/6741 2128/6733/6733 2114/6734/6734
f 2065/6741/6741 2114/6734/6734 2071/6738/6738
f 2071/6738/6738 2114/6734/6734 2085/6737/6737
f 2085/6737/6737 2114/6734/6734 2103/6735/6735
f 2085/6737/6737 2103/6735/6735 2097/6736/6736
f 2067/6739/6739 2061/6740/6740 2071/6738/6738
f 2071/6738/6738 2061/6740/6740 2065/6741/6741
f 2073/6755/6755 2075/6744/6744 2047/6754/6754
f 2047/6754/6754 2075/6744/6744 2053/6745/6745
f 2047/6754/6754 2053/6745/6745 2008/6753/6753
f 2008/6753/6753 2053/6745/6745 2010/6746/6746
f 2008/6753/6753 2010/6746/6746 1994/6750/6750
f 1994/6750/6750 2010/6746/6746 1998/6749/6749
f 1998/6749/6749 2010/6746/6746 2002/6748/6748
f 2002/6748/6748 2010/6746/6746 2006/6747/6747
f 1994/6750/6750 2000/6751/6751 2008/6753/6753
f 2008/6753/6753 2000/6751/6751 2004/6752/6752
f 2070/6758/6758 2071/6759/6759 2084/6757/6757
f 2084/6757/6757 2071/6759/6759 2085/6760/6760
f 2127/6761/6761 2113/6762/6762 2128/6764/6764
f 2128/6764/6764 2113/6762/6762 2114/6763/6763
f 2181/6766/6766 2180/6767/6767 2161/6765/6765
f 2161/6765/6765 2180/6767/6767 2160/6768/6768
f 2234/6769/6769 2242/6770/6770 2233/6772/6772
f 2233/6772/6772 2242/6770/6770 2241/6771/6771
f 2251/6774/6774 2252/6775/6775 2224/6773/6773
f 2224/6773/6773 2252/6775/6775 2225/6776/6776
f 2087/6777/6777 2065/6778/6778 2086/6780/6780
f 2086/6780/6780 2065/6778/6778 2064/6779/6779
f 2156/6781/6781 2172/6782/6782 2157/6784/6784
f 2157/6784/6784 2172/6782/6782 2173/6783/6783
f 2216/6785/6785 2246/6786/6786 2215/6788/6788
f 2215/6788/6788 2246/6786/6786 2245/6787/6787
f 2223/6790/6790 2222/6791/6791 2240/6789/6789
f 2240/6789/6789 2222/6791/6791 2239/6792/6792
f 2109/6794/6794 2108/6795/6795 2126/6793/6793
f 2126/6793/6793 2108/6795/6795 2125/6796/6796
f 2069/6798/6798 2068/6799/6799 2077/6797/6797
f 2077/6797/6797 2068/6799/6799 2076/6800/6800
f 2056/6802/6802 2057/6803/6803 2082/6801/6801
f 2082/6801/6801 2057/6803/6803 2083/6804/6804
f 2082/6812/6812 2083/6805/6805 2092/6811/6811
f 2092/6811/6811 2083/6805/6805 2093/6806/6806
f 2092/6811/6811 2093/6806/6806 2072/6810/6810
f 2072/6810/6810 2093/6806/6806 2073/6807/6807
f 2072/6810/6810 2073/6807/6807 2046/6809/6809
f 2046/6809/6809 2073/6807/6807 2047/6808/6808
f 2156/6820/6820 2157/6813/6813 2147/6819/6819
f 2147/6819/6819 2157/6813/6813 2148/6814/6814
f 2147/6819/6819 2148/6814/6814 2140/6818/6818
f 2140/6818/6818 2148/6814/6814 2141/6815/6815
f 2140/6818/6818 2141/6815/6815 2125/6817/6817
f 2125/6817/6817 2141/6815/6815 2126/6816/6816
f 2216/6828/6828 2215/6821/6821 2206/6827/6827
f 2206/6827/6827 2215/6821/6821 2205/6822/6822
f 2206/6827/6827 2205/6822/6822 2236/6826/6826
f 2236/6826/6826 2205/6822/6822 2235/6823/6823
f 2236/6826/6826 2235/6823/6823 2256/6825/6825
f 2256/6825/6825 2235/6823/6823 2255/6824/6824
f 2127/6836/6836 2128/6829/6829 2142/6835/6835
f 2142/6835/6835 2128/6829/6829 2143/6830/6830
f 2142/6835/6835 2143/6830/6830 2151/6834/6834
f 2151/6834/6834 2143/6830/6830 2152/6831/6831
f 2151/6834/6834 2152/6831/6831 2160/6833/6833
f 2160/6833/6833 2152/6831/6831 2161/6832/6832
f 2108/6844/6844 2109/6837/6837 2100/6843/6843
f 2100/6843/6843 2109/6837/6837 2101/6838/6838
f 2100/6843/6843 2101/6838/6838 2088/6842/6842
f 2088/6842/6842 2101/6838/6838 2089/6839/6839
f 2088/6842/6842 2089/6839/6839 2076/6841/6841
f 2076/6841/6841 2089/6839/6839 2077/6840/6840
f 2222/6852/6852 2223/6845/6845 2199/6851/6851
f 2199/6851/6851 2223/6845/6845 2200/6846/6846
f 2199/6851/6851 2200/6846/6846 2186/6850/6850
f 2186/6850/6850 2200/6846/6846 2187/6847/6847
f 2186/6850/6850 2187/6847/6847 2172/6849/6849
f 2172/6849/6849 2187/6847/6847 2173/6848/6848
f 2245/6860/6860 2246/6853/6853 2249/6859/6859
f 2249/6859/6859 2246/6853/6853 2250/6854/6854
f 2249/6859/6859 2250/6854/6854 2243/6858/6858
f 2243/6858/6858 2250/6854/6854 2244/6855/6855
f 2243/6858/6858 2244/6855/6855 2239/6857/6857
f 2239/6857/6857 2244/6855/6855 2240/6856/6856
f 2304/6868/6868 2305/6861/6861 2299/6867/6867
f 2299/6867/6867 2305/6861/6861 2300/6862/6862
f 2299/6867/6867 2300/6862/6862 2294/6866/6866
f 2294/6866/6866 2300/6862/6862 2295/6863/6863
f 2294/6866/6866 2295/6863/6863 2288/6865/6865
f 2288/6865/6865 2295/6863/6863 2289/6864/6864
f 2290/6876/6876 2291/6869/6869 2296/6875/6875
f 2296/6875/6875 2291/6869/6869 2297/6870/6870
f 2296/6875/6875 2297/6870/6870 2302/6874/6874
f 2302/6874/6874 2297/6870/6870 2303/6871/6871
f 2302/6874/6874 2303/6871/6871 2308/6873/6873
f 2308/6873/6873 2303/6871/6871 2309/6872/6872
f 2180/6884/6884 2181/6877/6877 2191/6883/6883
f 2191/6883/6883 2181/6877/6877 2192/6878/6878
f 2191/6883/6883 2192/6878/6878 2212/6882/6882
f 2212/6882/6882 2192/6878/6878 2213/6879/6879
f 2212/6882/6882 2213/6879/6879 2233/6881/6881
f 2233/6881/6881 2213/6879/6879 2234/6880/6880
f 1997/6892/6892 1998/6885/6885 2001/6891/6891
f 2001/6891/6891 1998/6885/6885 2002/6886/6886
f 2001/6891/6891 2002/6886/6886 2005/6890/6890
f 2005/6890/6890 2002/6886/6886 2006/6887/6887
f 2005/6890/6890 2006/6887/6887 2009/6889/6889
f 2009/6889/6889 2006/6887/6887 2010/6888/6888
f 2007/6900/6900 2008/6893/6893 2003/6899/6899
f 2003/6899/6899 2008/6893/6893 2004/6894/6894
f 2003/6899/6899 2004/6894/6894 1999/6898/6898
f 1999/6898/6898 2004/6894/6894 2000/6895/6895
f 1999/6898/6898 2000/6895/6895 1993/6897/6897
f 1993/6897/6897 2000/6895/6895 1994/6896/6896
f 2064/6908/6908 2065/6901/6901 2060/6907/6907
f 2060/6907/6907 2065/6901/6901 2061/6902/6902
f 2060/6907/6907 2061/6902/6902 2066/6906/6906
f 2066/6906/6906 2061/6902/6902 2067/6903/6903
f 2066/6906/6906 2067/6903/6903 2070/6905/6905
f 2070/6905/6905 2067/6903/6903 2071/6904/6904
f 2084/6916/6916 2085/6909/6909 2096/6915/6915
f 2096/6915/6915 2085/6909/6909 2097/6910/6910
f 2096/6915/6915 2097/6910/6910 2102/6914/6914
f 2102/6914/6914 2097/6910/6910 2103/6911/6911
f 2102/6914/6914 2103/6911/6911 2113/6913/6913
f 2113/6913/6913 2103/6911/6911 2114/6912/6912
f 2044/6918/6918 2045/6934/6934 2028/6917/6917
f 2028/6917/6917 2045/6934/6934 2029/6935/6935
f 2028/6936/6936 2029/6926/6926 2042/6925/6925
f 2042/6925/6925 2029/6926/6926 2043/6927/6927
f 2042/6925/6925 2043/6927/6927 2132/6924/6924
f 2132/6924/6924 2043/6927/6927 2133/6928/6928
f 2132/6924/6924 2133/6928/6928 2201/6923/6923
f 2201/6923/6923 2133/6928/6928 2202/6929/6929
f 2201/6923/6923 2202/6929/6929 2272/6922/6922
f 2272/6922/6922 2202/6929/6929 2273/6930/6930
f 2272/6922/6922 2273/6930/6930 2274/6921/6921
f 2274/6921/6921 2273/6930/6930 2275/6931/6931
f 2274/6921/6921 2275/6931/6931 2203/6920/6920
f 2203/6920/6920 2275/6931/6931 2204/6932/6932
f 2203/6920/6920 2204/6932/6932 2134/6919/6919
f 2134/6919/6919 2204/6932/6932 2135/6933/6933
f 2134/6919/6919 2135/6933/6933 2044/6918/6918
f 2044/6918/6918 2135/6933/6933 2045/6934/6934
f 1973/6938/6938 1972/6962/6962 1959/6937/6937
f 1959/6937/6937 1972/6962/6962 1958/6963/6963
f 1959/6964/6964 1958/6950/6950 1971/6949/6949
f 1971/6949/6949 1958/6950/6950 1970/6951/6951
f 1971/6949/6949 1970/6951/6951 1990/6948/6948
f 1990/6948/6948 1970/6951/6951 1989/6952/6952
f 1990/6948/6948 1989/6952/6952 2118/6947/6947
f 2118/6947/6947 1989/6952/6952 2117/6953/6953
f 2118/6947/6947 2117/6953/6953 2264/6946/6946
f 2264/6946/6946 2117/6953/6953 2263/6954/6954
f 2264/6946/6946 2263/6954/6954 2329/6945/6945
f 2329/6945/6945 2263/6954/6954 2328/6955/6955
f 2329/6945/6945 2328/6955/6955 2346/6944/6944
f 2346/6944/6944 2328/6955/6955 2345/6956/6956
f 2346/6944/6944 2345/6956/6956 2348/6943/6943
f 2348/6943/6943 2345/6956/6956 2347/6957/6957
f 2348/6943/6943 2347/6957/6957 2331/6942/6942
f 2331/6942/6942 2347/6957/6957 2330/6958/6958
f 2331/6942/6942 2330/6958/6958 2266/6941/6941
f 2266/6941/6941 2330/6958/6958 2265/6959/6959
f 2266/6941/6941 2265/6959/6959 2120/6940/6940
f 2120/6940/6940 2265/6959/6959 2119/6960/6960
f 2120/6940/6940 2119/6960/6960 1992/6939/6939
f 1992/6939/6939 2119/6960/6960 1991/6961/6961
f 1992/6939/6939 1991/6961/6961 1973/6938/6938
f 1973/6938/6938 1991/6961/6961 1972/6962/6962
f 1973/6977/6977 1959/6965/6965 2029/6978/6978
f 2029/6978/6978 1959/6965/6965 1971/6966/6966
f 2029/6978/6978 1971/6966/6966 2043/6986/6986
f 2043/6986/6986 1971/6966/6966 1990/6967/6967
f 2043/6986/6986 1990/6967/6967 2133/6985/6985
f 2133/6985/6985 1990/6967/6967 2118/6968/6968
f 2133/6985/6985 2118/6968/6968 2264/6969/6969
f 2133/6985/6985 2264/6969/6969 2202/6984/6984
f 2202/6984/6984 2264/6969/6969 2329/6970/6970
f 2202/6984/6984 2329/6970/6970 2273/6983/6983
f 2273/6983/6983 2329/6970/6970 2346/6971/6971
f 2273/6983/6983 2346/6971/6971 2348/6972/6972
f 2273/6983/6983 2348/6972/6972 2275/6982/6982
f 2275/6982/6982 2348/6972/6972 2331/6973/6973
f 2275/6982/6982 2331/6973/6973 2204/6981/6981
f 2204/6981/6981 2331/6973/6973 2266/6974/6974
f 2204/6981/6981 2266/6974/6974 2135/6980/6980
f 2135/6980/6980 2266/6974/6974 2120/6975/6975
f 2135/6980/6980 2120/6975/6975 1992/6976/6976
f 2135/6980/6980 1992/6976/6976 2045/6979/6979
f 2045/6979/6979 1992/6976/6976 1973/6977/6977
f 2045/6979/6979 1973/6977/6977 2029/6978/6978
f 2602/6988/6988 2603/7008/7008 2610/6987/6987
f 2610/6987/6987 2603/7008/7008 2611/7009/7009
f 2610/7010/7010 2611/6998/6998 2596/6997/6997
f 2596/6997/6997 2611/6998/6998 2597/6999/6999
f 2596/6997/6997 2597/6999/6999 2569/6996/6996
f 2569/6996/6996 2597/6999/6999 2570/7000/7000
f 2569/6996/6996 2570/7000/7000 2557/6995/6995
f 2557/6995/6995 2570/7000/7000 2558/7001/7001
f 2557/6995/6995 2558/7001/7001 2537/6994/6994
f 2537/6994/6994 2558/7001/7001 2538/7002/7002
f 2537/6994/6994 2538/7002/7002 2524/6993/6993
f 2524/6993/6993 2538/7002/7002 2525/7003/7003
f 2524/6993/6993 2525/7003/7003 2532/6992/6992
f 2532/6992/6992 2525/7003/7003 2533/7004/7004
f 2532/6992/6992 2533/7004/7004 2550/6991/6991
f 2550/6991/6991 2533/7004/7004 2551/7005/7005
f 2550/6991/6991 2551/7005/7005 2561/6990/6990
f 2561/6990/6990 2551/7005/7005 2562/7006/7006
f 2561/6990/6990 2562/7006/7006 2579/6989/6989
f 2579/6989/6989 2562/7006/7006 2580/7007/7007
f 2579/6989/6989 2580/7007/7007 2602/6988/6988
f 2602/6988/6988 2580/7007/7007 2603/7008/7008
f 2515/7012/7012 2533/7030/7030 2507/7011/7011
f 2507/7011/7011 2533/7030/7030 2525/7031/7031
f 2507/7011/7011 2525/7031/7031 2516/7024/7024
f 2516/7024/7024 2525/7031/7031 2538/7032/7032
f 2516/7024/7024 2538/7032/7032 2529/7023/7023
f 2529/7023/7023 2538/7032/7032 2558/7033/7033
f 2529/7023/7023 2558/7033/7033 2554/7022/7022
f 2554/7022/7022 2558/7033/7033 2570/7034/7034
f 2554/7022/7022 2570/7034/7034 2574/7021/7021
f 2574/7021/7021 2570/7034/7034 2608/7020/7020
f 2608/7020/7020 2570/7034/7034 2597/7035/7035
f 2608/7020/7020 2597/7035/7035 2625/7019/7019
f 2625/7019/7019 2597/7035/7035 2611/7025/7025
f 2625/7019/7019 2611/7025/7025 2629/7018/7018
f 2629/7018/7018 2611/7025/7025 2603/7026/7026
f 2629/7018/7018 2603/7026/7026 2624/7017/7017
f 2624/7017/7017 2603/7026/7026 2607/7016/7016
f 2607/7016/7016 2603/7026/7026 2580/7027/7027
f 2607/7016/7016 2580/7027/7027 2573/7015/7015
f 2573/7015/7015 2580/7027/7027 2562/7028/7028
f 2573/7015/7015 2562/7028/7028 2553/7014/7014
f 2553/7014/7014 2562/7028/7028 2551/7029/7029
f 2553/7014/7014 2551/7029/7029 2528/7013/7013
f 2528/7013/7013 2551/7029/7029 2533/7030/7030
f 2528/7013/7013 2533/7030/7030 2515/7012/7012
f 3360/7037/7037 3393/7136/7136 3363/7036/7036
f 3363/7036/7036 3393/7136/7136 3395/7137/7137
f 3363/7036/7036 3395/7137/7137 3361/7249/7249
f 3361/7249/7249 3395/7137/7137 3359/7248/7248
f 3359/7248/7248 3395/7137/7137 3391/7138/7138
f 3359/7248/7248 3391/7138/7138 3335/7247/7247
f 3335/7247/7247 3391/7138/7138 3171/7242/7242
f 3335/7247/7247 3171/7242/7242 3259/7243/7243
f 3360/7037/7037 3336/7038/7038 3393/7136/7136
f 3393/7136/7136 3336/7038/7038 3389/7135/7135
f 3389/7135/7135 3336/7038/7038 3260/7042/7042
f 3389/7135/7135 3260/7042/7042 3147/7043/7043
f 3336/7038/7038 3317/7039/7039 3260/7042/7042
f 3260/7042/7042 3317/7039/7039 3284/7040/7040
f 3260/7042/7042 3284/7040/7040 3268/7041/7041
f 3389/7135/7135 3147/7043/7043 3385/7134/7134
f 3385/7134/7134 3147/7043/7043 3092/7044/7044
f 3385/7134/7134 3092/7044/7044 3369/7133/7133
f 3369/7133/7133 3092/7044/7044 3050/7045/7045
f 3369/7133/7133 3050/7045/7045 3159/7132/7132
f 3159/7132/7132 3050/7045/7045 3014/7046/7046
f 3159/7132/7132 3014/7046/7046 3055/7131/7131
f 3055/7131/7131 3014/7046/7046 2759/7047/7047
f 3055/7131/7131 2759/7047/7047 2925/7130/7130
f 2925/7130/7130 2759/7047/7047 2618/7048/7048
f 2925/7130/7130 2618/7048/7048 2635/7129/7129
f 2635/7129/7129 2618/7048/7048 2539/7049/7049
f 2635/7129/7129 2539/7049/7049 2545/7128/7128
f 2545/7128/7128 2539/7049/7049 2462/7050/7050
f 2545/7128/7128 2462/7050/7050 2451/7127/7127
f 2451/7127/7127 2462/7050/7050 2424/7051/7051
f 2451/7127/7127 2424/7051/7051 2415/7052/7052
f 2451/7127/7127 2415/7052/7052 2404/7126/7126
f 2404/7126/7126 2415/7052/7052 2402/7053/7053
f 2404/7126/7126 2402/7053/7053 2387/7054/7054
f 2404/7126/7126 2387/7054/7054 2332/7125/7125
f 2332/7125/7125 2387/7054/7054 2337/7055/7055
f 2332/7125/7125 2337/7055/7055 2090/7258/7258
f 2090/7258/7258 2337/7055/7055 2038/7257/7257
f 2038/7257/7257 2337/7055/7055 2310/7056/7056
f 2038/7257/7257 2310/7056/7056 1982/7256/7256
f 1982/7256/7256 2310/7056/7056 2155/7057/7057
f 1982/7256/7256 2155/7057/7057 2017/7058/7058
f 1982/7256/7256 2017/7058/7058 1948/7255/7255
f 1948/7255/7255 2017/7058/7058 1944/7059/7059
f 1948/7255/7255 1944/7059/7059 1887/7060/7060
f 1948/7255/7255 1887/7060/7060 1912/7254/7254
f 1912/7254/7254 1887/7060/7060 1853/7061/7061
f 1912/7254/7254 1853/7061/7061 1842/7062/7062
f 1912/7254/7254 1842/7062/7062 1895/7253/7253
f 1895/7253/7253 1842/7062/7062 1835/7063/7063
f 1895/7253/7253 1835/7063/7063 1833/7064/7064
f 1895/7253/7253 1833/7064/7064 1893/7252/7252
f 1893/7252/7252 1833/7064/7064 1838/7065/7065
f 1893/7252/7252 1838/7065/7065 1910/7251/7251
f 1910/7251/7251 1838/7065/7065 1956/7124/7124
f 1910/7251/7251 1956/7124/7124 1946/7250/7250
f 1946/7250/7250 1956/7124/7124 1980/7260/7260
f 1980/7260/7260 1956/7124/7124 2332/7125/7125
f 1980/7260/7260 2332/7125/7125 2036/7259/7259
f 2036/7259/7259 2332/7125/7125 2090/7258/7258
f 1838/7065/7065 1919/7066/7066 1956/7124/7124
f 1956/7124/7124 1919/7066/7066 2322/7123/7123
f 2322/7123/7123 1919/7066/7066 1921/7067/7067
f 2322/7123/7123 1921/7067/7067 1903/7068/7068
f 2322/7123/7123 1903/7068/7068 1920/7122/7122
f 1920/7122/7122 1903/7068/7068 1873/7069/7069
f 1920/7122/7122 1873/7069/7069 1812/7070/7070
f 1920/7122/7122 1812/7070/7070 1814/7121/7121
f 1814/7121/7121 1812/7070/7070 1784/7071/7071
f 1814/7121/7121 1784/7071/7071 1782/7120/7120
f 1782/7120/7120 1784/7071/7071 1754/7072/7072
f 1782/7120/7120 1754/7072/7072 1749/7119/7119
f 1749/7119/7119 1754/7072/7072 1724/7073/7073
f 1749/7119/7119 1724/7073/7073 1697/7118/7118
f 1697/7118/7118 1724/7073/7073 1606/7074/7074
f 1697/7118/7118 1606/7074/7074 1504/7117/7117
f 1504/7117/7117 1606/7074/7074 1166/7075/7075
f 1504/7117/7117 1166/7075/7075 1114/7116/7116
f 1114/7116/7116 1166/7075/7075 998/7115/7115
f 998/7115/7115 1166/7075/7075 1052/7076/7076
f 998/7115/7115 1052/7076/7076 936/7114/7114
f 936/7114/7114 1052/7076/7076 990/7077/7077
f 936/7114/7114 990/7077/7077 844/7113/7113
f 844/7113/7113 990/7077/7077 919/7078/7078
f 844/7113/7113 919/7078/7078 673/7112/7112
f 673/7112/7112 919/7078/7078 845/7079/7079
f 673/7112/7112 845/7079/7079 259/7111/7111
f 259/7111/7111 845/7079/7079 760/7080/7080
f 259/7111/7111 760/7080/7080 167/7110/7110
f 167/7110/7110 760/7080/7080 372/7081/7081
f 167/7110/7110 372/7081/7081 354/7082/7082
f 167/7110/7110 354/7082/7082 45/7109/7109
f 45/7109/7109 354/7082/7082 380/7083/7083
f 45/7109/7109 380/7083/7083 501/7084/7084
f 45/7109/7109 501/7084/7084 767/7108/7108
f 767/7108/7108 501/7084/7084 912/7085/7085
f 767/7108/7108 912/7085/7085 870/7280/7280
f 870/7280/7280 912/7085/7085 889/7279/7279
f 889/7279/7279 912/7085/7085 938/7086/7086
f 889/7279/7279 938/7086/7086 904/7278/7278
f 904/7278/7278 938/7086/7086 951/7087/7087
f 904/7278/7278 951/7087/7087 966/7088/7088
f 904/7278/7278 966/7088/7088 910/7277/7277
f 910/7277/7277 966/7088/7088 969/7089/7089
f 910/7277/7277 969/7089/7089 956/7090/7090
f 910/7277/7277 956/7090/7090 900/7276/7276
f 900/7276/7276 956/7090/7090 944/7091/7091
f 900/7276/7276 944/7091/7091 927/7092/7092
f 900/7276/7276 927/7092/7092 874/7275/7275
f 874/7275/7275 927/7092/7092 894/7093/7093
f 874/7275/7275 894/7093/7093 869/7094/7094
f 874/7275/7275 869/7094/7094 862/7274/7274
f 862/7274/7274 869/7094/7094 824/7095/7095
f 862/7274/7274 824/7095/7095 841/7273/7273
f 841/7273/7273 824/7095/7095 540/7107/7107
f 841/7273/7273 540/7107/7107 827/7272/7272
f 827/7272/7272 540/7107/7107 835/7282/7282
f 835/7282/7282 540/7107/7107 767/7108/7108
f 835/7282/7282 767/7108/7108 852/7281/7281
f 852/7281/7281 767/7108/7108 870/7280/7280
f 824/7095/7095 231/7096/7096 540/7107/7107
f 540/7107/7107 231/7096/7096 29/7106/7106
f 29/7106/7106 231/7096/7096 208/7097/7097
f 29/7106/7106 208/7097/7097 173/7098/7098
f 29/7106/7106 173/7098/7098 11/7105/7105
f 11/7105/7105 173/7098/7098 150/7099/7099
f 11/7105/7105 150/7099/7099 127/7100/7100
f 11/7105/7105 127/7100/7100 6/7104/7104
f 6/7104/7104 127/7100/7100 87/7101/7101
f 6/7104/7104 87/7101/7101 1/7103/7103
f 1/7103/7103 87/7101/7101 65/7102/7102
f 3171/7242/7242 3391/7138/7138 3146/7241/7241
f 3146/7241/7241 3391/7138/7138 3387/7139/7139
f 3146/7241/7241 3387/7139/7139 3114/7240/7240
f 3114/7240/7240 3387/7139/7139 3099/7239/7239
f 3099/7239/7239 3387/7139/7139 3379/7140/7140
f 3099/7239/7239 3379/7140/7140 3071/7238/7238
f 3071/7238/7238 3379/7140/7140 3057/7237/7237
f 3057/7237/7237 3379/7140/7140 2858/7141/7141
f 3057/7237/7237 2858/7141/7141 2614/7236/7236
f 2614/7236/7236 2858/7141/7141 2596/7284/7284
f 2614/7236/7236 2596/7284/7284 2569/7285/7285
f 2664/7142/7142 2602/7293/7293 2858/7141/7141
f 2858/7141/7141 2602/7293/7293 2610/7283/7283
f 2858/7141/7141 2610/7283/7283 2596/7284/7284
f 3315/7143/7143 2883/7225/7225 2664/7142/7142
f 2664/7142/7142 2883/7225/7225 2523/7226/7226
f 2664/7142/7142 2523/7226/7226 2561/7291/7291
f 2561/7291/7291 2523/7226/7226 2550/7290/7290
f 2550/7290/7290 2523/7226/7226 2494/7227/7227
f 2550/7290/7290 2494/7227/7227 2532/7289/7289
f 2532/7289/7289 2494/7227/7227 2481/7228/7228
f 2532/7289/7289 2481/7228/7228 2470/7229/7229
f 3090/7144/7144 2999/7223/7223 3315/7143/7143
f 3315/7143/7143 2999/7223/7223 2982/7224/7224
f 3315/7143/7143 2982/7224/7224 2883/7225/7225
f 3036/7145/7145 2676/7221/7221 3090/7144/7144
f 3090/7144/7144 2676/7221/7221 2987/7222/7222
f 3090/7144/7144 2987/7222/7222 2999/7223/7223
f 2676/7221/7221 3036/7145/7145 2591/7220/7220
f 2591/7220/7220 3036/7145/7145 2745/7146/7146
f 2591/7220/7220 2745/7146/7146 2519/7219/7219
f 2519/7219/7219 2745/7146/7146 2586/7147/7147
f 2519/7219/7219 2586/7147/7147 2495/7148/7148
f 2519/7219/7219 2495/7148/7148 2448/7218/7218
f 2448/7218/7218 2495/7148/7148 2433/7149/7149
f 2448/7218/7218 2433/7149/7149 2405/7217/7217
f 2405/7217/7217 2433/7149/7149 2366/7150/7150
f 2405/7217/7217 2366/7150/7150 2325/7216/7216
f 2325/7216/7216 2366/7150/7150 2035/7151/7151
f 2325/7216/7216 2035/7151/7151 1939/7215/7215
f 1939/7215/7215 2035/7151/7151 1844/7152/7152
f 1939/7215/7215 1844/7152/7152 1821/7214/7214
f 1821/7214/7214 1844/7152/7152 1796/7153/7153
f 1821/7214/7214 1796/7153/7153 1791/7213/7213
f 1791/7213/7213 1796/7153/7153 1765/7154/7154
f 1791/7213/7213 1765/7154/7154 1761/7212/7212
f 1761/7212/7212 1765/7154/7154 1736/7155/7155
f 1761/7212/7212 1736/7155/7155 1731/7211/7211
f 1731/7211/7211 1736/7155/7155 1658/7156/7156
f 1731/7211/7211 1658/7156/7156 1669/7210/7210
f 1669/7210/7210 1658/7156/7156 1640/7209/7209
f 1640/7209/7209 1658/7156/7156 1267/7157/7157
f 1640/7209/7209 1267/7157/7157 1250/7160/7160
f 1250/7160/7160 1267/7157/7157 1244/7159/7159
f 1244/7159/7159 1267/7157/7157 1258/7158/7158
f 1592/7161/7161 1625/7207/7207 1250/7160/7160
f 1250/7160/7160 1625/7207/7207 1624/7208/7208
f 1250/7160/7160 1624/7208/7208 1640/7209/7209
f 1592/7161/7161 1599/7162/7162 1625/7207/7207
f 1625/7207/7207 1599/7162/7162 1707/7206/7206
f 1707/7206/7206 1599/7162/7162 1584/7163/7163
f 1707/7206/7206 1584/7163/7163 1632/7262/7262
f 1632/7262/7262 1584/7163/7163 1597/7261/7261
f 1597/7261/7261 1584/7163/7163 1562/7164/7164
f 1597/7261/7261 1562/7164/7164 1545/7271/7271
f 1545/7271/7271 1562/7164/7164 1236/7165/7165
f 1545/7271/7271 1236/7165/7165 1487/7270/7270
f 1487/7270/7270 1236/7165/7165 1168/7166/7166
f 1487/7270/7270 1168/7166/7166 1435/7269/7269
f 1435/7269/7269 1168/7166/7166 1149/7196/7196
f 1435/7269/7269 1149/7196/7196 1485/7268/7268
f 1485/7268/7268 1149/7196/7196 1190/7197/7197
f 1485/7268/7268 1190/7197/7197 1543/7267/7267
f 1543/7267/7267 1190/7197/7197 1371/7198/7198
f 1543/7267/7267 1371/7198/7198 1508/7199/7199
f 1168/7166/7166 1146/7167/7167 1149/7196/7196
f 1149/7196/7196 1146/7167/7167 1079/7195/7195
f 1079/7195/7195 1146/7167/7167 1130/7168/7168
f 1079/7195/7195 1130/7168/7168 1047/7169/7169
f 1041/7170/7170 1026/7172/7172 1047/7169/7169
f 1047/7169/7169 1026/7172/7172 1021/7193/7193
f 1047/7169/7169 1021/7193/7193 1056/7194/7194
f 1041/7170/7170 1034/7171/7171 1026/7172/7172
f 1026/7172/7172 985/7173/7173 1021/7193/7193
f 1021/7193/7193 985/7173/7173 1012/7192/7192
f 1012/7192/7192 985/7173/7173 968/7191/7191
f 968/7191/7191 985/7173/7173 888/7174/7174
f 968/7191/7191 888/7174/7174 893/7190/7190
f 893/7190/7190 888/7174/7174 792/7175/7175
f 893/7190/7190 792/7175/7175 817/7189/7189
f 817/7189/7189 792/7175/7175 410/7176/7176
f 817/7189/7189 410/7176/7176 665/7188/7188
f 665/7188/7188 410/7176/7176 235/7177/7177
f 665/7188/7188 235/7177/7177 301/7187/7187
f 301/7187/7187 235/7177/7177 101/7178/7178
f 301/7187/7187 101/7178/7178 237/7186/7186
f 237/7186/7186 101/7178/7178 41/7179/7179
f 237/7186/7186 41/7179/7179 172/7185/7185
f 172/7185/7185 41/7179/7179 15/7180/7180
f 172/7185/7185 15/7180/7180 115/7184/7184
f 115/7184/7184 15/7180/7180 10/7181/7181
f 115/7184/7184 10/7181/7181 64/7183/7183
f 64/7183/7183 10/7181/7181 5/7182/7182
f 1056/7194/7194 1079/7195/7195 1047/7169/7169
f 1543/7267/7267 1508/7199/7199 1595/7266/7266
f 1595/7266/7266 1508/7199/7199 1601/7200/7200
f 1595/7266/7266 1601/7200/7200 1659/7201/7201
f 1595/7266/7266 1659/7201/7201 1630/7265/7265
f 1630/7265/7265 1659/7201/7201 1689/7202/7202
f 1630/7265/7265 1689/7202/7202 1699/7203/7203
f 1630/7265/7265 1699/7203/7203 1647/7264/7264
f 1647/7264/7264 1699/7203/7203 1710/7204/7204
f 1647/7264/7264 1710/7204/7204 1712/7205/7205
f 1647/7264/7264 1712/7205/7205 1649/7263/7263
f 1649/7263/7263 1712/7205/7205 1707/7206/7206
f 1649/7263/7263 1707/7206/7206 1632/7262/7262
f 2532/7289/7289 2470/7229/7229 2524/7288/7288
f 2524/7288/7288 2470/7229/7229 2468/7230/7230
f 2524/7288/7288 2468/7230/7230 2476/7231/7231
f 2524/7288/7288 2476/7231/7231 2537/7287/7287
f 2537/7287/7287 2476/7231/7231 2488/7232/7232
f 2537/7287/7287 2488/7232/7232 2511/7233/7233
f 2537/7287/7287 2511/7233/7233 2557/7286/7286
f 2557/7286/7286 2511/7233/7233 2546/7234/7234
f 2557/7286/7286 2546/7234/7234 2563/7235/7235
f 2557/7286/7286 2563/7235/7235 2569/7285/7285
f 2569/7285/7285 2563/7235/7235 2614/7236/7236
f 3267/7244/7244 3283/7245/7245 3259/7243/7243
f 3259/7243/7243 3283/7245/7245 3316/7246/7246
f 3259/7243/7243 3316/7246/7246 3335/7247/7247
f 2561/7291/7291 2579/7292/7292 2664/7142/7142
f 2664/7142/7142 2579/7292/7292 2602/7293/7293
# 3395 vertices
# 7293 texture params
# 7293 normals
# 6790 facets

# 1 groups
