# Blender 5.2.0 LTS
# www.blender.org
mtllib Камера logitech BRIO 95 v3.mtl
o Камера_logitech_BRIO_95_v3
v 0.000000 0.029000 -0.005000
v 0.000000 0.029000 0.005000
v 0.000800 0.029000 -0.005000
v 0.000800 0.029000 0.005000
v 0.000000 0.025993 0.004879
v 0.000800 0.025993 0.004879
v 0.000000 0.025935 0.005355
v 0.000800 0.025935 0.005355
v 0.000000 0.025823 0.004432
v 0.000800 0.025823 0.004432
v 0.000000 0.025663 0.005749
v 0.000800 0.025663 0.005749
v 0.000000 0.025465 0.004115
v 0.000800 0.025465 0.004115
v 0.000000 0.025239 0.005971
v 0.000800 0.025239 0.005971
v 0.000000 0.025000 0.004000
v 0.000800 0.025000 0.004000
v 0.000000 0.024761 0.005971
v 0.000800 0.024761 0.005971
v 0.000000 0.024535 0.004115
v 0.000800 0.024535 0.004115
v 0.000000 0.024337 0.005749
v 0.000800 0.024337 0.005749
v 0.000000 0.024177 0.004432
v 0.000800 0.024177 0.004432
v 0.000000 0.024065 0.005355
v 0.000800 0.024065 0.005355
v 0.000000 0.024007 0.004879
v 0.000800 0.024007 0.004879
v 0.000000 0.018000 -0.010500
v 0.000000 0.018000 0.010500
v 0.000800 0.018000 -0.010500
v 0.000800 0.018000 0.010500
v 0.000000 0.016100 -0.008250
v 0.000000 0.016100 0.008250
v 0.000800 0.016100 -0.008250
v 0.000800 0.016100 0.008250
v 0.000000 0.015985 -0.008715
v 0.000000 0.015985 -0.007785
v 0.000000 0.015985 0.007785
v 0.000000 0.015985 0.008715
v 0.000800 0.015985 -0.008715
v 0.000800 0.015985 -0.007785
v 0.000800 0.015985 0.007785
v 0.000800 0.015985 0.008715
v 0.000000 0.015668 -0.009073
v 0.000000 0.015668 -0.007427
v 0.000000 0.015668 0.007427
v 0.000000 0.015668 0.009073
v 0.000800 0.015668 -0.009073
v 0.000800 0.015668 -0.007427
v 0.000800 0.015668 0.007427
v 0.000800 0.015668 0.009073
v 0.000000 0.015221 -0.009243
v 0.000000 0.015221 -0.007257
v 0.000000 0.015221 0.007257
v 0.000000 0.015221 0.009243
v 0.000800 0.015221 -0.009243
v 0.000800 0.015221 -0.007257
v 0.000800 0.015221 0.007257
v 0.000800 0.015221 0.009243
v 0.000000 0.014745 -0.009185
v 0.000000 0.014745 -0.007315
v 0.000000 0.014745 0.007315
v 0.000000 0.014745 0.009185
v 0.000800 0.014745 -0.009185
v 0.000800 0.014745 -0.007315
v 0.000800 0.014745 0.007315
v 0.000800 0.014745 0.009185
v 0.000000 0.014351 -0.008913
v 0.000000 0.014351 -0.007587
v 0.000000 0.014351 0.007587
v 0.000000 0.014351 0.008913
v 0.000800 0.014351 -0.008913
v 0.000800 0.014351 -0.007587
v 0.000800 0.014351 0.007587
v 0.000800 0.014351 0.008913
v 0.000000 0.014129 -0.008489
v 0.000000 0.014129 -0.008011
v 0.000000 0.014129 0.008011
v 0.000000 0.014129 0.008489
v 0.000800 0.014129 -0.008489
v 0.000800 0.014129 -0.008011
v 0.000800 0.014129 0.008011
v 0.000800 0.014129 0.008489
v 0.000000 0.009000 -0.010500
v 0.000800 0.009000 -0.010500
v 0.000000 0.008865 -0.009966
v 0.000800 0.008824 -0.009905
v 0.000000 0.008285 -0.009529
v 0.000800 0.008291 -0.009539
v 0.000000 0.006709 -0.009539
v 0.000800 0.006715 -0.009529
v 0.000000 0.006176 -0.009905
v 0.000800 0.006135 -0.009966
v 0.000000 0.006000 -0.010500
v 0.000800 0.006000 -0.010500
v -0.003000 -0.017500 0.003000
v -0.003000 -0.017500 0.009000
v 0.000000 -0.017500 0.003000
v 0.000000 -0.017500 0.009000
v -0.002600 -0.018000 0.003400
v -0.002600 -0.018000 0.008601
v -0.000400 -0.018000 0.003400
v -0.000400 -0.018000 0.008601
v 0.000000 -0.018500 -0.010500
v 0.000000 -0.018554 -0.004796
v 0.000800 -0.018500 -0.010500
v 0.000800 -0.018539 -0.004806
v 0.000000 -0.018909 -0.004125
v 0.000800 -0.018909 -0.004125
v 0.000000 -0.019375 -0.003734
v 0.000800 -0.019375 -0.003734
v 0.000000 -0.019946 -0.003527
v 0.000800 -0.019946 -0.003527
v 0.000800 -0.020000 0.000500
v 0.000800 -0.020000 0.005500
v 0.001800 -0.020000 0.000500
v 0.001800 -0.020000 0.005500
v 0.000000 -0.020554 -0.003527
v 0.000800 -0.020554 -0.003527
v 0.000000 -0.021125 -0.003734
v 0.000800 -0.021125 -0.003734
v -0.003000 -0.021500 0.003000
v -0.003000 -0.021500 0.009000
v -0.002600 -0.021500 0.003400
v -0.002600 -0.021500 0.008601
v -0.000400 -0.021500 0.003400
v -0.000400 -0.021500 0.008601
v 0.000000 -0.021500 0.003000
v 0.000000 -0.021500 0.009000
v 0.000000 -0.021591 -0.004125
v 0.000800 -0.021591 -0.004125
v 0.000000 -0.021961 -0.004806
v 0.000800 -0.021946 -0.004796
v 0.000000 -0.022000 -0.008000
v 0.000000 -0.022000 0.010500
v 0.000800 -0.022000 -0.008000
v 0.000800 -0.022000 0.010500
v 0.000800 -0.024000 0.000500
v 0.000800 -0.024000 0.005500
v 0.001800 -0.024000 0.000500
v 0.001800 -0.024000 0.005500
v 0.000000 -0.026007 -0.006121
v 0.000800 -0.026007 -0.006121
v 0.000000 -0.026065 -0.005645
v 0.000800 -0.026065 -0.005645
v 0.000000 -0.026177 -0.006568
v 0.000800 -0.026177 -0.006568
v 0.000000 -0.026337 -0.005251
v 0.000800 -0.026337 -0.005251
v 0.000000 -0.026535 -0.006885
v 0.000800 -0.026535 -0.006885
v 0.000000 -0.026761 -0.005029
v 0.000800 -0.026761 -0.005029
v 0.000000 -0.027000 -0.008000
v 0.000000 -0.027000 -0.007000
v 0.000800 -0.027000 -0.008000
v 0.000800 -0.027000 -0.007000
v 0.000000 -0.027239 -0.005029
v 0.000800 -0.027239 -0.005029
v 0.000000 -0.027465 -0.006885
v 0.000800 -0.027465 -0.006885
v 0.000000 -0.027663 -0.005251
v 0.000800 -0.027663 -0.005251
v 0.000000 -0.027823 -0.006568
v 0.000800 -0.027823 -0.006568
v 0.000000 -0.027935 -0.005645
v 0.000800 -0.027935 -0.005645
v 0.000000 -0.027993 -0.006121
v 0.000800 -0.027993 -0.006121
v 0.000000 -0.029000 -0.007000
v 0.000000 -0.029000 0.007000
v 0.000800 -0.029000 -0.007000
v 0.000800 -0.029000 0.007000
v 0.018800 0.025204 -0.000493
v 0.019300 0.025204 0.000493
v 0.018800 0.025129 0.001195
v 0.019300 0.025129 -0.001195
v 0.018800 0.024806 -0.002853
v 0.018800 0.024743 0.003056
v 0.019300 0.024743 -0.003056
v 0.019300 0.024917 0.002372
v 0.019300 0.024692 0.000683
v 0.022300 0.024704 0.000478
v 0.019300 0.024630 -0.001157
v 0.022300 0.024630 -0.001157
v 0.019300 0.024400 0.003981
v 0.019300 0.024311 -0.002762
v 0.019300 0.024249 0.002959
v 0.022300 0.024249 -0.002959
v 0.022300 0.024311 0.002762
v 0.018800 0.023864 -0.005053
v 0.018800 0.023756 0.005236
v 0.019300 0.023756 -0.005236
v 0.022301 0.023846 0.000758
v 0.022300 0.023785 -0.001221
v 0.022300 0.023541 0.002449
v 0.019300 0.023382 -0.004886
v 0.019300 0.023275 0.005063
v 0.022300 0.023275 -0.005063
v 0.022300 0.023382 0.004886
v 0.022570 0.023282 -0.000483
v 0.022300 0.023062 -0.003787
v 0.019300 0.023205 0.006054
v 0.022582 0.022948 -0.002251
v 0.022728 0.022822 0.000872
v 0.022675 0.022695 0.002301
v 0.022302 0.022534 0.004668
v 0.018800 0.022751 -0.006594
v 0.018800 0.022751 0.006594
v 0.019300 0.022751 -0.006594
v 0.022582 0.022262 -0.003922
v 0.022598 0.022318 0.003720
v 0.022944 0.022189 -0.000537
v 0.022928 0.021842 -0.002478
v 0.019300 0.021972 -0.006726
v 0.019300 0.021826 0.006872
v 0.022300 0.022286 -0.006366
v 0.022300 0.021972 0.006726
v 0.003800 0.022112 0.000079
v 0.007300 0.022112 -0.000079
v 0.003800 0.021973 -0.001326
v 0.003800 0.021973 0.001326
v 0.007300 0.021973 -0.001326
v 0.007300 0.021973 0.001326
v 0.018800 0.021556 -0.007788
v 0.018800 0.021391 0.007922
v 0.019300 0.021391 -0.007922
v 0.019300 0.021556 0.007788
v 0.022301 0.021457 -0.006048
v 0.022302 0.021238 0.006309
v 0.007300 0.021831 -0.000500
v 0.007300 0.021831 0.000500
v 0.009800 0.021831 -0.000500
v 0.009800 0.021831 0.000500
v 0.022974 0.021441 0.003000
v 0.023142 0.021380 0.001077
v 0.022726 0.021343 0.004648
v 0.003800 0.021616 -0.002713
v 0.003800 0.021621 0.002692
v 0.007300 0.021621 -0.002692
v 0.007300 0.021616 0.002713
v 0.007300 0.021651 -0.001678
v 0.007300 0.021612 0.001822
v 0.009800 0.021612 -0.001822
v 0.009800 0.021651 0.001678
v 0.022651 0.021100 -0.005289
v 0.023135 0.021246 -0.001795
v 0.003800 0.021600 -0.006500
v 0.003800 0.021600 0.006500
v 0.007300 0.021600 -0.006500
v 0.007300 0.021600 0.006500
v 0.022300 0.020949 -0.007633
v 0.022956 0.020856 -0.004109
v 0.007300 0.021180 -0.002933
v 0.007300 0.021180 0.002933
v 0.009800 0.021180 -0.002933
v 0.009800 0.021180 0.002933
v 0.023331 0.020619 -0.000136
v 0.009800 0.021095 -0.000498
v 0.018800 0.021118 -0.000000
v 0.009800 0.021079 0.000500
v 0.022726 0.020553 0.005554
v 0.009800 0.020920 -0.001509
v 0.009800 0.020920 0.001509
v 0.018800 0.020831 -0.001826
v 0.018800 0.020831 0.001826
v 0.023330 0.020209 0.002107
v 0.007300 0.020680 -0.003799
v 0.007300 0.020680 0.003799
v 0.009800 0.020680 -0.003799
v 0.009800 0.020680 0.003799
v 0.023136 0.019938 0.004212
v 0.022302 0.020388 -0.007007
v 0.019300 0.020553 -0.007901
v 0.019300 0.020553 0.007901
v 0.022300 0.020553 0.007901
v 0.009800 0.020528 -0.002557
v 0.009800 0.020528 0.002557
v 0.023341 0.020078 -0.002279
v 0.009800 0.020041 -0.003427
v 0.009800 0.020041 0.003427
v 0.018800 0.020059 -0.003408
v 0.018800 0.020059 0.003408
v 0.007300 0.019934 -0.004728
v 0.007300 0.019828 0.004834
v 0.009800 0.019828 -0.004834
v 0.009800 0.019934 0.004728
v 0.022725 0.019745 -0.006248
v 0.007300 0.020075 -0.000500
v 0.007300 0.020094 0.000499
v 0.009800 0.020094 -0.000499
v 0.009800 0.020075 0.000500
v 0.022726 0.019638 0.006324
v 0.018800 0.019546 -0.009087
v 0.018800 0.019976 0.008845
v 0.019300 0.019354 -0.009178
v 0.019300 0.019546 0.009087
v 0.022302 0.019591 0.007541
v 0.023043 0.019421 -0.005196
v 0.023320 0.018893 -0.004103
v 0.007300 0.019675 -0.002065
v 0.007300 0.019658 0.002055
v 0.009800 0.019658 -0.002055
v 0.009800 0.019675 0.002065
v 0.009800 0.019343 -0.004254
v 0.009800 0.019343 0.004254
v 0.019300 0.019140 -0.008726
v 0.019300 0.018952 0.008811
v 0.022300 0.018952 -0.008811
v 0.022300 0.019140 0.008726
v 0.007300 0.019175 0.002930
v 0.009800 0.019175 -0.002929
v 0.023392 0.018732 0.003690
v 0.022302 0.019101 -0.007814
v 0.023136 0.018437 0.005479
v 0.007300 0.019159 -0.002920
v 0.009800 0.019159 0.002920
v 0.022726 0.018686 -0.006907
v 0.018800 0.019092 -0.004479
v 0.018800 0.019092 0.004479
v 0.023612 0.018552 -0.001197
v 0.023615 0.018589 0.000988
v 0.022726 0.018611 0.006946
v 0.007300 0.018899 -0.005580
v 0.007300 0.018899 0.005580
v 0.009800 0.018899 -0.005580
v 0.009800 0.018899 0.005580
v 0.018800 0.018239 0.009617
v 0.022301 0.018273 0.008185
v 0.009800 0.018523 -0.004928
v 0.009800 0.018523 0.004928
v 0.023043 0.017737 -0.006227
v 0.023614 0.017648 0.002578
v 0.018800 0.017946 -0.005298
v 0.018800 0.017946 0.005298
v 0.009800 0.017666 -0.005440
v 0.009800 0.017666 0.005440
v 0.023613 0.017548 -0.002662
v 0.022302 0.017574 -0.008430
v 0.023318 0.017267 -0.005143
v 0.007300 0.018033 -0.006080
v 0.007300 0.018030 -0.004075
v 0.007300 0.018020 0.004059
v 0.007300 0.018033 0.006080
v 0.009800 0.018033 -0.006080
v 0.009800 0.018020 -0.004059
v 0.009800 0.018029 0.004075
v 0.009800 0.018033 0.006080
v 0.022726 0.017579 -0.007378
v 0.022726 0.017499 0.007404
v 0.003800 0.017658 -0.006535
v 0.003800 0.017660 0.006526
v 0.007300 0.017660 -0.006526
v 0.007300 0.017658 0.006535
v 0.018800 0.017762 -0.009743
v 0.019300 0.017080 -0.009921
v 0.019300 0.017762 0.009743
v 0.007300 0.017165 0.004575
v 0.009800 0.017165 -0.004575
v 0.023743 0.017207 0.000060
v 0.023389 0.017074 0.004777
v 0.023136 0.016610 0.006235
v 0.003800 0.017376 -0.006810
v 0.003800 0.017385 0.006808
v 0.007300 0.017385 -0.006808
v 0.007300 0.017376 0.006810
v 0.019300 0.016935 -0.009439
v 0.019300 0.017397 0.009321
v 0.022300 0.016732 -0.009476
v 0.022300 0.017397 0.009321
v 0.022305 0.016743 0.008624
v 0.003800 0.017317 -0.009406
v 0.003800 0.017326 0.009395
v 0.007300 0.017326 -0.009395
v 0.007300 0.017317 0.009406
v 0.007300 0.016922 -0.006512
v 0.007300 0.016778 0.006551
v 0.009800 0.016778 -0.006551
v 0.009800 0.016922 0.006512
v 0.007300 0.017155 -0.004558
v 0.009800 0.017155 0.004558
v 0.003800 0.016991 -0.010246
v 0.003800 0.016935 0.010327
v 0.007300 0.016935 -0.010327
v 0.007300 0.016991 0.010246
v 0.023614 0.016109 -0.003489
v 0.023615 0.015965 0.003535
v 0.009800 0.016666 -0.005805
v 0.009800 0.016666 0.005805
v 0.023745 0.016120 -0.001792
v 0.022726 0.016421 -0.007670
v 0.023743 0.016183 0.001767
v 0.018800 0.016202 -0.005917
v 0.018800 0.016202 0.005917
v 0.022709 0.015799 0.007819
v 0.018800 0.016104 -0.010066
v 0.018800 0.016591 0.009989
v 0.019300 0.016104 0.010066
v 0.023043 0.015729 -0.006732
v 0.023802 0.015656 -0.000208
v 0.003800 0.016196 -0.010982
v 0.003800 0.016109 0.011028
v 0.007300 0.016109 -0.011028
v 0.007300 0.016196 0.010982
v 0.023328 0.015934 -0.005454
v 0.019300 0.015578 0.009604
v 0.022300 0.015783 0.009592
v 0.022302 0.015855 -0.008746
v 0.023788 0.015663 0.000946
v 0.003800 0.016090 -0.009220
v 0.003800 0.016103 0.009152
v 0.007300 0.016103 -0.009152
v 0.007300 0.016090 0.009220
v 0.003800 0.015980 -0.008496
v 0.003800 0.015944 0.008437
v 0.007300 0.015944 -0.008437
v 0.007300 0.015980 0.008496
v 0.022302 0.015210 0.008778
v 0.003800 0.015839 -0.009674
v 0.003800 0.015739 0.009788
v 0.007300 0.015839 -0.009674
v 0.007300 0.015839 0.009674
v 0.007300 0.015600 -0.006731
v 0.007300 0.015599 -0.004994
v 0.007300 0.015600 0.004975
v 0.007300 0.015600 0.006731
v 0.009800 0.015600 -0.006731
v 0.009800 0.015598 -0.005993
v 0.009800 0.015600 -0.004975
v 0.009800 0.015599 0.004994
v 0.009800 0.015598 0.005993
v 0.009800 0.015600 0.006731
v 0.022726 0.015225 -0.007781
v 0.023791 0.014520 -0.000897
v 0.003800 0.015344 -0.009985
v 0.003800 0.015411 -0.008034
v 0.003800 0.015344 0.008015
v 0.007300 0.015411 -0.009966
v 0.007300 0.015344 -0.008015
v 0.007300 0.015411 0.008034
v 0.007300 0.015344 0.009985
v 0.022954 0.015147 0.007071
v 0.018800 0.014694 0.010108
v 0.019300 0.014694 -0.010108
v 0.003800 0.015149 -0.011264
v 0.003800 0.015051 0.011264
v 0.007300 0.015051 -0.011264
v 0.007300 0.015149 0.011264
v 0.023336 0.015405 0.005476
v 0.007300 0.014601 0.004994
v 0.009800 0.014601 -0.004994
v 0.003800 0.015041 0.010013
v 0.023750 0.014006 0.001714
v 0.019300 0.014622 -0.009604
v 0.022300 0.014417 -0.009592
v 0.023717 0.013841 -0.002183
v 0.023613 0.014581 -0.003573
v 0.023320 0.014596 -0.005554
v 0.018800 0.014380 -0.005977
v 0.018800 0.014380 0.005977
v 0.003800 0.014826 -0.009962
v 0.003800 0.014679 -0.008077
v 0.003800 0.014617 0.008108
v 0.007300 0.014826 -0.009962
v 0.007300 0.014617 -0.008108
v 0.007300 0.014679 0.008077
v 0.007300 0.014826 0.009962
v 0.023613 0.014308 0.003523
v 0.023786 0.014228 0.000677
v 0.009800 0.014600 0.004975
v 0.007300 0.014600 -0.006731
v 0.007300 0.014600 -0.004975
v 0.007300 0.014600 0.006731
v 0.009800 0.014600 -0.006731
v 0.009800 0.014600 -0.005979
v 0.009800 0.014600 0.005979
v 0.009800 0.014600 0.006731
v 0.023318 0.013860 0.005442
v 0.003800 0.014327 -0.009658
v 0.003800 0.014374 0.009709
v 0.007300 0.014374 -0.009709
v 0.007300 0.014327 0.009658
v 0.022955 0.013844 -0.006965
v 0.023043 0.013587 0.006591
v 0.022574 0.014279 -0.008144
v 0.003800 0.014091 -0.011028
v 0.003800 0.014302 0.011104
v 0.007300 0.014004 -0.010982
v 0.007300 0.014091 0.011028
v 0.022726 0.013940 0.007696
v 0.003800 0.014250 -0.008474
v 0.003800 0.014250 0.008474
v 0.007300 0.014250 -0.008474
v 0.007300 0.014250 0.008474
v 0.022300 0.013437 -0.008627
v 0.018800 0.013712 -0.010020
v 0.019300 0.014203 0.010060
v 0.003800 0.014086 -0.008965
v 0.003800 0.014086 0.009035
v 0.007300 0.014086 -0.009035
v 0.007300 0.014086 0.008965
v 0.019300 0.013265 0.009439
v 0.022300 0.013468 0.009476
v 0.009800 0.013549 -0.005803
v 0.009800 0.013549 0.005803
v 0.023614 0.012910 0.002897
v 0.003800 0.013562 0.010662
v 0.023564 0.012816 -0.003325
v 0.007300 0.013422 -0.006551
v 0.007300 0.013278 0.006512
v 0.009800 0.013278 -0.006512
v 0.009800 0.013422 0.006551
v 0.023746 0.013093 -0.000475
v 0.022302 0.013456 0.008631
v 0.023320 0.012932 -0.005140
v 0.003800 0.013265 -0.010327
v 0.007300 0.013209 -0.010246
v 0.007300 0.013265 0.010327
v 0.022649 0.012547 -0.007590
v 0.022726 0.012777 0.007428
v 0.003800 0.013108 0.010046
v 0.018800 0.012616 -0.005478
v 0.018800 0.012616 0.005478
v 0.007300 0.013035 -0.004575
v 0.007300 0.013045 0.004558
v 0.009800 0.013045 -0.004558
v 0.009800 0.013035 0.004575
v 0.018800 0.012331 0.009730
v 0.019300 0.012331 -0.009730
v 0.019300 0.012536 0.009786
v 0.023318 0.012265 0.004807
v 0.003800 0.012874 -0.009395
v 0.003800 0.012883 0.009406
v 0.007300 0.012883 -0.009406
v 0.007300 0.012874 0.009395
v 0.023043 0.012170 -0.006095
v 0.003800 0.012815 -0.006808
v 0.003800 0.012824 0.006810
v 0.007300 0.012824 -0.006810
v 0.007300 0.012815 0.006808
v 0.019300 0.012803 -0.009321
v 0.022300 0.012803 -0.009321
v 0.007300 0.012170 0.004075
v 0.009800 0.012171 -0.004075
v 0.023669 0.012193 -0.000933
v 0.023615 0.011678 0.001238
v 0.003800 0.012540 -0.006526
v 0.003800 0.012542 0.006535
v 0.007300 0.012542 -0.006535
v 0.007300 0.012540 0.006526
v 0.022301 0.011887 0.008170
v 0.009800 0.012543 -0.005428
v 0.009800 0.012543 0.005428
v 0.023043 0.011655 0.005818
v 0.009800 0.011672 -0.004941
v 0.009800 0.011672 0.004941
v 0.007300 0.012180 -0.004059
v 0.009800 0.012180 0.004059
v 0.007300 0.012167 -0.006080
v 0.007300 0.012167 0.006080
v 0.009800 0.012167 -0.006080
v 0.009800 0.012167 0.006080
v 0.022726 0.011661 0.006982
v 0.023328 0.011545 -0.004243
v 0.018800 0.011397 -0.009414
v 0.023567 0.011262 -0.001233
v 0.022302 0.011368 -0.007945
v 0.019300 0.011248 -0.008811
v 0.019300 0.011060 0.008726
v 0.022300 0.011060 -0.008726
v 0.022300 0.011248 0.008811
v 0.023318 0.011096 0.003877
v 0.022726 0.011205 -0.006739
v 0.018800 0.011144 -0.004536
v 0.018800 0.011144 0.004536
v 0.007300 0.011301 -0.005580
v 0.007300 0.011301 0.005580
v 0.009800 0.011301 -0.005580
v 0.009800 0.011301 0.005580
v 0.009800 0.010827 -0.004230
v 0.009800 0.010827 0.004230
v 0.023043 0.010465 -0.004920
v 0.022302 0.010564 0.007512
v 0.007300 0.011025 -0.002930
v 0.007300 0.011041 0.002920
v 0.009800 0.011041 -0.002920
v 0.009800 0.011025 0.002929
v 0.022649 0.010208 0.006338
v 0.023325 0.010510 -0.003140
v 0.023318 0.010195 0.002665
v 0.007300 0.010525 0.002065
v 0.009800 0.010525 -0.002065
v 0.018800 0.010123 0.008807
v 0.019300 0.010756 -0.009118
v 0.019300 0.010309 0.008910
v 0.022726 0.010219 -0.006060
v 0.007300 0.010372 -0.004834
v 0.007300 0.010266 0.004728
v 0.009800 0.010266 -0.004728
v 0.009800 0.010372 0.004834
v 0.022301 0.010099 -0.007215
v 0.022955 0.010006 0.004914
v 0.007300 0.010542 -0.002055
v 0.009800 0.010542 0.002055
v 0.023336 0.009650 -0.000716
v 0.018800 0.009956 -0.003116
v 0.018800 0.009956 0.003116
v 0.023318 0.009621 0.001056
v 0.009800 0.010158 -0.003429
v 0.009800 0.010158 0.003429
v 0.007300 0.010106 -0.000499
v 0.007300 0.010125 0.000500
v 0.009800 0.010125 -0.000500
v 0.009800 0.010106 0.000499
v 0.022726 0.009345 -0.005236
v 0.023147 0.009324 -0.002738
v 0.018800 0.009289 -0.008281
v 0.019300 0.009116 -0.008157
v 0.009800 0.009672 -0.002557
v 0.009800 0.009672 0.002557
v 0.019300 0.009647 -0.007901
v 0.019300 0.009089 0.007506
v 0.022300 0.009089 -0.007506
v 0.022300 0.009251 0.007633
v 0.023043 0.009151 0.003219
v 0.022305 0.008911 -0.006220
v 0.022300 0.009220 0.006506
v 0.007300 0.009520 -0.003799
v 0.007300 0.009520 0.003799
v 0.009800 0.009520 -0.003799
v 0.009800 0.009520 0.003799
v 0.022580 0.008976 0.005400
v 0.009800 0.009298 -0.001563
v 0.009800 0.009298 0.001563
v 0.018800 0.009250 -0.001420
v 0.018800 0.009380 0.001810
v 0.018800 0.009098 0.000415
v 0.009800 0.009121 -0.000500
v 0.009800 0.009107 0.000498
v 0.022726 0.008606 -0.004289
v 0.007300 0.009020 -0.002933
v 0.007300 0.009020 0.002933
v 0.009800 0.009020 -0.002933
v 0.009800 0.009020 0.002933
v 0.022726 0.008557 0.004218
v 0.018800 0.008736 0.007843
v 0.019300 0.008351 0.007535
v 0.019300 0.008374 -0.006872
v 0.007300 0.008588 -0.001822
v 0.007300 0.008549 0.001678
v 0.009800 0.008549 -0.001678
v 0.009800 0.008588 0.001822
v 0.022954 0.008290 -0.001913
v 0.023043 0.008459 0.001267
v 0.003800 0.008600 -0.006500
v 0.003800 0.008579 -0.002692
v 0.003800 0.008584 0.002713
v 0.003800 0.008600 0.006500
v 0.007300 0.008600 -0.006500
v 0.007300 0.008584 -0.002713
v 0.007300 0.008579 0.002692
v 0.007300 0.008600 0.006500
v 0.022726 0.008023 -0.003244
v 0.022955 0.008046 -0.000581
v 0.022726 0.007989 0.003168
v 0.007300 0.008369 -0.000500
v 0.007300 0.008369 0.000500
v 0.009800 0.008369 -0.000500
v 0.009800 0.008369 0.000500
v 0.022301 0.007886 -0.005000
v 0.022302 0.007631 0.004650
v 0.003800 0.008227 -0.001326
v 0.003800 0.008227 0.001326
v 0.007300 0.008227 -0.001326
v 0.007300 0.008227 0.001326
v 0.003800 0.008088 -0.000079
v 0.007300 0.008088 0.000079
v 0.022726 0.007589 0.002037
v 0.019300 0.007467 0.005849
v 0.022300 0.007467 -0.005849
v 0.022300 0.007594 0.006011
v 0.018800 0.007853 -0.007035
v 0.018800 0.007368 0.006523
v 0.019300 0.007368 -0.006523
v 0.022726 0.007366 0.000856
v 0.022575 0.007313 -0.002527
v 0.022301 0.007206 -0.003835
v 0.022566 0.006938 -0.000990
v 0.022302 0.006717 0.002629
v 0.019300 0.007199 -0.005453
v 0.018800 0.006769 -0.005739
v 0.019300 0.006769 0.005739
v 0.022301 0.006382 0.001013
v 0.022300 0.006588 -0.002121
v 0.022302 0.006336 -0.000462
v 0.019300 0.006374 -0.004040
v 0.019300 0.006289 0.003852
v 0.022300 0.006289 -0.003852
v 0.022300 0.006374 0.004040
v 0.018800 0.006052 0.004524
v 0.019300 0.006052 -0.004524
v 0.018800 0.005654 -0.003622
v 0.019300 0.005654 0.003622
v 0.019300 0.005779 -0.002297
v 0.019300 0.005624 0.001632
v 0.022300 0.005624 -0.001632
v 0.022300 0.005779 0.002297
v 0.019300 0.005508 -0.000683
v 0.022300 0.005508 0.000683
v 0.018800 0.005242 0.002273
v 0.019300 0.005242 -0.002273
v 0.018800 0.005159 -0.001787
v 0.019300 0.005159 0.001787
v 0.018800 0.004984 -0.000106
v 0.019300 0.004984 0.000106
v 0.003544 0.022896 0.000462
v 0.006800 0.022903 0.000340
v 0.003545 0.022814 -0.001223
v 0.006800 0.022793 -0.001365
v 0.003550 0.022726 0.001639
v 0.006800 0.022726 0.001639
v 0.003548 0.022412 -0.002819
v 0.003544 0.022414 0.002815
v 0.006800 0.022484 0.000832
v 0.006800 0.022410 -0.001224
v 0.006800 0.022413 -0.002845
v 0.006800 0.022411 0.002839
v 0.003550 0.022400 -0.007300
v 0.003550 0.022400 0.007300
v 0.006800 0.022400 -0.007300
v 0.006800 0.022400 0.007300
v 0.006800 0.022014 -0.002765
v 0.006800 0.022014 0.002765
v 0.000800 0.022112 0.000079
v 0.001551 0.022113 -0.000046
v 0.003800 0.022112 -0.000079
v 0.006400 0.022113 0.000056
v 0.001542 0.021622 -0.002689
v 0.006800 0.022000 -0.006900
v 0.006800 0.022000 0.006900
v 0.000800 0.021973 -0.001326
v 0.000800 0.021973 0.001326
v 0.001550 0.021973 -0.001326
v 0.001550 0.021973 0.001326
v 0.003800 0.021973 -0.001326
v 0.003800 0.021973 0.001326
v 0.006400 0.021973 -0.001326
v 0.006400 0.021973 0.001326
v 0.000800 0.021616 -0.002713
v 0.000800 0.021621 0.002692
v 0.001548 0.021618 0.002704
v 0.003800 0.021621 -0.002692
v 0.003800 0.021616 0.002713
v 0.006399 0.021617 -0.002705
v 0.006401 0.021621 0.002690
v 0.000800 0.021600 -0.006500
v 0.000800 0.021600 0.006500
v 0.001550 0.021600 -0.006500
v 0.001550 0.021600 0.006500
v 0.003800 0.021600 -0.006500
v 0.003800 0.021600 0.006500
v 0.006400 0.021600 -0.006500
v 0.006400 0.021600 0.006500
v 0.000800 0.021311 -0.000070
v 0.003800 0.021311 0.000070
v 0.000800 0.021188 -0.001174
v 0.000800 0.021188 0.001174
v 0.003800 0.021188 -0.001174
v 0.003800 0.021188 0.001174
v 0.000800 0.020827 -0.002577
v 0.000800 0.020820 0.002604
v 0.003800 0.020820 -0.002604
v 0.003800 0.020827 0.002577
v 0.000800 0.020800 -0.005700
v 0.000800 0.020800 0.005700
v 0.003800 0.020800 -0.005700
v 0.003800 0.020800 0.005700
v 0.003553 0.018124 -0.009438
v 0.003550 0.018150 -0.007300
v 0.003550 0.018150 0.007300
v 0.003558 0.018131 0.009392
v 0.006800 0.018133 -0.009375
v 0.006800 0.018150 -0.007300
v 0.006800 0.018150 0.007300
v 0.006800 0.018122 0.009450
v 0.003550 0.017944 -0.010102
v 0.003542 0.017855 0.010336
v 0.006800 0.017863 -0.010319
v 0.006800 0.017818 0.010410
v 0.003800 0.017707 -0.006514
v 0.003800 0.017619 0.006541
v 0.006405 0.017617 -0.006542
v 0.006397 0.017707 0.006514
v 0.006801 0.017771 -0.006921
v 0.006801 0.017775 0.006918
v 0.006800 0.017690 -0.009663
v 0.006800 0.017706 0.009618
v 0.003542 0.017521 -0.010874
v 0.003800 0.017391 -0.006769
v 0.006410 0.017390 0.006772
v 0.003800 0.017364 0.006857
v 0.006397 0.017364 -0.006857
v 0.003544 0.017167 0.011260
v 0.006800 0.017354 -0.011055
v 0.006800 0.017354 0.011055
v 0.000800 0.017322 -0.009377
v 0.000800 0.017350 -0.006500
v 0.000800 0.017350 0.006500
v 0.000800 0.017329 0.009367
v 0.001550 0.017330 -0.009360
v 0.001550 0.017350 -0.006500
v 0.001550 0.017350 0.006500
v 0.001534 0.017324 0.009361
v 0.003800 0.017329 -0.009367
v 0.003800 0.017322 0.009377
v 0.006394 0.017323 -0.009369
v 0.006403 0.017328 0.009375
v 0.006800 0.017101 -0.010759
v 0.006800 0.017101 0.010759
v 0.000800 0.017040 -0.010165
v 0.000800 0.016991 0.010242
v 0.001550 0.017002 -0.010226
v 0.001550 0.017031 0.010180
v 0.003800 0.016991 -0.010242
v 0.003800 0.017040 0.010165
v 0.006400 0.017127 -0.009976
v 0.006400 0.016994 0.010237
v 0.003550 0.016938 -0.011434
v 0.006800 0.016754 -0.011576
v 0.006800 0.016669 0.011629
v 0.006399 0.016718 -0.010582
v 0.000800 0.016342 -0.010891
v 0.000800 0.016265 0.010940
v 0.001543 0.016283 -0.010929
v 0.001550 0.016503 0.010759
v 0.003800 0.016265 -0.010940
v 0.003800 0.016342 0.010891
v 0.006399 0.016273 0.010935
v 0.003556 0.016179 -0.011866
v 0.003555 0.016237 0.011843
v 0.006800 0.016199 -0.011428
v 0.006800 0.016199 0.011428
v 0.000801 0.016380 -0.008250
v 0.000801 0.016380 0.008250
v 0.000800 0.016030 -0.009109
v 0.000800 0.016029 -0.007391
v 0.000800 0.016029 0.007391
v 0.000800 0.016030 0.009109
v 0.001541 0.015878 0.011125
v 0.006399 0.015875 -0.011126
v 0.001204 0.015951 -0.008113
v 0.001204 0.015951 0.008387
v 0.003800 0.015953 -0.008380
v 0.003800 0.015953 0.008120
v 0.006800 0.015935 -0.011934
v 0.006800 0.015935 0.011934
v 0.001201 0.015821 -0.008723
v 0.001201 0.015821 0.007777
v 0.003800 0.015893 -0.007943
v 0.003800 0.015893 0.008557
v 0.001201 0.015637 -0.007575
v 0.001201 0.015637 0.008925
v 0.003800 0.015643 -0.008920
v 0.003800 0.015596 -0.007544
v 0.003800 0.015728 0.007677
v 0.003800 0.015596 0.008956
v 0.000800 0.015399 -0.011243
v 0.000800 0.015308 0.011253
v 0.001550 0.015324 -0.011252
v 0.003800 0.015308 -0.011253
v 0.003800 0.015399 0.011243
v 0.006399 0.015320 0.011252
v 0.000801 0.015199 -0.009526
v 0.000801 0.015199 -0.006974
v 0.000801 0.015199 0.006974
v 0.000801 0.015199 0.009526
v 0.001204 0.015313 -0.009085
v 0.001204 0.015313 0.007415
v 0.003800 0.015364 0.007429
v 0.003542 0.015072 -0.012062
v 0.003542 0.015128 0.012062
v 0.006800 0.015150 -0.012061
v 0.006800 0.015050 0.012061
v 0.006800 0.015100 -0.011665
v 0.006800 0.015100 0.011665
v 0.001204 0.015041 -0.007390
v 0.001204 0.015041 0.009110
v 0.003800 0.015050 -0.009111
v 0.003800 0.014991 -0.007394
v 0.003800 0.014991 0.009106
v 0.001550 0.014876 0.011252
v 0.006399 0.014880 -0.011252
v 0.001200 0.014867 -0.009068
v 0.001200 0.014867 0.007432
v 0.003800 0.014742 0.007465
v 0.000800 0.014599 -0.011194
v 0.000800 0.014599 0.011194
v 0.001541 0.014322 -0.011125
v 0.003800 0.014599 -0.011194
v 0.003800 0.014599 0.011194
v 0.006399 0.014325 0.011126
v 0.001201 0.014449 -0.008815
v 0.001201 0.014477 -0.007653
v 0.001201 0.014449 0.007685
v 0.001201 0.014477 0.008847
v 0.003800 0.014483 -0.008852
v 0.003800 0.014588 -0.007572
v 0.003800 0.014443 0.008809
v 0.000800 0.014317 -0.009244
v 0.000800 0.014317 -0.007256
v 0.000800 0.014317 0.007256
v 0.000800 0.014317 0.009244
v 0.003800 0.014286 -0.007966
v 0.003800 0.014307 0.007911
v 0.006800 0.014001 -0.011428
v 0.006800 0.014001 0.011428
v 0.003555 0.013963 -0.011843
v 0.003556 0.014021 0.011866
v 0.006800 0.014265 -0.011934
v 0.006800 0.013947 0.011836
v 0.001204 0.014238 -0.008231
v 0.001204 0.014238 0.008269
v 0.003800 0.014264 -0.008406
v 0.003800 0.014264 0.008406
v 0.000800 0.013935 -0.010940
v 0.000800 0.013858 0.010891
v 0.001543 0.013917 0.010929
v 0.003800 0.013858 -0.010891
v 0.003800 0.013935 0.010940
v 0.006399 0.013927 -0.010935
v 0.000800 0.013895 -0.008619
v 0.000800 0.013882 -0.007909
v 0.000800 0.013895 0.007881
v 0.000800 0.013882 0.008591
v 0.006800 0.013531 -0.011629
v 0.001550 0.013697 -0.010759
v 0.006399 0.013482 0.010582
v 0.000800 0.013209 -0.010242
v 0.000800 0.013160 0.010165
v 0.001550 0.013169 -0.010180
v 0.001550 0.013198 0.010226
v 0.003800 0.013160 -0.010165
v 0.003800 0.013209 0.010242
v 0.006400 0.013206 -0.010237
v 0.006800 0.013099 -0.010759
v 0.006800 0.013099 0.010759
v 0.003544 0.013033 -0.011260
v 0.003550 0.013262 0.011434
v 0.006800 0.013000 0.011228
v 0.006400 0.013073 0.009976
v 0.000800 0.012871 -0.009367
v 0.000800 0.012878 0.009377
v 0.001534 0.012876 -0.009361
v 0.001550 0.012870 0.009360
v 0.003800 0.012878 -0.009377
v 0.003800 0.012871 0.009367
v 0.006404 0.012872 -0.009375
v 0.006394 0.012877 0.009369
v 0.000800 0.012850 -0.006500
v 0.000800 0.012850 0.006500
v 0.001550 0.012850 -0.006500
v 0.001550 0.012850 0.006500
v 0.003800 0.012836 -0.006857
v 0.003800 0.012809 0.006769
v 0.006410 0.012810 -0.006772
v 0.006397 0.012836 0.006857
v 0.003542 0.012679 0.010874
v 0.006800 0.012846 -0.011055
v 0.003800 0.012581 -0.006541
v 0.006405 0.012583 0.006542
v 0.006800 0.012494 -0.009618
v 0.006800 0.012510 0.009663
v 0.003800 0.012493 0.006514
v 0.006397 0.012493 -0.006514
v 0.003542 0.012345 -0.010336
v 0.006800 0.012382 -0.010410
v 0.006800 0.012337 0.010319
v 0.006801 0.012425 -0.006918
v 0.006801 0.012429 0.006921
v 0.003550 0.012256 0.010102
v 0.003558 0.012069 -0.009392
v 0.003553 0.012076 0.009438
v 0.006800 0.012078 -0.009450
v 0.006800 0.012067 0.009375
v 0.003550 0.012050 -0.007300
v 0.003550 0.012050 0.007300
v 0.006800 0.012050 -0.007300
v 0.006800 0.012050 0.007300
v 0.000800 0.009400 -0.005700
v 0.000800 0.009380 -0.002604
v 0.000800 0.009373 0.002577
v 0.000800 0.009400 0.005700
v 0.003800 0.009400 -0.005700
v 0.003800 0.009373 -0.002577
v 0.003800 0.009380 0.002604
v 0.003800 0.009400 0.005700
v 0.000800 0.009012 -0.001174
v 0.000800 0.009012 0.001174
v 0.003800 0.009012 -0.001174
v 0.003800 0.009012 0.001174
v 0.000800 0.008889 0.000070
v 0.003800 0.008889 -0.000070
v 0.000800 0.008600 -0.006500
v 0.000800 0.008579 -0.002692
v 0.000800 0.008584 0.002713
v 0.000800 0.008600 0.006500
v 0.001550 0.008600 -0.006500
v 0.001548 0.008582 -0.002704
v 0.001542 0.008578 0.002689
v 0.001550 0.008600 0.006500
v 0.003800 0.008600 -0.006500
v 0.003800 0.008584 -0.002713
v 0.003800 0.008579 0.002692
v 0.003800 0.008600 0.006500
v 0.006400 0.008600 -0.006500
v 0.006401 0.008579 -0.002690
v 0.006399 0.008583 0.002705
v 0.006400 0.008600 0.006500
v 0.000800 0.008227 -0.001326
v 0.000800 0.008227 0.001326
v 0.001550 0.008227 -0.001326
v 0.001550 0.008227 0.001326
v 0.003800 0.008227 -0.001326
v 0.003800 0.008227 0.001326
v 0.006400 0.008227 -0.001326
v 0.006400 0.008227 0.001326
v 0.006800 0.008200 -0.006900
v 0.006800 0.008186 -0.002765
v 0.006800 0.008187 0.002788
v 0.006800 0.008200 0.006900
v 0.003544 0.007786 -0.002815
v 0.000800 0.008088 -0.000079
v 0.001551 0.008087 0.000046
v 0.003800 0.008088 0.000079
v 0.006400 0.008087 -0.000056
v 0.006800 0.007796 0.001269
v 0.006800 0.007716 -0.000832
v 0.003550 0.007800 -0.007300
v 0.003548 0.007788 0.002819
v 0.003550 0.007800 0.007300
v 0.006800 0.007800 -0.007300
v 0.006800 0.007788 -0.002815
v 0.006800 0.007784 0.002802
v 0.006800 0.007800 0.007300
v 0.003550 0.007474 -0.001639
v 0.003545 0.007386 0.001223
v 0.006800 0.007377 -0.001163
v 0.006800 0.007474 0.001639
v 0.003544 0.007304 -0.000462
v 0.006800 0.007305 0.000486
v 0.000800 0.001509 -0.002884
v 0.003800 0.001744 -0.002759
v 0.000800 0.000817 -0.003151
v 0.003800 0.000880 -0.003134
v 0.000800 0.002123 -0.002467
v 0.003800 0.002435 -0.002160
v 0.000800 0.000082 -0.003254
v 0.003800 0.000148 -0.003251
v 0.000800 0.002732 -0.001785
v 0.003800 0.001102 -0.002710
v 0.006800 0.001168 -0.002659
v 0.006800 0.002064 -0.002074
v 0.003800 0.002112 -0.002007
v 0.006800 0.000338 -0.002894
v 0.003800 0.002861 -0.001553
v 0.003800 0.000087 -0.002903
v 0.000800 -0.000854 -0.003150
v 0.003800 -0.000593 -0.003200
v 0.003800 -0.000795 -0.002803
v 0.003800 0.002611 -0.001272
v 0.006800 -0.000877 -0.002791
v 0.006800 0.002638 -0.001216
v 0.000800 0.003120 -0.000928
v 0.003800 0.003138 -0.000864
v 0.003800 -0.001302 -0.002983
v 0.003800 0.002912 -0.000284
v 0.006800 0.002891 -0.000364
v 0.000800 -0.001863 -0.002680
v 0.000800 0.003272 0.000156
v 0.003800 0.003252 -0.000131
v 0.003800 -0.001578 -0.002439
v 0.003800 -0.001944 -0.002611
v 0.006800 -0.001942 -0.002172
v 0.003800 0.003197 0.000609
v 0.003800 -0.002247 -0.001855
v 0.006800 0.002862 0.000498
v 0.000800 -0.002527 -0.002052
v 0.003800 -0.002485 -0.002102
v 0.003800 0.002710 0.001102
v 0.000800 0.002940 0.001417
v 0.003800 0.002898 0.001501
v 0.006800 -0.002586 -0.001342
v 0.006800 0.002586 0.001342
v 0.000800 -0.003016 -0.001247
v 0.003800 -0.002979 -0.001333
v 0.003800 -0.002759 -0.000938
v 0.003800 0.002007 0.002112
v 0.006800 -0.002862 -0.000498
v 0.006800 0.001942 0.002172
v 0.000800 0.002405 0.002193
v 0.003800 0.002361 0.002241
v 0.000800 -0.003260 -0.000161
v 0.003800 -0.003227 -0.000425
v 0.003800 -0.002912 0.000284
v 0.006800 -0.002891 0.000364
v 0.000800 0.001707 0.002782
v 0.003800 0.001792 0.002717
v 0.003800 -0.003239 0.000317
v 0.003800 0.001272 0.002611
v 0.006800 0.001216 0.002638
v 0.000800 -0.003124 0.000943
v 0.003800 0.000943 0.003124
v 0.003800 -0.002611 0.001272
v 0.003800 0.000284 0.002912
v 0.006800 -0.002638 0.001216
v 0.006800 0.000364 0.002891
v 0.003800 -0.003083 0.001042
v 0.000800 0.000838 0.003145
v 0.003800 -0.002112 0.002007
v 0.006800 -0.002064 0.002074
v 0.000800 -0.002732 0.001769
v 0.003800 -0.002767 0.001713
v 0.006800 -0.000863 0.002795
v 0.000800 0.000104 0.003253
v 0.003800 0.000038 0.003255
v 0.003800 -0.001102 0.002710
v 0.000800 -0.002118 0.002483
v 0.003800 -0.002307 0.002296
v 0.000800 -0.000635 0.003192
v 0.003800 -0.000896 0.003138
v 0.003800 -0.001727 0.002759
v 0.000800 -0.001342 0.002965
vn -0.0000 -1.0000 -0.0000
vn -0.0000 -0.0000 -1.0000
vn -0.0000 1.0000 -0.0000
vn -0.0000 -0.0000 1.0000
vn 1.0000 -0.0000 -0.0000
vn -0.0000 -0.8855 -0.4647
vn -0.0000 -0.8855 0.4647
vn -0.0000 -0.5681 0.8230
vn -0.0000 -0.1205 0.9927
vn -0.0000 0.3546 0.9350
vn -0.0000 0.7485 0.6631
vn -0.0000 0.9709 0.2393
vn -0.0000 0.9709 -0.2393
vn -0.0000 0.7485 -0.6631
vn -0.0000 0.3546 -0.9350
vn -0.0000 -0.1205 -0.9927
vn -0.0000 -0.5681 -0.8230
vn -1.0000 -0.0000 -0.0000
vn -0.0547 0.9663 -0.2516
vn -0.0027 0.9999 -0.0130
vn -0.0100 0.9776 -0.2101
vn -0.0000 0.9999 -0.0123
vn -0.0000 -1.0000 -0.0069
vn 0.0107 -0.9783 -0.2068
vn 0.0016 -1.0000 -0.0071
vn 0.0547 -0.9672 -0.2481
vn -0.0547 -0.3012 -0.9520
vn -0.0048 0.2660 -0.9640
vn 0.0048 -0.2660 -0.9640
vn 0.0547 0.3012 -0.9520
vn -0.0000 0.9987 -0.0515
vn 0.0165 0.9969 -0.0773
vn -0.0088 0.8391 -0.5439
vn 0.0077 0.8040 -0.5945
vn -0.0000 -0.9987 -0.0515
vn -0.0165 -0.9969 -0.0773
vn 0.0088 -0.8391 -0.5439
vn -0.0077 -0.8040 -0.5945
vn -0.0000 0.4472 -0.8944
vn -0.0000 -0.4472 -0.8944
vn -0.0000 -0.4472 0.8944
vn -0.0000 0.4472 0.8944
vn -0.0025 0.7759 -0.6309
vn -0.0000 0.7743 -0.6329
vn -0.0000 0.5000 -0.8660
vn -0.0000 0.1737 -0.9848
vn -0.0000 0.1736 -0.9848
vn -0.0000 -0.1736 -0.9848
vn -0.0000 -0.1737 -0.9848
vn -0.0000 -0.5000 -0.8660
vn -0.0000 -0.7743 -0.6329
vn 0.0025 -0.7759 -0.6309
vn -0.0000 -0.4647 0.8855
vn -0.0000 0.4647 0.8855
vn -0.0000 0.8230 0.5681
vn -0.0000 0.9927 0.1205
vn -0.0000 0.9350 -0.3546
vn -0.0000 0.6631 -0.7485
vn -0.0000 0.2393 -0.9709
vn -0.0000 -0.2393 -0.9709
vn -0.0000 -0.6631 -0.7485
vn -0.0000 -0.9350 -0.3546
vn -0.0000 -0.9927 0.1205
vn -0.0000 -0.8230 0.5681
vn 0.0408 -0.9908 -0.1289
vn -0.0399 -0.9910 -0.1276
vn -0.6916 -0.7104 -0.1305
vn 0.0017 -0.9844 -0.1758
vn -0.6849 -0.7286 -0.0056
vn 0.0016 -1.0000 0.0077
vn -0.0017 -0.9844 0.1758
vn -0.0000 -0.9835 0.1807
vn 0.0399 -0.9910 0.1276
vn -0.0408 -0.9908 0.1290
vn 0.0408 0.9908 0.1289
vn -0.0399 0.9910 0.1276
vn -0.6916 0.7104 0.1305
vn 0.0017 0.9844 0.1758
vn -0.6849 0.7286 0.0056
vn 0.0016 1.0000 -0.0077
vn -0.0017 0.9844 -0.1758
vn -0.0000 0.9835 -0.1807
vn 0.0399 0.9910 -0.1276
vn -0.0408 0.9908 -0.1289
vn -0.0007 1.0000 -0.0048
vn -0.0000 1.0000 -0.0042
vn 0.0007 1.0000 0.0048
vn -0.0000 1.0000 0.0042
vn -0.0007 -1.0000 0.0048
vn -0.0000 -1.0000 0.0042
vn 0.0007 -1.0000 -0.0048
vn -0.0000 -1.0000 -0.0042
vn -0.0060 -0.8318 -0.5551
vn 0.0060 -0.8677 -0.4971
vn -0.0055 -0.9921 0.1249
vn 0.0031 -0.9839 0.1789
vn -0.0026 -0.7503 0.6611
vn 0.0026 -0.7275 0.6861
vn -0.0026 -0.2933 0.9560
vn 0.0026 -0.2539 0.9672
vn -0.0026 0.2573 0.9663
vn 0.0026 0.2899 0.9571
vn -0.0031 0.7423 0.6700
vn 0.0055 0.7778 0.6285
vn -0.0055 0.9982 0.0595
vn 0.0031 1.0000 0.0050
vn -0.0026 0.8590 -0.5120
vn 0.0026 0.8412 -0.5407
vn -0.0031 0.4413 -0.8974
vn 0.0055 0.3917 -0.9201
vn -0.0060 -0.2407 -0.9706
vn 0.0060 -0.3063 -0.9519
vn 0.0013 -0.9834 -0.1817
vn 0.0060 -0.9886 -0.1501
vn -0.0060 -0.8677 0.4971
vn 0.0060 -0.8318 0.5551
vn -0.0060 -0.3063 0.9519
vn 0.0060 -0.2407 0.9706
vn -0.0055 0.3917 0.9201
vn 0.0031 0.4413 0.8974
vn -0.0026 0.8412 0.5407
vn 0.0026 0.8590 0.5120
vn -0.0031 1.0000 -0.0050
vn 0.0055 0.9982 -0.0595
vn -0.0055 0.7778 -0.6285
vn 0.0090 0.7168 -0.6972
vn -0.0076 0.2935 -0.9559
vn 0.0152 0.0604 -0.9981
vn -0.0105 -0.2555 -0.9668
vn 0.0121 -0.6324 -0.7745
vn -0.0014 -0.7310 -0.6824
vn -0.0038 0.9968 0.0794
vn 0.0025 0.9982 0.0600
vn -0.0022 0.9932 -0.1165
vn 0.0022 0.9922 -0.1245
vn -0.0025 0.9548 -0.2972
vn 0.0038 0.9489 -0.3157
vn -0.0043 0.8616 -0.5076
vn -0.0013 0.8540 -0.5203
vn -0.0066 0.7215 -0.6924
vn 0.0010 0.7500 -0.6614
vn 0.0066 0.6003 -0.7997
vn -0.0010 0.5662 -0.8243
vn 0.0013 0.4135 -0.9105
vn 0.0043 0.4001 -0.9165
vn -0.0043 0.1914 -0.9815
vn 0.0043 0.1691 -0.9856
vn -0.0038 -0.0413 -0.9991
vn 0.0025 -0.0607 -0.9982
vn -0.0022 -0.2354 -0.9719
vn 0.0022 -0.2432 -0.9700
vn -0.0019 -0.4030 -0.9152
vn 0.0068 -0.4258 -0.9048
vn -0.0051 -0.5608 -0.8280
vn 0.0128 -0.6231 -0.7820
vn -0.0061 -0.7030 -0.7112
vn 0.0093 -0.7961 -0.6050
vn -0.0010 -0.8243 -0.5662
vn 0.0018 -0.9072 -0.4206
vn 0.0073 -0.9156 -0.4020
vn -0.0051 -0.9688 -0.2479
vn 0.0128 -0.9850 -0.1722
vn -0.0088 -0.9981 -0.0603
vn 0.0088 -0.9981 0.0603
vn -0.0128 -0.9850 0.1721
vn 0.0051 -0.9688 0.2479
vn -0.0073 -0.9156 0.4020
vn 0.0038 -0.9039 0.4277
vn -0.0043 -0.7941 0.6078
vn 0.0043 -0.7801 0.6256
vn -0.0043 -0.6256 0.7801
vn 0.0043 -0.6078 0.7941
vn -0.0043 -0.4207 0.9072
vn 0.0043 -0.4001 0.9165
vn -0.0043 -0.1914 0.9815
vn 0.0043 -0.1691 0.9856
vn -0.0038 0.0413 0.9991
vn 0.0025 0.0607 0.9982
vn -0.0022 0.2354 0.9719
vn 0.0022 0.2432 0.9700
vn -0.0019 0.4030 0.9152
vn 0.0019 0.4178 0.9085
vn -0.0022 0.5647 0.8253
vn 0.0022 0.5714 0.8207
vn -0.0025 0.7069 0.7073
vn 0.0038 0.7205 0.6935
vn -0.0043 0.8499 0.5270
vn 0.0043 0.8616 0.5076
vn -0.0043 0.9513 0.3083
vn 0.0043 0.9580 0.2867
vn 1.0000 0.0007 -0.0001
vn 0.9803 0.1965 0.0209
vn 1.0000 0.0002 -0.0001
vn 0.9815 0.1812 0.0613
vn 1.0000 0.0005 0.0001
vn 1.0000 0.0017 0.0007
vn 0.9798 0.1695 0.1063
vn 0.9823 0.1302 0.1347
vn 1.0000 0.0019 0.0017
vn 1.0000 0.0012 0.0019
vn 0.9811 0.1000 0.1657
vn 1.0000 0.0007 0.0017
vn 0.9812 0.0684 0.1803
vn 1.0000 0.0020 0.0041
vn 0.9811 0.0371 0.1898
vn 1.0000 -0.0006 0.0036
vn 0.9814 -0.0032 0.1921
vn 0.9815 -0.0360 0.1878
vn 1.0000 -0.0006 0.0027
vn 0.9811 -0.0718 0.1795
vn 1.0000 -0.0007 0.0017
vn 0.9818 -0.0983 0.1626
vn 1.0000 -0.0010 0.0005
vn 1.0000 -0.0004 0.0002
vn 1.0000 -0.0006 0.0010
vn 0.9812 -0.1638 0.1020
vn 1.0000 -0.0021 0.0012
vn 0.9817 -0.1820 0.0555
vn 1.0000 -0.0025 0.0003
vn 0.9816 -0.1899 0.0215
vn 1.0000 -0.0018 0.0002
vn 0.9808 -0.1950 -0.0087
vn 1.0000 -0.0008 -0.0006
vn 1.0000 -0.0003 -0.0003
vn 1.0000 -0.0009 -0.0001
vn 0.9798 -0.1793 -0.0884
vn 0.9812 -0.1578 -0.1112
vn 1.0000 -0.0029 -0.0011
vn 0.9810 -0.1369 -0.1377
vn 1.0000 -0.0014 -0.0033
vn 0.9811 -0.1090 -0.1597
vn 1.0000 -0.0006 -0.0017
vn 0.9821 -0.0803 -0.1706
vn 1.0000 -0.0002 -0.0008
vn 1.0000 -0.0001 -0.0004
vn 1.0000 -0.0004 -0.0011
vn 0.9804 0.0160 -0.1963
vn 1.0000 0.0002 -0.0024
vn 0.9817 0.0557 -0.1822
vn 1.0000 0.0011 -0.0021
vn 0.9816 0.0849 -0.1710
vn 0.9814 0.1163 -0.1530
vn 1.0000 0.0011 -0.0012
vn 0.9810 0.1447 -0.1291
vn 1.0000 0.0005 -0.0004
vn 1.0000 0.0004 -0.0002
vn 1.0000 0.0004 -0.0001
vn 1.0000 0.0002 -0.0000
vn 0.9228 0.3844 -0.0248
vn 0.9420 0.3330 0.0424
vn 0.9372 0.3341 0.1001
vn 0.9822 0.1727 0.0733
vn 0.9618 0.2487 0.1146
vn 0.9701 0.1826 0.1597
vn 0.9851 0.1208 0.1224
vn 0.9402 0.1477 0.3070
vn 0.9234 0.3416 0.1748
vn 0.9382 0.2749 0.2101
vn 0.9936 0.0809 0.0795
vn 0.9933 0.0293 0.1116
vn 0.9979 0.0334 0.0548
vn 0.9403 0.2373 0.2441
vn 0.9698 0.1267 0.2086
vn 0.9851 0.0675 0.1581
vn 0.9382 0.2036 0.2797
vn 0.9607 -0.0009 0.2776
vn 0.9366 0.0357 0.3486
vn 0.9373 -0.0508 0.3448
vn 0.9662 -0.0599 0.2506
vn 0.9935 -0.0248 0.1114
vn 0.9815 -0.0426 0.1867
vn 0.9929 -0.0753 0.0920
vn 0.9600 -0.2038 0.1922
vn 0.9330 -0.2166 0.2874
vn 0.9196 -0.2954 0.2590
vn 0.8959 -0.3007 0.3270
vn 0.9813 -0.0956 0.1668
vn 0.9381 -0.1080 0.3291
vn 0.9655 -0.1323 0.2245
vn 0.9383 -0.1515 0.3108
vn 0.9404 -0.3288 0.0862
vn 0.9390 -0.3423 0.0328
vn 0.9812 -0.0207 -0.1920
vn 0.9817 0.0305 -0.1879
vn 0.9933 0.0337 -0.1108
vn 0.9997 0.0230 -0.0073
vn 0.9995 -0.0154 -0.0272
vn 0.9982 0.0299 -0.0526
vn 0.9236 -0.3805 -0.0474
vn 0.9609 -0.2757 -0.0234
vn 0.9818 -0.1882 -0.0238
vn 0.9711 -0.2153 -0.1035
vn 0.9617 -0.2668 -0.0638
vn 0.9815 -0.1580 -0.1079
vn 0.9919 -0.1215 -0.0381
vn 0.8931 -0.4363 -0.1096
vn 0.9238 -0.3640 -0.1183
vn 0.9396 -0.3069 -0.1514
vn 0.9407 -0.2797 -0.1919
vn 0.9399 -0.2580 -0.2238
vn 0.9651 -0.1796 -0.1906
vn 0.9294 -0.1201 -0.3489
vn 0.9208 -0.0334 -0.3885
vn 0.9607 -0.0480 -0.2735
vn 0.9658 0.0274 -0.2579
vn 0.9096 -0.0627 -0.4108
vn 0.9386 0.0093 -0.3449
vn 0.9810 0.0780 -0.1775
vn 0.9378 0.0638 -0.3412
vn 0.9405 0.1106 -0.3214
vn 0.9374 0.1638 -0.3074
vn 0.9406 0.2019 -0.2729
vn 0.9654 0.1662 -0.2009
vn 0.9661 0.1013 -0.2375
vn 0.9815 0.1321 -0.1388
vn 0.9930 0.0836 -0.0831
vn 0.9313 0.2766 -0.2369
vn 0.8995 0.3948 -0.1873
vn 0.9253 0.3263 -0.1931
vn 0.9200 0.3781 -0.1029
vn 0.8926 0.4449 -0.0723
vn 0.9592 0.2817 -0.0233
vn 0.9563 0.2749 -0.0994
vn 0.9615 0.2252 -0.1576
vn 0.9720 0.2266 -0.0623
vn 0.9824 0.1870 -0.0052
vn 0.9825 0.1674 -0.0816
vn 0.9935 0.1066 -0.0399
vn 0.9934 0.1104 0.0325
vn 0.9981 0.0614 0.0019
vn 0.9971 -0.0388 -0.0648
vn 0.9931 -0.0162 -0.1165
vn 0.9652 -0.1133 -0.2356
vn 0.9395 -0.1761 -0.2937
vn 0.9410 -0.2090 -0.2663
vn 0.9662 -0.2268 0.1222
vn 0.9412 -0.2809 0.1877
vn 0.9366 -0.3210 0.1402
vn 0.9982 -0.0331 0.0509
vn 0.9995 0.0158 0.0286
vn 0.9994 -0.0286 0.0173
vn 0.9819 0.0074 0.1894
vn 0.9695 0.0612 0.2372
vn 0.9701 0.2393 0.0409
vn 0.9982 -0.0597 -0.0090
vn 0.9411 0.0994 0.3231
vn 0.9810 -0.1400 0.1340
vn 0.9815 -0.1682 0.0917
vn 0.9932 -0.1103 0.0368
vn 0.9656 -0.2554 0.0489
vn 0.9814 -0.1890 0.0330
vn 0.9956 -0.0872 -0.0333
vn 0.9915 -0.0748 -0.1061
vn 0.9811 -0.1230 -0.1497
vn 0.9810 -0.0731 -0.1796
vn 0.0177 0.9905 0.1366
vn -0.0316 0.9981 0.0521
vn 0.0272 0.9981 -0.0552
vn -0.0402 0.9885 -0.1459
vn -0.0040 0.9623 -0.2719
vn -0.0076 0.9456 -0.3254
vn 0.0076 0.8783 -0.4781
vn -0.0039 0.8514 -0.5245
vn -0.0036 0.7582 -0.6520
vn 0.0036 0.7568 -0.6536
vn 0.0039 0.6445 -0.7646
vn -0.0076 0.6025 -0.7981
vn 0.0076 0.4614 -0.8872
vn 0.0040 0.4110 -0.9116
vn 0.0402 0.2902 -0.9561
vn -0.0197 0.1983 -0.9799
vn 0.0734 0.0846 -0.9937
vn -0.0659 -0.0294 -0.9974
vn 0.0659 -0.1475 -0.9869
vn -0.0734 -0.2590 -0.9631
vn 0.0196 -0.3685 -0.9294
vn -0.0402 -0.4548 -0.8897
vn -0.0015 -0.5609 -0.8279
vn 0.0015 -0.6046 -0.7965
vn 0.0402 -0.6972 -0.7158
vn -0.0197 -0.7624 -0.6468
vn 0.0734 -0.8294 -0.5538
vn -0.0659 -0.8877 -0.4558
vn 0.0708 -0.9345 -0.3488
vn -0.0290 -0.9727 -0.2301
vn 0.0251 -0.9893 -0.1435
vn 0.0131 -0.9995 -0.0273
vn -0.0131 -0.9995 0.0273
vn 0.0290 -0.9727 0.2301
vn -0.0251 -0.9893 0.1435
vn -0.0708 -0.9345 0.3488
vn 0.0659 -0.8877 0.4558
vn -0.0659 -0.8277 0.5573
vn 0.0708 -0.7566 0.6500
vn -0.0290 -0.6711 0.7408
vn 0.0251 -0.6033 0.7971
vn 0.0131 -0.5064 0.8622
vn -0.0051 -0.4571 0.8894
vn 0.0051 -0.2915 0.9565
vn -0.0131 -0.2372 0.9714
vn 0.0340 -0.0362 0.9988
vn -0.0251 -0.1223 0.9922
vn -0.0419 0.0934 0.9947
vn 0.0251 0.1809 0.9832
vn 0.0419 0.3155 0.9480
vn -0.0251 0.2308 0.9727
vn -0.0339 0.4357 0.8994
vn 0.0251 0.5119 0.8587
vn 0.0156 0.6039 0.7969
vn 0.0040 0.6462 0.7631
vn 0.0402 0.7384 0.6732
vn -0.0197 0.7994 0.6005
vn 0.0734 0.8607 0.5037
vn -0.0734 0.9111 0.4057
vn 0.0241 0.9529 0.3024
vn -0.0177 0.9760 0.2169
vn -0.4440 0.0006 0.8960
vn -0.5776 0.5729 0.5816
vn -0.5712 0.5919 -0.5687
vn -0.4447 0.4484 0.7754
vn -0.5776 0.7869 0.2173
vn -0.5712 0.2283 -0.7884
vn -0.5774 0.2059 0.7900
vn -0.5711 0.7968 -0.1974
vn -0.4501 -0.4462 0.7735
vn -0.4443 0.7761 0.4474
vn -0.5776 0.7901 -0.2054
vn -0.5712 -0.1965 -0.7970
vn -0.5774 -0.2167 0.7871
vn -0.5711 0.7887 0.2275
vn -0.4505 -0.7731 0.4466
vn -0.4503 0.8929 -0.0003
vn -0.5777 0.5809 -0.5734
vn -0.5711 -0.5693 -0.5914
vn -0.5774 -0.5819 0.5728
vn -0.5712 0.5687 0.5919
vn -0.4444 -0.8958 0.0006
vn -0.4446 0.7754 -0.4484
vn -0.5776 0.2172 -0.7869
vn -0.5712 -0.7884 -0.2282
vn -0.5774 -0.7901 0.2059
vn -0.5711 0.1974 0.7968
vn -0.4502 -0.7734 -0.4462
vn -0.4506 0.4461 -0.7733
vn -0.5777 -0.2062 -0.7898
vn -0.5711 -0.7968 0.1973
vn -0.5773 -0.7870 -0.2176
vn -0.5712 -0.2283 0.7884
vn -0.4442 -0.4485 -0.7756
vn -0.0078 -0.9968 0.0797
vn 0.0026 -0.9983 0.0589
vn 0.0003 -0.9644 0.2643
vn 0.0023 -0.9532 0.3022
vn -0.0019 -0.9005 0.4348
vn 0.0027 -0.8495 0.5276
vn -0.0020 -0.8271 0.5621
vn 0.0017 -0.7100 0.7042
vn 0.0036 -0.6609 0.7505
vn -0.0069 -0.5669 0.8237
vn 0.0043 -0.4102 0.9120
vn -0.0013 -0.4348 0.9005
vn -0.0027 -0.2592 0.9658
vn 0.0044 -0.1209 0.9927
vn -0.0017 -0.0728 0.9973
vn -0.0038 0.0743 0.9972
vn 0.0038 0.1860 0.9825
vn 0.0015 0.2615 0.9652
vn 0.0027 0.4628 0.8864
vn 0.0032 0.4210 0.9071
vn -0.0018 0.5626 0.8267
vn 0.0023 0.6658 0.7461
vn -0.0003 0.7027 0.7115
vn 0.0026 0.8284 0.5601
vn 0.0070 0.8199 0.5725
vn -0.0015 0.9005 0.4350
vn 0.0029 0.9539 0.3001
vn 0.0012 0.9676 0.2525
vn 0.0028 1.0000 -0.0000
vn 0.0005 0.9974 0.0726
vn -0.0020 0.9973 -0.0733
vn 0.0024 0.9659 -0.2590
vn 0.0029 0.9539 -0.3001
vn -0.0016 0.9005 -0.4350
vn 0.0026 0.8284 -0.5601
vn -0.0079 0.8239 -0.5667
vn -0.0005 0.7029 -0.7113
vn 0.0023 0.6658 -0.7461
vn -0.0018 0.5626 -0.8267
vn 0.0027 0.4628 -0.8864
vn -0.0015 0.4349 -0.9005
vn 0.0015 0.2615 -0.9652
vn 0.0038 0.1860 -0.9825
vn -0.0038 0.0743 -0.9972
vn 0.0044 -0.1209 -0.9927
vn -0.0019 -0.0728 -0.9973
vn -0.0022 -0.2590 -0.9659
vn 0.0043 -0.4102 -0.9120
vn -0.0013 -0.4348 -0.9005
vn -0.0034 -0.5636 -0.8260
vn 0.0037 -0.6609 -0.7505
vn 0.0017 -0.7100 -0.7042
vn 0.0034 -0.8548 -0.5189
vn 0.0046 -0.8184 -0.5746
vn -0.0007 -0.9008 -0.4343
vn 0.0037 -0.9717 -0.2363
vn -0.0013 -0.9653 -0.2610
vn -0.0013 -0.9973 -0.0734
vn -0.5773 -0.5727 -0.5820
vn -0.5712 -0.5919 0.5687
vn -0.4447 -0.0006 -0.8957
vn 0.9518 0.1535 -0.2654
vn 0.9518 0.0001 -0.3066
vn 0.9518 0.2657 -0.1531
vn 0.9518 0.3066 0.0001
vn 0.9518 -0.0001 0.3066
vn 0.9518 -0.1535 0.2654
vn 0.9518 -0.2655 0.1532
vn 0.9518 -0.3066 -0.0002
vn 0.5774 0.5736 -0.5810
vn 0.5718 0.5905 0.5696
vn 0.5784 0.2055 -0.7895
vn 0.5717 0.7962 0.1980
vn 0.5784 -0.2168 -0.7865
vn 0.5717 0.7885 -0.2266
vn 0.5781 -0.5809 -0.5730
vn 0.5719 0.5694 -0.5906
vn 0.5777 -0.7897 -0.2066
vn 0.5723 0.1991 -0.7955
vn 0.5775 -0.7872 0.2162
vn 0.5725 -0.2255 -0.7883
vn 0.5782 -0.5731 0.5807
vn 0.5717 -0.5905 -0.5696
vn 0.5784 -0.2055 0.7895
vn 0.5718 -0.7962 -0.1980
vn 0.5782 0.2170 0.7865
vn 0.5719 -0.7884 0.2267
vn 0.5782 0.5807 0.5731
vn 0.5718 -0.5696 0.5905
vn 0.5775 0.7899 0.2063
vn 0.5725 -0.1989 0.7954
vn 0.5775 0.7872 -0.2163
vn 0.5725 0.2255 0.7883
vn 0.0561 -0.9202 0.3875
vn -0.0007 -0.9396 0.3423
vn 0.0001 -0.3357 0.9420
vn 0.0601 -0.3810 0.9226
vn 0.0012 -0.0076 1.0000
vn -0.0000 -0.0065 1.0000
vn 0.0559 0.3811 0.9228
vn -0.0001 0.3357 0.9420
vn 0.0007 0.9396 0.3423
vn 0.0603 0.9199 0.3874
vn 0.0305 0.9781 0.2057
vn 0.0019 0.9864 0.1644
vn -0.0283 -0.9785 0.2043
vn -0.0019 -0.9889 0.1487
vn -0.0603 0.9199 -0.3874
vn -0.0007 0.9396 -0.3423
vn 0.0001 0.3357 -0.9420
vn -0.0559 0.3811 -0.9228
vn 0.0012 0.0076 -1.0000
vn -0.0000 0.0065 -1.0000
vn -0.0561 -0.9202 -0.3875
vn 0.0007 -0.9396 -0.3423
vn -0.0001 -0.3357 -0.9420
vn -0.0601 -0.3810 -0.9226
vn -0.0012 -0.0076 -1.0000
vn -0.0000 -0.0065 -1.0000
vn -0.0305 0.9781 -0.2057
vn -0.0019 0.9864 -0.1644
vn -0.0327 -0.9781 -0.2057
vn 0.0019 -0.9864 -0.1644
vn -0.0000 -0.4999 0.8661
vn -0.0000 -0.5000 0.8660
vn -0.0000 0.9074 0.4203
vn 0.0041 0.9110 0.4124
vn -0.0019 0.9638 0.2666
vn 0.0019 0.9680 0.2510
vn -0.0042 0.9951 0.0983
vn -0.0000 0.9960 0.0897
vn 0.0001 0.0002 -1.0000
vn -0.0006 0.0007 1.0000
vn -0.0000 0.0028 1.0000
vn -0.0000 0.9960 -0.0897
vn 0.0042 0.9951 -0.0983
vn -0.0019 0.9680 -0.2510
vn 0.0019 0.9638 -0.2666
vn -0.0041 0.9110 -0.4124
vn -0.0000 0.9074 -0.4203
vn 0.0001 -0.4998 -0.8661
vn 0.0001 -0.4998 -0.8662
vn -0.0007 0.5006 0.8657
vn -0.0000 0.5027 0.8645
vn -0.0000 0.8176 -0.5757
vn 0.0042 0.8126 -0.5828
vn -0.0019 0.7128 -0.7014
vn 0.0019 0.7014 -0.7128
vn -0.0042 0.5828 -0.8126
vn -0.0000 0.5757 -0.8176
vn -0.0000 -0.8660 -0.5000
vn 0.0001 -0.8659 -0.5002
vn -0.0006 0.8664 0.4994
vn -0.0000 0.8674 0.4976
vn -0.0000 0.4203 -0.9074
vn 0.0042 0.4124 -0.9110
vn -0.0019 0.2666 -0.9638
vn 0.0019 0.2510 -0.9680
vn -0.0042 0.0983 -0.9951
vn -0.0000 0.0897 -0.9960
vn -0.0000 -1.0000 -0.0028
vn -0.0001 -1.0000 -0.0006
vn 0.0001 1.0000 -0.0002
vn -0.0000 -0.0897 -0.9960
vn 0.0042 -0.0983 -0.9951
vn -0.0019 -0.2510 -0.9680
vn 0.0019 -0.2666 -0.9638
vn -0.0042 -0.4124 -0.9110
vn -0.0000 -0.4203 -0.9074
vn -0.0000 -0.8660 0.5000
vn 0.0001 -0.8661 0.4998
vn -0.0006 0.8657 -0.5006
vn -0.0000 0.8646 -0.5025
vn -0.0000 -0.5757 -0.8176
vn 0.0042 -0.5828 -0.8126
vn -0.0019 -0.7014 -0.7128
vn 0.0019 -0.7128 -0.7014
vn -0.0042 -0.8126 -0.5827
vn -0.0000 -0.8176 -0.5757
vn -0.0000 -0.5024 0.8647
vn -0.0001 -0.5005 0.8657
vn 0.0031 0.8278 0.5610
vn -0.0049 0.8067 0.5910
vn 0.0051 0.4839 0.8751
vn -0.0051 0.4453 0.8954
vn 0.0051 0.0218 0.9997
vn 0.0012 -0.0002 1.0000
vn 0.0105 -0.4420 0.8969
vn -0.0013 -0.3596 0.9331
vn -0.0091 -0.6721 0.7404
vn 0.0127 -0.8081 0.5890
vn -0.0051 -0.8855 0.4646
vn 0.0031 -0.8278 -0.5610
vn -0.0049 -0.8067 -0.5910
vn 0.0051 -0.4839 -0.8751
vn -0.0051 -0.4453 -0.8954
vn 0.0051 -0.0218 -0.9997
vn -0.0051 0.0218 -0.9997
vn 0.0051 0.4453 -0.8954
vn -0.0051 0.4839 -0.8751
vn 0.0049 0.8067 -0.5910
vn -0.0031 0.8278 -0.5610
vn -0.0012 0.0076 1.0000
vn -0.0000 0.0065 1.0000
vn -0.0000 -0.4203 0.9074
vn 0.0042 -0.4124 0.9110
vn -0.0019 -0.2666 0.9638
vn 0.0019 -0.2510 0.9680
vn -0.0042 -0.0983 0.9951
vn -0.0000 -0.0897 0.9960
vn -0.0000 -0.8176 0.5757
vn 0.0042 -0.8126 0.5827
vn -0.0019 -0.7128 0.7014
vn 0.0019 -0.7014 0.7128
vn -0.0042 -0.5828 0.8126
vn -0.0000 -0.5757 0.8176
vn -0.0000 0.0897 0.9960
vn 0.0042 0.0983 0.9951
vn -0.0019 0.2510 0.9680
vn 0.0019 0.2666 0.9638
vn -0.0042 0.4124 0.9110
vn -0.0000 0.4203 0.9074
vn -0.0000 0.5757 0.8176
vn 0.0042 0.5827 0.8126
vn -0.0019 0.7014 0.7128
vn 0.0019 0.7128 0.7014
vn -0.0042 0.8126 0.5828
vn -0.0000 0.8176 0.5757
vn -0.0000 -0.9960 0.0897
vn 0.0042 -0.9951 0.0983
vn -0.0019 -0.9680 0.2510
vn 0.0019 -0.9638 0.2666
vn -0.0041 -0.9110 0.4124
vn -0.0000 -0.9074 0.4203
vn -0.0000 -0.9074 -0.4203
vn 0.0041 -0.9110 -0.4124
vn -0.0019 -0.9638 -0.2666
vn 0.0019 -0.9680 -0.2510
vn -0.0042 -0.9951 -0.0983
vn -0.0000 -0.9960 -0.0897
vn 0.0001 0.4999 -0.8661
vn -0.0007 -0.0007 -1.0000
vn -0.0000 -0.0030 -1.0000
vn 0.0001 -0.0002 1.0000
vn -0.0000 0.5027 -0.8645
vn -0.0001 0.5005 -0.8657
vn 0.0001 -0.8659 0.5001
vn -0.0000 0.8674 -0.4976
vn -0.0001 0.8663 -0.4995
vn -0.0006 -1.0000 0.0007
vn -0.0000 -1.0000 0.0028
vn 0.0001 1.0000 0.0002
vn -0.0006 -0.5006 -0.8657
vn -0.0000 -0.5024 -0.8647
vn -0.0000 0.5000 0.8660
vn 0.0001 0.4998 0.8661
vn 0.0001 0.4998 0.8662
vn -0.0000 -0.8661 -0.4999
vn -0.0000 0.8646 0.5025
vn -0.0001 0.8657 0.5005
vn -0.0006 0.8656 0.5007
vn -0.7045 -0.7097 0.0046
vn -0.7173 -0.6845 -0.1298
vn -0.6998 -0.5272 -0.4820
vn -0.7109 -0.4302 -0.5563
vn -0.7057 -0.0585 -0.7061
vn -0.7181 0.0665 -0.6927
vn -0.7024 0.4285 -0.5684
vn -0.7190 0.5027 -0.4799
vn -0.7020 0.6832 -0.2010
vn -0.7285 0.6849 -0.0137
vn -0.7014 0.6780 0.2197
vn -0.7171 0.5371 0.4442
vn -0.6954 0.4334 0.5732
vn -0.6980 0.2136 0.6835
vn -0.6953 -0.0533 0.7167
vn -0.7100 -0.2162 0.6702
vn -0.6992 -0.5220 0.4885
vn -0.7118 -0.5921 0.3778
vn -1.0000 -0.0001 0.0001
vn -1.0000 -0.0004 -0.0000
vn -1.0000 -0.0005 -0.0001
vn -1.0000 -0.0002 -0.0002
vn -1.0000 -0.0001 -0.0002
vn -1.0000 -0.0000 -0.0002
vn -1.0000 -0.0000 -0.0004
vn -1.0000 0.0001 -0.0002
vn -1.0000 0.0002 -0.0001
vn -1.0000 0.0001 -0.0001
vn -1.0000 0.0002 -0.0000
vn -1.0000 0.0003 -0.0000
vn -1.0000 0.0001 0.0001
vn -1.0000 -0.0000 0.0011
vn -1.0000 0.0003 -0.0001
vn -1.0000 -0.0001 -0.0001
vn -1.0000 -0.0005 0.0001
vn -1.0000 -0.0003 -0.0001
vn -1.0000 -0.0002 0.0002
vn -1.0000 -0.0001 0.0002
vn -1.0000 -0.0000 0.0002
vn -1.0000 -0.0001 0.0004
vn -1.0000 0.0001 0.0002
vn -1.0000 0.0003 0.0001
vn -1.0000 0.0002 0.0001
vn -1.0000 -0.0000 -0.0011
vn -1.0000 -0.0003 0.0001
vn -0.0081 -0.9246 -0.3809
vn 0.0171 -0.9868 -0.1611
vn -0.0117 -0.9862 0.1650
vn 0.0136 -0.8335 0.5524
vn -0.0011 -0.7460 0.6660
vn 0.0023 -0.2724 0.9622
vn -0.0018 -0.2802 0.9599
vn -0.0134 0.4106 0.9117
vn 0.0013 0.2801 0.9600
vn 0.0158 0.7708 0.6369
vn -0.0161 0.9101 0.4142
vn 0.0134 0.9995 -0.0280
vn -0.0009 0.9848 -0.1738
vn 0.0027 0.7382 -0.6746
vn 0.0059 0.7227 -0.6911
vn -0.0058 0.1261 -0.9920
vn 0.0060 0.0679 -0.9977
vn -0.0053 -0.5540 -0.8325
vn 0.0096 -0.6207 -0.7840
vn -0.7020 0.6832 -0.2009
vn -0.7191 0.5027 -0.4799
vn -0.7181 0.0666 -0.6927
vn -0.6998 -0.5272 -0.4819
vn -0.0153 -0.9820 0.1881
vn 0.0199 -0.8360 0.5484
vn -0.0196 -0.6293 0.7769
vn 0.0156 -0.2832 0.9589
vn -0.0171 0.0608 0.9980
vn 0.0082 0.2902 0.9569
vn -0.0091 0.6993 0.7148
vn 0.0088 0.7709 0.6369
vn -0.0081 0.9788 0.2046
vn 0.0171 0.9996 -0.0204
vn -0.0117 0.9391 -0.3434
vn 0.0135 0.7193 -0.6945
vn -0.0010 0.6108 -0.7918
vn 0.0025 0.0909 -0.9959
vn 0.7013 -0.3407 0.6262
vn 0.7226 -0.4781 0.4993
vn 0.7077 -0.0035 0.7065
vn 0.7087 -0.0033 0.7055
vn 0.6840 -0.7212 -0.1095
vn 0.7228 -0.6877 -0.0689
vn 0.7079 -0.7064 -0.0025
vn 0.7083 -0.7059 -0.0024
vn 0.7382 0.2771 -0.6150
vn 0.7226 0.4781 -0.4993
vn 0.7077 0.0035 -0.7065
vn 0.7087 0.0033 -0.7055
vn 0.7312 0.6540 -0.1938
vn 0.7086 0.6834 -0.1756
vn 0.6957 0.7143 -0.0759
vn 0.7306 -0.6717 -0.1223
vn 0.7235 -0.6719 -0.1582
vn 0.6986 -0.6053 -0.3815
vn 0.7063 -0.5293 -0.4701
vn 0.7071 -0.3746 -0.5998
vn 0.7088 -0.2826 -0.6463
vn 0.7072 -0.0784 -0.7026
vn 0.7087 0.0086 -0.7055
vn 0.7077 0.2341 -0.6667
vn 0.7082 0.2979 -0.6401
vn 0.7058 0.4925 -0.5092
vn 0.6979 0.5390 -0.4715
vn 0.6900 0.6454 -0.3277
vn 0.7372 -0.4430 -0.5102
vn 0.6870 -0.6510 -0.3228
vn 0.7310 -0.1899 -0.6554
vn 0.7086 -0.0029 -0.7056
vn 0.7085 -0.0029 -0.7057
vn 0.7250 0.6811 0.1026
vn 0.7228 0.6877 0.0689
vn 0.7078 0.7064 0.0025
vn 0.7083 0.7059 0.0024
vn 0.6885 0.7164 -0.1129
vn 0.7053 0.7012 -0.1045
vn 0.7147 0.6872 -0.1302
vn 0.6785 0.7345 -0.0128
vn 0.7172 0.6926 0.0770
vn 0.6958 0.7012 0.1555
vn 0.7011 0.7085 -0.0812
vn 0.7082 0.7060 -0.0022
vn 0.7078 0.7064 -0.0023
vn 0.6916 -0.7181 0.0780
vn 0.7095 -0.6969 0.1051
vn 0.6867 -0.7184 0.1108
vn 0.7112 -0.6902 0.1335
vn 0.6798 -0.7333 0.0121
vn 0.7174 -0.6923 -0.0772
vn 0.6958 -0.7012 -0.1555
vn 0.7083 -0.7059 0.0024
vn 0.7080 -0.7062 0.0025
vn 0.7313 -0.6540 0.1938
vn 0.7086 -0.6834 0.1756
vn 0.6957 -0.7143 0.0759
vn 0.7306 0.6717 0.1222
vn 0.7235 0.6719 0.1582
vn 0.6986 0.6053 0.3815
vn 0.7063 0.5293 0.4701
vn 0.7071 0.3746 0.5998
vn 0.7088 0.2826 0.6463
vn 0.7072 0.0784 0.7026
vn 0.7087 -0.0086 0.7055
vn 0.7077 -0.2341 0.6667
vn 0.7081 -0.2980 0.6401
vn 0.7058 -0.4925 0.5092
vn 0.6979 -0.5390 0.4715
vn 0.6900 -0.6454 0.3277
vn 0.7372 0.4429 0.5102
vn 0.7448 0.6129 0.2638
vn 0.7310 0.1899 0.6554
vn 0.7086 0.0029 0.7056
vn 0.7085 0.0029 0.7057
vn -0.0000 -0.0037 -1.0000
vn -0.0596 -0.3001 -0.9520
vn -0.0036 -0.0061 -1.0000
vn -0.0111 -0.4027 -0.9152
vn 0.0111 -0.9153 -0.4026
vn 0.0590 -0.9519 -0.3006
vn 0.0005 -0.9864 -0.1644
vn -0.0244 -0.9835 -0.1794
vn 0.0035 -0.8510 -0.5252
vn -0.0049 -0.8334 -0.5527
vn 0.0052 -0.5490 -0.8358
vn -0.0049 -0.5181 -0.8553
vn 0.0045 -0.1468 -0.9892
vn -0.0079 -0.0994 -0.9950
vn 0.0070 0.2091 -0.9779
vn -0.0145 0.3398 -0.9404
vn 0.0129 0.5334 -0.8457
vn -0.0129 0.7012 -0.7129
vn 0.0142 0.8341 -0.5514
vn -0.0061 0.9007 -0.4343
vn 0.0019 0.9867 -0.1624
vn 0.0245 0.9862 -0.1638
vn -0.0591 0.9515 -0.3019
vn -0.0113 0.9127 -0.4086
vn 0.0118 0.4014 -0.9158
vn 0.0595 0.2939 -0.9540
vn 0.0039 0.0063 -1.0000
vn -0.0000 0.0037 -1.0000
vn -0.0000 1.0000 -0.0046
vn -0.0449 0.9908 -0.1280
vn -0.0005 1.0000 -0.0049
vn 0.0436 0.9907 -0.1288
vn -0.0001 0.9835 -0.1808
vn -0.0018 0.9842 -0.1772
vn 0.0018 1.0000 -0.0080
vn -0.0016 1.0000 0.0062
vn 0.0019 0.9844 0.1760
vn -0.0001 0.9837 0.1799
vn 0.0450 0.9908 0.1274
vn -0.0436 0.9907 0.1293
vn 0.0008 1.0000 0.0048
vn 1.0000 0.0013 -0.0016
vn 1.0000 -0.0000 -0.0001
vn 1.0000 -0.0001 -0.0000
vn 1.0000 -0.0001 0.0001
vn 1.0000 -0.0003 -0.0000
vn 1.0000 -0.0002 -0.0001
vn 1.0000 0.0010 0.0013
vn 1.0000 -0.0005 -0.0001
vn 1.0000 -0.0003 -0.0001
vn 1.0000 0.0011 0.0013
vn 1.0000 -0.0003 -0.0002
vn 1.0000 -0.0002 -0.0002
vn 1.0000 -0.0001 -0.0003
vn 1.0000 -0.0000 -0.0003
vn 1.0000 0.0001 -0.0003
vn 1.0000 0.0002 -0.0002
vn 1.0000 0.0003 -0.0002
vn 1.0000 0.0004 -0.0000
vn 1.0000 -0.0013 0.0016
vn 1.0000 -0.0000 0.0001
vn 1.0000 -0.0014 0.0016
vn 1.0000 0.0001 -0.0001
vn 1.0000 0.0003 -0.0000
vn 1.0000 0.0004 0.0001
vn 1.0000 -0.0010 -0.0013
vn 1.0000 0.0003 0.0001
vn 1.0000 -0.0011 -0.0013
vn 1.0000 0.0003 0.0002
vn 1.0000 0.0002 0.0002
vn 1.0000 0.0001 0.0003
vn 1.0000 -0.0000 0.0003
vn 1.0000 -0.0001 0.0003
vn 1.0000 -0.0002 0.0002
vn 1.0000 -0.0003 0.0002
vn 1.0000 -0.0002 0.0001
vn 1.0000 -0.0004 -0.0000
vn 1.0000 0.0014 -0.0016
vn -0.3714 -0.0000 -0.9285
vn -0.3358 -0.9311 0.1423
vn -0.3966 -0.9127 0.0980
vn -0.3707 -0.9287 0.0035
vn -0.3723 -0.9281 0.0025
vn -0.3714 -0.0000 0.9285
vn -0.3736 0.9276 0.0065
vn -0.3587 0.9224 0.1429
vn -0.3724 0.9280 0.0079
vn -0.3882 0.9138 0.1198
vn -0.3685 0.8346 0.4094
vn -0.3781 0.7920 0.4793
vn -0.3701 0.6257 0.6867
vn -0.3704 0.5800 0.7255
vn -0.3725 0.3065 0.8759
vn -0.3687 0.3469 0.8624
vn -0.3686 0.0108 0.9295
vn -0.3843 -0.0900 0.9188
vn -0.3645 -0.3166 0.8757
vn -0.3858 -0.4843 0.7853
vn -0.3694 -0.5593 0.7421
vn -0.3757 -0.7323 0.5679
vn -0.3818 -0.7734 0.5060
vn -0.3700 -0.8635 0.3426
vn -0.3607 -0.9210 0.1474
vn -0.3508 -0.9263 0.1374
vn -0.3716 -0.9284 0.0087
vn -0.3736 -0.9276 0.0064
vn -0.3725 0.9280 0.0034
vn -0.4013 0.9099 0.1050
vn -0.3720 0.9282 0.0037
vn -0.4075 0.9021 0.1418
vn -0.3966 0.9127 -0.0980
vn -0.3358 0.9311 -0.1423
vn -0.3693 0.9186 -0.1406
vn -0.3716 0.9127 -0.1700
vn -0.3737 0.9275 -0.0049
vn -0.3692 0.9281 0.0490
vn -0.3740 0.9125 0.1656
vn -0.3713 0.9096 0.1865
vn -0.3694 -0.9186 0.1406
vn -0.3717 -0.9127 0.1700
vn -0.3737 -0.9275 0.0049
vn -0.3693 -0.9280 -0.0490
vn -0.3741 -0.9125 -0.1656
vn -0.3713 -0.9096 -0.1864
vn -0.4075 -0.9021 -0.1418
vn -0.4013 -0.9099 -0.1050
vn -0.3707 0.9287 -0.0035
vn -0.3723 0.9281 -0.0025
vn -0.3725 -0.9280 -0.0034
vn -0.3720 -0.9282 -0.0037
vn -0.3508 0.9263 -0.1374
vn -0.3607 0.9210 -0.1474
vn -0.3716 0.9284 -0.0087
vn -0.3736 0.9276 -0.0064
vn -0.3882 -0.9138 -0.1198
vn -0.3587 -0.9224 -0.1429
vn -0.3685 -0.8346 -0.4094
vn -0.3781 -0.7920 -0.4793
vn -0.3701 -0.6257 -0.6867
vn -0.3704 -0.5800 -0.7255
vn -0.3725 -0.3065 -0.8760
vn -0.3687 -0.3469 -0.8624
vn -0.3686 -0.0108 -0.9295
vn -0.3843 0.0900 -0.9188
vn -0.3645 0.3166 -0.8757
vn -0.3858 0.4843 -0.7853
vn -0.3694 0.5594 -0.7420
vn -0.3757 0.7323 -0.5679
vn -0.3818 0.7734 -0.5060
vn -0.3700 0.8636 -0.3426
vn -0.3736 -0.9276 -0.0065
vn -0.3724 -0.9280 -0.0079
vn -0.0000 -1.0000 -0.0046
vn -0.0375 -0.9912 -0.1273
vn 0.0006 -1.0000 -0.0047
vn 0.0428 -0.9906 -0.1297
vn 0.0001 -0.9835 -0.1808
vn 0.0028 -0.9838 -0.1792
vn -0.0016 -0.9999 -0.0136
vn 0.0006 -0.9999 0.0108
vn -0.0029 -0.9841 0.1777
vn 0.0001 -0.9838 0.1793
vn 0.0368 -0.9914 0.1259
vn -0.0434 -0.9904 0.1312
vn -0.0009 -1.0000 0.0044
vn -0.0000 -1.0000 0.0069
vn -0.0310 -0.9837 0.1772
vn -0.0018 -1.0000 0.0074
vn -0.0072 -0.9887 0.1495
vn -0.0047 -0.8538 0.5205
vn 0.0065 -0.8353 0.5498
vn -0.0063 -0.5637 0.8259
vn 0.0161 -0.5254 0.8507
vn -0.0062 -0.2451 0.9695
vn 0.0296 -0.1063 0.9939
vn -0.0091 0.1108 0.9938
vn 0.0099 0.3267 0.9451
vn -0.0293 0.5206 0.8533
vn 0.0058 0.6391 0.7691
vn -0.0167 0.8350 0.5500
vn 0.0043 0.8588 0.5123
vn 0.0312 0.9829 0.1816
vn 0.0091 0.9892 0.1464
vn 0.0012 1.0000 0.0075
vn -0.0000 1.0000 0.0072
vn 0.0091 -0.9892 -0.1464
vn 0.0012 -1.0000 -0.0075
vn 0.0312 -0.9829 -0.1816
vn -0.0000 -1.0000 -0.0072
vn -0.0000 1.0000 -0.0069
vn -0.0310 0.9837 -0.1772
vn -0.0018 1.0000 -0.0074
vn -0.0072 0.9887 -0.1495
vn -0.0000 1.0000 0.0046
vn -0.0375 0.9912 0.1273
vn 0.0006 1.0000 0.0047
vn 0.0428 0.9906 0.1297
vn 0.0435 0.9905 -0.1304
vn -0.0010 1.0000 -0.0075
vn -0.0448 0.9907 -0.1284
vn -0.0000 1.0000 -0.0066
vn -0.0000 -1.0000 -0.0066
vn 0.0448 -0.9907 -0.1284
vn 0.0010 -1.0000 -0.0075
vn -0.0435 -0.9905 -0.1304
vn -0.0001 -0.9836 -0.1805
vn 0.0018 -0.9845 -0.1756
vn -0.0017 -1.0000 -0.0077
vn 0.0017 -1.0000 0.0077
vn -0.0018 -0.9845 0.1756
vn 0.0001 -0.9836 0.1805
vn -0.0448 -0.9907 0.1284
vn 0.0435 -0.9905 0.1304
vn -0.0434 0.9904 -0.1312
vn -0.0009 1.0000 -0.0044
vn 0.0368 0.9914 -0.1259
vn 0.0001 0.9835 0.1808
vn 0.0028 0.9838 0.1792
vn -0.0016 0.9999 0.0136
vn 0.0006 0.9999 -0.0108
vn -0.0029 0.9841 -0.1777
vn 0.0001 0.9838 -0.1793
vn -0.0010 -1.0000 0.0075
vn -0.0000 -1.0000 0.0066
vn -0.0000 1.0000 0.0066
vn 0.0448 0.9907 0.1284
vn 0.0010 1.0000 0.0075
vn -0.0435 0.9905 0.1304
vn -0.0001 0.9836 0.1805
vn 0.0018 0.9845 0.1756
vn -0.0017 1.0000 0.0077
vn 0.0017 1.0000 -0.0077
vn -0.0018 0.9845 -0.1756
vn 0.0001 0.9836 -0.1805
vn -0.0047 0.8538 -0.5205
vn 0.0065 0.8353 -0.5498
vn -0.0077 0.5518 -0.8339
vn 0.0075 0.5193 -0.8545
vn -0.0061 0.1500 -0.9887
vn 0.0165 0.1028 -0.9946
vn -0.0062 -0.2000 -0.9798
vn 0.0205 -0.3225 -0.9463
vn -0.0197 -0.5345 -0.8449
vn 0.0058 -0.6391 -0.7691
vn -0.0167 -0.8350 -0.5500
vn 0.0043 -0.8588 -0.5123
vn 0.0453 -0.9906 -0.1293
vn 0.0008 -1.0000 -0.0048
vn 0.0450 -0.9908 -0.1274
vn -0.0000 0.0037 1.0000
vn -0.0596 0.3001 0.9520
vn -0.0036 0.0061 1.0000
vn -0.0111 0.4027 0.9153
vn 0.0111 0.9153 0.4026
vn 0.0590 0.9519 0.3006
vn 0.0005 0.9864 0.1644
vn -0.0244 0.9835 0.1794
vn 0.0035 0.8510 0.5252
vn -0.0049 0.8334 0.5527
vn 0.0047 0.5615 0.8275
vn -0.0081 0.5199 0.8542
vn 0.0071 0.2358 0.9718
vn -0.0146 0.1001 0.9949
vn 0.0129 -0.1137 0.9934
vn -0.0163 -0.3422 0.9395
vn 0.0167 -0.5149 0.8571
vn -0.0129 -0.7012 0.7129
vn 0.0142 -0.8341 0.5514
vn -0.0061 -0.9007 0.4343
vn 0.0019 -0.9867 0.1624
vn 0.0245 -0.9862 0.1638
vn -0.0590 -0.9515 0.3019
vn -0.0113 -0.9127 0.4086
vn 0.0118 -0.4014 0.9158
vn 0.0595 -0.2939 0.9540
vn 0.0039 -0.0063 1.0000
vn -0.0000 -0.0037 1.0000
vn -0.0000 -1.0000 0.0046
vn -0.0449 -0.9908 0.1280
vn -0.0005 -1.0000 0.0049
vn 0.0436 -0.9907 0.1288
vn -0.0001 -0.9835 0.1808
vn -0.0018 -0.9842 0.1772
vn 0.0018 -1.0000 0.0080
vn -0.0016 -1.0000 -0.0062
vn 0.0019 -0.9844 -0.1760
vn -0.0001 -0.9837 -0.1799
vn -0.0000 1.0000 -0.0084
vn -0.0268 0.9917 -0.1260
vn -0.0016 0.9999 -0.0109
vn 0.0018 0.9921 -0.1252
vn 0.0054 0.9050 -0.4254
vn -0.0015 0.9295 -0.3689
vn -0.0011 0.7908 -0.6121
vn 0.0008 0.7411 -0.6714
vn 0.0012 0.5390 -0.8423
vn -0.0009 0.6030 -0.7977
vn -0.0058 0.3374 -0.9413
vn 0.0007 0.2764 -0.9610
vn -0.0021 0.0129 -0.9999
vn -0.0057 -0.0081 -1.0000
vn 0.0052 -0.2629 -0.9648
vn -0.0105 -0.3669 -0.9302
vn 0.0080 -0.5183 -0.8552
vn -0.0081 -0.6810 -0.7322
vn 0.0002 -0.7374 -0.6754
vn -0.0025 -0.8917 -0.4526
vn -0.0028 -0.8950 -0.4461
vn 0.0027 -0.9897 -0.1432
vn 0.0270 -0.9911 -0.1300
vn 0.0016 -0.9999 -0.0115
vn -0.0000 -1.0000 -0.0091
vn -0.0000 -1.0000 -0.0027
vn -0.0352 -0.9916 -0.1247
vn 0.0002 -1.0000 -0.0029
vn 0.0381 -0.9907 -0.1307
vn -0.0027 -0.9791 -0.2032
vn 0.0076 -0.9894 -0.1452
vn -0.0072 -0.9988 -0.0490
vn 0.0068 -0.9986 0.0524
vn -0.0072 -0.9887 0.1499
vn 0.0031 -0.9789 0.2042
vn 0.0355 -0.9914 0.1258
vn -0.0382 -0.9905 0.1320
vn -0.0005 -1.0000 0.0029
vn -0.0000 -1.0000 0.0026
vn -0.0000 -1.0000 0.0084
vn -0.0268 -0.9917 0.1260
vn -0.0016 -0.9999 0.0109
vn 0.0018 -0.9921 0.1252
vn 0.0076 -0.9003 0.4352
vn -0.0015 -0.9295 0.3689
vn -0.0074 -0.7940 0.6078
vn 0.0110 -0.6844 0.7290
vn -0.0052 -0.5967 0.8024
vn 0.0060 -0.3750 0.9270
vn -0.0029 -0.3392 0.9407
vn 0.0031 -0.0288 0.9996
vn -0.0057 0.0081 1.0000
vn 0.0052 0.2629 0.9648
vn -0.0105 0.3669 0.9302
vn 0.0080 0.5183 0.8552
vn -0.0081 0.6810 0.7322
vn 0.0002 0.7374 0.6754
vn -0.0025 0.8917 0.4526
vn -0.0028 0.8950 0.4461
vn 0.0027 0.9897 0.1432
vn 0.0270 0.9911 0.1300
vn 0.0016 0.9999 0.0115
vn -0.0000 1.0000 0.0091
vn -0.0000 1.0000 0.0024
vn -0.0003 0.9937 0.1121
vn 0.0003 1.0000 0.0027
vn 0.0367 0.9877 0.1518
vn -0.0262 0.9803 0.1959
vn -0.0000 0.9797 0.2003
vn -0.0014 0.9988 0.0487
vn 0.0023 0.9994 0.0355
vn -0.0029 0.9891 -0.1469
vn 0.0003 0.9842 -0.1771
vn 0.0158 0.9940 -0.1081
vn -0.0140 0.9919 -0.1262
vn -0.0002 1.0000 -0.0027
vn -0.0000 1.0000 -0.0026
vn -0.6794 0.5432 0.4934
vn -0.6731 0.6711 0.3107
vn -0.6830 0.1832 -0.7070
vn -0.6840 0.3367 -0.6471
vn 0.0074 0.8817 0.4717
vn -0.0137 0.9289 0.3701
vn -0.0064 0.7015 0.7126
vn 0.0067 0.9851 0.1717
vn -0.0096 0.9967 -0.0809
vn 0.0036 0.9915 -0.1298
vn 0.0009 0.9057 -0.4240
vn -0.0009 0.9016 -0.4325
vn 0.6651 0.5249 -0.5311
vn -0.0042 0.7133 -0.7008
vn -0.0077 0.3887 -0.9213
vn 0.6768 0.3067 -0.6692
vn 0.0079 0.0954 -0.9954
vn -0.0043 0.0329 -0.9994
vn 0.0104 -0.2991 -0.9542
vn -0.0036 -0.2683 -0.9633
vn -0.0072 -0.5437 -0.8392
vn 0.0132 -0.6585 -0.7525
vn -0.0110 -0.7764 -0.6301
vn 0.0110 -0.8836 -0.4681
vn -0.0132 -0.9501 -0.3117
vn 0.0072 -0.9850 -0.1722
vn -0.0074 -0.9960 0.0890
vn 0.0036 -0.9915 0.1298
vn 0.0009 -0.9057 0.4240
vn -0.0009 -0.9016 0.4325
vn 0.6635 -0.5182 0.5397
vn -0.0042 -0.7133 0.7008
vn -0.0092 -0.3700 0.9290
vn 0.6621 -0.2262 0.7145
vn -0.0067 0.0793 0.9968
vn 0.0042 0.1084 0.9941
vn 0.0007 0.4154 0.9096
vn -0.0031 0.4311 0.9023
vn 0.0031 0.6743 0.7385
vn 0.0028 0.8886 0.4588
vn 0.0061 0.9797 0.2006
vn -0.0074 0.9984 0.0555
vn 0.0021 0.9989 -0.0472
vn -0.0025 0.9650 -0.2624
vn -0.0044 0.9608 -0.2773
vn 0.0047 0.8800 -0.4750
vn -0.0069 0.8385 -0.5448
vn 0.0076 0.7423 -0.6700
vn -0.0076 0.6587 -0.7524
vn 0.0069 0.5321 -0.8467
vn 0.0040 0.2793 -0.9602
vn 0.0019 0.0454 -0.9990
vn -0.0040 0.0159 -0.9999
vn 0.0047 -0.1798 -0.9837
vn -0.0085 -0.2683 -0.9633
vn 0.0055 -0.4010 -0.9161
vn -0.0063 -0.5646 -0.8254
vn 0.0022 -0.5993 -0.8005
vn 0.0003 -0.7680 -0.6405
vn -0.0029 -0.7774 -0.6290
vn 0.0028 -0.9133 -0.4073
vn -0.0053 -0.9269 -0.3754
vn 0.0053 -0.9897 -0.1430
vn -0.0092 -0.9987 -0.0507
vn 0.0055 -0.9951 0.0983
vn -0.0063 -0.9594 0.2819
vn 0.0022 -0.9465 0.3226
vn 0.0002 -0.8509 0.5253
vn -0.0042 -0.8389 0.5443
vn 0.0047 -0.7105 0.7037
vn -0.0069 -0.6510 0.7590
vn 0.0076 -0.5235 0.8520
vn -0.0076 -0.4200 0.9075
vn 0.0069 -0.2720 0.9623
vn -0.0047 -0.1930 0.9812
vn 0.0042 0.0109 0.9999
vn -0.0002 0.0333 0.9994
vn 0.0035 0.2896 0.9571
vn -0.0026 0.2652 0.9642
vn -0.0035 0.5224 0.8527
vn 0.0026 0.5438 0.8392
vn 0.0003 0.7301 0.6833
vt -0.000000 -0.640312
vt -0.500000 -0.640312
vt -0.000000 -0.740312
vt -0.500000 -0.740312
vt -0.400000 -0.640312
vt -0.400000 -0.740312
vt 0.500000 -0.640312
vt 0.500000 -0.740312
vt 0.400000 -0.640312
vt 0.400000 -0.740312
vt 0.800000 1.025000
vt 0.300000 1.025000
vt 0.800000 0.625000
vt 0.300000 0.625000
vt 0.080000 -0.265827
vt 0.000000 -0.265827
vt 0.080000 -0.314159
vt 0.000000 -0.314159
vt 0.080000 0.314159
vt 0.000000 0.314159
vt 0.080000 0.265827
vt 0.000000 0.265827
vt 0.080000 0.217495
vt 0.000000 0.217495
vt 0.080000 0.169163
vt 0.000000 0.169163
vt 0.080000 0.120830
vt 0.000000 0.120830
vt 0.080000 0.072498
vt 0.000000 0.072498
vt 0.080000 0.024166
vt 0.000000 0.024166
vt 0.080000 -0.024166
vt 0.000000 -0.024166
vt 0.080000 -0.072498
vt 0.000000 -0.072498
vt 0.080000 -0.120830
vt 0.000000 -0.120830
vt 0.080000 -0.169163
vt 0.000000 -0.169163
vt 0.080000 -0.217495
vt 0.000000 -0.217495
vt -0.860147 -0.300000
vt -0.340000 -0.300000
vt -0.860147 -0.080000
vt -0.340000 -0.080000
vt 0.520147 0.350000
vt -0.000000 0.350000
vt 0.520147 0.000000
vt -0.000000 0.000000
vt 0.350000 0.220000
vt -0.000000 0.220000
vt 0.350000 0.000000
vt -0.520147 0.350000
vt -0.520147 0.000000
vt -0.350000 0.000000
vt -0.350000 0.220000
vt -0.300000 1.950000
vt -0.900000 1.950000
vt -0.300000 1.550000
vt -0.900000 1.550000
vt -0.000000 0.300000
vt -0.400000 0.300000
vt -0.400000 0.000000
vt 0.600000 0.300000
vt 0.600000 0.000000
vt 0.400000 0.300000
vt 0.400000 0.000000
vt -0.040000 0.260000
vt -0.600000 0.300000
vt -0.560147 0.260000
vt -0.600000 0.000000
vt -0.560147 0.040000
vt -0.040000 0.040000
vt 0.970241 0.020000
vt 1.470241 0.020000
vt 0.970241 0.100000
vt 1.470241 0.100000
vt -0.000000 0.100000
vt -0.275000 0.100000
vt -0.000000 0.020000
vt -0.275000 0.020000
vt 0.525000 0.100000
vt 0.525000 0.020000
vt 0.642610 0.020000
vt 2.042610 0.020000
vt 0.642610 0.100000
vt 2.042610 0.100000
vt -0.100000 0.100000
vt -0.100000 0.020000
vt 0.100000 0.157080
vt 0.020000 0.157080
vt 0.100000 0.101897
vt 0.020000 0.094454
vt 0.100000 0.028723
vt 0.020000 0.029508
vt 0.020000 -0.157080
vt 0.100000 -0.157080
vt 0.020000 -0.101896
vt 0.100000 -0.094453
vt 0.020000 -0.028723
vt 0.100000 -0.029508
vt -0.000000 -0.080000
vt 1.000000 -0.080000
vt 1.000000 0.000000
vt 1.229837 -0.080000
vt 1.229837 0.000000
vt 2.800000 0.000000
vt 2.800000 -0.080000
vt 0.350000 -0.080000
vt 0.447214 -0.080000
vt 0.670820 -0.080000
vt 0.447214 0.000000
vt 0.670820 0.000000
vt 0.782624 -0.080000
vt 0.782624 0.000000
vt 4.000000 0.000000
vt 3.100000 0.000000
vt 4.000000 -0.080000
vt 3.100000 -0.080000
vt 0.100000 0.229004
vt 0.020000 0.230261
vt 0.100000 0.152716
vt 0.020000 0.152716
vt 0.100000 0.091630
vt 0.020000 0.091630
vt 0.100000 0.030543
vt 0.020000 0.030543
vt 0.100000 -0.030543
vt 0.020000 -0.030543
vt 0.100000 -0.091630
vt 0.020000 -0.091630
vt 0.100000 -0.152716
vt 0.020000 -0.152716
vt 0.100000 -0.230261
vt 0.020000 -0.229004
vt -0.080000 -0.265827
vt -0.080000 -0.314159
vt -0.080000 0.314159
vt -0.080000 0.265827
vt -0.080000 0.217495
vt -0.080000 0.169163
vt -0.080000 0.120830
vt -0.080000 0.072498
vt -0.080000 0.024166
vt -0.080000 -0.024166
vt -0.080000 -0.072498
vt -0.080000 -0.120830
vt -0.080000 -0.169163
vt -0.080000 -0.217495
vt 1.050000 2.000000
vt 0.918502 -1.674540
vt 1.050000 -2.000000
vt 0.924271 -1.722054
vt 0.907298 -1.766806
vt 0.700000 2.700000
vt 0.550000 2.200000
vt 0.550000 1.800000
vt 0.848932 -1.612906
vt 0.801068 -1.612906
vt 0.758688 -1.635149
vt 0.731498 -1.674540
vt 0.050000 1.800000
vt -0.731498 -1.674540
vt -0.412512 1.690942
vt -0.481273 1.657711
vt -0.700000 2.700000
vt -0.564540 2.593502
vt -0.525149 2.566312
vt 0.050000 2.200000
vt -0.502906 2.523932
vt -0.373446 1.912500
vt -0.502906 2.476068
vt -0.412512 1.959058
vt -0.480041 1.992072
vt -0.525149 2.433688
vt -0.564540 2.406498
vt -0.612054 2.400729
vt -0.800000 2.500000
vt -0.700000 2.500000
vt -0.688546 2.546472
vt -0.656806 2.582299
vt -0.688546 2.453528
vt -0.800000 2.000000
vt -0.656806 2.417701
vt -0.352659 1.855389
vt -0.352659 1.794612
vt -0.373446 1.737500
vt -0.955568 -0.872010
vt -0.758688 -1.635149
vt -0.955720 -1.028755
vt -0.801068 -1.612906
vt -0.848932 -1.612906
vt -0.891312 -1.635149
vt -0.992436 -1.079495
vt -0.918502 -1.674540
vt -1.050000 -1.100000
vt -0.998585 -0.816396
vt -1.050000 1.650000
vt -1.050000 -0.800000
vt -1.050000 -2.000000
vt -0.924271 -1.722054
vt -0.907298 -1.766806
vt -0.871472 -1.798546
vt -0.825000 -1.810000
vt -0.500000 -3.100000
vt -0.778528 -1.798546
vt -0.742702 -1.766806
vt -0.725729 -1.722054
vt 0.400000 -2.700000
vt 0.411454 -2.653528
vt 0.411454 -2.746472
vt 0.500000 -3.100000
vt 0.443194 -2.782299
vt 0.487946 -2.799271
vt 0.535460 -2.793502
vt 0.574851 -2.766312
vt 0.597094 -2.723932
vt 0.597094 -2.676069
vt 0.825000 -1.810000
vt 0.778528 -1.798546
vt 0.742702 -1.766806
vt 0.574851 -2.633688
vt 0.725729 -1.722054
vt 0.535460 -2.606498
vt 0.487946 -2.600729
vt 0.443194 -2.617702
vt 0.891312 -1.635149
vt 0.871472 -1.798546
vt -0.612054 2.599271
vt -1.050000 2.000000
vt 0.502906 2.523932
vt 0.373446 1.912500
vt 0.502906 2.476068
vt 0.412512 1.959058
vt 0.481273 1.992290
vt -0.597094 -2.723932
vt -0.597094 -2.676069
vt -0.574851 -2.633688
vt -0.535460 -2.606498
vt -0.487946 -2.600729
vt -0.411454 -2.746472
vt -0.443194 -2.782299
vt -0.487946 -2.799271
vt 1.050000 -1.100000
vt 0.998585 -1.083604
vt 0.955568 -1.027990
vt 0.955720 -0.871244
vt 0.480041 1.657928
vt 0.412512 1.690942
vt 0.992436 -0.820505
vt 1.050000 1.650000
vt 1.050000 -0.800000
vt 0.373446 1.737500
vt 0.352659 1.794612
vt 0.352659 1.855389
vt 0.525149 2.433688
vt 0.564540 2.406498
vt 0.612054 2.400729
vt 0.656806 2.417701
vt 0.800000 2.000000
vt 0.688546 2.453528
vt 0.800000 2.500000
vt 0.700000 2.500000
vt 0.688546 2.546472
vt 0.656806 2.582299
vt 0.612054 2.599271
vt 0.564540 2.593502
vt 0.525149 2.566312
vt -0.400000 -2.700000
vt -0.411454 -2.653528
vt -0.443194 -2.617702
vt -0.535460 -2.793502
vt -0.574851 -2.766312
vt -0.000000 0.222292
vt -0.350000 0.222292
vt -0.000000 0.133375
vt -0.350000 0.133375
vt 0.000000 0.007905
vt -0.350000 -0.007905
vt -0.000000 -0.133375
vt -0.350000 -0.133375
vt -0.000000 -0.222292
vt -0.350000 -0.222292
vt 0.000000 0.007904
vt -0.350000 -0.007906
vt -1.002250 0.050000
vt -1.340000 0.050000
vt -1.002250 -0.300000
vt -1.340000 -0.300000
vt -0.377750 -0.300000
vt -0.040000 -0.300000
vt -0.377750 0.050000
vt -0.040000 0.050000
vt 0.377750 0.050000
vt 0.040000 0.050000
vt 0.377750 -0.300000
vt 0.040000 -0.300000
vt 1.002250 -0.300000
vt 1.340000 -0.300000
vt 1.002250 0.050000
vt 1.340000 0.050000
vt 0.350000 -0.255245
vt 0.000000 -0.262194
vt 0.350000 -0.314159
vt 0.350000 0.299153
vt 0.000000 0.292204
vt 0.350000 0.240239
vt 0.000000 0.240239
vt 0.350000 0.188274
vt 0.000000 0.181325
vt 0.350000 0.129360
vt 0.000000 0.129360
vt 0.350000 0.077394
vt 0.000000 0.070445
vt 0.350000 0.003475
vt 0.000000 -0.003474
vt 0.350000 -0.055440
vt 0.000000 -0.055440
vt 0.350000 -0.107405
vt 0.000000 -0.114354
vt 0.350000 -0.181325
vt 0.000000 -0.188274
vt 0.350000 0.314159
vt 0.350000 0.262194
vt 0.000000 0.255245
vt 0.350000 0.188274
vt 0.000000 0.181325
vt 0.350000 0.114354
vt 0.000000 0.107405
vt 0.350000 0.055440
vt 0.000000 0.055440
vt 0.000000 -0.003475
vt 0.350000 -0.070445
vt 0.000000 -0.077394
vt 0.350000 -0.129360
vt 0.000000 -0.151314
vt 0.350000 -0.181325
vt 0.000000 -0.225234
vt 0.350000 -0.240239
vt 0.350000 -0.292204
vt 0.000000 -0.299153
vt 1.002911 -0.119456
vt 1.007085 0.049116
vt 0.955879 0.068139
vt 0.981743 0.237235
vt 0.911796 0.294915
vt 0.926959 0.396712
vt 0.814724 0.504551
vt 0.807842 0.603344
vt 0.670302 0.684866
vt 0.643525 0.776214
vt 0.545342 0.790065
vt 0.443199 0.905653
vt 0.383884 0.878055
vt 0.266223 0.974282
vt 0.229743 0.932104
vt 0.100114 1.003300
vt 0.047577 0.957122
vt -0.089684 1.006010
vt -0.182860 0.940696
vt -0.255503 0.975373
vt -0.402669 0.869600
vt -0.477455 0.888071
vt -0.599077 0.747966
vt -0.672693 0.751077
vt -0.760669 0.582863
vt -0.830291 0.572058
vt -0.878054 0.383886
vt -0.941430 0.361030
vt -0.944409 0.162598
vt -0.994073 0.178659
vt -1.008226 0.010629
vt -0.955879 -0.068138
vt -0.982516 -0.226486
vt -0.932104 -0.229743
vt -0.869600 -0.402669
vt -0.901829 -0.450929
vt -0.790065 -0.545342
vt -0.770681 -0.650141
vt -0.670302 -0.684866
vt -0.596412 -0.812974
vt -0.545342 -0.790065
vt -0.383886 -0.878054
vt -0.434366 -0.911826
vt -0.276009 -0.969769
vt -0.229743 -0.932104
vt -0.047577 -0.957122
vt -0.040502 -1.007468
vt 0.182860 -0.940696
vt 0.197272 -0.988796
vt 0.402668 -0.869601
vt 0.424008 -0.914795
vt 0.545342 -0.790065
vt 0.627018 -0.789609
vt 0.684867 -0.670301
vt 0.765086 -0.659350
vt 0.825380 -0.486924
vt 0.862722 -0.521867
vt 0.917924 -0.275250
vt 0.961164 -0.304625
vt 0.953001 -0.115715
vt -0.050000 3.015929
vt -0.350000 3.015929
vt -0.050000 2.899932
vt -0.350000 2.899932
vt -0.050000 2.736241
vt -0.350000 2.715630
vt -0.050000 2.504247
vt -0.350000 2.483637
vt -0.050000 2.272253
vt -0.350000 2.319945
vt -0.350000 2.135642
vt -0.050000 2.087951
vt -0.050000 1.924258
vt -0.350000 1.903648
vt -0.050000 1.692266
vt -0.350000 1.671656
vt -0.050000 1.460271
vt -0.350000 1.439660
vt -0.050000 1.275970
vt -0.350000 1.275970
vt -0.050000 1.112280
vt -0.350000 1.091669
vt -0.050000 0.927978
vt -0.350000 0.859674
vt -0.050000 0.764287
vt -0.350000 0.627680
vt -0.050000 0.579986
vt -0.050000 0.416296
vt -0.350000 0.395685
vt -0.050000 0.231995
vt -0.350000 0.163690
vt -0.050000 0.068304
vt -0.350000 -0.068304
vt -0.050000 -0.163690
vt -0.350000 -0.231995
vt -0.050000 -0.395685
vt -0.350000 -0.416296
vt -0.050000 -0.627680
vt -0.350000 -0.648291
vt -0.050000 -0.859675
vt -0.350000 -0.880285
vt -0.050000 -1.091668
vt -0.350000 -1.112279
vt -0.050000 -1.323663
vt -0.350000 -1.344274
vt -0.050000 -1.555658
vt -0.350000 -1.576269
vt -0.050000 -1.739959
vt -0.350000 -1.739959
vt -0.050000 -1.903647
vt -0.350000 -1.924258
vt -0.050000 -2.087951
vt -0.350000 -2.087951
vt -0.050000 -2.251642
vt -0.350000 -2.272253
vt -0.050000 -2.483637
vt -0.350000 -2.504247
vt -0.050000 -2.715630
vt -0.350000 -2.736241
vt -0.050000 -2.947624
vt -0.350000 -2.968235
vt 0.957122 0.047578
vt 0.873904 0.042775
vt 0.866421 -0.121759
vt 0.842466 0.229401
vt 0.917924 0.275250
vt 0.825380 0.486924
vt 0.751647 0.447898
vt 0.630537 0.603921
vt 0.684867 0.670301
vt 0.450690 0.749979
vt 0.402668 0.869601
vt 0.295361 0.823605
vt 0.170919 0.859214
vt 0.068138 0.955879
vt 0.042122 0.873895
vt -0.129543 0.865325
vt -0.162599 0.944409
vt -0.294434 0.823915
vt -0.383886 0.878054
vt -0.449309 0.750718
vt -0.582862 0.760669
vt -0.586653 0.649153
vt -0.747965 0.599078
vt -0.719626 0.494475
vt -0.869600 0.402669
vt -0.823901 0.294620
vt -0.932104 0.229743
vt -0.865257 0.128438
vt -0.955879 0.068138
vt -0.873927 -0.042672
vt -0.944409 -0.162598
vt -0.849267 -0.211626
vt -0.878054 -0.383886
vt -0.792091 -0.372143
vt -0.703882 -0.519377
vt -0.760669 -0.582863
vt -0.619168 -0.619237
vt -0.599077 -0.747966
vt -0.520714 -0.703011
vt -0.402669 -0.869600
vt -0.375116 -0.790600
vt -0.141804 -0.861560
vt -0.068138 -0.955879
vt 0.044139 -0.873775
vt 0.162599 -0.944409
vt 0.213131 -0.848635
vt 0.383884 -0.878055
vt 0.374030 -0.790934
vt 0.522607 -0.701772
vt 0.582861 -0.760670
vt 0.648025 -0.587856
vt 0.718570 -0.636598
vt 0.814724 -0.504551
vt 0.786137 -0.373919
vt 0.911796 -0.294915
vt 0.581922 1.550797
vt 0.510933 1.513723
vt 0.639205 1.495411
vt 0.619941 1.406967
vt 0.902574 1.357583
vt 0.736243 1.332006
vt 0.805648 1.196967
vt 0.939597 1.159267
vt 0.637814 1.006044
vt 0.488946 1.042506
vt 0.506099 0.952050
vt 0.498938 1.417008
vt 0.592747 1.317827
vt 0.637816 1.234517
vt 1.093534 1.159642
vt 1.092511 0.893562
vt 1.244467 1.046875
vt 0.504058 1.280864
vt 0.637818 1.158182
vt 0.805642 1.045186
vt 0.939597 0.968803
vt 0.511489 1.165657
vt 0.637797 1.082323
vt 0.728344 0.777723
vt 0.626108 0.819713
vt 0.637814 0.701230
vt 0.766546 0.664022
vt 1.093970 0.664707
vt 0.896373 0.664252
vt 1.093127 0.455546
vt 0.727876 0.378328
vt 0.605370 0.449309
vt 0.582751 0.357713
vt 0.489391 0.412630
vt 0.515835 0.281547
vt 0.529338 0.867319
vt 0.512607 0.788548
vt 0.896377 0.511704
vt 0.637794 0.625403
vt 0.515261 0.685440
vt 0.766546 0.511478
vt 0.637812 0.549091
vt 0.488921 0.509145
vt 0.637805 0.130374
vt 0.515000 0.152847
vt 0.637823 0.054050
vt 0.894489 -0.726186
vt 0.902007 -0.848623
vt 1.093119 -0.914923
vt 1.377771 -1.097445
vt 1.339645 -0.493280
vt 1.244467 -1.030564
vt 0.510176 0.064180
vt 0.589987 -0.059077
vt 0.727881 -0.041008
vt 0.906280 -0.063816
vt 0.805303 -0.215484
vt 0.728337 -0.136114
vt 0.893042 -0.290215
vt 1.054111 -0.153406
vt 0.488908 -0.024092
vt 0.489391 -0.120543
vt 0.580009 -0.154595
vt 0.497081 -0.219012
vt 0.637799 -0.212481
vt 0.637796 -0.288452
vt 0.637816 -0.364770
vt 0.766546 -0.402400
vt 0.508680 -0.305218
vt 0.529102 -0.386163
vt 0.605424 -0.616787
vt 0.579844 -0.725497
vt 0.727869 -0.687806
vt 0.766546 -0.821373
vt 0.488948 -0.556731
vt 0.503814 -0.684270
vt 0.637818 -0.783671
vt 0.896375 -0.972878
vt 0.637819 -0.859938
vt 0.512643 -0.810892
vt 0.637805 -0.935795
vt 0.515055 -0.913452
vt 0.637816 -1.012132
vt 0.510147 -1.001985
vt 0.489349 -1.091352
vt 0.637943 -1.091310
vt 0.766546 -1.117847
vt 0.766546 -0.973119
vt 0.895419 -1.144088
vt 1.093668 -1.143576
vt 0.609009 -1.192951
vt 0.503942 -1.180390
vt 0.489391 -1.331645
vt 0.584155 -1.301534
vt 0.584161 -1.412141
vt 0.489391 -1.481879
vt 0.581403 -1.521623
vt 0.489391 -1.550797
vt 0.726289 -1.516932
vt 0.701838 -1.374558
vt 0.727740 -1.245349
vt 0.806018 -1.411106
vt 0.905996 -1.527018
vt 0.910356 -1.336196
vt 1.093084 -1.386123
vt 1.080286 -1.550797
vt 1.227267 -1.480839
vt 1.197496 -0.534928
vt 1.093969 -0.705805
vt 0.766546 -0.554236
vt 0.637811 -0.517111
vt 0.637826 -0.441086
vt 0.510068 -0.469120
vt 0.766546 0.244877
vt 0.637821 0.282375
vt 0.637791 0.206543
vt 1.244467 0.495076
vt 1.372593 1.203958
vt 1.339645 1.040293
vt 1.339645 0.324226
vt 0.907057 0.802280
vt 0.805652 0.892480
vt 0.805916 1.467582
vt 0.902991 1.537778
vt 0.725749 1.550797
vt 1.244467 -0.114725
vt 1.089432 1.416703
vt 1.216415 1.499897
vt 0.637822 0.929718
vt 0.896686 0.378627
vt 0.510077 0.597450
vt 0.896372 0.245109
vt 1.092504 0.171116
vt 0.766546 0.093065
vt 0.896385 0.093294
vt 1.149289 -0.153154
vt 1.054111 -0.478272
vt 0.899671 -0.428659
vt 0.894493 -0.573888
vt -0.750000 -3.053272
vt -0.800000 -3.123778
vt -0.750000 -3.173009
vt -0.750000 3.123778
vt -0.800000 3.173009
vt -0.800000 3.053272
vt -0.750000 2.884302
vt -0.800000 2.863033
vt -0.750000 2.644830
vt -0.800000 2.623560
vt -0.750000 2.454592
vt -0.800000 2.454592
vt -0.750000 2.285623
vt -0.800000 2.264353
vt -0.750000 2.046151
vt -0.800000 2.024881
vt -0.750000 1.855911
vt -0.800000 1.785407
vt -0.750000 1.686942
vt -0.800000 1.545934
vt -0.750000 1.447470
vt -0.800000 1.306463
vt -0.750000 1.207997
vt -0.800000 1.137494
vt -0.750000 0.968523
vt -0.800000 0.947253
vt -0.750000 0.778285
vt -0.800000 0.707782
vt -0.750000 0.609316
vt -0.800000 0.468309
vt -0.750000 0.369844
vt -0.800000 0.228837
vt -0.750000 0.179604
vt -0.750000 0.010635
vt -0.800000 -0.010635
vt -0.750000 -0.228837
vt -0.800000 -0.179604
vt -0.800000 -0.369844
vt -0.750000 -0.468309
vt -0.800000 -0.609316
vt -0.750000 -0.707782
vt -0.800000 -0.848788
vt -0.750000 -0.898021
vt -0.750000 -1.066991
vt -0.800000 -1.088261
vt -0.750000 -1.306463
vt -0.800000 -1.327733
vt -0.750000 -1.545934
vt -0.800000 -1.496702
vt -0.800000 -1.686942
vt -0.750000 -1.736174
vt -0.750000 -1.905144
vt -0.800000 -1.855911
vt -0.800000 -2.046151
vt -0.750000 -2.095383
vt -0.750000 -2.264353
vt -0.800000 -2.285623
vt -0.750000 -2.454592
vt -0.800000 -2.525094
vt -0.750000 -2.623560
vt -0.800000 -2.764568
vt -0.750000 -2.863033
vt -0.800000 -2.933536
vt 0.049116 -2.617085
vt 0.000000 -2.208240
vt -0.119456 -2.612911
vt -0.181661 -2.179992
vt -0.304625 -2.571164
vt -0.521867 -2.472722
vt -0.338831 -2.103079
vt -0.659350 -2.375087
vt -0.447932 -2.009195
vt -0.789609 -2.237018
vt -0.527037 -1.893076
vt -0.884492 -2.097620
vt -0.958523 -1.922835
vt -0.588138 -1.719563
vt -0.998931 -1.759123
vt -1.007468 -1.569498
vt -0.593950 -1.538422
vt -0.969769 -1.333992
vt -0.544838 -1.362920
vt -0.877808 -1.113929
vt -0.450885 -1.216765
vt -0.784289 -0.973611
vt -0.650141 -0.839319
vt -0.310006 -1.098325
vt -0.450929 -0.708171
vt -0.181032 -1.037962
vt -0.226486 -0.627484
vt -0.041222 -1.013165
vt 0.010629 -0.601774
vt 0.141184 -1.028637
vt 0.178659 -0.615927
vt 0.361030 -0.668570
vt 0.310006 -1.098325
vt 0.572058 -0.779709
vt 0.450885 -1.216765
vt 0.703517 -0.885318
vt 0.825366 -1.030860
vt 0.544838 -1.362920
vt 0.938308 -1.240930
vt 0.593950 -1.538422
vt 0.998745 -1.471652
vt 1.003300 -1.710114
vt 0.588138 -1.719563
vt 0.974282 -1.876223
vt 0.905653 -2.053199
vt 0.527037 -1.893076
vt 0.776215 -2.253525
vt 0.447932 -2.009195
vt 0.659350 -2.375087
vt 0.338831 -2.103079
vt 0.503563 -2.483532
vt 0.181661 -2.179992
vt 0.284295 -2.577373
vt -0.597923 -0.049724
vt -0.497509 -0.049800
vt -0.597913 0.050000
vt -0.497501 0.049937
vt -0.492962 -0.342013
vt -0.405955 -0.291883
vt -0.542808 -0.255655
vt -0.455817 -0.205503
vt -0.455755 0.205626
vt -0.405880 0.291997
vt -0.492962 0.342013
vt -0.542808 0.255655
vt -0.255893 -0.542682
vt -0.205626 -0.455755
vt -0.342258 -0.492808
vt -0.291997 -0.405880
vt -0.291883 0.405955
vt -0.205503 0.455817
vt -0.255893 0.542682
vt -0.342258 0.492808
vt -0.049729 -0.597923
vt 0.050000 -0.597913
vt 0.049800 -0.497509
vt -0.049937 -0.497501
vt -0.049800 0.497509
vt 0.049937 0.497501
vt 0.050000 0.597913
vt -0.049729 0.597923
vt 0.342024 -0.492956
vt 0.291883 -0.405955
vt 0.255655 -0.542808
vt 0.205503 -0.455817
vt 0.205626 0.455755
vt 0.291997 0.405880
vt 0.342024 0.492956
vt 0.255655 0.542808
vt 0.492952 -0.342028
vt 0.542808 -0.255655
vt 0.455755 -0.205626
vt 0.405880 -0.291997
vt 0.405955 0.291883
vt 0.455817 0.205503
vt 0.542808 0.255655
vt 0.492952 0.342028
vt 0.000000 1.835087
vt -0.900000 1.843572
vt 0.000000 1.727017
vt -0.900000 1.701058
vt -0.000000 1.620854
vt -0.900000 1.558132
vt 0.000000 1.521009
vt 0.000000 1.416706
vt -0.900000 1.372814
vt 0.000000 1.306418
vt -0.900000 1.197926
vt -0.000000 1.206579
vt 0.000000 1.099215
vt -0.900000 1.014432
vt -0.000000 0.992536
vt 0.000000 0.892692
vt -0.900000 0.831963
vt 0.000000 0.784391
vt -0.900000 0.646737
vt 0.000000 0.678107
vt -0.000000 0.578260
vt -0.900000 0.505720
vt 0.000000 0.472009
vt -0.900000 0.361252
vt 0.000000 0.363928
vt -0.000000 0.264101
vt -0.900000 0.185116
vt 0.000000 0.152203
vt -0.900000 0.000000
vt -0.000000 0.050058
vt 0.000000 -0.049781
vt 0.000000 -0.152203
vt -0.900000 -0.185116
vt -0.000000 -0.264101
vt -0.900000 -0.361253
vt 0.000000 -0.363928
vt 0.000000 -0.472009
vt -0.900000 -0.505720
vt -0.000000 -0.578260
vt -0.900000 -0.646737
vt 0.000000 -0.678107
vt 0.000000 -0.784391
vt -0.900000 -0.831963
vt 0.000000 -0.892692
vt -0.900000 -1.014432
vt -0.000000 -0.992536
vt 0.000000 -1.099215
vt -0.900000 -1.197926
vt -0.000000 -1.206579
vt 0.000000 -1.306418
vt -0.900000 -1.372814
vt 0.000000 -1.416706
vt -0.900000 -1.558132
vt 0.000000 -1.521009
vt -0.000000 -1.620854
vt -0.900000 -1.742023
vt 0.000000 -1.727017
vt -0.000000 -1.834898
vt -0.900000 -1.884956
vt 0.000000 -1.884957
vt 0.497509 0.049800
vt 0.497501 -0.049937
vt 0.597913 -0.050000
vt 0.597924 0.049716
vt 0.255655 -2.152808
vt 0.150309 -2.189793
vt 0.293272 -2.217961
vt 0.167116 -2.262666
vt 0.050000 -2.207913
vt 0.050000 -2.283146
vt 0.557961 -1.989874
vt 0.492808 -1.952258
vt 0.471059 -2.091668
vt 0.424058 -2.032971
vt 0.342258 -2.102808
vt 0.379874 -2.167961
vt -0.050000 -2.283146
vt -0.050000 -2.207913
vt -0.181607 -2.258784
vt -0.150309 -2.189793
vt -0.293272 -2.217961
vt -0.255655 -2.152808
vt 0.673146 -1.660000
vt 0.597913 -1.660000
vt 0.648784 -1.791607
vt 0.578271 -1.765989
vt 0.607961 -1.903272
vt 0.542808 -1.865655
vt -0.379874 -2.167961
vt -0.342258 -2.102808
vt -0.481668 -2.081059
vt -0.424058 -2.032971
vt -0.492808 -1.952258
vt -0.557961 -1.989874
vt 0.542808 -1.354345
vt 0.578620 -1.455314
vt 0.607961 -1.316728
vt 0.652667 -1.442884
vt 0.597913 -1.560000
vt 0.673146 -1.560000
vt -0.542808 -1.865655
vt -0.578271 -1.765989
vt -0.607961 -1.903272
vt -0.652666 -1.777116
vt -0.597913 -1.660000
vt -0.673146 -1.660000
vt 0.379874 -1.052039
vt 0.342258 -1.117192
vt 0.481668 -1.138941
vt 0.421402 -1.184373
vt 0.492808 -1.267742
vt 0.557961 -1.230126
vt -0.673146 -1.560000
vt -0.597913 -1.560000
vt -0.648784 -1.428393
vt -0.578620 -1.455314
vt -0.607961 -1.316728
vt -0.542808 -1.354345
vt 0.050000 -0.936854
vt 0.050000 -1.012087
vt 0.181607 -0.961217
vt 0.155846 -1.031691
vt 0.293272 -1.002039
vt 0.255655 -1.067192
vt -0.557961 -1.230126
vt -0.492808 -1.267742
vt -0.471060 -1.128333
vt -0.421402 -1.184373
vt -0.342258 -1.117192
vt -0.379874 -1.052039
vt 0.650000 -2.460000
vt 0.379874 -2.367961
vt 0.271575 -2.463656
vt 0.293272 -2.417961
vt 0.181607 -2.458784
vt 0.132570 -2.497332
vt 0.050000 -2.483145
vt -0.007901 -2.508589
vt -0.050000 -2.483145
vt -0.132570 -2.497332
vt -0.167116 -2.462667
vt -0.269452 -2.463792
vt -0.293272 -2.417961
vt -0.379874 -2.367961
vt -0.650000 -2.460000
vt -0.471059 -2.291668
vt 0.655039 -2.066194
vt 0.557961 -2.189874
vt 0.481668 -2.281060
vt 0.607961 -2.103271
vt 0.652666 -1.977116
vt 0.681637 -2.039920
vt 0.940416 -2.030093
vt 0.851191 -1.895393
vt 0.921459 -1.905988
vt 1.022835 -1.996615
vt 1.095489 -1.918155
vt 0.967370 -1.883901
vt 0.995490 -1.833577
vt 1.123360 -1.814919
vt 0.996183 -1.782634
vt 1.100061 -1.710555
vt 0.963669 -1.735030
vt 1.030931 -1.628973
vt 0.896545 -1.711703
vt 0.939248 -1.589765
vt 0.681193 -1.579961
vt 0.847357 -1.724978
vt 0.648784 -1.628393
vt 0.810468 -1.769278
vt 0.673146 -1.760000
vt 0.806401 -1.840223
vt 0.673146 -1.860000
vt 0.654921 -1.553363
vt 0.607961 -1.516729
vt 0.557961 -1.430126
vt 0.650000 -1.160000
vt 0.471060 -1.328333
vt 0.379874 -1.252039
vt 0.269453 -1.156208
vt 0.293272 -1.202039
vt 0.167117 -1.157334
vt 0.132570 -1.122668
vt 0.050000 -1.136854
vt 0.007900 -1.111411
vt -0.050000 -1.136854
vt -0.132570 -1.122668
vt -0.181607 -1.161217
vt -0.271575 -1.156344
vt -0.293272 -1.202039
vt -0.379874 -1.252039
vt -0.650000 -1.160000
vt -0.481668 -1.338941
vt -0.557961 -1.430126
vt -0.655039 -1.553807
vt -0.607961 -1.516729
vt -0.652667 -1.642884
vt -0.681637 -1.580079
vt -0.940417 -1.589907
vt -0.903455 -1.711703
vt -0.847357 -1.724978
vt -0.813547 -1.763093
vt -0.673146 -1.760000
vt -0.804510 -1.833578
vt -1.022835 -1.623384
vt -0.968775 -1.739685
vt -1.095489 -1.701844
vt -0.996183 -1.782634
vt -1.123360 -1.805082
vt -0.993599 -1.840223
vt -1.100061 -1.909445
vt -0.967370 -1.883901
vt -0.914667 -1.907258
vt -1.030931 -1.991027
vt -0.939247 -2.030235
vt -0.845316 -1.891756
vt -0.681194 -2.040039
vt -0.648784 -1.991607
vt -0.654920 -2.066637
vt -0.607961 -2.103271
vt -0.557961 -2.189874
vt -0.673146 -1.860000
vt 0.049802 -2.307509
vt -0.049937 -2.307501
vt -0.205624 -2.265757
vt -0.291998 -2.215880
vt -0.405955 -2.101885
vt -0.455817 -2.015503
vt -0.497509 -1.859803
vt -0.497501 -1.760063
vt -0.455757 -1.604376
vt -0.405880 -1.518003
vt -0.291885 -1.404046
vt -0.205503 -1.354183
vt -0.049802 -1.312491
vt 0.049937 -1.312499
vt 0.205624 -1.354243
vt 0.291997 -1.404120
vt 0.405955 -1.518115
vt 0.455817 -1.604496
vt 0.497509 -1.760198
vt 0.497501 -1.859938
vt 0.455757 -2.015624
vt 0.405880 -2.101997
vt 0.291885 -2.215955
vt 0.205504 -2.265817
vt 0.200000 0.019576
vt -0.150000 0.020040
vt 0.200000 -0.020040
vt -0.150000 -0.019576
vt -0.415000 -0.300000
vt -0.415000 0.050000
vt 0.200000 0.019576
vt -0.150000 0.020041
vt 0.200000 -0.020041
vt -0.150000 -0.019576
vt 1.450000 0.000000
vt 1.650000 0.000000
vt 1.450000 0.350000
vt 1.650000 0.350000
vt -1.450000 0.350000
vt -1.650000 0.350000
vt -1.450000 0.000000
vt -1.650000 0.000000
vt 0.200000 0.019576
vt -0.150000 0.020041
vt 0.200000 -0.020041
vt -0.150000 -0.019576
vt 0.965000 -0.300000
vt 0.965000 0.050000
vt 0.150000 0.019576
vt -0.200000 0.020040
vt 0.150000 -0.020040
vt -0.200000 -0.019576
vt 0.415000 0.050000
vt 0.415000 -0.300000
vt 0.200000 0.350000
vt 0.200000 0.000000
vt -0.200000 0.000000
vt -0.200000 0.350000
vt -0.300000 -1.097083
vt -0.050000 -1.097218
vt -0.050000 -0.997315
vt -0.300000 -0.997177
vt -0.300000 -0.049886
vt -0.050000 -0.050021
vt -0.050000 0.049884
vt -0.300000 0.050021
vt -0.300000 0.997312
vt -0.050000 0.997177
vt -0.050000 1.097080
vt -0.300000 1.097218
vt -0.300000 0.473713
vt -0.050000 0.473578
vt -0.050000 0.573482
vt -0.300000 0.573620
vt -0.300000 -0.049886
vt -0.050000 0.049884
vt -0.300000 -0.573485
vt -0.050000 -0.573620
vt -0.050000 -0.473716
vt -0.300000 -0.473578
vt -0.300000 -0.311685
vt -0.050000 -0.311820
vt -0.050000 -0.211917
vt -0.300000 -0.211779
vt -0.300000 0.211914
vt -0.050000 0.211779
vt -0.050000 0.311682
vt -0.300000 0.311820
vt -0.300000 0.735512
vt -0.050000 0.735377
vt -0.050000 0.835281
vt -0.300000 0.835419
vt -0.300000 1.259111
vt -0.050000 1.258976
vt -0.050000 1.358880
vt -0.300000 1.359018
vt -0.300000 -1.358883
vt -0.050000 -1.359018
vt -0.050000 -1.259114
vt -0.300000 -1.258976
vt -0.300000 -0.835284
vt -0.050000 -0.835419
vt -0.050000 -0.735515
vt -0.300000 -0.735377
vt -0.255655 -1.067192
vt -0.155846 -1.031691
vt -0.293272 -1.002039
vt -0.167117 -0.957334
vt -0.050000 -1.012087
vt -0.050000 -0.936854
vt 0.200000 -0.050000
vt 0.102087 -0.050000
vt 0.200000 -0.300000
vt 0.026854 -0.300000
vt 0.026854 -0.050000
vt -0.400000 -1.363671
vt -0.150000 -1.363671
vt -0.400000 -1.244508
vt -0.150000 -1.229496
vt -0.400000 -1.110333
vt -0.150000 -1.110333
vt -0.026854 -0.050000
vt -0.102087 -0.050000
vt -0.026854 -0.300000
vt -0.200000 -0.300000
vt -0.200000 -0.050000
vt -0.400000 -1.010242
vt -0.150000 -1.010242
vt -0.400000 -0.891079
vt -0.150000 -0.876067
vt -0.400000 -0.756904
vt -0.150000 -0.756904
vt -0.400000 -0.656812
vt -0.150000 -0.656812
vt -0.400000 -0.537651
vt -0.150000 -0.522638
vt -0.400000 -0.403475
vt -0.150000 -0.403475
vt -0.400000 -0.303383
vt -0.150000 -0.303383
vt -0.400000 -0.184221
vt -0.150000 -0.169209
vt -0.400000 -0.050046
vt -0.150000 -0.050046
vt -0.400000 0.050046
vt -0.150000 0.050046
vt -0.400000 0.169209
vt -0.150000 0.184221
vt -0.400000 0.303383
vt -0.150000 0.303383
vt -0.400000 0.403475
vt -0.150000 0.403475
vt -0.400000 0.522637
vt -0.150000 0.537649
vt -0.400000 0.656812
vt -0.150000 0.656812
vt -0.350000 -0.312616
vt 0.000000 -0.313797
vt -0.350000 -0.222425
vt 0.000000 -0.212564
vt -0.350000 -0.113678
vt 0.000000 -0.103817
vt -0.350000 -0.004930
vt 0.000000 0.004931
vt -0.350000 0.103817
vt -0.000000 0.081561
vt 0.000000 0.168052
vt -0.350000 0.212564
vt -0.000000 0.244682
vt -0.350000 0.313797
vt 0.000000 0.312616
vt -0.350000 -0.312616
vt 0.000000 -0.313797
vt -0.350000 -0.222425
vt 0.000000 -0.212564
vt -0.350000 -0.113678
vt 0.000000 -0.103817
vt -0.350000 -0.004930
vt 0.000000 0.004931
vt -0.350000 0.103817
vt 0.000000 0.113678
vt 0.000000 0.222425
vt -0.350000 0.313797
vt 0.000000 0.312616
vt -0.965000 0.050000
vt -0.965000 -0.300000
vt -0.650000 -2.260000
vt -0.269452 -2.263793
vt -0.654920 -1.866637
vt 0.271575 -2.263656
vt 0.655039 -1.866194
vt -0.681194 -1.840039
vt 0.681637 -1.839921
vt -0.804510 -1.633578
vt -0.681637 -1.380080
vt -0.813547 -1.563092
vt -0.847357 -1.524978
vt -0.903455 -1.511703
vt -0.940417 -1.389908
vt -1.004563 -1.410772
vt 0.132570 -2.297332
vt -0.132570 -2.297332
vt -0.007899 -2.308589
vt 0.650000 -2.260000
vt 0.806401 -1.640223
vt 0.681193 -1.379961
vt -0.655039 -1.353807
vt 0.654921 -1.353363
vt -0.271575 -0.956344
vt 0.269453 -0.956208
vt -0.132570 -0.922668
vt 0.132570 -0.922668
vt 0.007900 -0.911411
vt 0.940416 -1.830093
vt 0.851191 -1.695393
vt 0.921459 -1.705989
vt 1.022835 -1.796615
vt 1.095489 -1.718156
vt 0.967370 -1.683901
vt 0.995490 -1.633577
vt 1.123360 -1.614919
vt 0.996183 -1.582634
vt 1.100061 -1.510555
vt 0.963669 -1.535029
vt 1.030931 -1.428973
vt 0.896545 -1.511703
vt 0.939247 -1.389765
vt 0.847357 -1.524978
vt 0.810468 -1.569278
vt 0.650000 -0.960000
vt -0.650000 -0.960000
vt -1.063926 -1.458203
vt -0.968776 -1.539684
vt -1.110379 -1.530214
vt -0.998197 -1.604370
vt -1.123360 -1.605081
vt -0.976361 -1.671995
vt -1.100061 -1.709445
vt -0.914667 -1.707258
vt -1.030931 -1.791027
vt -0.939247 -1.830235
vt -0.845316 -1.691756
vt -0.400000 1.817192
vt -0.150000 1.817192
vt -0.400000 1.936355
vt -0.150000 1.951367
vt -0.400000 2.070529
vt -0.150000 2.070529
vt -0.400000 1.463763
vt -0.150000 1.463763
vt -0.400000 1.582926
vt -0.150000 1.597938
vt -0.400000 1.717100
vt -0.150000 1.717100
vt -0.400000 -2.070529
vt -0.150000 -2.070529
vt -0.400000 -1.951367
vt -0.150000 -1.936355
vt -0.400000 -1.817192
vt -0.150000 -1.817192
vt -0.400000 -1.717100
vt -0.150000 -1.717100
vt -0.400000 -1.597937
vt -0.150000 -1.582924
vt -0.400000 -1.463763
vt -0.150000 -1.463763
vt -0.400000 1.110333
vt -0.150000 1.110333
vt -0.400000 1.229497
vt -0.150000 1.244509
vt -0.400000 1.363671
vt -0.150000 1.363671
vt -0.400000 0.756904
vt -0.150000 0.756904
vt -0.400000 0.876067
vt -0.150000 0.891078
vt -0.400000 1.010242
vt -0.150000 1.010242
vt 0.028284 0.319617
vt -0.028284 0.313183
vt 0.028284 0.251552
vt -0.028284 0.235586
vt 0.028284 0.173293
vt -0.028284 0.157762
vt 0.028284 0.094922
vt -0.028284 0.080282
vt 0.028284 0.028617
vt -0.028284 0.002344
vt 0.028284 -0.031203
vt -0.028284 -0.075027
vt 0.028284 -0.094922
vt -0.028284 -0.135828
vt 0.028284 -0.173292
vt -0.028284 -0.191129
vt 0.028284 -0.251552
vt -0.028284 -0.268846
vt 0.028284 -0.314354
vt -0.028284 -0.329867
vt -0.650000 -0.225000
vt -0.824763 -0.121341
vt -0.936482 -0.220890
vt -1.022809 -0.186893
vt -0.908876 -0.090790
vt -1.091737 -0.115101
vt -0.945980 -0.009661
vt -1.122689 -0.020511
vt -1.119359 0.050067
vt -0.922136 0.076440
vt -1.086893 0.122809
vt -1.015100 0.191737
vt -0.858261 0.119091
vt -0.937576 0.220766
vt -0.788808 0.118187
vt -0.650000 -0.650000
vt -0.570000 -0.570000
vt -0.650000 0.225000
vt -0.704020 -0.009659
vt -0.727864 0.076440
vt -0.269452 -0.653792
vt -0.260730 -0.574631
vt -0.117419 -0.608780
vt -0.132570 -0.687332
vt 0.006997 -0.618750
vt -0.007899 -0.698589
vt 0.132570 -0.687332
vt 0.117419 -0.608780
vt 0.271575 -0.653656
vt 0.258042 -0.574803
vt 0.570000 -0.570000
vt 0.650000 -0.650000
vt 0.650000 -0.225000
vt 0.937576 -0.220766
vt 0.824763 -0.121341
vt 0.741124 -0.090790
vt 1.015101 -0.191736
vt 0.908876 -0.090790
vt 1.086893 -0.122808
vt 0.945980 -0.009661
vt 1.121670 -0.029557
vt 1.119359 0.050067
vt 0.922136 0.076440
vt 1.091736 0.115101
vt 1.022808 0.186894
vt 0.861191 0.118187
vt 0.936482 0.220890
vt 0.791739 0.119091
vt 0.650000 0.225000
vt 0.727864 0.076440
vt 0.704020 -0.009659
vt 0.650000 0.650000
vt 0.570000 0.570000
vt 0.269453 0.653792
vt 0.260728 0.574631
vt 0.117419 0.608780
vt 0.132570 0.687332
vt -0.006997 0.618750
vt 0.007900 0.698589
vt -0.132570 0.687332
vt -0.117419 0.608780
vt -0.271575 0.653656
vt -0.258040 0.574804
vt -0.570000 0.570000
vt -0.650000 0.650000
vt -0.741124 -0.090790
vt 0.000000 0.235619
vt 0.260000 0.253529
vt 0.000000 0.267035
vt 0.000000 -0.254281
vt 0.260000 -0.267035
vt 0.260000 -0.217637
vt 0.000000 -0.204204
vt 0.000000 -0.160034
vt 0.260000 -0.154724
vt 0.000000 -0.097201
vt 0.260000 -0.109956
vt 0.260000 -0.060736
vt 0.000000 -0.034369
vt 0.260000 0.001898
vt 0.000000 0.015708
vt 0.000000 0.059879
vt 0.260000 0.064991
vt 0.000000 0.122710
vt 0.260000 0.127712
vt 0.000000 0.185543
vt 0.260000 0.190713
vt 0.028284 -0.319617
vt -0.028284 -0.268846
vt 0.028284 -0.251552
vt -0.028284 -0.191129
vt 0.028284 -0.173293
vt 0.028284 -0.094922
vt -0.028284 -0.075027
vt 0.028284 -0.031203
vt -0.028284 0.002344
vt 0.028284 0.028618
vt -0.028284 0.080283
vt 0.028284 0.094922
vt -0.028284 0.157762
vt 0.028284 0.173292
vt -0.028284 0.235586
vt 0.028284 0.251552
vt -0.028284 0.313183
vt 0.028284 0.314354
vt 0.260000 0.253529
vt 0.000000 -0.254280
vt 0.260000 -0.217638
vt 0.000000 -0.191449
vt 0.260000 -0.154724
vt 0.000000 -0.128617
vt 0.000000 -0.065786
vt 0.260000 -0.060736
vt 0.000000 -0.015708
vt 0.260000 0.001898
vt 0.000000 0.028462
vt 0.260000 0.064991
vt 0.000000 0.078540
vt 0.000000 0.122711
vt 0.260000 0.127712
vt 0.260000 0.190713
vt 0.050000 -0.028284
vt 0.050000 0.028284
vt -0.325000 -0.028284
vt -0.365000 0.028284
vt 0.012750 -0.028284
vt 0.012750 0.028284
vt -0.028284 0.008637
vt 0.028284 0.023562
vt -0.028284 0.033023
vt 0.550000 0.028284
vt 0.350000 0.028284
vt 0.550000 -0.028284
vt 0.350000 -0.028284
vt -0.028284 -0.728736
vt 0.028284 -0.712735
vt -0.028284 -0.627887
vt 0.028284 -0.593059
vt -0.028284 -0.518282
vt 0.028284 -0.488979
vt -0.028284 -0.408720
vt 0.028284 -0.384845
vt -0.028284 -0.299188
vt 0.028284 -0.280711
vt -0.028284 -0.189668
vt 0.028284 -0.176631
vt -0.028284 -0.109956
vt 0.028284 -0.061345
vt -0.028284 -0.040322
vt -0.250000 0.028284
vt -0.450000 0.028284
vt -0.250000 -0.028284
vt -0.450000 -0.028284
vt -0.028284 0.008637
vt 0.028284 0.022245
vt -0.028284 0.033402
vt 0.552500 0.028284
vt 0.137500 0.028284
vt 0.512500 -0.028284
vt 0.137500 -0.028284
vt -0.028284 -0.457287
vt 0.028284 -0.352504
vt -0.028284 -0.365830
vt -0.028284 -0.222846
vt 0.028284 -0.147913
vt -0.028284 -0.091457
vt -0.028284 0.048509
vt 0.028284 0.050427
vt 0.028284 0.088917
vt -0.028284 0.038962
vt 0.028284 0.036003
vt 0.533875 0.028284
vt 0.156125 0.028284
vt 0.493875 -0.028284
vt 0.156125 -0.028284
vt 0.028284 -0.457287
vt 0.028284 -0.348078
vt -0.028284 -0.222846
vt 0.028284 -0.147913
vt -0.028284 0.048508
vt 0.028284 0.050426
vt -0.028284 0.008637
vt 0.028284 0.023562
vt -0.028284 0.033023
vt -0.028284 -0.728736
vt 0.028284 -0.712734
vt -0.028284 -0.627888
vt 0.028284 -0.593059
vt -0.028284 -0.518282
vt 0.028284 -0.488979
vt -0.028284 -0.408720
vt 0.028284 -0.384845
vt -0.028284 -0.299187
vt 0.028284 -0.280711
vt -0.028284 -0.189667
vt 0.028284 -0.176631
vt 0.028284 -0.061345
vt -0.028284 -0.040322
vt -0.028284 0.008637
vt 0.028284 0.022245
vt -0.028284 0.033402
vt 0.375000 0.260000
vt 0.000000 0.260000
vt 0.375000 0.000000
vt 0.000000 -0.023173
vt -0.260000 -0.014395
vt -0.260000 -0.055670
vt 0.000000 -0.064179
vt 0.200000 0.260000
vt 0.000000 -0.668965
vt 0.260000 -0.669247
vt 0.000000 -0.585195
vt 0.260000 -0.576631
vt 0.000000 -0.484215
vt 0.260000 -0.475973
vt 0.000000 -0.383235
vt 0.260000 -0.375355
vt 0.000000 -0.302939
vt 0.260000 -0.274764
vt 0.000000 -0.231765
vt 0.260000 -0.174185
vt 0.000000 -0.130786
vt 0.260000 -0.100980
vt 0.000000 -0.036790
vt 0.260000 -0.037030
vt 0.000000 -0.023173
vt -0.260000 -0.014395
vt -0.260000 -0.055038
vt 0.000000 -0.064178
vt 0.337750 0.260000
vt 0.337750 0.000000
vt 0.000000 -0.043036
vt 0.000000 -0.444585
vt 0.260000 -0.444585
vt 0.000000 -0.355668
vt 0.260000 -0.355668
vt 0.000000 -0.230198
vt 0.260000 -0.216656
vt 0.000000 -0.088917
vt 0.260000 -0.088917
vt 0.000000 -0.054364
vt 0.260000 0.000000
vt 0.305000 -0.730000
vt 0.730000 -0.730000
vt 0.690000 -0.690000
vt 0.732265 -0.284644
vt 0.693262 -0.276718
vt 0.767037 -0.136101
vt 0.728838 -0.122027
vt 0.732621 0.082500
vt 0.778204 0.033895
vt 0.762585 0.163900
vt 0.693189 0.276713
vt 0.732502 0.284125
vt 0.690000 0.690000
vt 0.730000 0.730000
vt 0.305000 0.730000
vt 0.300840 0.944895
vt 0.254793 0.960353
vt 0.268965 0.693403
vt 0.269611 1.039888
vt 0.197996 1.073970
vt 0.225398 1.105477
vt 0.155587 1.160866
vt 0.108683 1.140101
vt 0.083467 1.193357
vt 0.000000 1.163548
vt -0.005046 1.203699
vt -0.114414 1.181368
vt -0.108683 1.140101
vt -0.208330 1.121036
vt -0.197996 1.073971
vt -0.274109 1.030853
vt -0.254025 0.965008
vt -0.301538 0.937363
vt -0.305000 0.730000
vt -0.730000 0.730000
vt -0.690000 0.690000
vt -0.268747 0.693747
vt -0.732865 0.280422
vt -0.692957 0.279007
vt -0.728119 0.126516
vt -0.762585 0.163901
vt -0.777430 0.048516
vt -0.732621 -0.082501
vt -0.770267 -0.115929
vt -0.732823 -0.281715
vt -0.693189 -0.276713
vt -0.690000 -0.690000
vt -0.730000 -0.730000
vt -0.305000 -0.730000
vt -0.300840 -0.944895
vt -0.254793 -0.960353
vt -0.268965 -0.693403
vt -0.269610 -1.039888
vt -0.197996 -1.073970
vt -0.225398 -1.105477
vt -0.155586 -1.160867
vt -0.108683 -1.140101
vt -0.083467 -1.193357
vt 0.000000 -1.163548
vt 0.005046 -1.203699
vt 0.083467 -1.193357
vt 0.108683 -1.140101
vt 0.164168 -1.155553
vt 0.197996 -1.073970
vt 0.225398 -1.105477
vt 0.274109 -1.030854
vt 0.254025 -0.965008
vt 0.301538 -0.937362
vt 0.268747 -0.693746
vt -1.055000 0.107703
vt -0.975000 -0.107703
vt -0.630000 0.107703
vt -0.550000 -0.107703
vt -0.156125 -0.107703
vt -0.156125 0.107703
vt -0.493875 -0.107703
vt -0.573875 0.107703
vt -0.100000 -0.107703
vt 0.325000 -0.107703
vt -0.020000 0.107703
vt 0.405000 0.107703
vt 0.200000 -0.107703
vt 0.450000 -0.107703
vt 0.280000 0.107703
vt 0.450000 0.107703
vt -0.107703 -0.798434
vt 0.107703 -0.789868
vt -0.107703 -0.712890
vt 0.107703 -0.687132
vt -0.107703 -0.612575
vt 0.107703 -0.594659
vt 0.107703 -0.509333
vt -0.107703 -0.517136
vt -0.107703 -0.418670
vt 0.107703 -0.390019
vt -0.107703 -0.320839
vt 0.107703 -0.270515
vt -0.107703 -0.244859
vt -0.107703 -0.174583
vt 0.107703 -0.151718
vt -0.107703 -0.097944
vt 0.107703 -0.042487
vt -0.107703 -0.038163
vt -0.512500 0.107703
vt -0.512500 -0.107703
vt -0.342500 0.107703
vt -0.262500 -0.107703
vt -0.012750 0.107703
vt -0.012750 -0.107703
vt -0.107703 -0.469989
vt 0.107703 -0.469989
vt -0.107703 -0.351298
vt 0.107703 -0.375992
vt 0.107703 -0.239890
vt -0.107703 -0.191168
vt 0.107703 -0.093998
vt -0.107703 -0.078332
vt 0.107703 0.046300
vt -0.107433 0.048920
vt -0.107703 -0.351298
vt 0.107703 -0.239889
vt -0.107703 -0.191167
vt 0.107703 0.046300
vt -0.107433 0.048922
vt -0.107703 0.034089
vt 0.107703 0.042655
vt -0.107703 0.119632
vt 0.107703 0.145389
vt -0.107703 0.219947
vt 0.107703 0.237863
vt 0.107703 0.323190
vt -0.107703 0.315386
vt -0.107703 0.413852
vt 0.107703 0.442503
vt -0.107703 0.511683
vt 0.107703 0.562007
vt -0.107703 0.587663
vt -0.107703 0.657940
vt 0.107703 0.680803
vt -0.107703 0.734578
vt 0.107703 0.790035
vt -0.107703 0.794360
vt 0.875000 0.225000
vt 1.300000 0.225000
vt 0.875000 0.300000
vt 1.300000 0.300000
vt 0.000000 0.225000
vt 0.337750 0.225000
vt 0.337750 0.300000
vt -0.300000 0.000000
vt -0.225000 0.000000
vt -0.300000 0.088917
vt -0.225000 0.088917
vt -0.300000 0.214387
vt -0.225000 0.226922
vt -0.300000 0.355668
vt -0.225000 0.355668
vt -0.300000 0.444585
vt -0.225000 0.444585
vt 0.425000 0.225000
vt 0.425000 0.300000
vt -0.125000 0.225000
vt 0.125000 0.225000
vt -0.125000 0.300000
vt 0.125000 0.300000
vt -0.300000 0.037893
vt -0.225000 0.036074
vt -0.300000 0.121663
vt -0.225000 0.128817
vt -0.300000 0.222643
vt -0.225000 0.229682
vt -0.300000 0.302939
vt -0.225000 0.331148
vt -0.300000 0.374113
vt -0.225000 0.432452
vt -0.300000 0.475093
vt -0.225000 0.504899
vt -0.300000 0.576072
vt -0.225000 0.583414
vt -0.300000 0.670068
vt -0.225000 0.670642
vt 0.250000 0.225000
vt 0.250000 0.300000
vt 0.257750 0.300000
vt 0.257750 0.000000
vt 1.140000 0.300000
vt 1.140000 0.000000
vt 0.000000 0.066162
vt 0.300000 0.000000
vt 0.000000 0.078755
vt 0.300000 0.078755
vt 0.000000 0.189886
vt 0.300000 0.203889
vt 0.000000 0.315020
vt 0.300000 0.315020
vt 0.000000 0.393775
vt 0.300000 0.393775
vt -0.300000 0.214389
vt -0.225000 0.226923
vt 0.000000 0.066160
vt -0.300000 -0.668965
vt -0.225000 -0.670784
vt -0.300000 -0.585195
vt -0.225000 -0.578041
vt -0.300000 -0.484215
vt -0.225000 -0.477176
vt -0.300000 -0.383235
vt -0.225000 -0.375710
vt -0.300000 -0.302939
vt -0.225000 -0.274406
vt -0.300000 -0.231765
vt -0.225000 -0.201960
vt -0.300000 -0.130786
vt -0.225000 -0.123443
vt -0.300000 -0.036790
vt -0.225000 -0.036216
vt 0.220766 0.937576
vt 0.082670 0.812534
vt 0.227784 0.686006
vt 0.062816 0.767736
vt 0.079260 0.855706
vt 0.191736 1.015101
vt 0.048009 0.893446
vt 0.122808 1.086893
vt 0.029557 1.121670
vt -0.010633 0.907925
vt -0.050067 1.119359
vt -0.063724 0.879119
vt -0.115101 1.091736
vt -0.186894 1.022808
vt -0.083553 0.840619
vt -0.220890 0.936482
vt -0.076850 0.792079
vt -0.231907 0.678419
vt -0.034614 0.748898
vt 0.025690 0.745441
vt 0.253419 0.656907
vt -0.261005 0.652784
vt -0.653792 0.269453
vt -0.574631 0.260728
vt -0.608780 0.117419
vt -0.687332 0.132570
vt -0.618750 -0.006997
vt -0.698589 0.007900
vt -0.687332 -0.132570
vt -0.608780 -0.117419
vt -0.653656 -0.271575
vt -0.574804 -0.258040
vt -0.253418 -0.656907
vt 0.261005 -0.652784
vt 0.653792 -0.269452
vt 0.231907 -0.678419
vt -0.010633 -0.742075
vt -0.227784 -0.686005
vt -0.051224 -0.757169
vt -0.078972 -0.797556
vt -0.220766 -0.937576
vt -0.083553 -0.840619
vt -0.191737 -1.015100
vt -0.059768 -0.883459
vt -0.122809 -1.086893
vt -0.050067 -1.119359
vt -0.004785 -0.908467
vt 0.020511 -1.122689
vt 0.052695 -0.889907
vt 0.115101 -1.091737
vt 0.186893 -1.022809
vt 0.082670 -0.837466
vt 0.220890 -0.936482
vt 0.079260 -0.794294
vt 0.048009 -0.756554
vt 0.574631 -0.260730
vt 0.608780 -0.117419
vt 0.687332 -0.132570
vt 0.618750 0.006997
vt 0.698589 -0.007899
vt 0.687332 0.132570
vt 0.608780 0.117419
vt 0.653656 0.271575
vt 0.574803 0.258042
vt 0.000000 -0.023173
vt -0.260000 -0.014395
vt -0.260000 -0.055670
vt 0.000000 -0.064178
vt 0.000000 -0.668965
vt 0.260000 -0.669247
vt 0.000000 -0.585196
vt 0.260000 -0.576632
vt 0.000000 -0.484216
vt 0.260000 -0.475973
vt 0.000000 -0.403919
vt 0.260000 -0.375355
vt 0.000000 -0.332745
vt 0.260000 -0.274764
vt 0.000000 -0.231766
vt 0.260000 -0.174184
vt 0.000000 -0.130787
vt 0.000000 -0.036790
vt 0.260000 -0.037030
vt 0.000000 -0.023173
vt -0.260000 -0.014394
vt -0.260000 -0.055038
vt 0.000000 -0.064179
vt 0.000000 -0.043037
vt 0.000000 -0.230196
vt 0.260000 -0.216656
vt 0.000000 -0.054364
vt 0.425000 -0.025000
vt 0.000000 -0.025000
vt 0.170000 0.300000
vt 0.170000 -0.025000
vt 0.025000 -0.043923
vt -0.300000 -0.037575
vt -0.300000 -0.135857
vt 0.025000 -0.112728
vt 0.025000 -0.200934
vt -0.300000 -0.225455
vt -0.300000 -0.304947
vt 0.025000 -0.281819
vt 0.025000 -0.369268
vt -0.300000 -0.394547
vt -0.300000 -0.474039
vt 0.025000 -0.481866
vt -0.300000 -0.563639
vt 0.025000 -0.595194
vt -0.300000 -0.643131
vt 0.025000 -0.705039
vt -0.300000 -0.732730
vt -0.300000 -0.812222
vt 0.025000 -0.820497
vt -0.300000 -0.913035
vt 0.025000 -0.918952
vt 0.417750 0.300000
vt 0.417750 -0.025000
vt 0.025000 0.000000
vt 0.025000 -0.082566
vt -0.300000 -0.131171
vt 0.025000 -0.201500
vt -0.300000 -0.296303
vt 0.025000 -0.370287
vt -0.300000 -0.412829
vt 0.025000 -0.495394
vt -0.300000 -0.495394
vt 0.025000 -0.043924
vt -0.300000 -0.037576
vt -0.300000 -0.135857
vt 0.025000 -0.200935
vt -0.300000 -0.248583
vt -0.300000 -0.361312
vt 0.025000 -0.369268
vt -0.300000 -0.474039
vt 0.025000 -0.481866
vt 0.025000 -0.595194
vt -0.300000 -0.643132
vt 0.025000 -0.705038
vt -0.300000 -0.812222
vt 0.025000 -0.820497
vt -0.300000 -0.913035
vt 0.025000 -0.918953
vt -0.025000 -0.041424
vt 0.300000 -0.041578
vt -0.300000 -0.082567
vt 0.025000 -0.201501
vt -0.300000 -0.213738
vt 0.025000 -0.370288
vt -0.300000 -0.384661
vt -0.025000 -0.030270
vt 0.300000 -0.069863
vt 0.300000 -0.027743
vt -0.312255 0.288252
vt -0.323500 0.195369
vt -0.274778 0.371087
vt -0.214973 0.443060
vt -0.154333 0.485434
vt -0.085673 0.512972
vt -0.012559 0.524243
vt 0.077802 0.514199
vt -0.294858 0.069669
vt 0.164734 0.479561
vt 0.235320 0.422258
vt 0.296150 0.330265
vt 0.322703 0.223169
vt 0.316784 0.129717
vt 0.284097 0.044879
vt -0.236823 -0.021825
vt 0.215405 -0.041402
vt -0.163170 -0.079552
vt 0.137786 -0.093780
vt -0.079300 -0.114648
vt 0.067665 -0.117353
vt -0.005972 -0.124432
vt 0.000000 0.896462
vt -0.300000 0.893541
vt -0.300000 0.810400
vt 0.000000 -0.893542
vt 0.000000 -0.826573
vt -0.300000 -0.881007
vt -0.300000 -0.748368
vt 0.000000 -0.740236
vt 0.000000 -0.651368
vt -0.300000 -0.645142
vt 0.000000 -0.548143
vt -0.300000 -0.556275
vt -0.300000 -0.433000
vt 0.000000 -0.441124
vt 0.000000 -0.354786
vt -0.300000 -0.329775
vt 0.000000 -0.232775
vt -0.300000 -0.240907
vt -0.300000 -0.154570
vt 0.000000 -0.109501
vt -0.300000 -0.065703
vt 0.000000 -0.004379
vt -0.300000 0.039420
vt 0.000000 0.084489
vt -0.300000 0.162694
vt 0.000000 0.170826
vt 0.000000 0.259693
vt -0.300000 0.265920
vt 0.000000 0.362919
vt -0.300000 0.354787
vt -0.300000 0.478062
vt 0.000000 0.503082
vt -0.300000 0.618225
vt 0.000000 0.626357
vt 0.000000 0.715225
vt -0.300000 0.721451
vt 0.000000 0.801561
vt 0.000000 1.005549
vt -0.300000 1.002454
vt -0.300000 0.931495
vt 0.000000 -1.002453
vt 0.000000 -0.931494
vt -0.300000 -1.005548
vt -0.300000 -0.885767
vt 0.000000 -0.857239
vt 0.000000 -0.782983
vt -0.300000 -0.776390
vt 0.000000 -0.708727
vt -0.300000 -0.682226
vt 0.000000 -0.634472
vt -0.300000 -0.590750
vt 0.000000 -0.542994
vt -0.300000 -0.516495
vt 0.000000 -0.448831
vt -0.300000 -0.442239
vt 0.000000 -0.374576
vt -0.300000 -0.367983
vt 0.000000 -0.300320
vt -0.300000 -0.273741
vt 0.000000 -0.226064
vt -0.300000 -0.162437
vt 0.000000 -0.151808
vt 0.000000 -0.077552
vt -0.300000 -0.070960
vt 0.000000 0.013925
vt -0.300000 0.023282
vt 0.000000 0.108088
vt -0.300000 0.134666
vt 0.000000 0.182344
vt -0.300000 0.245970
vt 0.000000 0.256598
vt 0.000000 0.330855
vt -0.300000 0.337447
vt 0.000000 0.405111
vt -0.300000 0.431611
vt 0.000000 0.479366
vt -0.300000 0.523088
vt 0.000000 0.570844
vt -0.300000 0.597343
vt 0.000000 0.665006
vt -0.300000 0.671598
vt 0.000000 0.756483
vt -0.300000 0.745854
vt -0.300000 0.840018
vt 0.000000 0.850646
vt 0.000000 0.924902
vt 0.286534 -0.022352
vt 0.323500 0.004629
vt 0.310398 0.094574
vt 0.271333 0.098143
vt 0.280910 0.162421
vt 0.229785 0.176073
vt 0.222248 0.235330
vt 0.152912 0.243325
vt 0.148506 0.288509
vt 0.059738 0.318128
vt 0.022318 0.286515
vt -0.031050 0.322998
vt -0.098276 0.271448
vt -0.103400 0.307571
vt -0.170376 0.276158
vt -0.176073 0.229785
vt -0.228498 0.230392
vt -0.243325 0.152912
vt -0.274743 0.172650
vt -0.306707 0.105935
vt -0.286027 0.039130
vt -0.323391 0.013856
vt -0.281315 -0.064840
vt -0.315291 -0.076700
vt -0.289725 -0.146120
vt -0.249333 -0.147092
vt -0.249100 -0.207944
vt -0.194685 -0.213167
vt -0.195528 -0.258960
vt -0.121640 -0.262692
vt -0.131793 -0.296517
vt -0.061208 -0.318662
vt -0.022318 -0.286515
vt 0.032309 -0.322072
vt 0.098275 -0.271448
vt 0.120791 -0.301166
vt 0.185865 -0.265981
vt 0.176073 -0.229785
vt 0.241278 -0.216971
vt 0.243325 -0.152912
vt 0.284151 -0.156684
vt 0.312255 -0.088253
vt 0.288503 0.004369
vt -0.288658 -0.004368
vt 0.277290 -0.083147
vt -0.268351 -0.106443
vt 0.240041 -0.160382
vt -0.199661 -0.206700
vt 0.180972 -0.225948
vt 0.090237 -0.272849
vt -0.098276 -0.271448
vt -0.014372 -0.289131
vt -0.277290 0.083147
vt 0.268351 0.106443
vt -0.240041 0.160382
vt 0.225948 0.180972
vt -0.180972 0.225948
vt 0.160382 0.240041
vt -0.090237 0.272849
vt 0.046899 0.283531
s 1
usemtl 202,209,238
f 143/1/1 144/2/1 141/3/1
f 141/3/1 144/2/1 142/4/1
f 119/1/2 143/5/2 117/3/2
f 117/3/2 143/5/2 141/6/2
f 120/7/3 119/1/3 118/8/3
f 118/8/3 119/1/3 117/3/3
f 144/9/4 120/1/4 142/10/4
f 142/10/4 120/1/4 118/3/4
f 144/11/5 143/12/5 120/13/5
f 120/13/5 143/12/5 119/14/5
f 44/15/6 40/16/6 37/17/1
f 37/17/1 40/16/6 35/18/1
f 37/19/1 35/20/1 43/21/7
f 43/21/7 35/20/1 39/22/7
f 43/21/7 39/22/7 51/23/8
f 51/23/8 39/22/7 47/24/8
f 51/23/8 47/24/8 59/25/9
f 59/25/9 47/24/8 55/26/9
f 59/25/9 55/26/9 67/27/10
f 67/27/10 55/26/9 63/28/10
f 67/27/10 63/28/10 75/29/11
f 75/29/11 63/28/10 71/30/11
f 75/29/11 71/30/11 83/31/12
f 83/31/12 71/30/11 79/32/12
f 83/31/12 79/32/12 84/33/13
f 84/33/13 79/32/12 80/34/13
f 84/33/13 80/34/13 76/35/14
f 76/35/14 80/34/13 72/36/14
f 76/35/14 72/36/14 68/37/15
f 68/37/15 72/36/14 64/38/15
f 68/37/15 64/38/15 60/39/16
f 60/39/16 64/38/15 56/40/16
f 60/39/16 56/40/16 52/41/17
f 52/41/17 56/40/16 48/42/17
f 52/41/17 48/42/17 44/15/6
f 44/15/6 48/42/17 40/16/6
f 46/15/6 42/16/6 38/17/1
f 38/17/1 42/16/6 36/18/1
f 38/19/1 36/20/1 45/21/7
f 45/21/7 36/20/1 41/22/7
f 45/21/7 41/22/7 53/23/8
f 53/23/8 41/22/7 49/24/8
f 53/23/8 49/24/8 61/25/9
f 61/25/9 49/24/8 57/26/9
f 61/25/9 57/26/9 69/27/10
f 69/27/10 57/26/9 65/28/10
f 69/27/10 65/28/10 77/29/11
f 77/29/11 65/28/10 73/30/11
f 77/29/11 73/30/11 85/31/12
f 85/31/12 73/30/11 81/32/12
f 85/31/12 81/32/12 86/33/13
f 86/33/13 81/32/12 82/34/13
f 86/33/13 82/34/13 78/35/14
f 78/35/14 82/34/13 74/36/14
f 78/35/14 74/36/14 70/37/15
f 70/37/15 74/36/14 66/38/15
f 70/37/15 66/38/15 62/39/16
f 62/39/16 66/38/15 58/40/16
f 62/39/16 58/40/16 54/41/17
f 54/41/17 58/40/16 50/42/17
f 54/41/17 50/42/17 46/15/6
f 46/15/6 50/42/17 42/16/6
f 128/47/5 127/48/5 104/49/5
f 104/49/5 127/48/5 103/50/5
f 154/16/53 153/137/53 160/18/4
f 160/18/4 153/137/53 158/138/4
f 160/20/4 158/139/4 164/22/54
f 164/22/54 158/139/4 163/140/54
f 164/22/54 163/140/54 168/24/55
f 168/24/55 163/140/54 167/141/55
f 168/24/55 167/141/55 172/26/56
f 172/26/56 167/141/55 171/142/56
f 172/26/56 171/142/56 170/28/57
f 170/28/57 171/142/56 169/143/57
f 170/28/57 169/143/57 166/30/58
f 166/30/58 169/143/57 165/144/58
f 166/30/58 165/144/58 162/32/59
f 162/32/59 165/144/58 161/145/59
f 162/32/59 161/145/59 156/34/60
f 156/34/60 161/145/59 155/146/60
f 156/34/60 155/146/60 152/36/61
f 152/36/61 155/146/60 151/147/61
f 152/36/61 151/147/61 148/38/62
f 148/38/62 151/147/61 147/148/62
f 148/38/62 147/148/62 146/40/63
f 146/40/63 147/148/62 145/149/63
f 146/40/63 145/149/63 150/42/64
f 150/42/64 145/149/63 149/150/64
f 150/42/64 149/150/64 154/16/53
f 154/16/53 149/150/64 153/137/53
f 14/16/53 13/137/53 18/18/4
f 18/18/4 13/137/53 17/138/4
f 18/20/4 17/139/4 22/22/54
f 22/22/54 17/139/4 21/140/54
f 22/22/54 21/140/54 26/24/55
f 26/24/55 21/140/54 25/141/55
f 26/24/55 25/141/55 30/26/56
f 30/26/56 25/141/55 29/142/56
f 30/26/56 29/142/56 28/28/57
f 28/28/57 29/142/56 27/143/57
f 28/28/57 27/143/57 24/30/58
f 24/30/58 27/143/57 23/144/58
f 24/30/58 23/144/58 20/32/59
f 20/32/59 23/144/58 19/145/59
f 20/32/59 19/145/59 16/34/60
f 16/34/60 19/145/59 15/146/60
f 16/34/60 15/146/60 12/36/61
f 12/36/61 15/146/60 11/147/61
f 12/36/61 11/147/61 8/38/62
f 8/38/62 11/147/61 7/148/62
f 8/38/62 7/148/62 6/40/63
f 6/40/63 7/148/62 5/149/63
f 6/40/63 5/149/63 10/42/64
f 10/42/64 5/149/63 9/150/64
f 10/42/64 9/150/64 14/16/53
f 14/16/53 9/150/64 13/137/53
usemtl 255,249,175
f 104/43/1 103/44/1 106/45/1
f 106/45/1 103/44/1 105/46/1
f 129/51/4 105/52/4 127/53/4
f 127/53/4 105/52/4 103/50/4
f 129/48/18 130/54/18 105/50/18
f 105/50/18 130/54/18 106/55/18
f 128/56/2 104/50/2 130/57/2
f 130/57/2 104/50/2 106/52/2
f 125/58/18 126/59/18 99/60/18
f 99/60/18 126/59/18 100/61/18
f 101/62/2 131/63/2 99/50/2
f 99/50/2 131/63/2 125/64/2
f 102/65/3 101/62/3 100/66/3
f 100/66/3 101/62/3 99/50/3
f 132/67/4 102/62/4 126/68/4
f 126/68/4 102/62/4 100/50/4
f 125/50/1 131/62/1 129/69/1
f 129/69/1 131/62/1 132/70/1
f 129/69/1 132/70/1 130/71/1
f 130/71/1 132/70/1 126/72/1
f 130/71/1 126/72/1 128/73/1
f 128/73/1 126/72/1 127/74/1
f 127/74/1 126/72/1 125/50/1
f 127/74/1 125/50/1 129/69/1
usemtl 15,255,45
f 157/75/2 137/76/2 159/77/2
f 159/77/2 137/76/2 139/78/2
f 136/79/19 139/80/20 135/81/21
f 135/81/21 139/80/20 137/82/22
f 109/83/23 110/79/24 107/84/25
f 107/84/25 110/79/24 108/81/26
f 174/85/1 173/86/1 176/87/1
f 176/87/1 173/86/1 175/88/1
f 92/79/27 94/89/28 91/81/29
f 91/81/29 94/89/28 93/90/30
f 98/91/31 97/92/32 96/93/33
f 96/93/33 97/92/32 95/94/34
f 96/93/33 95/94/34 94/95/28
f 94/95/28 95/94/34 93/96/30
f 87/97/35 88/98/36 89/99/37
f 89/99/37 88/98/36 90/100/38
f 89/99/37 90/100/38 91/101/29
f 91/101/29 90/100/38 92/102/27
f 1/103/3 2/104/3 3/50/3
f 3/50/3 2/104/3 4/105/3
f 31/103/39 1/106/39 33/50/39
f 33/50/39 1/106/39 3/107/39
f 98/108/2 109/53/2 97/109/2
f 97/109/2 109/53/2 107/110/2
f 173/111/40 157/112/40 175/113/40
f 175/113/40 157/112/40 159/114/40
f 138/103/41 174/115/41 140/50/41
f 140/50/41 174/115/41 176/116/41
f 2/103/42 32/106/42 4/50/42
f 4/50/42 32/106/42 34/107/42
f 33/117/2 88/118/2 31/119/2
f 31/119/2 88/118/2 87/120/2
f 32/103/4 138/119/4 34/50/4
f 34/50/4 138/119/4 140/117/4
f 136/121/19 135/122/21 134/123/43
f 134/123/43 135/122/21 133/124/44
f 134/123/43 133/124/44 124/125/45
f 124/125/45 133/124/44 123/126/45
f 124/125/45 123/126/45 122/127/46
f 122/127/46 123/126/45 121/128/47
f 122/127/46 121/128/47 116/129/48
f 116/129/48 121/128/47 115/130/49
f 116/129/48 115/130/49 114/131/50
f 114/131/50 115/130/49 113/132/50
f 114/131/50 113/132/50 112/133/51
f 112/133/51 113/132/50 111/134/52
f 112/133/51 111/134/52 110/135/24
f 110/135/24 111/134/52 108/136/26
f 140/151/5 70/152/5 34/153/5
f 34/153/5 70/152/5 62/154/5
f 34/153/5 62/154/5 54/155/5
f 176/156/5 142/157/5 140/151/5
f 140/151/5 142/157/5 118/158/5
f 140/151/5 118/158/5 86/159/5
f 86/159/5 118/158/5 85/160/5
f 85/160/5 118/158/5 77/161/5
f 77/161/5 118/158/5 69/162/5
f 69/162/5 118/158/5 117/163/5
f 69/162/5 117/163/5 68/164/5
f 68/164/5 117/163/5 112/165/5
f 68/164/5 112/165/5 110/166/5
f 175/167/5 170/168/5 176/156/5
f 176/156/5 170/168/5 166/169/5
f 176/156/5 166/169/5 141/170/5
f 141/170/5 166/169/5 162/171/5
f 141/170/5 162/171/5 124/172/5
f 124/172/5 162/171/5 156/173/5
f 124/172/5 156/173/5 134/174/5
f 134/174/5 156/173/5 136/175/5
f 136/175/5 156/173/5 152/176/5
f 136/175/5 152/176/5 148/177/5
f 136/175/5 148/177/5 146/178/5
f 159/179/5 160/180/5 175/167/5
f 175/167/5 160/180/5 164/181/5
f 175/167/5 164/181/5 168/182/5
f 160/180/5 159/179/5 154/183/5
f 154/183/5 159/179/5 139/184/5
f 154/183/5 139/184/5 150/185/5
f 150/185/5 139/184/5 136/175/5
f 150/185/5 136/175/5 146/178/5
f 124/172/5 122/186/5 141/170/5
f 141/170/5 122/186/5 117/163/5
f 117/163/5 122/186/5 116/187/5
f 117/163/5 116/187/5 114/188/5
f 114/188/5 112/165/5 117/163/5
f 110/166/5 94/189/5 68/164/5
f 68/164/5 94/189/5 76/190/5
f 76/190/5 94/189/5 92/191/5
f 76/190/5 92/191/5 84/192/5
f 84/192/5 92/191/5 83/193/5
f 83/193/5 92/191/5 75/194/5
f 75/194/5 92/191/5 90/195/5
f 75/194/5 90/195/5 67/196/5
f 67/196/5 90/195/5 88/197/5
f 94/189/5 110/166/5 96/198/5
f 96/198/5 110/166/5 109/199/5
f 96/198/5 109/199/5 98/200/5
f 88/197/5 33/201/5 67/196/5
f 67/196/5 33/201/5 59/202/5
f 59/202/5 33/201/5 51/203/5
f 51/203/5 33/201/5 43/204/5
f 43/204/5 33/201/5 37/205/5
f 37/205/5 33/201/5 3/206/5
f 37/205/5 3/206/5 44/207/5
f 44/207/5 3/206/5 52/208/5
f 52/208/5 3/206/5 60/209/5
f 60/209/5 3/206/5 18/210/5
f 60/209/5 18/210/5 22/211/5
f 18/210/5 3/206/5 14/212/5
f 14/212/5 3/206/5 4/213/5
f 14/212/5 4/213/5 10/214/5
f 10/214/5 4/213/5 6/215/5
f 6/215/5 4/213/5 8/216/5
f 8/216/5 4/213/5 12/217/5
f 12/217/5 4/213/5 16/218/5
f 16/218/5 4/213/5 34/153/5
f 16/218/5 34/153/5 20/219/5
f 20/219/5 34/153/5 38/220/5
f 20/219/5 38/220/5 45/221/5
f 141/170/5 142/157/5 176/156/5
f 69/162/5 68/164/5 22/211/5
f 22/211/5 68/164/5 60/209/5
f 45/221/5 53/222/5 20/219/5
f 20/219/5 53/222/5 24/223/5
f 24/223/5 53/222/5 61/224/5
f 24/223/5 61/224/5 28/225/5
f 28/225/5 61/224/5 30/226/5
f 30/226/5 61/224/5 26/227/5
f 26/227/5 61/224/5 22/211/5
f 22/211/5 61/224/5 69/162/5
f 86/159/5 78/228/5 140/151/5
f 140/151/5 78/228/5 70/152/5
f 54/155/5 46/229/5 34/153/5
f 34/153/5 46/229/5 38/220/5
f 168/182/5 172/230/5 175/167/5
f 175/167/5 172/230/5 170/168/5
f 32/201/18 102/61/18 138/231/18
f 138/231/18 102/61/18 132/59/18
f 138/231/18 132/59/18 174/167/18
f 174/167/18 132/59/18 131/58/18
f 174/167/18 131/58/18 161/232/18
f 161/232/18 131/58/18 123/233/18
f 161/232/18 123/233/18 155/234/18
f 155/234/18 123/233/18 133/235/18
f 155/234/18 133/235/18 135/236/18
f 2/206/18 15/237/18 32/201/18
f 32/201/18 15/237/18 19/238/18
f 32/201/18 19/238/18 36/205/18
f 36/205/18 19/238/18 41/207/18
f 41/207/18 19/238/18 49/208/18
f 49/208/18 19/238/18 23/239/18
f 49/208/18 23/239/18 57/209/18
f 57/209/18 23/239/18 27/240/18
f 57/209/18 27/240/18 29/241/18
f 1/213/18 13/242/18 2/206/18
f 2/206/18 13/242/18 9/243/18
f 2/206/18 9/243/18 5/244/18
f 31/153/18 35/220/18 1/213/18
f 1/213/18 35/220/18 40/221/18
f 1/213/18 40/221/18 48/222/18
f 87/245/18 63/152/18 31/153/18
f 31/153/18 63/152/18 55/154/18
f 31/153/18 55/154/18 47/155/18
f 87/245/18 89/246/18 63/152/18
f 63/152/18 89/246/18 71/228/18
f 71/228/18 89/246/18 91/247/18
f 71/228/18 91/247/18 79/159/18
f 79/159/18 91/247/18 80/160/18
f 80/160/18 91/247/18 72/161/18
f 72/161/18 91/247/18 93/248/18
f 72/161/18 93/248/18 64/162/18
f 64/162/18 93/248/18 108/249/18
f 64/162/18 108/249/18 111/250/18
f 108/249/18 93/248/18 95/251/18
f 108/249/18 95/251/18 107/252/18
f 107/252/18 95/251/18 97/253/18
f 64/162/18 111/250/18 101/60/18
f 101/60/18 111/250/18 113/254/18
f 101/60/18 113/254/18 115/255/18
f 101/60/18 115/255/18 131/58/18
f 131/58/18 115/255/18 121/256/18
f 131/58/18 121/256/18 123/233/18
f 155/234/18 135/236/18 151/257/18
f 151/257/18 135/236/18 147/258/18
f 147/258/18 135/236/18 145/259/18
f 145/259/18 135/236/18 149/260/18
f 149/260/18 135/236/18 137/261/18
f 149/260/18 137/261/18 153/262/18
f 153/262/18 137/261/18 157/263/18
f 153/262/18 157/263/18 158/264/18
f 158/264/18 157/263/18 173/156/18
f 158/264/18 173/156/18 163/265/18
f 163/265/18 173/156/18 167/266/18
f 167/266/18 173/156/18 171/267/18
f 171/267/18 173/156/18 169/268/18
f 169/268/18 173/156/18 174/167/18
f 169/268/18 174/167/18 165/269/18
f 165/269/18 174/167/18 161/232/18
f 48/222/18 56/224/18 1/213/18
f 1/213/18 56/224/18 17/270/18
f 1/213/18 17/270/18 13/242/18
f 17/270/18 56/224/18 21/271/18
f 21/271/18 56/224/18 64/162/18
f 21/271/18 64/162/18 65/164/18
f 65/164/18 64/162/18 101/60/18
f 65/164/18 101/60/18 73/190/18
f 73/190/18 101/60/18 102/61/18
f 73/190/18 102/61/18 81/192/18
f 81/192/18 102/61/18 82/193/18
f 82/193/18 102/61/18 74/194/18
f 74/194/18 102/61/18 66/196/18
f 66/196/18 102/61/18 32/201/18
f 66/196/18 32/201/18 58/202/18
f 58/202/18 32/201/18 50/203/18
f 50/203/18 32/201/18 42/204/18
f 42/204/18 32/201/18 36/205/18
f 47/155/18 39/229/18 31/153/18
f 31/153/18 39/229/18 35/220/18
f 65/164/18 57/209/18 21/271/18
f 21/271/18 57/209/18 25/272/18
f 25/272/18 57/209/18 29/241/18
f 5/244/18 7/273/18 2/206/18
f 2/206/18 7/273/18 11/274/18
f 2/206/18 11/274/18 15/237/18
usemtl 57,57,57
f 659/275/65 663/276/66 675/277/67
f 675/277/67 663/276/66 677/278/68
f 675/277/67 677/278/68 679/279/69
f 679/279/69 677/278/68 680/280/70
f 679/279/69 680/280/70 676/281/71
f 676/281/71 680/280/70 678/282/72
f 676/281/71 678/282/72 660/283/73
f 660/283/73 678/282/72 664/284/74
f 242/275/75 244/276/76 225/277/77
f 225/277/77 244/276/76 227/278/78
f 225/277/77 227/278/78 222/285/79
f 222/285/79 227/278/78 223/286/80
f 222/285/79 223/286/80 224/281/81
f 224/281/81 223/286/80 226/282/82
f 224/281/81 226/282/82 241/283/83
f 241/283/83 226/282/82 243/284/84
f 243/287/84 253/288/85 241/289/83
f 241/289/83 253/288/85 251/290/86
f 242/291/75 252/292/87 244/293/76
f 244/293/76 252/292/87 254/294/88
f 664/295/74 665/296/89 660/297/73
f 660/297/73 665/296/89 661/298/90
f 659/299/65 658/300/91 663/301/66
f 663/301/66 658/300/91 662/302/92
f 419/303/93 417/304/94 415/305/95
f 415/305/95 417/304/94 413/18/96
f 415/306/95 413/307/96 424/308/97
f 424/308/97 413/307/96 422/309/98
f 424/308/97 422/309/98 441/310/99
f 441/310/99 422/309/98 438/311/100
f 441/310/99 438/311/100 467/312/101
f 467/312/101 438/311/100 464/313/102
f 467/312/101 464/313/102 484/314/103
f 484/314/103 464/313/102 482/315/104
f 484/314/103 482/315/104 503/316/105
f 503/316/105 482/315/104 501/317/106
f 503/316/105 501/317/106 496/318/107
f 496/318/107 501/317/106 494/319/108
f 496/318/107 494/319/108 468/320/109
f 468/320/109 494/319/108 465/321/110
f 468/320/109 465/321/110 442/322/111
f 442/322/111 465/321/110 439/323/112
f 442/322/111 439/323/112 419/303/93
f 419/303/93 439/323/112 417/304/94
f 416/324/113 414/20/114 420/325/115
f 420/325/115 414/20/114 418/326/116
f 420/325/115 418/326/116 443/327/117
f 443/327/117 418/326/116 440/328/118
f 443/327/117 440/328/118 469/329/119
f 469/329/119 440/328/118 466/330/120
f 469/329/119 466/330/120 497/331/121
f 497/331/121 466/330/120 495/332/122
f 497/331/121 495/332/122 504/316/123
f 504/316/123 495/332/122 502/333/124
f 504/316/123 502/333/124 485/334/125
f 485/334/125 502/333/124 483/335/126
f 485/334/125 483/335/126 470/336/127
f 470/336/127 483/335/126 455/337/128
f 470/336/127 455/337/128 444/338/129
f 444/338/129 455/337/128 423/339/130
f 444/338/129 423/339/130 425/340/131
f 425/340/131 423/339/130 416/341/113
f 416/341/113 423/339/130 414/342/114
f 180/343/5 178/344/5 185/345/5
f 185/345/5 178/344/5 184/346/5
f 185/345/5 184/346/5 191/347/5
f 191/347/5 184/346/5 189/348/5
f 191/347/5 189/348/5 201/349/5
f 201/349/5 189/348/5 206/350/5
f 201/349/5 206/350/5 219/351/5
f 219/351/5 206/350/5 231/352/5
f 219/351/5 231/352/5 278/353/5
f 278/353/5 231/352/5 300/354/5
f 278/353/5 300/354/5 311/355/5
f 311/355/5 300/354/5 360/356/5
f 311/355/5 360/356/5 371/357/5
f 371/357/5 360/356/5 401/358/5
f 371/357/5 401/358/5 409/359/5
f 409/359/5 401/358/5 500/360/5
f 409/359/5 500/360/5 505/361/5
f 505/361/5 500/360/5 533/362/5
f 505/361/5 533/362/5 572/363/5
f 572/363/5 533/362/5 598/364/5
f 572/363/5 598/364/5 625/365/5
f 625/365/5 598/364/5 650/366/5
f 625/365/5 650/366/5 682/367/5
f 682/367/5 650/366/5 695/368/5
f 682/367/5 695/368/5 700/369/5
f 700/369/5 695/368/5 706/370/5
f 700/369/5 706/370/5 708/371/5
f 708/371/5 706/370/5 716/372/5
f 708/371/5 716/372/5 718/373/5
f 708/371/5 718/373/5 711/374/5
f 711/374/5 718/373/5 714/375/5
f 711/374/5 714/375/5 707/376/5
f 707/376/5 714/375/5 699/377/5
f 699/377/5 714/375/5 704/378/5
f 699/377/5 704/378/5 693/379/5
f 693/379/5 704/378/5 687/380/5
f 693/379/5 687/380/5 651/381/5
f 651/381/5 687/380/5 621/382/5
f 651/381/5 621/382/5 624/383/5
f 624/383/5 621/382/5 571/384/5
f 571/384/5 621/382/5 597/385/5
f 571/384/5 597/385/5 532/386/5
f 571/384/5 532/386/5 544/387/5
f 544/387/5 532/386/5 457/388/5
f 457/388/5 532/386/5 447/389/5
f 457/388/5 447/389/5 370/390/5
f 370/390/5 447/389/5 359/391/5
f 370/390/5 359/391/5 310/392/5
f 310/392/5 359/391/5 299/393/5
f 310/392/5 299/393/5 277/394/5
f 277/394/5 299/393/5 230/395/5
f 277/394/5 230/395/5 218/396/5
f 218/396/5 230/395/5 213/397/5
f 218/396/5 213/397/5 200/398/5
f 200/398/5 213/397/5 196/399/5
f 200/398/5 196/399/5 190/400/5
f 190/400/5 196/399/5 183/401/5
f 190/400/5 183/401/5 187/402/5
f 187/402/5 183/401/5 180/343/5
f 187/402/5 180/343/5 185/345/5
f 185/403/132 186/404/133 187/405/134
f 187/405/134 186/404/133 188/406/135
f 187/405/134 188/406/135 190/407/136
f 190/407/136 188/406/135 192/408/137
f 190/407/136 192/408/137 200/409/138
f 200/409/138 192/408/137 202/410/139
f 200/409/138 202/410/139 218/411/140
f 218/411/140 202/410/139 220/412/141
f 218/411/140 220/412/141 255/413/142
f 218/411/140 255/413/142 277/414/143
f 277/414/143 255/413/142 310/415/144
f 310/415/144 255/413/142 312/416/145
f 310/415/144 312/416/145 370/417/146
f 370/417/146 312/416/145 372/418/147
f 370/417/146 372/418/147 457/419/148
f 457/419/148 372/418/147 458/420/149
f 457/419/148 458/420/149 544/421/150
f 544/421/150 458/420/149 545/422/151
f 544/421/150 545/422/151 571/423/152
f 571/423/152 545/422/151 573/424/153
f 571/423/152 573/424/153 624/425/154
f 624/425/154 573/424/153 626/426/155
f 624/425/154 626/426/155 651/427/156
f 651/427/156 626/426/155 683/428/157
f 651/427/156 683/428/157 693/429/158
f 693/429/158 683/428/157 699/430/159
f 699/430/159 683/428/157 701/431/160
f 699/430/159 701/431/160 707/432/161
f 707/432/161 701/431/160 709/433/162
f 707/432/161 709/433/162 711/434/163
f 711/434/163 709/433/162 712/435/164
f 711/434/163 712/435/164 708/436/165
f 708/436/165 712/435/164 710/437/166
f 708/436/165 710/437/166 700/438/167
f 700/438/167 710/437/166 702/439/168
f 700/438/167 702/439/168 682/440/169
f 682/440/169 702/439/168 684/441/170
f 682/440/169 684/441/170 625/442/171
f 625/442/171 684/441/170 627/443/172
f 625/442/171 627/443/172 572/444/173
f 572/444/173 627/443/172 574/445/174
f 572/444/173 574/445/174 505/446/175
f 505/446/175 574/445/174 506/447/176
f 505/446/175 506/447/176 409/448/177
f 409/448/177 506/447/176 410/449/178
f 409/448/177 410/449/178 371/450/179
f 371/450/179 410/449/178 373/451/180
f 371/450/179 373/451/180 311/452/181
f 311/452/181 373/451/180 313/453/182
f 311/452/181 313/453/182 278/454/183
f 278/454/183 313/453/182 279/455/184
f 278/454/183 279/455/184 219/456/185
f 219/456/185 279/455/184 221/457/186
f 219/456/185 221/457/186 201/458/187
f 201/458/187 221/457/186 203/459/188
f 201/458/187 203/459/188 191/460/189
f 191/460/189 203/459/188 193/461/190
f 191/460/189 193/461/190 185/462/132
f 185/462/132 193/461/190 186/463/133
f 186/464/191 197/465/192 198/466/193
f 197/465/192 186/464/191 199/467/194
f 199/467/194 186/464/191 193/468/195
f 199/467/194 193/468/195 203/469/196
f 199/467/194 203/469/196 210/470/197
f 210/470/197 203/469/196 233/471/198
f 233/471/198 203/469/196 221/472/199
f 233/471/198 221/472/199 279/353/200
f 233/471/198 279/353/200 301/473/201
f 301/473/201 279/353/200 313/474/202
f 301/473/201 313/474/202 332/475/203
f 332/475/203 313/474/202 373/357/204
f 332/475/203 373/357/204 374/476/205
f 374/476/205 373/357/204 410/477/206
f 374/476/205 410/477/206 421/478/207
f 421/478/207 410/477/206 517/479/208
f 517/479/208 410/477/206 506/480/209
f 517/479/208 506/480/209 554/481/210
f 554/481/210 506/480/209 574/482/211
f 554/481/210 574/482/211 586/483/212
f 586/483/212 574/482/211 627/484/213
f 586/483/212 627/484/213 630/485/214
f 630/485/214 627/484/213 684/486/215
f 630/485/214 684/486/215 674/487/216
f 674/487/216 684/486/215 702/488/217
f 674/487/216 702/488/217 692/489/218
f 692/489/218 702/488/217 710/490/219
f 692/489/218 710/490/219 696/491/220
f 696/491/220 710/490/219 712/492/221
f 696/491/220 712/492/221 698/493/222
f 698/493/222 712/492/221 709/494/223
f 698/493/222 709/494/223 697/495/224
f 697/495/224 709/494/223 701/496/225
f 697/495/224 701/496/225 690/497/226
f 690/497/226 701/496/225 673/498/227
f 673/498/227 701/496/225 683/499/228
f 673/498/227 683/499/228 629/500/229
f 629/500/229 683/499/228 626/501/230
f 629/500/229 626/501/230 604/502/231
f 604/502/231 626/501/230 573/503/232
f 604/502/231 573/503/232 570/504/233
f 570/504/233 573/503/232 498/505/234
f 498/505/234 573/503/232 545/387/235
f 498/505/234 545/387/235 458/506/236
f 498/505/234 458/506/236 411/507/237
f 411/507/237 458/506/236 372/508/238
f 411/507/237 372/508/238 342/509/239
f 342/509/239 372/508/238 312/510/240
f 342/509/239 312/510/240 317/511/241
f 317/511/241 312/510/240 276/512/242
f 276/512/242 312/510/240 255/513/243
f 276/512/242 255/513/243 232/514/244
f 232/514/244 255/513/243 220/515/245
f 232/514/244 220/515/245 202/516/246
f 232/514/244 202/516/246 205/517/247
f 205/517/247 202/516/246 192/518/248
f 205/517/247 192/518/248 198/466/193
f 198/466/193 192/518/248 188/402/5
f 198/466/193 188/402/5 186/464/191
f 179/658/356 178/659/357 177/660/358
f 177/661/358 178/662/357 180/663/359
f 177/661/358 180/663/359 181/664/360
f 181/664/360 180/663/359 183/665/361
f 181/664/360 183/665/361 194/666/362
f 194/666/362 183/665/361 196/667/363
f 194/666/362 196/667/363 211/668/364
f 211/668/364 196/667/363 213/669/365
f 211/668/364 213/669/365 228/670/366
f 228/670/366 213/669/365 230/671/367
f 228/670/366 230/671/367 297/672/368
f 297/672/368 230/671/367 299/673/369
f 297/672/368 299/673/369 358/674/370
f 358/674/370 299/673/369 359/675/371
f 358/674/370 359/675/371 399/676/372
f 399/676/372 359/675/371 447/677/373
f 399/676/372 447/677/373 499/678/374
f 499/678/374 447/677/373 532/679/375
f 499/678/374 532/679/375 568/680/376
f 568/680/376 532/679/375 597/681/377
f 568/680/376 597/681/377 620/682/378
f 620/682/378 597/681/377 621/683/379
f 620/682/378 621/683/379 685/684/380
f 685/684/380 621/683/379 687/685/381
f 685/684/380 687/685/381 694/686/382
f 694/686/382 687/685/381 704/687/383
f 694/686/382 704/687/383 705/688/384
f 705/688/384 704/687/383 714/689/385
f 705/688/384 714/689/385 715/690/386
f 715/690/386 714/689/385 717/691/387
f 717/691/387 714/689/385 718/692/388
f 717/691/387 718/692/388 713/693/389
f 713/693/389 718/692/388 716/694/390
f 713/693/389 716/694/390 706/695/391
f 713/693/389 706/695/391 703/696/392
f 703/696/392 706/695/391 695/697/393
f 703/696/392 695/697/393 686/698/394
f 686/698/394 695/697/393 650/699/395
f 686/698/394 650/699/395 649/700/396
f 649/700/396 650/699/395 596/701/397
f 596/701/397 650/699/395 598/702/398
f 596/701/397 598/702/398 531/703/399
f 531/703/399 598/702/398 533/704/400
f 531/703/399 533/704/400 446/705/401
f 446/705/401 533/704/400 500/706/402
f 446/705/401 500/706/402 401/707/403
f 446/705/401 401/707/403 400/708/404
f 400/708/404 401/707/403 331/709/405
f 331/709/405 401/707/403 360/710/406
f 331/709/405 360/710/406 300/711/407
f 331/709/405 300/711/407 298/712/408
f 298/712/408 300/711/407 229/713/409
f 229/713/409 300/711/407 231/714/410
f 229/713/409 231/714/410 212/715/411
f 212/715/411 231/714/410 206/716/412
f 212/715/411 206/716/412 195/717/413
f 195/717/413 206/716/412 189/718/414
f 195/717/413 189/718/414 182/719/415
f 182/719/415 189/718/414 184/720/416
f 182/719/415 184/720/416 179/658/356
f 179/658/356 184/720/416 178/659/357
f 177/721/18 263/722/18 179/723/18
f 179/723/18 263/722/18 269/724/18
f 179/723/18 269/724/18 182/725/18
f 182/725/18 269/724/18 195/726/18
f 195/726/18 269/724/18 286/727/18
f 195/726/18 286/727/18 212/728/18
f 212/728/18 286/727/18 323/729/18
f 212/728/18 323/729/18 229/730/18
f 229/730/18 323/729/18 338/731/18
f 229/730/18 338/731/18 298/732/18
f 298/732/18 338/731/18 331/733/18
f 331/733/18 338/731/18 397/734/18
f 331/733/18 397/734/18 400/735/18
f 400/735/18 397/734/18 446/736/18
f 446/736/18 397/734/18 463/737/18
f 446/736/18 463/737/18 531/738/18
f 531/738/18 463/737/18 526/739/18
f 531/738/18 526/739/18 596/740/18
f 596/740/18 526/739/18 578/741/18
f 596/740/18 578/741/18 649/742/18
f 649/742/18 578/741/18 686/743/18
f 686/743/18 578/741/18 610/744/18
f 686/743/18 610/744/18 703/745/18
f 703/745/18 610/744/18 639/746/18
f 703/745/18 639/746/18 713/747/18
f 713/747/18 639/746/18 640/748/18
f 713/747/18 640/748/18 717/749/18
f 717/749/18 640/748/18 638/750/18
f 717/749/18 638/750/18 715/751/18
f 715/751/18 638/750/18 705/752/18
f 705/752/18 638/750/18 609/753/18
f 705/752/18 609/753/18 694/754/18
f 694/754/18 609/753/18 577/755/18
f 694/754/18 577/755/18 685/756/18
f 685/756/18 577/755/18 620/757/18
f 620/757/18 577/755/18 525/758/18
f 620/757/18 525/758/18 568/759/18
f 568/759/18 525/758/18 462/760/18
f 568/759/18 462/760/18 499/761/18
f 499/761/18 462/760/18 399/762/18
f 399/762/18 462/760/18 396/763/18
f 399/762/18 396/763/18 358/764/18
f 358/764/18 396/763/18 297/765/18
f 297/765/18 396/763/18 337/766/18
f 297/765/18 337/766/18 228/767/18
f 228/767/18 337/766/18 322/768/18
f 228/767/18 322/768/18 211/769/18
f 211/769/18 322/768/18 285/770/18
f 211/769/18 285/770/18 194/771/18
f 194/771/18 285/770/18 268/772/18
f 194/771/18 268/772/18 181/773/18
f 181/773/18 268/772/18 177/721/18
f 177/721/18 268/772/18 263/722/18
f 262/774/417 294/775/418 264/776/18
f 264/776/18 294/775/418 295/777/419
f 283/778/420 315/779/421 280/780/18
f 280/780/18 315/779/421 306/781/422
f 307/782/423 320/783/424 284/784/18
f 307/782/423 284/784/18 281/785/425
f 339/786/426 362/787/427 333/788/18
f 333/788/18 362/787/427 349/789/428
f 350/790/429 384/791/430 340/792/18
f 350/790/429 340/792/18 334/793/431
f 431/794/18 478/795/432 454/796/433
f 431/794/18 454/796/433 432/797/434
f 433/798/435 473/799/436 479/800/18
f 433/798/435 479/800/18 434/801/437
f 558/802/438 547/803/439 555/804/18
f 555/804/18 547/803/439 529/805/440
f 530/806/441 561/807/442 559/808/18
f 530/806/441 559/808/18 556/809/443
f 612/810/18 622/811/444 595/812/445
f 612/810/18 595/812/445 589/813/446
f 590/814/447 607/815/448 623/816/18
f 590/814/447 623/816/18 613/817/449
f 642/818/450 640/819/451 637/820/452
f 637/820/452 640/819/451 639/821/453
f 637/820/452 639/821/453 623/822/454
f 623/822/454 639/821/453 610/823/455
f 623/822/454 610/823/455 613/824/456
f 613/824/456 610/823/455 584/825/457
f 584/825/457 610/823/455 578/826/458
f 584/825/457 578/826/458 559/827/459
f 559/827/459 578/826/458 526/828/460
f 559/827/459 526/828/460 556/829/461
f 556/829/461 526/828/460 508/830/462
f 508/830/462 526/828/460 463/831/463
f 508/830/462 463/831/463 479/832/464
f 479/832/464 463/831/463 434/833/465
f 434/833/465 463/831/463 397/834/466
f 434/833/465 397/834/466 392/835/467
f 392/835/467 397/834/466 338/836/468
f 392/835/467 338/836/468 340/837/469
f 340/837/469 338/836/468 334/838/470
f 334/838/470 338/836/468 323/839/471
f 334/838/470 323/839/471 309/840/472
f 309/840/472 323/839/471 286/841/473
f 309/840/472 286/841/473 284/842/474
f 284/842/474 286/841/473 281/843/475
f 281/843/475 286/841/473 269/844/476
f 281/843/475 269/844/476 267/845/477
f 267/845/477 269/844/476 263/846/478
f 267/845/477 263/846/478 264/847/479
f 264/847/479 263/846/478 262/848/480
f 262/848/480 263/846/478 266/849/481
f 266/849/481 263/846/478 268/850/482
f 266/849/481 268/850/482 280/851/483
f 280/851/483 268/850/482 285/852/484
f 280/851/483 285/852/484 283/853/485
f 283/853/485 285/852/484 308/854/486
f 308/854/486 285/852/484 322/855/487
f 308/854/486 322/855/487 333/856/488
f 333/856/488 322/855/487 337/857/489
f 333/856/488 337/857/489 339/858/490
f 339/858/490 337/857/489 391/859/491
f 391/859/491 337/857/489 396/860/492
f 391/859/491 396/860/492 431/861/493
f 431/861/493 396/860/492 462/862/494
f 431/861/493 462/862/494 478/863/495
f 478/863/495 462/862/494 507/864/496
f 507/864/496 462/862/494 525/865/497
f 507/864/496 525/865/497 555/866/498
f 555/866/498 525/865/497 558/867/499
f 558/867/499 525/865/497 577/868/500
f 558/867/499 577/868/500 583/869/501
f 583/869/501 577/868/500 609/870/502
f 583/869/501 609/870/502 612/871/503
f 612/871/503 609/870/502 622/872/504
f 622/872/504 609/870/502 638/873/505
f 622/872/504 638/873/505 636/874/506
f 636/874/506 638/873/505 641/875/507
f 641/875/507 638/873/505 640/876/451
f 641/875/507 640/876/451 642/877/450
f 617/878/508 616/879/509 641/880/18
f 617/878/508 641/880/18 642/881/510
f 281/882/5 267/883/5 260/884/5
f 260/884/5 267/883/5 248/885/5
f 248/885/5 267/883/5 264/886/5
f 248/885/5 264/886/5 237/887/5
f 330/888/5 334/889/5 290/890/5
f 290/890/5 334/889/5 309/891/5
f 290/890/5 309/891/5 284/892/5
f 290/890/5 284/892/5 274/893/5
f 236/894/5 262/895/5 247/896/5
f 247/896/5 262/895/5 266/897/5
f 247/896/5 266/897/5 259/898/5
f 259/898/5 266/897/5 280/899/5
f 435/900/5 434/901/5 382/902/5
f 382/902/5 434/901/5 392/903/5
f 382/902/5 392/903/5 351/904/5
f 351/904/5 392/903/5 340/905/5
f 273/906/5 283/907/5 289/908/5
f 289/908/5 283/907/5 308/909/5
f 289/908/5 308/909/5 333/910/5
f 333/910/5 329/911/5 289/908/5
f 556/912/5 508/913/5 565/914/5
f 565/914/5 508/913/5 515/915/5
f 515/915/5 508/913/5 479/916/5
f 515/915/5 479/916/5 480/917/5
f 339/918/5 391/919/5 348/920/5
f 348/920/5 391/919/5 381/921/5
f 381/921/5 391/919/5 431/922/5
f 381/921/5 431/922/5 430/923/5
f 634/924/5 613/925/5 603/926/5
f 603/926/5 613/925/5 584/927/5
f 603/926/5 584/927/5 559/928/5
f 559/928/5 582/929/5 603/926/5
f 477/930/5 478/931/5 514/932/5
f 514/932/5 478/931/5 507/933/5
f 514/932/5 507/933/5 564/934/5
f 564/934/5 507/933/5 555/935/5
f 672/936/5 642/937/5 655/938/5
f 655/938/5 642/937/5 637/939/5
f 655/938/5 637/939/5 647/940/5
f 647/940/5 637/939/5 623/941/5
f 581/942/5 558/943/5 602/944/5
f 602/944/5 558/943/5 583/945/5
f 602/944/5 583/945/5 612/946/5
f 602/944/5 612/946/5 633/947/5
f 254/948/5 272/949/511 244/950/5
f 244/950/5 272/949/511 258/951/5
f 244/950/5 258/951/5 246/952/5
f 244/950/5 246/952/5 227/953/5
f 227/953/5 246/952/5 235/954/512
f 227/953/5 235/954/512 223/955/5
f 223/955/5 235/954/512 234/956/5
f 223/955/5 234/956/5 226/957/5
f 226/957/5 234/956/5 245/958/5
f 226/957/5 245/958/5 243/959/5
f 243/959/5 245/958/5 257/960/5
f 243/959/5 257/960/5 271/961/5
f 243/959/5 271/961/5 253/962/5
f 253/962/5 271/961/5 287/963/5
f 357/964/5 328/965/5 254/948/5
f 254/948/5 328/965/5 288/966/5
f 328/965/5 357/964/5 347/967/513
f 347/967/513 357/964/5 380/968/5
f 380/968/5 357/964/5 369/969/5
f 378/970/5 420/971/5 369/969/5
f 369/969/5 420/971/5 380/968/5
f 420/971/5 378/970/5 416/972/5
f 416/972/5 378/970/5 388/973/5
f 416/972/5 388/973/5 407/974/5
f 416/972/5 407/974/5 425/975/5
f 425/975/5 407/974/5 444/976/5
f 444/976/5 407/974/5 451/977/5
f 444/976/5 451/977/5 470/978/5
f 470/978/5 451/977/5 492/979/5
f 470/978/5 492/979/5 485/980/5
f 485/980/5 492/979/5 521/981/5
f 485/980/5 521/981/5 504/982/5
f 504/982/5 521/981/5 538/983/5
f 504/982/5 538/983/5 543/984/5
f 504/982/5 543/984/5 497/985/5
f 497/985/5 543/984/5 513/986/5
f 497/985/5 513/986/5 469/987/5
f 469/987/5 513/986/5 476/988/514
f 469/987/5 476/988/514 443/989/5
f 443/989/5 476/988/514 429/990/5
f 443/989/5 429/990/5 420/971/5
f 420/971/5 429/990/5 380/968/5
f 513/986/5 543/984/5 553/991/5
f 513/986/5 553/991/5 563/992/5
f 563/992/5 553/991/5 580/993/5
f 580/993/5 553/991/5 665/994/5
f 580/993/5 665/994/5 601/995/5
f 601/995/5 665/994/5 632/996/5
f 632/996/5 665/994/5 664/997/5
f 632/996/5 664/997/5 645/998/5
f 645/998/5 664/997/5 653/999/5
f 653/999/5 664/997/5 678/1000/5
f 653/999/5 678/1000/5 670/1001/5
f 670/1001/5 678/1000/5 680/1002/5
f 670/1001/5 680/1002/5 669/1003/515
f 669/1003/515 680/1002/5 677/1004/5
f 669/1003/515 677/1004/5 652/1005/5
f 652/1005/5 677/1004/5 663/1006/5
f 652/1005/5 663/1006/5 644/1007/5
f 644/1007/5 663/1006/5 631/1008/516
f 631/1008/516 663/1006/5 662/1009/5
f 631/1008/516 662/1009/5 600/1010/5
f 600/1010/5 662/1009/5 579/1011/5
f 579/1011/5 662/1009/5 552/1012/5
f 579/1011/5 552/1012/5 562/1013/517
f 562/1013/517 552/1012/5 512/1014/5
f 512/1014/5 552/1012/5 542/1015/5
f 537/1016/5 503/1017/5 542/1015/5
f 542/1015/5 503/1017/5 496/1018/5
f 542/1015/5 496/1018/5 512/1014/5
f 512/1014/5 496/1018/5 468/1019/5
f 512/1014/5 468/1019/5 474/1020/5
f 474/1020/5 468/1019/5 442/1021/5
f 503/1017/5 537/1016/5 520/1022/5
f 503/1017/5 520/1022/5 484/1023/5
f 484/1023/5 520/1022/5 491/1024/5
f 484/1023/5 491/1024/5 467/1025/5
f 467/1025/5 491/1024/5 450/1026/5
f 467/1025/5 450/1026/5 441/1027/5
f 441/1027/5 450/1026/5 406/1028/5
f 441/1027/5 406/1028/5 424/1029/5
f 424/1029/5 406/1028/5 415/1030/5
f 415/1030/5 406/1028/5 387/1031/5
f 415/1030/5 387/1031/5 377/1032/5
f 415/1030/5 377/1032/5 419/1033/5
f 419/1033/5 377/1032/5 368/1034/5
f 419/1033/5 368/1034/5 379/1035/5
f 379/1035/5 368/1034/5 356/1036/5
f 379/1035/5 356/1036/5 344/1037/5
f 344/1037/5 356/1036/5 327/1038/5
f 327/1038/5 356/1036/5 253/962/5
f 327/1038/5 253/962/5 287/963/5
f 474/1020/5 442/1021/5 426/1039/518
f 426/1039/518 442/1021/5 419/1033/5
f 426/1039/518 419/1033/5 379/1035/5
f 293/1040/519 292/1041/520 234/956/5
f 293/1040/519 234/956/5 235/954/512
f 257/960/5 304/1042/521 271/961/5
f 319/1043/522 271/961/5 304/1042/521
f 327/1038/5 345/1044/523 344/1037/5
f 383/1045/524 344/1037/5 345/1044/523
f 474/1020/5 426/1039/518 427/1046/525
f 474/1020/5 427/1046/525 475/1047/526
f 562/1013/517 527/1048/527 560/1049/528
f 560/1049/528 579/1011/5 562/1013/517
f 631/1008/516 587/1050/529 606/1051/530
f 606/1051/530 644/1007/5 631/1008/516
f 669/1003/515 614/1052/531 670/1001/5
f 670/1001/5 614/1052/531 615/1053/532
f 645/998/5 594/1054/533 632/996/5
f 588/1055/534 632/996/5 594/1054/533
f 580/993/5 546/1056/535 563/992/5
f 528/1057/536 563/992/5 546/1056/535
f 476/988/514 453/1058/537 429/990/5
f 429/990/5 453/1058/537 428/1059/538
f 347/967/513 361/1060/539 346/1061/540
f 346/1061/540 328/965/5 347/967/513
f 288/966/5 272/949/511 254/948/5
f 272/949/511 314/1062/541 305/1063/542
f 305/1063/542 258/951/5 272/949/511
f 543/1064/543 541/1065/544 553/1066/545
f 553/1066/545 541/1065/544 551/1067/546
f 551/1068/546 661/292/547 553/1069/545
f 553/1069/545 661/292/547 665/294/548
f 357/1070/549 355/1071/550 369/1072/551
f 369/1072/551 355/1071/550 367/1073/552
f 367/1074/552 376/1075/553 369/1076/551
f 369/1076/551 376/1075/553 378/1077/554
f 543/1078/543 538/1079/555 541/1080/544
f 541/1080/544 538/1079/555 536/1081/556
f 368/1082/557 366/1083/558 356/1084/559
f 356/1084/559 366/1083/558 354/1085/560
f 354/1086/560 251/300/561 356/1087/559
f 356/1087/559 251/300/561 253/302/562
f 540/1088/563 542/1089/564 550/1090/565
f 550/1090/565 542/1089/564 552/1091/566
f 552/1092/566 662/296/567 550/1093/565
f 550/1093/565 662/296/567 658/298/568
f 368/1094/557 377/48/569 366/1095/558
f 366/1095/558 377/48/569 375/50/570
f 540/1096/563 535/50/571 542/1097/564
f 542/1097/564 535/50/571 537/48/572
f 314/1098/541 320/1099/424 307/1100/423
f 307/1100/423 305/1101/542 314/1098/541
f 453/1102/537 473/1103/436 433/1104/435
f 433/1104/435 428/1105/538 453/1102/537
f 594/1106/533 607/1107/448 590/1108/447
f 590/1108/447 588/1109/534 594/1106/533
f 587/1110/529 589/1111/446 595/1112/445
f 595/1112/445 606/1113/530 587/1110/529
f 427/1114/525 432/1103/434 454/1115/433
f 454/1115/433 475/1105/526 427/1114/525
f 304/1116/521 306/1117/422 315/1118/421
f 315/1118/421 319/1119/522 304/1116/521
f 345/1120/523 349/1121/428 362/1122/427
f 362/1122/427 383/1123/524 345/1120/523
f 527/1124/527 529/1125/440 547/1126/439
f 547/1126/439 560/1127/528 527/1124/527
f 614/1128/531 616/1129/509 617/1130/508
f 617/1130/508 615/1131/532 614/1128/531
f 546/1132/535 561/1133/442 530/1134/441
f 530/1134/441 528/1135/536 546/1132/535
f 361/1136/539 384/1137/430 350/1138/429
f 350/1138/429 346/1139/540 361/1136/539
f 293/1140/519 295/1141/419 294/1142/418
f 294/1142/418 292/1143/520 293/1140/519
f 622/1144/5 636/1145/5 646/1146/5
f 646/1146/5 636/1145/5 654/1147/5
f 654/1147/5 636/1145/5 641/1148/5
f 654/1147/5 641/1148/5 671/1149/5
f 307/1150/423 281/1151/425 305/1152/542
f 305/1152/542 281/1151/425 258/1153/573
f 258/1153/573 281/1151/425 260/1154/574
f 258/1155/575 260/1156/576 246/1157/577
f 246/1157/577 260/1156/576 248/1158/578
f 246/1157/577 248/1158/578 235/1159/579
f 235/1159/579 248/1158/578 237/1160/580
f 237/1161/2 264/1162/581 235/1163/512
f 235/1163/512 264/1162/581 293/1164/519
f 293/1164/519 264/1162/581 295/1165/419
f 294/1150/418 262/1151/417 292/1152/520
f 292/1152/520 262/1151/417 234/1153/582
f 234/1153/582 262/1151/417 236/1154/583
f 234/1166/584 236/1167/585 245/1168/586
f 245/1168/586 236/1167/585 247/1169/587
f 245/1168/586 247/1169/587 257/1170/588
f 257/1170/588 247/1169/587 259/1171/589
f 259/1161/50 280/1162/590 257/1163/591
f 257/1163/591 280/1162/590 304/1164/521
f 304/1164/521 280/1162/590 306/1165/422
f 315/1150/421 283/1151/420 319/1152/522
f 319/1152/522 283/1151/420 271/1153/592
f 271/1153/592 283/1151/420 273/1154/593
f 271/1172/594 273/1173/595 287/1174/596
f 287/1174/596 273/1173/595 289/1175/597
f 287/1174/596 289/1175/597 327/1176/598
f 327/1176/598 289/1175/597 329/1177/599
f 329/1161/600 333/1162/601 327/1163/601
f 327/1163/601 333/1162/601 345/1164/523
f 345/1164/523 333/1162/601 349/1165/428
f 362/1150/427 339/1151/426 383/1152/524
f 383/1152/524 339/1151/426 344/1153/602
f 344/1153/602 339/1151/426 348/1154/603
f 344/1178/604 348/1179/605 379/1180/606
f 379/1180/606 348/1179/605 381/1181/607
f 379/1180/606 381/1181/607 426/1182/608
f 426/1182/608 381/1181/607 430/1183/609
f 430/1161/610 431/1162/611 426/1163/518
f 426/1163/518 431/1162/611 427/1164/525
f 427/1164/525 431/1162/611 432/1165/434
f 454/1150/433 478/1151/432 475/1152/526
f 475/1152/526 478/1151/432 474/1153/612
f 474/1153/612 478/1151/432 477/1154/3
f 474/1184/613 477/1185/614 512/1186/615
f 512/1186/615 477/1185/614 514/1187/616
f 512/1186/615 514/1187/616 562/1188/617
f 562/1188/617 514/1187/616 564/1189/618
f 564/1161/619 555/1162/620 562/1163/517
f 562/1163/517 555/1162/620 527/1164/527
f 527/1164/527 555/1162/620 529/1165/440
f 547/1150/439 558/1151/438 560/1152/528
f 560/1152/528 558/1151/438 579/1153/621
f 579/1153/621 558/1151/438 581/1154/622
f 579/1190/623 581/1191/624 600/1192/625
f 600/1192/625 581/1191/624 602/1193/626
f 600/1192/625 602/1193/626 631/1194/627
f 631/1194/627 602/1193/626 633/1195/628
f 633/1161/629 612/1162/630 631/1163/516
f 631/1163/516 612/1162/630 587/1164/529
f 587/1164/529 612/1162/630 589/1165/446
f 378/1196/554 376/1197/553 388/1198/631
f 388/1198/631 376/1197/553 386/1199/632
f 388/1198/631 386/1199/632 407/1200/633
f 407/1200/633 386/1199/632 405/1201/634
f 407/1200/633 405/1201/634 451/1202/635
f 451/1202/635 405/1201/634 449/1203/636
f 451/1202/635 449/1203/636 492/1204/637
f 492/1204/637 449/1203/636 490/1205/638
f 492/1204/637 490/1205/638 510/1206/639
f 492/1204/637 510/1206/639 521/1207/640
f 521/1207/640 510/1206/639 524/1208/641
f 521/1207/640 524/1208/641 538/1209/555
f 538/1209/555 524/1208/641 536/1210/556
f 537/1211/572 535/1212/571 520/1213/642
f 520/1213/642 535/1212/571 519/1214/643
f 520/1213/642 519/1214/643 491/1215/644
f 491/1215/644 519/1214/643 489/1216/645
f 491/1215/644 489/1216/645 450/1217/646
f 450/1217/646 489/1216/645 448/1218/647
f 450/1217/646 448/1218/647 406/1219/648
f 406/1219/648 448/1218/647 404/1220/649
f 406/1219/648 404/1220/649 387/1207/650
f 387/1207/650 404/1220/649 385/1221/651
f 387/1207/650 385/1221/651 377/1222/569
f 377/1222/569 385/1221/651 375/1223/570
f 357/1224/549 254/288/652 355/1225/550
f 355/1225/550 254/288/652 252/290/653
f 252/1226/18 242/1227/18 355/1228/18
f 242/1227/18 241/1229/18 355/1228/18
f 355/1228/18 241/1229/18 354/1230/18
f 355/1228/18 354/1230/18 367/1231/18
f 367/1231/18 354/1230/18 366/1232/18
f 367/1231/18 366/1232/18 440/1233/18
f 440/1233/18 366/1232/18 541/1234/18
f 440/1233/18 541/1234/18 466/1235/18
f 466/1235/18 541/1234/18 495/1236/18
f 495/1236/18 541/1234/18 502/1237/18
f 502/1237/18 541/1234/18 536/1238/18
f 502/1237/18 536/1238/18 524/1239/18
f 241/1229/18 242/1227/18 224/1240/18
f 224/1240/18 242/1227/18 225/1241/77
f 224/1240/18 225/1241/77 222/1242/79
f 354/1230/18 241/1229/18 251/1243/18
f 366/1232/18 439/1244/18 541/1234/18
f 541/1234/18 439/1244/18 540/1245/18
f 541/1234/18 540/1245/18 551/1246/18
f 551/1246/18 540/1245/18 550/1247/18
f 551/1246/18 550/1247/18 660/1248/18
f 660/1248/18 550/1247/18 659/1249/18
f 660/1248/18 659/1249/18 676/1250/18
f 676/1250/18 659/1249/18 675/1251/67
f 676/1250/18 675/1251/67 679/1252/69
f 375/1253/18 417/1254/18 366/1232/18
f 366/1232/18 417/1254/18 439/1244/18
f 417/1254/18 375/1253/18 413/1255/18
f 413/1255/18 375/1253/18 385/1256/18
f 413/1255/18 385/1256/18 404/1257/18
f 413/1255/18 404/1257/18 422/1258/18
f 422/1258/18 404/1257/18 438/1259/18
f 438/1259/18 404/1257/18 448/1260/18
f 438/1259/18 448/1260/18 464/1261/18
f 464/1261/18 448/1260/18 489/1262/18
f 464/1261/18 489/1262/18 482/1263/18
f 482/1263/18 489/1262/18 519/1264/18
f 482/1263/18 519/1264/18 501/1265/18
f 501/1265/18 519/1264/18 535/1266/18
f 501/1265/18 535/1266/18 540/1245/18
f 501/1265/18 540/1245/18 494/1267/18
f 494/1267/18 540/1245/18 465/1268/18
f 465/1268/18 540/1245/18 439/1244/18
f 658/1269/18 659/1249/18 550/1247/18
f 551/1246/18 660/1248/18 661/1270/18
f 524/1239/18 510/1271/18 502/1237/18
f 502/1237/18 510/1271/18 483/1272/18
f 483/1272/18 510/1271/18 490/1273/18
f 483/1272/18 490/1273/18 455/1274/18
f 455/1274/18 490/1273/18 449/1275/18
f 455/1274/18 449/1275/18 423/1276/18
f 423/1276/18 449/1275/18 405/1277/18
f 423/1276/18 405/1277/18 414/1278/18
f 414/1278/18 405/1277/18 386/1279/18
f 414/1278/18 386/1279/18 376/1280/18
f 414/1278/18 376/1280/18 418/1281/18
f 418/1281/18 376/1280/18 367/1231/18
f 418/1281/18 367/1231/18 440/1233/18
f 563/1282/654 565/1283/655 513/1284/656
f 513/1284/656 565/1283/655 515/1285/657
f 513/1284/656 515/1285/657 476/1286/658
f 476/1286/658 515/1285/657 480/1287/659
f 632/1288/660 634/1289/661 601/1290/662
f 601/1290/662 634/1289/661 603/1291/663
f 601/1290/662 603/1291/663 580/1292/664
f 580/1292/664 603/1291/663 582/1293/665
f 429/1294/666 435/1295/667 380/1296/668
f 380/1296/668 435/1295/667 382/1297/669
f 380/1296/668 382/1297/669 347/1298/670
f 347/1298/670 382/1297/669 351/1299/671
f 328/1300/672 330/1301/673 288/1302/674
f 288/1302/674 330/1301/673 290/1303/675
f 288/1302/674 290/1303/675 272/1304/676
f 272/1304/676 290/1303/675 274/1305/677
f 670/1306/678 672/1307/679 653/1308/680
f 653/1308/680 672/1307/679 655/1309/681
f 653/1308/680 655/1309/681 645/1310/682
f 645/1310/682 655/1309/681 647/1311/683
f 644/1312/684 646/1313/685 652/1314/686
f 652/1314/686 646/1313/685 654/1315/687
f 652/1314/686 654/1315/687 669/1316/688
f 669/1316/688 654/1315/687 671/1317/689
f 595/1150/445 622/1151/444 606/1152/530
f 606/1152/530 622/1151/444 644/1153/690
f 644/1153/690 622/1151/444 646/1154/45
f 617/1150/508 642/1151/510 615/1152/532
f 615/1152/532 642/1151/510 670/1153/691
f 670/1153/691 642/1151/510 672/1154/692
f 671/1161/4 641/1162/693 669/1163/515
f 669/1163/515 641/1162/693 614/1164/531
f 614/1164/531 641/1162/693 616/1165/509
f 274/1161/694 284/1162/695 272/1163/511
f 272/1163/511 284/1162/695 314/1164/541
f 314/1164/541 284/1162/695 320/1165/424
f 350/1150/429 334/1151/431 346/1152/540
f 346/1152/540 334/1151/431 328/1153/696
f 328/1153/696 334/1151/431 330/1154/619
f 351/1161/697 340/1162/698 347/1163/513
f 347/1163/513 340/1162/698 361/1164/539
f 361/1164/539 340/1162/698 384/1165/430
f 433/1150/435 434/1151/437 428/1152/538
f 428/1152/538 434/1151/437 429/1153/699
f 429/1153/699 434/1151/437 435/1154/700
f 480/1161/3 479/1162/701 476/1163/514
f 476/1163/514 479/1162/701 453/1164/537
f 453/1164/537 479/1162/701 473/1165/436
f 590/1150/447 613/1151/449 588/1152/534
f 588/1152/534 613/1151/449 632/1153/702
f 632/1153/702 613/1151/449 634/1154/703
f 647/1161/704 623/1162/705 645/1163/706
f 645/1163/706 623/1162/705 594/1164/533
f 594/1164/533 623/1162/705 607/1165/448
f 530/1150/441 556/1151/443 528/1152/536
f 528/1152/536 556/1151/443 563/1153/707
f 563/1153/707 556/1151/443 565/1154/600
f 582/1161/708 559/1162/709 580/1163/710
f 580/1163/710 559/1162/709 546/1164/535
f 546/1164/535 559/1162/709 561/1165/442
usemtl 100,100,100
f 204/519/249 197/520/192 208/521/250
f 208/521/250 197/520/192 209/522/251
f 270/523/252 238/524/253 275/525/254
f 270/523/252 275/525/254 316/526/255
f 326/527/256 301/528/201 332/529/203
f 197/520/192 199/530/194 209/522/251
f 209/522/251 215/531/257 238/524/253
f 238/524/253 215/531/257 240/532/258
f 238/524/253 240/532/258 275/525/254
f 209/522/251 199/530/194 215/531/257
f 336/533/259 390/534/260 395/535/261
f 199/530/194 210/536/197 215/531/257
f 215/531/257 210/536/197 240/532/258
f 240/532/258 265/537/262 275/525/254
f 275/525/254 318/538/263 316/526/255
f 336/533/259 316/526/255 390/534/260
f 275/525/254 265/537/262 318/538/263
f 316/526/255 318/538/263 364/539/264
f 316/526/255 364/539/264 390/534/260
f 210/536/197 233/540/198 240/532/258
f 240/532/258 233/540/198 265/537/262
f 265/537/262 296/541/265 318/538/263
f 445/542/266 398/543/267 493/544/268
f 445/542/266 493/544/268 487/545/269
f 471/546/270 481/547/271 509/548/272
f 605/549/273 591/550/274 635/551/275
f 635/551/275 591/550/274 630/552/276
f 635/551/275 630/552/276 674/553/216
f 374/554/205 421/555/207 398/543/267
f 481/547/271 534/556/277 509/548/272
f 398/543/267 421/555/207 493/544/268
f 493/544/268 523/557/278 487/545/269
f 481/547/271 487/545/269 534/556/277
f 421/555/207 517/558/208 493/544/268
f 487/545/269 523/557/278 557/559/279
f 487/545/269 557/559/279 534/556/277
f 493/544/268 517/558/208 523/557/278
f 523/557/278 566/560/280 557/559/279
f 586/561/212 630/552/276 591/550/274
f 681/562/281 692/563/218 688/564/282
f 461/565/283 408/566/284 389/567/285
f 403/568/286 437/569/287 393/570/288
f 692/563/218 696/571/220 688/564/282
f 688/564/282 691/572/289 667/573/290
f 608/574/291 667/573/290 619/575/292
f 688/564/282 696/571/220 691/572/289
f 667/573/290 656/576/293 619/575/292
f 608/574/291 619/575/292 592/577/294
f 608/574/291 592/577/294 569/578/295
f 696/571/220 698/579/222 691/572/289
f 667/573/290 691/572/289 656/576/293
f 691/572/289 698/579/222 697/580/296
f 691/572/289 697/580/296 689/581/297
f 689/581/297 697/580/296 690/582/226
f 689/581/297 690/582/226 666/583/298
f 666/583/298 690/582/226 643/584/299
f 643/584/299 618/585/300 585/586/301
f 690/582/226 673/587/227 643/584/299
f 643/584/299 673/587/227 618/585/300
f 673/587/227 629/588/229 618/585/300
f 522/589/302 488/590/303 486/591/304
f 486/591/304 402/592/305 461/565/283
f 570/593/233 498/594/306 522/589/302
f 486/591/304 488/590/303 436/595/307
f 486/591/304 436/595/307 402/592/305
f 461/565/283 402/592/305 408/566/284
f 522/589/302 498/594/306 488/590/303
f 408/566/284 343/596/308 389/567/285
f 436/595/307 394/597/309 402/592/305
f 408/566/284 402/592/305 343/596/308
f 488/590/303 498/594/306 411/598/237
f 352/599/310 342/600/239 321/601/311
f 342/600/239 317/602/241 321/601/311
f 317/602/241 276/603/242 291/604/312
f 317/602/241 291/604/312 321/601/311
f 321/601/311 291/604/312 302/605/313
f 321/601/311 302/605/313 335/606/314
f 335/606/314 302/605/313 303/607/315
f 335/606/314 303/607/315 343/596/308
f 343/596/308 303/607/315 341/608/316
f 343/596/308 341/608/316 389/567/285
f 389/567/285 341/608/316 393/570/288
f 249/609/317 232/610/244 205/611/318
f 249/609/317 205/611/318 214/612/319
f 214/612/319 205/611/318 207/613/320
f 207/613/320 205/611/318 198/614/321
f 207/613/320 198/614/321 204/615/249
f 204/615/249 198/614/321 197/616/192
f 204/615/249 216/617/322 207/613/320
f 207/613/320 216/617/322 217/618/323
f 207/613/320 217/618/323 214/612/319
f 214/612/319 217/618/323 256/619/324
f 214/612/319 256/619/324 249/609/317
f 217/618/323 216/617/322 250/620/325
f 249/609/317 256/619/324 302/605/313
f 249/609/317 302/605/313 291/604/312
f 216/617/322 261/621/326 250/620/325
f 217/618/323 250/620/325 282/622/327
f 217/618/323 282/622/327 256/619/324
f 256/619/324 282/622/327 303/607/315
f 256/619/324 303/607/315 302/605/313
f 324/623/328 261/621/326 325/624/329
f 324/623/328 325/624/329 363/625/330
f 363/625/330 403/568/286 393/570/288
f 363/625/330 393/570/288 324/623/328
f 324/623/328 393/570/288 341/608/316
f 393/570/288 437/569/287 459/626/331
f 393/570/288 459/626/331 460/627/332
f 522/589/302 539/628/333 576/629/334
f 576/629/334 599/630/335 604/631/231
f 604/631/231 599/630/335 629/588/229
f 628/632/336 648/633/337 668/634/338
f 668/634/338 648/633/337 674/553/216
f 509/548/272 456/635/339 471/546/270
f 487/545/269 481/547/271 445/542/266
f 403/636/286 412/637/340 472/638/341
f 472/638/341 412/637/340 456/635/339
f 412/637/340 395/535/261 456/635/339
f 456/635/339 395/535/261 390/534/260
f 452/639/342 365/640/343 445/542/266
f 445/542/266 365/640/343 398/543/267
f 270/523/252 239/641/344 238/524/253
f 261/642/326 216/643/322 239/641/344
f 239/641/344 216/643/322 208/521/250
f 239/641/344 208/521/250 209/522/251
f 239/641/344 209/522/251 238/524/253
f 216/643/322 204/519/249 208/521/250
f 437/569/287 403/636/286 472/638/341
f 437/569/287 472/638/341 516/644/345
f 261/642/326 239/641/344 270/523/252
f 325/645/329 261/642/326 270/523/252
f 412/637/340 403/636/286 363/646/330
f 412/637/340 363/646/330 395/535/261
f 395/535/261 363/646/330 325/645/329
f 395/535/261 325/645/329 336/533/259
f 336/533/259 325/645/329 270/523/252
f 336/533/259 270/523/252 316/526/255
f 265/537/262 233/540/198 296/541/265
f 296/541/265 326/527/256 318/538/263
f 233/540/198 301/528/201 296/541/265
f 296/541/265 301/528/201 326/527/256
f 326/527/256 332/529/203 353/647/346
f 353/647/346 332/529/203 374/554/205
f 353/647/346 374/554/205 398/543/267
f 318/538/263 326/527/256 365/640/343
f 365/640/343 326/527/256 353/647/346
f 365/640/343 353/647/346 398/543/267
f 364/539/264 318/538/263 365/640/343
f 364/539/264 365/640/343 452/639/342
f 390/534/260 364/539/264 452/639/342
f 445/542/266 481/547/271 452/639/342
f 452/639/342 481/547/271 471/546/270
f 452/639/342 471/546/270 390/534/260
f 390/534/260 471/546/270 456/635/339
f 534/556/277 575/648/347 509/548/272
f 517/558/208 554/649/210 523/557/278
f 523/557/278 554/649/210 566/560/280
f 566/560/280 591/550/274 557/559/279
f 534/556/277 557/559/279 575/648/347
f 557/559/279 591/550/274 605/549/273
f 557/559/279 605/549/273 575/648/347
f 554/649/210 586/561/212 566/560/280
f 566/560/280 586/561/212 591/550/274
f 648/633/337 635/551/275 674/553/216
f 605/549/273 635/551/275 648/633/337
f 628/632/336 605/549/273 648/633/337
f 575/648/347 605/549/273 593/650/348
f 593/650/348 605/549/273 628/632/336
f 509/548/272 575/648/347 549/651/349
f 549/651/349 575/648/347 593/650/348
f 456/635/339 509/548/272 549/651/349
f 668/634/338 674/553/216 692/563/218
f 668/634/338 692/563/218 681/562/281
f 628/632/336 668/634/338 657/652/350
f 657/652/350 668/634/338 681/562/281
f 657/652/350 681/562/281 688/564/282
f 593/650/348 628/632/336 611/653/351
f 611/653/351 628/632/336 657/652/350
f 549/651/349 593/650/348 611/653/351
f 456/635/339 549/651/349 516/644/345
f 472/638/341 456/635/339 516/644/345
f 688/564/282 667/573/290 657/652/350
f 657/652/350 667/573/290 608/574/291
f 657/652/350 608/574/291 611/653/351
f 611/653/351 608/574/291 569/578/295
f 611/653/351 569/578/295 549/651/349
f 549/651/349 569/578/295 548/654/352
f 549/651/349 548/654/352 516/644/345
f 691/572/289 689/581/297 656/576/293
f 548/654/352 569/578/295 459/626/331
f 548/654/352 459/626/331 516/644/345
f 656/576/293 689/581/297 666/583/298
f 656/576/293 666/583/298 619/575/292
f 569/578/295 592/577/294 511/655/353
f 569/578/295 511/655/353 459/626/331
f 592/577/294 567/656/354 511/655/353
f 666/583/298 643/584/299 619/575/292
f 592/577/294 619/575/292 585/586/301
f 585/586/301 619/575/292 643/584/299
f 618/585/300 629/588/229 599/630/335
f 585/586/301 618/585/300 599/630/335
f 585/586/301 599/630/335 539/628/333
f 539/628/333 599/630/335 576/629/334
f 592/577/294 585/586/301 567/656/354
f 567/656/354 585/586/301 539/628/333
f 567/656/354 539/628/333 518/657/355
f 511/655/353 567/656/354 518/657/355
f 459/626/331 437/569/287 516/644/345
f 539/628/333 522/589/302 486/591/304
f 539/628/333 486/591/304 518/657/355
f 518/657/355 486/591/304 461/565/283
f 460/627/332 389/567/285 393/570/288
f 604/631/231 570/593/233 576/629/334
f 576/629/334 570/593/233 522/589/302
f 460/627/332 461/565/283 389/567/285
f 511/655/353 518/657/355 460/627/332
f 460/627/332 518/657/355 461/565/283
f 459/626/331 511/655/353 460/627/332
f 402/592/305 394/597/309 335/606/314
f 402/592/305 335/606/314 343/596/308
f 488/590/303 411/598/237 436/595/307
f 436/595/307 411/598/237 394/597/309
f 394/597/309 352/599/310 335/606/314
f 411/598/237 342/600/239 394/597/309
f 394/597/309 342/600/239 352/599/310
f 352/599/310 321/601/311 335/606/314
f 291/604/312 276/603/242 249/609/317
f 249/609/317 276/603/242 232/610/244
f 341/608/316 303/607/315 324/623/328
f 282/622/327 250/620/325 261/621/326
f 303/607/315 282/622/327 324/623/328
f 324/623/328 282/622/327 261/621/326
usemtl 0,170,255
f 847/1318/711 855/1319/712 851/1320/713
f 851/1320/713 855/1319/712 865/1321/714
f 851/1320/713 865/1321/714 879/1322/715
f 879/1322/715 865/1321/714 890/1323/716
f 879/1322/715 890/1323/716 915/1324/717
f 915/1324/717 890/1323/716 908/1325/718
f 915/1324/717 908/1325/718 937/1326/719
f 937/1326/719 908/1325/718 925/1327/720
f 937/1326/719 925/1327/720 936/1328/721
f 936/1328/721 925/1327/720 907/1329/722
f 936/1328/721 907/1329/722 914/1330/723
f 914/1330/723 907/1329/722 897/1331/724
f 914/1330/723 897/1331/724 878/1332/725
f 878/1332/725 897/1331/724 881/1333/726
f 878/1332/725 881/1333/726 850/1334/727
f 850/1334/727 881/1333/726 861/1335/728
f 850/1334/727 861/1335/728 847/1336/711
f 847/1336/711 861/1335/728 855/1337/712
f 811/1338/729 847/1339/730 812/1340/731
f 812/1340/731 847/1339/730 824/1341/732
f 824/1341/732 847/1339/730 851/1342/733
f 824/1341/732 851/1342/733 836/1343/732
f 836/1343/732 851/1342/733 879/1344/734
f 836/1343/732 879/1344/734 871/1345/735
f 871/1345/735 879/1344/734 900/1346/736
f 900/1346/736 879/1344/734 915/1347/737
f 900/1346/736 915/1347/737 929/1348/738
f 929/1348/738 915/1347/737 942/1349/738
f 942/1349/738 915/1347/737 937/1350/737
f 942/1349/738 937/1350/737 955/1351/739
f 955/1351/739 937/1350/737 936/1352/740
f 760/1353/18 778/1354/18 811/1338/729
f 811/1338/729 778/1354/18 963/1355/741
f 811/1338/729 963/1355/741 878/1356/742
f 878/1356/742 963/1355/741 914/1357/743
f 914/1357/743 963/1355/741 936/1352/740
f 936/1352/740 963/1355/741 955/1351/739
f 760/1353/18 753/1358/18 778/1354/18
f 778/1354/18 753/1358/18 774/1359/18
f 774/1359/18 753/1358/18 770/1360/18
f 770/1360/18 753/1358/18 745/1361/18
f 770/1360/18 745/1361/18 767/1362/18
f 767/1362/18 745/1361/18 737/1363/18
f 767/1362/18 737/1363/18 744/1364/18
f 767/1362/18 744/1364/18 769/1365/18
f 769/1365/18 744/1364/18 752/1366/18
f 769/1365/18 752/1366/18 773/1367/18
f 773/1367/18 752/1366/18 777/1368/18
f 777/1368/18 752/1366/18 759/1369/18
f 777/1368/18 759/1369/18 810/1370/744
f 809/1371/745 846/1372/730 810/1370/744
f 810/1370/744 846/1372/730 849/1373/746
f 846/1372/730 809/1371/745 823/1374/747
f 846/1372/730 823/1374/747 848/1375/748
f 848/1375/748 823/1374/747 835/1376/747
f 848/1375/748 835/1376/747 876/1377/749
f 876/1377/749 835/1376/747 870/1378/750
f 876/1377/749 870/1378/750 899/1379/751
f 876/1377/749 899/1379/751 912/1380/752
f 912/1380/752 899/1379/751 928/1381/741
f 912/1380/752 928/1381/741 941/1382/741
f 912/1380/752 941/1382/741 934/1383/741
f 934/1383/741 941/1382/741 954/1384/753
f 934/1383/741 954/1384/753 935/1385/740
f 935/1385/740 954/1384/753 962/1386/738
f 935/1385/740 962/1386/738 913/1387/752
f 913/1387/752 962/1386/738 877/1388/754
f 877/1388/754 962/1386/738 810/1370/744
f 877/1388/754 810/1370/744 849/1373/746
f 1006/1389/18 992/1390/18 962/1386/738
f 962/1386/738 992/1390/18 777/1368/18
f 962/1386/738 777/1368/18 810/1370/744
f 1006/1389/18 1007/1391/18 992/1390/18
f 992/1390/18 1007/1391/18 993/1392/18
f 993/1392/18 1007/1391/18 1000/1393/18
f 1000/1393/18 1007/1391/18 1022/1394/18
f 1000/1393/18 1022/1394/18 1004/1395/18
f 1004/1395/18 1022/1394/18 1035/1396/18
f 1004/1395/18 1035/1396/18 1023/1397/18
f 1004/1395/18 1023/1397/18 1001/1398/18
f 1001/1398/18 1023/1397/18 1008/1399/18
f 1001/1398/18 1008/1399/18 994/1400/18
f 994/1400/18 1008/1399/18 995/1401/18
f 995/1401/18 1008/1399/18 1009/1402/18
f 995/1401/18 1009/1402/18 963/1355/741
f 778/1354/18 995/1401/18 963/1355/741
f 811/1338/729 878/1356/742 850/1403/755
f 850/1403/755 847/1339/730 811/1338/729
f 863/1404/756 855/1405/757 857/1406/758
f 857/1407/758 855/1408/757 861/1409/759
f 857/1407/758 861/1409/759 868/1410/760
f 868/1410/760 861/1409/759 882/1411/761
f 882/1411/761 861/1409/759 881/1412/762
f 882/1411/761 881/1412/762 898/1413/763
f 898/1413/763 881/1412/762 897/1414/764
f 898/1413/763 897/1414/764 907/1415/765
f 898/1413/763 907/1415/765 917/1416/766
f 917/1416/766 907/1415/765 925/1417/767
f 917/1416/766 925/1417/767 927/1418/768
f 927/1418/768 925/1417/767 911/1419/769
f 911/1419/769 925/1417/767 908/1420/770
f 911/1419/769 908/1420/770 893/1421/771
f 893/1421/771 908/1420/770 890/1422/772
f 893/1421/771 890/1422/772 869/1423/773
f 869/1423/773 890/1422/772 865/1424/774
f 869/1423/773 865/1424/774 863/1404/756
f 863/1404/756 865/1424/774 855/1405/757
f 854/1337/712 846/1425/711 860/1426/728
f 860/1426/728 846/1425/711 848/1427/727
f 860/1426/728 848/1427/727 880/1428/726
f 880/1428/726 848/1427/727 876/1429/725
f 880/1428/726 876/1429/725 896/1331/724
f 896/1331/724 876/1429/725 912/1430/723
f 896/1331/724 912/1430/723 905/1431/722
f 905/1431/722 912/1430/723 934/1432/721
f 905/1431/722 934/1432/721 924/1433/720
f 924/1433/720 934/1432/721 935/1434/775
f 924/1433/720 935/1434/775 906/1435/776
f 906/1435/776 935/1434/775 913/1436/717
f 906/1435/776 913/1436/717 889/1437/777
f 889/1437/777 913/1436/717 877/1438/715
f 889/1437/777 877/1438/715 864/1439/714
f 864/1439/714 877/1438/715 849/1440/778
f 864/1439/714 849/1440/778 854/1441/712
f 854/1441/712 849/1440/778 846/1442/711
f 862/1404/756 854/1443/757 856/1406/779
f 856/1444/779 854/1408/757 860/1445/780
f 856/1444/779 860/1445/780 866/1446/781
f 866/1446/781 860/1445/780 880/1447/782
f 866/1446/781 880/1447/782 891/1448/783
f 891/1448/783 880/1447/782 896/1414/784
f 891/1448/783 896/1414/784 909/1449/785
f 909/1449/785 896/1414/784 905/1450/786
f 909/1449/785 905/1450/786 926/1451/787
f 926/1451/787 905/1450/786 924/1452/788
f 926/1451/787 924/1452/788 916/1453/789
f 916/1453/789 924/1452/788 906/1454/790
f 916/1453/789 906/1454/790 910/1455/791
f 910/1455/791 906/1454/790 892/1456/792
f 892/1456/792 906/1454/790 889/1457/772
f 892/1456/792 889/1457/772 867/1423/773
f 867/1423/773 889/1457/772 864/1458/774
f 867/1423/773 864/1458/774 862/1404/756
f 862/1404/756 864/1458/774 854/1443/757
f 795/1459/793 797/1460/794 765/1461/795
f 765/1461/795 797/1460/794 742/1462/796
f 758/1463/797 736/1464/798 766/1461/799
f 766/1461/799 736/1464/798 743/1462/800
f 973/1459/801 982/1460/802 1021/1461/803
f 1021/1461/803 982/1460/802 1033/1462/804
f 969/1465/805 982/1466/802 973/1467/801
f 975/1468/806 982/1469/802 961/1470/807
f 961/1470/807 982/1469/802 969/1471/805
f 820/1472/808 800/1473/809 830/1474/810
f 830/1474/810 800/1473/809 822/1475/811
f 830/1474/810 822/1475/811 841/1476/812
f 841/1476/812 822/1475/811 845/1477/813
f 841/1476/812 845/1477/813 875/1478/814
f 875/1478/814 845/1477/813 888/1479/815
f 875/1478/814 888/1479/815 904/1480/816
f 904/1480/816 888/1479/815 919/1481/817
f 904/1480/816 919/1481/817 940/1482/818
f 940/1482/818 919/1481/817 949/1483/819
f 940/1482/818 949/1483/819 953/1484/820
f 953/1484/820 949/1483/819 975/1485/806
f 953/1484/820 975/1485/806 961/1486/807
f 798/1487/821 800/1488/809 803/1489/822
f 803/1489/822 800/1488/809 820/1490/808
f 796/1491/823 798/1492/821 803/1493/822
f 743/1494/824 798/1495/821 766/1496/825
f 766/1496/825 798/1495/821 796/1497/823
f 1019/1463/826 1031/1464/827 1018/1461/828
f 1018/1461/828 1031/1464/827 1030/1462/829
f 1020/1498/830 1039/1499/831 1029/1500/832
f 1029/1500/832 1039/1499/831 1038/1501/833
f 1038/1501/833 1039/1499/831 1040/1502/834
f 1038/1501/833 1040/1502/834 1028/1503/835
f 1028/1503/835 1040/1502/834 1019/1504/826
f 1019/1504/826 1040/1502/834 1031/1505/827
f 1039/1506/831 1020/1507/830 1032/1508/836
f 1033/1509/837 1032/1510/836 1021/1511/838
f 1021/1511/838 1032/1510/836 1020/1512/830
f 735/1513/839 728/1514/840 757/1498/841
f 757/1498/841 728/1514/840 750/1500/842
f 750/1500/842 728/1514/840 740/1515/843
f 740/1515/843 728/1514/840 727/1516/844
f 740/1515/843 727/1516/844 751/1503/845
f 751/1503/845 727/1516/844 758/1517/797
f 758/1517/797 727/1516/844 736/1518/798
f 742/1509/846 735/1510/839 765/1511/847
f 765/1511/847 735/1510/839 757/1512/841
f 805/1519/848 797/1520/794 795/1521/793
f 799/1468/849 797/1469/794 819/1470/850
f 819/1470/850 797/1469/794 805/1471/848
f 960/1522/851 974/1523/852 947/1524/853
f 947/1524/853 974/1523/852 948/1525/854
f 947/1524/853 948/1525/854 933/1526/855
f 933/1526/855 948/1525/854 918/1527/856
f 933/1526/855 918/1527/856 895/1528/857
f 895/1528/857 918/1527/856 887/1529/858
f 895/1528/857 887/1529/858 853/1530/859
f 853/1530/859 887/1529/858 844/1531/860
f 853/1530/859 844/1531/860 834/1532/861
f 834/1532/861 844/1531/860 821/1533/862
f 834/1532/861 821/1533/862 829/1484/863
f 829/1484/863 821/1533/862 799/1534/849
f 829/1484/863 799/1534/849 819/1535/850
f 981/1487/864 974/1488/852 968/1489/865
f 968/1489/865 974/1488/852 960/1490/851
f 977/1536/866 981/1537/864 968/1538/865
f 1030/1494/867 981/1495/864 1018/1496/868
f 1018/1496/868 981/1495/864 977/1497/866
f 766/1539/869 796/1540/870 764/1541/871
f 764/1541/871 796/1540/870 794/1542/872
f 794/1542/872 796/1543/870 803/1544/873
f 794/1542/872 803/1544/873 804/1545/874
f 803/1546/873 820/1540/875 804/1095/874
f 804/1095/874 820/1540/875 818/50/876
f 818/1547/876 820/1548/875 828/1549/877
f 828/1549/877 820/1548/875 830/1550/878
f 828/1549/877 830/1550/878 840/1551/879
f 840/1551/879 830/1550/878 841/1552/880
f 840/1551/879 841/1552/880 874/1553/881
f 874/1553/881 841/1552/880 875/1554/882
f 874/1553/881 875/1554/882 903/1555/883
f 903/1555/883 875/1554/882 904/1556/884
f 903/1555/883 904/1556/884 932/1557/885
f 932/1557/885 904/1556/884 940/1558/886
f 932/1557/885 940/1558/886 946/1559/887
f 946/1559/887 940/1558/886 953/1560/888
f 946/1559/887 953/1560/888 959/1561/889
f 959/1561/889 953/1560/888 961/1562/890
f 961/1546/890 969/1540/891 959/1095/889
f 959/1095/889 969/1540/891 967/1563/892
f 967/1563/892 969/1564/891 973/1565/893
f 967/1563/892 973/1565/893 976/1566/894
f 973/1539/893 1021/1540/895 976/1541/894
f 976/1541/894 1021/1540/895 1017/50/896
f 1021/1567/897 1020/1540/898 1017/1568/899
f 1017/1568/899 1020/1540/898 1016/1569/900
f 1016/1570/900 1020/1571/898 1027/1572/901
f 1027/1572/901 1020/1571/898 1029/1573/902
f 1027/1572/901 1029/1573/902 1037/1574/903
f 1037/1574/903 1029/1573/902 1038/1575/904
f 1037/1574/903 1038/1575/904 1026/1576/905
f 1026/1576/905 1038/1575/904 1028/1577/906
f 1026/1576/905 1028/1577/906 1015/1578/907
f 1015/1578/907 1028/1577/906 1019/1579/908
f 1019/1567/908 1018/1540/909 1015/1568/907
f 1015/1568/907 1018/1540/909 1014/50/88
f 786/1580/910 733/1581/5 742/1582/911
f 742/1582/911 733/1581/5 729/1583/5
f 742/1582/911 729/1583/5 735/1584/5
f 735/1584/5 729/1583/5 722/1585/912
f 735/1584/5 722/1585/912 728/1586/913
f 728/1586/913 722/1585/912 727/1587/914
f 727/1587/914 722/1585/912 720/1588/914
f 727/1587/914 720/1588/914 724/1589/915
f 727/1587/914 724/1589/915 736/1590/5
f 736/1590/5 724/1589/915 730/1591/5
f 736/1590/5 730/1591/5 743/1592/5
f 743/1592/5 730/1591/5 734/1593/5
f 743/1592/5 734/1593/5 787/1594/916
f 788/1595/917 800/1596/918 787/1594/916
f 787/1594/916 800/1596/918 798/1597/919
f 800/1596/918 788/1595/917 792/1598/920
f 800/1596/918 792/1598/920 822/1599/921
f 822/1599/921 792/1598/920 808/1600/921
f 822/1599/921 808/1600/921 833/1601/921
f 822/1599/921 833/1601/921 845/1602/922
f 845/1602/922 833/1601/921 859/1603/922
f 845/1602/922 859/1603/922 888/1604/923
f 888/1604/923 859/1603/922 886/1605/923
f 888/1604/923 886/1605/923 923/1606/924
f 888/1604/923 923/1606/924 919/1607/924
f 919/1607/924 923/1606/924 952/1608/925
f 919/1607/924 952/1608/925 949/1609/925
f 949/1609/925 952/1608/925 980/1610/926
f 949/1609/925 980/1610/926 975/1611/193
f 975/1611/193 980/1610/926 987/1612/927
f 975/1611/193 987/1612/927 991/1613/928
f 1047/1614/5 1033/1615/929 991/1613/928
f 991/1613/928 1033/1615/929 982/1616/930
f 1047/1614/5 1046/1617/912 1033/1615/929
f 1033/1615/929 1046/1617/912 1032/1618/912
f 1032/1618/912 1046/1617/912 1039/1619/5
f 1039/1619/5 1046/1617/912 1051/1620/5
f 1039/1619/5 1051/1620/5 1053/1621/931
f 1039/1619/5 1053/1621/931 1040/1622/932
f 1040/1622/932 1053/1621/931 1050/1623/933
f 1040/1622/932 1050/1623/933 1045/1624/5
f 1040/1622/932 1045/1624/5 1031/1625/912
f 1031/1625/912 1045/1624/5 1030/1626/5
f 1030/1626/5 1045/1624/5 1044/1627/5
f 1030/1626/5 1044/1627/5 990/1628/934
f 986/1629/195 974/1630/935 990/1628/934
f 990/1628/934 974/1630/935 981/1631/936
f 974/1630/935 986/1629/195 979/1632/937
f 974/1630/935 979/1632/937 948/1633/938
f 948/1633/938 979/1632/937 971/1634/938
f 948/1633/938 971/1634/938 938/1635/938
f 948/1633/938 938/1635/938 918/1636/939
f 918/1636/939 938/1635/938 922/1637/939
f 918/1636/939 922/1637/939 887/1638/940
f 887/1638/940 922/1637/939 885/1639/940
f 887/1638/940 885/1639/940 858/1640/941
f 887/1638/940 858/1640/941 844/1641/941
f 844/1641/941 858/1640/941 832/1642/942
f 844/1641/941 832/1642/942 821/1643/942
f 821/1643/942 832/1642/942 807/1644/942
f 821/1643/942 807/1644/942 791/1645/943
f 821/1643/942 791/1645/943 799/1646/944
f 799/1646/944 791/1645/943 785/1647/945
f 799/1646/944 785/1647/945 786/1580/910
f 982/1616/930 975/1611/193 991/1613/928
f 798/1597/919 743/1592/5 787/1594/916
f 742/1582/911 797/1648/946 786/1580/910
f 786/1580/910 797/1648/946 799/1646/944
f 981/1631/936 1030/1626/5 990/1628/934
f 1041/1649/947 1010/1650/947 988/1651/947
f 988/1651/947 1010/1650/947 964/1652/947
f 1012/1653/948 1042/1654/949 1013/1655/950
f 1013/1655/950 1042/1654/949 1043/1656/951
f 965/1657/952 1013/1658/952 989/1659/952
f 989/1659/952 1013/1658/952 1043/1660/952
f 815/1661/953 816/1662/954 783/1663/955
f 783/1663/955 816/1662/954 784/1664/956
f 784/1665/956 816/1666/954 790/1667/957
f 790/1667/957 816/1666/954 826/1668/958
f 790/1667/957 826/1668/958 806/1669/959
f 806/1669/959 826/1668/958 838/1670/960
f 806/1669/959 838/1670/960 852/1671/961
f 806/1669/959 852/1671/961 843/1672/962
f 843/1672/962 852/1671/961 884/1673/963
f 884/1673/963 852/1671/961 894/1674/964
f 884/1673/963 894/1674/964 921/1675/965
f 921/1675/965 894/1674/964 930/1676/966
f 921/1675/965 930/1676/966 951/1677/967
f 951/1677/967 930/1676/966 970/1678/968
f 970/1678/968 930/1676/966 944/1679/969
f 970/1678/968 944/1679/969 983/1680/970
f 983/1680/970 944/1679/969 957/1681/971
f 983/1680/970 957/1681/971 985/1682/972
f 732/1649/952 762/1650/952 783/1651/952
f 783/1651/952 762/1650/952 815/1652/952
f 985/1683/972 957/1684/971 989/1685/973
f 989/1685/973 957/1684/971 965/1686/974
f 732/1660/975 726/1687/976 762/1658/977
f 762/1658/977 726/1687/976 754/1688/978
f 725/1689/979 741/1690/980 721/1691/981
f 721/1691/981 741/1690/980 746/1692/982
f 721/1691/981 746/1692/982 738/1693/983
f 721/1691/981 738/1693/983 719/1694/984
f 719/1694/984 738/1693/983 747/1695/985
f 719/1694/984 747/1695/985 723/1696/986
f 723/1696/986 747/1695/985 754/1697/978
f 723/1696/986 754/1697/978 726/1698/976
f 1042/1689/949 1012/1690/948 1049/1699/987
f 1049/1699/987 1012/1690/948 1025/1692/988
f 1049/1699/987 1025/1692/988 1036/1700/989
f 1049/1699/987 1036/1700/989 1052/1701/990
f 1052/1701/990 1036/1700/989 1024/1695/991
f 1052/1701/990 1024/1695/991 1048/1696/992
f 1048/1696/992 1024/1695/991 1011/1702/993
f 1048/1696/992 1011/1702/993 1034/1703/994
f 741/1653/980 725/1654/979 761/1655/995
f 761/1655/995 725/1654/979 731/1656/996
f 814/1657/947 761/1658/947 782/1659/947
f 782/1659/947 761/1658/947 731/1660/947
f 1041/1660/997 1034/1687/994 1010/1658/998
f 1010/1658/998 1034/1687/994 1011/1688/993
f 781/1683/999 813/1684/1000 782/1685/1001
f 782/1685/1001 813/1684/1000 814/1686/1002
f 984/1704/1003 956/1705/1004 978/1706/1005
f 978/1706/1005 956/1705/1004 943/1707/1006
f 978/1706/1005 943/1707/1006 950/1708/1007
f 950/1708/1007 943/1707/1006 939/1709/1008
f 950/1708/1007 939/1709/1008 901/1710/1009
f 950/1708/1007 901/1710/1009 920/1711/1010
f 920/1711/1010 901/1710/1009 883/1712/1011
f 883/1712/1011 901/1710/1009 872/1713/1012
f 883/1712/1011 872/1713/1012 842/1714/1013
f 842/1714/1013 872/1713/1012 837/1715/1014
f 842/1714/1013 837/1715/1014 831/1716/1015
f 831/1716/1015 837/1715/1014 801/1717/1016
f 801/1717/1016 837/1715/1014 825/1718/1017
f 801/1717/1016 825/1718/1017 789/1719/1018
f 789/1719/1018 825/1718/1017 813/1720/1000
f 789/1719/1018 813/1720/1000 781/1721/999
f 964/1661/1019 956/1662/1004 988/1663/1020
f 988/1663/1020 956/1662/1004 984/1664/1003
f 964/1722/2 1010/1723/2 962/1724/2
f 962/1724/2 1010/1723/2 1006/1725/2
f 1010/1726/1021 1011/1727/1022 1006/62/1023
f 1006/62/1023 1011/1727/1022 1007/1728/1024
f 1007/1729/1024 1011/1730/1022 1022/1731/1025
f 1022/1731/1025 1011/1730/1022 1024/1732/1026
f 1022/1731/1025 1024/1732/1026 1035/1733/1027
f 1035/1733/1027 1024/1732/1026 1036/1734/1028
f 1035/1733/1027 1036/1734/1028 1023/1735/1029
f 1023/1735/1029 1036/1734/1028 1025/1736/1030
f 1023/1735/1029 1025/1736/1030 1008/1737/1031
f 1008/1737/1031 1025/1736/1030 1012/1738/1032
f 1012/1726/1032 1013/1727/1033 1008/62/1031
f 1008/62/1031 1013/1727/1033 1009/1728/90
f 1013/1726/4 965/1739/4 1009/62/4
f 1009/62/4 965/1739/4 963/1740/4
f 965/1741/1034 957/1742/1035 963/1743/1036
f 963/1743/1036 957/1742/1035 955/1744/1037
f 955/1745/1037 957/1746/1035 942/1747/1038
f 942/1747/1038 957/1746/1035 944/1748/1039
f 942/1747/1038 944/1748/1039 929/1749/1040
f 929/1749/1040 944/1748/1039 930/1750/1041
f 929/1749/1040 930/1750/1041 900/1751/1042
f 900/1751/1042 930/1750/1041 894/1752/1043
f 900/1751/1042 894/1752/1043 871/1753/1044
f 871/1753/1044 894/1752/1043 852/1754/1045
f 871/1753/1044 852/1754/1045 836/1755/1046
f 836/1755/1046 852/1754/1045 838/1756/1047
f 836/1755/1046 838/1756/1047 824/1757/1048
f 824/1757/1048 838/1756/1047 826/1758/1049
f 824/1757/1048 826/1758/1049 812/1759/1050
f 812/1759/1050 826/1758/1049 816/1760/1051
f 816/1726/1051 815/1761/1052 812/62/1050
f 812/62/1050 815/1761/1052 811/1762/1053
f 815/1722/4 762/1723/4 811/1724/4
f 811/1724/4 762/1723/4 760/1725/4
f 956/1726/1054 964/1761/1055 954/62/1056
f 954/62/1056 964/1761/1055 962/1762/1057
f 761/1726/2 814/1739/2 759/62/2
f 759/62/2 814/1739/2 810/1740/2
f 814/1741/1058 813/1742/1059 810/1743/1060
f 810/1743/1060 813/1742/1059 809/1744/1061
f 762/1726/1062 754/1727/1063 760/62/1064
f 760/62/1064 754/1727/1063 753/1728/1065
f 994/1763/1066 995/62/1067 998/1764/1068
f 998/1764/1068 995/62/1067 999/50/1069
f 995/1765/2 778/62/2 999/1766/2
f 999/1766/2 778/62/2 780/50/2
f 778/1763/1070 774/62/1071 780/1764/1072
f 780/1764/1072 774/62/1071 776/50/1073
f 776/1767/1073 774/1768/1071 772/1769/1074
f 772/1769/1074 774/1768/1071 770/1770/1075
f 772/1769/1074 770/1770/1075 768/1771/1076
f 768/1771/1076 770/1770/1075 767/1772/1077
f 768/1771/1076 767/1772/1077 771/1773/1078
f 771/1773/1078 767/1772/1077 769/1774/1079
f 771/1773/1078 769/1774/1079 775/1775/1080
f 775/1775/1080 769/1774/1079 773/1776/1081
f 741/1726/1082 761/1727/1083 752/62/1084
f 752/62/1084 761/1727/1083 759/1728/86
f 753/1729/1065 754/1730/1063 745/1731/1085
f 745/1731/1085 754/1730/1063 747/1732/1086
f 745/1731/1085 747/1732/1086 737/1777/1087
f 737/1777/1087 747/1732/1086 738/1778/1088
f 737/1777/1087 738/1778/1088 744/1735/1089
f 744/1735/1089 738/1778/1088 746/1736/1090
f 744/1735/1089 746/1736/1090 752/1737/1084
f 752/1737/1084 746/1736/1090 741/1738/1082
f 773/1763/1081 777/62/1091 775/1764/1080
f 775/1764/1080 777/62/1091 779/50/1092
f 777/1765/4 992/62/4 779/1766/4
f 779/1766/4 992/62/4 996/50/4
f 992/1763/1093 993/62/1094 996/1764/1095
f 996/1764/1095 993/62/1094 997/50/1096
f 997/1779/1096 993/1768/1094 1002/1769/1097
f 1002/1769/1097 993/1768/1094 1000/1770/1098
f 1002/1769/1097 1000/1770/1098 1005/1771/1099
f 1005/1771/1099 1000/1770/1098 1004/1772/1100
f 1005/1771/1099 1004/1772/1100 1003/1773/1101
f 1003/1773/1101 1004/1772/1100 1001/1774/1102
f 1003/1773/1101 1001/1774/1102 998/1775/1068
f 998/1775/1068 1001/1774/1102 994/1776/1066
f 809/1780/1061 813/1781/1059 823/1782/1103
f 823/1782/1103 813/1781/1059 825/1783/1104
f 823/1782/1103 825/1783/1104 835/1784/1105
f 835/1784/1105 825/1783/1104 837/1785/1106
f 835/1784/1105 837/1785/1106 870/1786/1107
f 870/1786/1107 837/1785/1106 872/1787/1108
f 870/1786/1107 872/1787/1108 899/1788/1109
f 899/1788/1109 872/1787/1108 901/1789/1110
f 899/1788/1109 901/1789/1110 928/1790/1111
f 928/1790/1111 901/1789/1110 939/1791/1112
f 928/1790/1111 939/1791/1112 941/1792/1113
f 941/1792/1113 939/1791/1112 943/1793/1114
f 941/1792/1113 943/1793/1114 954/1794/1056
f 954/1794/1056 943/1793/1114 956/1795/1054
f 818/1796/5 857/1797/5 804/1798/5
f 804/1798/5 857/1797/5 868/1799/5
f 857/1797/5 818/1796/5 863/1800/5
f 863/1800/5 818/1796/5 828/1801/5
f 863/1800/5 828/1801/5 869/1802/5
f 869/1802/5 828/1801/5 840/1803/5
f 869/1802/5 840/1803/5 874/1804/5
f 869/1802/5 874/1804/5 893/1805/5
f 893/1805/5 874/1804/5 903/1806/5
f 893/1805/5 903/1806/5 911/1807/5
f 911/1807/5 903/1806/5 932/1808/5
f 911/1807/5 932/1808/5 946/1809/5
f 911/1807/5 946/1809/5 927/1810/5
f 927/1810/5 946/1809/5 959/1811/5
f 927/1810/5 959/1811/5 917/1812/5
f 917/1812/5 959/1811/5 967/1813/5
f 917/1812/5 967/1813/5 898/1814/5
f 898/1814/5 967/1813/5 882/1815/5
f 882/1815/5 967/1813/5 794/1816/5
f 882/1815/5 794/1816/5 804/1798/5
f 882/1815/5 804/1798/5 868/1799/5
f 794/1816/5 967/1813/5 976/1817/5
f 794/1816/5 976/1817/5 780/1390/5
f 780/1390/5 976/1817/5 999/1401/5
f 999/1401/5 976/1817/5 1017/1402/5
f 999/1401/5 1017/1402/5 1016/1818/5
f 1016/1818/5 998/1819/5 999/1401/5
f 998/1819/5 1016/1818/5 1003/1820/5
f 1003/1820/5 1016/1818/5 1027/1821/5
f 1003/1820/5 1027/1821/5 1005/1822/5
f 1005/1822/5 1027/1821/5 1037/1823/5
f 1005/1822/5 1037/1823/5 1026/1824/5
f 1005/1822/5 1026/1824/5 1002/1825/5
f 1002/1825/5 1026/1824/5 1015/1826/5
f 1002/1825/5 1015/1826/5 997/1827/5
f 997/1827/5 1015/1826/5 996/1354/5
f 996/1354/5 1015/1826/5 1014/1353/5
f 996/1354/5 1014/1353/5 972/1828/5
f 972/1828/5 793/1829/5 996/1354/5
f 996/1354/5 793/1829/5 779/1368/5
f 779/1368/5 793/1829/5 763/1369/5
f 779/1368/5 763/1369/5 755/1830/5
f 793/1829/5 972/1828/5 802/1831/5
f 802/1831/5 972/1828/5 892/1832/5
f 892/1832/5 972/1828/5 966/1833/5
f 892/1832/5 966/1833/5 910/1834/5
f 910/1834/5 966/1833/5 916/1835/5
f 916/1835/5 966/1833/5 958/1836/5
f 916/1835/5 958/1836/5 926/1837/5
f 926/1837/5 958/1836/5 945/1838/5
f 926/1837/5 945/1838/5 909/1839/5
f 909/1839/5 945/1838/5 931/1840/5
f 909/1839/5 931/1840/5 902/1841/5
f 909/1839/5 902/1841/5 891/1842/5
f 891/1842/5 902/1841/5 873/1843/5
f 891/1842/5 873/1843/5 866/1844/5
f 866/1844/5 873/1843/5 839/1845/5
f 866/1844/5 839/1845/5 827/1846/5
f 866/1844/5 827/1846/5 856/1847/5
f 856/1847/5 827/1846/5 817/1848/5
f 856/1847/5 817/1848/5 802/1831/5
f 856/1847/5 802/1831/5 862/1849/5
f 862/1849/5 802/1831/5 867/1850/5
f 867/1850/5 802/1831/5 892/1832/5
f 755/1830/5 775/1851/5 779/1368/5
f 775/1851/5 755/1830/5 771/1852/5
f 771/1852/5 755/1830/5 748/1853/5
f 771/1852/5 748/1853/5 768/1854/5
f 768/1854/5 748/1853/5 739/1855/5
f 768/1854/5 739/1855/5 749/1856/5
f 768/1854/5 749/1856/5 772/1857/5
f 772/1857/5 749/1856/5 756/1858/5
f 772/1857/5 756/1858/5 776/1859/5
f 776/1859/5 756/1858/5 780/1390/5
f 780/1390/5 756/1858/5 764/1389/5
f 780/1390/5 764/1389/5 794/1816/5
f 758/1567/1115 766/1540/1116 756/1568/1117
f 756/1568/1117 766/1540/1116 764/50/92
f 1018/1539/1118 977/1540/1119 1014/1541/1120
f 1014/1541/1120 977/1540/1119 972/1860/1121
f 972/1860/1121 977/1861/1119 968/1862/1122
f 972/1860/1121 968/1862/1122 966/1863/1123
f 968/1546/1122 960/1540/1124 966/1095/1123
f 966/1095/1123 960/1540/1124 958/50/1125
f 958/1864/1125 960/1865/1124 945/1866/1126
f 945/1866/1126 960/1865/1124 947/1867/1127
f 945/1866/1126 947/1867/1127 931/1868/1128
f 931/1868/1128 947/1867/1127 933/1869/1129
f 931/1868/1128 933/1869/1129 902/1870/1130
f 902/1870/1130 933/1869/1129 895/1871/1131
f 902/1870/1130 895/1871/1131 873/1872/1132
f 873/1872/1132 895/1871/1131 853/1873/1133
f 873/1872/1132 853/1873/1133 839/1874/1134
f 839/1874/1134 853/1873/1133 834/1875/1135
f 839/1874/1134 834/1875/1135 827/1876/1136
f 827/1876/1136 834/1875/1135 829/1560/1137
f 827/1876/1136 829/1560/1137 817/1877/1138
f 817/1877/1138 829/1560/1137 819/1878/1139
f 819/1546/1139 805/1540/1140 817/1095/1138
f 817/1095/1138 805/1540/1140 802/1879/1141
f 802/1879/1141 805/1880/1140 795/1881/1142
f 802/1879/1141 795/1881/1142 793/1882/1143
f 795/1539/1142 765/1540/1144 793/1541/1143
f 793/1541/1143 765/1540/1144 763/50/1145
f 765/1567/1146 757/1540/1147 763/1568/1148
f 763/1568/1148 757/1540/1147 755/1883/1149
f 755/1570/1149 757/1571/1147 748/1572/1150
f 748/1572/1150 757/1571/1147 750/1573/1151
f 748/1572/1150 750/1573/1151 739/1884/1152
f 739/1884/1152 750/1573/1151 740/1885/1153
f 739/1884/1152 740/1885/1153 749/1576/1154
f 749/1576/1154 740/1885/1153 751/1577/1155
f 749/1576/1154 751/1577/1155 756/1886/1117
f 756/1886/1117 751/1577/1155 758/1579/1115
f 733/1740/2 786/62/2 731/1887/2
f 731/1887/2 786/62/2 782/1888/2
f 786/1889/1156 785/62/1157 782/1890/1158
f 782/1890/1158 785/62/1157 781/1888/1159
f 781/1891/1159 785/1892/1157 791/1893/1160
f 781/1891/1159 791/1893/1160 789/1894/1161
f 789/1894/1161 791/1893/1160 801/1895/1162
f 801/1895/1162 791/1893/1160 807/1896/1163
f 801/1895/1162 807/1896/1163 832/1897/1164
f 801/1895/1162 832/1897/1164 831/1898/1165
f 831/1898/1165 832/1897/1164 842/1899/1166
f 842/1899/1166 832/1897/1164 858/1900/1167
f 842/1899/1166 858/1900/1167 885/1901/1168
f 842/1899/1166 885/1901/1168 883/1902/1169
f 883/1902/1169 885/1901/1168 922/1903/1170
f 883/1902/1169 922/1903/1170 920/1904/1171
f 920/1904/1171 922/1903/1170 938/1905/1172
f 920/1904/1171 938/1905/1172 950/1906/1173
f 950/1906/1173 938/1905/1172 971/1907/1174
f 950/1906/1173 971/1907/1174 979/1908/1175
f 950/1906/1173 979/1908/1175 978/1909/1176
f 978/1909/1176 979/1908/1175 986/1910/1177
f 978/1909/1176 986/1910/1177 984/1911/1178
f 986/1889/1177 990/62/1179 984/1890/1178
f 984/1890/1178 990/62/1179 988/1888/1180
f 990/1740/2 1044/62/2 988/1887/2
f 988/1887/2 1044/62/2 1041/1888/2
f 1044/1912/1181 1045/62/1182 1041/1913/1183
f 1041/1913/1183 1045/62/1182 1034/1888/1184
f 1034/1914/1184 1045/1729/1182 1048/1915/1185
f 1048/1915/1185 1045/1729/1182 1050/1916/1186
f 1048/1915/1185 1050/1916/1186 1052/1917/1187
f 1052/1917/1187 1050/1916/1186 1053/1918/1188
f 1052/1917/1187 1053/1918/1188 1049/1919/1189
f 1049/1919/1189 1053/1918/1188 1051/1920/1190
f 1049/1919/1189 1051/1920/1190 1042/1921/1191
f 1042/1921/1191 1051/1920/1190 1046/1922/1192
f 1046/1912/1192 1047/62/1193 1042/1913/1191
f 1042/1913/1191 1047/62/1193 1043/1888/1194
f 1047/1740/4 991/62/4 1043/1887/4
f 1043/1887/4 991/62/4 989/1888/4
f 991/1889/1195 987/62/1196 989/1890/1197
f 989/1890/1197 987/62/1196 985/1888/1198
f 985/1923/1198 987/1924/1196 980/1925/1199
f 985/1923/1198 980/1925/1199 983/1894/1200
f 983/1894/1200 980/1925/1199 970/1926/1201
f 970/1926/1201 980/1925/1199 952/1927/1202
f 970/1926/1201 952/1927/1202 951/1898/1203
f 951/1898/1203 952/1927/1202 923/1928/1204
f 951/1898/1203 923/1928/1204 921/1929/1205
f 921/1929/1205 923/1928/1204 886/1930/1206
f 921/1929/1205 886/1930/1206 884/1931/1207
f 884/1931/1207 886/1930/1206 859/1903/1208
f 884/1931/1207 859/1903/1208 843/1932/1209
f 843/1932/1209 859/1903/1208 833/1933/1210
f 843/1932/1209 833/1933/1210 806/1934/1211
f 806/1934/1211 833/1933/1210 808/1907/1212
f 806/1934/1211 808/1907/1212 792/1935/1213
f 806/1934/1211 792/1935/1213 790/1936/1214
f 790/1936/1214 792/1935/1213 788/1937/1215
f 790/1936/1214 788/1937/1215 784/1938/1216
f 788/1889/1215 787/62/1217 784/1890/1216
f 784/1890/1216 787/62/1217 783/1888/1218
f 787/1740/4 734/62/4 783/1887/4
f 783/1887/4 734/62/4 732/1888/4
f 734/1912/1219 730/62/1220 732/1913/1221
f 732/1913/1221 730/62/1220 726/1888/1222
f 724/1768/1223 726/1939/1222 730/1940/1220
f 726/1914/1222 724/1941/1223 723/1915/1224
f 723/1915/1224 724/1941/1223 719/1942/1225
f 719/1942/1225 724/1941/1223 720/1943/1226
f 719/1942/1225 720/1943/1226 721/1944/1227
f 721/1944/1227 720/1943/1226 722/1945/1228
f 721/1944/1227 722/1945/1228 725/1921/1229
f 725/1946/1229 722/1947/1228 729/1948/1230
f 729/1912/1230 733/62/1231 725/1913/1229
f 725/1913/1229 733/62/1231 731/1888/1232
usemtl 15,255,45_1
f 1103/1949/1233 1093/1950/1234 1109/1951/18
f 1109/1951/18 1093/1950/1234 1121/1952/18
f 1121/1952/18 1093/1950/1234 1127/1953/18
f 1127/1953/18 1093/1950/1234 1132/1954/18
f 1132/1954/18 1093/1950/1234 1135/1955/18
f 1135/1955/18 1093/1950/1234 1130/1956/18
f 1130/1956/18 1093/1950/1234 1082/1957/18
f 1130/1956/18 1082/1957/18 1124/1958/18
f 1124/1958/18 1082/1957/18 1114/1959/18
f 1114/1959/18 1082/1957/18 1105/1960/18
f 1105/1960/18 1082/1957/18 1097/1961/18
f 1097/1961/18 1082/1957/18 1090/1962/18
f 1090/1962/18 1082/1957/18 1081/1963/18
f 1081/1963/18 1082/1957/18 1076/1964/18
f 1081/1963/18 1076/1964/18 1070/1965/18
f 1070/1965/18 1076/1964/18 1062/1966/18
f 1070/1965/18 1062/1966/18 1060/1967/18
f 1060/1967/18 1062/1966/18 1058/1968/18
f 1060/1967/18 1058/1968/18 1056/1969/1235
f 1056/1969/1235 1058/1968/18 1054/1970/1236
usemtl 202,209,238_1
f 1096/1971/1237 1092/1972/1238 1100/1973/1239
f 1096/1974/1237 1089/1975/1240 1092/1976/1238
f 1092/1976/1238 1089/1975/1240 1079/1977/1241
f 1079/1977/1241 1089/1975/1240 1080/1978/1242
f 1079/1977/1241 1080/1978/1242 1075/1979/1243
f 1079/1977/1241 1075/1979/1243 1073/1980/1244
f 1073/1980/1244 1075/1979/1243 1065/1981/1245
f 1073/1980/1244 1065/1981/1245 1066/1982/1246
f 1066/1982/1246 1065/1981/1245 1063/1983/1247
f 1063/1983/1247 1065/1981/1245 1064/1984/1248
f 1063/1983/1247 1064/1984/1248 1067/1985/1249
f 1063/1983/1247 1067/1985/1249 1069/1986/1250
f 1069/1986/1250 1067/1985/1249 1074/1987/1251
f 1069/1986/1250 1074/1987/1251 1072/1988/1252
f 1072/1988/1252 1074/1987/1251 1084/1989/1253
f 1084/1989/1253 1074/1987/1251 1086/1990/1254
f 1084/1989/1253 1086/1990/1254 1088/1991/1255
f 1088/1991/1255 1086/1990/1254 1095/1992/1256
f 1088/1991/1255 1095/1992/1256 1099/1993/1257
f 1099/1993/1257 1095/1992/1256 1101/1994/1258
f 1099/1993/1257 1101/1994/1258 1107/1995/1259
f 1107/1995/1259 1101/1994/1258 1108/1996/1260
f 1107/1995/1259 1108/1996/1260 1118/1997/1261
f 1107/1995/1259 1118/1997/1261 1116/1998/1262
f 1116/1998/1262 1118/1997/1261 1123/1999/1263
f 1116/1998/1262 1123/1999/1263 1122/2000/1264
f 1122/2000/1264 1123/1999/1263 1129/2001/1265
f 1129/2001/1265 1123/1999/1263 1126/2002/1266
f 1129/2001/1265 1126/2002/1266 1117/2003/1267
f 1117/2003/1267 1126/2002/1266 1119/2004/1268
f 1117/2003/1267 1119/2004/1268 1113/2005/1269
f 1117/2003/1267 1113/2005/1269 1112/2006/1270
f 1112/2006/1270 1113/2005/1269 1102/2007/1271
f 1112/2006/1270 1102/2007/1271 1100/1973/1239
f 1100/1973/1239 1102/2007/1271 1096/1971/1237
usemtl 239,246,255
f 1094/2008/1272 1093/2009/1234 1103/2010/1233
f 1094/2011/1272 1087/2012/1273 1093/2013/1234
f 1093/2013/1234 1087/2012/1273 1082/2014/1274
f 1082/2014/1274 1087/2012/1273 1083/2015/1275
f 1082/2014/1274 1083/2015/1275 1077/2016/1276
f 1082/2014/1274 1077/2016/1276 1076/2017/1277
f 1076/2017/1277 1077/2016/1276 1068/2018/1278
f 1076/2017/1277 1068/2018/1278 1062/2019/1279
f 1062/2019/1279 1068/2018/1278 1059/2020/1280
f 1062/2019/1279 1059/2020/1280 1058/2021/1281
f 1058/2021/1281 1059/2020/1280 1055/2022/1282
f 1058/2021/1281 1055/2022/1282 1054/2023/1236
f 1054/2023/1236 1055/2022/1282 1057/2024/1283
f 1054/2023/1236 1057/2024/1283 1056/2025/1235
f 1056/2025/1235 1057/2024/1283 1061/2026/1284
f 1056/2025/1235 1061/2026/1284 1060/2027/1285
f 1060/2027/1285 1061/2026/1284 1071/2028/1286
f 1060/2027/1285 1071/2028/1286 1070/2029/1287
f 1070/2029/1287 1071/2028/1286 1078/2030/1288
f 1070/2029/1287 1078/2030/1288 1081/2031/1289
f 1081/2031/1289 1078/2030/1288 1085/2032/1290
f 1081/2031/1289 1085/2032/1290 1091/2033/1291
f 1081/2031/1289 1091/2033/1291 1090/2034/1292
f 1090/2034/1292 1091/2033/1291 1098/2035/1293
f 1090/2034/1292 1098/2035/1293 1097/2036/1294
f 1097/2036/1294 1098/2035/1293 1106/2037/1295
f 1097/2036/1294 1106/2037/1295 1105/2038/1296
f 1105/2038/1296 1106/2037/1295 1111/2039/1297
f 1105/2038/1296 1111/2039/1297 1114/2040/1298
f 1114/2040/1298 1111/2039/1297 1120/2041/1299
f 1114/2040/1298 1120/2041/1299 1125/2042/1300
f 1114/2040/1298 1125/2042/1300 1124/2043/1301
f 1124/2043/1301 1125/2042/1300 1131/2044/1302
f 1124/2043/1301 1131/2044/1302 1130/2045/1303
f 1130/2045/1303 1131/2044/1302 1134/2046/1304
f 1130/2045/1303 1134/2046/1304 1135/2047/1305
f 1135/2047/1305 1134/2046/1304 1133/2048/1306
f 1135/2047/1305 1133/2048/1306 1132/2049/1307
f 1132/2049/1307 1133/2048/1306 1128/2050/1308
f 1132/2049/1307 1128/2050/1308 1127/2051/1309
f 1127/2051/1309 1128/2050/1308 1115/2052/1310
f 1127/2051/1309 1115/2052/1310 1121/2053/1311
f 1121/2053/1311 1115/2052/1310 1109/2054/1312
f 1109/2054/1312 1115/2052/1310 1110/2055/1313
f 1109/2054/1312 1110/2055/1313 1104/2056/1314
f 1109/2054/1312 1104/2056/1314 1103/2010/1233
f 1103/2010/1233 1104/2056/1314 1094/2008/1272
f 1092/2057/5 1094/2058/5 1104/2059/5
f 1092/2057/5 1104/2059/5 1100/2060/5
f 1100/2060/5 1104/2059/5 1110/2061/5
f 1100/2060/5 1110/2061/5 1112/2062/5
f 1112/2062/5 1110/2061/5 1115/2063/5
f 1112/2062/5 1115/2063/5 1117/2064/5
f 1117/2064/5 1115/2063/5 1128/2065/5
f 1117/2064/5 1128/2065/5 1133/2066/5
f 1117/2064/5 1133/2066/5 1129/2067/5
f 1129/2067/5 1133/2066/5 1134/2068/5
f 1129/2067/5 1134/2068/5 1122/2069/5
f 1122/2069/5 1134/2068/5 1131/2070/5
f 1122/2069/5 1131/2070/5 1125/2071/5
f 1122/2069/5 1125/2071/5 1116/2072/5
f 1116/2072/5 1125/2071/5 1120/2073/5
f 1116/2072/5 1120/2073/5 1107/2074/5
f 1107/2074/5 1120/2073/5 1111/2075/5
f 1107/2074/5 1111/2075/5 1106/2076/5
f 1107/2074/5 1106/2076/5 1099/2077/5
f 1099/2077/5 1106/2076/5 1098/2078/5
f 1099/2077/5 1098/2078/5 1088/2079/5
f 1088/2079/5 1098/2078/5 1091/2080/5
f 1088/2079/5 1091/2080/5 1085/2081/5
f 1088/2079/5 1085/2081/5 1084/2082/5
f 1084/2082/5 1085/2081/5 1078/2083/5
f 1084/2082/5 1078/2083/5 1072/2084/5
f 1072/2084/5 1078/2083/5 1071/2085/5
f 1072/2084/5 1071/2085/5 1069/2086/5
f 1069/2086/5 1071/2085/5 1061/2087/5
f 1069/2086/5 1061/2087/5 1057/2088/5
f 1069/2086/5 1057/2088/5 1063/2089/5
f 1063/2089/5 1057/2088/5 1055/2090/5
f 1063/2089/5 1055/2090/5 1066/2091/5
f 1066/2091/5 1055/2090/5 1059/2092/5
f 1066/2091/5 1059/2092/5 1068/2093/5
f 1066/2091/5 1068/2093/5 1073/2094/5
f 1073/2094/5 1068/2093/5 1077/2095/5
f 1073/2094/5 1077/2095/5 1079/2096/5
f 1079/2096/5 1077/2095/5 1083/2097/5
f 1079/2096/5 1083/2097/5 1087/2098/5
f 1079/2096/5 1087/2098/5 1092/2057/5
f 1092/2057/5 1087/2098/5 1094/2058/5
usemtl 57,57,57_1
f 1096/2099/5 1095/2100/5 1089/2101/5
f 1089/2101/5 1095/2100/5 1086/2102/5
f 1089/2101/5 1086/2102/5 1080/2103/5
f 1080/2103/5 1086/2102/5 1074/2104/5
f 1080/2103/5 1074/2104/5 1075/2105/5
f 1075/2105/5 1074/2104/5 1065/2106/1245
f 1065/2106/1245 1074/2104/5 1067/2107/5
f 1065/2106/1245 1067/2107/5 1064/2108/1248
f 1095/2100/5 1096/2099/5 1101/2109/5
f 1101/2109/5 1096/2099/5 1102/2110/5
f 1101/2109/5 1102/2110/5 1108/2111/5
f 1108/2111/5 1102/2110/5 1113/2112/5
f 1108/2111/5 1113/2112/5 1118/2113/5
f 1118/2113/5 1113/2112/5 1119/2114/5
f 1118/2113/5 1119/2114/5 1123/2115/1263
f 1123/2115/1263 1119/2114/5 1126/2116/1266
