# Blender 5.2.0 LTS
# www.blender.org
mtllib mtf01.mtl
o Mico_Air_MTF-01_v1_v2
v -0.001150 0.014627 0.006408
v 0.000000 0.014618 0.006419
v -0.001150 0.014618 -0.006419
v -0.000000 0.014627 -0.006408
v -0.001150 0.014251 0.007380
v 0.000000 0.014305 0.007294
v -0.001150 0.014305 -0.007294
v -0.000000 0.014251 -0.007380
v -0.001150 0.013444 0.008155
v 0.000000 0.013530 0.008101
v -0.001150 0.013530 -0.008101
v -0.000000 0.013444 -0.008155
v -0.001150 0.013392 0.006233
v 0.000000 0.013392 0.005767
v -0.001150 0.013392 -0.005767
v -0.000000 0.013392 -0.006233
v 0.000000 0.013339 0.006386
v -0.001150 0.013339 0.005614
v -0.000000 0.013339 -0.005614
v -0.001150 0.013339 -0.006386
v -0.001150 0.013161 0.006735
v 0.000000 0.013069 0.006867
v -0.001150 0.013069 0.005133
v 0.000000 0.013161 0.005265
v -0.001150 0.013161 -0.005265
v -0.000000 0.013069 -0.005133
v -0.001150 0.013069 -0.006867
v -0.000000 0.013161 -0.006735
v -0.001150 0.012691 0.007142
v 0.000000 0.012721 0.004879
v -0.001150 0.012691 -0.004858
v -0.000000 0.012721 -0.007121
v -0.001150 0.012569 0.008468
v 0.000000 0.012558 0.008477
v -0.001150 0.012558 -0.008477
v -0.000000 0.012569 -0.008468
v 0.000000 0.012383 0.007242
v -0.001150 0.012536 0.004811
v -0.000000 0.012536 -0.004811
v -0.001150 0.012536 -0.007189
v -0.001150 0.011917 0.007242
v -0.001150 0.011953 0.004757
v 0.000000 0.011951 0.004746
v -0.001150 0.011917 -0.004758
v -0.000000 0.011988 -0.004747
v -0.001150 0.011953 -0.007243
v -0.000000 0.012150 -0.007250
v 0.000000 0.011764 0.007189
v -0.000000 0.011574 -0.007131
v -0.001150 0.011415 0.007011
v 0.000000 0.011283 0.006919
v -0.001150 0.011283 0.005081
v 0.000000 0.011415 0.004989
v -0.001150 0.011415 -0.004989
v -0.000000 0.011283 -0.005081
v -0.001150 0.011283 -0.006919
v -0.001150 0.011008 0.006541
v 0.000000 0.011008 0.005459
v -0.001150 0.011008 -0.005459
v -0.000000 0.011008 -0.006541
v 0.000000 0.010908 0.006233
v -0.001150 0.010908 0.005767
v -0.000000 0.010908 -0.005767
v -0.001150 0.010908 -0.006233
v -0.001150 -0.010908 0.006233
v 0.000000 -0.010900 0.006000
v -0.001150 -0.010900 -0.006000
v -0.000000 -0.010908 -0.006233
v 0.000000 -0.011008 0.006541
v -0.001150 -0.011008 0.005459
v 0.000000 -0.011041 0.005394
v -0.001150 -0.011041 -0.005394
v -0.000000 -0.011008 -0.005459
v -0.001150 -0.011008 -0.006541
v -0.001150 -0.011283 0.006919
v -0.000000 -0.011283 -0.006919
v 0.000000 -0.011415 0.007011
v -0.001150 -0.011574 0.004869
v 0.000000 -0.011579 0.004879
v -0.001150 -0.011609 -0.004858
v -0.000000 -0.011415 -0.004989
v -0.001150 -0.011574 -0.007131
v -0.001150 -0.011764 0.007189
v 0.000000 -0.011917 0.007242
v -0.000000 -0.011917 -0.004758
v -0.000000 -0.011953 -0.007243
v -0.001150 -0.012558 0.008477
v 0.000000 -0.012569 0.008468
v -0.001150 -0.012383 0.007242
v -0.001150 -0.012150 0.004750
v 0.000000 -0.012349 0.004746
v -0.001150 -0.012383 -0.004758
v -0.001150 -0.012150 -0.007250
v -0.001150 -0.012569 -0.008468
v -0.000000 -0.012558 -0.008477
v 0.000000 -0.012691 0.007142
v -0.001150 -0.012721 0.004879
v -0.000000 -0.012691 -0.004858
v -0.001150 -0.012721 -0.007121
v -0.000000 -0.012536 -0.007189
v -0.001150 -0.013069 0.006867
v 0.000000 -0.013069 0.005133
v -0.001150 -0.013069 -0.005133
v -0.000000 -0.013069 -0.006867
v 0.000000 -0.013161 0.006735
v -0.001150 -0.013161 0.005265
v -0.000000 -0.013161 -0.005265
v -0.001150 -0.013161 -0.006735
v -0.001150 -0.013530 0.008101
v 0.000000 -0.013444 0.008155
v -0.001150 -0.013444 -0.008155
v -0.000000 -0.013530 -0.008101
v -0.001150 -0.013339 0.006386
v 0.000000 -0.013392 0.006233
v -0.001150 -0.013392 0.005767
v 0.000000 -0.013339 0.005614
v -0.001150 -0.013339 -0.005614
v -0.000000 -0.013392 -0.005767
v -0.001150 -0.013392 -0.006233
v -0.000000 -0.013339 -0.006386
v -0.001150 -0.014305 0.007294
v 0.000000 -0.014251 0.007380
v -0.001150 -0.014251 -0.007380
v -0.000000 -0.014305 -0.007294
v -0.001150 -0.014618 0.006419
v 0.000000 -0.014627 0.006408
v -0.001150 -0.014627 -0.006408
v -0.000000 -0.014618 -0.006419
v 0.000000 0.009492 0.003876
v 0.000000 0.009453 0.002799
v 0.000000 0.009102 0.005447
v 0.000000 0.009159 0.001762
v 0.000500 0.008971 0.004038
v 0.010000 0.009016 0.003689
v 0.000500 0.008980 0.003036
v 0.010000 0.008803 0.002197
v 0.000000 0.008339 0.000433
v 0.000500 0.008714 0.005006
v 0.010000 0.008742 0.004934
v 0.000500 0.008741 0.002064
v 0.008000 0.008593 0.003818
v 0.010000 0.008585 0.003904
v 0.008000 0.008507 0.002602
v 0.010000 0.008535 0.002720
v 0.008000 0.008506 0.003424
v 0.010000 0.008503 0.003341
v 0.008000 0.008402 0.004353
v 0.010000 0.008421 0.004272
v 0.008000 0.008381 0.004756
v 0.010000 0.008351 0.004836
v 0.008000 0.008305 0.002290
v 0.010000 0.008263 0.002180
v 0.000500 0.008224 0.005880
v 0.010000 0.008138 0.006013
v 0.000503 0.008259 0.001169
v 0.010000 0.008215 0.001109
v 0.000000 0.007729 0.007129
v 0.008000 0.008055 0.005222
v 0.010000 0.008095 0.005149
v 0.008000 0.008017 0.001523
v 0.010000 0.008063 0.001595
v 0.008000 0.008091 0.005312
v 0.010000 0.007725 0.005884
v 0.008000 0.007571 0.001096
v 0.010000 0.007489 0.001011
v 0.008000 0.007623 0.005977
v 0.000501 0.007534 0.006605
v 0.000501 0.007571 0.000426
v 0.010000 0.007520 0.000384
v 0.010000 0.007550 0.005908
v 0.008000 0.007388 0.000796
v 0.010000 0.007451 0.000854
v 0.006000 0.007496 0.003732
v 0.010000 0.007496 0.003268
v 0.010000 0.007411 0.004231
v 0.006000 0.007411 0.002769
v 0.006000 0.007385 0.003824
v 0.006000 0.007365 0.003052
v 0.006000 0.007222 0.004688
v 0.010000 0.007303 0.002508
v 0.006350 0.007360 0.003785
v 0.006558 0.007330 0.003360
v 0.010000 0.007185 0.006859
v 0.008000 0.007141 0.006278
v -0.000000 0.006609 -0.000746
v 0.006521 0.007193 0.002666
v 0.006000 0.007160 0.004563
v 0.006688 0.007196 0.004133
v 0.006350 0.007148 0.004518
v 0.006000 0.007102 0.002326
v 0.007154 0.007047 0.003411
v 0.007152 0.007004 0.003904
v 0.007186 0.006910 0.002830
v 0.008000 0.006687 0.006703
v 0.010000 0.006578 0.006758
v 0.010000 0.006817 0.005246
v 0.006000 0.006817 0.001754
v 0.010000 0.006883 0.001845
v 0.007005 0.006932 0.004412
v 0.010000 0.006823 0.006496
v 0.006521 0.006816 0.002014
v 0.000501 0.006685 0.007136
v 0.000501 0.006729 -0.000115
v 0.010000 0.006666 -0.000145
v 0.007005 0.006848 0.002428
v 0.006000 0.006712 0.005192
v 0.006563 0.006891 0.004865
v 0.008000 0.006589 0.000261
v 0.010000 0.006665 0.000300
v 0.007422 0.006651 0.004274
v 0.008000 0.006619 0.000389
v 0.010000 0.006544 0.000351
v 0.006000 0.006601 0.005429
v 0.006000 0.006622 0.001721
v 0.007663 0.006531 0.003606
v 0.007540 0.006622 0.003021
v 0.007152 0.006587 0.004789
v 0.007422 0.006407 0.002340
v 0.008000 0.006331 0.006745
v 0.006521 0.006411 0.005374
v 0.000000 0.006278 0.007823
v 0.007120 0.006342 0.001922
v 0.010000 0.006061 0.007378
v 0.010000 0.006280 0.001344
v 0.006520 0.006404 0.001629
v 0.007154 0.006236 0.005134
v 0.007741 0.006214 0.002786
v 0.007741 0.006165 0.004290
v 0.007535 0.006221 0.004665
v 0.006000 0.006088 0.005647
v 0.010000 0.005759 0.006937
v 0.006000 0.005731 0.005911
v 0.010000 0.005992 0.005803
v 0.006000 0.005992 0.001197
v 0.006000 0.005975 0.001299
v 0.006521 0.005917 0.001341
v 0.007884 0.006089 0.003354
v 0.007881 0.005949 0.004036
v 0.007540 0.005778 0.001999
v 0.000504 0.005461 0.007494
v 0.000500 0.005779 -0.000431
v 0.010000 0.005707 -0.000444
v 0.007154 0.005797 0.001612
v 0.008000 0.005677 -0.000043
v 0.010000 0.005760 -0.000026
v 0.006520 0.005918 0.005651
v 0.008000 0.005739 0.000072
v 0.010000 0.005410 0.000004
v 0.007881 0.005779 0.002737
v 0.007736 0.005645 0.002251
v 0.007005 0.005680 0.005525
v 0.010000 0.005585 0.001065
v 0.007448 0.005788 0.005112
v 0.007831 0.005538 0.004617
v 0.007973 0.005654 0.003928
v 0.007971 0.005656 0.003099
v 0.008000 0.005303 0.007108
v 0.010000 0.005438 0.007081
v 0.008000 0.005426 0.006981
v 0.006000 0.005352 0.005881
v 0.006521 0.005379 0.005815
v 0.000000 0.005000 0.008016
v 0.007884 0.005163 0.002414
v 0.007422 0.005301 0.005298
v 0.008006 0.005378 0.003669
v 0.010000 0.005232 0.005996
v 0.006000 0.005050 0.000981
v 0.006000 0.005228 0.001104
v 0.006350 0.005190 0.001131
v 0.006889 0.005227 0.001306
v 0.007973 0.004918 0.002722
v 0.007422 0.005138 0.001682
v -0.000000 0.004453 -0.001007
v 0.007741 0.004875 0.002098
v 0.007970 0.004956 0.004263
v 0.007005 0.005004 0.005636
v 0.008002 0.004830 0.003096
v 0.007832 0.004982 0.004728
v 0.010000 0.004793 0.007502
v 0.006000 0.004768 0.005996
v 0.006688 0.004813 0.001223
v 0.010000 0.004803 0.000998
v 0.008000 0.004590 0.000004
v 0.008000 0.004716 -0.000096
v 0.010000 0.004802 -0.000102
v 0.000500 0.004780 -0.000501
v 0.010000 0.004704 -0.000496
v 0.007420 0.004862 0.005314
v 0.007988 0.004535 0.003970
v 0.006521 0.004626 0.005816
v 0.006000 0.004373 0.005837
v 0.008000 0.004241 0.006937
v 0.010000 0.004574 0.006981
v 0.010000 0.004219 0.007035
v 0.007535 0.004590 0.001863
v 0.007152 0.004667 0.001483
v 0.007741 0.004356 0.004752
v 0.007882 0.004404 0.002581
v 0.006007 0.004667 0.001104
v 0.010000 0.004449 0.005946
v 0.007422 0.004431 0.005232
v 0.007882 0.004352 0.004383
v 0.010000 0.004261 0.000072
v 0.000500 0.004209 0.007428
v 0.007005 0.004327 0.005528
v 0.007975 0.004219 0.003426
v 0.007154 0.004191 0.001617
v 0.007646 0.004159 0.002193
v 0.008000 0.004088 0.006990
v 0.006521 0.004078 0.001343
v 0.006000 0.004088 0.001272
v 0.006000 0.004008 0.005803
v 0.006000 0.003901 0.001233
v 0.010000 0.004008 0.001197
v 0.007884 0.003941 0.003207
v 0.006521 0.003912 0.005579
v 0.007422 0.003912 0.004963
v 0.007881 0.003985 0.003897
v 0.008000 0.003776 0.000107
v 0.010000 0.003643 0.000144
v 0.010000 0.003804 0.007325
v 0.000500 0.003795 -0.000322
v 0.010000 0.003719 -0.000297
v 0.007736 0.003838 0.002709
v 0.000000 0.003722 0.007823
v 0.007741 0.003733 0.004114
v 0.010000 0.003720 0.005656
v 0.007005 0.003720 0.005210
v 0.010000 0.003669 0.006745
v 0.007154 0.003636 0.001970
v 0.007449 0.003574 0.002412
v 0.006000 0.003359 0.005278
v 0.007535 0.003614 0.004464
v 0.007736 0.003604 0.003340
v 0.008000 0.003257 0.000442
v 0.010000 0.003381 0.000389
v 0.006520 0.003594 0.001631
v 0.006000 0.003289 0.001789
v 0.006000 0.003183 0.005246
v 0.010000 0.003345 0.001617
v 0.000500 0.003259 0.007109
v 0.007152 0.003420 0.004797
v 0.006521 0.003310 0.005127
v 0.007422 0.003292 0.002862
v 0.007448 0.003263 0.003949
v 0.008000 0.003177 0.006496
v 0.008000 0.003199 0.006625
v 0.010000 0.003125 0.006582
v 0.006521 0.003181 0.002018
v 0.007154 0.003151 0.004384
v 0.007422 0.003178 0.003435
v 0.007005 0.003148 0.002435
v 0.010000 0.003117 0.005155
v 0.006000 0.003117 0.001845
v -0.000000 0.002918 -0.000499
v 0.008000 0.002923 0.000550
v 0.010000 0.002689 0.006789
v 0.000500 0.002885 0.000096
v 0.010000 0.002586 0.000285
v 0.006479 0.002892 0.004551
v 0.010000 0.002859 0.006278
v 0.010000 0.002733 0.002401
v 0.006851 0.002819 0.003059
v 0.000000 0.002271 0.007129
v 0.006520 0.002886 0.002499
v 0.006000 0.002721 0.004312
v 0.006889 0.002805 0.003716
v 0.006688 0.002806 0.004138
v 0.006000 0.002762 0.002614
v 0.010000 0.002617 0.000927
v 0.006000 0.002589 0.004231
v 0.010000 0.002697 0.004492
v 0.006000 0.002697 0.002508
v 0.010000 0.002440 0.000940
v 0.006350 0.002671 0.003026
v 0.006350 0.002641 0.003788
v 0.008000 0.002450 0.005908
v 0.000500 0.002418 0.006565
v 0.006000 0.002597 0.003369
v 0.008000 0.002437 0.006038
v 0.010000 0.002377 0.005977
v 0.006000 0.002504 0.003268
v 0.010000 0.002481 0.003550
v 0.008000 0.002349 0.001204
v 0.008000 0.002218 0.001204
v 0.010000 0.002065 0.005444
v 0.000000 0.001661 0.000433
v 0.000500 0.002107 0.000727
v 0.010000 0.002022 0.001648
v 0.008000 0.001783 0.004928
v 0.008000 0.001857 0.005271
v 0.010000 0.001816 0.005196
v 0.008000 0.001836 0.001986
v 0.000500 0.001739 0.005829
v 0.010000 0.001640 0.005707
v 0.010000 0.001732 0.001181
v 0.008000 0.001710 0.002020
v 0.010000 0.001746 0.001943
v 0.010000 0.001638 0.002501
v 0.010000 0.001598 0.004353
v 0.000500 0.001623 0.001357
v 0.008000 0.001549 0.002876
v 0.008000 0.001501 0.004378
v 0.010000 0.001481 0.004295
v 0.008000 0.001507 0.003810
v 0.010000 0.001494 0.003424
v 0.008000 0.001392 0.003198
v 0.010000 0.001404 0.003077
v 0.000500 0.001263 0.004948
v 0.000501 0.001281 0.002007
v 0.010000 0.001158 0.002318
v 0.000000 0.000898 0.005447
v 0.010000 0.001130 0.004540
v 0.000501 0.001021 0.003976
v 0.000501 0.001027 0.002975
v 0.010000 0.000993 0.003545
v 0.000000 0.000841 0.001762
v 0.000000 0.000547 0.002799
v 0.000000 0.000508 0.003876
v -0.000000 0.003000 -0.002500
v 0.002500 0.003000 -0.002500
v -0.000000 0.003000 -0.008500
v 0.002500 0.003000 -0.008500
v 0.002500 0.001856 -0.005276
v 0.003000 0.001836 -0.005219
v 0.003000 0.001841 -0.005844
v 0.002500 0.001772 -0.006163
v 0.003000 0.001644 -0.006456
v 0.002500 0.001434 -0.004354
v 0.003000 0.001480 -0.004410
v 0.002500 0.001388 -0.006820
v 0.003000 0.001154 -0.007038
v 0.002500 0.000715 -0.003841
v 0.003000 0.000877 -0.003925
v 0.002500 0.000774 -0.007269
v 0.003000 0.000602 -0.007330
v 0.002500 0.000624 -0.005590
v 0.003000 0.000612 -0.005623
v 0.003000 0.000453 -0.005137
v 0.003000 0.000165 -0.003696
v 0.002500 0.000422 -0.005120
v 0.002500 0.000393 -0.006040
v 0.003000 0.000422 -0.006015
v 0.002500 -0.000165 -0.003696
v 0.002500 -0.000092 -0.007445
v 0.003000 -0.000032 -0.007436
v 0.002500 -0.000054 -0.004945
v 0.003000 -0.000019 -0.004953
v 0.002500 -0.000019 -0.006182
v 0.003000 -0.000054 -0.006190
v 0.003000 -0.000422 -0.005120
v 0.002500 -0.000422 -0.006015
v 0.002500 -0.000495 -0.005203
v 0.003000 -0.000446 -0.005981
v 0.003000 -0.000715 -0.003841
v 0.003000 -0.000774 -0.007269
v 0.003000 -0.000624 -0.005590
v 0.002500 -0.000612 -0.005623
v 0.002500 -0.000877 -0.003925
v 0.002500 -0.001054 -0.007124
v 0.002500 -0.001388 -0.004316
v 0.003000 -0.001254 -0.004192
v 0.003000 -0.001388 -0.006820
v 0.003000 -0.001644 -0.004679
v 0.002500 -0.001709 -0.006350
v 0.002500 -0.001717 -0.004847
v 0.003000 -0.001772 -0.006163
v 0.002500 -0.001867 -0.005472
v 0.003000 -0.001862 -0.005408
v -0.000000 -0.003000 -0.002500
v 0.002500 -0.003000 -0.002500
v -0.000000 -0.003000 -0.008500
v 0.002500 -0.003000 -0.008500
v 0.000000 -0.000508 0.003876
v 0.000000 -0.000547 0.002799
v 0.000000 -0.000898 0.005447
v 0.000000 -0.000841 0.001762
v 0.000500 -0.001029 0.004038
v 0.010000 -0.000993 0.003455
v 0.000500 -0.001020 0.003036
v 0.010000 -0.001158 0.004682
v 0.010000 -0.001130 0.002460
v 0.000000 -0.001661 0.000433
v 0.000500 -0.001286 0.005006
v 0.000500 -0.001259 0.002064
v 0.010000 -0.001510 0.001531
v 0.008000 -0.001404 0.003077
v 0.010000 -0.001392 0.003198
v 0.008000 -0.001481 0.004295
v 0.010000 -0.001501 0.004378
v 0.008000 -0.001539 0.004144
v 0.010000 -0.001507 0.003810
v 0.008000 -0.001563 0.002742
v 0.010000 -0.001549 0.002876
v 0.000500 -0.001776 0.005880
v 0.010000 -0.001862 0.006013
v 0.000503 -0.001741 0.001169
v 0.008000 -0.001746 0.001943
v 0.010000 -0.001710 0.002020
v 0.010000 -0.001783 0.004928
v 0.000000 -0.002271 0.007129
v 0.008000 -0.001816 0.005196
v 0.010000 -0.001982 0.005499
v 0.010000 -0.001836 0.001986
v 0.008000 -0.002065 0.005444
v 0.010000 -0.002110 0.000725
v 0.008000 -0.002022 0.001648
v 0.008000 -0.002440 0.000940
v 0.010000 -0.002356 0.001027
v 0.010000 -0.002349 0.001204
v 0.008000 -0.002377 0.005977
v 0.000501 -0.002466 0.006605
v 0.000501 -0.002429 0.000426
v 0.010000 -0.002450 0.005908
v 0.008000 -0.002617 0.000927
v 0.006000 -0.002504 0.003732
v 0.010000 -0.002504 0.003268
v 0.010000 -0.002589 0.004231
v 0.006000 -0.002554 0.002949
v 0.010000 -0.002798 0.006357
v 0.006000 -0.002585 0.003647
v 0.006000 -0.002697 0.004492
v 0.010000 -0.002697 0.002508
v 0.006558 -0.002678 0.003735
v 0.006521 -0.002702 0.003028
v 0.010000 -0.002815 0.006859
v 0.010000 -0.002891 0.000093
v 0.008000 -0.002859 0.006278
v 0.006350 -0.002717 0.004160
v 0.006000 -0.002737 0.002679
v -0.000000 -0.003391 -0.000746
v 0.006000 -0.002840 0.004563
v 0.006000 -0.002933 0.002060
v 0.010000 -0.003257 0.000442
v 0.006520 -0.002887 0.002496
v 0.006885 -0.002985 0.004401
v 0.007154 -0.002965 0.003741
v 0.007152 -0.002971 0.003249
v 0.006521 -0.003068 0.004831
v 0.007005 -0.003004 0.002739
v 0.008000 -0.003313 0.006703
v 0.006000 -0.003254 0.005317
v 0.010000 -0.003071 0.005101
v 0.010000 -0.003117 0.001845
v 0.010000 -0.003177 0.006496
v 0.006000 -0.003114 0.002005
v 0.006350 -0.003160 0.001996
v 0.000501 -0.003315 0.007136
v 0.000501 -0.003271 -0.000115
v 0.006851 -0.003279 0.002089
v 0.006000 -0.003433 0.005343
v 0.007422 -0.003298 0.002845
v 0.008000 -0.003411 0.000261
v 0.010000 -0.003335 0.000300
v 0.007428 -0.003302 0.004165
v 0.008000 -0.003381 0.000389
v 0.007663 -0.003472 0.003359
v 0.007152 -0.003413 0.004789
v 0.010000 -0.003631 0.006838
v 0.007448 -0.003578 0.002406
v 0.008000 -0.003669 0.006745
v 0.006521 -0.003589 0.005374
v 0.000000 -0.003722 0.007823
v 0.010000 -0.003939 0.007378
v 0.010000 -0.004062 -0.000409
v 0.010000 -0.003812 0.005722
v 0.006000 -0.003660 0.001381
v 0.010000 -0.003720 0.001344
v 0.007535 -0.003608 0.004454
v 0.006000 -0.003832 0.001381
v 0.006563 -0.003712 0.001555
v 0.007154 -0.003764 0.005134
v 0.007185 -0.003698 0.001949
v 0.007736 -0.003682 0.003989
v 0.007736 -0.003849 0.002694
v 0.010000 -0.004241 0.006937
v 0.006000 -0.004269 0.005911
v 0.007540 -0.004089 0.004924
v 0.006350 -0.004070 0.001313
v 0.007833 -0.004020 0.004251
v 0.007889 -0.003925 0.003266
v 0.007646 -0.004180 0.002179
v 0.000501 -0.004269 0.007440
v 0.000500 -0.004221 -0.000431
v 0.007154 -0.004203 0.001612
v 0.008000 -0.004323 -0.000043
v 0.010000 -0.004240 -0.000026
v 0.006000 -0.004469 0.005861
v 0.006520 -0.004082 0.005651
v 0.008000 -0.004261 0.000072
v 0.010000 -0.004590 0.000004
v 0.007120 -0.004305 0.005451
v 0.007882 -0.004425 0.002568
v 0.006000 -0.004414 0.001059
v 0.010000 -0.004415 0.001065
v 0.007736 -0.004440 0.004789
v 0.007973 -0.004346 0.003928
v 0.007986 -0.004395 0.003159
v 0.006688 -0.004456 0.001281
v 0.007884 -0.004557 0.004505
v 0.008000 -0.004697 0.007108
v 0.010000 -0.004562 0.007081
v 0.008000 -0.004574 0.006981
v 0.006521 -0.004621 0.005815
v 0.007663 -0.004710 0.001993
v 0.000000 -0.005000 0.008016
v 0.007422 -0.004699 0.005298
v 0.010000 -0.004768 0.005996
v 0.006000 -0.004772 0.001104
v 0.006350 -0.004810 0.001131
v 0.007983 -0.005077 0.002777
v 0.007154 -0.004841 0.001457
v 0.008002 -0.005000 0.003939
v -0.000000 -0.005547 -0.001007
v 0.007973 -0.005229 0.004248
v 0.007884 -0.005190 0.002418
v 0.007005 -0.004996 0.005636
v 0.007733 -0.004993 0.004902
v 0.000500 -0.005000 0.007500
v 0.010000 -0.005207 0.007502
v 0.006000 -0.005232 0.005996
v 0.006688 -0.005187 0.001223
v 0.006000 -0.005197 0.001003
v 0.010000 -0.005197 0.000998
v 0.008000 -0.005410 0.000004
v 0.008000 -0.005284 -0.000096
v 0.010000 -0.005198 -0.000102
v 0.000500 -0.005220 -0.000501
v 0.010000 -0.005296 -0.000496
v 0.007882 -0.005335 0.004542
v 0.007420 -0.005138 0.005314
v 0.006521 -0.005374 0.005816
v 0.006000 -0.005627 0.005837
v 0.007650 -0.005223 0.001962
v 0.008000 -0.005759 0.006937
v 0.010000 -0.005643 0.006961
v 0.010000 -0.005781 0.007035
v 0.007152 -0.005333 0.001483
v 0.007665 -0.005537 0.004935
v 0.007988 -0.005611 0.003220
v 0.006007 -0.005333 0.001104
v 0.010000 -0.005731 0.005911
v 0.007185 -0.005590 0.005437
v 0.010000 -0.005739 0.000072
v 0.000500 -0.005791 0.007428
v 0.007540 -0.005793 0.002007
v 0.007154 -0.005809 0.001617
v 0.007971 -0.005743 0.003669
v 0.007882 -0.005856 0.002817
v 0.007736 -0.005852 0.002382
v 0.008000 -0.005912 0.006990
v 0.007820 -0.005888 0.004381
v 0.006521 -0.005922 0.001343
v 0.006000 -0.006081 0.001335
v 0.006000 -0.005992 0.005803
v 0.006000 -0.005927 0.001171
v 0.010000 -0.005992 0.001197
v 0.006851 -0.006030 0.005473
v 0.007422 -0.006088 0.004963
v 0.006350 -0.006103 0.005605
v 0.008000 -0.006224 0.000107
v 0.010000 -0.006143 0.000079
v 0.010000 -0.006421 0.007261
v 0.000500 -0.006205 -0.000322
v 0.010000 -0.006281 -0.000297
v 0.007889 -0.006090 0.003647
v 0.000000 -0.006278 0.007823
v 0.007741 -0.006320 0.003011
v 0.007154 -0.006364 0.001970
v 0.007741 -0.006349 0.003903
v 0.007449 -0.006426 0.002412
v 0.006000 -0.006641 0.005278
v 0.007420 -0.006404 0.004657
v 0.008000 -0.006544 0.000351
v 0.010000 -0.006619 0.000389
v 0.006563 -0.006510 0.001722
v 0.006851 -0.006602 0.005045
v 0.007422 -0.006644 0.004290
v 0.006000 -0.006817 0.005246
v 0.010000 -0.006746 0.005317
v 0.006000 -0.006746 0.001683
v 0.010000 -0.006817 0.001754
v 0.000500 -0.006741 0.007109
v 0.007540 -0.006626 0.003038
v 0.006350 -0.006713 0.005148
v 0.008000 -0.006823 0.006496
v 0.010000 -0.006751 0.006538
v 0.008000 -0.006801 0.006625
v 0.010000 -0.006875 0.006582
v 0.007422 -0.006809 0.003729
v 0.006350 -0.006842 0.001998
v 0.006000 -0.006842 0.001951
v 0.007298 -0.006864 0.002968
v 0.006851 -0.006929 0.002391
v -0.000000 -0.007082 -0.000499
v 0.008000 -0.007077 0.000550
v 0.010000 -0.007006 0.000502
v 0.007005 -0.006928 0.004419
v 0.000500 -0.007115 0.000096
v 0.010000 -0.007185 0.000141
v 0.006558 -0.007089 0.004542
v 0.006849 -0.007132 0.002885
v 0.000000 -0.007729 0.007129
v 0.006000 -0.007279 0.004312
v 0.006849 -0.007174 0.003947
v 0.006851 -0.007224 0.003415
v 0.006350 -0.007223 0.002659
v 0.006000 -0.007238 0.002614
v 0.008000 -0.007321 0.000871
v 0.010000 -0.007571 0.001096
v 0.006350 -0.007283 0.004163
v 0.006000 -0.007411 0.004231
v 0.010000 -0.007303 0.004492
v 0.006000 -0.007303 0.002508
v 0.010000 -0.007411 0.002769
v 0.008000 -0.007550 0.005908
v 0.010000 -0.007492 0.005968
v 0.000500 -0.007582 0.006565
v 0.010000 -0.007520 0.006616
v 0.006350 -0.007375 0.003406
v 0.006000 -0.007403 0.003369
v 0.008000 -0.007725 0.005884
v 0.010000 -0.007623 0.005977
v 0.010000 -0.007496 0.003732
v 0.006000 -0.007496 0.003268
v 0.008000 -0.007950 0.001402
v 0.010000 -0.007878 0.001304
v 0.000000 -0.008339 0.000433
v 0.000500 -0.007893 0.000727
v 0.010000 -0.008138 0.000987
v 0.008000 -0.007933 0.001578
v 0.008000 -0.008095 0.005149
v 0.010000 -0.008055 0.005222
v 0.010000 -0.008309 0.004969
v 0.010000 -0.008305 0.002290
v 0.000500 -0.008261 0.005829
v 0.010000 -0.008215 0.005891
v 0.008000 -0.008351 0.004836
v 0.008000 -0.008337 0.002421
v 0.008000 -0.008421 0.004272
v 0.010000 -0.008402 0.004353
v 0.008000 -0.008535 0.002720
v 0.010000 -0.008507 0.002602
v 0.000500 -0.008377 0.001357
v 0.008000 -0.008503 0.003341
v 0.010000 -0.008506 0.003424
v 0.008000 -0.008585 0.003904
v 0.010000 -0.008593 0.003818
v 0.000500 -0.008737 0.004948
v 0.010000 -0.008803 0.004803
v 0.000501 -0.008719 0.002007
v 0.010000 -0.008742 0.002066
v 0.000000 -0.009102 0.005447
v 0.000501 -0.008979 0.003976
v 0.000501 -0.008973 0.002975
v 0.010000 -0.009016 0.003311
v 0.000000 -0.009159 0.001762
v 0.000000 -0.009453 0.002799
v 0.000000 -0.009492 0.003876
v -0.002150 0.001153 0.004876
v -0.001150 0.001153 0.004876
v -0.002150 0.001153 0.000598
v -0.001150 0.001153 0.000598
v -0.002150 -0.004739 0.004876
v -0.001150 -0.004739 0.004876
v -0.002150 -0.004739 0.000598
v -0.001150 -0.004739 0.000598
v -0.004650 0.006480 -0.004771
v -0.001250 0.006480 -0.004771
v -0.004650 0.006480 -0.008500
v -0.001250 0.006480 -0.008500
v -0.004118 0.006019 -0.005000
v -0.001811 0.006019 -0.005000
v -0.004118 0.006019 -0.008500
v -0.001811 0.006019 -0.008500
v -0.001200 0.005981 -0.004771
v -0.001200 0.005981 -0.008500
v -0.001200 0.005616 -0.004771
v -0.001200 0.005616 -0.008500
v -0.001200 0.005081 -0.004771
v -0.001200 0.005081 -0.008500
v -0.001200 0.004716 -0.004771
v -0.001200 0.004716 -0.008500
v -0.001200 0.004181 -0.004771
v -0.001200 0.004181 -0.008500
v -0.001200 0.003816 -0.004771
v -0.001200 0.003816 -0.008500
v -0.001200 0.003281 -0.004771
v -0.001200 0.003281 -0.008500
v -0.001200 0.002916 -0.004771
v -0.001200 0.002916 -0.008500
v -0.001200 0.002381 -0.004771
v -0.001200 0.002381 -0.008500
v -0.001200 0.002016 -0.004771
v -0.001200 0.002016 -0.008500
v -0.001200 0.001481 -0.004771
v -0.001200 0.001481 -0.008500
v -0.001200 0.001116 -0.004771
v -0.001200 0.001116 -0.008500
v -0.001200 0.000581 -0.004771
v -0.001200 0.000581 -0.008500
v -0.001200 0.000216 -0.004771
v -0.001200 0.000216 -0.008500
v -0.004118 -0.000000 -0.005000
v -0.001811 -0.000000 -0.005000
v -0.004118 -0.000000 -0.008500
v -0.001811 -0.000000 -0.008500
v -0.004650 -0.000482 -0.004771
v -0.001250 -0.000482 -0.004771
v -0.004650 -0.000482 -0.008500
v -0.001250 -0.000482 -0.008500
v -0.002150 -0.004802 -0.003219
v -0.001150 -0.004802 -0.003219
v -0.002150 -0.004802 -0.006386
v -0.001150 -0.004802 -0.006386
v -0.002150 -0.008011 -0.003219
v -0.001150 -0.008011 -0.003219
v -0.002150 -0.008011 -0.006386
v -0.001150 -0.008011 -0.006386
vn 1.0000 -0.0000 -0.0000
vn -1.0000 -0.0000 -0.0000
vn 0.0056 -0.9896 -0.1435
vn -0.0290 -0.9838 0.1770
vn 0.0290 -0.9838 -0.1770
vn -0.0056 -0.9896 0.1435
vn 0.0056 -0.1434 0.9896
vn 0.0301 0.1768 0.9838
vn -0.0301 -0.1768 0.9838
vn -0.0056 0.1434 0.9896
vn -0.0056 0.9896 -0.1435
vn 0.0290 0.9838 0.1770
vn -0.0290 0.9838 -0.1770
vn 0.0056 0.9896 0.1435
vn 0.0056 0.8531 0.5217
vn -0.0083 0.8314 0.5556
vn 0.0083 0.5556 0.8314
vn -0.0056 0.5217 0.8531
vn 0.0056 0.1434 -0.9896
vn -0.0301 0.1768 -0.9838
vn 0.0056 0.5217 -0.8531
vn -0.0083 0.5556 -0.8314
vn 0.0083 0.8316 -0.5553
vn -0.0056 0.8531 -0.5217
vn 0.0056 -0.5217 0.8531
vn -0.0083 -0.5556 0.8314
vn 0.0083 -0.8316 0.5553
vn -0.0056 -0.8531 0.5217
vn 0.0056 -0.8531 -0.5217
vn -0.0083 -0.8314 -0.5556
vn 0.0083 -0.5556 -0.8314
vn -0.0056 -0.5217 -0.8531
vn 0.0301 -0.1768 -0.9838
vn -0.0056 -0.1434 -0.9896
vn -0.0071 -0.2322 0.9727
vn 0.0083 -0.0047 1.0000
vn -0.0029 0.0841 0.9965
vn 0.0082 0.4251 0.9051
vn 0.0090 -0.3984 0.9172
vn -0.0057 -0.5125 0.8587
vn 0.0084 -0.7295 0.6839
vn -0.0024 -0.7531 0.6579
vn -0.0032 -0.9169 0.3991
vn 0.0089 -0.9526 0.3040
vn -0.0089 -0.9967 0.0808
vn 0.0105 -0.9955 -0.0942
vn -0.0117 -0.9533 -0.3018
vn 0.0104 -0.8828 -0.4697
vn -0.0106 -0.7273 -0.6863
vn 0.0088 -0.6352 -0.7723
vn -0.0077 -0.4096 -0.9122
vn 0.0081 -0.2933 -0.9560
vn -0.0074 -0.0915 -0.9958
vn 0.0079 0.0811 -0.9967
vn -0.0066 0.2194 -0.9756
vn 0.0078 0.4082 -0.9128
vn -0.0060 0.5108 -0.8597
vn 0.0084 0.7292 -0.6843
vn -0.0024 0.7531 -0.6579
vn -0.0040 0.9213 -0.3888
vn 0.0090 0.9523 -0.3049
vn -0.0091 1.0000 -0.0041
vn 0.0040 0.9964 0.0847
vn -0.0084 0.9050 0.4252
vn 0.0022 0.9195 0.3930
vn 0.0071 0.7419 0.6705
vn -0.0071 0.6704 0.7419
vn -0.0022 0.3914 0.9202
vn -0.3421 0.3342 -0.8782
vn -0.3624 0.9200 -0.1494
vn -0.3570 0.9301 0.0867
vn -0.3452 -0.0996 -0.9332
vn -0.0000 -0.0000 -1.0000
vn -0.0000 -1.0000 -0.0000
vn -0.0000 1.0000 -0.0000
vn -0.0000 -0.0000 1.0000
vn 0.6386 0.6157 -0.4616
vn 0.6418 0.7626 0.0805
vn 0.6332 -0.4998 0.5910
vn 0.6242 -0.7808 0.0263
vn -0.3625 0.9199 -0.1494
vn -0.3452 -0.0995 -0.9332
vn -0.0015 -0.2315 0.9728
vn 0.0015 -0.2349 0.9720
vn -0.0016 0.0796 0.9968
vn 0.0013 0.0768 0.9970
vn 0.0019 0.3819 0.9242
vn -0.0017 -0.5117 0.8592
vn 0.0046 -0.5440 0.8391
vn -0.0054 -0.7494 0.6620
vn 0.0081 -0.8185 0.5745
vn -0.0074 -0.9187 0.3948
vn 0.0079 -0.9731 0.2304
vn -0.0079 -0.9967 0.0811
vn 0.0074 -0.9958 -0.0915
vn -0.0081 -0.9560 -0.2933
vn 0.0077 -0.9122 -0.4096
vn -0.0088 -0.7723 -0.6352
vn 0.0106 -0.6860 -0.7275
vn -0.0104 -0.4697 -0.8828
vn 0.0117 -0.3018 -0.9533
vn -0.0105 -0.0942 -0.9955
vn 0.0088 0.0807 -0.9967
vn -0.0089 0.3040 -0.9526
vn 0.0061 0.4108 -0.9117
vn -0.0062 0.6853 -0.7282
vn 0.0062 0.7282 -0.6853
vn -0.0061 0.9118 -0.4105
vn 0.0089 0.9526 -0.3040
vn -0.0089 0.9967 -0.0808
vn 0.0089 0.9967 0.0808
vn -0.0089 0.9526 0.3040
vn 0.0061 0.9118 0.4105
vn -0.0062 0.7282 0.6853
vn 0.0033 0.6944 0.7196
vn -0.0030 0.4067 0.9136
vn -0.0097 -0.4505 0.8927
vn -0.0078 -0.4717 0.8817
vn -0.0222 0.1485 0.9887
vn 0.0011 -0.0138 0.9999
vn 0.0184 0.4561 0.8897
vn -0.0067 -0.8677 0.4971
vn 0.0190 -0.9002 0.4350
vn -0.0133 -0.9997 0.0222
vn 0.0324 -0.9833 -0.1790
vn -0.0162 -0.8979 -0.4399
vn 0.0095 -0.6959 -0.7181
vn -0.0024 -0.5855 -0.8107
vn -0.0096 -0.1721 -0.9850
vn 0.0023 -0.3120 -0.9501
vn 0.0248 0.1998 -0.9795
vn -0.0245 0.4142 -0.9098
vn 0.0096 0.7183 -0.6956
vn -0.0022 0.8109 -0.5852
vn -0.0027 0.9822 -0.1881
vn 0.0023 0.9501 -0.3120
vn 0.0027 0.9822 0.1881
vn -0.0023 0.9501 0.3120
vn -0.0102 0.7158 0.6982
vn 0.0017 0.8129 0.5824
vn -0.0281 -0.1681 0.9854
vn 0.0232 -0.4766 0.8788
vn 0.0185 0.0116 0.9998
vn -0.0201 0.3089 0.9509
vn 0.0179 0.4513 0.8922
vn -0.0316 -0.6906 0.7226
vn 0.0243 -0.8891 0.4570
vn -0.0324 -0.9833 0.1790
vn 0.0133 -0.9997 -0.0222
vn -0.0173 -0.9106 -0.4129
vn 0.0172 -0.8693 -0.4941
vn -0.0131 -0.6054 -0.7958
vn 0.0325 -0.4333 -0.9007
vn -0.0232 -0.1558 -0.9875
vn 0.0317 0.1838 -0.9824
vn -0.0247 0.4140 -0.9100
vn 0.0095 0.7181 -0.6959
vn -0.0026 0.7293 0.6842
vn 0.0017 0.8128 0.5825
vn -0.0179 -0.4513 0.8922
vn 0.0201 -0.3089 0.9509
vn -0.0185 -0.0116 0.9998
vn 0.0281 0.1681 0.9854
vn -0.0232 0.4766 0.8788
vn 0.0316 0.6905 0.7227
vn 0.0026 -0.7293 0.6842
vn -0.0017 -0.8128 0.5825
vn -0.0027 -0.9822 0.1881
vn 0.0023 -0.9501 0.3120
vn 0.0027 -0.9822 -0.1881
vn -0.0023 -0.9501 -0.3120
vn -0.0027 -0.7296 -0.6839
vn 0.0022 -0.8109 -0.5852
vn 0.0168 -0.4049 -0.9142
vn -0.0023 -0.3060 -0.9520
vn 0.0030 0.1492 -0.9888
vn -0.0032 0.1638 -0.9865
vn -0.0241 0.6792 -0.7335
vn 0.0022 0.5851 -0.8109
vn 0.0245 0.9098 -0.4142
vn -0.0317 0.9824 -0.1838
vn 0.0315 0.9825 0.1836
vn -0.0328 0.9015 0.4315
vn -0.0217 -0.4307 0.9022
vn 0.0118 -0.3048 0.9524
vn 0.0004 0.1432 0.9897
vn 0.0097 0.1781 0.9840
vn 0.0214 0.6805 0.7324
vn -0.0017 -0.8129 0.5824
vn -0.0096 -0.7183 -0.6956
vn 0.0245 -0.4142 -0.9098
vn -0.0248 -0.1998 -0.9795
vn 0.0096 0.1721 -0.9850
vn -0.0023 0.3120 -0.9501
vn -0.0095 0.6959 -0.7181
vn 0.0024 0.5855 -0.8107
vn 0.0317 0.9824 0.1838
vn -0.0245 0.9098 0.4142
vn -0.0017 0.5827 0.8127
vn 1.0000 0.0022 -0.0032
vn 0.9997 0.0089 -0.0212
vn 1.0000 -0.0002 -0.0002
vn 1.0000 -0.0014 0.0001
vn 0.7858 -0.2925 -0.5449
vn 0.7412 -0.1084 -0.6625
vn 0.6888 0.7197 0.0873
vn 0.5131 0.8540 0.0861
vn 0.0581 -0.8539 -0.5172
vn 0.6768 -0.5292 -0.5118
vn 0.0048 0.2621 0.9650
vn -0.0049 0.1152 0.9933
vn 0.0042 -0.0407 0.9992
vn -0.0037 -0.1874 0.9823
vn 0.0036 -0.3072 0.9516
vn -0.0035 -0.4338 0.9010
vn 0.0040 -0.5848 0.8112
vn -0.0014 -0.6455 0.7638
vn 0.0039 -0.8303 0.5572
vn -0.0010 -0.8130 0.5823
vn -0.0028 -0.9324 0.3614
vn 0.0036 -0.9627 0.2706
vn -0.0030 -0.9929 0.1188
vn 0.0037 -1.0000 0.0020
vn -0.0034 -0.9914 -0.1306
vn 0.0036 -0.9550 -0.2965
vn -0.0012 -0.9315 -0.3638
vn 0.0036 -0.8171 -0.5765
vn -0.0003 -0.8427 -0.5384
vn -0.0030 -0.7168 -0.6972
vn 0.0036 -0.5985 -0.8011
vn -0.0025 -0.5269 -0.8499
vn 0.0020 -0.3302 -0.9439
vn -0.0009 -0.3008 -0.9537
vn 0.0009 -0.0737 -0.9973
vn -0.0008 -0.0548 -0.9985
vn 0.0009 0.1764 -0.9843
vn -0.0008 0.1942 -0.9810
vn 0.0008 0.4155 -0.9096
vn -0.0008 0.4314 -0.9021
vn 0.0008 0.6290 -0.7774
vn -0.0008 0.6422 -0.7665
vn 0.0009 0.8081 -0.5891
vn -0.0000 0.8139 -0.5809
vn 0.0033 0.9492 -0.3147
vn -0.0010 0.9328 -0.3604
vn -0.0032 0.9932 -0.1162
vn 0.0044 0.9993 0.0383
vn -0.0025 0.9908 0.1350
vn 0.0021 0.9344 0.3562
vn 0.0001 0.9265 0.3764
vn 0.0026 0.7797 0.6261
vn -0.0010 0.8054 0.5927
vn -0.0028 0.6324 0.7747
vn 0.0042 0.5474 0.8368
vn -0.0043 0.4102 0.9120
vn 0.7042 -0.0083 0.7099
vn 0.7058 0.0860 0.7032
vn 0.7026 0.2085 0.6803
vn 0.6987 0.2967 0.6510
vn 0.7055 0.4319 0.5619
vn 0.7212 0.4491 0.5274
vn 0.6670 0.5884 0.4571
vn 0.7069 0.6372 0.3070
vn 0.7156 0.6549 0.2429
vn 0.6997 0.7060 0.1093
vn 0.7094 0.7003 -0.0792
vn 0.7098 0.6584 -0.2504
vn 0.7003 0.6557 -0.2823
vn 0.7026 0.5886 -0.3999
vn 0.7014 0.5201 -0.4875
vn 0.6813 0.4451 -0.5812
vn 0.7043 0.3329 -0.6270
vn 0.6714 0.1174 -0.7318
vn 0.7125 -0.0149 -0.7015
vn 0.6957 -0.2227 -0.6829
vn 0.6978 -0.3301 -0.6357
vn 0.6996 -0.3870 -0.6007
vn 0.7066 -0.5193 -0.4808
vn 0.7215 -0.4903 -0.4889
vn 0.6941 -0.6098 -0.3827
vn 0.6984 -0.6586 -0.2802
vn 0.7076 -0.6589 -0.2553
vn 0.7066 -0.6986 -0.1123
vn 0.7081 -0.7002 -0.0910
vn 0.7051 -0.7058 0.0682
vn 0.6999 -0.7074 0.0982
vn 0.7074 -0.6369 0.3066
vn 0.7092 -0.6664 0.2301
vn 0.6695 -0.5903 0.4509
vn 0.7059 -0.4320 0.5613
vn 0.7169 -0.4641 0.5202
vn 0.6967 -0.3079 0.6480
vn 0.6985 -0.2084 0.6846
vn 0.7089 -0.1320 0.6929
vn -0.0038 -0.2110 0.9775
vn 0.0037 -0.1872 0.9823
vn -0.0041 0.0645 0.9979
vn -0.0000 0.0814 0.9967
vn -0.0117 0.3802 0.9248
vn 0.0047 0.3335 0.9427
vn 0.0076 0.5736 0.8191
vn -0.0162 0.7024 0.7116
vn 0.0084 0.7748 0.6322
vn -0.0083 0.9020 0.4316
vn 0.0048 0.9166 0.3999
vn -0.0051 0.9932 0.1162
vn 0.0052 0.9964 0.0840
vn -0.0048 0.9779 -0.2091
vn 0.0042 0.9722 -0.2340
vn -0.0037 0.8827 -0.4699
vn 0.0036 0.8712 -0.4910
vn -0.0035 0.7271 -0.6865
vn 0.0038 0.7103 -0.7039
vn -0.0041 0.5116 -0.8592
vn 0.0003 0.4968 -0.8679
vn -0.0052 0.2159 -0.9764
vn 0.0057 0.2467 -0.9691
vn 0.0071 -0.0947 -0.9955
vn -0.0049 -0.1257 -0.9921
vn -0.0014 -0.4423 -0.8969
vn 0.0013 -0.4597 -0.8881
vn -0.0068 -0.7460 -0.6659
vn -0.0066 -0.9247 -0.3807
vn 0.0036 -0.9387 -0.3447
vn -0.0042 -0.9947 -0.1025
vn 0.0048 -0.9970 -0.0769
vn -0.0051 -0.9763 0.2163
vn 0.0051 -0.9689 0.2475
vn -0.0049 -0.8552 0.5183
vn 0.0040 -0.8417 0.5399
vn -0.0039 -0.6798 0.7334
vn 0.0034 -0.6621 0.7494
vn -0.0040 -0.4618 0.8870
vn 0.0035 -0.4401 0.8979
vn -0.0100 0.2072 -0.9782
vn 0.0120 0.1207 -0.9926
vn -0.0136 -0.1298 -0.9914
vn 0.0056 -0.2101 -0.9777
vn -0.0128 -0.4861 -0.8738
vn 0.0047 -0.4564 -0.8898
vn 0.0084 -0.6790 -0.7341
vn -0.0129 -0.7485 -0.6630
vn 0.0110 -0.8490 -0.5283
vn -0.0107 -0.9020 -0.4315
vn 0.0109 -0.9585 -0.2849
vn -0.0108 -0.9840 -0.1779
vn 0.0107 -0.9997 -0.0217
vn -0.0133 -0.9952 0.0967
vn 0.0143 -0.9677 0.2516
vn -0.0148 -0.9139 0.4056
vn 0.0148 -0.8336 0.5521
vn -0.0144 -0.7328 0.6803
vn 0.0130 -0.6169 0.7869
vn -0.0133 -0.5125 0.8586
vn 0.0112 -0.3812 0.9244
vn -0.0127 -0.2120 0.9772
vn 0.0124 -0.1068 0.9942
vn -0.0124 0.1068 0.9942
vn 0.0127 0.2120 0.9772
vn -0.0112 0.3812 0.9244
vn 0.0133 0.5125 0.8586
vn -0.0111 0.6116 0.7911
vn 0.0097 0.7285 0.6850
vn 0.0037 0.8827 0.4699
vn -0.0036 0.9699 0.2434
vn 0.0038 0.9755 0.2199
vn -0.0041 0.9995 -0.0310
vn 0.0048 0.9984 -0.0570
vn -0.0057 0.9354 -0.3535
vn 0.0059 0.9231 -0.3845
vn -0.0061 0.7376 -0.6752
vn 0.0056 0.7145 -0.6996
vn -0.0049 0.4717 -0.8817
vn 0.0082 0.4407 -0.8976
vn -0.0056 0.2101 -0.9777
vn 0.0136 0.1298 -0.9914
vn -0.0120 -0.1207 -0.9926
vn 0.0100 -0.2072 -0.9782
vn -0.0076 -0.4317 -0.9020
vn 0.0077 -0.4699 -0.8827
vn -0.0084 -0.6580 -0.7529
vn 0.0157 -0.7349 -0.6780
vn -0.0078 -0.8377 -0.5461
vn 0.0113 -0.9369 -0.3493
vn -0.0049 -0.9532 -0.3022
vn -0.0001 -0.9988 -0.0483
vn 0.0041 -0.9995 -0.0310
vn -0.0038 -0.9755 0.2199
vn 0.0036 -0.9699 0.2434
vn -0.0037 -0.8827 0.4699
vn 0.0037 -0.8711 0.4911
vn -0.0037 -0.7272 0.6864
vn 0.0038 -0.7103 0.7039
vn -0.0039 -0.5114 0.8593
vn 0.0049 -0.4892 0.8722
vn -0.0051 -0.2150 0.9766
vn 0.0096 -0.1752 0.9845
vn -0.0086 0.1050 0.9944
vn 0.0142 0.2033 0.9790
vn -0.0130 0.6169 0.7869
vn 0.0144 0.7328 0.6803
vn -0.0173 0.8381 0.5453
vn 0.0134 0.9137 0.4062
vn -0.0175 0.9837 0.1789
vn 0.0057 0.9960 0.0891
vn -0.0130 0.9786 -0.2054
vn 0.0047 0.9850 -0.1724
vn 0.0085 0.9023 -0.4310
vn -0.0127 0.8550 -0.5185
vn 0.0131 0.7487 -0.6628
vn -0.0084 0.6790 -0.7341
vn 0.0128 0.4861 -0.8738
vn -0.0047 0.4564 -0.8898
vn -0.0037 0.0548 0.9985
vn 0.0038 0.0790 0.9969
vn -0.0037 0.3167 0.9485
vn 0.0036 0.3392 0.9407
vn -0.0044 0.5639 0.8258
vn 0.0047 0.5851 0.8110
vn -0.0058 0.8014 0.5981
vn 0.0061 0.8212 0.5706
vn -0.0060 0.9660 0.2584
vn 0.0057 0.9741 0.2259
vn -0.0052 0.9962 -0.0866
vn 0.0005 0.9944 -0.1052
vn -0.0054 0.9141 -0.4054
vn 0.0056 0.9265 -0.3763
vn 0.0054 0.7525 -0.6586
vn -0.0056 0.7313 -0.6820
vn -0.0006 0.5141 -0.8577
vn 0.0007 0.5050 -0.8631
vn 0.0056 0.2470 -0.9690
vn 0.0102 -0.0921 -0.9957
vn -0.0057 -0.1149 -0.9934
vn -0.0038 -0.3720 -0.9282
vn 0.0146 -0.4548 -0.8905
vn -0.0137 -0.6184 -0.7857
vn 0.0133 -0.7200 -0.6938
vn -0.0127 -0.8357 -0.5491
vn 0.0082 -0.8851 -0.4654
vn -0.0083 -0.9700 -0.2430
vn 0.0048 -0.9779 -0.2091
vn -0.0052 -0.9964 0.0840
vn 0.0051 -0.9932 0.1162
vn -0.0053 -0.9126 0.4087
vn 0.0053 -0.9011 0.4335
vn -0.0051 -0.7298 0.6836
vn 0.0051 -0.7074 0.7068
vn -0.0051 -0.4717 0.8817
vn 0.0039 -0.4489 0.8936
vn 0.7027 0.1306 0.6994
vn 0.7024 -0.0011 0.7118
vn 0.7175 -0.0034 0.6965
vn 0.6980 0.2084 0.6851
vn 0.6960 0.3015 0.6516
vn 0.7157 0.6549 0.2428
vn 0.7099 0.6583 -0.2504
vn 0.7013 0.5202 -0.4874
vn 0.6813 0.4450 -0.5811
vn 0.6979 -0.3301 -0.6356
vn 0.7216 -0.4903 -0.4888
vn 0.6983 -0.6586 -0.2802
vn 0.7075 -0.6590 -0.2553
vn 0.7065 -0.6987 -0.1124
vn 0.7080 -0.7003 -0.0910
vn 0.7060 -0.4320 0.5613
vn 0.6986 -0.2084 0.6845
vn 0.7043 -0.1382 0.6964
vn 0.0035 0.2615 0.9652
vn -0.0013 0.1921 0.9814
vn 0.0036 -0.0488 0.9988
vn -0.0003 -0.0033 1.0000
vn -0.0030 -0.2052 0.9787
vn 0.0036 -0.3557 0.9346
vn -0.0025 -0.4354 0.9002
vn 0.0020 -0.6202 0.7844
vn -0.0009 -0.6442 0.7649
vn 0.0010 -0.8079 0.5894
vn 0.0001 -0.8141 0.5807
vn 0.0034 -0.9492 0.3147
vn -0.0009 -0.9319 0.3626
vn -0.0032 -0.9929 0.1192
vn 0.0044 -0.9993 -0.0383
vn -0.0023 -0.9912 -0.1320
vn 0.0019 -0.9344 -0.3562
vn 0.0016 -0.9316 -0.3636
vn 0.0021 -0.7796 -0.6263
vn 0.0003 -0.8434 -0.5373
vn -0.0022 -0.7157 -0.6984
vn 0.0021 -0.5546 -0.8321
vn -0.0009 -0.5278 -0.8494
vn 0.0010 -0.3195 -0.9476
vn 0.0010 -0.0645 -0.9979
vn 0.0001 -0.0542 -0.9985
vn 0.0025 0.2345 -0.9721
vn -0.0010 0.1929 -0.9812
vn -0.0028 0.4314 -0.9022
vn 0.0037 0.5167 -0.8562
vn -0.0030 0.6422 -0.7665
vn 0.0031 0.7213 -0.6926
vn -0.0031 0.8136 -0.5814
vn 0.0030 0.8707 -0.4917
vn -0.0031 0.9333 -0.3592
vn 0.0030 0.9657 -0.2595
vn -0.0030 0.9933 -0.1158
vn 0.0036 1.0000 -0.0020
vn -0.0034 0.9910 0.1335
vn 0.0040 0.9523 0.3053
vn -0.0014 0.9261 0.3774
vn 0.0039 0.7866 0.6175
vn 0.0042 0.5471 0.8370
vn -0.0034 0.4210 0.9071
vn 1.0000 0.0008 -0.0036
vn 0.9984 0.0064 -0.0553
vn 0.7905 -0.3168 -0.5241
vn 0.9998 -0.0121 -0.0146
vn 0.7665 -0.1021 -0.6341
vn 0.9991 -0.0411 -0.0078
vn 0.9990 0.0358 -0.0280
vn 0.9886 -0.0955 0.1165
vn 0.4446 0.1092 -0.8890
vn 0.3360 -0.1080 -0.9357
vn 0.1841 0.1009 -0.9777
vn 0.9379 -0.1914 -0.2894
vn 0.8101 -0.3135 -0.4955
vn 0.8664 -0.0415 -0.4976
vn 0.7587 -0.1706 -0.6287
vn 0.5647 -0.3366 -0.7535
vn 0.9826 -0.1844 -0.0202
vn 0.9800 -0.0258 -0.1974
vn 0.8657 -0.4139 -0.2815
vn 0.7187 -0.5481 -0.4279
vn 0.5642 -0.5415 -0.6233
vn 0.2598 -0.7554 -0.6016
vn 0.2529 -0.5626 -0.7871
vn 0.0113 -0.7037 -0.7104
vn 0.9337 -0.3444 -0.0984
vn 0.8637 -0.5019 -0.0457
vn 0.7018 -0.6698 -0.2427
vn 0.4325 -0.8849 -0.1731
vn 0.5030 -0.7504 -0.4287
vn 0.2501 -0.8720 -0.4208
vn 0.1754 -0.9672 -0.1838
vn -0.0047 -0.9201 -0.3917
vn 0.6933 -0.7202 -0.0258
vn 0.4507 -0.8898 0.0716
vn 0.1628 -0.9807 0.1081
vn -0.0069 -0.9989 -0.0461
vn 0.7159 -0.6773 0.1697
vn 0.5564 -0.7497 0.3583
vn 0.3424 -0.9000 0.2696
vn 0.2330 -0.8562 0.4610
vn 0.0070 -0.9376 0.3476
vn 0.9364 -0.2170 0.2758
vn 0.8599 -0.2399 0.4505
vn 0.8655 -0.4490 0.2222
vn 0.7134 -0.4205 0.5606
vn 0.7786 -0.5012 0.3775
vn 0.5528 -0.6504 0.5210
vn 0.4958 -0.5127 0.7009
vn 0.2679 -0.7070 0.6545
vn 0.9819 -0.0064 0.1893
vn 0.7040 -0.2211 0.6749
vn 0.5041 -0.2727 0.8195
vn 0.2385 -0.4537 0.8586
vn 0.0061 -0.2636 0.9646
vn -0.0007 -0.6786 0.7345
vn 0.8985 -0.0060 0.4390
vn 0.7151 0.1157 0.6894
vn 0.7135 -0.0638 0.6977
vn 0.5000 -0.0018 0.8660
vn 0.2516 0.1500 0.9561
vn 0.2533 -0.1403 0.9572
vn 0.0131 0.1381 0.9903
vn 0.9799 0.1656 0.1111
vn 0.9045 0.1820 0.3856
vn 0.7294 0.2978 0.6159
vn 0.4992 0.2827 0.8191
vn 0.2590 0.3776 0.8890
vn 0.0126 0.4439 0.8960
vn 0.9358 0.3119 0.1645
vn 0.8651 0.4161 0.2800
vn 0.7623 0.4580 0.4572
vn 0.5586 0.6383 0.5297
vn 0.5541 0.5007 0.6650
vn 0.2835 0.7704 0.5710
vn 0.2701 0.5833 0.7660
vn 0.0158 0.7147 0.6993
vn 0.4870 0.7875 0.3777
vn 0.3431 0.9051 0.2513
vn 0.1801 0.8937 0.4108
vn 0.9835 0.1533 -0.0957
vn 0.8177 0.5739 0.0441
vn 0.5632 0.8255 -0.0366
vn 0.5738 0.8055 0.1481
vn 0.2910 0.9544 -0.0666
vn 0.1772 0.9766 0.1217
vn 0.5726 0.7765 -0.2630
vn 0.4904 0.7482 -0.4468
vn 0.2658 0.9039 -0.3351
vn 0.0139 0.8723 -0.4887
vn 0.0161 0.9828 -0.1840
vn 0.7109 0.5401 -0.4504
vn 0.5420 0.5419 -0.6424
vn 0.2624 0.7502 -0.6069
vn 0.0074 0.6701 -0.7422
vn 0.0026 0.1363 -0.9907
vn 0.2653 0.3700 -0.8904
vn 0.0149 0.4009 -0.9160
vn 0.2665 0.5697 -0.7774
vn -0.0077 0.9902 0.1391
vn -0.0105 0.8959 0.4442
vn 0.2648 -0.3822 -0.8853
vn 0.9366 0.0582 -0.3455
vn 0.7093 0.0643 -0.7020
vn 0.5627 -0.1395 -0.8148
vn 0.9389 0.2387 -0.2480
vn 0.8657 0.2340 -0.4425
vn 0.7625 0.3006 -0.5730
vn 0.5604 0.3254 -0.7616
vn 0.9334 0.3560 -0.0457
vn 0.8628 0.4337 -0.2598
vn 0.7691 0.6156 -0.1720
vn 0.9421 -0.3182 0.1061
vn 0.7128 0.6381 0.2912
vn -0.0107 0.0682 0.9976
vn 0.0169 0.0152 0.9997
vn 0.0041 0.6931 0.7208
vn -0.0102 0.7403 0.6722
vn -0.0080 0.9995 0.0300
vn -0.0236 0.6918 -0.7217
vn 0.0108 0.0696 -0.9975
vn -0.0154 -0.0057 -0.9999
vn 0.0003 -0.7196 -0.6944
vn 0.0169 -0.6748 -0.7378
vn -0.0184 -0.9963 0.0836
vn -0.0043 -0.6802 0.7330
vn -0.0166 -0.0552 -0.9983
vn 0.0176 -0.0130 -0.9998
vn -0.0082 -0.3913 -0.9202
vn -0.0249 -0.5605 -0.8278
vn -0.0148 -0.7479 -0.6636
vn -0.0186 -0.9067 -0.4214
vn 0.0110 -0.9552 -0.2958
vn -0.0132 -0.9994 0.0319
vn 0.0142 -0.9963 0.0846
vn -0.0092 -0.9284 0.3716
vn 0.0130 -0.8850 0.4654
vn -0.0096 -0.7403 0.6722
vn 0.0180 -0.6648 0.7468
vn -0.0209 -0.4736 0.8805
vn 0.0154 -0.3715 0.9283
vn 0.0001 -0.0942 0.9956
vn -0.0001 0.0942 0.9956
vn -0.0216 0.3869 0.9219
vn 0.0093 0.4890 0.8723
vn -0.0167 0.7686 0.6396
vn -0.0019 0.8033 0.5955
vn -0.0151 0.9847 0.1738
vn 0.0136 0.9743 0.2249
vn -0.0064 0.9903 -0.1391
vn -0.0267 0.9512 -0.3074
vn 0.0097 0.8749 -0.4842
vn -0.0138 0.7448 -0.6672
vn 0.0081 0.6201 -0.7844
vn -0.0223 0.4022 -0.9153
vn -0.0008 0.3002 -0.9539
vn 0.8161 0.1117 -0.5670
vn 0.8059 -0.0864 -0.5857
vn 0.5832 0.0703 -0.8093
vn 0.3424 -0.0922 -0.9350
vn 0.3480 0.2262 -0.9098
vn 0.1868 0.0894 -0.9783
vn 0.9334 -0.0684 -0.3522
vn 0.8659 -0.3053 -0.3963
vn 0.7608 -0.2994 -0.5758
vn 0.9831 -0.0208 -0.1819
vn 0.9914 -0.1155 -0.0610
vn 0.9392 -0.2663 -0.2167
vn 0.7189 -0.5538 -0.4201
vn 0.5626 -0.5486 -0.6185
vn 0.2793 -0.6137 -0.7385
vn 0.1825 -0.7727 -0.6079
vn -0.0176 -0.7574 -0.6528
vn 0.9354 -0.3523 0.0317
vn 0.8707 -0.4626 -0.1669
vn 0.6301 -0.7469 -0.2124
vn 0.4120 -0.8772 -0.2468
vn 0.4292 -0.7763 -0.4617
vn 0.1809 -0.9215 -0.3436
vn 0.8572 -0.4945 0.1436
vn 0.7021 -0.7081 0.0751
vn 0.7781 -0.6093 -0.1525
vn 0.4275 -0.9036 -0.0274
vn 0.9973 0.0543 0.0504
vn 0.9848 -0.1639 0.0571
vn 0.7014 -0.6406 0.3126
vn 0.5186 -0.7676 0.3766
vn 0.4246 -0.8888 0.1724
vn 0.2566 -0.8512 0.4578
vn 0.1816 -0.9568 0.2270
vn 0.8991 -0.3160 0.3030
vn 0.6999 -0.4248 0.5742
vn 0.7026 -0.5550 0.4452
vn 0.4332 -0.6458 0.6288
vn 0.8175 -0.2075 0.5373
vn 0.5841 -0.2406 0.7752
vn 0.4230 -0.4264 0.7995
vn 0.1469 -0.4684 0.8712
vn -0.0023 -0.2456 0.9694
vn -0.0093 -0.6850 0.7285
vn 0.9817 -0.0630 0.1799
vn 0.9432 0.1212 0.3093
vn 0.9359 -0.1034 0.3367
vn 0.8670 0.0080 0.4983
vn 0.7093 0.1221 0.6943
vn 0.7095 -0.0608 0.7021
vn 0.4939 0.0034 0.8695
vn 0.2618 0.1349 0.9557
vn 0.2517 -0.1411 0.9575
vn -0.0031 0.2147 0.9767
vn 0.9808 0.1703 0.0945
vn 0.8549 0.2037 0.4771
vn 0.7621 0.3533 0.5425
vn 0.5435 0.2866 0.7889
vn 0.2487 0.3957 0.8841
vn 0.9908 0.1136 -0.0737
vn 0.9073 0.3321 0.2580
vn 0.7644 0.5130 0.3906
vn 0.5614 0.6368 0.5285
vn 0.5582 0.5028 0.6600
vn 0.2531 0.7879 0.5613
vn 0.2778 0.5778 0.7674
vn 0.0055 0.6437 0.7653
vn 0.8667 0.4747 0.1534
vn 0.7035 0.6653 0.2498
vn 0.4382 0.8238 0.3597
vn 0.1630 0.9433 0.2891
vn -0.0060 0.8917 0.4526
vn 0.9352 0.3473 -0.0696
vn 0.8171 0.5751 -0.0402
vn 0.5702 0.8166 0.0897
vn 0.3027 0.9496 0.0813
vn 0.0037 0.9990 0.0437
vn 0.8686 0.4103 -0.2778
vn 0.7048 0.6600 -0.2600
vn 0.5000 0.8027 -0.3251
vn 0.2519 0.8703 -0.4233
vn 0.2548 0.9506 -0.1772
vn 0.0006 0.9416 -0.3367
vn 0.9392 0.1808 -0.2918
vn 0.7042 0.5642 -0.4311
vn 0.5860 0.5151 -0.6255
vn 0.4340 0.7004 -0.5667
vn 0.8093 0.3080 -0.5001
vn 0.5774 0.3191 -0.7515
vn 0.2875 0.5399 -0.7911
vn 0.1744 0.3536 -0.9190
vn -0.0129 0.1346 -0.9908
vn -0.0057 0.4966 -0.8680
vn 0.1696 0.7528 -0.6360
vn -0.0097 0.7794 -0.6264
vn 0.1729 -0.7293 0.6620
vn -0.0097 -0.9363 0.3512
vn 0.1806 -0.9832 -0.0278
vn -0.0093 -0.9988 -0.0477
vn -0.0077 -0.9282 -0.3720
vn 0.2791 -0.3708 -0.8858
vn 0.5774 -0.1447 -0.8036
vn 0.5601 -0.3255 -0.7618
vn 0.5628 0.8220 -0.0872
vn 0.7071 -0.0000 -0.7071
vn 0.7145 -0.0256 -0.6991
vn 0.7171 0.0358 -0.6960
vn 0.7071 -0.0000 0.7071
vn 0.7171 0.0358 0.6960
vn 0.7145 -0.0256 0.6991
vn 0.9974 -0.0714 -0.0000
vn 0.9974 -0.0715 -0.0000
vn 0.9950 0.0997 -0.0000
vt -0.845296 -1.256751
vt -0.689855 1.130255
vt -0.845433 1.255535
vt -0.721941 1.195686
vt -0.725000 -1.215000
vt -0.710005 -1.158950
vt -0.813041 -1.342889
vt -0.710005 -1.271049
vt -0.736453 -1.422660
vt -0.673473 -1.316127
vt -0.640536 -1.460433
vt -0.622882 -1.336376
vt -0.561373 -1.333882
vt -0.515255 -1.304855
vt 0.641751 -1.460296
vt 0.489995 -1.271050
vt 0.526527 -1.316127
vt 0.577118 -1.336376
vt 0.638627 -1.333882
vt 0.684745 -1.304855
vt 0.727889 -1.428041
vt 0.721376 -1.237882
vt 0.807659 -1.351454
vt 0.845433 -1.255535
vt 0.845296 1.256751
vt 0.652831 1.103355
vt 0.689855 -1.130255
vt 0.721376 1.192118
vt 0.701127 1.141527
vt 0.813041 1.342889
vt 0.711645 1.267830
vt 0.736453 1.422660
vt 0.673473 1.316127
vt 0.640535 1.460433
vt 0.622882 1.336376
vt 0.561373 1.333882
vt 0.515255 1.304855
vt -0.641751 1.460296
vt -0.488355 1.267830
vt -0.526527 1.316127
vt -0.577118 1.336376
vt -0.638627 1.333882
vt -0.684745 1.304855
vt -0.727889 1.428041
vt -0.718882 1.253627
vt -0.807659 1.351454
vt 0.478059 1.234314
vt -0.478624 1.192118
vt 0.489995 1.158950
vt -0.498873 1.141527
vt 0.498873 -1.141527
vt -0.510145 -1.130255
vt 0.478059 -1.195686
vt -0.477494 -1.199255
vt -0.481118 -1.253627
vt 0.622882 -1.093624
vt 0.600000 1.090000
vt 0.547169 -1.103355
vt 0.540731 1.106636
vt -0.547169 1.103355
vt -0.577118 -1.093624
vt -0.622882 1.093624
vt -0.652831 -1.103355
vt 0.718882 -1.176373
vt 0.725000 1.215000
vt 0.710005 1.158950
vt 0.710005 1.271049
vt -0.489995 1.271050
vt -0.721376 1.237882
vt -0.718882 1.176373
vt -0.721376 -1.192118
vt -0.701127 -1.141527
vt -0.711645 -1.267830
vt 0.488355 -1.267830
vt 0.718882 -1.253627
vt 0.721941 -1.195686
vt 0.488355 1.162169
vt -0.489995 1.158950
vt -0.475000 1.215000
vt 0.478624 1.237882
vt -0.478059 -1.195686
vt 0.478624 -1.192118
vt -1.450000 -0.115000
vt -0.250000 -0.115000
vt -1.450000 0.000000
vt -0.250000 0.000000
vt -2.680000 -0.115000
vt -2.680000 0.000000
vt 1.450000 0.000000
vt 0.250000 0.000000
vt 1.450000 -0.115000
vt 0.250000 -0.115000
vt -0.115000 -0.350595
vt 0.000000 -0.351821
vt -0.115000 -0.257518
vt 0.000000 -0.247381
vt -0.115000 -0.145318
vt 0.000000 -0.135182
vt -0.115000 -0.040877
vt 0.000000 -0.042104
vt -0.115000 -0.743295
vt 0.000000 -0.744521
vt -0.115000 -0.650217
vt 0.000000 -0.640080
vt -0.115000 -0.538017
vt 0.000000 -0.527880
vt -0.115000 -0.433577
vt 0.000000 -0.434803
vt -0.115000 0.042103
vt 0.000000 0.040877
vt -0.115000 0.135182
vt 0.000000 0.145318
vt -0.115000 0.247381
vt 0.000000 0.257518
vt -0.115000 0.351821
vt 0.000000 0.350595
vt -0.115000 0.434803
vt 0.000000 0.433577
vt -0.115000 0.527880
vt 0.000000 0.538017
vt -0.115000 0.640080
vt 0.000000 0.650217
vt -0.115000 0.744521
vt 0.000000 0.743294
vt 2.680000 0.000000
vt 2.680000 -0.115000
vt -0.341392 0.073636
vt -0.345689 -0.040609
vt -0.248461 0.019555
vt -0.242343 -0.058181
vt -0.313560 -0.153788
vt -0.214333 -0.127236
vt -0.246067 -0.245852
vt -0.164525 -0.187241
vt -0.130563 -0.322406
vt -0.098611 -0.228918
vt -0.023046 -0.248186
vt -0.015827 -0.348884
vt 0.072005 -0.237417
vt 0.076909 -0.340670
vt 0.164180 -0.308246
vt 0.171670 -0.178800
vt 0.239783 -0.253919
vt 0.298348 -0.181547
vt 0.228918 -0.098611
vt 0.339883 -0.075032
vt 0.248186 -0.023046
vt 0.346657 0.042422
vt 0.243161 0.054776
vt 0.323132 0.132501
vt 0.214333 0.127237
vt 0.276645 0.213162
vt 0.164524 0.187241
vt 0.192175 0.290205
vt 0.098611 0.228918
vt 0.085003 0.338741
vt 0.005042 0.247820
vt -0.007511 0.349163
vt -0.099491 0.334772
vt -0.108015 0.223098
vt -0.184402 0.296592
vt -0.256208 0.237336
vt -0.187241 0.164524
vt -0.309808 0.161214
vt -0.228918 0.098611
vt 0.200000 -0.726493
vt -0.200000 -0.769036
vt 0.200000 -0.785398
vt 0.200000 0.765763
vt -0.200000 0.765763
vt -0.200000 0.672651
vt -0.200000 -0.683717
vt 0.200000 -0.651459
vt -0.200000 -0.584144
vt 0.200000 -0.572920
vt 0.200000 -0.494379
vt -0.200000 -0.466333
vt 0.200000 -0.415840
vt -0.200000 -0.369558
vt 0.200000 -0.319065
vt -0.200000 -0.269984
vt 0.200000 -0.201412
vt -0.200000 -0.173210
vt 0.200000 -0.101680
vt -0.200000 -0.073634
vt 0.200000 -0.023141
vt -0.200000 0.023141
vt 0.200000 0.055399
vt -0.200000 0.101680
vt 0.200000 0.133940
vt -0.200000 0.201412
vt 0.200000 0.212479
vt 0.200000 0.291019
vt -0.200000 0.319065
vt 0.200000 0.387636
vt -0.200000 0.415840
vt 0.200000 0.505446
vt -0.200000 0.494380
vt -0.200000 0.572920
vt 0.200000 0.605178
vt 0.200000 0.683717
vt 0.067052 -0.658023
vt -0.797902 -0.499948
vt -0.780795 -0.627363
vt -0.706451 -0.768045
vt -0.048069 -0.828647
vt -0.541213 -0.902907
vt -0.176797 -0.914502
vt -0.280091 -0.943751
vt -0.387486 -0.947649
vt 0.092732 -0.446286
vt 0.048446 -0.292546
vt -0.048069 -0.171354
vt -0.176798 -0.085497
vt -0.280090 -0.056249
vt -0.387486 -0.052351
vt -0.541213 -0.097093
vt -0.706451 -0.231955
vt -0.780795 -0.372637
vt 0.850000 0.300000
vt 0.250000 0.300000
vt 0.850000 -0.300000
vt 0.250000 -0.300000
vt 1.765000 -0.115000
vt 1.165000 -0.115000
vt 1.765000 -0.365000
vt 1.165000 -0.365000
vt -0.600000 0.050000
vt -0.000000 0.050000
vt -0.600000 0.300000
vt -0.000000 0.300000
vt 0.600000 0.050000
vt 0.600000 0.300000
vt -0.250000 0.300000
vt -0.373822 0.016131
vt -0.250000 -0.300000
vt -0.386102 -0.070687
vt -0.850000 0.300000
vt -0.547407 0.184366
vt -0.484992 0.170921
vt -0.850000 -0.300000
vt -0.740216 0.008931
vt -0.528194 -0.181423
vt -0.615647 -0.175097
vt -0.708870 0.102944
vt -0.633239 0.166985
vt -0.433014 0.137145
vt -0.393226 0.087285
vt -0.438090 -0.140162
vt -0.680532 -0.137145
vt -0.724778 -0.076504
vt -0.615910 0.001940
vt -0.498765 0.004933
vt -0.599940 0.040654
vt -0.521619 0.047752
vt -0.562125 0.059054
vt -0.513606 -0.040654
vt -0.602324 -0.037764
vt -0.558868 -0.058180
vt 0.067052 0.341977
vt -0.797902 0.500052
vt -0.780795 0.372637
vt -0.706451 0.231955
vt -0.048069 0.171354
vt -0.541213 0.097093
vt -0.176798 0.085497
vt -0.280090 0.056249
vt -0.387486 0.052351
vt 0.092732 0.553714
vt 0.048446 0.707454
vt -0.048069 0.828647
vt -0.176797 0.914503
vt -0.280091 0.943751
vt -0.387486 0.947649
vt -0.541213 0.902907
vt -0.706451 0.768045
vt -0.780795 0.627363
vt -0.200000 -0.726493
vt -0.200000 -0.785398
vt -0.200000 0.690728
vt -0.200000 -0.644448
vt -0.200000 -0.544716
vt 0.200000 -0.494380
vt -0.200000 -0.448098
vt -0.200000 -0.291019
vt 0.200000 -0.219489
vt -0.200000 -0.191444
vt 0.200000 -0.122716
vt 0.200000 0.073634
vt 0.200000 0.191444
vt 0.200000 0.369558
vt 0.200000 0.466333
vt -0.200000 0.494379
vt 0.200000 0.584144
vt -0.200000 0.594112
vt -0.302405 -0.172341
vt -0.228642 -0.263995
vt -0.150773 -0.315021
vt -0.062188 -0.343662
vt 0.030815 -0.347881
vt 0.072004 -0.237417
vt 0.141206 -0.318137
vt 0.159199 -0.191789
vt 0.218794 -0.116964
vt 0.342007 0.063430
vt 0.237417 0.072004
vt 0.302588 0.174389
vt 0.178850 0.171941
vt 0.245764 0.248135
vt 0.171476 0.304248
vt 0.085002 0.338741
vt 0.023046 0.248186
vt -0.072005 0.237417
vt -0.119641 0.326858
vt -0.171941 0.178850
vt -0.237749 0.254215
vt 0.487570 0.473939
vt 0.059767 0.473939
vt 0.487570 -0.115339
vt 0.059767 -0.115339
vt -0.487570 -0.115339
vt -0.059767 -0.115339
vt -0.487570 0.473939
vt -0.059767 0.473939
vt -0.589278 -0.100000
vt -0.000000 -0.100000
vt -0.589278 0.000000
vt -0.000000 0.000000
vt -0.427803 -0.100000
vt -0.427803 0.000000
vt 0.589278 -0.100000
vt 0.589278 0.000000
vt 0.427803 -0.100000
vt 0.427803 0.000000
vt -0.321901 0.801082
vt -0.638559 0.801082
vt -0.321901 0.480230
vt -0.638559 0.480230
vt 0.321901 0.480230
vt 0.638559 0.480230
vt 0.321901 0.801082
vt 0.638559 0.801082
vt -0.320852 -0.100000
vt -0.320852 0.000000
vt -0.316658 -0.100000
vt -0.316658 0.000000
vt 0.320852 -0.100000
vt 0.320852 0.000000
vt 0.316658 -0.100000
vt 0.316658 0.000000
vt 0.115000 -0.333794
vt 0.000000 -0.333794
vt 0.115000 -0.392699
vt 0.000000 -0.392699
vt 0.115000 0.373064
vt 0.000000 0.392699
vt 0.000000 0.333794
vt 0.115000 -0.258882
vt 0.000000 -0.251626
vt 0.115000 -0.196350
vt 0.000000 -0.173087
vt 0.115000 -0.141073
vt 0.000000 -0.094547
vt 0.115000 -0.078540
vt 0.115000 -0.023263
vt 0.000000 -0.039270
vt 0.000000 0.023263
vt 0.115000 0.055277
vt 0.000000 0.101804
vt 0.115000 0.117810
vt 0.115000 0.173087
vt 0.000000 0.157080
vt 0.000000 0.219613
vt 0.115000 0.235619
vt 0.115000 0.290896
vt 0.000000 0.274889
vt 0.115000 -0.373064
vt 0.115000 0.392699
vt 0.115000 0.353429
vt 0.000000 0.333795
vt 0.115000 -0.298152
vt 0.115000 -0.219612
vt 0.000000 -0.196350
vt 0.000000 -0.133817
vt 0.000000 -0.055277
vt 0.000000 0.101803
vt 0.115000 0.290895
vt 0.115000 -0.333795
vt 0.000000 -0.353429
vt 0.000000 0.373064
vt 0.115000 0.333794
vt 0.000000 0.298152
vt 0.000000 -0.290895
vt 0.115000 -0.274889
vt 0.115000 -0.219613
vt 0.000000 -0.235619
vt 0.115000 -0.157080
vt 0.115000 -0.101803
vt 0.000000 -0.117810
vt 0.115000 -0.039270
vt 0.115000 0.016007
vt 0.115000 0.094547
vt 0.000000 0.078540
vt 0.000000 0.141073
vt 0.000000 0.219612
vt 0.115000 0.251626
vt 0.000000 -0.290896
vt 0.115000 -0.101804
vt 0.115000 0.039270
vt 0.115000 0.314159
vt -0.238168 -0.022689
vt -0.247820 -0.004887
vt -0.228918 -0.098612
vt -0.218727 -0.096941
vt -0.171941 -0.178850
vt -0.176773 -0.161215
vt -0.116623 -0.208897
vt -0.072005 -0.237417
vt -0.044471 -0.235077
vt 0.023046 -0.248186
vt 0.032260 -0.237062
vt 0.116964 -0.218794
vt 0.105669 -0.214646
vt 0.168203 -0.170137
vt 0.191790 -0.159199
vt 0.213424 -0.108117
vt 0.237417 -0.072004
vt 0.236677 -0.034969
vt 0.248186 0.023046
vt 0.229961 0.061633
vt 0.228918 0.098611
vt 0.174978 0.161442
vt 0.171670 0.178800
vt 0.079909 0.224266
vt 0.072004 0.237417
vt -0.013079 0.238889
vt -0.023046 0.248186
vt -0.088054 0.222453
vt -0.098611 0.228918
vt -0.168357 0.168335
vt -0.164525 0.187241
vt -0.223098 0.108015
vt -0.221431 0.090593
vt -0.236892 0.038499
vt -0.345689 0.040609
vt -0.358108 0.028261
vt -0.352851 -0.067353
vt -0.341392 -0.073636
vt -0.322519 -0.158182
vt -0.309808 -0.161214
vt -0.269269 -0.237770
vt -0.237749 -0.254215
vt -0.196884 -0.300461
vt -0.119641 -0.326858
vt -0.088814 -0.346820
vt -0.007511 -0.349163
vt 0.031696 -0.357820
vt 0.085002 -0.338741
vt 0.125105 -0.336733
vt 0.171476 -0.304248
vt 0.185386 -0.312772
vt 0.246634 -0.261174
vt 0.276645 -0.213163
vt 0.316509 -0.166813
vt 0.323132 -0.132501
vt 0.346657 -0.042422
vt 0.356516 -0.030014
vt 0.339883 0.075032
vt 0.347564 0.090771
vt 0.311233 0.179371
vt 0.298348 0.181547
vt 0.252786 0.255224
vt 0.239783 0.253919
vt 0.176376 0.312941
vt 0.141206 0.318137
vt 0.087432 0.348419
vt 0.030815 0.347881
vt -0.029865 0.356763
vt -0.062188 0.343662
vt -0.150772 0.315021
vt -0.147317 0.327625
vt -0.228642 0.263995
vt -0.228639 0.277064
vt -0.302405 0.172341
vt -0.293715 0.206814
vt -0.337918 0.121868
vt 0.398703 0.020610
vt 0.349594 0.077175
vt 0.356561 -0.043635
vt 0.383680 -0.105112
vt 0.322043 -0.155863
vt 0.334673 -0.217677
vt 0.235642 -0.269217
vt 0.248620 -0.310559
vt 0.142808 -0.372821
vt 0.133091 -0.333657
vt 0.018739 -0.397606
vt 0.040211 -0.356964
vt -0.076961 -0.349402
vt -0.128946 -0.376583
vt -0.189670 -0.305066
vt -0.238263 -0.320343
vt -0.263528 -0.244117
vt -0.310443 -0.251027
vt -0.318660 -0.165820
vt -0.363118 -0.165936
vt -0.351146 -0.075740
vt -0.392976 -0.070418
vt -0.358680 0.019722
vt -0.398143 0.029523
vt -0.378292 0.127609
vt -0.331897 0.134225
vt -0.318042 0.238973
vt -0.253161 0.253143
vt -0.231038 0.325593
vt -0.155080 0.324022
vt -0.117031 0.380454
vt -0.041910 0.355314
vt 0.004465 0.399211
vt 0.079107 0.350403
vt 0.103605 0.385559
vt 0.168871 0.317054
vt 0.218547 0.332684
vt 0.246634 0.261174
vt 0.325669 0.228869
vt 0.306872 0.186735
vt 0.381052 0.119116
vt 0.000000 -1.149697
vt -0.950000 -1.210605
vt -0.000000 -1.256637
vt 0.000000 1.235973
vt -0.950000 1.256637
vt -0.950000 1.177123
vt 0.000000 1.135442
vt -0.950000 1.076849
vt 0.000000 1.011591
vt -0.950000 0.976602
vt 0.000000 0.860794
vt -0.950000 0.876378
vt -0.950000 0.776171
vt 0.000000 0.733318
vt -0.950000 0.675975
vt 0.000000 0.632787
vt -0.950000 0.575783
vt 0.000000 0.508935
vt -0.950000 0.475588
vt 0.000000 0.381459
vt -0.950000 0.402124
vt -0.950000 0.322651
vt 0.000000 0.257737
vt -0.950000 0.222381
vt 0.000000 0.130131
vt -0.950000 0.122138
vt 0.000000 0.029601
vt -0.950000 0.021917
vt 0.000000 -0.070930
vt -0.950000 -0.078287
vt 0.000000 -0.171461
vt -0.950000 -0.178482
vt 0.000000 -0.271993
vt -0.950000 -0.278675
vt 0.000000 -0.372523
vt -0.950000 -0.379946
vt 0.000000 -0.496374
vt -0.950000 -0.481677
vt -0.950000 -0.581957
vt 0.000000 -0.647171
vt -0.950000 -0.682208
vt 0.000000 -0.774647
vt -0.950000 -0.782436
vt 0.000000 -0.898369
vt -0.950000 -0.882645
vt -0.950000 -0.982842
vt 0.000000 -1.025975
vt -0.950000 -1.083035
vt -0.070711 -1.318468
vt 0.000000 -1.286268
vt -0.070711 -1.213003
vt 0.000000 -1.150725
vt -0.070711 -1.061142
vt 0.000000 -1.044270
vt 0.000000 -0.937810
vt -0.070711 -0.855912
vt 0.000000 -0.831338
vt 0.000000 -0.724846
vt -0.070711 -0.703097
vt 0.000000 -0.618330
vt -0.070711 -0.601182
vt 0.000000 -0.511783
vt -0.070711 -0.499375
vt 0.000000 -0.403693
vt -0.070711 -0.351800
vt 0.000000 -0.296092
vt -0.070711 -0.153923
vt 0.000000 -0.189637
vt 0.000000 -0.083180
vt -0.070711 0.051310
vt 0.000000 0.023288
vt 0.000000 0.129771
vt -0.070711 0.204013
vt 0.000000 0.236279
vt -0.070711 0.351800
vt 0.000000 0.342816
vt -0.000000 0.427257
vt -0.070711 0.499376
vt 0.000000 0.505313
vt -0.070711 0.601181
vt 0.000000 0.611769
vt -0.070711 0.703097
vt 0.000000 0.718223
vt -0.070711 0.855912
vt 0.000000 0.824681
vt 0.000000 0.931151
vt -0.070711 1.061142
vt 0.000000 1.037640
vt 0.000000 1.144152
vt -0.070711 1.213004
vt 0.000000 1.250694
vt -0.070711 1.310103
vt -0.000000 1.335177
vt 0.200000 -1.054501
vt 0.000000 -1.063066
vt 0.200000 -1.130973
vt 0.000000 -1.130973
vt 0.200000 1.111192
vt 0.000000 1.102628
vt 0.200000 0.992606
vt 0.000000 1.006375
vt 0.000000 0.910122
vt 0.200000 0.848227
vt 0.000000 0.813869
vt 0.200000 0.726180
vt 0.000000 0.717616
vt 0.200000 0.607734
vt 0.000000 0.595569
vt 0.200000 0.485547
vt 0.000000 0.476983
vt 0.200000 0.389294
vt 0.000000 0.380730
vt 0.200000 0.293042
vt 0.000000 0.284477
vt 0.200000 0.196789
vt 0.000000 0.188225
vt 0.200000 0.078202
vt 0.000000 0.091971
vt 0.000000 -0.030216
vt 0.200000 -0.043844
vt 0.200000 -0.162290
vt 0.000000 -0.174596
vt 0.200000 -0.306670
vt 0.000000 -0.293042
vt 0.000000 -0.360949
vt 0.200000 -0.428857
vt 0.000000 -0.437421
vt 0.200000 -0.525110
vt 0.000000 -0.533675
vt 0.200000 -0.643556
vt 0.000000 -0.655721
vt 0.200000 -0.765742
vt 0.000000 -0.774307
vt 0.200000 -0.861995
vt 0.000000 -0.870560
vt 0.200000 -0.958248
vt 0.000000 -0.966813
vt 0.000000 -1.025210
vt -0.200000 -1.058614
vt -0.000000 -1.099557
vt 0.000000 1.058614
vt -0.200000 1.099557
vt -0.200000 1.025210
vt 0.000000 0.918245
vt -0.200000 0.931630
vt -0.200000 0.838050
vt 0.000000 0.799588
vt -0.200000 0.744471
vt 0.000000 0.706009
vt -0.200000 0.650892
vt 0.000000 0.612430
vt -0.200000 0.557312
vt 0.000000 0.518850
vt -0.200000 0.463733
vt 0.000000 0.403558
vt -0.200000 0.345077
vt 0.000000 0.284902
vt -0.200000 0.229785
vt 0.000000 0.191323
vt -0.200000 0.136205
vt 0.000000 0.076030
vt -0.200000 0.042626
vt 0.000000 -0.042626
vt -0.200000 -0.076030
vt 0.000000 -0.136205
vt -0.200000 -0.191323
vt 0.000000 -0.229785
vt -0.200000 -0.284902
vt -0.000000 -0.304133
vt 0.000000 -0.370155
vt -0.200000 -0.378481
vt 0.000000 -0.463734
vt -0.200000 -0.472060
vt 0.000000 -0.557313
vt -0.200000 -0.565639
vt 0.000000 -0.672604
vt -0.200000 -0.684431
vt 0.000000 -0.812973
vt -0.200000 -0.824801
vt 0.000000 -0.931630
vt -0.200000 -0.939957
vt 0.000000 0.939957
vt 0.000000 0.846377
vt -0.200000 0.812973
vt 0.000000 0.752799
vt -0.200000 0.672604
vt 0.000000 0.659219
vt 0.000000 0.565639
vt -0.200000 0.557313
vt 0.000000 0.472060
vt -0.200000 0.463734
vt 0.000000 0.378481
vt -0.200000 0.370155
vt -0.200000 0.276575
vt -0.200000 0.182996
vt -0.200000 0.064203
vt 0.000000 -0.345077
vt -0.200000 -0.403558
vt 0.000000 -0.485310
vt -0.200000 -0.518850
vt 0.000000 -0.625679
vt -0.200000 -0.612430
vt -0.200000 -0.706009
vt 0.000000 -0.744471
vt -0.200000 -0.799588
vt 0.000000 -0.838050
vt -0.200000 -0.918245
vt 0.200000 1.014939
vt 0.200000 0.918686
vt 0.200000 0.800100
vt 0.000000 0.787935
vt 0.200000 0.655721
vt 0.000000 0.643556
vt 0.200000 0.533674
vt 0.000000 0.525110
vt 0.200000 0.415228
vt 0.000000 0.428856
vt 0.000000 0.306670
vt 0.000000 0.188224
vt 0.200000 -0.140097
vt 0.000000 -0.174456
vt 0.200000 -0.236349
vt 0.200000 -0.354936
vt 0.000000 -0.389294
vt 0.200000 -0.476983
vt 0.000000 -0.485548
vt 0.200000 -0.595569
vt 0.000000 -0.607734
vt 0.200000 -0.717616
vt 0.000000 -0.726180
vt 0.200000 -0.836062
vt 0.000000 -0.848227
vt 0.000000 -1.257181
vt -0.000000 -1.335177
vt 0.000000 -1.150724
vt -0.070711 -1.061143
vt 0.000000 -1.044271
vt 0.000000 -0.831337
vt 0.000000 -0.618329
vt -0.070711 -0.601181
vt -0.070711 -0.499376
vt 0.000000 -0.403694
vt 0.000000 -0.296091
vt 0.000000 -0.189638
vt -0.070711 0.601182
vt 0.000000 0.611770
vt -0.070711 1.213003
vt -0.950000 -1.183229
vt -0.950000 -1.256637
vt 0.000000 1.112250
vt 0.000000 0.984645
vt 0.000000 0.884114
vt 0.000000 0.760263
vt -0.950000 0.675974
vt 0.000000 0.609466
vt 0.000000 0.481990
vt 0.000000 0.358267
vt -0.950000 0.322650
vt 0.000000 0.230662
vt -0.950000 0.021918
vt 0.000000 -0.094250
vt -0.950000 -0.178483
vt 0.000000 -0.221726
vt -0.950000 -0.278674
vt 0.000000 -0.322257
vt 0.000000 -0.422788
vt -0.950000 -0.481678
vt 0.000000 -0.523319
vt 0.000000 -0.623850
vt 0.000000 -0.747702
vt 0.000000 -0.898498
vt -0.950000 -0.982843
vt 0.332365 -0.136287
vt 0.284549 -0.219253
vt 0.248867 -0.310655
vt 0.197666 -0.298497
vt 0.117031 -0.380454
vt 0.087432 -0.348419
vt -0.004465 -0.399211
vt -0.029865 -0.356763
vt -0.103605 -0.385559
vt -0.147317 -0.327625
vt -0.196235 -0.347680
vt -0.244278 -0.261406
vt -0.276534 -0.287955
vt -0.339458 -0.210137
vt -0.387052 -0.092911
vt -0.340725 0.113783
vt -0.334673 0.217677
vt -0.298558 0.199758
vt -0.248620 0.310558
vt -0.217161 0.284628
vt -0.142808 0.372821
vt -0.088814 0.346820
vt -0.018739 0.397606
vt 0.031696 0.357820
vt 0.128946 0.376583
vt 0.145015 0.327071
vt 0.238263 0.320343
vt 0.310443 0.251026
vt 0.372187 0.140484
vt -0.322520 -0.158182
vt -0.253161 -0.253143
vt -0.256208 -0.237336
vt -0.184402 -0.296592
vt -0.155080 -0.324022
vt -0.074823 -0.339697
vt -0.041910 -0.355314
vt 0.063728 -0.341952
vt 0.079107 -0.350403
vt 0.192175 -0.290205
vt 0.168871 -0.317054
vt 0.276645 -0.213162
vt 0.316783 -0.166795
vt 0.235642 0.269217
vt 0.164180 0.308246
vt 0.133091 0.333657
vt 0.076909 0.340670
vt 0.040212 0.356964
vt -0.015827 0.348884
vt -0.076961 0.349402
vt -0.107438 0.332307
vt -0.191416 0.292115
vt -0.207256 0.291633
vt -0.261789 0.231164
vt -0.313560 0.153788
vt -0.337918 0.121867
vt -0.238168 -0.022688
vt -0.208528 -0.114876
vt -0.210673 -0.133208
vt -0.141586 -0.203454
vt -0.148623 -0.187484
vt -0.081603 -0.224899
vt -0.054776 -0.243161
vt 0.014390 -0.237641
vt 0.098611 -0.228918
vt 0.178850 -0.171941
vt 0.181292 -0.153969
vt 0.232079 -0.052082
vt 0.072005 0.237417
vt -0.153967 0.183121
vt -0.178800 0.171670
vt -0.212870 0.106109
vt -0.231598 0.092141
vt -0.031338 0.012964
vt 0.011694 -0.026316
vt 0.020471 0.030111
vt -0.092074 -0.550263
vt -0.069813 -0.584793
vt -0.034907 -0.555450
vt -0.244346 0.465585
vt -0.191876 0.466914
vt -0.209440 0.547131
vt -0.174533 0.525480
vt -0.121937 0.496474
vt -0.314159 0.475628
vt -0.279253 0.301661
vt -0.279253 0.507134
vt -0.209440 0.393371
vt -0.161075 0.403175
vt -0.121937 0.438017
vt -0.052192 0.409027
vt -0.052389 0.453039
vt 0.000000 0.427462
vt -0.289409 0.142297
vt -0.244346 0.333801
vt -0.209440 0.305686
vt -0.156890 0.350190
vt -0.087036 0.321227
vt -0.104720 0.379624
vt -0.052389 0.365354
vt -0.034907 0.321399
vt 0.000000 0.353350
vt -0.156890 0.291733
vt -0.092074 0.268130
vt -0.034907 0.262942
vt 0.000000 0.294893
vt -0.160983 0.239115
vt -0.121937 0.204191
vt -0.069813 0.233600
vt -0.046921 0.199494
vt 0.000000 0.222863
vt -0.244346 0.114845
vt -0.209440 0.086214
vt -0.209440 0.203127
vt -0.156890 0.116363
vt -0.174533 0.174742
vt -0.122245 0.160756
vt -0.104720 0.116569
vt -0.052192 0.145972
vt -0.314159 -0.209507
vt -0.279253 0.010234
vt -0.156890 0.057907
vt -0.104720 0.058112
vt -0.052192 0.087516
vt 0.000000 0.047493
vt 0.000000 0.135179
vt -0.228945 0.006817
vt -0.156890 -0.029778
vt -0.157178 0.014614
vt -0.104720 -0.000344
vt -0.052193 -0.029397
vt -0.052193 0.029059
vt 0.000000 -0.026618
vt -0.279253 -0.179892
vt -0.228613 -0.082779
vt -0.160983 -0.082397
vt -0.104720 -0.058800
vt -0.052389 -0.073071
vt 0.000000 -0.085074
vt -0.244346 -0.191816
vt -0.209440 -0.176840
vt -0.174533 -0.146770
vt -0.122245 -0.160756
vt -0.121937 -0.117321
vt -0.057481 -0.170354
vt -0.052192 -0.117082
vt 0.000000 -0.143531
vt -0.104720 -0.204943
vt -0.069813 -0.234053
vt -0.034907 -0.204711
vt -0.279253 -0.384487
vt -0.194718 -0.272471
vt -0.121937 -0.292691
vt -0.122245 -0.248441
vt -0.057291 -0.297671
vt -0.034907 -0.263168
vt -0.126574 -0.345572
vt -0.104720 -0.380312
vt -0.052192 -0.350909
vt 0.000000 -0.377357
vt 0.000000 -0.318901
vt -0.314159 -0.545478
vt -0.156890 -0.409746
vt -0.117153 -0.443852
vt -0.052192 -0.409365
vt 0.000000 -0.435814
vt 0.000000 -0.552727
vt -0.052192 -0.497050
vt 0.000000 -0.494270
vt -0.052389 -0.453039
vt 0.000000 -0.260444
vt 0.000000 -0.201988
vt -0.052192 0.496712
vt 0.000000 0.499492
vt -0.000518 0.540724
vt -0.000000 -0.599180
vt -0.244346 0.559580
vt -0.156890 -0.555888
vt -0.209440 -0.578140
vt -0.174533 -0.599180
vt -0.122245 0.540724
vt -0.174533 0.569952
vt -0.104720 -0.599180
vt -0.034907 -0.599180
vt -0.069813 0.555111
vt -0.104720 0.569952
vt -0.279253 -0.549897
vt -0.244346 -0.543048
vt -0.244346 -0.425642
vt -0.209440 -0.483478
vt -0.174533 -0.483172
vt -0.121937 -0.497289
vt -0.244346 -0.309078
vt -0.209440 -0.381439
vt -0.174533 -0.337031
vt -0.244346 0.217469
vt -0.156890 -0.205148
vt 0.050000 0.179990
vt 0.000000 0.181069
vt 0.000000 0.144092
vt 0.050000 0.139941
vt 0.050000 0.096995
vt 0.000000 0.100317
vt 0.000000 0.056543
vt 0.050000 0.045597
vt 0.000000 0.005145
vt 0.050000 0.001822
vt 0.050000 -0.048919
vt 0.000000 -0.045597
vt 0.000000 -0.096995
vt 0.050000 -0.100317
vt 0.050000 -0.144092
vt 0.000000 -0.147873
vt 0.050000 -0.181069
vt 0.000000 -0.185501
vt 0.000000 0.566781
vt -0.050000 0.568764
vt -0.050000 0.504328
vt 0.000000 0.473146
vt -0.050000 0.428268
vt 0.000000 0.371631
vt -0.050000 0.352132
vt 0.000000 0.282414
vt -0.050000 0.275995
vt 0.000000 0.217978
vt -0.050000 0.199859
vt 0.000000 0.155443
vt -0.050000 0.137325
vt 0.000000 0.091084
vt -0.050000 0.072966
vt 0.000000 0.016328
vt -0.050000 -0.016328
vt 0.000000 -0.072966
vt -0.050000 -0.091084
vt 0.000000 -0.161323
vt -0.050000 -0.168601
vt 0.000000 -0.262838
vt -0.050000 -0.256958
vt -0.050000 -0.319494
vt 0.000000 -0.352132
vt -0.050000 -0.383853
vt 0.000000 -0.428268
vt -0.050000 -0.459989
vt 0.000000 -0.504328
vt -0.050000 -0.522524
vt 0.000000 -0.568764
vt -0.050000 -0.576349
vt -0.614781 0.004933
vt -0.741349 0.003238
vt -0.732194 -0.059948
vt -0.599940 -0.040654
vt -0.702044 -0.114111
vt -0.644555 -0.162540
vt -0.562125 -0.059054
vt -0.584250 -0.183334
vt -0.522289 -0.181483
vt -0.516624 -0.042159
vt -0.443689 -0.144717
vt -0.393226 -0.087285
vt -0.497504 0.001805
vt -0.373822 -0.016131
vt -0.386102 0.070687
vt -0.513606 0.040654
vt -0.419759 0.124874
vt -0.468991 0.162541
vt -0.558868 0.058180
vt -0.541014 0.184056
vt -0.615647 0.175097
vt -0.597508 0.043990
vt -0.680532 0.137145
vt -0.724778 0.076504
vt -0.194719 -0.535566
vt -0.174533 -0.585194
vt -0.121937 -0.555746
vt -0.069813 -0.526336
vt -0.244346 0.533488
vt -0.209440 0.451828
vt -0.190856 0.540938
vt -0.174533 0.481300
vt -0.293322 0.522589
vt -0.288526 0.361420
vt -0.244346 0.407129
vt -0.161075 0.403176
vt -0.057481 0.443441
vt -0.034907 0.409083
vt 0.000000 0.411806
vt 0.000000 0.486041
vt -0.244346 0.260471
vt -0.209440 0.349269
vt -0.139626 0.335445
vt -0.087316 0.336126
vt -0.087036 0.379683
vt -0.034907 0.350627
vt -0.209440 0.232355
vt -0.156890 0.262505
vt -0.174533 0.335159
vt -0.087037 0.291999
vt -0.314159 0.002085
vt -0.279253 0.244300
vt -0.156890 0.204048
vt -0.104720 0.204254
vt -0.087316 0.248441
vt -0.057291 0.199210
vt -0.034907 0.233713
vt -0.226877 0.145097
vt -0.157178 0.160756
vt -0.087036 0.145857
vt -0.194689 0.065890
vt -0.126556 0.052689
vt -0.087036 0.087400
vt -0.034907 0.087572
vt -0.279253 0.053163
vt -0.244346 -0.075395
vt -0.244346 0.056389
vt -0.209440 -0.000850
vt 0.000000 -0.040068
vt -0.209440 -0.074282
vt -0.174533 -0.103204
vt -0.117154 -0.063884
vt -0.286173 -0.371921
vt -0.227592 -0.170256
vt -0.174533 -0.175999
vt -0.121937 -0.117320
vt -0.052192 -0.175539
vt 0.000000 -0.127753
vt -0.209440 -0.220492
vt -0.156208 -0.219029
vt -0.091959 -0.210159
vt -0.034907 -0.233939
vt -0.244346 -0.323867
vt -0.194719 -0.301739
vt -0.121937 -0.263463
vt -0.057291 -0.268443
vt 0.000000 -0.274018
vt -0.209440 -0.395861
vt -0.156890 -0.351290
vt -0.104720 -0.351084
vt -0.052389 -0.365354
vt -0.052192 -0.321681
vt 0.000000 -0.348129
vt -0.244346 -0.469721
vt -0.160983 -0.403908
vt -0.126556 -0.444193
vt -0.087036 -0.409481
vt -0.191876 -0.468391
vt -0.057481 -0.462636
vt -0.034907 -0.496994
vt 0.000000 -0.478616
vt -0.034907 -0.409309
vt 0.000000 -0.406585
vt -0.034907 0.146029
vt -0.034907 0.292170
vt -0.244346 -0.571695
vt -0.209440 -0.599180
vt -0.139626 -0.599180
vt -0.282888 -0.549473
vt -0.122245 -0.306897
vt -0.037873 -0.000177
vt 0.033808 0.000424
vt -0.007225 0.035694
vt -0.007227 -0.035694
vt 1.136943 0.005000
vt 1.173386 0.005000
vt 0.863140 0.066122
vt 1.465000 0.066122
vt 1.226943 0.005000
vt 1.263386 0.005000
vt 1.316943 0.005000
vt 1.353386 0.005000
vt 1.406943 0.005000
vt 1.443386 0.005000
vt 1.513233 0.010000
vt 1.513233 0.350000
vt 1.465000 0.296800
vt 0.817004 0.350000
vt 0.863140 0.296800
vt 0.817004 0.010000
vt 0.866943 0.005000
vt 0.903386 0.005000
vt 0.956943 0.005000
vt 0.993386 0.005000
vt 1.046943 0.005000
vt 1.083386 0.005000
vt -0.000000 -0.340000
vt 0.372916 -0.340000
vt 0.372916 0.000000
vt -0.372916 -0.340000
vt -0.372916 0.000000
vt -0.086382 -0.345000
vt -0.049939 -0.345000
vt -0.696228 0.000000
vt -0.356382 -0.345000
vt -0.319939 -0.345000
vt -0.266382 -0.345000
vt -0.696228 -0.340000
vt -0.626382 -0.345000
vt -0.589939 -0.345000
vt -0.536381 -0.345000
vt -0.499939 -0.345000
vt -0.446382 -0.345000
vt -0.409939 -0.345000
vt -0.229939 -0.345000
vt -0.176382 -0.345000
vt -0.139939 -0.345000
vt 0.477084 -0.647996
vt 0.850000 -0.647996
vt 0.477084 0.048233
vt 0.850000 0.048233
vt -0.021614 0.177084
vt 0.048233 0.177084
vt -0.021614 0.550000
vt 0.048233 0.550000
vt -0.111614 0.177084
vt -0.058057 0.177084
vt -0.111614 0.550000
vt -0.058057 0.550000
vt -0.201614 0.177084
vt -0.148057 0.177084
vt -0.201614 0.550000
vt -0.148057 0.550000
vt -0.291614 0.177084
vt -0.238057 0.177084
vt -0.291614 0.550000
vt -0.238057 0.550000
vt -0.381614 0.177084
vt -0.328057 0.177084
vt -0.381614 0.550000
vt -0.328057 0.550000
vt -0.471614 0.177084
vt -0.418057 0.177084
vt -0.471614 0.550000
vt -0.418057 0.550000
vt -0.561614 0.177084
vt -0.508057 0.177084
vt -0.561614 0.550000
vt -0.508057 0.550000
vt -0.647996 0.177084
vt -0.598057 0.177084
vt -0.647996 0.550000
vt -0.598057 0.550000
vt -0.350000 -0.230678
vt -0.000000 -0.230678
vt -0.350000 0.000000
vt -0.350000 0.601860
vt -0.000000 0.601860
vt 0.350000 0.000000
vt 0.350000 -0.230678
vt 0.350000 0.601860
vt -0.601860 0.181122
vt 0.000000 0.181122
vt -0.601860 0.411800
vt 0.000000 0.411800
vt -0.850000 -0.058057
vt -0.477084 -0.058057
vt -0.850000 -0.021614
vt -0.477084 -0.021614
vt -0.850000 -0.148057
vt -0.477084 -0.148057
vt -0.850000 -0.111614
vt -0.477084 -0.111614
vt -0.850000 -0.238057
vt -0.477084 -0.238057
vt -0.850000 -0.201614
vt -0.477084 -0.201614
vt -0.850000 -0.328057
vt -0.477084 -0.328057
vt -0.850000 -0.291614
vt -0.477084 -0.291614
vt -0.850000 -0.418057
vt -0.477084 -0.418057
vt -0.850000 -0.381614
vt -0.477084 -0.381614
vt -0.850000 -0.508057
vt -0.477084 -0.508057
vt -0.850000 -0.471614
vt -0.477084 -0.471614
vt -0.850000 -0.598057
vt -0.477084 -0.598057
vt -0.850000 -0.561614
vt -0.477084 -0.561614
s 1
usemtl 42,42,42.008
f 36/1/1 76/2/1 95/3/1
f 95/3/1 76/2/1 86/4/1
f 36/1/1 47/5/1 49/6/1
f 36/1/1 12/7/1 47/5/1
f 47/5/1 12/7/1 32/8/1
f 32/8/1 12/7/1 8/9/1
f 32/8/1 8/9/1 28/10/1
f 28/10/1 8/9/1 4/11/1
f 28/10/1 4/11/1 16/12/1
f 16/12/1 4/11/1 19/13/1
f 19/13/1 4/11/1 26/14/1
f 26/14/1 4/11/1 2/15/1
f 26/14/1 2/15/1 30/16/1
f 30/16/1 2/15/1 24/17/1
f 24/17/1 2/15/1 14/18/1
f 14/18/1 2/15/1 17/19/1
f 17/19/1 2/15/1 22/20/1
f 22/20/1 2/15/1 6/21/1
f 22/20/1 6/21/1 37/22/1
f 37/22/1 6/21/1 10/23/1
f 37/22/1 10/23/1 34/24/1
f 88/25/1 69/26/1 34/24/1
f 34/24/1 69/26/1 51/27/1
f 88/25/1 84/28/1 77/29/1
f 88/25/1 110/30/1 84/28/1
f 84/28/1 110/30/1 96/31/1
f 96/31/1 110/30/1 122/32/1
f 96/31/1 122/32/1 105/33/1
f 105/33/1 122/32/1 126/34/1
f 105/33/1 126/34/1 114/35/1
f 114/35/1 126/34/1 116/36/1
f 116/36/1 126/34/1 102/37/1
f 102/37/1 126/34/1 128/38/1
f 102/37/1 128/38/1 98/39/1
f 98/39/1 128/38/1 107/40/1
f 107/40/1 128/38/1 118/41/1
f 118/41/1 128/38/1 120/42/1
f 120/42/1 128/38/1 104/43/1
f 104/43/1 128/38/1 124/44/1
f 104/43/1 124/44/1 100/45/1
f 100/45/1 124/44/1 112/46/1
f 100/45/1 112/46/1 86/4/1
f 86/4/1 112/46/1 95/3/1
f 91/47/1 98/39/1 85/48/1
f 91/47/1 85/48/1 79/49/1
f 79/49/1 85/48/1 81/50/1
f 79/49/1 81/50/1 53/51/1
f 53/51/1 81/50/1 55/52/1
f 53/51/1 55/52/1 43/53/1
f 43/53/1 55/52/1 45/54/1
f 43/53/1 45/54/1 30/16/1
f 30/16/1 45/54/1 39/55/1
f 30/16/1 39/55/1 26/14/1
f 98/39/1 91/47/1 102/37/1
f 77/29/1 69/26/1 88/25/1
f 51/27/1 69/26/1 61/56/1
f 61/56/1 69/26/1 66/57/1
f 61/56/1 66/57/1 58/58/1
f 58/58/1 66/57/1 71/59/1
f 58/58/1 71/59/1 53/51/1
f 53/51/1 71/59/1 79/49/1
f 81/50/1 73/60/1 55/52/1
f 55/52/1 73/60/1 63/61/1
f 63/61/1 73/60/1 68/62/1
f 63/61/1 68/62/1 60/63/1
f 60/63/1 68/62/1 76/2/1
f 60/63/1 76/2/1 36/1/1
f 49/6/1 60/63/1 36/1/1
f 51/27/1 48/64/1 34/24/1
f 34/24/1 48/64/1 37/22/1
f 94/25/2 74/26/2 35/24/2
f 35/24/2 74/26/2 56/27/2
f 94/25/2 93/65/2 82/66/2
f 94/25/2 111/30/2 93/65/2
f 93/65/2 111/30/2 99/67/2
f 99/67/2 111/30/2 123/32/2
f 99/67/2 123/32/2 108/33/2
f 108/33/2 123/32/2 127/34/2
f 108/33/2 127/34/2 119/35/2
f 119/35/2 127/34/2 117/36/2
f 117/36/2 127/34/2 103/37/2
f 103/37/2 127/34/2 125/38/2
f 103/37/2 125/38/2 97/68/2
f 97/68/2 125/38/2 106/40/2
f 106/40/2 125/38/2 115/41/2
f 115/41/2 125/38/2 113/42/2
f 113/42/2 125/38/2 101/43/2
f 101/43/2 125/38/2 121/44/2
f 101/43/2 121/44/2 89/69/2
f 89/69/2 121/44/2 109/46/2
f 89/69/2 109/46/2 87/3/2
f 33/1/2 75/2/2 87/3/2
f 87/3/2 75/2/2 83/70/2
f 33/1/2 41/71/2 50/72/2
f 33/1/2 9/7/2 41/71/2
f 41/71/2 9/7/2 29/73/2
f 29/73/2 9/7/2 5/9/2
f 29/73/2 5/9/2 21/10/2
f 21/10/2 5/9/2 1/11/2
f 21/10/2 1/11/2 13/12/2
f 13/12/2 1/11/2 18/13/2
f 18/13/2 1/11/2 23/14/2
f 23/14/2 1/11/2 3/15/2
f 23/14/2 3/15/2 31/74/2
f 31/74/2 3/15/2 25/17/2
f 25/17/2 3/15/2 15/18/2
f 15/18/2 3/15/2 20/19/2
f 20/19/2 3/15/2 27/20/2
f 27/20/2 3/15/2 7/21/2
f 27/20/2 7/21/2 40/75/2
f 40/75/2 7/21/2 11/23/2
f 40/75/2 11/23/2 46/76/2
f 46/76/2 11/23/2 35/24/2
f 82/66/2 74/26/2 94/25/2
f 56/27/2 74/26/2 64/56/2
f 64/56/2 74/26/2 67/57/2
f 64/56/2 67/57/2 59/58/2
f 59/58/2 67/57/2 72/59/2
f 59/58/2 72/59/2 54/51/2
f 54/51/2 72/59/2 80/77/2
f 54/51/2 80/77/2 78/78/2
f 78/78/2 80/77/2 90/79/2
f 90/79/2 80/77/2 92/80/2
f 90/79/2 92/80/2 97/68/2
f 97/68/2 92/80/2 103/37/2
f 38/55/2 31/74/2 42/81/2
f 42/81/2 31/74/2 44/82/2
f 42/81/2 44/82/2 52/52/2
f 52/52/2 44/82/2 54/51/2
f 52/52/2 54/51/2 78/78/2
f 31/74/2 38/55/2 23/14/2
f 50/72/2 57/63/2 33/1/2
f 33/1/2 57/63/2 75/2/2
f 75/2/2 57/63/2 65/62/2
f 65/62/2 57/63/2 62/61/2
f 65/62/2 62/61/2 70/60/2
f 70/60/2 62/61/2 52/52/2
f 70/60/2 52/52/2 78/78/2
f 56/27/2 46/76/2 35/24/2
f 83/70/2 89/69/2 87/3/2
f 128/83/3 126/84/4 127/85/5
f 127/85/5 126/84/4 125/86/6
f 88/87/7 34/84/8 87/88/9
f 87/88/9 34/84/8 33/86/10
f 3/89/11 1/90/12 4/91/13
f 4/91/13 1/90/12 2/92/14
f 2/93/14 1/94/12 6/95/15
f 6/95/15 1/94/12 5/96/16
f 6/95/15 5/96/16 10/97/17
f 10/97/17 5/96/16 9/98/18
f 10/97/17 9/98/18 34/99/8
f 34/99/8 9/98/18 33/100/10
f 36/101/19 35/102/20 12/103/21
f 12/103/21 35/102/20 11/104/22
f 12/103/21 11/104/22 8/105/23
f 8/105/23 11/104/22 7/106/24
f 8/105/23 7/106/24 4/107/13
f 4/107/13 7/106/24 3/108/11
f 88/109/7 87/110/9 110/111/25
f 110/111/25 87/110/9 109/112/26
f 110/111/25 109/112/26 122/113/27
f 122/113/27 109/112/26 121/114/28
f 122/113/27 121/114/28 126/115/4
f 126/115/4 121/114/28 125/116/6
f 128/117/3 127/118/5 124/119/29
f 124/119/29 127/118/5 123/120/30
f 124/119/29 123/120/30 112/121/31
f 112/121/31 123/120/30 111/122/32
f 112/121/31 111/122/32 95/123/33
f 95/123/33 111/122/32 94/124/34
f 94/125/34 35/90/20 95/126/33
f 95/126/33 35/90/20 36/92/19
f 303/127/1 248/128/1 282/129/1
f 282/129/1 248/128/1 252/130/1
f 252/130/1 248/128/1 212/131/1
f 252/130/1 212/131/1 224/132/1
f 224/132/1 212/131/1 165/133/1
f 224/132/1 165/133/1 198/134/1
f 198/134/1 165/133/1 152/135/1
f 198/134/1 152/135/1 180/136/1
f 180/136/1 152/135/1 174/137/1
f 174/137/1 152/135/1 146/138/1
f 174/137/1 146/138/1 175/139/1
f 175/139/1 146/138/1 148/140/1
f 175/139/1 148/140/1 159/141/1
f 175/139/1 159/141/1 196/142/1
f 196/142/1 159/141/1 170/143/1
f 196/142/1 170/143/1 200/144/1
f 196/142/1 200/144/1 233/145/1
f 233/145/1 200/144/1 231/146/1
f 233/145/1 231/146/1 266/147/1
f 266/147/1 231/146/1 293/148/1
f 266/147/1 293/148/1 300/149/1
f 300/149/1 293/148/1 329/150/1
f 300/149/1 329/150/1 327/151/1
f 327/151/1 329/150/1 361/152/1
f 327/151/1 361/152/1 353/153/1
f 353/153/1 361/152/1 386/154/1
f 353/153/1 386/154/1 372/155/1
f 372/155/1 386/154/1 400/156/1
f 372/155/1 400/156/1 383/157/1
f 383/157/1 400/156/1 406/158/1
f 383/157/1 406/158/1 399/159/1
f 383/157/1 399/159/1 362/160/1
f 362/160/1 399/159/1 389/161/1
f 362/160/1 389/161/1 370/162/1
f 362/160/1 370/162/1 340/163/1
f 340/163/1 370/162/1 336/164/1
f 340/163/1 336/164/1 314/165/1
f 314/165/1 336/164/1 303/127/1
f 314/165/1 303/127/1 282/129/1
f 252/166/35 267/167/36 282/168/37
f 282/169/37 267/170/36 313/171/38
f 267/167/36 252/166/35 234/172/39
f 234/172/39 252/166/35 224/173/40
f 234/172/39 224/173/40 197/174/41
f 197/174/41 224/173/40 198/175/42
f 197/174/41 198/175/42 180/176/43
f 197/174/41 180/176/43 176/177/44
f 176/177/44 180/176/43 174/178/45
f 176/177/44 174/178/45 173/179/46
f 173/179/46 174/178/45 175/180/47
f 173/179/46 175/180/47 179/181/48
f 179/181/48 175/180/47 196/182/49
f 179/181/48 196/182/49 213/183/50
f 213/183/50 196/182/49 233/184/51
f 213/183/50 233/184/51 232/185/52
f 232/185/52 233/184/51 266/186/53
f 232/185/52 266/186/53 280/187/54
f 280/187/54 266/186/53 300/188/55
f 280/187/54 300/188/55 312/189/56
f 312/189/56 300/188/55 327/190/57
f 312/189/56 327/190/57 339/191/58
f 339/191/58 327/190/57 353/192/59
f 339/191/58 353/192/59 372/193/60
f 339/191/58 372/193/60 371/194/61
f 371/194/61 372/193/60 383/195/62
f 371/194/61 383/195/62 382/196/63
f 382/196/63 383/195/62 362/197/64
f 382/196/63 362/197/64 373/198/65
f 373/198/65 362/197/64 354/199/66
f 354/199/66 362/197/64 340/200/67
f 354/199/66 340/200/67 313/171/38
f 313/171/38 340/200/67 314/201/68
f 313/171/38 314/201/68 282/169/37
f 185/202/69 262/203/2 221/204/2
f 185/202/69 221/204/2 157/205/2
f 185/202/69 157/205/2 137/206/2
f 137/206/2 157/205/2 131/207/2
f 137/206/2 131/207/2 132/208/2
f 132/208/2 131/207/2 130/209/70
f 130/209/70 131/207/2 129/210/71
f 185/202/69 273/211/72 355/212/2
f 185/202/69 355/212/2 387/213/2
f 185/202/69 387/213/2 417/214/2
f 185/202/69 417/214/2 418/215/2
f 418/215/2 419/216/2 185/202/69
f 185/202/69 419/216/2 412/217/2
f 412/217/2 364/218/2 185/202/69
f 185/202/69 364/218/2 325/219/2
f 325/219/2 262/203/2 185/202/69
f 472/220/2 470/221/2 422/222/2
f 422/222/2 470/221/2 420/223/2
f 472/224/73 422/225/73 473/226/73
f 473/226/73 422/225/73 423/227/73
f 473/228/74 471/229/74 472/230/74
f 472/230/74 471/229/74 470/231/74
f 421/229/75 423/232/75 420/231/75
f 420/231/75 423/232/75 422/233/75
f 471/228/76 421/229/76 470/230/76
f 470/230/76 421/229/76 420/231/76
f 471/234/1 444/235/1 421/236/1
f 421/236/1 444/235/1 433/237/1
f 473/238/1 468/239/1 471/234/1
f 471/234/1 468/239/1 466/240/1
f 423/241/1 445/242/1 473/238/1
f 421/236/1 424/243/1 423/241/1
f 423/241/1 424/243/1 427/244/1
f 445/242/1 460/245/1 473/238/1
f 473/238/1 460/245/1 465/246/1
f 473/238/1 465/246/1 468/239/1
f 471/234/1 466/240/1 461/247/1
f 471/234/1 461/247/1 459/248/1
f 459/248/1 444/235/1 471/234/1
f 421/236/1 433/237/1 429/249/1
f 429/249/1 424/243/1 421/236/1
f 423/241/1 427/244/1 431/250/1
f 423/241/1 431/250/1 435/251/1
f 423/241/1 435/251/1 445/242/1
f 449/252/1 447/253/1 452/254/1
f 452/254/1 447/253/1 453/255/77
f 452/254/1 453/255/77 458/256/78
f 447/253/1 449/252/1 441/257/1
f 441/257/1 449/252/1 442/258/79
f 441/257/1 442/258/79 437/259/80
f 531/260/69 606/261/2 563/262/2
f 531/260/69 563/262/2 501/263/2
f 531/260/69 501/263/2 483/264/2
f 483/264/2 501/263/2 476/265/2
f 483/264/2 476/265/2 477/266/2
f 477/266/2 476/265/2 475/267/81
f 475/267/81 476/265/2 474/268/71
f 531/260/69 614/269/82 695/270/2
f 531/260/69 695/270/2 728/271/2
f 531/260/69 728/271/2 757/272/2
f 531/260/69 757/272/2 758/273/2
f 758/273/2 759/274/2 531/260/69
f 531/260/69 759/274/2 753/275/2
f 753/275/2 703/276/2 531/260/69
f 531/260/69 703/276/2 667/277/2
f 667/277/2 606/261/2 531/260/69
f 595/166/83 594/278/84 624/168/85
f 624/168/85 594/278/84 623/279/86
f 624/169/85 623/170/86 656/280/87
f 594/278/84 595/166/83 568/173/88
f 594/278/84 568/173/88 567/281/89
f 567/281/89 568/173/88 544/175/90
f 567/281/89 544/175/90 533/282/91
f 533/282/91 544/175/90 523/283/92
f 533/282/91 523/283/92 519/284/93
f 519/284/93 523/283/92 517/178/94
f 519/284/93 517/178/94 516/179/95
f 516/179/95 517/178/94 518/180/96
f 516/179/95 518/180/96 522/285/97
f 522/285/97 518/180/96 543/286/98
f 522/285/97 543/286/98 542/287/99
f 542/287/99 543/286/98 566/288/100
f 542/287/99 566/288/100 577/185/101
f 577/185/101 566/288/100 608/186/102
f 577/185/101 608/186/102 621/187/103
f 621/187/103 608/186/102 642/289/104
f 621/187/103 642/289/104 655/189/105
f 655/189/105 642/289/104 680/290/106
f 655/189/105 680/290/106 679/191/107
f 679/191/107 680/290/106 713/193/108
f 679/191/107 713/193/108 712/194/109
f 712/194/109 713/193/108 724/291/110
f 712/194/109 724/291/110 725/196/111
f 725/196/111 724/291/110 715/292/112
f 725/196/111 715/292/112 714/293/113
f 714/293/113 715/292/112 682/294/114
f 714/293/113 682/294/114 681/295/115
f 681/295/115 682/294/114 657/201/116
f 681/295/115 657/201/116 656/280/87
f 656/280/87 657/201/116 624/169/85
f 644/127/1 591/128/1 624/129/1
f 624/129/1 591/128/1 595/130/1
f 595/130/1 591/128/1 534/296/1
f 595/130/1 534/296/1 568/132/1
f 568/132/1 534/296/1 544/134/1
f 544/134/1 534/296/1 510/297/1
f 544/134/1 510/297/1 504/298/1
f 544/134/1 504/298/1 523/136/1
f 523/136/1 504/298/1 494/299/1
f 523/136/1 494/299/1 517/137/1
f 517/137/1 494/299/1 492/300/1
f 517/137/1 492/300/1 518/301/1
f 518/301/1 492/300/1 500/302/1
f 518/301/1 500/302/1 543/303/1
f 543/303/1 500/302/1 514/143/1
f 543/303/1 514/143/1 566/304/1
f 566/304/1 514/143/1 545/144/1
f 566/304/1 545/144/1 576/146/1
f 566/304/1 576/146/1 608/147/1
f 608/147/1 576/146/1 636/305/1
f 608/147/1 636/305/1 642/306/1
f 642/306/1 636/305/1 687/307/1
f 642/306/1 687/307/1 680/308/1
f 680/308/1 687/307/1 717/309/1
f 680/308/1 717/309/1 733/310/1
f 680/308/1 733/310/1 713/155/1
f 713/155/1 733/310/1 741/311/1
f 713/155/1 741/311/1 724/312/1
f 724/312/1 741/311/1 746/158/1
f 724/312/1 746/158/1 715/313/1
f 715/313/1 746/158/1 735/314/1
f 715/313/1 735/314/1 682/315/1
f 682/315/1 735/314/1 710/316/1
f 682/315/1 710/316/1 675/164/1
f 682/315/1 675/164/1 657/165/1
f 657/165/1 675/164/1 644/127/1
f 657/165/1 644/127/1 624/129/1
f 765/317/1 767/318/1 761/319/1
f 761/319/1 767/318/1 763/320/1
f 760/321/2 762/322/2 764/323/2
f 764/323/2 762/322/2 766/324/2
f 765/325/76 761/326/76 764/327/76
f 764/327/76 761/326/76 760/328/76
f 767/329/74 765/326/74 766/330/74
f 766/330/74 765/326/74 764/328/74
f 763/326/73 767/331/73 762/328/73
f 762/328/73 767/331/73 766/332/73
f 761/326/75 763/333/75 760/328/75
f 760/328/75 763/333/75 762/334/75
f 817/335/1 819/336/1 813/337/1
f 813/337/1 819/336/1 815/338/1
f 812/339/2 814/340/2 816/341/2
f 816/341/2 814/340/2 818/342/2
f 817/343/76 813/326/76 816/344/76
f 816/344/76 813/326/76 812/328/76
f 819/345/74 817/326/74 818/346/74
f 818/346/74 817/326/74 816/328/74
f 815/326/73 819/347/73 814/328/73
f 814/328/73 819/347/73 818/348/73
f 813/326/75 815/349/75 812/328/75
f 812/328/75 815/349/75 814/350/75
usemtl 255,223,147.008
f 79/351/117 78/352/118 91/353/119
f 91/353/119 78/352/118 90/354/120
f 91/355/119 90/356/120 97/357/121
f 78/352/118 79/351/117 71/358/122
f 78/352/118 71/358/122 70/359/123
f 70/359/123 71/358/122 66/360/124
f 70/359/123 66/360/124 65/361/125
f 65/361/125 66/360/124 69/362/126
f 65/361/125 69/362/126 75/363/127
f 75/363/127 69/362/126 77/364/128
f 75/363/127 77/364/128 84/365/129
f 75/363/127 84/365/129 83/366/130
f 83/366/130 84/365/129 89/367/131
f 89/367/131 84/365/129 96/368/132
f 89/367/131 96/368/132 101/369/133
f 101/369/133 96/368/132 105/370/134
f 101/369/133 105/370/134 114/371/135
f 101/369/133 114/371/135 113/372/136
f 113/372/136 114/371/135 115/373/137
f 115/373/137 114/371/135 116/374/138
f 115/373/137 116/374/138 102/375/139
f 115/373/137 102/375/139 106/376/140
f 106/376/140 102/375/139 97/357/121
f 97/357/121 102/375/139 91/355/119
f 86/377/141 82/352/142 93/354/143
f 86/378/141 93/356/143 100/379/144
f 100/379/144 93/356/143 99/380/145
f 86/377/141 76/381/146 82/352/142
f 82/352/142 76/381/146 74/359/147
f 74/359/147 76/381/146 68/382/148
f 74/359/147 68/382/148 67/383/149
f 67/383/149 68/382/148 73/362/150
f 67/383/149 73/362/150 72/384/151
f 72/384/151 73/362/150 81/364/152
f 72/384/151 81/364/152 80/385/153
f 80/385/153 81/364/152 85/365/154
f 80/385/153 85/365/154 92/367/155
f 92/367/155 85/365/154 98/368/156
f 92/367/155 98/368/156 103/386/157
f 103/386/157 98/368/156 107/370/134
f 103/386/157 107/370/134 118/371/135
f 103/386/157 118/371/135 117/372/136
f 117/372/136 118/371/135 119/373/137
f 119/373/137 118/371/135 120/374/138
f 119/373/137 120/374/138 104/387/158
f 119/373/137 104/387/158 108/376/159
f 108/376/159 104/387/158 99/380/145
f 99/380/145 104/387/158 100/379/144
f 32/388/160 40/389/161 47/353/162
f 47/353/162 40/389/161 46/354/163
f 47/378/162 46/390/163 49/391/164
f 49/391/164 46/390/163 56/392/165
f 40/389/161 32/388/160 27/393/166
f 27/393/166 32/388/160 28/394/167
f 27/393/166 28/394/167 16/395/168
f 27/393/166 16/395/168 20/396/169
f 20/396/169 16/395/168 15/361/170
f 15/361/170 16/395/168 19/397/171
f 15/361/170 19/397/171 26/398/172
f 15/361/170 26/398/172 25/399/173
f 25/399/173 26/398/172 31/385/174
f 31/385/174 26/398/172 39/400/175
f 31/385/174 39/400/175 45/401/176
f 31/385/174 45/401/176 44/367/177
f 44/367/177 45/401/176 55/402/178
f 44/367/177 55/402/178 54/403/179
f 54/403/179 55/402/178 59/404/180
f 59/404/180 55/402/178 63/371/181
f 59/404/180 63/371/181 64/405/182
f 64/405/182 63/371/181 60/406/183
f 64/405/182 60/406/183 56/392/165
f 56/392/165 60/406/183 49/391/164
f 30/351/184 38/389/185 43/353/186
f 43/353/186 38/389/185 42/354/187
f 43/355/186 42/390/187 52/392/188
f 38/389/185 30/351/184 23/407/166
f 23/407/166 30/351/184 24/394/189
f 23/407/166 24/394/189 14/395/168
f 23/407/166 14/395/168 18/396/169
f 18/396/169 14/395/168 13/361/170
f 13/361/170 14/395/168 17/397/171
f 13/361/170 17/397/171 22/408/190
f 13/361/170 22/408/190 21/399/173
f 21/399/173 22/408/190 29/385/191
f 29/385/191 22/408/190 37/365/192
f 29/385/191 37/365/192 41/367/193
f 41/367/193 37/365/192 48/409/194
f 41/367/193 48/409/194 51/402/195
f 41/367/193 51/402/195 50/403/196
f 50/403/196 51/402/195 57/404/180
f 57/404/180 51/402/195 61/371/181
f 57/404/180 61/371/181 62/405/197
f 62/405/197 61/371/181 58/406/198
f 62/405/197 58/406/198 52/392/188
f 52/392/188 58/406/198 53/410/199
f 52/392/188 53/410/199 43/355/186
f 268/411/200 267/412/201 234/413/1
f 268/411/200 234/413/1 235/414/1
f 235/414/1 234/413/1 197/415/1
f 235/414/1 197/415/1 214/416/1
f 214/416/1 197/415/1 190/417/1
f 190/417/1 197/415/1 176/418/1
f 190/417/1 176/418/1 178/419/1
f 178/419/1 176/418/1 173/420/1
f 178/419/1 173/420/1 177/421/1
f 177/421/1 173/420/1 179/422/1
f 177/421/1 179/422/1 187/423/1
f 187/423/1 179/422/1 206/424/1
f 206/424/1 179/422/1 213/425/1
f 206/424/1 213/425/1 230/426/1
f 230/426/1 213/425/1 232/427/1
f 230/426/1 232/427/1 260/428/1
f 260/428/1 232/427/1 280/429/1
f 260/428/1 280/429/1 291/430/1
f 291/430/1 280/429/1 312/431/1
f 291/430/1 312/431/1 332/432/1
f 332/432/1 312/431/1 339/433/1
f 332/432/1 339/433/1 366/434/1
f 366/434/1 339/433/1 371/435/1
f 366/434/1 371/435/1 379/436/1
f 379/436/1 371/435/1 382/437/1
f 379/436/1 382/437/1 369/438/1
f 369/438/1 382/437/1 373/439/1
f 369/438/1 373/439/1 338/440/202
f 338/440/202 373/439/1 354/441/1
f 338/440/202 354/441/1 313/442/203
f 338/440/202 313/442/203 311/443/204
f 311/443/204 313/442/203 299/444/205
f 299/444/205 313/442/203 267/412/201
f 299/444/205 267/412/201 268/411/200
f 283/445/1 284/446/1 244/447/1
f 283/445/1 244/447/1 247/448/1
f 247/448/1 244/447/1 208/449/1
f 247/448/1 208/449/1 211/450/1
f 211/450/1 208/449/1 171/451/1
f 211/450/1 171/451/1 164/452/1
f 164/452/1 171/451/1 160/453/1
f 164/452/1 160/453/1 151/454/1
f 151/454/1 160/453/1 143/455/1
f 151/454/1 143/455/1 145/456/1
f 145/456/1 143/455/1 141/457/1
f 145/456/1 141/457/1 147/458/1
f 147/458/1 141/457/1 149/459/1
f 147/458/1 149/459/1 158/460/206
f 158/460/206 149/459/1 162/461/207
f 162/461/208 166/462/209 184/463/1
f 184/463/1 166/462/209 194/464/1
f 184/463/1 194/464/1 219/465/1
f 219/465/1 194/464/1 259/466/1
f 259/466/1 194/464/1 257/467/1
f 259/466/1 257/467/1 292/468/1
f 292/468/1 257/467/1 309/469/1
f 292/468/1 309/469/1 347/470/1
f 292/468/1 347/470/1 346/471/1
f 346/471/1 347/470/1 380/472/1
f 346/471/1 380/472/1 377/473/1
f 377/473/1 380/472/1 391/474/1
f 377/473/1 391/474/1 390/475/1
f 390/475/1 391/474/1 403/476/1
f 390/475/1 403/476/1 405/477/1
f 405/477/1 403/476/1 407/478/1
f 405/477/1 407/478/1 402/479/1
f 402/479/1 407/478/1 393/480/1
f 393/480/1 407/478/1 397/481/1
f 393/480/1 397/481/1 384/482/1
f 384/482/1 397/481/1 385/483/1
f 384/482/1 385/483/1 335/484/1
f 335/484/1 385/483/1 356/485/1
f 335/484/1 356/485/1 319/486/1
f 335/484/1 319/486/1 283/445/1
f 283/445/1 319/486/1 284/446/1
f 279/487/1 294/488/1 258/489/1
f 279/487/1 258/489/1 223/490/1
f 223/490/1 258/489/1 195/491/1
f 223/490/1 195/491/1 183/492/1
f 183/492/1 195/491/1 163/493/1
f 183/492/1 163/493/1 154/494/1
f 154/494/1 163/493/1 139/495/1
f 139/495/1 163/493/1 150/496/1
f 139/495/1 150/496/1 134/497/1
f 134/497/1 150/496/1 142/498/1
f 134/497/1 142/498/1 144/499/1
f 134/497/1 144/499/1 136/500/1
f 136/500/1 144/499/1 161/501/1
f 136/500/1 161/501/1 156/502/1
f 156/502/1 161/501/1 172/503/1
f 156/502/1 172/503/1 169/504/1
f 169/504/1 172/503/1 209/505/1
f 169/504/1 209/505/1 204/506/1
f 204/506/1 209/505/1 245/507/1
f 204/506/1 245/507/1 242/508/1
f 242/508/1 245/507/1 285/509/1
f 242/508/1 285/509/1 287/510/1
f 287/510/1 285/509/1 323/511/1
f 323/511/1 285/509/1 320/512/1
f 323/511/1 320/512/1 359/513/1
f 359/513/1 320/512/1 374/514/1
f 359/513/1 374/514/1 396/515/1
f 396/515/1 374/514/1 398/516/1
f 396/515/1 398/516/1 411/517/1
f 411/517/1 398/516/1 408/518/1
f 411/517/1 408/518/1 416/519/1
f 416/519/1 408/518/1 404/520/1
f 416/519/1 404/520/1 413/521/1
f 413/521/1 404/520/1 392/522/1
f 413/521/1 392/522/1 395/523/1
f 395/523/1 392/522/1 381/524/1
f 395/523/1 381/524/1 357/525/1
f 357/525/1 381/524/1 348/526/1
f 357/525/1 348/526/1 321/527/1
f 321/527/1 348/526/1 294/488/1
f 321/527/1 294/488/1 279/487/1
f 223/528/210 240/529/211 279/530/212
f 279/531/212 240/532/211 304/533/213
f 279/531/212 304/533/213 321/534/214
f 321/534/214 304/533/213 341/535/215
f 321/534/214 341/535/215 357/536/216
f 357/536/216 341/535/215 378/537/217
f 357/536/216 378/537/217 395/538/218
f 395/538/218 378/537/217 394/539/219
f 395/538/218 394/539/219 409/540/220
f 395/538/218 409/540/220 413/541/221
f 413/541/221 409/540/220 414/542/222
f 413/541/221 414/542/222 416/543/223
f 416/543/223 414/542/222 415/544/224
f 416/543/223 415/544/224 411/545/225
f 411/545/225 415/544/224 410/546/226
f 411/545/225 410/546/226 396/547/227
f 396/547/227 410/546/226 401/548/228
f 396/547/227 401/548/228 388/549/229
f 396/547/227 388/549/229 359/550/230
f 359/550/230 388/549/229 358/551/231
f 359/550/230 358/551/231 323/552/232
f 323/552/232 358/551/231 322/553/233
f 323/552/232 322/553/233 287/554/234
f 287/554/234 322/553/233 286/555/235
f 287/554/234 286/555/235 242/556/236
f 242/556/236 286/555/235 241/557/237
f 242/556/236 241/557/237 204/558/238
f 204/558/238 241/557/237 203/559/239
f 204/558/238 203/559/239 169/560/240
f 169/560/240 203/559/239 168/561/241
f 169/560/240 168/561/241 156/562/242
f 156/562/242 168/561/241 155/563/243
f 156/562/242 155/563/243 136/564/244
f 136/564/244 155/563/243 140/565/245
f 136/564/244 140/565/245 135/566/246
f 136/564/244 135/566/246 134/567/247
f 134/567/247 135/566/246 133/568/248
f 134/567/247 133/568/248 139/569/249
f 139/569/249 133/568/248 138/570/250
f 139/569/249 138/570/250 154/571/251
f 154/571/251 138/570/250 153/572/252
f 154/571/251 153/572/252 167/573/253
f 154/571/251 167/573/253 183/574/254
f 183/574/254 167/573/253 202/575/255
f 183/574/254 202/575/255 223/528/210
f 223/528/210 202/575/255 240/529/211
f 262/576/256 240/577/257 221/578/258
f 221/578/258 240/577/257 202/579/259
f 221/578/258 202/579/259 157/580/260
f 157/580/260 202/579/259 167/581/261
f 157/580/260 167/581/261 153/582/262
f 157/580/260 153/582/262 131/583/263
f 131/583/263 153/582/262 138/584/264
f 131/583/263 138/584/264 133/585/265
f 131/583/263 133/585/265 129/586/71
f 129/586/71 133/585/265 135/587/266
f 129/586/71 135/587/266 130/588/70
f 130/588/70 135/587/266 140/589/267
f 130/588/70 140/589/267 132/590/268
f 132/590/268 140/589/267 155/591/269
f 132/590/268 155/591/269 137/592/270
f 137/592/270 155/591/269 168/593/271
f 137/592/270 168/593/271 185/594/69
f 185/594/69 168/593/271 203/595/272
f 185/594/69 203/595/272 241/596/273
f 185/594/69 241/596/273 273/597/72
f 273/597/72 241/596/273 286/598/274
f 273/597/72 286/598/274 322/599/275
f 273/597/72 322/599/275 355/600/276
f 355/600/276 322/599/275 358/601/277
f 355/600/276 358/601/277 387/602/278
f 387/602/278 358/601/277 388/603/279
f 387/602/278 388/603/279 401/604/280
f 387/602/278 401/604/280 417/605/281
f 417/605/281 401/604/280 410/606/282
f 417/605/281 410/606/282 418/607/283
f 418/607/283 410/606/282 415/608/284
f 418/607/283 415/608/284 419/609/285
f 419/609/285 415/608/284 414/610/286
f 419/609/285 414/610/286 412/611/287
f 412/611/287 414/610/286 409/612/288
f 412/611/287 409/612/288 394/613/289
f 412/611/287 394/613/289 364/614/290
f 364/614/290 394/613/289 378/615/291
f 364/614/290 378/615/291 341/616/292
f 364/614/290 341/616/292 325/617/293
f 325/617/293 341/616/292 304/618/294
f 325/617/293 304/618/294 262/619/256
f 262/619/256 304/618/294 240/620/257
f 245/621/295 244/622/296 285/623/297
f 285/623/297 244/622/296 284/624/298
f 285/625/297 284/626/298 320/627/299
f 320/627/299 284/626/298 319/628/300
f 320/627/299 319/628/300 356/629/301
f 320/627/299 356/629/301 374/630/302
f 374/630/302 356/629/301 385/631/303
f 374/630/302 385/631/303 398/632/304
f 398/632/304 385/631/303 397/633/305
f 398/632/304 397/633/305 408/634/306
f 408/634/306 397/633/305 407/635/307
f 408/634/306 407/635/307 404/636/308
f 404/636/308 407/635/307 403/637/309
f 404/636/308 403/637/309 392/638/310
f 392/638/310 403/637/309 391/639/311
f 392/638/310 391/639/311 381/640/312
f 381/640/312 391/639/311 380/641/313
f 381/640/312 380/641/313 348/642/314
f 348/642/314 380/641/313 347/643/315
f 348/642/314 347/643/315 294/644/316
f 294/644/316 347/643/315 309/645/317
f 294/644/316 309/645/317 257/646/318
f 294/644/316 257/646/318 258/647/319
f 258/647/319 257/646/318 195/648/320
f 195/648/320 257/646/318 194/649/321
f 195/648/320 194/649/321 163/650/322
f 163/650/322 194/649/321 166/651/209
f 163/650/322 166/651/209 162/652/208
f 163/650/322 162/652/208 150/653/323
f 150/653/323 162/652/208 149/654/324
f 150/653/323 149/654/324 142/655/325
f 142/655/325 149/654/324 141/656/326
f 142/655/325 141/656/326 144/657/327
f 144/657/327 141/656/326 143/658/328
f 144/657/327 143/658/328 161/659/329
f 161/659/329 143/658/328 160/660/330
f 161/659/329 160/660/330 172/661/331
f 172/661/331 160/660/330 171/662/332
f 172/661/331 171/662/332 209/663/333
f 209/663/333 171/662/332 208/664/334
f 209/663/333 208/664/334 245/621/295
f 245/621/295 208/664/334 244/622/296
f 247/665/335 248/666/336 283/667/337
f 283/668/337 248/669/336 303/670/338
f 283/668/337 303/670/338 335/671/339
f 335/671/339 303/670/338 336/672/340
f 335/671/339 336/672/340 370/673/341
f 335/671/339 370/673/341 384/674/342
f 384/674/342 370/673/341 389/675/343
f 384/674/342 389/675/343 393/676/344
f 393/676/344 389/675/343 399/677/345
f 393/676/344 399/677/345 402/678/346
f 402/678/346 399/677/345 406/679/347
f 402/678/346 406/679/347 405/680/348
f 405/680/348 406/679/347 400/681/349
f 405/680/348 400/681/349 390/682/350
f 390/682/350 400/681/349 386/683/351
f 390/682/350 386/683/351 377/684/352
f 377/684/352 386/683/351 361/685/353
f 377/684/352 361/685/353 346/686/354
f 346/686/354 361/685/353 329/687/355
f 346/686/354 329/687/355 292/688/356
f 292/688/356 329/687/355 293/689/357
f 292/688/356 293/689/357 259/690/358
f 259/690/358 293/689/357 231/691/359
f 259/690/358 231/691/359 219/692/360
f 219/692/360 231/691/359 200/693/361
f 219/692/360 200/693/361 184/694/362
f 184/694/362 200/693/361 170/695/363
f 184/694/362 170/695/363 162/696/207
f 162/696/207 170/695/363 158/697/206
f 158/697/206 170/695/363 159/698/364
f 158/697/206 159/698/364 147/699/365
f 147/699/365 159/698/364 148/700/366
f 147/699/365 148/700/366 145/701/367
f 145/701/367 148/700/366 146/702/368
f 145/701/367 146/702/368 151/703/369
f 151/703/369 146/702/368 152/704/370
f 151/703/369 152/704/370 164/705/371
f 164/705/371 152/704/370 165/706/372
f 164/705/371 165/706/372 211/707/373
f 211/707/373 165/706/372 212/708/374
f 211/707/373 212/708/374 247/665/335
f 247/665/335 212/708/374 248/666/336
f 590/665/375 591/666/376 625/667/377
f 625/668/377 591/669/376 644/670/378
f 625/668/377 644/670/378 674/709/379
f 674/709/379 644/670/378 675/672/380
f 674/709/379 675/672/380 709/710/381
f 709/710/381 675/672/380 710/711/382
f 709/710/381 710/711/382 731/712/383
f 731/712/383 710/711/382 735/713/384
f 731/712/383 735/713/384 739/714/385
f 739/714/385 735/713/384 745/715/386
f 745/715/386 735/713/384 746/716/387
f 745/715/386 746/716/387 740/717/388
f 740/717/388 746/716/387 741/718/389
f 740/717/388 741/718/389 732/719/390
f 732/719/390 741/718/389 733/720/391
f 732/719/390 733/720/391 716/684/392
f 716/684/392 733/720/391 717/721/393
f 716/684/392 717/721/393 686/686/394
f 686/686/394 717/721/393 687/722/395
f 686/686/394 687/722/395 635/688/396
f 635/688/396 687/722/395 636/723/397
f 635/688/396 636/723/397 603/690/398
f 603/690/398 636/723/397 576/691/399
f 603/690/398 576/691/399 561/692/360
f 561/692/360 576/691/399 545/693/361
f 561/692/360 545/693/361 528/694/400
f 528/694/400 545/693/361 514/695/401
f 528/694/400 514/695/401 505/724/402
f 505/724/402 514/695/401 500/725/403
f 505/724/402 500/725/403 491/726/404
f 491/726/404 500/725/403 492/727/405
f 491/726/404 492/727/405 493/728/406
f 493/728/406 492/727/405 494/729/407
f 493/728/406 494/729/407 504/730/408
f 493/728/406 504/730/408 507/731/409
f 507/731/409 504/730/408 510/732/410
f 507/731/409 510/732/410 515/733/411
f 515/733/411 510/732/410 534/734/412
f 515/733/411 534/734/412 556/707/413
f 556/707/413 534/734/412 590/665/375
f 590/665/375 534/734/412 591/666/376
f 587/621/295 586/622/296 627/623/414
f 627/623/414 586/622/296 626/624/415
f 627/625/414 626/626/415 662/735/416
f 662/735/416 626/626/415 661/628/417
f 662/735/416 661/628/417 697/736/418
f 697/736/418 661/628/417 696/629/419
f 697/736/418 696/629/419 727/737/420
f 727/737/420 696/629/419 726/738/421
f 727/737/420 726/738/421 743/739/422
f 743/739/422 726/738/421 742/740/423
f 743/739/422 742/740/423 748/741/424
f 748/741/424 742/740/423 747/742/425
f 748/741/424 747/742/425 734/743/426
f 734/743/426 747/742/425 738/744/427
f 734/743/426 738/744/427 722/745/428
f 734/743/426 722/745/428 723/640/429
f 723/640/429 722/745/428 689/642/430
f 689/642/430 722/745/428 688/746/431
f 689/642/430 688/746/431 637/644/316
f 637/644/316 688/746/431 651/645/432
f 637/644/316 651/645/432 601/646/433
f 637/644/316 601/646/433 602/647/434
f 602/647/434 601/646/433 559/747/435
f 559/747/435 601/646/433 541/748/436
f 559/747/435 541/748/436 520/749/437
f 520/749/437 541/748/436 511/651/438
f 520/749/437 511/651/438 503/750/439
f 503/750/439 511/651/438 502/751/440
f 503/750/439 502/751/440 490/752/441
f 490/752/441 502/751/440 489/753/442
f 490/752/441 489/753/442 488/754/443
f 488/754/443 489/753/442 487/755/444
f 488/754/443 487/755/444 499/756/445
f 499/756/445 487/755/444 498/757/446
f 499/756/445 498/757/446 509/758/447
f 509/758/447 498/757/446 508/759/448
f 509/758/447 508/759/448 554/663/449
f 554/663/449 508/759/448 553/664/450
f 554/663/449 553/664/450 587/621/295
f 587/621/295 553/664/450 586/622/296
f 583/760/451 606/576/452 619/761/453
f 606/576/452 583/760/451 563/578/454
f 563/578/454 583/760/451 548/762/455
f 563/578/454 548/762/455 501/763/260
f 501/763/260 548/762/455 512/764/261
f 501/763/260 512/764/261 495/582/262
f 501/763/260 495/582/262 476/583/263
f 476/583/263 495/582/262 484/765/456
f 476/583/263 484/765/456 478/585/265
f 476/583/263 478/585/265 474/586/71
f 474/586/71 478/585/265 480/766/266
f 474/586/71 480/766/266 475/767/81
f 475/767/81 480/766/266 485/589/457
f 475/767/81 485/589/457 477/768/268
f 477/768/268 485/589/457 497/769/269
f 477/768/268 497/769/269 483/592/458
f 483/592/458 497/769/269 513/770/459
f 483/592/458 513/770/459 531/594/69
f 531/594/69 513/770/459 549/771/272
f 531/594/69 549/771/272 584/596/273
f 531/594/69 584/596/273 614/597/82
f 614/597/82 584/596/273 628/598/274
f 614/597/82 628/598/274 664/599/275
f 614/597/82 664/599/275 695/600/460
f 695/600/460 664/599/275 699/601/277
f 695/600/460 699/601/277 728/602/278
f 728/602/278 699/601/277 729/603/461
f 728/602/278 729/603/461 744/604/280
f 728/602/278 744/604/280 757/605/462
f 757/605/462 744/604/280 751/606/463
f 757/605/462 751/606/463 758/772/464
f 758/772/464 751/606/463 755/773/465
f 758/772/464 755/773/465 759/609/285
f 759/609/285 755/773/465 754/610/286
f 759/609/285 754/610/286 753/611/287
f 753/611/287 754/610/286 749/612/288
f 753/611/287 749/612/288 736/613/289
f 753/611/287 736/613/289 703/614/466
f 703/614/466 736/613/289 718/615/291
f 703/614/466 718/615/291 683/616/292
f 703/614/466 683/616/292 667/774/467
f 667/774/467 683/616/292 645/618/468
f 667/774/467 645/618/468 606/619/452
f 606/619/452 645/618/468 619/620/453
f 564/528/469 583/775/470 620/530/471
f 620/530/471 583/775/470 619/776/472
f 620/531/471 619/532/472 645/533/473
f 620/531/471 645/533/473 663/777/474
f 663/777/474 645/533/473 683/535/475
f 663/777/474 683/535/475 719/778/476
f 719/778/476 683/535/475 718/537/477
f 719/778/476 718/537/477 737/779/478
f 737/779/478 718/537/477 736/539/479
f 737/779/478 736/539/479 750/780/480
f 750/780/480 736/539/479 749/540/481
f 750/780/480 749/540/481 754/781/482
f 750/780/480 754/781/482 756/782/483
f 756/782/483 754/781/482 755/544/484
f 756/782/483 755/544/484 752/783/485
f 752/783/485 755/544/484 751/546/486
f 752/783/485 751/546/486 730/784/487
f 730/784/487 751/546/486 744/548/488
f 730/784/487 744/548/488 729/785/489
f 730/784/487 729/785/489 700/786/490
f 700/786/490 729/785/489 699/551/491
f 700/786/490 699/551/491 665/552/492
f 665/552/492 699/551/491 664/553/233
f 665/552/492 664/553/233 629/554/493
f 629/554/493 664/553/233 628/787/494
f 629/554/493 628/787/494 565/788/495
f 565/788/495 628/787/494 584/557/496
f 565/788/495 584/557/496 549/789/497
f 565/788/495 549/789/497 527/790/498
f 527/790/498 549/789/497 513/791/499
f 527/790/498 513/791/499 506/792/500
f 506/792/500 513/791/499 497/563/501
f 506/792/500 497/563/501 486/793/502
f 486/793/502 497/563/501 485/794/503
f 486/793/502 485/794/503 482/795/504
f 482/795/504 485/794/503 480/566/505
f 482/795/504 480/566/505 479/796/506
f 479/796/506 480/566/505 478/568/507
f 479/796/506 478/568/507 481/797/508
f 481/797/508 478/568/507 484/570/509
f 481/797/508 484/570/509 496/798/510
f 496/798/510 484/570/509 495/572/252
f 496/798/510 495/572/252 512/799/253
f 496/798/510 512/799/253 526/574/511
f 526/574/511 512/799/253 548/575/512
f 526/574/511 548/575/512 564/528/469
f 564/528/469 548/575/512 583/775/470
f 620/487/1 637/488/1 602/489/1
f 620/487/1 602/489/1 564/490/1
f 564/490/1 602/489/1 559/800/1
f 564/490/1 559/800/1 526/492/1
f 526/492/1 559/800/1 520/801/1
f 526/492/1 520/801/1 496/802/1
f 496/802/1 520/801/1 503/803/1
f 496/802/1 503/803/1 481/804/1
f 481/804/1 503/803/1 490/805/1
f 481/804/1 490/805/1 479/806/1
f 479/806/1 490/805/1 488/807/1
f 479/806/1 488/807/1 482/808/1
f 482/808/1 488/807/1 499/809/1
f 482/808/1 499/809/1 486/810/1
f 486/810/1 499/809/1 509/811/1
f 486/810/1 509/811/1 506/812/1
f 506/812/1 509/811/1 527/813/1
f 527/813/1 509/811/1 554/505/1
f 527/813/1 554/505/1 565/814/1
f 565/814/1 554/505/1 587/507/1
f 565/814/1 587/507/1 627/509/1
f 565/814/1 627/509/1 629/510/1
f 629/510/1 627/509/1 665/511/1
f 665/511/1 627/509/1 662/815/1
f 665/511/1 662/815/1 700/816/1
f 700/816/1 662/815/1 697/817/1
f 700/816/1 697/817/1 730/818/1
f 730/818/1 697/817/1 727/819/1
f 730/818/1 727/819/1 752/820/1
f 752/820/1 727/819/1 743/821/1
f 752/820/1 743/821/1 756/822/1
f 756/822/1 743/821/1 748/823/1
f 756/822/1 748/823/1 750/824/1
f 750/824/1 748/823/1 734/825/1
f 750/824/1 734/825/1 737/826/1
f 737/826/1 734/825/1 723/524/1
f 737/826/1 723/524/1 719/827/1
f 719/827/1 723/524/1 689/526/1
f 719/827/1 689/526/1 663/828/1
f 663/828/1 689/526/1 637/488/1
f 663/828/1 637/488/1 620/487/1
f 625/445/1 626/446/1 586/447/1
f 625/445/1 586/447/1 590/448/1
f 590/448/1 586/447/1 553/829/1
f 590/448/1 553/829/1 556/450/1
f 556/450/1 553/829/1 508/830/1
f 556/450/1 508/830/1 515/831/1
f 515/831/1 508/830/1 507/832/1
f 507/832/1 508/830/1 498/833/1
f 507/832/1 498/833/1 493/834/1
f 493/834/1 498/833/1 487/835/1
f 493/834/1 487/835/1 491/836/1
f 491/836/1 487/835/1 489/837/1
f 491/836/1 489/837/1 505/838/1
f 505/838/1 489/837/1 502/839/1
f 505/838/1 502/839/1 511/462/1
f 505/838/1 511/462/1 528/840/1
f 528/840/1 511/462/1 541/841/1
f 528/840/1 541/841/1 561/465/1
f 561/465/1 541/841/1 603/466/1
f 603/466/1 541/841/1 601/467/1
f 603/466/1 601/467/1 635/468/1
f 635/468/1 601/467/1 651/469/1
f 635/468/1 651/469/1 688/470/1
f 635/468/1 688/470/1 686/471/1
f 686/471/1 688/470/1 722/842/1
f 686/471/1 722/842/1 716/473/1
f 716/473/1 722/842/1 732/843/1
f 732/843/1 722/842/1 738/844/1
f 732/843/1 738/844/1 740/845/1
f 740/845/1 738/844/1 747/846/1
f 740/845/1 747/846/1 745/847/1
f 745/847/1 747/846/1 742/848/1
f 745/847/1 742/848/1 739/849/1
f 739/849/1 742/848/1 731/850/1
f 731/850/1 742/848/1 726/851/1
f 731/850/1 726/851/1 709/852/1
f 709/852/1 726/851/1 696/485/1
f 709/852/1 696/485/1 674/853/1
f 674/853/1 696/485/1 661/854/1
f 674/853/1 661/854/1 625/445/1
f 625/445/1 661/854/1 626/446/1
f 609/855/513 623/129/514 594/130/1
f 609/855/513 594/130/1 570/856/1
f 570/856/1 594/130/1 567/857/1
f 570/856/1 567/857/1 533/858/1
f 570/856/1 533/858/1 546/859/1
f 546/859/1 533/858/1 530/860/1
f 530/860/1 533/858/1 519/861/1
f 530/860/1 519/861/1 521/862/1
f 521/862/1 519/861/1 516/420/1
f 521/862/1 516/420/1 522/863/1
f 521/862/1 522/863/1 532/423/1
f 532/423/1 522/863/1 542/864/1
f 532/423/1 542/864/1 551/865/1
f 551/865/1 542/864/1 577/427/1
f 551/865/1 577/427/1 588/866/1
f 588/866/1 577/427/1 621/429/1
f 588/866/1 621/429/1 633/430/1
f 633/430/1 621/429/1 655/431/1
f 633/430/1 655/431/1 672/432/1
f 672/432/1 655/431/1 679/433/1
f 672/432/1 679/433/1 704/434/1
f 704/434/1 679/433/1 712/867/1
f 704/434/1 712/867/1 721/436/1
f 721/436/1 712/867/1 725/437/1
f 721/436/1 725/437/1 708/438/1
f 708/438/1 725/437/1 714/439/1
f 708/438/1 714/439/1 692/868/1
f 692/868/1 714/439/1 681/869/1
f 692/868/1 681/869/1 654/870/515
f 654/870/515 681/869/1 656/871/516
f 654/870/515 656/871/516 641/444/517
f 641/444/517 656/871/516 623/129/514
f 641/444/517 623/129/514 609/855/513
usemtl 255,255,255.008
f 277/872/518 265/873/519 289/874/520
f 270/875/521 281/876/522 269/877/523
f 298/878/524 308/879/525 274/880/526
f 274/880/526 308/879/525 295/881/527
f 295/881/527 308/879/525 307/882/528
f 277/883/518 306/884/529 271/885/530
f 271/885/530 306/884/529 298/878/524
f 298/878/524 324/886/531 308/879/525
f 308/879/525 324/886/531 331/887/532
f 308/879/525 331/887/532 330/888/533
f 330/888/533 349/889/534 337/890/535
f 337/890/535 349/889/534 338/891/536
f 289/892/520 306/884/529 277/883/518
f 315/893/537 334/894/538 324/886/531
f 324/886/531 334/894/538 344/895/539
f 344/895/539 363/896/540 352/897/541
f 352/897/541 363/896/540 365/898/542
f 365/898/542 363/896/540 375/899/543
f 365/898/542 375/899/543 369/900/544
f 351/901/545 367/902/546 363/896/540
f 363/896/540 367/902/546 376/903/547
f 363/896/540 376/903/547 375/899/543
f 375/899/543 376/903/547 379/904/548
f 345/905/549 350/906/550 367/902/546
f 367/902/546 350/906/550 368/907/551
f 368/907/551 360/908/552 376/903/547
f 376/903/547 360/908/552 366/909/553
f 302/910/554 297/911/555 326/912/556
f 326/912/556 297/911/555 317/913/557
f 326/912/556 317/913/557 333/914/558
f 333/914/558 317/913/557 342/915/559
f 342/915/559 317/913/557 328/916/560
f 342/915/559 328/916/560 343/917/561
f 265/918/519 275/919/562 289/892/520
f 289/892/520 275/919/562 302/910/554
f 297/911/555 301/920/563 317/913/557
f 317/913/557 301/920/563 305/921/564
f 317/913/557 305/921/564 328/916/560
f 328/916/560 305/921/564 316/922/565
f 316/922/565 291/923/566 332/924/567
f 278/925/568 264/926/569 288/927/570
f 288/927/570 264/926/569 276/928/571
f 276/928/571 261/929/572 290/930/573
f 290/930/573 261/929/572 260/931/574
f 290/930/573 260/931/574 291/923/566
f 265/918/519 255/932/575 275/919/562
f 275/919/562 255/932/575 254/933/576
f 254/933/576 253/934/577 264/926/569
f 264/926/569 253/934/577 251/935/578
f 251/935/578 246/936/579 261/929/572
f 261/929/572 246/936/579 230/937/580
f 261/929/572 230/937/580 260/931/574
f 255/932/575 238/938/581 254/933/576
f 254/933/576 238/938/581 228/939/582
f 229/940/583 217/941/584 226/942/585
f 226/942/585 217/941/584 207/943/586
f 226/942/585 207/943/586 220/944/587
f 220/944/587 207/943/586 206/945/588
f 199/946/589 188/947/590 207/943/586
f 207/943/586 188/947/590 189/948/591
f 265/918/519 256/949/592 255/932/575
f 215/950/593 191/951/594 192/952/595
f 192/952/595 191/951/594 182/953/596
f 192/952/595 182/953/596 188/947/590
f 188/947/590 182/953/596 181/954/597
f 193/955/598 205/956/599 186/957/600
f 186/957/600 190/958/601 178/959/602
f 277/960/518 256/949/592 265/918/519
f 218/961/603 222/962/604 205/956/599
f 205/956/599 222/962/604 201/963/605
f 201/963/605 214/964/606 190/958/601
f 269/877/523 268/965/607 236/966/608
f 236/966/608 268/965/607 235/967/609
f 236/966/608 235/967/609 225/968/610
f 225/968/610 235/967/609 214/964/606
f 225/968/610 214/964/606 201/963/605
f 201/963/605 190/958/601 186/957/600
f 186/957/600 178/959/602 182/953/596
f 182/953/596 178/959/602 181/954/597
f 181/954/597 178/959/602 177/969/611
f 181/954/597 177/969/611 189/948/591
f 189/948/591 177/969/611 187/970/612
f 189/948/591 187/970/612 207/943/586
f 207/943/586 187/970/612 206/945/588
f 220/944/587 206/945/588 230/937/580
f 220/944/587 230/937/580 246/936/579
f 290/930/573 291/923/566 316/922/565
f 316/922/565 332/924/567 343/917/561
f 343/917/561 332/924/567 360/908/552
f 360/908/552 332/924/567 366/909/553
f 376/903/547 366/909/553 379/904/548
f 375/899/543 379/904/548 369/900/544
f 365/898/542 369/900/544 349/889/534
f 349/889/534 369/900/544 338/891/536
f 337/890/535 338/891/536 310/971/613
f 310/971/613 338/891/536 311/972/204
f 310/971/613 311/972/204 299/973/205
f 269/877/523 299/974/205 268/965/607
f 263/975/614 271/885/530 298/878/524
f 274/880/526 263/975/614 298/878/524
f 272/976/615 274/977/526 295/978/527
f 296/979/616 272/980/615 295/881/527
f 296/979/616 295/881/527 307/882/528
f 270/875/521 272/976/615 296/981/616
f 299/982/205 269/877/523 281/876/522
f 281/983/522 270/984/521 296/979/616
f 281/983/522 296/979/616 310/971/613
f 310/971/613 296/979/616 307/882/528
f 277/960/518 271/985/530 256/949/592
f 256/949/592 271/985/530 263/986/614
f 256/949/592 263/986/614 249/987/617
f 249/987/617 263/986/614 250/988/618
f 239/989/619 243/990/620 222/962/604
f 222/962/604 243/990/620 236/966/608
f 222/962/604 236/966/608 225/968/610
f 237/991/621 227/992/622 215/950/593
f 215/950/593 227/992/622 216/993/623
f 216/993/623 193/955/598 191/951/594
f 191/951/594 193/955/598 186/957/600
f 191/951/594 186/957/600 182/953/596
f 254/933/576 228/939/582 229/940/583
f 254/933/576 229/940/583 253/934/577
f 253/934/577 229/940/583 226/942/585
f 297/911/555 278/925/568 288/927/570
f 297/911/555 288/927/570 301/920/563
f 301/920/563 288/927/570 276/928/571
f 301/920/563 276/928/571 305/921/564
f 305/921/564 276/928/571 290/930/573
f 306/884/529 289/892/520 302/910/554
f 306/884/529 302/910/554 318/994/624
f 318/994/624 302/910/554 326/912/556
f 333/914/558 342/915/559 350/906/550
f 350/906/550 342/915/559 343/917/561
f 350/906/550 343/917/561 360/908/552
f 324/886/531 344/895/539 331/887/532
f 331/887/532 344/895/539 352/897/541
f 352/897/541 365/898/542 349/889/534
f 310/971/613 299/973/205 281/983/522
f 308/879/525 330/888/533 307/882/528
f 330/888/533 337/890/535 307/882/528
f 307/882/528 337/890/535 310/971/613
f 306/884/529 315/893/537 298/878/524
f 315/893/537 324/886/531 298/878/524
f 331/887/532 352/897/541 330/888/533
f 352/897/541 349/889/534 330/888/533
f 334/894/538 351/901/545 344/895/539
f 351/901/545 363/896/540 344/895/539
f 306/884/529 318/994/624 315/893/537
f 318/994/624 326/912/556 315/893/537
f 315/893/537 326/912/556 334/894/538
f 326/912/556 345/905/549 334/894/538
f 334/894/538 345/905/549 351/901/545
f 345/905/549 367/902/546 351/901/545
f 368/907/551 376/903/547 367/902/546
f 345/905/549 326/912/556 333/914/558
f 350/906/550 345/905/549 333/914/558
f 368/907/551 350/906/550 360/908/552
f 328/916/560 316/922/565 343/917/561
f 302/910/554 275/919/562 278/925/568
f 297/911/555 302/910/554 278/925/568
f 316/922/565 305/921/564 290/930/573
f 275/919/562 254/933/576 278/925/568
f 254/933/576 264/926/569 278/925/568
f 264/926/569 251/935/578 276/928/571
f 251/935/578 261/929/572 276/928/571
f 253/934/577 226/942/585 251/935/578
f 226/942/585 220/944/587 251/935/578
f 251/935/578 220/944/587 246/936/579
f 228/939/582 210/995/625 229/940/583
f 229/940/583 210/995/625 217/941/584
f 210/995/625 199/946/589 217/941/584
f 199/946/589 207/943/586 217/941/584
f 255/932/575 237/991/621 238/938/581
f 237/991/621 215/950/593 238/938/581
f 238/938/581 215/950/593 228/939/582
f 228/939/582 215/950/593 210/995/625
f 215/950/593 192/952/595 210/995/625
f 210/995/625 192/952/595 199/946/589
f 181/954/597 189/948/591 188/947/590
f 192/952/595 188/947/590 199/946/589
f 237/991/621 255/932/575 256/949/592
f 191/951/594 215/950/593 216/993/623
f 256/949/592 249/987/617 237/991/621
f 249/987/617 227/992/622 237/991/621
f 227/992/622 218/961/603 216/993/623
f 216/993/623 218/961/603 193/955/598
f 218/961/603 205/956/599 193/955/598
f 205/956/599 201/963/605 186/957/600
f 227/992/622 249/987/617 250/988/618
f 218/961/603 227/992/622 239/989/619
f 239/989/619 227/992/622 250/988/618
f 222/962/604 218/961/603 239/989/619
f 201/963/605 222/962/604 225/968/610
f 263/986/614 274/977/526 250/988/618
f 274/977/526 272/976/615 250/988/618
f 250/988/618 272/976/615 239/989/619
f 239/989/619 272/976/615 243/990/620
f 272/976/615 270/875/521 243/990/620
f 243/990/620 270/875/521 236/966/608
f 270/875/521 269/877/523 236/966/608
f 450/996/626 449/997/627 452/998/628
f 450/996/626 452/998/628 454/999/629
f 454/999/629 452/998/628 457/1000/630
f 457/1000/630 452/998/628 458/1001/78
f 457/1000/630 458/1001/78 453/1002/77
f 457/1000/630 453/1002/77 451/1003/631
f 451/1003/631 453/1002/77 447/1004/632
f 451/1003/631 447/1004/632 448/1005/633
f 448/1005/633 447/1004/632 439/1006/634
f 439/1006/634 447/1004/632 441/1007/635
f 439/1006/634 441/1007/635 437/1008/80
f 439/1006/634 437/1008/80 438/1009/636
f 438/1009/636 437/1008/80 443/1010/637
f 443/1010/637 437/1008/80 442/1011/79
f 443/1010/637 442/1011/79 450/1012/626
f 450/1012/626 442/1011/79 449/1013/627
f 445/1014/638 446/1015/639 456/1016/640
f 445/1014/638 456/1016/640 460/1017/641
f 460/1017/641 456/1016/640 463/1018/642
f 460/1017/641 463/1018/642 465/1019/643
f 465/1019/643 463/1018/642 467/1020/644
f 465/1019/643 467/1020/644 468/1021/645
f 468/1021/645 467/1020/644 469/1022/646
f 468/1021/645 469/1022/646 466/1023/647
f 466/1023/647 469/1022/646 464/1024/648
f 466/1023/647 464/1024/648 461/1025/649
f 461/1025/649 464/1024/648 462/1026/650
f 461/1025/649 462/1026/650 459/1027/651
f 459/1027/651 462/1026/650 455/1028/652
f 459/1027/651 455/1028/652 444/1029/653
f 444/1029/653 455/1028/652 440/1030/654
f 444/1029/653 440/1030/654 433/1031/655
f 433/1031/655 440/1030/654 434/1032/656
f 433/1031/655 434/1032/656 429/1033/657
f 429/1033/657 434/1032/656 430/1034/658
f 429/1033/657 430/1034/658 424/1035/659
f 424/1035/659 430/1034/658 425/1036/660
f 424/1035/659 425/1036/660 426/1037/661
f 424/1035/659 426/1037/661 427/1038/662
f 427/1038/662 426/1037/661 428/1039/663
f 427/1038/662 428/1039/663 431/1040/664
f 431/1040/664 428/1039/663 432/1041/665
f 431/1040/664 432/1041/665 435/1042/666
f 435/1042/666 432/1041/665 436/1043/667
f 435/1042/666 436/1043/667 445/1044/638
f 445/1044/638 436/1043/667 446/1045/639
f 450/1046/1 446/1047/1 436/1048/1
f 450/1046/1 436/1048/1 443/1049/1
f 443/1049/1 436/1048/1 432/1050/1
f 443/1049/1 432/1050/1 428/1051/1
f 443/1049/1 428/1051/1 438/1052/1
f 438/1052/1 428/1051/1 426/1053/1
f 438/1052/1 426/1053/1 425/1054/1
f 438/1052/1 425/1054/1 439/1055/1
f 439/1055/1 425/1054/1 430/1056/1
f 439/1055/1 430/1056/1 434/1057/1
f 439/1055/1 434/1057/1 448/1058/1
f 448/1058/1 434/1057/1 440/1059/1
f 448/1058/1 440/1059/1 455/1060/1
f 448/1058/1 455/1060/1 451/1061/1
f 451/1061/1 455/1060/1 462/1062/1
f 451/1061/1 462/1062/1 464/1063/1
f 451/1061/1 464/1063/1 457/1064/1
f 457/1064/1 464/1063/1 469/1065/1
f 457/1064/1 469/1065/1 467/1066/1
f 457/1064/1 467/1066/1 454/1067/1
f 454/1067/1 467/1066/1 463/1068/1
f 454/1067/1 463/1068/1 456/1069/1
f 454/1067/1 456/1069/1 450/1046/1
f 450/1046/1 456/1069/1 446/1047/1
f 605/1070/668 634/1071/669 612/1072/670
f 612/1072/670 622/876/671 599/1073/672
f 599/1073/672 622/876/671 610/877/673
f 616/1074/674 650/1075/675 634/1076/669
f 634/1076/669 650/1075/675 646/1077/676
f 611/1078/677 640/1079/678 649/1080/679
f 650/1075/675 671/1081/680 646/1077/676
f 646/1077/676 671/1081/680 669/888/681
f 676/1082/682 691/1083/683 692/1084/684
f 676/1082/682 692/1084/684 654/1085/515
f 640/1079/678 666/1086/685 649/1080/679
f 649/1080/679 666/1086/685 668/1087/686
f 693/1088/687 702/1089/688 694/1090/689
f 694/1090/689 702/1089/688 707/1091/690
f 666/1086/685 670/1092/691 668/1087/686
f 668/1087/686 670/1092/691 690/1093/692
f 668/1087/686 690/1093/692 684/1094/693
f 684/1094/693 690/1093/692 693/1088/687
f 693/1088/687 690/1093/692 706/1095/694
f 613/1096/695 648/1097/696 640/1079/678
f 670/1092/691 678/1098/697 690/1093/692
f 690/1093/692 678/1098/697 698/1099/698
f 690/1093/692 698/1099/698 705/1100/699
f 705/1100/699 698/1099/698 701/1101/700
f 705/1100/699 701/1101/700 711/1102/701
f 652/1103/702 659/913/703 673/1104/704
f 673/1104/704 659/913/703 677/1105/705
f 659/913/703 639/1106/706 643/1107/707
f 659/913/703 643/1107/707 658/1108/708
f 660/1109/709 633/923/710 672/924/711
f 615/1110/712 600/1111/713 630/1112/714
f 630/1112/714 600/1111/713 618/1113/715
f 618/1113/715 607/926/716 631/927/717
f 631/927/717 607/926/716 617/928/718
f 617/928/718 604/929/719 632/930/720
f 632/930/720 604/929/719 588/1114/721
f 632/930/720 588/1114/721 633/923/710
f 613/1096/695 597/932/722 615/1110/712
f 615/1110/712 597/932/722 600/1111/713
f 596/1115/723 578/1116/724 607/926/716
f 607/926/716 578/1116/724 592/1117/725
f 592/1117/725 589/936/726 604/929/719
f 604/929/719 589/936/726 588/1114/721
f 598/1118/727 597/932/722 613/1096/695
f 597/932/722 580/1119/728 600/1111/713
f 580/1119/728 569/1120/729 578/1116/724
f 578/1116/724 569/1120/729 558/941/730
f 578/1116/724 558/941/730 572/1121/731
f 572/1121/731 558/941/730 539/1122/732
f 572/1121/731 539/1122/732 562/944/733
f 562/944/733 539/1122/732 551/1123/734
f 574/1124/735 555/1125/736 569/1120/729
f 539/1122/732 536/1126/737 529/1127/738
f 539/1122/732 529/1127/738 532/970/739
f 581/1128/740 557/1129/741 574/1124/735
f 574/1124/735 557/1129/741 555/1125/736
f 555/1125/736 557/1129/741 537/1130/742
f 529/1127/738 524/1131/743 521/1132/744
f 581/1128/740 575/1133/745 557/1129/741
f 557/1129/741 575/1133/745 552/1134/746
f 540/1135/747 535/1136/748 525/1137/749
f 525/1137/749 535/1136/748 530/1138/750
f 598/1118/727 593/1139/751 581/1128/740
f 581/1128/740 593/1139/751 575/1133/745
f 560/1140/752 573/1141/753 550/1142/754
f 593/1139/751 605/1070/668 582/1143/755
f 582/1143/755 605/1070/668 585/990/756
f 585/990/756 599/1073/672 571/1144/757
f 571/1144/757 599/1073/672 579/1145/758
f 610/877/673 609/965/759 579/1145/758
f 579/1145/758 609/965/759 570/1146/760
f 579/1145/758 570/1146/760 571/1144/757
f 571/1144/757 570/1146/760 547/1147/761
f 547/1147/761 570/1146/760 546/1148/762
f 547/1147/761 546/1148/762 535/1136/748
f 535/1136/748 546/1148/762 530/1138/750
f 525/1137/749 530/1138/750 521/1132/744
f 525/1137/749 521/1132/744 524/1131/743
f 529/1127/738 521/1132/744 532/970/739
f 539/1122/732 532/970/739 551/1123/734
f 562/944/733 551/1123/734 589/936/726
f 589/936/726 551/1123/734 588/1114/721
f 632/930/720 633/923/710 660/1109/709
f 660/1109/709 672/924/711 685/1149/763
f 685/1149/763 672/924/711 701/1101/700
f 701/1101/700 672/924/711 704/909/764
f 701/1101/700 704/909/764 711/1102/701
f 711/1102/701 704/909/764 720/1150/765
f 720/1150/765 704/909/764 721/904/766
f 720/1150/765 721/904/766 707/1091/690
f 707/1091/690 721/904/766 708/900/767
f 707/1091/690 708/900/767 691/1083/683
f 691/1083/683 708/900/767 692/1084/684
f 676/1082/682 654/1085/515 653/971/768
f 653/971/768 654/1085/515 641/973/517
f 610/877/673 641/974/517 609/965/759
f 605/1070/668 616/1151/674 634/1152/669
f 612/1072/670 634/1071/669 638/1153/769
f 638/979/769 634/1076/669 647/882/770
f 647/882/770 634/1076/669 646/1077/676
f 641/982/517 610/877/673 622/876/671
f 622/983/671 612/984/670 638/979/769
f 622/983/671 638/979/769 653/971/768
f 653/971/768 638/979/769 647/882/770
f 598/1118/727 611/1154/677 593/1139/751
f 582/1143/755 585/990/756 573/1141/753
f 573/1141/753 585/990/756 571/1144/757
f 557/1129/741 552/1134/746 538/1155/771
f 538/1155/771 552/1134/746 540/1135/747
f 538/1155/771 540/1135/747 525/1137/749
f 600/1111/713 580/1119/728 596/1115/723
f 596/1115/723 580/1119/728 578/1116/724
f 630/1112/714 618/1113/715 639/1106/706
f 639/1106/706 618/1113/715 631/927/717
f 639/1106/706 631/927/717 643/1107/707
f 643/1107/707 631/927/717 617/928/718
f 643/1107/707 617/928/718 632/930/720
f 613/1096/695 615/1110/712 648/1097/696
f 648/1097/696 615/1110/712 652/1103/702
f 648/1097/696 652/1103/702 666/1086/685
f 666/1086/685 652/1103/702 670/1092/691
f 670/1092/691 652/1103/702 673/1104/704
f 670/1092/691 673/1104/704 678/1098/697
f 678/1098/697 673/1104/704 677/1105/705
f 678/1098/697 677/1105/705 698/1099/698
f 698/1099/698 677/1105/705 701/1101/700
f 701/1101/700 677/1105/705 685/1149/763
f 668/1087/686 684/1094/693 671/1081/680
f 671/1081/680 684/1094/693 693/1088/687
f 671/1081/680 693/1088/687 694/1090/689
f 694/1090/689 707/1091/690 691/1083/683
f 653/971/768 641/973/517 622/983/671
f 611/1078/677 649/1080/679 616/1074/674
f 649/1080/679 650/1075/675 616/1074/674
f 646/1077/676 669/888/681 647/882/770
f 669/888/681 676/1082/682 647/882/770
f 647/882/770 676/1082/682 653/971/768
f 649/1080/679 668/1087/686 650/1075/675
f 668/1087/686 671/1081/680 650/1075/675
f 671/1081/680 694/1090/689 669/888/681
f 669/888/681 694/1090/689 676/1082/682
f 694/1090/689 691/1083/683 676/1082/682
f 648/1097/696 666/1086/685 640/1079/678
f 693/1088/687 706/1095/694 702/1089/688
f 720/1150/765 707/1091/690 702/1089/688
f 706/1095/694 720/1150/765 702/1089/688
f 690/1093/692 705/1100/699 706/1095/694
f 711/1102/701 720/1150/765 706/1095/694
f 705/1100/699 711/1102/701 706/1095/694
f 615/1110/712 630/1112/714 652/1103/702
f 630/1112/714 639/1106/706 652/1103/702
f 639/1106/706 659/913/703 652/1103/702
f 659/913/703 658/1108/708 677/1105/705
f 660/1109/709 685/1149/763 677/1105/705
f 658/1108/708 660/1109/709 677/1105/705
f 632/930/720 658/1108/708 643/1107/707
f 660/1109/709 658/1108/708 632/930/720
f 600/1111/713 596/1115/723 618/1113/715
f 596/1115/723 607/926/716 618/1113/715
f 607/926/716 592/1117/725 617/928/718
f 592/1117/725 604/929/719 617/928/718
f 578/1116/724 572/1121/731 592/1117/725
f 572/1121/731 562/944/733 592/1117/725
f 592/1117/725 562/944/733 589/936/726
f 574/1124/735 569/1120/729 580/1119/728
f 569/1120/729 555/1125/736 558/941/730
f 555/1125/736 536/1126/737 558/941/730
f 536/1126/737 539/1122/732 558/941/730
f 597/932/722 581/1128/740 580/1119/728
f 581/1128/740 574/1124/735 580/1119/728
f 555/1125/736 537/1130/742 536/1126/737
f 537/1130/742 524/1131/743 536/1126/737
f 524/1131/743 529/1127/738 536/1126/737
f 581/1128/740 597/932/722 598/1118/727
f 537/1130/742 557/1129/741 538/1155/771
f 524/1131/743 537/1130/742 525/1137/749
f 525/1137/749 537/1130/742 538/1155/771
f 575/1133/745 560/1140/752 552/1134/746
f 560/1140/752 550/1142/754 552/1134/746
f 552/1134/746 550/1142/754 540/1135/747
f 540/1135/747 550/1142/754 535/1136/748
f 550/1142/754 547/1147/761 535/1136/748
f 575/1133/745 593/1139/751 582/1143/755
f 560/1140/752 575/1133/745 582/1143/755
f 573/1141/753 560/1140/752 582/1143/755
f 571/1144/757 550/1142/754 573/1141/753
f 547/1147/761 550/1142/754 571/1144/757
f 611/1154/677 616/1151/674 593/1139/751
f 616/1151/674 605/1070/668 593/1139/751
f 605/1070/668 612/1072/670 585/990/756
f 610/877/673 579/1145/758 599/1073/672
f 612/1072/670 599/1073/672 585/990/756
f 611/1156/677 613/1157/695 640/1158/678
f 613/1157/695 611/1156/677 598/1159/727
f 789/1160/772 791/1161/772 775/1162/73
f 775/1162/73 791/1161/772 807/1163/73
f 807/1163/73 791/1161/772 793/1164/772
f 807/1163/73 793/1164/772 795/1165/772
f 795/1165/772 797/1166/772 807/1163/73
f 807/1163/73 797/1166/772 799/1167/772
f 807/1163/73 799/1167/772 801/1168/772
f 801/1168/772 803/1169/773 807/1163/73
f 807/1163/73 803/1169/773 811/1170/73
f 807/1163/73 811/1170/73 810/1171/73
f 807/1163/73 810/1171/73 806/1172/73
f 806/1172/73 810/1171/73 770/1173/73
f 806/1172/73 770/1173/73 774/1174/73
f 774/1174/73 770/1173/73 775/1162/73
f 775/1162/73 770/1173/73 771/1175/73
f 775/1162/73 771/1175/73 777/1176/774
f 777/1176/774 779/1177/772 775/1162/73
f 775/1162/73 779/1177/772 781/1178/772
f 775/1162/73 781/1178/772 783/1179/772
f 783/1179/772 785/1180/772 775/1162/73
f 775/1162/73 785/1180/772 787/1181/772
f 775/1162/73 787/1181/772 789/1160/772
f 769/1182/75 771/1183/75 768/328/75
f 768/328/75 771/1183/75 770/1184/75
f 811/1185/74 809/1182/74 810/1186/74
f 810/1186/74 809/1182/74 808/328/74
f 778/1187/775 776/1188/776 768/328/76
f 768/328/76 776/1188/776 769/1182/76
f 808/1189/76 790/1190/775 768/328/76
f 768/328/76 790/1190/775 788/1191/775
f 768/328/76 788/1191/775 786/1192/775
f 809/1193/76 802/1194/777 808/1189/76
f 808/1189/76 802/1194/777 800/1195/775
f 808/1189/76 800/1195/775 798/1196/775
f 798/1196/775 796/1197/775 808/1189/76
f 808/1189/76 796/1197/775 794/1198/775
f 808/1189/76 794/1198/775 792/1199/775
f 792/1199/775 790/1190/775 808/1189/76
f 786/1192/775 784/1200/775 768/328/76
f 768/328/76 784/1200/775 782/1201/775
f 768/328/76 782/1201/775 780/1202/775
f 780/1202/775 778/1187/775 768/328/76
f 768/1203/2 770/1204/2 808/1205/2
f 808/1205/2 770/1204/2 810/1206/2
f 802/1207/777 809/1208/778 803/1209/773
f 803/1209/773 809/1208/778 811/1210/779
f 798/1211/775 800/1212/775 799/1213/772
f 799/1213/772 800/1212/775 801/1214/772
f 794/1215/775 796/1216/775 795/1217/772
f 795/1217/772 796/1216/775 797/1218/772
f 790/1219/775 792/1220/775 791/1221/772
f 791/1221/772 792/1220/775 793/1222/772
f 786/1223/775 788/1224/775 787/1225/772
f 787/1225/772 788/1224/775 789/1226/772
f 782/1227/775 784/1228/775 783/1229/772
f 783/1229/772 784/1228/775 785/1230/772
f 778/1231/775 780/1232/775 779/1233/772
f 779/1233/772 780/1232/775 781/1234/772
f 769/1235/780 776/1236/776 771/1237/780
f 771/1237/780 776/1236/776 777/1238/774
f 775/1239/74 773/1240/74 774/1241/74
f 774/1241/74 773/1240/74 772/328/74
f 774/1241/1 772/328/1 806/1242/1
f 806/1242/1 772/328/1 804/1243/1
f 806/1244/75 804/328/75 807/1245/75
f 807/1245/75 804/328/75 805/1240/75
f 807/1246/2 805/1243/2 775/1244/2
f 775/1244/2 805/1243/2 773/328/2
f 773/1247/73 805/1248/73 772/1249/73
f 772/1249/73 805/1248/73 804/1250/73
f 801/1251/772 800/1252/775 803/1253/773
f 803/1253/773 800/1252/775 802/1254/777
f 797/1255/772 796/1256/775 799/1257/772
f 799/1257/772 796/1256/775 798/1258/775
f 793/1259/772 792/1260/775 795/1261/772
f 795/1261/772 792/1260/775 794/1262/775
f 789/1263/772 788/1264/775 791/1265/772
f 791/1265/772 788/1264/775 790/1266/775
f 785/1267/772 784/1268/775 787/1269/772
f 787/1269/772 784/1268/775 786/1270/775
f 781/1271/772 780/1272/775 783/1273/772
f 783/1273/772 780/1272/775 782/1274/775
f 777/1275/774 776/1276/776 779/1277/772
f 779/1277/772 776/1276/776 778/1278/775
