# Blender 5.1.2
# www.blender.org
mtllib gear.mtl
o gear
v -0.001000 0.006000 0.000033
v -0.008000 0.006000 0.000033
v -0.001000 0.005998 -0.000163
v -0.008000 0.005998 -0.000163
v -0.001000 0.005996 0.000229
v -0.008000 0.005996 0.000229
v -0.001000 0.005985 0.000425
v -0.008000 0.005985 0.000425
v -0.000698 0.005685 -0.000372
v -0.008302 0.005685 -0.000372
v -0.000698 0.005664 0.000621
v -0.008302 0.005664 0.000621
v -0.000543 0.005524 -0.000462
v -0.008457 0.005524 -0.000462
v -0.000543 0.005498 0.000703
v -0.008457 0.005498 0.000703
v -0.000396 0.005369 -0.000536
v -0.008604 0.005369 -0.000536
v -0.000396 0.005341 0.000770
v -0.008604 0.005341 0.000770
v -0.000266 0.005233 -0.000591
v -0.008734 0.005233 -0.000591
v -0.000266 0.005202 0.000819
v -0.008734 0.005202 0.000819
v -0.000156 0.005118 -0.000631
v -0.008844 0.005118 -0.000631
v -0.001000 0.005092 -0.003174
v -0.008000 0.005092 -0.003174
v -0.000156 0.005085 0.000854
v -0.008844 0.005085 0.000854
v -0.000067 0.005024 -0.000657
v -0.008933 0.005024 -0.000657
v 0.000000 0.004998 -0.000152
v -0.009000 0.004998 -0.000152
v -0.000067 0.004991 0.000876
v -0.008933 0.004991 0.000876
v 0.000000 0.004986 0.000371
v -0.009000 0.004986 0.000371
v -0.001000 0.004985 -0.003339
v -0.008000 0.004985 -0.003339
v 0.000000 0.004954 -0.000674
v -0.009000 0.004954 -0.000674
v -0.001000 0.004948 0.003394
v -0.008000 0.004948 0.003394
v -0.000698 0.004947 -0.002827
v -0.008302 0.004947 -0.002827
v 0.000000 0.004920 0.000890
v -0.009000 0.004920 0.000890
v -0.001000 0.004874 -0.003500
v -0.008000 0.004874 -0.003500
v -0.000543 0.004861 -0.002663
v -0.008457 0.004861 -0.002663
v -0.001000 0.004834 0.003554
v -0.008000 0.004834 0.003554
v -0.000698 0.004818 0.003041
v -0.008302 0.004818 0.003041
v -0.009000 0.004799 -0.000702
v 0.000000 0.004799 -0.000699
v -0.000396 0.004773 -0.002516
v -0.008604 0.004773 -0.002516
v 0.000000 0.004764 0.000908
v -0.009000 0.004763 0.000912
v -0.001000 0.004757 -0.003657
v -0.008000 0.004757 -0.003657
v -0.000543 0.004740 0.002873
v -0.008457 0.004740 0.002873
v -0.001000 0.004716 0.003710
v -0.008000 0.004716 0.003710
v -0.000266 0.004690 -0.002395
v -0.008734 0.004690 -0.002395
v -0.000396 0.004659 0.002722
v -0.008604 0.004659 0.002722
v 0.000000 0.004646 -0.000703
v -0.009000 0.004646 -0.000703
v -0.000156 0.004616 -0.002298
v -0.008844 0.004616 -0.002298
v 0.000000 0.004610 0.000905
v -0.009000 0.004610 0.000905
v -0.001000 0.004592 0.003861
v -0.008000 0.004592 0.003861
v -0.000266 0.004581 0.002598
v -0.008734 0.004581 0.002598
v -0.000067 0.004553 -0.002224
v -0.008933 0.004553 -0.002224
v -0.000156 0.004511 0.002498
v -0.008844 0.004511 0.002498
v 0.000000 0.004504 -0.002172
v -0.009000 0.004504 -0.002172
v -0.000067 0.004451 0.002421
v -0.008933 0.004451 0.002421
v -0.000000 0.004404 0.002367
v -0.009000 0.004404 0.002367
v 0.000000 0.004388 -0.002065
v -0.009000 0.004387 -0.002062
v -0.000698 0.004381 -0.003643
v -0.008302 0.004381 -0.003643
v -0.009000 0.004295 0.002252
v -0.000000 0.004293 0.002255
v 0.000000 0.004262 -0.001978
v -0.009000 0.004262 -0.001978
v 0.000000 0.004252 -0.002631
v -0.009000 0.004252 -0.002631
v -0.000698 0.004217 0.003831
v -0.008302 0.004217 0.003831
v -0.000543 0.004197 -0.003621
v -0.008457 0.004197 -0.003621
v -0.000000 0.004171 0.002162
v -0.009000 0.004171 0.002162
v -0.000000 0.004133 0.002814
v -0.009000 0.004133 0.002814
v -0.000543 0.004035 0.003801
v -0.008457 0.004035 0.003801
v -0.000396 0.004029 -0.003589
v -0.008604 0.004029 -0.003589
v 0.000000 0.003954 -0.003061
v -0.009000 0.003954 -0.003061
v 0.000000 0.003899 -0.000591
v -0.009000 0.003899 -0.000591
v -0.000266 0.003886 -0.003554
v -0.008734 0.003886 -0.003554
v 0.000000 0.003870 0.000761
v -0.009000 0.003870 0.000761
v -0.000396 0.003868 0.003762
v -0.008604 0.003868 0.003762
v -0.000000 0.003816 0.003231
v -0.009000 0.003816 0.003231
v 0.000000 0.003800 -0.000602
v -0.009000 0.003800 -0.000602
v -0.000156 0.003770 -0.003518
v -0.008844 0.003770 -0.003518
v 0.000000 0.003770 0.000767
v -0.009000 0.003770 0.000767
v -0.000266 0.003727 0.003721
v -0.008734 0.003727 0.003721
v 0.000000 0.003718 -0.000659
v -0.009000 0.003718 -0.000659
v -0.009000 0.003699 0.000098
v -0.010000 0.003699 0.000098
v 0.000000 0.003685 0.000821
v -0.009000 0.003685 0.000821
v -0.000067 0.003678 -0.003485
v -0.008933 0.003678 -0.003485
v -0.009000 0.003675 -0.000429
v -0.010000 0.003675 -0.000429
v 0.000000 0.003674 -0.000749
v -0.009000 0.003674 -0.000749
v -0.009000 0.003647 0.000623
v -0.010000 0.003647 0.000623
v 0.000000 0.003637 0.000909
v -0.009000 0.003637 0.000909
v 0.000000 0.003621 -0.000971
v -0.009000 0.003621 -0.000971
v 0.000000 0.003612 -0.003457
v -0.009000 0.003612 -0.003457
v -0.000156 0.003612 0.003680
v -0.008844 0.003612 0.003680
v 0.000000 0.003578 -0.001659
v -0.009000 0.003578 -0.001659
v -0.009000 0.003576 -0.000948
v -0.010000 0.003576 -0.000948
v 0.000000 0.003575 0.001128
v -0.009000 0.003575 0.001128
v 0.000000 0.003556 -0.001189
v -0.009000 0.003556 -0.001189
v -0.000067 0.003522 0.003642
v -0.008933 0.003522 0.003642
v -0.009000 0.003521 0.001136
v -0.010000 0.003521 0.001136
v -0.000000 0.003502 0.001814
v -0.009000 0.003502 0.001814
v 0.000000 0.003501 -0.001595
v -0.009000 0.003501 -0.001595
v 0.000000 0.003500 0.001343
v -0.009000 0.003500 0.001343
v 0.000000 0.003477 -0.001403
v -0.009000 0.003477 -0.001403
v 0.000000 0.003471 -0.003386
v -0.009000 0.003469 -0.003389
v 0.000000 0.003464 -0.001502
v -0.009000 0.003464 -0.001502
v -0.000000 0.003457 0.003612
v -0.009000 0.003457 0.003612
v -0.000000 0.003428 0.001747
v -0.009000 0.003428 0.001747
v 0.000000 0.003412 0.001553
v -0.009000 0.003412 0.001553
v -0.009000 0.003405 -0.001447
v -0.010000 0.003405 -0.001447
v 0.000000 0.003395 0.001652
v -0.009000 0.003395 0.001652
v 0.000000 0.003345 -0.003299
v -0.009000 0.003345 -0.003299
v -0.009000 0.003324 0.001626
v -0.010000 0.003324 0.001626
v -0.000000 0.003320 0.003535
v -0.009000 0.003317 0.003535
v -0.000000 0.003198 0.003442
v -0.009000 0.003198 0.003442
v -0.009000 0.003165 -0.001917
v -0.010000 0.003165 -0.001917
v -0.009000 0.003059 0.002082
v -0.010000 0.003059 0.002082
v -0.010000 0.002900 -0.000051
v -0.010000 0.002870 0.000415
v -0.009000 0.002859 -0.002348
v -0.010000 0.002859 -0.002348
v -0.010000 0.002854 -0.000515
v 0.000000 0.002807 -0.002770
v -0.009000 0.002807 -0.002770
v -0.010000 0.002766 0.000870
v -0.010000 0.002734 -0.000966
v -0.009000 0.002731 0.002496
v -0.010000 0.002731 0.002496
v 0.000000 0.002720 -0.002720
v -0.009000 0.002720 -0.002720
v -0.000000 0.002683 0.002890
v -0.009000 0.002683 0.002890
v 0.000000 0.002620 -0.002718
v -0.009000 0.002620 -0.002718
v -0.000000 0.002599 0.002836
v -0.009000 0.002599 0.002836
v -0.010000 0.002591 0.001303
v -0.010000 0.002544 -0.001392
v 0.000000 0.002532 -0.002765
v -0.009000 0.002532 -0.002765
v -0.000000 0.002499 0.002830
v -0.009000 0.002499 0.002830
v -0.009000 0.002496 -0.002731
v -0.010000 0.002496 -0.002731
v -0.000000 0.002408 0.002873
v -0.009000 0.002408 0.002873
v -0.006500 0.002400 0.000024
v -0.009500 0.002400 0.000024
v -0.000266 0.002387 -0.004695
v -0.008734 0.002387 -0.004695
v -0.000156 0.002384 -0.004572
v -0.008844 0.002384 -0.004572
v -0.000396 0.002383 -0.004841
v -0.008604 0.002383 -0.004841
v -0.000067 0.002376 -0.004476
v -0.008933 0.002376 -0.004476
v -0.000543 0.002368 -0.005012
v -0.008457 0.002368 -0.005012
v 0.000000 0.002367 -0.004404
v -0.009000 0.002367 -0.004404
v -0.006500 0.002366 -0.000405
v -0.009500 0.002366 -0.000405
v 0.000000 0.002359 -0.002914
v -0.009000 0.002359 -0.002914
v -0.006500 0.002357 0.000453
v -0.009500 0.002357 0.000453
v -0.010000 0.002348 0.001701
v -0.009000 0.002348 0.002859
v -0.010000 0.002348 0.002859
v -0.000698 0.002340 -0.005195
v -0.008302 0.002340 -0.005195
v -0.009000 0.002339 -0.004249
v 0.000000 0.002336 -0.004250
v 0.000000 0.002293 -0.000183
v -0.005000 0.002293 -0.000183
v 0.000000 0.002289 0.000229
v -0.005000 0.002289 0.000229
v -0.010000 0.002288 -0.001782
v 0.000000 0.002286 -0.004105
v -0.009000 0.002286 -0.004105
v -0.006500 0.002255 -0.000820
v -0.009500 0.002255 -0.000820
v -0.001000 0.002253 -0.005561
v -0.008000 0.002253 -0.005561
v -0.006500 0.002238 0.000866
v -0.009500 0.002238 0.000866
v -0.000000 0.002229 0.003014
v -0.009000 0.002229 0.003014
v 0.000000 0.002223 -0.000589
v -0.005000 0.002223 -0.000589
v 0.000000 0.002211 0.000634
v -0.005000 0.002211 0.000634
v -0.000156 0.002181 0.004672
v -0.008844 0.002181 0.004672
v -0.000266 0.002179 0.004794
v -0.008734 0.002179 0.004794
v 0.000000 0.002178 -0.003052
v -0.009000 0.002178 -0.003052
v -0.000067 0.002178 0.004575
v -0.008933 0.002178 0.004575
v -0.000000 0.002172 0.004504
v -0.009000 0.002172 0.004504
v -0.000396 0.002169 0.004941
v -0.008604 0.002169 0.004941
v -0.009000 0.002151 0.004347
v -0.000000 0.002148 0.004348
v -0.000543 0.002146 0.005111
v -0.008457 0.002146 0.005111
v -0.000698 0.002111 0.005292
v -0.008302 0.002111 0.005292
v -0.000000 0.002104 0.004201
v -0.009000 0.002104 0.004201
v -0.009000 0.002082 -0.003059
v -0.010000 0.002082 -0.003059
v 0.000000 0.002082 -0.000977
v -0.005000 0.002082 -0.000977
v -0.006500 0.002073 -0.001210
v -0.009500 0.002073 -0.001210
v -0.001000 0.002071 -0.005631
v -0.008000 0.002071 -0.005631
v 0.000000 0.002062 0.001019
v -0.005000 0.002062 0.001019
v -0.006500 0.002048 0.001252
v -0.009500 0.002048 0.001252
v -0.010000 0.002045 0.002056
v -0.000000 0.002042 0.003144
v -0.009000 0.002042 0.003144
v -0.001000 0.002008 0.005654
v -0.008000 0.002008 0.005654
v 0.000000 0.001988 -0.003178
v -0.009000 0.001988 -0.003178
v -0.010000 0.001972 -0.002126
v 0.000000 0.001920 -0.003445
v -0.009000 0.001920 -0.003445
v 0.000000 0.001920 -0.003251
v -0.009000 0.001920 -0.003251
v -0.009000 0.001917 0.003165
v -0.010000 0.001917 0.003165
v 0.000000 0.001894 -0.003348
v -0.009000 0.001894 -0.003348
v 0.000000 0.001893 -0.004628
v -0.009000 0.001893 -0.004628
v -0.001000 0.001886 -0.005696
v -0.008000 0.001886 -0.005696
v 0.000000 0.001874 -0.001333
v -0.005000 0.001874 -0.001333
v -0.000000 0.001847 0.001371
v -0.005000 0.001847 0.001371
v -0.000000 0.001847 0.003262
v -0.009000 0.001847 0.003262
v -0.006500 0.001823 -0.001561
v -0.009500 0.001823 -0.001561
v -0.001000 0.001822 0.005717
v -0.008000 0.001822 0.005717
v -0.006500 0.001791 0.001597
v -0.009500 0.001791 0.001597
v -0.000000 0.001775 0.003332
v -0.009000 0.001775 0.003332
v -0.000000 0.001767 0.003526
v -0.009000 0.001767 0.003526
v -0.000000 0.001746 0.003428
v -0.009000 0.001746 0.003428
v -0.001000 0.001699 -0.005754
v -0.008000 0.001699 -0.005754
v -0.010000 0.001689 0.002358
v -0.000000 0.001689 0.004706
v -0.009000 0.001689 0.004706
v -0.001000 0.001635 0.005773
v -0.008000 0.001635 0.005773
v -0.009000 0.001626 -0.003324
v -0.010000 0.001626 -0.003324
v 0.000000 0.001606 -0.001646
v -0.005000 0.001606 -0.001646
v -0.010000 0.001605 -0.002415
v -0.000000 0.001572 0.001678
v -0.005000 0.001572 0.001678
v -0.006500 0.001515 -0.001861
v -0.009500 0.001515 -0.001861
v -0.006500 0.001477 0.001891
v -0.009500 0.001477 0.001891
v -0.009000 0.001447 0.003405
v -0.010000 0.001447 0.003405
v -0.001000 0.001445 0.005823
v -0.008000 0.001445 0.005823
v -0.000698 0.001403 -0.005522
v -0.008302 0.001403 -0.005522
v 0.000000 0.001399 -0.004800
v -0.009000 0.001399 -0.004800
v -0.010000 0.001289 0.002598
v 0.000000 0.001286 -0.001907
v -0.005000 0.001286 -0.001907
v -0.000543 0.001267 -0.005396
v -0.008457 0.001267 -0.005396
v -0.005000 0.001250 0.000027
v -0.006500 0.001250 0.000027
v -0.000000 0.001247 0.001932
v -0.005000 0.001247 0.001932
v -0.005000 0.001220 -0.000273
v -0.006500 0.001220 -0.000273
v -0.005000 0.001207 0.000326
v -0.006500 0.001207 0.000326
v -0.010000 0.001197 -0.002641
v -0.000000 0.001188 0.004857
v -0.009000 0.001188 0.004857
v -0.000698 0.001160 0.005578
v -0.008302 0.001160 0.005578
v -0.006500 0.001159 -0.002102
v -0.009500 0.001159 -0.002102
v -0.000396 0.001149 -0.005272
v -0.008604 0.001149 -0.005272
v -0.009000 0.001136 -0.003521
v -0.010000 0.001136 -0.003521
v -0.005000 0.001119 -0.000557
v -0.006500 0.001119 -0.000557
v -0.006500 0.001116 0.002125
v -0.009500 0.001116 0.002125
v -0.005000 0.001094 0.000605
v -0.006500 0.001094 0.000605
v -0.000266 0.001055 -0.005160
v -0.008734 0.001055 -0.005160
v -0.000543 0.001030 0.005446
v -0.008457 0.001030 0.005446
v -0.000156 0.000982 -0.005062
v -0.008844 0.000982 -0.005062
v -0.005000 0.000954 -0.000808
v -0.006500 0.000954 -0.000808
v -0.009000 0.000948 0.003576
v -0.010000 0.000948 0.003576
v -0.000067 0.000927 -0.004981
v -0.008933 0.000927 -0.004981
v 0.000000 0.000925 -0.002106
v -0.005000 0.000925 -0.002106
v -0.000396 0.000918 0.005317
v -0.008604 0.000918 0.005317
v -0.005000 0.000917 0.000849
v -0.006500 0.000917 0.000849
v 0.000000 0.000890 -0.004920
v -0.009000 0.000890 -0.004920
v -0.000000 0.000882 0.002124
v -0.005000 0.000882 0.002124
v -0.010000 0.000855 0.002771
v -0.000266 0.000828 0.005201
v -0.008734 0.000828 0.005201
v 0.000000 0.000818 -0.004780
v -0.009000 0.000815 -0.004781
v 0.000000 0.000767 -0.004635
v -0.009000 0.000767 -0.004635
v -0.006500 0.000765 -0.002275
v -0.009500 0.000765 -0.002275
v -0.000156 0.000759 0.005100
v -0.008844 0.000759 0.005100
v -0.010000 0.000758 -0.002799
v -0.005000 0.000732 -0.001013
v -0.006500 0.000732 -0.001013
v -0.006500 0.000718 0.002290
v -0.009500 0.000718 0.002290
v -0.000067 0.000709 0.005017
v -0.008933 0.000709 0.005017
v -0.005000 0.000687 0.001044
v -0.006500 0.000687 0.001044
v -0.000000 0.000674 0.004954
v -0.009000 0.000674 0.004954
v 0.000000 0.000643 -0.003891
v -0.009000 0.000643 -0.003891
v -0.009000 0.000623 -0.003647
v -0.010000 0.000623 -0.003647
v -0.000000 0.000608 0.004811
v -0.009000 0.000605 0.004812
v 0.000000 0.000602 -0.003800
v -0.009000 0.000602 -0.003800
v -0.000000 0.000564 0.004665
v -0.009000 0.000564 0.004665
v 0.000000 0.000535 -0.002237
v -0.005000 0.000535 -0.002237
v 0.000000 0.000522 -0.003739
v -0.009000 0.000522 -0.003739
v -0.000000 0.000489 0.002247
v -0.005000 0.000489 0.002247
v -0.000000 0.000472 0.003915
v -0.009000 0.000472 0.003915
v -0.005000 0.000469 -0.001159
v -0.006500 0.000469 -0.001159
v -0.000000 0.000435 0.003822
v -0.009000 0.000435 0.003822
v -0.009000 0.000429 0.003675
v -0.010000 0.000429 0.003675
v 0.000000 0.000423 -0.003725
v -0.009000 0.000423 -0.003725
v -0.005000 0.000418 0.001178
v -0.006500 0.000418 0.001178
v -0.010000 0.000400 0.002872
v -0.000000 0.000358 0.003758
v -0.009000 0.000358 0.003758
v -0.006500 0.000346 -0.002375
v -0.009500 0.000346 -0.002375
v -0.010000 0.000299 -0.002885
v -0.006500 0.000298 0.002381
v -0.009500 0.000298 0.002381
v -0.000000 0.000260 0.003740
v -0.009000 0.000260 0.003740
v 0.000000 0.000196 -0.003744
v -0.009000 0.000196 -0.003744
v -0.005000 0.000178 -0.001237
v -0.006500 0.000178 -0.001237
v 0.000000 0.000127 -0.002297
v -0.005000 0.000127 -0.002297
v -0.005000 0.000123 0.001244
v -0.006500 0.000123 0.001244
v -0.009000 0.000098 -0.003699
v -0.010000 0.000098 -0.003699
v -0.000000 0.000080 0.002299
v -0.005000 0.000080 0.002299
v -0.000000 0.000032 0.003749
v -0.009000 0.000032 0.003749
v 0.000000 -0.000032 -0.003749
v -0.009000 -0.000032 -0.003749
v -0.010000 -0.000066 0.002899
v -0.006500 -0.000083 -0.002399
v -0.009500 -0.000083 -0.002399
v -0.009000 -0.000098 0.003699
v -0.010000 -0.000098 0.003699
v -0.005000 -0.000123 -0.001244
v -0.006500 -0.000123 -0.001244
v -0.006500 -0.000132 0.002396
v -0.009500 -0.000132 0.002396
v -0.010000 -0.000167 -0.002895
v -0.005000 -0.000178 0.001237
v -0.006500 -0.000178 0.001237
v -0.000000 -0.000196 0.003744
v -0.009000 -0.000196 0.003744
v 0.000000 -0.000260 -0.003740
v -0.009000 -0.000260 -0.003740
v 0.000000 -0.000286 -0.002282
v -0.005000 -0.000286 -0.002282
v -0.000000 -0.000332 0.002276
v -0.005000 -0.000332 0.002276
v 0.000000 -0.000358 -0.003758
v -0.009000 -0.000358 -0.003758
v -0.005000 -0.000418 -0.001178
v -0.006500 -0.000418 -0.001178
v -0.000000 -0.000423 0.003725
v -0.009000 -0.000423 0.003725
v -0.009000 -0.000429 -0.003675
v -0.010000 -0.000429 -0.003675
v 0.000000 -0.000435 -0.003822
v -0.009000 -0.000435 -0.003822
v -0.005000 -0.000469 0.001159
v -0.006500 -0.000469 0.001159
v 0.000000 -0.000472 -0.003915
v -0.009000 -0.000472 -0.003915
v -0.006500 -0.000510 -0.002345
v -0.009500 -0.000510 -0.002345
v -0.000000 -0.000522 0.003739
v -0.009000 -0.000522 0.003739
v -0.010000 -0.000530 0.002851
v -0.006500 -0.000558 0.002334
v -0.009500 -0.000558 0.002334
v 0.000000 -0.000564 -0.004665
v -0.009000 -0.000564 -0.004665
v -0.000000 -0.000602 0.003800
v -0.009000 -0.000602 0.003800
v -0.009000 -0.000605 -0.004812
v 0.000000 -0.000608 -0.004811
v -0.009000 -0.000623 0.003647
v -0.010000 -0.000623 0.003647
v -0.010000 -0.000630 -0.002831
v -0.000000 -0.000643 0.003891
v -0.009000 -0.000643 0.003891
v 0.000000 -0.000674 -0.004954
v -0.009000 -0.000674 -0.004954
v -0.005000 -0.000687 -0.001044
v -0.006500 -0.000687 -0.001044
v 0.000000 -0.000688 -0.002195
v -0.005000 -0.000688 -0.002195
v -0.000067 -0.000709 -0.005017
v -0.008933 -0.000709 -0.005017
v -0.005000 -0.000732 0.001013
v -0.006500 -0.000732 0.001013
v -0.000000 -0.000733 0.002180
v -0.005000 -0.000733 0.002180
v -0.000156 -0.000759 -0.005100
v -0.008844 -0.000759 -0.005100
v -0.000000 -0.000767 0.004635
v -0.009000 -0.000767 0.004635
v -0.009000 -0.000815 0.004781
v -0.000000 -0.000818 0.004780
v -0.000266 -0.000828 -0.005201
v -0.008734 -0.000828 -0.005201
v -0.000000 -0.000890 0.004920
v -0.009000 -0.000890 0.004920
v -0.005000 -0.000917 -0.000849
v -0.006500 -0.000917 -0.000849
v -0.000396 -0.000918 -0.005317
v -0.008604 -0.000918 -0.005317
v -0.006500 -0.000921 -0.002216
v -0.009500 -0.000921 -0.002216
v -0.000067 -0.000927 0.004981
v -0.008933 -0.000927 0.004981
v -0.009000 -0.000948 -0.003576
v -0.010000 -0.000948 -0.003576
v -0.005000 -0.000954 0.000808
v -0.006500 -0.000954 0.000808
v -0.006500 -0.000966 0.002197
v -0.009500 -0.000966 0.002197
v -0.010000 -0.000981 0.002729
v -0.000156 -0.000982 0.005062
v -0.008844 -0.000982 0.005062
v -0.000543 -0.001030 -0.005446
v -0.008457 -0.001030 -0.005446
v -0.000266 -0.001055 0.005160
v -0.008734 -0.001055 0.005160
v 0.000000 -0.001069 -0.002036
v -0.005000 -0.001069 -0.002036
v -0.010000 -0.001076 -0.002693
v -0.005000 -0.001094 -0.000605
v -0.006500 -0.001094 -0.000605
v -0.000000 -0.001110 0.002014
v -0.005000 -0.001110 0.002014
v -0.005000 -0.001119 0.000557
v -0.006500 -0.001119 0.000557
v -0.009000 -0.001136 0.003521
v -0.010000 -0.001136 0.003521
v -0.000396 -0.001149 0.005272
v -0.008604 -0.001149 0.005272
v -0.000698 -0.001160 -0.005578
v -0.008302 -0.001160 -0.005578
v 0.000000 -0.001188 -0.004857
v -0.009000 -0.001188 -0.004857
v -0.005000 -0.001207 -0.000326
v -0.006500 -0.001207 -0.000326
v -0.005000 -0.001220 0.000273
v -0.006500 -0.001220 0.000273
v -0.005000 -0.001250 -0.000027
v -0.006500 -0.001250 -0.000027
v -0.000543 -0.001267 0.005396
v -0.008457 -0.001267 0.005396
v -0.006500 -0.001302 -0.002016
v -0.009500 -0.001302 -0.002016
v -0.006500 -0.001342 0.001989
v -0.009500 -0.001342 0.001989
v -0.000000 -0.001399 0.004800
v -0.009000 -0.001399 0.004800
v -0.000698 -0.001403 0.005522
v -0.008302 -0.001403 0.005522
v -0.010000 -0.001406 0.002536
v 0.000000 -0.001416 -0.001813
v -0.005000 -0.001416 -0.001813
v -0.001000 -0.001445 -0.005823
v -0.008000 -0.001445 -0.005823
v -0.009000 -0.001447 -0.003405
v -0.010000 -0.001447 -0.003405
v -0.000000 -0.001452 0.001784
v -0.005000 -0.001452 0.001784
v -0.010000 -0.001494 -0.002486
v -0.009000 -0.001626 0.003324
v -0.010000 -0.001626 0.003324
v -0.001000 -0.001635 -0.005773
v -0.008000 -0.001635 -0.005773
v -0.006500 -0.001641 -0.001751
v -0.009500 -0.001641 -0.001751
v -0.006500 -0.001676 0.001718
v -0.009500 -0.001676 0.001718
v 0.000000 -0.001689 -0.004706
v -0.009000 -0.001689 -0.004706
v -0.001000 -0.001699 0.005754
v -0.008000 -0.001699 0.005754
v 0.000000 -0.001717 -0.001531
v -0.005000 -0.001717 -0.001531
v 0.000000 -0.001746 -0.003428
v -0.009000 -0.001746 -0.003428
v -0.000000 -0.001747 0.001496
v -0.005000 -0.001747 0.001496
v 0.000000 -0.001767 -0.003526
v -0.009000 -0.001767 -0.003526
v 0.000000 -0.001775 -0.003332
v -0.009000 -0.001775 -0.003332
v -0.010000 -0.001795 0.002278
v -0.001000 -0.001822 -0.005717
v -0.008000 -0.001822 -0.005717
v 0.000000 -0.001847 -0.003262
v -0.009000 -0.001847 -0.003262
v -0.010000 -0.001873 -0.002214
v -0.001000 -0.001886 0.005696
v -0.008000 -0.001886 0.005696
v -0.000000 -0.001893 0.004628
v -0.009000 -0.001893 0.004628
v -0.000000 -0.001894 0.003348
v -0.009000 -0.001894 0.003348
v -0.009000 -0.001917 -0.003165
v -0.010000 -0.001917 -0.003165
v -0.000000 -0.001920 0.003251
v -0.009000 -0.001920 0.003251
v -0.000000 -0.001920 0.003445
v -0.009000 -0.001920 0.003445
v -0.006500 -0.001927 -0.001430
v -0.009500 -0.001927 -0.001430
v -0.006500 -0.001956 0.001391
v -0.009500 -0.001956 0.001391
v 0.000000 -0.001962 -0.001200
v -0.005000 -0.001962 -0.001200
v -0.000000 -0.001986 0.001160
v -0.005000 -0.001986 0.001160
v -0.000000 -0.001988 0.003178
v -0.009000 -0.001988 0.003178
v -0.001000 -0.002008 -0.005654
v -0.008000 -0.002008 -0.005654
v 0.000000 -0.002042 -0.003144
v -0.009000 -0.002042 -0.003144
v -0.001000 -0.002071 0.005631
v -0.008000 -0.002071 0.005631
v -0.009000 -0.002082 0.003059
v -0.010000 -0.002082 0.003059
v 0.000000 -0.002104 -0.004201
v -0.009000 -0.002104 -0.004201
v -0.000698 -0.002111 -0.005292
v -0.008302 -0.002111 -0.005292
v -0.010000 -0.002137 0.001961
v -0.000000 -0.002145 -0.000830
v -0.005000 -0.002145 -0.000830
v -0.000543 -0.002146 -0.005111
v -0.008457 -0.002146 -0.005111
v 0.000000 -0.002148 -0.004348
v -0.009000 -0.002151 -0.004347
v -0.006500 -0.002152 -0.001063
v -0.009500 -0.002152 -0.001063
v -0.000000 -0.002161 0.000786
v -0.005000 -0.002161 0.000786
v -0.000396 -0.002169 -0.004941
v -0.008604 -0.002169 -0.004941
v 0.000000 -0.002172 -0.004504
v -0.009000 -0.002172 -0.004504
v -0.006500 -0.002173 0.001019
v -0.009500 -0.002173 0.001019
v -0.000067 -0.002178 -0.004575
v -0.008933 -0.002178 -0.004575
v -0.000000 -0.002178 0.003052
v -0.009000 -0.002178 0.003052
v -0.000266 -0.002179 -0.004794
v -0.008734 -0.002179 -0.004794
v -0.000156 -0.002181 -0.004672
v -0.008844 -0.002181 -0.004672
v -0.010000 -0.002204 -0.001885
v 0.000000 -0.002229 -0.003014
v -0.009000 -0.002229 -0.003014
v -0.001000 -0.002253 0.005561
v -0.008000 -0.002253 0.005561
v -0.000000 -0.002259 -0.000434
v -0.005000 -0.002259 -0.000434
v -0.000000 -0.002267 0.000388
v -0.005000 -0.002267 0.000388
v -0.000000 -0.002286 0.004105
v -0.009000 -0.002286 0.004105
v -0.000000 -0.002300 -0.000023
v -0.005000 -0.002300 -0.000023
v -0.006500 -0.002307 -0.000662
v -0.009500 -0.002307 -0.000662
v -0.006500 -0.002320 0.000615
v -0.009500 -0.002320 0.000615
v -0.000000 -0.002336 0.004250
v -0.009000 -0.002339 0.004249
v -0.000698 -0.002340 0.005195
v -0.008302 -0.002340 0.005195
v -0.009000 -0.002348 -0.002859
v -0.010000 -0.002348 -0.002859
v -0.000000 -0.002359 0.002914
v -0.009000 -0.002359 0.002914
v -0.000000 -0.002367 0.004404
v -0.009000 -0.002367 0.004404
v -0.000543 -0.002368 0.005012
v -0.008457 -0.002368 0.005012
v -0.000067 -0.002376 0.004476
v -0.008933 -0.002376 0.004476
v -0.000396 -0.002383 0.004841
v -0.008604 -0.002383 0.004841
v -0.000156 -0.002384 0.004572
v -0.008844 -0.002384 0.004572
v -0.000266 -0.002387 0.004695
v -0.008734 -0.002387 0.004695
v -0.006500 -0.002388 -0.000239
v -0.009500 -0.002388 -0.000239
v -0.006500 -0.002392 0.000191
v -0.009500 -0.002392 0.000191
v 0.000000 -0.002408 -0.002873
v -0.009000 -0.002408 -0.002873
v -0.010000 -0.002424 0.001593
v -0.010000 -0.002478 -0.001507
v -0.009000 -0.002496 0.002731
v -0.010000 -0.002496 0.002731
v 0.000000 -0.002499 -0.002830
v -0.009000 -0.002499 -0.002830
v -0.000000 -0.002532 0.002765
v -0.009000 -0.002532 0.002765
v 0.000000 -0.002599 -0.002836
v -0.009000 -0.002599 -0.002836
v -0.000000 -0.002620 0.002718
v -0.009000 -0.002620 0.002718
v -0.010000 -0.002648 0.001183
v 0.000000 -0.002683 -0.002890
v -0.009000 -0.002683 -0.002890
v -0.010000 -0.002687 -0.001090
v -0.000000 -0.002720 0.002720
v -0.009000 -0.002720 0.002720
v -0.009000 -0.002731 -0.002496
v -0.010000 -0.002731 -0.002496
v -0.010000 -0.002803 0.000743
v -0.000000 -0.002807 0.002770
v -0.009000 -0.002807 0.002770
v -0.010000 -0.002827 -0.000645
v -0.009000 -0.002859 0.002348
v -0.010000 -0.002859 0.002348
v -0.010000 -0.002886 0.000284
v -0.010000 -0.002894 -0.000183
v -0.009000 -0.003059 -0.002082
v -0.010000 -0.003059 -0.002082
v -0.009000 -0.003165 0.001917
v -0.010000 -0.003165 0.001917
v 0.000000 -0.003198 -0.003442
v -0.009000 -0.003198 -0.003442
v -0.009000 -0.003318 -0.003537
v 0.000000 -0.003320 -0.003535
v -0.009000 -0.003324 -0.001626
v -0.010000 -0.003324 -0.001626
v -0.000000 -0.003345 0.003299
v -0.009000 -0.003345 0.003299
v -0.000000 -0.003395 -0.001652
v -0.009000 -0.003395 -0.001652
v -0.009000 -0.003405 0.001447
v -0.010000 -0.003405 0.001447
v -0.000000 -0.003412 -0.001553
v -0.009000 -0.003412 -0.001553
v 0.000000 -0.003428 -0.001747
v -0.009000 -0.003428 -0.001747
v 0.000000 -0.003457 -0.003612
v -0.009000 -0.003457 -0.003612
v -0.000000 -0.003464 0.001502
v -0.009000 -0.003464 0.001502
v -0.009000 -0.003469 0.003389
v -0.000000 -0.003471 0.003386
v -0.000000 -0.003477 0.001403
v -0.009000 -0.003477 0.001403
v -0.000000 -0.003500 -0.001343
v -0.009000 -0.003500 -0.001343
v -0.000000 -0.003501 0.001595
v -0.009000 -0.003501 0.001595
v 0.000000 -0.003502 -0.001814
v -0.009000 -0.003502 -0.001814
v -0.009000 -0.003521 -0.001136
v -0.010000 -0.003521 -0.001136
v -0.000067 -0.003522 -0.003642
v -0.008933 -0.003522 -0.003642
v -0.000000 -0.003556 0.001189
v -0.009000 -0.003556 0.001189
v -0.000000 -0.003575 -0.001128
v -0.009000 -0.003575 -0.001128
v -0.009000 -0.003576 0.000948
v -0.010000 -0.003576 0.000948
v -0.000000 -0.003578 0.001659
v -0.009000 -0.003578 0.001659
v -0.000156 -0.003612 -0.003680
v -0.008844 -0.003612 -0.003680
v -0.000000 -0.003612 0.003457
v -0.009000 -0.003612 0.003457
v -0.000000 -0.003621 0.000971
v -0.009000 -0.003621 0.000971
v -0.000000 -0.003637 -0.000909
v -0.009000 -0.003637 -0.000909
v -0.009000 -0.003647 -0.000623
v -0.010000 -0.003647 -0.000623
v -0.000000 -0.003674 0.000749
v -0.009000 -0.003674 0.000749
v -0.009000 -0.003675 0.000429
v -0.010000 -0.003675 0.000429
v -0.000067 -0.003678 0.003485
v -0.008933 -0.003678 0.003485
v -0.000000 -0.003685 -0.000821
v -0.009000 -0.003685 -0.000821
v -0.009000 -0.003699 -0.000098
v -0.010000 -0.003699 -0.000098
v -0.000000 -0.003718 0.000659
v -0.009000 -0.003718 0.000659
v -0.000266 -0.003727 -0.003721
v -0.008734 -0.003727 -0.003721
v -0.000000 -0.003770 -0.000767
v -0.009000 -0.003770 -0.000767
v -0.000156 -0.003770 0.003518
v -0.008844 -0.003770 0.003518
v -0.000000 -0.003800 0.000602
v -0.009000 -0.003800 0.000602
v 0.000000 -0.003816 -0.003231
v -0.009000 -0.003816 -0.003231
v -0.000396 -0.003868 -0.003762
v -0.008604 -0.003868 -0.003762
v -0.000000 -0.003870 -0.000761
v -0.009000 -0.003870 -0.000761
v -0.000266 -0.003886 0.003554
v -0.008734 -0.003886 0.003554
v -0.000000 -0.003899 0.000591
v -0.009000 -0.003899 0.000591
v -0.000000 -0.003954 0.003061
v -0.009000 -0.003954 0.003061
v -0.000396 -0.004029 0.003589
v -0.008604 -0.004029 0.003589
v -0.000543 -0.004035 -0.003801
v -0.008457 -0.004035 -0.003801
v 0.000000 -0.004133 -0.002814
v -0.009000 -0.004133 -0.002814
v 0.000000 -0.004171 -0.002162
v -0.009000 -0.004171 -0.002162
v -0.000543 -0.004197 0.003621
v -0.008457 -0.004197 0.003621
v -0.000698 -0.004217 -0.003831
v -0.008302 -0.004217 -0.003831
v -0.000000 -0.004252 0.002631
v -0.009000 -0.004252 0.002631
v -0.000000 -0.004262 0.001978
v -0.009000 -0.004262 0.001978
v 0.000000 -0.004293 -0.002255
v -0.009000 -0.004295 -0.002252
v -0.000698 -0.004381 0.003643
v -0.008302 -0.004381 0.003643
v -0.000000 -0.004388 0.002065
v -0.009000 -0.004390 0.002062
v 0.000000 -0.004404 -0.002367
v -0.009000 -0.004404 -0.002367
v -0.000067 -0.004451 -0.002421
v -0.008933 -0.004451 -0.002421
v -0.000000 -0.004504 0.002172
v -0.009000 -0.004504 0.002172
v -0.000156 -0.004511 -0.002498
v -0.008844 -0.004511 -0.002498
v -0.000067 -0.004553 0.002224
v -0.008933 -0.004553 0.002224
v -0.000266 -0.004581 -0.002598
v -0.008734 -0.004581 -0.002598
v -0.001000 -0.004592 -0.003861
v -0.008000 -0.004592 -0.003861
v -0.000000 -0.004610 -0.000905
v -0.009000 -0.004610 -0.000905
v -0.000156 -0.004616 0.002298
v -0.008844 -0.004616 0.002298
v -0.000000 -0.004646 0.000703
v -0.009000 -0.004646 0.000703
v -0.000396 -0.004659 -0.002722
v -0.008604 -0.004659 -0.002722
v -0.000266 -0.004690 0.002395
v -0.008734 -0.004690 0.002395
v -0.001000 -0.004716 -0.003710
v -0.008000 -0.004716 -0.003710
v -0.000543 -0.004740 -0.002873
v -0.008457 -0.004740 -0.002873
v -0.001000 -0.004757 0.003657
v -0.008000 -0.004757 0.003657
v -0.009000 -0.004763 -0.000912
v -0.000000 -0.004764 -0.000908
v -0.000396 -0.004773 0.002516
v -0.008604 -0.004773 0.002516
v -0.000000 -0.004799 0.000699
v -0.009000 -0.004799 0.000702
v -0.000698 -0.004818 -0.003041
v -0.008302 -0.004818 -0.003041
v -0.001000 -0.004834 -0.003554
v -0.008000 -0.004834 -0.003554
v -0.000543 -0.004861 0.002663
v -0.008457 -0.004861 0.002663
v -0.001000 -0.004874 0.003500
v -0.008000 -0.004874 0.003500
v -0.000000 -0.004920 -0.000890
v -0.009000 -0.004920 -0.000890
v -0.000698 -0.004947 0.002827
v -0.008302 -0.004947 0.002827
v -0.001000 -0.004948 -0.003394
v -0.008000 -0.004948 -0.003394
v -0.000000 -0.004954 0.000674
v -0.009000 -0.004954 0.000674
v -0.001000 -0.004985 0.003339
v -0.008000 -0.004985 0.003339
v -0.000000 -0.004986 -0.000371
v -0.009000 -0.004986 -0.000371
v -0.000067 -0.004991 -0.000876
v -0.008933 -0.004991 -0.000876
v -0.000000 -0.004998 0.000152
v -0.009000 -0.004998 0.000152
v -0.000067 -0.005024 0.000657
v -0.008933 -0.005024 0.000657
v -0.000156 -0.005085 -0.000854
v -0.008844 -0.005085 -0.000854
v -0.001000 -0.005092 0.003174
v -0.008000 -0.005092 0.003174
v -0.000156 -0.005118 0.000631
v -0.008844 -0.005118 0.000631
v -0.000266 -0.005202 -0.000819
v -0.008734 -0.005202 -0.000819
v -0.000266 -0.005233 0.000591
v -0.008734 -0.005233 0.000591
v -0.000396 -0.005341 -0.000770
v -0.008604 -0.005341 -0.000770
v -0.000396 -0.005369 0.000536
v -0.008604 -0.005369 0.000536
v -0.000543 -0.005498 -0.000703
v -0.008457 -0.005498 -0.000703
v -0.000543 -0.005524 0.000462
v -0.008457 -0.005524 0.000462
v -0.000698 -0.005664 -0.000621
v -0.008302 -0.005664 -0.000621
v -0.000698 -0.005685 0.000372
v -0.008302 -0.005685 0.000372
v -0.001000 -0.005985 -0.000425
v -0.008000 -0.005985 -0.000425
v -0.001000 -0.005996 -0.000229
v -0.008000 -0.005996 -0.000229
v -0.001000 -0.005998 0.000163
v -0.008000 -0.005998 0.000163
v -0.001000 -0.006000 -0.000033
v -0.008000 -0.006000 -0.000033
vn -0.7071 0.7037 -0.0692
vn -0.7071 0.6835 -0.1812
vn -0.7071 0.6456 -0.2885
vn -0.7071 0.6402 -0.3003
vn -0.7071 0.5910 -0.3883
vn -0.7071 0.5763 -0.4098
vn -0.7071 0.5210 -0.4781
vn -0.7071 0.4938 -0.5061
vn -0.7071 0.4376 -0.5555
vn -0.7071 0.3955 -0.5861
vn -0.7071 0.3428 -0.6185
vn -0.7071 0.2845 -0.6473
vn -0.7071 0.2392 -0.6654
vn -0.7071 0.1643 -0.6877
vn -0.7071 0.1293 -0.6952
vn -0.7071 0.0389 -0.7060
vn -0.7071 0.0161 -0.7069
vn -0.7071 -0.0878 -0.7016
vn -0.7071 -0.0976 -0.7004
vn -0.7071 -0.2117 -0.6747
vn -0.7071 -0.2085 -0.6757
vn -0.7071 -0.3142 -0.6335
vn -0.7071 -0.3287 -0.6260
vn -0.7071 -0.4118 -0.5749
vn -0.7071 -0.4352 -0.5573
vn -0.7071 -0.4987 -0.5014
vn -0.7071 -0.5277 -0.4706
vn -0.7071 -0.5726 -0.4149
vn -0.7071 -0.6033 -0.3688
vn -0.7071 -0.6318 -0.3176
vn -0.7071 -0.6595 -0.2552
vn -0.7071 -0.6745 -0.2122
vn -0.7071 -0.6944 -0.1333
vn -0.7071 -0.6998 -0.1012
vn -0.7071 -0.7070 -0.0072
vn -0.7071 -0.7070 0.0124
vn -0.7071 -0.6970 0.1192
vn -0.7071 -0.6959 0.1256
vn -0.7071 -0.6667 0.2355
vn -0.7071 -0.6645 0.2417
vn -0.7071 -0.6203 0.3395
vn -0.7071 -0.6107 0.3565
vn -0.7071 -0.5578 0.4346
vn -0.7071 -0.5372 0.4598
vn -0.7071 -0.4809 0.5185
vn -0.7071 -0.4465 0.5483
vn -0.7071 -0.3915 0.5888
vn -0.7071 -0.3414 0.6192
vn -0.7071 -0.2919 0.6440
vn -0.7071 -0.2253 0.6702
vn -0.7071 -0.1848 0.6825
vn -0.7071 -0.1020 0.6997
vn -0.7071 -0.0730 0.7033
vn -0.7071 0.0245 0.7067
vn -0.7071 0.0408 0.7059
vn -0.7071 0.1503 0.6909
vn -0.7071 0.1534 0.6903
vn -0.7071 0.2622 0.6567
vn -0.7071 0.2713 0.6530
vn -0.7071 0.3642 0.6061
vn -0.7071 0.3835 0.5941
vn -0.7071 0.4567 0.5399
vn -0.7071 0.4834 0.5160
vn -0.7071 0.5374 0.4596
vn -0.7071 0.5678 0.4214
vn -0.7071 0.6041 0.3674
vn -0.7071 0.6339 0.3133
vn -0.7071 0.6553 0.2658
vn -0.7071 0.6797 0.1950
vn -0.7071 0.6894 0.1572
vn -0.7071 0.7036 0.0705
vn -0.7071 0.7057 0.0446
vn -0.7071 0.7048 -0.0562
vn -1.0000 -0.0000 -0.0000
vn -0.0000 0.9968 -0.0795
vn -0.0000 0.9666 -0.2562
vn -0.0000 0.9053 -0.4247
vn -0.0000 0.8149 -0.5795
vn -0.0000 0.6984 -0.7157
vn -0.0000 0.5593 -0.8289
vn -0.0000 0.4023 -0.9155
vn -0.0000 0.2324 -0.9726
vn -0.0000 0.0550 -0.9985
vn -0.0000 -0.1242 -0.9923
vn -0.0000 -0.2993 -0.9541
vn -0.0000 -0.4649 -0.8854
vn -0.0000 -0.6155 -0.7881
vn -0.0000 -0.7463 -0.6656
vn -0.0000 -0.8532 -0.5216
vn -0.0000 -0.9326 -0.3609
vn -0.0000 -0.9821 -0.1885
vn -0.0000 -0.9999 -0.0102
vn -0.0000 -0.9857 0.1686
vn -0.0000 -0.9398 0.3418
vn -0.0000 -0.8636 0.5042
vn -0.0000 -0.7597 0.6503
vn -0.0000 -0.6314 0.7755
vn -0.0000 -0.4828 0.8757
vn -0.0000 -0.3187 0.9479
vn -0.0000 -0.1443 0.9895
vn -0.0000 0.0347 0.9994
vn -0.0000 0.2126 0.9771
vn -0.0000 0.3837 0.9235
vn -0.0000 0.5424 0.8401
vn -0.0000 0.6837 0.7298
vn -0.0000 0.8030 0.5960
vn -0.0000 0.8965 0.4430
vn -0.0000 0.9612 0.2758
vn -0.0000 0.9950 0.0998
vn -0.0000 -0.9053 0.4247
vn -0.0000 -0.9666 0.2562
vn -0.0000 -0.9968 0.0795
vn -0.0000 -0.9950 -0.0998
vn -0.0000 -0.9612 -0.2758
vn -0.0000 -0.8965 -0.4430
vn -0.0000 -0.8030 -0.5960
vn -0.0000 -0.6837 -0.7298
vn -0.0000 -0.5424 -0.8401
vn -0.0000 -0.3837 -0.9235
vn -0.0000 -0.2126 -0.9771
vn -0.0000 -0.0347 -0.9994
vn -0.0000 0.1443 -0.9895
vn -0.0000 0.3187 -0.9479
vn -0.0000 0.4828 -0.8757
vn -0.0000 0.6314 -0.7755
vn -0.0000 0.7597 -0.6503
vn -0.0000 0.8636 -0.5042
vn -0.0000 0.9398 -0.3418
vn -0.0000 0.9857 -0.1686
vn -0.0000 0.9999 0.0102
vn -0.0000 0.9821 0.1885
vn -0.0000 0.9326 0.3609
vn -0.0000 0.8532 0.5216
vn -0.0000 0.7463 0.6656
vn -0.0000 0.6155 0.7881
vn -0.0000 0.4649 0.8854
vn -0.0000 0.2993 0.9541
vn -0.0000 0.1242 0.9923
vn -0.0000 -0.0550 0.9985
vn -0.0000 -0.2324 0.9726
vn -0.0000 -0.4023 0.9155
vn -0.0000 -0.5593 0.8289
vn -0.0000 -0.6984 0.7157
vn -0.0000 -0.8149 0.5795
vn -0.7071 -0.2222 0.6713
vn -0.7071 -0.2002 0.6782
vn -0.7071 -0.1979 0.6788
vn -0.7071 -0.1741 0.6853
vn -0.7071 -0.1617 0.6884
vn -0.7071 -0.1259 0.6958
vn -0.7071 -0.1507 0.6909
vn -0.7071 -0.1416 0.6928
vn -0.7071 -0.1346 0.6942
vn -0.7071 -0.1294 0.6952
vn -0.7071 -0.2440 0.6636
vn -0.7071 -0.2678 0.6544
vn -0.7071 -0.2656 0.6553
vn -0.7071 -0.2905 0.6447
vn -0.7071 -0.3020 0.6394
vn -0.7071 -0.3122 0.6344
vn -0.7071 -0.3205 0.6303
vn -0.7071 -0.3268 0.6270
vn -0.7071 -0.3315 0.6246
vn -0.7071 -0.3347 0.6229
vn -0.0000 -0.9593 0.2823
vn -0.0000 -0.9842 0.1770
vn -0.0000 -0.9931 0.1176
vn -0.0000 -0.9984 0.0566
vn -0.0000 -1.0000 -0.0018
vn -0.0000 -0.9985 -0.0553
vn -0.0000 -0.9944 -0.1054
vn -0.0000 -0.9898 -0.1423
vn -0.0000 -0.9668 -0.2556
vn -0.0000 -0.9667 -0.2559
vn -0.0000 -0.8746 -0.4849
vn -0.7072 0.2147 0.6737
vn -0.7071 0.2367 0.6663
vn -0.7071 0.2389 0.6655
vn -0.7071 0.2620 0.6568
vn -0.7071 0.2738 0.6519
vn -0.7071 0.3071 0.6369
vn -0.7071 0.2842 0.6475
vn -0.7071 0.2926 0.6437
vn -0.7071 0.2991 0.6407
vn -0.7071 0.3039 0.6385
vn -0.7071 0.1927 0.6804
vn -0.7071 0.1680 0.6868
vn -0.7071 0.1704 0.6863
vn -0.7071 0.1439 0.6923
vn -0.7071 0.1314 0.6948
vn -0.7071 0.1203 0.6968
vn -0.7071 0.1112 0.6983
vn -0.7071 0.1041 0.6994
vn -0.7071 0.0989 0.7002
vn -0.7071 0.0953 0.7006
vn -0.0000 -0.6102 0.7922
vn -0.0000 -0.6922 0.7217
vn -0.0000 -0.7342 0.6789
vn -0.0000 -0.7343 0.6789
vn -0.0000 -0.7745 0.6326
vn -0.0000 -0.7744 0.6326
vn -0.0000 -0.8101 0.5863
vn -0.0000 -0.8403 0.5422
vn -0.0000 -0.8665 0.4992
vn -0.0000 -0.8844 0.4667
vn -0.0000 -0.9324 0.3615
vn -0.0000 -0.9325 0.3612
vn -0.0000 -0.9926 0.1218
vn -0.7071 0.5697 0.4188
vn -0.7071 0.5831 0.4000
vn -0.7071 0.5845 0.3980
vn -0.7071 0.5980 0.3773
vn -0.7071 0.6047 0.3665
vn -0.7071 0.6229 0.3347
vn -0.7071 0.6105 0.3568
vn -0.7071 0.6151 0.3488
vn -0.7071 0.6186 0.3425
vn -0.7071 0.6211 0.3379
vn -0.7071 0.5558 0.4371
vn -0.7071 0.5396 0.4569
vn -0.7071 0.5412 0.4551
vn -0.7071 0.5234 0.4755
vn -0.7071 0.5147 0.4848
vn -0.7071 0.5069 0.4930
vn -0.7071 0.5004 0.4996
vn -0.7071 0.4953 0.5046
vn -0.7071 0.4916 0.5083
vn -0.7071 0.4890 0.5108
vn -0.0000 -0.0280 0.9996
vn -0.0000 -0.1358 0.9907
vn -0.0000 -0.1950 0.9808
vn -0.0000 -0.2547 0.9670
vn -0.0000 -0.3108 0.9505
vn -0.0000 -0.3611 0.9325
vn -0.0000 -0.4076 0.9132
vn -0.0000 -0.4412 0.8974
vn 0.0001 -0.5419 0.8405
vn -0.0000 -0.5433 0.8396
vn -0.0000 -0.7314 0.6819
vn -0.7071 0.7071 0.0039
vn -0.7071 0.7068 -0.0192
vn -0.7071 0.7068 -0.0215
vn -0.7071 0.7056 -0.0462
vn -0.7071 0.7046 -0.0589
vn -0.7071 0.7006 -0.0953
vn -0.7071 0.7036 -0.0702
vn -0.7071 0.7026 -0.0793
vn -0.7071 0.7018 -0.0865
vn -0.7071 0.7011 -0.0917
vn -0.7071 0.7066 0.0270
vn -0.7071 0.7052 0.0524
vn -0.7071 0.7053 0.0501
vn -0.7071 0.7029 0.0770
vn -0.7071 0.7014 0.0897
vn -0.7071 0.6999 0.1009
vn -0.7071 0.6985 0.1100
vn -0.7071 0.6973 0.1171
vn -0.7071 0.6964 0.1223
vn -0.7071 0.6958 0.1258
vn -0.0000 0.5649 0.8252
vn -0.0000 0.4725 0.8814
vn -0.0000 0.4724 0.8814
vn -0.0000 0.4188 0.9081
vn -0.0000 0.3624 0.9320
vn -0.0000 0.3073 0.9516
vn -0.0000 0.2560 0.9667
vn -0.0000 0.2071 0.9783
vn -0.0000 0.2070 0.9783
vn -0.0000 0.1706 0.9853
vn -0.0000 0.0557 0.9985
vn -0.0000 0.0553 0.9985
vn -0.0000 -0.1909 0.9816
vn -0.7071 0.5744 -0.4125
vn -0.7071 0.5606 -0.4310
vn -0.7071 0.5591 -0.4329
vn -0.7071 0.5437 -0.4521
vn -0.7071 0.5354 -0.4618
vn -0.7071 0.5108 -0.4889
vn -0.7071 0.5280 -0.4704
vn -0.7071 0.5218 -0.4772
vn -0.7071 0.5169 -0.4825
vn -0.7071 0.5133 -0.4863
vn -0.7071 0.5875 -0.3935
vn -0.7071 0.6013 -0.3721
vn -0.7071 0.6000 -0.3741
vn -0.7071 0.6139 -0.3508
vn -0.7071 0.6202 -0.3397
vn -0.7071 0.6255 -0.3297
vn -0.7071 0.6298 -0.3215
vn -0.7071 0.6330 -0.3152
vn -0.7071 0.6353 -0.3104
vn -0.7071 0.6369 -0.3072
vn -0.0000 0.9420 0.3355
vn -0.0000 0.9003 0.4353
vn -0.0000 0.8725 0.4885
vn -0.0000 0.8410 0.5411
vn -0.0000 0.8410 0.5410
vn -0.0000 0.8079 0.5893
vn -0.0000 0.7753 0.6316
vn -0.0000 0.7426 0.6698
vn -0.0000 0.7425 0.6698
vn -0.0000 0.7172 0.6969
vn 0.0001 0.6319 0.7751
vn -0.0000 0.6306 0.7761
vn -0.0000 0.4225 0.9063
vn -0.0000 0.4226 0.9063
vn -0.7071 0.2222 -0.6713
vn -0.7071 0.2002 -0.6782
vn -0.7071 0.1979 -0.6788
vn -0.7071 0.1741 -0.6853
vn -0.7071 0.1617 -0.6884
vn -0.7071 0.1259 -0.6958
vn -0.7071 0.1507 -0.6909
vn -0.7071 0.1416 -0.6928
vn -0.7071 0.1346 -0.6942
vn -0.7071 0.1294 -0.6952
vn -0.7071 0.2440 -0.6636
vn -0.7071 0.2678 -0.6544
vn -0.7071 0.2656 -0.6553
vn -0.7071 0.2905 -0.6447
vn -0.7071 0.3020 -0.6394
vn -0.7071 0.3122 -0.6344
vn -0.7071 0.3205 -0.6303
vn -0.7071 0.3268 -0.6270
vn -0.7071 0.3315 -0.6246
vn -0.7071 0.3347 -0.6229
vn -0.0000 0.9593 -0.2823
vn -0.0000 0.9842 -0.1770
vn -0.0000 0.9931 -0.1176
vn -0.0000 0.9984 -0.0566
vn -0.0000 1.0000 0.0018
vn -0.0000 0.9985 0.0553
vn -0.0000 0.9944 0.1054
vn -0.0000 0.9898 0.1423
vn -0.0000 0.9668 0.2556
vn -0.0000 0.9667 0.2559
vn -0.0000 0.8746 0.4849
vn -0.7072 -0.2147 -0.6737
vn -0.7071 -0.2367 -0.6663
vn -0.7071 -0.2389 -0.6655
vn -0.7071 -0.2620 -0.6568
vn -0.7071 -0.2738 -0.6519
vn -0.7071 -0.3071 -0.6369
vn -0.7071 -0.2842 -0.6475
vn -0.7071 -0.2926 -0.6437
vn -0.7071 -0.2991 -0.6407
vn -0.7071 -0.3039 -0.6385
vn -0.7071 -0.1927 -0.6804
vn -0.7071 -0.1680 -0.6868
vn -0.7071 -0.1704 -0.6863
vn -0.7071 -0.1439 -0.6923
vn -0.7071 -0.1314 -0.6948
vn -0.7071 -0.1203 -0.6968
vn -0.7071 -0.1112 -0.6983
vn -0.7071 -0.1041 -0.6994
vn -0.7071 -0.0989 -0.7002
vn -0.7071 -0.0953 -0.7006
vn -0.0000 0.6102 -0.7922
vn -0.0000 0.6922 -0.7217
vn -0.0000 0.7342 -0.6789
vn -0.0000 0.7343 -0.6789
vn -0.0000 0.7745 -0.6326
vn -0.0000 0.7744 -0.6326
vn -0.0000 0.8101 -0.5863
vn -0.0000 0.8403 -0.5422
vn -0.0000 0.8665 -0.4992
vn -0.0000 0.8844 -0.4667
vn -0.0000 0.9324 -0.3615
vn -0.0000 0.9325 -0.3612
vn -0.0000 0.9926 -0.1218
vn -0.7071 -0.5697 -0.4188
vn -0.7071 -0.5831 -0.4000
vn -0.7071 -0.5845 -0.3980
vn -0.7071 -0.5980 -0.3773
vn -0.7071 -0.6047 -0.3665
vn -0.7071 -0.6229 -0.3347
vn -0.7071 -0.6105 -0.3568
vn -0.7071 -0.6151 -0.3488
vn -0.7071 -0.6186 -0.3425
vn -0.7071 -0.6211 -0.3379
vn -0.7071 -0.5558 -0.4371
vn -0.7071 -0.5396 -0.4569
vn -0.7071 -0.5412 -0.4551
vn -0.7071 -0.5234 -0.4755
vn -0.7071 -0.5147 -0.4848
vn -0.7071 -0.5069 -0.4930
vn -0.7071 -0.5004 -0.4996
vn -0.7071 -0.4953 -0.5046
vn -0.7071 -0.4916 -0.5083
vn -0.7071 -0.4890 -0.5108
vn -0.0000 0.0280 -0.9996
vn -0.0000 0.1358 -0.9907
vn -0.0000 0.1950 -0.9808
vn -0.0000 0.2547 -0.9670
vn -0.0000 0.3108 -0.9505
vn -0.0000 0.3611 -0.9325
vn -0.0000 0.4076 -0.9132
vn -0.0000 0.4412 -0.8974
vn -0.0000 0.5418 -0.8405
vn -0.0000 0.5421 -0.8403
vn -0.0000 0.7314 -0.6819
vn -0.7071 -0.7071 -0.0039
vn -0.7071 -0.7068 0.0192
vn -0.7071 -0.7068 0.0215
vn -0.7071 -0.7056 0.0462
vn -0.7071 -0.7046 0.0589
vn -0.7071 -0.7006 0.0953
vn -0.7071 -0.7036 0.0702
vn -0.7071 -0.7026 0.0793
vn -0.7071 -0.7018 0.0865
vn -0.7071 -0.7011 0.0917
vn -0.7071 -0.7066 -0.0270
vn -0.7071 -0.7052 -0.0524
vn -0.7071 -0.7053 -0.0501
vn -0.7071 -0.7029 -0.0770
vn -0.7071 -0.7014 -0.0897
vn -0.7071 -0.6999 -0.1009
vn -0.7071 -0.6985 -0.1100
vn -0.7071 -0.6973 -0.1171
vn -0.7071 -0.6964 -0.1223
vn -0.7071 -0.6958 -0.1258
vn -0.0000 -0.2497 0.9683
vn -0.0000 -0.2135 0.9769
vn -0.0000 -0.0993 0.9951
vn -0.0000 -0.2980 0.9546
vn -0.0000 -0.3486 0.9373
vn -0.0000 -0.4028 0.9153
vn -0.0000 -0.4581 0.8889
vn -0.0000 -0.5105 0.8599
vn -0.0000 -0.6005 0.7997
vn -0.0000 -0.0989 0.9951
vn 0.0002 0.1478 0.9890
vn -0.0000 0.1478 0.9890
vn -0.7071 -0.5744 0.4125
vn -0.7071 -0.5606 0.4310
vn -0.7071 -0.5591 0.4329
vn -0.7071 -0.5437 0.4521
vn -0.7071 -0.5354 0.4618
vn -0.7071 -0.5108 0.4889
vn -0.7071 -0.5280 0.4704
vn -0.7071 -0.5218 0.4772
vn -0.7071 -0.5169 0.4825
vn -0.7071 -0.5133 0.4863
vn -0.7071 -0.5875 0.3935
vn -0.7071 -0.6013 0.3721
vn -0.7071 -0.6000 0.3741
vn -0.7071 -0.6139 0.3508
vn -0.7071 -0.6202 0.3397
vn -0.7071 -0.6255 0.3297
vn -0.7071 -0.6298 0.3215
vn -0.7071 -0.6330 0.3152
vn -0.7071 -0.6353 0.3104
vn -0.7071 -0.6369 0.3072
vn -0.0000 0.3672 0.9301
vn -0.0000 0.4015 0.9159
vn -0.0000 0.5045 0.8634
vn -0.0000 0.3200 0.9474
vn -0.0000 0.2689 0.9632
vn -0.0000 0.2122 0.9772
vn -0.0000 0.1519 0.9884
vn -0.0000 0.0924 0.9957
vn -0.0000 -0.0157 0.9999
vn -0.0000 0.5049 0.8632
vn 0.0002 0.7009 0.7133
vn -0.0000 0.7009 0.7133
vn -0.0000 -0.7928 0.6095
vn -0.0000 -0.8123 0.5833
vn -0.0000 -0.8309 0.5565
vn -0.0000 -0.8486 0.5291
vn -0.0000 -0.8486 0.5290
vn 0.7071 0.3071 0.6369
vn 0.7071 0.3039 0.6385
vn 0.7071 0.2389 0.6655
vn 0.7071 0.2991 0.6407
vn 0.7071 0.2926 0.6437
vn 0.7071 0.2842 0.6475
vn 0.7071 0.2738 0.6519
vn 0.7071 0.2620 0.6568
vn 0.7071 0.2367 0.6663
vn 0.7072 0.2147 0.6737
vn 0.7071 0.1680 0.6868
vn 0.7071 0.1927 0.6804
vn 0.7071 0.1704 0.6863
vn 0.7071 0.1439 0.6923
vn 0.7071 0.1314 0.6948
vn 0.7071 0.0953 0.7006
vn 0.7071 0.1203 0.6968
vn 0.7071 0.1112 0.6983
vn 0.7071 0.1042 0.6994
vn 0.7071 0.0989 0.7002
vn -0.0000 0.9981 -0.0618
vn -0.0000 0.9951 -0.0988
vn -0.0000 0.9770 -0.2131
vn -0.0000 0.9999 -0.0116
vn -0.0000 0.9991 0.0419
vn -0.0000 0.9950 0.1002
vn -0.0000 0.9870 0.1610
vn -0.0000 0.9755 0.2198
vn -0.0000 0.9461 0.3240
vn -0.0000 0.9770 -0.2134
vn 0.0002 0.8949 -0.4462
vn -0.0000 0.8949 -0.4462
vn 1.0000 -0.0000 -0.0000
vn 0.7071 -0.1259 0.6958
vn 0.7071 -0.1294 0.6952
vn 0.7071 -0.1979 0.6789
vn 0.7071 -0.1346 0.6942
vn 0.7071 -0.1416 0.6928
vn 0.7071 -0.1506 0.6909
vn 0.7071 -0.1617 0.6884
vn 0.7071 -0.1741 0.6853
vn 0.7071 -0.2002 0.6782
vn 0.7071 -0.2222 0.6712
vn 0.7071 -0.2678 0.6544
vn 0.7071 -0.2440 0.6636
vn 0.7071 -0.2656 0.6553
vn 0.7071 -0.2905 0.6447
vn 0.7071 -0.3020 0.6394
vn 0.7071 -0.3347 0.6229
vn 0.7071 -0.3122 0.6344
vn 0.7071 -0.3205 0.6303
vn 0.7071 -0.3269 0.6270
vn 0.7071 -0.3315 0.6246
vn -0.0000 0.8438 0.5366
vn -0.0000 0.8631 0.5050
vn -0.0000 0.8632 0.5049
vn -0.0000 0.9157 0.4019
vn -0.0000 0.8158 0.5784
vn -0.0000 0.7837 0.6212
vn -0.0000 0.7460 0.6659
vn -0.0000 0.7039 0.7103
vn -0.0000 0.6600 0.7513
vn -0.0000 0.5750 0.8182
vn -0.0000 0.9158 0.4016
vn 0.0002 0.9863 0.1651
vn -0.0000 0.9863 0.1651
vn 0.7071 0.6228 0.3347
vn 0.7071 0.6211 0.3379
vn 0.7071 0.5845 0.3980
vn 0.7071 0.6186 0.3425
vn 0.7071 0.6151 0.3488
vn 0.7071 0.6105 0.3568
vn 0.7071 0.6047 0.3665
vn 0.7071 0.5980 0.3773
vn 0.7071 0.5831 0.4000
vn 0.7071 0.5697 0.4188
vn 0.7071 0.5396 0.4569
vn 0.7071 0.5558 0.4372
vn 0.7071 0.5412 0.4551
vn 0.7071 0.5234 0.4755
vn 0.7071 0.5147 0.4848
vn 0.7071 0.4890 0.5108
vn 0.7071 0.5069 0.4930
vn 0.7071 0.5004 0.4996
vn 0.7071 0.4953 0.5046
vn 0.7071 0.4915 0.5083
vn -0.0000 0.7711 -0.6367
vn -0.0000 0.7470 -0.6649
vn -0.0000 0.6652 -0.7467
vn -0.0000 0.8022 -0.5971
vn -0.0000 0.8329 -0.5534
vn -0.0000 0.8639 -0.5037
vn -0.0000 0.8931 -0.4499
vn -0.0000 0.9184 -0.3955
vn -0.0000 0.9558 -0.2940
vn -0.0000 0.6650 -0.7469
vn 0.0002 0.4618 -0.8870
vn -0.0000 0.4618 -0.8870
vn 0.7071 0.7006 -0.0953
vn 0.7071 0.7011 -0.0917
vn 0.7071 0.7068 -0.0215
vn 0.7071 0.7018 -0.0865
vn 0.7071 0.7026 -0.0794
vn 0.7071 0.7036 -0.0702
vn 0.7071 0.7046 -0.0589
vn 0.7071 0.7056 -0.0462
vn 0.7071 0.7068 -0.0192
vn 0.7071 0.7071 0.0039
vn 0.7071 0.7052 0.0524
vn 0.7071 0.7066 0.0270
vn 0.7071 0.7053 0.0501
vn 0.7071 0.7029 0.0770
vn 0.7071 0.7014 0.0897
vn 0.7071 0.6958 0.1258
vn 0.7071 0.6999 0.1009
vn 0.7071 0.6985 0.1100
vn 0.7071 0.6973 0.1171
vn 0.7071 0.6964 0.1223
vn -0.0000 0.2497 -0.9683
vn -0.0000 0.2135 -0.9769
vn -0.0000 0.0993 -0.9951
vn -0.0000 0.2980 -0.9546
vn -0.0000 0.3486 -0.9373
vn -0.0000 0.4028 -0.9153
vn -0.0000 0.4581 -0.8889
vn -0.0000 0.5105 -0.8599
vn -0.0000 0.6005 -0.7997
vn -0.0000 0.0989 -0.9951
vn 0.0002 -0.1478 -0.9890
vn -0.0000 -0.1478 -0.9890
vn 0.7071 0.5108 -0.4889
vn 0.7071 0.5133 -0.4863
vn 0.7071 0.5591 -0.4328
vn 0.7071 0.5169 -0.4825
vn 0.7071 0.5218 -0.4772
vn 0.7071 0.5280 -0.4704
vn 0.7071 0.5354 -0.4619
vn 0.7071 0.5437 -0.4521
vn 0.7071 0.5606 -0.4310
vn 0.7071 0.5744 -0.4125
vn 0.7071 0.6013 -0.3721
vn 0.7071 0.5875 -0.3935
vn 0.7071 0.6000 -0.3741
vn 0.7071 0.6139 -0.3509
vn 0.7071 0.6201 -0.3397
vn 0.7071 0.6369 -0.3072
vn 0.7071 0.6255 -0.3297
vn 0.7071 0.6298 -0.3215
vn 0.7071 0.6330 -0.3152
vn 0.7071 0.6353 -0.3104
vn -0.0000 -0.3672 -0.9301
vn -0.0000 -0.4015 -0.9159
vn -0.0000 -0.5045 -0.8634
vn -0.0000 -0.3200 -0.9474
vn -0.0000 -0.2689 -0.9632
vn -0.0000 -0.2122 -0.9772
vn -0.0000 -0.1519 -0.9884
vn -0.0000 -0.0924 -0.9957
vn -0.0000 0.0157 -0.9999
vn -0.0000 -0.5049 -0.8632
vn 0.0002 -0.7009 -0.7133
vn -0.0000 -0.7009 -0.7133
vn 0.7071 0.1259 -0.6958
vn 0.7071 0.1294 -0.6952
vn 0.7071 0.1979 -0.6789
vn 0.7071 0.1346 -0.6942
vn 0.7071 0.1416 -0.6928
vn 0.7071 0.1506 -0.6909
vn 0.7071 0.1617 -0.6884
vn 0.7071 0.1741 -0.6853
vn 0.7071 0.2002 -0.6782
vn 0.7071 0.2222 -0.6712
vn 0.7071 0.2678 -0.6544
vn 0.7071 0.2440 -0.6636
vn 0.7071 0.2656 -0.6553
vn 0.7071 0.2905 -0.6447
vn 0.7071 0.3020 -0.6394
vn 0.7071 0.3347 -0.6229
vn 0.7071 0.3122 -0.6344
vn 0.7071 0.3205 -0.6303
vn 0.7071 0.3269 -0.6270
vn 0.7071 0.3315 -0.6246
vn -0.0000 -0.8438 -0.5366
vn -0.0000 -0.8631 -0.5050
vn -0.0000 -0.8632 -0.5049
vn -0.0000 -0.9157 -0.4019
vn -0.0000 -0.8158 -0.5784
vn -0.0000 -0.7837 -0.6212
vn -0.0000 -0.7460 -0.6659
vn -0.0000 -0.7039 -0.7103
vn -0.0000 -0.6600 -0.7513
vn -0.0000 -0.5750 -0.8182
vn -0.0000 -0.9158 -0.4016
vn 0.0002 -0.9863 -0.1651
vn -0.0000 -0.9863 -0.1651
vn 0.7071 -0.3071 -0.6369
vn 0.7071 -0.3039 -0.6385
vn 0.7071 -0.2389 -0.6655
vn 0.7071 -0.2991 -0.6407
vn 0.7071 -0.2926 -0.6437
vn 0.7071 -0.2842 -0.6475
vn 0.7071 -0.2738 -0.6519
vn 0.7071 -0.2620 -0.6568
vn 0.7071 -0.2367 -0.6663
vn 0.7072 -0.2147 -0.6737
vn 0.7071 -0.1680 -0.6868
vn 0.7071 -0.1927 -0.6804
vn 0.7071 -0.1704 -0.6863
vn 0.7071 -0.1439 -0.6923
vn 0.7071 -0.1314 -0.6948
vn 0.7071 -0.0953 -0.7006
vn 0.7071 -0.1203 -0.6968
vn 0.7071 -0.1112 -0.6983
vn 0.7071 -0.1042 -0.6994
vn 0.7071 -0.0989 -0.7002
vn -0.0000 -0.9981 0.0618
vn -0.0000 -0.9951 0.0988
vn -0.0000 -0.9770 0.2131
vn -0.0000 -0.9999 0.0116
vn -0.0000 -0.9991 -0.0419
vn -0.0000 -0.9950 -0.1002
vn -0.0000 -0.9870 -0.1610
vn -0.0000 -0.9755 -0.2198
vn -0.0000 -0.9461 -0.3240
vn -0.0000 -0.9770 0.2134
vn 0.0002 -0.8949 0.4462
vn -0.0000 -0.8949 0.4462
vn 0.7071 -0.6228 -0.3347
vn 0.7071 -0.6211 -0.3379
vn 0.7071 -0.5845 -0.3980
vn 0.7071 -0.6186 -0.3425
vn 0.7071 -0.6151 -0.3488
vn 0.7071 -0.6105 -0.3568
vn 0.7071 -0.6047 -0.3665
vn 0.7071 -0.5980 -0.3773
vn 0.7071 -0.5831 -0.4000
vn 0.7071 -0.5697 -0.4188
vn 0.7071 -0.5396 -0.4569
vn 0.7071 -0.5558 -0.4372
vn 0.7071 -0.5412 -0.4551
vn 0.7071 -0.5234 -0.4755
vn 0.7071 -0.5147 -0.4848
vn 0.7071 -0.4890 -0.5108
vn 0.7071 -0.5069 -0.4930
vn 0.7071 -0.5004 -0.4996
vn 0.7071 -0.4954 -0.5046
vn 0.7071 -0.4915 -0.5083
vn -0.0000 -0.7711 0.6367
vn -0.0000 -0.7470 0.6649
vn -0.0000 -0.6652 0.7467
vn -0.0000 -0.8022 0.5971
vn -0.0000 -0.8329 0.5534
vn -0.0000 -0.8639 0.5037
vn -0.0000 -0.8931 0.4499
vn -0.0000 -0.9184 0.3955
vn -0.0000 -0.9558 0.2940
vn -0.0000 -0.6650 0.7469
vn 0.0002 -0.4618 0.8870
vn -0.0000 -0.4618 0.8870
vn 0.7071 -0.7006 0.0953
vn 0.7071 -0.7011 0.0917
vn 0.7071 -0.7068 0.0215
vn 0.7071 -0.7018 0.0865
vn 0.7071 -0.7026 0.0794
vn 0.7071 -0.7036 0.0702
vn 0.7071 -0.7046 0.0589
vn 0.7071 -0.7056 0.0462
vn 0.7071 -0.7068 0.0192
vn 0.7071 -0.7071 -0.0039
vn 0.7071 -0.7052 -0.0524
vn 0.7071 -0.7066 -0.0270
vn 0.7071 -0.7053 -0.0501
vn 0.7071 -0.7029 -0.0770
vn 0.7071 -0.7014 -0.0897
vn 0.7071 -0.6958 -0.1258
vn 0.7071 -0.6999 -0.1009
vn 0.7071 -0.6985 -0.1100
vn 0.7071 -0.6973 -0.1171
vn 0.7071 -0.6964 -0.1223
vn 0.7071 -0.5108 0.4889
vn 0.7071 -0.5133 0.4863
vn 0.7071 -0.5591 0.4328
vn 0.7071 -0.5169 0.4825
vn 0.7071 -0.5218 0.4772
vn 0.7071 -0.5280 0.4704
vn 0.7071 -0.5354 0.4619
vn 0.7071 -0.5437 0.4521
vn 0.7071 -0.5606 0.4310
vn 0.7071 -0.5744 0.4125
vn 0.7071 -0.6013 0.3721
vn 0.7071 -0.5875 0.3935
vn 0.7071 -0.6000 0.3741
vn 0.7071 -0.6139 0.3509
vn 0.7071 -0.6201 0.3397
vn 0.7071 -0.6369 0.3072
vn 0.7071 -0.6255 0.3297
vn 0.7071 -0.6298 0.3215
vn 0.7071 -0.6330 0.3152
vn 0.7071 -0.6353 0.3104
vn -0.0000 -0.9203 0.3912
vn -0.0000 -0.9932 0.1161
vn -0.0000 -0.9996 -0.0265
vn -0.0000 -0.9857 -0.1685
vn -0.0000 -0.9517 -0.3070
vn -0.0000 -0.8983 -0.4394
vn -0.0000 -0.8266 -0.5627
vn -0.0000 -0.7381 -0.6746
vn -0.0000 -0.6346 -0.7728
vn -0.0000 -0.5182 -0.8553
vn -0.0000 -0.3912 -0.9203
vn -0.0000 -0.2562 -0.9666
vn -0.0000 -0.1161 -0.9932
vn -0.0000 0.0265 -0.9996
vn -0.0000 0.1685 -0.9857
vn -0.0000 0.3070 -0.9517
vn -0.0000 0.4394 -0.8983
vn -0.0000 0.5627 -0.8266
vn -0.0000 0.6746 -0.7381
vn -0.0000 0.7728 -0.6346
vn -0.0000 0.8553 -0.5182
vn -0.0000 0.9203 -0.3912
vn -0.0000 0.9932 -0.1161
vn -0.0000 0.9996 0.0265
vn -0.0000 0.9857 0.1685
vn -0.0000 0.9517 0.3070
vn -0.0000 0.8983 0.4394
vn -0.0000 0.8266 0.5627
vn -0.0000 0.7381 0.6746
vn -0.0000 0.6346 0.7728
vn -0.0000 0.5182 0.8553
vn -0.0000 0.3912 0.9203
vn -0.0000 0.2562 0.9666
vn -0.0000 0.1161 0.9932
vn -0.0000 -0.0265 0.9996
vn -0.0000 -0.1685 0.9857
vn -0.0000 -0.3070 0.9517
vn -0.0000 -0.4394 0.8983
vn -0.0000 -0.5627 0.8266
vn -0.0000 -0.6746 0.7381
vn -0.0000 -0.7728 0.6346
vn -0.0000 -0.8553 0.5182
vn -0.0001 -0.9101 -0.4143
vn -0.0000 -0.9101 -0.4143
vn -0.0000 -0.9969 0.0787
vn -0.0000 -0.8338 0.5520
vn -0.0000 -0.8338 0.5521
vn 0.0001 -0.6424 -0.7664
vn -0.0000 -0.6424 -0.7664
vn -0.0000 -0.1904 -0.9817
vn -0.0000 0.3093 -0.9510
vn -0.0001 -0.4928 -0.8701
vn -0.0000 -0.4928 -0.8701
vn -0.0000 -0.8528 -0.5223
vn -0.0000 -0.9991 -0.0435
vn -0.0000 -0.8950 0.4462
vn -0.0000 -0.0692 -0.9976
vn -0.0000 0.4230 -0.9061
vn -0.0000 0.8092 -0.5876
vn -0.0000 0.1128 -0.9936
vn -0.0000 -0.3829 -0.9238
vn -0.0000 -0.7827 -0.6224
vn 0.0001 0.5304 -0.8478
vn -0.0000 0.5304 -0.8478
vn -0.0000 0.8748 -0.4845
vn -0.0000 1.0000 0.0002
vn -0.0000 0.6753 -0.7376
vn -0.0000 0.2332 -0.9724
vn -0.0000 -0.2674 -0.9636
vn -0.0000 0.9274 -0.3741
vn -0.0000 0.9925 0.1222
vn -0.0000 0.8089 0.5880
vn -0.0000 0.9798 -0.1998
vn -0.0000 0.7602 -0.6497
vn -0.0000 0.7602 -0.6496
vn -0.0000 0.3501 -0.9367
vn -0.0000 0.9702 0.2425
vn -0.0000 0.7311 0.6823
vn -0.0000 0.3088 0.9511
vn -0.0001 0.9101 0.4143
vn -0.0000 0.9101 0.4143
vn -0.0000 0.9969 -0.0787
vn -0.0000 0.8338 -0.5520
vn -0.0000 0.8338 -0.5521
vn 0.0001 0.6424 0.7664
vn -0.0000 0.6424 0.7664
vn -0.0000 0.1904 0.9817
vn -0.0000 -0.3093 0.9510
vn -0.0001 0.4928 0.8701
vn -0.0000 0.4928 0.8701
vn -0.0000 0.8528 0.5223
vn -0.0000 0.9991 0.0435
vn -0.0000 0.8950 -0.4462
vn -0.0000 0.0692 0.9976
vn -0.0000 -0.4230 0.9061
vn -0.0000 -0.8092 0.5876
vn -0.0000 -0.1128 0.9936
vn -0.0000 0.3829 0.9238
vn -0.0000 0.7827 0.6224
vn 0.0001 -0.5304 0.8478
vn -0.0000 -0.5304 0.8478
vn -0.0000 -0.8748 0.4845
vn -0.0000 -1.0000 -0.0002
vn -0.0000 -0.6753 0.7376
vn -0.0000 -0.2332 0.9724
vn -0.0000 0.2674 0.9636
vn -0.0000 -0.9274 0.3741
vn -0.0000 -0.9925 -0.1222
vn -0.0000 -0.8089 -0.5880
vn -0.0000 -0.4226 -0.9063
vn -0.0000 -0.4225 -0.9063
vn -0.0000 -0.8246 -0.5657
vn -0.0000 -0.8057 -0.5923
vn -0.0000 -0.7860 -0.6183
vn -0.0000 -0.7654 -0.6436
vn -0.0000 -0.3347 -0.9423
vn -0.0000 -0.3037 -0.9528
vn -0.0000 -0.2725 -0.9622
vn -0.0000 -0.2409 -0.9705
vn -0.0000 0.2831 -0.9591
vn -0.0000 0.3143 -0.9493
vn -0.0000 0.3451 -0.9386
vn -0.0000 0.3755 -0.9268
vn -0.0000 0.7928 -0.6095
vn -0.0000 0.8123 -0.5833
vn -0.0000 0.8309 -0.5565
vn -0.0000 0.8486 -0.5291
vn -0.0000 0.8486 -0.5290
vn -0.0000 0.9996 -0.0271
vn -0.0000 1.0000 0.0055
vn -0.0000 1.0000 0.0056
vn -0.0000 0.9993 0.0382
vn -0.0000 0.9975 0.0708
vn -0.0000 0.8246 0.5657
vn -0.0000 0.8057 0.5923
vn -0.0000 0.7860 0.6183
vn -0.0000 0.7654 0.6436
vn -0.0000 0.3347 0.9423
vn -0.0000 0.3037 0.9528
vn -0.0000 0.2725 0.9622
vn -0.0000 0.2409 0.9705
vn -0.0000 -0.2831 0.9591
vn -0.0000 -0.3143 0.9493
vn -0.0000 -0.3451 0.9386
vn -0.0000 -0.3755 0.9268
vn -0.0000 -0.9420 -0.3355
vn -0.0000 -0.9003 -0.4353
vn -0.0000 -0.8725 -0.4885
vn -0.0000 -0.8410 -0.5411
vn -0.0000 -0.8410 -0.5410
vn -0.0000 -0.8079 -0.5893
vn -0.0000 -0.7753 -0.6316
vn -0.0000 -0.7426 -0.6698
vn -0.0000 -0.7425 -0.6698
vn -0.0000 -0.7172 -0.6969
vn -0.0000 -0.6319 -0.7751
vn -0.0000 -0.6316 -0.7753
vn -0.0000 -0.9484 0.3171
vn -0.0000 -0.9659 0.2589
vn -0.0000 -0.9798 0.1998
vn -0.0000 -0.5809 0.8140
vn -0.0000 -0.6292 0.7772
vn -0.0000 0.0085 1.0000
vn -0.0000 -0.0522 0.9986
vn -0.0000 0.5947 0.8040
vn -0.0000 0.5447 0.8386
vn -0.0000 0.9537 0.3009
vn -0.0000 0.9336 0.3583
vn -0.0000 0.9484 -0.3171
vn -0.0000 0.9659 -0.2589
vn -0.0000 0.5809 -0.8140
vn -0.0000 0.6292 -0.7772
vn -0.0000 -0.0085 -1.0000
vn -0.0000 0.0522 -0.9986
vn -0.0000 -0.5947 -0.8040
vn -0.0000 -0.5447 -0.8386
vn -0.0000 -0.7602 0.6497
vn -0.0000 -0.7602 0.6496
vn -0.0000 -0.3501 0.9367
vn -0.0000 -0.9702 -0.2425
vn -0.0000 -0.7311 -0.6823
vn -0.0000 -0.3088 -0.9511
vn -0.0000 0.1909 -0.9816
vn -0.0000 -0.9996 0.0271
vn -0.0000 -1.0000 -0.0055
vn -0.0000 -1.0000 -0.0056
vn -0.0000 -0.9993 -0.0382
vn -0.0000 -0.9975 -0.0708
vn -0.0000 -0.5649 -0.8252
vn -0.0000 -0.4725 -0.8814
vn -0.0000 -0.4724 -0.8814
vn -0.0000 -0.4188 -0.9081
vn -0.0000 -0.3624 -0.9320
vn -0.0000 -0.3073 -0.9516
vn -0.0000 -0.2560 -0.9667
vn -0.0000 -0.2071 -0.9783
vn -0.0000 -0.2070 -0.9783
vn -0.0000 -0.1706 -0.9853
vn -0.0000 -0.0557 -0.9985
vn -0.0000 -0.0553 -0.9985
vn -0.0000 -0.9655 -0.2605
vn -0.0000 -0.9998 -0.0219
vn -0.0000 -0.9759 0.2180
vn -0.0000 -0.8954 0.4452
vn -0.0000 -0.7628 0.6466
vn -0.0000 -0.5859 0.8104
vn -0.0000 -0.3750 0.9270
vn -0.0000 -0.1422 0.9898
vn -0.0000 0.0988 0.9951
vn -0.0000 0.3341 0.9425
vn -0.0000 0.5499 0.8352
vn -0.0000 0.7338 0.6793
vn -0.0000 0.8751 0.4840
vn -0.0000 0.9655 0.2605
vn -0.0000 0.9998 0.0219
vn -0.0000 0.9759 -0.2180
vn -0.0000 0.8954 -0.4452
vn -0.0000 0.7628 -0.6466
vn -0.0000 0.5859 -0.8104
vn -0.0000 0.3750 -0.9270
vn -0.0000 0.1422 -0.9898
vn -0.0000 -0.0988 -0.9951
vn -0.0000 -0.3341 -0.9425
vn -0.0000 -0.5499 -0.8352
vn -0.0000 -0.7338 -0.6793
vn -0.0000 -0.8751 -0.4840
vn -0.0000 -0.9336 -0.3583
vn -0.0000 -0.9537 -0.3009
vt 0.035355 0.789829
vt 0.035355 0.832522
vt -0.035355 0.832522
vt -0.035355 -0.832522
vt 0.035355 -0.832522
vt 0.035355 -0.789829
vt -0.035355 -0.784949
vt 0.035355 -0.747135
vt -0.035355 -0.737377
vt 0.035355 -0.704442
vt -0.035355 -0.689804
vt 0.035355 -0.661748
vt -0.035355 -0.642231
vt 0.035355 -0.619055
vt -0.035355 -0.594659
vt 0.035355 -0.576361
vt -0.035355 -0.547086
vt 0.035355 -0.533668
vt -0.035355 -0.499513
vt 0.035355 -0.490975
vt -0.035355 -0.451941
vt 0.035355 -0.448281
vt -0.035355 -0.404368
vt 0.035355 -0.405588
vt 0.035355 -0.362894
vt -0.035355 -0.356795
vt 0.035355 -0.320201
vt -0.035355 -0.309222
vt 0.035355 -0.277507
vt -0.035355 -0.261650
vt 0.035355 -0.234814
vt -0.035355 -0.214077
vt 0.035355 -0.192120
vt -0.035355 -0.166504
vt 0.035355 -0.149427
vt -0.035355 -0.118932
vt 0.035355 -0.106734
vt -0.035355 -0.071359
vt 0.035355 -0.064040
vt -0.035355 -0.023786
vt 0.035355 -0.021347
vt 0.035355 0.021347
vt -0.035355 0.023786
vt 0.035355 0.064040
vt -0.035355 0.071359
vt 0.035355 0.106734
vt -0.035355 0.118932
vt 0.035355 0.149427
vt -0.035355 0.166504
vt 0.035355 0.192120
vt -0.035355 0.214077
vt 0.035355 0.234814
vt -0.035355 0.261650
vt 0.035355 0.277507
vt -0.035355 0.309222
vt 0.035355 0.320201
vt -0.035355 0.356795
vt 0.035355 0.362894
vt -0.035355 0.404368
vt 0.035355 0.405588
vt 0.035355 0.448281
vt -0.035355 0.451941
vt 0.035355 0.490975
vt -0.035355 0.499513
vt 0.035355 0.533668
vt -0.035355 0.547086
vt 0.035355 0.576361
vt -0.035355 0.594659
vt 0.035355 0.619055
vt -0.035355 0.642231
vt 0.035355 0.661748
vt -0.035355 0.689804
vt 0.035355 0.704442
vt -0.035355 0.737377
vt 0.035355 0.747135
vt -0.035355 0.784949
vt -0.366234 0.052656
vt -0.370000 0.000000
vt -0.290000 0.000000
vt -0.366234 -0.052656
vt -0.286245 -0.046519
vt -0.355012 -0.104241
vt -0.275076 -0.091834
vt -0.336564 -0.153704
vt -0.256782 -0.134770
vt -0.311264 -0.200037
vt -0.231838 -0.174215
vt -0.279627 -0.242298
vt -0.200890 -0.209149
vt -0.242298 -0.279627
vt -0.164739 -0.238665
vt -0.200037 -0.311264
vt -0.124321 -0.262001
vt -0.153704 -0.336564
vt -0.080683 -0.278550
vt -0.104241 -0.355012
vt -0.052656 -0.366234
vt -0.034956 -0.287886
vt 0.000000 -0.370000
vt 0.011677 -0.289765
vt 0.052656 -0.366234
vt 0.058007 -0.284139
vt 0.104241 -0.355012
vt 0.102835 -0.271155
vt 0.153704 -0.336564
vt 0.145000 -0.251147
vt 0.200037 -0.311264
vt 0.183409 -0.224635
vt 0.242298 -0.279627
vt 0.217068 -0.192306
vt 0.279627 -0.242298
vt 0.245105 -0.154995
vt 0.311264 -0.200037
vt 0.336564 -0.153704
vt 0.266794 -0.113670
vt 0.355012 -0.104241
vt 0.281573 -0.069402
vt 0.366234 -0.052656
vt 0.289060 -0.023335
vt 0.370000 0.000000
vt 0.289060 0.023335
vt 0.366234 0.052656
vt 0.281573 0.069402
vt 0.355012 0.104241
vt 0.266794 0.113670
vt 0.336564 0.153704
vt 0.245105 0.154995
vt 0.311264 0.200037
vt 0.279627 0.242298
vt 0.217068 0.192306
vt 0.242298 0.279627
vt 0.183409 0.224635
vt 0.200037 0.311264
vt 0.145000 0.251147
vt 0.153704 0.336564
vt 0.102835 0.271155
vt 0.104241 0.355012
vt 0.058007 0.284139
vt 0.052656 0.366234
vt 0.011677 0.289765
vt 0.000000 0.370000
vt -0.034956 0.287886
vt -0.052656 0.366234
vt -0.080683 0.278550
vt -0.104241 0.355012
vt -0.153704 0.336564
vt -0.124321 0.262001
vt -0.200037 0.311264
vt -0.164739 0.238665
vt -0.242298 0.279627
vt -0.200890 0.209149
vt -0.279627 0.242298
vt -0.231838 0.174215
vt -0.311264 0.200037
vt -0.256782 0.134770
vt -0.336564 0.153704
vt -0.275076 0.091834
vt -0.355012 0.104241
vt -0.286245 0.046519
vt 0.350000 -0.710898
vt 0.050000 -0.710898
vt 0.350000 -0.753982
vt 0.050000 -0.753982
vt 0.350000 0.753982
vt 0.050000 0.753982
vt 0.350000 0.710898
vt 0.050000 0.710898
vt 0.350000 0.667813
vt 0.050000 0.667813
vt 0.350000 0.624728
vt 0.050000 0.624728
vt 0.350000 0.581643
vt 0.050000 0.581643
vt 0.350000 0.538559
vt 0.050000 0.538559
vt 0.350000 0.495474
vt 0.050000 0.495474
vt 0.350000 0.452389
vt 0.050000 0.452389
vt 0.350000 0.409305
vt 0.050000 0.409305
vt 0.350000 0.366220
vt 0.050000 0.366220
vt 0.350000 0.323135
vt 0.050000 0.323135
vt 0.350000 0.280051
vt 0.050000 0.280051
vt 0.350000 0.236966
vt 0.050000 0.236966
vt 0.350000 0.193881
vt 0.050000 0.193881
vt 0.350000 0.150796
vt 0.050000 0.150796
vt 0.350000 0.107712
vt 0.050000 0.107712
vt 0.350000 0.064627
vt 0.050000 0.064627
vt 0.350000 0.021542
vt 0.050000 0.021542
vt 0.350000 -0.021542
vt 0.050000 -0.021542
vt 0.350000 -0.064627
vt 0.050000 -0.064627
vt 0.350000 -0.107712
vt 0.050000 -0.107712
vt 0.350000 -0.150796
vt 0.050000 -0.150796
vt 0.350000 -0.193881
vt 0.050000 -0.193881
vt 0.350000 -0.236966
vt 0.050000 -0.236966
vt 0.350000 -0.280051
vt 0.050000 -0.280051
vt 0.350000 -0.323135
vt 0.050000 -0.323135
vt 0.350000 -0.366220
vt 0.050000 -0.366220
vt 0.350000 -0.409305
vt 0.050000 -0.409305
vt 0.350000 -0.452389
vt 0.050000 -0.452389
vt 0.350000 -0.495474
vt 0.050000 -0.495474
vt 0.350000 -0.538559
vt 0.050000 -0.538559
vt 0.350000 -0.581643
vt 0.050000 -0.581643
vt 0.350000 -0.624728
vt 0.050000 -0.624728
vt 0.350000 -0.667813
vt 0.050000 -0.667813
vt 0.500000 -0.681277
vt 0.000000 -0.681277
vt 0.500000 -0.722566
vt 0.000000 -0.722566
vt 0.500000 0.722566
vt 0.000000 0.722566
vt 0.500000 0.681277
vt 0.000000 0.681277
vt 0.500000 0.639987
vt 0.000000 0.639987
vt 0.500000 0.598698
vt 0.000000 0.598698
vt 0.500000 0.557408
vt 0.000000 0.557408
vt 0.500000 0.516119
vt 0.000000 0.516119
vt 0.500000 0.474829
vt 0.000000 0.474829
vt 0.500000 0.433540
vt 0.000000 0.433540
vt 0.500000 0.392250
vt 0.000000 0.392250
vt 0.500000 0.350961
vt 0.000000 0.350961
vt 0.500000 0.309671
vt 0.000000 0.309671
vt 0.500000 0.268382
vt 0.000000 0.268382
vt 0.500000 0.227092
vt 0.000000 0.227092
vt 0.500000 0.185803
vt 0.000000 0.185803
vt 0.500000 0.144513
vt 0.000000 0.144513
vt 0.500000 0.103224
vt 0.000000 0.103224
vt 0.500000 0.061934
vt 0.000000 0.061934
vt 0.500000 0.020645
vt 0.000000 0.020645
vt 0.500000 -0.020645
vt 0.000000 -0.020645
vt 0.500000 -0.061934
vt 0.000000 -0.061934
vt 0.500000 -0.103224
vt 0.000000 -0.103224
vt 0.500000 -0.144513
vt 0.000000 -0.144513
vt 0.500000 -0.185803
vt 0.000000 -0.185803
vt 0.500000 -0.227092
vt 0.000000 -0.227092
vt 0.500000 -0.268382
vt 0.000000 -0.268382
vt 0.500000 -0.309671
vt 0.000000 -0.309671
vt 0.500000 -0.350961
vt 0.000000 -0.350961
vt 0.500000 -0.392250
vt 0.000000 -0.392250
vt 0.500000 -0.433540
vt 0.000000 -0.433540
vt 0.500000 -0.474829
vt 0.000000 -0.474829
vt 0.500000 -0.516119
vt 0.000000 -0.516119
vt 0.500000 -0.557408
vt 0.000000 -0.557408
vt 0.500000 -0.598698
vt 0.000000 -0.598698
vt 0.500000 -0.639987
vt 0.000000 -0.639987
vt -0.070711 -0.035916
vt -0.070711 -0.053874
vt 0.070711 -0.055733
vt -0.027941 -0.074937
vt -0.006074 -0.084865
vt 0.070711 -0.113324
vt 0.014746 -0.093684
vt 0.033041 -0.100836
vt 0.048612 -0.106408
vt 0.061244 -0.110518
vt -0.070711 -0.017958
vt 0.070711 0.001859
vt -0.070711 0.000000
vt -0.027941 0.021063
vt -0.006074 0.030991
vt 0.014746 0.039810
vt 0.033041 0.046963
vt 0.048612 0.052534
vt 0.061244 0.056644
vt 0.070711 0.059451
vt 0.148345 0.800000
vt 0.113229 0.830242
vt 0.148345 0.100000
vt 0.113229 0.069758
vt 0.095425 0.845705
vt 0.095424 0.054294
vt 0.078574 0.860435
vt 0.078573 0.039564
vt 0.063845 0.873380
vt 0.063845 0.026619
vt 0.051361 0.884390
vt 0.051360 0.015610
vt 0.041263 0.893313
vt 0.041263 0.006686
vt 0.033717 0.900000
vt 0.033717 0.000000
vt 0.016859 0.000000
vt 0.016800 0.900000
vt 0.000000 0.000000
vt 0.000000 0.900000
vt 0.226990 0.445506
vt 0.179182 0.466791
vt 0.224551 0.429875
vt 0.219521 0.415411
vt 0.105875 0.354529
vt 0.184375 0.348618
vt 0.155252 0.335853
vt 0.182079 0.338872
vt 0.184795 0.329235
vt 0.191841 0.322121
vt 0.201468 0.310339
vt 0.211054 0.309873
vt 0.229487 0.296480
vt 0.243584 0.278509
vt 0.247073 0.281992
vt 0.256016 0.277489
vt 0.280740 0.241008
vt 0.266021 0.277885
vt 0.274580 0.283080
vt 0.388574 0.314659
vt 0.327243 0.337146
vt 0.339445 0.346400
vt 0.353557 0.353549
vt 0.129411 0.482962
vt 0.055750 0.390411
vt 0.054342 0.365988
vt 0.051879 0.381177
vt 0.044017 0.374976
vt 0.078223 0.493843
vt 0.071008 0.479764
vt 0.066576 0.465106
vt 0.034136 0.373363
vt 0.001704 0.369996
vt 0.011393 0.374747
vt -0.011393 0.374747
vt -0.034136 0.373363
vt -0.050970 0.366473
vt -0.044017 0.374976
vt -0.051879 0.381177
vt -0.102605 0.355489
vt -0.055750 0.390411
vt -0.129411 0.482962
vt -0.066576 0.465106
vt -0.071008 0.479764
vt -0.078223 0.493843
vt -0.179182 0.466791
vt -0.219521 0.415411
vt -0.184375 0.348618
vt -0.226990 0.445506
vt -0.224551 0.429875
vt -0.152152 0.337268
vt -0.182079 0.338872
vt -0.184795 0.329235
vt -0.191841 0.322121
vt -0.198602 0.312182
vt -0.211054 0.309873
vt -0.229487 0.296480
vt -0.241008 0.280740
vt -0.247073 0.281992
vt -0.256016 0.277489
vt -0.278509 0.243584
vt -0.266021 0.277885
vt -0.274580 0.283080
vt -0.388574 0.314659
vt -0.327243 0.337146
vt -0.339340 0.346134
vt -0.353557 0.353549
vt -0.310339 0.201468
vt -0.419334 0.272321
vt -0.354075 0.173665
vt -0.421769 0.207043
vt -0.434340 0.215788
vt -0.445501 0.227000
vt -0.346489 0.167130
vt -0.335853 0.155252
vt -0.343021 0.157737
vt -0.344541 0.147840
vt -0.352885 0.126638
vt -0.354529 0.105875
vt -0.359926 0.104968
vt -0.365638 0.082911
vt -0.365988 0.054342
vt -0.370226 0.074011
vt -0.378552 0.068450
vt -0.388531 0.067622
vt -0.369996 0.001704
vt -0.499315 0.026166
vt -0.499315 -0.026166
vt -0.462915 0.080408
vt -0.478225 0.080722
vt -0.493845 0.078212
vt -0.493845 -0.078212
vt -0.478225 -0.080722
vt -0.462915 -0.080408
vt -0.388531 -0.067622
vt -0.378552 -0.068450
vt -0.366473 -0.050970
vt -0.370226 -0.074011
vt -0.365638 -0.082911
vt -0.355489 -0.102605
vt -0.359926 -0.104968
vt -0.352885 -0.126638
vt -0.337268 -0.152152
vt -0.344541 -0.147840
vt -0.343021 -0.157737
vt -0.312182 -0.198602
vt -0.346489 -0.167130
vt -0.354075 -0.173665
vt -0.419334 -0.272321
vt -0.421769 -0.207043
vt -0.434054 -0.215770
vt -0.445501 -0.227000
vt -0.388574 -0.314659
vt -0.280740 -0.241008
vt -0.274580 -0.283080
vt -0.266021 -0.277885
vt -0.353557 -0.353549
vt -0.339445 -0.346400
vt -0.327243 -0.337146
vt -0.256016 -0.277489
vt -0.243584 -0.278509
vt -0.247073 -0.281992
vt -0.229487 -0.296480
vt -0.201468 -0.310339
vt -0.211054 -0.309873
vt -0.191841 -0.322121
vt -0.155252 -0.335853
vt -0.184795 -0.329235
vt -0.182079 -0.338872
vt -0.184375 -0.348618
vt -0.105875 -0.354529
vt -0.219521 -0.415411
vt -0.179182 -0.466791
vt -0.224551 -0.429875
vt -0.226990 -0.445506
vt -0.129411 -0.482962
vt -0.055750 -0.390411
vt -0.054342 -0.365988
vt -0.051879 -0.381177
vt -0.044017 -0.374976
vt -0.078223 -0.493843
vt -0.071008 -0.479764
vt -0.066576 -0.465106
vt -0.034136 -0.373363
vt -0.001704 -0.369996
vt -0.011393 -0.374747
vt 0.011393 -0.374747
vt 0.034136 -0.373363
vt 0.050970 -0.366473
vt 0.044017 -0.374976
vt 0.051879 -0.381177
vt 0.102605 -0.355489
vt 0.055750 -0.390411
vt 0.129411 -0.482962
vt 0.066576 -0.465106
vt 0.071008 -0.479764
vt 0.078223 -0.493843
vt 0.179182 -0.466791
vt 0.219521 -0.415411
vt 0.184375 -0.348618
vt 0.226990 -0.445506
vt 0.224551 -0.429875
vt 0.152152 -0.337268
vt 0.182079 -0.338872
vt 0.184795 -0.329235
vt 0.191841 -0.322121
vt 0.198602 -0.312182
vt 0.211054 -0.309873
vt 0.229487 -0.296480
vt 0.241008 -0.280740
vt 0.247073 -0.281992
vt 0.256016 -0.277489
vt 0.278509 -0.243584
vt 0.266021 -0.277885
vt 0.274580 -0.283080
vt 0.388574 -0.314659
vt 0.327243 -0.337146
vt 0.339445 -0.346400
vt 0.353557 -0.353549
vt 0.310339 -0.201468
vt 0.419334 -0.272321
vt 0.354075 -0.173665
vt 0.421769 -0.207043
vt 0.434340 -0.215788
vt 0.445501 -0.227000
vt 0.346489 -0.167130
vt 0.335853 -0.155252
vt 0.343021 -0.157737
vt 0.344541 -0.147840
vt 0.352885 -0.126638
vt 0.354529 -0.105875
vt 0.359926 -0.104968
vt 0.365638 -0.082911
vt 0.365988 -0.054342
vt 0.370226 -0.074011
vt 0.378552 -0.068450
vt 0.388531 -0.067622
vt 0.369996 -0.001704
vt 0.499315 -0.026166
vt 0.499315 0.026166
vt 0.462915 -0.080408
vt 0.478225 -0.080722
vt 0.493845 -0.078212
vt 0.493845 0.078212
vt 0.478225 0.080722
vt 0.462915 0.080408
vt 0.388531 0.067622
vt 0.378552 0.068450
vt 0.366473 0.050970
vt 0.370226 0.074011
vt 0.365638 0.082911
vt 0.355489 0.102605
vt 0.359926 0.104968
vt 0.352885 0.126638
vt 0.337268 0.152152
vt 0.344541 0.147840
vt 0.343021 0.157737
vt 0.312182 0.198602
vt 0.346489 0.167130
vt 0.354075 0.173665
vt 0.419334 0.272321
vt 0.421769 0.207043
vt 0.434340 0.215788
vt 0.445501 0.227000
vt 0.016552 0.900000
vt -0.041263 0.893313
vt -0.041263 0.006686
vt -0.033717 0.900000
vt -0.033717 0.000000
vt -0.016859 0.000000
vt -0.051360 0.015610
vt -0.051361 0.884390
vt -0.063845 0.026619
vt -0.063845 0.873380
vt -0.078573 0.039564
vt -0.078574 0.860435
vt -0.095424 0.054294
vt -0.095425 0.845705
vt -0.113229 0.069758
vt -0.113229 0.830242
vt -0.148345 0.100000
vt -0.148345 0.800000
vt -0.016800 0.900000
vt -0.100000 0.058771
vt -0.800000 0.058771
vt -0.100000 0.039181
vt -0.800000 0.039181
vt -0.100000 0.019590
vt -0.800000 0.019590
vt -0.100000 0.000000
vt -0.800000 0.000000
vt 0.070711 0.113324
vt 0.061245 0.110518
vt 0.070711 0.055733
vt 0.048613 0.106408
vt 0.033042 0.100837
vt 0.014747 0.093684
vt -0.006073 0.084866
vt -0.027941 0.074937
vt -0.070711 0.053874
vt -0.070711 0.035916
vt 0.070711 -0.001859
vt -0.070711 0.017958
vt -0.027941 -0.021064
vt -0.006073 -0.030992
vt 0.070711 -0.059451
vt 0.014747 -0.039810
vt 0.033042 -0.046963
vt 0.048613 -0.052534
vt 0.061245 -0.056644
vt 0.224256 0.430001
vt 0.071321 0.479693
vt 0.053803 0.223618
vt 0.092867 0.210418
vt 0.013010 0.229632
vt -0.028201 0.228264
vt -0.068506 0.219561
vt -0.106610 0.203800
vt -0.071321 0.479693
vt -0.224256 0.430001
vt -0.141286 0.181489
vt -0.171422 0.153345
vt -0.196048 0.120272
vt -0.339657 0.346158
vt -0.434175 0.216064
vt -0.214373 0.083333
vt -0.225807 0.043716
vt -0.229984 0.002694
vt -0.478254 -0.080403
vt -0.478254 0.080403
vt -0.226769 -0.038414
vt -0.216266 -0.078288
vt -0.198812 -0.115646
vt -0.174967 -0.149286
vt -0.434175 -0.216064
vt -0.339657 -0.346158
vt -0.145499 -0.178129
vt -0.111355 -0.201246
vt -0.073632 -0.217895
vt -0.224256 -0.430001
vt -0.071321 -0.479693
vt -0.033542 -0.227541
vt 0.007626 -0.229874
vt 0.048549 -0.224818
vt 0.087912 -0.212536
vt 0.071321 -0.479693
vt 0.224256 -0.430001
vt 0.124449 -0.193423
vt 0.156986 -0.168093
vt 0.184477 -0.137361
vt 0.206040 -0.102214
vt 0.339657 -0.346158
vt 0.434175 -0.216064
vt 0.220979 -0.063782
vt 0.228817 -0.023299
vt 0.229300 0.017932
vt 0.478254 -0.080403
vt 0.478254 0.080403
vt 0.222413 0.058587
vt 0.208378 0.097359
vt 0.187645 0.133001
vt 0.434175 0.216064
vt 0.339657 0.346158
vt 0.160881 0.164369
vt 0.128946 0.190454
vt -0.226304 -0.041068
vt -0.124903 -0.004915
vt -0.230000 0.000000
vt -0.122450 0.025119
vt -0.226304 0.041068
vt -0.215334 0.080816
vt -0.112881 0.053693
vt -0.197443 0.117967
vt -0.096751 0.079147
vt -0.173206 0.151326
vt -0.074998 0.100001
vt -0.143403 0.179821
vt -0.108990 0.202537
vt -0.048887 0.115044
vt -0.071074 0.218743
vt -0.019935 0.123400
vt -0.030874 0.227918
vt 0.010319 0.229768
vt 0.010176 0.124585
vt 0.051180 0.224233
vt 0.039695 0.118530
vt 0.090396 0.211491
vt 0.066908 0.105586
vt 0.126706 0.191952
vt 0.158944 0.166243
vt 0.090232 0.086505
vt 0.186074 0.135191
vt 0.108312 0.062398
vt 0.207223 0.099793
vt 0.120098 0.034664
vt 0.221711 0.061188
vt 0.229074 0.020617
vt 0.124903 0.004915
vt 0.229074 -0.020617
vt 0.122450 -0.025119
vt 0.221711 -0.061188
vt 0.112881 -0.053693
vt 0.207223 -0.099793
vt 0.186074 -0.135191
vt 0.096751 -0.079147
vt 0.158944 -0.166243
vt 0.074998 -0.100001
vt 0.126706 -0.191952
vt 0.048887 -0.115044
vt 0.090396 -0.211491
vt 0.051180 -0.224233
vt 0.019935 -0.123400
vt 0.010319 -0.229768
vt -0.010176 -0.124585
vt -0.030874 -0.227918
vt -0.039695 -0.118530
vt -0.071074 -0.218743
vt -0.108990 -0.202537
vt -0.066908 -0.105586
vt -0.143403 -0.179821
vt -0.090232 -0.086505
vt -0.173206 -0.151326
vt -0.108312 -0.062398
vt -0.197443 -0.117967
vt -0.215334 -0.080816
vt -0.120098 -0.034664
vt -0.236143 -0.042854
vt -0.122450 -0.025119
vt -0.240000 0.000000
vt -0.124903 0.004915
vt -0.236143 0.042854
vt -0.120098 0.034664
vt -0.224696 0.084330
vt -0.108312 0.062398
vt -0.206028 0.123096
vt -0.180737 0.157905
vt -0.090232 0.086505
vt -0.149638 0.187640
vt -0.066908 0.105586
vt -0.113728 0.211343
vt -0.039695 0.118530
vt -0.074164 0.228254
vt -0.032216 0.237828
vt -0.010176 0.124585
vt 0.010768 0.239758
vt 0.019935 0.123400
vt 0.053405 0.233983
vt 0.048887 0.115044
vt 0.094326 0.220687
vt 0.132215 0.200298
vt 0.074998 0.100001
vt 0.165855 0.173471
vt 0.096751 0.079147
vt 0.194164 0.141068
vt 0.112881 0.053693
vt 0.216233 0.104132
vt 0.231351 0.063849
vt 0.122450 0.025119
vt 0.239034 0.021513
vt 0.124903 -0.004915
vt 0.239034 -0.021513
vt 0.120098 -0.034664
vt 0.231351 -0.063849
vt 0.216233 -0.104132
vt 0.108312 -0.062398
vt 0.194164 -0.141068
vt 0.090232 -0.086505
vt 0.165855 -0.173471
vt 0.066908 -0.105586
vt 0.132215 -0.200298
vt 0.094326 -0.220687
vt 0.039695 -0.118530
vt 0.053405 -0.233983
vt 0.010176 -0.124585
vt 0.010768 -0.239758
vt -0.019935 -0.123400
vt -0.032216 -0.237828
vt -0.074164 -0.228254
vt -0.048887 -0.115044
vt -0.113728 -0.211343
vt -0.074998 -0.100001
vt -0.149638 -0.187640
vt -0.180737 -0.157905
vt -0.096751 -0.079147
vt -0.206028 -0.123096
vt -0.112881 -0.053693
vt -0.224696 -0.084330
vt -0.000000 -1.109553
vt -0.100000 -1.109553
vt -0.000000 -1.162389
vt -0.100000 -1.162389
vt -0.000000 1.162389
vt -0.100000 1.162389
vt -0.000000 1.109553
vt -0.100000 1.109553
vt -0.000000 1.056718
vt -0.100000 1.056718
vt -0.000000 1.003882
vt -0.100000 1.003882
vt -0.000000 0.951046
vt -0.100000 0.951046
vt -0.000000 0.898210
vt -0.100000 0.898210
vt -0.000000 0.845374
vt -0.100000 0.845374
vt -0.000000 0.792538
vt -0.100000 0.792538
vt -0.000000 0.739702
vt -0.100000 0.739702
vt -0.000000 0.686866
vt -0.100000 0.686866
vt -0.000000 0.634031
vt -0.100000 0.634031
vt -0.000000 0.581195
vt -0.100000 0.581195
vt -0.000000 0.528359
vt -0.100000 0.528359
vt -0.000000 0.475523
vt -0.100000 0.475523
vt -0.000000 0.422687
vt -0.100000 0.422687
vt -0.000000 0.369851
vt -0.100000 0.369851
vt -0.000000 0.317015
vt -0.100000 0.317015
vt -0.000000 0.264179
vt -0.100000 0.264179
vt -0.000000 0.211343
vt -0.100000 0.211343
vt -0.000000 0.158508
vt -0.100000 0.158508
vt -0.000000 0.105672
vt -0.100000 0.105672
vt -0.000000 0.052836
vt -0.100000 0.052836
vt -0.000000 -0.052836
vt -0.100000 -0.052836
vt -0.000000 -0.105672
vt -0.100000 -0.105672
vt -0.000000 -0.158508
vt -0.100000 -0.158508
vt -0.000000 -0.211343
vt -0.100000 -0.211343
vt -0.000000 -0.264179
vt -0.100000 -0.264179
vt -0.000000 -0.317015
vt -0.100000 -0.317015
vt -0.000000 -0.369851
vt -0.100000 -0.369851
vt -0.000000 -0.422687
vt -0.100000 -0.422687
vt -0.000000 -0.475523
vt -0.100000 -0.475523
vt -0.000000 -0.528359
vt -0.100000 -0.528359
vt -0.000000 -0.581195
vt -0.100000 -0.581195
vt -0.000000 -0.634031
vt -0.100000 -0.634031
vt -0.000000 -0.686866
vt -0.100000 -0.686866
vt -0.000000 -0.739702
vt -0.100000 -0.739702
vt -0.000000 -0.792538
vt -0.100000 -0.792538
vt -0.000000 -0.845374
vt -0.100000 -0.845374
vt -0.000000 -0.898210
vt -0.100000 -0.898210
vt -0.000000 -0.951046
vt -0.100000 -0.951046
vt -0.000000 -1.003882
vt -0.100000 -1.003882
vt -0.000000 -1.056718
vt -0.100000 -1.056718
vt 0.000000 0.015180
vt -0.900000 0.015180
vt 0.000000 0.005060
vt -0.900000 0.005060
vt 0.000000 -0.005060
vt -0.900000 -0.005060
vt 0.000000 -0.015180
vt -0.900000 -0.015180
vt 0.075475 0.900000
vt 0.075475 0.000000
vt 0.900000 0.015180
vt 0.900000 0.005060
vt 0.900000 -0.005060
vt 0.900000 -0.015180
vt 0.020422 0.000000
vt 0.095897 0.000000
vt 0.020422 0.900000
vt 0.095897 0.900000
vt -0.000000 0.151968
vt -0.900000 0.151968
vt -0.000000 0.129179
vt -0.900000 0.129179
vt -0.900000 0.106390
vt -0.900000 0.083602
vt -0.000000 0.083602
vt -0.000000 0.106390
vt -0.000000 0.387537
vt -0.900000 0.387537
vt -0.000000 0.364748
vt -0.900000 0.364748
vt -0.900000 0.341959
vt -0.900000 0.319171
vt -0.000000 0.319171
vt -0.000000 0.341959
vt -0.000000 0.623106
vt -0.900000 0.623106
vt -0.000000 0.600317
vt -0.900000 0.600317
vt -0.900000 0.577529
vt -0.900000 0.554740
vt -0.000000 0.554740
vt -0.000000 0.577529
vt -0.000000 0.858675
vt -0.900000 0.858675
vt -0.000000 0.835887
vt -0.900000 0.835887
vt -0.900000 0.813098
vt -0.900000 0.790309
vt -0.000000 0.790309
vt -0.000000 0.813098
vt -0.000000 1.094244
vt -0.900000 1.094244
vt -0.000000 1.071456
vt -0.900000 1.071456
vt -0.900000 1.048667
vt -0.900000 1.025878
vt -0.000000 1.025878
vt -0.000000 1.048667
vt -0.000000 -1.025878
vt -0.900000 -1.025878
vt -0.000000 -1.048667
vt -0.900000 -1.048667
vt -0.900000 -1.071456
vt -0.900000 -1.094244
vt -0.000000 -1.094244
vt -0.000000 -1.071456
vt -0.000000 -0.790309
vt -0.900000 -0.790309
vt -0.000000 -0.813098
vt -0.900000 -0.813098
vt -0.900000 -0.835887
vt -0.900000 -0.858675
vt -0.000000 -0.858675
vt -0.000000 -0.835887
vt -0.000000 -0.554740
vt -0.900000 -0.554740
vt -0.000000 -0.577529
vt -0.900000 -0.577529
vt -0.900000 -0.600317
vt -0.900000 -0.623106
vt -0.000000 -0.623106
vt -0.000000 -0.600317
vt -0.000000 -0.319171
vt -0.900000 -0.319171
vt -0.000000 -0.341959
vt -0.900000 -0.341959
vt -0.900000 -0.364748
vt -0.900000 -0.387537
vt -0.000000 -0.387537
vt -0.000000 -0.364748
vt 0.500000 0.362491
vt 0.650000 0.362491
vt 0.500000 0.392699
vt 0.650000 0.392699
vt 0.500000 -0.392699
vt 0.650000 -0.392699
vt 0.500000 -0.362491
vt 0.650000 -0.362491
vt 0.500000 -0.332284
vt 0.650000 -0.332284
vt 0.500000 -0.302076
vt 0.650000 -0.302076
vt 0.500000 -0.271869
vt 0.650000 -0.271869
vt 0.500000 -0.241661
vt 0.650000 -0.241661
vt 0.500000 -0.211453
vt 0.650000 -0.211453
vt 0.500000 -0.181246
vt 0.650000 -0.181246
vt 0.500000 -0.151038
vt 0.650000 -0.151038
vt 0.500000 -0.120830
vt 0.650000 -0.120830
vt 0.500000 -0.090623
vt 0.650000 -0.090623
vt 0.500000 -0.060415
vt 0.650000 -0.060415
vt 0.500000 -0.030208
vt 0.650000 -0.030208
vt 0.500000 0.000000
vt 0.650000 0.000000
vt 0.500000 0.030208
vt 0.650000 0.030208
vt 0.500000 0.060415
vt 0.650000 0.060415
vt 0.500000 0.090623
vt 0.650000 0.090623
vt 0.500000 0.120830
vt 0.650000 0.120830
vt 0.500000 0.151038
vt 0.650000 0.151038
vt 0.500000 0.181246
vt 0.650000 0.181246
vt 0.500000 0.211453
vt 0.650000 0.211453
vt 0.500000 0.241661
vt 0.650000 0.241661
vt 0.500000 0.271869
vt 0.650000 0.271869
vt 0.500000 0.302076
vt 0.650000 0.302076
vt 0.500000 0.332284
vt 0.650000 0.332284
vt -0.900000 -0.151968
vt -0.000000 -0.151968
vt -0.900000 -0.129179
vt -0.000000 -0.129179
vt -0.000000 -0.106390
vt -0.000000 -0.083602
vt -0.900000 -0.083602
vt -0.900000 -0.106390
s 1
usemtl 165,132,0
f 796/1/1 790/2/2 743/3/2
f 743/4/2 790/5/2 782/6/3
f 743/4/2 782/6/3 718/7/4
f 718/7/4 782/6/3 770/8/5
f 718/7/4 770/8/5 683/9/6
f 683/9/6 770/8/5 702/10/7
f 683/9/6 702/10/7 647/11/8
f 647/11/8 702/10/7 662/12/9
f 647/11/8 662/12/9 625/13/10
f 625/13/10 662/12/9 630/14/11
f 625/13/10 630/14/11 589/15/12
f 589/15/12 630/14/11 590/16/13
f 589/15/12 590/16/13 542/17/14
f 542/17/14 590/16/13 540/18/15
f 542/17/14 540/18/15 510/19/16
f 510/19/16 540/18/15 502/20/17
f 510/19/16 502/20/17 483/21/18
f 483/21/18 502/20/17 476/22/19
f 483/21/18 476/22/19 441/23/20
f 441/23/20 476/22/19 426/24/21
f 441/23/20 426/24/21 374/25/22
f 441/23/20 374/25/22 401/26/23
f 401/26/23 374/25/22 350/27/24
f 401/26/23 350/27/24 365/28/25
f 365/28/25 350/27/24 310/29/26
f 365/28/25 310/29/26 341/30/27
f 341/30/27 310/29/26 252/31/28
f 341/30/27 252/31/28 309/32/29
f 309/32/29 252/31/28 222/33/30
f 309/32/29 222/33/30 271/34/31
f 271/34/31 222/33/30 210/35/32
f 271/34/31 210/35/32 251/36/33
f 251/36/33 210/35/32 204/37/34
f 251/36/33 204/37/34 233/38/35
f 233/38/35 204/37/34 203/39/36
f 233/38/35 203/39/36 247/40/37
f 247/40/37 203/39/36 207/41/38
f 247/40/37 207/41/38 211/42/39
f 247/40/37 211/42/39 267/43/40
f 267/43/40 211/42/39 223/44/41
f 267/43/40 223/44/41 303/45/42
f 303/45/42 223/44/41 263/46/43
f 303/45/42 263/46/43 337/47/44
f 337/47/44 263/46/43 317/48/45
f 337/47/44 317/48/45 363/49/46
f 363/49/46 317/48/45 359/50/47
f 363/49/46 359/50/47 393/51/48
f 393/51/48 359/50/47 387/52/49
f 393/51/48 387/52/49 434/53/50
f 434/53/50 387/52/49 437/54/51
f 434/53/50 437/54/51 480/55/52
f 480/55/52 437/54/51 481/56/53
f 480/55/52 481/56/53 504/57/54
f 504/57/54 481/56/53 511/58/55
f 504/57/54 511/58/55 537/59/56
f 537/59/56 511/58/55 551/60/57
f 537/59/56 551/60/57 599/61/58
f 537/59/56 599/61/58 581/62/59
f 581/62/59 599/61/58 639/63/60
f 581/62/59 639/63/60 623/64/61
f 623/64/61 639/63/60 667/65/62
f 623/64/61 667/65/62 645/66/63
f 645/66/63 667/65/62 727/67/64
f 645/66/63 727/67/64 681/68/65
f 681/68/65 727/67/64 771/69/66
f 681/68/65 771/69/66 710/70/67
f 710/70/67 771/69/66 785/71/68
f 710/70/67 785/71/68 741/72/69
f 741/72/69 785/71/68 793/73/70
f 741/72/69 793/73/70 765/74/71
f 765/74/71 793/73/70 797/75/72
f 765/74/71 797/75/72 767/76/73
f 767/76/73 797/75/72 796/1/1
f 767/76/73 796/1/1 743/3/2
f 857/77/74 841/78/74 790/79/74
f 790/79/74 841/78/74 813/80/74
f 790/79/74 813/80/74 782/81/74
f 782/81/74 813/80/74 801/82/74
f 782/81/74 801/82/74 770/83/74
f 770/83/74 801/82/74 795/84/74
f 770/83/74 795/84/74 702/85/74
f 702/85/74 795/84/74 773/86/74
f 702/85/74 773/86/74 662/87/74
f 662/87/74 773/86/74 697/88/74
f 662/87/74 697/88/74 630/89/74
f 630/89/74 697/88/74 641/90/74
f 630/89/74 641/90/74 590/91/74
f 590/91/74 641/90/74 607/92/74
f 590/91/74 607/92/74 540/93/74
f 540/93/74 607/92/74 550/94/74
f 540/93/74 550/94/74 502/95/74
f 502/95/74 550/94/74 506/96/74
f 502/95/74 506/96/74 471/97/74
f 502/95/74 471/97/74 476/98/74
f 476/98/74 471/97/74 413/99/74
f 476/98/74 413/99/74 426/100/74
f 426/100/74 413/99/74 367/101/74
f 426/100/74 367/101/74 374/102/74
f 374/102/74 367/101/74 323/103/74
f 374/102/74 323/103/74 350/104/74
f 350/104/74 323/103/74 254/105/74
f 350/104/74 254/105/74 310/106/74
f 310/106/74 254/105/74 213/107/74
f 310/106/74 213/107/74 252/108/74
f 252/108/74 213/107/74 202/109/74
f 252/108/74 202/109/74 222/110/74
f 222/110/74 202/109/74 194/111/74
f 222/110/74 194/111/74 210/112/74
f 210/112/74 194/111/74 168/113/74
f 210/112/74 168/113/74 148/114/74
f 210/112/74 148/114/74 204/115/74
f 204/115/74 148/114/74 138/116/74
f 204/115/74 138/116/74 203/117/74
f 203/117/74 138/116/74 144/118/74
f 203/117/74 144/118/74 207/119/74
f 207/119/74 144/118/74 160/120/74
f 207/119/74 160/120/74 211/121/74
f 211/121/74 160/120/74 188/122/74
f 211/121/74 188/122/74 223/123/74
f 223/123/74 188/122/74 200/124/74
f 223/123/74 200/124/74 263/125/74
f 263/125/74 200/124/74 206/126/74
f 263/125/74 206/126/74 317/127/74
f 317/127/74 206/126/74 229/128/74
f 317/127/74 229/128/74 299/129/74
f 317/127/74 299/129/74 359/130/74
f 359/130/74 299/129/74 356/131/74
f 359/130/74 356/131/74 387/132/74
f 387/132/74 356/131/74 397/133/74
f 387/132/74 397/133/74 437/134/74
f 437/134/74 397/133/74 451/135/74
f 437/134/74 451/135/74 481/136/74
f 481/136/74 451/135/74 495/137/74
f 481/136/74 495/137/74 511/138/74
f 511/138/74 495/137/74 529/139/74
f 511/138/74 529/139/74 551/140/74
f 551/140/74 529/139/74 585/141/74
f 551/140/74 585/141/74 599/142/74
f 599/142/74 585/141/74 636/143/74
f 599/142/74 636/143/74 639/144/74
f 639/144/74 636/143/74 675/145/74
f 639/144/74 675/145/74 749/146/74
f 639/144/74 749/146/74 667/147/74
f 667/147/74 749/146/74 789/148/74
f 667/147/74 789/148/74 727/149/74
f 727/149/74 789/148/74 799/150/74
f 727/149/74 799/150/74 771/151/74
f 771/151/74 799/150/74 807/152/74
f 771/151/74 807/152/74 785/153/74
f 785/153/74 807/152/74 833/154/74
f 785/153/74 833/154/74 793/155/74
f 793/155/74 833/154/74 853/156/74
f 793/155/74 853/156/74 797/157/74
f 797/157/74 853/156/74 863/158/74
f 797/157/74 863/158/74 796/159/74
f 796/159/74 863/158/74 857/77/74
f 796/159/74 857/77/74 790/79/74
f 766/160/75 767/161/75 742/162/76
f 742/162/76 767/161/75 743/163/76
f 742/164/76 743/165/76 717/166/77
f 717/166/77 743/165/76 718/167/77
f 717/166/77 718/167/77 682/168/78
f 682/168/78 718/167/77 683/169/78
f 682/168/78 683/169/78 646/170/79
f 646/170/79 683/169/78 647/171/79
f 646/170/79 647/171/79 624/172/80
f 624/172/80 647/171/79 625/173/80
f 624/172/80 625/173/80 588/174/81
f 588/174/81 625/173/80 589/175/81
f 588/174/81 589/175/81 541/176/82
f 541/176/82 589/175/81 542/177/82
f 541/176/82 542/177/82 509/178/83
f 509/178/83 542/177/82 510/179/83
f 509/178/83 510/179/83 482/180/84
f 482/180/84 510/179/83 483/181/84
f 482/180/84 483/181/84 440/182/85
f 440/182/85 483/181/84 441/183/85
f 440/182/85 441/183/85 400/184/86
f 400/184/86 441/183/85 401/185/86
f 400/184/86 401/185/86 364/186/87
f 364/186/87 401/185/86 365/187/87
f 364/186/87 365/187/87 340/188/88
f 340/188/88 365/187/87 341/189/88
f 340/188/88 341/189/88 308/190/89
f 308/190/89 341/189/88 309/191/89
f 308/190/89 309/191/89 270/192/90
f 270/192/90 309/191/89 271/193/90
f 270/192/90 271/193/90 250/194/91
f 250/194/91 271/193/90 251/195/91
f 250/194/91 251/195/91 232/196/92
f 232/196/92 251/195/91 233/197/92
f 232/196/92 233/197/92 246/198/93
f 246/198/93 233/197/92 247/199/93
f 246/198/93 247/199/93 266/200/94
f 266/200/94 247/199/93 267/201/94
f 266/200/94 267/201/94 302/202/95
f 302/202/95 267/201/94 303/203/95
f 302/202/95 303/203/95 336/204/96
f 336/204/96 303/203/95 337/205/96
f 336/204/96 337/205/96 362/206/97
f 362/206/97 337/205/96 363/207/97
f 362/206/97 363/207/97 392/208/98
f 392/208/98 363/207/97 393/209/98
f 392/208/98 393/209/98 433/210/99
f 433/210/99 393/209/98 434/211/99
f 433/210/99 434/211/99 479/212/100
f 479/212/100 434/211/99 480/213/100
f 479/212/100 480/213/100 503/214/101
f 503/214/101 480/213/100 504/215/101
f 503/214/101 504/215/101 536/216/102
f 536/216/102 504/215/101 537/217/102
f 536/216/102 537/217/102 580/218/103
f 580/218/103 537/217/102 581/219/103
f 580/218/103 581/219/103 622/220/104
f 622/220/104 581/219/103 623/221/104
f 622/220/104 623/221/104 644/222/105
f 644/222/105 623/221/104 645/223/105
f 644/222/105 645/223/105 680/224/106
f 680/224/106 645/223/105 681/225/106
f 680/224/106 681/225/106 709/226/107
f 709/226/107 681/225/106 710/227/107
f 709/226/107 710/227/107 740/228/108
f 740/228/108 710/227/107 741/229/108
f 740/228/108 741/229/108 764/230/109
f 764/230/109 741/229/108 765/231/109
f 764/230/109 765/231/109 766/160/75
f 766/160/75 765/231/109 767/161/75
f 301/232/110 300/233/110 275/234/111
f 275/234/111 300/233/110 274/235/111
f 275/236/111 274/237/111 260/238/112
f 260/238/112 274/237/111 259/239/112
f 260/238/112 259/239/112 262/240/113
f 262/240/113 259/239/112 261/241/113
f 262/240/113 261/241/113 277/242/114
f 277/242/114 261/241/113 276/243/114
f 277/242/114 276/243/114 307/244/115
f 307/244/115 276/243/114 306/245/115
f 307/244/115 306/245/115 333/246/116
f 333/246/116 306/245/115 332/247/116
f 333/246/116 332/247/116 361/248/117
f 361/248/117 332/247/116 360/249/117
f 361/248/117 360/249/117 382/250/118
f 382/250/118 360/249/117 381/251/118
f 382/250/118 381/251/118 425/252/119
f 425/252/119 381/251/118 424/253/119
f 425/252/119 424/253/119 463/254/120
f 463/254/120 424/253/119 462/255/120
f 463/254/120 462/255/120 497/256/121
f 497/256/121 462/255/120 496/257/121
f 497/256/121 496/257/121 521/258/122
f 521/258/122 496/257/121 520/259/122
f 521/258/122 520/259/122 565/260/123
f 565/260/123 520/259/122 564/261/123
f 565/260/123 564/261/123 603/262/124
f 603/262/124 564/261/123 602/263/124
f 603/262/124 602/263/124 638/264/125
f 638/264/125 602/263/124 637/265/125
f 638/264/125 637/265/125 657/266/126
f 657/266/126 637/265/125 656/267/126
f 657/266/126 656/267/126 687/268/127
f 687/268/127 656/267/126 686/269/127
f 687/268/127 686/269/127 712/270/128
f 712/270/128 686/269/127 711/271/128
f 712/270/128 711/271/128 735/272/129
f 735/272/129 711/271/128 734/273/129
f 735/272/129 734/273/129 739/274/130
f 739/274/130 734/273/129 738/275/130
f 739/274/130 738/275/130 733/276/131
f 733/276/131 738/275/130 732/277/131
f 733/276/131 732/277/131 704/278/132
f 704/278/132 732/277/131 703/279/132
f 704/278/132 703/279/132 685/280/133
f 685/280/133 703/279/132 684/281/133
f 685/280/133 684/281/133 653/282/134
f 653/282/134 684/281/133 652/283/134
f 653/282/134 652/283/134 632/284/135
f 632/284/135 652/283/134 631/285/135
f 632/284/135 631/285/135 598/286/136
f 598/286/136 631/285/135 597/287/136
f 598/286/136 597/287/136 559/288/137
f 559/288/137 597/287/136 558/289/137
f 559/288/137 558/289/137 519/290/138
f 519/290/138 558/289/137 518/291/138
f 519/290/138 518/291/138 491/292/139
f 491/292/139 518/291/138 490/293/139
f 491/292/139 490/293/139 459/294/140
f 459/294/140 490/293/139 458/295/140
f 459/294/140 458/295/140 417/296/141
f 417/296/141 458/295/140 416/297/141
f 417/296/141 416/297/141 376/298/142
f 376/298/142 416/297/141 375/299/142
f 376/298/142 375/299/142 358/300/143
f 358/300/143 375/299/142 357/301/143
f 358/300/143 357/301/143 331/302/144
f 331/302/144 357/301/143 330/303/144
f 331/302/144 330/303/144 301/232/110
f 301/232/110 330/303/144 300/233/110
f 669/304/145 651/305/146 627/306/147
f 627/306/147 651/305/146 629/307/148
f 627/306/147 629/307/148 621/308/149
f 627/306/147 621/308/149 575/309/150
f 575/309/150 621/308/149 609/310/151
f 575/309/150 609/310/151 596/311/152
f 596/311/152 592/312/153 575/309/150
f 575/309/150 592/312/153 583/313/154
f 669/304/145 627/306/147 695/314/155
f 695/314/155 627/306/147 671/315/156
f 695/314/155 671/315/156 731/316/157
f 731/316/157 671/315/156 747/317/158
f 747/317/158 671/315/156 755/318/159
f 755/318/159 671/315/156 759/319/160
f 759/319/160 671/315/156 763/320/161
f 763/320/161 671/315/156 761/321/162
f 761/321/162 671/315/156 757/322/163
f 757/322/163 671/315/156 753/323/164
f 731/324/165 747/325/166 730/326/165
f 730/326/165 747/325/166 746/327/166
f 746/327/166 747/325/166 755/328/167
f 746/327/166 755/328/167 754/329/167
f 754/329/167 755/328/167 759/330/168
f 754/329/167 759/330/168 758/331/168
f 758/331/168 759/330/168 763/332/169
f 758/331/168 763/332/169 762/333/169
f 762/333/169 763/332/169 761/334/170
f 762/333/169 761/334/170 760/335/170
f 760/335/170 761/334/170 757/336/171
f 760/335/170 757/336/171 756/337/171
f 756/337/171 757/336/171 753/338/172
f 756/337/171 753/338/172 752/339/172
f 752/339/172 753/338/172 744/340/173
f 744/340/173 753/338/172 745/341/174
f 744/340/173 745/341/174 736/342/175
f 736/342/175 745/341/174 737/343/175
f 753/344/74 671/345/74 745/346/74
f 745/346/74 671/345/74 737/347/74
f 737/347/74 671/345/74 606/348/74
f 737/347/74 606/348/74 679/349/74
f 679/349/74 606/348/74 640/350/74
f 679/349/74 640/350/74 673/351/74
f 673/351/74 640/350/74 677/352/74
f 677/352/74 640/350/74 689/353/74
f 689/353/74 640/350/74 696/354/74
f 689/353/74 696/354/74 722/355/74
f 722/355/74 696/354/74 751/356/74
f 751/356/74 696/354/74 772/357/74
f 751/356/74 772/357/74 777/358/74
f 777/358/74 772/357/74 781/359/74
f 781/359/74 772/357/74 794/360/74
f 781/359/74 794/360/74 787/361/74
f 787/361/74 794/360/74 792/362/74
f 792/362/74 794/360/74 885/363/74
f 792/362/74 885/363/74 809/364/74
f 809/364/74 885/363/74 822/365/74
f 822/365/74 885/363/74 847/366/74
f 671/345/74 627/367/74 606/348/74
f 606/348/74 627/367/74 553/368/74
f 606/348/74 553/368/74 549/369/74
f 549/369/74 553/368/74 546/370/74
f 549/369/74 546/370/74 539/371/74
f 575/372/74 570/373/74 627/367/74
f 627/367/74 570/373/74 569/374/74
f 627/367/74 569/374/74 553/368/74
f 539/371/74 527/375/74 549/369/74
f 549/369/74 527/375/74 505/376/74
f 505/376/74 527/375/74 515/377/74
f 505/376/74 515/377/74 499/378/74
f 499/378/74 485/379/74 505/376/74
f 505/376/74 485/379/74 470/380/74
f 470/380/74 485/379/74 478/381/74
f 470/380/74 478/381/74 469/382/74
f 470/380/74 469/382/74 412/383/74
f 412/383/74 469/382/74 465/384/74
f 412/383/74 465/384/74 389/385/74
f 389/385/74 465/384/74 457/386/74
f 389/385/74 457/386/74 453/387/74
f 453/387/74 447/388/74 389/385/74
f 389/385/74 352/389/74 412/383/74
f 412/383/74 352/389/74 297/390/74
f 412/383/74 297/390/74 345/391/74
f 287/392/74 290/393/74 352/389/74
f 352/389/74 290/393/74 297/390/74
f 412/383/74 345/391/74 366/394/74
f 366/394/74 345/391/74 347/395/74
f 366/394/74 347/395/74 343/396/74
f 343/396/74 335/397/74 366/394/74
f 366/394/74 335/397/74 322/398/74
f 322/398/74 335/397/74 312/399/74
f 322/398/74 312/399/74 273/400/74
f 322/398/74 273/400/74 253/401/74
f 253/401/74 273/400/74 231/402/74
f 253/401/74 231/402/74 227/403/74
f 253/401/74 227/403/74 212/404/74
f 212/404/74 227/403/74 221/405/74
f 212/404/74 221/405/74 217/406/74
f 212/404/74 217/406/74 126/407/74
f 126/407/74 217/406/74 198/408/74
f 126/407/74 198/408/74 196/409/74
f 196/409/74 182/410/74 126/407/74
f 212/404/74 126/407/74 201/411/74
f 201/411/74 126/407/74 110/412/74
f 201/411/74 110/412/74 170/413/74
f 170/413/74 110/412/74 108/414/74
f 108/414/74 110/412/74 97/415/74
f 97/415/74 110/412/74 92/416/74
f 170/413/74 184/417/74 201/411/74
f 201/411/74 184/417/74 193/418/74
f 193/418/74 184/417/74 190/419/74
f 193/418/74 190/419/74 186/420/74
f 186/420/74 174/421/74 193/418/74
f 193/418/74 174/421/74 167/422/74
f 167/422/74 174/421/74 162/423/74
f 167/422/74 162/423/74 150/424/74
f 167/422/74 150/424/74 147/425/74
f 147/425/74 150/424/74 140/426/74
f 147/425/74 140/426/74 132/427/74
f 132/427/74 122/428/74 147/425/74
f 147/425/74 122/428/74 137/429/74
f 137/429/74 122/428/74 38/430/74
f 137/429/74 38/430/74 34/431/74
f 122/428/74 78/432/74 38/430/74
f 38/430/74 78/432/74 62/433/74
f 38/430/74 62/433/74 48/434/74
f 42/435/74 57/436/74 34/431/74
f 34/431/74 57/436/74 74/437/74
f 34/431/74 74/437/74 118/438/74
f 128/439/74 143/440/74 118/438/74
f 118/438/74 143/440/74 137/429/74
f 118/438/74 137/429/74 34/431/74
f 128/439/74 136/441/74 143/440/74
f 143/440/74 136/441/74 146/442/74
f 143/440/74 146/442/74 159/443/74
f 159/443/74 146/442/74 152/444/74
f 159/443/74 152/444/74 164/445/74
f 159/443/74 164/445/74 187/446/74
f 187/446/74 164/445/74 176/447/74
f 187/446/74 176/447/74 180/448/74
f 187/446/74 180/448/74 199/449/74
f 199/449/74 180/448/74 172/450/74
f 199/449/74 172/450/74 158/451/74
f 199/449/74 158/451/74 102/452/74
f 102/452/74 158/451/74 100/453/74
f 102/452/74 100/453/74 94/454/74
f 94/454/74 88/455/74 102/452/74
f 102/452/74 116/456/74 199/449/74
f 199/449/74 116/456/74 205/457/74
f 205/457/74 116/456/74 209/458/74
f 205/457/74 209/458/74 215/459/74
f 154/460/74 178/461/74 116/456/74
f 116/456/74 178/461/74 192/462/74
f 116/456/74 192/462/74 209/458/74
f 215/459/74 219/463/74 205/457/74
f 205/457/74 219/463/74 228/464/74
f 228/464/74 219/463/74 225/465/74
f 228/464/74 225/465/74 249/466/74
f 228/464/74 249/466/74 298/467/74
f 298/467/74 249/466/74 283/468/74
f 298/467/74 283/468/74 316/469/74
f 298/467/74 316/469/74 355/470/74
f 355/470/74 316/469/74 321/471/74
f 355/470/74 321/471/74 325/472/74
f 325/472/74 319/473/74 355/470/74
f 355/470/74 319/473/74 396/474/74
f 396/474/74 319/473/74 265/475/74
f 396/474/74 265/475/74 327/476/74
f 327/476/74 265/475/74 257/477/74
f 327/476/74 257/477/74 245/478/74
f 327/476/74 373/479/74 396/474/74
f 396/474/74 373/479/74 449/480/74
f 396/474/74 449/480/74 450/481/74
f 450/481/74 449/480/74 455/482/74
f 450/481/74 455/482/74 461/483/74
f 423/484/74 430/485/74 373/479/74
f 373/479/74 430/485/74 432/486/74
f 373/479/74 432/486/74 449/480/74
f 461/483/74 473/487/74 450/481/74
f 450/481/74 473/487/74 494/488/74
f 494/488/74 473/487/74 487/489/74
f 494/488/74 487/489/74 501/490/74
f 501/490/74 517/491/74 494/488/74
f 494/488/74 517/491/74 528/492/74
f 528/492/74 517/491/74 523/493/74
f 528/492/74 523/493/74 531/494/74
f 528/492/74 531/494/74 584/495/74
f 584/495/74 531/494/74 535/496/74
f 584/495/74 535/496/74 613/497/74
f 613/497/74 535/496/74 544/498/74
f 613/497/74 544/498/74 547/499/74
f 547/499/74 555/500/74 613/497/74
f 613/497/74 649/501/74 584/495/74
f 584/495/74 649/501/74 699/502/74
f 584/495/74 699/502/74 659/503/74
f 716/504/74 708/505/74 649/501/74
f 649/501/74 708/505/74 699/502/74
f 584/495/74 659/503/74 635/506/74
f 635/506/74 659/503/74 655/507/74
f 635/506/74 655/507/74 661/508/74
f 661/508/74 666/509/74 635/506/74
f 635/506/74 666/509/74 674/510/74
f 674/510/74 666/509/74 693/511/74
f 674/510/74 693/511/74 729/512/74
f 674/510/74 729/512/74 748/513/74
f 748/513/74 729/512/74 769/514/74
f 748/513/74 769/514/74 775/515/74
f 748/513/74 775/515/74 788/516/74
f 788/516/74 775/515/74 779/517/74
f 788/516/74 779/517/74 784/518/74
f 788/516/74 784/518/74 875/519/74
f 875/519/74 784/518/74 803/520/74
f 875/519/74 803/520/74 804/521/74
f 804/521/74 819/522/74 875/519/74
f 788/516/74 875/519/74 798/523/74
f 798/523/74 875/519/74 891/524/74
f 798/523/74 891/524/74 831/525/74
f 831/525/74 891/524/74 893/526/74
f 893/526/74 891/524/74 903/527/74
f 903/527/74 891/524/74 909/528/74
f 831/525/74 817/529/74 798/523/74
f 798/523/74 817/529/74 806/530/74
f 806/530/74 817/529/74 811/531/74
f 806/530/74 811/531/74 815/532/74
f 815/532/74 827/533/74 806/530/74
f 806/530/74 827/533/74 832/534/74
f 832/534/74 827/533/74 839/535/74
f 832/534/74 839/535/74 851/536/74
f 832/534/74 851/536/74 852/537/74
f 852/537/74 851/536/74 861/538/74
f 852/537/74 861/538/74 869/539/74
f 869/539/74 879/540/74 852/537/74
f 852/537/74 879/540/74 862/541/74
f 862/541/74 879/540/74 963/542/74
f 862/541/74 963/542/74 967/543/74
f 879/540/74 923/544/74 963/542/74
f 963/542/74 923/544/74 938/545/74
f 963/542/74 938/545/74 953/546/74
f 959/547/74 943/548/74 967/543/74
f 967/543/74 943/548/74 927/549/74
f 967/543/74 927/549/74 883/550/74
f 873/551/74 856/552/74 883/550/74
f 883/550/74 856/552/74 862/541/74
f 883/550/74 862/541/74 967/543/74
f 873/551/74 865/553/74 856/552/74
f 856/552/74 865/553/74 855/554/74
f 856/552/74 855/554/74 840/555/74
f 840/555/74 855/554/74 849/556/74
f 840/555/74 849/556/74 837/557/74
f 840/555/74 837/557/74 812/558/74
f 812/558/74 837/557/74 825/559/74
f 812/558/74 825/559/74 821/560/74
f 812/558/74 821/560/74 800/561/74
f 800/561/74 821/560/74 829/562/74
f 800/561/74 829/562/74 843/563/74
f 800/561/74 843/563/74 899/564/74
f 899/564/74 843/563/74 901/565/74
f 899/564/74 901/565/74 907/566/74
f 907/566/74 913/567/74 899/564/74
f 899/564/74 885/363/74 800/561/74
f 800/561/74 885/363/74 794/360/74
f 339/304/176 314/305/177 352/306/178
f 352/306/178 314/305/177 295/307/179
f 352/306/178 295/307/179 293/308/180
f 352/306/178 293/308/180 287/309/181
f 287/309/181 293/308/180 289/310/182
f 287/309/181 289/310/182 281/311/183
f 281/311/183 279/312/184 287/309/181
f 287/309/181 279/312/184 285/313/185
f 339/304/176 352/306/178 354/314/186
f 354/314/186 352/306/178 389/315/187
f 354/314/186 389/315/187 369/316/188
f 369/316/188 389/315/187 391/317/189
f 391/317/189 389/315/187 407/318/190
f 407/318/190 389/315/187 419/319/191
f 419/319/191 389/315/187 428/320/192
f 428/320/192 389/315/187 436/321/193
f 436/321/193 389/315/187 443/322/194
f 443/322/194 389/315/187 447/323/195
f 369/324/196 391/325/197 368/326/196
f 368/326/196 391/325/197 390/327/197
f 390/327/197 391/325/197 407/328/198
f 390/327/197 407/328/198 406/329/199
f 406/329/199 407/328/198 419/330/200
f 406/329/199 419/330/200 418/331/201
f 418/331/201 419/330/200 428/332/202
f 418/331/201 428/332/202 427/333/202
f 427/333/202 428/332/202 436/334/203
f 427/333/202 436/334/203 435/335/203
f 435/335/203 436/334/203 443/336/204
f 435/335/203 443/336/204 442/337/204
f 442/337/204 443/336/204 447/338/205
f 442/337/204 447/338/205 446/339/205
f 446/339/205 447/338/205 452/340/206
f 452/340/206 447/338/205 453/341/207
f 452/340/206 453/341/207 456/342/208
f 456/342/208 453/341/207 457/343/208
f 54/304/209 44/305/210 110/306/211
f 110/306/211 44/305/210 56/307/212
f 110/306/211 56/307/212 66/308/213
f 110/306/211 66/308/213 92/309/214
f 92/309/214 66/308/213 72/310/215
f 92/309/214 72/310/215 82/311/216
f 82/311/216 86/312/217 92/309/214
f 92/309/214 86/312/217 90/313/218
f 54/304/209 110/306/211 68/314/219
f 68/314/219 110/306/211 126/315/220
f 68/314/219 126/315/220 80/316/221
f 80/316/221 126/315/220 104/317/222
f 104/317/222 126/315/220 112/318/223
f 112/318/223 126/315/220 124/319/224
f 124/319/224 126/315/220 134/320/225
f 134/320/225 126/315/220 156/321/226
f 156/321/226 126/315/220 166/322/227
f 166/322/227 126/315/220 182/323/228
f 80/324/229 104/325/230 79/326/229
f 79/326/229 104/325/230 103/327/230
f 103/327/230 104/325/230 112/328/231
f 103/327/230 112/328/231 111/329/231
f 111/329/231 112/328/231 124/330/232
f 111/329/231 124/330/232 123/331/232
f 123/331/232 124/330/232 134/332/233
f 123/331/232 134/332/233 133/333/233
f 133/333/233 134/332/233 156/334/234
f 133/333/233 156/334/234 155/335/234
f 155/335/234 156/334/234 166/336/235
f 155/335/234 166/336/235 165/337/235
f 165/337/235 166/336/235 182/338/236
f 165/337/235 182/338/236 181/339/236
f 181/339/236 182/338/236 195/340/237
f 195/340/237 182/338/236 196/568/238
f 195/340/237 196/568/238 197/342/239
f 197/342/239 196/568/238 198/343/239
f 2/304/240 4/305/241 34/306/242
f 34/306/242 4/305/241 10/307/243
f 34/306/242 10/307/243 14/308/244
f 34/306/242 14/308/244 42/309/245
f 42/309/245 14/308/244 18/310/246
f 42/309/245 18/310/246 22/311/247
f 22/311/247 26/312/248 42/309/245
f 42/309/245 26/312/248 32/313/249
f 2/304/240 34/306/242 6/314/250
f 6/314/250 34/306/242 38/315/251
f 6/314/250 38/315/251 8/316/252
f 8/316/252 38/315/251 12/317/253
f 12/317/253 38/315/251 16/318/254
f 16/318/254 38/315/251 20/319/255
f 20/319/255 38/315/251 24/320/256
f 24/320/256 38/315/251 30/321/257
f 30/321/257 38/315/251 36/322/258
f 36/322/258 38/315/251 48/323/259
f 8/324/260 12/325/261 7/326/260
f 7/326/260 12/325/261 11/327/262
f 11/327/262 12/325/261 16/328/263
f 11/327/262 16/328/263 15/329/263
f 15/329/263 16/328/263 20/330/264
f 15/329/263 20/330/264 19/331/264
f 19/331/264 20/330/264 24/332/265
f 19/331/264 24/332/265 23/333/265
f 23/333/265 24/332/265 30/334/266
f 23/333/265 30/334/266 29/335/266
f 29/335/266 30/334/266 36/336/267
f 29/335/266 36/336/267 35/337/268
f 35/337/268 36/336/267 48/338/269
f 35/337/268 48/338/269 47/339/269
f 47/339/269 48/338/269 61/340/270
f 61/340/270 48/338/269 62/341/271
f 61/340/270 62/341/271 77/342/272
f 77/342/272 62/341/271 78/343/272
f 50/304/273 64/305/274 116/306/275
f 116/306/275 64/305/274 96/307/276
f 116/306/275 96/307/276 106/308/277
f 116/306/275 106/308/277 154/309/278
f 154/309/278 106/308/277 114/310/279
f 154/309/278 114/310/279 120/311/280
f 120/311/280 130/312/281 154/309/278
f 154/309/278 130/312/281 142/313/282
f 50/304/273 116/306/275 40/314/283
f 40/314/283 116/306/275 102/315/284
f 40/314/283 102/315/284 28/316/285
f 28/316/285 102/315/284 46/317/286
f 46/317/286 102/315/284 52/318/287
f 52/318/287 102/315/284 60/319/288
f 60/319/288 102/315/284 70/320/289
f 70/320/289 102/315/284 76/321/290
f 76/321/290 102/315/284 84/322/291
f 84/322/291 102/315/284 88/323/292
f 28/324/293 46/325/294 27/326/293
f 27/326/293 46/325/294 45/327/294
f 45/327/294 46/325/294 52/328/295
f 45/327/294 52/328/295 51/329/295
f 51/329/295 52/328/295 60/330/296
f 51/329/295 60/330/296 59/331/297
f 59/331/297 60/330/296 70/332/298
f 59/331/297 70/332/298 69/333/298
f 69/333/298 70/332/298 76/334/299
f 69/333/298 76/334/299 75/335/299
f 75/335/299 76/334/299 84/336/300
f 75/335/299 84/336/300 83/337/301
f 83/337/301 84/336/300 88/338/302
f 83/337/301 88/338/302 87/339/302
f 87/339/302 88/338/302 93/340/303
f 93/340/303 88/338/302 94/568/304
f 93/340/303 94/568/304 99/342/305
f 99/342/305 94/568/304 100/343/306
f 329/304/307 349/305/308 373/306/309
f 373/306/309 349/305/308 371/307/310
f 373/306/309 371/307/310 378/308/311
f 373/306/309 378/308/311 423/309/312
f 423/309/312 378/308/311 395/310/313
f 423/309/312 395/310/313 405/311/314
f 405/311/314 409/312/315 423/309/312
f 423/309/312 409/312/315 415/313/316
f 329/304/307 373/306/309 305/314/317
f 305/314/317 373/306/309 327/315/318
f 305/314/317 327/315/318 269/316/319
f 269/316/319 327/315/318 256/317/320
f 256/317/320 327/315/318 243/318/321
f 243/318/321 327/315/318 239/319/322
f 239/319/322 327/315/318 235/320/323
f 235/320/323 327/315/318 237/321/324
f 237/321/324 327/315/318 241/322/325
f 241/322/325 327/315/318 245/323/326
f 269/324/327 256/325/328 268/326/327
f 268/326/327 256/325/328 255/327/328
f 255/327/328 256/325/328 243/328/329
f 255/327/328 243/328/329 242/329/329
f 242/329/329 243/328/329 239/330/330
f 242/329/329 239/330/330 238/331/330
f 238/331/330 239/330/330 235/332/331
f 238/331/330 235/332/331 234/333/331
f 234/333/331 235/332/331 237/334/332
f 234/333/331 237/334/332 236/335/332
f 236/335/332 237/334/332 241/336/333
f 236/335/332 241/336/333 240/337/333
f 240/337/333 241/336/333 245/338/334
f 240/337/333 245/338/334 244/339/334
f 244/339/334 245/338/334 258/340/335
f 258/340/335 245/338/334 257/341/336
f 258/340/335 257/341/336 264/342/337
f 264/342/337 257/341/336 265/343/337
f 664/304/338 691/305/339 649/306/340
f 649/306/340 691/305/339 701/307/341
f 649/306/340 701/307/341 706/308/342
f 649/306/340 706/308/342 716/309/343
f 716/309/343 706/308/342 714/310/344
f 716/309/343 714/310/344 724/311/345
f 724/311/345 726/312/346 716/309/343
f 716/309/343 726/312/346 720/313/347
f 664/304/338 649/306/340 643/314/348
f 643/314/348 649/306/340 613/315/349
f 643/314/348 613/315/349 634/316/350
f 634/316/350 613/315/349 611/317/351
f 611/317/351 613/315/349 594/318/352
f 594/318/352 613/315/349 579/319/353
f 579/319/353 613/315/349 573/320/354
f 573/320/354 613/315/349 567/321/355
f 567/321/355 613/315/349 561/322/356
f 561/322/356 613/315/349 555/323/357
f 634/324/358 611/325/359 633/326/358
f 633/326/358 611/325/359 610/327/359
f 610/327/359 611/325/359 594/328/360
f 610/327/359 594/328/360 593/329/361
f 593/329/361 594/328/360 579/330/362
f 593/329/361 579/330/362 578/331/363
f 578/331/363 579/330/362 573/332/364
f 578/331/363 573/332/364 572/333/364
f 572/333/364 573/332/364 567/334/365
f 572/333/364 567/334/365 566/335/365
f 566/335/365 567/334/365 561/336/366
f 566/335/365 561/336/366 560/337/366
f 560/337/366 561/336/366 555/338/367
f 560/337/366 555/338/367 554/339/367
f 554/339/367 555/338/367 548/340/368
f 548/340/368 555/338/367 547/341/369
f 548/340/368 547/341/369 543/342/370
f 543/342/370 547/341/369 544/343/370
f 947/304/371 957/305/372 891/306/373
f 891/306/373 957/305/372 945/307/374
f 891/306/373 945/307/374 935/308/375
f 891/306/373 935/308/375 909/309/376
f 909/309/376 935/308/375 929/310/377
f 909/309/376 929/310/377 919/311/378
f 919/311/378 915/312/379 909/309/376
f 909/309/376 915/312/379 911/313/380
f 947/304/371 891/306/373 933/314/381
f 933/314/381 891/306/373 875/315/382
f 933/314/381 875/315/382 921/316/383
f 921/316/383 875/315/382 897/317/384
f 897/317/384 875/315/382 889/318/385
f 889/318/385 875/315/382 877/319/386
f 877/319/386 875/315/382 867/320/387
f 867/320/387 875/315/382 845/321/388
f 845/321/388 875/315/382 835/322/389
f 835/322/389 875/315/382 819/323/390
f 921/324/391 897/325/392 920/326/391
f 920/326/391 897/325/392 896/327/392
f 896/327/392 897/325/392 889/328/393
f 896/327/392 889/328/393 888/329/393
f 888/329/393 889/328/393 877/330/394
f 888/329/393 877/330/394 876/331/394
f 876/331/394 877/330/394 867/332/395
f 876/331/394 867/332/395 866/333/395
f 866/333/395 867/332/395 845/334/396
f 866/333/395 845/334/396 844/335/396
f 844/335/396 845/334/396 835/336/397
f 844/335/396 835/336/397 834/337/397
f 834/337/397 835/336/397 819/338/398
f 834/337/397 819/338/398 818/339/398
f 818/339/398 819/338/398 805/340/399
f 805/340/399 819/338/398 804/341/400
f 805/340/399 804/341/400 802/342/401
f 802/342/401 804/341/400 803/343/401
f 999/304/402 997/305/403 967/306/404
f 967/306/404 997/305/403 991/307/405
f 967/306/404 991/307/405 987/308/406
f 967/306/404 987/308/406 959/309/407
f 959/309/407 987/308/406 983/310/408
f 959/309/407 983/310/408 979/311/409
f 979/311/409 975/312/410 959/309/407
f 959/309/407 975/312/410 969/313/411
f 999/304/402 967/306/404 995/314/412
f 995/314/412 967/306/404 963/315/413
f 995/314/412 963/315/413 993/316/414
f 993/316/414 963/315/413 989/317/415
f 989/317/415 963/315/413 985/318/416
f 985/318/416 963/315/413 981/319/417
f 981/319/417 963/315/413 977/320/418
f 977/320/418 963/315/413 971/321/419
f 971/321/419 963/315/413 965/322/420
f 965/322/420 963/315/413 953/323/421
f 969/569/422 968/570/422 959/571/423
f 959/571/423 968/570/422 958/572/423
f 959/571/423 958/572/423 942/573/424
f 968/570/422 969/569/422 974/574/425
f 974/574/425 969/569/422 975/575/425
f 974/574/425 975/575/425 978/576/426
f 978/576/426 975/575/425 979/577/426
f 978/576/426 979/577/426 982/578/427
f 982/578/427 979/577/426 983/579/427
f 982/578/427 983/579/427 986/580/428
f 986/580/428 983/579/427 987/581/428
f 986/580/428 987/581/428 990/582/429
f 990/582/429 987/581/428 991/583/429
f 990/582/429 991/583/429 996/584/430
f 996/584/430 991/583/429 997/585/430
f 959/571/423 942/573/424 943/586/431
f 943/586/431 942/573/424 926/342/432
f 943/586/431 926/342/432 927/343/433
f 951/304/434 937/305/435 885/306/436
f 885/306/436 937/305/435 905/307/437
f 885/306/436 905/307/437 895/308/438
f 885/306/436 895/308/438 847/309/439
f 847/309/439 895/308/438 887/310/440
f 847/309/439 887/310/440 881/311/441
f 881/311/441 871/312/442 847/309/439
f 847/309/439 871/312/442 859/313/443
f 951/304/434 885/306/436 961/314/444
f 961/314/444 885/306/436 899/315/445
f 961/314/444 899/315/445 973/316/446
f 973/316/446 899/315/445 955/317/447
f 955/317/447 899/315/445 949/318/448
f 949/318/448 899/315/445 941/319/449
f 941/319/449 899/315/445 931/320/450
f 931/320/450 899/315/445 925/321/451
f 925/321/451 899/315/445 917/322/452
f 917/322/452 899/315/445 913/323/453
f 859/569/454 858/570/454 847/571/455
f 847/571/455 858/570/454 846/572/455
f 847/571/455 846/572/455 823/573/456
f 858/570/454 859/569/454 870/574/457
f 870/574/457 859/569/454 871/575/457
f 870/574/457 871/575/457 880/576/458
f 880/576/458 871/575/457 881/577/458
f 880/576/458 881/577/458 886/578/459
f 886/578/459 881/577/458 887/579/459
f 886/578/459 887/579/459 894/580/460
f 894/580/460 887/579/459 895/581/460
f 894/580/460 895/581/460 904/582/461
f 904/582/461 895/581/460 905/583/461
f 904/582/461 905/583/461 936/584/462
f 936/584/462 905/583/461 937/585/462
f 847/571/455 823/573/456 822/586/463
f 822/586/463 823/573/456 808/342/464
f 822/586/463 808/342/464 809/343/465
f 936/587/466 937/588/466 950/589/467
f 950/589/467 937/588/466 951/590/467
f 950/589/467 951/590/467 960/591/468
f 960/591/468 951/590/467 961/592/468
f 960/591/468 961/592/468 972/593/469
f 972/593/469 961/592/468 973/594/470
f 286/595/471 284/596/472 351/597/473
f 351/597/473 284/596/472 278/598/474
f 351/597/473 278/598/474 280/599/475
f 280/599/475 288/600/476 351/597/473
f 351/597/473 288/600/476 292/601/477
f 351/597/473 292/601/477 294/602/478
f 294/602/478 313/603/479 351/597/473
f 351/597/473 313/603/479 338/604/480
f 351/597/473 338/604/480 388/605/481
f 388/605/481 338/604/480 353/606/482
f 388/605/481 353/606/482 368/316/483
f 368/316/483 390/607/484 388/605/481
f 388/605/481 390/607/484 406/608/485
f 388/605/481 406/608/485 446/609/486
f 446/609/486 406/608/485 418/610/487
f 446/609/486 418/610/487 427/611/488
f 427/611/488 435/612/489 446/609/486
f 446/609/486 435/612/489 442/613/490
f 285/569/491 284/570/491 287/571/492
f 287/571/492 284/570/491 286/572/492
f 287/571/492 286/572/492 291/573/493
f 284/570/491 285/569/491 278/574/494
f 278/574/494 285/569/491 279/575/494
f 278/574/494 279/575/494 280/576/495
f 280/576/495 279/575/494 281/577/495
f 280/576/495 281/577/495 288/578/496
f 288/578/496 281/577/495 289/579/496
f 288/578/496 289/579/496 292/580/497
f 292/580/497 289/579/496 293/581/497
f 292/580/497 293/581/497 294/582/498
f 294/582/498 293/581/497 295/583/498
f 294/582/498 295/583/498 313/584/499
f 313/584/499 295/583/498 314/585/499
f 287/571/492 291/573/493 290/586/500
f 290/586/500 291/573/493 296/342/501
f 290/586/500 296/342/501 297/343/502
f 286/344/503 351/345/503 291/614/503
f 291/614/503 351/345/503 296/347/503
f 296/347/503 351/345/503 344/349/503
f 344/349/503 351/345/503 464/368/503
f 344/349/503 464/368/503 468/370/503
f 351/345/503 388/367/503 464/368/503
f 464/368/503 388/367/503 456/374/503
f 456/374/503 388/367/503 452/615/503
f 452/615/503 388/367/503 446/372/503
f 344/349/503 468/370/503 346/351/503
f 346/351/503 468/370/503 477/371/503
f 346/351/503 477/371/503 342/352/503
f 342/352/503 477/371/503 462/616/503
f 342/352/503 462/616/503 424/617/503
f 477/371/503 484/375/503 462/616/503
f 462/616/503 484/375/503 496/618/503
f 496/618/503 484/375/503 498/377/503
f 496/618/503 498/377/503 514/378/503
f 496/618/503 514/378/503 520/619/503
f 520/619/503 514/378/503 526/379/503
f 520/619/503 526/379/503 538/381/503
f 545/382/503 672/395/503 538/381/503
f 538/381/503 672/395/503 676/396/503
f 538/381/503 676/396/503 564/620/503
f 564/620/503 676/396/503 602/621/503
f 602/621/503 676/396/503 688/397/503
f 602/621/503 688/397/503 721/399/503
f 672/395/503 545/382/503 678/391/503
f 678/391/503 545/382/503 552/384/503
f 678/391/503 552/384/503 670/389/503
f 670/389/503 552/384/503 626/385/503
f 626/385/503 552/384/503 568/386/503
f 626/385/503 568/386/503 571/622/503
f 571/622/503 574/388/503 626/385/503
f 752/392/503 744/623/503 670/389/503
f 670/389/503 744/623/503 736/390/503
f 670/389/503 736/390/503 678/391/503
f 602/621/503 721/399/503 637/624/503
f 637/624/503 721/399/503 750/400/503
f 637/624/503 750/400/503 776/402/503
f 637/624/503 776/402/503 656/625/503
f 656/625/503 776/402/503 780/403/503
f 656/625/503 780/403/503 686/626/503
f 686/626/503 780/403/503 820/419/503
f 686/626/503 820/419/503 824/420/503
f 820/419/503 780/403/503 828/417/503
f 828/417/503 780/403/503 786/405/503
f 828/417/503 786/405/503 842/413/503
f 842/413/503 786/405/503 791/406/503
f 842/413/503 791/406/503 898/412/503
f 898/412/503 791/406/503 884/407/503
f 884/407/503 791/406/503 808/408/503
f 884/407/503 808/408/503 823/627/503
f 823/627/503 846/410/503 884/407/503
f 912/416/503 906/628/503 898/412/503
f 898/412/503 906/628/503 900/414/503
f 898/412/503 900/414/503 842/413/503
f 686/626/503 824/420/503 711/629/503
f 711/629/503 824/420/503 836/421/503
f 711/629/503 836/421/503 848/423/503
f 711/629/503 848/423/503 734/630/503
f 734/630/503 848/423/503 854/424/503
f 734/630/503 854/424/503 864/426/503
f 872/427/503 860/441/503 864/426/503
f 864/426/503 860/441/503 738/631/503
f 864/426/503 738/631/503 734/630/503
f 860/441/503 872/427/503 868/439/503
f 868/439/503 872/427/503 882/428/503
f 868/439/503 882/428/503 878/438/503
f 878/438/503 882/428/503 962/431/503
f 878/438/503 962/431/503 922/437/503
f 922/437/503 962/431/503 939/632/503
f 939/632/503 962/431/503 952/435/503
f 962/431/503 882/428/503 966/430/503
f 966/430/503 882/428/503 926/432/503
f 966/430/503 926/432/503 942/633/503
f 942/633/503 958/434/503 966/430/503
f 738/631/503 860/441/503 732/634/503
f 732/634/503 860/441/503 850/442/503
f 732/634/503 850/442/503 838/444/503
f 732/634/503 838/444/503 703/635/503
f 703/635/503 838/444/503 826/445/503
f 703/635/503 826/445/503 814/447/503
f 703/635/503 814/447/503 684/636/503
f 684/636/503 814/447/503 810/448/503
f 684/636/503 810/448/503 652/637/503
f 652/637/503 810/448/503 774/463/503
f 652/637/503 774/463/503 768/465/503
f 810/448/503 816/450/503 774/463/503
f 774/463/503 816/450/503 778/459/503
f 778/459/503 816/450/503 830/451/503
f 778/459/503 830/451/503 783/458/503
f 783/458/503 830/451/503 890/452/503
f 783/458/503 890/452/503 874/456/503
f 830/451/503 892/453/503 890/452/503
f 890/452/503 892/453/503 902/638/503
f 890/452/503 902/638/503 908/455/503
f 818/460/503 805/639/503 874/456/503
f 874/456/503 805/639/503 802/462/503
f 874/456/503 802/462/503 783/458/503
f 652/637/503 768/465/503 631/640/503
f 631/640/503 768/465/503 728/466/503
f 631/640/503 728/466/503 692/468/503
f 631/640/503 692/468/503 597/641/503
f 597/641/503 692/468/503 665/469/503
f 597/641/503 665/469/503 660/471/503
f 654/472/503 522/483/503 660/471/503
f 660/471/503 522/483/503 558/642/503
f 660/471/503 558/642/503 597/641/503
f 522/483/503 654/472/503 530/482/503
f 530/482/503 654/472/503 658/473/503
f 530/482/503 658/473/503 534/480/503
f 534/480/503 658/473/503 648/476/503
f 534/480/503 648/476/503 612/479/503
f 658/473/503 698/475/503 648/476/503
f 648/476/503 698/475/503 707/643/503
f 648/476/503 707/643/503 715/478/503
f 554/484/503 548/644/503 612/479/503
f 612/479/503 548/644/503 543/486/503
f 612/479/503 543/486/503 534/480/503
f 558/642/503 522/483/503 518/645/503
f 518/645/503 522/483/503 516/487/503
f 518/645/503 516/487/503 500/489/503
f 518/645/503 500/489/503 490/646/503
f 490/646/503 500/489/503 486/490/503
f 490/646/503 486/490/503 472/491/503
f 490/646/503 472/491/503 458/647/503
f 458/647/503 472/491/503 460/493/503
f 458/647/503 460/493/503 416/648/503
f 416/648/503 460/493/503 320/508/503
f 416/648/503 320/508/503 315/509/503
f 320/508/503 460/493/503 324/507/503
f 324/507/503 460/493/503 454/494/503
f 324/507/503 454/494/503 318/503/503
f 318/503/503 454/494/503 448/496/503
f 318/503/503 448/496/503 326/501/503
f 326/501/503 448/496/503 372/497/503
f 372/497/503 448/496/503 431/498/503
f 372/497/503 431/498/503 429/649/503
f 429/649/503 422/500/503 372/497/503
f 244/504/503 258/650/503 326/501/503
f 326/501/503 258/650/503 264/502/503
f 326/501/503 264/502/503 318/503/503
f 416/648/503 315/509/503 375/651/503
f 375/651/503 315/509/503 282/511/503
f 375/651/503 282/511/503 248/512/503
f 375/651/503 248/512/503 357/652/503
f 357/652/503 248/512/503 224/514/503
f 357/652/503 224/514/503 218/515/503
f 214/517/503 171/529/503 218/515/503
f 218/515/503 171/529/503 179/531/503
f 218/515/503 179/531/503 330/653/503
f 330/653/503 179/531/503 300/654/503
f 300/654/503 179/531/503 175/532/503
f 300/654/503 175/532/503 163/533/503
f 171/529/503 214/517/503 157/525/503
f 157/525/503 214/517/503 208/518/503
f 157/525/503 208/518/503 101/524/503
f 101/524/503 208/518/503 115/519/503
f 115/519/503 208/518/503 191/520/503
f 115/519/503 191/520/503 177/655/503
f 177/655/503 153/522/503 115/519/503
f 87/528/503 93/656/503 101/524/503
f 101/524/503 93/656/503 99/526/503
f 101/524/503 99/526/503 157/525/503
f 300/654/503 163/533/503 274/657/503
f 274/657/503 163/533/503 151/535/503
f 274/657/503 151/535/503 145/536/503
f 274/657/503 145/536/503 259/658/503
f 259/658/503 145/536/503 135/538/503
f 259/658/503 135/538/503 261/659/503
f 261/659/503 135/538/503 139/553/503
f 261/659/503 139/553/503 149/554/503
f 139/553/503 135/538/503 131/551/503
f 131/551/503 135/538/503 127/539/503
f 131/551/503 127/539/503 121/550/503
f 121/550/503 127/539/503 117/540/503
f 121/550/503 117/540/503 33/542/503
f 33/542/503 117/540/503 73/544/503
f 33/542/503 73/544/503 58/660/503
f 58/660/503 41/546/503 33/542/503
f 33/542/503 37/543/503 121/550/503
f 121/550/503 37/543/503 77/549/503
f 77/549/503 37/543/503 61/661/503
f 61/661/503 37/543/503 47/547/503
f 261/659/503 149/554/503 276/662/503
f 276/662/503 149/554/503 161/556/503
f 276/662/503 161/556/503 173/557/503
f 276/662/503 173/557/503 306/663/503
f 306/663/503 173/557/503 185/559/503
f 306/663/503 185/559/503 189/560/503
f 183/562/503 226/359/503 189/560/503
f 189/560/503 226/359/503 332/664/503
f 189/560/503 332/664/503 306/663/503
f 226/359/503 183/562/503 220/361/503
f 220/361/503 183/562/503 169/563/503
f 220/361/503 169/563/503 216/362/503
f 216/362/503 169/563/503 109/564/503
f 216/362/503 109/564/503 125/363/503
f 169/563/503 107/565/503 109/564/503
f 109/564/503 107/565/503 98/665/503
f 109/564/503 98/665/503 91/567/503
f 181/366/503 195/666/503 125/363/503
f 125/363/503 195/666/503 197/364/503
f 125/363/503 197/364/503 216/362/503
f 332/664/503 226/359/503 360/667/503
f 360/667/503 226/359/503 230/358/503
f 360/667/503 230/358/503 381/668/503
f 381/668/503 230/358/503 272/356/503
f 381/668/503 272/356/503 311/355/503
f 311/355/503 334/353/503 381/668/503
f 381/668/503 334/353/503 424/617/503
f 424/617/503 334/353/503 342/352/503
f 330/653/503 357/652/503 218/515/503
f 564/620/503 520/619/503 538/381/503
f 574/595/504 582/596/505 626/597/506
f 626/597/506 582/596/505 591/598/507
f 626/597/506 591/598/507 595/599/508
f 595/599/508 608/600/509 626/597/506
f 626/597/506 608/600/509 620/601/510
f 626/597/506 620/601/510 628/602/511
f 628/602/511 650/603/512 626/597/506
f 626/597/506 650/603/512 668/604/513
f 626/597/506 668/604/513 670/605/514
f 670/605/514 668/604/513 694/606/515
f 670/605/514 694/606/515 730/316/516
f 730/316/516 746/607/517 670/605/514
f 670/605/514 746/607/517 754/608/518
f 670/605/514 754/608/518 752/609/519
f 752/609/519 754/608/518 758/610/520
f 752/609/519 758/610/520 762/611/521
f 762/611/521 760/612/522 752/609/519
f 752/609/519 760/612/522 756/613/523
f 583/569/524 582/570/524 575/571/525
f 575/571/525 582/570/524 574/572/526
f 575/571/525 574/572/526 571/573/527
f 582/570/524 583/569/524 591/574/528
f 591/574/528 583/569/524 592/575/528
f 591/574/528 592/575/528 595/576/529
f 595/576/529 592/575/528 596/577/529
f 595/576/529 596/577/529 608/578/530
f 608/578/530 596/577/529 609/579/530
f 608/578/530 609/579/530 620/580/531
f 620/580/531 609/579/530 621/581/531
f 620/580/531 621/581/531 628/582/532
f 628/582/532 621/581/531 629/583/532
f 628/582/532 629/583/532 650/584/533
f 650/584/533 629/583/532 651/585/533
f 575/571/525 571/573/527 570/586/534
f 570/586/534 571/573/527 568/342/535
f 570/586/534 568/342/535 569/343/536
f 91/595/537 89/596/538 109/597/539
f 109/597/539 89/596/538 85/598/540
f 109/597/539 85/598/540 81/599/541
f 81/599/541 71/600/542 109/597/539
f 109/597/539 71/600/542 65/601/543
f 109/597/539 65/601/543 55/602/544
f 55/602/544 43/603/545 109/597/539
f 109/597/539 43/603/545 53/604/546
f 109/597/539 53/604/546 125/605/547
f 125/605/547 53/604/546 67/606/548
f 125/605/547 67/606/548 79/316/549
f 79/316/549 103/607/550 125/605/547
f 125/605/547 103/607/550 111/608/551
f 125/605/547 111/608/551 181/609/552
f 181/609/552 111/608/551 123/610/553
f 181/609/552 123/610/553 133/611/554
f 133/611/554 155/612/555 181/609/552
f 181/609/552 155/612/555 165/613/556
f 90/569/557 89/570/557 92/571/558
f 92/571/558 89/570/557 91/572/558
f 92/571/558 91/572/558 98/573/559
f 89/570/557 90/569/557 85/574/560
f 85/574/560 90/569/557 86/575/560
f 85/574/560 86/575/560 81/576/561
f 81/576/561 86/575/560 82/577/561
f 81/576/561 82/577/561 71/578/562
f 71/578/562 82/577/561 72/579/562
f 71/578/562 72/579/562 65/580/563
f 65/580/563 72/579/562 66/581/563
f 65/580/563 66/581/563 55/582/564
f 55/582/564 66/581/563 56/583/564
f 55/582/564 56/583/564 43/584/565
f 43/584/565 56/583/564 44/585/565
f 92/571/558 98/573/559 97/586/566
f 97/586/566 98/573/559 107/342/567
f 97/586/566 107/342/567 108/343/568
f 41/595/569 31/596/570 33/597/571
f 33/597/571 31/596/570 25/598/572
f 33/597/571 25/598/572 21/599/573
f 21/599/573 17/600/574 33/597/571
f 33/597/571 17/600/574 13/601/575
f 33/597/571 13/601/575 9/602/576
f 9/602/576 3/603/577 33/597/571
f 33/597/571 3/603/577 1/604/578
f 33/597/571 1/604/578 37/605/579
f 37/605/579 1/604/578 5/606/580
f 37/605/579 5/606/580 7/316/581
f 7/316/581 11/607/582 37/605/579
f 37/605/579 11/607/582 15/608/583
f 37/605/579 15/608/583 47/609/584
f 47/609/584 15/608/583 19/610/585
f 47/609/584 19/610/585 23/611/586
f 23/611/586 29/612/587 47/609/584
f 47/609/584 29/612/587 35/613/588
f 32/569/589 31/570/589 42/571/590
f 42/571/590 31/570/589 41/572/590
f 42/571/590 41/572/590 58/573/591
f 31/570/589 32/569/589 25/574/592
f 25/574/592 32/569/589 26/575/592
f 25/574/592 26/575/592 21/576/593
f 21/576/593 26/575/592 22/577/593
f 21/576/593 22/577/593 17/578/594
f 17/578/594 22/577/593 18/579/594
f 17/578/594 18/579/594 13/580/595
f 13/580/595 18/579/594 14/581/595
f 13/580/595 14/581/595 9/582/596
f 9/582/596 14/581/595 10/583/596
f 9/582/596 10/583/596 3/584/597
f 3/584/597 10/583/596 4/585/597
f 42/571/590 58/573/591 57/586/598
f 57/586/598 58/573/591 73/342/599
f 57/586/598 73/342/599 74/343/600
f 153/595/601 141/596/602 115/597/603
f 115/597/603 141/596/602 129/598/604
f 115/597/603 129/598/604 119/599/605
f 119/599/605 113/600/606 115/597/603
f 115/597/603 113/600/606 105/601/607
f 115/597/603 105/601/607 95/602/608
f 95/602/608 63/603/609 115/597/603
f 115/597/603 63/603/609 49/604/610
f 115/597/603 49/604/610 101/605/611
f 101/605/611 49/604/610 39/606/612
f 101/605/611 39/606/612 27/316/613
f 27/316/613 45/607/614 101/605/611
f 101/605/611 45/607/614 51/608/615
f 101/605/611 51/608/615 87/609/616
f 87/609/616 51/608/615 59/610/617
f 87/609/616 59/610/617 69/611/618
f 69/611/618 75/612/619 87/609/616
f 87/609/616 75/612/619 83/613/620
f 142/569/621 141/570/621 154/571/622
f 154/571/622 141/570/621 153/572/622
f 154/571/622 153/572/622 177/573/623
f 141/570/621 142/569/621 129/574/624
f 129/574/624 142/569/621 130/575/624
f 129/574/624 130/575/624 119/576/625
f 119/576/625 130/575/624 120/577/625
f 119/576/625 120/577/625 113/578/626
f 113/578/626 120/577/625 114/579/626
f 113/578/626 114/579/626 105/580/627
f 105/580/627 114/579/626 106/581/627
f 105/580/627 106/581/627 95/582/628
f 95/582/628 106/581/627 96/583/628
f 95/582/628 96/583/628 63/584/629
f 63/584/629 96/583/628 64/585/629
f 154/571/622 177/573/623 178/586/630
f 178/586/630 177/573/623 191/342/631
f 178/586/630 191/342/631 192/343/632
f 422/595/633 414/596/634 372/597/635
f 372/597/635 414/596/634 408/598/636
f 372/597/635 408/598/636 404/599/637
f 404/599/637 394/600/638 372/597/635
f 372/597/635 394/600/638 377/601/639
f 372/597/635 377/601/639 370/602/640
f 370/602/640 348/603/641 372/597/635
f 372/597/635 348/603/641 328/604/642
f 372/597/635 328/604/642 326/605/643
f 326/605/643 328/604/642 304/606/644
f 326/605/643 304/606/644 268/316/645
f 268/316/645 255/607/646 326/605/643
f 326/605/643 255/607/646 242/608/647
f 326/605/643 242/608/647 244/609/648
f 244/609/648 242/608/647 238/610/649
f 244/609/648 238/610/649 234/611/650
f 234/611/650 236/612/651 244/609/648
f 244/609/648 236/612/651 240/613/652
f 415/569/653 414/570/653 423/571/654
f 423/571/654 414/570/653 422/572/655
f 423/571/654 422/572/655 429/573/656
f 414/570/653 415/569/653 408/574/657
f 408/574/657 415/569/653 409/575/657
f 408/574/657 409/575/657 404/576/658
f 404/576/658 409/575/657 405/577/658
f 404/576/658 405/577/658 394/578/659
f 394/578/659 405/577/658 395/579/659
f 394/578/659 395/579/659 377/580/660
f 377/580/660 395/579/659 378/581/660
f 377/580/660 378/581/660 370/582/661
f 370/582/661 378/581/660 371/583/661
f 370/582/661 371/583/661 348/584/662
f 348/584/662 371/583/661 349/585/662
f 423/571/654 429/573/656 430/586/663
f 430/586/663 429/573/656 431/342/664
f 430/586/663 431/342/664 432/343/665
f 715/595/666 719/596/667 648/597/668
f 648/597/668 719/596/667 725/598/669
f 648/597/668 725/598/669 723/599/670
f 723/599/670 713/600/671 648/597/668
f 648/597/668 713/600/671 705/601/672
f 648/597/668 705/601/672 700/602/673
f 700/602/673 690/603/674 648/597/668
f 648/597/668 690/603/674 663/604/675
f 648/597/668 663/604/675 612/605/676
f 612/605/676 663/604/675 642/606/677
f 612/605/676 642/606/677 633/316/678
f 633/316/678 610/607/679 612/605/676
f 612/605/676 610/607/679 593/608/680
f 612/605/676 593/608/680 554/609/681
f 554/609/681 593/608/680 578/610/682
f 554/609/681 578/610/682 572/611/683
f 572/611/683 566/612/684 554/609/681
f 554/609/681 566/612/684 560/613/685
f 720/569/686 719/570/686 716/571/687
f 716/571/687 719/570/686 715/572/687
f 716/571/687 715/572/687 707/573/688
f 719/570/686 720/569/686 725/574/689
f 725/574/689 720/569/686 726/575/689
f 725/574/689 726/575/689 723/576/690
f 723/576/690 726/575/689 724/577/690
f 723/576/690 724/577/690 713/578/691
f 713/578/691 724/577/690 714/579/691
f 713/578/691 714/579/691 705/580/692
f 705/580/692 714/579/691 706/581/692
f 705/580/692 706/581/692 700/582/693
f 700/582/693 706/581/692 701/583/693
f 700/582/693 701/583/693 690/584/694
f 690/584/694 701/583/693 691/585/694
f 716/571/687 707/573/688 708/586/695
f 708/586/695 707/573/688 698/342/696
f 708/586/695 698/342/696 699/343/697
f 908/595/698 910/596/699 890/597/700
f 890/597/700 910/596/699 914/598/701
f 890/597/700 914/598/701 918/599/702
f 918/599/702 928/600/703 890/597/700
f 890/597/700 928/600/703 934/601/704
f 890/597/700 934/601/704 944/602/705
f 944/602/705 956/603/706 890/597/700
f 890/597/700 956/603/706 946/604/707
f 890/597/700 946/604/707 874/605/708
f 874/605/708 946/604/707 932/606/709
f 874/605/708 932/606/709 920/316/710
f 920/316/710 896/607/711 874/605/708
f 874/605/708 896/607/711 888/608/712
f 874/605/708 888/608/712 818/609/713
f 818/609/713 888/608/712 876/610/714
f 818/609/713 876/610/714 866/611/715
f 866/611/715 844/612/716 818/609/713
f 818/609/713 844/612/716 834/613/717
f 911/569/718 910/570/718 909/571/719
f 909/571/719 910/570/718 908/572/719
f 909/571/719 908/572/719 902/573/720
f 910/570/718 911/569/718 914/574/721
f 914/574/721 911/569/718 915/575/721
f 914/574/721 915/575/721 918/576/722
f 918/576/722 915/575/721 919/577/722
f 918/576/722 919/577/722 928/578/723
f 928/578/723 919/577/722 929/579/723
f 928/578/723 929/579/723 934/580/724
f 934/580/724 929/579/723 935/581/724
f 934/580/724 935/581/724 944/582/725
f 944/582/725 935/581/724 945/583/725
f 944/582/725 945/583/725 956/584/726
f 956/584/726 945/583/725 957/585/726
f 909/571/719 902/573/720 903/586/727
f 903/586/727 902/573/720 892/342/728
f 903/586/727 892/342/728 893/343/729
f 958/595/730 968/596/731 966/597/732
f 966/597/732 968/596/731 974/598/733
f 966/597/732 974/598/733 978/599/734
f 978/599/734 982/600/735 966/597/732
f 966/597/732 982/600/735 986/601/736
f 966/597/732 986/601/736 990/602/737
f 990/602/737 996/603/738 966/597/732
f 966/597/732 996/603/738 998/604/739
f 966/597/732 998/604/739 962/605/740
f 962/605/740 998/604/739 994/606/741
f 962/605/740 994/606/741 992/316/742
f 992/316/742 988/607/743 962/605/740
f 962/605/740 988/607/743 984/608/744
f 962/605/740 984/608/744 952/609/745
f 952/609/745 984/608/744 980/610/746
f 952/609/745 980/610/746 976/611/747
f 976/611/747 970/612/748 952/609/745
f 952/609/745 970/612/748 964/613/749
f 846/595/750 858/596/751 884/597/752
f 884/597/752 858/596/751 870/598/753
f 884/597/752 870/598/753 880/599/754
f 880/599/754 886/600/755 884/597/752
f 884/597/752 886/600/755 894/601/756
f 884/597/752 894/601/756 904/602/757
f 904/602/757 936/603/758 884/597/752
f 884/597/752 936/603/758 950/604/759
f 884/597/752 950/604/759 898/605/760
f 898/605/760 950/604/759 960/606/761
f 898/605/760 960/606/761 972/316/762
f 972/316/762 954/607/763 898/605/760
f 898/605/760 954/607/763 948/608/764
f 898/605/760 948/608/764 912/609/765
f 912/609/765 948/608/764 940/610/766
f 912/609/765 940/610/766 930/611/767
f 930/611/767 924/612/768 912/609/765
f 912/609/765 924/612/768 916/613/769
f 260/669/503 383/670/503 275/671/503
f 275/671/503 383/670/503 398/672/503
f 275/671/503 398/672/503 301/673/503
f 301/673/503 398/672/503 331/674/503
f 331/674/503 398/672/503 410/675/503
f 331/674/503 410/675/503 358/676/503
f 358/676/503 410/675/503 438/677/503
f 358/676/503 438/677/503 376/678/503
f 376/678/503 438/677/503 466/679/503
f 376/678/503 466/679/503 417/680/503
f 417/680/503 466/679/503 459/681/503
f 459/681/503 466/679/503 488/682/503
f 459/681/503 488/682/503 491/683/503
f 491/683/503 488/682/503 507/684/503
f 491/683/503 507/684/503 519/685/503
f 519/685/503 507/684/503 559/686/503
f 559/686/503 507/684/503 524/687/503
f 559/686/503 524/687/503 598/688/503
f 598/688/503 524/687/503 556/689/503
f 598/688/503 556/689/503 632/690/503
f 632/690/503 556/689/503 576/691/503
f 632/690/503 576/691/503 653/692/503
f 653/692/503 576/691/503 685/693/503
f 685/693/503 576/691/503 600/694/503
f 685/693/503 600/694/503 704/695/503
f 704/695/503 600/694/503 614/696/503
f 704/695/503 614/696/503 733/697/503
f 733/697/503 614/696/503 618/698/503
f 733/697/503 618/698/503 739/699/503
f 739/699/503 618/698/503 735/700/503
f 735/700/503 618/698/503 616/701/503
f 735/700/503 616/701/503 712/702/503
f 712/702/503 616/701/503 604/703/503
f 712/702/503 604/703/503 687/704/503
f 687/704/503 604/703/503 586/705/503
f 687/704/503 586/705/503 657/706/503
f 657/706/503 586/705/503 638/707/503
f 638/707/503 586/705/503 562/708/503
f 638/707/503 562/708/503 603/709/503
f 603/709/503 562/708/503 532/710/503
f 603/709/503 532/710/503 565/711/503
f 565/711/503 532/710/503 512/712/503
f 565/711/503 512/712/503 521/713/503
f 521/713/503 512/712/503 497/714/503
f 497/714/503 512/712/503 492/715/503
f 497/714/503 492/715/503 463/716/503
f 463/716/503 492/715/503 474/717/503
f 463/716/503 474/717/503 425/718/503
f 425/718/503 474/717/503 444/719/503
f 425/718/503 444/719/503 382/720/503
f 382/720/503 444/719/503 361/721/503
f 361/721/503 444/719/503 420/722/503
f 361/721/503 420/722/503 333/723/503
f 333/723/503 420/722/503 402/724/503
f 333/723/503 402/724/503 307/725/503
f 307/725/503 402/724/503 385/726/503
f 307/725/503 385/726/503 277/727/503
f 277/727/503 385/726/503 262/728/503
f 262/728/503 385/726/503 379/729/503
f 262/728/503 379/729/503 260/669/503
f 260/669/503 379/729/503 383/670/503
f 717/730/74 605/731/74 742/732/74
f 742/732/74 605/731/74 617/733/74
f 742/732/74 617/733/74 766/734/74
f 766/734/74 617/733/74 619/735/74
f 766/734/74 619/735/74 764/736/74
f 764/736/74 619/735/74 615/737/74
f 764/736/74 615/737/74 740/738/74
f 740/738/74 615/737/74 709/739/74
f 709/739/74 615/737/74 601/740/74
f 709/739/74 601/740/74 680/741/74
f 680/741/74 601/740/74 577/742/74
f 680/741/74 577/742/74 644/743/74
f 644/743/74 577/742/74 557/744/74
f 644/743/74 557/744/74 622/745/74
f 622/745/74 557/744/74 580/746/74
f 580/746/74 557/744/74 525/747/74
f 580/746/74 525/747/74 536/748/74
f 536/748/74 525/747/74 508/749/74
f 536/748/74 508/749/74 503/750/74
f 503/750/74 508/749/74 489/751/74
f 503/750/74 489/751/74 479/752/74
f 479/752/74 489/751/74 433/753/74
f 433/753/74 489/751/74 467/754/74
f 433/753/74 467/754/74 392/755/74
f 392/755/74 467/754/74 439/756/74
f 392/755/74 439/756/74 362/757/74
f 362/757/74 439/756/74 411/758/74
f 362/757/74 411/758/74 336/759/74
f 336/759/74 411/758/74 302/760/74
f 302/760/74 411/758/74 399/761/74
f 302/760/74 399/761/74 266/762/74
f 266/762/74 399/761/74 384/763/74
f 266/762/74 384/763/74 246/764/74
f 246/764/74 384/763/74 380/765/74
f 246/764/74 380/765/74 232/766/74
f 232/766/74 380/765/74 250/767/74
f 250/767/74 380/765/74 386/768/74
f 250/767/74 386/768/74 270/769/74
f 270/769/74 386/768/74 403/770/74
f 270/769/74 403/770/74 308/771/74
f 308/771/74 403/770/74 421/772/74
f 308/771/74 421/772/74 340/773/74
f 340/773/74 421/772/74 364/774/74
f 364/774/74 421/772/74 445/775/74
f 364/774/74 445/775/74 400/776/74
f 400/776/74 445/775/74 475/777/74
f 400/776/74 475/777/74 440/778/74
f 440/778/74 475/777/74 493/779/74
f 440/778/74 493/779/74 482/780/74
f 482/780/74 493/779/74 509/781/74
f 509/781/74 493/779/74 513/782/74
f 509/781/74 513/782/74 541/783/74
f 541/783/74 513/782/74 533/784/74
f 541/783/74 533/784/74 588/785/74
f 588/785/74 533/784/74 624/786/74
f 624/786/74 533/784/74 563/787/74
f 624/786/74 563/787/74 646/788/74
f 646/788/74 563/787/74 587/789/74
f 646/788/74 587/789/74 682/790/74
f 682/790/74 587/789/74 605/731/74
f 682/790/74 605/731/74 717/730/74
f 812/791/770 813/792/770 840/793/111
f 840/793/111 813/792/770 841/794/111
f 840/795/111 841/796/111 856/797/771
f 856/797/771 841/796/111 857/798/771
f 856/797/771 857/798/771 862/799/772
f 862/799/772 857/798/771 863/800/772
f 862/799/772 863/800/772 852/801/773
f 852/801/773 863/800/772 853/802/773
f 852/801/773 853/802/773 832/803/774
f 832/803/774 853/802/773 833/804/774
f 832/803/774 833/804/774 806/805/775
f 806/805/775 833/804/774 807/806/775
f 806/805/775 807/806/775 798/807/776
f 798/807/776 807/806/775 799/808/776
f 798/807/776 799/808/776 788/809/777
f 788/809/777 799/808/776 789/810/777
f 788/809/777 789/810/777 748/811/778
f 748/811/778 789/810/777 749/812/778
f 748/811/778 749/812/778 674/813/779
f 674/813/779 749/812/778 675/814/779
f 674/813/779 675/814/779 635/815/780
f 635/815/780 675/814/779 636/816/780
f 635/815/780 636/816/780 584/817/781
f 584/817/781 636/816/780 585/818/781
f 584/817/781 585/818/781 528/819/782
f 528/819/782 585/818/781 529/820/782
f 528/819/782 529/820/782 494/821/783
f 494/821/783 529/820/782 495/822/783
f 494/821/783 495/822/783 450/823/784
f 450/823/784 495/822/783 451/824/784
f 450/823/784 451/824/784 396/825/785
f 396/825/785 451/824/784 397/826/785
f 396/825/785 397/826/785 355/827/786
f 355/827/786 397/826/785 356/828/786
f 355/827/786 356/828/786 298/829/787
f 298/829/787 356/828/786 299/830/787
f 298/829/787 299/830/787 228/831/788
f 228/831/788 299/830/787 229/832/788
f 228/831/788 229/832/788 205/833/789
f 205/833/789 229/832/788 206/834/789
f 205/833/789 206/834/789 199/835/790
f 199/835/790 206/834/789 200/836/790
f 199/835/790 200/836/790 187/837/791
f 187/837/791 200/836/790 188/838/791
f 187/837/791 188/838/791 159/342/76
f 159/342/76 188/838/791 160/593/76
f 159/342/76 160/593/76 143/839/792
f 143/839/792 160/593/76 144/840/792
f 143/839/792 144/840/792 137/841/793
f 137/841/793 144/840/792 138/842/793
f 137/841/793 138/842/793 147/843/794
f 147/843/794 138/842/793 148/844/794
f 147/843/794 148/844/794 167/845/795
f 167/845/795 148/844/794 168/846/795
f 167/845/795 168/846/795 193/847/796
f 193/847/796 168/846/795 194/848/796
f 193/847/796 194/848/796 201/849/797
f 201/849/797 194/848/796 202/850/797
f 201/849/797 202/850/797 212/851/798
f 212/851/798 202/850/797 213/852/798
f 212/851/798 213/852/798 253/853/799
f 253/853/799 213/852/798 254/854/799
f 253/853/799 254/854/799 322/855/800
f 322/855/800 254/854/799 323/856/800
f 322/855/800 323/856/800 366/857/801
f 366/857/801 323/856/800 367/858/801
f 366/857/801 367/858/801 412/859/802
f 412/859/802 367/858/801 413/860/802
f 412/859/802 413/860/802 470/861/803
f 470/861/803 413/860/802 471/862/803
f 470/861/803 471/862/803 505/863/804
f 505/863/804 471/862/803 506/864/804
f 505/863/804 506/864/804 549/865/805
f 549/865/805 506/864/804 550/866/805
f 549/865/805 550/866/805 606/867/806
f 606/867/806 550/866/805 607/868/806
f 606/867/806 607/868/806 640/869/807
f 640/869/807 607/868/806 641/870/807
f 640/869/807 641/870/807 696/871/808
f 696/871/808 641/870/807 697/872/808
f 696/871/808 697/872/808 772/873/809
f 772/873/809 697/872/808 773/874/809
f 772/873/809 773/874/809 794/875/810
f 794/875/810 773/874/809 795/876/810
f 794/875/810 795/876/810 800/877/811
f 800/877/811 795/876/810 801/878/811
f 800/877/811 801/878/811 812/791/770
f 812/791/770 801/878/811 813/792/770
f 814/879/812 815/880/813 810/881/814
f 810/881/814 815/880/813 811/882/814
f 810/881/814 811/882/814 816/883/815
f 816/883/815 811/882/814 817/884/816
f 816/883/815 817/884/816 830/885/729
f 830/885/729 817/884/816 831/886/729
f 831/887/729 893/343/729 830/888/729
f 830/888/729 893/343/729 892/342/728
f 769/889/817 768/879/818 775/890/819
f 775/890/819 768/879/818 774/881/819
f 775/890/819 774/881/819 779/891/820
f 779/891/820 774/881/819 778/883/820
f 779/891/820 778/883/820 784/892/401
f 784/892/401 778/883/820 783/885/401
f 783/893/401 802/894/401 784/895/401
f 784/895/401 802/894/401 803/896/401
f 665/879/821 666/880/822 660/881/823
f 660/881/823 666/880/822 661/882/823
f 660/881/823 661/882/823 654/883/824
f 654/883/824 661/882/823 655/884/824
f 654/883/824 655/884/824 658/885/825
f 658/885/825 655/884/824 659/886/697
f 659/887/697 699/343/697 658/888/825
f 658/888/825 699/343/697 698/342/696
f 517/889/826 516/879/826 523/890/827
f 523/890/827 516/879/826 522/881/827
f 523/890/827 522/881/827 531/891/828
f 531/891/828 522/881/827 530/883/828
f 531/891/828 530/883/828 535/892/370
f 535/892/370 530/883/828 534/885/370
f 534/893/370 543/894/370 535/895/370
f 535/895/370 543/894/370 544/896/370
f 472/879/829 473/880/829 460/881/830
f 460/881/830 473/880/829 461/882/830
f 460/881/830 461/882/830 454/883/831
f 454/883/831 461/882/830 455/884/831
f 454/883/831 455/884/831 448/885/665
f 448/885/665 455/884/831 449/886/665
f 449/887/665 432/343/665 448/888/665
f 448/888/665 432/343/665 431/342/664
f 316/889/832 315/879/833 321/890/834
f 321/890/834 315/879/833 320/881/834
f 321/890/834 320/881/834 325/891/835
f 325/891/835 320/881/834 324/883/835
f 325/891/835 324/883/835 319/892/337
f 319/892/337 324/883/835 318/885/337
f 318/893/337 264/894/337 319/895/337
f 319/895/337 264/894/337 265/896/337
f 224/879/836 225/880/836 218/881/837
f 218/881/837 225/880/836 219/882/837
f 218/881/837 219/882/837 214/883/838
f 214/883/838 219/882/837 215/884/838
f 214/883/838 215/884/838 208/885/632
f 208/885/632 215/884/838 209/886/632
f 209/887/632 192/343/632 208/888/632
f 208/888/632 192/343/632 191/342/631
f 176/889/839 175/879/839 180/890/840
f 180/890/840 175/879/839 179/881/840
f 180/890/840 179/881/840 172/891/841
f 172/891/841 179/881/840 171/883/841
f 172/891/841 171/883/841 158/892/306
f 158/892/306 171/883/841 157/885/305
f 157/893/305 99/894/305 158/895/306
f 158/895/306 99/894/305 100/896/306
f 145/879/842 146/880/842 135/881/843
f 135/881/843 146/880/842 136/882/844
f 135/881/843 136/882/844 127/883/845
f 127/883/845 136/882/844 128/884/845
f 127/883/845 128/884/845 117/885/600
f 117/885/600 128/884/845 118/886/600
f 118/887/600 74/343/600 117/888/600
f 117/888/600 74/343/600 73/342/599
f 150/889/846 149/879/846 140/890/847
f 140/890/847 149/879/846 139/881/847
f 140/890/847 139/881/847 132/891/848
f 132/891/848 139/881/847 131/883/848
f 132/891/848 131/883/848 122/892/272
f 122/892/272 131/883/848 121/885/272
f 121/893/272 77/894/272 122/895/272
f 122/895/272 77/894/272 78/896/272
f 185/879/849 186/880/850 189/881/851
f 189/881/851 186/880/850 190/882/851
f 189/881/851 190/882/851 183/883/852
f 183/883/852 190/882/851 184/884/853
f 183/883/852 184/884/853 169/885/568
f 169/885/568 184/884/853 170/886/568
f 170/887/568 108/343/568 169/888/568
f 169/888/568 108/343/568 107/342/567
f 231/889/854 230/879/855 227/890/856
f 227/890/856 230/879/855 226/881/856
f 227/890/856 226/881/856 221/891/857
f 221/891/857 226/881/856 220/883/857
f 221/891/857 220/883/857 217/892/239
f 217/892/239 220/883/857 216/885/239
f 216/893/239 197/894/239 217/895/239
f 217/895/239 197/894/239 198/896/239
f 334/879/858 335/880/859 342/881/860
f 342/881/860 335/880/859 343/882/860
f 342/881/860 343/882/860 346/883/861
f 346/883/861 343/882/860 347/884/861
f 346/883/861 347/884/861 344/885/862
f 344/885/862 347/884/861 345/886/502
f 345/887/502 297/343/502 344/888/862
f 344/888/862 297/343/502 296/342/501
f 485/889/863 484/879/863 478/890/864
f 478/890/864 484/879/863 477/881/864
f 478/890/864 477/881/864 469/891/865
f 469/891/865 477/881/864 468/883/865
f 469/891/865 468/883/865 465/892/208
f 465/892/208 468/883/865 464/885/208
f 464/893/208 456/894/208 465/895/208
f 465/895/208 456/894/208 457/896/208
f 526/879/866 527/880/866 538/881/867
f 538/881/867 527/880/866 539/882/867
f 538/881/867 539/882/867 545/883/868
f 545/883/868 539/882/867 546/884/868
f 545/883/868 546/884/868 552/885/536
f 552/885/536 546/884/868 553/886/536
f 553/887/536 569/343/536 552/888/536
f 552/888/536 569/343/536 568/342/535
f 689/889/869 688/879/870 677/890/871
f 677/890/871 688/879/870 676/881/871
f 677/890/871 676/881/871 673/891/872
f 673/891/872 676/881/871 672/883/872
f 673/891/872 672/883/872 679/892/175
f 679/892/175 672/883/872 678/885/175
f 678/893/175 736/894/175 679/895/175
f 679/895/175 736/894/175 737/896/175
f 776/879/873 777/880/873 780/881/874
f 780/881/874 777/880/873 781/882/874
f 780/881/874 781/882/874 786/883/875
f 786/883/875 781/882/874 787/884/875
f 786/883/875 787/884/875 791/885/465
f 791/885/465 787/884/875 792/886/465
f 792/887/465 809/343/465 791/888/465
f 791/888/465 809/343/465 808/342/464
f 825/889/876 824/879/876 821/890/877
f 821/890/877 824/879/876 820/881/877
f 821/890/877 820/881/877 829/891/878
f 829/891/878 820/881/877 828/883/878
f 829/891/878 828/883/878 843/892/879
f 843/892/879 828/883/878 842/885/880
f 842/893/880 900/894/880 843/895/879
f 843/895/879 900/894/880 901/896/880
f 956/587/881 957/588/881 946/589/882
f 946/589/882 957/588/881 947/590/882
f 946/589/882 947/590/882 932/591/883
f 932/591/883 947/590/882 933/592/883
f 932/591/883 933/592/883 920/593/884
f 920/593/884 933/592/883 921/594/884
f 690/587/885 691/588/885 663/589/886
f 663/589/886 691/588/885 664/590/886
f 663/589/886 664/590/886 642/591/887
f 642/591/887 664/590/886 643/592/887
f 642/591/887 643/592/887 633/593/888
f 633/593/888 643/592/887 634/594/888
f 348/587/889 349/588/889 328/589/890
f 328/589/890 349/588/889 329/590/890
f 328/589/890 329/590/890 304/591/891
f 304/591/891 329/590/890 305/592/891
f 304/591/891 305/592/891 268/593/892
f 268/593/892 305/592/891 269/594/892
f 63/587/893 64/588/893 49/589/894
f 49/589/894 64/588/893 50/590/894
f 49/589/894 50/590/894 39/591/895
f 39/591/895 50/590/894 40/592/895
f 39/591/895 40/592/895 27/593/896
f 27/593/896 40/592/895 28/594/897
f 3/587/898 4/588/898 1/589/899
f 1/589/899 4/588/898 2/590/900
f 1/589/899 2/590/900 5/591/901
f 5/591/901 2/590/900 6/592/901
f 5/591/901 6/592/901 7/593/902
f 7/593/902 6/592/901 8/594/902
f 43/587/903 44/588/903 53/589/904
f 53/589/904 44/588/903 54/590/904
f 53/589/904 54/590/904 67/591/905
f 67/591/905 54/590/904 68/592/905
f 67/591/905 68/592/905 79/593/906
f 79/593/906 68/592/905 80/594/906
f 313/587/907 314/588/907 338/589/908
f 338/589/908 314/588/907 339/590/908
f 338/589/908 339/590/908 353/591/909
f 353/591/909 339/590/908 354/592/909
f 353/591/909 354/592/909 368/593/910
f 368/593/910 354/592/909 369/594/910
f 650/587/911 651/588/911 668/589/912
f 668/589/912 651/588/911 669/590/912
f 668/589/912 669/590/912 694/591/913
f 694/591/913 669/590/912 695/592/913
f 694/591/913 695/592/913 730/593/914
f 730/593/914 695/592/913 731/594/914
f 973/324/915 955/325/916 972/326/915
f 972/326/915 955/325/916 954/327/916
f 954/327/916 955/325/916 949/328/917
f 954/327/916 949/328/917 948/329/917
f 948/329/917 949/328/917 941/330/918
f 948/329/917 941/330/918 940/331/919
f 940/331/919 941/330/918 931/332/920
f 940/331/919 931/332/920 930/333/920
f 930/333/920 931/332/920 925/334/921
f 930/333/920 925/334/921 924/335/921
f 924/335/921 925/334/921 917/336/922
f 924/335/921 917/336/922 916/337/923
f 916/337/923 917/336/922 913/338/924
f 916/337/923 913/338/924 912/339/924
f 912/339/924 913/338/924 906/340/925
f 906/340/925 913/338/924 907/341/926
f 906/340/925 907/341/926 900/342/880
f 900/342/880 907/341/926 901/343/880
f 824/897/876 825/898/876 836/899/927
f 836/899/927 825/898/876 837/900/927
f 836/899/927 837/900/927 849/901/928
f 855/902/929 854/903/929 849/901/928
f 849/901/928 854/903/929 848/904/928
f 849/901/928 848/904/928 836/899/927
f 688/905/870 689/906/869 721/907/930
f 721/907/930 689/906/869 722/908/930
f 721/907/930 722/908/930 751/909/931
f 777/910/873 776/911/873 751/909/931
f 751/909/931 776/911/873 750/912/931
f 751/909/931 750/912/931 721/907/930
f 484/913/863 485/914/863 498/915/932
f 498/915/932 485/914/863 499/916/932
f 498/915/932 499/916/932 515/917/933
f 527/918/866 526/919/866 515/917/933
f 515/917/933 526/919/866 514/920/933
f 515/917/933 514/920/933 498/915/932
f 230/921/855 231/922/854 272/923/934
f 272/923/934 231/922/854 273/924/934
f 272/923/934 273/924/934 312/925/935
f 335/926/859 334/927/858 312/925/935
f 312/925/935 334/927/858 311/928/935
f 312/925/935 311/928/935 272/923/934
f 149/929/846 150/930/846 161/931/936
f 161/931/936 150/930/846 162/932/936
f 161/931/936 162/932/936 174/933/937
f 186/934/850 185/935/849 174/933/937
f 174/933/937 185/935/849 173/936/937
f 174/933/937 173/936/937 161/931/936
f 175/937/839 176/938/839 163/939/938
f 163/939/938 176/938/839 164/940/938
f 163/939/938 164/940/938 152/941/939
f 146/942/842 145/943/842 152/941/939
f 152/941/939 145/943/842 151/944/939
f 152/941/939 151/944/939 163/939/938
f 315/945/833 316/946/832 282/947/940
f 282/947/940 316/946/832 283/948/940
f 282/947/940 283/948/940 249/949/941
f 225/950/836 224/951/836 249/949/941
f 249/949/941 224/951/836 248/952/941
f 249/949/941 248/952/941 282/947/940
f 516/953/826 517/954/826 500/955/942
f 500/955/942 517/954/826 501/956/942
f 500/955/942 501/956/942 487/957/943
f 473/958/829 472/959/829 487/957/943
f 487/957/943 472/959/829 486/960/943
f 487/957/943 486/960/943 500/955/942
f 768/961/818 769/962/817 728/963/944
f 728/963/944 769/962/817 729/964/944
f 728/963/944 729/964/944 693/965/945
f 666/966/822 665/967/821 693/965/945
f 693/965/945 665/967/821 692/968/945
f 693/965/945 692/968/945 728/963/944
f 854/879/929 855/880/929 864/881/946
f 864/881/946 855/880/929 865/882/947
f 864/881/946 865/882/947 872/883/948
f 872/883/948 865/882/947 873/884/948
f 872/883/948 873/884/948 882/885/433
f 882/885/433 873/884/948 883/886/433
f 883/887/433 927/343/433 882/888/433
f 882/888/433 927/343/433 926/342/432
f 851/889/949 850/879/949 861/890/950
f 861/890/950 850/879/949 860/881/950
f 861/890/950 860/881/950 869/891/951
f 869/891/951 860/881/950 868/883/951
f 869/891/951 868/883/951 879/892/952
f 879/892/952 868/883/951 878/885/952
f 878/893/952 922/894/952 879/895/952
f 879/895/952 922/894/952 923/896/952
f 996/587/953 997/588/953 998/589/954
f 998/589/954 997/588/953 999/590/955
f 998/589/954 999/590/955 994/591/956
f 994/591/956 999/590/955 995/592/956
f 994/591/956 995/592/956 992/593/957
f 992/593/957 995/592/956 993/594/957
f 993/324/958 989/325/959 992/326/958
f 992/326/958 989/325/959 988/327/960
f 988/327/960 989/325/959 985/328/961
f 988/327/960 985/328/961 984/329/961
f 984/329/961 985/328/961 981/330/962
f 984/329/961 981/330/962 980/331/962
f 980/331/962 981/330/962 977/332/963
f 980/331/962 977/332/963 976/333/963
f 976/333/963 977/332/963 971/334/964
f 976/333/963 971/334/964 970/335/964
f 970/335/964 971/334/964 965/336/965
f 970/335/964 965/336/965 964/337/966
f 964/337/966 965/336/965 953/338/967
f 964/337/966 953/338/967 952/339/967
f 952/339/967 953/338/967 939/340/968
f 939/340/968 953/338/967 938/341/969
f 939/340/968 938/341/969 922/342/952
f 922/342/952 938/341/969 923/343/952
f 385/969/970 386/970/970 379/971/971
f 379/971/971 386/970/970 380/972/971
f 379/973/971 380/974/971 383/975/972
f 383/975/972 380/974/971 384/976/972
f 383/975/972 384/976/972 398/977/973
f 398/977/973 384/976/972 399/978/973
f 398/977/973 399/978/973 410/979/974
f 410/979/974 399/978/973 411/980/974
f 410/979/974 411/980/974 438/981/975
f 438/981/975 411/980/974 439/982/975
f 438/981/975 439/982/975 466/983/976
f 466/983/976 439/982/975 467/984/976
f 466/983/976 467/984/976 488/985/977
f 488/985/977 467/984/976 489/986/977
f 488/985/977 489/986/977 507/987/978
f 507/987/978 489/986/977 508/988/978
f 507/987/978 508/988/978 524/989/979
f 524/989/979 508/988/978 525/990/979
f 524/989/979 525/990/979 556/991/980
f 556/991/980 525/990/979 557/992/980
f 556/991/980 557/992/980 576/993/981
f 576/993/981 557/992/980 577/994/981
f 576/993/981 577/994/981 600/995/982
f 600/995/982 577/994/981 601/996/982
f 600/995/982 601/996/982 614/997/983
f 614/997/983 601/996/982 615/998/983
f 614/997/983 615/998/983 618/999/984
f 618/999/984 615/998/983 619/1000/984
f 618/999/984 619/1000/984 616/1001/985
f 616/1001/985 619/1000/984 617/1002/985
f 616/1001/985 617/1002/985 604/1003/986
f 604/1003/986 617/1002/985 605/1004/986
f 604/1003/986 605/1004/986 586/1005/987
f 586/1005/987 605/1004/986 587/1006/987
f 586/1005/987 587/1006/987 562/1007/988
f 562/1007/988 587/1006/987 563/1008/988
f 562/1007/988 563/1008/988 532/1009/989
f 532/1009/989 563/1008/988 533/1010/989
f 532/1009/989 533/1010/989 512/1011/990
f 512/1011/990 533/1010/989 513/1012/990
f 512/1011/990 513/1012/990 492/1013/991
f 492/1013/991 513/1012/990 493/1014/991
f 492/1013/991 493/1014/991 474/1015/992
f 474/1015/992 493/1014/991 475/1016/992
f 474/1015/992 475/1016/992 444/1017/993
f 444/1017/993 475/1016/992 445/1018/993
f 444/1017/993 445/1018/993 420/1019/994
f 420/1019/994 445/1018/993 421/1020/994
f 420/1019/994 421/1020/994 402/1021/995
f 402/1021/995 421/1020/994 403/1022/995
f 402/1021/995 403/1022/995 385/969/970
f 385/969/970 403/1022/995 386/970/970
f 815/1023/813 814/1024/812 827/1025/996
f 827/1025/996 814/1024/812 826/1026/996
f 827/1025/996 826/1026/996 838/1027/997
f 850/1028/949 851/1029/949 838/1027/997
f 838/1027/997 851/1029/949 839/1030/997
f 838/1027/997 839/1030/997 827/1025/996
