# Blender 5.1.2
# www.blender.org
mtllib vmg_cw.mtl
o vmg_cw
v -0.000265 0.005703 -0.006568
v -0.000268 0.005697 -0.003232
v -0.000421 0.006266 -0.006569
v -0.000416 0.006263 -0.003231
v -0.002616 0.005069 -0.006569
v -0.002621 0.005072 -0.003231
v -0.002772 0.005632 -0.006568
v -0.002769 0.005638 -0.003232
v 0.005216 -0.003492 -0.006569
v 0.005217 -0.003498 -0.003232
v 0.003498 -0.005217 -0.006568
v 0.003492 -0.005216 -0.003231
v 0.004800 -0.003081 -0.006568
v 0.004806 -0.003082 -0.003231
v 0.003082 -0.004806 -0.006569
v 0.003081 -0.004800 -0.003232
v 0.005539 -0.004009 -0.002450
v 0.004836 -0.004824 -0.003050
v 0.003748 -0.005715 -0.002457
v 0.005940 -0.003329 -0.003050
v 0.002996 -0.006132 -0.003050
v 0.003542 -0.005262 -0.003200
v 0.004475 -0.004475 -0.003050
v 0.005262 -0.003501 -0.003200
v 0.006454 -0.002169 -0.002450
v 0.002404 -0.006372 -0.002454
v 0.006507 -0.002003 -0.003050
v 0.005250 -0.003482 -0.003800
v 0.003488 -0.005258 -0.003800
v 0.005321 -0.003373 -0.003050
v 0.003040 -0.005526 -0.003050
v 0.005650 -0.002809 -0.003800
v 0.005654 -0.002801 -0.003200
v 0.002806 -0.005641 -0.003800
v 0.002805 -0.005654 -0.003200
v 0.006093 -0.001767 -0.003050
v 0.003073 -0.004380 -0.001000
v 0.001296 -0.006684 -0.003050
v 0.003806 -0.004250 -0.003200
v 0.004225 -0.003830 -0.002458
v 0.001436 -0.006159 -0.003050
v 0.004826 -0.003074 -0.003200
v 0.003236 -0.004692 -0.002468
v 0.004833 -0.003008 -0.002457
v 0.004816 -0.003049 -0.003800
v 0.003049 -0.004816 -0.003800
v 0.003049 -0.004816 -0.003200
v 0.002706 -0.005027 -0.002478
v 0.005052 -0.002648 -0.003800
v 0.002648 -0.005052 -0.003800
v 0.006763 -0.000789 -0.002450
v 0.000749 -0.006767 -0.002450
v 0.006784 -0.000589 -0.003050
v 0.006161 -0.001357 -0.003200
v 0.001357 -0.006161 -0.003200
v 0.005048 -0.002647 -0.003200
v 0.002640 -0.005066 -0.003200
v 0.005304 -0.002085 -0.002460
v 0.002921 -0.004081 -0.001800
v 0.005423 -0.001783 -0.003200
v 0.001765 -0.005099 -0.001000
v 0.001888 -0.005392 -0.002465
v -0.000140 -0.006808 -0.003050
v 0.001167 -0.005588 -0.003200
v 0.001608 -0.004800 -0.001800
v 0.005638 -0.000827 -0.002460
v 0.006299 -0.000391 -0.003800
v 0.006288 -0.000391 -0.003200
v 0.000392 -0.006299 -0.003800
v 0.000391 -0.006288 -0.003200
v 0.005707 -0.000246 -0.003200
v 0.006793 0.000317 -0.002450
v -0.000665 -0.006776 -0.002450
v 0.006304 0.000262 -0.003050
v -0.000262 -0.006304 -0.003050
v 0.006713 0.001230 -0.003050
v 0.000189 -0.005698 -0.002459
v 0.006588 0.001797 -0.002453
v 0.005699 -0.000233 -0.003800
v 0.000232 -0.005699 -0.003800
v 0.000232 -0.005695 -0.003200
v 0.006288 0.000391 -0.003800
v 0.006299 0.000402 -0.003200
v -0.000391 -0.006288 -0.003800
v -0.000398 -0.006300 -0.003200
v 0.005394 0.000103 -0.001000
v 0.005706 0.000155 -0.002472
v -0.001570 -0.006626 -0.003050
v 0.005695 0.000232 -0.003800
v 0.005695 0.000232 -0.003200
v -0.000232 -0.005695 -0.003800
v -0.000249 -0.005716 -0.003200
v 0.005061 0.000046 -0.001800
v -0.001127 -0.005590 -0.002460
v 0.006094 0.001633 -0.003050
v -0.001633 -0.006094 -0.003050
v -0.002710 -0.006287 -0.002450
v 0.005584 0.001171 -0.003200
v 0.006002 0.001942 -0.003200
v -0.001942 -0.006002 -0.003200
v 0.005115 0.001569 -0.001000
v 0.005471 0.001632 -0.002479
v -0.001777 -0.005421 -0.003200
v 0.006144 0.002936 -0.003050
v -0.002929 -0.006147 -0.003050
v 0.001661 -0.001520 -0.001800
v 0.001679 -0.001605 -0.001000
v -0.002118 -0.005279 -0.002455
v 0.004784 0.001517 -0.001800
v 0.005075 0.002642 -0.003200
v 0.005647 0.002810 -0.003071
v -0.002812 -0.005646 -0.003071
v 0.005035 0.002658 -0.002460
v 0.000253 -0.002238 -0.001800
v 0.000312 -0.002301 -0.001000
v 0.005569 0.003982 -0.002450
v 0.002206 -0.000451 -0.001800
v 0.002285 -0.000415 -0.001000
v 0.005641 0.002806 -0.003800
v -0.002806 -0.005641 -0.003800
v 0.001780 -0.000914 -0.001000
v 0.001558 -0.001267 -0.000199
v 0.000930 -0.001810 -0.001000
v 0.000960 -0.001765 -0.000199
v 0.001775 -0.000904 -0.001800
v 0.001923 -0.000580 -0.000199
v 0.001538 -0.001018 0.000001
v 0.005259 0.003489 -0.003800
v -0.003488 -0.005260 -0.003800
v 0.001469 -0.000948 -0.001800
v 0.000336 -0.001813 0.000001
v 0.005048 0.002647 -0.003800
v -0.002647 -0.005048 -0.003800
v -0.002647 -0.005048 -0.003200
v 0.000814 -0.001535 -0.001800
v 0.000201 -0.002002 -0.000202
v -0.002718 -0.005003 -0.002460
v 0.002013 0.000345 -0.001000
v 0.004819 0.003051 -0.003800
v -0.003051 -0.004819 -0.003800
v -0.000159 -0.002003 -0.001000
v 0.002000 0.000194 -0.000199
v 0.001735 -0.000094 -0.001800
v 0.000094 -0.001735 -0.001800
v 0.001800 0.000400 0.000001
v -0.000312 -0.001967 -0.001800
v 0.005388 0.004163 -0.003050
v -0.004479 -0.005150 -0.003050
v 0.005250 0.003482 -0.003200
v 0.004816 0.003049 -0.003200
v 0.000672 -0.001085 -0.003200
v -0.003067 -0.004819 -0.003200
v -0.003482 -0.005250 -0.003200
v 0.001271 -0.000225 -0.003201
v -0.000597 -0.001918 -0.000199
v -0.000589 -0.001946 -0.001000
v 0.004463 0.003541 -0.002457
v -0.003460 -0.004522 -0.002465
v -0.000074 -0.001256 -0.003200
v -0.000932 -0.002050 -0.001800
v 0.004616 0.004323 -0.003050
v -0.004577 -0.004394 -0.003050
v 0.001545 0.000830 -0.001800
v -0.000787 -0.001561 -0.001800
v 0.001959 0.001111 -0.001800
v 0.002156 0.001108 -0.001000
v -0.001072 -0.001500 0.000001
v -0.001093 -0.002164 -0.001000
v 0.001776 0.000939 -0.000199
v 0.000428 -0.000626 -0.003200
v 0.000626 -0.000428 0.000000
v -0.002979 -0.004039 -0.001800
v -0.003216 -0.004276 -0.001000
v -0.004272 -0.005323 -0.002454
v 0.000758 -0.000152 -0.003200
v 0.000152 -0.000758 0.000000
v 0.004256 0.003805 -0.003200
v 0.004657 0.004255 -0.003200
v -0.004255 -0.004657 -0.003200
v 0.000758 0.000152 -0.000000
v -0.000152 -0.000758 -0.003200
v 0.001585 0.001246 -0.001000
v 0.001084 0.000638 -0.003200
v -0.000662 -0.001073 -0.003200
v -0.001281 -0.001548 -0.000199
v -0.004032 -0.004044 -0.002480
v -0.004066 -0.003010 -0.001800
v -0.004304 -0.003254 -0.001000
v 0.000626 0.000428 -0.003200
v -0.000428 -0.000626 0.000000
v -0.001420 -0.001420 -0.001000
v 0.001408 0.001408 -0.001800
v 0.000961 0.001573 0.000001
v 0.001254 0.001574 -0.001000
v 0.001275 0.001556 -0.000202
v 0.000428 0.000626 -0.000000
v -0.000626 -0.000428 -0.003200
v -0.004256 -0.003805 -0.003200
v 0.000662 0.001073 -0.003200
v -0.001084 -0.000638 -0.003200
v 0.004392 0.005203 -0.003050
v 0.000787 0.001561 -0.001800
v -0.001545 -0.000830 -0.001800
v 0.000152 0.000758 -0.003200
v -0.000758 -0.000152 0.000000
v 0.003542 0.004463 -0.002458
v -0.001773 -0.000945 -0.000199
v 0.001111 0.001959 -0.001800
v -0.000152 0.000758 -0.000000
v -0.000758 0.000152 -0.003200
v -0.001946 -0.000589 -0.001000
v -0.001823 -0.000269 0.000001
v 0.003494 0.005256 -0.003200
v -0.005253 -0.003496 -0.003200
v 0.003067 0.004819 -0.003200
v 0.001108 0.002156 -0.001000
v 0.003475 0.005899 -0.002450
v 0.000345 0.002013 -0.001000
v 0.000074 0.001256 -0.003200
v -0.001271 0.000225 -0.003201
v -0.000428 0.000626 -0.003200
v -0.000626 0.000428 -0.000000
v -0.002050 -0.000932 -0.001800
v -0.002164 -0.001093 -0.001000
v -0.004523 -0.003459 -0.002464
v -0.005318 -0.004256 -0.002455
v 0.000564 0.001928 -0.000199
v -0.005643 -0.003810 -0.003050
v -0.001967 -0.000312 -0.001800
v -0.000672 0.001085 -0.003200
v -0.002029 0.000023 -0.000203
v -0.000094 0.001735 -0.001800
v -0.001735 0.000094 -0.001800
v -0.002003 -0.000159 -0.001000
v 0.003266 0.005396 -0.003050
v -0.000112 0.001805 0.000000
v 0.003482 0.005250 -0.003800
v 0.003051 0.004819 -0.003800
v -0.004819 -0.003051 -0.003800
v -0.004816 -0.003049 -0.003200
v -0.005258 -0.003489 -0.003800
v -0.005001 -0.002723 -0.002460
v -0.000211 0.001998 -0.000199
v 0.002809 0.005650 -0.003800
v 0.002649 0.005038 -0.002459
v -0.002238 0.000253 -0.001800
v -0.000814 0.001535 -0.001800
v -0.001469 0.000948 -0.001800
v 0.003199 0.006011 -0.003050
v -0.002301 0.000312 -0.001000
v -0.001009 0.001524 0.000000
v -0.001616 0.000812 0.000000
v -0.001810 0.000930 -0.001000
v 0.002647 0.005048 -0.003800
v 0.002647 0.005048 -0.003200
v -0.005048 -0.002647 -0.003800
v -0.005075 -0.002642 -0.003200
v -0.000914 0.001780 -0.001000
v -0.001116 0.001688 -0.000204
v -0.001758 0.000971 -0.000199
v -0.000451 0.002206 -0.001800
v -0.000415 0.002285 -0.001000
v -0.000904 0.001775 -0.001800
v -0.005643 -0.002807 -0.003088
v -0.005279 -0.002118 -0.002455
v 0.002786 0.005699 -0.003200
v -0.005641 -0.002806 -0.003800
v -0.001520 0.001661 -0.001800
v -0.006502 -0.002144 -0.002450
v -0.001605 0.001679 -0.001000
v 0.001632 0.005471 -0.002479
v 0.001777 0.005421 -0.003200
v -0.006319 -0.002538 -0.003050
v 0.001517 0.004784 -0.001800
v 0.001569 0.005162 -0.001000
v 0.001638 0.006113 -0.003050
v -0.006000 -0.001958 -0.003050
v -0.006002 -0.001931 -0.003200
v 0.000046 0.005061 -0.001800
v -0.005584 -0.001171 -0.003200
v -0.005590 -0.001127 -0.002460
v 0.001798 0.006558 -0.002450
v 0.001486 0.006662 -0.003050
v 0.000249 0.005716 -0.003200
v 0.000155 0.005705 -0.002471
v -0.006711 -0.001152 -0.003050
v 0.000401 0.006307 -0.003200
v -0.006307 -0.000405 -0.003200
v 0.000088 0.005350 -0.001000
v -0.006315 -0.000194 -0.003050
v 0.000326 0.006821 -0.002454
v 0.000232 0.005695 -0.003800
v -0.005695 -0.000232 -0.003800
v -0.005695 -0.000232 -0.003200
v -0.005698 0.000189 -0.002459
v -0.000232 0.005699 -0.003800
v -0.005699 0.000233 -0.003800
v 0.000391 0.006288 -0.003800
v -0.006298 -0.000392 -0.003800
v -0.000232 0.005695 -0.003200
v -0.005707 0.000246 -0.003200
v 0.000260 0.006295 -0.003050
v -0.000827 0.005638 -0.002460
v -0.000392 0.006298 -0.003800
v -0.004800 0.001608 -0.001800
v -0.006813 0.000678 -0.002450
v -0.001167 0.005588 -0.003200
v -0.000401 0.006297 -0.003200
v -0.006288 0.000391 -0.003800
v -0.006299 0.000397 -0.003200
v -0.000294 0.006803 -0.003050
v -0.006803 0.000285 -0.003050
v -0.001517 0.006160 -0.003050
v -0.005392 0.001888 -0.002465
v -0.005061 0.001737 -0.001000
v -0.005423 0.001783 -0.003200
v -0.004081 0.002921 -0.001800
v -0.004425 0.003087 -0.001000
v -0.002085 0.005304 -0.002460
v -0.006051 0.001836 -0.003050
v -0.002640 0.005066 -0.003200
v -0.005027 0.002704 -0.002477
v -0.002648 0.005052 -0.003800
v -0.005052 0.002648 -0.003800
v -0.005048 0.002647 -0.003200
v -0.001905 0.006014 -0.003200
v -0.006014 0.001905 -0.003200
v -0.003015 0.004827 -0.002457
v -0.002108 0.006514 -0.002450
v -0.003049 0.004816 -0.003800
v -0.003070 0.004829 -0.003200
v -0.004816 0.003049 -0.003800
v -0.004816 0.003049 -0.003200
v -0.004692 0.003236 -0.002468
v -0.003830 0.004225 -0.002458
v -0.004250 0.003806 -0.003200
v -0.001718 0.006589 -0.003050
v -0.006591 0.001709 -0.003050
v -0.006383 0.002418 -0.002454
v -0.005681 0.003737 -0.002450
v -0.002811 0.005651 -0.003800
v -0.002806 0.005641 -0.003200
v -0.005651 0.002810 -0.003800
v -0.005641 0.002806 -0.003200
v -0.003379 0.005328 -0.003050
v -0.005328 0.003379 -0.003050
v -0.003482 0.005250 -0.003800
v -0.003498 0.005254 -0.003200
v -0.005250 0.003482 -0.003800
v -0.005250 0.003482 -0.003200
v -0.004683 0.004227 -0.003200
v -0.004461 0.004461 -0.003050
v -0.003713 0.005753 -0.003050
v -0.006080 0.003066 -0.003050
v -0.004569 0.005098 -0.002450
v -0.005294 0.004282 -0.003050
v -0.003082 -0.004800 -0.006569
v -0.003081 -0.004806 -0.003232
v -0.003492 -0.005217 -0.006568
v -0.003498 -0.005216 -0.003231
v -0.004806 -0.003081 -0.006568
v -0.004800 -0.003082 -0.003231
v -0.005216 -0.003498 -0.006569
v -0.005217 -0.003492 -0.003232
v -0.003082 0.004806 -0.006569
v -0.003081 0.004800 -0.003232
v -0.004800 0.003081 -0.006568
v -0.004806 0.003082 -0.003231
v -0.003498 0.005217 -0.006568
v -0.003492 0.005216 -0.003231
v -0.005216 0.003492 -0.006569
v -0.005217 0.003498 -0.003232
v 0.002621 0.005072 -0.006569
v 0.002616 0.005069 -0.003231
v 0.002769 0.005638 -0.006568
v 0.002772 0.005632 -0.003232
v 0.000268 0.005697 -0.006568
v 0.000265 0.005703 -0.003232
v 0.000416 0.006263 -0.006569
v 0.000421 0.006266 -0.003231
v 0.005216 0.003498 -0.006569
v 0.005217 0.003492 -0.003232
v 0.004806 0.003081 -0.006568
v 0.004800 0.003082 -0.003231
v 0.003492 0.005217 -0.006568
v 0.003498 0.005216 -0.003231
v 0.003082 0.004800 -0.006569
v 0.003081 0.004806 -0.003232
v -0.005697 0.000268 -0.006568
v -0.005703 0.000265 -0.003232
v -0.006263 0.000416 -0.006569
v -0.006266 0.000421 -0.003231
v -0.005072 0.002621 -0.006569
v -0.005069 0.002616 -0.003231
v -0.005638 0.002769 -0.006568
v -0.005632 0.002772 -0.003232
v -0.005069 -0.002616 -0.006569
v -0.005072 -0.002621 -0.003231
v -0.005632 -0.002772 -0.006568
v -0.005638 -0.002769 -0.003232
v -0.005703 -0.000265 -0.006568
v -0.005697 -0.000268 -0.003232
v -0.006266 -0.000421 -0.006569
v -0.006263 -0.000416 -0.003231
v -0.000416 -0.006263 -0.006569
v -0.000421 -0.006266 -0.003231
v -0.000268 -0.005697 -0.006568
v -0.000265 -0.005703 -0.003232
v -0.002769 -0.005638 -0.006568
v -0.002772 -0.005632 -0.003232
v -0.002621 -0.005072 -0.006569
v -0.002616 -0.005069 -0.003231
v 0.005638 -0.002769 -0.006568
v 0.005632 -0.002772 -0.003232
v 0.005072 -0.002621 -0.006569
v 0.005069 -0.002616 -0.003231
v 0.006263 -0.000416 -0.006569
v 0.006266 -0.000421 -0.003231
v 0.005697 -0.000268 -0.006568
v 0.005703 -0.000265 -0.003232
v 0.004356 -0.005254 -0.006550
v 0.005021 -0.004599 -0.003050
v 0.005556 -0.003935 -0.006550
v 0.003935 -0.005556 -0.003050
v 0.005879 -0.003434 -0.003050
v 0.006263 -0.002672 -0.006550
v 0.002486 -0.006356 -0.006550
v 0.002315 -0.006420 -0.003050
v 0.004882 -0.004021 -0.006550
v 0.004021 -0.004882 -0.003050
v 0.005170 -0.003616 -0.003050
v 0.003616 -0.005170 -0.006550
v 0.006472 -0.002113 -0.003050
v 0.005787 -0.002511 -0.006550
v 0.005835 -0.002397 -0.003050
v 0.002397 -0.005835 -0.006550
v 0.002511 -0.005787 -0.003050
v 0.006686 -0.001288 -0.006550
v 0.006773 -0.000697 -0.003050
v 0.000697 -0.006773 -0.006550
v 0.000570 -0.006785 -0.003050
v 0.006196 -0.001185 -0.006550
v 0.006218 -0.001063 -0.003050
v 0.000695 -0.006286 -0.006550
v 0.000869 -0.006264 -0.003050
v 0.006803 0.000545 -0.006550
v 0.006303 0.000522 -0.006550
v 0.006300 0.000322 -0.003050
v 0.006767 0.000750 -0.003050
v -0.000750 -0.006767 -0.006550
v -0.000877 -0.006752 -0.003050
v -0.001383 -0.006171 -0.006550
v -0.000892 -0.006245 -0.003050
v 0.006077 0.001692 -0.003050
v 0.006414 0.002285 -0.006550
v 0.006356 0.002485 -0.003050
v -0.002485 -0.006356 -0.006550
v -0.002285 -0.006414 -0.003050
v 0.005792 0.002540 -0.006550
v -0.002236 -0.005899 -0.003050
v 0.005560 0.002980 -0.003050
v -0.002980 -0.005560 -0.006550
v 0.005786 0.003589 -0.006550
v -0.003923 -0.005584 -0.003050
v -0.003472 -0.005268 -0.003050
v 0.005254 0.004355 -0.003050
v -0.004082 -0.005450 -0.006550
v 0.004653 0.004283 -0.006550
v 0.004774 0.004124 -0.003050
v -0.004124 -0.004774 -0.006550
v 0.004897 0.004731 -0.006550
v -0.004540 -0.004381 -0.003050
v -0.005141 -0.004464 -0.006550
v -0.005225 -0.004366 -0.003050
v 0.003459 0.005295 -0.003050
v -0.005068 -0.003757 -0.006550
v 0.003786 0.005659 -0.006550
v 0.003892 0.005587 -0.003050
v 0.003282 0.005388 -0.006550
v -0.005562 -0.003010 -0.003050
v -0.005969 -0.003276 -0.006550
v -0.006030 -0.003163 -0.003050
v -0.005767 -0.002557 -0.006550
v 0.002504 0.006332 -0.006550
v 0.002623 0.006283 -0.003050
v 0.001721 0.006086 -0.006550
v 0.001552 0.006131 -0.003050
v -0.006526 -0.001940 -0.006550
v -0.006670 -0.001442 -0.003050
v -0.006187 -0.001234 -0.006550
v -0.006238 -0.001041 -0.003050
v 0.000725 0.006786 -0.006550
v 0.000906 0.006764 -0.003050
v -0.006789 -0.000517 -0.006550
v -0.000348 0.006315 -0.006550
v -0.000523 0.006303 -0.003050
v -0.006303 0.000523 -0.006550
v -0.006800 0.000336 -0.003050
v -0.006268 0.000719 -0.003050
v -0.001057 0.006726 -0.006550
v -0.000930 0.006745 -0.003050
v -0.006745 0.000930 -0.006550
v -0.002072 0.005959 -0.006550
v -0.002188 0.005917 -0.003050
v -0.005917 0.002188 -0.006550
v -0.005860 0.002380 -0.003050
v -0.006479 0.002144 -0.003050
v -0.002820 0.006215 -0.006550
v -0.002335 0.006396 -0.003050
v -0.006396 0.002335 -0.006550
v -0.003325 0.005361 -0.006550
v -0.003746 0.005096 -0.003050
v -0.005295 0.003429 -0.006550
v -0.004963 0.003895 -0.003050
v -0.004417 0.004504 -0.006550
v -0.003634 0.005758 -0.003050
v -0.005758 0.003634 -0.006550
v -0.005904 0.003374 -0.003050
v -0.004629 0.005014 -0.006550
v -0.005014 0.004629 -0.003050
v 0.002772 -0.005632 -0.006568
v 0.002769 -0.005638 -0.003232
v 0.002616 -0.005069 -0.006569
v 0.002621 -0.005072 -0.003231
v 0.000421 -0.006266 -0.006569
v 0.000416 -0.006263 -0.003231
v 0.000265 -0.005703 -0.006568
v 0.000268 -0.005697 -0.003232
v 0.006266 0.000421 -0.006569
v 0.006263 0.000416 -0.003231
v 0.005703 0.000265 -0.006568
v 0.005697 0.000268 -0.003232
v 0.005632 0.002772 -0.006568
v 0.005638 0.002769 -0.003232
v 0.005069 0.002616 -0.006569
v 0.005072 0.002621 -0.003231
v -0.000668 -0.001715 -0.001500
v -0.000998 -0.002338 -0.001500
v -0.000922 -0.002928 -0.001500
v -0.000002 -0.001488 -0.001500
v 0.000520 -0.001632 -0.001500
v -0.000520 -0.003368 -0.001500
v 0.000922 -0.002072 -0.001500
v 0.000002 -0.003512 -0.001500
v 0.000668 -0.003285 -0.001500
v 0.000998 -0.002662 -0.001500
v -0.000750 -0.001828 -0.002275
v -0.000999 -0.002312 -0.002274
v -0.000351 -0.001551 -0.002274
v -0.000944 -0.002851 -0.002275
v 0.000136 -0.001502 -0.002275
v -0.000591 -0.003335 -0.002275
v 0.000636 -0.001707 -0.002274
v 0.000031 -0.003511 -0.002274
v 0.001020 -0.002358 -0.002275
v 0.000498 -0.003375 -0.002275
v 0.000854 -0.003041 -0.002274
v -0.000442 -0.001820 -0.002501
v -0.000789 -0.002444 -0.002500
v -0.000642 -0.002954 -0.002500
v 0.000406 -0.001797 -0.002501
v -0.000166 -0.003279 -0.002501
v 0.000809 -0.002543 -0.002501
v 0.000443 -0.003155 -0.002500
v -0.001283 -0.001233 0.005989
v -0.001795 -0.002501 0.005988
v -0.000032 -0.000723 0.005999
v -0.001660 -0.003214 0.005988
v -0.000760 -0.002061 0.006000
v 0.000000 -0.001622 0.006000
v -0.000760 -0.002939 0.006000
v -0.001106 -0.003920 0.005985
v 0.000855 -0.000915 0.005985
v -0.000288 -0.004280 0.005988
v 0.000760 -0.002061 0.006000
v 0.000000 -0.003378 0.006000
v 0.001541 -0.001567 0.005984
v 0.000760 -0.002939 0.006000
v 0.001805 -0.002429 0.005988
v 0.000813 -0.004097 0.005991
v 0.001677 -0.003143 0.005988
v -0.001719 -0.001876 0.005966
v -0.000724 -0.000768 0.005932
v 0.001551 -0.003537 0.005941
v 0.000249 -0.000629 0.005906
v -0.001302 -0.003886 0.005885
v -0.000591 -0.004307 0.005885
v 0.001283 -0.001113 0.005895
v 0.000164 -0.004381 0.005906
v 0.001236 -0.003943 0.005887
v -0.001670 -0.001591 0.005885
v -0.001246 -0.001068 0.005858
v -0.001884 -0.002265 0.005858
v -0.001872 -0.002818 0.005858
v -0.000249 -0.000618 0.005858
v -0.001701 -0.003343 0.005858
v 0.000831 -0.000793 0.005858
v 0.001711 -0.001671 0.005885
v 0.000652 -0.004283 0.005858
v 0.001906 -0.002458 0.005859
v 0.001787 -0.003139 0.005858
v -0.000745 -0.002059 0.005006
v -0.000766 -0.002374 0.004994
v 0.000002 -0.001673 0.005010
v -0.000688 -0.002966 0.005014
v 0.000680 -0.002028 0.005011
v 0.000069 -0.003324 0.005011
v 0.000744 -0.002871 0.005012
v -0.000000 -0.002500 0.004562
v -0.001734 -0.001630 0.004000
v -0.000832 -0.000765 0.004000
v -0.001872 -0.003009 0.004000
v -0.000883 -0.001928 0.003984
v -0.001071 -0.002500 0.003994
v 0.000128 -0.000591 0.004000
v -0.000264 -0.001481 0.003984
v -0.001163 -0.004033 0.004000
v -0.000892 -0.003116 0.003992
v 0.000926 -0.000826 0.004000
v 0.000474 -0.001554 0.003985
v -0.000287 -0.003518 0.003986
v 0.001023 -0.002126 0.003992
v 0.000019 -0.004439 0.004000
v 0.001549 -0.001377 0.004000
v 0.000502 -0.003432 0.003986
v 0.001010 -0.002874 0.003992
v 0.001911 -0.002273 0.004000
v 0.001065 -0.004089 0.004000
v 0.001719 -0.003365 0.004000
v -0.000563 -0.001675 0.003902
v -0.001003 -0.002430 0.003903
v -0.000902 -0.002924 0.003903
v 0.000191 -0.001518 0.003902
v -0.000668 -0.003241 0.003903
v 0.000573 -0.001676 0.003900
v 0.000060 -0.003497 0.003902
v 0.000868 -0.002006 0.003902
v 0.000960 -0.002772 0.003903
v -0.000715 -0.001785 0.003900
v -0.000840 -0.001951 0.003900
v -0.000988 -0.002285 0.003900
v -0.000118 -0.001485 0.003900
v -0.000921 -0.002943 0.003900
v -0.000189 -0.001514 0.003900
v -0.000360 -0.003456 0.003900
v -0.000318 -0.003452 0.003900
v 0.001001 -0.002237 0.003900
v 0.000399 -0.003441 0.003900
v 0.000995 -0.002366 0.003900
v 0.000473 -0.003389 0.003899
v 0.000788 -0.003122 0.003900
v 0.000888 -0.002985 0.003900
v -0.000690 -0.001746 -0.001500
v -0.001035 -0.002530 -0.001500
v -0.000072 -0.001491 -0.001500
v -0.000715 -0.003215 -0.001500
v 0.000484 -0.001612 -0.001500
v -0.000019 -0.003535 -0.001500
v 0.000888 -0.002015 -0.001500
v 0.001008 -0.002666 -0.001500
v 0.000681 -0.003248 -0.001500
v 0.000867 0.003044 -0.001500
v 0.001006 0.002355 -0.001500
v 0.000404 0.003423 -0.001500
v -0.000185 0.003506 -0.001500
v 0.000748 0.001819 -0.001500
v 0.000185 0.001494 -0.001500
v -0.000748 0.003181 -0.001500
v -0.001006 0.002645 -0.001500
v -0.000404 0.001577 -0.001500
v -0.000867 0.001956 -0.001500
v 0.000957 0.002814 -0.002275
v 0.000662 0.003271 -0.002274
v 0.000997 0.002329 -0.002274
v 0.000168 0.003493 -0.002275
v 0.000796 0.001883 -0.002275
v -0.000427 0.003429 -0.002275
v 0.000368 0.001552 -0.002274
v -0.000891 0.002979 -0.002274
v -0.000387 0.001546 -0.002275
v -0.001007 0.002506 -0.002275
v -0.000896 0.002031 -0.002274
v 0.000810 0.002543 -0.002501
v 0.000443 0.003155 -0.002500
v -0.000072 0.003283 -0.002500
v 0.000406 0.001797 -0.002501
v -0.000592 0.003033 -0.002501
v -0.000442 0.001821 -0.002501
v -0.000789 0.002444 -0.002500
v 0.001736 0.003002 0.005987
v 0.001111 0.003940 0.005984
v 0.001781 0.002275 0.005989
v -0.000115 0.004292 0.005988
v 0.000760 0.002939 0.006000
v 0.001584 0.001618 0.005983
v 0.000760 0.002061 0.006000
v 0.000000 0.003378 0.006000
v 0.000515 0.000762 0.005992
v -0.000970 0.004028 0.005985
v -0.001457 0.003555 0.005988
v 0.000000 0.001622 0.006000
v -0.000760 0.002939 0.006000
v -0.000760 0.002061 0.006000
v -0.000535 0.000787 0.005988
v -0.001787 0.002331 0.005989
v -0.001592 0.001655 0.005989
v 0.000401 0.004333 0.005931
v -0.001772 0.002955 0.005966
v -0.001207 0.001064 0.005936
v 0.001461 0.003717 0.005885
v -0.000810 0.004219 0.005887
v 0.000933 0.000845 0.005887
v 0.000227 0.000625 0.005906
v -0.001601 0.001492 0.005887
v 0.001791 0.003130 0.005858
v 0.001896 0.002588 0.005858
v 0.000913 0.004164 0.005858
v 0.001841 0.002038 0.005858
v 0.001514 0.001354 0.005906
v -0.000157 0.004392 0.005858
v -0.001379 0.003804 0.005858
v -0.001762 0.003228 0.005859
v -0.000258 0.000619 0.005858
v -0.000789 0.000773 0.005858
v -0.001898 0.002551 0.005858
v -0.001832 0.002002 0.005858
v 0.000680 0.002972 0.005011
v 0.000744 0.002129 0.005012
v 0.000002 0.003327 0.005010
v 0.000069 0.001676 0.005011
v -0.000745 0.002941 0.005006
v -0.000766 0.002626 0.004994
v -0.000688 0.002034 0.005014
v -0.000000 0.002500 0.004562
v 0.001737 0.003302 0.004000
v 0.001014 0.004153 0.004000
v 0.001919 0.002353 0.004000
v -0.000204 0.004414 0.004000
v 0.000937 0.002979 0.003984
v 0.000535 0.003428 0.003994
v 0.001589 0.001435 0.004000
v 0.001014 0.002219 0.003984
v -0.000087 0.003580 0.003992
v 0.000987 0.000861 0.004000
v -0.001104 0.004062 0.004000
v 0.000582 0.001617 0.003985
v -0.000738 0.003258 0.003986
v -0.000187 0.001427 0.003992
v 0.000064 0.000576 0.004000
v -0.001663 0.003446 0.004000
v -0.001058 0.002531 0.003986
v -0.000829 0.001812 0.003992
v -0.001907 0.002651 0.004000
v -0.000885 0.000804 0.004000
v -0.001694 0.001555 0.004000
v 0.000996 0.002575 0.003902
v 0.000562 0.003334 0.003903
v 0.000084 0.003493 0.003903
v 0.000755 0.001843 0.003902
v -0.000308 0.003449 0.003903
v 0.000427 0.001591 0.003900
v -0.000893 0.002947 0.003902
v -0.000006 0.001501 0.003902
v -0.000715 0.001805 0.003903
v 0.001001 0.002763 0.003900
v 0.000896 0.002953 0.003900
v 0.000367 0.003468 0.003900
v 0.000948 0.002170 0.003900
v 0.000888 0.002015 0.003900
v -0.000576 0.003360 0.003900
v -0.000665 0.003252 0.003900
v -0.000273 0.001502 0.003900
v -0.000988 0.002715 0.003900
v -0.000381 0.001572 0.003900
v -0.001007 0.002535 0.003899
v -0.000921 0.002057 0.003900
v -0.000933 0.002129 0.003900
v 0.000888 0.002985 -0.001500
v 0.000399 0.003441 -0.001500
v 0.001001 0.002237 -0.001500
v -0.000360 0.003456 -0.001500
v 0.000367 0.001532 -0.001500
v -0.000800 0.003107 -0.001500
v -0.001019 0.002569 -0.001500
v -0.000312 0.001546 -0.001500
v -0.000786 0.001847 -0.001500
v 0.029170 -0.013670 0.000142
v 0.029130 -0.013586 0.000296
v 0.029071 -0.013761 -0.000044
v 0.029047 -0.013522 0.000122
v 0.028882 -0.013666 -0.000102
v 0.028898 -0.013942 -0.000103
v 0.028718 -0.013956 -0.000109
v 0.028682 -0.015460 0.000952
v 0.028747 -0.013720 0.000770
v 0.028506 -0.015644 0.000793
v 0.028547 -0.015139 0.001242
v 0.028338 -0.016118 0.001334
v 0.028125 -0.015587 0.001680
v 0.028060 -0.015946 0.000848
v 0.028156 -0.014118 0.001190
v 0.028060 -0.016338 0.001163
v 0.027609 -0.015568 0.001902
v 0.027410 -0.016991 0.001912
v 0.027283 -0.017055 0.001634
v 0.027201 -0.016526 0.002257
v 0.026699 -0.017189 0.001667
v 0.026553 -0.013034 0.000465
v 0.025620 -0.013086 0.000353
v 0.026341 -0.017473 0.002325
v 0.025275 -0.016659 0.002886
v 0.026157 -0.016899 0.002671
v 0.025914 -0.017566 0.002136
v 0.025827 -0.013055 0.001179
v 0.025464 -0.017541 0.002643
v 0.023596 -0.012751 0.000595
v 0.024468 -0.012416 0.000697
v 0.024024 -0.016975 0.003180
v 0.023674 -0.017555 0.002952
v 0.023576 -0.017513 0.002611
v 0.022776 -0.012017 0.001470
v 0.021088 -0.017029 0.002927
v 0.020007 -0.011208 0.001913
v 0.021924 -0.016659 0.003544
v 0.021332 -0.017156 0.003359
v 0.022101 -0.011484 0.000883
v 0.021208 -0.011403 0.000700
v 0.018494 -0.015247 0.003897
v 0.019832 -0.010359 0.000962
v 0.018619 -0.009914 0.001591
v 0.018794 -0.015815 0.003932
v 0.018805 -0.016440 0.003674
v 0.018425 -0.009953 0.000706
v 0.017712 -0.016079 0.003402
v 0.017902 -0.009199 0.000944
v 0.015916 -0.008059 0.000585
v 0.014875 -0.007507 0.000512
v 0.015900 -0.007684 0.000807
v 0.015415 -0.008051 0.001708
v 0.015499 -0.007611 0.001387
v 0.014789 -0.014280 0.004243
v 0.015230 -0.015114 0.003964
v 0.015134 -0.006996 0.000649
v 0.013056 -0.014142 0.003661
v 0.014176 -0.006326 0.000290
v 0.014259 -0.005974 0.000485
v 0.013537 -0.005407 0.000953
v 0.012401 -0.004427 0.000947
v 0.012506 -0.013937 0.004043
v 0.013611 -0.005017 0.000249
v 0.012607 -0.004337 -0.000239
v 0.013341 -0.005067 -0.000025
v 0.013155 -0.004073 -0.000074
v 0.013008 -0.003545 -0.000165
v 0.012751 -0.003564 -0.000493
v 0.012724 -0.003580 0.000406
v 0.012856 -0.002613 -0.000537
v 0.012741 -0.000322 -0.001441
v 0.007323 -0.010113 0.004428
v 0.012500 -0.000427 -0.001707
v 0.012512 -0.002233 -0.000096
v 0.012447 0.000380 -0.001495
v 0.012400 0.000471 -0.001719
v 0.012425 -0.000329 -0.000838
v 0.012257 0.000225 -0.001911
v 0.012226 0.000354 -0.001068
v 0.011944 0.000279 -0.001955
v 0.011844 0.000233 -0.000801
v 0.011962 0.000794 -0.001690
v 0.011683 0.000660 -0.001050
v 0.011728 0.000586 -0.001930
v 0.011322 0.000935 -0.001621
v 0.010891 0.000672 -0.001768
v 0.008340 -0.011154 0.004486
v 0.008794 0.000556 -0.000366
v 0.009171 -0.012252 0.004229
v 0.008712 0.000746 -0.000786
v 0.008441 0.000753 -0.000922
v 0.008336 0.000513 -0.001110
v 0.007477 -0.011349 0.003882
v 0.007821 0.000246 -0.000975
v 0.005740 -0.010146 0.003707
v 0.007930 0.000140 0.000146
v 0.006933 0.000725 0.000017
v 0.006418 -0.010724 0.004230
v 0.007087 0.000928 -0.000637
v 0.006726 0.000724 -0.000821
v 0.005050 0.001464 -0.000357
v 0.006082 0.011360 0.004244
v 0.006091 0.012143 0.003883
v 0.006057 0.013652 0.004182
v 0.005964 0.008817 0.004139
v 0.005923 0.008697 0.003804
v 0.005818 0.017793 0.004044
v 0.005720 0.018378 0.003661
v 0.005917 0.010047 0.003707
v 0.005768 0.008382 0.004228
v 0.005761 0.016663 0.004227
v 0.005461 0.006497 0.003926
v 0.005498 0.006683 0.003601
v 0.005481 0.011390 0.004480
v 0.005437 0.021058 0.003927
v 0.005265 0.008301 0.004384
v 0.004922 -0.008989 0.004411
v 0.005309 0.016251 0.004403
v 0.005068 0.023378 0.003402
v 0.005254 -0.000563 -0.001000
v 0.005204 -0.000900 0.000099
v 0.005225 0.000172 0.003682
v 0.005202 -0.000925 0.001213
v 0.005105 0.001277 0.000254
v 0.005112 0.001246 -0.000635
v 0.005115 -0.001081 0.003682
v 0.004555 -0.009479 0.004163
v 0.004949 0.001821 -0.001000
v 0.005035 0.001437 0.003670
v 0.004957 0.000466 0.003969
v 0.004737 0.021751 0.004133
v 0.005095 0.011285 0.004427
v 0.004817 0.024562 0.003682
v 0.004569 -0.009477 0.003804
v 0.004812 0.004923 0.003651
v 0.004964 0.005360 0.003300
v 0.004593 -0.001888 0.003977
v 0.004535 0.005744 0.004049
v 0.004710 -0.002270 0.003681
v 0.004404 -0.002894 0.001090
v 0.004649 -0.002440 -0.001000
v 0.004609 -0.002514 0.001992
v 0.004535 0.002614 0.003673
v 0.004316 0.006464 0.004064
v 0.004252 0.026863 0.003368
v 0.004378 0.002241 0.003983
v 0.003986 0.023537 0.003910
v 0.004204 0.026777 0.002927
v 0.004115 0.025019 0.003842
v 0.004032 -0.003328 0.003681
v 0.002707 -0.006571 0.004029
v 0.003994 0.003407 0.003183
v 0.003556 -0.003891 0.002794
v 0.003930 -0.003481 -0.001000
v 0.003930 0.003481 -0.001000
v 0.003906 0.003517 0.002797
v 0.003459 -0.007680 0.004224
v 0.003864 0.003352 0.003863
v 0.003186 -0.003813 0.003976
v 0.003614 0.003810 0.003571
v 0.003351 0.027647 0.003490
v 0.003379 0.029174 0.002611
v 0.003421 0.029157 0.002980
v 0.002971 -0.008051 0.003961
v 0.003037 -0.008103 0.003601
v 0.002846 -0.004449 0.002082
v 0.003124 -0.004193 0.003681
v 0.003300 0.004111 0.003597
v 0.002160 -0.006980 0.003300
v 0.002420 0.004341 0.003974
v 0.002432 -0.004692 -0.001000
v 0.002982 0.004321 -0.001000
v 0.002480 0.004648 0.002105
v 0.001780 0.030233 0.002882
v 0.002220 0.030380 0.002928
v 0.002256 0.031225 0.002136
v 0.002149 0.031373 0.002406
v 0.001537 0.031717 0.001667
v 0.001896 -0.006689 0.003655
v 0.001840 -0.004925 0.003595
v 0.001591 0.005025 0.002794
v 0.001904 0.004862 0.003695
v 0.001576 0.031084 0.002679
v 0.001862 0.004909 -0.001000
v 0.001802 -0.004773 0.003873
v 0.001129 0.032156 0.001634
v 0.001339 -0.005076 0.003500
v 0.001010 0.032233 0.001912
v 0.001091 -0.005139 0.002798
v 0.000977 -0.002185 0.004000
v 0.000977 -0.002815 -0.001000
v 0.000981 0.002803 0.004000
v 0.000977 0.002185 -0.001000
v 0.000954 -0.005162 0.003190
v 0.000711 0.031820 0.002257
v 0.000508 -0.004894 0.003981
v 0.000122 0.004969 0.003974
v 0.000379 0.005268 0.001125
v 0.000762 -0.003189 0.004000
v 0.000762 -0.001811 -0.001000
v 0.000762 0.001811 0.004000
v 0.000760 0.003197 -0.001000
v 0.000688 0.005177 0.003695
v 0.000722 0.000286 0.004000
v 0.000722 -0.000286 -0.001000
v 0.000720 0.003194 0.002387
v 0.000674 0.003258 0.001262
v 0.000633 -0.005212 -0.001000
v -0.000050 0.005284 -0.001000
v 0.000298 -0.005221 0.003703
v 0.000607 -0.000441 0.004000
v 0.000607 0.000441 -0.001000
v 0.000215 -0.003504 -0.001000
v 0.000215 -0.001496 0.004000
v 0.000215 0.001496 -0.001000
v 0.000252 0.003503 0.004000
v -0.000220 0.032274 0.000848
v 0.000198 0.003494 0.002143
v -0.000210 0.032600 0.001334
v -0.000322 0.031695 0.001902
v 0.000049 -0.000775 0.004000
v -0.000049 -0.000775 -0.001000
v -0.000049 0.000775 0.004000
v 0.000049 0.000775 -0.001000
v 0.000119 0.032469 0.001163
v -0.000215 -0.003504 0.004000
v -0.000215 -0.001496 -0.001000
v -0.000215 0.001496 0.004000
v -0.000198 0.003494 0.000857
v -0.000252 0.003503 -0.001000
v -0.000128 0.005248 0.001992
v -0.000563 0.032150 0.001680
v -0.000463 0.022886 0.001827
v -0.000674 0.003258 0.001738
v -0.000594 0.020939 0.000706
v -0.000802 0.017575 0.001666
v -0.000568 0.005191 0.003694
v -0.000762 -0.003189 -0.001000
v -0.000762 -0.001811 0.004000
v -0.000762 0.001811 -0.001000
v -0.000760 0.003197 0.004000
v -0.000755 0.026814 0.000595
v -0.000705 0.032509 0.000793
v -0.000612 -0.005074 0.003865
v -0.000722 -0.000286 0.004000
v -0.000607 -0.000441 -0.001000
v -0.000607 0.000441 0.004000
v -0.000722 0.000286 -0.001000
v -0.000901 0.027056 0.001619
v -0.000633 -0.005212 -0.001000
v -0.000936 0.016637 0.000513
v -0.000731 0.024077 0.000700
v -0.000742 0.021652 0.001564
v -0.000720 0.003194 0.000613
v -0.000919 0.025013 0.001481
v -0.000952 0.032569 0.000952
v -0.000886 0.019183 0.001497
v -0.000979 0.017819 0.000585
v -0.000977 -0.002815 0.004000
v -0.000977 -0.002185 -0.001000
v -0.000977 0.002185 0.004000
v -0.000981 0.002803 -0.001000
v -0.001163 0.032292 0.001242
v -0.000976 0.023195 0.000943
v -0.001002 0.019937 0.000943
v -0.001677 0.014675 0.001259
v -0.001135 0.025297 0.000830
v -0.001230 0.017944 0.000806
v -0.002374 0.031997 -0.000103
v -0.001307 0.016664 0.001299
v -0.001180 -0.005116 0.003500
v -0.001438 0.027181 0.000730
v -0.001475 0.028729 0.000352
v -0.001220 -0.005106 -0.000388
v -0.001470 0.028302 0.001224
v -0.001800 0.004967 0.001213
v -0.001446 -0.005060 0.000254
v -0.001522 -0.005032 -0.000643
v -0.001610 0.015443 0.000291
v -0.001922 0.004921 0.000052
v -0.001837 -0.004564 0.003981
v -0.002204 0.004456 0.003973
v -0.001720 0.015954 0.000595
v -0.002273 0.031849 -0.000109
v -0.002547 0.013088 -0.000239
v -0.001792 0.004906 0.003693
v -0.002038 0.014595 0.000959
v -0.002082 0.029828 0.000422
v -0.002155 -0.004767 0.003701
v -0.001862 -0.004909 -0.001000
v -0.002465 0.004676 -0.001000
v -0.002064 0.031436 0.001084
v -0.002237 0.014695 0.000355
v -0.002490 0.031764 0.000764
v -0.002595 -0.006441 -0.000607
v -0.002282 0.014090 -0.000024
v -0.002705 -0.006232 0.000040
v -0.002606 0.031845 -0.000102
v -0.002598 0.014038 0.000143
v -0.002618 0.032057 -0.000044
v -0.002746 0.032097 0.000142
v -0.003195 0.012413 0.000551
v -0.002736 -0.006187 -0.000821
v -0.002807 0.032011 0.000305
v -0.003074 0.013027 0.000475
v -0.002813 0.031915 0.000123
v -0.002827 -0.004424 -0.000179
v -0.002903 -0.004206 0.003866
v -0.002911 0.004337 0.003693
v -0.003402 -0.004042 0.001213
v -0.003195 0.013289 -0.000093
v -0.003290 0.012826 -0.000493
v -0.003538 -0.003925 -0.001000
v -0.003698 -0.006897 -0.000975
v -0.003505 -0.007597 -0.000793
v -0.003932 -0.007065 0.000116
v -0.003591 0.003843 0.000312
v -0.003603 0.003826 -0.000642
v -0.003833 -0.007694 -0.000289
v -0.003427 -0.003977 0.003500
v -0.003573 -0.007697 -0.000924
v -0.004150 -0.002746 0.003970
v -0.003700 0.003255 0.003978
v -0.003724 -0.007476 -0.001110
v -0.004067 -0.003370 0.000536
v -0.003824 0.003601 -0.000319
v -0.004101 0.006480 0.000129
v -0.003857 0.003539 0.003675
v -0.004124 0.006650 -0.000975
v -0.004116 0.012471 -0.000505
v -0.004119 -0.003222 0.003704
v -0.003930 0.003481 -0.001000
v -0.003993 0.005462 -0.000821
v -0.004320 0.006277 -0.000101
v -0.004388 0.011852 -0.000088
v -0.004253 0.005380 -0.000581
v -0.004616 0.001870 0.003969
v -0.004673 -0.009976 -0.001530
v -0.004481 -0.002735 0.001992
v -0.004613 0.006962 -0.001110
v -0.004796 0.006764 -0.000842
v -0.004591 0.002499 0.003687
v -0.004769 -0.002143 0.003705
v -0.004822 -0.000978 0.003982
v -0.005190 -0.010381 -0.001054
v -0.004942 -0.001874 -0.001000
v -0.004649 0.002440 -0.001000
v -0.004856 -0.009747 -0.001764
v -0.005120 -0.001302 0.001616
v -0.004948 0.001755 0.003183
v -0.005148 -0.001135 0.002794
v -0.004997 0.001625 0.002798
v -0.005164 -0.010609 -0.001509
v -0.005129 0.000011 0.003845
v -0.005142 -0.000939 0.003707
v -0.005128 0.001164 0.003601
v -0.005248 -0.010706 -0.001739
v -0.005930 0.010747 -0.000763
v -0.005730 -0.010483 -0.001955
v -0.005251 0.000696 -0.001000
v -0.006016 0.010938 -0.000934
v -0.005717 0.011415 -0.001150
v -0.005328 -0.010425 -0.001926
v -0.005191 0.000846 0.003609
v -0.006082 0.009579 -0.000805
v -0.005236 0.000385 0.002325
v -0.006219 0.009475 -0.000942
v -0.005761 0.008592 -0.000821
v -0.005808 0.008368 -0.001158
v -0.006233 0.010188 -0.000866
v -0.006085 0.010871 -0.001803
v -0.005791 -0.010379 -0.000788
v -0.006274 0.010320 -0.001957
v -0.005771 -0.010762 -0.001079
v -0.006111 0.011149 -0.001502
v -0.005740 -0.010966 -0.001690
v -0.005914 -0.010733 -0.001914
v -0.006273 0.009814 -0.001946
v -0.006015 0.009079 -0.001763
v -0.006299 0.009050 -0.001558
v -0.006413 -0.010914 -0.001362
v -0.006269 -0.010960 -0.001607
v -0.006411 0.010812 -0.001444
v -0.006398 -0.010641 -0.000881
v -0.006474 0.009831 -0.001144
v -0.006462 0.010276 -0.001075
v -0.006496 0.009481 -0.001474
v -0.007242 0.001055 0.004049
v -0.006561 0.010641 -0.001648
v -0.006669 0.001706 0.003651
v -0.006619 -0.010612 -0.001707
v -0.006601 0.009741 -0.001713
v -0.006655 0.010206 -0.001744
v -0.006644 0.009994 -0.001543
v -0.007125 0.001620 0.003300
v -0.007121 -0.010626 -0.001298
v -0.008406 -0.009613 0.000004
v -0.008536 0.001421 0.003601
v -0.008358 0.001482 0.003926
v -0.010088 -0.008541 0.000954
v -0.008837 -0.009759 -0.000484
v -0.010057 -0.008751 -0.000240
v -0.009452 -0.009264 -0.000497
v -0.009821 0.000409 0.004384
v -0.010008 -0.009107 0.000582
v -0.010145 0.000804 0.004228
v -0.009864 -0.009427 -0.000113
v -0.010615 0.000758 0.004139
v -0.010492 0.000782 0.003804
v -0.012321 -0.001230 0.004427
v -0.011656 0.000102 0.003707
v -0.010810 -0.009291 0.000164
v -0.011059 -0.009020 -0.000025
v -0.012042 -0.009086 0.001067
v -0.011790 -0.009301 0.000392
v -0.012605 -0.000949 0.004480
v -0.012556 -0.009111 0.000289
v -0.012880 -0.000414 0.004245
v -0.013218 -0.009515 0.000627
v -0.013568 -0.000801 0.003882
v -0.013937 -0.009128 0.000512
v -0.016075 -0.009768 0.001855
v -0.014341 -0.009624 0.001381
v -0.014880 -0.010031 0.000812
v -0.014969 -0.009763 0.000587
v -0.014855 -0.001584 0.004181
v -0.016729 -0.003528 0.004403
v -0.017094 -0.011000 0.000934
v -0.016732 -0.010594 0.001548
v -0.017311 -0.003343 0.004227
v -0.018775 -0.004236 0.003661
v -0.018318 -0.003858 0.004043
v -0.017738 -0.010921 0.000706
v -0.019095 -0.012120 0.000960
v -0.019834 -0.012329 0.001569
v -0.020480 -0.012665 0.000700
v -0.022376 -0.008316 0.003910
v -0.021205 -0.006773 0.004133
v -0.021083 -0.013456 0.000881
v -0.020956 -0.005821 0.003927
v -0.023082 -0.014179 0.001707
v -0.023099 -0.014267 0.000573
v -0.022639 -0.014398 0.001389
v -0.022781 -0.007300 0.003402
v -0.022887 -0.014883 0.000720
v -0.023680 -0.008109 0.003682
v -0.023725 -0.008946 0.003842
v -0.024041 -0.015552 0.000365
v -0.025292 -0.009748 0.002927
v -0.024839 -0.016769 0.000410
v -0.025057 -0.016682 0.001032
v -0.025390 -0.009749 0.003368
v -0.025619 -0.010921 0.003490
v -0.027072 -0.013575 0.002882
v -0.026235 -0.018395 0.000125
v -0.026275 -0.018182 -0.000101
v -0.026254 -0.017846 0.000934
v -0.026318 -0.018436 0.000305
v -0.026423 -0.018427 0.000142
v -0.026961 -0.011616 0.002980
v -0.026453 -0.018296 -0.000044
v -0.026438 -0.017904 -0.000114
v -0.026523 -0.018055 -0.000103
v -0.026955 -0.011661 0.002611
v -0.027287 -0.016126 0.001902
v -0.027420 -0.013268 0.002928
v -0.027561 -0.016563 0.001680
v -0.027384 -0.017153 0.001242
v -0.027840 -0.016328 0.000848
v -0.027707 -0.014177 0.002679
v -0.027729 -0.017109 0.000952
v -0.027801 -0.016865 0.000793
v -0.028236 -0.014528 0.001667
v -0.028127 -0.016482 0.001334
v -0.027912 -0.015294 0.002257
v -0.028169 -0.013659 0.002136
v -0.028245 -0.013825 0.002406
v -0.028179 -0.016132 0.001163
v -0.028420 -0.015242 0.001912
v -0.028412 -0.015100 0.001634
vn 0.6978 -0.2619 -0.6667
vn 0.7191 -0.2537 0.6469
vn -0.5213 -0.7239 -0.4519
vn -0.3284 -0.6281 0.7054
vn 0.2543 0.7696 0.5856
vn 0.2862 0.6598 -0.6948
vn -0.6467 0.5625 0.5151
vn -0.5843 0.4290 -0.6889
vn 0.7071 0.0291 -0.7065
vn 0.7497 0.1400 0.6468
vn -0.0408 -0.9008 -0.4324
vn 0.0296 -0.7081 0.7054
vn -0.1645 0.7937 0.5857
vn -0.1257 0.7336 -0.6678
vn -0.8414 0.1637 0.5151
vn -0.7061 -0.0080 -0.7080
vn -0.9659 0.2588 -0.0069
vn -0.6620 0.1735 -0.7291
vn -0.9674 0.2530 -0.0131
vn -0.6998 0.1789 -0.6916
vn 0.4933 0.6366 -0.5927
vn 0.6530 -0.5058 -0.5638
vn -0.0000 -0.0000 -1.0000
vn 0.1613 0.9869 -0.0073
vn 0.3787 -0.9091 0.1739
vn -0.0001 -0.0000 -1.0000
vn -0.7179 0.6441 -0.2641
vn -0.6601 -0.1805 -0.7292
vn -0.9660 -0.2584 -0.0060
vn -0.9242 0.3819 -0.0027
vn 0.4625 0.4607 -0.7575
vn 0.5315 0.5605 -0.6351
vn 0.6896 0.7237 -0.0271
vn 0.6687 0.7415 -0.0555
vn -0.0000 -0.0001 -1.0000
vn 0.0001 -0.0001 -1.0000
vn -0.4880 -0.4935 -0.7200
vn -0.5053 -0.5166 -0.6912
vn -0.7071 -0.7071 -0.0078
vn -0.7032 -0.7109 -0.0136
vn -0.3038 0.7451 -0.5937
vn 0.7625 0.3082 -0.5689
vn -0.6828 0.6792 -0.2693
vn 0.9765 -0.1113 -0.1843
vn -0.0002 0.0002 -1.0000
vn -0.9278 -0.2528 -0.2745
vn 0.8918 -0.4223 -0.1623
vn 0.5070 -0.6512 -0.5647
vn -0.6376 -0.4893 -0.5950
vn -0.2588 0.9659 -0.0000
vn -0.2650 0.9642 -0.0065
vn -0.2652 0.9642 -0.0068
vn -0.2713 0.9624 -0.0133
vn -0.0004 -0.0001 -1.0000
vn -0.0002 0.0001 -1.0000
vn -0.0003 -0.0000 -1.0000
vn 0.7159 0.2575 -0.6490
vn 0.0973 0.1287 -0.9869
vn 0.2492 0.2399 -0.9383
vn 0.2588 -0.9659 0.0035
vn 0.2717 -0.9623 -0.0079
vn 0.2704 -0.9627 -0.0067
vn 0.2854 -0.9582 -0.0200
vn 0.1138 0.8191 -0.5623
vn -0.7972 0.1097 -0.5937
vn 0.5975 0.7680 0.2306
vn -0.9651 -0.2614 -0.0126
vn -0.2282 -0.9337 -0.2759
vn 0.4864 -0.4812 -0.7293
vn 0.1349 -0.9908 -0.0077
vn 0.7068 -0.7074 -0.0060
vn -0.6302 0.1702 -0.7575
vn -0.7511 0.1801 -0.6351
vn -0.7213 0.1748 -0.6702
vn -0.6479 0.1383 -0.7491
vn 0.5106 -0.8177 0.2657
vn 0.5909 -0.5797 -0.5611
vn 0.4758 -0.8780 0.0522
vn 0.4807 -0.8760 -0.0383
vn 0.3972 -0.9129 0.0937
vn 0.2683 -0.9595 -0.0858
vn 0.1892 -0.9750 -0.1170
vn -0.0453 -0.9984 0.0333
vn -0.1017 -0.9947 0.0159
vn -0.0349 -0.9992 -0.0203
vn 0.8650 -0.5000 0.0427
vn 0.8561 -0.5138 0.0559
vn 0.8578 -0.5139 -0.0082
vn 0.8920 -0.3028 -0.3355
vn 0.9898 -0.1425 -0.0014
vn 0.9991 0.0192 0.0391
vn 0.9992 0.0350 -0.0199
vn 0.9946 0.1026 0.0167
vn 0.9697 0.2094 -0.1260
vn 0.8594 0.5108 0.0230
vn 0.8829 0.4694 -0.0105
vn 0.6969 0.7123 -0.0828
vn 0.7497 0.6513 -0.1170
vn 0.5920 0.8005 0.0938
vn 0.5225 0.8511 0.0522
vn 0.5183 0.8543 -0.0383
vn 0.5284 0.8488 -0.0191
vn 0.4529 0.8510 0.2657
vn 0.2066 0.8016 -0.5611
vn 0.0005 0.9991 0.0427
vn 0.0169 0.9983 0.0559
vn 0.0162 0.9998 -0.0082
vn -0.6482 0.5062 -0.5689
vn -0.3936 0.9031 0.1717
vn -0.1837 0.9239 -0.3356
vn -0.3715 0.9284 -0.0014
vn -0.0845 0.9722 0.2183
vn -0.5161 0.8556 0.0391
vn 0.3105 0.7647 -0.5647
vn -0.5299 0.8478 -0.0198
vn -0.5862 0.8100 0.0167
vn -0.6676 0.7343 -0.1225
vn -0.7600 0.6448 0.0817
vn -0.8307 0.5567 0.0024
vn -0.8118 0.5827 -0.0370
vn -0.7654 -0.3103 -0.5638
vn -0.8480 0.5300 -0.0000
vn -0.9766 0.1266 0.1739
vn -0.9658 0.2469 -0.0796
vn -0.9389 0.3236 -0.1170
vn -0.9727 0.1073 0.2056
vn -0.9984 -0.0271 0.0496
vn -0.9996 0.0012 -0.0293
vn -0.9993 0.0333 -0.0191
vn -0.9891 -0.1192 0.0862
vn -0.6371 -0.1930 -0.7462
vn -0.9584 -0.2828 -0.0381
vn -0.0967 -0.0450 -0.9943
vn -0.9532 0.3013 0.0227
vn -0.9233 0.3839 -0.0134
vn -0.1152 -0.8147 -0.5684
vn -0.5765 -0.7800 0.2435
vn -0.7088 -0.6214 -0.3339
vn -0.6183 -0.7859 -0.0014
vn -0.8171 -0.5680 -0.0986
vn -0.5231 -0.8508 0.0507
vn -0.8182 -0.1158 -0.5631
vn -0.4694 -0.8829 -0.0106
vn -0.2404 -0.2282 -0.9435
vn -0.2576 -0.7159 -0.6489
vn -0.2093 -0.9697 -0.1264
vn 0.4708 -0.8820 -0.0191
vn -0.4921 -0.6386 -0.5917
vn -0.2336 -0.9723 -0.0100
vn 0.0001 -0.0005 -1.0000
vn -0.0001 -0.0002 -1.0000
vn -0.0000 -0.0004 -1.0000
vn -0.0000 0.0001 -1.0000
vn 0.7423 -0.3039 -0.5972
vn 0.7248 -0.6890 -0.0001
vn -0.7071 -0.7071 -0.0096
vn -0.5140 -0.5165 -0.6849
vn -0.7056 -0.7085 -0.0115
vn -0.4791 -0.4833 -0.7328
vn 0.7071 0.7071 -0.0000
vn 0.3065 -0.7459 -0.5914
vn 0.8028 -0.5963 -0.0046
vn 0.1735 0.6618 -0.7293
vn 0.8889 0.3641 -0.2780
vn 0.2592 0.9658 -0.0060
vn 0.7914 0.6112 -0.0071
vn 0.2046 -0.7437 -0.6364
vn 0.1677 -0.6309 -0.7575
vn 0.2647 -0.9643 -0.0084
vn 0.2729 -0.9619 -0.0173
vn -0.0001 0.0001 -1.0000
vn -0.0002 -0.0000 -1.0000
vn -0.0255 -0.0333 -0.9991
vn -0.0872 -0.1137 -0.9897
vn -0.1399 -0.1824 -0.9732
vn -0.2692 0.9631 -0.0080
vn -0.2823 0.9591 -0.0199
vn 0.7975 -0.1090 -0.5934
vn 0.9638 0.2664 -0.0115
vn 0.0004 0.0003 -1.0000
vn 0.0002 -0.0000 -1.0000
vn 0.0004 0.0002 -1.0000
vn 0.2250 0.9342 -0.2767
vn -0.1074 0.7951 -0.5969
vn 0.9659 -0.2588 -0.0000
vn 0.9650 -0.2624 0.0038
vn 0.9650 -0.2621 0.0035
vn 0.9642 -0.2653 0.0068
vn -0.1312 -0.0970 -0.9866
vn -0.0000 0.0002 -1.0000
vn 0.6713 -0.1759 -0.7200
vn 0.7001 -0.1793 -0.6912
vn 0.9659 -0.2588 -0.0078
vn 0.9672 -0.2535 -0.0136
vn 0.0002 -0.0051 -1.0000
vn -0.0092 -0.0348 -0.9994
vn -0.0120 -0.0361 -0.9993
vn -0.0116 -0.0049 -0.9999
vn -0.0060 -0.0056 -1.0000
vn -0.0264 -0.0328 -0.9991
vn -0.0394 0.0034 -0.9992
vn 0.0001 -0.0000 -1.0000
vn -0.0001 -0.0001 -1.0000
vn 0.0007 0.0036 -1.0000
vn 0.0068 0.0138 -0.9999
vn 0.0357 0.0115 -0.9993
vn 0.0353 0.0092 -0.9993
vn 0.0052 -0.0002 -1.0000
vn 0.9847 -0.0878 0.1506
vn 0.7405 -0.6720 -0.0065
vn 0.4581 -0.5070 0.7301
vn 0.0858 -0.9963 0.0098
vn 0.8461 -0.5330 0.0035
vn 0.8158 -0.4313 -0.3852
vn 0.8534 -0.5213 0.0038
vn 0.9587 -0.2842 -0.0073
vn 0.6285 -0.7565 0.1810
vn 0.6923 -0.0347 0.7208
vn 0.9998 0.0208 -0.0010
vn 0.9995 0.0303 -0.0121
vn 0.6712 0.1442 0.7271
vn 0.9737 0.2277 -0.0055
vn 0.7579 0.6523 0.0103
vn 0.6460 0.2268 0.7288
vn 0.6193 0.3441 0.7057
vn 0.8650 0.5018 -0.0014
vn 0.3690 0.9223 0.1151
vn 0.7389 0.6737 0.0097
vn 0.6360 0.6705 -0.3820
vn 0.9244 0.3552 0.1392
vn 0.3267 0.6244 0.7095
vn 0.4833 0.8755 -0.0035
vn 0.5035 0.8640 -0.0011
vn 0.2564 0.6513 0.7142
vn 0.3049 0.9524 -0.0005
vn 0.1334 0.6714 0.7290
vn -0.0107 0.9999 0.0036
vn -0.0371 0.6962 0.7169
vn -0.0004 1.0000 0.0056
vn -0.2038 0.9784 -0.0350
vn -0.7613 0.6219 0.1834
vn -0.4384 0.8096 -0.3903
vn -0.5215 0.8532 0.0047
vn -0.5346 0.8451 0.0036
vn -0.0845 0.9844 0.1541
vn -0.6723 0.7402 -0.0070
vn -0.5072 0.4574 0.7304
vn -0.9820 0.1888 0.0067
vn -0.6026 0.3695 0.7074
vn -0.8677 0.4971 -0.0042
vn -0.6495 0.2513 0.7176
vn -0.9556 0.2946 -0.0106
vn -0.6789 0.1119 0.7257
vn -0.8321 -0.5412 0.1209
vn -0.9996 -0.0260 0.0069
vn -0.9934 -0.1151 0.0011
vn -0.9790 -0.2036 -0.0072
vn -0.9550 0.2455 0.1664
vn -0.5476 -0.8367 0.0015
vn -0.6221 -0.3377 0.7063
vn -0.8644 -0.5027 -0.0044
vn -0.5419 -0.4364 0.7183
vn -0.7332 -0.6799 -0.0130
vn -0.4328 -0.5344 0.7261
vn -0.3209 -0.6258 0.7109
vn -0.4844 -0.8748 -0.0057
vn -0.8533 -0.5215 -0.0043
vn 0.2505 -0.9550 0.1589
vn -0.3072 -0.9516 0.0033
vn 0.1429 -0.9897 0.0088
vn -0.5415 -0.8316 0.1229
vn -0.0038 -1.0000 0.0075
vn 0.1119 -0.6874 0.7176
vn 0.2221 -0.9750 -0.0111
vn 0.2486 -0.6410 0.7262
vn 0.3771 -0.5989 0.7065
vn 0.4956 -0.8685 -0.0053
vn -0.0720 -0.4872 0.8703
vn 0.0002 0.0083 1.0000
vn 0.0006 0.0086 1.0000
vn 0.0015 0.0074 1.0000
vn 0.3605 -0.3525 0.8636
vn -0.2244 0.4357 0.8717
vn 0.0043 -0.0050 1.0000
vn 0.0035 -0.0075 1.0000
vn -0.5123 0.0699 0.8559
vn -0.3956 0.5954 0.6993
vn -0.3983 0.6018 0.6922
vn -0.6119 0.3515 0.7085
vn -0.0958 0.6949 0.7127
vn -0.0385 0.6915 0.7213
vn 0.1621 0.6376 0.7531
vn 0.3850 0.6390 0.6659
vn 0.4872 0.5003 0.7158
vn 0.5180 0.3237 0.7918
vn 0.7128 0.1704 0.6803
vn 0.7106 0.0121 0.7035
vn 0.5875 -0.1391 0.7972
vn 0.6143 -0.3925 0.6845
vn 0.5336 -0.4966 0.6846
vn 0.3118 -0.5118 0.8006
vn 0.1423 -0.7126 0.6870
vn 0.0308 -0.7375 0.6747
vn -0.1486 -0.5806 0.8005
vn -0.4130 -0.5932 0.6911
vn -0.5032 -0.5511 0.6656
vn -0.5212 -0.2985 0.7995
vn -0.7434 -0.1455 0.6528
vn -0.6811 0.0518 0.7304
vn -0.6325 0.2996 0.7143
vn 0.0001 -0.0002 1.0000
vn 0.0002 -0.0003 1.0000
vn 0.0002 -0.0000 1.0000
vn 0.0006 0.0004 1.0000
vn 0.0008 0.0005 1.0000
vn 0.0004 0.0006 1.0000
vn -0.0001 0.0008 1.0000
vn -0.0006 0.0004 1.0000
vn -0.0007 -0.0001 1.0000
vn -0.0007 -0.0002 1.0000
vn -0.0004 -0.0007 1.0000
vn -0.0006 -0.0004 1.0000
vn -0.0000 -0.0003 1.0000
vn -0.0002 -0.0001 1.0000
vn 0.6942 -0.7150 0.0827
vn 0.8089 -0.5867 -0.0387
vn 0.5642 -0.8227 -0.0686
vn 0.4391 -0.8984 -0.0009
vn 0.3290 -0.9441 -0.0195
vn 0.8821 -0.4701 0.0297
vn 0.9441 -0.3296 0.0106
vn 0.9575 -0.2883 -0.0007
vn 0.9916 -0.1290 -0.0025
vn 0.9966 -0.0812 -0.0117
vn 0.9982 0.0526 -0.0292
vn 0.9862 0.1654 0.0101
vn 0.9580 0.2857 -0.0244
vn 0.9043 0.4216 0.0666
vn 0.8123 0.5830 -0.0135
vn 0.7746 0.6313 -0.0376
vn 0.6598 0.7421 0.1178
vn 0.5096 0.8600 -0.0269
vn 0.4312 0.9019 -0.0238
vn 0.2268 0.9736 0.0238
vn 0.2964 0.9551 0.0056
vn 0.0469 0.9984 -0.0328
vn -0.0768 0.9960 0.0463
vn -0.3237 0.9452 -0.0422
vn -0.2245 0.9743 -0.0183
vn -0.5147 0.8471 0.1326
vn -0.6682 0.7407 -0.0704
vn -0.7772 0.6291 0.0123
vn -0.8376 0.5463 0.0022
vn -0.8875 0.4606 0.0121
vn -0.9327 0.3596 -0.0271
vn -0.9684 0.2493 0.0003
vn -0.9953 0.0920 -0.0308
vn -0.9999 0.0023 -0.0117
vn -0.9852 -0.1332 0.1083
vn -0.9514 -0.3074 -0.0174
vn -0.9110 -0.4123 -0.0030
vn -0.8440 -0.5332 0.0579
vn -0.7837 -0.6211 -0.0079
vn -0.6564 -0.7544 0.0001
vn -0.5992 -0.8003 -0.0187
vn -0.3977 -0.9166 -0.0400
vn -0.4651 -0.8847 -0.0313
vn -0.2273 -0.9726 0.0493
vn -0.1116 -0.9938 0.0011
vn -0.0142 -0.9999 0.0067
vn 0.1083 -0.9941 -0.0032
vn 0.2059 -0.9784 0.0193
vn 0.3161 -0.1947 -0.9285
vn -0.1645 -0.8173 -0.5523
vn -0.8308 -0.0977 -0.5480
vn 0.7550 -0.3470 -0.5563
vn -0.3467 0.7554 -0.5560
vn -0.0980 -0.8332 -0.5443
vn -0.1885 0.3032 -0.9341
vn -0.8199 -0.1647 -0.5484
vn -0.4099 0.7304 -0.5464
vn 0.4554 0.5326 -0.7134
vn -0.0127 -0.9999 0.0003
vn 0.1054 -0.9944 -0.0033
vn -0.3030 -0.9526 0.0278
vn -0.3238 -0.9460 0.0187
vn -0.6323 -0.7748 -0.0013
vn -0.7064 -0.7076 -0.0183
vn -0.8813 -0.4722 0.0164
vn -0.9456 -0.3247 0.0193
vn -0.9995 0.0291 0.0093
vn -0.9996 -0.0017 -0.0292
vn -0.8835 0.4682 -0.0153
vn -0.8697 0.4930 0.0261
vn -0.5626 0.8263 -0.0280
vn -0.4511 0.8909 -0.0522
vn -0.1369 0.9903 -0.0228
vn 0.1006 0.6184 0.7794
vn 0.3152 0.9490 0.0073
vn 0.6146 0.7888 0.0113
vn 0.5518 0.7874 0.2747
vn 0.7762 0.5676 0.2744
vn 0.8840 0.4671 0.0188
vn 0.6265 0.0909 0.7741
vn 0.9970 0.0734 0.0223
vn 0.9617 -0.2716 -0.0366
vn 0.8899 -0.4526 -0.0566
vn 0.7685 -0.6390 -0.0317
vn 0.4699 -0.8822 -0.0310
vn 0.4847 -0.8743 0.0267
vn -0.8280 0.5605 -0.0174
vn -0.9811 0.1926 0.0173
vn -0.5605 0.8280 0.0174
vn -0.1926 0.9811 -0.0173
vn 0.1926 0.9811 0.0173
vn 0.5605 0.8280 -0.0174
vn 0.8280 0.5605 0.0174
vn 0.9811 0.1926 -0.0173
vn 0.9811 -0.1926 0.0173
vn 0.8280 -0.5605 -0.0174
vn 0.5605 -0.8280 0.0174
vn 0.1926 -0.9811 -0.0173
vn -0.1926 -0.9811 0.0173
vn -0.5605 -0.8280 -0.0174
vn -0.8280 -0.5605 0.0174
vn -0.9811 -0.1926 -0.0173
vn 0.4312 -0.2204 0.8750
vn -0.0089 0.0011 1.0000
vn -0.0077 0.0031 1.0000
vn -0.0056 0.0027 1.0000
vn 0.4590 0.2382 0.8559
vn 0.2986 -0.5550 0.7764
vn 0.3973 -0.5694 0.7197
vn 0.0072 0.6433 0.7656
vn 0.1902 0.6753 0.7126
vn 0.8321 -0.4231 0.3587
vn 0.7097 0.1115 0.6957
vn 0.3468 0.3459 0.8718
vn -0.0032 -0.0057 1.0000
vn -0.0046 -0.0041 1.0000
vn -0.0904 0.5091 0.8560
vn -0.5842 0.3902 0.7117
vn 0.6625 0.2027 0.7211
vn 0.1130 0.7093 0.6958
vn -0.5735 0.2867 0.7674
vn 0.6618 -0.0108 0.7496
vn -0.4194 0.8339 0.3587
vn -0.5519 -0.4347 0.7116
vn 0.0109 0.6928 0.7211
vn -0.6403 0.3261 0.6954
vn 0.1037 0.5974 0.7952
vn 0.0003 -0.0002 1.0000
vn -0.4415 -0.4640 0.7679
vn -0.9153 -0.3301 0.2310
vn -0.4898 -0.0826 0.8679
vn 0.0068 0.0018 1.0000
vn 0.0093 0.0008 1.0000
vn -0.2246 -0.4499 0.8644
vn 0.2433 -0.6569 0.7136
vn 0.3940 -0.5527 0.7343
vn -0.6551 0.2270 0.7206
vn -0.0000 -0.0000 1.0000
vn 0.1211 -0.9461 0.3003
vn -0.9458 0.1244 0.3001
vn -0.5171 0.3769 0.7684
vn -0.5058 -0.5091 0.6964
vn 0.7001 0.0280 0.7135
vn -0.4175 -0.5534 0.7207
vn 0.3263 -0.6387 0.6969
vn -0.3337 -0.9140 0.2308
vn -0.4626 -0.4143 0.7838
vn -0.0002 0.0003 1.0000
vn 0.6284 0.0892 0.7728
vn -0.0011 0.0005 -1.0000
vn -0.0005 0.0003 -1.0000
vn -0.0006 0.0005 -1.0000
vn -0.0001 0.0002 -1.0000
vn 0.0001 0.0001 -1.0000
vn 0.0003 -0.0000 -1.0000
vn 0.0010 -0.0005 -1.0000
vn 0.0011 -0.0005 -1.0000
vn 0.0006 -0.0005 -1.0000
vn 0.0005 -0.0003 -1.0000
vn 0.0001 -0.0002 -1.0000
vn 0.0002 -0.0001 -1.0000
vn -0.0010 0.0005 -1.0000
vn 0.8933 0.4495 0.0019
vn 0.9906 0.1352 -0.0204
vn 0.2903 -0.5506 -0.7826
vn 0.8902 -0.4551 -0.0207
vn 0.1572 0.9875 0.0096
vn 0.9874 0.1580 0.0078
vn 0.8623 0.5063 -0.0030
vn 0.7067 0.7058 0.0502
vn 0.4982 0.8670 -0.0021
vn -0.5507 0.2902 -0.7826
vn 0.1352 0.9906 -0.0204
vn -0.4551 0.8902 -0.0207
vn 0.4487 0.8937 0.0087
vn -0.4442 -0.4492 -0.7752
vn -0.5638 0.2958 -0.7711
vn -0.9856 -0.1653 0.0363
vn 0.7060 -0.7082 0.0027
vn 0.4536 -0.8911 0.0119
vn -0.4492 -0.4442 -0.7752
vn -0.1653 -0.9856 0.0363
vn 0.9199 -0.1667 -0.3551
vn 0.7953 -0.5172 -0.3161
vn 0.5111 -0.7822 -0.3562
vn 0.4481 -0.8363 -0.3158
vn 0.9484 -0.0328 -0.3154
vn 0.8318 0.4469 -0.3293
vn 0.8297 0.4500 -0.3304
vn 0.5014 0.8007 -0.3277
vn 0.4410 0.8404 -0.3151
vn 0.0371 0.9417 -0.3343
vn -0.0430 0.9453 -0.3234
vn -0.5111 0.7822 -0.3563
vn -0.4481 0.8363 -0.3158
vn -0.7953 0.5172 -0.3161
vn -0.9199 0.1667 -0.3551
vn -0.9484 0.0328 -0.3154
vn -0.8318 -0.4469 -0.3293
vn -0.8297 -0.4500 -0.3304
vn -0.5014 -0.8007 -0.3277
vn -0.4410 -0.8404 -0.3151
vn -0.0371 -0.9417 -0.3343
vn 0.0430 -0.9453 -0.3234
vn -0.0000 -0.0002 -1.0000
vn -0.0001 -0.0003 -1.0000
vn -0.0003 -0.0002 -1.0000
vn 0.0001 0.0003 -1.0000
vn 0.0003 0.0003 -1.0000
vn 0.0003 0.0002 -1.0000
vn 0.0002 0.0001 -1.0000
vn 0.0003 -0.0002 -1.0000
vn 0.0004 -0.0003 -1.0000
vn 0.0029 -0.7077 -0.7065
vn 0.1396 -0.7487 0.6480
vn -0.8875 0.0894 -0.4520
vn -0.7097 -0.0298 0.7039
vn 0.8362 0.1568 0.5256
vn 0.7145 0.0821 -0.6948
vn -0.0391 0.9001 0.4340
vn 0.0794 0.7205 -0.6889
vn -0.7071 -0.0291 -0.7065
vn -0.7497 -0.1400 0.6468
vn 0.0408 0.9008 -0.4324
vn -0.0296 0.7081 0.7054
vn 0.1645 -0.7937 0.5857
vn 0.1257 -0.7336 -0.6678
vn 0.8414 -0.1637 0.5151
vn 0.7061 0.0080 -0.7080
vn -0.3787 0.5979 -0.7065
vn -0.4954 0.5786 0.6479
vn 0.8005 0.4151 -0.4324
vn 0.5998 0.3806 0.7039
vn -0.6457 -0.5539 0.5256
vn -0.5724 -0.4757 -0.6679
vn 0.4840 -0.7599 0.4339
vn 0.3599 -0.6076 -0.7080
vn -0.0029 0.7077 -0.7065
vn -0.1396 0.7487 0.6480
vn 0.8875 -0.0894 -0.4520
vn 0.7097 0.0298 0.7039
vn -0.8362 -0.1568 0.5256
vn -0.7145 -0.0821 -0.6948
vn 0.0391 -0.9001 0.4340
vn -0.0794 -0.7205 -0.6889
vn -0.5979 -0.3787 -0.7065
vn -0.5786 -0.4954 0.6480
vn -0.4151 0.8005 -0.4324
vn -0.3806 0.5998 0.7039
vn 0.5539 -0.6457 0.5256
vn 0.4757 -0.5724 -0.6679
vn 0.7599 0.4840 0.4339
vn 0.6076 0.3599 -0.7080
vn 0.2619 0.6978 -0.6667
vn 0.2537 0.7191 0.6469
vn 0.7239 -0.5212 -0.4519
vn 0.6281 -0.3284 0.7054
vn -0.7696 0.2543 0.5856
vn -0.6598 0.2862 -0.6948
vn -0.5625 -0.6467 0.5151
vn -0.4290 -0.5843 -0.6889
vn 0.3787 -0.5979 -0.7065
vn 0.4954 -0.5786 0.6479
vn -0.8005 -0.4151 -0.4324
vn -0.5998 -0.3806 0.7039
vn 0.6457 0.5539 0.5256
vn 0.5724 0.4757 -0.6679
vn -0.4840 0.7599 0.4339
vn -0.3599 0.6076 -0.7080
vn 0.5979 0.3787 -0.7065
vn 0.5786 0.4954 0.6480
vn 0.4151 -0.8005 -0.4324
vn 0.3806 -0.5998 0.7039
vn -0.5539 0.6457 0.5256
vn -0.4757 0.5724 -0.6679
vn -0.7599 -0.4840 0.4339
vn -0.6076 -0.3599 -0.7080
vn -0.8173 0.5762 -0.0074
vn -0.7740 0.6331 0.0092
vn -0.6331 0.7740 -0.0092
vn -0.5762 0.8173 0.0074
vn -0.3981 0.9173 -0.0059
vn -0.3712 0.9286 0.0036
vn -0.1366 0.9906 -0.0038
vn -0.1034 0.9946 0.0072
vn 0.1282 0.9917 -0.0067
vn 0.2085 0.9780 0.0105
vn 0.3555 0.9346 -0.0085
vn 0.4661 0.8847 0.0097
vn 0.5503 0.8349 -0.0080
vn 0.6537 0.7568 0.0080
vn 0.7244 0.6893 -0.0097
vn 0.8026 0.5964 0.0085
vn 0.8843 0.4668 -0.0105
vn 0.9164 0.4002 0.0032
vn 0.9851 0.1719 -0.0076
vn 0.9818 0.1897 0.0039
vn 0.9964 -0.0848 0.0016
vn 0.9932 -0.1165 -0.0034
vn 0.9277 -0.3732 -0.0036
vn 0.9422 -0.3351 0.0029
vn 0.8396 -0.5432 0.0065
vn 0.7880 -0.6156 -0.0112
vn 0.7010 -0.7131 0.0085
vn 0.5900 -0.8074 -0.0094
vn 0.5240 -0.8517 0.0063
vn 0.3470 -0.9378 -0.0059
vn 0.3194 -0.9476 0.0036
vn 0.0737 -0.9973 -0.0042
vn 0.0466 -0.9989 0.0046
vn -0.2450 -0.9695 -0.0050
vn -0.2658 -0.9640 0.0011
vn -0.5392 -0.8421 -0.0055
vn -0.5181 -0.8553 0.0034
vn -0.7407 -0.6718 0.0076
vn -0.7528 -0.6583 -0.0039
vn -0.8787 -0.4774 -0.0032
vn -0.9150 -0.4033 0.0127
vn -0.9638 -0.2667 -0.0064
vn -0.9961 -0.0881 0.0085
vn -0.9989 -0.0471 -0.0034
vn -0.9860 0.1666 -0.0001
vn -0.9837 0.1800 0.0030
vn -0.9250 0.3799 -0.0027
vn -0.9141 0.4055 0.0056
vn 0.8121 -0.5835 -0.0096
vn 0.7382 -0.6745 0.0084
vn 0.6305 -0.7762 -0.0104
vn 0.5674 -0.8234 0.0066
vn 0.3701 -0.9290 -0.0071
vn 0.3399 -0.9404 0.0037
vn 0.1116 -0.9937 -0.0036
vn 0.0913 -0.9958 0.0030
vn -0.1178 -0.9930 -0.0030
vn -0.1309 -0.9914 0.0001
vn -0.3641 -0.9313 -0.0041
vn -0.3409 -0.9401 0.0040
vn -0.5748 -0.8183 0.0041
vn -0.5949 -0.8038 -0.0040
vn -0.7538 -0.6571 -0.0001
vn -0.7624 -0.6471 0.0030
vn -0.8766 -0.4812 -0.0027
vn -0.8891 -0.4576 0.0056
vn -0.9575 -0.2885 -0.0062
vn -0.9768 -0.2140 0.0093
vn -0.9972 -0.0747 -0.0084
vn -0.9986 0.0515 0.0111
vn -0.9905 0.1370 -0.0064
vn -0.9515 0.3076 0.0023
vn -0.9380 0.3467 -0.0034
vn -0.8443 0.5359 -0.0046
vn -0.8668 0.4987 0.0009
vn -0.7326 0.6806 0.0081
vn -0.6717 0.7407 -0.0124
vn -0.5403 0.8414 0.0085
vn -0.4182 0.9083 -0.0115
vn -0.3394 0.9406 0.0062
vn -0.1553 0.9878 -0.0059
vn -0.1274 0.9918 0.0036
vn 0.1070 0.9943 -0.0037
vn 0.1320 0.9912 0.0037
vn 0.3592 0.9333 -0.0036
vn 0.3782 0.9257 0.0030
vn 0.5559 0.8312 -0.0027
vn 0.5780 0.8160 0.0056
vn 0.7166 0.6975 -0.0062
vn 0.7733 0.6339 0.0115
vn 0.8506 0.5257 -0.0062
vn 0.9302 0.3669 0.0059
vn 0.9460 0.3240 -0.0029
vn 0.9965 0.0831 -0.0036
vn 0.9925 0.1223 0.0029
vn 0.9948 -0.1020 0.0064
vn 0.9836 -0.1804 -0.0095
vn 0.9506 -0.3103 0.0079
vn 0.9197 -0.3924 -0.0079
vn 0.8635 -0.5042 0.0079
vn -0.6978 0.2619 -0.6667
vn -0.7191 0.2537 0.6469
vn 0.5213 0.7239 -0.4519
vn 0.3284 0.6281 0.7054
vn -0.2543 -0.7696 0.5856
vn -0.2862 -0.6598 -0.6948
vn 0.6467 -0.5625 0.5151
vn 0.5843 -0.4290 -0.6889
vn -0.2619 -0.6978 -0.6667
vn -0.2537 -0.7191 0.6469
vn -0.7239 0.5212 -0.4519
vn -0.6281 0.3284 0.7054
vn 0.7696 -0.2543 0.5856
vn 0.6598 -0.2862 -0.6948
vn 0.5625 0.6467 0.5151
vn 0.4290 0.5843 -0.6889
vn 0.4894 -0.5912 0.6410
vn 0.7414 -0.1388 0.6566
vn -0.5057 0.5777 0.6407
vn -0.7508 0.1317 0.6473
vn 0.6456 0.7630 -0.0313
vn 0.5166 0.8559 0.0250
vn 0.9016 0.4319 0.0232
vn 0.9890 0.1424 -0.0393
vn 0.8640 -0.5025 -0.0304
vn 0.4636 -0.8860 0.0020
vn 0.0208 -0.9997 0.0118
vn 0.0209 -0.9998 -0.0016
vn -0.5676 -0.8233 -0.0092
vn -0.5069 -0.8619 0.0100
vn -0.9110 -0.4124 0.0068
vn -0.9396 -0.3423 -0.0078
vn -0.9818 0.1889 0.0167
vn -0.7698 0.6382 -0.0109
vn -0.3394 0.9405 -0.0163
vn -0.0191 0.9993 0.0328
vn 0.1458 0.9891 -0.0211
vn 0.4937 0.5071 -0.7065
vn 0.2372 0.3994 -0.8856
vn 0.0512 0.6511 -0.7573
vn -0.2530 0.3853 -0.8874
vn -0.1955 0.6703 -0.7159
vn -0.5457 0.4080 -0.7319
vn -0.6666 0.1628 -0.7274
vn -0.4409 0.0471 -0.8963
vn -0.6649 -0.2426 -0.7065
vn -0.5660 -0.3976 -0.7222
vn -0.4024 -0.5692 -0.7170
vn -0.1422 -0.6890 -0.7106
vn 0.0375 -0.6980 -0.7152
vn 0.3794 -0.5572 -0.7386
vn 0.3379 -0.6298 -0.6995
vn 0.5830 -0.3543 -0.7311
vn 0.4679 -0.0243 -0.8835
vn 0.6672 0.1472 -0.7302
vn -0.0005 -0.0002 -1.0000
vn 0.4779 0.8784 -0.0011
vn 0.5598 0.8286 0.0076
vn 0.8834 0.4685 -0.0080
vn 0.9684 0.2491 0.0106
vn 0.9862 -0.1650 -0.0109
vn 0.8838 -0.4677 0.0111
vn 0.6629 -0.7487 -0.0111
vn 0.3778 -0.9258 0.0123
vn -0.0162 -0.7746 -0.6322
vn -0.3540 -0.9351 0.0134
vn -0.5406 -0.5439 -0.6418
vn -0.8931 -0.4497 0.0119
vn -0.7772 -0.0079 -0.6292
vn -0.9794 0.2019 0.0058
vn -0.5392 0.5537 -0.6346
vn -0.6957 0.7183 0.0019
vn -0.0985 0.9951 0.0054
vn -0.0873 0.9962 -0.0019
vn 0.1564 0.9844 0.0804
vn 0.1691 0.4156 -0.8937
vn 0.6507 0.7547 -0.0841
vn -0.1071 0.9732 -0.2033
vn -0.1432 0.4760 -0.8677
vn -0.5272 0.8302 0.1812
vn -0.8219 0.5022 -0.2690
vn -0.4218 0.2633 -0.8676
vn -0.8722 0.1625 -0.4614
vn -0.4269 -0.0003 -0.9043
vn -0.2455 -0.2383 -0.9396
vn -0.8885 -0.2328 -0.3954
vn -0.6049 -0.7579 -0.2445
vn -0.0490 -0.4174 -0.9074
vn -0.3624 -0.8936 -0.2650
vn 0.0388 -0.9855 0.1654
vn 0.2311 -0.4441 -0.8657
vn 0.4405 -0.8610 -0.2544
vn 0.7320 -0.6604 0.1677
vn 0.3985 -0.1305 -0.9078
vn 0.8528 -0.1683 -0.4944
vn 0.3728 0.0958 -0.9230
vn 0.9988 -0.0232 0.0431
vn 0.7785 0.5243 -0.3450
vn 0.0084 0.0115 -0.9999
vn 0.0017 0.0173 -0.9998
vn -0.0085 0.0166 -0.9998
vn -0.0142 0.0044 -0.9999
vn -0.0082 -0.0017 -1.0000
vn -0.0089 -0.0092 -0.9999
vn -0.0000 -0.0161 -0.9999
vn 0.0093 -0.0137 -0.9999
vn 0.0114 -0.0042 -0.9999
vn 0.0095 0.0011 -1.0000
vn 0.0070 0.0054 -1.0000
vn 0.4807 0.8769 -0.0037
vn 0.3930 0.8826 0.2579
vn 0.5646 0.6747 0.4754
vn 0.8147 0.5798 -0.0118
vn 0.8048 0.4244 0.4149
vn 0.9946 0.1033 -0.0122
vn 0.9510 0.0781 0.2992
vn 0.8984 -0.4390 -0.0095
vn 0.9142 -0.2508 0.3184
vn 0.6833 -0.4304 0.5898
vn 0.6364 -0.6242 0.4531
vn 0.5510 -0.8343 -0.0172
vn 0.3841 -0.8593 0.3379
vn -0.0006 -0.9998 -0.0216
vn 0.1168 -0.8485 0.5161
vn -0.2480 -0.8664 0.4334
vn -0.6089 -0.7930 -0.0197
vn -0.6113 -0.6964 0.3758
vn -0.9657 -0.2584 -0.0244
vn -0.8129 -0.5038 0.2922
vn -0.9070 -0.1921 0.3748
vn -0.9347 0.0745 0.3476
vn -0.8976 0.4399 -0.0292
vn -0.8211 0.4109 0.3962
vn -0.6627 0.6805 0.3127
vn -0.4503 0.8927 -0.0202
vn -0.3563 0.7332 0.5792
vn -0.1952 0.9066 0.3741
vn 0.0608 0.9981 -0.0078
vn 0.1024 0.8901 0.4441
vn 0.4996 -0.1230 0.8575
vn 0.1660 -0.4070 0.8982
vn -0.2909 -0.4346 0.8524
vn -0.4380 -0.1658 0.8836
vn -0.4239 -0.0062 0.9057
vn -0.5727 0.1839 0.7989
vn -0.3186 0.3239 0.8908
vn -0.0277 0.4087 0.9123
vn 0.2364 0.3682 0.8992
vn 0.3605 0.3002 0.8831
vn 0.4500 0.0630 0.8908
vn -0.0392 -0.5296 0.8473
vn 0.0052 0.0048 1.0000
vn 0.0113 0.0080 0.9999
vn 0.0099 -0.0048 0.9999
vn -0.0019 -0.0109 0.9999
vn -0.0099 -0.0072 0.9999
vn -0.0105 0.0037 0.9999
vn -0.0700 0.8747 0.4796
vn 0.0033 0.9995 0.0316
vn -0.8650 0.5009 0.0296
vn -0.7899 0.3845 0.4778
vn 0.7088 0.5205 0.4761
vn 0.8638 0.5035 0.0182
vn 0.7402 -0.4852 0.4654
vn 0.8642 -0.5031 0.0020
vn 0.8601 0.0134 0.5099
vn 0.4581 -0.8877 0.0465
vn 0.4815 -0.8761 0.0239
vn -0.7287 -0.4910 0.4774
vn -0.8676 -0.4961 0.0327
vn -0.4851 -0.8741 0.0255
vn -0.2285 -0.7518 0.6185
vn -0.0045 0.0172 0.9998
vn -0.7530 0.0915 0.6516
vn -0.6542 -0.4016 0.6409
vn 0.7534 -0.1018 0.6497
vn 0.6513 0.3919 0.6498
vn 0.3431 -0.9389 -0.0285
vn 0.7382 -0.6742 0.0221
vn 0.1811 -0.9834 0.0140
vn -0.3747 -0.9268 -0.0241
vn -0.4074 -0.9128 0.0287
vn -0.8772 -0.4799 -0.0129
vn -0.9999 -0.0132 -0.0049
vn -0.8704 0.4917 -0.0275
vn -0.7349 0.6774 0.0324
vn -0.4282 0.9032 -0.0302
vn -0.1818 0.9828 0.0316
vn 0.1627 0.9862 -0.0306
vn 0.3983 0.9166 0.0341
vn 0.6467 0.7623 -0.0267
vn 0.9518 0.3062 -0.0158
vn 0.9846 -0.1748 -0.0063
vn 0.7915 -0.6112 -0.0079
vn 0.1923 -0.6809 -0.7067
vn 0.2273 -0.4051 -0.8856
vn 0.5383 -0.3699 -0.7573
vn 0.4602 0.0264 -0.8874
vn 0.6782 -0.1658 -0.7159
vn 0.6262 0.2686 -0.7319
vn 0.4743 0.4959 -0.7274
vn 0.2613 0.3583 -0.8963
vn 0.1223 0.6972 -0.7063
vn -0.0613 0.6889 -0.7222
vn -0.2917 0.6331 -0.7170
vn -0.5256 0.4677 -0.7106
vn -0.6232 0.3165 -0.7152
vn -0.6723 -0.0500 -0.7386
vn -0.7143 0.0223 -0.6995
vn -0.5983 -0.3276 -0.7312
vn -0.2550 -0.3930 -0.8835
vn -0.2061 -0.6515 -0.7302
vn -0.0000 0.0004 -1.0000
vn 0.0001 0.0005 -1.0000
vn 0.3966 -0.9180 -0.0096
vn 0.4246 -0.9054 0.0052
vn -0.2853 -0.9584 0.0110
vn -0.2905 -0.9568 -0.0057
vn -0.7890 -0.6143 -0.0069
vn -0.8866 -0.4624 0.0106
vn -0.9992 0.0397 -0.0081
vn -0.9729 0.2309 0.0091
vn -0.6039 0.4513 -0.6570
vn -0.5302 0.8478 0.0118
vn -0.2441 0.7279 -0.6408
vn 0.3546 0.9349 0.0126
vn 0.2914 0.7148 -0.6358
vn 0.6760 0.3608 -0.6425
vn 0.9576 0.2876 0.0132
vn 0.9576 -0.2876 -0.0132
vn 0.8807 -0.4736 0.0071
vn 0.7743 -0.6277 0.0804
vn 0.2753 -0.3542 -0.8937
vn 0.3282 -0.9408 -0.0841
vn 0.8964 -0.3938 -0.2033
vn 0.4839 -0.1140 -0.8677
vn 0.9826 0.0415 0.1812
vn 0.8458 0.4606 -0.2690
vn 0.4480 0.2245 -0.8654
vn 0.5768 0.6741 -0.4614
vn 0.2103 0.3684 -0.9056
vn -0.0837 0.3332 -0.9391
vn 0.2427 0.8859 -0.3954
vn -0.3539 0.9028 -0.2445
vn -0.3364 0.2523 -0.9073
vn -0.5926 0.7606 -0.2650
vn -0.8728 0.4592 0.1654
vn -0.4999 0.0217 -0.8658
vn -0.9659 0.0490 -0.2544
vn -0.9379 -0.3037 0.1677
vn -0.3124 -0.2797 -0.9078
vn -0.5721 -0.6544 -0.4944
vn -0.1035 -0.3709 -0.9229
vn -0.5195 -0.8534 0.0431
vn 0.0649 -0.9363 -0.3450
vn 0.0058 -0.0132 -0.9999
vn 0.0141 -0.0101 -0.9998
vn 0.0184 -0.0012 -0.9998
vn 0.0170 0.0080 -0.9998
vn 0.0036 0.0106 -0.9999
vn -0.0004 0.0086 -1.0000
vn -0.0063 0.0121 -0.9999
vn -0.0140 0.0079 -0.9999
vn -0.0167 0.0011 -0.9999
vn -0.0102 -0.0072 -0.9999
vn -0.0044 -0.0086 -1.0000
vn 0.0006 -0.0088 -1.0000
vn 0.5048 -0.8632 0.0002
vn 0.4936 -0.7687 0.4067
vn 0.0375 -0.9993 -0.0063
vn 0.1452 -0.8699 0.4714
vn -0.0624 -0.9325 0.3557
vn -0.4730 -0.8810 -0.0126
vn -0.3493 -0.8771 0.3296
vn -0.4775 -0.6492 0.5920
vn -0.8720 -0.4894 -0.0136
vn -0.7429 -0.5626 0.3627
vn -0.8837 -0.2938 0.3643
vn -0.9983 0.0563 -0.0161
vn -0.9399 -0.0103 0.3413
vn -0.8771 0.3185 0.3595
vn -0.8690 0.4947 -0.0126
vn -0.7108 0.6105 0.3493
vn -0.5684 0.8227 -0.0138
vn -0.4176 0.8200 0.3914
vn -0.0821 0.9965 -0.0158
vn -0.1423 0.9391 0.3128
vn 0.1270 0.8166 0.5631
vn 0.5116 0.8590 -0.0186
vn 0.3953 0.8602 0.3223
vn 0.6650 0.6023 0.4416
vn 0.9044 0.4264 -0.0164
vn 0.8696 0.3960 0.2949
vn 0.9971 -0.0756 -0.0112
vn 0.9278 0.0948 0.3608
vn 0.9160 -0.1994 0.3480
vn 0.8356 -0.5493 -0.0069
vn 0.7093 -0.5446 0.4475
vn 0.1107 -0.5177 0.8484
vn -0.1079 -0.5128 0.8517
vn -0.4158 -0.1452 0.8978
vn -0.6007 0.1438 0.7864
vn -0.5295 -0.0933 0.8431
vn -0.3647 0.3180 0.8751
vn -0.3412 0.4472 0.8268
vn -0.0093 0.4138 0.9103
vn 0.3067 0.3932 0.8668
vn 0.4511 0.1199 0.8844
vn 0.4306 -0.0364 0.9018
vn 0.4317 -0.2016 0.8792
vn 0.0115 -0.0061 0.9999
vn -0.0018 -0.0091 1.0000
vn -0.0093 -0.0059 0.9999
vn -0.0098 0.0068 0.9999
vn 0.0004 0.0131 0.9999
vn 0.0107 0.0079 0.9999
vn 0.0025 0.0067 1.0000
vn 0.9823 -0.1871 0.0110
vn 0.9966 -0.0822 0.0080
vn 0.7976 0.2796 -0.5345
vn 0.9307 0.3649 -0.0264
vn 0.7863 0.6104 -0.0959
vn 0.9237 0.1826 0.3367
vn 0.7920 0.5412 0.2827
vn 0.7641 0.6451 -0.0022
vn 0.7602 0.6494 0.0198
vn 0.7391 0.6733 0.0226
vn 0.5724 0.8200 -0.0030
vn 0.4743 0.8802 0.0149
vn 0.3325 0.9431 -0.0052
vn 0.0915 0.9957 0.0118
vn -0.0251 0.9997 -0.0010
vn -0.3228 0.9463 -0.0162
vn -0.4816 0.8760 0.0259
vn -0.6484 0.7602 -0.0401
vn -0.7466 0.6652 -0.0111
vn -0.8973 0.4357 -0.0710
vn -0.7053 0.5539 0.4424
vn -0.8239 0.4581 0.3337
vn -0.5239 0.7850 0.3305
vn -0.3739 0.9275 0.0050
vn -0.2603 0.9022 0.3440
vn -0.1224 0.9309 0.3442
vn -0.0346 0.9994 0.0054
vn 0.1558 0.9343 0.3205
vn 0.2829 0.9588 0.0240
vn 0.3624 0.8559 0.3691
vn 0.0677 0.3467 0.9355
vn 0.8973 -0.4413 -0.0035
vn 0.8267 -0.5624 0.0191
vn 0.7319 -0.6814 -0.0037
vn 0.5310 -0.8473 0.0104
vn 0.4596 -0.8881 -0.0042
vn 0.2194 -0.9754 0.0205
vn 0.1366 -0.9906 0.0006
vn 0.1940 -0.9810 -0.0007
vn -0.0168 -0.9576 0.2876
vn 0.2543 -0.9657 0.0533
vn -0.1172 -0.9931 0.0030
vn -0.2108 -0.9771 0.0282
vn -0.2333 -0.9724 -0.0015
vn -0.2777 -0.9605 -0.0167
vn -0.4480 -0.8469 0.2864
vn -0.6128 -0.7903 -0.0005
vn -0.6714 -0.7403 0.0332
vn -0.7717 -0.5593 0.3027
vn -0.8498 -0.5271 0.0007
vn -0.8843 -0.3066 0.3523
vn -0.5161 -0.4635 0.7203
vn -0.9382 -0.0775 0.3374
vn -0.3007 0.1015 0.9483
vn -0.3286 -0.9441 -0.0245
vn -0.3692 -0.9292 0.0148
vn -0.5278 -0.8492 -0.0166
vn -0.6763 -0.7365 -0.0096
vn -0.7977 -0.6030 -0.0100
vn -0.9365 -0.3505 -0.0095
vn -0.9732 -0.2298 -0.0074
vn -0.9936 0.1128 -0.0080
vn -0.9984 0.0562 0.0071
vn -0.8926 0.4498 -0.0307
vn -0.9442 0.3291 0.0151
vn -0.8907 0.4547 0.0010
vn -0.8185 0.3671 0.4420
vn -0.8216 0.0722 0.5654
vn 0.6537 0.1516 0.7414
vn 0.9587 -0.0492 0.2800
vn 0.8217 0.4885 0.2935
vn 0.9903 -0.1390 0.0018
vn 0.8793 -0.2570 0.4009
vn 0.8336 -0.4775 0.2778
vn 0.8838 -0.4678 0.0051
vn 0.6915 -0.6264 0.3598
vn 0.6851 -0.7284 0.0138
vn 0.4817 -0.8201 0.3090
vn 0.3420 -0.9278 0.1491
vn 0.0088 0.8710 0.4912
vn 0.1614 0.9656 0.2038
vn -0.2714 0.7362 -0.6200
vn -0.1050 0.6826 -0.7232
vn -0.3198 0.8673 -0.3814
vn -0.4632 0.5796 -0.6705
vn -0.4323 0.8026 -0.4109
vn -0.4500 0.7565 -0.4746
vn -0.4096 0.7138 0.5680
vn -0.4278 0.8172 0.3863
vn -0.7986 0.3210 0.5091
vn -0.7223 0.4618 0.5148
vn -0.7831 0.4929 -0.3792
vn -0.6422 0.6326 -0.4329
vn -0.5302 0.2882 -0.7974
vn -0.4187 0.6898 -0.5906
vn -0.5351 0.6911 -0.4859
vn -0.3591 0.7505 -0.5547
vn -0.4342 0.7937 0.4261
vn -0.1824 0.8319 0.5242
vn -0.5143 0.7997 0.3096
vn -0.5191 0.7285 0.4470
vn -0.6477 0.5251 0.5521
vn -0.6584 0.5508 0.5130
vn 0.2293 0.2590 0.9383
vn 0.0868 0.1056 0.9906
vn 0.0120 0.0429 0.9990
vn 0.0399 -0.2711 0.9617
vn -0.0073 0.1495 0.9887
vn -0.1448 0.5560 0.8184
vn -0.3443 0.4586 0.8192
vn -0.1004 -0.0223 0.9947
vn -0.2063 -0.0442 0.9775
vn 0.2104 -0.2151 0.9537
vn -0.2048 -0.1026 0.9734
vn 0.1711 -0.3121 0.9345
vn -0.3213 -0.0152 0.9469
vn -0.2915 -0.2117 0.9329
vn -0.0006 0.0612 0.9981
vn 0.0894 -0.9305 0.3553
vn -0.2338 -0.9391 -0.2517
vn 0.4432 -0.8752 -0.1940
vn -0.2034 -0.6992 -0.6854
vn -0.4781 -0.1697 -0.8618
vn 0.3220 -0.3510 -0.8793
vn -0.1768 0.2240 -0.9584
vn -0.5820 -0.8128 -0.0254
vn -0.3564 -0.7025 0.6161
vn 0.2314 -0.6957 0.6801
vn -0.2398 -0.4980 0.8334
vn -0.0189 -0.3762 0.9264
vn 0.6984 -0.6871 -0.2005
vn 0.8442 -0.5003 -0.1922
vn 0.4554 -0.6252 0.6338
vn 0.5845 -0.6011 0.5449
vn 0.1933 -0.4257 0.8840
vn 0.5540 -0.5007 0.6651
vn 0.8055 -0.5809 0.1168
vn 0.7911 -0.4587 -0.4048
vn 0.8780 -0.4579 -0.1391
vn 0.5172 -0.6402 0.5680
vn 0.1489 -0.4411 0.8850
vn 0.6858 -0.6869 0.2403
vn 0.6333 -0.6861 -0.3581
vn 0.1792 -0.8024 0.5693
vn -0.0852 -0.7499 0.6561
vn -0.0964 -0.7233 0.6838
vn -0.1845 -0.9651 0.1862
vn -0.4115 -0.9095 0.0590
vn -0.3412 -0.9310 -0.1295
vn 0.1707 -0.3535 0.9197
vn 0.0872 -0.7064 0.7024
vn -0.2114 -0.9648 -0.1565
vn -0.0933 -0.9807 -0.1721
vn 0.1993 -0.8109 0.5502
vn 0.0955 -0.9546 -0.2823
vn 0.2242 -0.9115 -0.3450
vn 0.3343 -0.7529 0.5668
vn 0.1427 -0.4482 0.8825
vn 0.3729 -0.7498 0.5466
vn 0.4230 -0.7726 0.4734
vn 0.1905 -0.3856 0.9028
vn 0.4214 -0.6660 0.6156
vn 0.4974 -0.8242 -0.2707
vn 0.5502 -0.8123 -0.1935
vn 0.6771 -0.7196 -0.1539
vn 0.5706 -0.6038 0.5567
vn 0.4163 -0.8690 -0.2675
vn 0.3368 -0.9141 -0.2258
vn -0.4758 -0.8584 -0.1917
vn -0.2707 -0.9237 -0.2711
vn 0.1787 -0.9330 -0.3123
vn 0.2233 -0.3669 0.9031
vn 0.2113 -0.3661 0.9063
vn -0.7985 -0.2551 0.5453
vn -0.2501 -0.3956 0.8837
vn -0.7047 -0.6705 0.2319
vn -0.8892 0.0402 -0.4557
vn -0.8698 0.0552 -0.4903
vn -0.7322 -0.2314 -0.6405
vn -0.5391 0.1389 -0.8307
vn -0.2351 0.2817 -0.9302
vn 0.4451 -0.1469 -0.8833
vn 0.3721 -0.2675 -0.8888
vn 0.2901 0.0757 -0.9540
vn 0.2954 0.0840 -0.9517
vn 0.2429 -0.1010 -0.9648
vn -0.1377 -0.3095 -0.9409
vn 0.2947 -0.0603 -0.9537
vn 0.4948 -0.5944 -0.6339
vn -0.0862 -0.0992 -0.9913
vn 0.1387 -0.3217 -0.9366
vn -0.1727 0.4147 -0.8934
vn -0.0929 0.3485 -0.9327
vn -0.0736 -0.5464 -0.8343
vn -0.1650 0.3806 -0.9099
vn -0.1981 -0.4191 -0.8861
vn -0.4261 -0.3715 -0.8249
vn -0.4439 -0.3344 -0.8314
vn 0.0330 0.1877 -0.9817
vn -0.2116 0.3757 -0.9022
vn -0.2113 0.3660 -0.9063
vn -0.2113 0.3659 -0.9063
vn -0.1914 0.3611 -0.9127
vn -0.7564 -0.0239 0.6537
vn -0.3843 -0.5906 0.7095
vn -0.0621 -0.7183 0.6929
vn 0.2321 -0.6308 0.7404
vn 0.5153 0.4751 0.7133
vn 0.1474 0.4573 0.8770
vn 0.0190 0.3820 0.9240
vn -0.3092 -0.1894 0.9319
vn -0.5085 0.1270 0.8516
vn -0.1412 0.3623 0.9213
vn -0.2493 0.2599 0.9329
vn 0.2863 0.1076 0.9521
vn 0.3943 0.0546 0.9173
vn 0.3461 -0.1139 0.9313
vn 0.2555 -0.2530 0.9331
vn 0.0375 -0.2734 0.9612
vn -0.0942 -0.2586 0.9614
vn -0.3023 -0.1897 0.9341
vn -0.1294 -0.3458 -0.9293
vn 0.0588 0.4440 -0.8941
vn 0.1414 0.9808 -0.1344
vn -0.1717 0.2240 -0.9593
vn -0.0951 0.8589 -0.5033
vn 0.9838 0.1324 -0.1208
vn 0.8210 0.4139 0.3933
vn 0.7240 0.2227 -0.6529
vn 0.2094 0.9246 -0.3182
vn 0.2314 0.9558 -0.1815
vn 0.0530 0.4062 -0.9122
vn 0.2268 0.4098 -0.8835
vn 0.3872 0.8001 -0.4582
vn -0.0181 -0.1998 -0.9797
vn -0.2157 -0.3913 -0.8946
vn 0.2115 0.5573 -0.8029
vn 0.2488 0.9140 -0.3206
vn 0.3595 0.8836 -0.2999
vn 0.5146 0.7948 -0.3217
vn 0.1270 0.0594 -0.9901
vn 0.5839 0.7474 -0.3169
vn 0.3031 0.1995 -0.9318
vn 0.4193 0.1746 -0.8909
vn -0.2565 -0.3102 -0.9154
vn 0.3875 0.1934 -0.9014
vn 0.6978 0.6107 -0.3743
vn 0.8211 0.4787 -0.3109
vn 0.3432 -0.0484 -0.9380
vn -0.2467 -0.3433 -0.9062
vn 0.3691 -0.2049 -0.9065
vn 0.9678 0.1253 -0.2183
vn 0.5125 -0.1962 -0.8359
vn -0.1761 -0.0674 -0.9821
vn 0.4744 0.1006 -0.8745
vn 0.0297 0.4445 -0.8953
vn -0.1489 0.3334 -0.9310
vn -0.0137 0.9797 -0.1998
vn 0.4703 0.8556 -0.2162
vn 0.6608 0.6155 -0.4294
vn -0.5365 -0.4291 -0.7266
vn -0.2166 -0.3691 -0.9038
vn -0.4976 -0.6364 -0.5894
vn -0.2764 -0.4920 -0.8255
vn -0.2113 -0.3660 -0.9063
vn -0.2187 -0.3527 -0.9098
vn -0.2362 -0.7815 -0.5774
vn -0.2541 -0.6778 -0.6899
vn -0.0079 -0.6010 -0.7992
vn -0.0195 -0.4580 -0.8887
vn -0.7519 -0.4230 0.5057
vn -0.9177 -0.3523 0.1837
vn -0.5996 -0.7062 -0.3764
vn -0.4791 -0.7843 -0.3941
vn -0.4217 -0.7846 -0.4545
vn -0.4332 -0.7056 0.5608
vn -0.3474 -0.7798 0.5208
vn 0.0512 -0.8091 0.5855
vn -0.0228 -0.8545 0.5190
vn -0.0184 -0.9219 -0.3870
vn -0.2382 -0.8704 -0.4309
vn -0.3333 -0.8083 -0.4853
vn -0.5564 -0.6265 0.5458
vn -0.6455 -0.5007 0.5767
vn -0.3600 -0.8302 0.4257
vn -0.2990 -0.8291 0.4724
vn -0.2037 -0.8582 0.4711
vn -0.1134 -0.8538 0.5080
vn 0.7508 0.5998 0.2768
vn 0.9283 0.2687 -0.2572
vn 0.7075 0.1755 -0.6846
vn 0.3812 -0.3265 -0.8649
vn 0.9949 -0.0977 -0.0254
vn 0.7844 0.0447 0.6186
vn 0.5102 0.4392 0.7395
vn 0.5544 0.0544 0.8305
vn 0.3370 0.4737 0.8137
vn 0.3893 0.1957 0.9001
vn 0.3159 0.7717 0.5520
vn 0.2235 0.3684 0.9024
vn 0.1337 0.7406 0.6585
vn 0.0315 0.9811 0.1910
vn 0.2666 0.7334 0.6253
vn 0.5486 0.5539 0.6263
vn 0.2444 0.3812 0.8916
vn 0.6729 0.2885 0.6812
vn 0.2050 0.3360 0.9193
vn 0.7616 0.2330 0.6048
vn 0.5770 0.4364 0.6903
vn 0.5879 0.5380 0.6041
vn 0.4920 0.5869 0.6430
vn 0.2502 0.3522 0.9019
vn 0.3825 0.7020 0.6007
vn 0.2402 0.3471 0.9065
vn 0.3046 0.7797 0.5471
vn 0.2653 0.7523 0.6030
vn 0.8075 0.5558 0.1977
vn 0.2060 0.3766 0.9032
vn 0.2115 0.3660 0.9063
vn 0.2081 0.3617 0.9088
vn 0.1787 0.3186 0.9309
vn 0.1159 0.1610 0.9801
vn -0.2065 0.1303 0.9697
vn -0.0229 0.2606 0.9652
vn 0.1931 0.2780 0.9410
vn 0.3772 -0.1223 0.9180
vn 0.3772 -0.6974 0.6094
vn 0.6283 -0.5585 0.5415
vn 0.4637 -0.0150 0.8858
vn 0.9330 -0.2751 0.2320
vn 0.1355 -0.1116 0.9845
vn 0.1845 -0.0909 0.9786
vn -0.4294 0.0291 0.9027
vn -0.0454 0.0149 0.9989
vn 0.0173 -0.1065 0.9942
vn 0.0567 -0.1272 0.9903
vn -0.0029 -0.1497 0.9887
vn -0.1057 -0.0032 0.9944
vn 0.4088 -0.7860 -0.4638
vn 0.3871 -0.7808 -0.4904
vn 0.5666 -0.5184 -0.6405
vn 0.6385 -0.2486 -0.7284
vn 0.4282 -0.0031 -0.9037
vn 0.8001 -0.1164 -0.5884
vn 0.5645 0.0065 -0.8254
vn 0.4154 0.1149 -0.9024
vn 0.4226 0.0001 -0.9063
vn 0.4571 0.0001 -0.8894
vn 0.4155 -0.0111 -0.9095
vn 0.4304 -0.0151 -0.9025
vn -0.4281 -0.3121 -0.8481
vn -0.2187 0.0612 -0.9739
vn -0.1289 -0.2784 -0.9518
vn -0.0362 -0.1164 -0.9925
vn 0.7948 0.1858 -0.5778
vn 0.7064 0.1218 -0.6972
vn 0.4209 -0.1025 -0.9013
vn 0.5244 0.2937 -0.7992
vn 0.4064 0.2121 -0.8887
vn 0.1730 -0.0200 -0.9847
vn -0.4656 -0.8818 -0.0750
vn 0.1781 -0.9403 -0.2899
vn 0.3048 -0.7711 -0.5591
vn 0.7500 -0.4432 0.4911
vn 0.7575 -0.6219 0.1986
vn 0.9112 -0.1568 -0.3810
vn 0.9113 -0.0273 -0.4109
vn 0.8801 0.0113 -0.4747
vn 0.8226 -0.0017 0.5686
vn 0.9213 -0.0390 0.3869
vn 0.6773 0.5311 0.5091
vn 0.7611 0.3946 0.5148
vn 0.8184 0.4317 -0.3792
vn 0.8689 0.2399 -0.4330
vn 0.8660 0.1178 -0.4859
vn 0.9041 -0.0208 0.4268
vn 0.8086 -0.2577 0.5289
vn 0.9497 0.0455 0.3098
vn 0.8905 0.0853 0.4470
vn 0.7786 0.2983 0.5521
vn 0.8062 0.2947 0.5130
vn 0.0953 -0.1518 0.9838
vn -0.4026 -0.0017 0.9154
vn 0.0563 -0.0319 0.9979
vn -0.2465 0.1003 0.9639
vn 0.1329 -0.0684 0.9888
vn 0.5557 -0.1533 0.8172
vn 0.5693 0.0686 0.8193
vn 0.0309 0.0981 0.9947
vn 0.0649 0.2008 0.9775
vn -0.3158 -0.0718 0.9461
vn 0.0135 0.2287 0.9734
vn -0.3560 0.0077 0.9345
vn 0.1475 0.2858 0.9469
vn -0.0376 0.3583 0.9329
vn 0.0533 -0.0301 0.9981
vn -0.4280 -0.0060 0.9038
vn -0.5209 -0.0372 0.8528
vn -0.4634 0.1119 0.8791
vn -0.5553 0.0329 0.8310
vn -0.5576 -0.0860 0.8257
vn -0.5118 0.0822 0.8552
vn -0.4227 0.0010 0.9063
vn -0.4232 0.0014 0.9060
vn -0.5178 0.0261 0.8551
vn -0.5194 0.0075 0.8545
vn -0.4692 0.1953 0.8612
vn -0.5522 -0.0171 0.8335
vn -0.4929 0.1083 0.8633
vn -0.8651 0.3857 0.3206
vn -0.6967 0.6711 -0.2535
vn -0.9819 0.0623 -0.1787
vn -0.5057 0.5250 -0.6846
vn 0.0918 0.4944 -0.8644
vn -0.4421 -0.1056 -0.8908
vn -0.4129 0.9104 -0.0254
vn -0.4313 0.6562 0.6191
vn -0.7066 0.2395 0.6658
vn -0.3244 0.4530 0.8304
vn -0.7603 -0.5918 -0.2678
vn -0.8047 -0.5202 0.2861
vn -0.8861 -0.3985 0.2368
vn -0.7569 -0.2607 0.5993
vn -0.8058 0.1798 0.5642
vn -0.8648 -0.1109 0.4897
vn -0.8867 -0.2374 -0.3969
vn -0.9822 -0.1048 0.1560
vn -0.9007 0.0641 -0.4297
vn -0.6719 0.4290 0.6037
vn -0.7007 0.6808 0.2134
vn -0.7506 0.6246 0.2156
vn -0.5646 0.2364 0.7908
vn -0.8408 -0.1925 0.5060
vn -0.9001 -0.3049 -0.3112
vn -0.9854 -0.0991 -0.1385
vn -0.3733 -0.0388 -0.9269
vn -0.9460 -0.1369 -0.2937
vn -0.9443 -0.0560 -0.3243
vn -0.8337 0.0091 0.5522
vn -0.8579 0.0351 0.5127
vn -0.8435 0.1211 0.5232
vn -0.9457 0.1919 -0.2623
vn -0.7962 0.2778 0.5375
vn -0.8775 0.4787 0.0304
vn -0.3500 0.3742 -0.8588
vn -0.6905 0.6863 -0.2285
vn -0.5568 0.8039 -0.2089
vn -0.8087 0.4850 -0.3329
vn -0.7644 -0.5355 -0.3590
vn -0.9424 -0.2206 -0.2513
vn -0.7837 -0.1813 0.5940
vn -0.5822 0.4430 0.6817
vn -0.7930 -0.3690 0.4847
vn -0.6909 0.3801 0.6150
vn -0.5254 0.8480 0.0691
vn -0.9365 0.3135 -0.1574
vn -0.8291 -0.0312 0.5582
vn -0.1781 -0.9403 0.2899
vn 0.4656 -0.8818 0.0750
vn -0.3048 -0.7711 0.5591
vn 0.1783 0.8190 0.5453
vn -0.2175 0.4144 0.8837
vn -0.2284 0.9455 0.2319
vn 0.4795 0.7500 -0.4557
vn 0.4827 0.7256 -0.4904
vn 0.1657 0.7499 -0.6405
vn -0.4295 -0.1951 -0.8817
vn -0.1657 -0.2721 -0.9479
vn -0.2384 -0.4158 -0.8777
vn -0.2096 0.4328 -0.8768
vn -0.1268 0.5149 -0.8478
vn -0.1153 0.3929 -0.9123
vn -0.3110 0.3809 -0.8707
vn -0.3157 0.1837 -0.9309
vn -0.5779 -0.0990 -0.8101
vn -0.3676 -0.2486 -0.8961
vn -0.0043 0.0012 1.0000
vn -0.0046 -0.0005 1.0000
vn -0.0086 -0.0032 1.0000
vn -0.0016 -0.0115 0.9999
vn 0.0071 -0.0082 0.9999
vn 0.0062 -0.0010 1.0000
vn 0.0039 -0.0000 1.0000
vn 0.0044 -0.0005 1.0000
vn 0.0034 -0.0004 1.0000
vn 0.0067 0.0054 1.0000
vn 0.0015 0.0155 0.9999
vn -0.0099 0.0104 0.9999
vn -0.0076 0.0013 1.0000
vn -0.0053 0.0001 1.0000
vn -0.9513 0.3072 0.0265
vn -0.7396 0.6726 -0.0260
vn -0.9602 -0.2772 -0.0347
vn -0.7308 -0.6824 0.0139
vn -0.7296 -0.6839 -0.0017
vn -0.2204 -0.9752 -0.0202
vn 0.7308 -0.6824 -0.0139
vn 0.9602 -0.2772 0.0347
vn 0.9513 0.3072 -0.0265
vn 0.7396 0.6726 0.0260
vn 0.2098 0.9774 -0.0263
vn -0.2098 0.9774 0.0263
vn 0.7296 -0.6839 0.0017
vn 0.2204 -0.9752 0.0202
vn -0.9104 0.4134 0.0152
vn -0.8228 0.5684 -0.0014
vn -0.9104 -0.4134 -0.0152
vn -0.8228 -0.5684 0.0014
vn 0.0048 -1.0000 -0.0024
vn -0.0048 -1.0000 0.0024
vn 0.9104 -0.4134 0.0152
vn 0.8228 -0.5684 -0.0014
vn 0.9104 0.4134 -0.0152
vn 0.8228 0.5684 0.0014
vn -0.0048 1.0000 -0.0024
vn 0.0048 1.0000 0.0024
vn -0.9513 0.3070 0.0263
vn -0.7416 0.6704 -0.0263
vn -0.9513 -0.3070 -0.0263
vn -0.7416 -0.6704 0.0263
vn -0.2098 -0.9774 -0.0263
vn 0.2098 -0.9774 0.0263
vn 0.7416 -0.6704 -0.0263
vn 0.9513 -0.3070 0.0263
vn 0.9513 0.3070 -0.0263
vn 0.7416 0.6704 0.0263
vt -0.330000 -0.230000
vt -0.010000 -0.230000
vt -0.330000 0.000000
vt -0.009975 0.006284
vt -0.010000 0.045000
vt -0.330000 0.045000
vt -0.007444 0.006602
vt 0.431147 -0.381714
vt 0.470118 -0.404214
vt 0.546147 -0.182528
vt 0.585118 -0.205028
vt 0.010000 -0.045000
vt 0.330000 -0.045000
vt 0.010000 0.000000
vt 0.330000 0.000000
vt -0.431147 -0.381714
vt -0.546147 -0.182528
vt -0.470118 -0.404214
vt -0.585118 -0.205028
vt 0.330000 0.230000
vt 0.010000 0.230000
vt -0.010000 0.000000
vt -0.564241 0.115000
vt -0.609241 0.115000
vt -0.564241 -0.115000
vt -0.609241 -0.115000
vt 0.564241 -0.115000
vt 0.609241 -0.115000
vt 0.564241 0.115000
vt 0.609241 0.115000
vt 0.000000 0.108935
vt -0.060000 0.108935
vt 0.000000 0.047585
vt -0.060000 0.047585
vt 0.419149 -0.183716
vt 0.472332 -0.153097
vt 0.386316 -0.150882
vt 0.416991 -0.097751
vt 0.000000 -0.097394
vt 0.060000 -0.097394
vt 0.000000 -0.036045
vt 0.060000 -0.036045
vt 0.419118 0.311316
vt 0.476213 0.236656
vt 0.472249 0.341991
vt 0.530221 0.263802
vt 0.543655 0.096047
vt 0.597051 0.125989
vt 0.556125 -0.445000
vt 0.617499 -0.445102
vt 0.544100 -0.400127
vt 0.597249 -0.369516
vt 0.000000 0.097394
vt -0.060000 0.097394
vt 0.000000 0.036045
vt -0.060000 0.036045
vt 0.556125 0.050000
vt 0.568269 -0.043715
vt 0.617945 0.045979
vt 0.617592 -0.199225
vt 0.556377 -0.198492
vt 0.000000 -0.108935
vt 0.060000 -0.108935
vt 0.000000 -0.047585
vt 0.060000 -0.047585
vt 0.544106 -0.739852
vt 0.597209 -0.770618
vt 0.556125 -0.695000
vt 0.617475 -0.695000
vt 0.596907 -0.276356
vt 0.544118 -0.244809
vt 0.508009 -0.331584
vt 0.530221 -0.413802
vt 0.419959 -0.460296
vt 0.472249 -0.491991
vt 0.416991 -1.042249
vt 0.472239 -0.987002
vt 0.386316 -0.989118
vt 0.419164 -0.956268
vt 0.386316 -0.494118
vt 0.311228 -0.551493
vt 0.416197 -0.547883
vt 0.286361 -0.635276
vt 0.171242 -0.618582
vt 0.200484 -0.672249
vt 0.200484 -1.167249
vt 0.169809 -1.114118
vt 0.124882 -1.187503
vt 0.124957 -1.126136
vt -0.123696 -0.631343
vt -0.124463 -0.692556
vt 0.031796 -0.643241
vt 0.028300 -0.703586
vt 0.125000 -0.692475
vt 0.125000 -0.631125
vt -0.169809 -1.114118
vt -0.200584 -1.167219
vt -0.124936 -1.126141
vt -0.125000 -1.187475
vt 0.130000 1.857422
vt 0.115000 1.945393
vt 0.115000 1.801248
vt 0.190000 1.853473
vt 0.130000 1.774628
vt 0.115000 1.628612
vt 0.130000 1.620988
vt 0.130000 1.523501
vt 0.115000 1.458194
vt 0.190000 1.523622
vt 0.130000 1.444694
vt 0.190000 1.445304
vt 0.115000 -1.956515
vt 0.130000 -1.979203
vt 0.130000 -1.854152
vt 0.115000 -1.840312
vt 0.190000 -1.853368
vt 0.190000 -1.775031
vt 0.130000 -1.774234
vt 0.115000 -1.662188
vt 0.130000 -1.620988
vt 0.130000 -1.523501
vt 0.115000 -1.458194
vt 0.190000 -1.523486
vt 0.190000 -1.445304
vt 0.130000 -1.444288
vt 0.115000 -1.319468
vt 0.130000 -1.287272
vt 0.122544 -1.187227
vt 0.190000 -1.193634
vt 0.190000 -1.115316
vt 0.130000 -1.115437
vt 0.115000 -1.010326
vt 0.130000 -1.017949
vt 0.130000 -0.864310
vt 0.115000 -0.837688
vt 0.190000 -0.785464
vt 0.190000 -0.863767
vt 0.130000 -0.781515
vt 0.115000 -0.659810
vt 0.130000 -0.534683
vt 0.115000 -0.520843
vt 0.190000 -0.533899
vt 0.190000 -0.455562
vt 0.130000 -0.454764
vt 0.115000 -0.342720
vt 0.130000 -0.301520
vt 0.130000 -0.204032
vt 0.115000 -0.138724
vt 0.190000 -0.204017
vt 0.190000 -0.125835
vt 0.130000 -0.124819
vt 0.115000 -0.000000
vt 0.130000 0.032196
vt 0.115000 0.138724
vt 0.130000 0.125835
vt 0.190000 0.204153
vt 0.190000 0.125835
vt 0.130000 0.204032
vt 0.115000 0.309144
vt 0.130000 0.301520
vt 0.130000 0.455159
vt 0.115000 0.514034
vt 0.190000 0.534004
vt 0.190000 0.455702
vt 0.130000 0.535147
vt 0.115000 0.693544
vt 0.130000 0.690896
vt 0.123582 0.791156
vt 0.190000 0.785569
vt 0.190000 0.863907
vt 0.130000 0.864704
vt 0.115000 0.976750
vt 0.130000 1.017949
vt 0.130000 1.115437
vt 0.122420 1.187120
vt 0.190000 1.115452
vt 0.190000 1.193634
vt 0.130000 1.287272
vt 0.115000 1.319468
vt 0.190000 1.775171
vt -0.416991 -1.042249
vt -0.386316 -0.989118
vt -0.472345 -0.986889
vt -0.419149 -0.956284
vt -0.419118 -0.461316
vt -0.476213 -0.386656
vt -0.472833 -0.491258
vt -0.558522 -0.364784
vt -0.543655 -0.246047
vt -0.597249 -0.275484
vt -0.617475 -0.695000
vt -0.597253 -0.770470
vt -0.556125 -0.695000
vt -0.544100 -0.739873
vt -0.617627 -0.198995
vt -0.556284 -0.199049
vt -0.568269 -0.043715
vt -0.628394 -0.042857
vt -0.617475 0.050000
vt -0.556125 0.050000
vt -0.544106 -0.400148
vt -0.597214 -0.369400
vt -0.556125 -0.445000
vt -0.617475 -0.445000
vt -0.597249 0.125484
vt -0.544118 0.094809
vt -0.558522 0.214784
vt -0.508009 0.181584
vt -0.472587 0.341567
vt -0.419959 0.310296
vt -0.472249 -0.153009
vt -0.419164 -0.183732
vt -0.416915 -0.097679
vt -0.386316 -0.150882
vt -0.386316 0.344118
vt -0.311228 0.401493
vt -0.416016 0.398027
vt -0.287281 0.484805
vt -0.171242 0.468582
vt -0.200484 0.522249
vt -0.200484 0.027249
vt -0.169809 -0.025882
vt -0.124864 0.047508
vt -0.124957 -0.013864
vt -0.125000 0.481125
vt -0.031796 0.493241
vt -0.124073 0.542615
vt 0.028300 0.553586
vt 0.123696 0.481343
vt 0.125000 0.542475
vt 0.200484 0.027249
vt 0.125014 0.047472
vt 0.169809 -0.025882
vt 0.124936 -0.013859
vt 0.200484 0.522249
vt 0.169809 0.469118
vt 0.286361 0.485276
vt 0.257040 0.432778
vt 0.416514 0.397629
vt 0.385136 0.345091
vt -0.204201 -0.670646
vt -0.169809 -0.619118
vt -0.257040 -0.582778
vt -0.416379 -0.547738
vt -0.385136 -0.495091
vt 0.627497 -0.629924
vt 0.677170 -0.630746
vt 0.640639 -0.409963
vt 0.604128 -0.454660
vt 0.532752 -0.298579
vt 0.562800 -0.250030
vt 0.470189 -0.140065
vt 0.425917 -0.167085
vt 0.356539 -0.052083
vt 0.314521 -0.085232
vt 0.226955 0.009996
vt 0.187938 -0.029688
vt 0.047118 0.045771
vt -0.012748 -0.004783
vt -0.129283 0.036624
vt -0.188064 -0.028725
vt -0.266621 -0.005491
vt -0.284848 -0.069145
vt -0.392006 -0.075540
vt -0.429893 -0.173044
vt -0.499838 -0.170377
vt -0.553395 -0.334333
vt -0.585309 -0.285757
vt -0.644935 -0.417516
vt -0.613855 -0.492603
vt -0.675279 -0.558664
vt -0.629043 -0.630000
vt -0.660071 -0.772278
vt -0.613855 -0.767397
vt -0.535080 -0.953649
vt -0.585771 -0.973459
vt -0.500445 -1.088967
vt -0.426687 -1.093506
vt -0.363202 -1.201784
vt -0.313683 -1.173467
vt -0.198249 -1.279456
vt -0.150217 -1.240859
vt -0.057211 -1.306629
vt 0.020643 -1.257088
vt 0.086416 -1.303525
vt 0.187938 -1.230312
vt 0.226208 -1.270265
vt 0.314521 -1.174768
vt 0.384841 -1.187415
vt 0.425917 -1.092915
vt 0.519878 -1.066849
vt 0.547828 -0.931569
vt 0.600186 -0.947637
vt 0.653613 -0.814151
vt 0.614752 -0.767769
vt -0.058137 0.066323
vt -0.130000 0.031349
vt -0.058137 -0.028992
vt -0.130000 -0.125059
vt -0.130000 0.126024
vt -0.058137 0.166420
vt -0.190000 0.126024
vt -0.190000 0.172471
vt -0.130000 0.172427
vt -0.130000 0.266590
vt -0.058137 0.266248
vt -0.130000 0.423154
vt -0.058137 0.426808
vt -0.190000 0.424410
vt -0.190000 0.470878
vt -0.130000 0.470878
vt -0.058137 0.561231
vt -0.130000 0.565554
vt -0.130000 0.721397
vt -0.058137 0.663225
vt -0.058137 0.729548
vt -0.190000 0.722927
vt -0.190000 0.769374
vt -0.130000 0.769330
vt -0.058137 0.795870
vt -0.130000 0.863494
vt -0.058137 0.896171
vt -0.130000 1.020056
vt -0.058137 0.994838
vt -0.058137 1.061160
vt -0.190000 1.021312
vt -0.190000 1.067781
vt -0.130000 1.067781
vt -0.058137 1.127483
vt -0.130000 1.162455
vt -0.058137 1.229477
vt -0.130000 1.318299
vt -0.058137 1.363909
vt -0.190000 1.319829
vt -0.190000 1.366276
vt -0.130000 1.366232
vt -0.130000 1.460396
vt -0.058137 1.524460
vt -0.130000 1.616959
vt -0.058137 1.624465
vt -0.190000 1.618215
vt -0.190000 1.664683
vt -0.130000 1.664683
vt -0.058137 1.724385
vt -0.130000 1.759359
vt -0.058137 1.790708
vt -0.130000 -1.790708
vt -0.058137 -1.761716
vt -0.130000 -1.666213
vt -0.058137 -1.658063
vt -0.190000 -1.664683
vt -0.190000 -1.618237
vt -0.130000 -1.618281
vt -0.058137 -1.551918
vt -0.130000 -1.524118
vt -0.058137 -1.419032
vt -0.130000 -1.367554
vt -0.058137 -1.325395
vt -0.190000 -1.366298
vt -0.190000 -1.319829
vt -0.130000 -1.319829
vt -0.130000 -1.225154
vt -0.058137 -1.193067
vt -0.130000 -1.069311
vt -0.058137 -1.061160
vt -0.190000 -1.067781
vt -0.190000 -1.021334
vt -0.130000 -1.021378
vt -0.058137 -0.954442
vt -0.130000 -0.927214
vt -0.058137 -0.836379
vt -0.130000 -0.770653
vt -0.058137 -0.729548
vt -0.190000 -0.769396
vt -0.190000 -0.722927
vt -0.130000 -0.722927
vt -0.058137 -0.597641
vt -0.130000 -0.628253
vt -0.130000 -0.472408
vt -0.058137 -0.465326
vt -0.190000 -0.470878
vt -0.190000 -0.424432
vt -0.130000 -0.424476
vt -0.058137 -0.371676
vt -0.130000 -0.330311
vt -0.058137 -0.238790
vt -0.130000 -0.173749
vt -0.058137 -0.132645
vt -0.190000 -0.172493
vt -0.190000 -0.126024
vt -0.619618 0.280139
vt -0.510770 0.245750
vt -0.427530 0.370940
vt -0.530140 0.424437
vt -0.431026 0.524789
vt -0.334477 0.456608
vt -0.249559 0.627633
vt -0.224456 0.519596
vt -0.136305 0.550231
vt -0.075000 0.561880
vt -0.075000 0.675851
vt 0.557555 0.102301
vt 0.565978 0.006171
vt 0.665949 0.137520
vt 0.674399 -0.036889
vt 0.553268 -0.119492
vt 0.601417 -0.307370
vt 0.513273 -0.238640
vt 0.451786 -0.340956
vt 0.457968 -0.502655
vt 0.390941 -0.410486
vt 0.028284 0.596903
vt -0.000000 0.596903
vt 0.000000 0.543545
vt 0.000000 -0.558750
vt 0.028284 -0.558668
vt 0.000000 -0.467661
vt 0.028284 -0.459442
vt 0.000000 -0.393591
vt 0.028284 -0.343376
vt 0.000000 -0.317299
vt 0.000000 -0.241615
vt 0.028284 -0.190720
vt 0.000000 -0.167557
vt 0.000000 -0.093532
vt 0.028284 -0.038140
vt 0.000000 -0.019502
vt 0.000000 0.054573
vt 0.028284 0.114424
vt 0.000000 0.130231
vt 0.000000 0.206551
vt 0.028284 0.267035
vt 0.000000 0.280597
vt 0.000000 0.354626
vt 0.028284 0.419750
vt 0.000000 0.449689
vt 0.028284 0.536143
vt 0.072825 -0.186271
vt 0.173717 -0.235436
vt 0.170016 -0.143689
vt 0.040376 -0.139497
vt 0.104544 -0.059080
vt -0.028896 -0.026934
vt -0.013729 -0.127175
vt -0.060503 -0.159624
vt -0.144595 -0.100611
vt -0.171936 -0.234982
vt -0.072825 -0.213729
vt -0.040376 -0.260503
vt -0.094251 -0.347997
vt 0.013729 -0.272825
vt 0.041082 -0.370586
vt 0.060503 -0.240376
vt 0.134227 -0.318566
vt 0.115000 2.094480
vt 0.055000 2.138649
vt 0.055000 1.996935
vt 0.115000 1.911326
vt 0.055000 1.847547
vt 0.115000 -1.949544
vt 0.055000 -2.028172
vt 0.115000 -2.109306
vt 0.055000 -1.822659
vt 0.115000 -1.805293
vt 0.055000 -1.681166
vt 0.115000 -1.661083
vt 0.055000 -1.570551
vt 0.115000 -1.479046
vt 0.055000 -1.421118
vt 0.115000 -1.299084
vt 0.055000 -1.180122
vt 0.115000 -1.154917
vt 0.115000 -1.010784
vt 0.055000 -0.896070
vt 0.115000 -0.866680
vt 0.115000 -0.683334
vt 0.055000 -0.716038
vt 0.055000 -0.566514
vt 0.115000 -0.504692
vt 0.055000 -0.321275
vt 0.115000 -0.360613
vt 0.115000 -0.144366
vt 0.055000 -0.037159
vt 0.115000 0.071571
vt 0.055000 0.138475
vt 0.115000 0.216421
vt 0.055000 0.287976
vt 0.115000 0.361524
vt 0.055000 0.466623
vt 0.115000 0.505587
vt 0.115000 0.649664
vt 0.055000 0.750718
vt 0.115000 0.793761
vt 0.115000 0.937884
vt 0.055000 0.993031
vt 0.115000 1.115491
vt 0.055000 1.142486
vt 0.055000 1.325478
vt 0.115000 1.299879
vt 0.115000 1.444037
vt 0.055000 1.535715
vt 0.115000 1.588234
vt 0.055000 1.677201
vt 0.115000 1.732472
vt 0.000000 1.527205
vt -0.004413 1.586614
vt -0.096368 1.595704
vt -0.096351 1.435690
vt -0.096356 -1.258157
vt -0.001709 -1.247136
vt -0.004019 -1.108178
vt -0.096381 -1.098180
vt -0.096381 -0.585498
vt -0.004019 -0.575501
vt -0.096356 -0.425521
vt -0.001761 -0.436500
vt -0.004413 0.097064
vt 0.000000 0.156306
vt -0.096368 0.087974
vt -0.096351 0.247988
vt -0.004062 0.240326
vt -0.004399 0.770504
vt 0.000000 0.841071
vt -0.096351 0.921501
vt -0.096360 0.761447
vt -0.004377 0.913258
vt -0.004062 1.443352
vt -0.090000 0.470987
vt -0.170000 0.491234
vt -0.170000 0.410896
vt -0.090000 0.387462
vt -0.170000 0.332953
vt -0.090000 0.314159
vt -0.170000 0.255028
vt -0.090000 0.240856
vt -0.170000 0.154962
vt -0.090000 0.157332
vt -0.090000 0.062109
vt -0.170000 0.056166
vt -0.170000 -0.040161
vt -0.090000 -0.062063
vt -0.170000 -0.136044
vt -0.090000 -0.191049
vt -0.170000 -0.214012
vt -0.170000 -0.294319
vt -0.090000 -0.301433
vt -0.090000 -0.350063
vt -0.170000 -0.373987
vt -0.090000 -0.437269
vt -0.170000 -0.451943
vt -0.170000 -0.529864
vt -0.090000 -0.566256
vt -0.170000 -0.607791
vt -0.090000 -0.637295
vt -0.090000 0.566210
vt -0.170000 0.628319
vt -0.170000 0.570874
vt 0.190000 -0.221662
vt -0.130000 -0.191442
vt -0.130000 -0.235619
vt 0.190000 0.235619
vt -0.130000 0.221662
vt 0.190000 0.191442
vt -0.130000 0.161988
vt 0.190000 0.131768
vt -0.130000 0.103852
vt 0.190000 0.073632
vt -0.130000 0.044178
vt 0.190000 0.013958
vt -0.130000 -0.013958
vt 0.190000 -0.044178
vt -0.130000 -0.073632
vt 0.190000 -0.103852
vt -0.130000 -0.131768
vt 0.190000 -0.161988
vt -0.390941 -0.410486
vt -0.451786 -0.340956
vt -0.457932 -0.502691
vt -0.532601 -0.421334
vt -0.513273 -0.238640
vt -0.553268 -0.119491
vt -0.608156 -0.302223
vt -0.667270 -0.106999
vt -0.565978 0.006171
vt -0.665958 0.137462
vt -0.557555 0.102301
vt -0.193954 -0.666148
vt -0.371121 -0.920224
vt -0.073328 -0.766528
vt -0.250684 -1.007634
vt -0.113089 -0.694934
vt -0.189321 -0.616840
vt -0.035866 -0.733587
vt 0.205037 -0.657997
vt 0.205053 -0.488462
vt 0.000007 -0.638893
vt 0.000003 -0.505415
vt 0.269588 -0.498654
vt 0.177901 -0.537353
vt 0.336579 -0.590859
vt 0.060781 -0.562733
vt 0.169087 -0.653909
vt -0.055570 -0.563309
vt -0.110737 -0.666290
vt -0.336555 -0.590871
vt -0.177901 -0.537353
vt -0.269588 -0.498654
vt 0.072662 -1.421405
vt 0.072678 -1.251869
vt -0.132379 -1.402359
vt -0.132377 -1.268822
vt 0.372036 -0.919466
vt 0.193954 -0.666148
vt 0.251687 -1.006997
vt 0.073328 -0.766528
vt 0.113089 -0.694934
vt 0.189321 -0.616840
vt 0.021736 -0.737123
vt 0.205037 1.632223
vt 0.205053 1.801759
vt -0.000004 1.651245
vt 0.000003 1.784806
vt 0.201205 -0.579696
vt 0.233999 -0.542903
vt 0.186858 -0.475052
vt 0.526672 -0.441487
vt 0.184664 -0.391066
vt 0.480614 -0.299979
vt 0.136710 -0.380984
vt 0.074959 0.675858
vt 0.075000 0.561880
vt 0.136305 0.550231
vt 0.303951 0.603160
vt 0.224456 0.519596
vt 0.334477 0.456608
vt 0.522530 0.427949
vt 0.427530 0.370940
vt 0.510770 0.245750
vt 0.619597 0.280179
vt -0.075000 -0.005283
vt -0.076766 -0.304589
vt 0.073814 -0.005208
vt -0.000000 -0.335805
vt -0.097039 -0.344852
vt 0.097039 -0.344852
vt 0.076766 -0.304589
vt 0.205053 1.038352
vt 0.000008 1.021400
vt -0.000012 0.887841
vt 0.205037 0.868816
vt 0.205037 0.105410
vt 0.205053 0.274945
vt -0.000004 0.124543
vt -0.000000 0.257992
vt -0.136710 -0.380984
vt -0.184664 -0.391066
vt -0.186858 -0.475051
vt -0.481052 -0.301084
vt -0.526967 -0.442638
vt -0.233999 -0.542903
vt -0.201205 -0.579696
vt 0.098853 -0.144157
vt 0.119140 -0.046849
vt 0.072825 -0.061271
vt 0.040376 -0.014497
vt 0.082413 0.017769
vt 0.028599 0.045753
vt -0.013729 -0.002175
vt -0.031105 0.045136
vt -0.060503 -0.034624
vt -0.098853 -0.005843
vt -0.072825 -0.088729
vt -0.119140 -0.103151
vt -0.040376 -0.135503
vt -0.082413 -0.167769
vt -0.028599 -0.195753
vt 0.013729 -0.147825
vt 0.031105 -0.195136
vt 0.060503 -0.115376
vt 0.145003 -0.000003
vt 0.145000 0.113972
vt 0.079995 0.179630
vt 0.000017 0.146117
vt -0.000000 0.430525
vt 0.080000 0.430525
vt -0.007500 -0.030387
vt 0.072500 -0.038977
vt 0.072500 0.032954
vt -0.007500 0.032434
vt -0.007500 0.095255
vt 0.072500 0.103844
vt -0.000006 0.146128
vt -0.080003 0.179621
vt -0.144998 0.000002
vt -0.145000 0.113972
vt -0.080000 0.430525
vt 0.144995 0.000005
vt 0.079985 0.179639
vt 0.000017 0.146117
vt -0.007500 0.099348
vt 0.072500 0.079922
vt 0.072500 0.147887
vt -0.007500 0.162169
vt 0.072500 0.199877
vt -0.007500 0.224990
vt 0.072500 0.244416
vt -0.000006 0.146128
vt -0.079985 0.179639
vt -0.145001 -0.000001
vt 0.145003 -0.000003
vt 0.080003 0.179621
vt 0.000017 0.146117
vt -0.007500 -0.062821
vt 0.072500 -0.071410
vt 0.072500 -0.000521
vt -0.007500 0.000000
vt -0.007500 0.062821
vt 0.072500 0.071410
vt 0.000006 -0.146128
vt 0.000000 -0.430525
vt 0.079995 -0.179630
vt 0.144998 -0.000002
vt 0.145000 -0.113972
vt 0.080000 -0.430525
vt -0.145003 0.000003
vt -0.145000 -0.113972
vt -0.080007 -0.179617
vt -0.000017 -0.146117
vt -0.080000 -0.430525
vt -0.007500 -0.289858
vt 0.072500 -0.309284
vt 0.072500 -0.264745
vt -0.007500 -0.227036
vt 0.072500 -0.205922
vt -0.007500 -0.164216
vt 0.072500 -0.155627
vt 0.144994 -0.000006
vt 0.080007 -0.179617
vt 0.000006 -0.146128
vt -0.145008 0.000008
vt -0.144996 -0.113976
vt -0.000017 -0.146117
vt -0.080000 -0.179624
vt -0.007500 -0.160122
vt 0.072500 -0.168711
vt 0.072500 -0.118416
vt -0.007500 -0.097302
vt 0.072500 -0.059593
vt -0.007500 -0.034480
vt 0.072500 -0.015054
vt -0.000006 0.146128
vt -0.080007 0.179617
vt -0.145000 -0.000000
vt 0.147912 -0.376803
vt 0.000000 -0.436137
vt 0.147912 -0.467669
vt 0.147912 0.433112
vt -0.000000 0.467669
vt 0.000000 0.423336
vt 0.000000 -0.358832
vt 0.000000 -0.277437
vt 0.147912 -0.271541
vt 0.147912 -0.199209
vt 0.000000 -0.186538
vt 0.147912 -0.125708
vt 0.000000 -0.108837
vt 0.147912 -0.034557
vt 0.000000 -0.044333
vt 0.000000 0.031532
vt 0.147912 0.090866
vt 0.000000 0.108837
vt 0.000000 0.190232
vt 0.147912 0.196128
vt 0.147912 0.268460
vt 0.000000 0.281131
vt 0.147912 0.341961
vt 0.000000 0.358832
vt 0.176193 -0.028913
vt 0.164245 -0.122325
vt 0.227075 -0.185512
vt 0.449033 0.051276
vt 0.495116 -0.090714
vt 0.127879 -0.058029
vt 0.118107 -0.010168
vt 0.053162 -0.011087
vt 0.082329 0.039283
vt -0.082329 0.039283
vt -0.074319 0.323547
vt 0.075000 0.323500
vt -0.049154 -0.009657
vt -0.118107 -0.010168
vt -0.127879 -0.058029
vt -0.176193 -0.028913
vt -0.166372 -0.136947
vt -0.227075 -0.185512
vt -0.449033 0.051276
vt -0.495116 -0.090714
vt -0.164245 -0.223129
vt -0.191099 -0.234819
vt -0.191222 -0.295855
vt -0.127879 -0.287426
vt -0.053162 -0.334367
vt -0.058011 -0.392639
vt -0.351770 -0.530585
vt -0.230999 -0.618267
vt 0.000000 -0.373662
vt 0.049154 -0.335798
vt 0.058011 -0.392639
vt 0.191222 -0.295855
vt 0.351770 -0.530585
vt 0.230999 -0.618267
vt 0.127879 -0.287426
vt 0.166372 -0.208508
vt 0.191099 -0.234819
vt -0.115000 0.564241
vt 0.115000 0.564241
vt -0.115000 0.609241
vt 0.115000 0.609241
vt 0.381714 -0.431147
vt 0.182528 -0.546147
vt 0.404214 -0.470118
vt 0.205028 -0.585118
vt -0.381714 -0.431147
vt -0.404214 -0.470118
vt -0.182528 -0.546147
vt -0.205028 -0.585118
vt 0.115000 -0.564241
vt -0.115000 -0.564241
vt 0.115000 -0.609241
vt -0.115000 -0.609241
vt 0.431147 0.381714
vt 0.546147 0.182528
vt 0.470118 0.404214
vt 0.585118 0.205028
vt -0.431147 0.381714
vt -0.470118 0.404214
vt -0.546147 0.182528
vt -0.585118 0.205028
vt -0.009975 0.006284
vt 0.381714 0.431147
vt 0.404214 0.470118
vt 0.182528 0.546147
vt 0.205028 0.585118
vt -0.381714 0.431147
vt -0.182528 0.546147
vt -0.404214 0.470118
vt -0.205028 0.585118
vt 0.175000 -1.868873
vt -0.175000 -1.918436
vt 0.175000 -1.979203
vt 0.175000 1.918436
vt -0.175000 1.979203
vt -0.175000 1.868873
vt 0.175000 1.742306
vt -0.175000 1.729981
vt 0.175000 1.571206
vt -0.175000 1.553714
vt 0.175000 1.395078
vt -0.175000 1.345514
vt 0.175000 1.256187
vt -0.175000 1.174414
vt 0.175000 1.117295
vt -0.175000 1.035523
vt 0.175000 0.978404
vt -0.175000 0.896631
vt 0.175000 0.807304
vt -0.175000 0.757740
vt 0.175000 0.598966
vt -0.175000 0.618849
vt -0.175000 0.442720
vt 0.175000 0.422837
vt 0.175000 0.251737
vt -0.175000 0.271620
vt -0.175000 0.132729
vt 0.175000 0.075609
vt -0.175000 -0.006163
vt 0.175000 -0.095491
vt -0.175000 -0.145054
vt 0.175000 -0.271620
vt -0.175000 -0.283946
vt 0.175000 -0.442720
vt -0.175000 -0.460212
vt 0.175000 -0.651057
vt -0.175000 -0.668549
vt 0.175000 -0.859394
vt -0.175000 -0.839512
vt -0.175000 -1.015641
vt 0.175000 -1.035522
vt 0.175000 -1.174414
vt -0.175000 -1.223978
vt 0.175000 -1.313306
vt -0.175000 -1.432315
vt 0.175000 -1.452198
vt 0.175000 -1.591089
vt -0.175000 -1.603415
vt 0.175000 -1.729981
vt -0.175000 -1.742306
vt -0.669370 -0.515651
vt -0.678416 -0.659729
vt -0.624716 -0.569570
vt -0.619450 -0.739612
vt -0.656802 -0.802460
vt -0.580487 -0.872421
vt -0.605505 -0.937401
vt -0.513424 -0.993496
vt -0.526843 -1.058448
vt -0.421508 -1.096974
vt -0.424372 -1.160132
vt -0.309187 -1.177848
vt -0.271771 -1.250726
vt -0.181899 -1.232201
vt -0.063063 -1.304673
vt -0.045807 -1.257404
vt 0.128812 -1.244271
vt 0.119508 -1.298468
vt 0.258110 -1.258101
vt 0.321286 -1.169163
vt 0.411302 -1.168508
vt 0.478944 -1.035629
vt 0.541241 -1.040109
vt 0.571509 -0.892890
vt 0.615701 -0.916433
vt 0.620438 -0.724753
vt 0.662335 -0.779813
vt 0.677074 -0.602959
vt 0.624548 -0.554678
vt 0.656042 -0.451090
vt 0.578183 -0.385816
vt 0.605204 -0.325848
vt 0.492620 -0.238773
vt 0.503294 -0.174120
vt 0.364692 -0.119195
vt 0.367046 -0.060405
vt 0.179074 -0.028457
vt 0.202179 0.018271
vt 0.060578 0.046359
vt 0.011174 -0.001026
vt -0.116667 0.037495
vt -0.126640 -0.013805
vt -0.258326 -0.056414
vt -0.291173 -0.016527
vt -0.377505 -0.126787
vt -0.414271 -0.091938
vt -0.500562 -0.251371
vt -0.518647 -0.191666
vt -0.613272 -0.341802
vt -0.585123 -0.398992
vt 0.669370 -0.794350
vt 0.674409 -0.617123
vt 0.624716 -0.740430
vt 0.619450 -0.570388
vt 0.620534 -0.408489
vt 0.580487 -0.437579
vt 0.489618 -0.287767
vt 0.526843 -0.251552
vt 0.424372 -0.149868
vt 0.335999 -0.149881
vt 0.271771 -0.059273
vt 0.181900 -0.077799
vt 0.096490 -0.007824
vt 0.045807 -0.052596
vt -0.047778 -0.002616
vt -0.092504 -0.057765
vt -0.189884 -0.028022
vt -0.226334 -0.093054
vt -0.323411 -0.082893
vt -0.349211 -0.156755
vt -0.442320 -0.164748
vt -0.478944 -0.274371
vt -0.541241 -0.269891
vt -0.571509 -0.417110
vt -0.615701 -0.393567
vt -0.615166 -0.548451
vt -0.662335 -0.530187
vt -0.629043 -0.686159
vt -0.677074 -0.707041
vt -0.612472 -0.823570
vt -0.634320 -0.918326
vt -0.566251 -0.954031
vt -0.548899 -1.079801
vt -0.467267 -1.098609
vt -0.425441 -1.207049
vt -0.306027 -1.227649
vt -0.269941 -1.303108
vt -0.148450 -1.291307
vt -0.132127 -1.346088
vt 0.025949 -1.307095
vt 0.011659 -1.358966
vt 0.154915 -1.341160
vt 0.228161 -1.264692
vt 0.291173 -1.293473
vt 0.405647 -1.158928
vt 0.439093 -1.195730
vt 0.520444 -1.033372
vt 0.562301 -1.060722
vt 0.585123 -0.911008
vt 0.630073 -0.933259
vt 0.175000 -2.021234
vt -0.175000 -2.106498
vt 0.175000 -2.136283
vt 0.175000 2.073049
vt -0.175000 2.136283
vt -0.175000 2.021234
vt 0.175000 1.855800
vt -0.175000 1.837569
vt 0.175000 1.672000
vt -0.175000 1.659153
vt 0.175000 1.527168
vt -0.175000 1.514321
vt 0.175000 1.348752
vt -0.175000 1.369487
vt -0.175000 1.185821
vt 0.175000 1.165086
vt 0.175000 1.020252
vt -0.175000 1.007405
vt 0.175000 0.875421
vt -0.175000 0.862573
vt 0.175000 0.730588
vt -0.175000 0.678906
vt 0.175000 0.585755
vt -0.175000 0.500490
vt 0.175000 0.440922
vt -0.175000 0.316691
vt 0.175000 0.296090
vt 0.175000 0.151258
vt -0.175000 0.181041
vt -0.175000 0.027159
vt 0.175000 -0.027159
vt -0.175000 -0.151258
vt 0.175000 -0.244408
vt -0.175000 -0.296090
vt 0.175000 -0.428074
vt -0.175000 -0.440922
vt 0.175000 -0.606357
vt -0.175000 -0.624588
vt 0.175000 -0.790156
vt -0.175000 -0.803004
vt 0.175000 -0.934989
vt -0.175000 -0.947837
vt 0.175000 -1.079822
vt -0.175000 -1.131503
vt 0.175000 -1.224654
vt -0.175000 -1.348752
vt 0.175000 -1.369487
vt 0.175000 -1.547769
vt -0.175000 -1.527168
vt -0.175000 -1.672001
vt 0.175000 -1.731569
vt -0.175000 -1.816834
vt 0.175000 -1.876401
vt -0.175000 -1.961667
vt -0.007444 0.006602
vt -0.009975 0.006284
vt -0.098855 0.001588
vt 0.098855 -0.001588
vt -0.080392 0.056539
vt 0.085527 0.049530
vt 0.032453 0.091362
vt -0.035041 0.092413
vt 0.080392 -0.056539
vt -0.085527 -0.049530
vt -0.032569 -0.091320
vt 0.035041 -0.092413
vt 4.152400 0.296055
vt 4.075000 0.307013
vt 4.075000 0.252872
vt 4.152400 0.223237
vt 4.075000 0.193329
vt 4.152400 0.152941
vt 4.075000 0.122955
vt 4.152400 0.104134
vt 4.152400 0.055369
vt 4.075000 0.052499
vt 4.152400 -0.009300
vt 4.075000 -0.001603
vt 4.075000 -0.061288
vt 4.152400 -0.069101
vt 4.152400 -0.123209
vt 4.075000 -0.120830
vt 4.075000 -0.191331
vt 4.152400 -0.177716
vt 4.152400 -0.226405
vt 4.075000 -0.261660
vt 4.152400 -0.275335
vt 4.075000 -0.304680
vt 4.152400 -0.310205
vt -0.031961 -0.275152
vt 0.000000 -0.257768
vt -0.031961 -0.244222
vt 0.000000 -0.181239
vt -0.031961 -0.200822
vt -0.031961 -0.157634
vt -0.031961 -0.109286
vt 0.000000 -0.099119
vt -0.031961 -0.061293
vt 0.000000 -0.038254
vt -0.031961 -0.008249
vt 0.000000 0.027983
vt -0.031961 0.049112
vt 0.000000 0.099119
vt -0.031961 0.092367
vt -0.031961 0.135659
vt 0.000000 0.181237
vt -0.031961 0.198011
vt 0.000000 0.266826
vt -0.031961 0.262600
vt 0.033506 -0.011870
vt -0.033135 -0.009373
vt 0.073620 -0.077517
vt -0.071395 -0.054092
vt -0.069245 -0.109264
vt 0.033508 -0.142929
vt -0.033135 -0.145427
vt 3.925000 0.308662
vt 3.385000 0.310044
vt 3.925000 0.259529
vt 3.385000 0.235258
vt 3.925000 0.193164
vt 3.385000 0.159350
vt 3.925000 0.126138
vt 3.385000 0.092304
vt 3.925000 0.050675
vt 3.385000 0.016276
vt 3.925000 -0.026071
vt 3.385000 -0.059884
vt 3.925000 -0.101979
vt 3.385000 -0.126249
vt 3.925000 -0.187636
vt 3.385000 -0.183370
vt 3.385000 -0.250283
vt 3.925000 -0.254661
vt 3.925000 -0.302930
vt 3.385000 -0.311216
vt -0.050548 -0.082233
vt 0.098720 -0.002475
vt 0.084386 0.051290
vt 0.034535 0.091466
vt -0.030098 0.094190
vt -0.084293 0.046834
vt -0.095418 -0.025439
vt 0.029395 -0.093245
vt 0.081883 -0.055433
vt -0.030967 -0.033683
vt -0.020527 -0.005846
vt -0.030949 0.007762
vt -0.031416 -0.073350
vt -0.021988 -0.080594
vt -0.031340 -0.115954
vt -0.031416 -0.155986
vt -0.022085 -0.156942
vt -0.030970 -0.208400
vt -0.019322 -0.216294
vt -0.019401 -0.277637
vt -0.030944 -0.260370
vt -0.031291 -0.301559
vt -0.023928 -0.323361
vt -0.031416 0.333792
vt -0.031416 0.302695
vt -0.021834 0.297845
vt -0.030952 0.262592
vt -0.022460 0.218325
vt -0.031416 0.219138
vt -0.031416 0.176602
vt -0.019598 0.143652
vt -0.031236 0.136477
vt -0.020997 0.070274
vt -0.031416 0.094009
vt -0.031038 0.053806
vt 0.188715 -0.193456
vt 0.109502 -0.190000
vt 0.090716 -0.247758
vt 0.169405 -0.273231
vt 0.105859 -0.344754
vt 0.026416 -0.294251
vt -0.010785 -0.375783
vt -0.052206 -0.284033
vt -0.132004 -0.321065
vt -0.102056 -0.223490
vt -0.186032 -0.213385
vt -0.099987 -0.147518
vt -0.160191 -0.095438
vt -0.052206 -0.095967
vt -0.083215 -0.020587
vt 0.010794 -0.002815
vt 0.026416 -0.085749
vt 0.112285 -0.039844
vt 0.090716 -0.132242
vt 0.172339 -0.113028
vt 3.375000 0.585496
vt 3.195000 0.596903
vt 3.195000 0.555305
vt 3.375000 0.517083
vt 3.195000 0.484157
vt 3.375000 0.420432
vt 3.195000 0.402673
vt 3.375000 0.309380
vt 3.195000 0.333201
vt 3.195000 0.291511
vt 3.195000 0.231633
vt 3.375000 0.211691
vt 3.195000 0.166624
vt 3.375000 0.101291
vt 3.195000 0.112936
vt 3.195000 0.039951
vt 3.375000 -0.023774
vt 3.195000 -0.043337
vt 3.375000 -0.148576
vt 3.195000 -0.111005
vt 3.195000 -0.166531
vt 3.195000 -0.222057
vt 3.375000 -0.287447
vt 3.195000 -0.293204
vt 3.195000 -0.360871
vt 3.375000 -0.412455
vt 3.195000 -0.416397
vt 3.195000 -0.471923
vt 3.375000 -0.510145
vt 3.195000 -0.525611
vt 3.375000 -0.586360
vt 3.195000 -0.582975
vt -0.012124 0.275718
vt -0.022970 0.318352
vt -0.022625 0.182911
vt -0.019179 -0.023329
vt -0.018601 -0.117078
vt -0.007183 -0.042001
vt -0.005849 -0.107582
vt -0.005849 -0.161396
vt -0.023181 -0.192421
vt -0.005849 -0.215210
vt -0.017386 -0.256905
vt -0.007184 -0.284164
vt -0.021954 -0.335601
vt -0.005848 -0.349746
vt -0.011069 -0.410271
vt -0.026013 -0.478837
vt -0.010102 -0.505963
vt -0.005849 -0.457374
vt -0.020934 -0.562718
vt -0.005849 -0.565002
vt -0.005849 0.578500
vt -0.020213 0.582784
vt -0.009383 0.537830
vt -0.007184 0.469231
vt -0.019154 0.487920
vt -0.005849 0.390258
vt -0.018540 0.393849
vt -0.005849 0.322928
vt -0.005849 0.161487
vt -0.007944 0.227150
vt -0.010102 0.112898
vt -0.007183 0.038719
vt -0.022010 0.067640
vt -0.133854 -0.091559
vt -0.076000 -0.043879
vt -0.169018 0.012797
vt -0.076000 0.043879
vt -0.156566 0.064967
vt -0.110185 0.126226
vt 0.000000 0.087757
vt -0.018932 0.166482
vt 0.078980 0.147772
vt 0.076000 0.043879
vt 0.149042 0.076543
vt 0.169501 0.000000
vt 0.076000 -0.043879
vt 0.149042 -0.076543
vt 0.078979 -0.147772
vt 0.000000 -0.087757
vt -0.018933 -0.166482
vt -0.066043 0.000000
vt -0.087757 -0.100000
vt 0.000000 -0.100000
vt 0.001751 0.000000
vt 0.016897 0.000000
vt 0.087757 -0.100000
vt 0.087757 0.000000
vt -0.087757 0.000000
vt -0.043879 0.000000
vt -0.001751 0.000000
vt 0.021715 0.000000
vt -0.000003 -0.119381
vt 0.000000 -0.100204
vt -0.087777 -0.110540
vt -0.087828 -0.092867
vt 0.000000 -0.075512
vt -0.087783 -0.057472
vt 0.000000 -0.045715
vt -0.088231 0.022347
vt -0.000014 -0.012151
vt -0.000003 0.027386
vt -0.088259 0.066171
vt 0.000000 0.076545
vt -0.000003 0.106973
vt -0.087757 0.048637
vt -0.087757 -0.022108
vt -0.094187 -0.030059
vt 0.092065 -0.032728
vt -0.092065 0.032728
vt 0.094187 0.030059
vt 0.060770 0.077311
vt -0.058847 0.079953
vt -0.003538 0.097609
vt -0.060769 -0.077311
vt 0.058847 -0.079953
vt 0.003538 -0.097609
vt 4.152400 -0.310205
vt 4.075000 -0.283263
vt 4.075000 -0.314159
vt 4.152400 0.296054
vt 4.075000 0.280010
vt 4.152400 0.223236
vt 4.075000 0.220532
vt 4.075000 0.160708
vt 4.152400 0.104134
vt 4.075000 0.090469
vt 4.152400 0.055369
vt 4.075000 0.030896
vt 4.152400 -0.009299
vt 4.075000 -0.034149
vt 4.152400 -0.069100
vt 4.075000 -0.093628
vt 4.152400 -0.123208
vt 4.075000 -0.153451
vt 4.152400 -0.177716
vt 4.075000 -0.223691
vt 4.152400 -0.226406
vt 4.152400 -0.275335
vt -0.031961 -0.275152
vt 0.000000 -0.266826
vt -0.031961 -0.244222
vt 0.000000 -0.181239
vt -0.031961 -0.200822
vt -0.031961 -0.157634
vt -0.031961 -0.109285
vt 0.000000 -0.099118
vt -0.031961 -0.061292
vt 0.000000 -0.038254
vt -0.031961 -0.008249
vt 0.000000 0.027983
vt -0.031961 0.049113
vt 0.000000 0.099119
vt -0.031961 0.092367
vt -0.031961 0.135659
vt 0.000000 0.181237
vt -0.031961 0.198011
vt 0.000000 0.257767
vt -0.031961 0.262600
vt 0.033506 -0.011870
vt -0.033135 -0.009373
vt 0.073620 -0.077282
vt -0.071395 -0.054092
vt -0.069245 -0.109264
vt 0.033508 -0.142929
vt -0.033136 -0.145427
vt 3.925000 0.293218
vt 3.385000 0.310044
vt 3.385000 0.235258
vt 3.925000 0.230188
vt 3.925000 0.174124
vt 3.385000 0.149556
vt 3.925000 0.097964
vt 3.385000 0.083191
vt 3.925000 0.039789
vt 3.385000 0.006714
vt 3.925000 -0.016276
vt 3.385000 -0.088421
vt 3.925000 -0.092304
vt 3.925000 -0.159350
vt 3.385000 -0.183621
vt 3.925000 -0.235258
vt 3.385000 -0.259529
vt 3.925000 -0.302930
vt 3.385000 -0.311216
vt 0.095249 0.015649
vt 0.066479 0.074115
vt -0.058998 -0.077909
vt 0.016600 0.096349
vt -0.054474 0.081186
vt -0.096479 -0.015825
vt -0.091782 0.038582
vt 0.067997 -0.068510
vt 0.002226 -0.098726
vt -0.030967 -0.033683
vt -0.020527 -0.005846
vt -0.030949 0.007762
vt -0.021988 -0.080594
vt -0.031340 -0.115954
vt -0.031416 -0.155986
vt -0.022085 -0.156942
vt -0.030970 -0.208401
vt -0.019322 -0.216293
vt -0.019401 -0.277637
vt -0.030944 -0.260370
vt -0.031291 -0.301559
vt -0.023928 -0.323361
vt -0.031416 0.302695
vt -0.021834 0.297845
vt -0.030952 0.262592
vt -0.022460 0.218325
vt -0.031416 0.219138
vt -0.031416 0.176602
vt -0.019598 0.143651
vt -0.031236 0.136477
vt -0.020997 0.070274
vt -0.031416 0.094009
vt -0.031038 0.053806
vt 0.188566 -0.193552
vt 0.109502 -0.190000
vt 0.090716 -0.247758
vt 0.169229 -0.273254
vt 0.105859 -0.344754
vt 0.026416 -0.294251
vt 0.017205 -0.377961
vt -0.088622 -0.353639
vt -0.052206 -0.284033
vt -0.171445 -0.266105
vt -0.102056 -0.223490
vt -0.187959 -0.172778
vt -0.099986 -0.147518
vt -0.162877 -0.094626
vt -0.052206 -0.095967
vt -0.106995 -0.034509
vt -0.002452 -0.004133
vt 0.026416 -0.085749
vt 0.101264 -0.030892
vt 0.090716 -0.132242
vt 0.165403 -0.101701
vt 3.375000 0.588854
vt 3.195000 0.584730
vt 3.375000 0.503721
vt 3.195000 0.524983
vt 3.195000 0.472016
vt 3.375000 0.406127
vt 3.195000 0.416490
vt 3.195000 0.360964
vt 3.375000 0.295924
vt 3.195000 0.306478
vt 3.195000 0.249913
vt 3.375000 0.183928
vt 3.195000 0.194387
vt 3.195000 0.125044
vt 3.375000 0.100638
vt 3.195000 0.055572
vt 3.375000 0.017350
vt 3.195000 -0.018234
vt 3.375000 -0.079404
vt 3.195000 -0.083242
vt 3.195000 -0.138768
vt 3.375000 -0.204158
vt 3.195000 -0.194294
vt 3.195000 -0.265441
vt 3.375000 -0.315805
vt 3.195000 -0.333108
vt 3.375000 -0.412455
vt 3.195000 -0.388634
vt 3.195000 -0.444160
vt 3.375000 -0.510049
vt 3.195000 -0.517783
vt 3.375000 -0.580547
vt 3.195000 -0.582975
vt -0.025489 -0.554781
vt -0.015708 -0.578500
vt -0.007914 -0.504836
vt -0.011204 0.355474
vt -0.023289 0.426769
vt -0.021961 0.283358
vt -0.017417 0.146608
vt -0.022786 0.209973
vt -0.019978 0.077211
vt -0.007944 -0.015013
vt -0.019426 0.007104
vt -0.023351 -0.083752
vt -0.005849 -0.080676
vt -0.013129 -0.135294
vt -0.021517 -0.216833
vt -0.005849 -0.188303
vt -0.007184 -0.257257
vt -0.018457 -0.332935
vt -0.005849 -0.322838
vt -0.005848 -0.376653
vt -0.022706 -0.409165
vt -0.005849 -0.430467
vt -0.018666 -0.480022
vt -0.005849 0.457464
vt -0.010117 0.504694
vt -0.005849 0.403650
vt -0.007769 0.297029
vt -0.005849 0.242208
vt -0.005849 0.188394
vt -0.005849 0.121188
vt -0.005849 0.053858
vt -0.007944 0.569361
vt -0.024608 0.534771
vt -0.164445 0.020686
vt -0.110185 0.126226
vt -0.018933 0.166482
vt 0.078979 0.147772
vt 0.149042 0.076543
vt 0.169501 -0.000000
vt 0.149042 -0.076543
vt 0.078980 -0.147772
vt -0.018932 -0.166482
vt -0.110185 -0.126226
vt -0.156566 -0.064967
vt 0.016897 0.000000
vt -0.000000 0.000000
vt 0.086006 0.000000
vt -0.086006 0.000000
vt 0.021715 0.000000
vt -0.088259 -0.093004
vt 0.000000 -0.082629
vt -0.000003 -0.052201
vt 0.000000 -0.020617
vt -0.087777 -0.030953
vt -0.087819 0.004430
vt 0.000000 0.004075
vt -0.087783 0.022116
vt 0.000000 0.033872
vt -0.088231 0.066180
vt -0.000014 0.067436
vt -0.000003 0.106973
vt -0.087757 0.057480
vt -0.087757 -0.110538
vt -0.000003 -0.119381
vt 0.110702 -1.559739
vt 0.000000 -1.593381
vt 0.038286 -1.738682
vt 0.042663 1.524907
vt 0.000000 1.649336
vt 0.000000 1.464309
vt 0.061213 1.497606
vt 0.450000 1.493450
vt 0.450000 1.366263
vt 0.000000 1.268720
vt 0.418088 1.275471
vt 0.380812 1.263766
vt 0.000000 1.141848
vt 0.309576 1.082393
vt 0.000000 1.014976
vt 0.212382 0.862529
vt 0.000000 0.819682
vt 0.106109 0.628787
vt 0.000000 0.569910
vt 0.041103 0.428910
vt 0.000000 0.380616
vt 0.069036 0.399350
vt 0.450000 0.393892
vt 0.130193 0.433745
vt 0.450000 0.521080
vt 0.222129 0.641832
vt 0.450000 0.648267
vt 0.450000 0.775455
vt 0.299213 0.811893
vt 0.450000 0.902642
vt 0.378761 0.985958
vt 0.450000 1.029829
vt 0.450000 1.157017
vt 0.000000 -1.395592
vt 0.208906 -1.344067
vt 0.000000 -1.268720
vt 0.306992 -1.123011
vt 0.000000 -1.075652
vt 0.380905 -0.935209
vt 0.000000 -0.888104
vt 0.418784 -0.923697
vt 0.450000 -0.832851
vt 0.449996 -0.960038
vt 0.000000 -0.761232
vt 0.450000 -0.705664
vt 0.061213 -0.701508
vt 0.119683 -0.672901
vt 0.450000 -0.578477
vt 0.222129 -0.457725
vt 0.450000 -0.451290
vt 0.450000 -0.324102
vt 0.299213 -0.287664
vt 0.450000 -0.196915
vt 0.378760 -0.113602
vt 0.450000 -0.069728
vt 0.450000 0.057459
vt 0.040845 -0.669838
vt 0.000000 -0.634360
vt 0.082076 -0.526178
vt 0.000000 -0.439458
vt 0.153954 -0.363447
vt 0.000000 -0.190329
vt 0.260975 -0.130403
vt 0.000000 0.069278
vt 0.332462 0.038553
vt 0.380886 0.164328
vt 0.418093 0.175911
vt 0.000000 0.253744
vt 0.450000 0.266705
vt 0.449995 0.139518
vt 0.449996 1.239076
vt 0.450000 1.620638
vt 0.119737 1.526253
vt 0.195920 1.681371
vt 0.450000 1.747825
vt 0.222129 -1.557281
vt 0.450000 -1.550847
vt 0.450000 -1.423660
vt 0.299213 -1.387220
vt 0.450000 -1.296473
vt 0.378761 -1.213157
vt 0.450000 -1.169285
vt 0.450000 -1.042098
vt 0.003632 0.212085
vt 0.005912 0.027274
vt 0.041668 0.237038
vt 0.047251 0.021469
vt 0.035866 0.377140
vt 0.062641 0.716071
vt 0.035543 0.580337
vt 0.035641 0.921849
vt 0.007612 0.839348
vt -0.002796 1.080820
vt 0.000000 2.844050
vt 0.005044 2.658364
vt 0.030785 2.844050
vt 0.035936 2.659741
vt 0.062641 2.844050
vt 0.049686 2.406980
vt 0.035774 2.049303
vt 0.038969 1.545931
vt 0.003357 0.597656
vt 0.003290 0.374164
vt 0.004872 1.490959
vt 0.002226 1.816992
vt 0.003822 2.139428
vt 0.003553 2.412962
vt -0.000001 -0.028243
vt 0.005452 -0.191613
vt 0.059690 -0.047179
vt 0.066689 -0.262499
vt 0.115799 -0.054195
vt 0.066258 -0.523623
vt 0.115799 -0.811801
vt 0.066893 -0.826066
vt 0.002801 -0.359600
vt 0.016601 -0.533368
vt 0.000024 -0.603861
vt 0.004352 -0.870043
vt 0.000055 -1.054567
vt 0.016601 -1.347321
vt -0.000096 -1.405241
vt 0.000872 -1.754552
vt 0.015622 -2.130433
vt 0.064096 -1.861987
vt 0.067356 -2.198792
vt 0.115799 -2.052337
vt 0.067288 -2.469003
vt 0.115799 -2.732319
vt 0.045633 -2.757869
vt 0.077208 -2.790962
vt 0.004167 -2.618775
vt 0.000000 -2.790962
vt 0.067524 -1.312660
vt 0.001087 -2.346583
vt 0.017754 -0.086536
vt 0.021992 -0.071653
vt 0.006925 -0.074896
vt 0.020719 -0.056640
vt 0.023762 -0.035549
vt 0.003372 -0.047360
vt 0.012750 -0.011846
vt 0.071962 0.185359
vt -0.004884 0.071329
vt 0.066329 0.026687
vt -0.025791 0.000000
vt 0.125998 0.001488
vt 0.133964 0.023534
vt -0.025791 0.038643
vt 0.076687 0.086003
vt -0.025791 0.077285
vt -0.025791 0.115928
vt 0.001258 -2.875470
vt 0.000000 -3.072418
vt 0.066873 -3.062397
vt 0.066112 -2.893171
vt 0.115821 -2.756431
vt 0.065431 -2.698316
vt 0.010322 -2.718611
vt 0.000010 -2.670767
vt 0.003093 -2.448339
vt 0.065536 -2.414106
vt 0.115821 -2.381177
vt 0.016540 -2.398327
vt 0.000058 -2.390980
vt 0.065887 -2.381419
vt 0.066019 -2.341892
vt 0.066258 -2.107615
vt 0.016540 -2.355057
vt 0.006732 -2.092809
vt 0.002657 -1.976110
vt 0.115821 -1.903650
vt 0.066396 -1.925331
vt 0.003293 -1.871521
vt 0.004813 -1.767374
vt 0.066617 -1.710963
vt 0.002897 -1.603086
vt 0.007063 -1.419052
vt 0.064334 -1.473251
vt 0.115821 -1.312451
vt 0.063827 -1.216997
vt 0.063913 -0.875200
vt 0.115821 -0.516625
vt 0.069630 -0.525930
vt 0.002675 -0.760808
vt 0.000244 -0.536684
vt 0.007170 -0.196213
vt 0.066971 -0.205246
vt 0.029523 0.011371
vt 0.006356 0.008208
vt 0.085961 -0.044244
vt 0.004625 -0.970363
vt 0.004918 -1.189614
vt 0.000031 -2.272932
vt 0.000038 -2.367838
vt 0.002801 -2.383036
vt -0.239239 -1.402352
vt -0.070717 -1.319478
vt -0.340946 -1.120766
vt -0.158422 -0.487883
vt -0.540312 -0.793382
vt 0.111680 -1.285168
vt 0.299905 -1.312593
vt 0.056659 0.073421
vt 0.664479 -0.681473
vt 0.553157 0.541132
vt 0.473509 -1.392006
vt 0.026871 0.894545
vt 0.300298 1.199444
vt 0.088523 1.347708
vt -0.092635 1.334326
vt 0.069316 -0.065134
vt 0.038596 0.000000
vt 0.001110 -0.058117
vt 0.005056 -0.192884
vt 0.064345 -0.189611
vt 0.069026 -0.338196
vt 0.115815 -0.298304
vt 0.047084 -0.408608
vt 0.009067 -0.320827
vt -0.000011 -0.397990
vt 0.115815 -0.058039
vt 0.062644 0.402681
vt 0.034348 0.411965
vt 0.035654 0.258232
vt 0.062644 0.260950
vt 0.062644 0.145841
vt 0.035463 0.142707
vt 0.036648 0.052991
vt 0.062644 0.039290
vt 0.009046 0.100439
vt 0.020866 0.000000
vt 0.007711 0.314140
vt -0.025791 -0.031416
vt 0.106191 -0.025755
vt 0.110274 -0.003468
vt -0.025791 0.010472
vt 0.120014 0.013596
vt -0.025791 0.031416
vt 0.121790 0.031416
vt 0.062636 2.845398
vt 0.035083 3.129282
vt 0.035898 2.962443
vt 0.002672 2.955953
vt 0.036195 2.797281
vt 0.005297 2.787370
vt 0.035704 2.535607
vt 0.001049 2.527925
vt 0.035469 2.462512
vt 0.003302 2.455197
vt 0.035491 2.414760
vt 0.004042 2.420463
vt 0.003722 2.383841
vt 0.000000 3.148024
vt 0.000000 2.855734
vt 0.025666 0.034111
vt 0.007585 0.248877
vt 0.000000 0.030265
vt 0.035898 0.377718
vt 0.003698 0.506170
vt 0.005388 0.746431
vt 0.035862 0.832491
vt 0.004805 0.966954
vt 0.005330 1.178564
vt 0.045604 1.149486
vt 0.035620 1.442787
vt 0.062441 0.047933
vt 0.062636 0.528771
vt 0.062636 1.561849
vt 0.035842 1.699750
vt 0.062636 1.950143
vt 0.035845 1.853597
vt 0.036015 2.026392
vt 0.035261 2.353171
vt 0.062636 2.434084
vt 0.006489 2.301632
vt 0.003289 2.125921
vt 0.003575 1.974666
vt 0.004094 1.868615
vt 0.004494 1.761140
vt 0.003481 1.623296
vt 0.002465 1.394284
vt -0.499568 -1.448851
vt -0.404805 -1.375833
vt -0.626456 -1.222023
vt -0.715078 -0.804914
vt -0.235653 -1.307690
vt 0.032633 -0.144431
vt 0.017580 -1.295417
vt 0.218755 -0.486446
vt 0.187658 -1.344012
vt 0.382779 -1.148474
vt 0.291273 -1.406375
vt 0.582711 -0.792951
vt -0.032401 0.299107
vt -0.677303 0.118643
vt -0.508289 0.886713
vt 0.027358 0.900146
vt -0.271625 1.315591
vt -0.036746 1.404714
vt 0.163873 1.370824
vt 0.026177 1.603334
vt 0.000000 1.659190
vt 0.013134 1.507678
vt 0.012953 1.261086
vt 0.000000 1.164631
vt 0.039654 1.110000
vt 0.012595 1.014852
vt 0.000000 0.917352
vt 0.039592 0.863334
vt 0.012163 0.768754
vt -0.000004 0.670073
vt 0.040770 0.616667
vt 0.006206 0.619716
vt 0.012926 0.479831
vt 0.039104 -0.370000
vt 0.011889 -0.262229
vt 0.003975 -0.415019
vt -0.002248 -0.467769
vt 0.018961 -0.612687
vt 0.055722 -0.545952
vt 0.054814 -0.792449
vt 0.061955 -1.681461
vt 0.056023 -1.408823
vt 0.036803 -1.603334
vt 0.061955 1.501972
vt 0.018762 -0.735997
vt 0.018566 -0.859314
vt 0.054399 -1.038852
vt 0.018371 -0.982636
vt 0.018181 -1.105964
vt 0.055860 -1.238633
vt 0.015603 -1.228121
vt 0.017137 -1.352316
vt 0.005394 -1.484781
vt 0.002420 -1.541128
vt 0.060744 -0.248938
vt 0.012559 -0.138006
vt 0.057796 -0.050596
vt 0.014034 -0.012941
vt 0.013817 0.110306
vt 0.059450 0.197166
vt 0.013566 0.233522
vt 0.013285 0.356713
vt 0.059071 0.445836
vt 0.062878 0.748919
vt 0.061852 0.997752
vt 0.056370 1.305270
vt 0.013065 1.384339
vt 0.062638 2.844834
vt 0.030897 3.131148
vt 0.035900 2.961882
vt 0.004984 2.945565
vt 0.035885 2.793989
vt 0.002758 2.788301
vt 0.000000 3.145245
vt 0.006596 2.099121
vt 0.000000 2.034153
vt 0.005381 1.950183
vt 0.002411 0.475568
vt 0.002225 0.252956
vt 0.036120 0.361628
vt 0.025884 0.034166
vt 0.000000 0.030259
vt 0.062441 0.047923
vt 0.062638 0.560993
vt 0.035865 0.832307
vt 0.002345 0.741081
vt 0.002600 1.003725
vt 0.000925 1.257932
vt 0.048916 1.143303
vt 0.005336 1.416286
vt 0.035735 1.451902
vt 0.006219 1.576716
vt 0.062638 1.561405
vt 0.035848 1.698380
vt 0.005753 1.724877
vt 0.005371 1.836707
vt 0.035845 1.853246
vt 0.062638 1.949477
vt 0.036020 2.024904
vt 0.003206 2.359149
vt 0.035265 2.352741
vt 0.062638 2.433621
vt 0.035744 2.413281
vt 0.035312 2.459949
vt 0.035341 2.535127
vt 0.003964 2.502096
vt 0.002644 2.451631
vt 0.003641 2.417603
vt -0.344538 -1.346736
vt -0.626430 -1.222076
vt -0.715080 -0.804885
vt 0.032563 -0.144264
vt -0.112448 -1.288919
vt 0.218444 -0.486358
vt 0.119925 -1.320126
vt 0.382786 -1.148466
vt 0.291274 -1.406375
vt 0.582710 -0.792950
vt -0.032324 0.299570
vt -0.677302 0.118626
vt -0.508294 0.886694
vt 0.016573 0.868732
vt -0.271622 1.315596
vt -0.036728 1.404715
vt 0.003132 0.211083
vt 0.005235 0.027453
vt 0.041669 0.237034
vt 0.047222 0.021469
vt 0.035865 0.377141
vt 0.062640 0.716121
vt 0.035542 0.580356
vt 0.035642 0.921863
vt 0.003447 0.782629
vt -0.001497 1.082571
vt 0.000000 2.844102
vt 0.004749 2.658539
vt 0.030784 2.844102
vt 0.035935 2.659800
vt 0.062640 2.844102
vt 0.049683 2.407014
vt 0.035773 2.049357
vt 0.038966 1.545943
vt 0.003602 0.565379
vt 0.003223 0.373833
vt 0.004850 1.491604
vt 0.002805 1.824482
vt 0.003562 2.139523
vt 0.002987 2.431365
vt 0.017747 -0.086550
vt 0.021991 -0.071651
vt 0.006764 -0.074754
vt 0.020718 -0.056640
vt 0.023762 -0.035549
vt 0.003610 -0.047366
vt 0.016125 -0.010664
vt 0.125999 0.001488
vt 0.133964 0.023554
vt 0.093431 0.071332
vt 0.043053 0.115482
vt 0.000130 -3.068177
vt 0.066937 -3.060419
vt 0.066460 -2.870714
vt 0.115820 -2.769657
vt 0.064795 -2.674937
vt 0.016973 -2.677110
vt 0.000010 -2.702727
vt 0.002223 -2.426588
vt 0.003667 -2.389315
vt 0.065079 -2.405137
vt 0.066146 -2.378702
vt 0.115820 -2.383283
vt 0.066832 -2.331202
vt 0.115820 -1.907240
vt 0.065038 -2.131704
vt 0.066245 -1.985764
vt 0.066228 -1.772140
vt 0.065893 -1.473819
vt 0.115820 -1.451833
vt 0.066812 -1.087729
vt 0.115820 -0.916504
vt 0.066561 -0.631598
vt 0.115389 -0.081872
vt 0.066567 -0.316897
vt 0.071624 -0.027312
vt 0.029609 0.012132
vt 0.003560 -0.243648
vt 0.002431 -0.460349
vt 0.001792 -0.729202
vt 0.005081 -0.996743
vt 0.007344 -1.195040
vt 0.010227 -1.458628
vt 0.005832 -1.686302
vt 0.002313 -1.800711
vt 0.010750 -2.007529
vt 0.005857 -2.143242
vt 0.005721 -2.341443
vt 0.016973 -2.378377
vt 0.006135 0.008030
vt 0.000001 -1.565956
vt 0.000007 -1.913361
vt 0.000029 -2.382036
vt 0.005709 -2.838245
vt -0.239237 -1.402350
vt -0.070716 -1.319478
vt -0.332584 -1.133867
vt -0.163090 -0.490471
vt -0.539362 -0.796506
vt 0.111681 -1.285168
vt 0.299907 -1.312594
vt 0.040528 -0.071583
vt 0.664336 -0.670168
vt 0.075670 0.482360
vt 0.550923 0.551592
vt 0.595762 -1.161407
vt 0.473628 -1.390315
vt 0.301165 1.197845
vt 0.088514 1.347710
vt -0.091032 1.329408
vt 0.068982 -0.067881
vt 0.008998 0.000000
vt 0.001570 -0.082209
vt 0.005057 -0.192887
vt 0.064345 -0.189612
vt 0.069026 -0.338195
vt 0.115816 -0.298317
vt 0.047087 -0.408600
vt 0.009066 -0.320824
vt -0.000011 -0.397994
vt 0.115816 -0.059209
vt 0.077225 -2.792653
vt 0.066795 -2.645941
vt 0.008998 -2.792653
vt 0.002910 -2.627958
vt 0.004093 -2.372640
vt 0.066895 -2.436299
vt 0.074334 -0.242381
vt 0.092884 -0.053111
vt 0.041760 -0.043134
vt -0.000376 -0.198432
vt -0.000001 -0.028260
vt 0.066920 -0.566696
vt 0.008347 -0.554959
vt 0.067065 -0.969408
vt 0.003271 -0.809134
vt 0.008614 -1.089576
vt 0.068065 -1.685980
vt -0.000008 -1.406065
vt 0.007195 -1.736213
vt 0.067779 -2.113000
vt 0.115824 -2.731815
vt 0.115824 -2.064467
vt 0.115824 -0.823668
vt 0.065555 -0.373852
vt 0.004847 -0.368764
vt 0.016161 -2.124900
vt 0.062643 0.464723
vt 0.034349 0.411958
vt 0.062643 0.376967
vt 0.035653 0.258233
vt 0.062643 0.260949
vt 0.062643 0.145844
vt 0.035463 0.142709
vt 0.036646 0.053001
vt 0.062643 0.039288
vt 0.009045 0.100433
vt 0.020865 0.000000
vt 0.007713 0.314135
vt 0.106181 -0.025778
vt 0.110277 -0.003468
vt -0.350651 -1.349688
vt -0.626322 -1.222195
vt -0.715118 -0.804622
vt 0.032519 -0.144096
vt -0.120671 -1.289361
vt 0.218391 -0.486281
vt 0.130793 -1.323959
vt 0.382755 -1.148523
vt 0.584934 -0.771872
vt 0.574368 -0.862123
vt -0.032329 0.299635
vt -0.677302 0.118702
vt -0.508292 0.886699
vt 0.016640 0.869132
vt -0.271625 1.315593
vt -0.036735 1.404714
vt 0.163873 1.370825
vt -0.152021 -1.486508
vt 0.000254 -1.490571
vt -0.057968 -1.463918
vt 0.003629 0.212150
vt 0.005917 0.027281
vt 0.041662 0.237043
vt 0.047391 0.021489
vt 0.035863 0.377174
vt 0.062641 0.716705
vt 0.035544 0.580680
vt 0.035657 0.921836
vt 0.007607 0.839686
vt -0.002854 1.081114
vt 0.000000 2.845027
vt 0.005045 2.659272
vt 0.030784 2.845027
vt 0.035936 2.660658
vt 0.062641 2.845027
vt 0.049683 2.407801
vt 0.035777 2.050011
vt 0.038973 1.546580
vt 0.003342 0.598176
vt 0.003294 0.374263
vt 0.004877 1.491558
vt 0.002225 1.817605
vt 0.003821 2.140163
vt 0.003554 2.413805
vt 0.005494 -0.191609
vt 0.058516 -0.046913
vt 0.066688 -0.262485
vt 0.115799 -0.055681
vt 0.115799 -0.318472
vt 0.066256 -0.523626
vt 0.115799 -0.811829
vt 0.066891 -0.826076
vt 0.002884 -0.359599
vt 0.016596 -0.533226
vt 0.000022 -0.604029
vt 0.004363 -0.869640
vt 0.000035 -1.054210
vt 0.016596 -1.347314
vt -0.000099 -1.405169
vt 0.000866 -1.754521
vt 0.015616 -2.130439
vt 0.064093 -1.862003
vt 0.067356 -2.198781
vt 0.115799 -2.052364
vt 0.067287 -2.468993
vt 0.115799 -2.732299
vt 0.045635 -2.757842
vt 0.077208 -2.790945
vt 0.004163 -2.618763
vt 0.000000 -2.790945
vt 0.067519 -1.312595
vt 0.001085 -2.346577
vt -0.070717 -1.319478
vt -0.331844 -1.134993
vt -0.252213 -0.596053
vt -0.541403 -0.794332
vt -0.494656 -0.889801
vt -0.046274 -0.326086
vt 0.299906 -1.312593
vt 0.664483 -0.681442
vt 0.067341 0.083192
vt 0.553151 0.541157
vt 0.595843 -1.161199
vt 0.474379 -1.390836
vt 0.073273 0.586385
vt 0.300300 1.199440
vt 0.088520 1.347708
vt -0.007331 1.072537
vt 0.017772 -0.086479
vt 0.021991 -0.071653
vt 0.006669 -0.074838
vt 0.020718 -0.056640
vt 0.023762 -0.035549
vt 0.003610 -0.047369
vt 0.011199 -0.010711
vt -0.020000 0.155359
vt 0.125998 0.001488
vt 0.133974 0.023462
vt 0.093422 0.071338
vt 0.043006 0.115523
vt -0.000008 -2.441803
vt 0.016800 -2.529336
vt 0.016800 -2.416015
vt 0.074840 -2.434523
vt 0.095785 -2.433898
vt 0.068793 -2.383807
vt 0.057834 -2.401153
vt 0.000216 -2.398182
vt 0.016800 -2.389506
vt 0.000316 -2.387399
vt 0.057834 -2.337816
vt 0.013459 -2.304059
vt 0.016800 -2.370881
vt 0.107246 -2.005331
vt 0.084776 -2.337893
vt 0.099664 -2.384377
vt 0.063615 -0.381002
vt 0.071442 -0.025873
vt 0.004520 -0.222536
vt 0.029522 0.011372
vt 0.006120 0.007974
vt 0.096727 -0.514274
vt 0.115375 -0.077156
vt 0.005842 -0.485638
vt 0.000002 -0.670737
vt 0.007347 -0.887615
vt 0.012216 -1.216297
vt 0.063613 -1.038309
vt 0.063603 -1.281841
vt 0.063623 -1.535071
vt 0.100696 -1.432695
vt 0.104560 -1.735025
vt -0.000470 -1.396834
vt 0.063614 -1.758721
vt 0.003322 -1.794845
vt -0.000020 -1.881357
vt 0.002901 -1.970349
vt 0.000088 -2.358580
vt 0.001615 -2.379432
vt 0.004664 -2.740531
vt 0.003204 -2.892729
vt 0.007539 -3.071765
vt 0.063259 -2.803839
vt 0.078219 -3.058574
vt 0.106897 -2.793844
vt 0.072003 -2.141105
vt 0.057834 -2.522745
vt 0.063620 -1.958528
vt 0.003787 -2.100514
vt 0.005338 -1.623080
vt 0.105809 -0.921292
vt 0.063612 -0.708167
vt -0.519345 0.000000
vt -0.360551 0.000000
vt -0.472714 0.100000
vt -0.313920 0.100000
vt 0.052895 -1.486508
vt 0.205170 -1.490571
vt 0.146948 -1.463918
vt 0.069315 -0.065142
vt 0.001110 -0.058118
vt 0.005057 -0.192887
vt 0.064344 -0.189610
vt 0.069027 -0.338195
vt 0.115816 -0.298308
vt 0.047084 -0.408608
vt 0.009067 -0.320826
vt -0.000011 -0.397991
vt 0.115816 -0.058042
vt 0.062643 0.402682
vt 0.034349 0.411961
vt 0.035654 0.258232
vt 0.062643 0.260948
vt 0.062643 0.145842
vt 0.035462 0.142708
vt 0.036647 0.052995
vt 0.062643 0.039289
vt 0.009045 0.100432
vt 0.007712 0.314136
vt 0.106162 -0.025822
vt 0.110276 -0.003468
vt 0.062639 2.844906
vt 0.034324 3.129135
vt 0.035644 2.962896
vt 0.005937 2.965665
vt 0.000000 3.147432
vt 0.002767 2.790429
vt 0.036047 2.796823
vt 0.035475 2.535130
vt 0.036964 2.468792
vt 0.045248 2.423791
vt 0.035539 2.377659
vt 0.062639 1.949392
vt 0.035866 2.024793
vt 0.035691 1.852996
vt 0.035693 1.698110
vt 0.062639 1.561232
vt 0.035581 1.451402
vt 0.048914 1.142825
vt 0.035710 0.831542
vt 0.062639 0.560596
vt 0.035408 0.359773
vt 0.062468 0.047934
vt 0.025883 0.034165
vt 0.002541 0.252942
vt 0.003684 1.198380
vt 0.003439 0.926212
vt 0.002989 2.530012
vt 0.002098 2.466704
vt 0.004928 2.435779
vt 0.001476 2.406980
vt 0.004059 2.355810
vt -0.000034 2.271995
vt 0.005451 2.092567
vt 0.004071 1.971925
vt 0.005005 1.868833
vt 0.002600 1.785552
vt 0.001649 1.625301
vt 0.005511 1.441240
vt 0.004492 0.701541
vt 0.001565 0.475647
vt -0.460077 0.118128
vt -0.467625 -0.058377
vt -0.066329 -0.026687
vt -0.071962 -0.185359
vt -0.375947 -0.284299
vt -0.091962 -0.280001
vt -0.193179 -0.429920
vt -0.020000 -0.344641
vt 0.036449 -0.469893
vt 0.071962 -0.314641
vt 0.256677 -0.395249
vt 0.091962 -0.219999
vt 0.414206 -0.224769
vt 0.060676 -0.044084
vt 0.066329 0.026687
vt 0.471254 -0.000000
vt 0.414206 0.224769
vt 0.071962 0.185359
vt 0.092290 0.278776
vt 0.256677 0.395249
vt 0.023431 0.343722
vt 0.036449 0.469893
vt -0.071438 0.315165
vt -0.193179 0.429920
vt -0.091962 0.219999
vt -0.375947 0.284299
vt -0.060676 0.044084
vt -0.004884 0.071329
vt -0.020000 0.155359
vt 0.020000 -0.155359
vt 0.004884 -0.071329
vt 0.000000 -0.282742
vt -0.500000 -0.240856
vt -0.500000 -0.314159
vt -0.000000 0.314159
vt -0.500000 0.284024
vt 0.000000 0.240107
vt -0.225631 0.230181
vt -0.338724 0.237400
vt -0.500000 0.181617
vt -0.314118 0.176797
vt -0.274369 0.083979
vt -0.500000 0.074053
vt 0.000000 0.030135
vt -0.500000 -0.031417
vt 0.000000 -0.073304
vt -0.500000 -0.136136
vt 0.000000 -0.178024
vt -0.161276 0.076760
vt 0.000000 0.132543
vt -0.185882 0.137363
vt 0.000000 -0.207092
vt -0.500000 -0.188496
vt -0.500000 -0.235619
vt -0.000000 0.235619
vt -0.500000 0.207092
vt -0.000000 0.188496
vt 0.000000 0.122775
vt -0.500000 0.112845
vt 0.000000 0.028527
vt -0.500000 0.047124
vt -0.500000 -0.028527
vt -0.000000 -0.047124
vt 0.000000 -0.112845
vt -0.500000 -0.122775
vt 0.000000 -0.282742
vt -0.500000 -0.240856
vt -0.500000 0.282743
vt 0.000000 0.240856
vt -0.500000 0.178024
vt 0.000000 0.136136
vt -0.500000 0.073304
vt 0.000000 0.031417
vt -0.500000 -0.031417
vt 0.000000 -0.073304
vt -0.500000 -0.136136
vt 0.000000 -0.178024
vt -0.489172 0.179884
vt -0.518272 -0.055412
vt -0.464864 -0.243980
vt -0.392968 -0.348139
vt -0.239763 -0.462755
vt -0.063282 -0.521172
vt 0.063282 -0.521172
vt 0.186168 -0.490884
vt 0.349031 -0.387064
vt 0.091962 -0.220000
vt 0.487296 -0.184830
vt 0.516669 0.068606
vt 0.464864 0.243980
vt 0.392968 0.348139
vt 0.243097 0.461006
vt 0.023431 0.343722
vt 0.004974 0.521172
vt -0.186168 0.490884
vt -0.298234 0.432067
vt -0.392968 0.348139
vt 0.004884 -0.071329
vt 0.020000 -0.155359
s 1
usemtl 160,160,160.001
f 1/1/1 2/2/2 5/3/3
f 5/3/3 2/2/2 6/4/4
f 2/5/2 1/6/1 4/7/5
f 4/7/5 1/6/1 3/3/6
f 2/8/2 4/9/5 6/10/4
f 6/10/4 4/9/5 8/11/7
f 8/12/7 7/13/8 6/14/4
f 6/14/4 7/13/8 5/15/3
f 1/16/1 5/17/3 3/18/6
f 3/18/6 5/17/3 7/19/8
f 7/20/8 8/21/7 3/15/6
f 3/15/6 8/21/7 4/14/5
f 9/1/9 10/2/10 11/3/11
f 11/3/11 10/2/10 12/22/12
f 10/12/10 9/13/9 14/14/13
f 14/14/13 9/13/9 13/15/14
f 16/23/15 12/24/12 14/25/13
f 14/25/13 12/24/12 10/26/10
f 16/5/15 15/6/16 12/22/12
f 12/22/12 15/6/16 11/3/11
f 13/27/14 9/28/9 15/29/16
f 15/29/16 9/28/9 11/30/11
f 15/20/16 16/21/15 13/15/14
f 13/15/14 16/21/15 14/14/13
f 359/1/538 360/2/539 363/3/540
f 363/3/540 360/2/539 364/22/541
f 360/5/539 359/6/538 358/22/542
f 358/22/542 359/6/538 357/3/543
f 358/815/542 362/816/544 360/817/539
f 360/817/539 362/816/544 364/818/541
f 362/12/544 361/13/545 364/14/541
f 364/14/541 361/13/545 363/15/540
f 361/815/545 357/816/543 363/817/540
f 363/817/540 357/816/543 359/818/538
f 361/20/545 362/21/544 357/15/543
f 357/15/543 362/21/544 358/14/542
f 371/20/546 372/21/547 369/15/548
f 369/15/548 372/21/547 370/14/549
f 372/5/547 371/6/546 368/22/550
f 368/22/550 371/6/546 367/3/551
f 366/27/552 370/28/549 368/29/550
f 368/29/550 370/28/549 372/30/547
f 366/12/552 365/13/553 370/14/549
f 370/14/549 365/13/553 369/15/548
f 367/23/551 371/24/546 365/25/553
f 365/25/553 371/24/546 369/26/548
f 365/1/553 366/2/552 367/3/551
f 367/3/551 366/2/552 368/22/550
f 379/20/554 380/21/555 375/15/556
f 375/15/556 380/21/555 376/14/557
f 380/12/555 379/13/554 378/14/558
f 378/14/558 379/13/554 377/15/559
f 378/819/558 374/820/560 380/821/555
f 380/821/555 374/820/560 376/822/557
f 374/5/560 373/6/561 376/22/557
f 376/22/557 373/6/561 375/3/556
f 377/823/559 379/824/554 373/825/561
f 373/825/561 379/824/554 375/826/556
f 373/1/561 374/2/560 377/3/559
f 377/3/559 374/2/560 378/22/558
f 385/20/562 386/21/563 381/15/564
f 381/15/564 386/21/563 382/14/565
f 386/12/563 385/13/562 388/14/566
f 388/14/566 385/13/562 387/15/567
f 388/827/566 384/828/568 386/829/563
f 386/829/563 384/828/568 382/830/565
f 384/5/568 383/6/569 382/22/565
f 382/22/565 383/6/569 381/3/564
f 383/827/569 387/828/567 381/829/564
f 381/829/564 387/828/567 385/830/562
f 383/1/569 384/2/568 387/3/567
f 387/3/567 384/2/568 388/22/566
f 391/20/570 392/21/571 395/15/572
f 395/15/572 392/21/571 396/14/573
f 392/5/571 391/6/570 390/22/574
f 390/22/574 391/6/570 389/3/575
f 390/831/574 394/832/576 392/833/571
f 392/833/571 394/832/576 396/834/573
f 394/12/576 393/13/577 396/14/573
f 396/14/573 393/13/577 395/15/572
f 389/835/575 391/836/570 393/837/577
f 393/837/577 391/836/570 395/838/572
f 393/1/577 394/2/576 389/3/575
f 389/3/575 394/2/576 390/22/574
f 401/1/578 402/2/579 397/3/580
f 397/3/580 402/2/579 398/839/581
f 402/12/579 401/13/578 404/14/582
f 404/14/582 401/13/578 403/15/583
f 402/840/579 404/841/582 398/842/581
f 398/842/581 404/841/582 400/843/584
f 400/5/584 399/6/585 398/839/581
f 398/839/581 399/6/585 397/3/580
f 401/844/578 397/845/580 403/846/583
f 403/846/583 397/845/580 399/847/585
f 399/20/585 400/21/584 403/15/583
f 403/15/583 400/21/584 404/14/582
f 405/1/586 406/2/587 409/3/588
f 409/3/588 406/2/587 410/22/589
f 406/5/587 405/6/586 408/22/590
f 408/22/590 405/6/586 407/3/591
f 408/844/590 412/845/592 406/846/587
f 406/846/587 412/845/592 410/847/589
f 412/12/592 411/13/593 410/14/589
f 410/14/589 411/13/593 409/15/588
f 407/840/591 405/841/586 411/842/593
f 411/842/593 405/841/586 409/843/588
f 411/20/593 412/21/592 407/15/591
f 407/15/591 412/21/592 408/14/590
f 417/1/594 418/2/595 413/3/596
f 413/3/596 418/2/595 414/22/597
f 418/12/595 417/13/594 420/14/598
f 420/14/598 417/13/594 419/15/599
f 420/16/598 416/17/600 418/18/595
f 418/18/595 416/17/600 414/19/597
f 416/5/600 415/6/601 414/22/597
f 414/22/597 415/6/601 413/3/596
f 419/8/599 417/9/594 415/10/601
f 415/10/601 417/9/594 413/11/596
f 415/20/601 416/21/600 419/15/599
f 419/15/599 416/21/600 420/14/598
f 527/20/702 528/21/703 523/15/704
f 523/15/704 528/21/703 524/14/705
f 528/12/703 527/13/702 526/14/706
f 526/14/706 527/13/702 525/15/707
f 528/835/703 526/836/706 524/837/705
f 524/837/705 526/836/706 522/838/708
f 522/5/708 521/6/709 524/1052/705
f 524/1052/705 521/6/709 523/3/704
f 527/831/702 523/832/704 525/833/707
f 525/833/707 523/832/704 521/834/709
f 521/1/709 522/2/708 525/3/707
f 525/3/707 522/2/708 526/1053/706
f 531/20/710 532/21/711 535/15/712
f 535/15/712 532/21/711 536/14/713
f 532/5/711 531/6/710 530/1053/714
f 530/1053/714 531/6/710 529/3/715
f 532/823/711 530/824/714 536/825/713
f 536/825/713 530/824/714 534/826/716
f 534/12/716 533/13/717 536/14/713
f 536/14/713 533/13/717 535/15/712
f 531/819/710 535/820/712 529/821/715
f 529/821/715 535/820/712 533/822/717
f 533/1/717 534/2/716 529/3/715
f 529/3/715 534/2/716 530/1053/714
usemtl 89,149,218.001
f 84/31/17 85/32/18 91/33/19
f 91/33/19 85/32/18 92/34/20
f 80/35/21 69/36/22 91/37/23
f 91/37/23 69/36/22 84/38/23
f 80/39/21 81/40/24 69/41/22
f 69/41/22 81/40/24 70/42/25
f 81/43/23 64/44/23 70/45/23
f 70/45/23 64/44/23 55/46/26
f 55/46/26 64/44/23 57/47/27
f 55/46/26 57/47/27 35/48/28
f 34/31/29 35/32/28 50/33/30
f 50/33/30 35/32/28 57/34/27
f 46/49/31 29/50/32 50/51/23
f 50/51/23 29/50/32 34/52/23
f 46/53/31 47/54/33 29/55/32
f 29/55/32 47/54/33 22/56/34
f 47/57/35 39/58/36 22/59/36
f 22/59/36 39/58/36 24/60/37
f 24/60/37 39/58/36 42/61/38
f 28/62/39 24/63/37 45/64/40
f 45/64/40 24/63/37 42/65/38
f 49/66/41 32/67/42 45/68/23
f 45/68/23 32/67/42 28/69/23
f 49/53/41 56/54/43 32/55/42
f 32/55/42 56/54/43 33/56/44
f 33/70/44 56/71/43 60/72/45
f 33/70/44 60/72/45 54/73/23
f 54/73/23 60/72/45 71/74/46
f 54/73/23 71/74/46 68/75/47
f 67/62/48 68/63/47 79/64/49
f 79/64/49 68/63/47 71/65/46
f 82/76/23 67/77/48 89/78/23
f 89/78/23 67/77/48 79/79/49
f 89/53/50 90/54/51 82/55/52
f 82/55/52 90/54/51 83/56/53
f 90/80/54 98/81/55 83/82/56
f 83/82/56 98/81/55 99/83/57
f 99/83/57 98/81/55 110/84/58
f 99/83/57 110/84/58 111/85/59
f 119/62/60 111/63/61 132/64/62
f 132/64/62 111/63/61 110/65/63
f 119/86/23 132/87/23 128/88/64
f 128/88/64 132/87/23 139/89/65
f 149/56/66 128/55/64 150/54/67
f 150/54/67 128/55/64 139/53/65
f 215/90/68 213/91/69 177/92/35
f 177/92/35 213/91/69 178/93/36
f 177/92/35 178/93/36 149/94/23
f 177/92/35 149/94/23 150/95/23
f 215/65/68 238/64/70 213/63/69
f 213/63/69 238/64/70 237/62/71
f 254/96/72 244/97/73 238/98/23
f 238/98/23 244/97/73 237/99/23
f 254/53/72 255/54/74 244/55/73
f 244/55/73 255/54/74 266/56/75
f 22/100/76 23/101/77 31/102/78
f 22/100/76 31/102/78 29/103/79
f 29/103/79 31/102/78 35/104/80
f 35/104/80 31/102/78 41/105/81
f 35/104/80 41/105/81 55/106/82
f 55/106/82 41/105/81 70/107/25
f 70/107/25 41/105/81 75/108/83
f 70/107/25 75/108/83 69/109/22
f 69/109/22 75/108/83 85/110/84
f 69/109/22 85/110/84 84/111/85
f 23/112/77 22/113/76 24/114/86
f 23/112/77 24/114/86 30/115/87
f 30/115/87 24/114/86 28/116/88
f 30/115/87 28/116/88 32/117/42
f 30/115/87 32/117/42 33/118/44
f 30/115/87 33/118/44 36/119/89
f 36/119/89 33/118/44 54/120/90
f 36/119/89 54/120/90 68/121/47
f 36/119/89 68/121/47 74/122/91
f 74/122/91 68/121/47 67/123/48
f 82/124/92 83/125/93 67/123/48
f 67/123/48 83/125/93 74/122/91
f 74/122/91 83/125/93 95/126/94
f 95/126/94 83/125/93 99/127/57
f 95/126/94 99/127/57 111/128/59
f 111/128/95 119/129/96 128/130/64
f 128/130/64 149/131/66 111/128/95
f 111/128/95 149/131/66 161/132/97
f 161/132/97 149/131/66 178/133/98
f 161/132/97 178/133/98 213/134/99
f 161/132/97 213/134/99 235/135/100
f 235/135/100 213/134/99 244/136/101
f 244/136/101 213/134/99 237/137/102
f 244/136/101 266/138/103 235/135/100
f 235/135/100 266/138/103 276/139/104
f 276/139/104 266/138/103 287/140/105
f 276/139/104 287/140/105 302/141/106
f 302/141/106 287/140/105 298/142/107
f 302/141/106 298/142/107 304/143/108
f 302/141/106 304/143/108 308/144/109
f 302/141/106 308/144/109 313/145/110
f 313/145/110 308/144/109 326/146/111
f 313/145/110 326/146/111 342/147/112
f 313/145/110 342/147/112 345/148/113
f 345/148/113 342/147/112 341/149/114
f 347/150/115 348/151/116 341/149/114
f 341/149/114 348/151/116 345/148/113
f 345/148/113 348/151/116 352/152/117
f 352/152/117 348/151/116 351/153/118
f 352/152/117 351/153/118 346/154/119
f 346/154/119 351/153/118 350/155/120
f 346/154/119 350/155/120 343/156/121
f 350/155/120 349/157/122 343/156/121
f 343/156/121 344/158/123 346/154/119
f 346/154/119 344/158/123 320/159/124
f 320/159/124 344/158/123 327/160/125
f 320/159/124 327/160/125 310/161/126
f 320/159/124 310/161/126 290/162/127
f 290/162/127 310/161/126 299/163/128
f 299/163/128 310/161/126 309/164/129
f 299/163/128 288/165/130 290/162/127
f 290/162/127 288/165/130 277/166/131
f 277/166/131 288/165/130 278/167/132
f 277/166/131 278/167/132 264/168/133
f 264/168/134 267/169/135 241/170/136
f 264/168/134 241/170/136 214/171/137
f 264/168/134 214/171/137 162/172/138
f 162/172/138 214/171/137 179/173/139
f 162/172/138 179/173/139 153/174/140
f 162/172/138 153/174/140 112/175/141
f 112/175/141 153/174/140 129/176/142
f 120/177/143 112/175/141 129/176/142
f 112/175/144 100/178/145 96/179/146
f 96/179/146 100/178/145 85/110/84
f 96/179/146 85/110/84 75/108/83
f 35/104/80 34/180/147 29/103/79
f 298/181/23 292/182/23 304/183/108
f 304/183/108 292/182/23 296/184/148
f 296/53/148 300/54/149 304/55/108
f 304/55/108 300/54/149 308/56/109
f 300/185/150 307/186/151 308/187/152
f 308/187/152 307/186/151 326/188/23
f 326/188/23 307/186/151 321/189/153
f 326/188/23 321/189/153 342/190/153
f 341/62/114 342/63/112 323/64/154
f 323/64/154 342/63/112 321/65/155
f 347/191/23 341/192/114 330/193/23
f 330/193/23 341/192/114 323/194/154
f 330/39/156 331/40/157 347/41/158
f 347/41/158 331/40/157 348/42/159
f 348/195/159 331/196/157 336/197/26
f 348/195/159 336/197/26 351/198/26
f 351/198/26 336/197/26 350/199/23
f 350/199/23 336/197/26 333/200/23
f 349/31/160 350/32/160 332/33/160
f 332/33/160 350/32/160 333/34/160
f 324/201/161 343/202/121 332/203/23
f 332/203/23 343/202/121 349/204/23
f 324/39/161 325/40/162 343/41/121
f 343/41/121 325/40/162 344/42/123
f 344/205/23 325/206/23 327/207/153
f 327/207/153 325/206/23 316/208/153
f 327/207/153 316/208/153 310/209/163
f 310/209/163 316/208/153 301/210/164
f 309/31/165 310/32/163 297/33/166
f 297/33/166 310/32/163 301/34/164
f 309/211/23 297/212/23 299/213/167
f 299/213/167 297/212/23 293/214/168
f 293/39/168 294/40/169 299/41/167
f 299/41/167 294/40/169 288/42/170
f 294/215/56 280/216/171 288/217/172
f 288/217/172 280/216/171 278/218/173
f 278/218/173 280/216/171 257/219/174
f 278/218/173 257/219/174 264/220/175
f 267/31/135 264/32/134 256/33/176
f 256/33/176 264/32/134 257/34/177
f 267/221/23 256/222/23 241/223/136
f 241/223/136 256/222/23 239/224/178
f 239/39/178 240/40/179 241/41/136
f 241/41/136 240/40/179 214/42/137
f 240/225/180 198/226/181 214/227/182
f 214/227/182 198/226/181 179/228/23
f 179/228/23 198/226/181 152/229/183
f 179/228/23 152/229/183 153/230/140
f 129/31/142 153/32/140 140/33/184
f 140/33/184 153/32/140 152/34/183
f 120/231/23 129/232/142 133/233/23
f 133/233/23 129/232/142 140/234/184
f 133/39/185 134/40/186 120/41/187
f 120/41/187 134/40/186 112/42/188
f 112/235/144 134/236/189 100/237/145
f 100/237/145 134/236/189 103/238/26
f 100/237/145 103/238/26 85/239/18
f 85/239/18 103/238/26 92/240/20
f 266/241/75 255/242/74 272/243/190
f 266/241/75 272/243/190 287/244/191
f 287/244/191 272/243/190 284/245/192
f 298/62/193 287/63/191 292/64/194
f 292/64/194 287/63/191 284/65/192
f 23/246/23 18/247/35 21/248/23
f 23/246/23 21/248/23 31/249/23
f 31/249/23 21/248/23 41/250/23
f 41/250/23 21/248/23 38/251/23
f 41/250/23 38/251/23 63/252/23
f 41/250/23 63/252/23 75/253/23
f 75/253/23 63/252/23 88/254/153
f 75/253/23 88/254/153 96/255/195
f 96/255/195 88/254/153 105/256/196
f 96/255/195 105/256/196 112/257/197
f 112/257/197 105/256/196 148/258/198
f 112/257/197 148/258/198 162/259/199
f 162/259/199 148/258/198 228/260/200
f 162/259/199 228/260/200 264/261/133
f 264/261/133 228/260/200 273/262/201
f 264/261/133 273/262/201 277/263/131
f 277/263/131 273/262/201 286/264/23
f 277/263/131 286/264/23 290/265/202
f 290/265/202 286/264/23 312/266/202
f 290/265/202 312/266/202 320/267/202
f 320/267/202 312/266/202 338/268/23
f 320/267/202 338/268/23 354/269/23
f 320/267/202 354/269/23 346/270/23
f 346/270/23 354/269/23 356/271/23
f 346/270/23 356/271/23 352/272/35
f 352/272/35 356/271/23 353/273/35
f 352/272/35 353/273/35 345/274/35
f 345/274/35 353/273/35 313/275/153
f 313/275/153 353/273/35 337/276/153
f 313/275/153 337/276/153 311/277/23
f 313/275/153 311/277/23 302/278/23
f 302/278/23 311/277/23 283/279/23
f 302/278/23 283/279/23 276/280/23
f 276/280/23 283/279/23 249/281/35
f 276/280/23 249/281/35 235/282/203
f 235/282/203 249/281/35 201/283/203
f 235/282/203 201/283/203 161/284/204
f 161/284/204 201/283/203 147/285/205
f 161/284/204 147/285/205 111/286/206
f 111/286/206 147/285/205 104/287/207
f 111/286/206 104/287/207 95/288/208
f 95/288/208 104/287/207 76/289/202
f 95/288/208 76/289/202 74/290/23
f 74/290/23 76/289/202 53/291/23
f 74/290/23 53/291/23 36/292/202
f 36/292/202 53/291/23 27/293/202
f 36/292/202 27/293/202 20/294/23
f 36/292/202 20/294/23 30/295/23
f 30/295/23 20/294/23 23/246/23
f 23/246/23 20/294/23 18/247/35
f 334/296/209 336/297/210 335/298/211
f 335/298/211 336/297/210 331/299/212
f 336/297/210 334/296/209 333/300/213
f 333/300/213 334/296/209 322/301/214
f 333/300/213 322/301/214 332/302/215
f 332/302/215 322/301/214 324/303/161
f 324/303/161 322/301/214 325/304/162
f 325/304/162 322/301/214 316/305/216
f 316/305/216 322/301/214 314/306/217
f 316/305/216 314/306/217 301/307/164
f 301/307/164 314/306/217 295/308/218
f 301/307/164 295/308/218 297/309/166
f 297/309/166 295/308/218 293/310/219
f 293/310/219 295/308/218 294/311/220
f 294/311/220 295/308/218 281/312/221
f 294/311/220 281/312/221 280/313/222
f 280/313/222 281/312/221 257/314/223
f 257/314/223 281/312/221 265/315/224
f 257/314/223 265/315/224 242/316/225
f 257/314/223 242/316/225 256/317/226
f 256/317/226 242/316/225 239/318/178
f 239/318/178 242/316/225 240/319/179
f 242/316/225 225/320/227 240/319/179
f 240/319/179 225/320/227 198/321/228
f 198/321/228 225/320/227 186/322/229
f 198/321/228 186/322/229 152/323/183
f 152/323/183 186/322/229 158/324/230
f 152/323/183 158/324/230 137/325/231
f 152/323/183 137/325/231 140/326/184
f 140/326/184 137/325/231 133/327/232
f 133/327/232 137/325/231 134/328/233
f 134/328/233 137/325/231 108/329/234
f 134/328/233 108/329/234 103/330/235
f 103/330/235 108/329/234 94/331/236
f 103/330/235 94/331/236 92/332/237
f 92/332/237 94/331/236 77/333/238
f 92/332/237 77/333/238 91/334/239
f 91/334/239 77/333/238 80/335/21
f 80/335/21 77/333/238 81/336/24
f 81/336/24 77/333/238 64/337/240
f 64/337/240 77/333/238 62/338/241
f 64/337/240 62/338/241 57/339/27
f 57/339/27 62/338/241 48/340/242
f 57/339/27 48/340/242 50/341/30
f 50/341/30 48/340/242 46/342/243
f 46/342/243 48/340/242 47/343/244
f 47/343/244 48/340/242 43/344/245
f 47/343/244 43/344/245 39/345/246
f 39/345/246 43/344/245 40/346/247
f 39/347/246 40/348/247 42/349/248
f 42/349/248 40/348/247 44/350/249
f 42/349/248 44/350/249 45/351/250
f 45/351/250 44/350/249 49/352/41
f 49/352/41 44/350/249 56/353/43
f 44/350/249 58/354/251 56/353/43
f 56/353/43 58/354/251 60/355/252
f 60/355/252 58/354/251 66/356/253
f 60/355/252 66/356/253 71/357/46
f 71/357/46 66/356/253 87/358/254
f 71/357/46 87/358/254 79/359/49
f 79/359/49 87/358/254 89/360/255
f 89/360/255 87/358/254 90/361/256
f 90/361/256 87/358/254 98/362/257
f 98/362/257 87/358/254 102/363/258
f 98/362/257 102/363/258 110/364/259
f 110/364/259 102/363/258 113/365/260
f 110/364/259 113/365/260 132/366/261
f 132/366/261 113/365/260 139/367/65
f 139/367/65 113/365/260 150/368/67
f 113/365/260 157/369/262 150/368/67
f 150/368/67 157/369/262 177/370/263
f 177/370/263 157/369/262 206/371/264
f 177/370/263 206/371/264 215/372/68
f 215/372/68 206/371/264 245/373/265
f 215/372/68 245/373/265 238/374/70
f 238/374/70 245/373/265 254/375/266
f 254/375/266 245/373/265 255/376/267
f 255/376/267 245/373/265 271/377/268
f 255/376/267 271/377/268 272/378/269
f 272/378/269 271/377/268 284/379/270
f 284/379/270 271/377/268 285/380/271
f 284/379/270 285/380/271 292/381/272
f 292/381/272 285/380/271 296/382/148
f 296/382/148 285/380/271 300/383/149
f 285/380/271 303/384/273 300/383/149
f 300/383/149 303/384/273 307/385/274
f 307/385/274 303/384/273 319/386/275
f 307/385/274 319/386/275 321/387/155
f 321/387/155 319/386/275 328/388/276
f 321/387/155 328/388/276 323/389/154
f 323/389/154 328/388/276 330/390/277
f 330/390/277 328/388/276 331/299/212
f 331/299/212 328/388/276 335/298/211
f 26/391/278 62/392/241 77/393/238
f 26/391/278 77/393/238 52/394/279
f 52/394/279 77/393/238 73/395/280
f 73/395/280 77/393/238 94/396/236
f 73/395/280 94/396/236 97/397/281
f 97/397/281 94/396/236 108/398/234
f 97/397/281 108/398/234 137/399/231
f 97/397/281 137/399/231 158/400/230
f 97/397/281 158/400/230 174/401/282
f 334/402/209 335/403/211 340/404/283
f 340/404/283 335/403/211 355/405/284
f 355/405/284 335/403/211 328/406/276
f 355/405/284 328/406/276 329/407/285
f 329/407/285 328/406/276 319/408/275
f 329/407/285 319/408/275 303/409/273
f 329/407/285 303/409/273 291/410/286
f 291/410/286 303/409/273 285/411/271
f 251/412/287 259/413/288 260/414/289
f 259/415/288 251/416/287 243/417/290
f 243/417/290 251/416/287 236/418/291
f 243/417/290 236/418/291 227/419/292
f 227/419/292 236/418/291 193/420/293
f 227/419/292 193/420/293 195/421/294
f 195/421/294 193/420/293 169/422/295
f 169/422/295 193/420/293 145/423/296
f 169/422/295 145/423/296 142/424/297
f 142/424/297 145/423/296 126/425/298
f 126/425/298 145/423/296 127/426/299
f 126/425/298 127/426/299 122/427/300
f 122/427/300 127/426/299 124/428/301
f 124/428/301 127/426/299 131/429/302
f 124/428/301 131/429/302 136/430/303
f 136/430/303 131/429/302 155/431/304
f 155/431/304 131/429/302 167/432/305
f 155/431/304 167/432/305 185/433/306
f 185/433/306 167/432/305 207/434/307
f 207/434/307 167/432/305 212/435/308
f 207/434/307 212/435/308 231/436/309
f 231/436/309 212/435/308 252/437/310
f 231/436/309 252/437/310 260/414/289
f 260/414/289 252/437/310 251/412/287
f 222/438/311 251/439/312 252/440/313
f 222/438/311 252/440/313 205/441/314
f 205/441/314 252/440/313 212/442/315
f 205/441/314 212/442/315 167/443/316
f 205/441/314 167/443/316 190/444/316
f 190/444/316 167/443/316 176/445/317
f 176/445/317 167/443/316 131/446/317
f 176/445/317 131/446/317 127/447/318
f 176/445/317 127/447/318 171/448/318
f 171/448/318 127/447/318 180/449/319
f 180/449/319 127/447/318 145/450/320
f 180/449/319 145/450/320 196/451/321
f 196/451/321 145/450/320 193/452/322
f 196/451/321 193/452/322 209/453/323
f 209/453/323 193/452/322 236/454/324
f 209/453/323 236/454/324 251/439/312
f 209/453/323 251/439/312 222/438/311
f 18/455/325 17/456/326 19/457/327
f 18/455/325 19/457/327 21/458/328
f 21/458/328 19/457/327 26/459/329
f 20/460/330 17/461/326 18/462/325
f 17/461/326 20/460/330 25/463/331
f 25/463/331 20/460/330 27/464/332
f 25/463/331 27/464/332 51/465/333
f 51/465/333 27/464/332 53/466/334
f 51/465/333 53/466/334 72/467/335
f 72/467/335 53/466/334 76/468/336
f 72/467/335 76/468/336 78/469/337
f 78/469/337 76/468/336 104/470/338
f 78/469/337 104/470/338 116/471/339
f 116/471/339 104/470/338 147/472/340
f 116/471/339 147/472/340 201/473/341
f 116/471/339 201/473/341 217/474/342
f 217/474/342 201/473/341 249/475/343
f 217/474/342 249/475/343 283/476/344
f 217/474/342 283/476/344 282/477/345
f 282/477/345 283/476/344 291/478/346
f 291/478/346 283/476/344 311/479/347
f 291/478/346 311/479/347 329/480/348
f 329/480/348 311/479/347 337/481/349
f 329/480/348 337/481/349 353/482/350
f 329/480/348 353/482/350 355/483/351
f 355/483/351 353/482/350 356/484/352
f 355/483/351 356/484/352 340/485/353
f 340/485/353 356/484/352 354/486/354
f 340/485/353 354/486/354 339/487/355
f 339/487/355 354/486/354 338/488/356
f 339/487/355 338/488/356 306/489/357
f 306/489/357 338/488/356 312/490/358
f 306/489/357 312/490/358 286/491/359
f 306/489/357 286/491/359 269/492/360
f 269/492/360 286/491/359 273/493/361
f 269/492/360 273/493/361 228/494/362
f 269/492/360 228/494/362 226/495/363
f 226/495/363 228/494/362 148/496/364
f 226/495/363 148/496/364 174/497/365
f 174/497/365 148/496/364 97/498/366
f 97/498/366 148/496/364 105/499/367
f 97/498/366 105/499/367 88/500/368
f 97/498/366 88/500/368 73/501/369
f 73/501/369 88/500/368 63/502/370
f 73/501/369 63/502/370 52/503/371
f 52/503/371 63/502/370 38/504/372
f 52/503/371 38/504/372 26/459/329
f 26/459/329 38/504/372 21/458/328
f 322/505/214 334/506/209 317/507/373
f 322/505/214 317/507/373 305/508/374
f 279/509/375 285/510/271 271/511/268
f 279/509/375 271/511/268 274/512/376
f 109/513/377 102/514/258 93/515/378
f 102/514/258 87/516/254 93/515/378
f 43/517/245 48/518/242 59/519/379
f 59/519/379 48/518/242 65/520/380
f 65/520/380 48/518/242 62/521/241
f 158/522/230 186/523/229 187/524/381
f 158/522/230 187/524/381 172/525/382
f 187/524/381 186/523/229 225/526/227
f 314/527/217 322/505/214 305/508/374
f 141/528/383 136/529/384 155/530/385
f 141/528/383 155/530/385 156/531/386
f 156/531/386 155/530/385 185/532/387
f 156/531/386 185/532/387 191/533/388
f 191/533/388 185/532/387 207/534/389
f 191/533/388 207/534/389 211/535/390
f 211/535/390 207/534/389 231/536/391
f 211/535/390 231/536/391 234/537/392
f 234/537/392 231/536/391 253/538/393
f 253/538/393 231/536/391 260/539/394
f 253/538/393 260/539/394 259/540/395
f 253/538/393 259/540/395 258/541/396
f 258/541/396 259/540/395 243/542/397
f 258/541/396 243/542/397 218/543/398
f 218/543/398 243/542/397 227/544/399
f 218/543/398 227/544/399 195/545/400
f 218/543/398 195/545/400 194/546/401
f 194/546/401 195/545/400 182/547/402
f 182/547/402 195/545/400 169/548/403
f 182/547/402 169/548/403 138/549/404
f 138/549/404 169/548/403 142/550/405
f 138/549/404 142/550/405 126/551/406
f 138/549/404 126/551/406 121/552/407
f 121/552/407 126/551/406 122/553/408
f 121/552/407 122/553/408 123/554/409
f 123/555/409 122/556/408 124/557/410
f 123/555/409 124/557/410 136/529/384
f 123/555/409 136/529/384 141/528/383
f 171/558/411 175/559/412 170/560/413
f 171/561/411 170/562/413 176/563/414
f 176/563/414 170/562/413 181/564/415
f 176/563/414 181/564/415 190/565/416
f 190/565/416 181/564/415 197/566/417
f 190/565/416 197/566/417 205/567/418
f 205/567/418 197/566/417 210/568/419
f 205/567/418 210/568/419 222/569/420
f 222/569/420 210/568/419 221/570/421
f 222/569/420 221/570/421 209/571/422
f 209/571/422 221/570/421 204/572/423
f 209/571/422 204/572/423 196/573/424
f 196/573/424 204/572/423 189/574/425
f 196/573/424 189/574/425 180/575/426
f 180/575/426 189/574/425 175/559/412
f 180/575/426 175/559/412 171/558/411
f 87/576/254 66/577/253 72/578/427
f 72/578/427 66/577/253 51/579/428
f 51/579/428 66/577/253 58/580/251
f 44/581/249 25/582/429 58/580/251
f 58/580/251 25/582/429 51/579/428
f 25/582/429 44/581/249 17/583/430
f 17/583/430 44/581/249 40/584/247
f 17/583/430 40/584/247 19/585/431
f 19/585/431 40/584/247 43/586/245
f 118/587/432 86/588/433 166/589/434
f 166/589/434 86/588/433 101/590/435
f 166/589/434 138/591/404 118/587/432
f 118/587/432 138/591/404 121/592/436
f 138/591/404 166/589/434 182/593/402
f 101/594/435 86/595/433 78/596/437
f 78/596/437 86/595/433 72/597/427
f 271/598/268 245/599/265 282/600/438
f 282/600/438 245/599/265 206/601/264
f 282/600/438 206/601/264 217/602/439
f 217/602/439 206/601/264 157/603/262
f 217/602/439 157/603/262 116/604/440
f 116/604/440 157/603/262 78/605/441
f 78/605/441 157/603/262 113/606/260
f 113/606/260 102/607/258 78/605/441
f 289/608/442 275/609/443 291/610/444
f 291/610/444 275/609/443 282/611/438
f 289/612/442 262/613/445 275/614/443
f 275/614/443 262/613/445 216/615/446
f 216/615/446 262/613/445 218/616/398
f 218/616/398 262/613/445 258/617/447
f 216/615/446 218/616/398 194/618/401
f 315/619/448 318/620/449 339/621/450
f 339/621/450 318/620/449 340/622/283
f 258/623/447 270/624/451 253/625/452
f 318/626/449 250/627/453 270/624/451
f 270/624/451 250/627/453 253/625/452
f 250/627/453 318/626/449 315/628/448
f 253/625/452 250/627/453 234/629/454
f 226/630/455 225/631/227 242/632/225
f 226/630/455 242/632/225 269/633/456
f 269/633/456 242/632/225 265/634/224
f 269/633/456 265/634/224 281/635/221
f 269/633/456 281/635/221 306/636/457
f 306/636/457 281/635/221 295/637/218
f 306/636/457 295/637/218 314/638/217
f 306/636/457 314/638/217 339/639/458
f 173/640/459 168/641/460 188/642/461
f 188/642/461 168/641/460 191/643/462
f 191/643/462 168/641/460 156/644/463
f 211/645/464 224/646/465 191/643/462
f 191/643/462 224/646/465 188/642/461
f 188/647/461 226/648/455 174/649/466
f 174/649/466 173/650/459 188/647/461
f 37/651/467 61/652/468 19/653/469
f 19/653/469 61/652/468 26/654/278
f 141/655/470 115/656/471 123/657/472
f 115/656/471 61/658/468 37/659/467
f 37/659/467 107/660/473 115/656/471
f 115/656/471 107/660/473 123/657/472
f 123/657/472 107/660/473 121/661/436
f 154/662/474 151/663/475 170/664/476
f 170/664/476 151/663/475 181/665/477
f 181/665/477 151/663/475 159/666/55
f 181/665/477 159/666/55 184/667/478
f 181/665/477 184/667/478 197/668/478
f 197/668/478 184/667/478 200/669/479
f 197/668/478 200/669/479 210/670/480
f 210/670/480 200/669/479 220/671/481
f 210/670/480 220/671/481 221/672/482
f 221/672/482 220/671/481 230/673/483
f 221/672/482 230/673/483 204/674/484
f 204/674/484 230/673/483 219/675/485
f 204/674/484 219/675/485 199/676/203
f 204/674/484 199/676/203 189/677/203
f 189/677/203 199/676/203 183/678/56
f 189/677/203 183/678/56 175/679/486
f 175/679/486 183/678/56 154/662/474
f 175/679/486 154/662/474 170/664/476
f 19/680/431 43/681/245 59/682/487
f 19/680/431 59/682/487 37/683/467
f 37/683/467 59/682/487 107/684/473
f 59/682/487 106/685/488 107/684/473
f 117/686/489 118/687/432 121/688/436
f 117/686/489 121/688/436 125/689/490
f 125/689/490 121/688/436 106/690/488
f 106/690/488 121/688/436 107/691/473
f 86/692/433 118/684/432 93/693/378
f 86/692/433 93/693/378 72/694/427
f 72/694/427 93/693/378 87/695/254
f 118/684/432 117/696/489 93/693/378
f 78/697/441 102/681/258 109/698/377
f 78/697/441 109/698/377 101/699/435
f 101/699/435 109/698/377 166/684/434
f 109/698/377 165/685/491 166/684/434
f 208/700/492 216/701/446 194/702/493
f 208/700/492 194/702/493 192/703/494
f 192/703/494 194/702/493 182/704/495
f 192/703/494 182/704/495 165/705/491
f 165/705/491 182/704/495 166/706/434
f 275/707/443 216/684/446 274/708/376
f 275/707/443 274/708/376 282/709/438
f 282/709/438 274/708/376 271/695/268
f 216/684/446 208/696/492 274/708/376
f 291/710/286 285/681/271 279/711/375
f 291/710/286 279/711/375 289/712/442
f 289/712/442 279/711/375 262/684/445
f 279/711/375 261/685/496 262/684/445
f 268/713/497 270/714/451 258/715/447
f 268/713/497 258/715/447 263/716/498
f 263/716/498 258/715/447 261/717/496
f 261/717/496 258/715/447 262/718/445
f 318/719/449 270/720/451 317/721/499
f 318/719/449 317/721/499 340/722/283
f 340/722/283 317/721/499 334/723/209
f 270/720/451 268/724/497 317/721/499
f 339/725/458 314/726/217 305/727/374
f 339/725/458 305/727/374 315/728/448
f 315/728/448 305/727/374 250/720/453
f 305/727/374 246/729/500 250/720/453
f 223/730/501 224/731/465 211/732/464
f 223/730/501 211/732/464 229/733/502
f 229/733/502 211/732/464 234/734/454
f 229/733/502 234/734/454 246/735/500
f 246/735/500 234/734/454 250/736/453
f 225/723/227 226/737/455 187/738/381
f 187/738/381 226/737/455 188/739/461
f 187/738/381 188/739/461 224/720/465
f 224/720/465 223/724/501 187/738/381
f 174/740/282 158/741/230 173/742/459
f 173/742/459 158/741/230 172/743/503
f 173/742/459 172/743/503 168/720/460
f 172/743/503 160/729/504 168/720/460
f 114/744/505 115/745/471 141/746/470
f 114/744/505 141/746/470 146/747/506
f 146/747/506 141/746/470 156/748/463
f 146/747/506 156/748/463 160/749/504
f 160/749/504 156/748/463 168/750/460
f 61/751/468 115/684/471 65/752/380
f 61/751/468 65/752/380 26/753/278
f 26/753/278 65/752/380 62/695/241
f 115/684/471 114/696/505 65/752/380
f 154/754/507 130/755/508 151/756/509
f 151/757/509 130/758/508 135/759/510
f 130/755/508 154/754/507 143/760/511
f 143/760/511 154/754/507 163/761/512
f 163/761/512 154/754/507 183/762/513
f 163/761/512 183/762/513 199/763/514
f 163/761/512 199/763/514 202/764/515
f 202/764/515 199/763/514 219/765/516
f 202/764/515 219/765/516 232/766/517
f 232/766/517 219/765/516 230/767/518
f 232/766/517 230/767/518 247/768/519
f 247/768/519 230/767/518 248/769/520
f 248/769/520 230/767/518 220/770/521
f 248/769/520 220/770/521 233/771/522
f 233/771/522 220/770/521 203/772/523
f 203/772/523 220/770/521 200/773/524
f 203/772/523 200/773/524 184/774/525
f 203/772/523 184/774/525 164/775/526
f 164/775/526 184/774/525 159/776/527
f 164/775/526 159/776/527 144/777/528
f 144/777/528 159/776/527 151/757/509
f 144/777/528 151/757/509 135/759/510
f 114/778/505 135/779/36 106/780/36
f 114/778/505 106/780/36 65/781/380
f 65/781/380 106/780/36 59/782/379
f 135/779/36 114/778/505 144/783/529
f 144/783/529 114/778/505 146/784/529
f 144/783/529 146/784/529 164/785/530
f 164/785/530 146/784/529 160/786/151
f 164/785/530 160/786/151 223/787/501
f 223/787/501 160/786/151 187/788/381
f 172/789/23 187/788/381 160/786/151
f 164/785/530 223/787/501 203/790/531
f 203/790/531 223/787/501 229/791/56
f 203/790/531 229/791/56 233/792/172
f 233/792/172 229/791/56 246/793/500
f 233/792/172 246/793/500 248/794/55
f 248/794/55 246/793/500 268/795/171
f 268/795/171 246/793/500 305/796/374
f 268/795/171 305/796/374 317/797/373
f 248/794/55 268/795/171 247/798/171
f 247/798/171 268/795/171 263/799/171
f 247/798/171 263/799/171 261/800/496
f 247/798/171 261/800/496 232/801/171
f 232/801/171 261/800/496 202/802/532
f 202/802/532 261/800/496 208/803/478
f 261/800/496 279/804/375 208/803/478
f 208/803/478 279/804/375 274/805/376
f 202/802/532 208/803/478 192/806/533
f 202/802/532 192/806/533 163/807/534
f 163/807/534 192/806/533 165/808/535
f 163/807/534 165/808/535 117/809/489
f 117/809/489 165/808/535 93/810/378
f 109/811/377 93/810/378 165/808/535
f 163/807/534 117/809/489 143/812/36
f 143/812/36 117/809/489 130/813/536
f 130/813/536 117/809/489 125/814/537
f 130/813/536 125/814/537 106/780/36
f 130/813/536 106/780/36 135/779/36
f 431/848/602 429/849/603 430/850/604
f 430/851/604 429/852/603 432/853/605
f 430/851/604 432/853/605 437/854/606
f 437/854/606 432/853/605 436/855/607
f 437/854/606 436/855/607 445/856/608
f 445/856/608 436/855/607 444/857/609
f 445/856/608 444/857/609 453/858/610
f 453/858/610 444/857/609 452/859/611
f 453/858/610 452/859/611 460/860/612
f 460/860/612 452/859/611 462/861/613
f 460/860/612 462/861/613 465/862/614
f 465/862/614 462/861/613 470/863/615
f 465/862/614 470/863/615 472/864/616
f 472/864/616 470/863/615 476/865/617
f 472/864/616 476/865/617 480/866/618
f 480/866/618 476/865/617 483/867/619
f 480/866/618 483/867/619 491/868/620
f 491/868/620 483/867/619 490/869/621
f 491/868/620 490/869/621 497/870/622
f 491/868/620 497/870/622 499/871/623
f 499/871/623 497/870/622 506/872/624
f 506/872/624 497/870/622 505/873/625
f 506/872/624 505/873/625 513/874/626
f 506/872/624 513/874/626 514/875/627
f 514/875/627 513/874/626 515/876/628
f 514/875/627 515/876/628 512/877/629
f 512/877/629 515/876/628 511/878/630
f 512/877/629 511/878/630 504/879/631
f 504/879/631 511/878/630 503/880/632
f 504/879/631 503/880/632 496/881/633
f 496/881/633 503/880/632 495/882/634
f 496/881/633 495/882/634 487/883/635
f 487/883/635 495/882/634 486/884/636
f 487/883/635 486/884/636 475/885/637
f 475/885/637 486/884/636 479/886/638
f 475/885/637 479/886/638 468/887/639
f 475/885/637 468/887/639 469/888/640
f 469/888/640 468/887/639 461/889/641
f 461/889/641 468/887/639 459/890/642
f 461/889/641 459/890/642 454/891/643
f 454/891/643 459/890/642 447/892/644
f 454/891/643 447/892/644 448/893/645
f 448/893/645 447/892/644 443/894/646
f 443/894/646 447/892/644 442/895/647
f 443/894/646 442/895/647 435/896/648
f 435/896/648 442/895/647 434/897/649
f 435/896/648 434/897/649 431/848/602
f 431/848/602 434/897/649 429/849/603
f 424/898/462 422/899/462 430/900/462
f 430/900/462 422/899/462 431/901/462
f 431/901/462 422/899/462 425/902/462
f 431/901/462 425/902/462 435/903/462
f 435/903/462 425/902/462 433/904/462
f 435/903/462 433/904/462 443/905/462
f 443/905/462 433/904/462 439/906/462
f 443/905/462 439/906/462 448/907/462
f 448/907/462 439/906/462 449/908/462
f 448/907/462 449/908/462 454/909/462
f 454/909/462 449/908/462 456/910/462
f 454/909/462 456/910/462 461/911/462
f 461/911/462 456/910/462 466/912/462
f 461/911/462 466/912/462 469/913/462
f 469/913/462 466/912/462 475/914/462
f 475/914/462 466/912/462 478/915/462
f 475/914/462 478/915/462 485/916/462
f 475/914/462 485/916/462 487/917/462
f 487/917/462 485/916/462 493/918/462
f 487/917/462 493/918/462 496/919/462
f 496/919/462 493/918/462 501/920/462
f 496/919/462 501/920/462 504/921/462
f 504/921/462 501/920/462 509/922/462
f 504/921/462 509/922/462 512/923/462
f 512/923/462 509/922/462 516/924/462
f 512/923/462 516/924/462 520/925/462
f 512/923/462 520/925/462 514/926/462
f 514/926/462 520/925/462 518/927/462
f 514/926/462 518/927/462 506/928/462
f 506/928/462 518/927/462 507/929/462
f 506/928/462 507/929/462 499/930/462
f 499/930/462 507/929/462 498/931/462
f 499/930/462 498/931/462 491/932/462
f 491/932/462 498/931/462 489/933/462
f 491/932/462 489/933/462 480/934/462
f 480/934/462 489/933/462 482/935/462
f 480/934/462 482/935/462 474/936/462
f 480/934/462 474/936/462 472/937/462
f 472/937/462 474/936/462 464/938/462
f 472/937/462 464/938/462 465/939/462
f 465/939/462 464/938/462 460/940/462
f 460/940/462 464/938/462 458/941/462
f 460/940/462 458/941/462 453/942/462
f 453/942/462 458/941/462 451/943/462
f 453/942/462 451/943/462 445/944/462
f 445/944/462 451/943/462 441/945/462
f 445/944/462 441/945/462 428/946/462
f 445/944/462 428/946/462 437/947/462
f 437/947/462 428/946/462 430/900/462
f 430/900/462 428/946/462 424/898/462
f 423/948/23 421/949/23 429/950/23
f 429/950/23 421/949/23 432/951/23
f 432/951/23 421/949/23 427/952/23
f 432/951/23 427/952/23 436/953/23
f 436/953/23 427/952/23 444/954/23
f 444/954/23 427/952/23 440/955/23
f 444/954/23 440/955/23 450/956/23
f 444/954/23 450/956/23 452/957/23
f 452/957/23 450/956/23 457/958/23
f 452/957/23 457/958/23 462/959/23
f 462/959/23 457/958/23 467/960/23
f 462/959/23 467/960/23 470/961/23
f 470/961/23 467/960/23 473/962/23
f 470/961/23 473/962/23 476/963/23
f 476/963/23 473/962/23 481/964/23
f 476/963/23 481/964/23 483/965/23
f 483/965/23 481/964/23 488/966/23
f 483/965/23 488/966/23 490/967/23
f 490/967/23 488/966/23 494/968/23
f 490/967/23 494/968/23 497/969/23
f 497/969/23 494/968/23 502/970/23
f 497/969/23 502/970/23 505/971/23
f 505/971/23 502/970/23 510/972/23
f 505/971/23 510/972/23 513/973/23
f 513/973/23 510/972/23 517/974/23
f 513/973/23 517/974/23 515/975/23
f 515/975/23 517/974/23 519/976/23
f 515/975/23 519/976/23 511/977/23
f 511/977/23 519/976/23 508/978/23
f 511/977/23 508/978/23 503/979/23
f 503/979/23 508/978/23 500/980/23
f 503/979/23 500/980/23 495/981/23
f 495/981/23 500/980/23 492/982/23
f 495/981/23 492/982/23 486/983/23
f 486/983/23 492/982/23 484/984/23
f 486/983/23 484/984/23 479/985/23
f 479/985/23 484/984/23 477/986/23
f 479/985/23 477/986/23 468/987/23
f 468/987/23 477/986/23 471/988/23
f 468/987/23 471/988/23 463/989/23
f 468/987/23 463/989/23 459/990/23
f 459/990/23 463/989/23 455/991/23
f 459/990/23 455/991/23 447/992/23
f 447/992/23 455/991/23 446/993/23
f 447/992/23 446/993/23 442/994/23
f 442/994/23 446/993/23 438/995/23
f 442/994/23 438/995/23 434/996/23
f 434/996/23 438/995/23 426/997/23
f 434/996/23 426/997/23 429/950/23
f 429/950/23 426/997/23 423/948/23
f 423/998/650 422/999/651 421/1000/652
f 421/1001/652 422/1002/651 424/1003/653
f 421/1001/652 424/1003/653 427/1004/654
f 427/1004/654 424/1003/653 428/1005/655
f 427/1004/654 428/1005/655 440/1006/656
f 440/1006/656 428/1005/655 441/1007/657
f 440/1006/656 441/1007/657 450/1008/658
f 450/1008/658 441/1007/657 451/1009/659
f 450/1008/658 451/1009/659 457/1010/660
f 457/1010/660 451/1009/659 458/1011/661
f 457/1010/660 458/1011/661 464/1012/662
f 457/1010/660 464/1012/662 467/1013/663
f 467/1013/663 464/1012/662 473/1014/664
f 473/1014/664 464/1012/662 474/1015/665
f 473/1014/664 474/1015/665 481/1016/666
f 481/1016/666 474/1015/665 482/1017/667
f 481/1016/666 482/1017/667 488/1018/668
f 488/1018/668 482/1017/667 489/1019/669
f 488/1018/668 489/1019/669 494/1020/670
f 494/1020/670 489/1019/669 498/1021/671
f 494/1020/670 498/1021/671 502/1022/672
f 502/1022/672 498/1021/671 507/1023/673
f 502/1022/672 507/1023/673 510/1024/674
f 510/1024/674 507/1023/673 517/1025/675
f 517/1025/675 507/1023/673 518/1026/676
f 517/1025/675 518/1026/676 520/1027/677
f 517/1025/675 520/1027/677 519/1028/678
f 519/1028/678 520/1027/677 516/1029/679
f 519/1028/678 516/1029/679 508/1030/680
f 508/1030/680 516/1029/679 509/1031/681
f 508/1030/680 509/1031/681 500/1032/682
f 500/1032/682 509/1031/681 501/1033/683
f 500/1032/682 501/1033/683 492/1034/684
f 492/1034/684 501/1033/683 493/1035/685
f 492/1034/684 493/1035/685 484/1036/686
f 484/1036/686 493/1035/685 485/1037/687
f 484/1036/686 485/1037/687 477/1038/688
f 477/1038/688 485/1037/687 478/1039/689
f 477/1038/688 478/1039/689 471/1040/690
f 471/1040/690 478/1039/689 466/1041/691
f 471/1040/690 466/1041/691 463/1042/692
f 463/1042/692 466/1041/691 456/1043/693
f 463/1042/692 456/1043/693 455/1044/694
f 455/1044/694 456/1043/693 446/1045/695
f 446/1045/695 456/1043/693 449/1046/696
f 446/1045/695 449/1046/696 439/1047/697
f 446/1045/695 439/1047/697 438/1048/698
f 438/1048/698 439/1047/697 433/1049/699
f 438/1048/698 433/1049/699 426/1050/700
f 426/1050/700 433/1049/699 425/1051/701
f 426/1050/700 425/1051/701 423/998/650
f 423/998/650 425/1051/701 422/999/651
usemtl 202,209,238.001
f 541/1054/462 542/1055/462 543/1056/462
f 543/1056/462 542/1055/462 544/1057/462
f 543/1056/462 544/1057/462 545/1058/718
f 543/1056/462 545/1058/718 546/1059/719
f 542/1055/462 541/1054/462 539/1060/462
f 539/1060/462 541/1054/462 540/1061/462
f 539/1060/462 540/1061/462 537/1062/720
f 539/1060/462 537/1062/720 538/1063/721
f 553/1064/722 541/1065/723 543/1066/724
f 553/1064/722 543/1066/724 555/1067/725
f 555/1067/725 543/1066/724 546/1068/719
f 555/1067/725 546/1068/719 557/1069/726
f 557/1069/726 546/1068/719 545/1070/718
f 557/1069/726 545/1070/718 556/1071/727
f 556/1071/727 545/1070/718 554/1072/728
f 554/1072/728 545/1070/718 544/1073/729
f 554/1072/728 544/1073/729 552/1074/730
f 552/1074/730 544/1073/729 542/1075/731
f 552/1074/730 542/1075/731 539/1076/732
f 552/1074/730 539/1076/732 550/1077/733
f 550/1077/733 539/1076/732 548/1078/734
f 548/1078/734 539/1076/732 538/1079/721
f 548/1078/734 538/1079/721 537/1080/720
f 548/1078/734 537/1080/720 547/1081/735
f 547/1081/735 537/1080/720 549/1082/736
f 549/1082/736 537/1080/720 540/1083/737
f 549/1082/736 540/1083/737 551/1084/738
f 551/1084/738 540/1083/737 541/1085/723
f 551/1084/738 541/1085/723 553/1086/722
f 553/1087/739 561/1088/740 551/1089/741
f 551/1089/741 561/1088/740 558/1090/742
f 551/1089/741 558/1090/742 549/1091/743
f 549/1091/743 558/1090/742 547/1092/744
f 547/1092/744 558/1090/742 548/1093/745
f 548/1093/745 558/1090/742 559/1094/746
f 548/1093/745 559/1094/746 550/1095/747
f 550/1095/747 559/1094/746 560/1096/748
f 550/1095/747 560/1096/748 552/1097/749
f 552/1097/749 560/1096/748 562/1098/750
f 552/1097/749 562/1098/750 554/1099/751
f 554/1099/751 562/1098/750 564/1100/752
f 554/1099/751 564/1100/752 556/1101/753
f 556/1101/753 564/1100/752 557/1102/754
f 557/1102/754 564/1100/752 563/1103/755
f 557/1102/754 563/1103/755 555/1104/756
f 555/1104/756 563/1103/755 561/1105/740
f 555/1104/756 561/1105/740 553/1106/739
f 563/1107/755 564/1108/531 561/1109/740
f 564/1108/531 562/1110/55 561/1109/740
f 561/1109/740 562/1110/55 560/1111/757
f 561/1109/740 560/1111/757 558/1112/742
f 558/1112/742 560/1111/757 559/1113/746
f 657/1114/758 635/1115/759 659/1116/760
f 659/1116/760 635/1115/759 647/1117/761
f 659/1116/760 647/1117/761 660/1118/762
f 660/1118/762 647/1117/761 652/1119/763
f 660/1118/762 652/1119/763 661/1120/764
f 661/1120/764 652/1119/763 648/1121/765
f 661/1120/764 648/1121/765 658/1122/766
f 658/1122/766 648/1121/765 645/1123/767
f 658/1122/766 645/1123/767 656/1124/768
f 656/1124/768 645/1123/767 643/1125/769
f 656/1124/768 643/1125/769 654/1126/770
f 654/1126/770 643/1125/769 641/1127/771
f 654/1126/770 641/1127/771 653/1128/772
f 653/1128/772 641/1127/771 639/1129/773
f 653/1128/772 639/1129/773 642/1130/774
f 653/1128/772 642/1130/774 655/1131/775
f 655/1131/775 642/1130/774 657/1132/758
f 657/1132/758 642/1130/774 635/1133/759
f 654/1134/770 657/1135/23 659/1136/23
f 654/1134/770 659/1136/23 660/1137/23
f 654/1134/770 660/1137/23 661/1138/23
f 654/1134/770 661/1138/23 658/1139/766
f 654/1134/770 658/1139/766 656/1140/768
f 654/1134/770 653/1141/772 655/1142/23
f 654/1134/770 655/1142/23 657/1135/23
f 633/1143/776 620/1144/777 635/1145/778
f 633/1143/776 644/1146/779 616/1147/780
f 616/1147/780 644/1146/779 630/1148/781
f 630/1148/781 640/1149/782 613/1150/783
f 613/1150/783 640/1149/782 631/1151/784
f 614/1152/785 631/1151/784 618/1153/786
f 631/1151/784 632/1154/787 618/1153/786
f 632/1154/787 634/1155/788 618/1153/786
f 618/1153/786 634/1155/788 621/1156/789
f 634/1157/788 646/1158/790 621/1159/789
f 621/1159/789 646/1158/790 636/1160/791
f 625/1161/792 636/1160/791 650/1162/793
f 650/1162/793 651/1163/794 625/1161/792
f 625/1161/792 651/1163/794 626/1164/795
f 626/1164/795 651/1163/794 638/1165/796
f 638/1165/796 622/1166/797 626/1164/795
f 638/1165/796 649/1167/798 622/1166/797
f 622/1166/797 649/1167/798 637/1168/799
f 637/1168/799 635/1145/778 622/1166/797
f 622/1166/797 635/1145/778 620/1144/777
f 613/1150/783 631/1151/784 614/1152/785
f 616/1147/780 630/1148/781 613/1150/783
f 620/1144/777 633/1143/776 616/1147/780
f 621/1159/789 636/1160/791 625/1161/792
f 619/1169/800 620/1170/777 616/1171/780
f 619/1169/800 616/1171/780 615/1172/801
f 615/1172/801 616/1171/780 611/1173/802
f 611/1173/802 616/1171/780 613/1174/783
f 611/1173/802 613/1174/783 610/1175/803
f 610/1175/803 613/1174/783 614/1176/785
f 610/1175/803 614/1176/785 612/1177/804
f 612/1177/804 614/1176/785 618/1178/786
f 612/1177/804 618/1178/786 617/1179/805
f 617/1179/805 618/1178/786 621/1180/789
f 617/1179/805 621/1180/789 623/1181/806
f 623/1181/806 621/1180/789 625/1182/792
f 623/1181/806 625/1182/792 628/1183/807
f 628/1183/807 625/1182/792 629/1184/808
f 629/1184/808 625/1182/792 626/1185/795
f 629/1184/808 626/1185/795 627/1186/809
f 627/1186/809 626/1185/795 622/1187/797
f 627/1186/809 622/1187/797 624/1188/810
f 624/1188/810 622/1187/797 619/1169/800
f 619/1169/800 622/1187/797 620/1170/777
f 619/1189/811 597/1190/812 588/1191/813
f 619/1189/811 588/1191/813 624/1192/814
f 624/1192/814 588/1191/813 598/1193/815
f 624/1192/814 598/1193/815 627/1194/816
f 627/1194/816 598/1193/815 600/1195/817
f 627/1194/816 600/1195/817 629/1196/818
f 629/1196/818 600/1195/817 601/1197/819
f 629/1196/818 601/1197/819 584/1198/820
f 629/1196/818 584/1198/820 590/1199/821
f 629/1196/818 590/1199/821 628/1200/822
f 628/1200/822 590/1199/821 599/1201/823
f 628/1200/822 599/1201/823 623/1202/824
f 623/1202/824 599/1201/823 589/1203/825
f 623/1202/824 589/1203/825 587/1204/826
f 623/1202/824 587/1204/826 617/1205/827
f 617/1205/827 587/1204/826 586/1206/828
f 617/1205/827 586/1206/828 612/1207/829
f 612/1207/829 586/1206/828 596/1208/830
f 612/1207/829 596/1208/830 594/1209/831
f 612/1207/829 594/1209/831 593/1210/832
f 612/1207/829 593/1210/832 610/1211/833
f 610/1211/833 593/1210/832 591/1212/834
f 610/1211/833 591/1212/834 592/1213/835
f 610/1211/833 592/1213/835 611/1214/836
f 611/1214/836 592/1213/835 583/1215/837
f 611/1214/836 583/1215/837 595/1216/838
f 611/1214/836 595/1216/838 615/1217/839
f 615/1217/839 595/1216/838 585/1218/840
f 615/1217/839 585/1218/840 619/1219/811
f 619/1219/811 585/1218/840 597/1220/812
f 584/1221/820 581/1222/841 580/1223/842
f 572/1224/843 568/1225/844 586/1226/828
f 586/1226/828 568/1225/844 596/1227/830
f 596/1227/830 568/1225/844 594/1228/831
f 568/1225/844 566/1229/845 594/1228/831
f 594/1228/831 566/1229/845 593/1230/832
f 566/1229/845 582/1231/846 593/1230/832
f 593/1230/832 582/1231/846 591/1232/834
f 566/1229/845 565/1233/847 582/1231/846
f 582/1231/846 565/1233/847 591/1232/834
f 591/1232/834 565/1233/847 592/1234/835
f 592/1234/835 565/1233/847 583/1235/837
f 565/1233/847 567/1236/848 583/1235/837
f 583/1235/837 567/1236/848 585/1237/840
f 583/1235/837 585/1237/840 595/1238/838
f 585/1237/840 567/1236/848 573/1239/849
f 585/1237/840 573/1239/849 597/1240/812
f 597/1241/812 573/1242/849 588/1243/813
f 598/1244/815 588/1243/813 577/1245/850
f 600/1246/817 598/1244/815 579/1247/851
f 600/1246/817 579/1247/851 601/1248/819
f 601/1248/819 579/1247/851 581/1222/841
f 601/1248/819 581/1222/841 584/1221/820
f 599/1249/823 590/1250/821 580/1223/842
f 599/1249/823 580/1223/842 589/1251/825
f 587/1252/826 589/1251/825 574/1253/852
f 586/1226/828 587/1252/826 572/1224/843
f 588/1243/813 573/1242/849 577/1245/850
f 598/1244/815 577/1245/850 579/1247/851
f 590/1250/821 584/1221/820 580/1223/842
f 589/1251/825 580/1223/842 574/1253/852
f 587/1252/826 574/1253/852 572/1224/843
f 567/1254/848 570/1255/853 573/1256/849
f 573/1256/849 570/1255/853 575/1257/854
f 573/1256/849 575/1257/854 577/1258/850
f 577/1258/850 575/1257/854 579/1259/851
f 579/1259/851 575/1257/854 578/1260/855
f 579/1259/851 578/1260/855 581/1261/841
f 581/1261/841 578/1260/855 580/1262/842
f 580/1262/842 578/1260/855 576/1263/856
f 580/1262/842 576/1263/856 574/1264/852
f 574/1264/852 576/1263/856 572/1265/843
f 572/1265/843 576/1263/856 571/1266/857
f 572/1265/843 571/1266/857 568/1267/844
f 568/1267/844 571/1266/857 566/1268/845
f 566/1268/845 571/1266/857 569/1269/858
f 566/1268/845 569/1269/858 565/1270/847
f 565/1270/847 569/1269/858 567/1254/848
f 567/1254/848 569/1269/858 570/1255/853
f 607/1271/859 576/1272/860 578/1273/861
f 607/1271/859 578/1273/861 608/1274/862
f 605/1275/863 571/1273/864 576/1276/860
f 605/1275/863 576/1276/860 607/1277/859
f 602/1278/865 569/1272/866 603/1279/867
f 603/1279/867 569/1272/866 571/1273/864
f 603/1279/867 571/1273/864 605/1275/863
f 604/1278/868 570/1272/869 602/1280/865
f 602/1280/865 570/1272/869 569/1273/866
f 606/1281/870 575/1273/871 570/1276/872
f 606/1281/870 570/1276/872 604/1277/873
f 608/1274/862 578/1273/861 575/1276/871
f 608/1274/862 575/1276/871 606/1277/870
f 606/1282/870 604/1283/873 609/1284/874
f 609/1285/874 604/1283/873 602/1286/865
f 609/1287/874 602/1286/865 603/1288/867
f 609/1289/874 605/1290/863 607/1291/859
f 609/1292/874 608/1293/862 606/1294/870
f 608/1293/862 609/1295/874 607/1291/859
f 605/1290/863 609/1296/874 603/1288/867
f 666/1297/462 665/1298/462 667/1299/462
f 667/1299/462 665/1298/462 668/1300/462
f 667/1299/462 668/1300/462 669/1301/875
f 667/1299/462 669/1301/875 670/1302/462
f 670/1302/462 669/1301/875 671/1303/876
f 665/1298/462 666/1297/462 663/1304/877
f 665/1298/462 663/1304/877 664/1305/462
f 664/1305/462 663/1304/877 662/1306/878
f 678/1307/879 666/1308/880 667/1309/881
f 678/1310/879 667/1311/881 680/1312/882
f 680/1312/882 667/1311/881 670/1313/883
f 680/1312/882 670/1313/883 671/1314/876
f 680/1312/882 671/1314/876 682/1069/884
f 682/1069/884 671/1314/876 681/1315/885
f 681/1315/885 671/1314/876 669/1316/875
f 681/1315/885 669/1316/875 679/1317/886
f 679/1317/886 669/1316/875 668/1318/887
f 679/1317/886 668/1318/887 677/1319/888
f 677/1319/888 668/1318/887 665/1320/889
f 677/1319/888 665/1320/889 675/1321/890
f 675/1321/890 665/1320/889 664/1322/891
f 675/1321/890 664/1322/891 673/1323/892
f 673/1323/892 664/1322/891 662/1324/878
f 673/1323/892 662/1324/878 672/1325/893
f 672/1325/893 662/1324/878 663/1326/877
f 672/1325/893 663/1326/877 674/1327/894
f 674/1327/894 663/1326/877 676/1328/895
f 676/1328/895 663/1326/877 666/1308/880
f 676/1328/895 666/1308/880 678/1307/879
f 678/1329/896 686/1330/897 676/1331/898
f 676/1331/898 686/1330/897 683/1332/899
f 676/1331/898 683/1332/899 674/1333/900
f 674/1333/900 683/1332/899 672/1334/901
f 672/1334/901 683/1332/899 673/1335/902
f 673/1335/902 683/1332/899 684/1336/903
f 673/1335/902 684/1336/903 675/1337/904
f 675/1337/904 684/1336/903 685/1338/905
f 675/1337/904 685/1338/905 677/1339/906
f 677/1339/906 685/1338/905 687/1340/907
f 677/1339/906 687/1340/907 679/1341/908
f 679/1341/908 687/1340/907 689/1342/909
f 679/1341/908 689/1342/909 681/1343/910
f 681/1343/910 689/1342/909 682/1344/911
f 682/1344/911 689/1342/909 688/1345/912
f 682/1344/911 688/1345/912 680/1346/913
f 680/1346/913 688/1345/912 686/1347/897
f 680/1346/913 686/1347/897 678/1348/896
f 688/1349/912 689/1350/914 686/1351/897
f 689/1350/914 687/1352/535 686/1351/897
f 686/1351/897 687/1352/535 685/1353/915
f 686/1351/897 685/1353/915 683/1354/899
f 683/1354/899 685/1353/915 684/1355/903
f 782/1356/916 761/1357/917 772/1358/918
f 782/1356/916 772/1358/918 785/1359/919
f 785/1359/919 772/1358/918 786/1360/920
f 786/1360/920 772/1358/918 776/1361/921
f 786/1360/920 776/1361/921 784/1362/922
f 784/1362/922 776/1361/921 773/1363/923
f 784/1362/922 773/1363/923 783/1364/924
f 783/1364/924 773/1363/923 770/1365/925
f 783/1364/924 770/1365/925 781/1366/926
f 781/1366/926 770/1365/925 767/1367/927
f 781/1366/926 767/1367/927 779/1368/928
f 779/1368/928 767/1367/927 778/1369/929
f 778/1369/929 767/1367/927 765/1370/930
f 778/1369/929 765/1370/930 780/1371/931
f 780/1371/931 765/1370/930 769/1372/932
f 780/1371/931 769/1372/932 782/1373/916
f 782/1373/916 769/1372/932 761/1374/917
f 782/1375/23 785/1376/23 779/1377/928
f 779/1377/928 785/1376/23 786/1378/23
f 786/1378/23 784/1379/23 779/1377/928
f 779/1377/928 784/1379/23 781/1380/926
f 781/1380/926 784/1379/23 783/1381/924
f 780/1382/23 779/1377/928 778/1383/929
f 779/1377/928 780/1382/23 782/1375/23
f 759/1384/933 746/1385/934 761/1386/935
f 759/1384/933 768/1146/936 742/1387/937
f 742/1387/937 768/1146/936 756/1388/938
f 756/1388/938 766/1389/939 739/1390/940
f 739/1390/940 766/1389/939 757/1391/941
f 740/1392/942 757/1391/941 743/1393/943
f 757/1391/941 758/1394/944 743/1393/943
f 758/1394/944 760/1395/945 743/1393/943
f 743/1393/943 760/1395/945 747/1396/946
f 760/1157/945 771/1397/947 747/1398/946
f 747/1398/946 771/1397/947 762/1399/948
f 751/1400/949 762/1399/948 775/1401/950
f 775/1401/950 777/1402/951 751/1400/949
f 751/1400/949 777/1402/951 752/1403/952
f 752/1403/952 777/1402/951 764/1404/953
f 764/1404/953 748/1405/954 752/1403/952
f 764/1404/953 774/1406/955 748/1405/954
f 748/1405/954 774/1406/955 763/1407/956
f 763/1407/956 761/1386/935 748/1405/954
f 748/1405/954 761/1386/935 746/1385/934
f 739/1390/940 757/1391/941 740/1392/942
f 742/1387/937 756/1388/938 739/1390/940
f 746/1385/934 759/1384/933 742/1387/937
f 747/1398/946 762/1399/948 751/1400/949
f 744/1408/957 746/1409/934 742/1410/937
f 744/1408/957 742/1410/937 741/1411/958
f 741/1411/958 742/1410/937 737/1412/959
f 737/1412/959 742/1410/937 739/1413/940
f 737/1412/959 739/1413/940 735/1414/960
f 735/1414/960 739/1413/940 736/1415/961
f 736/1415/961 739/1413/940 740/1416/942
f 736/1415/961 740/1416/942 738/1417/962
f 738/1417/962 740/1416/942 743/1418/943
f 738/1417/962 743/1418/943 745/1419/963
f 745/1419/963 743/1418/943 747/1420/946
f 745/1419/963 747/1420/946 750/1421/964
f 750/1421/964 747/1420/946 751/1422/949
f 750/1421/964 751/1422/949 753/1423/965
f 753/1423/965 751/1422/949 755/1424/966
f 755/1424/966 751/1422/949 752/1425/952
f 755/1424/966 752/1425/952 754/1426/967
f 754/1426/967 752/1425/952 748/1427/954
f 754/1426/967 748/1427/954 749/1428/968
f 749/1428/968 748/1427/954 744/1408/957
f 744/1408/957 748/1427/954 746/1409/934
f 744/1429/969 712/1430/970 749/1431/971
f 749/1431/971 712/1430/970 713/1432/972
f 749/1431/971 713/1432/972 723/1433/973
f 749/1431/971 723/1433/973 754/1434/974
f 754/1434/974 723/1433/973 724/1435/975
f 754/1434/974 724/1435/975 709/1436/976
f 754/1434/974 709/1436/976 755/1437/977
f 755/1437/977 709/1436/976 714/1438/978
f 755/1437/977 714/1438/978 726/1439/979
f 755/1437/977 726/1439/979 753/1440/980
f 753/1440/980 726/1439/979 725/1441/981
f 753/1440/980 725/1441/981 722/1442/982
f 753/1440/980 722/1442/982 750/1443/983
f 750/1443/983 722/1442/982 721/1444/984
f 750/1443/983 721/1444/984 745/1445/985
f 745/1445/985 721/1444/984 711/1446/986
f 745/1445/985 711/1446/986 738/1447/987
f 738/1447/987 711/1446/986 720/1448/988
f 738/1447/987 720/1448/988 707/1449/989
f 738/1447/987 707/1449/989 736/1450/990
f 736/1450/990 707/1449/989 717/1451/991
f 736/1450/990 717/1451/991 710/1452/992
f 736/1450/990 710/1452/992 735/1453/993
f 735/1453/993 710/1452/992 715/1454/994
f 735/1453/993 715/1454/994 737/1455/995
f 737/1455/995 715/1454/994 716/1456/996
f 737/1455/995 716/1456/996 718/1457/997
f 737/1455/995 718/1457/997 741/1458/998
f 741/1458/998 718/1457/997 719/1459/999
f 741/1458/998 719/1459/999 744/1460/969
f 744/1460/969 719/1459/999 712/1461/970
f 698/1462/1000 712/1463/970 719/1464/999
f 709/1465/976 704/1466/1001 706/1467/1002
f 708/1468/1003 705/1469/1004 700/1470/1005
f 711/1471/986 699/1472/1006 693/1473/1007
f 711/1471/986 693/1473/1007 720/1474/988
f 720/1474/988 693/1473/1007 707/1475/989
f 707/1475/989 691/1476/1008 717/1477/991
f 693/1473/1007 691/1476/1008 707/1475/989
f 717/1477/991 691/1476/1008 710/1478/992
f 691/1476/1008 690/1479/1009 710/1478/992
f 710/1478/992 690/1479/1009 715/1480/994
f 715/1480/994 690/1479/1009 716/1481/996
f 690/1479/1009 692/1482/1010 716/1481/996
f 716/1481/996 692/1482/1010 718/1483/997
f 692/1482/1010 695/1484/1011 718/1483/997
f 718/1483/997 695/1484/1011 719/1464/999
f 695/1484/1011 698/1462/1000 719/1464/999
f 723/1485/973 713/1486/972 704/1466/1001
f 723/1485/973 704/1466/1001 724/1487/975
f 724/1487/975 704/1466/1001 709/1465/976
f 714/1488/978 706/1467/1002 726/1489/979
f 726/1489/979 706/1467/1002 705/1469/1004
f 726/1489/979 705/1469/1004 725/1490/981
f 725/1490/981 705/1469/1004 708/1468/1003
f 725/1490/981 708/1468/1003 722/1491/982
f 722/1491/982 708/1468/1003 700/1470/1005
f 722/1491/982 700/1470/1005 721/1492/984
f 721/1492/984 700/1470/1005 699/1472/1006
f 721/1492/984 699/1472/1006 711/1471/986
f 712/1493/970 698/1494/1000 713/1486/972
f 713/1486/972 698/1494/1000 704/1466/1001
f 709/1465/976 706/1467/1002 714/1488/978
f 698/1495/1000 696/1255/1012 701/1257/1013
f 698/1495/1000 701/1257/1013 704/1496/1001
f 704/1496/1001 701/1257/1013 703/1260/1014
f 704/1496/1001 703/1260/1014 706/1497/1002
f 706/1497/1002 703/1260/1014 705/1498/1004
f 705/1498/1004 703/1260/1014 702/1263/1015
f 705/1498/1004 702/1263/1015 700/1499/1005
f 700/1499/1005 702/1263/1015 699/1500/1006
f 699/1500/1006 702/1263/1015 697/1266/1016
f 699/1500/1006 697/1266/1016 693/1501/1007
f 693/1501/1007 697/1266/1016 691/1502/1008
f 691/1502/1008 697/1266/1016 694/1269/1017
f 691/1502/1008 694/1269/1017 690/1503/1009
f 690/1503/1009 694/1269/1017 692/1504/1010
f 692/1504/1010 694/1269/1017 696/1255/1012
f 692/1504/1010 696/1255/1012 695/1505/1011
f 695/1505/1011 696/1255/1012 698/1495/1000
f 731/1278/865 702/1272/866 732/1279/867
f 732/1279/867 702/1272/866 703/1273/864
f 732/1279/867 703/1273/864 733/1506/863
f 729/1507/868 697/1273/869 731/1508/865
f 731/1508/865 697/1273/869 702/1276/866
f 727/1271/870 694/1272/871 697/1273/872
f 727/1271/870 697/1273/872 729/1507/873
f 728/1509/862 696/1272/861 694/1273/871
f 728/1509/862 694/1273/871 727/1507/870
f 730/1510/859 701/1273/860 696/1276/861
f 730/1510/859 696/1276/861 728/1277/862
f 733/1506/863 703/1273/864 701/1276/860
f 733/1506/863 701/1276/860 730/1277/859
f 734/1511/1018 728/1512/862 727/1513/870
f 727/1513/870 729/1514/873 734/1515/1018
f 734/1516/1018 729/1514/873 731/1517/865
f 734/1518/1018 731/1517/865 732/1519/867
f 734/1520/1018 733/1521/863 730/1522/859
f 733/1521/863 734/1523/1018 732/1519/867
f 728/1512/862 734/1524/1018 730/1525/859
usemtl 238,94,42
f 908/1526/1019 907/1527/1020 912/1528/1021
f 912/1529/1021 907/1530/1020 915/1531/1022
f 912/1529/1021 915/1531/1022 888/1532/1023
f 888/1532/1023 915/1531/1022 916/1533/1024
f 916/1533/1024 915/1531/1022 930/1534/1025
f 930/1534/1025 915/1531/1022 942/1535/1026
f 930/1534/1025 942/1535/1026 939/1536/1027
f 939/1536/1027 942/1535/1026 943/1537/1028
f 943/1537/1028 942/1535/1026 959/1538/1029
f 943/1537/1028 959/1538/1029 960/1539/1030
f 960/1539/1030 959/1538/1029 971/1540/1031
f 960/1539/1030 971/1540/1031 985/1541/1032
f 985/1541/1032 971/1540/1031 996/1542/1033
f 985/1541/1032 996/1542/1033 1067/1543/1034
f 1067/1543/1034 996/1542/1033 1078/1544/1035
f 1067/1543/1034 1078/1544/1035 1105/1545/1036
f 1105/1545/1036 1078/1544/1035 1119/1546/1037
f 1105/1545/1036 1119/1546/1037 1113/1547/1038
f 1113/1547/1038 1119/1546/1037 1115/1548/1039
f 1113/1547/1038 1115/1548/1039 1104/1549/1040
f 1104/1549/1040 1115/1548/1039 1096/1550/1041
f 1104/1549/1040 1096/1550/1041 1063/1551/1042
f 1063/1551/1042 1096/1550/1041 1073/1552/1043
f 1063/1551/1042 1073/1552/1043 1024/1553/1044
f 1063/1551/1042 1024/1553/1044 1018/1554/1045
f 1018/1554/1045 1024/1553/1044 990/1555/1046
f 1018/1554/1045 990/1555/1046 968/1556/1047
f 968/1556/1047 990/1555/1046 969/1557/1048
f 968/1556/1047 969/1557/1048 955/1558/1049
f 907/1527/1020 908/1526/1019 928/1559/1050
f 928/1559/1050 908/1526/1019 927/1560/1051
f 928/1559/1050 927/1560/1051 941/1561/1052
f 941/1561/1052 927/1560/1051 953/1562/1053
f 941/1561/1052 953/1562/1053 958/1563/1054
f 958/1563/1054 953/1562/1053 976/1564/1055
f 958/1563/1054 976/1564/1055 995/1565/1056
f 995/1565/1056 976/1564/1055 981/1566/1057
f 995/1565/1056 981/1566/1057 997/1567/1058
f 997/1567/1058 981/1566/1057 974/1568/1059
f 995/1565/1056 997/1567/1058 1037/1569/1060
f 1037/1569/1060 997/1567/1058 1058/1570/1061
f 1037/1569/1060 1058/1570/1061 1061/1571/1062
f 1061/1571/1062 1058/1570/1061 1064/1572/1063
f 1064/1572/1063 1058/1570/1061 1076/1573/1064
f 1064/1572/1063 1076/1573/1064 1097/1574/1065
f 1097/1574/1065 1076/1573/1064 1107/1575/1066
f 1097/1574/1065 1107/1575/1066 1118/1576/1067
f 1097/1574/1065 1118/1576/1067 1126/1577/1068
f 1126/1577/1068 1118/1576/1067 1130/1578/1069
f 1126/1577/1068 1130/1578/1069 1138/1579/1070
f 1138/1579/1070 1130/1578/1069 1142/1580/1071
f 1138/1579/1070 1142/1580/1071 1151/1581/1072
f 1061/1571/1062 1065/1582/1073 1037/1569/1060
f 1037/1569/1060 1065/1582/1073 1077/1583/1074
f 1077/1583/1074 1065/1582/1073 1094/1584/1075
f 1077/1583/1074 1094/1584/1075 1100/1585/1076
f 1100/1585/1076 1094/1584/1075 1112/1586/1077
f 1100/1585/1076 1112/1586/1077 1133/1587/1078
f 1133/1587/1078 1112/1586/1077 1136/1588/1079
f 1133/1587/1078 1136/1588/1079 1147/1589/1080
f 1147/1589/1080 1136/1588/1079 1153/1590/1081
f 1147/1589/1080 1153/1590/1081 1139/1591/1082
f 1139/1591/1082 1137/1592/1083 1147/1589/1080
f 1147/1589/1080 1137/1592/1083 1134/1593/1084
f 1134/1593/1084 1137/1592/1083 1129/1594/1085
f 1134/1593/1084 1129/1594/1085 1119/1546/1037
f 1119/1546/1037 1129/1594/1085 1115/1548/1039
f 1129/1594/1085 1137/1592/1083 1143/1595/1086
f 930/1534/1025 939/1536/1027 947/1596/1087
f 909/1597/1088 911/1598/1089 916/1533/1024
f 911/1598/1089 909/1597/1088 910/1599/1090
f 910/1599/1090 909/1597/1088 913/1600/1091
f 910/1601/1090 913/1602/1091 926/1603/1092
f 910/1601/1090 926/1603/1092 929/1604/1093
f 929/1604/1093 926/1603/1092 937/1605/1094
f 929/1604/1093 937/1605/1094 940/1606/1095
f 940/1606/1095 937/1605/1094 954/1607/1096
f 940/1606/1095 954/1607/1096 967/1608/1097
f 916/1533/1024 911/1598/1089 888/1532/1023
f 1177/1609/1098 1137/1610/1099 1182/1611/1100
f 1182/1611/1100 1137/1610/1099 1139/1612/1101
f 1185/1613/1102 1182/1611/1100 1198/1614/1103
f 1185/1613/1102 1198/1614/1103 1196/1615/1104
f 1196/1615/1104 1207/1616/1105 1205/1617/1106
f 1205/1617/1106 1207/1616/1105 1213/1618/1107
f 1264/1619/1108 1247/1620/1109 1263/1621/1110
f 1263/1621/1110 1247/1620/1109 1251/1622/1111
f 1263/1621/1110 1251/1622/1111 1260/1623/1112
f 1260/1623/1112 1251/1622/1111 1236/1624/1113
f 1236/1624/1113 1231/1625/1114 1218/1626/1115
f 1198/1614/1103 1218/1626/1115 1207/1616/1105
f 1198/1614/1103 1207/1616/1105 1196/1615/1104
f 1205/1617/1106 1195/1627/1116 1196/1615/1104
f 1196/1615/1104 1195/1627/1116 1185/1613/1102
f 1186/1628/1117 1177/1609/1098 1182/1611/1100
f 1185/1613/1102 1186/1628/1117 1182/1611/1100
f 1185/1613/1102 1195/1627/1116 1186/1628/1117
f 1213/1618/1107 1207/1616/1105 1219/1629/1118
f 1207/1616/1105 1218/1626/1115 1219/1629/1118
f 1227/1630/1119 1219/1629/1118 1218/1626/1115
f 1233/1631/1120 1227/1630/1119 1231/1625/1114
f 1231/1625/1114 1227/1630/1119 1218/1626/1115
f 1233/1631/1120 1231/1625/1114 1239/1632/1121
f 1239/1632/1121 1231/1625/1114 1236/1624/1113
f 1239/1632/1121 1236/1624/1113 1247/1620/1109
f 1247/1620/1109 1236/1624/1113 1251/1622/1111
f 1137/1633/1099 1177/1634/1098 1143/1635/1122
f 1143/1635/1122 1177/1634/1098 1175/1636/1123
f 1143/1635/1122 1175/1636/1123 1151/1637/1072
f 1151/1637/1072 1175/1636/1123 1191/1638/1124
f 1151/1637/1072 1191/1638/1124 1197/1639/1125
f 1197/1639/1125 1191/1638/1124 1203/1640/1126
f 1177/1634/1098 1186/1641/1117 1175/1636/1123
f 1175/1636/1123 1186/1641/1117 1191/1638/1124
f 1186/1641/1117 1193/1642/1127 1191/1638/1124
f 1186/1641/1117 1195/1643/1116 1193/1642/1127
f 1191/1638/1124 1193/1642/1127 1203/1640/1126
f 1193/1642/1127 1195/1643/1116 1205/1644/1106
f 1193/1642/1127 1205/1644/1106 1203/1640/1126
f 1205/1644/1106 1213/1645/1107 1217/1646/1128
f 1217/1646/1128 1213/1645/1107 1219/1647/1118
f 1217/1646/1128 1219/1647/1118 1227/1648/1119
f 1227/1648/1119 1233/1649/1120 1225/1650/1129
f 1225/1650/1129 1233/1649/1120 1234/1651/1130
f 1224/1652/1131 1234/1651/1130 1240/1653/1132
f 1224/1652/1131 1240/1653/1132 1241/1654/1133
f 1241/1654/1133 1240/1653/1132 1253/1655/1134
f 1241/1654/1133 1253/1655/1134 1257/1656/1135
f 1253/1655/1134 1247/1657/1109 1264/1658/1108
f 1234/1651/1130 1224/1652/1131 1225/1650/1129
f 1227/1648/1119 1225/1650/1129 1217/1646/1128
f 1225/1650/1129 1214/1659/1136 1217/1646/1128
f 1225/1650/1129 1224/1652/1131 1214/1659/1136
f 1214/1659/1136 1224/1652/1131 1197/1639/1125
f 1214/1659/1136 1197/1639/1125 1203/1640/1126
f 1203/1640/1126 1205/1644/1106 1214/1659/1136
f 1214/1659/1136 1205/1644/1106 1217/1646/1128
f 1234/1651/1130 1233/1649/1120 1240/1653/1132
f 1240/1653/1132 1233/1649/1120 1239/1660/1121
f 1240/1653/1132 1239/1660/1121 1247/1657/1109
f 1240/1653/1132 1247/1657/1109 1253/1655/1134
f 1245/1661/1137 1246/1662/1138 1242/1663/1139
f 1248/1664/1140 1250/1665/1141 1243/1666/1142
f 1243/1666/1142 1250/1665/1141 1249/1667/1143
f 1027/1668/23 1011/1669/23 1035/1670/23
f 1248/1664/1140 1243/1666/1142 1246/1662/1138
f 1243/1666/1142 1242/1663/1139 1246/1662/1138
f 1258/1671/1144 1246/1672/1138 1245/1673/1137
f 1258/1671/1144 1245/1673/1137 1255/1674/1145
f 1255/1674/1145 1245/1673/1137 1244/1675/1146
f 1255/1674/1145 1244/1675/1146 1254/1676/1147
f 1254/1676/1147 1244/1675/1146 1252/1677/1148
f 1082/1678/1149 1061/1679/1150 1064/1680/1151
f 1082/1678/1149 1064/1680/1151 1084/1681/1152
f 1064/1680/1151 1103/1682/1153 1084/1681/1152
f 1084/1681/1152 1106/1683/1154 1102/1684/1155
f 1108/1685/1156 1102/1684/1155 1125/1686/1157
f 1132/1687/1158 1103/1682/1153 1159/1688/1159
f 1084/1681/1152 1103/1682/1153 1106/1683/1154
f 1106/1683/1154 1103/1682/1153 1132/1687/1158
f 1140/1689/1160 1144/1690/1161 1125/1686/1157
f 1159/1688/1159 1161/1691/1162 1132/1687/1158
f 1161/1691/1162 1159/1688/1159 1171/1692/1163
f 1171/1692/1163 1184/1693/1164 1168/1694/1165
f 1168/1694/1165 1184/1693/1164 1188/1695/1166
f 1171/1692/1163 1159/1688/1159 1184/1693/1164
f 1188/1695/1166 1184/1693/1164 1194/1696/1167
f 1159/1688/1159 1187/1697/1168 1184/1693/1164
f 1184/1693/1164 1192/1698/1169 1194/1696/1167
f 1194/1696/1167 1192/1698/1169 1199/1699/1170
f 1184/1693/1164 1187/1697/1168 1192/1698/1169
f 1199/1699/1170 1192/1698/1169 1202/1700/1171
f 1192/1698/1169 1201/1701/1172 1202/1700/1171
f 1202/1700/1171 1201/1701/1172 1206/1702/1173
f 1192/1698/1169 1187/1697/1168 1201/1701/1172
f 1206/1702/1173 1201/1701/1172 1211/1703/1174
f 1201/1701/1172 1210/1704/1175 1211/1703/1174
f 1201/1701/1172 1187/1697/1168 1209/1705/1176
f 1201/1701/1172 1209/1705/1176 1210/1704/1175
f 1210/1704/1175 1209/1705/1176 1216/1706/1177
f 1216/1706/1177 1209/1705/1176 1222/1707/1178
f 1209/1705/1176 1228/1708/1179 1222/1707/1178
f 1222/1707/1178 1228/1708/1179 1230/1709/1180
f 1222/1707/1178 1230/1709/1180 1226/1710/1181
f 1226/1710/1181 1230/1709/1180 1232/1711/1182
f 1232/1711/1182 1230/1709/1180 1237/1712/1183
f 1230/1709/1180 1238/1713/1184 1237/1712/1183
f 1230/1709/1180 1228/1708/1179 1238/1713/1184
f 1237/1712/1183 1238/1713/1184 1245/1714/1137
f 1237/1712/1183 1245/1714/1137 1242/1715/1139
f 1228/1708/1179 1244/1716/1146 1238/1713/1184
f 1244/1716/1146 1245/1714/1137 1238/1713/1184
f 1226/1710/1181 1221/1717/1185 1222/1707/1178
f 1222/1707/1178 1221/1717/1185 1216/1706/1177
f 1221/1717/1185 1215/1718/1186 1216/1706/1177
f 1188/1695/1166 1183/1719/1187 1168/1694/1165
f 1183/1719/1187 1169/1720/1188 1168/1694/1165
f 1168/1694/1165 1169/1720/1188 1163/1721/1189
f 1163/1721/1189 1144/1690/1161 1140/1689/1160
f 1102/1684/1155 1082/1678/1149 1084/1681/1152
f 1102/1684/1155 1106/1683/1154 1125/1686/1157
f 1106/1683/1154 1132/1687/1158 1125/1686/1157
f 1140/1689/1160 1125/1686/1157 1132/1687/1158
f 1140/1689/1160 1132/1687/1158 1161/1691/1162
f 1163/1721/1189 1140/1689/1160 1161/1691/1162
f 1161/1691/1162 1168/1694/1165 1163/1721/1189
f 1168/1694/1165 1161/1691/1162 1171/1692/1163
f 1211/1703/1174 1210/1704/1175 1215/1718/1186
f 1215/1718/1186 1210/1704/1175 1216/1706/1177
f 1064/1722/1151 1097/1723/1190 1103/1724/1153
f 1103/1724/1153 1097/1723/1190 1187/1725/1168
f 1103/1724/1153 1187/1725/1168 1159/1726/1159
f 1187/1725/1168 1097/1723/1190 1126/1727/1191
f 1187/1725/1168 1126/1727/1191 1138/1728/1070
f 1187/1725/1168 1138/1728/1070 1209/1729/1176
f 1209/1729/1176 1138/1728/1070 1197/1730/1125
f 1209/1729/1176 1197/1730/1125 1224/1731/1131
f 1197/1730/1125 1138/1728/1070 1151/1732/1072
f 1209/1729/1176 1224/1731/1131 1228/1733/1179
f 1228/1733/1179 1224/1731/1131 1241/1734/1133
f 1241/1734/1133 1252/1735/1148 1228/1733/1179
f 1228/1733/1179 1252/1735/1148 1244/1736/1146
f 1257/1737/1135 1253/1738/1134 1264/1739/1108
f 1264/1739/1108 1266/1740/1192 1262/1741/1193
f 1262/1741/1193 1254/1742/1147 1252/1743/1148
f 1255/1744/1145 1254/1742/1147 1261/1745/1194
f 1258/1746/1144 1255/1744/1145 1261/1745/1194
f 1262/1741/1193 1252/1743/1148 1241/1747/1133
f 1262/1741/1193 1241/1747/1133 1257/1737/1135
f 1262/1741/1193 1257/1737/1135 1264/1739/1108
f 1262/1741/1193 1266/1740/1192 1254/1742/1147
f 1266/1740/1192 1261/1745/1194 1254/1742/1147
f 1264/1748/1108 1263/1749/1110 1267/1750/1195
f 1264/1748/1108 1267/1750/1195 1266/1751/1192
f 1266/1751/1192 1267/1750/1195 1261/1752/1194
f 1261/1752/1194 1267/1750/1195 1265/1753/1196
f 1261/1752/1194 1265/1753/1196 1259/1754/1197
f 1261/1752/1194 1259/1754/1197 1258/1755/1144
f 1256/1756/1198 1250/1757/1141 1259/1754/1197
f 1256/1756/1198 1259/1754/1197 1265/1753/1196
f 1256/1756/1198 1265/1753/1196 1260/1758/1112
f 1260/1758/1112 1265/1753/1196 1267/1750/1195
f 1267/1750/1195 1263/1749/1110 1260/1758/1112
f 1256/1759/1198 1249/1760/1143 1250/1761/1141
f 1259/1762/1197 1250/1761/1141 1248/1763/1140
f 1259/1762/1197 1248/1763/1140 1258/1764/1144
f 1258/1764/1144 1248/1763/1140 1246/1765/1138
f 1101/1766/1199 1065/1767/1200 1090/1768/1201
f 1090/1768/1201 1065/1767/1200 1082/1769/1149
f 1090/1768/1201 1082/1769/1149 1111/1770/1202
f 1111/1770/1202 1082/1769/1149 1108/1771/1156
f 1111/1770/1202 1108/1771/1156 1135/1772/1203
f 1135/1772/1203 1108/1771/1156 1125/1773/1157
f 1135/1772/1203 1125/1773/1157 1150/1774/1204
f 1150/1774/1204 1125/1773/1157 1144/1775/1161
f 1150/1774/1204 1144/1775/1161 1164/1776/1205
f 1164/1776/1205 1144/1775/1161 1163/1777/1189
f 1164/1776/1205 1163/1777/1189 1169/1778/1188
f 1082/1769/1149 1065/1767/1200 1061/1779/1150
f 1082/1769/1149 1102/1780/1155 1108/1771/1156
f 1243/1781/1142 1237/1782/1183 1242/1783/1139
f 1237/1782/1183 1243/1781/1142 1235/1784/1206
f 1237/1782/1183 1235/1784/1206 1232/1785/1182
f 1232/1785/1182 1235/1784/1206 1226/1786/1181
f 1226/1786/1181 1235/1784/1206 1223/1787/1207
f 1226/1786/1181 1223/1787/1207 1221/1788/1185
f 1221/1788/1185 1223/1787/1207 1215/1789/1186
f 1215/1789/1186 1223/1787/1207 1220/1790/1208
f 1215/1789/1186 1220/1790/1208 1212/1791/1209
f 1235/1784/1206 1243/1781/1142 1249/1792/1143
f 1235/1784/1206 1249/1792/1143 1229/1793/1210
f 1235/1784/1206 1229/1793/1210 1223/1787/1207
f 1229/1793/1210 1220/1790/1208 1223/1787/1207
f 1220/1790/1208 1208/1794/1211 1212/1791/1209
f 1212/1791/1209 1208/1794/1211 1204/1795/1212
f 1204/1795/1212 1208/1794/1211 1189/1796/1213
f 1204/1795/1212 1189/1796/1213 1200/1797/1214
f 1200/1797/1214 1189/1796/1213 1190/1798/1215
f 1190/1798/1215 1189/1796/1213 1178/1799/1216
f 1178/1799/1216 1189/1796/1213 1146/1800/1217
f 1178/1799/1216 1146/1800/1217 1164/1776/1205
f 1164/1776/1205 1146/1800/1217 1150/1774/1204
f 1150/1774/1204 1146/1800/1217 1135/1772/1203
f 1135/1772/1203 1146/1800/1217 1111/1770/1202
f 1146/1800/1217 1101/1766/1199 1111/1770/1202
f 1111/1770/1202 1101/1766/1199 1090/1768/1201
f 1178/1799/1216 1164/1776/1205 1169/1778/1188
f 1178/1799/1216 1169/1778/1188 1183/1801/1187
f 1178/1799/1216 1183/1801/1187 1190/1798/1215
f 1190/1798/1215 1183/1801/1187 1188/1802/1166
f 1190/1798/1215 1188/1802/1166 1194/1803/1167
f 1190/1798/1215 1194/1803/1167 1200/1797/1214
f 1200/1797/1214 1194/1803/1167 1199/1804/1170
f 1200/1797/1214 1199/1804/1170 1204/1795/1212
f 1204/1795/1212 1199/1804/1170 1202/1805/1171
f 1204/1795/1212 1202/1805/1171 1206/1806/1173
f 1204/1795/1212 1206/1806/1173 1212/1791/1209
f 1212/1791/1209 1206/1806/1173 1211/1807/1174
f 1211/1807/1174 1215/1789/1186 1212/1791/1209
f 1139/1808/1101 1153/1809/1218 1182/1810/1100
f 1182/1810/1100 1153/1809/1218 1198/1811/1103
f 1198/1811/1103 1153/1809/1218 1136/1812/1219
f 1198/1811/1103 1136/1812/1219 1208/1813/1211
f 1208/1813/1211 1136/1812/1219 1112/1814/1220
f 1208/1813/1211 1112/1814/1220 1189/1815/1213
f 1189/1815/1213 1112/1814/1220 1094/1816/1221
f 1189/1815/1213 1094/1816/1221 1101/1817/1199
f 1094/1816/1221 1065/1818/1200 1101/1817/1199
f 1189/1815/1213 1101/1817/1199 1146/1819/1217
f 1220/1820/1208 1218/1821/1115 1208/1813/1211
f 1208/1813/1211 1218/1821/1115 1198/1811/1103
f 1218/1821/1115 1220/1820/1208 1236/1822/1113
f 1236/1822/1113 1220/1820/1208 1229/1823/1210
f 1236/1822/1113 1229/1823/1210 1260/1824/1112
f 1260/1824/1112 1229/1823/1210 1256/1825/1198
f 1256/1825/1198 1229/1823/1210 1249/1826/1143
f 1141/1827/1222 1151/1828/1072 1142/1829/1071
f 1118/1830/1067 1107/1831/1066 1095/1832/1223
f 1095/1832/1223 1107/1831/1066 1076/1833/1064
f 1076/1833/1064 1058/1834/1061 1031/1835/1224
f 1031/1835/1224 1058/1834/1061 997/1836/1058
f 997/1836/1058 974/1837/1059 972/1838/1225
f 972/1838/1225 974/1837/1059 967/1839/1097
f 972/1838/1225 967/1839/1097 954/1840/1096
f 945/1841/1226 930/1842/1025 947/1843/1087
f 945/1841/1226 947/1843/1087 955/1844/1049
f 955/1844/1049 969/1845/1048 957/1846/1227
f 957/1846/1227 969/1845/1048 984/1847/1228
f 1131/1848/1229 1124/1849/1230 1141/1850/1222
f 1131/1851/1229 1141/1827/1222 1142/1829/1071
f 969/1845/1048 990/1852/1046 984/1847/1228
f 990/1852/1046 1024/1853/1044 984/1847/1228
f 984/1847/1228 1024/1853/1044 1069/1854/1231
f 1024/1853/1044 1073/1855/1043 1069/1854/1231
f 1073/1855/1043 1096/1856/1041 1069/1854/1231
f 1069/1854/1231 1096/1856/1041 1110/1857/1232
f 1096/1856/1041 1115/1858/1039 1110/1857/1232
f 1110/1857/1232 1115/1858/1039 1124/1849/1230
f 1115/1858/1039 1129/1859/1085 1124/1849/1230
f 1129/1859/1085 1143/1860/1086 1124/1849/1230
f 1124/1849/1230 1143/1860/1086 1141/1850/1222
f 1143/1860/1086 1151/1861/1072 1141/1850/1222
f 955/1844/1049 957/1846/1227 945/1841/1226
f 957/1846/1227 933/1862/1233 945/1841/1226
f 945/1841/1226 933/1862/1233 930/1842/1025
f 930/1842/1025 933/1862/1233 916/1863/1024
f 933/1862/1233 917/1864/1234 916/1863/1024
f 916/1863/1024 917/1864/1234 909/1865/1088
f 909/1865/1088 917/1864/1234 913/1866/1091
f 917/1864/1234 924/1867/1235 913/1866/1091
f 913/1866/1091 924/1867/1235 926/1868/1092
f 926/1868/1092 924/1867/1235 937/1869/1094
f 924/1867/1235 946/1870/1236 937/1869/1094
f 937/1869/1094 946/1870/1236 954/1840/1096
f 954/1840/1096 946/1870/1236 972/1838/1225
f 946/1870/1236 983/1871/1237 972/1838/1225
f 972/1838/1225 983/1871/1237 997/1836/1058
f 997/1836/1058 983/1871/1237 1031/1835/1224
f 983/1871/1237 1068/1872/1238 1031/1835/1224
f 1031/1835/1224 1068/1872/1238 1076/1833/1064
f 1076/1833/1064 1068/1872/1238 1095/1832/1223
f 1068/1872/1238 1109/1873/1239 1095/1832/1223
f 1095/1832/1223 1109/1873/1239 1118/1830/1067
f 1118/1830/1067 1109/1873/1239 1130/1874/1069
f 1130/1874/1069 1109/1873/1239 1142/1829/1071
f 1109/1873/1239 1131/1851/1229 1142/1829/1071
f 881/1875/1240 912/1876/1021 887/1877/1241
f 887/1877/1241 912/1876/1021 886/1878/1242
f 887/1877/1241 886/1878/1242 879/1879/1243
f 879/1879/1243 886/1878/1242 878/1880/1244
f 886/1878/1242 912/1876/1021 888/1881/1023
f 857/1882/1245 854/1883/1246 853/1884/1247
f 817/1885/1248 808/1886/1249 809/1887/1250
f 809/1887/1250 808/1886/1249 791/1888/1251
f 808/1886/1249 790/1889/1252 791/1888/1251
f 809/1887/1250 791/1888/1251 793/1890/1253
f 793/1890/1253 816/1891/1254 809/1887/1250
f 809/1887/1250 827/1892/1255 826/1893/1256
f 826/1893/1256 827/1892/1255 829/1894/1257
f 809/1887/1250 816/1891/1254 827/1892/1255
f 829/1894/1257 827/1892/1255 835/1895/1258
f 827/1892/1255 833/1896/1259 835/1895/1258
f 835/1895/1258 833/1896/1259 838/1897/1260
f 816/1891/1254 833/1896/1259 827/1892/1255
f 833/1896/1259 836/1898/1261 838/1897/1260
f 838/1897/1260 836/1898/1261 843/1899/1262
f 833/1896/1259 837/1900/1263 836/1898/1261
f 836/1898/1261 845/1901/1264 843/1899/1262
f 843/1899/1262 845/1901/1264 846/1902/1265
f 836/1898/1261 837/1900/1263 845/1901/1264
f 846/1902/1265 845/1901/1264 850/1903/1266
f 845/1901/1264 852/1904/1267 850/1903/1266
f 850/1903/1266 852/1904/1267 853/1884/1247
f 837/1900/1263 851/1905/1268 845/1901/1264
f 845/1901/1264 851/1905/1268 852/1904/1267
f 852/1904/1267 855/1906/1269 853/1884/1247
f 853/1884/1247 855/1906/1269 857/1882/1245
f 852/1904/1267 851/1905/1268 855/1906/1269
f 857/1882/1245 855/1906/1269 858/1907/1270
f 855/1906/1269 851/1905/1268 860/1908/1271
f 860/1908/1271 851/1905/1268 867/1909/1272
f 860/1908/1271 867/1909/1272 865/1910/1273
f 865/1910/1273 867/1909/1272 871/1911/1274
f 873/1912/1275 879/1879/1243 878/1880/1244
f 871/1911/1274 867/1909/1272 873/1912/1275
f 873/1912/1275 867/1909/1272 879/1879/1243
f 867/1909/1272 881/1875/1240 879/1879/1243
f 879/1879/1243 881/1875/1240 887/1877/1241
f 809/1887/1250 826/1893/1256 817/1885/1248
f 873/1912/1275 878/1880/1244 872/1913/1276
f 873/1912/1275 872/1913/1276 871/1911/1274
f 871/1911/1274 872/1913/1276 869/1914/1277
f 871/1911/1274 869/1914/1277 863/1915/1278
f 863/1915/1278 865/1910/1273 871/1911/1274
f 860/1908/1271 865/1910/1273 858/1907/1270
f 858/1907/1270 865/1910/1273 863/1915/1278
f 855/1906/1269 860/1908/1271 858/1907/1270
f 976/1808/1279 953/1916/1280 956/1917/1281
f 956/1917/1281 953/1916/1280 882/1918/1282
f 882/1918/1282 953/1916/1280 837/1919/1263
f 953/1916/1280 927/1920/1283 837/1919/1263
f 837/1919/1263 927/1920/1283 851/1921/1268
f 851/1921/1268 927/1920/1283 908/1922/1284
f 851/1921/1268 908/1922/1284 881/1923/1240
f 908/1922/1284 912/1924/1021 881/1923/1240
f 851/1921/1268 881/1923/1240 867/1925/1272
f 833/1926/1259 844/1927/1285 837/1919/1263
f 837/1919/1263 844/1927/1285 882/1918/1282
f 844/1927/1285 833/1926/1259 822/1928/1286
f 822/1928/1286 833/1926/1259 816/1929/1254
f 822/1928/1286 816/1929/1254 807/1930/1287
f 807/1930/1287 816/1929/1254 800/1931/1288
f 800/1931/1288 816/1929/1254 793/1826/1253
f 966/1932/1289 981/1933/1290 956/1934/1281
f 956/1934/1281 981/1933/1290 976/1935/1279
f 952/1936/1291 956/1934/1281 882/1937/1282
f 952/1936/1291 882/1937/1282 921/1938/1292
f 921/1938/1292 880/1939/1293 885/1940/1294
f 885/1940/1294 880/1939/1293 876/1941/1295
f 815/1942/1296 819/1943/1297 813/1944/1298
f 813/1944/1298 819/1943/1297 820/1945/1299
f 813/1944/1298 820/1945/1299 807/1946/1287
f 807/1946/1287 820/1945/1299 822/1947/1286
f 822/1947/1286 834/1948/1300 844/1949/1285
f 882/1937/1282 844/1949/1285 880/1939/1293
f 882/1937/1282 880/1939/1293 921/1938/1292
f 885/1940/1294 914/1950/1301 921/1938/1292
f 921/1938/1292 914/1950/1301 952/1936/1291
f 951/1951/1302 966/1932/1289 956/1934/1281
f 952/1936/1291 951/1951/1302 956/1934/1281
f 952/1936/1291 914/1950/1301 951/1951/1302
f 876/1941/1295 880/1939/1293 849/1952/1303
f 880/1939/1293 844/1949/1285 849/1952/1303
f 842/1953/1304 849/1952/1303 844/1949/1285
f 832/1954/1305 842/1953/1304 834/1948/1300
f 834/1948/1300 842/1953/1304 844/1949/1285
f 832/1954/1305 834/1948/1300 825/1955/1306
f 825/1955/1306 834/1948/1300 822/1947/1286
f 825/1955/1306 822/1947/1286 819/1943/1297
f 819/1943/1297 822/1947/1286 820/1945/1299
f 788/1956/1307 787/1957/1308 790/1958/1252
f 789/1959/1309 792/1960/1310 791/1961/1251
f 791/1961/1251 792/1960/1310 793/1962/1253
f 789/1959/1309 791/1961/1251 787/1957/1308
f 791/1961/1251 790/1958/1252 787/1957/1308
f 794/1671/1311 787/1963/1308 788/1964/1307
f 794/1671/1311 788/1964/1307 797/1674/1312
f 797/1674/1312 788/1964/1307 795/1965/1313
f 797/1674/1312 795/1965/1313 799/1676/1314
f 799/1676/1314 795/1965/1313 801/1966/1315
f 799/1676/1314 801/1966/1315 803/1677/1316
f 888/1967/1023 911/1968/1089 884/1969/1317
f 911/1968/1089 883/1970/1318 884/1969/1317
f 884/1969/1317 875/1971/1319 877/1972/1320
f 878/1973/1244 877/1972/1320 872/1974/1276
f 869/1975/1277 872/1974/1276 870/1976/1321
f 869/1975/1277 870/1976/1321 866/1977/1322
f 884/1969/1317 883/1970/1318 875/1971/1319
f 875/1971/1319 883/1970/1318 870/1976/1321
f 877/1972/1320 875/1971/1319 872/1974/1276
f 883/1970/1318 868/1978/1323 870/1976/1321
f 875/1971/1319 870/1976/1321 872/1974/1276
f 870/1976/1321 868/1978/1323 866/1977/1322
f 866/1977/1322 868/1978/1323 864/1979/1324
f 868/1978/1323 848/1980/1325 864/1979/1324
f 864/1979/1324 848/1980/1325 861/1981/1326
f 848/1980/1325 856/1982/1327 861/1981/1326
f 856/1982/1327 848/1980/1325 847/1983/1328
f 847/1983/1328 848/1980/1325 840/1984/1329
f 840/1984/1329 848/1980/1325 839/1985/1330
f 840/1984/1329 839/1985/1330 830/1986/1331
f 830/1986/1331 839/1985/1330 823/1987/1332
f 830/1986/1331 823/1987/1332 821/1988/1333
f 821/1988/1333 823/1987/1332 801/1989/1315
f 821/1988/1333 801/1989/1315 814/1990/1334
f 814/1990/1334 801/1989/1315 795/1991/1313
f 795/1991/1313 788/1992/1307 814/1990/1334
f 814/1990/1334 788/1992/1307 808/1993/1249
f 814/1990/1334 808/1993/1249 821/1988/1333
f 821/1988/1333 808/1993/1249 817/1994/1248
f 821/1988/1333 817/1994/1248 826/1995/1256
f 821/1988/1333 826/1995/1256 830/1986/1331
f 830/1986/1331 826/1995/1256 829/1996/1257
f 830/1986/1331 829/1996/1257 835/1997/1258
f 830/1986/1331 835/1997/1258 840/1984/1329
f 840/1984/1329 835/1997/1258 838/1998/1260
f 840/1984/1329 838/1998/1260 847/1983/1328
f 847/1983/1328 838/1998/1260 846/1999/1265
f 847/1983/1328 846/1999/1265 850/2000/1266
f 847/1983/1328 850/2000/1266 856/1982/1327
f 856/1982/1327 850/2000/1266 854/2001/1246
f 856/1982/1327 854/2001/1246 861/1981/1326
f 861/1981/1326 854/2001/1246 857/2002/1245
f 861/1981/1326 857/2002/1245 864/1979/1324
f 864/1979/1324 857/2002/1245 858/2003/1270
f 864/1979/1324 858/2003/1270 866/1977/1322
f 866/1977/1322 858/2003/1270 862/2004/1335
f 790/2005/1252 808/1993/1249 788/1992/1307
f 838/1998/1260 843/2006/1262 846/1999/1265
f 850/2000/1266 853/2007/1247 854/2001/1246
f 862/2004/1335 858/2003/1270 863/2008/1278
f 862/2004/1335 863/2008/1278 869/1975/1277
f 877/1972/1320 878/1973/1244 886/2009/1242
f 877/1972/1320 886/2009/1242 884/1969/1317
f 886/2009/1242 888/1967/1023 884/1969/1317
f 862/2004/1335 869/1975/1277 866/1977/1322
f 911/2010/1089 910/2011/1336 883/2012/1318
f 883/2012/1318 910/2011/1336 848/2013/1325
f 883/2012/1318 848/2013/1325 868/2014/1323
f 848/2013/1325 910/2011/1336 929/2015/1337
f 848/2013/1325 929/2015/1337 940/2016/1338
f 848/2013/1325 940/2016/1338 839/2017/1330
f 839/2017/1330 940/2016/1338 859/2018/1339
f 839/2017/1330 859/2018/1339 823/2019/1332
f 823/2019/1332 859/2018/1339 828/2020/1340
f 859/2018/1339 940/2016/1338 938/2021/1341
f 938/2021/1341 940/2016/1338 967/2022/1342
f 823/2019/1332 828/2020/1340 811/2023/1343
f 811/2023/1343 803/2024/1316 823/2019/1332
f 823/2019/1332 803/2024/1316 801/2025/1315
f 812/2026/1344 815/2027/1296 810/2028/1345
f 810/2028/1345 804/2029/1346 806/2030/1347
f 806/2030/1347 799/2031/1314 803/2032/1316
f 797/2033/1312 799/2031/1314 798/2034/1348
f 794/2035/1311 797/2033/1312 798/2034/1348
f 806/2030/1347 803/2032/1316 811/2036/1343
f 806/2030/1347 811/2036/1343 812/2026/1344
f 806/2030/1347 812/2026/1344 810/2028/1345
f 806/2030/1347 804/2029/1346 799/2031/1314
f 804/2029/1346 798/2034/1348 799/2031/1314
f 812/2037/1344 818/2038/1349 815/2039/1296
f 815/2039/1296 818/2038/1349 819/2040/1297
f 825/2041/1306 819/2040/1297 818/2038/1349
f 825/2041/1306 818/2038/1349 824/2042/1350
f 938/2043/1341 967/2044/1342 974/2045/1351
f 938/2043/1341 974/2045/1351 966/2046/1289
f 966/2046/1289 974/2045/1351 981/2047/1290
f 904/2048/1352 914/2049/1301 874/2050/1353
f 914/2049/1301 885/2051/1294 874/2050/1353
f 885/2051/1294 876/2052/1295 874/2050/1353
f 874/2050/1353 876/2052/1295 841/2053/1354
f 876/2052/1295 849/2054/1303 842/2055/1304
f 876/2052/1295 842/2055/1304 841/2053/1354
f 841/2053/1354 842/2055/1304 831/2056/1355
f 812/2037/1344 811/2057/1343 818/2038/1349
f 818/2038/1349 811/2057/1343 824/2042/1350
f 811/2057/1343 828/2058/1340 824/2042/1350
f 824/2042/1350 828/2058/1340 831/2056/1355
f 831/2056/1355 828/2058/1340 841/2053/1354
f 841/2053/1354 828/2058/1340 859/2059/1339
f 841/2053/1354 859/2059/1339 874/2050/1353
f 874/2050/1353 859/2059/1339 904/2048/1352
f 859/2059/1339 938/2043/1341 904/2048/1352
f 904/2048/1352 938/2043/1341 944/2060/1356
f 944/2060/1356 938/2043/1341 951/2061/1302
f 951/2061/1302 938/2043/1341 966/2046/1289
f 944/2060/1356 951/2061/1302 904/2048/1352
f 904/2048/1352 951/2061/1302 914/2049/1301
f 832/2062/1305 831/2056/1355 842/2055/1304
f 831/2056/1355 832/2062/1305 824/2042/1350
f 824/2042/1350 832/2062/1305 825/2041/1306
f 815/2063/1296 813/2064/1298 810/2065/1345
f 810/2065/1345 813/2064/1298 805/2066/1357
f 810/2065/1345 805/2066/1357 804/2067/1346
f 804/2067/1346 805/2066/1357 798/2068/1348
f 798/2068/1348 805/2066/1357 802/2069/1358
f 798/2068/1348 802/2069/1358 796/2070/1359
f 798/2068/1348 796/2070/1359 794/2071/1311
f 800/2072/1288 792/2073/1310 796/2070/1359
f 800/2072/1288 796/2070/1359 802/2069/1358
f 800/2072/1288 802/2069/1358 807/2074/1287
f 807/2074/1287 802/2069/1358 805/2066/1357
f 805/2066/1357 813/2064/1298 807/2074/1287
f 800/1759/1288 793/2075/1253 792/2076/1310
f 796/1762/1359 792/2076/1310 789/1763/1309
f 796/1762/1359 789/1763/1309 794/1764/1311
f 794/1764/1311 789/1763/1309 787/1765/1308
f 943/1808/1360 960/2077/1361 923/2078/1362
f 923/2078/1362 960/2077/1361 896/2079/1363
f 896/2079/1363 960/2077/1361 1038/2080/1364
f 960/2077/1361 985/2081/1365 1038/2080/1364
f 1038/2080/1364 985/2081/1365 1072/2082/1366
f 1072/2082/1366 985/2081/1365 1067/2083/1367
f 1072/2082/1366 1067/2083/1367 1116/2084/1368
f 1067/2083/1367 1105/1818/1369 1116/2084/1368
f 1072/2082/1366 1116/2084/1368 1160/2085/1370
f 1160/2085/1370 1116/2084/1368 1165/2086/1371
f 1022/2087/1372 895/2088/1373 1038/2080/1364
f 1038/2080/1364 895/2088/1373 896/2079/1363
f 895/2088/1373 1022/2087/1372 935/2089/1374
f 935/2089/1374 1022/2087/1372 1029/2090/1375
f 935/2089/1374 1029/2090/1375 965/2091/1376
f 965/2091/1376 1029/2090/1375 1004/2092/1377
f 1004/2092/1377 1029/2090/1375 1071/2093/1378
f 994/2094/1379 1041/2095/1380 1016/2096/1381
f 922/2097/1382 939/2098/1383 923/2099/1362
f 923/2099/1362 939/2098/1383 943/2100/1360
f 900/2101/1384 923/2099/1362 896/2102/1363
f 900/2101/1384 896/2102/1363 893/2103/1385
f 893/2103/1385 890/2104/1386 889/2105/1387
f 889/2105/1387 890/2104/1386 891/2106/1388
f 964/2107/1389 950/2108/1390 963/2109/1391
f 963/2109/1391 950/2108/1390 949/2110/1392
f 963/2109/1391 949/2110/1392 965/2111/1376
f 965/2111/1376 949/2110/1392 935/2112/1374
f 935/2112/1374 906/2113/1393 895/2114/1373
f 896/2102/1363 895/2114/1373 890/2104/1386
f 896/2102/1363 890/2104/1386 893/2103/1385
f 889/2105/1387 892/2115/1394 893/2103/1385
f 893/2103/1385 892/2115/1394 900/2101/1384
f 899/2116/1395 922/2097/1382 923/2099/1362
f 900/2101/1384 899/2116/1395 923/2099/1362
f 900/2101/1384 892/2115/1394 899/2116/1395
f 891/2106/1388 890/2104/1386 894/2117/1396
f 890/2104/1386 895/2114/1373 894/2117/1396
f 902/2118/1397 894/2117/1396 895/2114/1373
f 920/2119/1398 902/2118/1397 906/2113/1393
f 906/2113/1393 902/2118/1397 895/2114/1373
f 920/2119/1398 906/2113/1393 932/2120/1399
f 932/2120/1399 906/2113/1393 935/2112/1374
f 932/2120/1399 935/2112/1374 950/2108/1390
f 950/2108/1390 935/2112/1374 949/2110/1392
f 939/1633/1383 922/2121/1382 947/2122/1087
f 947/2122/1087 922/2121/1382 925/2123/1400
f 947/2122/1087 925/2123/1400 955/2124/1049
f 955/2124/1049 925/2123/1400 931/2125/1401
f 931/2125/1401 925/2123/1400 903/2126/1402
f 931/2125/1401 903/2126/1402 919/2127/1403
f 919/2127/1403 903/2126/1402 901/2128/1404
f 922/2121/1382 899/2129/1395 925/2123/1400
f 925/2123/1400 899/2129/1395 903/2126/1402
f 899/2129/1395 897/2130/1405 903/2126/1402
f 899/2129/1395 892/2131/1394 897/2130/1405
f 903/2126/1402 897/2130/1405 901/2128/1404
f 897/2130/1405 892/2131/1394 889/2132/1387
f 897/2130/1405 889/2132/1387 901/2128/1404
f 889/2132/1387 891/2133/1388 898/2134/1406
f 898/2134/1406 891/2133/1388 894/2135/1396
f 898/2134/1406 894/2135/1396 902/2136/1397
f 902/2136/1397 920/2137/1398 918/2138/1407
f 918/2138/1407 920/2137/1398 936/2139/1408
f 934/2140/1409 936/2139/1408 948/2141/1410
f 934/2140/1409 948/2141/1410 961/2142/1411
f 961/2142/1411 948/2141/1410 962/2143/1412
f 961/2142/1411 962/2143/1412 970/2144/1413
f 962/2143/1412 950/2145/1390 964/2146/1389
f 936/2139/1408 934/2140/1409 918/2138/1407
f 902/2136/1397 918/2138/1407 898/2134/1406
f 918/2138/1407 905/2147/1414 898/2134/1406
f 918/2138/1407 934/2140/1409 905/2147/1414
f 905/2147/1414 934/2140/1409 919/2127/1403
f 905/2147/1414 919/2127/1403 901/2128/1404
f 901/2128/1404 889/2132/1387 905/2147/1414
f 905/2147/1414 889/2132/1387 898/2134/1406
f 936/2139/1408 920/2137/1398 948/2141/1410
f 948/2141/1410 920/2137/1398 932/2148/1399
f 948/2141/1410 932/2148/1399 950/2145/1390
f 948/2141/1410 950/2145/1390 962/2143/1412
f 1104/1722/1040 1063/2149/1415 1114/2150/1416
f 1114/2150/1416 1063/2149/1415 1089/2151/1417
f 1114/2150/1416 1089/2151/1417 1157/2152/1418
f 1114/2150/1416 1157/2152/1418 1152/2153/1419
f 1089/2151/1417 1063/2149/1415 1053/2154/1420
f 1053/2154/1420 1063/2149/1415 1018/1727/1421
f 1053/2154/1420 1018/1727/1421 968/2155/1422
f 1053/2154/1420 968/2155/1422 919/2156/1403
f 1053/2154/1420 919/2156/1403 1023/2157/1423
f 1023/2157/1423 919/2156/1403 934/2158/1409
f 919/2156/1403 968/2155/1422 931/2159/1401
f 931/2159/1401 968/2155/1422 955/2160/1049
f 1023/2157/1423 934/2158/1409 1020/2161/1424
f 1020/2161/1424 934/2158/1409 961/2162/1411
f 961/2162/1411 1007/2163/1425 1020/2161/1424
f 1020/2161/1424 1007/2163/1425 1036/2164/1426
f 1036/2164/1426 1007/2163/1425 1079/1736/1427
f 1091/2165/1428 1088/2166/1429 1093/2167/1430
f 1087/2168/1431 1056/2169/1432 1085/2170/1433
f 1085/2170/1433 1056/2169/1432 1071/2171/1378
f 1087/2168/1431 1085/2170/1433 1088/2166/1429
f 1085/2170/1433 1093/2167/1430 1088/2166/1429
f 1002/2172/23 1011/1669/23 1027/1668/23
f 1043/1671/1434 1088/2173/1429 1091/2174/1428
f 1043/1671/1434 1091/2174/1428 1050/1674/1435
f 1050/1674/1435 1091/2174/1428 1081/2175/1436
f 1050/1674/1435 1081/2175/1436 1019/1676/1437
f 1019/1676/1437 1081/2175/1436 1079/2176/1427
f 1019/1676/1437 1079/2176/1427 1007/1677/1425
f 1167/2177/1438 1156/2178/1439 1174/2179/1440
f 1154/2180/1441 1152/2181/1419 1173/2182/1442
f 1154/2180/1441 1173/2182/1442 1172/2183/1443
f 1179/2184/1444 1181/2185/1445 1180/2186/1446
f 1148/2187/1447 1149/2188/1448 1170/2189/1449
f 1089/2190/1417 1145/2191/1450 1157/2192/1418
f 1062/2193/1451 1081/2194/1436 1075/2195/1452
f 1075/2195/1452 1081/2194/1436 1091/2196/1428
f 1075/2195/1452 1091/2196/1428 1093/2197/1430
f 1062/2193/1451 1036/2198/1426 1081/2194/1436
f 1036/2198/1426 1079/2199/1427 1081/2194/1436
f 1059/2200/1453 1054/2201/1454 1051/2202/1455
f 1051/2202/1455 1052/2203/1456 1040/2204/1457
f 1040/2204/1457 1052/2203/1456 1044/2205/1458
f 1044/2205/1458 1057/2206/1459 1023/2207/1423
f 1044/2205/1458 1052/2203/1456 1057/2206/1459
f 1023/2207/1423 1057/2206/1459 1053/2208/1420
f 1052/2203/1456 1055/2209/1460 1057/2206/1459
f 1057/2206/1459 1074/2210/1461 1053/2208/1420
f 1080/2211/1462 1086/2212/1463 1098/2213/1464
f 1149/2188/1448 1162/2214/1465 1170/2189/1449
f 1176/2215/1466 1170/2189/1449 1162/2214/1465
f 1176/2215/1466 1180/2186/1446 1181/2185/1445
f 1174/2179/1440 1179/2184/1444 1167/2177/1438
f 1128/2216/1467 1156/2178/1439 1167/2177/1438
f 1123/2217/1468 1113/2218/1038 1121/2219/1469
f 1121/2219/1469 1113/2218/1038 1104/2220/1040
f 1121/2219/1469 1104/2220/1040 1114/2221/1416
f 1181/2185/1445 1179/2184/1444 1174/2179/1440
f 1181/2185/1445 1174/2179/1440 1172/2183/1443
f 1145/2191/1450 1089/2190/1417 1122/2222/1470
f 1121/2219/1469 1114/2221/1416 1154/2180/1441
f 1154/2180/1441 1114/2221/1416 1152/2181/1419
f 1155/2223/1471 1121/2219/1469 1154/2180/1441
f 1121/2219/1469 1128/2216/1467 1123/2217/1468
f 1128/2216/1467 1121/2219/1469 1156/2178/1439
f 1156/2178/1439 1121/2219/1469 1155/2223/1471
f 1174/2179/1440 1156/2178/1439 1155/2223/1471
f 1154/2180/1441 1172/2183/1443 1155/2223/1471
f 1172/2183/1443 1174/2179/1440 1155/2223/1471
f 1173/2182/1442 1152/2181/1419 1157/2192/1418
f 1172/2183/1443 1173/2182/1442 1181/2185/1445
f 1181/2185/1445 1173/2182/1442 1176/2215/1466
f 1176/2215/1466 1173/2182/1442 1170/2189/1449
f 1145/2191/1450 1148/2187/1447 1173/2182/1442
f 1148/2187/1447 1170/2189/1449 1173/2182/1442
f 1173/2182/1442 1157/2192/1418 1145/2191/1450
f 1089/2190/1417 1092/2224/1472 1122/2222/1470
f 1092/2224/1472 1089/2190/1417 1074/2210/1461
f 1074/2210/1461 1089/2190/1417 1053/2208/1420
f 1092/2224/1472 1098/2213/1464 1122/2222/1470
f 1122/2222/1470 1098/2213/1464 1117/2225/1473
f 1098/2213/1464 1092/2224/1472 1080/2211/1462
f 1080/2211/1462 1092/2224/1472 1074/2210/1461
f 1080/2211/1462 1074/2210/1461 1070/2226/1474
f 1070/2226/1474 1074/2210/1461 1057/2206/1459
f 1070/2226/1474 1057/2206/1459 1055/2209/1460
f 1044/2205/1458 1023/2207/1423 1040/2204/1457
f 1023/2207/1423 1020/2227/1424 1040/2204/1457
f 1040/2204/1457 1042/2228/1475 1051/2202/1455
f 1051/2202/1455 1042/2228/1475 1059/2200/1453
f 1040/2204/1457 1020/2227/1424 1042/2228/1475
f 1020/2227/1424 1036/2198/1426 1042/2228/1475
f 1042/2228/1475 1062/2193/1451 1059/2200/1453
f 1059/2200/1453 1062/2193/1451 1075/2195/1452
f 1036/2198/1426 1062/2193/1451 1042/2228/1475
f 1122/2222/1470 1117/2225/1473 1148/2187/1447
f 1148/2187/1447 1117/2225/1473 1149/2188/1448
f 1145/2191/1450 1122/2222/1470 1148/2187/1447
f 993/2229/1476 1021/2230/1477 994/2231/1379
f 994/2231/1379 1021/2230/1477 1041/2232/1380
f 1021/2233/1477 993/2234/1476 1005/2235/1478
f 970/2236/1413 962/1738/1412 964/2237/1389
f 964/2237/1389 975/2238/1479 982/2239/1480
f 982/2239/1480 1019/2240/1437 1007/2241/1425
f 1050/2242/1435 1019/2240/1437 1006/2243/1481
f 1043/2244/1434 1050/2242/1435 1006/2243/1481
f 982/2239/1480 1007/2241/1425 961/2245/1411
f 982/2239/1480 961/2245/1411 970/2236/1413
f 982/2239/1480 970/2236/1413 964/2237/1389
f 982/2239/1480 975/2238/1479 1019/2240/1437
f 975/2238/1479 1006/2243/1481 1019/2240/1437
f 964/2246/1389 963/2247/1391 973/2248/1482
f 964/2246/1389 973/2248/1482 975/2249/1479
f 975/2249/1479 973/2248/1482 1006/2250/1481
f 1006/2250/1481 973/2248/1482 1012/2251/1483
f 1006/2250/1481 1012/2251/1483 1030/2252/1484
f 1006/2250/1481 1030/2252/1484 1043/2253/1434
f 1004/2254/1377 1056/1757/1432 1030/2252/1484
f 1004/2254/1377 1030/2252/1484 1012/2251/1483
f 1004/2254/1377 1012/2251/1483 965/2255/1376
f 965/2255/1376 1012/2251/1483 973/2248/1482
f 973/2248/1482 963/2247/1391 965/2255/1376
f 1004/1759/1377 1071/2256/1378 1056/2257/1432
f 1030/1762/1484 1056/2257/1432 1087/1763/1431
f 1030/1762/1484 1087/1763/1431 1043/1764/1434
f 1043/1764/1434 1087/1763/1431 1088/1765/1429
f 1116/2258/1368 1105/2259/1369 1120/2260/1485
f 1120/2260/1485 1105/2259/1369 1123/2261/1468
f 1123/2261/1468 1105/2259/1369 1113/2262/1038
f 1123/2261/1468 1128/2263/1467 1127/2264/1486
f 1127/2264/1486 1166/2265/1487 1165/2266/1371
f 1160/2267/1370 1158/2268/1488 1072/2269/1366
f 1072/2269/1366 1158/2268/1488 1099/2270/1489
f 1072/2269/1366 1099/2270/1489 1083/2271/1490
f 1072/2269/1366 1083/2271/1490 1066/2272/1491
f 1072/2269/1366 1066/2272/1491 1038/2273/1364
f 1038/2273/1364 1066/2272/1491 1045/2274/1492
f 1038/2273/1364 1045/2274/1492 1022/2275/1372
f 1022/2275/1372 1039/2276/1493 1029/2277/1375
f 1029/2277/1375 1039/2276/1493 1060/2278/1494
f 1029/2277/1375 1060/2278/1494 1071/2279/1378
f 1071/2279/1378 1060/2278/1494 1085/2280/1433
f 1085/2280/1433 1060/2278/1494 1075/2281/1452
f 1085/2280/1433 1075/2281/1452 1093/1889/1430
f 1052/2282/1456 1051/2283/1455 1039/2276/1493
f 1052/2282/1456 1039/2276/1493 1022/2275/1372
f 1127/2264/1486 1128/2263/1467 1166/2265/1487
f 1128/2263/1467 1167/2284/1438 1166/2265/1487
f 1166/2265/1487 1167/2284/1438 1165/2266/1371
f 1167/2284/1438 1179/2285/1444 1165/2266/1371
f 1165/2266/1371 1179/2285/1444 1180/2286/1446
f 1165/2266/1371 1180/2286/1446 1160/2267/1370
f 1160/2267/1370 1180/2286/1446 1176/2287/1466
f 1160/2267/1370 1176/2287/1466 1158/2268/1488
f 1158/2268/1488 1176/2287/1466 1162/2288/1465
f 1149/2289/1448 1117/2290/1473 1162/2288/1465
f 1162/2288/1465 1117/2290/1473 1099/2270/1489
f 1117/2290/1473 1098/2291/1464 1099/2270/1489
f 1099/2270/1489 1098/2291/1464 1083/2271/1490
f 1165/2266/1371 1116/2258/1368 1127/2264/1486
f 1127/2264/1486 1120/2260/1485 1123/2261/1468
f 1127/2264/1486 1116/2258/1368 1120/2260/1485
f 1162/2288/1465 1099/2270/1489 1158/2268/1488
f 1098/2291/1464 1086/2292/1463 1083/2271/1490
f 1083/2271/1490 1086/2292/1463 1066/2272/1491
f 1086/2292/1463 1080/2293/1462 1066/2272/1491
f 1080/2293/1462 1070/2294/1474 1066/2272/1491
f 1066/2272/1491 1070/2294/1474 1045/2274/1492
f 1070/2294/1474 1055/2295/1460 1045/2274/1492
f 1045/2274/1492 1055/2295/1460 1022/2275/1372
f 1052/2282/1456 1022/2275/1372 1055/2295/1460
f 1039/2276/1493 1051/2283/1455 1054/2296/1454
f 1039/2276/1493 1054/2296/1454 1060/2278/1494
f 1060/2278/1494 1054/2296/1454 1059/2297/1453
f 1060/2278/1494 1059/2297/1453 1075/2281/1452
f 1124/2298/1230 1131/2299/1229 1032/2300/1495
f 1032/2300/1495 1131/2299/1229 1026/2301/1496
f 1131/2299/1229 1109/2302/1239 1026/2301/1496
f 1026/2301/1496 1109/2302/1239 1046/2303/1497
f 1046/2303/1497 1109/2302/1239 1068/2304/1238
f 1046/2303/1497 1068/2304/1238 1013/2305/1498
f 1013/2305/1498 1068/2304/1238 983/2306/1237
f 1013/2305/1498 983/2306/1237 986/2307/1499
f 986/2307/1499 983/2306/1237 946/2308/1236
f 986/2307/1499 946/2308/1236 977/2309/1500
f 977/2309/1500 946/2308/1236 924/2310/1235
f 977/2309/1500 924/2310/1235 998/2311/1501
f 998/2311/1501 924/2310/1235 991/2312/1502
f 991/2312/1502 924/2310/1235 917/2313/1234
f 917/2313/1234 933/2314/1233 991/2312/1502
f 991/2312/1502 933/2314/1233 988/2315/1503
f 988/2315/1503 933/2314/1233 979/2316/1504
f 979/2316/1504 933/2314/1233 957/2317/1227
f 979/2316/1504 957/2317/1227 1003/2318/1505
f 1003/2318/1505 957/2317/1227 984/2319/1228
f 1003/2318/1505 984/2319/1228 1028/2320/1506
f 1028/2320/1506 984/2319/1228 1069/2321/1231
f 1028/2320/1506 1069/2321/1231 1048/2322/1507
f 1048/2322/1507 1069/2321/1231 1110/2323/1232
f 1048/2322/1507 1110/2323/1232 1124/2298/1230
f 1048/2322/1507 1124/2298/1230 1034/2324/1508
f 1034/2324/1508 1124/2298/1230 1032/2300/1495
f 991/2312/1502 988/2315/1503 1010/2325/462
f 1010/2325/462 988/2315/1503 1015/2326/462
f 1010/2325/462 1015/2326/462 1034/2324/1508
f 1034/2324/1508 1015/2326/462 1048/2322/1507
f 977/2309/1500 998/2311/1501 1001/2327/462
f 1001/2327/462 998/2311/1501 1008/2328/462
f 1001/2327/462 1008/2328/462 1026/2301/1496
f 1026/2301/1496 1008/2328/462 1032/2300/1495
f 980/2329/1509 988/2330/1510 979/2331/1511
f 980/2332/1509 979/2333/1511 989/2334/1512
f 989/2334/1512 979/2333/1511 994/2335/1379
f 994/2335/1379 979/2333/1511 993/2336/1513
f 993/2336/1513 979/2333/1511 1003/2337/1514
f 993/2336/1513 1003/2337/1514 1005/2338/1478
f 1005/2338/1478 1003/2337/1514 1021/2339/1477
f 1021/2339/1477 1003/2337/1514 1028/2340/1515
f 1021/2339/1477 1028/2340/1515 1049/2341/1516
f 1049/2341/1516 1028/2340/1515 1048/2342/1517
f 1049/2341/1516 1048/2342/1517 1027/2343/1518
f 1027/2343/1518 1048/2342/1517 1015/2344/1519
f 1027/2343/1518 1015/2344/1519 1002/2345/1520
f 1002/2345/1520 1015/2344/1519 988/2330/1510
f 1002/2345/1520 988/2330/1510 980/2329/1509
f 1021/2339/1477 1049/2341/1516 1041/2346/1521
f 1041/2346/1521 1049/2341/1516 1017/2347/1522
f 1041/2346/1521 1017/2347/1522 1016/2348/1381
f 1016/2348/1381 1017/2347/1522 994/2335/1379
f 994/2335/1379 1017/2347/1522 989/2334/1512
f 992/2349/1523 998/2350/1524 991/2351/1525
f 992/2352/1523 991/2353/1525 999/2354/1526
f 999/2354/1526 991/2353/1525 1011/2355/1527
f 1011/2355/1527 991/2353/1525 1010/2356/1528
f 1011/2355/1527 1010/2356/1528 1035/2357/1529
f 1035/2357/1529 1010/2356/1528 1034/2358/1530
f 1035/2357/1529 1034/2358/1530 1032/2359/1531
f 1035/2357/1529 1032/2359/1531 1033/2360/1532
f 1033/2360/1532 1032/2359/1531 1009/2361/1533
f 1009/2361/1533 1032/2359/1531 1008/2362/1534
f 1009/2361/1533 1008/2362/1534 992/2349/1523
f 992/2349/1523 1008/2362/1534 998/2350/1524
f 978/2363/1535 986/2364/1536 977/2331/1537
f 978/2332/1535 977/2365/1537 987/2366/1538
f 987/2366/1538 977/2365/1537 1001/2367/1539
f 987/2366/1538 1001/2367/1539 1014/2368/1540
f 1014/2368/1540 1001/2367/1539 1026/2369/1541
f 1014/2368/1540 1026/2369/1541 1047/2370/1542
f 1047/2370/1542 1026/2369/1541 1046/2371/1543
f 1047/2370/1542 1046/2371/1543 1025/2372/1544
f 1025/2372/1544 1046/2371/1543 1013/2373/1519
f 1025/2372/1544 1013/2373/1519 1000/2374/1520
f 1000/2374/1520 1013/2373/1519 986/2364/1536
f 1000/2374/1520 986/2364/1536 978/2363/1535
f 915/2375/26 907/2376/35 992/2300/23
f 992/2300/23 907/2376/35 987/2301/23
f 907/2376/35 928/2377/35 987/2301/23
f 987/2301/23 928/2377/35 978/2303/23
f 978/2303/23 928/2377/35 941/2378/23
f 978/2303/23 941/2378/23 958/2379/23
f 978/2303/23 958/2379/23 1000/2305/23
f 1000/2305/23 958/2379/23 995/2380/23
f 1000/2305/23 995/2380/23 1037/2381/23
f 1000/2305/23 1037/2381/23 1025/2307/23
f 1025/2307/23 1037/2381/23 1077/2382/23
f 1025/2307/23 1077/2382/23 1100/2383/23
f 1025/2307/23 1100/2383/23 1047/2384/23
f 1047/2384/23 1100/2383/23 1133/2385/23
f 1047/2384/23 1133/2385/23 1033/2311/23
f 1033/2311/23 1133/2385/23 1035/1670/23
f 1035/1670/23 1133/2385/23 1147/2386/23
f 1134/2387/23 1027/1668/23 1147/2386/23
f 1147/2386/23 1027/1668/23 1035/1670/23
f 1027/1668/23 1134/2387/23 1049/2316/35
f 1049/2316/35 1134/2387/23 1119/2388/203
f 1049/2316/35 1119/2388/203 1078/2389/35
f 1049/2316/35 1078/2389/35 1017/2390/181
f 1017/2390/181 1078/2389/35 996/2391/202
f 1017/2390/181 996/2391/202 989/2320/23
f 989/2320/23 996/2391/202 971/2392/35
f 989/2320/23 971/2392/35 959/2393/23
f 989/2320/23 959/2393/23 980/2322/26
f 980/2322/26 959/2393/23 942/2394/153
f 980/2322/26 942/2394/153 915/2375/26
f 980/2322/26 915/2375/26 999/2324/26
f 999/2324/26 915/2375/26 992/2300/23
f 992/2300/23 987/2301/23 1009/2395/23
f 1009/2395/23 987/2301/23 1014/2396/23
f 1009/2395/23 1014/2396/23 1033/2311/23
f 1033/2311/23 1014/2396/23 1047/2384/23
f 980/2322/26 999/2324/26 1002/2172/23
f 1002/2172/23 999/2324/26 1011/1669/23
