# Blender 5.1.2
# www.blender.org
mtllib vmg_ccw.mtl
o vmg_ccw
v -0.000265 0.005703 -0.006568
v -0.000268 0.005697 -0.003232
v -0.000421 0.006266 -0.006569
v -0.000416 0.006263 -0.003231
v -0.002616 0.005069 -0.006569
v -0.002621 0.005072 -0.003231
v -0.002772 0.005632 -0.006568
v -0.002769 0.005638 -0.003232
v 0.005216 -0.003492 -0.006569
v 0.005217 -0.003498 -0.003232
v 0.003498 -0.005217 -0.006568
v 0.003492 -0.005216 -0.003231
v 0.004800 -0.003081 -0.006568
v 0.004806 -0.003082 -0.003231
v 0.003082 -0.004806 -0.006569
v 0.003081 -0.004800 -0.003232
v 0.005539 -0.004009 -0.002450
v 0.004836 -0.004824 -0.003050
v 0.003748 -0.005715 -0.002457
v 0.005940 -0.003329 -0.003050
v 0.002996 -0.006132 -0.003050
v 0.003542 -0.005262 -0.003200
v 0.004475 -0.004475 -0.003050
v 0.005262 -0.003501 -0.003200
v 0.006454 -0.002169 -0.002450
v 0.002404 -0.006372 -0.002454
v 0.006507 -0.002003 -0.003050
v 0.005250 -0.003482 -0.003800
v 0.003488 -0.005258 -0.003800
v 0.005321 -0.003373 -0.003050
v 0.003040 -0.005526 -0.003050
v 0.005650 -0.002809 -0.003800
v 0.005654 -0.002801 -0.003200
v 0.002806 -0.005641 -0.003800
v 0.002805 -0.005654 -0.003200
v 0.006093 -0.001767 -0.003050
v 0.003073 -0.004380 -0.001000
v 0.001296 -0.006684 -0.003050
v 0.003806 -0.004250 -0.003200
v 0.004225 -0.003830 -0.002458
v 0.001436 -0.006159 -0.003050
v 0.004826 -0.003074 -0.003200
v 0.003236 -0.004692 -0.002468
v 0.004833 -0.003008 -0.002457
v 0.004816 -0.003049 -0.003800
v 0.003049 -0.004816 -0.003800
v 0.003049 -0.004816 -0.003200
v 0.002706 -0.005027 -0.002478
v 0.005052 -0.002648 -0.003800
v 0.002648 -0.005052 -0.003800
v 0.006763 -0.000789 -0.002450
v 0.000749 -0.006767 -0.002450
v 0.006784 -0.000589 -0.003050
v 0.006161 -0.001357 -0.003200
v 0.001357 -0.006161 -0.003200
v 0.005048 -0.002647 -0.003200
v 0.002640 -0.005066 -0.003200
v 0.005304 -0.002085 -0.002460
v 0.002921 -0.004081 -0.001800
v 0.005423 -0.001783 -0.003200
v 0.001765 -0.005099 -0.001000
v 0.001888 -0.005392 -0.002465
v -0.000140 -0.006808 -0.003050
v 0.001167 -0.005588 -0.003200
v 0.001608 -0.004800 -0.001800
v 0.005638 -0.000827 -0.002460
v 0.006299 -0.000391 -0.003800
v 0.006288 -0.000391 -0.003200
v 0.000392 -0.006299 -0.003800
v 0.000391 -0.006288 -0.003200
v 0.005707 -0.000246 -0.003200
v 0.006793 0.000317 -0.002450
v -0.000665 -0.006776 -0.002450
v 0.006304 0.000262 -0.003050
v -0.000262 -0.006304 -0.003050
v 0.006713 0.001230 -0.003050
v 0.000189 -0.005698 -0.002459
v 0.006588 0.001797 -0.002453
v 0.005699 -0.000233 -0.003800
v 0.000232 -0.005699 -0.003800
v 0.000232 -0.005695 -0.003200
v 0.006288 0.000391 -0.003800
v 0.006299 0.000402 -0.003200
v -0.000391 -0.006288 -0.003800
v -0.000398 -0.006300 -0.003200
v 0.005394 0.000103 -0.001000
v 0.005706 0.000155 -0.002472
v -0.001570 -0.006626 -0.003050
v 0.005695 0.000232 -0.003800
v 0.005695 0.000232 -0.003200
v -0.000232 -0.005695 -0.003800
v -0.000249 -0.005716 -0.003200
v 0.005061 0.000046 -0.001800
v -0.001127 -0.005590 -0.002460
v 0.006094 0.001633 -0.003050
v -0.001633 -0.006094 -0.003050
v -0.002710 -0.006287 -0.002450
v 0.005584 0.001171 -0.003200
v 0.006002 0.001942 -0.003200
v -0.001942 -0.006002 -0.003200
v 0.005115 0.001569 -0.001000
v 0.005471 0.001632 -0.002479
v -0.001777 -0.005421 -0.003200
v 0.006144 0.002936 -0.003050
v -0.002929 -0.006147 -0.003050
v 0.001661 -0.001520 -0.001800
v 0.001679 -0.001605 -0.001000
v -0.002118 -0.005279 -0.002455
v 0.004784 0.001517 -0.001800
v 0.005075 0.002642 -0.003200
v 0.005647 0.002810 -0.003071
v -0.002812 -0.005646 -0.003071
v 0.005035 0.002658 -0.002460
v 0.000253 -0.002238 -0.001800
v 0.000312 -0.002301 -0.001000
v 0.005569 0.003982 -0.002450
v 0.002206 -0.000451 -0.001800
v 0.002285 -0.000415 -0.001000
v 0.005641 0.002806 -0.003800
v -0.002806 -0.005641 -0.003800
v 0.001780 -0.000914 -0.001000
v 0.001558 -0.001267 -0.000199
v 0.000930 -0.001810 -0.001000
v 0.000960 -0.001765 -0.000199
v 0.001775 -0.000904 -0.001800
v 0.001923 -0.000580 -0.000199
v 0.001538 -0.001018 0.000001
v 0.005259 0.003489 -0.003800
v -0.003488 -0.005260 -0.003800
v 0.001469 -0.000948 -0.001800
v 0.000336 -0.001813 0.000001
v 0.005048 0.002647 -0.003800
v -0.002647 -0.005048 -0.003800
v -0.002647 -0.005048 -0.003200
v 0.000814 -0.001535 -0.001800
v 0.000201 -0.002002 -0.000202
v -0.002718 -0.005003 -0.002460
v 0.002013 0.000345 -0.001000
v 0.004819 0.003051 -0.003800
v -0.003051 -0.004819 -0.003800
v -0.000159 -0.002003 -0.001000
v 0.002000 0.000194 -0.000199
v 0.001735 -0.000094 -0.001800
v 0.000094 -0.001735 -0.001800
v 0.001800 0.000400 0.000001
v -0.000312 -0.001967 -0.001800
v 0.005388 0.004163 -0.003050
v -0.004479 -0.005150 -0.003050
v 0.005250 0.003482 -0.003200
v 0.004816 0.003049 -0.003200
v 0.000672 -0.001085 -0.003200
v -0.003067 -0.004819 -0.003200
v -0.003482 -0.005250 -0.003200
v 0.001271 -0.000225 -0.003201
v -0.000597 -0.001918 -0.000199
v -0.000589 -0.001946 -0.001000
v 0.004463 0.003541 -0.002457
v -0.003460 -0.004522 -0.002465
v -0.000074 -0.001256 -0.003200
v -0.000932 -0.002050 -0.001800
v 0.004616 0.004323 -0.003050
v -0.004577 -0.004394 -0.003050
v 0.001545 0.000830 -0.001800
v -0.000787 -0.001561 -0.001800
v 0.001959 0.001111 -0.001800
v 0.002156 0.001108 -0.001000
v -0.001072 -0.001500 0.000001
v -0.001093 -0.002164 -0.001000
v 0.001776 0.000939 -0.000199
v 0.000428 -0.000626 -0.003200
v 0.000626 -0.000428 0.000000
v -0.002979 -0.004039 -0.001800
v -0.003216 -0.004276 -0.001000
v -0.004272 -0.005323 -0.002454
v 0.000758 -0.000152 -0.003200
v 0.000152 -0.000758 0.000000
v 0.004256 0.003805 -0.003200
v 0.004657 0.004255 -0.003200
v -0.004255 -0.004657 -0.003200
v 0.000758 0.000152 -0.000000
v -0.000152 -0.000758 -0.003200
v 0.001585 0.001246 -0.001000
v 0.001084 0.000638 -0.003200
v -0.000662 -0.001073 -0.003200
v -0.001281 -0.001548 -0.000199
v -0.004032 -0.004044 -0.002480
v -0.004066 -0.003010 -0.001800
v -0.004304 -0.003254 -0.001000
v 0.000626 0.000428 -0.003200
v -0.000428 -0.000626 0.000000
v -0.001420 -0.001420 -0.001000
v 0.001408 0.001408 -0.001800
v 0.000961 0.001573 0.000001
v 0.001254 0.001574 -0.001000
v 0.001275 0.001556 -0.000202
v 0.000428 0.000626 -0.000000
v -0.000626 -0.000428 -0.003200
v -0.004256 -0.003805 -0.003200
v 0.000662 0.001073 -0.003200
v -0.001084 -0.000638 -0.003200
v 0.004392 0.005203 -0.003050
v 0.000787 0.001561 -0.001800
v -0.001545 -0.000830 -0.001800
v 0.000152 0.000758 -0.003200
v -0.000758 -0.000152 0.000000
v 0.003542 0.004463 -0.002458
v -0.001773 -0.000945 -0.000199
v 0.001111 0.001959 -0.001800
v -0.000152 0.000758 -0.000000
v -0.000758 0.000152 -0.003200
v -0.001946 -0.000589 -0.001000
v -0.001823 -0.000269 0.000001
v 0.003494 0.005256 -0.003200
v -0.005253 -0.003496 -0.003200
v 0.003067 0.004819 -0.003200
v 0.001108 0.002156 -0.001000
v 0.003475 0.005899 -0.002450
v 0.000345 0.002013 -0.001000
v 0.000074 0.001256 -0.003200
v -0.001271 0.000225 -0.003201
v -0.000428 0.000626 -0.003200
v -0.000626 0.000428 -0.000000
v -0.002050 -0.000932 -0.001800
v -0.002164 -0.001093 -0.001000
v -0.004523 -0.003459 -0.002464
v -0.005318 -0.004256 -0.002455
v 0.000564 0.001928 -0.000199
v -0.005643 -0.003810 -0.003050
v -0.001967 -0.000312 -0.001800
v -0.000672 0.001085 -0.003200
v -0.002029 0.000023 -0.000203
v -0.000094 0.001735 -0.001800
v -0.001735 0.000094 -0.001800
v -0.002003 -0.000159 -0.001000
v 0.003266 0.005396 -0.003050
v -0.000112 0.001805 0.000000
v 0.003482 0.005250 -0.003800
v 0.003051 0.004819 -0.003800
v -0.004819 -0.003051 -0.003800
v -0.004816 -0.003049 -0.003200
v -0.005258 -0.003489 -0.003800
v -0.005001 -0.002723 -0.002460
v -0.000211 0.001998 -0.000199
v 0.002809 0.005650 -0.003800
v 0.002649 0.005038 -0.002459
v -0.002238 0.000253 -0.001800
v -0.000814 0.001535 -0.001800
v -0.001469 0.000948 -0.001800
v 0.003199 0.006011 -0.003050
v -0.002301 0.000312 -0.001000
v -0.001009 0.001524 0.000000
v -0.001616 0.000812 0.000000
v -0.001810 0.000930 -0.001000
v 0.002647 0.005048 -0.003800
v 0.002647 0.005048 -0.003200
v -0.005048 -0.002647 -0.003800
v -0.005075 -0.002642 -0.003200
v -0.000914 0.001780 -0.001000
v -0.001116 0.001688 -0.000204
v -0.001758 0.000971 -0.000199
v -0.000451 0.002206 -0.001800
v -0.000415 0.002285 -0.001000
v -0.000904 0.001775 -0.001800
v -0.005643 -0.002807 -0.003088
v -0.005279 -0.002118 -0.002455
v 0.002786 0.005699 -0.003200
v -0.005641 -0.002806 -0.003800
v -0.001520 0.001661 -0.001800
v -0.006502 -0.002144 -0.002450
v -0.001605 0.001679 -0.001000
v 0.001632 0.005471 -0.002479
v 0.001777 0.005421 -0.003200
v -0.006319 -0.002538 -0.003050
v 0.001517 0.004784 -0.001800
v 0.001569 0.005162 -0.001000
v 0.001638 0.006113 -0.003050
v -0.006000 -0.001958 -0.003050
v -0.006002 -0.001931 -0.003200
v 0.000046 0.005061 -0.001800
v -0.005584 -0.001171 -0.003200
v -0.005590 -0.001127 -0.002460
v 0.001798 0.006558 -0.002450
v 0.001486 0.006662 -0.003050
v 0.000249 0.005716 -0.003200
v 0.000155 0.005705 -0.002471
v -0.006711 -0.001152 -0.003050
v 0.000401 0.006307 -0.003200
v -0.006307 -0.000405 -0.003200
v 0.000088 0.005350 -0.001000
v -0.006315 -0.000194 -0.003050
v 0.000326 0.006821 -0.002454
v 0.000232 0.005695 -0.003800
v -0.005695 -0.000232 -0.003800
v -0.005695 -0.000232 -0.003200
v -0.005698 0.000189 -0.002459
v -0.000232 0.005699 -0.003800
v -0.005699 0.000233 -0.003800
v 0.000391 0.006288 -0.003800
v -0.006298 -0.000392 -0.003800
v -0.000232 0.005695 -0.003200
v -0.005707 0.000246 -0.003200
v 0.000260 0.006295 -0.003050
v -0.000827 0.005638 -0.002460
v -0.000392 0.006298 -0.003800
v -0.004800 0.001608 -0.001800
v -0.006813 0.000678 -0.002450
v -0.001167 0.005588 -0.003200
v -0.000401 0.006297 -0.003200
v -0.006288 0.000391 -0.003800
v -0.006299 0.000397 -0.003200
v -0.001026 0.006770 -0.003050
v -0.006772 0.001013 -0.003050
v -0.001517 0.006160 -0.003050
v -0.005392 0.001888 -0.002465
v -0.005061 0.001737 -0.001000
v -0.005423 0.001783 -0.003200
v -0.004081 0.002921 -0.001800
v -0.004425 0.003087 -0.001000
v -0.002085 0.005304 -0.002460
v -0.006051 0.001836 -0.003050
v -0.002640 0.005066 -0.003200
v -0.005027 0.002704 -0.002477
v -0.002648 0.005052 -0.003800
v -0.005052 0.002648 -0.003800
v -0.005048 0.002647 -0.003200
v -0.001905 0.006014 -0.003200
v -0.006014 0.001905 -0.003200
v -0.003015 0.004827 -0.002457
v -0.002108 0.006514 -0.002450
v -0.003049 0.004816 -0.003800
v -0.003070 0.004829 -0.003200
v -0.004816 0.003049 -0.003800
v -0.004816 0.003049 -0.003200
v -0.004692 0.003236 -0.002468
v -0.003830 0.004225 -0.002458
v -0.004250 0.003806 -0.003200
v -0.006383 0.002418 -0.002454
v -0.005681 0.003737 -0.002450
v -0.002811 0.005651 -0.003800
v -0.002806 0.005641 -0.003200
v -0.005651 0.002810 -0.003800
v -0.005641 0.002806 -0.003200
v -0.003379 0.005328 -0.003050
v -0.005328 0.003379 -0.003050
v -0.003482 0.005250 -0.003800
v -0.003498 0.005254 -0.003200
v -0.005250 0.003482 -0.003800
v -0.005250 0.003482 -0.003200
v -0.004683 0.004227 -0.003200
v -0.004461 0.004461 -0.003050
v -0.003713 0.005753 -0.003050
v -0.006080 0.003066 -0.003050
v -0.004569 0.005098 -0.002450
v -0.005294 0.004282 -0.003050
v -0.003082 -0.004800 -0.006569
v -0.003081 -0.004806 -0.003232
v -0.003492 -0.005217 -0.006568
v -0.003498 -0.005216 -0.003231
v -0.004806 -0.003081 -0.006568
v -0.004800 -0.003082 -0.003231
v -0.005216 -0.003498 -0.006569
v -0.005217 -0.003492 -0.003232
v -0.003082 0.004806 -0.006569
v -0.003081 0.004800 -0.003232
v -0.004800 0.003081 -0.006568
v -0.004806 0.003082 -0.003231
v -0.003498 0.005217 -0.006568
v -0.003492 0.005216 -0.003231
v -0.005216 0.003492 -0.006569
v -0.005217 0.003498 -0.003232
v 0.002621 0.005072 -0.006569
v 0.002616 0.005069 -0.003231
v 0.002769 0.005638 -0.006568
v 0.002772 0.005632 -0.003232
v 0.000268 0.005697 -0.006568
v 0.000265 0.005703 -0.003232
v 0.000416 0.006263 -0.006569
v 0.000421 0.006266 -0.003231
v 0.005216 0.003498 -0.006569
v 0.005217 0.003492 -0.003232
v 0.004806 0.003081 -0.006568
v 0.004800 0.003082 -0.003231
v 0.003492 0.005217 -0.006568
v 0.003498 0.005216 -0.003231
v 0.003082 0.004800 -0.006569
v 0.003081 0.004806 -0.003232
v -0.005697 0.000268 -0.006568
v -0.005703 0.000265 -0.003232
v -0.006263 0.000416 -0.006569
v -0.006266 0.000421 -0.003231
v -0.005072 0.002621 -0.006569
v -0.005069 0.002616 -0.003231
v -0.005638 0.002769 -0.006568
v -0.005632 0.002772 -0.003232
v -0.005069 -0.002616 -0.006569
v -0.005072 -0.002621 -0.003231
v -0.005632 -0.002772 -0.006568
v -0.005638 -0.002769 -0.003232
v -0.005703 -0.000265 -0.006568
v -0.005697 -0.000268 -0.003232
v -0.006266 -0.000421 -0.006569
v -0.006263 -0.000416 -0.003231
v -0.000416 -0.006263 -0.006569
v -0.000421 -0.006266 -0.003231
v -0.000268 -0.005697 -0.006568
v -0.000265 -0.005703 -0.003232
v -0.002769 -0.005638 -0.006568
v -0.002772 -0.005632 -0.003232
v -0.002621 -0.005072 -0.006569
v -0.002616 -0.005069 -0.003231
v 0.005638 -0.002769 -0.006568
v 0.005632 -0.002772 -0.003232
v 0.005072 -0.002621 -0.006569
v 0.005069 -0.002616 -0.003231
v 0.006263 -0.000416 -0.006569
v 0.006266 -0.000421 -0.003231
v 0.005697 -0.000268 -0.006568
v 0.005703 -0.000265 -0.003232
v 0.004356 -0.005254 -0.006550
v 0.005021 -0.004599 -0.003050
v 0.005556 -0.003935 -0.006550
v 0.003935 -0.005556 -0.003050
v 0.005879 -0.003434 -0.003050
v 0.006263 -0.002672 -0.006550
v 0.002486 -0.006356 -0.006550
v 0.002315 -0.006420 -0.003050
v 0.004882 -0.004021 -0.006550
v 0.004021 -0.004882 -0.003050
v 0.005170 -0.003616 -0.003050
v 0.003616 -0.005170 -0.006550
v 0.006472 -0.002113 -0.003050
v 0.005787 -0.002511 -0.006550
v 0.005835 -0.002397 -0.003050
v 0.002053 -0.005982 -0.006550
v 0.002218 -0.005923 -0.003050
v 0.006686 -0.001288 -0.006550
v 0.006773 -0.000697 -0.003050
v 0.000697 -0.006773 -0.006550
v 0.000570 -0.006785 -0.003050
v 0.006196 -0.001185 -0.006550
v 0.006218 -0.001063 -0.003050
v 0.006803 0.000545 -0.006550
v 0.000373 -0.006298 -0.006550
v 0.000496 -0.006289 -0.003050
v 0.006303 0.000522 -0.006550
v 0.006300 0.000322 -0.003050
v 0.006767 0.000750 -0.003050
v -0.000750 -0.006767 -0.006550
v -0.000877 -0.006752 -0.003050
v -0.001383 -0.006171 -0.006550
v -0.000892 -0.006245 -0.003050
v 0.006077 0.001692 -0.003050
v 0.006414 0.002285 -0.006550
v 0.006356 0.002485 -0.003050
v -0.002485 -0.006356 -0.006550
v -0.002285 -0.006414 -0.003050
v 0.005792 0.002540 -0.006550
v -0.002236 -0.005899 -0.003050
v 0.005560 0.002980 -0.003050
v -0.002980 -0.005560 -0.006550
v 0.005786 0.003589 -0.006550
v -0.003923 -0.005584 -0.003050
v -0.003472 -0.005268 -0.003050
v 0.005254 0.004355 -0.003050
v -0.004082 -0.005450 -0.006550
v 0.004653 0.004283 -0.006550
v 0.004774 0.004124 -0.003050
v -0.004124 -0.004774 -0.006550
v 0.004897 0.004731 -0.006550
v -0.004540 -0.004381 -0.003050
v -0.005141 -0.004464 -0.006550
v -0.005225 -0.004366 -0.003050
v 0.003459 0.005295 -0.003050
v -0.005068 -0.003757 -0.006550
v 0.003786 0.005659 -0.006550
v 0.003892 0.005587 -0.003050
v 0.003282 0.005388 -0.006550
v -0.005562 -0.003010 -0.003050
v -0.005969 -0.003276 -0.006550
v -0.006030 -0.003163 -0.003050
v -0.005767 -0.002557 -0.006550
v 0.002504 0.006332 -0.006550
v 0.002623 0.006283 -0.003050
v 0.001721 0.006086 -0.006550
v 0.001552 0.006131 -0.003050
v -0.006526 -0.001940 -0.006550
v -0.006670 -0.001442 -0.003050
v -0.006187 -0.001234 -0.006550
v -0.006238 -0.001041 -0.003050
v 0.000725 0.006786 -0.006550
v 0.000906 0.006764 -0.003050
v -0.006789 -0.000517 -0.006550
v -0.000348 0.006315 -0.006550
v -0.000523 0.006303 -0.003050
v -0.006303 0.000523 -0.006550
v -0.006800 0.000336 -0.003050
v -0.006268 0.000719 -0.003050
v -0.001057 0.006726 -0.006550
v -0.000930 0.006745 -0.003050
v -0.006745 0.000930 -0.006550
v -0.002072 0.005959 -0.006550
v -0.002188 0.005917 -0.003050
v -0.005917 0.002188 -0.006550
v -0.005860 0.002380 -0.003050
v -0.006479 0.002144 -0.003050
v -0.002820 0.006215 -0.006550
v -0.002335 0.006396 -0.003050
v -0.006396 0.002335 -0.006550
v -0.003325 0.005361 -0.006550
v -0.003746 0.005096 -0.003050
v -0.005295 0.003429 -0.006550
v -0.004963 0.003895 -0.003050
v -0.004417 0.004504 -0.006550
v -0.003634 0.005758 -0.003050
v -0.005758 0.003634 -0.006550
v -0.005904 0.003374 -0.003050
v -0.004629 0.005014 -0.006550
v -0.005014 0.004629 -0.003050
v 0.002772 -0.005632 -0.006568
v 0.002769 -0.005638 -0.003232
v 0.002616 -0.005069 -0.006569
v 0.002621 -0.005072 -0.003231
v 0.000421 -0.006266 -0.006569
v 0.000416 -0.006263 -0.003231
v 0.000265 -0.005703 -0.006568
v 0.000268 -0.005697 -0.003232
v 0.006266 0.000421 -0.006569
v 0.006263 0.000416 -0.003231
v 0.005703 0.000265 -0.006568
v 0.005697 0.000268 -0.003232
v 0.005632 0.002772 -0.006568
v 0.005638 0.002769 -0.003232
v 0.005069 0.002616 -0.006569
v 0.005072 0.002621 -0.003231
v -0.029170 -0.013676 0.000145
v -0.029126 -0.013577 0.000304
v -0.029076 -0.013754 -0.000039
v -0.029041 -0.013520 0.000119
v -0.028869 -0.013666 -0.000100
v -0.028902 -0.013928 -0.000108
v -0.028721 -0.013952 -0.000111
v -0.028682 -0.015460 0.000952
v -0.028746 -0.013721 0.000771
v -0.028513 -0.015636 0.000794
v -0.028576 -0.015278 0.001203
v -0.028165 -0.015529 0.001645
v -0.028210 -0.016277 0.001417
v -0.028038 -0.015995 0.000874
v -0.028156 -0.014118 0.001190
v -0.028067 -0.016328 0.001158
v -0.027604 -0.015573 0.001905
v -0.027089 -0.013169 0.000383
v -0.027362 -0.017021 0.001935
v -0.027296 -0.017047 0.001627
v -0.027596 -0.016190 0.002043
v -0.026610 -0.017214 0.001698
v -0.026651 -0.016794 0.002499
v -0.023903 -0.012870 0.000573
v -0.025728 -0.013126 0.000336
v -0.026328 -0.017477 0.002326
v -0.025275 -0.016659 0.002886
v -0.025912 -0.017563 0.002124
v -0.025959 -0.013092 0.001163
v -0.024830 -0.012540 0.000667
v -0.024619 -0.017007 0.003065
v -0.025479 -0.017541 0.002640
v -0.023706 -0.017552 0.002954
v -0.023514 -0.017511 0.002628
v -0.022663 -0.011971 0.001478
v -0.021381 -0.017023 0.002837
v -0.022364 -0.016737 0.003480
v -0.020007 -0.011208 0.001913
v -0.021304 -0.017145 0.003363
v -0.022101 -0.011481 0.000881
v -0.021344 -0.011468 0.000694
v -0.019938 -0.016790 0.003168
v -0.018494 -0.015247 0.003897
v -0.019812 -0.010347 0.000954
v -0.018514 -0.009848 0.001588
v -0.019045 -0.015895 0.003907
v -0.018681 -0.016401 0.003685
v -0.018214 -0.009814 0.000700
v -0.018197 -0.009384 0.000940
v -0.016273 -0.008029 0.000799
v -0.015959 -0.008094 0.000589
v -0.015182 -0.015105 0.003603
v -0.014875 -0.007507 0.000512
v -0.015687 -0.007537 0.000960
v -0.015415 -0.008051 0.001708
v -0.015472 -0.007586 0.001383
v -0.015073 -0.014401 0.004226
v -0.014903 -0.014989 0.003977
v -0.013976 -0.014376 0.003495
v -0.014956 -0.006801 0.000619
v -0.014213 -0.006375 0.000300
v -0.014254 -0.005969 0.000489
v -0.013492 -0.005336 0.000935
v -0.012457 -0.004522 0.000972
v -0.013635 -0.005064 0.000259
v -0.012607 -0.004337 -0.000239
v -0.013290 -0.004378 0.000087
v -0.013322 -0.005031 -0.000035
v -0.013039 -0.003637 -0.000174
v -0.012751 -0.003597 -0.000484
v -0.012625 -0.003243 0.000292
v -0.012854 -0.002587 -0.000541
v -0.012743 -0.000336 -0.001434
v -0.007323 -0.010113 0.004428
v -0.012500 -0.000427 -0.001707
v -0.012451 0.000372 -0.001482
v -0.012392 -0.000084 -0.000919
v -0.012400 0.000471 -0.001719
v -0.012257 0.000225 -0.001911
v -0.012258 0.000372 -0.001130
v -0.011944 0.000279 -0.001955
v -0.011917 0.000581 -0.001080
v -0.011900 -0.013634 0.004088
v -0.011856 0.000227 -0.000801
v -0.011954 0.000798 -0.001697
v -0.011589 0.000638 -0.001922
v -0.011240 0.000695 -0.000975
v -0.011284 0.000936 -0.001616
v -0.009773 -0.012574 0.003839
v -0.008642 -0.011321 0.004482
v -0.009083 -0.012205 0.004230
v -0.008753 0.000746 -0.000776
v -0.008431 0.000752 -0.000922
v -0.008360 0.000508 -0.001116
v -0.007821 0.000246 -0.000975
v -0.006059 -0.010440 0.003770
v -0.007930 0.000140 0.000146
v -0.008575 0.000542 -0.000290
v -0.006918 0.000730 0.000018
v -0.006410 -0.010723 0.004226
v -0.007080 0.000927 -0.000631
v -0.006705 0.000733 -0.000818
v -0.005050 0.001463 -0.000360
v -0.006081 0.011304 0.004244
v -0.006013 0.010470 0.003770
v -0.006054 0.013765 0.004177
v -0.006004 0.014745 0.003840
v -0.005966 0.008865 0.004146
v -0.005907 0.008577 0.003796
v -0.005754 0.008274 0.004219
v -0.005881 0.016559 0.004163
v -0.005504 0.020641 0.003944
v -0.005472 0.020672 0.003548
v -0.005469 0.006524 0.003935
v -0.005460 0.006669 0.003527
v -0.005483 0.011636 0.004481
v -0.005294 0.008474 0.004396
v -0.005051 -0.009086 0.004420
v -0.005282 0.016631 0.004391
v -0.005094 0.005562 0.003413
v -0.005254 -0.000563 -0.001000
v -0.005204 -0.000900 0.000099
v -0.005224 0.000152 0.003694
v -0.005202 -0.000925 0.001213
v -0.005105 0.001277 0.000254
v -0.005112 0.001246 -0.000635
v -0.005110 -0.001099 0.003694
v -0.004562 -0.009483 0.004164
v -0.004949 0.001821 -0.001000
v -0.005040 0.001416 0.003682
v -0.004957 -0.000466 0.003969
v -0.004685 0.022094 0.004109
v -0.005095 0.011285 0.004427
v -0.004849 0.024425 0.003694
v -0.004473 -0.009404 0.003796
v -0.004832 0.004947 0.003647
v -0.004572 0.025662 0.003168
v -0.004593 0.001888 0.003977
v -0.004579 0.005818 0.004065
v -0.004700 -0.002287 0.003694
v -0.004052 0.027028 0.002837
v -0.004404 -0.002894 0.001090
v -0.004649 -0.002440 -0.001000
v -0.004609 -0.002514 0.001992
v -0.004543 0.002598 0.003687
v -0.004316 0.006464 0.004064
v -0.004393 0.026390 0.003399
v -0.004159 -0.002714 0.003977
v -0.003986 0.023537 0.003910
v -0.004058 0.025251 0.003816
v -0.004019 -0.003341 0.003694
v -0.003912 0.027746 0.003274
v -0.002707 -0.006571 0.004029
v -0.003994 0.003407 0.003183
v -0.003556 -0.003891 0.002794
v -0.003930 -0.003481 -0.001000
v -0.003930 0.003481 -0.001000
v -0.003906 0.003517 0.002797
v -0.003505 -0.007740 0.004234
v -0.003864 0.003352 0.003863
v -0.003614 0.003810 0.003571
v -0.003038 0.028504 0.003350
v -0.003384 0.029255 0.002908
v -0.003408 0.029120 0.002628
v -0.002995 -0.008078 0.003960
v -0.003046 -0.008064 0.003528
v -0.002846 -0.004449 0.002082
v -0.003111 -0.004199 0.003695
v -0.003307 0.004103 0.003594
v -0.002487 0.030413 0.002850
v -0.002826 -0.004029 0.003981
v -0.002232 0.004441 0.003975
v -0.002432 -0.004692 -0.001000
v -0.002982 0.004321 -0.001000
v -0.002480 0.004648 0.002105
v -0.001780 0.030233 0.002882
v -0.002270 -0.007193 0.003413
v -0.002254 0.031222 0.002124
v -0.002164 0.031358 0.002412
v -0.001603 0.031652 0.001697
v -0.001908 -0.006717 0.003656
v -0.001840 -0.004925 0.003595
v -0.001591 0.005025 0.002794
v -0.001921 0.004856 0.003690
v -0.001560 0.031119 0.002668
v -0.001862 0.004909 -0.001000
v -0.001802 -0.004773 0.003873
v -0.001115 0.032163 0.001627
v -0.001339 -0.005076 0.003500
v -0.001060 0.032207 0.001935
v -0.001091 -0.005139 0.002798
v -0.000977 -0.002185 -0.001000
v -0.000977 -0.002815 0.004000
v -0.001004 0.002285 -0.001000
v -0.000977 0.002185 0.004000
v -0.000954 -0.005162 0.003190
v -0.000510 0.031900 0.002180
v -0.000618 -0.004883 0.003981
v 0.000092 0.004970 0.003974
v -0.000379 0.005268 0.001125
v -0.000762 -0.003189 -0.001000
v -0.000762 -0.001811 0.004000
v -0.000721 0.003225 -0.001000
v -0.000866 0.003000 0.004000
v -0.000706 0.005175 0.003689
v -0.000722 0.000286 -0.001000
v -0.000722 -0.000286 0.004000
v -0.000674 0.003258 0.001262
v -0.000720 0.003194 0.002387
v -0.000633 -0.005212 -0.001000
v 0.000050 0.005284 -0.001000
v -0.000280 -0.005225 0.003679
v -0.000607 -0.000441 -0.001000
v -0.000607 0.000441 0.004000
v -0.000215 -0.003504 0.004000
v -0.000215 -0.001496 -0.001000
v -0.000315 0.001523 -0.001000
v -0.000500 0.001634 0.004000
v -0.000252 0.003503 0.004000
v 0.000167 0.032280 0.000874
v -0.000198 0.003494 0.002144
v 0.000008 0.032569 0.001417
v 0.000315 0.031693 0.001905
v -0.000049 -0.000775 -0.001000
v 0.000049 -0.000775 0.004000
v 0.000049 0.000775 -0.001000
v -0.000049 0.000775 0.004000
v -0.000107 0.032471 0.001158
v 0.000215 -0.003504 -0.001000
v 0.000215 -0.001496 0.004000
v 0.000315 0.001523 0.004000
v 0.000252 0.003503 -0.001000
v 0.000198 0.003494 0.000856
v 0.000128 0.005248 0.001992
v 0.000634 0.032156 0.001645
v 0.000646 0.025239 0.001741
v 0.000674 0.003258 0.001738
v 0.000609 0.020685 0.000700
v 0.000496 0.020225 0.001809
v 0.000550 0.005194 0.003688
v 0.000762 -0.003189 0.004000
v 0.000762 -0.001811 -0.001000
v 0.000500 0.001634 -0.001000
v 0.000721 0.003225 0.004000
v 0.000806 0.027137 0.000573
v 0.000716 0.032511 0.000794
v 0.000612 -0.005074 0.003865
v 0.000722 -0.000286 -0.001000
v 0.000607 -0.000441 0.004000
v 0.000607 0.000441 -0.001000
v 0.000722 0.000286 0.004000
v 0.000633 -0.005212 -0.001000
v 0.000936 0.016637 0.000513
v 0.000743 0.024226 0.000694
v 0.000743 0.021558 0.001562
v 0.000720 0.003194 0.000613
v 0.000909 0.024921 0.001486
v 0.000952 0.032569 0.000952
v 0.001057 0.032386 0.001203
v 0.000883 0.019208 0.001498
v 0.000970 0.017873 0.000590
v 0.000977 -0.002815 -0.001000
v 0.000977 -0.002185 0.004000
v 0.000977 0.002185 -0.001000
v 0.001004 0.002285 0.004000
v 0.000866 0.003000 -0.001000
v 0.000986 0.020276 0.000931
v 0.000977 0.023245 0.000944
v 0.001998 0.031440 0.001113
v 0.001521 0.014930 0.001330
v 0.001125 0.018740 0.000871
v 0.001170 0.025399 0.000858
v 0.002389 0.031994 -0.000108
v 0.001321 0.016607 0.001293
v 0.001180 -0.005116 0.003500
v 0.001500 0.028847 0.000336
v 0.001220 -0.005106 -0.000388
v 0.001449 0.028211 0.001234
v 0.001800 0.004967 0.001213
v 0.001446 -0.005060 0.000254
v 0.001427 0.017022 0.000733
v 0.001522 -0.005032 -0.000643
v 0.001587 0.015499 0.000301
v 0.001922 0.004921 0.000052
v 0.001572 0.027835 0.000666
v 0.002204 -0.004456 0.003973
v 0.002395 0.004357 0.003974
v 0.001774 0.015715 0.000527
v 0.002547 0.013088 -0.000239
v 0.001774 0.004913 0.003687
v 0.002065 0.014543 0.000945
v 0.002172 -0.004762 0.003678
v 0.001862 -0.004909 -0.001000
v 0.002465 0.004676 -0.001000
v 0.002240 0.014685 0.000380
v 0.002073 0.029777 0.000429
v 0.002472 0.031767 0.000773
v 0.002279 0.031849 -0.000111
v 0.002604 -0.006452 -0.000601
v 0.002304 0.014056 -0.000034
v 0.002706 -0.006233 0.000040
v 0.002599 0.031835 -0.000100
v 0.002578 0.014067 0.000144
v 0.002627 0.032058 -0.000039
v 0.002741 0.032100 0.000145
v 0.002718 -0.006174 -0.000818
v 0.002805 0.032013 0.000302
v 0.003114 0.012982 0.000456
v 0.002812 0.031910 0.000118
v 0.002827 -0.004424 -0.000179
v 0.002896 0.004348 0.003687
v 0.003402 -0.004042 0.001213
v 0.003175 0.013311 -0.000084
v 0.003241 0.012873 -0.000469
v 0.003246 -0.004105 0.003679
v 0.003538 -0.003925 -0.001000
v 0.003698 -0.006897 -0.000975
v 0.003511 -0.007606 -0.000797
v 0.003932 -0.007065 0.000116
v 0.003422 0.012212 0.000443
v 0.003591 0.003843 0.000312
v 0.003629 0.003803 -0.000636
v 0.003810 -0.007656 -0.000279
v 0.003564 -0.007681 -0.000922
v 0.003700 -0.003255 0.003978
v 0.003763 0.003177 0.003978
v 0.003740 -0.007494 -0.001116
v 0.004067 -0.003370 0.000536
v 0.003821 0.003604 -0.000305
v 0.004179 0.006714 0.000093
v 0.003843 0.003555 0.003669
v 0.004124 0.006650 -0.000975
v 0.004105 0.012480 -0.000504
v 0.004132 -0.003210 0.003680
v 0.003930 0.003481 -0.001000
v 0.003986 0.005430 -0.000816
v 0.004310 0.006230 -0.000102
v 0.004368 0.011932 -0.000127
v 0.004265 0.005415 -0.000583
v 0.004670 -0.001863 0.003938
v 0.004696 0.001661 0.003967
v 0.004669 -0.009967 -0.001530
v 0.004481 -0.002735 0.001992
v 0.004621 0.006985 -0.001115
v 0.004788 0.006748 -0.000843
v 0.004583 0.002516 0.003680
v 0.004779 -0.002128 0.003682
v 0.004916 -0.000226 0.003984
v 0.005177 -0.010372 -0.001056
v 0.004942 -0.001874 -0.001000
v 0.004649 0.002440 -0.001000
v 0.005137 -0.010063 -0.001889
v 0.005120 -0.001302 0.001616
v 0.004948 0.001755 0.003183
v 0.005148 -0.001135 0.002794
v 0.004997 0.001625 0.002798
v 0.005171 -0.010618 -0.001520
v 0.005148 -0.000922 0.003683
v 0.005126 0.001177 0.003600
v 0.005236 -0.010694 -0.001743
v 0.005941 0.010738 -0.000768
v 0.005251 0.000696 -0.001000
v 0.006021 0.010934 -0.000937
v 0.006055 0.011165 -0.001267
v 0.005356 -0.010450 -0.001930
v 0.005183 0.000000 0.003750
v 0.005191 0.000846 0.003609
v 0.006155 0.009518 -0.000867
v 0.005236 0.000385 0.002325
v 0.005684 0.008496 -0.000774
v 0.005572 0.011531 -0.001257
v 0.005889 0.008489 -0.001185
v 0.006232 0.010189 -0.000865
v 0.006080 0.010887 -0.001797
v 0.005791 -0.010379 -0.000788
v 0.006274 0.010320 -0.001957
v 0.005753 -0.010765 -0.001093
v 0.005796 -0.010991 -0.001672
v 0.005867 -0.010617 -0.001948
v 0.006272 0.009848 -0.001949
v 0.006232 -0.010688 -0.000926
v 0.006034 0.009111 -0.001772
v 0.006370 0.010900 -0.001609
v 0.006290 0.009036 -0.001556
v 0.006269 -0.010960 -0.001607
v 0.006409 -0.010697 -0.001788
v 0.006476 0.009833 -0.001146
v 0.006462 0.010267 -0.001074
v 0.006504 0.009499 -0.001478
v 0.006701 -0.010846 -0.001394
v 0.007328 0.001057 0.004065
v 0.006700 0.001711 0.003646
v 0.006590 0.010558 -0.001605
v 0.006597 0.009732 -0.001715
v 0.006661 0.010177 -0.001741
v 0.006645 0.009995 -0.001548
v 0.008508 0.001394 0.003528
v 0.007365 0.001631 0.003414
v 0.008469 -0.009590 0.000023
v 0.008835 -0.009761 -0.000480
v 0.008385 0.001476 0.003935
v 0.010088 -0.008541 0.000954
v 0.010057 -0.008751 -0.000240
v 0.009517 -0.009245 -0.000474
v 0.009986 0.000348 0.004396
v 0.009955 -0.009115 0.000566
v 0.010043 0.000847 0.004219
v 0.009866 -0.009428 -0.000112
v 0.010658 0.000736 0.004146
v 0.010380 0.000828 0.003796
v 0.012321 -0.001230 0.004427
v 0.012071 -0.000027 0.003770
v 0.010807 -0.009293 0.000160
v 0.011018 -0.009022 -0.000035
v 0.012024 -0.009081 0.001065
v 0.012077 -0.009319 0.000447
v 0.012819 -0.001070 0.004481
v 0.012616 -0.009119 0.000298
v 0.012830 -0.000387 0.004244
v 0.013937 -0.009128 0.000512
v 0.013570 -0.009598 0.000646
v 0.016075 -0.009768 0.001855
v 0.014318 -0.009618 0.001377
v 0.014310 -0.009802 0.000943
v 0.014996 -0.009776 0.000590
v 0.014951 -0.001643 0.004177
v 0.015776 -0.002177 0.003839
v 0.015382 -0.010216 0.000825
v 0.017045 -0.003742 0.004390
v 0.017073 -0.010992 0.000940
v 0.017296 -0.010856 0.001573
v 0.017284 -0.003188 0.004163
v 0.017606 -0.010866 0.000701
v 0.019438 -0.004916 0.003495
v 0.019127 -0.012140 0.000953
v 0.020673 -0.005596 0.003603
v 0.020628 -0.005554 0.003944
v 0.020604 -0.012750 0.000694
v 0.020513 -0.012798 0.001540
v 0.022376 -0.008316 0.003910
v 0.021476 -0.006990 0.004109
v 0.021376 -0.013666 0.000863
v 0.023082 -0.014179 0.001707
v 0.023099 -0.014267 0.000573
v 0.022904 -0.014633 0.001356
v 0.023577 -0.008014 0.003694
v 0.023897 -0.009111 0.003816
v 0.024231 -0.015719 0.000336
v 0.025433 -0.010005 0.002837
v 0.023564 -0.015500 0.000638
v 0.024510 -0.008872 0.003168
v 0.025048 -0.016671 0.001035
v 0.025051 -0.009391 0.003399
v 0.024931 -0.016859 0.000388
v 0.026204 -0.011621 0.003350
v 0.027072 -0.013575 0.002882
v 0.025985 -0.010485 0.003274
v 0.026229 -0.018391 0.000121
v 0.026270 -0.018168 -0.000100
v 0.026254 -0.017846 0.000934
v 0.026321 -0.018436 0.000304
v 0.026429 -0.018424 0.000145
v 0.026450 -0.018304 -0.000039
v 0.026438 -0.017903 -0.000113
v 0.026513 -0.018066 -0.000108
v 0.026922 -0.011608 0.002628
v 0.027289 -0.016119 0.001905
v 0.027027 -0.011697 0.002908
v 0.027531 -0.016627 0.001645
v 0.027582 -0.013053 0.002850
v 0.027519 -0.017108 0.001203
v 0.027872 -0.016284 0.000874
v 0.027730 -0.014208 0.002668
v 0.027729 -0.017109 0.000952
v 0.027798 -0.016875 0.000794
v 0.027881 -0.015508 0.002180
v 0.028213 -0.014438 0.001698
v 0.028166 -0.013659 0.002124
v 0.028202 -0.016292 0.001417
v 0.028239 -0.013805 0.002412
v 0.028174 -0.016143 0.001158
v 0.028422 -0.015186 0.001935
v 0.028411 -0.015116 0.001627
v -0.000668 -0.001715 -0.001500
v -0.000998 -0.002338 -0.001500
v -0.000922 -0.002928 -0.001500
v -0.000002 -0.001488 -0.001500
v 0.000520 -0.001632 -0.001500
v -0.000520 -0.003368 -0.001500
v 0.000922 -0.002072 -0.001500
v 0.000002 -0.003512 -0.001500
v 0.000668 -0.003285 -0.001500
v 0.000998 -0.002662 -0.001500
v -0.000750 -0.001828 -0.002275
v -0.000999 -0.002312 -0.002274
v -0.000351 -0.001551 -0.002274
v -0.000944 -0.002851 -0.002275
v 0.000136 -0.001502 -0.002275
v -0.000591 -0.003335 -0.002275
v 0.000636 -0.001707 -0.002274
v 0.000031 -0.003511 -0.002274
v 0.001020 -0.002358 -0.002275
v 0.000498 -0.003375 -0.002275
v 0.000854 -0.003041 -0.002274
v -0.000442 -0.001820 -0.002501
v -0.000789 -0.002444 -0.002500
v -0.000642 -0.002954 -0.002500
v 0.000406 -0.001797 -0.002501
v -0.000166 -0.003279 -0.002501
v 0.000809 -0.002543 -0.002501
v 0.000443 -0.003155 -0.002500
v -0.001283 -0.001233 0.005989
v -0.001795 -0.002501 0.005988
v -0.000032 -0.000723 0.005999
v -0.001660 -0.003214 0.005988
v -0.000760 -0.002061 0.006000
v 0.000000 -0.001622 0.006000
v -0.000760 -0.002939 0.006000
v -0.001106 -0.003920 0.005985
v 0.000855 -0.000915 0.005985
v -0.000288 -0.004280 0.005988
v 0.000760 -0.002061 0.006000
v 0.000000 -0.003378 0.006000
v 0.001541 -0.001567 0.005984
v 0.000760 -0.002939 0.006000
v 0.001805 -0.002429 0.005988
v 0.000813 -0.004097 0.005991
v 0.001677 -0.003143 0.005988
v -0.001719 -0.001876 0.005966
v -0.000724 -0.000768 0.005932
v 0.001551 -0.003537 0.005941
v 0.000249 -0.000629 0.005906
v -0.001302 -0.003886 0.005885
v -0.000591 -0.004307 0.005885
v 0.001283 -0.001113 0.005895
v 0.000164 -0.004381 0.005906
v 0.001236 -0.003943 0.005887
v -0.001670 -0.001591 0.005885
v -0.001246 -0.001068 0.005858
v -0.001884 -0.002265 0.005858
v -0.001872 -0.002818 0.005858
v -0.000249 -0.000618 0.005858
v -0.001701 -0.003343 0.005858
v 0.000831 -0.000793 0.005858
v 0.001711 -0.001671 0.005885
v 0.000652 -0.004283 0.005858
v 0.001906 -0.002458 0.005859
v 0.001787 -0.003139 0.005858
v -0.000745 -0.002059 0.005006
v -0.000766 -0.002374 0.004994
v 0.000002 -0.001673 0.005010
v -0.000688 -0.002966 0.005014
v 0.000680 -0.002028 0.005011
v 0.000069 -0.003324 0.005011
v 0.000744 -0.002871 0.005012
v -0.000000 -0.002500 0.004562
v -0.001734 -0.001630 0.004000
v -0.000947 -0.000838 0.004000
v -0.001872 -0.003009 0.004000
v -0.000017 -0.000576 0.004000
v -0.000883 -0.001928 0.003984
v -0.001071 -0.002500 0.003994
v -0.000264 -0.001481 0.003984
v -0.001163 -0.004033 0.004000
v -0.000892 -0.003116 0.003992
v 0.000926 -0.000826 0.004000
v 0.000474 -0.001554 0.003985
v -0.000287 -0.003518 0.003986
v 0.001023 -0.002126 0.003992
v 0.000019 -0.004439 0.004000
v 0.001549 -0.001377 0.004000
v 0.000502 -0.003432 0.003986
v 0.001010 -0.002874 0.003992
v 0.001911 -0.002273 0.004000
v 0.001065 -0.004089 0.004000
v 0.001719 -0.003365 0.004000
v -0.000563 -0.001675 0.003902
v -0.001003 -0.002430 0.003903
v -0.000902 -0.002924 0.003903
v 0.000191 -0.001518 0.003902
v -0.000668 -0.003241 0.003903
v 0.000573 -0.001676 0.003900
v 0.000060 -0.003497 0.003902
v 0.000868 -0.002006 0.003902
v 0.000960 -0.002772 0.003903
v -0.000715 -0.001785 0.003900
v -0.000840 -0.001951 0.003900
v -0.000988 -0.002285 0.003900
v -0.000118 -0.001485 0.003900
v -0.000921 -0.002943 0.003900
v -0.000189 -0.001514 0.003900
v -0.000360 -0.003456 0.003900
v -0.000318 -0.003452 0.003900
v 0.001001 -0.002237 0.003900
v 0.000399 -0.003441 0.003900
v 0.000995 -0.002366 0.003900
v 0.000473 -0.003389 0.003899
v 0.000788 -0.003122 0.003900
v 0.000888 -0.002985 0.003900
v -0.000690 -0.001746 -0.001500
v -0.001035 -0.002530 -0.001500
v -0.000072 -0.001491 -0.001500
v -0.000715 -0.003215 -0.001500
v 0.000484 -0.001612 -0.001500
v -0.000019 -0.003535 -0.001500
v 0.000888 -0.002015 -0.001500
v 0.001008 -0.002666 -0.001500
v 0.000681 -0.003248 -0.001500
v 0.000867 0.003044 -0.001500
v 0.001006 0.002355 -0.001500
v 0.000404 0.003423 -0.001500
v -0.000185 0.003506 -0.001500
v 0.000748 0.001819 -0.001500
v 0.000185 0.001494 -0.001500
v -0.000748 0.003181 -0.001500
v -0.001006 0.002645 -0.001500
v -0.000404 0.001577 -0.001500
v -0.000867 0.001956 -0.001500
v 0.000957 0.002814 -0.002275
v 0.000662 0.003271 -0.002274
v 0.000997 0.002329 -0.002274
v 0.000168 0.003493 -0.002275
v 0.000796 0.001883 -0.002275
v -0.000427 0.003429 -0.002275
v 0.000368 0.001552 -0.002274
v -0.000891 0.002979 -0.002274
v -0.000387 0.001546 -0.002275
v -0.001007 0.002506 -0.002275
v -0.000896 0.002031 -0.002274
v 0.000810 0.002543 -0.002501
v 0.000443 0.003155 -0.002500
v -0.000072 0.003283 -0.002500
v 0.000406 0.001797 -0.002501
v -0.000592 0.003033 -0.002501
v -0.000442 0.001821 -0.002501
v -0.000789 0.002444 -0.002500
v 0.001736 0.003002 0.005987
v 0.001111 0.003940 0.005984
v 0.001781 0.002275 0.005989
v -0.000115 0.004292 0.005988
v 0.000760 0.002939 0.006000
v 0.001584 0.001618 0.005983
v 0.000760 0.002061 0.006000
v 0.000000 0.003378 0.006000
v 0.000515 0.000762 0.005992
v -0.000970 0.004028 0.005985
v -0.001457 0.003555 0.005988
v 0.000000 0.001622 0.006000
v -0.000760 0.002939 0.006000
v -0.000760 0.002061 0.006000
v -0.000535 0.000787 0.005988
v -0.001787 0.002331 0.005989
v -0.001592 0.001655 0.005989
v 0.000401 0.004333 0.005931
v -0.001772 0.002955 0.005966
v -0.001207 0.001064 0.005936
v 0.001461 0.003717 0.005885
v -0.000810 0.004219 0.005887
v 0.000933 0.000845 0.005887
v 0.000227 0.000625 0.005906
v -0.001601 0.001492 0.005887
v 0.001791 0.003130 0.005858
v 0.001896 0.002588 0.005858
v 0.000913 0.004164 0.005858
v 0.001841 0.002038 0.005858
v 0.001514 0.001354 0.005906
v -0.000157 0.004392 0.005858
v -0.001379 0.003804 0.005858
v -0.001762 0.003228 0.005859
v -0.000258 0.000619 0.005858
v -0.000789 0.000773 0.005858
v -0.001898 0.002551 0.005858
v -0.001832 0.002002 0.005858
v 0.000680 0.002972 0.005011
v 0.000744 0.002129 0.005012
v 0.000002 0.003327 0.005010
v 0.000069 0.001676 0.005011
v -0.000745 0.002941 0.005006
v -0.000766 0.002626 0.004994
v -0.000688 0.002034 0.005014
v -0.000000 0.002500 0.004562
v 0.001737 0.003302 0.004000
v 0.001014 0.004153 0.004000
v 0.001919 0.002353 0.004000
v -0.000204 0.004414 0.004000
v 0.000937 0.002979 0.003984
v 0.000535 0.003428 0.003994
v 0.001589 0.001435 0.004000
v 0.001014 0.002219 0.003984
v -0.000087 0.003580 0.003992
v 0.000987 0.000861 0.004000
v -0.001104 0.004062 0.004000
v 0.000582 0.001617 0.003985
v -0.000738 0.003258 0.003986
v -0.000187 0.001427 0.003992
v 0.000064 0.000576 0.004000
v -0.001663 0.003446 0.004000
v -0.001058 0.002531 0.003986
v -0.000829 0.001812 0.003992
v -0.001907 0.002651 0.004000
v -0.000885 0.000804 0.004000
v -0.001694 0.001555 0.004000
v 0.000996 0.002575 0.003902
v 0.000562 0.003334 0.003903
v 0.000084 0.003493 0.003903
v 0.000755 0.001843 0.003902
v -0.000308 0.003449 0.003903
v 0.000427 0.001591 0.003900
v -0.000893 0.002947 0.003902
v -0.000006 0.001501 0.003902
v -0.000715 0.001805 0.003903
v 0.001001 0.002763 0.003900
v 0.000896 0.002953 0.003900
v 0.000367 0.003468 0.003900
v 0.000948 0.002170 0.003900
v 0.000888 0.002015 0.003900
v -0.000576 0.003360 0.003900
v -0.000665 0.003252 0.003900
v -0.000273 0.001502 0.003900
v -0.000988 0.002715 0.003900
v -0.000381 0.001572 0.003900
v -0.001007 0.002535 0.003899
v -0.000921 0.002057 0.003900
v -0.000933 0.002129 0.003900
v 0.000888 0.002985 -0.001500
v 0.000399 0.003441 -0.001500
v 0.001001 0.002237 -0.001500
v -0.000360 0.003456 -0.001500
v 0.000367 0.001532 -0.001500
v -0.000800 0.003107 -0.001500
v -0.001019 0.002569 -0.001500
v -0.000312 0.001546 -0.001500
v -0.000786 0.001847 -0.001500
vn 0.6978 -0.2619 -0.6667
vn 0.7191 -0.2537 0.6469
vn -0.5213 -0.7239 -0.4519
vn -0.3284 -0.6281 0.7054
vn 0.2543 0.7696 0.5856
vn 0.2862 0.6598 -0.6948
vn -0.6467 0.5625 0.5151
vn -0.5843 0.4290 -0.6889
vn 0.7071 0.0291 -0.7065
vn 0.7497 0.1400 0.6468
vn -0.0408 -0.9008 -0.4324
vn 0.0296 -0.7081 0.7054
vn -0.1645 0.7937 0.5857
vn -0.1257 0.7336 -0.6678
vn -0.8414 0.1637 0.5151
vn -0.7061 -0.0080 -0.7080
vn -0.9659 0.2588 -0.0069
vn -0.6620 0.1735 -0.7291
vn -0.9674 0.2530 -0.0131
vn -0.6998 0.1789 -0.6916
vn 0.4933 0.6366 -0.5927
vn 0.6530 -0.5058 -0.5638
vn -0.0000 -0.0000 -1.0000
vn 0.1613 0.9869 -0.0073
vn 0.3787 -0.9091 0.1739
vn -0.0001 -0.0000 -1.0000
vn -0.7179 0.6441 -0.2641
vn -0.6601 -0.1805 -0.7292
vn -0.9660 -0.2584 -0.0060
vn -0.9242 0.3819 -0.0027
vn 0.4625 0.4607 -0.7575
vn 0.5315 0.5605 -0.6351
vn 0.6896 0.7237 -0.0271
vn 0.6687 0.7415 -0.0555
vn -0.0000 -0.0001 -1.0000
vn 0.0001 -0.0001 -1.0000
vn -0.4880 -0.4935 -0.7200
vn -0.5053 -0.5166 -0.6912
vn -0.7071 -0.7071 -0.0078
vn -0.7032 -0.7109 -0.0136
vn -0.3038 0.7451 -0.5937
vn 0.7625 0.3082 -0.5689
vn -0.6828 0.6792 -0.2693
vn 0.9765 -0.1113 -0.1843
vn -0.0002 0.0002 -1.0000
vn -0.9278 -0.2528 -0.2745
vn 0.8918 -0.4223 -0.1623
vn 0.5070 -0.6512 -0.5647
vn -0.6376 -0.4893 -0.5950
vn -0.2588 0.9659 -0.0000
vn -0.2650 0.9642 -0.0065
vn -0.2652 0.9642 -0.0068
vn -0.2713 0.9624 -0.0133
vn -0.0004 -0.0001 -1.0000
vn -0.0002 0.0001 -1.0000
vn -0.0003 -0.0000 -1.0000
vn 0.7159 0.2575 -0.6490
vn 0.0973 0.1287 -0.9869
vn 0.2492 0.2399 -0.9383
vn 0.2588 -0.9659 0.0035
vn 0.2717 -0.9623 -0.0079
vn 0.2704 -0.9627 -0.0067
vn 0.2854 -0.9582 -0.0200
vn 0.1138 0.8191 -0.5623
vn -0.7972 0.1097 -0.5937
vn 0.5975 0.7680 0.2306
vn -0.9651 -0.2614 -0.0126
vn -0.2282 -0.9337 -0.2759
vn 0.4864 -0.4812 -0.7293
vn 0.1349 -0.9908 -0.0077
vn 0.7068 -0.7074 -0.0060
vn -0.6302 0.1702 -0.7575
vn -0.7511 0.1801 -0.6351
vn -0.7213 0.1748 -0.6702
vn -0.6479 0.1383 -0.7491
vn 0.5106 -0.8177 0.2657
vn 0.5909 -0.5797 -0.5611
vn 0.4758 -0.8780 0.0522
vn 0.4807 -0.8760 -0.0383
vn 0.3972 -0.9129 0.0937
vn 0.2683 -0.9595 -0.0858
vn 0.1892 -0.9750 -0.1170
vn -0.0453 -0.9984 0.0333
vn -0.1017 -0.9947 0.0159
vn -0.0349 -0.9992 -0.0203
vn 0.8650 -0.5000 0.0427
vn 0.8561 -0.5138 0.0559
vn 0.8578 -0.5139 -0.0082
vn 0.8920 -0.3028 -0.3355
vn 0.9898 -0.1425 -0.0014
vn 0.9991 0.0192 0.0391
vn 0.9992 0.0350 -0.0199
vn 0.9946 0.1026 0.0167
vn 0.9697 0.2094 -0.1260
vn 0.8594 0.5108 0.0230
vn 0.8829 0.4694 -0.0105
vn 0.6969 0.7123 -0.0828
vn 0.7497 0.6513 -0.1170
vn 0.5920 0.8005 0.0938
vn 0.5225 0.8511 0.0522
vn 0.5183 0.8543 -0.0383
vn 0.5284 0.8488 -0.0191
vn 0.4529 0.8510 0.2657
vn 0.2066 0.8016 -0.5611
vn 0.0005 0.9991 0.0427
vn 0.0169 0.9983 0.0559
vn 0.0162 0.9998 -0.0082
vn -0.6482 0.5062 -0.5689
vn -0.3936 0.9031 0.1717
vn -0.1837 0.9239 -0.3356
vn -0.3715 0.9284 -0.0014
vn -0.0845 0.9722 0.2183
vn -0.5161 0.8556 0.0391
vn 0.3105 0.7647 -0.5647
vn -0.5299 0.8478 -0.0198
vn -0.5862 0.8100 0.0167
vn -0.6676 0.7343 -0.1225
vn -0.7600 0.6448 0.0817
vn -0.8307 0.5567 0.0024
vn -0.8118 0.5827 -0.0370
vn -0.7654 -0.3103 -0.5638
vn -0.8480 0.5300 -0.0000
vn -0.9766 0.1266 0.1739
vn -0.9658 0.2469 -0.0796
vn -0.9389 0.3236 -0.1170
vn -0.9727 0.1073 0.2056
vn -0.9984 -0.0271 0.0496
vn -0.9996 0.0012 -0.0293
vn -0.9993 0.0333 -0.0191
vn -0.9891 -0.1192 0.0862
vn -0.6371 -0.1930 -0.7462
vn -0.9584 -0.2828 -0.0381
vn -0.0967 -0.0450 -0.9943
vn -0.9532 0.3013 0.0227
vn -0.9233 0.3839 -0.0134
vn -0.1152 -0.8147 -0.5684
vn -0.5765 -0.7800 0.2435
vn -0.7088 -0.6214 -0.3339
vn -0.6183 -0.7859 -0.0014
vn -0.8171 -0.5680 -0.0986
vn -0.5231 -0.8508 0.0507
vn -0.8182 -0.1158 -0.5631
vn -0.4694 -0.8829 -0.0106
vn -0.2404 -0.2282 -0.9435
vn -0.2576 -0.7159 -0.6489
vn -0.2093 -0.9697 -0.1264
vn 0.4708 -0.8820 -0.0191
vn -0.4921 -0.6386 -0.5917
vn -0.2336 -0.9723 -0.0100
vn 0.0001 -0.0005 -1.0000
vn -0.0001 -0.0002 -1.0000
vn -0.0000 -0.0004 -1.0000
vn -0.0000 0.0001 -1.0000
vn 0.7423 -0.3039 -0.5972
vn 0.7248 -0.6890 -0.0001
vn -0.7071 -0.7071 -0.0096
vn -0.5140 -0.5165 -0.6849
vn -0.7056 -0.7085 -0.0115
vn -0.4791 -0.4833 -0.7328
vn 0.7071 0.7071 -0.0000
vn 0.3065 -0.7459 -0.5914
vn 0.8028 -0.5963 -0.0046
vn 0.1735 0.6618 -0.7293
vn 0.8889 0.3641 -0.2780
vn 0.2592 0.9658 -0.0060
vn 0.7914 0.6112 -0.0071
vn 0.2046 -0.7437 -0.6364
vn 0.1677 -0.6309 -0.7575
vn 0.2647 -0.9643 -0.0084
vn 0.2729 -0.9619 -0.0173
vn -0.0001 0.0001 -1.0000
vn -0.0002 -0.0000 -1.0000
vn -0.0255 -0.0333 -0.9991
vn -0.0872 -0.1137 -0.9897
vn -0.1399 -0.1824 -0.9732
vn -0.2692 0.9631 -0.0080
vn -0.2823 0.9591 -0.0199
vn 0.7975 -0.1090 -0.5934
vn 0.9638 0.2664 -0.0115
vn 0.0004 0.0003 -1.0000
vn 0.0002 -0.0000 -1.0000
vn 0.0004 0.0002 -1.0000
vn 0.2250 0.9342 -0.2767
vn -0.1074 0.7951 -0.5969
vn 0.9659 -0.2588 -0.0000
vn 0.9650 -0.2624 0.0038
vn 0.9650 -0.2621 0.0035
vn 0.9642 -0.2653 0.0068
vn -0.1312 -0.0970 -0.9866
vn -0.0000 0.0002 -1.0000
vn 0.6713 -0.1759 -0.7200
vn 0.7001 -0.1793 -0.6912
vn 0.9659 -0.2588 -0.0078
vn 0.9672 -0.2535 -0.0136
vn 0.0002 -0.0051 -1.0000
vn -0.0092 -0.0348 -0.9994
vn -0.0120 -0.0361 -0.9993
vn -0.0116 -0.0049 -0.9999
vn -0.0060 -0.0056 -1.0000
vn -0.0264 -0.0328 -0.9991
vn -0.0394 0.0034 -0.9992
vn 0.0001 -0.0000 -1.0000
vn -0.0001 -0.0001 -1.0000
vn 0.0007 0.0036 -1.0000
vn 0.0068 0.0138 -0.9999
vn 0.0357 0.0115 -0.9993
vn 0.0353 0.0092 -0.9993
vn 0.0052 -0.0002 -1.0000
vn 0.9847 -0.0878 0.1506
vn 0.7405 -0.6720 -0.0065
vn 0.4581 -0.5070 0.7301
vn 0.0858 -0.9963 0.0098
vn 0.8461 -0.5330 0.0035
vn 0.8158 -0.4313 -0.3852
vn 0.8534 -0.5213 0.0038
vn 0.9587 -0.2842 -0.0073
vn 0.6285 -0.7565 0.1810
vn 0.6923 -0.0347 0.7208
vn 0.9998 0.0208 -0.0010
vn 0.9995 0.0303 -0.0121
vn 0.6712 0.1442 0.7271
vn 0.9737 0.2277 -0.0055
vn 0.7579 0.6523 0.0103
vn 0.6460 0.2268 0.7288
vn 0.6193 0.3441 0.7057
vn 0.8650 0.5018 -0.0014
vn 0.3690 0.9223 0.1151
vn 0.7389 0.6737 0.0097
vn 0.6360 0.6705 -0.3820
vn 0.9244 0.3552 0.1392
vn 0.3267 0.6244 0.7095
vn 0.4833 0.8755 -0.0035
vn 0.5035 0.8640 -0.0011
vn 0.2564 0.6513 0.7142
vn 0.3049 0.9524 -0.0005
vn 0.1334 0.6714 0.7290
vn -0.0107 0.9999 0.0036
vn -0.0371 0.6962 0.7169
vn -0.0004 1.0000 0.0056
vn -0.2038 0.9784 -0.0350
vn -0.7613 0.6219 0.1834
vn -0.4384 0.8096 -0.3903
vn -0.5215 0.8532 0.0047
vn -0.5346 0.8451 0.0036
vn -0.0845 0.9844 0.1541
vn -0.6723 0.7402 -0.0070
vn -0.5072 0.4574 0.7304
vn -0.9820 0.1888 0.0067
vn -0.6026 0.3695 0.7074
vn -0.8677 0.4971 -0.0042
vn -0.6495 0.2513 0.7176
vn -0.9556 0.2946 -0.0106
vn -0.6789 0.1119 0.7257
vn -0.8321 -0.5412 0.1209
vn -0.9996 -0.0260 0.0069
vn -0.9934 -0.1151 0.0011
vn -0.9790 -0.2036 -0.0072
vn -0.9550 0.2455 0.1664
vn -0.5476 -0.8367 0.0015
vn -0.6221 -0.3377 0.7063
vn -0.8644 -0.5027 -0.0044
vn -0.5419 -0.4364 0.7183
vn -0.7332 -0.6799 -0.0130
vn -0.4328 -0.5344 0.7261
vn -0.3209 -0.6258 0.7109
vn -0.4844 -0.8748 -0.0057
vn -0.8533 -0.5215 -0.0043
vn 0.2505 -0.9550 0.1589
vn -0.3072 -0.9516 0.0033
vn 0.1429 -0.9897 0.0088
vn -0.5415 -0.8316 0.1229
vn -0.0038 -1.0000 0.0075
vn 0.1119 -0.6874 0.7176
vn 0.2221 -0.9750 -0.0111
vn 0.2486 -0.6410 0.7262
vn 0.3771 -0.5989 0.7065
vn 0.4956 -0.8685 -0.0053
vn -0.0720 -0.4872 0.8703
vn 0.0002 0.0083 1.0000
vn 0.0006 0.0086 1.0000
vn 0.0015 0.0074 1.0000
vn 0.3605 -0.3525 0.8636
vn -0.2244 0.4357 0.8717
vn 0.0043 -0.0050 1.0000
vn 0.0035 -0.0075 1.0000
vn -0.5123 0.0699 0.8559
vn -0.3956 0.5954 0.6993
vn -0.3983 0.6018 0.6922
vn -0.6119 0.3515 0.7085
vn -0.0958 0.6949 0.7127
vn -0.0385 0.6915 0.7213
vn 0.1621 0.6376 0.7531
vn 0.3850 0.6390 0.6659
vn 0.4872 0.5003 0.7158
vn 0.5180 0.3237 0.7918
vn 0.7128 0.1704 0.6803
vn 0.7106 0.0121 0.7035
vn 0.5875 -0.1391 0.7972
vn 0.6143 -0.3925 0.6845
vn 0.5336 -0.4966 0.6846
vn 0.3118 -0.5118 0.8006
vn 0.1423 -0.7126 0.6870
vn 0.0308 -0.7375 0.6747
vn -0.1486 -0.5806 0.8005
vn -0.4130 -0.5932 0.6911
vn -0.5032 -0.5511 0.6656
vn -0.5212 -0.2985 0.7995
vn -0.7434 -0.1455 0.6528
vn -0.6811 0.0518 0.7304
vn -0.6325 0.2996 0.7143
vn 0.0001 -0.0002 1.0000
vn 0.0002 -0.0003 1.0000
vn 0.0002 -0.0000 1.0000
vn 0.0006 0.0004 1.0000
vn 0.0008 0.0005 1.0000
vn 0.0004 0.0006 1.0000
vn -0.0001 0.0008 1.0000
vn -0.0006 0.0004 1.0000
vn -0.0007 -0.0001 1.0000
vn -0.0007 -0.0002 1.0000
vn -0.0004 -0.0007 1.0000
vn -0.0006 -0.0004 1.0000
vn -0.0000 -0.0003 1.0000
vn -0.0002 -0.0001 1.0000
vn 0.6942 -0.7150 0.0827
vn 0.8089 -0.5867 -0.0387
vn 0.5642 -0.8227 -0.0686
vn 0.4391 -0.8984 -0.0009
vn 0.3290 -0.9441 -0.0195
vn 0.8821 -0.4701 0.0297
vn 0.9441 -0.3296 0.0106
vn 0.9575 -0.2883 -0.0007
vn 0.9916 -0.1290 -0.0025
vn 0.9966 -0.0812 -0.0117
vn 0.9982 0.0526 -0.0292
vn 0.9862 0.1654 0.0101
vn 0.9580 0.2857 -0.0244
vn 0.9043 0.4216 0.0666
vn 0.8123 0.5830 -0.0135
vn 0.7746 0.6313 -0.0376
vn 0.6598 0.7421 0.1178
vn 0.5096 0.8600 -0.0269
vn 0.4312 0.9019 -0.0238
vn 0.2216 0.9751 0.0131
vn 0.2964 0.9551 0.0056
vn 0.0438 0.9947 -0.0931
vn -0.1389 0.9869 0.0822
vn -0.3323 0.9353 -0.1218
vn -0.5122 0.8502 0.1218
vn -0.6682 0.7407 -0.0704
vn -0.7772 0.6291 0.0123
vn -0.8376 0.5463 0.0022
vn -0.8912 0.4536 0.0027
vn -0.9353 0.3477 -0.0663
vn -0.9871 0.1602 -0.0030
vn -0.9984 0.0555 -0.0117
vn -0.9868 -0.1297 0.0973
vn -0.9514 -0.3074 -0.0174
vn -0.9110 -0.4123 -0.0030
vn -0.8440 -0.5332 0.0579
vn -0.7837 -0.6211 -0.0079
vn -0.6564 -0.7544 0.0001
vn -0.5992 -0.8003 -0.0187
vn -0.3977 -0.9166 -0.0400
vn -0.4651 -0.8847 -0.0313
vn -0.2273 -0.9726 0.0493
vn -0.1116 -0.9938 0.0011
vn -0.0142 -0.9999 0.0067
vn 0.1083 -0.9941 -0.0032
vn 0.2059 -0.9784 0.0193
vn 0.3161 -0.1947 -0.9285
vn -0.1645 -0.8173 -0.5523
vn -0.8308 -0.0977 -0.5480
vn 0.7550 -0.3470 -0.5563
vn -0.3467 0.7554 -0.5560
vn -0.0980 -0.8332 -0.5443
vn -0.1885 0.3032 -0.9341
vn -0.8199 -0.1647 -0.5484
vn -0.4099 0.7304 -0.5464
vn 0.4554 0.5326 -0.7134
vn -0.0127 -0.9999 0.0003
vn 0.1054 -0.9944 -0.0033
vn -0.3030 -0.9526 0.0278
vn -0.3238 -0.9460 0.0187
vn -0.6323 -0.7748 -0.0013
vn -0.7064 -0.7076 -0.0183
vn -0.8813 -0.4722 0.0164
vn -0.9456 -0.3247 0.0193
vn -0.9995 0.0291 0.0093
vn -0.9996 -0.0017 -0.0292
vn -0.8835 0.4682 -0.0153
vn -0.8697 0.4930 0.0261
vn -0.5626 0.8263 -0.0280
vn -0.4511 0.8909 -0.0522
vn -0.1369 0.9903 -0.0228
vn 0.1006 0.6184 0.7794
vn 0.3152 0.9490 0.0073
vn 0.6146 0.7888 0.0113
vn 0.5518 0.7874 0.2747
vn 0.7762 0.5676 0.2744
vn 0.8840 0.4671 0.0188
vn 0.6265 0.0909 0.7741
vn 0.9970 0.0734 0.0223
vn 0.9617 -0.2716 -0.0366
vn 0.8899 -0.4526 -0.0566
vn 0.7685 -0.6390 -0.0317
vn 0.4699 -0.8822 -0.0310
vn 0.4847 -0.8743 0.0267
vn -0.8280 0.5605 -0.0174
vn -0.9811 0.1926 0.0173
vn -0.5605 0.8280 0.0174
vn -0.1926 0.9811 -0.0173
vn 0.1926 0.9811 0.0173
vn 0.5605 0.8280 -0.0174
vn 0.8280 0.5605 0.0174
vn 0.9811 0.1926 -0.0173
vn 0.9811 -0.1926 0.0173
vn 0.8280 -0.5605 -0.0174
vn 0.5605 -0.8280 0.0174
vn 0.1926 -0.9811 -0.0173
vn -0.1926 -0.9811 0.0173
vn -0.5605 -0.8280 -0.0174
vn -0.8280 -0.5605 0.0174
vn -0.9811 -0.1926 -0.0173
vn 0.4312 -0.2204 0.8750
vn -0.0089 0.0011 1.0000
vn -0.0077 0.0031 1.0000
vn -0.0056 0.0027 1.0000
vn 0.4590 0.2382 0.8559
vn 0.2986 -0.5550 0.7764
vn 0.3973 -0.5694 0.7197
vn 0.0072 0.6433 0.7656
vn 0.1902 0.6753 0.7126
vn 0.8321 -0.4231 0.3587
vn 0.7097 0.1115 0.6957
vn 0.3468 0.3459 0.8718
vn -0.0032 -0.0057 1.0000
vn -0.0046 -0.0041 1.0000
vn -0.0904 0.5091 0.8560
vn -0.5842 0.3902 0.7117
vn 0.6625 0.2027 0.7211
vn 0.1130 0.7093 0.6958
vn -0.5735 0.2867 0.7674
vn 0.6618 -0.0108 0.7496
vn -0.4194 0.8339 0.3587
vn -0.5519 -0.4347 0.7116
vn 0.0109 0.6928 0.7211
vn -0.6403 0.3261 0.6954
vn 0.1037 0.5974 0.7952
vn 0.0003 -0.0002 1.0000
vn -0.4415 -0.4640 0.7679
vn -0.9153 -0.3301 0.2310
vn -0.4898 -0.0826 0.8679
vn 0.0068 0.0018 1.0000
vn 0.0093 0.0008 1.0000
vn -0.2246 -0.4499 0.8644
vn 0.2433 -0.6569 0.7136
vn 0.3940 -0.5527 0.7343
vn -0.6551 0.2270 0.7206
vn -0.0000 -0.0000 1.0000
vn 0.1211 -0.9461 0.3003
vn -0.9458 0.1244 0.3001
vn -0.5171 0.3769 0.7684
vn -0.5058 -0.5091 0.6964
vn 0.7001 0.0280 0.7135
vn -0.4175 -0.5534 0.7207
vn 0.3263 -0.6387 0.6969
vn -0.3337 -0.9140 0.2308
vn -0.4626 -0.4143 0.7838
vn -0.0002 0.0003 1.0000
vn 0.6284 0.0892 0.7728
vn -0.0011 0.0005 -1.0000
vn -0.0005 0.0003 -1.0000
vn -0.0006 0.0005 -1.0000
vn -0.0001 0.0002 -1.0000
vn 0.0001 0.0001 -1.0000
vn 0.0003 -0.0000 -1.0000
vn 0.0010 -0.0005 -1.0000
vn 0.0011 -0.0005 -1.0000
vn 0.0006 -0.0005 -1.0000
vn 0.0005 -0.0003 -1.0000
vn 0.0001 -0.0002 -1.0000
vn 0.0002 -0.0001 -1.0000
vn -0.0010 0.0005 -1.0000
vn 0.8933 0.4495 0.0019
vn 0.9906 0.1352 -0.0204
vn 0.2903 -0.5506 -0.7826
vn 0.8902 -0.4551 -0.0207
vn 0.1572 0.9875 0.0096
vn 0.9874 0.1580 0.0078
vn 0.8623 0.5063 -0.0030
vn 0.7067 0.7058 0.0502
vn 0.4982 0.8670 -0.0021
vn -0.5507 0.2902 -0.7826
vn 0.1352 0.9906 -0.0204
vn -0.4551 0.8902 -0.0207
vn 0.4487 0.8937 0.0087
vn -0.4442 -0.4492 -0.7752
vn -0.5638 0.2958 -0.7711
vn -0.9856 -0.1653 0.0363
vn 0.7060 -0.7082 0.0027
vn 0.4536 -0.8911 0.0119
vn -0.4492 -0.4442 -0.7752
vn -0.1653 -0.9856 0.0363
vn 0.9199 -0.1667 -0.3551
vn 0.7953 -0.5172 -0.3161
vn 0.5111 -0.7822 -0.3562
vn 0.4481 -0.8363 -0.3158
vn 0.9484 -0.0328 -0.3154
vn 0.8318 0.4469 -0.3293
vn 0.8297 0.4500 -0.3304
vn 0.5014 0.8007 -0.3277
vn 0.4410 0.8404 -0.3151
vn 0.0371 0.9417 -0.3343
vn -0.0430 0.9453 -0.3234
vn -0.5111 0.7822 -0.3563
vn -0.4481 0.8363 -0.3158
vn -0.7953 0.5172 -0.3161
vn -0.9199 0.1667 -0.3551
vn -0.9484 0.0328 -0.3154
vn -0.8318 -0.4469 -0.3293
vn -0.8297 -0.4500 -0.3304
vn -0.5014 -0.8007 -0.3277
vn -0.4410 -0.8404 -0.3151
vn -0.0371 -0.9417 -0.3343
vn 0.0430 -0.9453 -0.3234
vn -0.0000 -0.0002 -1.0000
vn -0.0001 -0.0003 -1.0000
vn -0.0003 -0.0002 -1.0000
vn 0.0001 0.0003 -1.0000
vn 0.0003 0.0003 -1.0000
vn 0.0003 0.0002 -1.0000
vn 0.0002 0.0001 -1.0000
vn 0.0003 -0.0002 -1.0000
vn 0.0004 -0.0003 -1.0000
vn 0.0029 -0.7077 -0.7065
vn 0.1396 -0.7487 0.6480
vn -0.8875 0.0894 -0.4520
vn -0.7097 -0.0298 0.7039
vn 0.8362 0.1568 0.5256
vn 0.7145 0.0821 -0.6948
vn -0.0391 0.9001 0.4340
vn 0.0794 0.7205 -0.6889
vn -0.7071 -0.0291 -0.7065
vn -0.7497 -0.1400 0.6468
vn 0.0408 0.9008 -0.4324
vn -0.0296 0.7081 0.7054
vn 0.1645 -0.7937 0.5857
vn 0.1257 -0.7336 -0.6678
vn 0.8414 -0.1637 0.5151
vn 0.7061 0.0080 -0.7080
vn -0.3787 0.5979 -0.7065
vn -0.4954 0.5786 0.6479
vn 0.8005 0.4151 -0.4324
vn 0.5998 0.3806 0.7039
vn -0.6457 -0.5539 0.5256
vn -0.5724 -0.4757 -0.6679
vn 0.4840 -0.7599 0.4339
vn 0.3599 -0.6076 -0.7080
vn -0.0029 0.7077 -0.7065
vn -0.1396 0.7487 0.6480
vn 0.8875 -0.0894 -0.4520
vn 0.7097 0.0298 0.7039
vn -0.8362 -0.1568 0.5256
vn -0.7145 -0.0821 -0.6948
vn 0.0391 -0.9001 0.4340
vn -0.0794 -0.7205 -0.6889
vn -0.5979 -0.3787 -0.7065
vn -0.5786 -0.4954 0.6480
vn -0.4151 0.8005 -0.4324
vn -0.3806 0.5998 0.7039
vn 0.5539 -0.6457 0.5256
vn 0.4757 -0.5724 -0.6679
vn 0.7599 0.4840 0.4339
vn 0.6076 0.3599 -0.7080
vn 0.2619 0.6978 -0.6667
vn 0.2537 0.7191 0.6469
vn 0.7239 -0.5212 -0.4519
vn 0.6281 -0.3284 0.7054
vn -0.7696 0.2543 0.5856
vn -0.6598 0.2862 -0.6948
vn -0.5625 -0.6467 0.5151
vn -0.4290 -0.5843 -0.6889
vn 0.3787 -0.5979 -0.7065
vn 0.4954 -0.5786 0.6479
vn -0.8005 -0.4151 -0.4324
vn -0.5998 -0.3806 0.7039
vn 0.6457 0.5539 0.5256
vn 0.5724 0.4757 -0.6679
vn -0.4840 0.7599 0.4339
vn -0.3599 0.6076 -0.7080
vn 0.5979 0.3787 -0.7065
vn 0.5786 0.4954 0.6480
vn 0.4151 -0.8005 -0.4324
vn 0.3806 -0.5998 0.7039
vn -0.5539 0.6457 0.5256
vn -0.4757 0.5724 -0.6679
vn -0.7599 -0.4840 0.4339
vn -0.6076 -0.3599 -0.7080
vn -0.8173 0.5762 -0.0074
vn -0.7740 0.6331 0.0092
vn -0.6272 0.7788 -0.0103
vn -0.5684 0.8227 0.0078
vn -0.3569 0.9341 -0.0072
vn -0.3255 0.9455 0.0038
vn -0.0881 0.9961 -0.0036
vn -0.0589 0.9982 0.0059
vn 0.1377 0.9905 -0.0063
vn 0.2160 0.9764 0.0094
vn 0.3555 0.9346 -0.0085
vn 0.4661 0.8847 0.0097
vn 0.5503 0.8349 -0.0080
vn 0.6537 0.7568 0.0080
vn 0.7244 0.6893 -0.0097
vn 0.8026 0.5964 0.0085
vn 0.8843 0.4668 -0.0105
vn 0.9164 0.4002 0.0032
vn 0.9851 0.1719 -0.0076
vn 0.9818 0.1897 0.0039
vn 0.9964 -0.0848 0.0016
vn 0.9932 -0.1165 -0.0034
vn 0.9277 -0.3732 -0.0036
vn 0.9422 -0.3351 0.0029
vn 0.8396 -0.5432 0.0065
vn 0.7880 -0.6156 -0.0112
vn 0.7010 -0.7131 0.0085
vn 0.5900 -0.8074 -0.0094
vn 0.5240 -0.8517 0.0063
vn 0.3470 -0.9378 -0.0059
vn 0.3194 -0.9476 0.0036
vn 0.0737 -0.9973 -0.0042
vn 0.0466 -0.9989 0.0046
vn -0.2450 -0.9695 -0.0050
vn -0.2658 -0.9640 0.0011
vn -0.5392 -0.8421 -0.0055
vn -0.5181 -0.8553 0.0034
vn -0.7407 -0.6718 0.0076
vn -0.7528 -0.6583 -0.0039
vn -0.8787 -0.4774 -0.0032
vn -0.9150 -0.4033 0.0127
vn -0.9638 -0.2667 -0.0064
vn -0.9961 -0.0881 0.0085
vn -0.9989 -0.0471 -0.0034
vn -0.9860 0.1666 -0.0001
vn -0.9837 0.1800 0.0030
vn -0.9250 0.3799 -0.0027
vn -0.9141 0.4055 0.0056
vn 0.8121 -0.5835 -0.0096
vn 0.7382 -0.6745 0.0084
vn 0.6305 -0.7762 -0.0104
vn 0.5674 -0.8234 0.0066
vn 0.3701 -0.9290 -0.0071
vn 0.3399 -0.9404 0.0037
vn 0.1116 -0.9937 -0.0036
vn 0.0913 -0.9958 0.0030
vn -0.1178 -0.9930 -0.0030
vn -0.1309 -0.9914 0.0001
vn -0.3641 -0.9313 -0.0041
vn -0.3409 -0.9401 0.0040
vn -0.5748 -0.8183 0.0041
vn -0.5949 -0.8038 -0.0040
vn -0.7538 -0.6571 -0.0001
vn -0.7624 -0.6471 0.0030
vn -0.8766 -0.4812 -0.0027
vn -0.8891 -0.4576 0.0056
vn -0.9575 -0.2885 -0.0062
vn -0.9768 -0.2140 0.0093
vn -0.9972 -0.0747 -0.0084
vn -0.9986 0.0515 0.0111
vn -0.9905 0.1370 -0.0064
vn -0.9515 0.3076 0.0023
vn -0.9380 0.3467 -0.0034
vn -0.8443 0.5359 -0.0046
vn -0.8668 0.4987 0.0009
vn -0.7326 0.6806 0.0081
vn -0.6717 0.7407 -0.0124
vn -0.5403 0.8414 0.0085
vn -0.4182 0.9083 -0.0115
vn -0.3394 0.9406 0.0062
vn -0.1553 0.9878 -0.0059
vn -0.1274 0.9918 0.0036
vn 0.1070 0.9943 -0.0037
vn 0.1320 0.9912 0.0037
vn 0.3592 0.9333 -0.0036
vn 0.3782 0.9257 0.0030
vn 0.5559 0.8312 -0.0027
vn 0.5780 0.8160 0.0056
vn 0.7166 0.6975 -0.0062
vn 0.7733 0.6339 0.0115
vn 0.8506 0.5257 -0.0062
vn 0.9302 0.3669 0.0059
vn 0.9460 0.3240 -0.0029
vn 0.9965 0.0831 -0.0036
vn 0.9925 0.1223 0.0029
vn 0.9948 -0.1020 0.0064
vn 0.9836 -0.1804 -0.0095
vn 0.9506 -0.3103 0.0079
vn 0.9197 -0.3924 -0.0079
vn 0.8635 -0.5042 0.0079
vn -0.6978 0.2619 -0.6667
vn -0.7191 0.2537 0.6469
vn 0.5213 0.7239 -0.4519
vn 0.3284 0.6281 0.7054
vn -0.2543 -0.7696 0.5856
vn -0.2862 -0.6598 -0.6948
vn 0.6467 -0.5625 0.5151
vn 0.5843 -0.4290 -0.6889
vn -0.2619 -0.6978 -0.6667
vn -0.2537 -0.7191 0.6469
vn -0.7239 0.5212 -0.4519
vn -0.6281 0.3284 0.7054
vn 0.7696 -0.2543 0.5856
vn 0.6598 -0.2862 -0.6948
vn 0.5625 0.6467 0.5151
vn 0.4290 0.5843 -0.6889
vn -0.5310 -0.8473 0.0104
vn -0.4596 -0.8881 -0.0042
vn -0.2135 -0.9768 -0.0135
vn -0.1369 -0.9906 0.0002
vn -0.1954 -0.9807 0.0003
vn 0.0819 -0.9370 0.3396
vn -0.2490 -0.9665 0.0626
vn -0.7319 -0.6814 -0.0037
vn -0.8267 -0.5624 0.0191
vn -0.8973 -0.4413 -0.0036
vn -0.9823 -0.1871 0.0110
vn -0.9966 -0.0822 0.0080
vn -0.7978 0.2790 -0.5345
vn -0.9306 0.3650 -0.0262
vn -0.7781 0.6213 -0.0922
vn -0.9241 0.1357 0.3573
vn -0.7687 0.5577 0.3130
vn -0.8159 0.4938 0.3009
vn -0.9471 0.0234 0.3201
vn -0.9903 -0.1389 0.0026
vn -0.9024 -0.2557 0.3468
vn -0.8495 -0.4180 0.3219
vn -0.8842 -0.4670 0.0066
vn -0.6999 -0.6365 0.3241
vn -0.6854 -0.7280 0.0149
vn -0.5297 -0.7878 0.3142
vn -0.3406 -0.9285 0.1480
vn -0.6500 0.1534 0.7442
vn -0.7613 0.6480 0.0204
vn -0.7642 0.6450 -0.0020
vn -0.7476 0.6640 -0.0120
vn -0.5724 0.8200 -0.0030
vn -0.4743 0.8802 0.0149
vn -0.3325 0.9431 -0.0052
vn -0.0915 0.9957 0.0118
vn 0.0251 0.9997 -0.0010
vn 0.3240 0.9459 -0.0154
vn 0.4826 0.8754 0.0274
vn 0.6518 0.7576 -0.0334
vn 0.7462 0.6656 -0.0115
vn 0.9044 0.4220 -0.0630
vn 0.7213 0.5581 0.4102
vn 0.8279 0.3702 0.4213
vn 0.8439 0.4106 0.3452
vn 0.5384 0.7889 0.2962
vn 0.3736 0.9276 0.0046
vn 0.2892 0.8867 0.3608
vn 0.1171 0.9472 0.2984
vn 0.0346 0.9994 0.0051
vn -0.1483 0.9261 0.3470
vn -0.2840 0.9586 0.0228
vn -0.3566 0.8781 0.3190
vn -0.0687 0.3595 0.9306
vn 0.7264 0.3346 0.6003
vn 0.9437 0.3304 0.0148
vn 0.8908 0.4545 0.0006
vn 0.9936 0.1128 -0.0080
vn 0.8921 0.4464 -0.0704
vn 0.9984 0.0562 0.0071
vn 0.9732 -0.2298 -0.0074
vn 0.9365 -0.3505 -0.0095
vn 0.7977 -0.6030 -0.0100
vn 0.6763 -0.7365 -0.0096
vn 0.5278 -0.8492 -0.0166
vn 0.3692 -0.9292 0.0148
vn 0.2663 -0.9638 0.0144
vn 0.1174 -0.9931 0.0026
vn 0.2333 -0.9724 -0.0015
vn 0.2139 -0.9763 0.0339
vn 0.2699 -0.9629 0.0043
vn 0.4274 -0.8678 0.2537
vn 0.6137 -0.7896 -0.0002
vn 0.5978 -0.7341 0.3222
vn 0.7692 -0.5725 0.2839
vn 0.8501 -0.5266 -0.0010
vn 0.8888 -0.4014 0.2211
vn 0.5172 -0.4638 0.7194
vn 0.9457 -0.1356 0.2953
vn 0.2199 0.1017 0.9702
vn 0.3929 0.7473 -0.5359
vn 0.1071 0.7059 -0.7002
vn 0.2256 0.8490 -0.4779
vn -0.0624 0.8950 0.4417
vn 0.1860 0.8719 0.4530
vn -0.1569 0.9671 0.2004
vn 0.2852 0.8365 -0.4678
vn 0.3684 0.8485 0.3799
vn 0.4677 0.6293 -0.6207
vn 0.4408 0.8158 -0.3744
vn 0.2350 0.3973 -0.8871
vn 0.6033 0.6650 -0.4402
vn 0.3549 0.4542 -0.8171
vn 0.5693 0.7412 -0.3556
vn 0.7072 0.5285 -0.4696
vn 0.4834 0.3443 -0.8048
vn 0.7591 0.4780 -0.4418
vn 0.8255 0.3968 0.4013
vn 0.9256 0.2775 0.2576
vn 0.6826 0.5320 0.5010
vn 0.6781 0.6008 0.4233
vn 0.4369 0.7235 0.5344
vn 0.5502 0.6951 0.4628
vn 0.4982 0.6960 0.5171
vn 0.4892 0.6781 0.5485
vn 0.6347 0.5528 0.5400
vn -0.2263 0.2677 0.9365
vn -0.0896 0.1020 0.9907
vn -0.0353 0.1229 0.9918
vn -0.1738 -0.3307 0.9276
vn 0.1271 0.0933 0.9875
vn 0.0373 -0.0281 0.9989
vn 0.0668 0.0204 0.9976
vn -0.0608 -0.3520 0.9340
vn 0.1973 0.0342 0.9797
vn 0.2372 -0.1071 0.9655
vn 0.5298 0.0704 0.8452
vn 0.2867 -0.2896 0.9132
vn -0.0709 -0.1788 0.9813
vn 0.1368 0.5664 0.8127
vn 0.3094 -0.9475 -0.0802
vn -0.1583 -0.9266 0.3412
vn -0.3668 -0.8799 -0.3019
vn 0.4322 -0.5961 -0.6767
vn -0.3577 -0.3615 -0.8610
vn 0.4643 -0.1694 -0.8693
vn 0.1361 0.2402 -0.9611
vn -0.1730 -0.7147 0.6776
vn 0.4023 -0.7070 0.5816
vn 0.6646 -0.6963 0.2710
vn 0.2533 -0.5863 0.7695
vn -0.0071 -0.3472 0.9378
vn -0.1940 -0.4148 0.8890
vn -0.5646 -0.6106 0.5553
vn -0.5872 -0.6022 0.5409
vn -0.8108 -0.5207 -0.2675
vn -0.8442 -0.5000 -0.1931
vn -0.6024 -0.4666 0.6476
vn -0.5491 -0.6367 0.5414
vn -0.2252 -0.5899 0.7754
vn -0.6157 -0.7476 0.2489
vn -0.5892 -0.7246 -0.3575
vn -0.0861 -0.9526 -0.2918
vn 0.0917 -0.9736 -0.2091
vn 0.4438 -0.8907 -0.0982
vn -0.0127 -0.7347 0.6783
vn 0.1475 -0.7601 0.6328
vn -0.2359 -0.3534 0.9053
vn -0.0378 -0.7818 0.6224
vn -0.1629 -0.8360 0.5241
vn -0.1425 -0.4523 0.8804
vn -0.2916 -0.7292 0.6190
vn -0.4061 -0.8890 0.2114
vn -0.3213 -0.7990 -0.5083
vn -0.2779 -0.9195 -0.2779
vn -0.3897 -0.8696 -0.3033
vn -0.3600 -0.7015 0.6151
vn -0.4115 -0.7511 0.5162
vn -0.2052 -0.3669 0.9074
vn -0.4558 -0.6840 0.5696
vn -0.5449 -0.6417 0.5397
vn -0.7325 -0.6142 -0.2936
vn -0.6752 -0.6789 -0.2886
vn -0.7737 -0.5584 0.2991
vn -0.8666 -0.2233 -0.4462
vn -0.8548 -0.3993 -0.3314
vn 0.4487 -0.8857 -0.1194
vn 0.2483 -0.9385 -0.2398
vn 0.2198 -0.9457 -0.2396
vn -0.0239 -0.9487 -0.3152
vn -0.1809 -0.9038 -0.3878
vn -0.5345 -0.7978 -0.2791
vn -0.2275 -0.8408 0.4912
vn -0.2113 -0.3661 0.9063
vn -0.2233 -0.3669 0.9031
vn 0.8514 -0.5214 0.0572
vn 0.2901 -0.4524 0.8433
vn 0.8023 -0.2802 0.5270
vn 0.5594 0.1697 -0.8114
vn 0.8203 -0.2142 -0.5303
vn 0.8137 -0.0916 -0.5740
vn 0.8597 0.1515 -0.4878
vn -0.1697 -0.1383 -0.9757
vn -0.3532 -0.1295 -0.9265
vn -0.3939 -0.1143 -0.9120
vn 0.0304 0.3419 -0.9393
vn 0.2215 0.3559 -0.9079
vn -0.3052 -0.0233 -0.9520
vn -0.1510 0.1212 -0.9811
vn -0.1830 -0.2221 -0.9577
vn 0.1835 -0.0974 -0.9782
vn 0.3507 -0.2253 -0.9090
vn 0.4500 -0.2105 -0.8678
vn 0.2168 0.3939 -0.8932
vn 0.2401 -0.2678 -0.9331
vn 0.1626 -0.4751 -0.8648
vn 0.2259 0.3746 -0.8992
vn 0.0111 -0.3386 -0.9409
vn 0.0365 0.0337 -0.9988
vn -0.3692 -0.6557 -0.6587
vn 0.1914 0.3611 -0.9127
vn 0.2113 0.3659 -0.9063
vn 0.2126 0.3664 -0.9059
vn 0.2130 0.3747 -0.9023
vn -0.2596 -0.6226 0.7382
vn -0.5403 0.4381 0.7184
vn 0.9003 0.0123 0.4350
vn 0.1021 -0.6837 0.7226
vn 0.4852 0.2246 0.8450
vn 0.2971 0.0281 0.9544
vn 0.4666 -0.1831 0.8653
vn 0.2220 -0.2760 0.9351
vn 0.2578 -0.4583 0.8506
vn -0.0941 -0.3003 0.9492
vn -0.2018 -0.2307 0.9518
vn -0.4896 0.2190 0.8440
vn -0.1782 0.3405 0.9232
vn -0.2928 -0.2153 0.9316
vn -0.3936 -0.0611 0.9173
vn -0.0293 0.3916 0.9197
vn 0.1550 0.3598 0.9201
vn 0.2524 0.2937 0.9220
vn -0.2209 0.9458 -0.2382
vn -0.7933 0.3819 0.4742
vn -0.8953 0.3711 -0.2465
vn -0.9252 0.3734 -0.0677
vn -0.2731 0.9152 -0.2962
vn -0.1157 0.9231 -0.3669
vn 0.0650 0.4146 -0.9077
vn -0.0953 0.4666 -0.8793
vn 0.1330 -0.2553 -0.9577
vn 0.2807 -0.1972 -0.9393
vn 0.0631 0.4526 -0.8895
vn 0.0706 0.8493 -0.5232
vn 0.1466 0.2251 -0.9632
vn -0.0498 0.9477 -0.3154
vn -0.0407 0.3121 -0.9492
vn -0.3233 0.8805 -0.3466
vn -0.6839 0.5586 -0.4693
vn -0.3921 -0.0109 -0.9198
vn -0.9731 0.0905 -0.2118
vn -0.3887 -0.2841 -0.8765
vn -0.3980 -0.2647 -0.8784
vn 0.1959 -0.3699 -0.9082
vn -0.0765 -0.2107 -0.9745
vn 0.2407 -0.3712 -0.8968
vn -0.3288 -0.0275 -0.9440
vn -0.3766 0.1636 -0.9118
vn 0.2103 -0.3844 -0.8989
vn -0.2817 0.1568 -0.9466
vn 0.0044 -0.0487 -0.9988
vn -0.2848 0.6745 -0.6811
vn -0.9969 -0.0071 0.0779
vn -0.8490 0.4618 -0.2570
vn -0.6074 0.6070 -0.5125
vn -0.6159 0.5565 -0.5576
vn -0.6237 0.7164 -0.3129
vn -0.5920 0.7594 -0.2700
vn -0.5011 0.8210 -0.2735
vn -0.2219 0.9242 -0.3107
vn 0.2187 -0.3527 -0.9098
vn 0.2113 -0.3660 -0.9063
vn 0.2159 -0.3698 -0.9037
vn 0.5414 -0.6215 -0.5662
vn 0.5317 -0.5317 -0.6592
vn 0.5553 -0.4434 -0.7037
vn 0.2803 -0.6416 -0.7140
vn 0.2535 -0.5275 -0.8108
vn 0.0161 -0.5870 -0.8094
vn -0.1620 -0.4974 -0.8522
vn 0.6215 -0.6228 -0.4753
vn 0.7632 -0.3900 0.5152
vn 0.6526 -0.5898 0.4757
vn 0.9169 -0.3545 0.1835
vn 0.5469 -0.6866 -0.4790
vn 0.5646 -0.6333 0.5293
vn 0.4908 -0.7908 -0.3658
vn 0.2708 -0.8627 -0.4272
vn 0.3511 -0.8763 -0.3299
vn 0.0987 -0.8874 -0.4503
vn 0.0254 -0.9173 -0.3975
vn -0.0172 -0.8853 0.4647
vn -0.2440 -0.8315 0.4991
vn 0.4174 -0.7339 0.5359
vn 0.3961 -0.7516 0.5275
vn 0.3096 -0.7548 0.5783
vn 0.3984 -0.7403 0.5416
vn 0.1966 -0.8546 0.4807
vn 0.1159 -0.8726 0.4745
vn -0.9753 0.2059 -0.0797
vn -0.7727 0.5540 0.3099
vn -0.7323 -0.0770 -0.6766
vn -0.3756 -0.3152 -0.8715
vn -0.5625 0.5400 0.6261
vn -0.8167 -0.0003 0.5770
vn -0.9353 -0.2274 0.2710
vn -0.6303 0.0817 0.7721
vn -0.3044 0.2957 0.9055
vn -0.3825 0.1999 0.9021
vn -0.2506 0.3702 0.8945
vn -0.2916 0.8127 0.5044
vn -0.2105 0.7465 0.6313
vn -0.2149 0.7944 0.5681
vn -0.3962 0.3930 0.8298
vn -0.0061 0.9529 0.3032
vn -0.8052 0.5637 0.1843
vn -0.6221 0.5349 0.5717
vn -0.6314 0.3497 0.6921
vn -0.3177 0.3002 0.8994
vn -0.7225 0.3665 0.5862
vn -0.6474 0.7382 0.1898
vn -0.2806 0.8001 0.5301
vn -0.3509 0.8125 0.4656
vn -0.1593 0.4066 0.8996
vn -0.4507 0.7318 0.5112
vn -0.2125 0.3766 0.9017
vn -0.5171 0.6486 0.5585
vn -0.6243 0.5726 0.5313
vn -0.3397 0.7851 0.5180
vn 0.0399 0.1745 0.9839
vn 0.0019 0.2619 0.9651
vn -0.2081 0.3617 0.9088
vn -0.1851 0.3098 0.9326
vn -0.2115 0.3660 0.9063
vn -0.2060 0.3766 0.9032
vn -0.2088 0.3375 0.9179
vn -0.2502 0.2826 0.9260
vn -0.8773 -0.4772 0.0512
vn -0.1690 -0.8190 0.5483
vn -0.4406 -0.0761 0.8945
vn -0.1580 -0.1853 0.9699
vn -0.5543 0.0138 0.8322
vn -0.6804 -0.5351 0.5008
vn 0.4296 0.0276 0.9026
vn 0.1542 0.0671 0.9858
vn 0.0286 -0.0114 0.9995
vn 0.0065 -0.1514 0.9884
vn -0.0347 -0.0244 0.9991
vn -0.0856 -0.1552 0.9842
vn -0.0790 -0.0679 0.9946
vn -0.5956 -0.6034 -0.5303
vn -0.4862 -0.6589 -0.5740
vn -0.3010 -0.8172 -0.4915
vn 0.2858 -0.1161 -0.9512
vn -0.4141 -0.0132 -0.9101
vn -0.4336 -0.0212 -0.9008
vn -0.4472 -0.0128 -0.8943
vn 0.0043 0.2353 -0.9719
vn 0.0638 -0.0056 -0.9979
vn -0.4226 0.0001 -0.9063
vn -0.4315 -0.0178 -0.9019
vn -0.4283 -0.0021 -0.9036
vn -0.8149 -0.1513 -0.5595
vn -0.7260 -0.1898 -0.6610
vn -0.6602 -0.2577 -0.7055
vn -0.8462 0.1882 -0.4986
vn 0.0012 0.1213 -0.9926
vn -0.5812 0.0432 -0.8126
vn -0.4547 -0.0085 -0.8906
vn -0.5164 0.2796 -0.8094
vn -0.3499 0.3890 -0.8522
vn -0.1149 0.0469 -0.9923
vn -0.4224 0.0012 -0.9064
vn 0.6174 -0.7853 -0.0468
vn -0.2561 -0.7824 -0.5677
vn -0.8483 -0.2291 -0.4775
vn -0.7434 -0.5009 0.4432
vn -0.8475 -0.2719 0.4558
vn -0.7595 -0.6193 0.1989
vn -0.8671 -0.1717 -0.4677
vn -0.9189 -0.1053 0.3803
vn -0.9303 -0.0022 -0.3669
vn -0.9303 0.1267 -0.3442
vn -0.8113 0.3482 -0.4697
vn -0.7936 0.4184 -0.4418
vn -0.7564 0.5166 0.4013
vn -0.7031 0.6628 0.2576
vn -0.8021 0.3252 0.5008
vn -0.8593 0.2870 0.4233
vn -0.8448 0.0173 0.5348
vn -0.8758 0.1299 0.4649
vn -0.8627 0.0804 0.4993
vn -0.8347 0.0863 0.5440
vn -0.7989 0.2716 0.5366
vn -0.0468 -0.1579 0.9863
vn 0.4078 -0.0223 0.9128
vn -0.1102 -0.0910 0.9897
vn 0.3744 0.0152 0.9271
vn -0.1443 0.0634 0.9875
vn 0.0056 0.0466 0.9989
vn -0.0511 0.0476 0.9976
vn 0.3349 0.1241 0.9340
vn -0.1283 0.1538 0.9797
vn -0.0259 0.2590 0.9655
vn -0.3258 0.4237 0.8452
vn 0.1075 0.3931 0.9132
vn 0.1909 0.0278 0.9812
vn -0.5592 -0.1636 0.8127
vn 0.4229 0.0006 0.9062
vn 0.5357 0.0721 0.8413
vn 0.4227 0.0012 0.9063
vn 0.4283 -0.0058 0.9036
vn 0.5005 0.0782 0.8622
vn 0.4922 -0.0815 0.8667
vn 0.5529 0.0191 0.8330
vn 0.5340 0.0275 0.8450
vn 0.5698 -0.0250 0.8214
vn 0.4431 0.0312 0.8959
vn 0.5573 0.0918 0.8252
vn -0.7899 0.3845 0.4778
vn -0.0028 -0.0042 1.0000
vn -0.0700 0.8747 0.4796
vn 0.6666 0.7412 -0.0795
vn 0.8551 0.3580 0.3749
vn 0.9410 0.1481 -0.3042
vn 0.2992 0.6728 -0.6766
vn 0.4882 -0.1290 -0.8631
vn -0.0846 0.4845 -0.8707
vn 0.7524 0.2172 0.6219
vn 0.4083 0.7074 0.5770
vn 0.2708 0.9237 0.2709
vn 0.3825 0.5051 0.7737
vn 0.6651 -0.1866 0.7230
vn 0.9129 -0.3292 0.2414
vn 0.8830 -0.2898 -0.3693
vn 0.9871 -0.0468 0.1531
vn 0.8353 -0.1165 0.5373
vn 0.8974 0.0555 -0.4377
vn 0.9243 0.3139 -0.2172
vn 0.7694 0.5869 -0.2522
vn 0.6508 0.7236 0.2299
vn 0.6540 0.5153 0.5537
vn 0.8741 -0.3850 -0.2962
vn 0.7993 -0.1633 0.5784
vn 0.8562 -0.4573 0.2405
vn 0.7753 -0.5926 -0.2186
vn 0.7408 -0.5856 -0.3292
vn 0.4469 0.8234 -0.3497
vn 0.5072 0.8587 -0.0732
vn 0.7478 0.6622 -0.0474
vn 0.4118 0.5861 -0.6978
vn 0.8753 0.4200 0.2398
vn 0.3776 0.4249 -0.8227
vn 0.9113 0.2597 -0.3195
vn 0.8118 -0.0649 0.5803
vn 0.9851 -0.0436 -0.1661
vn 0.9337 -0.2125 -0.2882
vn 0.8718 -0.1172 0.4756
vn 0.8531 -0.3712 -0.3666
vn 0.9298 -0.2943 -0.2212
vn 0.8371 -0.0280 0.5463
vn 0.9871 0.0932 -0.1298
vn 0.9798 0.1323 -0.1501
vn 0.5675 0.2416 0.7871
vn 0.8344 0.1095 0.5402
vn 0.6134 0.4968 0.6140
vn 0.8362 -0.3283 0.4393
vn 0.7062 0.4053 0.5806
vn 0.7609 0.2516 0.5981
vn 0.8716 0.1920 0.4510
vn 0.8304 0.0684 0.5530
vn 0.0197 -0.9982 -0.0558
vn 0.0048 -0.9999 -0.0135
vn -0.0048 -0.9999 0.0135
vn -0.0197 -0.9982 0.0558
vn 0.4224 0.0012 0.9064
vn -0.6174 -0.7853 0.0468
vn 0.2561 -0.7824 0.5677
vn 0.0258 0.9980 0.0572
vn 0.2467 0.4774 0.8433
vn -0.1585 0.8350 0.5270
vn -0.2247 0.8175 -0.5303
vn -0.3276 0.7505 -0.5740
vn -0.5610 0.6688 -0.4878
vn 0.0317 0.4053 -0.9136
vn 0.3402 -0.2901 -0.8945
vn 0.1913 -0.2676 -0.9443
vn 0.1115 -0.2945 -0.9491
vn -0.0402 0.5199 -0.8533
vn 0.1088 0.4001 -0.9100
vn 0.3089 0.3968 -0.8644
vn 0.3116 0.1768 -0.9336
vn 0.8166 -0.0610 -0.5740
vn 0.3724 -0.1783 -0.9108
vn 0.0042 0.0005 1.0000
vn 0.0077 0.0016 1.0000
vn 0.0084 0.0107 0.9999
vn -0.0016 0.0151 0.9999
vn -0.0125 0.0053 0.9999
vn -0.0071 0.0019 1.0000
vn -0.0039 -0.0000 1.0000
vn -0.0049 0.0001 1.0000
vn -0.0050 0.0005 1.0000
vn -0.0067 -0.0028 1.0000
vn -0.0000 -0.0125 0.9999
vn 0.0103 -0.0094 0.9999
vn 0.0058 -0.0028 1.0000
vn 0.0026 0.0001 1.0000
vn 0.6986 -0.7155 0.0043
vn 0.8739 -0.4860 -0.0108
vn 0.9752 0.2211 0.0125
vn 0.9565 0.2918 0.0028
vn 0.3452 0.9385 0.0132
vn 0.4845 0.8748 -0.0016
vn -0.3452 0.9385 -0.0132
vn -0.4845 0.8748 0.0016
vn -0.9565 0.2918 -0.0028
vn -0.9752 0.2211 -0.0125
vn -0.8739 -0.4860 0.0108
vn -0.6986 -0.7155 -0.0043
vn 0.1957 -0.9806 -0.0049
vn 0.6929 -0.7211 -0.0012
vn -0.1957 -0.9806 0.0049
vn -0.6929 -0.7211 0.0012
vn 0.9104 -0.4134 0.0152
vn 0.8228 -0.5684 -0.0014
vn 0.9104 0.4134 -0.0152
vn 0.8228 0.5684 0.0014
vn -0.0048 1.0000 -0.0024
vn 0.0048 1.0000 0.0024
vn -0.9104 0.4134 0.0152
vn -0.8228 0.5684 -0.0014
vn -0.9104 -0.4134 -0.0152
vn -0.8228 -0.5684 0.0014
vn 0.0048 -1.0000 -0.0024
vn -0.0048 -1.0000 0.0024
vn 0.9513 -0.3070 0.0263
vn 0.7416 -0.6704 -0.0263
vn 0.9513 0.3070 -0.0263
vn 0.7416 0.6704 0.0263
vn 0.2098 0.9774 -0.0263
vn -0.2098 0.9774 0.0263
vn -0.7416 0.6704 -0.0263
vn -0.9513 0.3070 0.0263
vn -0.9513 -0.3070 -0.0263
vn -0.7416 -0.6704 0.0263
vn -0.2098 -0.9774 -0.0263
vn 0.2098 -0.9774 0.0263
vn -0.0002 -0.0001 -1.0000
vn 0.4894 -0.5912 0.6410
vn 0.7414 -0.1388 0.6566
vn -0.5057 0.5777 0.6407
vn -0.7508 0.1317 0.6473
vn 0.6456 0.7630 -0.0313
vn 0.5166 0.8559 0.0250
vn 0.9016 0.4319 0.0232
vn 0.9890 0.1424 -0.0393
vn 0.8640 -0.5025 -0.0304
vn 0.4636 -0.8860 0.0020
vn 0.0208 -0.9997 0.0118
vn 0.0209 -0.9998 -0.0016
vn -0.5676 -0.8233 -0.0092
vn -0.5069 -0.8619 0.0100
vn -0.9110 -0.4124 0.0068
vn -0.9396 -0.3423 -0.0078
vn -0.9818 0.1889 0.0167
vn -0.7698 0.6382 -0.0109
vn -0.3394 0.9405 -0.0163
vn -0.0191 0.9993 0.0328
vn 0.1458 0.9891 -0.0211
vn 0.4937 0.5071 -0.7065
vn 0.2372 0.3994 -0.8856
vn 0.0512 0.6511 -0.7573
vn -0.2530 0.3853 -0.8874
vn -0.1955 0.6703 -0.7159
vn -0.5457 0.4080 -0.7319
vn -0.6666 0.1628 -0.7274
vn -0.4409 0.0471 -0.8963
vn -0.6649 -0.2426 -0.7065
vn -0.5660 -0.3976 -0.7222
vn -0.4024 -0.5692 -0.7170
vn -0.1422 -0.6890 -0.7106
vn 0.0375 -0.6980 -0.7152
vn 0.3794 -0.5572 -0.7386
vn 0.3379 -0.6298 -0.6995
vn 0.5830 -0.3543 -0.7311
vn 0.4679 -0.0243 -0.8835
vn 0.6672 0.1472 -0.7302
vn -0.0005 -0.0002 -1.0000
vn 0.4779 0.8784 -0.0011
vn 0.5598 0.8286 0.0076
vn 0.8834 0.4685 -0.0080
vn 0.9684 0.2491 0.0106
vn 0.9862 -0.1650 -0.0109
vn 0.8838 -0.4677 0.0111
vn 0.6629 -0.7487 -0.0111
vn 0.3778 -0.9258 0.0123
vn -0.0162 -0.7746 -0.6322
vn -0.3540 -0.9351 0.0134
vn -0.5406 -0.5439 -0.6418
vn -0.8931 -0.4497 0.0119
vn -0.7772 -0.0079 -0.6292
vn -0.9794 0.2019 0.0058
vn -0.5392 0.5537 -0.6346
vn -0.6957 0.7183 0.0019
vn -0.0985 0.9951 0.0054
vn -0.0873 0.9962 -0.0019
vn 0.1564 0.9844 0.0804
vn 0.1691 0.4156 -0.8937
vn 0.6507 0.7547 -0.0841
vn -0.1071 0.9732 -0.2033
vn -0.1430 0.4762 -0.8676
vn -0.5272 0.8302 0.1812
vn -0.8219 0.5022 -0.2690
vn -0.4217 0.2631 -0.8677
vn -0.8722 0.1625 -0.4614
vn -0.4269 -0.0003 -0.9043
vn -0.2455 -0.2383 -0.9396
vn -0.8885 -0.2328 -0.3954
vn -0.6049 -0.7579 -0.2445
vn -0.0490 -0.4174 -0.9074
vn -0.3624 -0.8936 -0.2650
vn 0.0388 -0.9855 0.1654
vn 0.2311 -0.4441 -0.8657
vn 0.4405 -0.8610 -0.2544
vn 0.7320 -0.6604 0.1677
vn 0.3985 -0.1305 -0.9078
vn 0.8528 -0.1683 -0.4944
vn 0.3728 0.0958 -0.9230
vn 0.9988 -0.0232 0.0431
vn 0.7785 0.5243 -0.3450
vn 0.0083 0.0116 -0.9999
vn 0.0005 0.0176 -0.9998
vn -0.0095 0.0161 -0.9998
vn -0.0143 0.0043 -0.9999
vn -0.0082 -0.0017 -1.0000
vn -0.0089 -0.0092 -0.9999
vn -0.0000 -0.0161 -0.9999
vn 0.0093 -0.0137 -0.9999
vn 0.0114 -0.0042 -0.9999
vn 0.0095 0.0011 -1.0000
vn 0.0070 0.0054 -1.0000
vn 0.4718 0.8817 -0.0075
vn 0.3930 0.8826 0.2579
vn 0.5646 0.6747 0.4754
vn 0.8147 0.5798 -0.0118
vn 0.8048 0.4244 0.4149
vn 0.9946 0.1033 -0.0122
vn 0.9510 0.0781 0.2992
vn 0.8984 -0.4390 -0.0095
vn 0.9142 -0.2508 0.3184
vn 0.6833 -0.4304 0.5898
vn 0.6364 -0.6242 0.4531
vn 0.5510 -0.8343 -0.0172
vn 0.3841 -0.8593 0.3379
vn -0.0006 -0.9998 -0.0216
vn 0.1168 -0.8485 0.5161
vn -0.2480 -0.8664 0.4334
vn -0.6089 -0.7930 -0.0197
vn -0.6113 -0.6964 0.3758
vn -0.9657 -0.2584 -0.0244
vn -0.8129 -0.5038 0.2922
vn -0.9070 -0.1921 0.3748
vn -0.9347 0.0745 0.3476
vn -0.9016 0.4319 -0.0253
vn -0.8211 0.4109 0.3962
vn -0.6621 0.6807 0.3136
vn -0.5007 0.8655 -0.0111
vn -0.3637 0.7397 0.5661
vn -0.0091 0.9999 -0.0046
vn -0.1872 0.9132 0.3621
vn 0.1009 0.8885 0.4477
vn 0.4996 -0.1230 0.8575
vn 0.1660 -0.4070 0.8982
vn -0.2909 -0.4346 0.8524
vn -0.4380 -0.1658 0.8836
vn -0.4239 -0.0062 0.9057
vn -0.5727 0.1839 0.7989
vn -0.3186 0.3239 0.8908
vn -0.0277 0.4087 0.9123
vn 0.2364 0.3682 0.8992
vn 0.3605 0.3002 0.8831
vn 0.4500 0.0630 0.8908
vn -0.0392 -0.5296 0.8473
vn 0.0052 0.0048 1.0000
vn 0.0113 0.0080 0.9999
vn 0.0099 -0.0048 0.9999
vn -0.0019 -0.0109 0.9999
vn -0.0099 -0.0072 0.9999
vn -0.0105 0.0037 0.9999
vn 0.0033 0.9995 0.0316
vn -0.8650 0.5009 0.0296
vn 0.7088 0.5205 0.4761
vn 0.8638 0.5035 0.0182
vn 0.7402 -0.4852 0.4654
vn 0.8642 -0.5031 0.0020
vn 0.8601 0.0134 0.5099
vn 0.4581 -0.8877 0.0465
vn 0.4815 -0.8761 0.0239
vn -0.7287 -0.4910 0.4774
vn -0.8676 -0.4961 0.0327
vn -0.4851 -0.8741 0.0255
vn -0.2285 -0.7518 0.6185
vn -0.0045 0.0172 0.9998
vn -0.7530 0.0915 0.6516
vn -0.6542 -0.4016 0.6409
vn 0.7534 -0.1018 0.6497
vn 0.6513 0.3919 0.6498
vn 0.3431 -0.9389 -0.0285
vn 0.7382 -0.6742 0.0221
vn 0.1811 -0.9834 0.0140
vn -0.3747 -0.9268 -0.0241
vn -0.4074 -0.9128 0.0287
vn -0.8772 -0.4799 -0.0129
vn -0.9999 -0.0132 -0.0049
vn -0.8704 0.4917 -0.0275
vn -0.7349 0.6774 0.0324
vn -0.4282 0.9032 -0.0302
vn -0.1818 0.9828 0.0316
vn 0.1627 0.9862 -0.0306
vn 0.3983 0.9166 0.0341
vn 0.6467 0.7623 -0.0267
vn 0.9518 0.3062 -0.0158
vn 0.9846 -0.1748 -0.0063
vn 0.7915 -0.6112 -0.0079
vn 0.1923 -0.6809 -0.7067
vn 0.2273 -0.4051 -0.8856
vn 0.5383 -0.3699 -0.7573
vn 0.4602 0.0264 -0.8874
vn 0.6782 -0.1658 -0.7159
vn 0.6262 0.2686 -0.7319
vn 0.4743 0.4959 -0.7274
vn 0.2613 0.3583 -0.8963
vn 0.1223 0.6972 -0.7063
vn -0.0613 0.6889 -0.7222
vn -0.2917 0.6331 -0.7170
vn -0.5256 0.4677 -0.7106
vn -0.6232 0.3165 -0.7152
vn -0.6723 -0.0500 -0.7386
vn -0.7143 0.0223 -0.6995
vn -0.5983 -0.3276 -0.7312
vn -0.2550 -0.3930 -0.8835
vn -0.2061 -0.6515 -0.7302
vn -0.0000 0.0004 -1.0000
vn 0.0001 0.0005 -1.0000
vn 0.3966 -0.9180 -0.0096
vn 0.4246 -0.9054 0.0052
vn -0.2853 -0.9584 0.0110
vn -0.2905 -0.9568 -0.0057
vn -0.7890 -0.6143 -0.0069
vn -0.8866 -0.4624 0.0106
vn -0.9992 0.0397 -0.0081
vn -0.9729 0.2309 0.0091
vn -0.6039 0.4513 -0.6570
vn -0.5302 0.8478 0.0118
vn -0.2441 0.7279 -0.6408
vn 0.3546 0.9349 0.0126
vn 0.2914 0.7148 -0.6358
vn 0.6760 0.3608 -0.6425
vn 0.9576 0.2876 0.0132
vn 0.9576 -0.2876 -0.0132
vn 0.8807 -0.4736 0.0071
vn 0.7743 -0.6277 0.0804
vn 0.2753 -0.3542 -0.8937
vn 0.3282 -0.9408 -0.0841
vn 0.8964 -0.3938 -0.2033
vn 0.4839 -0.1140 -0.8677
vn 0.9826 0.0415 0.1812
vn 0.8458 0.4606 -0.2690
vn 0.4480 0.2245 -0.8654
vn 0.5768 0.6741 -0.4614
vn 0.2103 0.3684 -0.9056
vn -0.0837 0.3332 -0.9391
vn 0.2427 0.8859 -0.3954
vn -0.3539 0.9028 -0.2445
vn -0.3364 0.2523 -0.9073
vn -0.5926 0.7606 -0.2650
vn -0.8728 0.4592 0.1654
vn -0.4999 0.0217 -0.8658
vn -0.9659 0.0490 -0.2544
vn -0.9379 -0.3037 0.1677
vn -0.3124 -0.2797 -0.9078
vn -0.5721 -0.6544 -0.4944
vn -0.1035 -0.3709 -0.9229
vn -0.5195 -0.8534 0.0431
vn 0.0649 -0.9363 -0.3450
vn 0.0058 -0.0132 -0.9999
vn 0.0141 -0.0101 -0.9998
vn 0.0184 -0.0012 -0.9998
vn 0.0170 0.0080 -0.9998
vn 0.0036 0.0106 -0.9999
vn -0.0004 0.0086 -1.0000
vn -0.0063 0.0121 -0.9999
vn -0.0140 0.0079 -0.9999
vn -0.0167 0.0011 -0.9999
vn -0.0102 -0.0072 -0.9999
vn -0.0044 -0.0086 -1.0000
vn 0.0006 -0.0088 -1.0000
vn 0.5048 -0.8632 0.0002
vn 0.4936 -0.7687 0.4067
vn 0.0375 -0.9993 -0.0063
vn 0.1452 -0.8699 0.4714
vn -0.0624 -0.9325 0.3557
vn -0.4730 -0.8810 -0.0126
vn -0.3493 -0.8771 0.3296
vn -0.4775 -0.6492 0.5920
vn -0.8720 -0.4894 -0.0136
vn -0.7429 -0.5626 0.3627
vn -0.8837 -0.2938 0.3643
vn -0.9983 0.0563 -0.0161
vn -0.9399 -0.0103 0.3413
vn -0.8771 0.3185 0.3595
vn -0.8690 0.4947 -0.0126
vn -0.7108 0.6105 0.3493
vn -0.5684 0.8227 -0.0138
vn -0.4176 0.8200 0.3914
vn -0.0821 0.9965 -0.0158
vn -0.1423 0.9391 0.3128
vn 0.1270 0.8166 0.5631
vn 0.5116 0.8590 -0.0186
vn 0.3953 0.8602 0.3223
vn 0.6650 0.6023 0.4416
vn 0.9044 0.4264 -0.0164
vn 0.8696 0.3960 0.2949
vn 0.9971 -0.0756 -0.0112
vn 0.9278 0.0948 0.3608
vn 0.9160 -0.1994 0.3480
vn 0.8356 -0.5493 -0.0069
vn 0.7093 -0.5446 0.4475
vn 0.1107 -0.5177 0.8484
vn -0.1079 -0.5128 0.8517
vn -0.4158 -0.1452 0.8978
vn -0.6007 0.1438 0.7864
vn -0.5295 -0.0933 0.8431
vn -0.3647 0.3180 0.8751
vn -0.3412 0.4472 0.8268
vn -0.0093 0.4138 0.9103
vn 0.3067 0.3932 0.8668
vn 0.4511 0.1199 0.8844
vn 0.4306 -0.0364 0.9018
vn 0.4317 -0.2016 0.8792
vn 0.0115 -0.0061 0.9999
vn -0.0018 -0.0091 1.0000
vn -0.0093 -0.0059 0.9999
vn -0.0098 0.0068 0.9999
vn 0.0004 0.0131 0.9999
vn 0.0107 0.0079 0.9999
vt -0.330000 -0.230000
vt -0.010000 -0.230000
vt -0.330000 0.000000
vt -0.009975 0.006284
vt -0.010000 0.045000
vt -0.330000 0.045000
vt -0.007444 0.006602
vt 0.431147 -0.381714
vt 0.470118 -0.404214
vt 0.546147 -0.182528
vt 0.585118 -0.205028
vt 0.010000 -0.045000
vt 0.330000 -0.045000
vt 0.010000 0.000000
vt 0.330000 0.000000
vt -0.431147 -0.381714
vt -0.546147 -0.182528
vt -0.470118 -0.404214
vt -0.585118 -0.205028
vt 0.330000 0.230000
vt 0.010000 0.230000
vt -0.010000 0.000000
vt -0.564241 0.115000
vt -0.609241 0.115000
vt -0.564241 -0.115000
vt -0.609241 -0.115000
vt 0.564241 -0.115000
vt 0.609241 -0.115000
vt 0.564241 0.115000
vt 0.609241 0.115000
vt 0.000000 0.108935
vt -0.060000 0.108935
vt 0.000000 0.047585
vt -0.060000 0.047585
vt 0.419149 -0.183716
vt 0.472332 -0.153097
vt 0.386316 -0.150882
vt 0.416991 -0.097751
vt 0.000000 -0.097394
vt 0.060000 -0.097394
vt 0.000000 -0.036045
vt 0.060000 -0.036045
vt 0.419118 0.311316
vt 0.476213 0.236656
vt 0.472249 0.341991
vt 0.530221 0.263802
vt 0.543655 0.096047
vt 0.597051 0.125989
vt 0.556125 -0.445000
vt 0.617499 -0.445102
vt 0.544100 -0.400127
vt 0.597249 -0.369516
vt 0.000000 0.097394
vt -0.060000 0.097394
vt 0.000000 0.036045
vt -0.060000 0.036045
vt 0.556125 0.050000
vt 0.568269 -0.043715
vt 0.617945 0.045979
vt 0.617592 -0.199225
vt 0.556377 -0.198492
vt 0.000000 -0.108935
vt 0.060000 -0.108935
vt 0.000000 -0.047585
vt 0.060000 -0.047585
vt 0.544106 -0.739852
vt 0.597209 -0.770618
vt 0.556125 -0.695000
vt 0.617475 -0.695000
vt 0.596907 -0.276356
vt 0.544118 -0.244809
vt 0.508009 -0.331584
vt 0.530221 -0.413802
vt 0.419959 -0.460296
vt 0.472249 -0.491991
vt 0.416991 -1.042249
vt 0.472239 -0.987002
vt 0.386316 -0.989118
vt 0.419164 -0.956268
vt 0.386316 -0.494118
vt 0.311228 -0.551493
vt 0.416197 -0.547883
vt 0.286361 -0.635276
vt 0.171242 -0.618582
vt 0.200484 -0.672249
vt 0.200484 -1.167249
vt 0.169809 -1.114118
vt 0.124882 -1.187503
vt 0.124957 -1.126136
vt -0.123696 -0.631343
vt -0.124463 -0.692556
vt 0.031796 -0.643241
vt 0.028300 -0.703586
vt 0.125000 -0.692475
vt 0.125000 -0.631125
vt -0.169809 -1.114118
vt -0.200584 -1.167219
vt -0.124936 -1.126141
vt -0.125000 -1.187475
vt 0.130000 1.857422
vt 0.115000 1.945393
vt 0.115000 1.801248
vt 0.190000 1.853473
vt 0.130000 1.774628
vt 0.115000 1.628612
vt 0.130000 1.620988
vt 0.130000 1.523501
vt 0.115000 1.458194
vt 0.190000 1.523622
vt 0.130000 1.444694
vt 0.190000 1.445304
vt 0.115000 -1.956515
vt 0.130000 -1.979203
vt 0.130000 -1.854152
vt 0.115000 -1.840312
vt 0.190000 -1.853368
vt 0.190000 -1.775031
vt 0.130000 -1.774234
vt 0.115000 -1.662188
vt 0.130000 -1.620988
vt 0.130000 -1.523501
vt 0.115000 -1.458194
vt 0.190000 -1.523486
vt 0.190000 -1.445304
vt 0.130000 -1.444288
vt 0.115000 -1.319468
vt 0.130000 -1.287272
vt 0.122544 -1.187227
vt 0.190000 -1.193634
vt 0.190000 -1.115316
vt 0.130000 -1.115437
vt 0.115000 -1.010326
vt 0.130000 -1.017949
vt 0.130000 -0.864310
vt 0.115000 -0.837688
vt 0.190000 -0.785464
vt 0.190000 -0.863767
vt 0.130000 -0.781515
vt 0.115000 -0.659810
vt 0.130000 -0.534683
vt 0.115000 -0.520843
vt 0.190000 -0.533899
vt 0.190000 -0.455562
vt 0.130000 -0.454764
vt 0.115000 -0.342720
vt 0.130000 -0.301520
vt 0.130000 -0.204032
vt 0.115000 -0.138724
vt 0.190000 -0.204017
vt 0.190000 -0.125835
vt 0.130000 -0.124819
vt 0.115000 -0.000000
vt 0.130000 0.032196
vt 0.115000 0.138724
vt 0.130000 0.125835
vt 0.190000 0.204153
vt 0.190000 0.125835
vt 0.130000 0.204032
vt 0.115000 0.309144
vt 0.130000 0.301520
vt 0.130000 0.455159
vt 0.115000 0.514034
vt 0.190000 0.534004
vt 0.190000 0.455702
vt 0.130000 0.535147
vt 0.115000 0.693544
vt 0.130000 0.690896
vt 0.123582 0.791156
vt 0.190000 0.785569
vt 0.190000 0.863907
vt 0.130000 0.864704
vt 0.115000 0.976750
vt 0.130000 1.017949
vt 0.130000 1.115437
vt 0.122420 1.187120
vt 0.190000 1.115452
vt 0.190000 1.193634
vt 0.130000 1.287272
vt 0.115000 1.319468
vt 0.190000 1.775171
vt -0.416991 -1.042249
vt -0.386316 -0.989118
vt -0.472345 -0.986889
vt -0.419149 -0.956284
vt -0.419118 -0.461316
vt -0.476213 -0.386656
vt -0.472833 -0.491258
vt -0.558522 -0.364784
vt -0.543655 -0.246047
vt -0.597249 -0.275484
vt -0.617475 -0.695000
vt -0.597253 -0.770470
vt -0.556125 -0.695000
vt -0.544100 -0.739873
vt -0.617627 -0.198995
vt -0.556284 -0.199049
vt -0.568269 -0.043715
vt -0.628394 -0.042857
vt -0.617475 0.050000
vt -0.556125 0.050000
vt -0.544106 -0.400148
vt -0.597214 -0.369400
vt -0.556125 -0.445000
vt -0.617475 -0.445000
vt -0.597249 0.125484
vt -0.544118 0.094809
vt -0.558522 0.214784
vt -0.508009 0.181584
vt -0.472587 0.341567
vt -0.419959 0.310296
vt -0.472249 -0.153009
vt -0.419164 -0.183732
vt -0.416915 -0.097679
vt -0.386316 -0.150882
vt -0.386316 0.344118
vt -0.311228 0.401493
vt -0.416016 0.398027
vt -0.287281 0.484805
vt -0.171242 0.468582
vt -0.200484 0.522249
vt -0.200484 0.027249
vt -0.169809 -0.025882
vt -0.124864 0.047508
vt -0.124957 -0.013864
vt -0.125000 0.481125
vt -0.031796 0.493241
vt -0.124073 0.542615
vt 0.028300 0.553586
vt 0.123696 0.481343
vt 0.125000 0.542475
vt 0.200484 0.027249
vt 0.125014 0.047472
vt 0.169809 -0.025882
vt 0.124936 -0.013859
vt 0.200484 0.522249
vt 0.169809 0.469118
vt 0.286361 0.485276
vt 0.257040 0.432778
vt 0.416514 0.397629
vt 0.385136 0.345091
vt -0.204201 -0.670646
vt -0.169809 -0.619118
vt -0.257040 -0.582778
vt -0.416379 -0.547738
vt -0.385136 -0.495091
vt 0.627497 -0.629924
vt 0.677170 -0.630746
vt 0.640639 -0.409963
vt 0.604128 -0.454660
vt 0.532752 -0.298579
vt 0.562800 -0.250030
vt 0.470189 -0.140065
vt 0.425917 -0.167085
vt 0.356539 -0.052083
vt 0.314521 -0.085232
vt 0.226955 0.009996
vt 0.187938 -0.029688
vt 0.047118 0.045771
vt -0.012748 -0.004783
vt -0.129283 0.036624
vt -0.188064 -0.028725
vt -0.266621 -0.005491
vt -0.284848 -0.069145
vt -0.392006 -0.075540
vt -0.429893 -0.173044
vt -0.542845 -0.228434
vt -0.553395 -0.334333
vt -0.644935 -0.417516
vt -0.613855 -0.492603
vt -0.675279 -0.558664
vt -0.629043 -0.630000
vt -0.660071 -0.772278
vt -0.613855 -0.767397
vt -0.535080 -0.953649
vt -0.543647 -1.030483
vt -0.426687 -1.093506
vt -0.363202 -1.201784
vt -0.313683 -1.173467
vt -0.198249 -1.279456
vt -0.150217 -1.240859
vt -0.057211 -1.306629
vt 0.020643 -1.257088
vt 0.086416 -1.303525
vt 0.187938 -1.230312
vt 0.226208 -1.270265
vt 0.314521 -1.174768
vt 0.384841 -1.187415
vt 0.425917 -1.092915
vt 0.519878 -1.066849
vt 0.547828 -0.931569
vt 0.600186 -0.947637
vt 0.653613 -0.814151
vt 0.614752 -0.767769
vt -0.058137 0.066323
vt -0.130000 0.031349
vt -0.058137 -0.028992
vt -0.130000 -0.125059
vt -0.130000 0.126024
vt -0.058137 0.166420
vt -0.190000 0.126024
vt -0.190000 0.172471
vt -0.130000 0.172427
vt -0.130000 0.266590
vt -0.058137 0.266248
vt -0.130000 0.423154
vt -0.058137 0.426808
vt -0.190000 0.424410
vt -0.190000 0.470878
vt -0.130000 0.470878
vt -0.058137 0.561231
vt -0.130000 0.565554
vt -0.130000 0.721397
vt -0.058137 0.663225
vt -0.058137 0.729548
vt -0.190000 0.722927
vt -0.190000 0.769374
vt -0.130000 0.769330
vt -0.058137 0.795870
vt -0.130000 0.863494
vt -0.058137 0.896171
vt -0.130000 1.020056
vt -0.058137 0.994838
vt -0.058137 1.061160
vt -0.190000 1.021312
vt -0.190000 1.067781
vt -0.130000 1.067781
vt -0.058137 1.127483
vt -0.130000 1.162455
vt -0.058137 1.229477
vt -0.130000 1.318299
vt -0.058137 1.363909
vt -0.190000 1.319829
vt -0.190000 1.366276
vt -0.130000 1.366232
vt -0.130000 1.460396
vt -0.058137 1.524460
vt -0.130000 1.616959
vt -0.058137 1.624465
vt -0.190000 1.618215
vt -0.190000 1.664683
vt -0.130000 1.664683
vt -0.058137 1.724385
vt -0.130000 1.759359
vt -0.058137 1.790708
vt -0.130000 -1.790708
vt -0.058137 -1.761716
vt -0.130000 -1.666213
vt -0.058137 -1.658063
vt -0.190000 -1.664683
vt -0.190000 -1.618237
vt -0.130000 -1.618281
vt -0.058137 -1.551918
vt -0.130000 -1.524118
vt -0.058137 -1.419032
vt -0.130000 -1.367554
vt -0.058137 -1.325395
vt -0.190000 -1.366298
vt -0.190000 -1.319829
vt -0.130000 -1.319829
vt -0.130000 -1.225154
vt -0.058137 -1.193067
vt -0.130000 -1.069311
vt -0.058137 -1.061160
vt -0.190000 -1.067781
vt -0.190000 -1.021334
vt -0.130000 -1.021378
vt -0.058137 -0.954442
vt -0.130000 -0.927214
vt -0.058137 -0.836379
vt -0.130000 -0.770653
vt -0.058137 -0.729548
vt -0.190000 -0.769396
vt -0.190000 -0.722927
vt -0.130000 -0.722927
vt -0.058137 -0.597641
vt -0.130000 -0.628253
vt -0.130000 -0.472408
vt -0.058137 -0.465326
vt -0.190000 -0.470878
vt -0.190000 -0.424432
vt -0.130000 -0.424476
vt -0.058137 -0.371676
vt -0.130000 -0.330311
vt -0.058137 -0.238790
vt -0.130000 -0.173749
vt -0.058137 -0.132645
vt -0.190000 -0.172493
vt -0.190000 -0.126024
vt -0.619618 0.280139
vt -0.510770 0.245750
vt -0.427530 0.370940
vt -0.530140 0.424437
vt -0.431026 0.524789
vt -0.334477 0.456608
vt -0.249559 0.627633
vt -0.224456 0.519596
vt -0.136305 0.550231
vt -0.075000 0.561880
vt -0.075000 0.675851
vt 0.557555 0.102301
vt 0.565978 0.006171
vt 0.665949 0.137520
vt 0.674399 -0.036889
vt 0.553268 -0.119492
vt 0.601417 -0.307370
vt 0.513273 -0.238640
vt 0.451786 -0.340956
vt 0.457968 -0.502655
vt 0.390941 -0.410486
vt 0.028284 0.596903
vt -0.000000 0.596903
vt 0.000000 0.543545
vt 0.000000 -0.558750
vt 0.028284 -0.558668
vt 0.000000 -0.467661
vt 0.028284 -0.459442
vt 0.000000 -0.393591
vt 0.028284 -0.343376
vt 0.000000 -0.317299
vt 0.000000 -0.241615
vt 0.028284 -0.190720
vt 0.000000 -0.167557
vt 0.000000 -0.093532
vt 0.028284 -0.038140
vt 0.000000 -0.019502
vt 0.000000 0.054573
vt 0.028284 0.114424
vt 0.000000 0.130231
vt 0.000000 0.206551
vt 0.028284 0.267035
vt 0.000000 0.280597
vt 0.000000 0.354626
vt 0.028284 0.419750
vt 0.000000 0.449689
vt 0.028284 0.536143
vt 0.072825 -0.186271
vt 0.173717 -0.235436
vt 0.170016 -0.143689
vt 0.040376 -0.139497
vt 0.104544 -0.059080
vt -0.028896 -0.026934
vt -0.013729 -0.127175
vt -0.060503 -0.159624
vt -0.144595 -0.100611
vt -0.171936 -0.234982
vt -0.072825 -0.213729
vt -0.040376 -0.260503
vt -0.094251 -0.347997
vt 0.013729 -0.272825
vt 0.041082 -0.370586
vt 0.060503 -0.240376
vt 0.134227 -0.318566
vt 0.115000 2.094480
vt 0.055000 2.138649
vt 0.055000 1.996935
vt 0.115000 1.911326
vt 0.055000 1.847547
vt 0.115000 -1.949544
vt 0.055000 -2.028172
vt 0.115000 -2.109306
vt 0.055000 -1.822659
vt 0.115000 -1.805293
vt 0.055000 -1.681166
vt 0.115000 -1.661083
vt 0.055000 -1.570551
vt 0.115000 -1.479046
vt 0.055000 -1.421118
vt 0.115000 -1.299084
vt 0.055000 -1.180122
vt 0.115000 -1.154917
vt 0.115000 -1.010784
vt 0.055000 -0.896070
vt 0.115000 -0.866680
vt 0.115000 -0.683334
vt 0.055000 -0.716038
vt 0.055000 -0.566514
vt 0.115000 -0.431743
vt 0.055000 -0.321275
vt 0.115000 -0.144366
vt 0.055000 -0.037159
vt 0.115000 0.071571
vt 0.055000 0.138475
vt 0.115000 0.216421
vt 0.055000 0.287976
vt 0.115000 0.433097
vt 0.055000 0.466623
vt 0.115000 0.649664
vt 0.055000 0.750718
vt 0.115000 0.793761
vt 0.115000 0.937884
vt 0.055000 0.993031
vt 0.115000 1.115491
vt 0.055000 1.142486
vt 0.055000 1.325478
vt 0.115000 1.299879
vt 0.115000 1.444037
vt 0.055000 1.535715
vt 0.115000 1.588234
vt 0.055000 1.677201
vt 0.115000 1.732472
vt 0.000000 1.527205
vt -0.004413 1.586614
vt -0.096368 1.595704
vt -0.096351 1.435690
vt -0.096356 -1.258157
vt -0.001709 -1.247136
vt -0.004019 -1.108178
vt -0.096381 -1.098180
vt -0.096381 -0.585498
vt -0.004019 -0.575501
vt -0.096356 -0.425521
vt -0.001761 -0.436500
vt -0.004413 0.097064
vt 0.000000 0.156306
vt -0.096368 0.087974
vt -0.096351 0.247988
vt -0.004062 0.240326
vt -0.004399 0.770504
vt 0.000000 0.841071
vt -0.096351 0.921501
vt -0.096360 0.761447
vt -0.004377 0.913258
vt -0.004062 1.443352
vt -0.090000 0.470987
vt -0.170000 0.491234
vt -0.170000 0.410896
vt -0.090000 0.387462
vt -0.170000 0.332953
vt -0.090000 0.314159
vt -0.170000 0.255028
vt -0.090000 0.240856
vt -0.170000 0.154962
vt -0.090000 0.157332
vt -0.090000 0.062109
vt -0.170000 0.056166
vt -0.170000 -0.040161
vt -0.090000 -0.062063
vt -0.170000 -0.136044
vt -0.090000 -0.191049
vt -0.170000 -0.214012
vt -0.170000 -0.294319
vt -0.090000 -0.301433
vt -0.090000 -0.350063
vt -0.170000 -0.373987
vt -0.090000 -0.437269
vt -0.170000 -0.451943
vt -0.170000 -0.529864
vt -0.090000 -0.566256
vt -0.170000 -0.607791
vt -0.090000 -0.637295
vt -0.090000 0.566210
vt -0.170000 0.628319
vt -0.170000 0.570874
vt 0.190000 -0.221662
vt -0.130000 -0.191442
vt -0.130000 -0.235619
vt 0.190000 0.235619
vt -0.130000 0.221662
vt 0.190000 0.191442
vt -0.130000 0.161988
vt 0.190000 0.131768
vt -0.130000 0.103852
vt 0.190000 0.073632
vt -0.130000 0.044178
vt 0.190000 0.013958
vt -0.130000 -0.013958
vt 0.190000 -0.044178
vt -0.130000 -0.073632
vt 0.190000 -0.103852
vt -0.130000 -0.131768
vt 0.190000 -0.161988
vt -0.390941 -0.410486
vt -0.451786 -0.340956
vt -0.457932 -0.502691
vt -0.532601 -0.421334
vt -0.513273 -0.238640
vt -0.553268 -0.119491
vt -0.608156 -0.302223
vt -0.667270 -0.106999
vt -0.565978 0.006171
vt -0.665958 0.137462
vt -0.557555 0.102301
vt -0.193954 -0.666148
vt -0.371121 -0.920224
vt -0.073328 -0.766528
vt -0.250684 -1.007634
vt -0.113089 -0.694934
vt -0.189321 -0.616840
vt -0.035866 -0.733587
vt 0.205037 -0.657997
vt 0.205053 -0.488462
vt 0.000007 -0.638893
vt 0.000003 -0.505415
vt 0.269588 -0.498654
vt 0.177901 -0.537353
vt 0.336579 -0.590859
vt 0.060781 -0.562733
vt 0.169087 -0.653909
vt -0.055570 -0.563309
vt -0.110737 -0.666290
vt -0.336555 -0.590871
vt -0.177901 -0.537353
vt -0.269588 -0.498654
vt 0.072662 -1.421405
vt 0.072678 -1.251869
vt -0.132379 -1.402359
vt -0.132377 -1.268822
vt 0.372036 -0.919466
vt 0.193954 -0.666148
vt 0.251687 -1.006997
vt 0.073328 -0.766528
vt 0.113089 -0.694934
vt 0.189321 -0.616840
vt 0.021736 -0.737123
vt 0.205037 1.632223
vt 0.205053 1.801759
vt -0.000004 1.651245
vt 0.000003 1.784806
vt 0.201205 -0.579696
vt 0.233999 -0.542903
vt 0.186858 -0.475052
vt 0.526672 -0.441487
vt 0.184664 -0.391066
vt 0.480614 -0.299979
vt 0.136710 -0.380984
vt 0.074959 0.675858
vt 0.075000 0.561880
vt 0.136305 0.550231
vt 0.303951 0.603160
vt 0.224456 0.519596
vt 0.334477 0.456608
vt 0.522530 0.427949
vt 0.427530 0.370940
vt 0.510770 0.245750
vt 0.619597 0.280179
vt -0.075000 -0.005283
vt -0.076766 -0.304589
vt 0.073814 -0.005208
vt -0.000000 -0.335805
vt -0.097039 -0.344852
vt 0.097039 -0.344852
vt 0.076766 -0.304589
vt 0.205053 1.038352
vt 0.000008 1.021400
vt -0.000012 0.887841
vt 0.205037 0.868816
vt 0.205037 0.105410
vt 0.205053 0.274945
vt -0.000004 0.124543
vt -0.000000 0.257992
vt -0.136710 -0.380984
vt -0.184664 -0.391066
vt -0.186858 -0.475051
vt -0.481052 -0.301084
vt -0.526967 -0.442638
vt -0.233999 -0.542903
vt -0.201205 -0.579696
vt 0.098853 -0.144157
vt 0.119140 -0.046849
vt 0.072825 -0.061271
vt 0.040376 -0.014497
vt 0.082413 0.017769
vt 0.028599 0.045753
vt -0.013729 -0.002175
vt -0.031105 0.045136
vt -0.060503 -0.034624
vt -0.098853 -0.005843
vt -0.072825 -0.088729
vt -0.119140 -0.103151
vt -0.040376 -0.135503
vt -0.082413 -0.167769
vt -0.028599 -0.195753
vt 0.013729 -0.147825
vt 0.031105 -0.195136
vt 0.060503 -0.115376
vt 0.145003 -0.000003
vt 0.145000 0.113972
vt 0.079995 0.179630
vt 0.000017 0.146117
vt -0.000000 0.430525
vt 0.080000 0.430525
vt -0.007500 -0.030387
vt 0.072500 -0.038977
vt 0.072500 0.032954
vt -0.007500 0.032434
vt -0.007500 0.095255
vt 0.072500 0.103844
vt -0.000006 0.146128
vt -0.080003 0.179621
vt -0.144998 0.000002
vt -0.145000 0.113972
vt -0.080000 0.430525
vt 0.144995 0.000005
vt 0.079985 0.179639
vt 0.000017 0.146117
vt -0.007500 0.099348
vt 0.072500 0.079922
vt 0.072500 0.147887
vt -0.007500 0.162169
vt 0.072500 0.199877
vt -0.007500 0.224990
vt 0.072500 0.244416
vt -0.000006 0.146128
vt -0.079985 0.179639
vt -0.145001 -0.000001
vt 0.145003 -0.000003
vt 0.080003 0.179621
vt 0.000017 0.146117
vt -0.007500 -0.062821
vt 0.072500 -0.071410
vt 0.072500 -0.000521
vt -0.007500 0.000000
vt -0.007500 0.062821
vt 0.072500 0.071410
vt 0.000006 -0.146128
vt 0.000000 -0.430525
vt 0.079995 -0.179630
vt 0.144998 -0.000002
vt 0.145000 -0.113972
vt 0.080000 -0.430525
vt -0.145003 0.000003
vt -0.145000 -0.113972
vt -0.080007 -0.179617
vt -0.000017 -0.146117
vt -0.080000 -0.430525
vt -0.007500 -0.289858
vt 0.072500 -0.309284
vt 0.072500 -0.264745
vt -0.007500 -0.227036
vt 0.072500 -0.205922
vt -0.007500 -0.164216
vt 0.072500 -0.155627
vt 0.144994 -0.000006
vt 0.080007 -0.179617
vt 0.000006 -0.146128
vt -0.145008 0.000008
vt -0.144996 -0.113976
vt -0.000017 -0.146117
vt -0.080000 -0.179624
vt -0.007500 -0.160122
vt 0.072500 -0.168711
vt 0.072500 -0.118416
vt -0.007500 -0.097302
vt 0.072500 -0.059593
vt -0.007500 -0.034480
vt 0.072500 -0.015054
vt -0.000006 0.146128
vt -0.080007 0.179617
vt -0.145000 -0.000000
vt 0.147912 -0.376803
vt 0.000000 -0.436137
vt 0.147912 -0.467669
vt 0.147912 0.433112
vt -0.000000 0.467669
vt 0.000000 0.423336
vt 0.000000 -0.358832
vt 0.000000 -0.277437
vt 0.147912 -0.271541
vt 0.147912 -0.199209
vt 0.000000 -0.186538
vt 0.147912 -0.125708
vt 0.000000 -0.108837
vt 0.147912 -0.034557
vt 0.000000 -0.044333
vt 0.000000 0.031532
vt 0.147912 0.090866
vt 0.000000 0.108837
vt 0.000000 0.190232
vt 0.147912 0.196128
vt 0.147912 0.268460
vt 0.000000 0.281131
vt 0.147912 0.341961
vt 0.000000 0.358832
vt 0.176193 -0.028913
vt 0.164245 -0.122325
vt 0.227075 -0.185512
vt 0.449033 0.051276
vt 0.495116 -0.090714
vt 0.127879 -0.058029
vt 0.118107 -0.010168
vt 0.053162 -0.011087
vt 0.082329 0.039283
vt -0.082329 0.039283
vt -0.074319 0.323547
vt 0.075000 0.323500
vt -0.049154 -0.009657
vt -0.118107 -0.010168
vt -0.127879 -0.058029
vt -0.176193 -0.028913
vt -0.166372 -0.136947
vt -0.227075 -0.185512
vt -0.449033 0.051276
vt -0.495116 -0.090714
vt -0.164245 -0.223129
vt -0.191099 -0.234819
vt -0.191222 -0.295855
vt -0.127879 -0.287426
vt -0.053162 -0.334367
vt -0.058011 -0.392639
vt -0.351770 -0.530585
vt -0.230999 -0.618267
vt 0.000000 -0.373662
vt 0.049154 -0.335798
vt 0.058011 -0.392639
vt 0.191222 -0.295855
vt 0.351770 -0.530585
vt 0.230999 -0.618267
vt 0.127879 -0.287426
vt 0.166372 -0.208508
vt 0.191099 -0.234819
vt -0.115000 0.564241
vt 0.115000 0.564241
vt -0.115000 0.609241
vt 0.115000 0.609241
vt 0.381714 -0.431147
vt 0.182528 -0.546147
vt 0.404214 -0.470118
vt 0.205028 -0.585118
vt -0.381714 -0.431147
vt -0.404214 -0.470118
vt -0.182528 -0.546147
vt -0.205028 -0.585118
vt 0.115000 -0.564241
vt -0.115000 -0.564241
vt 0.115000 -0.609241
vt -0.115000 -0.609241
vt 0.431147 0.381714
vt 0.546147 0.182528
vt 0.470118 0.404214
vt 0.585118 0.205028
vt -0.431147 0.381714
vt -0.470118 0.404214
vt -0.546147 0.182528
vt -0.585118 0.205028
vt -0.009975 0.006284
vt 0.381714 0.431147
vt 0.404214 0.470118
vt 0.182528 0.546147
vt 0.205028 0.585118
vt -0.381714 0.431147
vt -0.182528 0.546147
vt -0.404214 0.470118
vt -0.205028 0.585118
vt 0.175000 -1.868873
vt -0.175000 -1.918436
vt 0.175000 -1.979203
vt 0.175000 1.918436
vt -0.175000 1.979203
vt -0.175000 1.868873
vt 0.175000 1.710098
vt -0.175000 1.692605
vt 0.175000 1.533969
vt -0.175000 1.521644
vt 0.175000 1.395078
vt -0.175000 1.345514
vt 0.175000 1.256187
vt -0.175000 1.174414
vt 0.175000 1.117295
vt -0.175000 1.035523
vt 0.175000 0.978404
vt -0.175000 0.896631
vt 0.175000 0.807304
vt -0.175000 0.757740
vt 0.175000 0.598966
vt -0.175000 0.618849
vt -0.175000 0.442720
vt 0.175000 0.422837
vt 0.175000 0.251737
vt -0.175000 0.271620
vt -0.175000 0.132729
vt 0.175000 0.075609
vt -0.175000 -0.006163
vt 0.175000 -0.095491
vt -0.175000 -0.145054
vt 0.175000 -0.271620
vt -0.175000 -0.283946
vt 0.175000 -0.442720
vt -0.175000 -0.460212
vt 0.175000 -0.651057
vt -0.175000 -0.668549
vt 0.175000 -0.859394
vt -0.175000 -0.839512
vt -0.175000 -1.015641
vt 0.175000 -1.035522
vt 0.175000 -1.174414
vt -0.175000 -1.223978
vt 0.175000 -1.313306
vt -0.175000 -1.432315
vt 0.175000 -1.452198
vt 0.175000 -1.591089
vt -0.175000 -1.603415
vt 0.175000 -1.729981
vt -0.175000 -1.742306
vt -0.669370 -0.515651
vt -0.678416 -0.659729
vt -0.624716 -0.569570
vt -0.619450 -0.739612
vt -0.656802 -0.802460
vt -0.580487 -0.872421
vt -0.605505 -0.937401
vt -0.513424 -0.993496
vt -0.526843 -1.058448
vt -0.421508 -1.096974
vt -0.424372 -1.160132
vt -0.309187 -1.177848
vt -0.271771 -1.250726
vt -0.181899 -1.232201
vt -0.063063 -1.304673
vt -0.045807 -1.257404
vt 0.128812 -1.244271
vt 0.119508 -1.298468
vt 0.258110 -1.258101
vt 0.321286 -1.169163
vt 0.411302 -1.168508
vt 0.478944 -1.035629
vt 0.541241 -1.040109
vt 0.571509 -0.892890
vt 0.615701 -0.916433
vt 0.620438 -0.724753
vt 0.662335 -0.779813
vt 0.677074 -0.602959
vt 0.624548 -0.554678
vt 0.656042 -0.451090
vt 0.578183 -0.385816
vt 0.605204 -0.325848
vt 0.492620 -0.238773
vt 0.503294 -0.174120
vt 0.364692 -0.119195
vt 0.367046 -0.060405
vt 0.179074 -0.028457
vt 0.202179 0.018271
vt 0.060578 0.046359
vt 0.011174 -0.001026
vt -0.116667 0.037495
vt -0.126640 -0.013805
vt -0.258326 -0.056414
vt -0.291173 -0.016527
vt -0.377505 -0.126787
vt -0.414271 -0.091938
vt -0.478411 -0.221520
vt -0.518647 -0.191666
vt -0.571245 -0.369999
vt -0.613272 -0.341802
vt 0.669370 -0.794350
vt 0.674409 -0.617123
vt 0.624716 -0.740430
vt 0.619450 -0.570388
vt 0.620534 -0.408489
vt 0.563541 -0.404331
vt 0.526843 -0.251552
vt 0.470321 -0.262230
vt 0.424372 -0.149868
vt 0.335999 -0.149881
vt 0.271771 -0.059273
vt 0.181900 -0.077799
vt 0.096490 -0.007824
vt 0.045807 -0.052596
vt -0.047778 -0.002616
vt -0.092504 -0.057765
vt -0.189884 -0.028022
vt -0.226334 -0.093054
vt -0.323411 -0.082893
vt -0.349211 -0.156755
vt -0.442320 -0.164748
vt -0.478944 -0.274371
vt -0.541241 -0.269891
vt -0.571509 -0.417110
vt -0.615701 -0.393567
vt -0.615166 -0.548451
vt -0.662335 -0.530187
vt -0.629043 -0.686159
vt -0.677074 -0.707041
vt -0.612472 -0.823570
vt -0.634320 -0.918326
vt -0.566251 -0.954031
vt -0.548899 -1.079801
vt -0.467267 -1.098609
vt -0.425441 -1.207049
vt -0.306027 -1.227649
vt -0.269941 -1.303108
vt -0.148450 -1.291307
vt -0.132127 -1.346088
vt 0.025949 -1.307095
vt 0.011659 -1.358966
vt 0.154915 -1.341160
vt 0.228161 -1.264692
vt 0.291173 -1.293473
vt 0.405647 -1.158928
vt 0.439093 -1.195730
vt 0.520444 -1.033372
vt 0.562301 -1.060722
vt 0.585123 -0.911008
vt 0.630073 -0.933259
vt 0.175000 -2.021234
vt -0.175000 -2.106498
vt 0.175000 -2.136283
vt 0.175000 2.073049
vt -0.175000 2.136283
vt -0.175000 2.021234
vt 0.175000 1.855800
vt -0.175000 1.837569
vt 0.175000 1.672000
vt -0.175000 1.659153
vt 0.175000 1.527168
vt -0.175000 1.514321
vt 0.175000 1.348752
vt -0.175000 1.369487
vt -0.175000 1.185821
vt 0.175000 1.165086
vt 0.175000 1.020252
vt -0.175000 1.007405
vt 0.175000 0.875421
vt -0.175000 0.862573
vt 0.175000 0.730588
vt -0.175000 0.678906
vt 0.175000 0.585755
vt -0.175000 0.500490
vt 0.175000 0.440922
vt -0.175000 0.316691
vt 0.175000 0.296090
vt 0.175000 0.151258
vt -0.175000 0.181041
vt -0.175000 0.027159
vt 0.175000 -0.027159
vt -0.175000 -0.151258
vt 0.175000 -0.244408
vt -0.175000 -0.296090
vt 0.175000 -0.428074
vt -0.175000 -0.440922
vt 0.175000 -0.606357
vt -0.175000 -0.624588
vt 0.175000 -0.790156
vt -0.175000 -0.803004
vt 0.175000 -0.934989
vt -0.175000 -0.947837
vt 0.175000 -1.079822
vt -0.175000 -1.131503
vt 0.175000 -1.224654
vt -0.175000 -1.348752
vt 0.175000 -1.369487
vt 0.175000 -1.547769
vt -0.175000 -1.527168
vt -0.175000 -1.672001
vt 0.175000 -1.731569
vt -0.175000 -1.816834
vt 0.175000 -1.876401
vt -0.175000 -1.961667
vt -0.007444 0.006602
vt -0.009975 0.006284
vt -0.306992 -1.123011
vt 0.000000 -1.075652
vt -0.380905 -0.935209
vt -0.000000 -0.888104
vt -0.418784 -0.923697
vt -0.450000 -0.832851
vt -0.449996 -0.960038
vt -0.000000 -1.268720
vt -0.208906 -1.344067
vt -0.000000 -1.395592
vt -0.110702 -1.559739
vt 0.000000 -1.593381
vt -0.000000 1.649336
vt -0.082076 1.672936
vt -0.042663 1.524907
vt 0.000000 1.464309
vt -0.061213 1.497606
vt -0.450000 1.493450
vt -0.450000 1.366263
vt -0.119737 1.526253
vt -0.450000 1.620638
vt -0.195920 1.681372
vt -0.450000 1.747825
vt -0.450000 -1.550847
vt -0.222129 -1.557281
vt -0.450000 -1.423660
vt -0.299213 -1.387220
vt -0.450000 -1.296473
vt -0.378761 -1.213157
vt -0.450000 -1.169285
vt -0.450000 -1.042098
vt -0.449996 1.239076
vt -0.418088 1.275471
vt -0.000000 1.268720
vt -0.380812 1.263766
vt -0.000000 1.141848
vt -0.309576 1.082393
vt -0.000000 1.014976
vt -0.212382 0.862529
vt 0.000000 0.819682
vt -0.106109 0.628787
vt 0.000000 0.569910
vt -0.042320 0.425673
vt -0.000000 0.380616
vt -0.070700 0.399627
vt -0.450000 0.393892
vt -0.450000 0.266705
vt -0.130193 0.433745
vt -0.450000 0.521080
vt -0.222129 0.641832
vt -0.450000 0.648267
vt -0.450000 0.775455
vt -0.299213 0.811893
vt -0.450000 0.902642
vt -0.378761 0.985958
vt -0.450000 1.029829
vt -0.450000 1.157017
vt -0.449995 0.139518
vt -0.418093 0.175911
vt -0.000000 0.253744
vt 0.000000 0.069278
vt -0.380886 0.164328
vt -0.332462 0.038553
vt -0.260975 -0.130403
vt 0.000000 -0.190329
vt -0.153954 -0.363447
vt 0.000000 -0.439458
vt -0.082076 -0.526178
vt -0.000000 -0.634360
vt -0.040845 -0.669838
vt -0.000000 -0.761232
vt -0.061213 -0.701508
vt -0.450000 -0.705664
vt -0.119683 -0.672901
vt -0.450000 -0.578477
vt -0.222129 -0.457725
vt -0.450000 -0.451290
vt -0.450000 -0.324102
vt -0.299213 -0.287664
vt -0.450000 -0.196915
vt -0.378760 -0.113602
vt -0.450000 -0.069728
vt -0.450000 0.057459
vt -0.044439 0.379469
vt -0.047251 0.021469
vt -0.035795 0.264958
vt -0.004989 0.214808
vt -0.003311 0.380774
vt -0.005912 0.027274
vt -0.035486 0.575843
vt -0.002679 0.602368
vt -0.051823 0.760789
vt -0.035754 1.197296
vt -0.062641 1.645939
vt -0.035554 1.787754
vt -0.062641 2.437777
vt -0.035790 2.291277
vt -0.035781 2.658619
vt -0.062641 2.844050
vt -0.031958 2.844050
vt -0.004646 2.662870
vt -0.000000 2.844050
vt -0.000000 2.492149
vt -0.006828 2.360138
vt -0.006809 0.846650
vt -0.002709 1.088154
vt -0.003934 1.786760
vt -0.001652 1.423249
vt -0.003549 2.139486
vt -0.005045 -0.192173
vt 0.000001 -0.028243
vt -0.059690 -0.047179
vt -0.066394 -0.264151
vt -0.115799 -0.054195
vt -0.066222 -0.530378
vt -0.115799 -0.811800
vt -0.067582 -0.842818
vt -0.069174 -1.343544
vt -0.013737 -1.341523
vt -0.011703 -2.113093
vt -0.005602 -1.749846
vt -0.064141 -1.896770
vt -0.115799 -2.052337
vt -0.067154 -2.213970
vt -0.066913 -2.555283
vt -0.007951 -2.459174
vt -0.031819 -2.750508
vt 0.000109 -2.621449
vt -0.000000 -2.790962
vt -0.077208 -2.790962
vt -0.115799 -2.732319
vt 0.000100 -2.278213
vt -0.000055 -1.054567
vt -0.000847 -0.877277
vt -0.000024 -0.604608
vt -0.016601 -0.522933
vt -0.003667 -0.357383
vt -0.022484 -0.071672
vt -0.017810 -0.086345
vt -0.006579 -0.074530
vt -0.020521 -0.056810
vt -0.003563 -0.046243
vt -0.023073 -0.035502
vt -0.013429 -0.011743
vt -0.076687 0.086003
vt -0.134011 0.023298
vt 0.025791 0.038643
vt 0.025791 0.000000
vt -0.125997 0.001488
vt 0.025791 0.077285
vt 0.025791 0.115928
vt -0.115821 -2.756431
vt -0.066873 -3.062397
vt -0.066791 -2.897674
vt -0.002131 -2.876088
vt -0.000000 -3.072418
vt -0.065472 -2.712792
vt -0.065725 -2.413445
vt -0.115821 -2.381177
vt -0.016540 -2.397724
vt -0.000058 -2.391039
vt -0.004825 -2.382396
vt -0.000038 -2.367838
vt -0.013198 -2.329717
vt -0.069171 -2.353619
vt -0.065529 -2.104730
vt -0.115821 -1.903650
vt -0.066395 -1.939310
vt -0.066208 -1.715428
vt -0.115821 -1.312450
vt -0.066806 -1.479810
vt -0.016540 -1.479411
vt 0.000035 -1.369177
vt -0.006297 -1.190438
vt -0.005561 -0.965763
vt -0.065238 -1.168445
vt -0.063388 -0.800508
vt -0.115821 -0.516625
vt -0.065174 -0.503547
vt -0.063043 -0.209046
vt -0.007993 -0.371885
vt -0.003970 -0.181147
vt -0.009947 -2.714386
vt -0.000010 -2.670767
vt -0.002839 -2.447711
vt -0.003591 -2.092152
vt -0.003712 -1.976982
vt -0.005103 -1.872236
vt -0.004508 -1.735687
vt 0.000009 -1.566958
vt -0.005575 -0.651086
vt -0.005862 0.007782
vt -0.029523 0.011371
vt -0.085961 -0.044244
vt -0.063698 -2.381757
vt -0.473509 -1.392006
vt -0.299905 -1.312593
vt -0.664479 -0.681473
vt -0.056659 0.073421
vt 0.158422 -0.487884
vt -0.111680 -1.285168
vt 0.070717 -1.319478
vt 0.340946 -1.120766
vt 0.239239 -1.402352
vt 0.540312 -0.793382
vt -0.553158 0.541132
vt -0.026871 0.894545
vt -0.300298 1.199444
vt -0.089289 1.347695
vt 0.092635 1.334326
vt 0.000011 -0.397991
vt -0.003592 -0.302100
vt -0.026432 -0.401507
vt -0.061729 -0.346433
vt -0.004770 -0.054501
vt -0.038596 0.000000
vt -0.068482 -0.066847
vt -0.115815 -0.058039
vt -0.066860 -0.212051
vt -0.115815 -0.297392
vt -0.004005 -0.191797
vt -0.020866 0.000000
vt -0.008596 0.105329
vt -0.037074 0.052687
vt -0.062644 0.039289
vt -0.062644 0.145840
vt -0.035463 0.142707
vt -0.035659 0.257811
vt -0.062644 0.261315
vt -0.062644 0.414642
vt -0.033579 0.412284
vt -0.007650 0.323399
vt -0.121790 0.031416
vt -0.120014 0.013596
vt 0.025791 0.031416
vt 0.025791 0.010472
vt -0.110969 -0.003432
vt -0.106224 -0.025681
vt 0.025791 -0.031416
vt -0.000826 2.954026
vt -0.000000 3.148024
vt -0.035083 3.129283
vt -0.035455 2.962443
vt -0.005967 2.789283
vt -0.000000 2.855734
vt -0.000000 0.030265
vt -0.004975 0.240702
vt -0.035818 0.343512
vt -0.026038 0.034216
vt -0.062451 0.047937
vt -0.062636 0.528771
vt -0.062636 2.845398
vt -0.036091 2.788992
vt -0.002190 2.529042
vt -0.050629 2.500032
vt -0.035470 2.461352
vt -0.041734 2.417668
vt -0.034949 2.374391
vt -0.003722 2.383841
vt -0.006688 2.302569
vt -0.004084 2.089824
vt -0.036047 2.014747
vt -0.005187 1.972773
vt -0.062636 1.950143
vt -0.003535 1.870366
vt -0.035827 1.853597
vt -0.002342 1.742758
vt -0.035816 1.687923
vt -0.062636 1.561849
vt -0.035785 1.438090
vt -0.040083 1.157828
vt -0.035860 0.809565
vt -0.004015 2.456285
vt -0.004671 2.420955
vt -0.004499 1.582813
vt -0.002228 1.394284
vt -0.005691 1.177148
vt -0.005678 0.960113
vt -0.002060 0.748141
vt -0.005094 0.451885
vt -0.291273 -1.406375
vt -0.187658 -1.344012
vt -0.382779 -1.148474
vt -0.218755 -0.486446
vt -0.578092 -0.756671
vt -0.587075 -0.827237
vt -0.017580 -1.295417
vt -0.032633 -0.144431
vt 0.235652 -1.307690
vt 0.715078 -0.804915
vt 0.404805 -1.375833
vt 0.626456 -1.222024
vt 0.499568 -1.448851
vt 0.677303 0.118644
vt 0.032401 0.299107
vt 0.508290 0.886713
vt -0.027358 0.900146
vt 0.275197 1.312230
vt 0.042902 1.404703
vt -0.163873 1.370824
vt 0.000004 0.670073
vt -0.011018 0.771104
vt -0.040770 0.616667
vt -0.006206 0.619716
vt -0.014298 0.481230
vt -0.013395 -0.260589
vt -0.039104 -0.370000
vt -0.003975 -0.415019
vt 0.002920 -0.467164
vt -0.005527 -1.484751
vt -0.026177 -1.603334
vt -0.002420 -1.541128
vt -0.000000 -1.671117
vt -0.000000 0.917352
vt -0.011490 1.017147
vt -0.039592 0.863334
vt -0.052358 1.726667
vt -0.062309 1.579242
vt -0.026177 1.603334
vt -0.056111 -1.426052
vt -0.052358 1.409487
vt -0.055860 1.238633
vt -0.054399 1.038852
vt -0.056509 0.743519
vt -0.058075 0.496481
vt -0.059450 -0.197166
vt -0.057617 -0.563049
vt -0.012043 1.509995
vt -0.011965 1.386661
vt -0.011848 1.263406
vt -0.011689 1.140236
vt -0.014829 0.358304
vt -0.057260 0.299237
vt -0.015116 0.235138
vt -0.015369 0.111941
vt -0.057796 0.050596
vt -0.015583 -0.011291
vt -0.014162 -0.136278
vt -0.017747 -0.612017
vt -0.017525 -0.735329
vt -0.057186 -0.810827
vt -0.017311 -0.858651
vt -0.017104 -0.981981
vt -0.056731 -1.058293
vt -0.016906 -1.105321
vt -0.014204 -1.227431
vt -0.060969 -1.246361
vt -0.015847 -1.351695
vt 0.000000 3.145015
vt -0.030897 3.131148
vt -0.003971 2.941341
vt -0.000000 1.922826
vt -0.005308 1.994709
vt -0.003796 1.829314
vt -0.000000 0.030259
vt -0.002668 0.252956
vt -0.035818 0.343446
vt -0.026039 0.034209
vt -0.062495 0.047947
vt -0.062638 0.528906
vt -0.035458 2.961882
vt -0.003294 2.790893
vt -0.036094 2.788455
vt -0.003463 2.504800
vt -0.035520 2.473577
vt -0.003121 2.451631
vt -0.003641 2.417602
vt -0.035744 2.413281
vt -0.003287 2.348768
vt -0.035265 2.352741
vt -0.035869 2.018098
vt -0.062638 2.844834
vt -0.062638 2.433621
vt -0.062638 1.949477
vt -0.035830 1.853246
vt -0.035822 1.686408
vt -0.062638 1.561405
vt -0.035786 1.438560
vt -0.040067 1.157579
vt -0.035863 0.809399
vt -0.006709 2.098323
vt -0.004172 1.718055
vt -0.003741 1.603474
vt -0.004374 1.421546
vt -0.005603 1.166958
vt -0.003083 0.998432
vt -0.003554 0.734455
vt -0.002398 0.475568
vt -0.291274 -1.406375
vt -0.119925 -1.320126
vt -0.382786 -1.148465
vt -0.218444 -0.486358
vt -0.582710 -0.792950
vt 0.112448 -1.288919
vt -0.032563 -0.144264
vt 0.344538 -1.346736
vt 0.715080 -0.804885
vt 0.626430 -1.222076
vt 0.677302 0.118625
vt 0.032324 0.299571
vt 0.508294 0.886694
vt -0.027328 0.899917
vt 0.275195 1.312235
vt 0.042884 1.404704
vt -0.044445 0.379424
vt -0.047222 0.021469
vt -0.035794 0.264952
vt -0.004473 0.213776
vt -0.003193 0.380436
vt -0.005235 0.027453
vt -0.035485 0.575863
vt -0.003454 0.572087
vt -0.051817 0.760843
vt -0.035752 1.197288
vt -0.062640 1.645965
vt -0.035553 1.787779
vt -0.062640 2.437814
vt -0.035789 2.291322
vt -0.035780 2.658677
vt -0.062640 2.844102
vt -0.031957 2.844102
vt -0.004328 2.662883
vt -0.000000 2.844102
vt -0.003084 0.786940
vt -0.003947 1.089824
vt -0.003976 1.785795
vt -0.001585 1.423811
vt -0.003266 2.139586
vt -0.003229 2.434545
vt -0.022482 -0.071670
vt -0.017801 -0.086366
vt -0.006499 -0.074457
vt -0.020520 -0.056810
vt -0.003562 -0.046243
vt -0.023073 -0.035502
vt -0.016083 -0.011190
vt -0.093431 0.071332
vt -0.134010 0.023325
vt -0.125998 0.001488
vt -0.043053 0.115482
vt -0.115820 -2.769657
vt -0.066937 -3.060419
vt -0.066769 -2.881851
vt -0.000105 -3.067957
vt -0.004274 -2.839593
vt -0.066579 -2.706264
vt -0.065422 -2.436955
vt -0.115820 -2.383862
vt -0.016973 -2.673454
vt -0.002113 -2.427527
vt -0.000010 -2.705600
vt -0.003574 -2.389307
vt -0.000029 -2.382036
vt -0.016973 -2.378052
vt -0.057907 -2.378978
vt -0.069808 -2.348357
vt -0.115820 -1.896711
vt -0.065628 -2.030497
vt -0.007392 -2.141006
vt -0.002668 -2.024433
vt -0.002922 -1.683338
vt -0.000001 -1.565956
vt -0.016973 -1.471949
vt 0.000000 -1.360267
vt -0.005778 -1.162814
vt -0.002209 -2.338962
vt -0.004319 -0.191716
vt -0.005749 0.007694
vt -0.029520 0.011366
vt -0.071670 -0.027704
vt -0.115389 -0.081872
vt -0.066548 -0.316897
vt -0.066555 -0.658313
vt -0.115820 -0.916504
vt -0.066917 -1.113486
vt -0.115820 -1.451833
vt -0.064983 -1.485347
vt -0.065997 -1.788954
vt -0.066696 -2.389056
vt -0.003735 -1.903036
vt -0.001379 -1.794691
vt 0.000022 -1.004783
vt -0.003607 -0.732602
vt -0.006704 -0.427333
vt -0.595762 -1.161407
vt -0.473628 -1.390315
vt -0.299907 -1.312594
vt -0.664336 -0.670168
vt -0.040528 -0.071584
vt 0.155494 -0.482713
vt -0.111681 -1.285168
vt 0.070716 -1.319478
vt 0.332584 -1.133867
vt 0.239237 -1.402350
vt 0.538427 -0.797174
vt -0.075670 0.482360
vt -0.550923 0.551593
vt -0.301165 1.197845
vt -0.089284 1.347697
vt 0.091032 1.329408
vt 0.000011 -0.397994
vt -0.003593 -0.302099
vt -0.026431 -0.401503
vt -0.061728 -0.346433
vt -0.006877 -0.078581
vt -0.009047 0.000000
vt -0.066514 -0.119534
vt -0.077219 0.000000
vt -0.115816 -0.059208
vt -0.115816 -0.297401
vt -0.067188 -0.247466
vt -0.004006 -0.191799
vt -0.092884 -0.053111
vt -0.074334 -0.242381
vt -0.041760 -0.043134
vt 0.000201 -0.198711
vt 0.000001 -0.028260
vt -0.066107 -0.379306
vt -0.004617 -0.367725
vt -0.066682 -0.577664
vt -0.115824 -0.823668
vt -0.067473 -0.989637
vt -0.067493 -1.709079
vt -0.008455 -1.724433
vt -0.065949 -2.702443
vt -0.066601 -2.477359
vt -0.115824 -2.731815
vt -0.007426 -2.107751
vt -0.115824 -2.064468
vt -0.066851 -2.134335
vt -0.009048 -2.792653
vt -0.003123 -2.627522
vt 0.000008 -1.406065
vt -0.005892 -1.073919
vt -0.002517 -0.805160
vt -0.007515 -0.549544
vt -0.007244 -2.370593
vt -0.020865 0.000000
vt -0.008598 0.105323
vt -0.037072 0.052697
vt -0.062643 0.039288
vt -0.062643 0.145845
vt -0.035462 0.142709
vt -0.035658 0.257812
vt -0.062643 0.261315
vt -0.062643 0.392518
vt -0.033579 0.412277
vt -0.062643 0.464723
vt -0.007651 0.323395
vt -0.110971 -0.003432
vt -0.106231 -0.025666
vt -0.130793 -1.323958
vt -0.382755 -1.148523
vt -0.218391 -0.486281
vt -0.584934 -0.771872
vt -0.574368 -0.862123
vt 0.120671 -1.289361
vt -0.032519 -0.144096
vt 0.350651 -1.349688
vt 0.715118 -0.804622
vt 0.626322 -1.222194
vt 0.677303 0.118701
vt 0.032329 0.299635
vt 0.508292 0.886699
vt -0.027361 0.900092
vt 0.275197 1.312233
vt 0.042892 1.404703
vt -0.000254 -1.490571
vt 0.152021 -1.486508
vt 0.057965 -1.463919
vt -0.044487 0.379285
vt -0.047391 0.021489
vt -0.035799 0.264863
vt -0.004980 0.214864
vt -0.003312 0.380876
vt -0.005917 0.027281
vt -0.035488 0.576197
vt -0.002664 0.602883
vt -0.051773 0.761457
vt -0.035732 1.197333
vt -0.036197 1.785026
vt -0.062641 2.438619
vt -0.035789 2.292092
vt -0.035781 2.659535
vt -0.062641 2.845027
vt -0.031957 2.845027
vt -0.004647 2.663780
vt -0.000000 2.845027
vt -0.000000 2.493005
vt -0.006829 2.360955
vt -0.006807 0.846970
vt -0.002656 1.088456
vt -0.003924 1.787390
vt -0.001652 1.423741
vt -0.003548 2.140222
vt -0.005081 -0.192181
vt -0.058516 -0.046913
vt -0.066392 -0.264137
vt -0.115799 -0.055681
vt -0.115799 -0.318472
vt -0.066220 -0.530378
vt -0.115799 -0.811829
vt -0.067578 -0.842830
vt -0.069172 -1.343475
vt -0.013790 -1.341221
vt -0.011717 -2.113100
vt -0.005595 -1.749825
vt -0.064139 -1.896789
vt -0.115799 -2.052363
vt -0.067151 -2.213960
vt -0.066912 -2.555277
vt -0.007951 -2.459165
vt -0.031817 -2.750489
vt 0.000110 -2.621434
vt -0.000000 -2.790945
vt -0.077208 -2.790945
vt -0.115799 -2.732298
vt 0.000100 -2.278185
vt -0.000035 -1.054210
vt -0.000847 -0.876762
vt -0.000022 -0.604761
vt -0.016596 -0.522821
vt -0.003750 -0.357368
vt -0.595843 -1.161199
vt -0.474379 -1.390835
vt -0.299906 -1.312593
vt -0.664483 -0.681442
vt 0.068710 -0.359982
vt 0.070717 -1.319478
vt 0.279313 -0.619821
vt 0.346986 -1.113851
vt 0.540521 -0.793565
vt -0.067341 0.083192
vt -0.553151 0.541157
vt -0.073273 0.586385
vt -0.300300 1.199440
vt -0.089289 1.347695
vt 0.092574 1.334138
vt 0.000000 -0.082629
vt -0.087757 -0.110538
vt -0.000003 -0.119381
vt -0.022483 -0.071672
vt -0.017864 -0.086179
vt -0.006324 -0.074358
vt -0.020521 -0.056811
vt -0.003564 -0.046242
vt -0.023073 -0.035502
vt -0.012560 -0.011359
vt -0.093422 0.071338
vt -0.134041 0.023086
vt -0.125999 0.001488
vt -0.043057 0.115478
vt -0.107363 -2.776145
vt -0.084534 -2.434513
vt -0.099853 -2.384504
vt -0.016800 -2.414813
vt -0.000216 -2.398182
vt -0.016800 -2.389483
vt -0.057834 -2.401122
vt -0.000316 -2.387399
vt -0.006995 -2.382005
vt -0.000077 -2.368810
vt -0.016800 -2.337821
vt -0.057834 -2.338298
vt -0.009144 -3.071624
vt -0.003325 -2.892557
vt -0.063606 -2.809693
vt -0.078219 -3.058574
vt -0.016800 -2.515345
vt -0.000334 -2.751333
vt 0.000009 -2.441163
vt -0.000065 -2.274144
vt -0.003816 -2.103032
vt -0.002864 -1.969110
vt 0.000020 -1.881357
vt -0.009684 -1.770359
vt -0.000009 -1.604968
vt -0.010221 -1.501408
vt -0.063558 -0.719219
vt -0.006795 -0.885532
vt -0.002220 -0.665904
vt -0.063612 -0.393839
vt -0.001161 -0.219153
vt -0.071442 -0.025756
vt -0.006066 -0.423267
vt -0.005585 0.007494
vt -0.029522 0.011372
vt -0.115158 -0.077861
vt -0.100549 -0.692569
vt -0.063616 -1.051096
vt -0.001030 -1.194369
vt -0.004716 -1.324396
vt -0.084830 -2.338792
vt -0.068899 -2.384046
vt -0.063587 -2.143786
vt -0.099806 -2.038997
vt -0.057834 -2.535203
vt -0.063618 -1.966727
vt -0.101174 -1.702681
vt -0.063620 -1.766775
vt -0.063610 -1.543438
vt -0.095322 -1.182368
vt -0.063625 -1.281841
vt 0.519345 0.000000
vt 0.472714 0.100000
vt 0.360551 0.000000
vt 0.313920 0.100000
vt -0.205170 -1.490571
vt -0.052895 -1.486508
vt -0.146951 -1.463919
vt 0.000011 -0.397991
vt -0.003593 -0.302099
vt -0.026433 -0.401507
vt -0.061728 -0.346432
vt -0.004770 -0.054501
vt -0.068481 -0.066854
vt -0.115816 -0.058042
vt -0.066859 -0.212052
vt -0.115816 -0.297393
vt -0.004006 -0.191799
vt -0.008596 0.105323
vt -0.037073 0.052692
vt -0.062643 0.039290
vt -0.062643 0.145842
vt -0.035462 0.142708
vt -0.035658 0.257810
vt -0.062643 0.261314
vt -0.062643 0.414644
vt -0.033579 0.412280
vt -0.007649 0.323394
vt -0.110970 -0.003432
vt -0.106177 -0.025788
vt -0.000000 3.147432
vt -0.031246 3.130933
vt -0.007472 2.963998
vt 0.000108 2.417906
vt -0.003799 2.437370
vt -0.002853 2.384063
vt -0.004293 2.292552
vt -0.035665 2.376409
vt -0.045248 2.423791
vt -0.062639 1.949392
vt -0.035308 2.962896
vt -0.004496 2.806674
vt -0.035941 2.788547
vt -0.003909 2.531224
vt -0.035557 2.535130
vt -0.002496 2.466696
vt -0.036491 2.467460
vt -0.062639 2.844906
vt -0.035897 2.013190
vt -0.035675 1.852996
vt -0.035667 1.686134
vt -0.062639 1.561232
vt -0.035632 1.438042
vt -0.039922 1.157060
vt -0.035707 0.808650
vt -0.062639 0.528732
vt -0.035609 0.343109
vt -0.062438 0.047921
vt -0.026045 0.034210
vt -0.002554 0.252942
vt -0.002084 0.475631
vt -0.001651 0.699580
vt -0.000727 0.922008
vt -0.005193 1.672517
vt 0.000004 1.806528
vt -0.005793 1.865251
vt -0.002787 2.093822
vt -0.005676 1.970449
vt -0.003783 1.491270
vt -0.003835 1.378538
vt -0.002451 1.207267
vt 0.066329 0.026687
vt 0.467625 -0.058377
vt 0.460077 0.118128
vt 0.094641 0.229999
vt 0.030000 0.158038
vt 0.375947 0.284299
vt 0.193179 0.429920
vt 0.068128 0.318475
vt -0.036449 0.469893
vt -0.023431 0.343722
vt -0.256677 0.395249
vt -0.086603 0.300000
vt -0.091962 0.219999
vt -0.414206 0.224769
vt -0.060676 0.044084
vt -0.066329 -0.026687
vt -0.471254 -0.000000
vt -0.414206 -0.224769
vt -0.071962 -0.185359
vt -0.091962 -0.280001
vt -0.256677 -0.395249
vt -0.020000 -0.344641
vt -0.036449 -0.469893
vt 0.071962 -0.314641
vt 0.193179 -0.429920
vt 0.091962 -0.219999
vt 0.375947 -0.284299
vt 0.060676 -0.044084
vt -0.004884 0.071329
vt -0.050000 0.163397
vt 0.020000 -0.155359
vt 0.004884 -0.071329
vt 0.000000 0.235372
vt 0.500000 0.261799
vt 0.000000 0.314159
vt 0.500000 0.314159
vt 0.000000 -0.293214
vt 0.500000 -0.282742
vt 0.000000 -0.188496
vt 0.500000 -0.209440
vt 0.500000 -0.125664
vt 0.000000 -0.104720
vt 0.000000 -0.031417
vt 0.500000 -0.020945
vt 0.000000 0.052360
vt 0.500000 0.078788
vt 0.274369 0.083979
vt 0.500000 0.181617
vt 0.314119 0.176800
vt 0.338724 0.237400
vt 0.225631 0.230181
vt 0.000000 0.132543
vt 0.185881 0.137360
vt 0.161276 0.076760
vt 0.000000 0.207092
vt 0.500000 0.188496
vt 0.500000 0.235619
vt 0.000000 -0.235619
vt 0.500000 -0.207092
vt 0.000000 -0.188496
vt 0.000000 -0.122775
vt 0.500000 -0.112845
vt 0.000000 -0.028527
vt 0.500000 -0.047124
vt 0.500000 0.028527
vt 0.000000 0.047124
vt 0.000000 0.112845
vt 0.500000 0.122775
vt 0.000000 0.282743
vt 0.500000 0.240856
vt 0.000000 -0.314159
vt 0.500000 -0.282742
vt 0.000000 -0.240856
vt 0.500000 -0.178024
vt 0.000000 -0.136136
vt 0.500000 -0.073304
vt 0.000000 -0.031417
vt 0.500000 0.031417
vt 0.000000 0.073304
vt 0.500000 0.136136
vt 0.000000 0.178024
vt 0.518272 -0.055412
vt 0.489172 0.179884
vt 0.094641 0.229999
vt 0.030000 0.158038
vt 0.392968 0.348139
vt 0.298234 0.432067
vt 0.186168 0.490884
vt -0.004974 0.521172
vt -0.023431 0.343722
vt -0.243097 0.461005
vt -0.392968 0.348139
vt -0.464864 0.243980
vt -0.516669 0.068606
vt -0.066329 -0.026687
vt -0.487296 -0.184830
vt -0.071962 -0.185359
vt -0.091962 -0.280001
vt -0.349031 -0.387064
vt -0.186168 -0.490884
vt -0.063282 -0.521172
vt 0.063282 -0.521172
vt 0.239763 -0.462755
vt 0.392968 -0.348139
vt 0.464864 -0.243980
vt 0.004884 -0.071329
vt 0.020000 -0.155359
vt -0.004884 0.071329
vt -0.098855 0.001588
vt 0.098855 -0.001588
vt -0.080392 0.056539
vt 0.085527 0.049530
vt 0.032453 0.091362
vt -0.035041 0.092413
vt 0.080392 -0.056539
vt -0.085527 -0.049530
vt -0.032569 -0.091320
vt 0.035041 -0.092413
vt 4.152400 0.296055
vt 4.075000 0.307013
vt 4.075000 0.252872
vt 4.152400 0.223237
vt 4.075000 0.193329
vt 4.152400 0.152941
vt 4.075000 0.122955
vt 4.152400 0.104134
vt 4.152400 0.055369
vt 4.075000 0.052499
vt 4.152400 -0.009300
vt 4.075000 -0.001603
vt 4.075000 -0.061288
vt 4.152400 -0.069101
vt 4.152400 -0.123209
vt 4.075000 -0.120830
vt 4.075000 -0.191331
vt 4.152400 -0.177716
vt 4.152400 -0.226405
vt 4.075000 -0.261660
vt 4.152400 -0.275335
vt 4.075000 -0.304680
vt 4.152400 -0.310205
vt -0.031961 -0.275152
vt 0.000000 -0.257768
vt -0.031961 -0.244222
vt 0.000000 -0.181239
vt -0.031961 -0.200822
vt -0.031961 -0.157634
vt -0.031961 -0.109286
vt 0.000000 -0.099119
vt -0.031961 -0.061293
vt 0.000000 -0.038254
vt -0.031961 -0.008249
vt 0.000000 0.027983
vt -0.031961 0.049112
vt 0.000000 0.099119
vt -0.031961 0.092367
vt -0.031961 0.135659
vt 0.000000 0.181237
vt -0.031961 0.198011
vt 0.000000 0.266826
vt -0.031961 0.262600
vt 0.033506 -0.011870
vt -0.033135 -0.009373
vt 0.073620 -0.077517
vt -0.071395 -0.054092
vt -0.069245 -0.109264
vt 0.033508 -0.142929
vt -0.033135 -0.145427
vt 3.925000 0.308662
vt 3.385000 0.310044
vt 3.925000 0.259529
vt 3.385000 0.235258
vt 3.925000 0.193164
vt 3.385000 0.159350
vt 3.925000 0.126138
vt 3.385000 0.092304
vt 3.925000 0.050675
vt 3.385000 0.016276
vt 3.925000 -0.026071
vt 3.385000 -0.059884
vt 3.925000 -0.101979
vt 3.385000 -0.126249
vt 3.925000 -0.187636
vt 3.385000 -0.183370
vt 3.385000 -0.250283
vt 3.925000 -0.254661
vt 3.925000 -0.302930
vt 3.385000 -0.311216
vt -0.050548 -0.082233
vt 0.098720 -0.002475
vt 0.084386 0.051290
vt 0.034535 0.091466
vt -0.030098 0.094190
vt -0.084293 0.046834
vt -0.095418 -0.025439
vt 0.029395 -0.093245
vt 0.081883 -0.055433
vt -0.030967 -0.033683
vt -0.020527 -0.005846
vt -0.030949 0.007762
vt -0.031416 -0.073350
vt -0.021988 -0.080594
vt -0.031340 -0.115954
vt -0.031416 -0.155986
vt -0.022085 -0.156942
vt -0.030970 -0.208400
vt -0.019322 -0.216294
vt -0.019401 -0.277637
vt -0.030944 -0.260370
vt -0.031291 -0.301559
vt -0.023928 -0.323361
vt -0.031416 0.333792
vt -0.031416 0.302695
vt -0.021834 0.297845
vt -0.030952 0.262592
vt -0.022460 0.218325
vt -0.031416 0.219138
vt -0.031416 0.176602
vt -0.019598 0.143652
vt -0.031236 0.136477
vt -0.020997 0.070274
vt -0.031416 0.094009
vt -0.031038 0.053806
vt 0.188715 -0.193456
vt 0.109502 -0.190000
vt 0.090716 -0.247758
vt 0.161536 -0.285189
vt 0.095359 -0.352887
vt 0.026416 -0.294251
vt -0.010785 -0.375783
vt -0.052206 -0.284033
vt -0.132004 -0.321065
vt -0.102056 -0.223490
vt -0.186032 -0.213385
vt -0.099987 -0.147518
vt -0.160191 -0.095438
vt -0.052206 -0.095967
vt -0.083215 -0.020587
vt 0.010794 -0.002815
vt 0.026416 -0.085749
vt 0.112285 -0.039844
vt 0.090716 -0.132242
vt 0.172339 -0.113028
vt 3.375000 0.585496
vt 3.195000 0.596903
vt 3.195000 0.555305
vt 3.375000 0.517083
vt 3.195000 0.484157
vt 3.375000 0.420432
vt 3.195000 0.402673
vt 3.375000 0.309380
vt 3.195000 0.333201
vt 3.195000 0.291511
vt 3.195000 0.231633
vt 3.375000 0.211691
vt 3.195000 0.166624
vt 3.375000 0.101291
vt 3.195000 0.112936
vt 3.195000 0.039951
vt 3.375000 -0.023774
vt 3.195000 -0.043337
vt 3.375000 -0.148576
vt 3.195000 -0.111005
vt 3.195000 -0.166531
vt 3.195000 -0.222057
vt 3.375000 -0.287447
vt 3.195000 -0.293204
vt 3.195000 -0.360871
vt 3.375000 -0.399093
vt 3.195000 -0.416397
vt 3.375000 -0.495744
vt 3.195000 -0.471923
vt 3.195000 -0.525611
vt 3.375000 -0.586360
vt 3.195000 -0.582975
vt -0.012124 0.275718
vt -0.022970 0.318352
vt -0.022625 0.182911
vt -0.019179 -0.023329
vt -0.018601 -0.117078
vt -0.007183 -0.042001
vt -0.005849 -0.107582
vt -0.005849 -0.161396
vt -0.023181 -0.192421
vt -0.005849 -0.215210
vt -0.017386 -0.256905
vt -0.007184 -0.284164
vt -0.021954 -0.335601
vt -0.005848 -0.349746
vt -0.011069 -0.410271
vt -0.026013 -0.478837
vt -0.010102 -0.505963
vt -0.005849 -0.457374
vt -0.020934 -0.562718
vt -0.005849 -0.565002
vt -0.005849 0.578500
vt -0.020213 0.582784
vt -0.009383 0.537830
vt -0.007184 0.469231
vt -0.019154 0.487920
vt -0.005849 0.390258
vt -0.018540 0.393849
vt -0.005849 0.322928
vt -0.005849 0.161487
vt -0.007944 0.227150
vt -0.010102 0.112898
vt -0.007183 0.038719
vt -0.022010 0.067640
vt -0.133854 -0.091559
vt -0.076000 -0.043879
vt -0.169018 0.012797
vt -0.076000 0.043879
vt -0.156566 0.064967
vt -0.110185 0.126226
vt 0.000000 0.087757
vt -0.018932 0.166482
vt 0.078980 0.147772
vt 0.076000 0.043879
vt 0.149042 0.076543
vt 0.169501 0.000000
vt 0.076000 -0.043879
vt 0.149042 -0.076543
vt 0.078979 -0.147772
vt 0.000000 -0.087757
vt -0.018933 -0.166482
vt -0.066043 0.000000
vt -0.087757 -0.100000
vt 0.000000 -0.100000
vt 0.001751 0.000000
vt 0.016897 0.000000
vt 0.087757 -0.100000
vt 0.087757 0.000000
vt -0.087757 0.000000
vt -0.043879 0.000000
vt -0.001751 0.000000
vt 0.021715 0.000000
vt -0.000003 -0.119381
vt 0.000000 -0.100204
vt -0.087777 -0.110540
vt -0.087828 -0.092867
vt 0.000000 -0.075512
vt -0.087783 -0.057472
vt 0.000000 -0.045715
vt -0.088231 0.022347
vt -0.000014 -0.012151
vt -0.000003 0.027386
vt -0.088259 0.066171
vt 0.000000 0.076545
vt -0.000003 0.106973
vt -0.087757 0.048637
vt -0.087757 -0.022108
vt -0.094187 -0.030059
vt 0.092065 -0.032728
vt -0.092065 0.032728
vt 0.094187 0.030059
vt 0.060770 0.077311
vt -0.058847 0.079953
vt -0.003538 0.097609
vt -0.060769 -0.077311
vt 0.058847 -0.079953
vt 0.003538 -0.097609
vt 4.152400 -0.310205
vt 4.075000 -0.283263
vt 4.075000 -0.314159
vt 4.152400 0.296054
vt 4.075000 0.280010
vt 4.152400 0.223236
vt 4.075000 0.220532
vt 4.075000 0.160708
vt 4.152400 0.104134
vt 4.075000 0.090469
vt 4.152400 0.055369
vt 4.075000 0.030896
vt 4.152400 -0.009299
vt 4.075000 -0.034149
vt 4.152400 -0.069100
vt 4.075000 -0.093628
vt 4.152400 -0.123208
vt 4.075000 -0.153451
vt 4.152400 -0.177716
vt 4.075000 -0.223691
vt 4.152400 -0.226406
vt 4.152400 -0.275335
vt -0.031961 -0.275152
vt 0.000000 -0.266826
vt -0.031961 -0.244222
vt 0.000000 -0.181239
vt -0.031961 -0.200822
vt -0.031961 -0.157634
vt -0.031961 -0.109285
vt 0.000000 -0.099118
vt -0.031961 -0.061292
vt 0.000000 -0.038254
vt -0.031961 -0.008249
vt 0.000000 0.027983
vt -0.031961 0.049113
vt 0.000000 0.099119
vt -0.031961 0.092367
vt -0.031961 0.135659
vt 0.000000 0.181237
vt -0.031961 0.198011
vt 0.000000 0.257767
vt -0.031961 0.262600
vt 0.033506 -0.011870
vt -0.033135 -0.009373
vt 0.073620 -0.077282
vt -0.071395 -0.054092
vt -0.069245 -0.109264
vt 0.033508 -0.142929
vt -0.033136 -0.145427
vt 3.925000 0.293218
vt 3.385000 0.310044
vt 3.385000 0.235258
vt 3.925000 0.230188
vt 3.925000 0.174124
vt 3.385000 0.149556
vt 3.925000 0.097964
vt 3.385000 0.083191
vt 3.925000 0.039789
vt 3.385000 0.006714
vt 3.925000 -0.016276
vt 3.385000 -0.088421
vt 3.925000 -0.092304
vt 3.925000 -0.159350
vt 3.385000 -0.183621
vt 3.925000 -0.235258
vt 3.385000 -0.259529
vt 3.925000 -0.302930
vt 3.385000 -0.311216
vt 0.095249 0.015649
vt 0.066479 0.074115
vt -0.058998 -0.077909
vt 0.016600 0.096349
vt -0.054474 0.081186
vt -0.096479 -0.015825
vt -0.091782 0.038582
vt 0.067997 -0.068510
vt 0.002226 -0.098726
vt -0.030967 -0.033683
vt -0.020527 -0.005846
vt -0.030949 0.007762
vt -0.021988 -0.080594
vt -0.031340 -0.115954
vt -0.031416 -0.155986
vt -0.022085 -0.156942
vt -0.030970 -0.208401
vt -0.019322 -0.216293
vt -0.019401 -0.277637
vt -0.030944 -0.260370
vt -0.031291 -0.301559
vt -0.023928 -0.323361
vt -0.031416 0.302695
vt -0.021834 0.297845
vt -0.030952 0.262592
vt -0.022460 0.218325
vt -0.031416 0.219138
vt -0.031416 0.176602
vt -0.019598 0.143651
vt -0.031236 0.136477
vt -0.020997 0.070274
vt -0.031416 0.094009
vt -0.031038 0.053806
vt 0.188566 -0.193552
vt 0.109502 -0.190000
vt 0.090716 -0.247758
vt 0.169229 -0.273254
vt 0.105859 -0.344754
vt 0.026416 -0.294251
vt 0.017205 -0.377961
vt -0.088622 -0.353639
vt -0.052206 -0.284033
vt -0.171445 -0.266105
vt -0.102056 -0.223490
vt -0.187959 -0.172778
vt -0.099986 -0.147518
vt -0.162877 -0.094626
vt -0.052206 -0.095967
vt -0.106995 -0.034509
vt -0.002452 -0.004133
vt 0.026416 -0.085749
vt 0.101264 -0.030892
vt 0.090716 -0.132242
vt 0.165403 -0.101701
vt 3.375000 0.588854
vt 3.195000 0.584730
vt 3.375000 0.503721
vt 3.195000 0.524983
vt 3.195000 0.472016
vt 3.375000 0.406127
vt 3.195000 0.416490
vt 3.195000 0.360964
vt 3.375000 0.295924
vt 3.195000 0.306478
vt 3.195000 0.249913
vt 3.375000 0.183928
vt 3.195000 0.194387
vt 3.195000 0.125044
vt 3.375000 0.100638
vt 3.195000 0.055572
vt 3.375000 0.017350
vt 3.195000 -0.018234
vt 3.375000 -0.079404
vt 3.195000 -0.083242
vt 3.195000 -0.138768
vt 3.375000 -0.204158
vt 3.195000 -0.194294
vt 3.195000 -0.265441
vt 3.375000 -0.315805
vt 3.195000 -0.333108
vt 3.375000 -0.412455
vt 3.195000 -0.388634
vt 3.195000 -0.444160
vt 3.375000 -0.510049
vt 3.195000 -0.517783
vt 3.375000 -0.580547
vt 3.195000 -0.582975
vt -0.025489 -0.554781
vt -0.015708 -0.578500
vt -0.007914 -0.504836
vt -0.011204 0.355474
vt -0.023289 0.426769
vt -0.021961 0.283358
vt -0.017417 0.146608
vt -0.022786 0.209973
vt -0.019978 0.077211
vt -0.007944 -0.015013
vt -0.019426 0.007104
vt -0.023351 -0.083752
vt -0.005849 -0.080676
vt -0.013129 -0.135294
vt -0.021517 -0.216833
vt -0.005849 -0.188303
vt -0.007184 -0.257257
vt -0.018457 -0.332935
vt -0.005849 -0.322838
vt -0.005848 -0.376653
vt -0.022706 -0.409165
vt -0.005849 -0.430467
vt -0.018666 -0.480022
vt -0.005849 0.457464
vt -0.010117 0.504694
vt -0.005849 0.403650
vt -0.007769 0.297029
vt -0.005849 0.242208
vt -0.005849 0.188394
vt -0.005849 0.121188
vt -0.005849 0.053858
vt -0.007944 0.569361
vt -0.024608 0.534771
vt -0.164445 0.020686
vt -0.110185 0.126226
vt -0.018933 0.166482
vt 0.078979 0.147772
vt 0.149042 0.076543
vt 0.169501 -0.000000
vt 0.149042 -0.076543
vt 0.078980 -0.147772
vt -0.018932 -0.166482
vt -0.110185 -0.126226
vt -0.156566 -0.064967
vt 0.016897 0.000000
vt -0.000000 0.000000
vt 0.086006 0.000000
vt -0.086006 0.000000
vt 0.021715 0.000000
vt -0.088259 -0.093004
vt -0.000003 -0.052201
vt 0.000000 -0.020617
vt -0.087777 -0.030953
vt -0.087819 0.004430
vt 0.000000 0.004075
vt -0.087783 0.022116
vt 0.000000 0.033872
vt -0.088231 0.066180
vt -0.000014 0.067436
vt -0.000003 0.106973
vt -0.087757 0.057480
s 1
usemtl 160,160,160.002
f 1/1/1 2/2/2 5/3/3
f 5/3/3 2/2/2 6/4/4
f 2/5/2 1/6/1 4/7/5
f 4/7/5 1/6/1 3/3/6
f 2/8/2 4/9/5 6/10/4
f 6/10/4 4/9/5 8/11/7
f 8/12/7 7/13/8 6/14/4
f 6/14/4 7/13/8 5/15/3
f 1/16/1 5/17/3 3/18/6
f 3/18/6 5/17/3 7/19/8
f 7/20/8 8/21/7 3/15/6
f 3/15/6 8/21/7 4/14/5
f 9/1/9 10/2/10 11/3/11
f 11/3/11 10/2/10 12/22/12
f 10/12/10 9/13/9 14/14/13
f 14/14/13 9/13/9 13/15/14
f 16/23/15 12/24/12 14/25/13
f 14/25/13 12/24/12 10/26/10
f 16/5/15 15/6/16 12/22/12
f 12/22/12 15/6/16 11/3/11
f 13/27/14 9/28/9 15/29/16
f 15/29/16 9/28/9 11/30/11
f 15/20/16 16/21/15 13/15/14
f 13/15/14 16/21/15 14/14/13
f 357/1/536 358/2/537 361/3/538
f 361/3/538 358/2/537 362/22/539
f 358/5/537 357/6/536 356/22/540
f 356/22/540 357/6/536 355/3/541
f 356/811/540 360/812/542 358/813/537
f 358/813/537 360/812/542 362/814/539
f 360/12/542 359/13/543 362/14/539
f 362/14/539 359/13/543 361/15/538
f 359/811/543 355/812/541 361/813/538
f 361/813/538 355/812/541 357/814/536
f 359/20/543 360/21/542 355/15/541
f 355/15/541 360/21/542 356/14/540
f 369/20/544 370/21/545 367/15/546
f 367/15/546 370/21/545 368/14/547
f 370/5/545 369/6/544 366/22/548
f 366/22/548 369/6/544 365/3/549
f 364/27/550 368/28/547 366/29/548
f 366/29/548 368/28/547 370/30/545
f 364/12/550 363/13/551 368/14/547
f 368/14/547 363/13/551 367/15/546
f 365/23/549 369/24/544 363/25/551
f 363/25/551 369/24/544 367/26/546
f 363/1/551 364/2/550 365/3/549
f 365/3/549 364/2/550 366/22/548
f 377/20/552 378/21/553 373/15/554
f 373/15/554 378/21/553 374/14/555
f 378/12/553 377/13/552 376/14/556
f 376/14/556 377/13/552 375/15/557
f 376/815/556 372/816/558 378/817/553
f 378/817/553 372/816/558 374/818/555
f 372/5/558 371/6/559 374/22/555
f 374/22/555 371/6/559 373/3/554
f 375/819/557 377/820/552 371/821/559
f 371/821/559 377/820/552 373/822/554
f 371/1/559 372/2/558 375/3/557
f 375/3/557 372/2/558 376/22/556
f 383/20/560 384/21/561 379/15/562
f 379/15/562 384/21/561 380/14/563
f 384/12/561 383/13/560 386/14/564
f 386/14/564 383/13/560 385/15/565
f 386/823/564 382/824/566 384/825/561
f 384/825/561 382/824/566 380/826/563
f 382/5/566 381/6/567 380/22/563
f 380/22/563 381/6/567 379/3/562
f 381/823/567 385/824/565 379/825/562
f 379/825/562 385/824/565 383/826/560
f 381/1/567 382/2/566 385/3/565
f 385/3/565 382/2/566 386/22/564
f 389/20/568 390/21/569 393/15/570
f 393/15/570 390/21/569 394/14/571
f 390/5/569 389/6/568 388/22/572
f 388/22/572 389/6/568 387/3/573
f 388/827/572 392/828/574 390/829/569
f 390/829/569 392/828/574 394/830/571
f 392/12/574 391/13/575 394/14/571
f 394/14/571 391/13/575 393/15/570
f 387/831/573 389/832/568 391/833/575
f 391/833/575 389/832/568 393/834/570
f 391/1/575 392/2/574 387/3/573
f 387/3/573 392/2/574 388/22/572
f 399/1/576 400/2/577 395/3/578
f 395/3/578 400/2/577 396/835/579
f 400/12/577 399/13/576 402/14/580
f 402/14/580 399/13/576 401/15/581
f 400/836/577 402/837/580 396/838/579
f 396/838/579 402/837/580 398/839/582
f 398/5/582 397/6/583 396/835/579
f 396/835/579 397/6/583 395/3/578
f 399/840/576 395/841/578 401/842/581
f 401/842/581 395/841/578 397/843/583
f 397/20/583 398/21/582 401/15/581
f 401/15/581 398/21/582 402/14/580
f 403/1/584 404/2/585 407/3/586
f 407/3/586 404/2/585 408/22/587
f 404/5/585 403/6/584 406/22/588
f 406/22/588 403/6/584 405/3/589
f 406/840/588 410/841/590 404/842/585
f 404/842/585 410/841/590 408/843/587
f 410/12/590 409/13/591 408/14/587
f 408/14/587 409/13/591 407/15/586
f 405/836/589 403/837/584 409/838/591
f 409/838/591 403/837/584 407/839/586
f 409/20/591 410/21/590 405/15/589
f 405/15/589 410/21/590 406/14/588
f 415/1/592 416/2/593 411/3/594
f 411/3/594 416/2/593 412/22/595
f 416/12/593 415/13/592 418/14/596
f 418/14/596 415/13/592 417/15/597
f 418/16/596 414/17/598 416/18/593
f 416/18/593 414/17/598 412/19/595
f 414/5/598 413/6/599 412/22/595
f 412/22/595 413/6/599 411/3/594
f 417/8/597 415/9/592 413/10/599
f 413/10/599 415/9/592 411/11/594
f 413/20/599 414/21/598 417/15/597
f 417/15/597 414/21/598 418/14/596
f 525/20/700 526/21/701 521/15/702
f 521/15/702 526/21/701 522/14/703
f 526/12/701 525/13/700 524/14/704
f 524/14/704 525/13/700 523/15/705
f 526/831/701 524/832/704 522/833/703
f 522/833/703 524/832/704 520/834/706
f 520/5/706 519/6/707 522/1048/703
f 522/1048/703 519/6/707 521/3/702
f 525/827/700 521/828/702 523/829/705
f 523/829/705 521/828/702 519/830/707
f 519/1/707 520/2/706 523/3/705
f 523/3/705 520/2/706 524/1049/704
f 529/20/708 530/21/709 533/15/710
f 533/15/710 530/21/709 534/14/711
f 530/5/709 529/6/708 528/1049/712
f 528/1049/712 529/6/708 527/3/713
f 530/819/709 528/820/712 534/821/711
f 534/821/711 528/820/712 532/822/714
f 532/12/714 531/13/715 534/14/711
f 534/14/711 531/13/715 533/15/710
f 529/815/708 533/816/710 527/817/713
f 527/817/713 533/816/710 531/818/715
f 531/1/715 532/2/714 527/3/713
f 527/3/713 532/2/714 528/1049/712
usemtl 89,149,218.002
f 84/31/17 85/32/18 91/33/19
f 91/33/19 85/32/18 92/34/20
f 80/35/21 69/36/22 91/37/23
f 91/37/23 69/36/22 84/38/23
f 80/39/21 81/40/24 69/41/22
f 69/41/22 81/40/24 70/42/25
f 81/43/23 64/44/23 70/45/23
f 70/45/23 64/44/23 55/46/26
f 55/46/26 64/44/23 57/47/27
f 55/46/26 57/47/27 35/48/28
f 34/31/29 35/32/28 50/33/30
f 50/33/30 35/32/28 57/34/27
f 46/49/31 29/50/32 50/51/23
f 50/51/23 29/50/32 34/52/23
f 46/53/31 47/54/33 29/55/32
f 29/55/32 47/54/33 22/56/34
f 47/57/35 39/58/36 22/59/36
f 22/59/36 39/58/36 24/60/37
f 24/60/37 39/58/36 42/61/38
f 28/62/39 24/63/37 45/64/40
f 45/64/40 24/63/37 42/65/38
f 49/66/41 32/67/42 45/68/23
f 45/68/23 32/67/42 28/69/23
f 49/53/41 56/54/43 32/55/42
f 32/55/42 56/54/43 33/56/44
f 33/70/44 56/71/43 60/72/45
f 33/70/44 60/72/45 54/73/23
f 54/73/23 60/72/45 71/74/46
f 54/73/23 71/74/46 68/75/47
f 67/62/48 68/63/47 79/64/49
f 79/64/49 68/63/47 71/65/46
f 82/76/23 67/77/48 89/78/23
f 89/78/23 67/77/48 79/79/49
f 89/53/50 90/54/51 82/55/52
f 82/55/52 90/54/51 83/56/53
f 90/80/54 98/81/55 83/82/56
f 83/82/56 98/81/55 99/83/57
f 99/83/57 98/81/55 110/84/58
f 99/83/57 110/84/58 111/85/59
f 119/62/60 111/63/61 132/64/62
f 132/64/62 111/63/61 110/65/63
f 119/86/23 132/87/23 128/88/64
f 128/88/64 132/87/23 139/89/65
f 149/56/66 128/55/64 150/54/67
f 150/54/67 128/55/64 139/53/65
f 215/90/68 213/91/69 177/92/35
f 177/92/35 213/91/69 178/93/36
f 177/92/35 178/93/36 149/94/23
f 177/92/35 149/94/23 150/95/23
f 215/65/68 238/64/70 213/63/69
f 213/63/69 238/64/70 237/62/71
f 254/96/72 244/97/73 238/98/23
f 238/98/23 244/97/73 237/99/23
f 254/53/72 255/54/74 244/55/73
f 244/55/73 255/54/74 266/56/75
f 22/100/76 23/101/77 31/102/78
f 22/100/76 31/102/78 29/103/79
f 29/103/79 31/102/78 35/104/80
f 35/104/80 31/102/78 41/105/81
f 35/104/80 41/105/81 55/106/82
f 55/106/82 41/105/81 70/107/25
f 70/107/25 41/105/81 75/108/83
f 70/107/25 75/108/83 69/109/22
f 69/109/22 75/108/83 85/110/84
f 69/109/22 85/110/84 84/111/85
f 23/112/77 22/113/76 24/114/86
f 23/112/77 24/114/86 30/115/87
f 30/115/87 24/114/86 28/116/88
f 30/115/87 28/116/88 32/117/42
f 30/115/87 32/117/42 33/118/44
f 30/115/87 33/118/44 36/119/89
f 36/119/89 33/118/44 54/120/90
f 36/119/89 54/120/90 68/121/47
f 36/119/89 68/121/47 74/122/91
f 74/122/91 68/121/47 67/123/48
f 82/124/92 83/125/93 67/123/48
f 67/123/48 83/125/93 74/122/91
f 74/122/91 83/125/93 95/126/94
f 95/126/94 83/125/93 99/127/57
f 95/126/94 99/127/57 111/128/59
f 111/128/95 119/129/96 128/130/64
f 128/130/64 149/131/66 111/128/95
f 111/128/95 149/131/66 161/132/97
f 161/132/97 149/131/66 178/133/98
f 161/132/97 178/133/98 213/134/99
f 161/132/97 213/134/99 235/135/100
f 235/135/100 213/134/99 244/136/101
f 244/136/101 213/134/99 237/137/102
f 244/136/101 266/138/103 235/135/100
f 235/135/100 266/138/103 276/139/104
f 276/139/104 266/138/103 287/140/105
f 276/139/104 287/140/105 302/141/106
f 302/141/106 287/140/105 298/142/107
f 302/141/106 298/142/107 304/143/108
f 302/141/106 304/143/108 308/144/109
f 302/141/106 308/144/109 313/145/110
f 313/145/110 308/144/109 326/146/111
f 313/145/110 326/146/111 340/147/112
f 313/145/110 340/147/112 343/148/113
f 343/148/113 340/147/112 339/149/114
f 345/150/115 346/151/116 339/149/114
f 339/149/114 346/151/116 343/148/113
f 343/148/113 346/151/116 350/152/117
f 350/152/117 346/151/116 349/153/118
f 350/152/117 349/153/118 344/154/119
f 344/154/119 349/153/118 348/155/120
f 344/154/119 348/155/120 341/156/121
f 348/155/120 347/157/122 341/156/121
f 341/156/121 342/158/123 344/154/119
f 344/154/119 342/158/123 320/159/124
f 320/159/124 342/158/123 327/160/125
f 320/159/124 327/160/125 310/161/126
f 320/159/124 310/161/126 290/162/127
f 290/162/127 310/161/126 299/163/128
f 299/163/128 310/161/126 309/164/129
f 299/163/128 288/165/130 290/162/127
f 290/162/127 288/165/130 277/166/131
f 277/166/131 288/165/130 278/167/132
f 277/166/131 278/167/132 264/168/133
f 264/168/134 267/169/135 241/170/136
f 264/168/134 241/170/136 214/171/137
f 264/168/134 214/171/137 162/172/138
f 162/172/138 214/171/137 179/173/139
f 162/172/138 179/173/139 153/174/140
f 162/172/138 153/174/140 112/175/141
f 112/175/141 153/174/140 129/176/142
f 120/177/143 112/175/141 129/176/142
f 112/175/144 100/178/145 96/179/146
f 96/179/146 100/178/145 85/110/84
f 96/179/146 85/110/84 75/108/83
f 35/104/80 34/180/147 29/103/79
f 298/181/23 292/182/23 304/183/108
f 304/183/108 292/182/23 296/184/148
f 296/53/148 300/54/149 304/55/108
f 304/55/108 300/54/149 308/56/109
f 300/185/150 307/186/151 308/187/152
f 308/187/152 307/186/151 326/188/23
f 326/188/23 307/186/151 321/189/153
f 326/188/23 321/189/153 340/190/153
f 339/62/114 340/63/112 323/64/154
f 323/64/154 340/63/112 321/65/155
f 345/191/23 339/192/114 330/193/23
f 330/193/23 339/192/114 323/194/154
f 330/39/156 331/40/157 345/41/158
f 345/41/158 331/40/157 346/42/159
f 346/195/159 331/196/157 336/197/26
f 346/195/159 336/197/26 349/198/26
f 349/198/26 336/197/26 348/199/23
f 348/199/23 336/197/26 333/200/23
f 347/31/160 348/32/160 332/33/160
f 332/33/160 348/32/160 333/34/160
f 324/201/161 341/202/121 332/203/23
f 332/203/23 341/202/121 347/204/23
f 324/39/161 325/40/162 341/41/121
f 341/41/121 325/40/162 342/42/123
f 342/205/23 325/206/23 327/207/153
f 327/207/153 325/206/23 316/208/153
f 327/207/153 316/208/153 310/209/163
f 310/209/163 316/208/153 301/210/164
f 309/31/165 310/32/163 297/33/166
f 297/33/166 310/32/163 301/34/164
f 309/211/23 297/212/23 299/213/167
f 299/213/167 297/212/23 293/214/168
f 293/39/168 294/40/169 299/41/167
f 299/41/167 294/40/169 288/42/170
f 294/215/56 280/216/171 288/217/172
f 288/217/172 280/216/171 278/218/173
f 278/218/173 280/216/171 257/219/174
f 278/218/173 257/219/174 264/220/175
f 267/31/135 264/32/134 256/33/176
f 256/33/176 264/32/134 257/34/177
f 267/221/23 256/222/23 241/223/136
f 241/223/136 256/222/23 239/224/178
f 239/39/178 240/40/179 241/41/136
f 241/41/136 240/40/179 214/42/137
f 240/225/180 198/226/181 214/227/182
f 214/227/182 198/226/181 179/228/23
f 179/228/23 198/226/181 152/229/183
f 179/228/23 152/229/183 153/230/140
f 129/31/142 153/32/140 140/33/184
f 140/33/184 153/32/140 152/34/183
f 120/231/23 129/232/142 133/233/23
f 133/233/23 129/232/142 140/234/184
f 133/39/185 134/40/186 120/41/187
f 120/41/187 134/40/186 112/42/188
f 112/235/144 134/236/189 100/237/145
f 100/237/145 134/236/189 103/238/26
f 100/237/145 103/238/26 85/239/18
f 85/239/18 103/238/26 92/240/20
f 266/241/75 255/242/74 272/243/190
f 266/241/75 272/243/190 287/244/191
f 287/244/191 272/243/190 284/245/192
f 298/62/193 287/63/191 292/64/194
f 292/64/194 287/63/191 284/65/192
f 23/246/23 18/247/35 21/248/23
f 23/246/23 21/248/23 31/249/23
f 31/249/23 21/248/23 41/250/23
f 41/250/23 21/248/23 38/251/23
f 41/250/23 38/251/23 63/252/23
f 41/250/23 63/252/23 75/253/23
f 75/253/23 63/252/23 88/254/153
f 75/253/23 88/254/153 96/255/195
f 96/255/195 88/254/153 105/256/196
f 96/255/195 105/256/196 112/257/197
f 112/257/197 105/256/196 148/258/198
f 112/257/197 148/258/198 162/259/199
f 162/259/199 148/258/198 228/260/200
f 162/259/199 228/260/200 264/261/133
f 264/261/133 228/260/200 273/262/201
f 264/261/133 273/262/201 277/263/131
f 277/263/131 273/262/201 286/264/23
f 277/263/131 286/264/23 290/265/202
f 290/265/202 286/264/23 312/266/202
f 290/265/202 312/266/202 320/267/202
f 320/267/202 312/266/202 352/268/23
f 320/267/202 352/268/23 344/269/23
f 344/269/23 352/268/23 354/270/23
f 344/269/23 354/270/23 350/271/35
f 350/271/35 354/270/23 351/272/35
f 350/271/35 351/272/35 343/273/35
f 343/273/35 351/272/35 313/274/153
f 313/274/153 351/272/35 311/275/23
f 313/274/153 311/275/23 302/276/23
f 302/276/23 311/275/23 283/277/23
f 302/276/23 283/277/23 276/278/23
f 276/278/23 283/277/23 249/279/35
f 276/278/23 249/279/35 235/280/203
f 235/280/203 249/279/35 201/281/203
f 235/280/203 201/281/203 161/282/204
f 161/282/204 201/281/203 147/283/205
f 161/282/204 147/283/205 111/284/206
f 111/284/206 147/283/205 104/285/207
f 111/284/206 104/285/207 95/286/208
f 95/286/208 104/285/207 76/287/202
f 95/286/208 76/287/202 74/288/23
f 74/288/23 76/287/202 53/289/23
f 74/288/23 53/289/23 36/290/202
f 36/290/202 53/289/23 27/291/202
f 36/290/202 27/291/202 20/292/23
f 36/290/202 20/292/23 30/293/23
f 30/293/23 20/292/23 23/246/23
f 23/246/23 20/292/23 18/247/35
f 334/294/209 336/295/210 335/296/211
f 335/296/211 336/295/210 331/297/212
f 336/295/210 334/294/209 333/298/213
f 333/298/213 334/294/209 322/299/214
f 333/298/213 322/299/214 332/300/215
f 332/300/215 322/299/214 324/301/161
f 324/301/161 322/299/214 325/302/162
f 325/302/162 322/299/214 316/303/216
f 316/303/216 322/299/214 314/304/217
f 316/303/216 314/304/217 301/305/164
f 301/305/164 314/304/217 295/306/218
f 301/305/164 295/306/218 297/307/166
f 297/307/166 295/306/218 293/308/219
f 293/308/219 295/306/218 294/309/220
f 294/309/220 295/306/218 281/310/221
f 294/309/220 281/310/221 280/311/222
f 280/311/222 281/310/221 257/312/223
f 257/312/223 281/310/221 265/313/224
f 257/312/223 265/313/224 242/314/225
f 257/312/223 242/314/225 256/315/226
f 256/315/226 242/314/225 239/316/178
f 239/316/178 242/314/225 240/317/179
f 242/314/225 225/318/227 240/317/179
f 240/317/179 225/318/227 198/319/228
f 198/319/228 225/318/227 186/320/229
f 198/319/228 186/320/229 152/321/183
f 152/321/183 186/320/229 158/322/230
f 152/321/183 158/322/230 137/323/231
f 152/321/183 137/323/231 140/324/184
f 140/324/184 137/323/231 133/325/232
f 133/325/232 137/323/231 134/326/233
f 134/326/233 137/323/231 108/327/234
f 134/326/233 108/327/234 103/328/235
f 103/328/235 108/327/234 94/329/236
f 103/328/235 94/329/236 92/330/237
f 92/330/237 94/329/236 77/331/238
f 92/330/237 77/331/238 91/332/239
f 91/332/239 77/331/238 80/333/21
f 80/333/21 77/331/238 81/334/24
f 81/334/24 77/331/238 64/335/240
f 64/335/240 77/331/238 62/336/241
f 64/335/240 62/336/241 57/337/27
f 57/337/27 62/336/241 48/338/242
f 57/337/27 48/338/242 50/339/30
f 50/339/30 48/338/242 46/340/243
f 46/340/243 48/338/242 47/341/244
f 47/341/244 48/338/242 43/342/245
f 47/341/244 43/342/245 39/343/246
f 39/343/246 43/342/245 40/344/247
f 39/345/246 40/346/247 42/347/248
f 42/347/248 40/346/247 44/348/249
f 42/347/248 44/348/249 45/349/250
f 45/349/250 44/348/249 49/350/41
f 49/350/41 44/348/249 56/351/43
f 44/348/249 58/352/251 56/351/43
f 56/351/43 58/352/251 60/353/252
f 60/353/252 58/352/251 66/354/253
f 60/353/252 66/354/253 71/355/46
f 71/355/46 66/354/253 87/356/254
f 71/355/46 87/356/254 79/357/49
f 79/357/49 87/356/254 89/358/255
f 89/358/255 87/356/254 90/359/256
f 90/359/256 87/356/254 98/360/257
f 98/360/257 87/356/254 102/361/258
f 98/360/257 102/361/258 110/362/259
f 110/362/259 102/361/258 113/363/260
f 110/362/259 113/363/260 132/364/261
f 132/364/261 113/363/260 139/365/65
f 139/365/65 113/363/260 150/366/67
f 113/363/260 157/367/262 150/366/67
f 150/366/67 157/367/262 177/368/263
f 177/368/263 157/367/262 206/369/264
f 177/368/263 206/369/264 215/370/68
f 215/370/68 206/369/264 245/371/265
f 215/370/68 245/371/265 238/372/70
f 238/372/70 245/371/265 254/373/266
f 254/373/266 245/371/265 255/374/267
f 255/374/267 245/371/265 271/375/268
f 255/374/267 271/375/268 272/376/269
f 272/376/269 271/375/268 284/377/270
f 284/377/270 271/375/268 285/378/271
f 284/377/270 285/378/271 292/379/272
f 292/379/272 285/378/271 296/380/148
f 296/380/148 285/378/271 300/381/149
f 285/378/271 303/382/273 300/381/149
f 300/381/149 303/382/273 307/383/274
f 307/383/274 303/382/273 319/384/275
f 307/383/274 319/384/275 321/385/155
f 321/385/155 319/384/275 328/386/276
f 321/385/155 328/386/276 323/387/154
f 323/387/154 328/386/276 330/388/277
f 330/388/277 328/386/276 331/297/212
f 331/297/212 328/386/276 335/296/211
f 26/389/278 62/390/241 77/391/238
f 26/389/278 77/391/238 52/392/279
f 52/392/279 77/391/238 73/393/280
f 73/393/280 77/391/238 94/394/236
f 73/393/280 94/394/236 97/395/281
f 97/395/281 94/394/236 108/396/234
f 97/395/281 108/396/234 137/397/231
f 97/395/281 137/397/231 158/398/230
f 97/395/281 158/398/230 174/399/282
f 334/400/209 335/401/211 338/402/283
f 338/402/283 335/401/211 353/403/284
f 353/403/284 335/401/211 328/404/276
f 353/403/284 328/404/276 329/405/285
f 329/405/285 328/404/276 319/406/275
f 329/405/285 319/406/275 303/407/273
f 329/405/285 303/407/273 291/408/286
f 291/408/286 303/407/273 285/409/271
f 251/410/287 259/411/288 260/412/289
f 259/413/288 251/414/287 243/415/290
f 243/415/290 251/414/287 236/416/291
f 243/415/290 236/416/291 227/417/292
f 227/417/292 236/416/291 193/418/293
f 227/417/292 193/418/293 195/419/294
f 195/419/294 193/418/293 169/420/295
f 169/420/295 193/418/293 145/421/296
f 169/420/295 145/421/296 142/422/297
f 142/422/297 145/421/296 126/423/298
f 126/423/298 145/421/296 127/424/299
f 126/423/298 127/424/299 122/425/300
f 122/425/300 127/424/299 124/426/301
f 124/426/301 127/424/299 131/427/302
f 124/426/301 131/427/302 136/428/303
f 136/428/303 131/427/302 155/429/304
f 155/429/304 131/427/302 167/430/305
f 155/429/304 167/430/305 185/431/306
f 185/431/306 167/430/305 207/432/307
f 207/432/307 167/430/305 212/433/308
f 207/432/307 212/433/308 231/434/309
f 231/434/309 212/433/308 252/435/310
f 231/434/309 252/435/310 260/412/289
f 260/412/289 252/435/310 251/410/287
f 222/436/311 251/437/312 252/438/313
f 222/436/311 252/438/313 205/439/314
f 205/439/314 252/438/313 212/440/315
f 205/439/314 212/440/315 167/441/316
f 205/439/314 167/441/316 190/442/316
f 190/442/316 167/441/316 176/443/317
f 176/443/317 167/441/316 131/444/317
f 176/443/317 131/444/317 127/445/318
f 176/443/317 127/445/318 171/446/318
f 171/446/318 127/445/318 180/447/319
f 180/447/319 127/445/318 145/448/320
f 180/447/319 145/448/320 196/449/321
f 196/449/321 145/448/320 193/450/322
f 196/449/321 193/450/322 209/451/323
f 209/451/323 193/450/322 236/452/324
f 209/451/323 236/452/324 251/437/312
f 209/451/323 251/437/312 222/436/311
f 18/453/325 17/454/326 19/455/327
f 18/453/325 19/455/327 21/456/328
f 21/456/328 19/455/327 26/457/329
f 20/458/330 17/459/326 18/460/325
f 17/459/326 20/458/330 25/461/331
f 25/461/331 20/458/330 27/462/332
f 25/461/331 27/462/332 51/463/333
f 51/463/333 27/462/332 53/464/334
f 51/463/333 53/464/334 72/465/335
f 72/465/335 53/464/334 76/466/336
f 72/465/335 76/466/336 78/467/337
f 78/467/337 76/466/336 104/468/338
f 78/467/337 104/468/338 116/469/339
f 116/469/339 104/468/338 147/470/340
f 116/469/339 147/470/340 201/471/341
f 116/469/339 201/471/341 217/472/342
f 217/472/342 201/471/341 249/473/343
f 217/472/342 249/473/343 283/474/344
f 217/472/342 283/474/344 282/475/345
f 282/475/345 283/474/344 291/476/346
f 291/476/346 283/474/344 311/477/347
f 291/476/346 311/477/347 329/478/348
f 329/478/348 311/477/347 351/479/349
f 329/478/348 351/479/349 353/480/350
f 353/480/350 351/479/349 354/481/351
f 353/480/350 354/481/351 338/482/352
f 338/482/352 354/481/351 352/483/353
f 338/482/352 352/483/353 337/484/354
f 337/484/354 352/483/353 312/485/355
f 337/484/354 312/485/355 306/486/356
f 306/486/356 312/485/355 286/487/357
f 306/486/356 286/487/357 269/488/358
f 269/488/358 286/487/357 273/489/359
f 269/488/358 273/489/359 228/490/360
f 269/488/358 228/490/360 226/491/361
f 226/491/361 228/490/360 148/492/362
f 226/491/361 148/492/362 174/493/363
f 174/493/363 148/492/362 97/494/364
f 97/494/364 148/492/362 105/495/365
f 97/494/364 105/495/365 88/496/366
f 97/494/364 88/496/366 73/497/367
f 73/497/367 88/496/366 63/498/368
f 73/497/367 63/498/368 52/499/369
f 52/499/369 63/498/368 38/500/370
f 52/499/369 38/500/370 26/457/329
f 26/457/329 38/500/370 21/456/328
f 322/501/214 334/502/209 317/503/371
f 322/501/214 317/503/371 305/504/372
f 279/505/373 285/506/271 271/507/268
f 279/505/373 271/507/268 274/508/374
f 109/509/375 102/510/258 93/511/376
f 102/510/258 87/512/254 93/511/376
f 43/513/245 48/514/242 59/515/377
f 59/515/377 48/514/242 65/516/378
f 65/516/378 48/514/242 62/517/241
f 158/518/230 186/519/229 187/520/379
f 158/518/230 187/520/379 172/521/380
f 187/520/379 186/519/229 225/522/227
f 314/523/217 322/501/214 305/504/372
f 141/524/381 136/525/382 155/526/383
f 141/524/381 155/526/383 156/527/384
f 156/527/384 155/526/383 185/528/385
f 156/527/384 185/528/385 191/529/386
f 191/529/386 185/528/385 207/530/387
f 191/529/386 207/530/387 211/531/388
f 211/531/388 207/530/387 231/532/389
f 211/531/388 231/532/389 234/533/390
f 234/533/390 231/532/389 253/534/391
f 253/534/391 231/532/389 260/535/392
f 253/534/391 260/535/392 259/536/393
f 253/534/391 259/536/393 258/537/394
f 258/537/394 259/536/393 243/538/395
f 258/537/394 243/538/395 218/539/396
f 218/539/396 243/538/395 227/540/397
f 218/539/396 227/540/397 195/541/398
f 218/539/396 195/541/398 194/542/399
f 194/542/399 195/541/398 182/543/400
f 182/543/400 195/541/398 169/544/401
f 182/543/400 169/544/401 138/545/402
f 138/545/402 169/544/401 142/546/403
f 138/545/402 142/546/403 126/547/404
f 138/545/402 126/547/404 121/548/405
f 121/548/405 126/547/404 122/549/406
f 121/548/405 122/549/406 123/550/407
f 123/551/407 122/552/406 124/553/408
f 123/551/407 124/553/408 136/525/382
f 123/551/407 136/525/382 141/524/381
f 171/554/409 175/555/410 170/556/411
f 171/557/409 170/558/411 176/559/412
f 176/559/412 170/558/411 181/560/413
f 176/559/412 181/560/413 190/561/414
f 190/561/414 181/560/413 197/562/415
f 190/561/414 197/562/415 205/563/416
f 205/563/416 197/562/415 210/564/417
f 205/563/416 210/564/417 222/565/418
f 222/565/418 210/564/417 221/566/419
f 222/565/418 221/566/419 209/567/420
f 209/567/420 221/566/419 204/568/421
f 209/567/420 204/568/421 196/569/422
f 196/569/422 204/568/421 189/570/423
f 196/569/422 189/570/423 180/571/424
f 180/571/424 189/570/423 175/555/410
f 180/571/424 175/555/410 171/554/409
f 87/572/254 66/573/253 72/574/425
f 72/574/425 66/573/253 51/575/426
f 51/575/426 66/573/253 58/576/251
f 44/577/249 25/578/427 58/576/251
f 58/576/251 25/578/427 51/575/426
f 25/578/427 44/577/249 17/579/428
f 17/579/428 44/577/249 40/580/247
f 17/579/428 40/580/247 19/581/429
f 19/581/429 40/580/247 43/582/245
f 118/583/430 86/584/431 166/585/432
f 166/585/432 86/584/431 101/586/433
f 166/585/432 138/587/402 118/583/430
f 118/583/430 138/587/402 121/588/434
f 138/587/402 166/585/432 182/589/400
f 101/590/433 86/591/431 78/592/435
f 78/592/435 86/591/431 72/593/425
f 271/594/268 245/595/265 282/596/436
f 282/596/436 245/595/265 206/597/264
f 282/596/436 206/597/264 217/598/437
f 217/598/437 206/597/264 157/599/262
f 217/598/437 157/599/262 116/600/438
f 116/600/438 157/599/262 78/601/439
f 78/601/439 157/599/262 113/602/260
f 113/602/260 102/603/258 78/601/439
f 289/604/440 275/605/441 291/606/442
f 291/606/442 275/605/441 282/607/436
f 289/608/440 262/609/443 275/610/441
f 275/610/441 262/609/443 216/611/444
f 216/611/444 262/609/443 218/612/396
f 218/612/396 262/609/443 258/613/445
f 216/611/444 218/612/396 194/614/399
f 315/615/446 318/616/447 337/617/448
f 337/617/448 318/616/447 338/618/283
f 258/619/445 270/620/449 253/621/450
f 318/622/447 250/623/451 270/620/449
f 270/620/449 250/623/451 253/621/450
f 250/623/451 318/622/447 315/624/446
f 253/621/450 250/623/451 234/625/452
f 226/626/453 225/627/227 242/628/225
f 226/626/453 242/628/225 269/629/454
f 269/629/454 242/628/225 265/630/224
f 269/629/454 265/630/224 281/631/221
f 269/629/454 281/631/221 306/632/455
f 306/632/455 281/631/221 295/633/218
f 306/632/455 295/633/218 314/634/217
f 306/632/455 314/634/217 337/635/456
f 173/636/457 168/637/458 188/638/459
f 188/638/459 168/637/458 191/639/460
f 191/639/460 168/637/458 156/640/461
f 211/641/462 224/642/463 191/639/460
f 191/639/460 224/642/463 188/638/459
f 188/643/459 226/644/453 174/645/464
f 174/645/464 173/646/457 188/643/459
f 37/647/465 61/648/466 19/649/467
f 19/649/467 61/648/466 26/650/278
f 141/651/468 115/652/469 123/653/470
f 115/652/469 61/654/466 37/655/465
f 37/655/465 107/656/471 115/652/469
f 115/652/469 107/656/471 123/653/470
f 123/653/470 107/656/471 121/657/434
f 154/658/472 151/659/473 170/660/474
f 170/660/474 151/659/473 181/661/475
f 181/661/475 151/659/473 159/662/55
f 181/661/475 159/662/55 184/663/476
f 181/661/475 184/663/476 197/664/476
f 197/664/476 184/663/476 200/665/477
f 197/664/476 200/665/477 210/666/478
f 210/666/478 200/665/477 220/667/479
f 210/666/478 220/667/479 221/668/480
f 221/668/480 220/667/479 230/669/481
f 221/668/480 230/669/481 204/670/482
f 204/670/482 230/669/481 219/671/483
f 204/670/482 219/671/483 199/672/203
f 204/670/482 199/672/203 189/673/203
f 189/673/203 199/672/203 183/674/56
f 189/673/203 183/674/56 175/675/484
f 175/675/484 183/674/56 154/658/472
f 175/675/484 154/658/472 170/660/474
f 19/676/429 43/677/245 59/678/485
f 19/676/429 59/678/485 37/679/465
f 37/679/465 59/678/485 107/680/471
f 59/678/485 106/681/486 107/680/471
f 117/682/487 118/683/430 121/684/434
f 117/682/487 121/684/434 125/685/488
f 125/685/488 121/684/434 106/686/486
f 106/686/486 121/684/434 107/687/471
f 86/688/431 118/680/430 93/689/376
f 86/688/431 93/689/376 72/690/425
f 72/690/425 93/689/376 87/691/254
f 118/680/430 117/692/487 93/689/376
f 78/693/439 102/677/258 109/694/375
f 78/693/439 109/694/375 101/695/433
f 101/695/433 109/694/375 166/680/432
f 109/694/375 165/681/489 166/680/432
f 208/696/490 216/697/444 194/698/491
f 208/696/490 194/698/491 192/699/492
f 192/699/492 194/698/491 182/700/493
f 192/699/492 182/700/493 165/701/489
f 165/701/489 182/700/493 166/702/432
f 275/703/441 216/680/444 274/704/374
f 275/703/441 274/704/374 282/705/436
f 282/705/436 274/704/374 271/691/268
f 216/680/444 208/692/490 274/704/374
f 291/706/286 285/677/271 279/707/373
f 291/706/286 279/707/373 289/708/440
f 289/708/440 279/707/373 262/680/443
f 279/707/373 261/681/494 262/680/443
f 268/709/495 270/710/449 258/711/445
f 268/709/495 258/711/445 263/712/496
f 263/712/496 258/711/445 261/713/494
f 261/713/494 258/711/445 262/714/443
f 318/715/447 270/716/449 317/717/497
f 318/715/447 317/717/497 338/718/283
f 338/718/283 317/717/497 334/719/209
f 270/716/449 268/720/495 317/717/497
f 337/721/456 314/722/217 305/723/372
f 337/721/456 305/723/372 315/724/446
f 315/724/446 305/723/372 250/716/451
f 305/723/372 246/725/498 250/716/451
f 223/726/499 224/727/463 211/728/462
f 223/726/499 211/728/462 229/729/500
f 229/729/500 211/728/462 234/730/452
f 229/729/500 234/730/452 246/731/498
f 246/731/498 234/730/452 250/732/451
f 225/719/227 226/733/453 187/734/379
f 187/734/379 226/733/453 188/735/459
f 187/734/379 188/735/459 224/716/463
f 224/716/463 223/720/499 187/734/379
f 174/736/282 158/737/230 173/738/457
f 173/738/457 158/737/230 172/739/501
f 173/738/457 172/739/501 168/716/458
f 172/739/501 160/725/502 168/716/458
f 114/740/503 115/741/469 141/742/468
f 114/740/503 141/742/468 146/743/504
f 146/743/504 141/742/468 156/744/461
f 146/743/504 156/744/461 160/745/502
f 160/745/502 156/744/461 168/746/458
f 61/747/466 115/680/469 65/748/378
f 61/747/466 65/748/378 26/749/278
f 26/749/278 65/748/378 62/691/241
f 115/680/469 114/692/503 65/748/378
f 154/750/505 130/751/506 151/752/507
f 151/753/507 130/754/506 135/755/508
f 130/751/506 154/750/505 143/756/509
f 143/756/509 154/750/505 163/757/510
f 163/757/510 154/750/505 183/758/511
f 163/757/510 183/758/511 199/759/512
f 163/757/510 199/759/512 202/760/513
f 202/760/513 199/759/512 219/761/514
f 202/760/513 219/761/514 232/762/515
f 232/762/515 219/761/514 230/763/516
f 232/762/515 230/763/516 247/764/517
f 247/764/517 230/763/516 248/765/518
f 248/765/518 230/763/516 220/766/519
f 248/765/518 220/766/519 233/767/520
f 233/767/520 220/766/519 203/768/521
f 203/768/521 220/766/519 200/769/522
f 203/768/521 200/769/522 184/770/523
f 203/768/521 184/770/523 164/771/524
f 164/771/524 184/770/523 159/772/525
f 164/771/524 159/772/525 144/773/526
f 144/773/526 159/772/525 151/753/507
f 144/773/526 151/753/507 135/755/508
f 114/774/503 135/775/36 106/776/36
f 114/774/503 106/776/36 65/777/378
f 65/777/378 106/776/36 59/778/377
f 135/775/36 114/774/503 144/779/527
f 144/779/527 114/774/503 146/780/527
f 144/779/527 146/780/527 164/781/528
f 164/781/528 146/780/527 160/782/151
f 164/781/528 160/782/151 223/783/499
f 223/783/499 160/782/151 187/784/379
f 172/785/23 187/784/379 160/782/151
f 164/781/528 223/783/499 203/786/529
f 203/786/529 223/783/499 229/787/56
f 203/786/529 229/787/56 233/788/172
f 233/788/172 229/787/56 246/789/498
f 233/788/172 246/789/498 248/790/55
f 248/790/55 246/789/498 268/791/171
f 268/791/171 246/789/498 305/792/372
f 268/791/171 305/792/372 317/793/371
f 248/790/55 268/791/171 247/794/171
f 247/794/171 268/791/171 263/795/171
f 247/794/171 263/795/171 261/796/494
f 247/794/171 261/796/494 232/797/171
f 232/797/171 261/796/494 202/798/530
f 202/798/530 261/796/494 208/799/476
f 261/796/494 279/800/373 208/799/476
f 208/799/476 279/800/373 274/801/374
f 202/798/530 208/799/476 192/802/531
f 202/798/530 192/802/531 163/803/532
f 163/803/532 192/802/531 165/804/533
f 163/803/532 165/804/533 117/805/487
f 117/805/487 165/804/533 93/806/376
f 109/807/375 93/806/376 165/804/533
f 163/803/532 117/805/487 143/808/36
f 143/808/36 117/805/487 130/809/534
f 130/809/534 117/805/487 125/810/535
f 130/809/534 125/810/535 106/776/36
f 130/809/534 106/776/36 135/775/36
f 429/844/600 427/845/601 428/846/602
f 428/847/602 427/848/601 430/849/603
f 428/847/602 430/849/603 435/850/604
f 435/850/604 430/849/603 434/851/605
f 435/850/604 434/851/605 444/852/606
f 444/852/606 434/851/605 443/853/607
f 444/852/606 443/853/607 451/854/608
f 451/854/608 443/853/607 450/855/609
f 451/854/608 450/855/609 458/856/610
f 458/856/610 450/855/609 460/857/611
f 458/856/610 460/857/611 463/858/612
f 463/858/612 460/857/611 468/859/613
f 463/858/612 468/859/613 470/860/614
f 470/860/614 468/859/613 474/861/615
f 470/860/614 474/861/615 478/862/616
f 478/862/616 474/861/615 481/863/617
f 478/862/616 481/863/617 489/864/618
f 489/864/618 481/863/617 488/865/619
f 489/864/618 488/865/619 495/866/620
f 489/864/618 495/866/620 497/867/621
f 497/867/621 495/866/620 504/868/622
f 504/868/622 495/866/620 503/869/623
f 504/868/622 503/869/623 511/870/624
f 504/868/622 511/870/624 512/871/625
f 512/871/625 511/870/624 513/872/626
f 512/871/625 513/872/626 510/873/627
f 510/873/627 513/872/626 509/874/628
f 510/873/627 509/874/628 502/875/629
f 502/875/629 509/874/628 501/876/630
f 502/875/629 501/876/630 494/877/631
f 494/877/631 501/876/630 493/878/632
f 494/877/631 493/878/632 485/879/633
f 485/879/633 493/878/632 484/880/634
f 485/879/633 484/880/634 473/881/635
f 473/881/635 484/880/634 477/882/636
f 473/881/635 477/882/636 466/883/637
f 473/881/635 466/883/637 467/884/638
f 467/884/638 466/883/637 459/885/639
f 459/885/639 466/883/637 457/886/640
f 459/885/639 457/886/640 452/887/641
f 452/887/641 457/886/640 445/888/642
f 452/887/641 445/888/642 446/889/643
f 446/889/643 445/888/642 441/890/644
f 441/890/644 445/888/642 440/891/645
f 441/890/644 440/891/645 433/892/646
f 433/892/646 440/891/645 432/893/647
f 433/892/646 432/893/647 429/844/600
f 429/844/600 432/893/647 427/845/601
f 422/894/460 420/895/460 428/896/460
f 428/896/460 420/895/460 429/897/460
f 429/897/460 420/895/460 423/898/460
f 429/897/460 423/898/460 433/899/460
f 433/899/460 423/898/460 431/900/460
f 433/899/460 431/900/460 441/901/460
f 441/901/460 431/900/460 437/902/460
f 441/901/460 437/902/460 446/903/460
f 446/903/460 437/902/460 447/904/460
f 446/903/460 447/904/460 452/905/460
f 452/905/460 447/904/460 454/906/460
f 452/905/460 454/906/460 459/907/460
f 459/907/460 454/906/460 464/908/460
f 459/907/460 464/908/460 467/909/460
f 467/909/460 464/908/460 473/910/460
f 473/910/460 464/908/460 476/911/460
f 473/910/460 476/911/460 483/912/460
f 473/910/460 483/912/460 485/913/460
f 485/913/460 483/912/460 491/914/460
f 485/913/460 491/914/460 494/915/460
f 494/915/460 491/914/460 499/916/460
f 494/915/460 499/916/460 502/917/460
f 502/917/460 499/916/460 507/918/460
f 502/917/460 507/918/460 510/919/460
f 510/919/460 507/918/460 514/920/460
f 510/919/460 514/920/460 518/921/460
f 510/919/460 518/921/460 512/922/460
f 512/922/460 518/921/460 516/923/460
f 512/922/460 516/923/460 504/924/460
f 504/924/460 516/923/460 505/925/460
f 504/924/460 505/925/460 497/926/460
f 497/926/460 505/925/460 496/927/460
f 497/926/460 496/927/460 489/928/460
f 489/928/460 496/927/460 487/929/460
f 489/928/460 487/929/460 478/930/460
f 478/930/460 487/929/460 480/931/460
f 478/930/460 480/931/460 472/932/460
f 478/930/460 472/932/460 470/933/460
f 470/933/460 472/932/460 462/934/460
f 470/933/460 462/934/460 463/935/460
f 463/935/460 462/934/460 458/936/460
f 458/936/460 462/934/460 456/937/460
f 458/936/460 456/937/460 451/938/460
f 451/938/460 456/937/460 449/939/460
f 451/938/460 449/939/460 444/940/460
f 444/940/460 449/939/460 439/941/460
f 444/940/460 439/941/460 435/942/460
f 435/942/460 439/941/460 426/943/460
f 435/942/460 426/943/460 428/896/460
f 428/896/460 426/943/460 422/894/460
f 421/944/23 419/945/23 427/946/23
f 427/946/23 419/945/23 430/947/23
f 430/947/23 419/945/23 425/948/23
f 430/947/23 425/948/23 434/949/23
f 434/949/23 425/948/23 438/950/23
f 434/949/23 438/950/23 443/951/23
f 443/951/23 438/950/23 448/952/23
f 443/951/23 448/952/23 450/953/23
f 450/953/23 448/952/23 455/954/23
f 450/953/23 455/954/23 460/955/23
f 460/955/23 455/954/23 465/956/23
f 460/955/23 465/956/23 468/957/23
f 468/957/23 465/956/23 471/958/23
f 468/957/23 471/958/23 474/959/23
f 474/959/23 471/958/23 479/960/23
f 474/959/23 479/960/23 481/961/23
f 481/961/23 479/960/23 486/962/23
f 481/961/23 486/962/23 488/963/23
f 488/963/23 486/962/23 492/964/23
f 488/963/23 492/964/23 495/965/23
f 495/965/23 492/964/23 500/966/23
f 495/965/23 500/966/23 503/967/23
f 503/967/23 500/966/23 508/968/23
f 503/967/23 508/968/23 511/969/23
f 511/969/23 508/968/23 515/970/23
f 511/969/23 515/970/23 513/971/23
f 513/971/23 515/970/23 517/972/23
f 513/971/23 517/972/23 509/973/23
f 509/973/23 517/972/23 506/974/23
f 509/973/23 506/974/23 501/975/23
f 501/975/23 506/974/23 498/976/23
f 501/975/23 498/976/23 493/977/23
f 493/977/23 498/976/23 490/978/23
f 493/977/23 490/978/23 484/979/23
f 484/979/23 490/978/23 482/980/23
f 484/979/23 482/980/23 477/981/23
f 477/981/23 482/980/23 475/982/23
f 477/981/23 475/982/23 466/983/23
f 466/983/23 475/982/23 469/984/23
f 466/983/23 469/984/23 461/985/23
f 466/983/23 461/985/23 457/986/23
f 457/986/23 461/985/23 453/987/23
f 457/986/23 453/987/23 445/988/23
f 445/988/23 453/987/23 442/989/23
f 445/988/23 442/989/23 440/990/23
f 440/990/23 442/989/23 436/991/23
f 440/990/23 436/991/23 432/992/23
f 432/992/23 436/991/23 424/993/23
f 432/992/23 424/993/23 427/946/23
f 427/946/23 424/993/23 421/944/23
f 421/994/648 420/995/649 419/996/650
f 419/997/650 420/998/649 422/999/651
f 419/997/650 422/999/651 425/1000/652
f 425/1000/652 422/999/651 426/1001/653
f 425/1000/652 426/1001/653 438/1002/654
f 438/1002/654 426/1001/653 439/1003/655
f 438/1002/654 439/1003/655 448/1004/656
f 448/1004/656 439/1003/655 449/1005/657
f 448/1004/656 449/1005/657 455/1006/658
f 455/1006/658 449/1005/657 456/1007/659
f 455/1006/658 456/1007/659 462/1008/660
f 455/1006/658 462/1008/660 465/1009/661
f 465/1009/661 462/1008/660 471/1010/662
f 471/1010/662 462/1008/660 472/1011/663
f 471/1010/662 472/1011/663 479/1012/664
f 479/1012/664 472/1011/663 480/1013/665
f 479/1012/664 480/1013/665 486/1014/666
f 486/1014/666 480/1013/665 487/1015/667
f 486/1014/666 487/1015/667 492/1016/668
f 492/1016/668 487/1015/667 496/1017/669
f 492/1016/668 496/1017/669 500/1018/670
f 500/1018/670 496/1017/669 505/1019/671
f 500/1018/670 505/1019/671 508/1020/672
f 508/1020/672 505/1019/671 515/1021/673
f 515/1021/673 505/1019/671 516/1022/674
f 515/1021/673 516/1022/674 518/1023/675
f 515/1021/673 518/1023/675 517/1024/676
f 517/1024/676 518/1023/675 514/1025/677
f 517/1024/676 514/1025/677 506/1026/678
f 506/1026/678 514/1025/677 507/1027/679
f 506/1026/678 507/1027/679 498/1028/680
f 498/1028/680 507/1027/679 499/1029/681
f 498/1028/680 499/1029/681 490/1030/682
f 490/1030/682 499/1029/681 491/1031/683
f 490/1030/682 491/1031/683 482/1032/684
f 482/1032/684 491/1031/683 483/1033/685
f 482/1032/684 483/1033/685 475/1034/686
f 475/1034/686 483/1033/685 476/1035/687
f 475/1034/686 476/1035/687 469/1036/688
f 469/1036/688 476/1035/687 464/1037/689
f 469/1036/688 464/1037/689 461/1038/690
f 461/1038/690 464/1037/689 454/1039/691
f 461/1038/690 454/1039/691 453/1040/692
f 453/1040/692 454/1039/691 442/1041/693
f 442/1041/693 454/1039/691 447/1042/694
f 442/1041/693 447/1042/694 437/1043/695
f 442/1041/693 437/1043/695 436/1044/696
f 436/1044/696 437/1043/695 431/1045/697
f 436/1044/696 431/1045/697 424/1046/698
f 424/1046/698 431/1045/697 423/1047/699
f 424/1046/698 423/1047/699 421/994/648
f 421/994/648 423/1047/699 420/995/649
usemtl 238,94,42.001
f 701/1050/716 707/1051/717 725/1052/718
f 725/1052/718 707/1051/717 744/1053/719
f 725/1052/718 744/1053/719 730/1054/720
f 730/1054/720 744/1053/719 746/1055/721
f 730/1054/720 746/1055/721 723/1056/722
f 707/1051/717 701/1050/716 690/1057/723
f 690/1057/723 701/1050/716 676/1058/724
f 690/1057/723 676/1058/724 677/1059/725
f 677/1059/725 676/1058/724 656/1060/726
f 677/1059/725 656/1060/726 655/1061/727
f 655/1062/727 656/1063/726 660/1064/728
f 655/1062/727 660/1064/728 663/1065/729
f 660/1064/728 637/1066/730 663/1065/729
f 663/1065/729 637/1066/730 664/1067/731
f 663/1065/729 664/1067/731 679/1068/732
f 637/1066/730 659/1069/733 664/1067/731
f 664/1067/731 659/1069/733 657/1070/734
f 657/1070/734 659/1069/733 658/1071/735
f 657/1070/734 658/1071/735 661/1072/736
f 661/1073/736 658/1074/735 674/1075/737
f 674/1075/737 658/1074/735 678/1076/738
f 674/1075/737 678/1076/738 685/1077/739
f 685/1077/739 678/1076/738 689/1078/740
f 685/1077/739 689/1078/740 702/1079/741
f 702/1079/741 689/1078/740 716/1080/742
f 695/1081/743 688/1082/744 679/1068/732
f 679/1068/732 688/1082/744 691/1083/745
f 691/1083/745 688/1082/744 692/1084/746
f 691/1083/745 692/1084/746 708/1085/747
f 708/1085/747 692/1084/746 709/1086/748
f 708/1085/747 709/1086/748 720/1087/749
f 720/1087/749 709/1086/748 734/1088/750
f 720/1087/749 734/1088/750 745/1089/751
f 745/1089/751 734/1088/750 818/1090/752
f 745/1089/751 818/1090/752 828/1091/753
f 828/1091/753 818/1090/752 856/1092/754
f 828/1091/753 856/1092/754 869/1093/755
f 856/1092/754 863/1094/756 869/1093/755
f 869/1093/755 863/1094/756 865/1095/757
f 869/1093/755 865/1095/757 880/1096/758
f 865/1095/757 863/1094/756 855/1097/759
f 865/1095/757 855/1097/759 845/1098/760
f 845/1098/760 855/1097/759 813/1099/761
f 845/1098/760 813/1099/761 824/1100/762
f 824/1100/762 813/1099/761 774/1101/763
f 774/1101/763 813/1099/761 768/1102/764
f 774/1101/763 768/1102/764 739/1103/765
f 739/1103/765 768/1102/764 717/1104/766
f 739/1103/765 717/1104/766 718/1105/767
f 718/1105/767 717/1104/766 703/1106/768
f 893/1107/769 888/1108/770 880/1096/758
f 880/1096/758 888/1108/770 885/1109/771
f 885/1109/771 888/1108/770 896/1110/772
f 896/1110/772 888/1108/770 890/1111/773
f 890/1111/773 903/1112/774 896/1110/772
f 896/1110/772 903/1112/774 887/1113/775
f 896/1110/772 887/1113/775 884/1114/776
f 884/1114/776 887/1113/775 862/1115/777
f 884/1114/776 862/1115/777 850/1116/778
f 850/1116/778 862/1115/777 844/1117/779
f 850/1116/778 844/1117/779 827/1118/780
f 827/1118/780 844/1117/779 816/1119/781
f 827/1118/780 816/1119/781 786/1120/782
f 786/1120/782 816/1119/781 811/1121/783
f 786/1120/782 811/1121/783 809/1122/784
f 809/1122/784 811/1121/783 814/1123/785
f 809/1122/784 814/1123/785 826/1124/786
f 826/1124/786 814/1123/785 846/1125/787
f 826/1124/786 846/1125/787 849/1126/788
f 849/1126/788 846/1125/787 868/1127/789
f 868/1127/789 846/1125/787 877/1128/790
f 868/1127/789 877/1128/790 881/1129/791
f 881/1129/791 877/1128/790 889/1130/792
f 881/1129/791 889/1130/792 892/1131/793
f 892/1131/793 889/1130/792 901/1132/794
f 809/1122/784 746/1055/721 786/1120/782
f 786/1120/782 746/1055/721 744/1053/719
f 885/1109/771 869/1093/755 880/1096/758
f 691/1083/745 663/1065/729 679/1068/732
f 931/1133/795 890/1134/796 932/1135/797
f 932/1135/797 926/1136/798 935/1137/799
f 932/1135/797 890/1134/796 888/1138/800
f 932/1135/797 888/1138/800 926/1136/798
f 944/1139/801 943/1140/802 946/1141/803
f 946/1141/803 961/1142/804 968/1143/805
f 968/1143/805 961/1142/804 970/1144/806
f 968/1143/805 970/1144/806 983/1145/807
f 983/1145/807 970/1144/806 985/1146/808
f 983/1145/807 985/1146/808 1000/1147/809
f 983/1145/807 1000/1147/809 1011/1148/810
f 1011/1148/810 1000/1147/809 1012/1149/811
f 1012/1149/811 1000/1147/809 1002/1150/812
f 1012/1149/811 1002/1150/812 1014/1151/813
f 991/1152/814 1002/1150/812 987/1153/815
f 943/1140/802 944/1139/801 935/1137/799
f 944/1139/801 931/1133/795 935/1137/799
f 944/1139/801 946/1141/803 931/1133/795
f 932/1135/797 935/1137/799 931/1133/795
f 943/1140/802 953/1154/816 946/1141/803
f 946/1141/803 953/1154/816 961/1142/804
f 953/1154/816 960/1155/817 961/1142/804
f 971/1156/818 970/1144/806 966/1157/819
f 966/1157/819 970/1144/806 961/1142/804
f 966/1157/819 961/1142/804 960/1155/817
f 970/1144/806 971/1156/818 980/1158/820
f 985/1146/808 970/1144/806 980/1158/820
f 985/1146/808 980/1158/820 987/1153/815
f 985/1146/808 987/1153/815 1000/1147/809
f 1000/1147/809 987/1153/815 1002/1150/812
f 926/1159/798 888/1160/800 893/1161/821
f 926/1159/798 893/1161/821 925/1162/822
f 925/1162/822 893/1161/821 901/1163/794
f 925/1162/822 901/1163/794 939/1164/823
f 939/1164/823 901/1163/794 945/1165/824
f 939/1164/823 945/1165/824 951/1166/825
f 951/1166/825 963/1167/826 966/1168/819
f 980/1169/820 971/1170/818 975/1171/827
f 951/1166/825 945/1165/824 963/1167/826
f 966/1168/819 963/1167/826 971/1170/818
f 963/1167/826 975/1171/827 971/1170/818
f 945/1165/824 974/1172/828 963/1167/826
f 963/1167/826 974/1172/828 975/1171/827
f 975/1171/827 974/1172/828 981/1173/829
f 981/1173/829 974/1172/828 989/1174/830
f 991/1175/814 989/1174/830 1004/1176/831
f 991/1175/814 1004/1176/831 1002/1177/812
f 1002/1177/812 1004/1176/831 1014/1178/813
f 1004/1176/831 989/1174/830 1007/1179/832
f 1007/1179/832 989/1174/830 990/1180/833
f 990/1180/833 989/1174/830 974/1172/828
f 989/1174/830 991/1175/814 981/1173/829
f 991/1175/814 987/1181/815 980/1169/820
f 991/1175/814 980/1169/820 981/1173/829
f 966/1168/819 960/1182/817 953/1183/816
f 966/1168/819 953/1183/816 951/1166/825
f 951/1166/825 953/1183/816 939/1164/823
f 953/1183/816 943/1184/802 941/1185/834
f 953/1183/816 941/1185/834 939/1164/823
f 939/1164/823 941/1185/834 925/1162/822
f 943/1184/802 935/1186/799 941/1185/834
f 941/1185/834 935/1186/799 925/1162/822
f 935/1186/799 926/1159/798 925/1162/822
f 980/1169/820 975/1171/827 981/1173/829
f 996/1187/835 995/1188/836 992/1189/837
f 996/1187/835 992/1189/837 997/1190/838
f 997/1190/838 992/1189/837 993/1191/839
f 997/1190/838 993/1191/839 999/1192/840
f 999/1192/840 993/1191/839 998/1193/841
f 994/1194/842 995/1195/836 1005/1196/843
f 1005/1196/843 995/1195/836 1008/1197/844
f 1008/1197/844 995/1195/836 996/1198/835
f 1005/1196/843 1003/1199/845 994/1194/842
f 994/1194/842 1003/1199/845 1001/1200/846
f 853/1201/847 814/1202/848 835/1203/849
f 835/1203/849 814/1202/848 833/1204/850
f 833/1204/850 814/1202/848 811/1205/851
f 857/1206/852 883/1207/853 853/1201/847
f 853/1201/847 883/1207/853 909/1208/854
f 891/1209/855 894/1210/856 912/1211/857
f 912/1211/857 919/1212/858 924/1213/859
f 915/1214/860 924/1213/859 933/1215/861
f 915/1214/860 933/1215/861 936/1216/862
f 936/1216/862 933/1215/861 940/1217/863
f 936/1216/862 940/1217/863 949/1218/864
f 936/1216/862 949/1218/864 956/1219/865
f 956/1219/865 949/1218/864 957/1220/866
f 958/1221/867 962/1222/868 964/1223/869
f 964/1223/869 969/1224/870 965/1225/871
f 965/1225/871 969/1224/870 973/1226/872
f 977/1227/873 973/1226/872 979/1228/874
f 977/1227/873 979/1228/874 986/1229/875
f 986/1229/875 984/1230/876 988/1231/877
f 857/1206/852 852/1232/878 883/1207/853
f 858/1233/879 876/1234/880 852/1232/878
f 852/1232/878 876/1234/880 883/1207/853
f 891/1209/855 876/1234/880 894/1210/856
f 924/1213/859 934/1235/881 933/1215/861
f 933/1215/861 934/1235/881 940/1217/863
f 934/1235/881 942/1236/882 940/1217/863
f 942/1236/882 947/1237/883 940/1217/863
f 940/1217/863 947/1237/883 949/1218/864
f 947/1237/883 950/1238/884 949/1218/864
f 949/1218/864 950/1238/884 958/1221/867
f 949/1218/864 958/1221/867 957/1220/866
f 950/1238/884 955/1239/885 958/1221/867
f 958/1221/867 955/1239/885 962/1222/868
f 969/1224/870 976/1240/886 973/1226/872
f 973/1226/872 976/1240/886 979/1228/874
f 988/1231/877 992/1241/837 995/1242/836
f 988/1231/877 995/1242/836 986/1229/875
f 986/1229/875 995/1242/836 994/1243/842
f 986/1229/875 994/1243/842 977/1227/873
f 977/1227/873 956/1219/865 973/1226/872
f 973/1226/872 956/1219/865 965/1225/871
f 965/1225/871 956/1219/865 957/1220/866
f 936/1216/862 909/1208/854 915/1214/860
f 924/1213/859 915/1214/860 912/1211/857
f 915/1214/860 909/1208/854 911/1244/887
f 911/1244/887 909/1208/854 883/1207/853
f 852/1232/878 857/1206/852 833/1204/850
f 857/1206/852 835/1203/849 833/1204/850
f 857/1206/852 853/1201/847 835/1203/849
f 891/1209/855 883/1207/853 876/1234/880
f 883/1207/853 891/1209/855 911/1244/887
f 891/1209/855 912/1211/857 911/1244/887
f 915/1214/860 911/1244/887 912/1211/857
f 957/1220/866 958/1221/867 965/1225/871
f 965/1225/871 958/1221/867 964/1223/869
f 984/1230/876 986/1229/875 979/1228/874
f 984/1230/876 979/1228/874 976/1240/886
f 901/1245/794 889/1246/792 945/1247/824
f 945/1247/824 889/1246/792 956/1248/865
f 956/1248/865 889/1246/792 936/1249/862
f 936/1249/862 889/1246/792 877/1250/888
f 936/1249/862 877/1250/888 846/1251/889
f 936/1249/862 846/1251/889 853/1252/847
f 846/1251/889 814/1253/848 853/1252/847
f 936/1249/862 853/1252/847 909/1254/854
f 945/1247/824 956/1248/865 974/1255/828
f 974/1255/828 956/1248/865 977/1256/873
f 974/1255/828 977/1256/873 990/1257/833
f 990/1257/833 977/1256/873 1001/1258/846
f 1001/1258/846 977/1256/873 994/1259/842
f 1008/1260/844 1013/1261/890 1005/1262/843
f 1003/1263/845 1005/1262/843 1013/1261/890
f 1014/1264/813 1004/1265/831 1007/1266/832
f 1007/1266/832 990/1267/833 1010/1268/891
f 1010/1268/891 990/1267/833 1001/1269/846
f 1010/1268/891 1001/1269/846 1003/1263/845
f 1016/1270/892 1014/1264/813 1007/1266/832
f 1010/1268/891 1016/1270/892 1007/1266/832
f 1013/1261/890 1016/1270/892 1010/1268/891
f 1013/1261/890 1010/1268/891 1003/1263/845
f 999/1271/840 1006/1272/893 1009/1273/894
f 1008/1274/844 1009/1273/894 1013/1275/890
f 1013/1275/890 1009/1273/894 1015/1276/895
f 1013/1275/890 1015/1276/895 1017/1277/896
f 1013/1275/890 1017/1277/896 1016/1278/892
f 1016/1278/892 1017/1277/896 1014/1279/813
f 1014/1279/813 1017/1277/896 1012/1280/811
f 1017/1277/896 1011/1281/810 1012/1280/811
f 1006/1272/893 1011/1281/810 1017/1277/896
f 1006/1272/893 1017/1277/896 1015/1276/895
f 1006/1272/893 1015/1276/895 1009/1273/894
f 996/1282/835 997/1283/838 1008/1284/844
f 1008/1284/844 997/1283/838 1009/1285/894
f 1009/1285/894 997/1283/838 999/1286/840
f 999/1286/840 998/1287/841 1006/1288/893
f 833/1289/850 811/1290/851 816/1291/897
f 816/1291/897 840/1292/898 833/1289/850
f 833/1289/850 840/1292/898 858/1293/879
f 833/1289/850 858/1293/879 852/1294/878
f 992/1295/837 988/1296/877 982/1297/899
f 992/1295/837 982/1297/899 993/1298/839
f 993/1298/839 982/1297/899 998/1299/841
f 998/1299/841 982/1297/899 978/1300/900
f 816/1291/897 851/1301/901 840/1292/898
f 840/1292/898 851/1301/901 861/1302/902
f 858/1293/879 861/1302/902 876/1303/880
f 861/1302/902 851/1301/901 886/1304/903
f 899/1305/904 886/1304/903 913/1306/905
f 913/1306/905 920/1307/906 919/1308/858
f 919/1308/858 920/1307/906 924/1309/859
f 924/1309/859 920/1307/906 934/1310/881
f 920/1307/906 938/1311/907 934/1310/881
f 934/1310/881 938/1311/907 942/1312/882
f 913/1306/905 937/1313/908 920/1307/906
f 920/1307/906 937/1313/908 938/1311/907
f 942/1312/882 938/1311/907 947/1314/883
f 938/1311/907 948/1315/909 947/1314/883
f 947/1314/883 948/1315/909 950/1316/884
f 938/1311/907 937/1313/908 948/1315/909
f 948/1315/909 937/1313/908 952/1317/910
f 952/1317/910 937/1313/908 954/1318/911
f 952/1317/910 954/1318/911 959/1319/912
f 959/1319/912 954/1318/911 967/1320/913
f 972/1321/914 967/1320/913 978/1300/900
f 972/1321/914 978/1300/900 982/1297/899
f 858/1293/879 840/1292/898 861/1302/902
f 861/1302/902 886/1304/903 876/1303/880
f 876/1303/880 886/1304/903 894/1322/856
f 886/1304/903 899/1305/904 894/1322/856
f 894/1322/856 899/1305/904 912/1323/857
f 899/1305/904 913/1306/905 912/1323/857
f 912/1323/857 913/1306/905 919/1308/858
f 948/1315/909 952/1317/910 950/1316/884
f 950/1316/884 952/1317/910 955/1324/885
f 952/1317/910 959/1319/912 955/1324/885
f 955/1324/885 959/1319/912 962/1325/868
f 962/1325/868 959/1319/912 964/1326/869
f 969/1327/870 964/1326/869 967/1320/913
f 967/1320/913 964/1326/869 959/1319/912
f 976/1328/886 969/1327/870 972/1321/914
f 972/1321/914 969/1327/870 967/1320/913
f 984/1329/876 976/1328/886 972/1321/914
f 984/1329/876 972/1321/914 982/1297/899
f 988/1296/877 984/1329/876 982/1297/899
f 816/1330/897 844/1331/915 851/1332/901
f 851/1332/901 844/1331/915 937/1333/908
f 851/1332/901 937/1333/908 913/1334/905
f 851/1332/901 913/1334/905 886/1335/903
f 937/1333/908 844/1331/915 862/1336/916
f 937/1333/908 862/1336/916 954/1337/911
f 954/1337/911 862/1336/916 887/1338/917
f 954/1337/911 887/1338/917 946/1339/803
f 946/1339/803 887/1338/917 903/1340/918
f 946/1339/803 903/1340/918 931/1341/795
f 931/1341/795 903/1340/918 890/1342/796
f 954/1337/911 946/1339/803 968/1343/805
f 954/1337/911 968/1343/805 967/1344/913
f 967/1344/913 968/1343/805 983/1345/807
f 967/1344/913 983/1345/807 978/1346/900
f 978/1346/900 983/1345/807 1011/1347/810
f 978/1346/900 1011/1347/810 1006/1348/893
f 978/1346/900 1006/1348/893 998/1349/841
f 723/1350/722 746/1351/721 721/1352/919
f 723/1350/722 721/1352/919 716/1353/742
f 716/1353/742 721/1352/919 702/1354/741
f 679/1355/732 694/1356/920 695/1357/743
f 695/1357/743 694/1356/920 703/1358/768
f 893/1359/769 900/1360/921 901/1361/794
f 901/1361/794 900/1360/921 892/1362/793
f 809/1363/784 826/1364/786 781/1365/922
f 809/1363/784 781/1365/922 746/1351/721
f 875/1366/923 882/1367/924 900/1368/921
f 875/1369/923 900/1360/921 893/1359/769
f 874/1370/925 882/1367/924 859/1371/926
f 781/1365/922 820/1372/927 732/1373/928
f 721/1352/919 732/1373/928 705/1374/929
f 694/1356/920 672/1375/930 706/1376/931
f 900/1368/921 882/1367/924 892/1377/793
f 892/1377/793 882/1367/924 874/1370/925
f 892/1377/793 874/1370/925 881/1378/791
f 881/1378/791 874/1370/925 868/1379/789
f 868/1379/789 874/1370/925 859/1371/926
f 868/1379/789 859/1371/926 849/1380/788
f 849/1380/788 859/1371/926 820/1372/927
f 849/1380/788 820/1372/927 826/1364/786
f 826/1364/786 820/1372/927 781/1365/922
f 746/1351/721 781/1365/922 732/1373/928
f 746/1351/721 732/1373/928 721/1352/919
f 702/1354/741 721/1352/919 705/1374/929
f 702/1354/741 705/1374/929 685/1381/739
f 685/1381/739 705/1374/929 682/1382/932
f 685/1381/739 682/1382/932 674/1383/737
f 674/1383/737 682/1382/932 661/1384/736
f 661/1384/736 682/1382/932 665/1385/933
f 661/1384/736 665/1385/933 657/1386/734
f 657/1386/734 665/1385/933 664/1387/731
f 664/1387/731 665/1385/933 672/1375/930
f 664/1387/731 672/1375/930 679/1355/732
f 679/1355/732 672/1375/930 694/1356/920
f 703/1358/768 694/1356/920 706/1376/931
f 703/1358/768 706/1376/931 718/1388/767
f 718/1388/767 706/1376/931 739/1389/765
f 739/1389/765 706/1376/931 733/1390/934
f 739/1389/765 733/1390/934 774/1391/763
f 774/1391/763 733/1390/934 824/1392/762
f 824/1392/762 733/1390/934 821/1393/935
f 824/1392/762 821/1393/935 845/1394/760
f 845/1394/760 821/1393/935 865/1395/757
f 865/1395/757 821/1393/935 860/1396/936
f 865/1395/757 860/1396/936 880/1397/758
f 880/1397/758 860/1396/936 875/1369/923
f 880/1397/758 875/1369/923 893/1359/769
f 637/1398/730 660/1399/728 635/1400/937
f 601/1401/938 603/1402/939 599/1403/940
f 538/1404/941 552/1405/942 559/1406/943
f 538/1404/941 559/1406/943 539/1407/944
f 539/1407/944 559/1406/943 541/1408/945
f 541/1408/945 559/1406/943 558/1409/946
f 635/1400/937 660/1399/728 636/1410/947
f 635/1400/937 636/1410/947 627/1411/948
f 627/1411/948 636/1410/947 628/1412/949
f 627/1411/948 628/1412/949 622/1413/950
f 622/1413/950 628/1412/949 620/1414/951
f 622/1413/950 620/1414/951 619/1415/952
f 619/1415/952 620/1414/951 612/1416/953
f 612/1416/953 620/1414/951 613/1417/954
f 612/1416/953 613/1417/954 607/1418/955
f 607/1418/955 613/1417/954 609/1419/956
f 607/1418/955 609/1419/956 604/1420/957
f 636/1410/947 660/1399/728 629/1421/958
f 636/1410/947 629/1421/958 628/1412/949
f 628/1412/949 629/1421/958 615/1422/959
f 628/1412/949 615/1422/959 620/1414/951
f 620/1414/951 615/1422/959 613/1417/954
f 613/1417/954 615/1422/959 609/1419/956
f 615/1422/959 600/1423/960 609/1419/956
f 609/1419/956 600/1423/960 604/1420/957
f 604/1420/957 600/1423/960 602/1424/961
f 602/1424/961 600/1423/960 595/1425/962
f 595/1425/962 600/1423/960 587/1426/963
f 595/1425/962 587/1426/963 585/1427/964
f 585/1427/964 587/1426/963 582/1428/965
f 575/1429/966 582/1428/965 558/1409/946
f 575/1429/966 558/1409/946 559/1406/943
f 606/1430/967 607/1418/955 604/1420/957
f 603/1402/939 606/1430/967 604/1420/957
f 599/1403/940 603/1402/939 604/1420/957
f 599/1403/940 604/1420/957 602/1424/961
f 596/1431/968 599/1403/940 602/1424/961
f 596/1431/968 602/1424/961 595/1425/962
f 594/1432/969 596/1431/968 595/1425/962
f 584/1433/970 594/1432/969 595/1425/962
f 584/1433/970 595/1425/962 585/1427/964
f 584/1433/970 585/1427/964 583/1434/971
f 583/1434/971 585/1427/964 582/1428/965
f 583/1434/971 582/1428/965 578/1435/972
f 578/1435/972 582/1428/965 575/1429/966
f 578/1435/972 575/1429/966 574/1436/973
f 574/1436/973 575/1429/966 564/1437/974
f 564/1437/974 575/1429/966 559/1406/943
f 564/1437/974 559/1406/943 552/1405/942
f 660/1438/728 656/1439/975 629/1440/958
f 629/1440/958 656/1439/975 600/1441/960
f 629/1440/958 600/1441/960 615/1442/959
f 600/1441/960 656/1439/975 676/1443/976
f 600/1441/960 676/1443/976 587/1444/963
f 587/1444/963 676/1443/976 701/1445/977
f 587/1444/963 701/1445/977 630/1446/978
f 630/1446/978 701/1445/977 700/1447/979
f 700/1447/979 701/1445/977 725/1342/980
f 587/1444/963 630/1446/978 593/1448/981
f 587/1444/963 593/1448/981 582/1449/965
f 582/1449/965 593/1448/981 570/1450/982
f 582/1449/965 570/1450/982 558/1451/946
f 558/1451/946 570/1450/982 556/1452/983
f 558/1451/946 556/1452/983 548/1453/984
f 558/1451/946 548/1453/984 541/1349/945
f 700/1454/979 725/1455/980 711/1456/985
f 711/1456/985 715/1457/986 699/1458/987
f 711/1456/985 725/1455/980 730/1459/988
f 711/1456/985 730/1459/988 715/1457/986
f 669/1460/989 662/1461/990 630/1462/978
f 630/1462/978 623/1463/991 593/1464/981
f 593/1464/981 623/1463/991 586/1465/992
f 593/1464/981 586/1465/992 570/1466/982
f 570/1466/982 586/1465/992 576/1467/993
f 570/1466/982 576/1467/993 568/1468/994
f 570/1466/982 568/1468/994 556/1469/983
f 556/1469/983 568/1468/994 562/1470/995
f 562/1470/995 568/1468/994 567/1471/996
f 562/1470/995 567/1471/996 566/1472/997
f 662/1461/990 669/1460/989 699/1458/987
f 669/1460/989 700/1454/979 699/1458/987
f 669/1460/989 630/1462/978 700/1454/979
f 711/1456/985 699/1458/987 700/1454/979
f 662/1461/990 634/1473/998 630/1462/978
f 630/1462/978 634/1473/998 623/1463/991
f 634/1473/998 625/1474/999 623/1463/991
f 592/1475/1000 586/1465/992 617/1476/1001
f 617/1476/1001 586/1465/992 623/1463/991
f 617/1476/1001 623/1463/991 625/1474/999
f 586/1465/992 592/1475/1000 581/1477/1002
f 576/1467/993 586/1465/992 581/1477/1002
f 576/1467/993 581/1477/1002 573/1478/1003
f 576/1467/993 573/1478/1003 568/1468/994
f 568/1468/994 573/1478/1003 567/1471/996
f 535/1479/1004 536/1480/1005 538/1481/941
f 535/1479/1004 538/1481/941 537/1482/1006
f 537/1482/1006 538/1481/941 539/1483/944
f 537/1482/1006 539/1483/944 540/1484/1007
f 540/1484/1007 539/1483/944 541/1485/945
f 543/1486/1008 536/1487/1005 545/1196/1009
f 545/1196/1009 536/1487/1005 542/1197/1010
f 542/1197/1010 536/1487/1005 535/1488/1004
f 545/1196/1009 546/1199/1011 543/1486/1008
f 543/1486/1008 546/1199/1011 549/1489/1012
f 549/1489/1012 546/1199/1011 551/1200/1013
f 631/1490/1014 659/1491/733 633/1492/1015
f 633/1492/1015 659/1491/733 637/1493/730
f 637/1493/730 635/1494/937 633/1492/1015
f 633/1492/1015 635/1494/937 632/1495/1016
f 632/1495/1016 621/1496/1017 631/1490/1014
f 631/1490/1014 621/1496/1017 618/1497/1018
f 621/1496/1017 626/1498/1019 622/1499/950
f 635/1494/937 627/1500/948 626/1498/1019
f 635/1494/937 626/1498/1019 632/1495/1016
f 632/1495/1016 626/1498/1019 621/1496/1017
f 626/1498/1019 627/1500/948 622/1499/950
f 619/1501/952 612/1502/953 610/1503/1020
f 614/1504/1021 610/1503/1020 611/1505/1022
f 618/1497/1018 611/1505/1022 598/1506/1023
f 598/1506/1023 611/1505/1022 605/1507/1024
f 605/1507/1024 606/1508/967 603/1509/939
f 596/1510/968 594/1511/969 588/1512/1025
f 588/1512/1025 594/1511/969 584/1513/970
f 588/1512/1025 584/1513/970 583/1514/971
f 612/1502/953 607/1515/955 610/1503/1020
f 610/1503/1020 607/1515/955 611/1505/1022
f 607/1515/955 606/1508/967 611/1505/1022
f 611/1505/1022 606/1508/967 605/1507/1024
f 552/1516/942 538/1517/941 536/1518/1005
f 552/1516/942 536/1518/1005 543/1519/1008
f 543/1519/1008 549/1520/1012 563/1521/1026
f 563/1521/1026 549/1520/1012 569/1522/1027
f 569/1522/1027 549/1520/1012 572/1523/1028
f 569/1522/1027 572/1523/1028 579/1524/1029
f 579/1524/1029 572/1523/1028 589/1525/1030
f 579/1524/1029 589/1525/1030 590/1526/1031
f 590/1526/1031 589/1525/1030 598/1506/1023
f 590/1526/1031 598/1506/1023 597/1527/1032
f 597/1527/1032 598/1506/1023 605/1507/1024
f 610/1503/1020 614/1504/1021 619/1501/952
f 611/1505/1022 618/1497/1018 616/1528/1033
f 611/1505/1022 616/1528/1033 614/1504/1021
f 614/1504/1021 616/1528/1033 619/1501/952
f 619/1501/952 616/1528/1033 622/1499/950
f 616/1528/1033 618/1497/1018 621/1496/1017
f 632/1495/1016 631/1490/1014 633/1492/1015
f 616/1528/1033 621/1496/1017 622/1499/950
f 605/1507/1024 603/1509/939 597/1527/1032
f 597/1527/1032 603/1509/939 601/1529/938
f 597/1527/1032 601/1529/938 599/1530/940
f 597/1527/1032 599/1530/940 596/1510/968
f 597/1527/1032 596/1510/968 590/1526/1031
f 590/1526/1031 596/1510/968 588/1512/1025
f 590/1526/1031 588/1512/1025 579/1524/1029
f 579/1524/1029 588/1512/1025 583/1514/971
f 579/1524/1029 583/1514/971 578/1531/972
f 579/1524/1029 578/1531/972 569/1522/1027
f 569/1522/1027 578/1531/972 574/1532/973
f 569/1522/1027 574/1532/973 564/1533/974
f 569/1522/1027 564/1533/974 563/1521/1026
f 563/1521/1026 564/1533/974 543/1519/1008
f 543/1519/1008 564/1533/974 552/1516/942
f 687/1534/1034 716/1535/1035 689/1536/1036
f 687/1534/1034 689/1536/1036 608/1537/1037
f 608/1537/1037 689/1536/1036 589/1538/1030
f 589/1538/1030 689/1536/1036 598/1539/1023
f 598/1539/1023 689/1536/1036 678/1540/1038
f 598/1539/1023 678/1540/1038 658/1541/1039
f 598/1539/1023 658/1541/1039 631/1542/1014
f 658/1541/1039 659/1543/733 631/1542/1014
f 598/1539/1023 631/1542/1014 618/1544/1018
f 608/1537/1037 589/1538/1030 572/1545/1028
f 608/1537/1037 572/1545/1028 577/1546/1040
f 577/1546/1040 572/1545/1028 561/1547/1041
f 561/1547/1041 572/1545/1028 551/1548/1013
f 551/1548/1013 572/1545/1028 549/1549/1012
f 542/1550/1010 547/1551/1042 545/1552/1009
f 546/1553/1011 545/1552/1009 547/1551/1042
f 560/1554/1043 566/1555/997 557/1556/1044
f 557/1556/1044 566/1555/997 565/1557/1045
f 557/1556/1044 565/1557/1045 561/1558/1041
f 557/1556/1044 561/1558/1041 551/1559/1013
f 557/1556/1044 551/1559/1013 555/1560/1046
f 555/1560/1046 551/1559/1013 546/1553/1011
f 553/1561/1047 560/1554/1043 557/1556/1044
f 553/1561/1047 557/1556/1044 555/1560/1046
f 547/1551/1042 553/1561/1047 555/1560/1046
f 547/1551/1042 555/1560/1046 546/1553/1011
f 716/1562/1035 687/1563/1034 723/1564/1048
f 723/1564/1048 687/1563/1034 715/1565/986
f 723/1564/1048 715/1565/986 730/1566/988
f 687/1563/1034 693/1567/1049 699/1568/987
f 693/1567/1049 687/1563/1034 652/1569/1050
f 687/1563/1034 608/1570/1037 652/1569/1050
f 652/1569/1050 608/1570/1037 624/1571/1051
f 624/1571/1051 591/1572/1052 592/1573/1000
f 565/1574/1045 571/1575/1053 561/1576/1041
f 624/1571/1051 608/1570/1037 591/1572/1052
f 592/1573/1000 591/1572/1052 581/1577/1002
f 608/1570/1037 577/1578/1040 591/1572/1052
f 591/1572/1052 580/1579/1054 581/1577/1002
f 591/1572/1052 577/1578/1040 580/1579/1054
f 580/1579/1054 577/1578/1040 571/1575/1053
f 571/1575/1053 577/1578/1040 561/1576/1041
f 565/1574/1045 566/1580/997 567/1581/996
f 592/1573/1000 617/1582/1001 625/1583/999
f 592/1573/1000 625/1583/999 624/1571/1051
f 625/1583/999 634/1584/998 624/1571/1051
f 624/1571/1051 634/1584/998 652/1569/1050
f 634/1584/998 662/1585/990 652/1569/1050
f 687/1563/1034 699/1568/987 715/1565/986
f 662/1585/990 699/1568/987 693/1567/1049
f 662/1585/990 693/1567/1049 652/1569/1050
f 573/1586/1003 581/1577/1002 580/1579/1054
f 571/1575/1053 573/1586/1003 580/1579/1054
f 567/1581/996 573/1586/1003 571/1575/1053
f 567/1581/996 571/1575/1053 565/1574/1045
f 540/1587/1007 548/1588/984 544/1589/1055
f 542/1590/1010 544/1589/1055 547/1591/1042
f 547/1591/1042 544/1589/1055 550/1592/1056
f 547/1591/1042 550/1592/1056 554/1593/1057
f 547/1591/1042 554/1593/1057 553/1594/1047
f 553/1594/1047 554/1593/1057 560/1595/1043
f 560/1595/1043 554/1593/1057 562/1596/995
f 560/1595/1043 562/1596/995 566/1597/997
f 554/1593/1057 556/1598/983 562/1596/995
f 548/1588/984 556/1598/983 554/1593/1057
f 548/1588/984 554/1593/1057 550/1592/1056
f 548/1588/984 550/1592/1056 544/1589/1055
f 535/1282/1004 537/1283/1006 542/1284/1010
f 542/1284/1010 537/1283/1006 544/1285/1055
f 544/1285/1055 537/1283/1006 540/1599/1007
f 540/1599/1007 541/1600/945 548/1288/984
f 856/1330/1058 818/1601/1059 866/1602/1060
f 866/1602/1060 818/1601/1059 823/1603/1061
f 866/1602/1060 823/1603/1061 910/1604/1062
f 866/1602/1060 910/1604/1062 914/1605/1063
f 823/1603/1061 818/1601/1059 734/1606/1064
f 823/1603/1061 734/1606/1064 787/1607/1065
f 787/1607/1065 734/1606/1064 709/1608/1066
f 787/1607/1065 709/1608/1066 639/1609/1067
f 639/1609/1067 709/1608/1066 649/1610/1068
f 649/1610/1068 709/1608/1066 692/1342/1069
f 787/1607/1065 639/1609/1067 647/1611/1070
f 787/1607/1065 647/1611/1070 772/1612/1071
f 772/1612/1071 647/1611/1070 675/1613/1072
f 772/1612/1071 675/1613/1072 779/1614/1073
f 779/1614/1073 675/1613/1072 714/1615/1074
f 779/1614/1073 714/1615/1074 754/1616/1075
f 779/1614/1073 754/1616/1075 832/1349/1076
f 790/1617/1077 742/1618/1078 767/1619/1079
f 649/1620/1068 692/1621/1069 654/1622/1080
f 654/1622/1080 670/1623/1081 648/1624/1082
f 654/1622/1080 692/1621/1069 688/1625/1083
f 654/1622/1080 688/1625/1083 670/1623/1081
f 643/1626/1084 642/1627/1085 639/1628/1067
f 639/1628/1067 641/1629/1086 647/1630/1070
f 675/1631/1072 647/1630/1070 671/1632/1087
f 675/1631/1072 671/1632/1087 698/1633/1088
f 675/1631/1072 698/1633/1088 714/1634/1074
f 714/1634/1074 698/1633/1088 712/1635/1089
f 712/1635/1089 698/1633/1088 697/1636/1090
f 712/1635/1089 697/1636/1090 713/1637/1091
f 686/1638/1092 697/1636/1090 681/1639/1093
f 642/1627/1085 643/1626/1084 648/1624/1082
f 643/1626/1084 649/1620/1068 648/1624/1082
f 643/1626/1084 639/1628/1067 649/1620/1068
f 654/1622/1080 648/1624/1082 649/1620/1068
f 642/1627/1085 638/1640/1094 639/1628/1067
f 639/1628/1067 638/1640/1094 641/1629/1086
f 638/1640/1094 640/1641/1095 641/1629/1086
f 646/1642/1096 647/1630/1070 645/1643/1097
f 645/1643/1097 647/1630/1070 641/1629/1086
f 645/1643/1097 641/1629/1086 640/1641/1095
f 647/1630/1070 646/1642/1096 668/1644/1098
f 671/1632/1087 647/1630/1070 668/1644/1098
f 671/1632/1087 668/1644/1098 681/1639/1093
f 671/1632/1087 681/1639/1093 698/1633/1088
f 698/1633/1088 681/1639/1093 697/1636/1090
f 670/1645/1081 688/1160/1083 695/1646/743
f 670/1645/1081 695/1646/743 673/1647/1099
f 673/1647/1099 695/1646/743 703/1648/768
f 673/1647/1099 703/1648/768 680/1649/1100
f 673/1647/1099 680/1649/1100 651/1650/1101
f 651/1650/1101 680/1649/1100 667/1651/1102
f 651/1650/1101 667/1651/1102 650/1652/1103
f 650/1652/1103 653/1653/1104 645/1654/1097
f 668/1655/1098 646/1656/1096 666/1657/1105
f 650/1652/1103 667/1651/1102 653/1653/1104
f 645/1654/1097 653/1653/1104 646/1656/1096
f 653/1653/1104 666/1657/1105 646/1656/1096
f 667/1651/1102 683/1658/1106 653/1653/1104
f 653/1653/1104 683/1658/1106 666/1657/1105
f 666/1657/1105 683/1658/1106 684/1659/1107
f 684/1659/1107 683/1658/1106 696/1660/1108
f 686/1661/1092 696/1660/1108 704/1662/1109
f 686/1661/1092 704/1662/1109 697/1663/1090
f 697/1663/1090 704/1662/1109 713/1664/1091
f 704/1662/1109 696/1660/1108 719/1665/1110
f 719/1665/1110 696/1660/1108 710/1666/1111
f 710/1666/1111 696/1660/1108 683/1658/1106
f 696/1660/1108 686/1661/1092 684/1659/1107
f 686/1661/1092 681/1667/1093 668/1655/1098
f 686/1661/1092 668/1655/1098 684/1659/1107
f 645/1654/1097 640/1668/1095 638/1669/1094
f 645/1654/1097 638/1669/1094 650/1652/1103
f 650/1652/1103 638/1669/1094 651/1650/1101
f 638/1669/1094 642/1670/1085 644/1671/1112
f 638/1669/1094 644/1671/1112 651/1650/1101
f 651/1650/1101 644/1671/1112 673/1647/1099
f 642/1670/1085 648/1672/1082 644/1671/1112
f 644/1671/1112 648/1672/1082 673/1647/1099
f 648/1672/1082 670/1645/1081 673/1647/1099
f 668/1655/1098 666/1657/1105 684/1659/1107
f 680/1673/1100 703/1674/768 717/1675/1113
f 680/1673/1100 717/1675/1113 667/1676/1102
f 667/1676/1102 717/1675/1113 804/1677/1114
f 804/1677/1114 717/1675/1113 768/1250/1115
f 804/1677/1114 768/1250/1115 813/1678/1116
f 804/1677/1114 813/1678/1116 854/1679/1117
f 854/1679/1117 813/1678/1116 864/1680/1118
f 813/1678/1116 855/1253/759 864/1680/1118
f 854/1679/1117 864/1680/1118 907/1681/1119
f 804/1677/1114 773/1682/1120 667/1676/1102
f 667/1676/1102 773/1682/1120 683/1683/1106
f 683/1683/1106 773/1682/1120 770/1684/1121
f 683/1683/1106 770/1684/1121 710/1685/1111
f 710/1685/1111 770/1684/1121 757/1686/1122
f 757/1686/1122 770/1684/1121 803/1687/1123
f 839/1691/1127 841/1692/1128 843/1693/1129
f 839/1691/1127 843/1693/1129 838/1694/1130
f 838/1694/1130 843/1693/1129 836/1695/1131
f 838/1694/1130 836/1695/1131 807/1696/1132
f 807/1696/1132 836/1695/1131 832/1697/1076
f 831/1698/1133 841/1699/1128 793/1196/1134
f 793/1196/1134 841/1699/1128 792/1197/1135
f 792/1197/1135 841/1699/1128 839/1700/1127
f 793/1196/1134 769/1199/1136 831/1698/1133
f 831/1698/1133 769/1199/1136 803/1701/1123
f 803/1701/1123 769/1199/1136 757/1200/1122
f 864/1702/1118 902/1703/1137 907/1704/1119
f 923/1705/1138 928/1706/1139 930/1707/1140
f 923/1705/1138 930/1707/1140 921/1708/1141
f 930/1707/1140 929/1709/1142 927/1710/1143
f 927/1710/1143 917/1711/1144 898/1712/1145
f 927/1710/1143 898/1712/1145 897/1713/1146
f 863/1714/756 873/1715/1147 871/1716/1148
f 863/1714/756 871/1716/1148 855/1717/759
f 855/1717/759 871/1716/1148 864/1702/1118
f 906/1718/1149 879/1719/1150 918/1720/1151
f 918/1720/1151 928/1706/1139 923/1705/1138
f 928/1706/1139 929/1709/1142 930/1707/1140
f 905/1721/1152 898/1712/1145 917/1711/1144
f 867/1722/1153 898/1712/1145 905/1721/1152
f 847/1723/1154 837/1724/1155 829/1725/1156
f 829/1725/1156 822/1726/1157 815/1727/1158
f 791/1728/1159 802/1729/1160 806/1730/1161
f 791/1728/1159 806/1730/1161 812/1731/1162
f 830/1732/1163 831/1733/1133 819/1734/1164
f 830/1732/1163 843/1735/1129 841/1736/1128
f 830/1732/1163 841/1736/1128 831/1733/1133
f 803/1737/1123 770/1738/1121 812/1731/1162
f 812/1731/1162 770/1738/1121 791/1728/1159
f 791/1728/1159 789/1739/1165 802/1729/1160
f 802/1729/1160 789/1739/1165 801/1740/1166
f 791/1728/1159 770/1738/1121 789/1739/1165
f 801/1740/1166 789/1739/1165 805/1741/1167
f 895/1742/1168 907/1704/1119 922/1743/1169
f 895/1742/1168 922/1743/1169 897/1713/1146
f 897/1713/1146 922/1743/1169 927/1710/1143
f 906/1718/1149 918/1720/1151 923/1705/1138
f 895/1742/1168 897/1713/1146 872/1744/1170
f 907/1704/1119 895/1742/1168 854/1745/1117
f 854/1745/1117 895/1742/1168 872/1744/1170
f 812/1731/1162 806/1730/1161 819/1734/1164
f 871/1716/1148 873/1715/1147 879/1719/1150
f 871/1716/1148 879/1719/1150 904/1746/1171
f 904/1746/1171 879/1719/1150 906/1718/1149
f 902/1703/1137 871/1716/1148 904/1746/1171
f 902/1703/1137 864/1702/1118 871/1716/1148
f 904/1746/1171 906/1718/1149 921/1708/1141
f 921/1708/1141 906/1718/1149 923/1705/1138
f 902/1703/1137 904/1746/1171 921/1708/1141
f 902/1703/1137 921/1708/1141 922/1743/1169
f 922/1743/1169 907/1704/1119 902/1703/1137
f 921/1708/1141 930/1707/1140 922/1743/1169
f 922/1743/1169 930/1707/1140 927/1710/1143
f 897/1713/1146 898/1712/1145 872/1744/1170
f 872/1744/1170 898/1712/1145 867/1722/1153
f 854/1745/1117 872/1744/1170 842/1747/1172
f 854/1745/1117 842/1747/1172 804/1748/1114
f 804/1748/1114 842/1747/1172 825/1749/1173
f 804/1748/1114 825/1749/1173 808/1750/1174
f 804/1748/1114 808/1750/1174 773/1751/1120
f 773/1751/1120 808/1750/1174 794/1752/1175
f 773/1751/1120 794/1752/1175 789/1739/1165
f 773/1751/1120 789/1739/1165 770/1738/1121
f 872/1744/1170 867/1722/1153 842/1747/1172
f 842/1747/1172 867/1722/1153 847/1723/1154
f 842/1747/1172 847/1723/1154 825/1749/1173
f 825/1749/1173 847/1723/1154 829/1725/1156
f 825/1749/1173 829/1725/1156 808/1750/1174
f 808/1750/1174 829/1725/1156 815/1727/1158
f 808/1750/1174 815/1727/1158 794/1752/1175
f 794/1752/1175 815/1727/1158 805/1741/1167
f 794/1752/1175 805/1741/1167 789/1739/1165
f 812/1731/1162 819/1734/1164 831/1733/1133
f 812/1731/1162 831/1733/1133 803/1737/1123
f 743/1753/1176 742/1754/1177 771/1755/1178
f 771/1755/1178 742/1754/1177 790/1756/1179
f 743/1757/1180 771/1758/1181 755/1759/1182
f 792/1760/1135 756/1761/1183 793/1762/1134
f 769/1763/1136 793/1762/1134 756/1761/1183
f 713/1764/1091 704/1265/1109 719/1765/1110
f 719/1765/1110 710/1766/1111 731/1767/1184
f 731/1767/1184 710/1766/1111 757/1768/1122
f 731/1767/1184 757/1768/1122 769/1763/1136
f 724/1769/1185 713/1764/1091 719/1765/1110
f 731/1767/1184 724/1769/1185 719/1765/1110
f 756/1761/1183 724/1769/1185 731/1767/1184
f 756/1761/1183 731/1767/1184 769/1763/1136
f 807/1271/1132 754/1770/1075 780/1771/1186
f 792/1772/1135 780/1771/1186 756/1773/1183
f 756/1773/1183 780/1771/1186 762/1774/1187
f 756/1773/1183 762/1774/1187 722/1775/1188
f 756/1773/1183 722/1775/1188 724/1776/1185
f 724/1776/1185 722/1775/1188 713/1777/1091
f 713/1777/1091 722/1775/1188 712/1778/1089
f 722/1775/1188 714/1779/1074 712/1778/1089
f 754/1770/1075 714/1779/1074 722/1775/1188
f 754/1770/1075 722/1775/1188 762/1774/1187
f 754/1770/1075 762/1774/1187 780/1771/1186
f 839/1282/1127 838/1283/1130 792/1284/1135
f 792/1284/1135 838/1283/1130 780/1285/1186
f 780/1285/1186 838/1283/1130 807/1780/1132
f 807/1780/1132 832/1781/1076 754/1288/1075
f 863/1782/756 856/1783/1058 873/1784/1147
f 927/1785/1143 929/1786/1142 917/1787/1144
f 905/1788/1152 917/1787/1144 908/1789/1189
f 908/1789/1189 910/1790/1062 823/1791/1061
f 873/1784/1147 856/1783/1058 870/1792/1190
f 873/1784/1147 870/1792/1190 879/1793/1150
f 879/1793/1150 870/1792/1190 878/1794/1191
f 879/1793/1150 878/1794/1191 918/1795/1151
f 918/1795/1151 878/1794/1191 916/1796/1192
f 918/1795/1151 916/1796/1192 928/1797/1139
f 928/1797/1139 916/1796/1192 914/1798/1063
f 928/1797/1139 914/1798/1063 929/1786/1142
f 929/1786/1142 914/1798/1063 910/1790/1062
f 929/1786/1142 910/1790/1062 917/1787/1144
f 917/1787/1144 910/1790/1062 908/1789/1189
f 870/1792/1190 856/1783/1058 866/1799/1060
f 870/1792/1190 866/1799/1060 878/1794/1191
f 878/1794/1191 866/1799/1060 914/1798/1063
f 878/1794/1191 914/1798/1063 916/1796/1192
f 908/1789/1189 823/1791/1061 848/1800/1193
f 848/1800/1193 823/1791/1061 834/1801/1194
f 834/1801/1194 823/1791/1061 817/1802/1195
f 817/1802/1195 823/1791/1061 787/1803/1065
f 817/1802/1195 787/1803/1065 795/1804/1196
f 795/1804/1196 787/1803/1065 772/1805/1071
f 788/1806/1197 772/1805/1071 779/1807/1073
f 788/1806/1197 779/1807/1073 810/1808/1198
f 810/1808/1198 779/1807/1073 832/1809/1076
f 832/1809/1076 836/1810/1131 810/1808/1198
f 810/1808/1198 836/1810/1131 843/1404/1129
f 810/1808/1198 843/1404/1129 830/1811/1163
f 819/1812/1164 806/1813/1161 788/1806/1197
f 806/1813/1161 802/1814/1160 788/1806/1197
f 788/1806/1197 802/1814/1160 772/1805/1071
f 822/1815/1157 829/1816/1156 837/1817/1155
f 867/1818/1153 905/1788/1152 908/1789/1189
f 847/1819/1154 867/1818/1153 848/1800/1193
f 848/1800/1193 867/1818/1153 908/1789/1189
f 837/1817/1155 847/1819/1154 848/1800/1193
f 837/1817/1155 848/1800/1193 834/1801/1194
f 822/1815/1157 837/1817/1155 834/1801/1194
f 822/1815/1157 834/1801/1194 817/1802/1195
f 815/1820/1158 822/1815/1157 817/1802/1195
f 815/1820/1158 817/1802/1195 795/1804/1196
f 805/1821/1167 815/1820/1158 795/1804/1196
f 805/1821/1167 795/1804/1196 801/1822/1166
f 801/1822/1166 795/1804/1196 772/1805/1071
f 801/1822/1166 772/1805/1071 802/1814/1160
f 788/1806/1197 810/1808/1198 819/1812/1164
f 819/1812/1164 810/1808/1198 830/1811/1163
f 785/1823/1199 882/1824/924 875/1825/923
f 785/1823/1199 875/1825/923 799/1826/1200
f 785/1823/1199 799/1826/1200 765/1827/460
f 875/1825/923 860/1828/936 799/1826/1200
f 799/1826/1200 860/1828/936 821/1829/935
f 799/1826/1200 821/1829/935 778/1830/1201
f 778/1830/1201 821/1829/935 733/1831/934
f 778/1830/1201 733/1831/934 753/1832/1202
f 753/1832/1202 733/1831/934 706/1833/931
f 753/1832/1202 706/1833/931 738/1834/1203
f 738/1834/1203 706/1833/931 729/1835/1204
f 729/1835/1204 706/1833/931 672/1836/930
f 729/1835/1204 672/1836/930 748/1837/1205
f 748/1837/1205 672/1836/930 741/1838/1206
f 741/1838/1206 672/1836/930 665/1839/933
f 665/1839/933 682/1840/932 741/1838/1206
f 741/1838/1206 682/1840/932 736/1841/1207
f 736/1841/1207 682/1840/932 727/1842/1208
f 727/1842/1208 682/1840/932 705/1843/929
f 727/1842/1208 705/1843/929 749/1844/1209
f 749/1844/1209 705/1843/929 732/1845/928
f 749/1844/1209 732/1845/928 775/1846/1210
f 775/1846/1210 732/1845/928 820/1847/927
f 775/1846/1210 820/1847/927 797/1848/1211
f 797/1848/1211 820/1847/927 859/1849/926
f 797/1848/1211 859/1849/926 882/1824/924
f 797/1848/1211 882/1824/924 783/1850/1212
f 783/1850/1212 882/1824/924 785/1823/1199
f 785/1823/1199 765/1827/460 761/1851/460
f 761/1851/460 765/1827/460 752/1852/460
f 761/1851/460 752/1852/460 748/1837/1205
f 748/1837/1205 752/1852/460 729/1835/1204
f 797/1848/1211 783/1850/1212 764/1853/460
f 764/1853/460 783/1850/1212 759/1854/460
f 764/1853/460 759/1854/460 736/1841/1207
f 736/1841/1207 759/1854/460 741/1838/1206
f 737/1855/1213 738/1856/1214 728/1857/1215
f 728/1857/1215 738/1856/1214 729/1858/1216
f 728/1859/1215 729/1860/1216 751/1861/1217
f 751/1861/1217 729/1860/1216 752/1862/1218
f 751/1861/1217 752/1862/1218 765/1863/1219
f 751/1861/1217 765/1863/1219 777/1864/1220
f 777/1864/1220 765/1863/1219 798/1865/1221
f 798/1865/1221 765/1863/1219 799/1866/1222
f 798/1865/1221 799/1866/1222 800/1867/1223
f 800/1867/1223 799/1866/1222 778/1868/1224
f 800/1867/1223 778/1868/1224 771/1869/1181
f 771/1869/1181 778/1868/1224 753/1870/1225
f 771/1869/1181 753/1870/1225 755/1871/1182
f 755/1871/1182 753/1870/1225 743/1872/1226
f 743/1872/1226 753/1870/1225 738/1856/1214
f 743/1872/1226 738/1856/1214 742/1873/1078
f 742/1873/1078 738/1856/1214 737/1855/1213
f 742/1873/1078 737/1855/1213 766/1874/1227
f 742/1873/1078 766/1874/1227 767/1875/1079
f 767/1875/1079 766/1874/1227 790/1876/1228
f 790/1876/1228 766/1874/1227 800/1867/1223
f 790/1876/1228 800/1867/1223 771/1869/1181
f 740/1877/1229 748/1878/1230 741/1879/1231
f 740/1880/1229 741/1881/1231 747/1882/1232
f 747/1882/1232 741/1881/1231 758/1883/1233
f 758/1883/1233 741/1881/1231 759/1884/1234
f 758/1883/1233 759/1884/1234 782/1885/1235
f 782/1885/1235 759/1884/1234 783/1886/1236
f 782/1885/1235 783/1886/1236 785/1887/1237
f 782/1885/1235 785/1887/1237 784/1888/1238
f 784/1888/1238 785/1887/1237 760/1889/1239
f 760/1889/1239 785/1887/1237 761/1890/1240
f 760/1889/1239 761/1890/1240 740/1877/1229
f 740/1877/1229 761/1890/1240 748/1878/1230
f 726/1891/1241 736/1892/1242 727/1858/1243
f 726/1893/1241 727/1894/1243 735/1895/1244
f 735/1895/1244 727/1894/1243 749/1896/1245
f 735/1895/1244 749/1896/1245 763/1897/1246
f 763/1897/1246 749/1896/1245 775/1898/1247
f 763/1897/1246 775/1898/1247 796/1899/1248
f 796/1899/1248 775/1898/1247 797/1900/1249
f 796/1899/1248 797/1900/1249 776/1901/1250
f 776/1901/1250 797/1900/1249 764/1902/1251
f 776/1901/1250 764/1902/1251 750/1903/1252
f 750/1903/1252 764/1902/1251 736/1892/1242
f 750/1903/1252 736/1892/1242 726/1891/1241
f 740/1823/23 655/1904/35 663/1905/202
f 740/1823/23 663/1905/202 728/1906/202
f 740/1823/23 728/1906/202 751/1907/23
f 728/1906/202 663/1905/202 691/1908/153
f 728/1906/202 691/1908/153 708/1909/23
f 728/1906/202 708/1909/23 737/1830/23
f 737/1830/23 708/1909/23 720/1910/35
f 737/1830/23 720/1910/35 745/1911/26
f 737/1830/23 745/1911/26 766/1912/203
f 766/1912/203 745/1911/26 828/1913/527
f 766/1912/203 828/1913/527 800/1834/1253
f 800/1834/1253 828/1913/527 798/1835/23
f 798/1835/23 828/1913/527 869/1914/35
f 798/1835/23 869/1914/35 885/1915/23
f 798/1835/23 885/1915/23 896/1916/23
f 798/1835/23 896/1916/23 784/1837/23
f 784/1837/23 896/1916/23 782/1917/23
f 782/1917/23 896/1916/23 884/1918/23
f 884/1918/23 776/1919/23 782/1917/23
f 776/1919/23 884/1918/23 796/1920/23
f 796/1920/23 884/1918/23 850/1921/23
f 796/1920/23 850/1921/23 827/1922/23
f 796/1920/23 827/1922/23 763/1844/23
f 763/1844/23 827/1922/23 786/1923/23
f 763/1844/23 786/1923/23 744/1924/23
f 763/1844/23 744/1924/23 735/1846/23
f 735/1846/23 744/1924/23 707/1925/23
f 735/1846/23 707/1925/23 726/1848/23
f 726/1848/23 707/1925/23 690/1926/23
f 726/1848/23 690/1926/23 677/1927/35
f 726/1848/23 677/1927/35 655/1904/35
f 726/1848/23 655/1904/35 747/1850/23
f 747/1850/23 655/1904/35 740/1823/23
f 782/1917/23 776/1919/23 758/1928/23
f 758/1928/23 776/1919/23 750/1929/23
f 758/1928/23 750/1929/23 747/1850/23
f 747/1850/23 750/1929/23 726/1848/23
f 798/1835/23 784/1837/23 777/1852/23
f 777/1852/23 784/1837/23 760/1930/23
f 777/1852/23 760/1930/23 751/1907/23
f 751/1907/23 760/1930/23 740/1823/23
usemtl 202,209,238.002
f 1209/1688/1124 1215/1689/1125 1211/1690/1126
f 1022/1931/460 1023/1932/460 1024/1933/460
f 1024/1933/460 1023/1932/460 1025/1934/460
f 1024/1933/460 1025/1934/460 1026/1935/1254
f 1024/1933/460 1026/1935/1254 1027/1936/1255
f 1023/1932/460 1022/1931/460 1020/1937/460
f 1020/1937/460 1022/1931/460 1021/1938/460
f 1020/1937/460 1021/1938/460 1018/1939/1256
f 1020/1937/460 1018/1939/1256 1019/1940/1257
f 1034/1941/1258 1022/1942/1259 1024/1943/1260
f 1034/1941/1258 1024/1943/1260 1036/1944/1261
f 1036/1944/1261 1024/1943/1260 1027/1945/1255
f 1036/1944/1261 1027/1945/1255 1038/1946/1262
f 1038/1946/1262 1027/1945/1255 1026/1947/1254
f 1038/1946/1262 1026/1947/1254 1037/1948/1263
f 1037/1948/1263 1026/1947/1254 1035/1949/1264
f 1035/1949/1264 1026/1947/1254 1025/1950/1265
f 1035/1949/1264 1025/1950/1265 1033/1951/1266
f 1033/1951/1266 1025/1950/1265 1023/1952/1267
f 1033/1951/1266 1023/1952/1267 1020/1953/1268
f 1033/1951/1266 1020/1953/1268 1031/1954/1269
f 1031/1954/1269 1020/1953/1268 1029/1955/1270
f 1029/1955/1270 1020/1953/1268 1019/1956/1257
f 1029/1955/1270 1019/1956/1257 1018/1957/1256
f 1029/1955/1270 1018/1957/1256 1028/1958/1271
f 1028/1958/1271 1018/1957/1256 1030/1959/1272
f 1030/1959/1272 1018/1957/1256 1021/1960/1273
f 1030/1959/1272 1021/1960/1273 1032/1961/1274
f 1032/1961/1274 1021/1960/1273 1022/1962/1259
f 1032/1961/1274 1022/1962/1259 1034/1963/1258
f 1034/1964/1275 1042/1965/1276 1032/1966/1277
f 1032/1966/1277 1042/1965/1276 1039/1967/1278
f 1032/1966/1277 1039/1967/1278 1030/1968/1279
f 1030/1968/1279 1039/1967/1278 1028/1969/1280
f 1028/1969/1280 1039/1967/1278 1029/1970/1281
f 1029/1970/1281 1039/1967/1278 1040/1971/1282
f 1029/1970/1281 1040/1971/1282 1031/1972/1283
f 1031/1972/1283 1040/1971/1282 1041/1973/1284
f 1031/1972/1283 1041/1973/1284 1033/1974/1285
f 1033/1974/1285 1041/1973/1284 1043/1975/1286
f 1033/1974/1285 1043/1975/1286 1035/1976/1287
f 1035/1976/1287 1043/1975/1286 1045/1977/1288
f 1035/1976/1287 1045/1977/1288 1037/1978/1289
f 1037/1978/1289 1045/1977/1288 1038/1979/1290
f 1038/1979/1290 1045/1977/1288 1044/1980/1291
f 1038/1979/1290 1044/1980/1291 1036/1981/1292
f 1036/1981/1292 1044/1980/1291 1042/1982/1276
f 1036/1981/1292 1042/1982/1276 1034/1983/1275
f 1044/1984/1291 1045/1985/529 1042/1986/1276
f 1045/1985/529 1043/1987/55 1042/1986/1276
f 1042/1986/1276 1043/1987/55 1041/1988/1293
f 1042/1986/1276 1041/1988/1293 1039/1989/1278
f 1039/1989/1278 1041/1988/1293 1040/1990/1282
f 1138/1991/1294 1116/1992/1295 1140/1993/1296
f 1140/1993/1296 1116/1992/1295 1128/1994/1297
f 1140/1993/1296 1128/1994/1297 1141/1995/1298
f 1141/1995/1298 1128/1994/1297 1133/1996/1299
f 1141/1995/1298 1133/1996/1299 1142/1997/1300
f 1142/1997/1300 1133/1996/1299 1129/1998/1301
f 1142/1997/1300 1129/1998/1301 1139/1999/1302
f 1139/1999/1302 1129/1998/1301 1126/2000/1303
f 1139/1999/1302 1126/2000/1303 1137/2001/1304
f 1137/2001/1304 1126/2000/1303 1124/2002/1305
f 1137/2001/1304 1124/2002/1305 1135/2003/1306
f 1135/2003/1306 1124/2002/1305 1122/2004/1307
f 1135/2003/1306 1122/2004/1307 1134/2005/1308
f 1134/2005/1308 1122/2004/1307 1120/2006/1309
f 1134/2005/1308 1120/2006/1309 1123/2007/1310
f 1134/2005/1308 1123/2007/1310 1136/2008/1311
f 1136/2008/1311 1123/2007/1310 1138/2009/1294
f 1138/2009/1294 1123/2007/1310 1116/2010/1295
f 1135/2011/1306 1138/2012/23 1140/2013/23
f 1135/2011/1306 1140/2013/23 1141/2014/23
f 1135/2011/1306 1141/2014/23 1142/2015/23
f 1135/2011/1306 1142/2015/23 1139/2016/1302
f 1135/2011/1306 1139/2016/1302 1137/2017/1304
f 1135/2011/1306 1134/2018/1308 1136/2019/23
f 1135/2011/1306 1136/2019/23 1138/2012/23
f 1114/2020/1312 1101/2021/1313 1116/2022/1314
f 1114/2020/1312 1125/2023/1315 1097/2024/1316
f 1097/2024/1316 1125/2023/1315 1111/2025/1317
f 1111/2025/1317 1121/2026/1318 1095/2027/1319
f 1095/2027/1319 1121/2026/1318 1112/2028/1320
f 1096/2029/1321 1112/2028/1320 1099/2030/1322
f 1112/2028/1320 1113/2031/1323 1099/2030/1322
f 1113/2031/1323 1115/2032/1324 1099/2030/1322
f 1099/2030/1322 1115/2032/1324 1102/2033/1325
f 1115/2034/1324 1127/2035/1326 1102/2036/1325
f 1102/2036/1325 1127/2035/1326 1117/2037/1327
f 1106/2038/1328 1117/2037/1327 1131/2039/1329
f 1131/2039/1329 1132/2040/1330 1106/2038/1328
f 1106/2038/1328 1132/2040/1330 1107/2041/1331
f 1107/2041/1331 1132/2040/1330 1119/2042/1332
f 1119/2042/1332 1103/2043/1333 1107/2041/1331
f 1119/2042/1332 1130/2044/1334 1103/2043/1333
f 1103/2043/1333 1130/2044/1334 1118/2045/1335
f 1118/2045/1335 1116/2022/1314 1103/2043/1333
f 1103/2043/1333 1116/2022/1314 1101/2021/1313
f 1095/2027/1319 1112/2028/1320 1096/2029/1321
f 1097/2024/1316 1111/2025/1317 1095/2027/1319
f 1101/2021/1313 1114/2020/1312 1097/2024/1316
f 1102/2036/1325 1117/2037/1327 1106/2038/1328
f 1100/2046/1336 1101/2047/1313 1097/2048/1316
f 1100/2046/1336 1097/2048/1316 1094/2049/1337
f 1094/2049/1337 1097/2048/1316 1092/2050/1338
f 1092/2050/1338 1097/2048/1316 1095/2051/1319
f 1092/2050/1338 1095/2051/1319 1091/2052/1339
f 1091/2052/1339 1095/2051/1319 1096/2053/1321
f 1091/2052/1339 1096/2053/1321 1093/2054/1340
f 1093/2054/1340 1096/2053/1321 1099/2055/1322
f 1093/2054/1340 1099/2055/1322 1098/2056/1341
f 1098/2056/1341 1099/2055/1322 1102/2057/1325
f 1098/2056/1341 1102/2057/1325 1104/2058/1342
f 1104/2058/1342 1102/2057/1325 1106/2059/1328
f 1104/2058/1342 1106/2059/1328 1109/2060/1343
f 1109/2060/1343 1106/2059/1328 1110/2061/1344
f 1110/2061/1344 1106/2059/1328 1107/2062/1331
f 1110/2061/1344 1107/2062/1331 1108/2063/1345
f 1108/2063/1345 1107/2062/1331 1103/2064/1333
f 1108/2063/1345 1103/2064/1333 1105/2065/1346
f 1105/2065/1346 1103/2064/1333 1100/2046/1336
f 1100/2046/1336 1103/2064/1333 1101/2047/1313
f 1100/2066/1347 1078/2067/1348 1069/2068/1349
f 1100/2066/1347 1069/2068/1349 1105/2069/1350
f 1105/2069/1350 1069/2068/1349 1079/2070/1351
f 1105/2069/1350 1079/2070/1351 1108/2071/1352
f 1108/2071/1352 1079/2070/1351 1081/2072/1353
f 1108/2071/1352 1081/2072/1353 1110/2073/1354
f 1110/2073/1354 1081/2072/1353 1082/2074/1355
f 1110/2073/1354 1082/2074/1355 1065/2075/1356
f 1110/2073/1354 1065/2075/1356 1071/2076/1357
f 1110/2073/1354 1071/2076/1357 1109/2077/1358
f 1109/2077/1358 1071/2076/1357 1080/2078/1359
f 1109/2077/1358 1080/2078/1359 1104/2079/1360
f 1104/2079/1360 1080/2078/1359 1070/2080/1361
f 1104/2079/1360 1070/2080/1361 1068/2081/1362
f 1104/2079/1360 1068/2081/1362 1098/2082/1363
f 1098/2082/1363 1068/2081/1362 1067/2083/1364
f 1098/2082/1363 1067/2083/1364 1093/2084/1365
f 1093/2084/1365 1067/2083/1364 1077/2085/1366
f 1093/2084/1365 1077/2085/1366 1075/2086/1367
f 1093/2084/1365 1075/2086/1367 1074/2087/1368
f 1093/2084/1365 1074/2087/1368 1091/2088/1369
f 1091/2088/1369 1074/2087/1368 1072/2089/1370
f 1091/2088/1369 1072/2089/1370 1073/2090/1371
f 1091/2088/1369 1073/2090/1371 1092/2091/1372
f 1092/2091/1372 1073/2090/1371 1064/2092/1373
f 1092/2091/1372 1064/2092/1373 1094/2093/1374
f 1094/2093/1374 1064/2092/1373 1076/2094/1375
f 1094/2093/1374 1076/2094/1375 1066/2095/1376
f 1094/2093/1374 1066/2095/1376 1100/2096/1347
f 1100/2096/1347 1066/2095/1376 1078/2097/1348
f 1065/2098/1356 1062/2099/1377 1061/2100/1378
f 1053/2101/1379 1049/2102/1380 1067/2103/1364
f 1067/2103/1364 1049/2102/1380 1077/2104/1366
f 1077/2104/1366 1049/2102/1380 1075/2105/1367
f 1049/2102/1380 1047/2106/1381 1075/2105/1367
f 1075/2105/1367 1047/2106/1381 1074/2107/1368
f 1047/2106/1381 1063/2108/1382 1074/2107/1368
f 1074/2107/1368 1063/2108/1382 1072/2109/1370
f 1047/2106/1381 1046/2110/1383 1063/2108/1382
f 1063/2108/1382 1046/2110/1383 1072/2109/1370
f 1072/2109/1370 1046/2110/1383 1073/2111/1371
f 1073/2111/1371 1046/2110/1383 1064/2112/1373
f 1046/2110/1383 1048/2113/1384 1064/2112/1373
f 1064/2112/1373 1048/2113/1384 1066/2114/1376
f 1064/2112/1373 1066/2114/1376 1076/2115/1375
f 1066/2114/1376 1048/2113/1384 1054/2116/1385
f 1066/2114/1376 1054/2116/1385 1078/2117/1348
f 1078/2118/1348 1054/2119/1385 1069/2120/1349
f 1079/2121/1351 1069/2120/1349 1058/2122/1386
f 1081/2123/1353 1079/2121/1351 1060/2124/1387
f 1081/2123/1353 1060/2124/1387 1082/2125/1355
f 1082/2125/1355 1060/2124/1387 1062/2099/1377
f 1082/2125/1355 1062/2099/1377 1065/2098/1356
f 1080/2126/1359 1071/2127/1357 1061/2100/1378
f 1080/2126/1359 1061/2100/1378 1070/2128/1361
f 1068/2129/1362 1070/2128/1361 1055/2130/1388
f 1067/2103/1364 1068/2129/1362 1053/2101/1379
f 1069/2120/1349 1054/2119/1385 1058/2122/1386
f 1079/2121/1351 1058/2122/1386 1060/2124/1387
f 1071/2127/1357 1065/2098/1356 1061/2100/1378
f 1070/2128/1361 1061/2100/1378 1055/2130/1388
f 1068/2129/1362 1055/2130/1388 1053/2101/1379
f 1048/2131/1384 1051/2132/1389 1054/2133/1385
f 1054/2133/1385 1051/2132/1389 1056/2134/1390
f 1054/2133/1385 1056/2134/1390 1058/2135/1386
f 1058/2135/1386 1056/2134/1390 1060/2136/1387
f 1060/2136/1387 1056/2134/1390 1059/2137/1391
f 1060/2136/1387 1059/2137/1391 1062/2138/1377
f 1062/2138/1377 1059/2137/1391 1061/2139/1378
f 1061/2139/1378 1059/2137/1391 1057/2140/1392
f 1061/2139/1378 1057/2140/1392 1055/2141/1388
f 1055/2141/1388 1057/2140/1392 1053/2142/1379
f 1053/2142/1379 1057/2140/1392 1052/2143/1393
f 1053/2142/1379 1052/2143/1393 1049/2144/1380
f 1049/2144/1380 1052/2143/1393 1047/2145/1381
f 1047/2145/1381 1052/2143/1393 1050/2146/1394
f 1047/2145/1381 1050/2146/1394 1046/2147/1383
f 1046/2147/1383 1050/2146/1394 1048/2131/1384
f 1048/2131/1384 1050/2146/1394 1051/2132/1389
f 1088/2148/1126 1057/2149/1395 1059/2150/1396
f 1088/2148/1126 1059/2150/1396 1089/2151/1124
f 1086/2152/1397 1052/2150/1398 1057/2153/1395
f 1086/2152/1397 1057/2153/1395 1088/2154/1126
f 1083/2155/1399 1050/2149/1400 1084/2156/1401
f 1084/2156/1401 1050/2149/1400 1052/2150/1398
f 1084/2156/1401 1052/2150/1398 1086/2152/1397
f 1085/2155/1402 1051/2149/1403 1083/2157/1399
f 1083/2157/1399 1051/2149/1403 1050/2150/1400
f 1087/2158/1404 1056/2150/1405 1051/2153/1406
f 1087/2158/1404 1051/2153/1406 1085/2154/1407
f 1089/2151/1124 1059/2150/1396 1056/2153/1405
f 1089/2151/1124 1056/2153/1405 1087/2154/1404
f 1087/2159/1404 1085/2160/1407 1090/2161/1408
f 1090/2162/1408 1085/2160/1407 1083/2163/1399
f 1090/2164/1408 1083/2163/1399 1084/2165/1401
f 1090/2166/1408 1086/2167/1397 1088/2168/1126
f 1090/2169/1408 1089/2170/1124 1087/2171/1404
f 1089/2170/1124 1090/2172/1408 1088/2168/1126
f 1086/2167/1397 1090/2173/1408 1084/2165/1401
f 1147/2174/460 1146/2175/460 1148/2176/460
f 1148/2176/460 1146/2175/460 1149/2177/460
f 1148/2176/460 1149/2177/460 1150/2178/1409
f 1148/2176/460 1150/2178/1409 1151/2179/460
f 1151/2179/460 1150/2178/1409 1152/2180/1410
f 1146/2175/460 1147/2174/460 1144/2181/1411
f 1146/2175/460 1144/2181/1411 1145/2182/460
f 1145/2182/460 1144/2181/1411 1143/2183/1412
f 1159/2184/1413 1147/2185/1414 1148/2186/1415
f 1159/2187/1413 1148/2188/1415 1161/2189/1416
f 1161/2189/1416 1148/2188/1415 1151/2190/1417
f 1161/2189/1416 1151/2190/1417 1152/2191/1410
f 1161/2189/1416 1152/2191/1410 1163/1946/1418
f 1163/1946/1418 1152/2191/1410 1162/2192/1419
f 1162/2192/1419 1152/2191/1410 1150/2193/1409
f 1162/2192/1419 1150/2193/1409 1160/2194/1420
f 1160/2194/1420 1150/2193/1409 1149/2195/1421
f 1160/2194/1420 1149/2195/1421 1158/2196/1422
f 1158/2196/1422 1149/2195/1421 1146/2197/1423
f 1158/2196/1422 1146/2197/1423 1156/2198/1424
f 1156/2198/1424 1146/2197/1423 1145/2199/1425
f 1156/2198/1424 1145/2199/1425 1154/2200/1426
f 1154/2200/1426 1145/2199/1425 1143/2201/1412
f 1154/2200/1426 1143/2201/1412 1153/2202/1427
f 1153/2202/1427 1143/2201/1412 1144/2203/1411
f 1153/2202/1427 1144/2203/1411 1155/2204/1428
f 1155/2204/1428 1144/2203/1411 1157/2205/1429
f 1157/2205/1429 1144/2203/1411 1147/2185/1414
f 1157/2205/1429 1147/2185/1414 1159/2184/1413
f 1159/2206/1430 1167/2207/1431 1157/2208/1432
f 1157/2208/1432 1167/2207/1431 1164/2209/1433
f 1157/2208/1432 1164/2209/1433 1155/2210/1434
f 1155/2210/1434 1164/2209/1433 1153/2211/1435
f 1153/2211/1435 1164/2209/1433 1154/2212/1436
f 1154/2212/1436 1164/2209/1433 1165/2213/1437
f 1154/2212/1436 1165/2213/1437 1156/2214/1438
f 1156/2214/1438 1165/2213/1437 1166/2215/1439
f 1156/2214/1438 1166/2215/1439 1158/2216/1440
f 1158/2216/1440 1166/2215/1439 1168/2217/1441
f 1158/2216/1440 1168/2217/1441 1160/2218/1442
f 1160/2218/1442 1168/2217/1441 1170/2219/1443
f 1160/2218/1442 1170/2219/1443 1162/2220/1444
f 1162/2220/1444 1170/2219/1443 1163/2221/1445
f 1163/2221/1445 1170/2219/1443 1169/2222/1446
f 1163/2221/1445 1169/2222/1446 1161/2223/1447
f 1161/2223/1447 1169/2222/1446 1167/2224/1431
f 1161/2223/1447 1167/2224/1431 1159/2225/1430
f 1169/2226/1446 1170/2227/1448 1167/2228/1431
f 1170/2227/1448 1168/2229/533 1167/2228/1431
f 1167/2228/1431 1168/2229/533 1166/2230/1449
f 1167/2228/1431 1166/2230/1449 1164/2231/1433
f 1164/2231/1433 1166/2230/1449 1165/2232/1437
f 1263/2233/1450 1242/2234/1451 1253/2235/1452
f 1263/2233/1450 1253/2235/1452 1266/2236/1453
f 1266/2236/1453 1253/2235/1452 1267/2237/1454
f 1267/2237/1454 1253/2235/1452 1257/2238/1455
f 1267/2237/1454 1257/2238/1455 1265/2239/1456
f 1265/2239/1456 1257/2238/1455 1254/2240/1457
f 1265/2239/1456 1254/2240/1457 1264/2241/1458
f 1264/2241/1458 1254/2240/1457 1251/2242/1459
f 1264/2241/1458 1251/2242/1459 1262/2243/1460
f 1262/2243/1460 1251/2242/1459 1248/2244/1461
f 1262/2243/1460 1248/2244/1461 1260/2245/1462
f 1260/2245/1462 1248/2244/1461 1259/2246/1463
f 1259/2246/1463 1248/2244/1461 1246/2247/1464
f 1259/2246/1463 1246/2247/1464 1261/2248/1465
f 1261/2248/1465 1246/2247/1464 1250/2249/1466
f 1261/2248/1465 1250/2249/1466 1263/2250/1450
f 1263/2250/1450 1250/2249/1466 1242/2251/1451
f 1263/2252/23 1266/2253/23 1260/2254/1462
f 1260/2254/1462 1266/2253/23 1267/2255/23
f 1267/2255/23 1265/2256/23 1260/2254/1462
f 1260/2254/1462 1265/2256/23 1262/2257/1460
f 1262/2257/1460 1265/2256/23 1264/2258/1458
f 1261/2259/23 1260/2254/1462 1259/2260/1463
f 1260/2254/1462 1261/2259/23 1263/2252/23
f 1240/2261/1467 1227/2262/1468 1242/2263/1469
f 1240/2261/1467 1249/2023/1470 1223/2264/1471
f 1223/2264/1471 1249/2023/1470 1237/2265/1472
f 1237/2265/1472 1247/2266/1473 1220/2267/1474
f 1220/2267/1474 1247/2266/1473 1238/2268/1475
f 1221/2269/1476 1238/2268/1475 1224/2270/1477
f 1238/2268/1475 1239/2271/1478 1224/2270/1477
f 1239/2271/1478 1241/2272/1479 1224/2270/1477
f 1224/2270/1477 1241/2272/1479 1228/2273/1480
f 1241/2034/1479 1252/2274/1481 1228/2275/1480
f 1228/2275/1480 1252/2274/1481 1243/2276/1482
f 1232/2277/1483 1243/2276/1482 1256/2278/1484
f 1256/2278/1484 1258/2279/1485 1232/2277/1483
f 1232/2277/1483 1258/2279/1485 1233/2280/1486
f 1233/2280/1486 1258/2279/1485 1245/2281/1487
f 1245/2281/1487 1229/2282/1488 1233/2280/1486
f 1245/2281/1487 1255/2283/1489 1229/2282/1488
f 1229/2282/1488 1255/2283/1489 1244/2284/1490
f 1244/2284/1490 1242/2263/1469 1229/2282/1488
f 1229/2282/1488 1242/2263/1469 1227/2262/1468
f 1220/2267/1474 1238/2268/1475 1221/2269/1476
f 1223/2264/1471 1237/2265/1472 1220/2267/1474
f 1227/2262/1468 1240/2261/1467 1223/2264/1471
f 1228/2275/1480 1243/2276/1482 1232/2277/1483
f 1225/2285/1491 1227/2286/1468 1223/2287/1471
f 1225/2285/1491 1223/2287/1471 1222/2288/1492
f 1222/2288/1492 1223/2287/1471 1218/2289/1493
f 1218/2289/1493 1223/2287/1471 1220/2290/1474
f 1218/2289/1493 1220/2290/1474 1216/2291/1494
f 1216/2291/1494 1220/2290/1474 1217/2292/1495
f 1217/2292/1495 1220/2290/1474 1221/2293/1476
f 1217/2292/1495 1221/2293/1476 1219/2294/1496
f 1219/2294/1496 1221/2293/1476 1224/2295/1477
f 1219/2294/1496 1224/2295/1477 1226/2296/1497
f 1226/2296/1497 1224/2295/1477 1228/2297/1480
f 1226/2296/1497 1228/2297/1480 1231/2298/1498
f 1231/2298/1498 1228/2297/1480 1232/2299/1483
f 1231/2298/1498 1232/2299/1483 1234/2300/1499
f 1234/2300/1499 1232/2299/1483 1236/2301/1500
f 1236/2301/1500 1232/2299/1483 1233/2302/1486
f 1236/2301/1500 1233/2302/1486 1235/2303/1501
f 1235/2303/1501 1233/2302/1486 1229/2304/1488
f 1235/2303/1501 1229/2304/1488 1230/2305/1502
f 1230/2305/1502 1229/2304/1488 1225/2285/1491
f 1225/2285/1491 1229/2304/1488 1227/2286/1468
f 1225/2306/1503 1193/2307/1504 1230/2308/1505
f 1230/2308/1505 1193/2307/1504 1194/2309/1506
f 1230/2308/1505 1194/2309/1506 1204/2310/1507
f 1230/2308/1505 1204/2310/1507 1235/2311/1508
f 1235/2311/1508 1204/2310/1507 1205/2312/1509
f 1235/2311/1508 1205/2312/1509 1190/2313/1510
f 1235/2311/1508 1190/2313/1510 1236/2314/1511
f 1236/2314/1511 1190/2313/1510 1195/2315/1512
f 1236/2314/1511 1195/2315/1512 1207/2316/1513
f 1236/2314/1511 1207/2316/1513 1234/2317/1514
f 1234/2317/1514 1207/2316/1513 1206/2318/1515
f 1234/2317/1514 1206/2318/1515 1203/2319/1516
f 1234/2317/1514 1203/2319/1516 1231/2320/1517
f 1231/2320/1517 1203/2319/1516 1202/2321/1518
f 1231/2320/1517 1202/2321/1518 1226/2322/1519
f 1226/2322/1519 1202/2321/1518 1192/2323/1520
f 1226/2322/1519 1192/2323/1520 1219/2324/1521
f 1219/2324/1521 1192/2323/1520 1201/2325/1522
f 1219/2324/1521 1201/2325/1522 1188/2326/1523
f 1219/2324/1521 1188/2326/1523 1217/2327/1524
f 1217/2327/1524 1188/2326/1523 1198/2328/1525
f 1217/2327/1524 1198/2328/1525 1191/2329/1526
f 1217/2327/1524 1191/2329/1526 1216/2330/1527
f 1216/2330/1527 1191/2329/1526 1196/2331/1528
f 1216/2330/1527 1196/2331/1528 1218/2332/1529
f 1218/2332/1529 1196/2331/1528 1197/2333/1530
f 1218/2332/1529 1197/2333/1530 1199/2334/1531
f 1218/2332/1529 1199/2334/1531 1222/2335/1532
f 1222/2335/1532 1199/2334/1531 1200/2336/1533
f 1222/2335/1532 1200/2336/1533 1225/2337/1503
f 1225/2337/1503 1200/2336/1533 1193/2338/1504
f 1179/2339/1534 1193/2340/1504 1200/2341/1533
f 1190/2342/1510 1185/2343/1535 1187/2344/1536
f 1189/2345/1537 1186/2346/1538 1181/2347/1539
f 1192/2348/1520 1180/2349/1540 1174/2350/1541
f 1192/2348/1520 1174/2350/1541 1201/2351/1522
f 1201/2351/1522 1174/2350/1541 1188/2352/1523
f 1188/2352/1523 1172/2353/1542 1198/2354/1525
f 1174/2350/1541 1172/2353/1542 1188/2352/1523
f 1198/2354/1525 1172/2353/1542 1191/2355/1526
f 1172/2353/1542 1171/2356/1543 1191/2355/1526
f 1191/2355/1526 1171/2356/1543 1196/2357/1528
f 1196/2357/1528 1171/2356/1543 1197/2358/1530
f 1171/2356/1543 1173/2359/1544 1197/2358/1530
f 1197/2358/1530 1173/2359/1544 1199/2360/1531
f 1173/2359/1544 1176/2361/1545 1199/2360/1531
f 1199/2360/1531 1176/2361/1545 1200/2341/1533
f 1176/2361/1545 1179/2339/1534 1200/2341/1533
f 1204/2362/1507 1194/2363/1506 1185/2343/1535
f 1204/2362/1507 1185/2343/1535 1205/2364/1509
f 1205/2364/1509 1185/2343/1535 1190/2342/1510
f 1195/2365/1512 1187/2344/1536 1207/2366/1513
f 1207/2366/1513 1187/2344/1536 1186/2346/1538
f 1207/2366/1513 1186/2346/1538 1206/2367/1515
f 1206/2367/1515 1186/2346/1538 1189/2345/1537
f 1206/2367/1515 1189/2345/1537 1203/2368/1516
f 1203/2368/1516 1189/2345/1537 1181/2347/1539
f 1203/2368/1516 1181/2347/1539 1202/2369/1518
f 1202/2369/1518 1181/2347/1539 1180/2349/1540
f 1202/2369/1518 1180/2349/1540 1192/2348/1520
f 1193/2370/1504 1179/2371/1534 1194/2363/1506
f 1194/2363/1506 1179/2371/1534 1185/2343/1535
f 1190/2342/1510 1187/2344/1536 1195/2365/1512
f 1179/2372/1534 1177/2132/1546 1182/2134/1547
f 1179/2372/1534 1182/2134/1547 1185/2373/1535
f 1185/2373/1535 1182/2134/1547 1184/2137/1548
f 1185/2373/1535 1184/2137/1548 1187/2374/1536
f 1187/2374/1536 1184/2137/1548 1186/2375/1538
f 1186/2375/1538 1184/2137/1548 1183/2140/1549
f 1186/2375/1538 1183/2140/1549 1181/2376/1539
f 1181/2376/1539 1183/2140/1549 1180/2377/1540
f 1180/2377/1540 1183/2140/1549 1178/2143/1550
f 1180/2377/1540 1178/2143/1550 1174/2378/1541
f 1174/2378/1541 1178/2143/1550 1172/2379/1542
f 1172/2379/1542 1178/2143/1550 1175/2146/1551
f 1172/2379/1542 1175/2146/1551 1171/2380/1543
f 1171/2380/1543 1175/2146/1551 1173/2381/1544
f 1173/2381/1544 1175/2146/1551 1177/2132/1546
f 1173/2381/1544 1177/2132/1546 1176/2382/1545
f 1176/2382/1545 1177/2132/1546 1179/2372/1534
f 1212/2155/1399 1183/2149/1400 1213/2156/1401
f 1213/2156/1401 1183/2149/1400 1184/2150/1398
f 1213/2156/1401 1184/2150/1398 1214/2383/1397
f 1210/2384/1402 1178/2150/1403 1212/2385/1399
f 1212/2385/1399 1178/2150/1403 1183/2153/1400
f 1208/2148/1404 1175/2149/1405 1178/2150/1406
f 1208/2148/1404 1178/2150/1406 1210/2384/1407
f 1209/2386/1124 1177/2149/1396 1175/2150/1405
f 1209/2386/1124 1175/2150/1405 1208/2384/1404
f 1211/2387/1126 1182/2150/1395 1177/2153/1396
f 1211/2387/1126 1177/2153/1396 1209/2154/1124
f 1214/2383/1397 1184/2150/1398 1182/2153/1395
f 1214/2383/1397 1182/2153/1395 1211/2154/1126
f 1215/2388/1125 1209/1688/1124 1208/2389/1404
f 1208/2389/1404 1210/2390/1407 1215/2391/1125
f 1215/2392/1125 1210/2390/1407 1212/2393/1399
f 1215/2394/1125 1212/2393/1399 1213/2395/1401
f 1215/2396/1125 1214/2397/1397 1211/2398/1126
f 1214/2397/1397 1215/2399/1125 1213/2395/1401
