# Blender 5.1.2
# www.blender.org
mtllib prop_cw.mtl
o prop_cw
v 0.005204 -0.000900 0.001099
v 0.005254 -0.000563 -0.000000
v 0.005112 0.001246 0.000365
v 0.004949 0.001821 -0.000000
v 0.005050 0.001464 0.000643
v 0.005035 0.001437 0.004670
v 0.004535 0.002615 0.004673
v 0.003930 0.003481 -0.000000
v 0.003995 0.003406 0.004179
v 0.003903 0.003520 0.003794
v 0.002467 0.004685 -0.000000
v 0.002480 0.004648 0.003105
v 0.000379 0.005268 0.002125
v -0.000050 0.005284 -0.000000
v -0.001922 0.004921 0.001052
v -0.002465 0.004676 -0.000000
v -0.003603 0.003826 0.000358
v -0.004328 0.003056 -0.000002
v -0.003812 0.003610 0.000612
v -0.003857 0.003539 0.004675
v -0.003653 0.003787 0.001263
v -0.002911 0.004337 0.004693
v -0.001800 0.004967 0.002213
v -0.001792 0.004906 0.004693
v -0.000568 0.005191 0.004694
v -0.000128 0.005248 0.002992
v 0.000688 0.005177 0.004695
v 0.001591 0.005025 0.003794
v 0.001904 0.004862 0.004695
v 0.003300 0.004111 0.004597
v 0.004376 -0.002981 0.000000
v 0.004404 -0.002894 0.002090
v 0.002846 -0.004449 0.003082
v 0.002432 -0.004692 -0.000000
v 0.001017 -0.005156 0.003856
v -0.000026 -0.005310 -0.000001
v 0.000312 -0.005221 0.004703
v 0.001033 -0.005155 0.004331
v -0.001180 -0.005116 0.004500
v -0.001220 -0.005106 0.000612
v -0.001447 -0.005060 0.001254
v -0.002155 -0.004767 0.004701
v -0.003402 -0.004042 0.002213
v -0.003427 -0.003977 0.004500
v -0.004119 -0.003222 0.004704
v -0.004481 -0.002735 0.002992
v -0.004769 -0.002143 0.004705
v -0.005148 -0.001135 0.003794
v -0.005185 -0.000682 0.004732
v -0.005188 0.000822 0.004601
v -0.001522 -0.005032 0.000357
v -0.001862 -0.004909 0.000000
v -0.002827 -0.004424 0.000821
v -0.003538 -0.003925 -0.000000
v -0.004067 -0.003370 0.001536
v -0.004942 -0.001874 -0.000000
v -0.005120 -0.001302 0.002616
v -0.005251 0.000694 -0.000000
v -0.005236 0.000385 0.003325
v -0.004973 0.001697 0.003855
v -0.004591 0.002499 0.004687
v -0.004960 0.001722 0.004241
v -0.005108 0.001218 0.004573
v 0.003615 0.003810 0.004571
v 0.005225 0.000172 0.004682
v 0.005105 0.001277 0.001254
v 0.005202 -0.000925 0.002213
v 0.005115 -0.001081 0.004682
v 0.004710 -0.002270 0.004681
v 0.004609 -0.002514 0.002992
v 0.004032 -0.003328 0.004681
v 0.003556 -0.003891 0.003794
v 0.003123 -0.004194 0.004681
v -0.006667 0.001707 0.004650
v -0.007130 0.001619 0.004301
v -0.008536 0.001421 0.004601
v -0.013435 -0.000714 0.005236
v -0.017987 -0.003644 0.005117
v -0.020955 -0.005821 0.004926
v -0.023681 -0.008110 0.004682
v -0.025640 -0.010017 0.004336
v -0.027026 -0.011699 0.003943
v -0.028245 -0.013825 0.003406
v -0.028169 -0.013659 0.003136
v -0.026955 -0.011661 0.003611
v -0.028236 -0.014528 0.002667
v -0.025292 -0.009748 0.003927
v -0.022781 -0.007300 0.004402
v -0.018775 -0.004236 0.004661
v -0.010750 0.000639 0.004736
v -0.013568 -0.000801 0.004882
v -0.010615 0.000758 0.005139
v -0.008358 0.001482 0.004926
v -0.007243 0.001056 0.005049
v -0.009822 0.000410 0.005384
v -0.012320 -0.001230 0.005427
v -0.012605 -0.000948 0.005480
v -0.010146 0.000806 0.005227
v -0.021207 -0.006773 0.005133
v -0.022377 -0.008317 0.004910
v -0.024886 -0.010058 0.004666
v -0.027525 -0.014085 0.003753
v -0.027420 -0.013267 0.003928
v -0.016730 -0.003528 0.005403
v -0.026235 -0.018395 0.001125
v -0.026318 -0.018436 0.001305
v -0.026423 -0.018426 0.001142
v -0.026453 -0.018296 0.000956
v -0.026275 -0.018181 0.000899
v -0.026473 -0.017985 0.000871
v -0.027729 -0.017109 0.001952
v -0.026273 -0.017980 0.001800
v -0.026308 -0.017319 0.002193
v -0.002584 -0.006425 0.000393
v -0.002620 -0.006140 0.001056
v -0.003884 -0.006995 0.001133
v -0.003788 -0.007633 0.000725
v -0.003482 -0.007577 0.000150
v -0.004912 -0.010349 -0.000664
v -0.004977 -0.010395 -0.000477
v -0.005150 -0.010313 -0.000040
v -0.005632 -0.010580 0.000063
v -0.006112 -0.010749 0.000007
v -0.006620 -0.010881 -0.000443
v -0.008837 -0.009759 0.000516
v -0.009864 -0.009427 0.000887
v -0.010810 -0.009290 0.001164
v -0.011790 -0.009301 0.001392
v -0.013218 -0.009515 0.001627
v -0.014879 -0.010031 0.001812
v -0.014299 -0.009542 0.002471
v -0.008407 -0.009613 0.001004
v -0.010088 -0.008541 0.001954
v -0.010008 -0.009107 0.001582
v -0.012042 -0.009086 0.002066
v -0.016731 -0.010594 0.002548
v -0.019570 -0.011631 0.002918
v -0.019834 -0.012330 0.002569
v -0.021083 -0.013456 0.001881
v -0.022887 -0.014884 0.001720
v -0.024838 -0.016768 0.001410
v -0.022639 -0.014398 0.002389
v -0.019095 -0.012120 0.001960
v -0.017093 -0.011000 0.001934
v -0.005901 -0.010993 -0.000685
v -0.005405 -0.010834 -0.000706
v -0.027290 -0.016116 0.002907
v -0.028420 -0.015242 0.002912
v -0.027912 -0.015294 0.003257
v -0.027511 -0.016799 0.002540
v -0.028127 -0.016482 0.002334
v -0.028412 -0.015100 0.002634
v -0.027801 -0.016865 0.001793
v -0.028089 -0.016105 0.002017
v -0.003240 -0.006613 0.000065
v -0.003724 -0.007476 -0.000110
v -0.005203 -0.010316 -0.000913
v -0.005914 -0.010733 -0.000914
v -0.024041 -0.015552 0.001365
v -0.020480 -0.012665 0.001700
v -0.014969 -0.009763 0.001587
v -0.013937 -0.009128 0.001512
v -0.023099 -0.014267 0.001573
v -0.017738 -0.010921 0.001706
v -0.012556 -0.009111 0.001289
v -0.010057 -0.008751 0.000760
v -0.011059 -0.009020 0.000975
v -0.009452 -0.009264 0.000503
v -0.006619 -0.010612 -0.000707
v -0.005730 -0.010483 -0.000955
v -0.002903 -0.004206 0.004866
v -0.000612 -0.005074 0.004865
v 0.001843 -0.004923 0.004595
v 0.001868 -0.004746 0.004875
v 0.003864 0.003352 0.004863
v 0.002420 0.004341 0.004974
v 0.000122 0.004969 0.004974
v -0.002204 0.004456 0.004973
v -0.004030 0.002919 0.004970
v -0.004916 0.000226 0.004984
v -0.004952 0.001237 0.004873
v -0.004696 -0.001661 0.004967
v 0.004378 0.002240 0.004983
v 0.004957 0.000466 0.004969
v 0.004593 -0.001888 0.004977
v 0.003186 -0.003813 0.004976
v 0.000508 -0.004894 0.004981
v -0.001837 -0.004564 0.004981
v -0.003763 -0.003177 0.004978
v 0.007347 0.000500 0.000065
v 0.007087 0.000928 0.000363
v 0.008336 0.000513 -0.000110
v 0.008483 0.000774 0.000111
v 0.011322 0.000935 -0.000621
v 0.011959 0.000795 -0.000690
v 0.012399 0.000472 -0.000719
v 0.012740 -0.000315 -0.000440
v 0.012856 -0.002613 0.000463
v 0.013079 -0.003815 0.000889
v 0.013611 -0.005017 0.001249
v 0.014259 -0.005974 0.001485
v 0.015134 -0.006996 0.001649
v 0.015900 -0.007684 0.001807
v 0.017902 -0.009199 0.001944
v 0.019832 -0.010359 0.001962
v 0.022101 -0.011484 0.001883
v 0.024468 -0.012416 0.001697
v 0.026553 -0.013034 0.001465
v 0.025620 -0.013086 0.001353
v 0.028778 -0.013886 0.000857
v 0.029047 -0.013522 0.001122
v 0.023596 -0.012751 0.001595
v 0.021208 -0.011403 0.001700
v 0.018425 -0.009953 0.001706
v 0.015916 -0.008059 0.001585
v 0.014875 -0.007507 0.001512
v 0.014176 -0.006326 0.001290
v 0.013341 -0.005067 0.000975
v 0.012607 -0.004337 0.000761
v 0.012751 -0.003564 0.000507
v 0.012500 -0.000427 -0.000707
v 0.011944 0.000279 -0.000955
v 0.012257 0.000225 -0.000911
v 0.011566 0.000655 -0.000917
v 0.002163 -0.006984 0.004301
v 0.004822 -0.009629 0.004736
v 0.013056 -0.014142 0.004661
v 0.021088 -0.017029 0.003927
v 0.026699 -0.017189 0.002667
v 0.027992 -0.016274 0.002017
v 0.001894 -0.006687 0.004654
v 0.003037 -0.008103 0.004601
v 0.006418 -0.010724 0.005229
v 0.009171 -0.012252 0.005228
v 0.012506 -0.013937 0.005043
v 0.015230 -0.015114 0.004964
v 0.018805 -0.016440 0.004674
v 0.021333 -0.017156 0.004358
v 0.023674 -0.017555 0.003952
v 0.025464 -0.017541 0.003643
v 0.025914 -0.017566 0.003136
v 0.023576 -0.017513 0.003611
v 0.017712 -0.016079 0.004402
v 0.007477 -0.011349 0.004882
v 0.004554 -0.009478 0.005163
v 0.002971 -0.008051 0.004960
v 0.029130 -0.013586 0.001296
v 0.029170 -0.013670 0.001142
v 0.029045 -0.013695 0.000930
v 0.028682 -0.015460 0.001952
v 0.028747 -0.013720 0.001770
v 0.028156 -0.014118 0.002190
v 0.006933 0.000725 0.001017
v 0.007930 0.000140 0.001146
v 0.008793 0.000556 0.000634
v 0.011676 0.000661 -0.000049
v 0.012219 0.000367 -0.000074
v 0.012420 -0.000278 0.000143
v 0.011845 0.000232 0.000199
v 0.012401 -0.004427 0.001947
v 0.012584 -0.003115 0.001249
v 0.013537 -0.005407 0.001953
v 0.015499 -0.007611 0.002387
v 0.017936 -0.010158 0.002972
v 0.018619 -0.009914 0.002591
v 0.022776 -0.012017 0.002470
v 0.025827 -0.013055 0.002179
v 0.012437 0.000398 -0.000505
v 0.007323 -0.010113 0.005428
v 0.018725 -0.015660 0.004958
v 0.002707 -0.006571 0.005029
v 0.025275 -0.016659 0.003886
v 0.027609 -0.015568 0.002902
v 0.026157 -0.016900 0.003671
v 0.026341 -0.017473 0.003325
v 0.027410 -0.016991 0.002912
v 0.027201 -0.016526 0.003257
v 0.028303 -0.015425 0.002540
v 0.028338 -0.016118 0.002334
v 0.003459 -0.007680 0.005224
v 0.004922 -0.008989 0.005411
v 0.008340 -0.011154 0.005486
v 0.014789 -0.014280 0.005243
v 0.023076 -0.016895 0.004370
v 0.027283 -0.017055 0.002634
v 0.028490 -0.015617 0.001745
v 0.004966 0.005365 0.004300
v 0.005929 0.008993 0.004736
v -0.000936 0.016637 0.001513
v -0.002547 0.013088 0.000761
v -0.004096 0.006088 0.000070
v -0.006213 0.010204 -0.000955
v -0.000594 0.020939 0.001706
v 0.005720 0.018378 0.004661
v 0.004204 0.026777 0.003927
v -0.000806 0.027138 0.001573
v 0.001537 0.031717 0.002667
v 0.000097 0.032379 0.002017
v 0.000674 0.003258 0.002262
v -0.000720 0.003194 0.001613
v -0.000198 0.003494 0.001857
v 0.004811 0.004920 0.004650
v 0.005498 0.006683 0.004601
v 0.006101 0.011988 0.005236
v 0.005838 0.017397 0.005117
v 0.005437 0.021058 0.004926
v 0.004817 0.024563 0.004682
v 0.004145 0.027213 0.004335
v 0.003381 0.029255 0.003943
v 0.002150 0.031373 0.003406
v 0.002256 0.031225 0.003136
v 0.003379 0.029174 0.003611
v 0.005068 0.023378 0.004402
v 0.006091 0.012143 0.004883
v 0.005964 0.008817 0.005139
v 0.005461 0.006498 0.004926
v 0.004440 0.005783 0.005063
v 0.005266 0.008301 0.005384
v 0.005095 0.011285 0.005427
v 0.005482 0.011390 0.005480
v 0.005770 0.008382 0.005227
v 0.004738 0.021753 0.005133
v 0.003986 0.023538 0.004910
v 0.003732 0.026581 0.004666
v 0.001564 0.030880 0.003753
v 0.002221 0.030380 0.003928
v 0.005310 0.016251 0.005403
v -0.004247 0.006866 0.001063
v -0.003156 0.012465 0.001571
v -0.006305 0.010250 0.000098
v -0.001687 0.014653 0.002254
v -0.000805 0.017558 0.002665
v -0.000473 0.023506 0.002822
v -0.000322 0.031695 0.002902
v -0.001953 0.031393 0.002135
v -0.002813 0.031916 0.001122
v -0.002807 0.032010 0.001305
v -0.002746 0.032097 0.001142
v -0.002618 0.032057 0.000956
v -0.002604 0.031849 0.000897
v -0.002344 0.031917 0.000871
v -0.000952 0.032569 0.001952
v -0.002490 0.031764 0.001764
v -0.004276 0.005464 0.000393
v -0.004067 0.005431 0.001005
v -0.004750 0.007139 0.000697
v -0.004799 0.006771 0.000155
v -0.006279 0.009012 -0.000533
v -0.006244 0.009391 0.000000
v -0.006587 0.009609 -0.000633
v -0.006492 0.010033 -0.000114
v -0.006675 0.010247 -0.000729
v -0.006435 0.010849 -0.000587
v -0.003337 0.012719 0.001350
v -0.002054 0.014562 0.001952
v -0.002490 0.014229 0.001232
v -0.001962 0.015315 0.001479
v -0.001524 0.016637 0.001688
v -0.001161 0.018384 0.001820
v -0.000988 0.020108 0.001944
v -0.000949 0.022570 0.001957
v -0.001084 0.024749 0.001891
v -0.000919 0.025013 0.002481
v -0.001439 0.027180 0.001728
v -0.001470 0.028302 0.002224
v -0.002057 0.029741 0.001426
v -0.003209 0.013273 0.000901
v -0.006230 0.010721 0.000009
v -0.004056 0.012512 0.000503
v -0.005739 0.011440 -0.000274
v -0.001313 0.016643 0.002297
v -0.000741 0.020618 0.002563
v 0.000720 0.003194 0.003387
v -0.000674 0.003258 0.002738
v 0.000198 0.003494 0.003143
v 0.001010 0.032233 0.002912
v 0.000711 0.031820 0.003257
v -0.000793 0.032224 0.002540
v -0.000210 0.032600 0.002334
v 0.001129 0.032155 0.002634
v -0.000705 0.032509 0.001793
v -0.004613 0.006962 -0.000110
v -0.006334 0.009664 -0.000913
v -0.006340 0.010489 -0.000913
v -0.001451 0.028599 0.001365
v -0.000731 0.024077 0.001700
v -0.000979 0.017819 0.001585
v -0.001610 0.015443 0.001291
v -0.002282 0.014090 0.000976
v -0.003290 0.012826 0.000507
v -0.005882 0.011039 -0.000707
v -0.000722 -0.000286 0.005000
v -0.000762 -0.001811 0.005000
v -0.001000 -0.002500 0.005000
v -0.000689 -0.003262 0.005000
v 0.000000 -0.003500 0.005000
v 0.000762 -0.003189 0.005000
v 0.000977 -0.002185 0.005000
v 0.000495 -0.000598 0.005000
v 0.000750 0.000000 0.005000
v 0.000416 0.000656 0.005000
v 0.000762 0.001811 0.005000
v 0.000981 0.002803 0.005000
v 0.000252 0.003503 0.005000
v -0.000760 0.003197 0.005000
v -0.001000 0.002500 0.005000
v -0.000689 0.001738 0.005000
v -0.000495 0.000598 0.005000
v 0.000000 0.001500 0.005000
v 0.000215 -0.001496 0.005000
v -0.000232 -0.000713 0.005000
v 0.000689 0.001738 -0.000000
v 0.001000 0.002500 -0.000000
v 0.000760 0.003197 0.000000
v -0.000981 0.002803 -0.000000
v -0.000762 0.001811 -0.000000
v 0.000000 0.001500 -0.000000
v -0.000252 0.003503 -0.000000
v 0.000416 -0.000656 0.000000
v 0.000750 0.000000 0.000000
v 0.000495 0.000598 -0.000000
v -0.000232 0.000713 -0.000000
v -0.000722 0.000286 -0.000000
v -0.000495 -0.000598 0.000000
v 0.000689 -0.003262 0.000000
v 0.001004 -0.002285 0.000000
v 0.000315 -0.001523 0.000000
v -0.000689 -0.001738 0.000000
v -0.001000 -0.002500 0.000000
v -0.000762 -0.003189 0.000000
v 0.000000 -0.003500 0.000000
v 0.005487 0.000372 -0.000122
v 0.005396 -0.001059 -0.000122
v 0.004939 -0.002417 -0.000122
v 0.004143 -0.003599 -0.000087
v 0.003095 -0.004551 -0.000130
v 0.001784 -0.005203 -0.000124
v 0.000367 -0.005487 -0.000122
v -0.001063 -0.005395 -0.000122
v -0.002421 -0.004937 -0.000122
v -0.003615 -0.004144 -0.000122
v -0.004563 -0.003069 -0.000122
v -0.005201 -0.001786 -0.000122
v -0.005489 -0.000405 -0.000130
v -0.005406 0.000785 -0.000034
v -0.005242 0.001559 -0.000060
v -0.004935 0.002425 -0.000122
v -0.004141 0.003618 -0.000122
v -0.003065 0.004566 -0.000122
v -0.001781 0.005203 -0.000122
v -0.000361 0.005456 -0.000041
v 0.001054 0.005397 -0.000122
v 0.002394 0.004956 -0.000130
v 0.003614 0.004146 -0.000124
v 0.004568 0.003062 -0.000122
v 0.005204 0.001777 -0.000122
v -0.005370 -0.000629 -0.000012
v -0.004268 0.003314 -0.000008
v -0.002315 0.004914 -0.000011
v 0.001843 0.005109 -0.000010
v 0.004155 0.003500 -0.000011
v 0.005349 0.000950 -0.000011
v 0.005105 -0.001855 -0.000010
v 0.002965 -0.004551 -0.000010
v 0.000287 -0.005424 -0.000010
v -0.002468 -0.004839 -0.000011
v -0.004560 -0.002953 -0.000011
v 0.005528 -0.000096 -0.000506
v 0.005327 0.001414 -0.000499
v 0.004613 0.003050 -0.000498
v 0.003589 0.004179 -0.000521
v 0.005330 -0.001401 -0.000499
v 0.004621 -0.003039 -0.000496
v 0.003585 -0.004183 -0.000524
v 0.002728 -0.004787 -0.000902
v 0.001825 -0.005198 -0.000521
v 0.000334 -0.005520 -0.000498
v -0.001439 -0.005320 -0.000499
v -0.002847 -0.004739 -0.000506
v -0.003879 -0.003916 -0.000499
v -0.004942 -0.002482 -0.000496
v -0.005421 -0.000969 -0.000542
v -0.005431 -0.001330 -0.000933
v -0.005510 0.000030 -0.000900
v -0.004948 0.002470 -0.000498
v -0.003888 0.003906 -0.000499
v -0.002681 0.004836 -0.000506
v -0.001452 0.005317 -0.000499
v 0.000322 0.005521 -0.000496
v 0.001830 0.005196 -0.000524
v 0.002782 0.004756 -0.000902
v 0.003826 0.004073 -0.000931
v 0.001615 -0.005350 -0.000932
v -0.000752 0.000108 -0.000000
v -0.000572 -0.000526 0.000000
v -0.000759 -0.001834 0.000000
v -0.001002 -0.002377 0.000000
v -0.000826 -0.003111 0.000000
v -0.000037 -0.003527 0.000000
v 0.000651 -0.003272 0.000000
v 0.000973 -0.002771 0.000000
v 0.000957 -0.002176 0.000000
v 0.000752 -0.000108 0.000000
v 0.000572 0.000526 -0.000000
v 0.000780 0.001831 -0.000000
v 0.001009 0.002527 -0.000000
v 0.000819 0.003091 -0.000000
v 0.000190 0.003510 -0.000000
v -0.000528 0.003360 -0.000000
v -0.000921 0.002913 -0.000000
v -0.000994 0.002322 -0.000000
v -0.000721 0.001793 -0.000000
v -0.000116 -0.001479 0.000000
v 0.000024 -0.000759 0.000000
v 0.000507 -0.000566 0.000000
v 0.000608 -0.001694 0.000000
v -0.000037 0.001473 -0.000000
v -0.000024 0.000759 -0.000000
v -0.000507 0.000566 -0.000000
v -0.000744 0.000156 -0.000500
v -0.000470 0.000597 -0.000500
v 0.000024 0.000759 -0.000500
v 0.000618 0.000472 -0.000500
v 0.000744 -0.000156 -0.000500
v 0.000470 -0.000597 -0.000500
v -0.000024 -0.000759 -0.000500
v -0.000618 -0.000472 -0.000500
v -0.000921 0.002087 -0.000500
v -0.000994 0.002678 -0.000500
v -0.000721 0.003207 -0.000500
v -0.000198 0.003490 -0.000500
v 0.000548 0.003369 -0.000500
v 0.000973 0.002771 -0.000500
v 0.000908 0.002019 -0.000500
v 0.000190 0.001490 -0.000500
v -0.000528 0.001640 -0.000500
v -0.000993 -0.002765 -0.000500
v -0.000826 -0.001889 -0.000500
v -0.000037 -0.001473 -0.000500
v 0.000651 -0.001728 -0.000500
v 0.000973 -0.002229 -0.000500
v 0.000957 -0.002824 -0.000500
v 0.000479 -0.003409 -0.000500
v -0.000412 -0.003441 -0.000500
v -0.007955 -0.000070 -0.007472
v -0.007874 0.001348 -0.007421
v -0.007425 -0.002707 -0.007493
v -0.006235 -0.004866 -0.007487
v -0.003990 -0.006855 -0.007489
v -0.000738 -0.007897 -0.007489
v 0.002138 -0.007672 -0.007463
v 0.003343 -0.007234 -0.007459
v 0.004548 -0.006524 -0.007470
v 0.006637 -0.004342 -0.007490
v 0.007848 -0.001150 -0.007489
v 0.007604 0.002255 -0.007490
v 0.006306 0.004868 -0.007463
v 0.004499 0.006555 -0.007470
v 0.003342 0.007234 -0.007459
v 0.002078 0.007691 -0.007463
v -0.000073 0.007886 -0.007489
v -0.002615 0.007489 -0.007490
v -0.005521 0.005695 -0.007489
v -0.007229 0.003193 -0.007492
v 0.007892 -0.001308 -0.007376
v 0.007989 0.000417 -0.007376
v 0.007713 0.002123 -0.007376
v 0.007052 0.003753 -0.007416
v 0.005514 0.005797 -0.007375
v 0.000881 0.007953 -0.007373
v -0.000875 0.007952 -0.007377
v -0.002562 0.007578 -0.007377
v -0.004130 0.006851 -0.007377
v -0.005505 0.005804 -0.007377
v -0.006623 0.004486 -0.007377
v -0.007435 0.002956 -0.007374
v 0.007427 -0.002973 -0.007376
v 0.006602 -0.004523 -0.007372
v 0.005494 -0.005817 -0.007374
v 0.000854 -0.007956 -0.007373
v -0.000904 -0.007948 -0.007376
v -0.002591 -0.007569 -0.007376
v -0.004156 -0.006835 -0.007376
v -0.005527 -0.005783 -0.007376
v -0.006640 -0.004461 -0.007376
v -0.007445 -0.002930 -0.007374
v -0.007894 -0.001307 -0.007375
v -0.007002 0.000256 -0.007334
v -0.007007 -0.000253 -0.007348
v -0.006867 -0.001410 -0.007300
v -0.006786 -0.001964 -0.007445
v -0.006562 -0.002448 -0.007301
v -0.006367 -0.002908 -0.007300
v -0.005853 -0.003858 -0.007300
v -0.005146 -0.004769 -0.007394
v -0.004772 -0.005130 -0.007335
v -0.003858 -0.005853 -0.007300
v -0.002947 -0.006367 -0.007343
v -0.002446 -0.006559 -0.007300
v -0.001678 -0.006803 -0.007319
v -0.001165 -0.006977 -0.007451
v -0.000248 -0.006999 -0.007300
v 0.000253 -0.007006 -0.007347
v 0.001410 -0.006867 -0.007300
v 0.001962 -0.006786 -0.007445
v 0.002449 -0.006562 -0.007301
v 0.002953 -0.006400 -0.007295
v 0.004768 -0.005146 -0.007394
v 0.005129 -0.004771 -0.007333
v 0.005853 -0.003858 -0.007300
v 0.006282 -0.003221 -0.007436
v 0.006372 -0.002909 -0.007302
v 0.006559 -0.002446 -0.007300
v 0.006803 -0.001678 -0.007319
v 0.006981 -0.001294 -0.007476
v 0.006999 -0.000249 -0.007300
v 0.007007 0.000253 -0.007348
v 0.006867 0.001410 -0.007300
v 0.006787 0.001961 -0.007445
v 0.006562 0.002449 -0.007301
v 0.006400 0.002953 -0.007295
v 0.006211 0.003406 -0.007470
v 0.005124 0.004774 -0.007300
v 0.004772 0.005130 -0.007335
v 0.003858 0.005853 -0.007300
v 0.002947 0.006375 -0.007351
v 0.002448 0.006562 -0.007300
v 0.001678 0.006803 -0.007319
v 0.000248 0.006998 -0.007300
v -0.000255 0.007029 -0.007412
v -0.001410 0.006867 -0.007300
v -0.001928 0.006814 -0.007470
v -0.002448 0.006561 -0.007301
v -0.002953 0.006400 -0.007295
v -0.004768 0.005147 -0.007395
v -0.005130 0.004772 -0.007334
v -0.005853 0.003858 -0.007300
v -0.006280 0.003222 -0.007433
v -0.006371 0.002908 -0.007302
v -0.006559 0.002446 -0.007300
v -0.006803 0.001678 -0.007319
v -0.007027 0.001231 -0.007488
v -0.007122 -0.000583 -0.007489
v -0.006058 0.003819 -0.007488
v -0.003575 0.006123 -0.007472
v 0.001078 0.007013 -0.007473
v 0.003534 0.006241 -0.007485
v 0.005201 0.004818 -0.007472
v 0.007125 0.000670 -0.007488
v 0.005959 -0.003956 -0.007487
v 0.003498 -0.006166 -0.007472
v 0.000561 -0.007127 -0.007487
v -0.002614 -0.006653 -0.007487
v -0.004276 -0.005710 -0.007487
v -0.006188 -0.003459 -0.007473
v -0.007604 0.001760 -0.001856
v -0.007742 0.002024 -0.001510
v -0.007750 -0.001980 -0.001509
v -0.007768 -0.001867 -0.002036
v -0.007718 -0.001804 -0.001922
v -0.007634 -0.001799 -0.001451
v -0.007645 -0.001713 -0.001960
v 0.000231 -0.007280 -0.001581
v 0.000226 -0.007265 -0.001855
v 0.000270 -0.007039 -0.001505
v 0.000262 -0.007036 -0.001870
v 0.005052 0.004874 -0.001870
v 0.005054 0.004864 -0.001506
v 0.006205 -0.003642 -0.001968
v 0.006897 -0.001891 -0.002012
v 0.007138 0.000029 -0.002009
v 0.006861 0.002019 -0.002012
v 0.006183 0.003581 -0.001981
v 0.006062 0.003530 -0.002110
v 0.006366 0.002902 -0.002209
v 0.006849 0.001544 -0.002128
v 0.007002 0.000224 -0.002189
v 0.006846 -0.001554 -0.002128
v 0.006365 -0.002903 -0.002204
v 0.006474 -0.004635 -0.002020
v 0.007067 -0.003643 -0.002032
v 0.007594 -0.002514 -0.002124
v 0.007955 -0.000841 -0.002124
v 0.007952 0.000871 -0.002124
v 0.007584 0.002544 -0.002124
v 0.007096 0.003591 -0.002032
v 0.006493 0.004612 -0.002034
v 0.007898 0.000748 -0.002013
v 0.007689 -0.001755 -0.002012
v 0.005044 -0.004952 -0.001918
v 0.005024 -0.004884 -0.002090
v 0.000297 0.007015 -0.001887
v 0.000271 0.007035 -0.001504
v 0.000231 0.007280 -0.001581
v 0.005546 0.000005 -0.000903
v -0.005511 -0.001436 -0.000594
v -0.005935 -0.001883 -0.000813
v -0.006041 -0.001904 -0.001234
v -0.006733 -0.001950 -0.001504
v -0.006404 -0.002014 -0.001008
v -0.006479 0.002003 -0.001036
v -0.006734 0.001950 -0.001504
v -0.006065 0.001933 -0.000874
v -0.005820 0.001809 -0.001137
v -0.005647 0.001640 -0.000670
v -0.005423 0.001125 -0.000914
v -0.005411 0.001091 -0.000530
v 0.004528 -0.000069 -0.000500
v 0.004131 0.001865 -0.000500
v 0.006181 0.003812 -0.001579
v 0.006187 -0.003831 -0.001573
v 0.003918 -0.002319 -0.000499
v 0.005959 -0.003752 -0.001506
v 0.004559 -0.004193 -0.001177
v 0.005055 -0.004853 -0.001503
v 0.003769 -0.004090 -0.000921
v 0.001893 -0.004185 -0.000499
v 0.001358 -0.006355 -0.001299
v 0.001703 -0.006820 -0.001512
v -0.000922 -0.004474 -0.000500
v -0.002774 -0.004803 -0.000904
v -0.003005 -0.003391 -0.000500
v -0.006391 -0.003448 -0.001575
v -0.004258 -0.001597 -0.000499
v -0.006232 -0.003224 -0.001506
v -0.006508 -0.002585 -0.001500
v -0.004367 0.001343 -0.000499
v -0.006510 0.002582 -0.001500
v -0.006232 0.003223 -0.001506
v -0.006390 0.003448 -0.001576
v -0.002766 0.003623 -0.000500
v -0.002767 0.004806 -0.000904
v 0.000083 0.004576 -0.000499
v 0.001676 0.006805 -0.001503
v 0.001351 0.006045 -0.001177
v 0.001657 0.005309 -0.000922
v 0.002768 0.003618 -0.000500
v 0.004610 0.004224 -0.001201
v 0.005923 0.003785 -0.001502
v 0.006996 -0.000250 -0.002300
v 0.006883 -0.001326 -0.002300
v 0.006559 -0.002446 -0.002300
v 0.005832 -0.003882 -0.002300
v 0.005927 -0.003765 -0.001886
v 0.005123 -0.004770 -0.002300
v 0.004764 -0.005118 -0.002293
v 0.004070 -0.005719 -0.002125
v 0.003877 -0.005839 -0.002300
v 0.002904 -0.006366 -0.002210
v 0.002446 -0.006559 -0.002300
v 0.001345 -0.006881 -0.002300
v 0.000250 -0.006996 -0.002300
v -0.000208 -0.007004 -0.002198
v -0.001432 -0.006862 -0.002300
v -0.002444 -0.006554 -0.002292
v -0.002908 -0.006361 -0.002211
v -0.003882 -0.005837 -0.002300
v -0.004166 -0.005650 -0.002129
v -0.004769 -0.005115 -0.002237
v -0.005130 -0.004765 -0.002247
v -0.005853 -0.003856 -0.002300
v -0.006114 -0.003469 -0.002053
v -0.006367 -0.002908 -0.002300
v -0.006224 -0.003253 -0.001885
v -0.006559 -0.002446 -0.002300
v -0.006882 -0.001338 -0.002300
v -0.007001 -0.000285 -0.002185
v -0.007002 0.000266 -0.002193
v -0.006882 0.001338 -0.002300
v -0.006559 0.002446 -0.002300
v -0.006367 0.002908 -0.002300
v -0.006087 0.003486 -0.002110
v -0.005854 0.003855 -0.002300
v -0.005115 0.004762 -0.002233
v -0.004770 0.005123 -0.002300
v -0.004159 0.005656 -0.002129
v -0.003882 0.005837 -0.002300
v -0.002899 0.006378 -0.002185
v -0.002446 0.006559 -0.002300
v -0.001432 0.006862 -0.002300
v -0.001323 0.006896 -0.002125
v -0.000250 0.006996 -0.002300
v 0.000052 0.007026 -0.002058
v 0.000250 0.006996 -0.002300
v 0.001347 0.006878 -0.002300
v 0.001734 0.006793 -0.002091
v 0.002446 0.006559 -0.002300
v 0.002904 0.006366 -0.002205
v 0.003877 0.005839 -0.002300
v 0.004770 0.005123 -0.002300
v 0.005123 0.004770 -0.002300
v 0.005832 0.003882 -0.002300
v 0.006559 0.002446 -0.002300
v 0.006883 0.001326 -0.002300
v 0.006378 0.004805 -0.001924
v 0.006344 0.004869 -0.001508
v 0.005603 -0.005711 -0.001508
v 0.005497 -0.005777 -0.001930
v 0.005317 -0.005969 -0.002118
v 0.003715 -0.007048 -0.002038
v 0.002275 -0.007658 -0.002034
v 0.001049 -0.007931 -0.001510
v 0.000856 -0.007937 -0.002031
v -0.000719 -0.007967 -0.002124
v -0.002398 -0.007632 -0.002124
v -0.003967 -0.006947 -0.002124
v -0.005354 -0.005944 -0.002124
v -0.006474 -0.004647 -0.002042
v -0.007250 -0.003293 -0.002023
v -0.007955 -0.000329 -0.002030
v -0.007986 0.000381 -0.002119
v -0.007769 0.001864 -0.002032
v -0.007360 0.003082 -0.001505
v -0.007351 0.003121 -0.001924
v -0.007234 0.003333 -0.002040
v -0.006514 0.004644 -0.002123
v -0.005376 0.005923 -0.002123
v -0.003993 0.006932 -0.002123
v -0.002372 0.007610 -0.002038
v -0.000734 0.007950 -0.002075
v 0.000807 0.007931 -0.002020
v 0.002149 0.007703 -0.001506
v 0.002253 0.007652 -0.001930
v 0.002436 0.007606 -0.002093
v 0.003646 0.007119 -0.002124
v 0.004381 0.006638 -0.002026
v 0.005494 0.005799 -0.002033
v 0.005512 0.005745 -0.001491
v 0.006044 -0.000280 -0.002300
v 0.005634 -0.002063 -0.002300
v 0.005691 0.002054 -0.002300
v 0.005995 0.000250 -0.002300
v 0.004472 0.004076 -0.002300
v 0.005443 0.002525 -0.002300
v 0.002572 0.005477 -0.002300
v 0.004062 0.004416 -0.002300
v 0.000280 0.006044 -0.002300
v 0.002063 0.005634 -0.002300
v -0.002054 0.005691 -0.002300
v -0.000250 0.005995 -0.002300
v -0.004076 0.004472 -0.002300
v -0.002525 0.005443 -0.002300
v -0.006044 0.000280 -0.002300
v -0.005634 0.002063 -0.002300
v -0.005477 0.002572 -0.002300
v -0.004416 0.004062 -0.002300
v -0.004472 -0.004076 -0.002300
v -0.005443 -0.002525 -0.002300
v -0.002572 -0.005477 -0.002300
v -0.004062 -0.004416 -0.002300
v -0.000280 -0.006044 -0.002300
v -0.002063 -0.005634 -0.002300
v 0.002054 -0.005691 -0.002300
v 0.000250 -0.005995 -0.002300
v 0.004076 -0.004472 -0.002300
v 0.002525 -0.005443 -0.002300
v 0.005477 -0.002572 -0.002300
v 0.004416 -0.004062 -0.002300
v -0.005691 -0.002054 -0.002300
v -0.005995 -0.000250 -0.002300
v 0.005691 -0.002054 -0.007300
v 0.005995 -0.000250 -0.007300
v 0.006044 0.000280 -0.007300
v 0.005634 0.002063 -0.007300
v 0.005477 0.002572 -0.007300
v 0.004416 0.004062 -0.007300
v 0.004076 0.004472 -0.007300
v 0.002525 0.005443 -0.007300
v 0.002054 0.005691 -0.007300
v 0.000250 0.005995 -0.007300
v -0.000280 0.006044 -0.007300
v -0.002063 0.005634 -0.007300
v -0.002572 0.005477 -0.007300
v -0.004062 0.004416 -0.007300
v -0.005691 0.002054 -0.007300
v -0.005995 0.000250 -0.007300
v -0.004472 0.004076 -0.007300
v -0.005443 0.002525 -0.007300
v -0.005477 -0.002572 -0.007300
v -0.004416 -0.004062 -0.007300
v -0.004076 -0.004472 -0.007300
v -0.002525 -0.005443 -0.007300
v -0.002054 -0.005691 -0.007300
v -0.000250 -0.005995 -0.007300
v 0.000280 -0.006044 -0.007300
v 0.002063 -0.005634 -0.007300
v 0.002572 -0.005477 -0.007300
v 0.004062 -0.004416 -0.007300
v 0.004472 -0.004076 -0.007300
v 0.005443 -0.002525 -0.007300
v -0.006044 -0.000280 -0.007300
v -0.005634 -0.002063 -0.007300
v 0.005581 0.000509 -0.000533
v 0.005939 -0.002621 -0.000891
v -0.003232 0.004578 -0.000533
v -0.000700 0.006454 -0.000891
v -0.007653 0.001798 -0.001464
v -0.002349 -0.005088 -0.000533
v -0.005239 -0.003833 -0.000891
v 0.002221 -0.007643 -0.001490
v 0.004935 0.004522 -0.001002
v 0.005326 0.005706 -0.001856
v 0.004048 0.004057 -0.000609
v 0.004495 0.004154 -0.000774
v 0.001458 0.006554 -0.001008
v 0.001335 0.006071 -0.000808
v 0.001506 0.005505 -0.000599
v 0.001766 0.006844 -0.001918
v 0.002295 0.007482 -0.001889
v 0.001951 0.006828 -0.002013
v 0.002445 0.007471 -0.001998
v 0.004062 0.005761 -0.002045
v 0.004952 0.005000 -0.002029
v 0.005282 0.005821 -0.001981
v -0.006749 0.001937 -0.001870
v -0.006752 -0.001933 -0.001880
v -0.006807 -0.001792 -0.002021
v -0.007161 -0.000067 -0.002012
v -0.007683 0.001663 -0.001983
v -0.006806 0.001789 -0.002029
v -0.000284 -0.006836 -0.001050
v -0.007351 -0.003096 -0.001506
v 0.000008 -0.007145 -0.001982
v -0.001693 -0.007749 -0.002012
v -0.002493 -0.006645 -0.002025
v -0.004759 -0.006344 -0.002011
v -0.004583 -0.005496 -0.002013
v -0.006249 -0.003572 -0.001979
v 0.000997 0.007916 -0.001507
v -0.006405 0.003437 -0.001855
v -0.005778 0.003664 -0.001050
v -0.006191 0.003566 -0.001982
v -0.005864 0.005340 -0.002011
v -0.004282 0.005743 -0.002017
v -0.003495 0.007090 -0.002011
v -0.002154 0.006801 -0.002012
v 0.000011 0.007190 -0.001989
v 0.001448 -0.006535 -0.001002
v 0.002279 -0.007466 -0.001856
v 0.001696 -0.006813 -0.001870
v 0.001489 -0.005534 -0.000609
v 0.001350 -0.005970 -0.000774
v 0.004947 -0.004540 -0.001008
v 0.004590 -0.004192 -0.000808
v 0.004014 -0.004056 -0.000599
v 0.005332 -0.005729 -0.001889
v 0.004941 -0.005096 -0.002011
v 0.003834 -0.006041 -0.002010
v 0.005248 -0.005852 -0.001998
v 0.002408 -0.007484 -0.001987
v 0.001855 -0.006789 -0.002029
v 0.006356 -0.004818 -0.001506
v 0.006179 0.003829 -0.001855
v 0.006062 0.003172 -0.001050
v -0.006226 0.003294 -0.001869
v 0.000992 0.007925 -0.001874
v -0.005466 0.004424 -0.002074
v 0.000208 0.007219 -0.001833
v 0.005372 -0.005716 -0.001460
v 0.003090 -0.006318 -0.002071
v 0.005963 0.003745 -0.001870
v 0.006377 -0.004807 -0.001922
v 0.006062 -0.003561 -0.002053
v 0.006148 -0.003790 -0.001833
v 0.002264 0.007510 -0.001460
v 0.002993 0.006369 -0.002070
v 0.000956 -0.007916 -0.001915
v -0.007352 -0.003119 -0.001922
v -0.001339 -0.006909 -0.002076
v -0.006356 -0.003429 -0.001833
v 0.002254 -0.007462 -0.001467
v 0.005335 0.005682 -0.001467
v 0.000824 0.002500 0.006011
v 0.000485 0.003169 0.006011
v -0.000359 0.003264 0.006003
v -0.000666 0.002884 0.005994
v -0.000848 0.002466 0.006010
v -0.000409 0.001792 0.006011
v 0.000431 0.001760 0.006011
v -0.000000 0.002500 0.005562
v 0.001678 0.001688 0.006966
v 0.001288 0.001102 0.006888
v 0.000660 0.000720 0.006858
v 0.000069 0.000638 0.006969
v -0.000450 0.000678 0.006934
v -0.001020 0.000944 0.006965
v -0.001444 0.001302 0.006931
v -0.001730 0.001818 0.006967
v -0.001871 0.002352 0.006931
v -0.001804 0.002950 0.006968
v -0.001585 0.003508 0.006933
v -0.001172 0.004005 0.006859
v -0.000522 0.004326 0.006858
v 0.000064 0.004376 0.006931
v 0.000749 0.004247 0.006888
v 0.001293 0.003869 0.006906
v 0.001630 0.003492 0.006859
v 0.001846 0.002768 0.006958
v 0.001859 0.002162 0.006907
v 0.000861 0.000921 0.006990
v -0.000735 0.004161 0.006989
v 0.000877 0.004064 0.006991
v 0.001615 0.003291 0.006989
v -0.000681 0.003272 0.004980
v -0.000950 0.002890 0.004973
v -0.000355 0.003457 0.004963
v 0.000152 0.003523 0.004974
v 0.000781 0.003176 0.004981
v 0.001027 0.002661 0.004979
v 0.000900 0.001979 0.004974
v 0.000476 0.001587 0.004983
v 0.000101 0.001486 0.004963
v -0.000303 0.001516 0.004982
v -0.000651 0.001713 0.004964
v -0.000928 0.002049 0.004978
v -0.001030 0.002478 0.004982
v 0.000525 0.003365 0.004938
v 0.000787 0.002761 -0.003003
v 0.000998 0.002203 -0.002775
v 0.000576 0.001959 -0.003000
v 0.000814 0.003124 -0.002779
v 0.000051 0.003301 -0.003001
v 0.000190 0.003496 -0.002773
v -0.000431 0.003418 -0.002777
v -0.000576 0.003041 -0.003000
v -0.000998 0.002797 -0.002775
v -0.000787 0.002239 -0.003003
v -0.000814 0.001876 -0.002779
v -0.000051 0.001699 -0.003001
v -0.000190 0.001504 -0.002773
v 0.000431 0.001582 -0.002777
v 0.001856 0.001983 0.005000
v 0.001319 0.001113 0.005000
v 0.000432 0.000622 0.005000
v -0.000727 0.000715 0.005000
v -0.001530 0.001349 0.005000
v -0.001881 0.002147 0.005000
v -0.001811 0.003158 0.005000
v -0.001209 0.003984 0.005000
v -0.000144 0.004438 0.005000
v 0.001114 0.004072 0.005000
v 0.001816 0.003145 0.005000
v 0.000878 0.002500 0.007000
v 0.000439 0.001740 0.007000
v -0.000439 0.001740 0.007000
v -0.000878 0.002500 0.007000
v -0.000439 0.003260 0.007000
v 0.000439 0.003260 0.007000
v 0.000769 -0.002500 0.005994
v 0.000671 -0.001999 0.006001
v -0.000005 -0.001677 0.006016
v -0.000693 -0.002018 0.006003
v -0.000769 -0.002500 0.005994
v -0.000717 -0.002953 0.006010
v -0.000000 -0.003317 0.006011
v 0.000717 -0.002953 0.006010
v 0.000000 -0.002500 0.005562
v 0.001886 -0.002593 0.006907
v 0.001759 -0.003214 0.006858
v 0.001274 -0.003937 0.006861
v 0.000481 -0.004314 0.006931
v -0.000106 -0.004358 0.006965
v -0.000779 -0.004220 0.006924
v -0.001371 -0.003813 0.006858
v -0.001773 -0.003191 0.006885
v -0.001899 -0.002495 0.006858
v -0.001719 -0.001644 0.006861
v -0.001033 -0.000896 0.006859
v -0.000329 -0.000665 0.006968
v 0.000104 -0.000638 0.006943
v 0.000531 -0.000715 0.006972
v 0.001081 -0.000964 0.006938
v 0.001468 -0.001295 0.006858
v 0.001810 -0.001920 0.006888
v 0.001721 -0.003046 0.006988
v 0.001184 -0.003878 0.006989
v -0.001506 -0.003524 0.006992
v -0.001789 -0.002144 0.006986
v -0.001252 -0.001173 0.006985
v 0.001649 -0.001754 0.006988
v -0.000976 -0.002172 0.004980
v -0.001017 -0.002637 0.004973
v -0.000786 -0.001849 0.004963
v -0.000380 -0.001537 0.004974
v 0.000339 -0.001524 0.004981
v 0.000809 -0.001847 0.004979
v 0.001040 -0.002501 0.004974
v 0.000869 -0.003053 0.004983
v 0.000595 -0.003328 0.004963
v 0.000230 -0.003504 0.004982
v -0.000170 -0.003507 0.004964
v -0.000578 -0.003354 0.004978
v -0.000881 -0.003034 0.004982
v 0.000022 -0.001489 0.004938
v 0.000551 -0.001881 -0.003003
v 0.001013 -0.002258 -0.002775
v 0.000769 -0.002681 -0.003000
v 0.000393 -0.001552 -0.002779
v -0.000356 -0.001781 -0.003001
v -0.000333 -0.001543 -0.002773
v -0.000832 -0.001921 -0.002777
v -0.000769 -0.002319 -0.003000
v -0.001013 -0.002742 -0.002775
v -0.000551 -0.003119 -0.003003
v -0.000393 -0.003448 -0.002779
v 0.000356 -0.003219 -0.003001
v 0.000333 -0.003457 -0.002773
v 0.000832 -0.003079 -0.002777
v 0.001886 -0.002171 0.005000
v 0.001761 -0.003322 0.005000
v 0.000827 -0.004241 0.005000
v -0.000471 -0.004385 0.005000
v -0.001453 -0.003746 0.005000
v -0.001934 -0.002694 0.005000
v -0.001664 -0.001554 0.005000
v -0.000836 -0.000745 0.005000
v 0.000614 -0.000656 0.005000
v 0.001544 -0.001369 0.005000
v 0.000760 -0.002061 0.007000
v 0.000760 -0.002939 0.007000
v 0.000000 -0.003378 0.007000
v -0.000760 -0.002939 0.007000
v -0.000760 -0.002061 0.007000
v 0.000000 -0.001622 0.007000
vn 0.9958 0.0648 0.0650
vn 0.9637 0.1232 -0.2370
vn 0.9616 0.2743 0.0016
vn 0.9598 0.2806 0.0054
vn 0.9202 0.3911 0.0152
vn 0.8521 0.5232 -0.0133
vn 0.8269 0.5623 -0.0027
vn 0.7802 0.6256 -0.0009
vn 0.6353 0.7723 -0.0034
vn 0.6194 0.7851 0.0066
vn 0.2788 0.9603 0.0101
vn 0.2315 0.9720 -0.0395
vn -0.1679 0.9849 0.0413
vn -0.2431 0.9649 -0.0996
vn -0.5731 0.8125 0.1063
vn -0.6294 0.7239 -0.2826
vn -0.7258 0.6878 -0.0113
vn -0.7342 0.6790 0.0036
vn -0.7505 0.6609 0.0031
vn -0.6445 0.7644 0.0170
vn -0.5292 0.8482 -0.0214
vn -0.4532 0.8911 0.0236
vn -0.2273 0.9735 0.0249
vn -0.1617 0.9868 -0.0089
vn 0.0118 0.9993 0.0365
vn 0.1403 0.9898 -0.0255
vn 0.2493 0.9644 0.0882
vn 0.4734 0.8808 -0.0047
vn 0.9382 -0.3404 -0.0618
vn 0.9286 -0.3710 0.0033
vn 0.7128 -0.7011 0.0199
vn 0.6602 -0.7505 -0.0297
vn 0.3690 -0.9291 0.0235
vn 0.2438 -0.9694 -0.0272
vn 0.1052 -0.9944 0.0113
vn 0.0901 -0.9959 -0.0014
vn -0.0738 -0.9970 0.0242
vn -0.1688 -0.9857 -0.0007
vn -0.2019 -0.9794 -0.0003
vn -0.3349 -0.9422 0.0113
vn -0.4697 -0.8825 -0.0215
vn -0.5293 -0.8482 0.0184
vn -0.7357 -0.6772 0.0113
vn -0.7756 -0.6311 -0.0154
vn -0.8560 -0.5159 0.0345
vn -0.9276 -0.3727 -0.0269
vn -0.9570 -0.2743 0.0943
vn -0.9993 -0.0050 -0.0373
vn -0.1948 -0.9794 -0.0534
vn -0.2118 -0.9682 -0.1331
vn -0.4019 -0.9132 0.0668
vn -0.5043 -0.8593 -0.0854
vn -0.6235 -0.7790 0.0668
vn -0.8226 -0.5630 -0.0799
vn -0.8811 -0.4709 0.0430
vn -0.9920 -0.1196 -0.0414
vn -0.9977 -0.0679 -0.0016
vn -0.9820 0.1878 0.0221
vn -0.9309 0.3642 -0.0275
vn -0.9029 0.4298 0.0003
vn -0.8170 0.5763 0.0225
vn -0.9043 0.4269 0.0038
vn -0.9229 0.3604 0.1352
vn 0.7809 0.6117 0.1267
vn 0.9888 0.1486 0.0133
vn 0.9992 0.0333 -0.0243
vn 0.9957 -0.0873 0.0294
vn 0.9464 -0.3226 0.0128
vn 0.9361 -0.3517 -0.0051
vn 0.8418 -0.5390 0.0275
vn 0.7857 -0.6179 -0.0297
vn 0.6865 -0.7216 0.0893
vn 0.4972 -0.8660 -0.0526
vn 0.9540 0.2998 0.0055
vn -0.0243 0.9976 -0.0644
vn -0.0683 0.9851 -0.1581
vn -0.2476 0.5655 -0.7867
vn -0.4565 0.8884 -0.0489
vn -0.8722 0.4860 0.0552
vn -0.8359 0.5361 -0.1176
vn -0.4405 0.4521 -0.7756
vn -0.3275 0.4242 -0.8443
vn -0.3184 0.4849 -0.8145
vn -0.3034 0.5118 -0.8037
vn -0.4628 0.8804 -0.1041
vn -0.3375 0.9276 -0.1601
vn -0.1414 0.9880 -0.0618
vn -0.1587 0.9825 -0.0971
vn -0.3065 0.9518 -0.0102
vn -0.5412 0.8409 -0.0055
vn -0.5409 0.8292 -0.1407
vn -0.5900 0.8070 -0.0267
vn -0.6450 0.7559 0.1126
vn -0.5931 0.7888 -0.1610
vn -0.6834 0.7217 -0.1102
vn -0.6837 0.7220 -0.1061
vn -0.7338 0.6506 -0.1957
vn -0.7451 0.6616 -0.0838
vn 0.1974 0.4984 0.8442
vn 0.1698 0.4016 0.8999
vn 0.2154 0.0252 0.9762
vn 0.1819 -0.2307 0.9559
vn 0.1829 -0.2532 0.9500
vn 0.0834 -0.1005 0.9914
vn 0.0817 0.4674 0.8802
vn 0.0326 0.3545 0.9345
vn 0.0136 0.3769 0.9262
vn -0.1934 0.7780 0.5978
vn -0.1075 0.2880 0.9516
vn -0.2101 0.4597 0.8629
vn -0.1665 0.3655 0.9158
vn -0.3167 0.2800 0.9063
vn -0.2555 0.1503 0.9551
vn 0.1046 -0.2846 0.9529
vn -0.0232 -0.2066 0.9782
vn -0.5963 0.1425 0.7900
vn 0.0054 -0.1467 0.9892
vn -0.2566 0.2690 0.9283
vn -0.2373 0.2491 0.9389
vn 0.0951 -0.2123 0.9726
vn 0.1203 -0.2410 0.9630
vn 0.0594 -0.1244 0.9904
vn -0.1958 0.2851 0.9383
vn -0.2390 0.3342 0.9117
vn -0.3804 0.2281 0.8962
vn -0.3948 0.1018 0.9131
vn -0.3633 0.0827 0.9280
vn 0.1480 -0.9768 -0.1550
vn -0.1307 -0.2686 -0.9543
vn 0.3017 -0.7569 -0.5797
vn 0.0551 -0.7195 -0.6923
vn -0.5657 -0.7589 0.3225
vn -0.4307 -0.7220 0.5414
vn -0.2664 -0.6965 0.6663
vn 0.0269 -0.5104 0.8595
vn 0.0425 -0.4840 0.8740
vn 0.6443 -0.7122 0.2786
vn 0.6044 -0.7192 0.3426
vn 0.4530 -0.6111 0.6492
vn 0.7114 -0.6270 0.3174
vn 0.8525 -0.4917 0.1774
vn 0.3625 -0.4629 0.8089
vn 0.7827 -0.5025 0.3673
vn 0.7710 -0.4975 0.3975
vn 0.4251 -0.4415 0.7902
vn 0.4137 -0.4396 0.7972
vn 0.0943 -0.5417 0.8353
vn 0.0518 -0.6158 0.7862
vn 0.1344 -0.5309 0.8367
vn 0.1929 -0.5198 0.8322
vn 0.2576 -0.8174 0.5153
vn 0.3510 -0.7729 0.5286
vn 0.2925 -0.5134 0.8067
vn 0.3323 -0.5189 0.7876
vn 0.5612 -0.7840 0.2654
vn 0.5656 -0.7530 0.3363
vn 0.6441 -0.7127 0.2779
vn 0.4881 -0.6521 0.5801
vn 0.6636 -0.7114 0.2312
vn 0.3304 -0.4700 0.8185
vn 0.6359 -0.5948 0.4918
vn 0.7296 -0.6586 0.1842
vn 0.5126 -0.7831 0.3522
vn 0.4698 -0.8366 0.2817
vn 0.4721 -0.8376 0.2748
vn -0.0400 -0.9463 0.3207
vn 0.2960 -0.8692 0.3961
vn 0.2704 -0.8876 0.3729
vn 0.5077 -0.7623 0.4015
vn 0.6963 -0.7146 0.0677
vn 0.7174 -0.6248 0.3081
vn 0.5660 -0.7406 0.3621
vn -0.2336 -0.8558 0.4616
vn -0.2104 -0.8491 0.4845
vn -0.1474 -0.9045 0.4003
vn -0.1471 -0.9097 0.3884
vn -0.0090 -0.9090 0.4168
vn 0.0747 -0.9578 0.2774
vn 0.0680 -0.9430 0.3258
vn 0.1963 -0.9106 0.3636
vn 0.3055 -0.9463 0.1061
vn 0.2518 -0.8703 0.4233
vn 0.3968 -0.8693 0.2948
vn 0.3823 -0.8586 0.3416
vn 0.2478 -0.3681 0.8962
vn 0.2111 -0.3659 0.9064
vn 0.2125 -0.3731 0.9031
vn 0.2112 -0.3660 0.9063
vn 0.2113 -0.3661 0.9063
vn 0.1974 -0.3584 0.9125
vn 0.2108 -0.3717 0.9041
vn 0.2242 -0.3735 0.9001
vn 0.2113 -0.3660 0.9063
vn 0.2110 -0.3691 0.9051
vn 0.2087 -0.3680 0.9061
vn 0.2055 -0.3559 0.9116
vn 0.2112 -0.3656 0.9065
vn -0.4671 -0.1276 0.8749
vn -0.5645 -0.2090 0.7985
vn -0.0924 -0.4485 0.8890
vn -0.5198 -0.6603 0.5420
vn 0.0133 -0.3832 0.9236
vn -0.4818 -0.1960 0.8541
vn -0.5276 -0.4763 0.7034
vn -0.4848 -0.4608 0.7434
vn -0.9673 0.2114 -0.1398
vn -0.9932 0.1125 0.0290
vn -0.9775 -0.1757 -0.1172
vn -0.9515 -0.1358 -0.2759
vn -0.8967 -0.2283 -0.3792
vn -0.8790 -0.4134 -0.2376
vn -0.5467 0.0394 -0.8364
vn -0.6439 0.2397 -0.7266
vn -0.8636 0.2891 -0.4130
vn -0.6788 -0.2320 -0.6968
vn -0.7719 -0.4905 -0.4045
vn -0.7625 -0.5810 -0.2847
vn 0.4983 -0.3997 -0.7694
vn 0.4637 -0.0807 -0.8823
vn 0.6210 -0.3347 -0.7087
vn 0.6905 -0.1602 -0.7054
vn 0.6390 -0.1059 -0.7619
vn 0.5359 -0.4856 -0.6906
vn 0.2620 -0.4450 -0.8564
vn 0.1757 -0.6467 -0.7423
vn 0.5244 -0.4189 -0.7413
vn 0.6700 -0.4753 -0.5703
vn 0.6597 -0.4546 -0.5984
vn 0.4435 -0.3214 -0.8366
vn 0.5332 -0.6075 -0.5888
vn 0.4987 -0.5361 -0.6811
vn 0.3306 -0.4428 -0.8334
vn 0.3894 -0.7094 -0.5874
vn 0.2604 -0.4064 -0.8758
vn 0.2083 -0.5791 -0.7882
vn 0.1705 0.0296 -0.9849
vn 0.1540 0.0466 -0.9870
vn -0.0883 0.2215 -0.9712
vn 0.4908 -0.7703 -0.4072
vn 0.0200 -0.1492 -0.9886
vn -0.1597 0.1443 -0.9766
vn -0.1448 -0.3537 -0.9241
vn -0.2034 -0.0268 -0.9787
vn -0.2524 0.1780 -0.9511
vn -0.3961 -0.0080 -0.9182
vn -0.2900 0.2016 -0.9355
vn -0.2741 0.0434 -0.9607
vn 0.1621 -0.2744 -0.9479
vn -0.0114 0.2775 -0.9607
vn 0.5816 -0.1642 -0.7967
vn -0.3341 -0.6330 -0.6983
vn -0.3131 -0.6659 -0.6771
vn -0.5380 -0.5909 -0.6012
vn -0.5510 -0.6972 -0.4585
vn -0.4358 -0.5600 -0.7046
vn -0.2930 -0.7262 -0.6219
vn -0.2896 -0.7124 -0.6392
vn -0.1202 -0.6403 -0.7587
vn -0.1244 -0.8118 -0.5705
vn -0.0411 -0.6002 -0.7988
vn 0.1205 -0.7452 -0.6558
vn 0.1054 -0.6187 -0.7785
vn 0.2131 -0.5855 -0.7822
vn -0.1992 0.4015 -0.8939
vn -0.2121 0.3850 -0.8982
vn -0.2149 0.3655 -0.9057
vn -0.2136 0.3683 -0.9048
vn -0.2114 0.3660 -0.9063
vn -0.2113 0.3659 -0.9063
vn -0.2039 0.3536 -0.9129
vn -0.1646 0.3495 -0.9224
vn -0.2090 0.3728 -0.9041
vn -0.2187 0.3659 -0.9046
vn -0.2156 0.3688 -0.9042
vn -0.2092 0.3680 -0.9060
vn -0.2086 0.3703 -0.9052
vn -0.2115 0.3688 -0.9051
vn -0.2120 0.3556 -0.9103
vn -0.2155 0.3663 -0.9052
vn -0.5991 -0.6680 0.4414
vn -0.5381 -0.7974 0.2731
vn -0.2200 -0.8697 0.4418
vn -0.1048 -0.9564 0.2727
vn 0.2015 -0.9541 0.2214
vn 0.1991 -0.8361 0.5112
vn 0.4161 -0.7845 0.4598
vn 0.7423 0.5970 0.3041
vn 0.6390 0.6290 0.4428
vn 0.4242 0.7166 0.5537
vn 0.1594 0.5838 0.7961
vn -0.2753 0.0956 0.9566
vn -0.5431 -0.0706 0.8367
vn 0.1578 0.6120 0.7749
vn 0.0091 0.7935 0.6086
vn -0.1310 0.5926 0.7948
vn -0.1436 0.6137 0.7764
vn -0.3600 0.7075 0.6081
vn -0.3927 0.4648 0.7936
vn -0.4204 0.4819 0.7688
vn -0.6509 0.4656 0.5996
vn -0.5911 0.2802 0.7564
vn -0.8518 0.3060 0.4251
vn -0.8727 0.2075 0.4420
vn -0.7913 0.0517 0.6092
vn 0.4446 0.5710 0.6901
vn 0.2121 0.2017 0.9562
vn 0.5924 0.3524 0.7245
vn 0.6729 0.2842 0.6830
vn 0.6022 0.1905 0.7753
vn 0.7848 0.1239 0.6073
vn 0.6968 -0.0613 0.7147
vn 0.5907 -0.0884 0.8020
vn 0.7425 -0.2533 0.6201
vn 0.5868 -0.3759 0.7171
vn 0.4812 -0.3524 0.8027
vn 0.5414 -0.5692 0.6188
vn 0.3748 -0.6057 0.7019
vn 0.1024 -0.2491 0.9631
vn 0.1307 -0.6859 0.7158
vn 0.0273 -0.6563 0.7540
vn -0.0457 -0.3244 0.9448
vn -0.2085 -0.6642 0.7179
vn -0.2819 -0.5960 0.7519
vn -0.1908 -0.2631 0.9457
vn -0.4923 -0.4901 0.7193
vn -0.5493 -0.3321 0.7668
vn -0.5499 -0.3329 0.7660
vn -0.7496 -0.2251 0.6225
vn -0.7580 0.0446 0.6507
vn 0.0971 0.6073 -0.7885
vn -0.1574 0.4977 -0.8530
vn -0.0609 0.6647 -0.7446
vn 0.1276 0.7955 -0.5924
vn 0.0697 0.5477 -0.8338
vn 0.0429 0.7214 -0.6912
vn -0.0412 0.4035 -0.9141
vn 0.0533 0.7421 -0.6682
vn -0.0461 0.3880 -0.9205
vn 0.2053 0.6828 -0.7011
vn 0.2171 0.4970 -0.8401
vn -0.1470 -0.1850 -0.9717
vn 0.4306 0.7080 -0.5597
vn 0.2226 0.4308 -0.8746
vn 0.4576 0.5406 -0.7059
vn 0.3371 0.6498 -0.6813
vn 0.4004 0.4803 -0.7804
vn 0.5461 0.4448 -0.7099
vn 0.1175 0.0923 -0.9888
vn 0.5765 0.4648 -0.6720
vn 0.5188 0.3167 -0.7941
vn -0.0433 -0.2096 -0.9768
vn 0.6373 0.2525 -0.7281
vn 0.6627 0.2643 -0.7007
vn 0.7004 0.0981 -0.7070
vn 0.3675 0.0426 -0.9291
vn 0.1248 -0.1620 -0.9789
vn 0.7922 0.1249 -0.5973
vn 0.7170 -0.1114 -0.6881
vn -0.0281 -0.3074 -0.9512
vn 0.8998 -0.1193 -0.4197
vn 0.2017 -0.3393 -0.9188
vn -0.0296 -0.3520 -0.9355
vn 0.0884 -0.2673 -0.9595
vn 0.1789 0.2750 -0.9446
vn -0.2025 0.6967 -0.6882
vn -0.2343 -0.1380 -0.9623
vn -0.1485 0.5860 -0.7966
vn 0.2409 0.7376 -0.6308
vn -0.2310 0.6037 -0.7630
vn 0.0974 0.7613 -0.6411
vn 0.3012 0.4834 -0.8220
vn 0.3003 0.4721 -0.8288
vn 0.7303 0.0587 -0.6806
vn 0.7441 0.0870 -0.6623
vn 0.7676 -0.1770 -0.6160
vn -0.2382 -0.3681 -0.8988
vn -0.2236 -0.3729 -0.9005
vn -0.2120 -0.3697 -0.9046
vn -0.2113 -0.3660 -0.9063
vn -0.2113 -0.3659 -0.9063
vn -0.2069 -0.3560 -0.9113
vn -0.2310 -0.3236 -0.9175
vn -0.2183 -0.3674 -0.9041
vn -0.2073 -0.3724 -0.9046
vn -0.2116 -0.3711 -0.9042
vn -0.2140 -0.3649 -0.9061
vn -0.2173 -0.3658 -0.9050
vn -0.2136 -0.3680 -0.9050
vn -0.2021 -0.3612 -0.9103
vn -0.2100 -0.3704 -0.9049
vn -0.8739 -0.4852 0.0290
vn -0.8184 -0.5519 -0.1598
vn -0.3659 -0.4971 -0.7868
vn -0.5343 -0.8357 -0.1267
vn -0.4829 -0.8707 0.0934
vn 0.0187 -0.9977 0.0651
vn -0.0442 -0.9932 -0.1075
vn -0.1713 -0.6075 -0.7756
vn -0.2036 -0.4957 -0.8443
vn -0.2608 -0.5182 -0.8146
vn -0.2915 -0.5186 -0.8038
vn -0.5538 -0.8310 -0.0532
vn -0.6385 -0.7582 -0.1319
vn -0.7762 -0.6272 -0.0645
vn -0.7797 -0.6238 -0.0546
vn -0.6681 -0.7438 -0.0167
vn -0.4533 -0.8865 -0.0929
vn -0.4464 -0.8781 -0.1721
vn -0.3971 -0.9141 -0.0817
vn -0.3374 -0.9344 0.1142
vn -0.3868 -0.9107 -0.1447
vn -0.2845 -0.9510 -0.1211
vn -0.2846 -0.9514 -0.1174
vn -0.1944 -0.9656 -0.1727
vn -0.1980 -0.9782 -0.0618
vn 0.7707 0.6209 -0.1429
vn 0.7076 0.5232 -0.4749
vn 0.9439 -0.1179 0.3084
vn 0.8407 -0.0116 0.5414
vn 0.7627 0.0904 0.6404
vn 0.4238 0.2786 0.8618
vn 0.3986 0.2790 0.8737
vn 0.3097 0.9167 0.2524
vn 0.2864 0.6444 0.7090
vn 0.1479 0.9412 0.3039
vn 0.2356 0.9253 0.2973
vn 0.4561 0.8091 0.3705
vn 0.2162 0.5467 0.8090
vn 0.1603 0.6160 0.7713
vn 0.0407 0.9309 0.3631
vn 0.1851 0.5448 0.8179
vn 0.0614 0.9145 0.4000
vn 0.3427 0.5672 0.7489
vn 0.4383 0.4076 0.8011
vn 0.4027 0.3633 0.8401
vn 0.5531 0.3300 0.7650
vn 0.7123 0.5793 0.3962
vn 0.3432 0.4034 0.8482
vn 0.4790 0.5595 0.6764
vn 0.7028 0.7006 0.1232
vn 0.2942 0.4722 0.8309
vn 0.2775 0.5014 0.8195
vn 0.3665 0.9232 0.1157
vn 0.2827 0.6270 0.7259
vn 0.2333 0.5198 0.8218
vn 0.2182 0.9455 0.2415
vn 0.2183 0.9434 0.2496
vn 0.3310 0.8713 0.3622
vn 0.2973 0.9403 0.1658
vn 0.3663 0.8585 0.3588
vn 0.4408 0.8558 0.2708
vn 0.4384 0.8686 0.2307
vn 0.4790 0.8026 0.3555
vn 0.5657 0.7880 0.2432
vn 0.5642 0.7717 0.2937
vn 0.6560 0.6570 0.3716
vn 0.2603 0.0682 -0.9631
vn 0.6849 0.6973 0.2113
vn 0.8118 0.3844 0.4396
vn 0.9211 0.3882 -0.0299
vn 0.5271 0.7856 0.3242
vn 0.5914 0.7891 0.1661
vn 0.1618 0.9311 0.3271
vn 0.2829 0.8952 0.3444
vn 0.8154 0.3969 0.4214
vn 0.8607 0.2233 0.4575
vn 0.8683 0.2228 0.4431
vn 0.8111 0.3232 0.4874
vn 0.8460 0.4569 0.2749
vn 0.8289 0.4477 0.3354
vn 0.2576 0.8553 0.4495
vn 0.1946 0.3987 0.8962
vn 0.2114 0.3658 0.9064
vn 0.2109 0.3654 0.9067
vn 0.2114 0.3659 0.9063
vn 0.2115 0.3660 0.9063
vn 0.2115 0.3663 0.9062
vn 0.2113 0.3660 0.9063
vn 0.2120 0.3586 0.9091
vn 0.1961 0.3584 0.9127
vn 0.2137 0.3521 0.9112
vn 0.2037 0.3581 0.9112
vn 0.2112 0.3660 0.9063
vn 0.2111 0.3657 0.9065
vn 0.3394 -0.4035 0.8497
vn 0.4767 -0.3757 0.7948
vn 0.4345 0.1443 0.8890
vn 0.8317 -0.1199 0.5421
vn 0.2890 0.2220 0.9313
vn 0.2886 0.2244 0.9308
vn 0.4509 -0.3504 0.8210
vn 0.6763 -0.2188 0.7034
vn 0.6414 -0.1893 0.7435
vn 0.2127 -0.2705 0.9389
vn 0.1572 -0.4228 0.8925
vn 0.0675 -0.4896 0.8693
vn -0.3283 0.0762 0.9415
vn -0.4134 -0.0401 0.9097
vn -0.2152 -0.3074 0.9270
vn -0.1757 -0.2116 0.9614
vn -0.2033 -0.3672 0.9076
vn -0.1136 -0.3079 0.9446
vn -0.1183 -0.3367 0.9342
vn -0.1395 -0.3797 0.9145
vn -0.0518 -0.3413 0.9385
vn 0.2208 -0.0621 0.9733
vn 0.1887 0.2080 0.9597
vn 0.1471 0.2206 0.9642
vn 0.1197 0.1710 0.9780
vn 0.0338 0.0880 0.9955
vn 0.1118 0.2541 0.9607
vn 0.0726 0.2200 0.9728
vn -0.4032 -0.1140 0.9080
vn -0.4023 -0.1139 0.9084
vn -0.3219 -0.2285 0.9188
vn -0.3205 -0.2249 0.9202
vn -0.0527 -0.3469 0.9364
vn 0.0306 -0.3398 0.9400
vn 0.0371 -0.2903 0.9562
vn 0.1377 -0.9758 0.1696
vn 0.2852 -0.9415 -0.1798
vn 0.4168 -0.9088 0.0193
vn 0.6409 -0.7587 -0.1171
vn 0.5934 -0.7561 -0.2758
vn 0.6499 -0.6537 -0.3876
vn 0.7730 -0.5679 -0.2827
vn 0.1142 -0.6774 -0.7267
vn 0.1814 -0.8924 -0.4132
vn 0.1450 -0.4704 -0.8705
vn 0.5204 -0.4564 -0.7217
vn 0.8034 -0.4137 -0.4282
vn 0.8076 -0.4113 -0.4227
vn 0.4341 -0.0030 -0.9009
vn 0.4351 -0.0074 -0.9004
vn 0.4262 0.0013 -0.9046
vn 0.4226 -0.0000 -0.9063
vn 0.4226 0.0001 -0.9063
vn 0.4111 -0.0010 -0.9116
vn 0.3980 -0.0299 -0.9169
vn 0.4273 -0.0053 -0.9041
vn 0.4262 0.0067 -0.9046
vn 0.4272 0.0023 -0.9042
vn 0.4230 -0.0029 -0.9061
vn 0.4250 -0.0049 -0.9052
vn 0.4252 -0.0012 -0.9051
vn 0.4140 0.0058 -0.9103
vn 0.4243 0.0036 -0.9055
vn 0.4224 0.0014 -0.9064
vn 0.8889 -0.4314 -0.1542
vn 0.8558 -0.4045 -0.3226
vn 0.6138 -0.0684 -0.7865
vn 0.9976 -0.0491 -0.0492
vn 0.8570 0.5123 0.0552
vn 0.8822 0.4559 -0.1176
vn 0.6118 0.1554 -0.7756
vn 0.5311 0.0715 -0.8443
vn 0.5792 0.0333 -0.8145
vn 0.5948 0.0069 -0.8039
vn 0.9938 -0.0398 -0.1039
vn 0.9721 -0.1718 -0.1599
vn 0.9265 -0.3714 -0.0610
vn 0.9304 -0.3537 -0.0962
vn 0.9775 -0.2109 -0.0095
vn 0.9988 0.0484 -0.0063
vn 0.9886 0.0539 -0.1409
vn 0.9938 0.1075 -0.0267
vn 0.9771 0.1806 0.1126
vn 0.9797 0.1193 -0.1609
vn 0.9667 0.2309 -0.1102
vn 0.9671 0.2311 -0.1060
vn 0.9303 0.3101 -0.1957
vn 0.9456 0.3145 -0.0838
vn 0.3638 -0.4497 0.8157
vn 0.2471 -0.3307 0.9108
vn -0.1084 -0.1978 0.9742
vn -0.2800 -0.0302 0.9595
vn -0.1288 -0.0220 0.9914
vn 0.3253 -0.2917 0.8995
vn 0.2726 -0.2088 0.9392
vn 0.3194 -0.2005 0.9262
vn 0.7714 -0.2219 0.5964
vn 0.3032 -0.0509 0.9516
vn 0.5019 -0.0480 0.8636
vn 0.3992 -0.0387 0.9160
vn 0.4009 0.1342 0.9062
vn 0.2580 0.1461 0.9550
vn -0.2988 0.0517 0.9529
vn -0.1673 0.1233 0.9782
vn 0.4216 0.4451 0.7900
vn -0.1297 0.0687 0.9892
vn 0.3612 0.0878 0.9283
vn 0.3344 0.0810 0.9389
vn -0.2315 0.0238 0.9726
vn -0.2689 0.0163 0.9630
vn -0.1375 0.0107 0.9904
vn 0.3446 0.0270 0.9384
vn 0.4088 0.0399 0.9118
vn 0.3878 0.2154 0.8962
vn 0.2856 0.2910 0.9131
vn 0.2533 0.2733 0.9280
vn -0.4422 -0.0272 0.8965
vn -0.4247 0.0007 0.9053
vn -0.4238 0.0005 0.9057
vn -0.4232 0.0010 0.9060
vn -0.4227 0.0010 0.9063
vn -0.4226 0.0010 0.9063
vn -0.4235 0.0007 0.9059
vn -0.4243 -0.0002 0.9055
vn -0.4043 -0.0124 0.9146
vn -0.4131 0.0278 0.9103
vn -0.4241 -0.0003 0.9056
vn -0.4241 0.0029 0.9056
vn -0.4116 -0.0013 0.9114
vn -0.4257 -0.0010 0.9048
vn -0.9207 0.3575 -0.1565
vn -0.1640 0.2569 -0.9524
vn -0.8082 0.1074 -0.5790
vn -0.6452 0.3166 -0.6953
vn -0.3743 0.8695 0.3223
vn -0.4099 0.7340 0.5415
vn -0.4601 0.6104 0.6447
vn -0.4531 0.2098 0.8664
vn -0.4472 0.1990 0.8720
vn -0.9376 -0.2011 0.2837
vn -0.9327 -0.1862 0.3089
vn -0.8362 -0.1267 0.5336
vn -0.9050 -0.3092 0.2922
vn -0.8239 -0.4312 0.3679
vn -0.8591 -0.3884 0.3332
vn -0.8242 -0.4342 0.3636
vn -0.9623 -0.0940 0.2551
vn -0.8286 0.4870 0.2761
vn -0.8665 0.3368 0.3684
vn 0.0382 0.0676 -0.9970
vn -0.9860 -0.0562 0.1571
vn -0.9584 -0.0334 0.2834
vn -0.6310 -0.0109 0.7757
vn -0.9416 -0.1163 0.3159
vn -0.5991 -0.0706 0.7975
vn -0.8741 -0.1230 0.4699
vn -0.7544 -0.0754 0.6521
vn -0.8537 -0.2580 0.4524
vn -0.9367 -0.2999 0.1808
vn -0.9186 -0.1804 0.3515
vn -0.9560 -0.1400 0.2576
vn -0.8007 0.4780 0.3611
vn -0.5602 0.2777 0.7804
vn -0.5395 0.2392 0.8073
vn -0.7027 0.5391 0.4644
vn -0.6384 0.6707 0.3776
vn -0.6178 0.6145 0.4906
vn -0.6922 0.6186 0.3717
vn -0.8818 -0.2715 0.3856
vn -0.6752 -0.1312 0.7259
vn -0.9049 -0.3089 0.2927
vn -0.6235 -0.1097 0.7741
vn -0.6456 -0.2003 0.7369
vn -0.5918 -0.1332 0.7950
vn -0.8348 0.2278 0.5012
vn -0.8927 0.2704 0.3605
vn -0.8899 0.2731 0.3654
vn -0.6338 0.1972 0.7479
vn -0.9306 0.2692 0.2480
vn -0.6527 0.2108 0.7277
vn -0.9098 0.2722 0.3133
vn -0.6483 0.1059 0.7540
vn -0.9382 0.1210 0.3244
vn -0.7146 0.1197 0.6892
vn -0.9523 0.1179 0.2816
vn -0.6307 0.0387 0.7750
vn -0.9327 0.0127 0.3605
vn -0.8612 0.0345 0.5070
vn -0.9366 -0.2424 0.2529
vn -0.0197 -0.9982 -0.0558
vn 0.0197 -0.9982 0.0558
vn -0.4224 0.0015 0.9064
vn 0.1231 0.4683 0.8749
vn 0.1012 0.5934 0.7985
vn -0.3422 0.3042 0.8890
vn -0.3120 0.7802 0.5421
vn -0.3389 0.1796 0.9235
vn 0.0712 0.5153 0.8540
vn -0.1487 0.6951 0.7034
vn -0.1568 0.6501 0.7435
vn 0.6667 0.7321 -0.1398
vn 0.5941 0.8039 0.0290
vn 0.3366 0.9343 -0.1172
vn 0.3581 0.8920 -0.2758
vn 0.2507 0.8907 -0.3792
vn 0.0815 0.9679 -0.2376
vn 0.3075 0.4520 -0.8374
vn 0.5296 0.4377 -0.7266
vn 0.6821 0.6033 -0.4131
vn 0.1411 0.6996 -0.7005
vn -0.0388 0.9137 -0.4045
vn -0.1219 0.9508 -0.2847
vn -0.5954 -0.2279 -0.7705
vn -0.6361 -0.2455 -0.7315
vn -0.6110 -0.3722 -0.6986
vn 0.2446 -0.1298 -0.9609
vn -0.3177 -0.0031 -0.9482
vn -0.4786 -0.0042 -0.8780
vn -0.4789 -0.5161 -0.7101
vn -0.3764 -0.4898 -0.7864
vn -0.6240 -0.4320 -0.6512
vn -0.7060 -0.1999 -0.6795
vn -0.7366 -0.3377 -0.5860
vn -0.7010 -0.3389 -0.6275
vn -0.0585 -0.1625 -0.9850
vn -0.0393 -0.1576 -0.9867
vn 0.2346 -0.0345 -0.9715
vn -0.8995 -0.0401 -0.4350
vn -0.1413 0.0556 -0.9884
vn 0.2016 0.0677 -0.9771
vn -0.2196 0.2965 -0.9294
vn 0.0754 0.1902 -0.9788
vn 0.2791 0.1304 -0.9514
vn 0.1921 0.3455 -0.9186
vn 0.3187 0.1516 -0.9357
vn 0.1731 0.2168 -0.9607
vn -0.4444 -0.4249 -0.7886
vn -0.3119 -0.3648 -0.8773
vn -0.6483 0.4100 -0.6415
vn -0.3568 0.5738 -0.7372
vn -0.3751 0.7384 -0.5603
vn -0.2266 0.7506 -0.6207
vn -0.3422 0.8411 -0.4188
vn -0.4983 0.6214 -0.6047
vn -0.2676 0.6630 -0.6992
vn -0.5635 0.4424 -0.6977
vn -0.4525 0.5764 -0.6805
vn -0.5427 0.4285 -0.7224
vn -0.7058 0.2685 -0.6555
vn -0.5328 0.3010 -0.7909
vn -0.6859 0.1202 -0.7177
vn -0.6426 0.1087 -0.7584
vn -0.5321 0.1734 -0.8287
vn -0.4807 -0.0227 -0.8766
vn -0.8054 0.0158 -0.5925
vn -0.5607 -0.0595 -0.8259
vn -0.6905 -0.1621 -0.7050
vn -0.7979 -0.1556 -0.5824
vn -0.4966 -0.2190 -0.8399
vn -0.0050 -0.0096 0.9999
vn -0.0084 0.0002 1.0000
vn -0.0083 0.0025 1.0000
vn -0.0085 0.0030 1.0000
vn -0.0062 -0.0068 1.0000
vn -0.0114 -0.0047 0.9999
vn -0.0019 -0.0131 0.9999
vn -0.0054 -0.0157 0.9999
vn 0.0049 -0.0119 0.9999
vn 0.0069 -0.0122 0.9999
vn 0.0095 -0.0020 1.0000
vn 0.0067 -0.0058 1.0000
vn 0.0061 0.0018 1.0000
vn 0.0049 -0.0021 1.0000
vn 0.0071 0.0024 1.0000
vn 0.0079 -0.0052 1.0000
vn 0.0036 0.0018 1.0000
vn 0.0049 -0.0015 1.0000
vn 0.0049 -0.0013 1.0000
vn 0.0068 0.0106 0.9999
vn 0.0085 0.0091 0.9999
vn 0.0048 0.0185 0.9998
vn -0.0055 0.0176 0.9998
vn -0.0039 0.0168 0.9999
vn -0.0141 0.0050 0.9999
vn -0.0088 0.0083 0.9999
vn -0.0106 -0.0043 0.9999
vn -0.0064 0.0073 1.0000
vn -0.0036 -0.0006 1.0000
vn -0.0037 0.0010 1.0000
vn -0.0000 -0.0000 1.0000
vn -0.9257 0.3783 0.0080
vn -0.9762 0.2160 -0.0167
vn -0.9456 -0.3251 0.0162
vn -0.7881 -0.6154 -0.0136
vn -0.8367 -0.5476 0.0031
vn -0.6910 -0.7201 -0.0624
vn -0.5043 -0.8633 0.0192
vn 0.2624 -0.9649 -0.0028
vn 0.2892 -0.9572 -0.0146
vn 0.7881 -0.6154 0.0136
vn 0.9456 -0.3251 -0.0162
vn 0.9762 0.2160 0.0167
vn 0.9257 0.3783 -0.0080
vn 0.3783 0.9257 0.0080
vn 0.3268 0.9451 -0.0000
vn -0.3268 0.9451 -0.0000
vn -0.3783 0.9257 -0.0080
vn 0.8367 -0.5476 -0.0031
vn 0.6910 -0.7201 0.0624
vn 0.5043 -0.8633 -0.0192
vn -0.2624 -0.9649 0.0028
vn -0.2892 -0.9572 0.0146
vn -0.8912 0.4536 0.0089
vn -0.9201 0.3918 -0.0000
vn -0.9201 -0.3918 -0.0000
vn -0.8912 -0.4536 -0.0089
vn -0.1560 -0.9877 0.0089
vn 0.0629 -0.9978 -0.0196
vn 0.6568 -0.7539 0.0173
vn 0.9682 -0.2485 -0.0284
vn 0.9682 0.2485 0.0284
vn 0.6568 0.7539 -0.0173
vn 0.0629 0.9978 0.0196
vn -0.1560 0.9877 -0.0089
vn -0.9516 0.3072 0.0094
vn -0.9777 0.2098 -0.0094
vn -0.7418 -0.6705 0.0094
vn -0.6705 -0.7418 -0.0094
vn 0.2098 -0.9777 0.0094
vn 0.3072 -0.9516 -0.0094
vn 0.9257 -0.3783 0.0080
vn 0.9451 -0.3268 -0.0000
vn 0.9451 0.3268 -0.0000
vn -0.0001 -0.0000 -1.0000
vn -0.0000 -0.0000 -1.0000
vn -0.0000 -0.0001 -1.0000
vn 0.0004 0.0005 -1.0000
vn -0.0002 0.0007 -1.0000
vn 0.0003 0.0007 -1.0000
vn -0.0006 0.0004 -1.0000
vn 0.0002 -0.0009 -1.0000
vn 0.0006 -0.0001 -1.0000
vn 0.0006 0.0003 -1.0000
vn 0.0002 -0.0000 -1.0000
vn -0.0002 0.0001 -1.0000
vn -0.0001 0.0002 -1.0000
vn -0.1788 0.0703 0.9814
vn 0.1768 -0.1402 0.9742
vn -0.7098 -0.0069 0.7044
vn -0.4404 0.2187 0.8708
vn -0.7288 0.4853 0.4830
vn -0.4098 0.4654 0.7845
vn -0.3027 0.3711 0.8779
vn -0.4365 0.8798 0.1879
vn -0.1502 0.5851 0.7969
vn 0.0707 0.5236 0.8490
vn 0.3058 0.9246 0.2272
vn 0.3100 0.4729 0.8248
vn 0.2600 0.3732 0.8906
vn 0.7382 0.6499 0.1807
vn 0.4786 0.2369 0.8455
vn 0.4091 0.1916 0.8922
vn 0.9632 0.1936 0.1865
vn 0.5378 -0.0340 0.8424
vn 0.4492 -0.0388 0.8926
vn 0.9297 -0.3126 0.1949
vn 0.4923 -0.3073 0.8144
vn 0.5342 -0.6142 0.5808
vn 0.4018 -0.8049 0.4368
vn 0.1269 -0.3893 0.9123
vn 0.1623 -0.8057 0.5696
vn -0.0567 -0.8867 0.4588
vn -0.0843 -0.3965 0.9142
vn -0.2618 -0.7763 0.5735
vn -0.4947 -0.7443 0.4487
vn -0.2711 -0.3005 0.9144
vn -0.6106 -0.5385 0.5806
vn -0.8035 -0.3995 0.4414
vn -0.4231 -0.1472 0.8940
vn -0.8373 -0.1717 0.5191
vn 0.9814 -0.0619 0.1817
vn 0.9898 0.1321 -0.0538
vn 0.9722 0.1954 0.1286
vn 0.9132 0.3984 -0.0860
vn 0.8922 0.4418 0.0940
vn 0.7488 0.6591 0.0699
vn 0.7405 0.6720 0.0096
vn 0.9880 -0.1499 -0.0366
vn 0.9407 -0.3163 0.1228
vn 0.9109 -0.3949 -0.1199
vn 0.8141 -0.5423 0.2078
vn 0.7408 -0.6697 -0.0521
vn 0.6631 -0.7361 0.1357
vn 0.6632 -0.7360 0.1360
vn 0.5564 -0.8308 -0.0104
vn 0.4443 -0.8937 0.0621
vn 0.4247 -0.9047 0.0325
vn 0.2117 -0.9773 0.0096
vn 0.1963 -0.9780 0.0699
vn -0.0635 -0.9935 0.0940
vn -0.1116 -0.9900 -0.0860
vn -0.3169 -0.9397 0.1286
vn -0.3805 -0.9232 -0.0538
vn -0.5443 -0.8189 0.1818
vn -0.6239 -0.7806 -0.0366
vn -0.7443 -0.6565 0.1228
vn -0.7974 -0.5914 -0.1199
vn -0.8765 -0.4358 0.2045
vn -0.9485 -0.3029 -0.0929
vn -0.9725 -0.2020 0.1162
vn -0.8589 -0.3655 0.3588
vn -0.9983 -0.0579 -0.0055
vn -0.9959 0.0645 0.0635
vn -0.9957 0.0732 0.0560
vn -0.9678 0.2093 0.1398
vn -0.9479 0.3177 0.0248
vn -0.9386 0.3373 0.0719
vn -0.8287 0.5518 0.0940
vn -0.8016 0.5916 -0.0860
vn -0.6554 0.7443 0.1286
vn -0.6093 0.7911 -0.0538
vn -0.4370 0.8809 0.1818
vn -0.3641 0.9306 -0.0366
vn -0.1818 0.9739 0.1359
vn -0.1144 0.9930 -0.0304
vn 0.0533 0.9744 0.2184
vn 0.2085 0.9743 -0.0858
vn 0.3109 0.9418 0.1282
vn 0.3055 0.9424 0.1363
vn 0.4414 0.8972 -0.0104
vn 0.5519 0.8316 0.0621
vn 0.5712 0.8202 0.0325
vn 0.5467 0.8312 0.1012
vn -0.9961 0.0798 0.0370
vn 0.4466 -0.8890 0.1013
vn -0.0051 0.0156 0.9999
vn -0.0025 -0.0007 1.0000
vn -0.0025 0.0004 1.0000
vn -0.0027 -0.0006 1.0000
vn -0.0033 0.0015 1.0000
vn -0.0030 -0.0007 1.0000
vn -0.0031 -0.0033 1.0000
vn -0.0022 -0.0042 1.0000
vn -0.0014 -0.0055 1.0000
vn 0.0018 -0.0050 1.0000
vn 0.0017 -0.0049 1.0000
vn 0.0033 -0.0021 1.0000
vn 0.0053 0.0001 1.0000
vn 0.0027 -0.0020 1.0000
vn 0.0025 0.0002 1.0000
vn 0.0024 -0.0000 1.0000
vn 0.0023 0.0006 1.0000
vn 0.0024 -0.0004 1.0000
vn 0.0027 0.0013 1.0000
vn 0.0040 -0.0013 1.0000
vn 0.0026 0.0032 1.0000
vn 0.0060 0.0020 1.0000
vn 0.0025 0.0038 1.0000
vn -0.0111 0.0180 0.9998
vn -0.0041 0.0199 0.9998
vn 0.0102 0.0188 0.9998
vn -0.0035 0.0031 1.0000
vn -0.0019 0.0042 1.0000
vn -0.0023 0.0003 1.0000
vn -0.0029 -0.0015 1.0000
vn -0.0056 -0.0078 1.0000
vn -0.0073 0.0001 1.0000
vn 0.9605 0.2723 -0.0579
vn 0.9799 0.1964 0.0354
vn 0.8812 -0.4718 -0.0303
vn 0.8492 -0.5272 0.0303
vn 0.3718 -0.9278 -0.0303
vn 0.3116 -0.9497 0.0303
vn -0.3636 -0.9309 -0.0354
vn -0.4349 -0.8986 0.0579
vn -0.9605 -0.2723 -0.0579
vn -0.9799 -0.1964 0.0354
vn -0.8812 0.4718 -0.0303
vn -0.8492 0.5272 0.0303
vn -0.3718 0.9278 -0.0303
vn -0.3116 0.9497 0.0303
vn 0.3636 0.9309 -0.0354
vn 0.4349 0.8986 0.0579
vn 0.9888 0.1217 0.0864
vn 0.9888 -0.1217 -0.0864
vn 0.8855 -0.4565 0.0864
vn 0.7484 -0.6575 -0.0864
vn 0.4745 -0.8760 0.0864
vn 0.2021 -0.9721 -0.1186
vn -0.1579 -0.9743 0.1606
vn -0.5469 -0.8216 -0.1606
vn -0.8094 -0.5752 0.1186
vn -0.9437 -0.3194 -0.0864
vn -0.9898 0.0852 0.1144
vn -0.9423 0.3108 -0.1248
vn -0.5862 0.7963 0.1492
vn -0.3965 0.9058 -0.1492
vn 0.2020 0.9714 0.1248
vn 0.4211 0.8998 -0.1144
vn 0.7484 0.6575 0.0864
vn 0.8855 0.4565 -0.0864
vn 0.9598 0.2303 -0.1606
vn 0.9694 -0.1846 0.1616
vn 0.9097 -0.4080 -0.0774
vn 0.4829 -0.8751 0.0318
vn 0.4653 -0.8829 0.0631
vn -0.2837 -0.9573 -0.0562
vn -0.3470 -0.9372 0.0343
vn -0.8103 -0.5853 -0.0295
vn -0.8409 -0.5404 0.0295
vn -0.9992 -0.0271 -0.0295
vn -0.9992 0.0271 0.0295
vn -0.8409 0.5404 -0.0295
vn -0.7715 0.6294 0.0927
vn -0.3440 0.9290 -0.1362
vn -0.0355 0.9803 0.1943
vn 0.4573 0.8678 -0.1943
vn 0.7443 0.6390 0.1943
vn 0.2893 0.1533 -0.9449
vn -0.2437 0.0482 -0.9687
vn -0.8014 -0.2215 -0.5556
vn -0.4932 -0.0921 -0.8650
vn -0.6183 -0.3241 -0.7160
vn -0.5026 -0.2792 -0.8182
vn -0.6992 -0.5886 -0.4058
vn -0.4855 -0.6327 -0.6033
vn -0.3036 -0.3417 -0.8894
vn -0.3847 -0.8213 -0.4213
vn -0.1745 -0.7749 -0.6075
vn -0.1247 -0.3891 -0.9127
vn -0.0033 -0.9095 -0.4157
vn 0.0460 -0.4850 -0.8733
vn 0.6032 -0.5153 -0.6088
vn 0.3356 -0.3292 -0.8826
vn 0.8025 -0.4284 -0.4153
vn 0.7704 -0.2153 -0.6002
vn 0.3820 -0.1448 -0.9127
vn 0.9054 -0.0508 -0.4216
vn 0.7854 0.1271 -0.6058
vn 0.4080 0.0291 -0.9125
vn 0.8431 0.3316 -0.4234
vn 0.3784 0.4020 -0.8338
vn 0.0004 0.8647 -0.5023
vn 0.0610 0.5623 -0.8247
vn -0.1789 0.8086 -0.5605
vn -0.0790 0.5057 -0.8591
vn -0.3724 0.8029 -0.4655
vn -0.4997 0.6563 -0.5653
vn -0.2134 0.3457 -0.9138
vn -0.6768 0.5742 -0.4607
vn -0.7551 0.3998 -0.5196
vn -0.3676 0.2518 -0.8952
vn -0.6468 0.1981 -0.7365
vn 0.9890 0.1236 0.0808
vn 0.8428 0.2481 -0.4776
vn 0.9141 0.3863 -0.1231
vn 0.9028 0.3653 -0.2269
vn 0.7524 0.4075 -0.5176
vn 0.7820 0.6165 -0.0922
vn 0.2368 0.3430 0.9090
vn 0.2750 0.8286 0.4877
vn 0.1167 0.7963 -0.5935
vn 0.0180 0.9992 0.0356
vn -0.1223 0.9891 0.0818
vn -0.2480 0.8429 -0.4776
vn -0.2717 0.8622 -0.4277
vn -0.3724 0.9251 0.0747
vn -0.4713 0.6337 -0.6134
vn -0.7392 0.5734 0.3534
vn -0.7757 0.4228 -0.4685
vn -0.8976 0.3640 -0.2487
vn -0.9354 0.3017 0.1847
vn -0.7844 0.1153 -0.6095
vn -0.9998 0.0171 -0.0048
vn -0.9894 -0.1235 0.0759
vn -0.8429 -0.2479 -0.4775
vn -0.8624 -0.2719 -0.4269
vn -0.9283 -0.3691 0.0449
vn -0.6879 -0.4929 -0.5327
vn -0.7282 -0.5115 -0.4562
vn -0.6161 -0.6516 -0.4425
vn -0.2672 -0.3804 0.8854
vn -0.2803 -0.8627 0.4210
vn -0.1149 -0.7811 -0.6138
vn -0.0200 -0.9842 -0.1762
vn 0.1299 -0.9875 -0.0889
vn 0.2462 -0.8360 -0.4904
vn 0.2677 -0.8525 -0.4489
vn 0.3855 -0.9189 0.0842
vn 0.4561 -0.6093 -0.6486
vn 0.7380 -0.5708 0.3598
vn 0.7751 -0.4222 -0.4701
vn 0.8972 -0.3648 -0.2487
vn 0.9330 -0.3012 0.1969
vn 0.9362 -0.3507 -0.0214
vn 0.4441 -0.4840 0.7540
vn 0.0339 -0.4972 0.8670
vn -0.3450 -0.1213 0.9307
vn -0.7344 0.2795 0.6184
vn -0.4602 0.5173 0.7215
vn -0.0975 0.2833 0.9541
vn 0.0474 0.3171 0.9472
vn 0.6494 0.5483 0.5269
vn 0.3068 0.1049 0.9460
vn 0.7626 0.0095 -0.6468
vn 0.8947 -0.0468 -0.4443
vn 0.7099 -0.0917 -0.6983
vn 0.8896 -0.3250 -0.3210
vn 0.3798 -0.2245 -0.8974
vn 0.7184 -0.6951 -0.0280
vn -0.2980 -0.9460 -0.1278
vn -0.2957 -0.8428 -0.4498
vn -0.2954 -0.4443 -0.8458
vn -0.6220 -0.7314 -0.2797
vn -0.5580 -0.1186 -0.8214
vn -0.8432 0.0582 -0.5344
vn -0.9139 0.3267 -0.2410
vn -0.3970 0.2366 -0.8868
vn -0.7067 0.6986 -0.1118
vn -0.1226 0.6008 -0.7899
vn 0.0592 0.8151 -0.5763
vn 0.2112 0.9047 -0.3701
vn 0.2340 0.6397 -0.7322
vn 0.4255 0.7497 -0.5069
vn 0.3315 0.4948 -0.8033
vn 0.6887 0.6653 -0.2883
vn 0.6065 0.1228 -0.7855
vn -0.5477 -0.8365 0.0150
vn -0.9296 -0.3361 0.1513
vn -0.8537 0.5025 0.1368
vn -0.8911 0.4269 0.1542
vn -0.7491 0.6502 0.1267
vn -0.9880 0.1522 0.0247
vn -0.9876 0.1551 0.0228
vn -0.6353 -0.2895 0.7159
vn -0.8751 -0.4510 0.1755
vn -0.6143 -0.1723 0.7700
vn -0.8249 -0.1142 0.5536
vn -0.8508 -0.1225 0.5110
vn -0.7437 0.0924 0.6621
vn -0.7894 0.0901 0.6073
vn -0.6099 0.1738 0.7732
vn -0.8074 0.3316 0.4880
vn -0.3242 0.3513 0.8783
vn 0.4526 0.1335 0.8817
vn 0.7953 0.1748 0.5805
vn 0.8993 0.0017 0.4373
vn 0.5062 -0.0419 0.8614
vn 0.8366 -0.1805 0.5172
vn 0.5456 -0.1885 0.8166
vn -0.9885 -0.1386 0.0601
vn -0.9209 -0.3877 -0.0418
vn -0.9852 -0.1247 0.1178
vn 0.9961 -0.0856 0.0233
vn -0.9649 0.2047 -0.1645
vn -0.7346 0.6775 0.0374
vn -0.7152 0.6834 0.1462
vn -0.0522 0.9980 -0.0361
vn -0.3877 0.8459 0.3663
vn -0.2552 -0.9351 0.2458
vn -0.2365 -0.9450 0.2257
vn -0.5357 -0.8381 -0.1034
vn -0.8752 -0.4566 0.1601
vn -0.9182 -0.3961 -0.0078
vn -0.3626 -0.0745 -0.9290
vn -0.3893 -0.0975 -0.9160
vn -0.3727 0.0989 -0.9227
vn -0.3702 0.1002 -0.9235
vn -0.0875 0.4863 -0.8694
vn -0.2919 0.2355 -0.9270
vn -0.2923 0.2372 -0.9264
vn -0.2700 0.2445 -0.9313
vn -0.2246 0.2436 -0.9435
vn -0.2237 0.3081 -0.9247
vn -0.1664 0.3781 -0.9107
vn -0.3346 0.3974 -0.8545
vn -0.0460 0.3554 -0.9336
vn -0.0616 0.3773 -0.9240
vn -0.0358 0.3504 -0.9359
vn -0.1194 0.3139 -0.9419
vn 0.1269 0.4017 -0.9069
vn 0.1537 0.2953 -0.9430
vn 0.2834 0.3068 -0.9086
vn 0.2931 0.2048 -0.9339
vn 0.5245 -0.1142 -0.8437
vn 0.3425 0.1577 -0.9262
vn 0.3615 0.1135 -0.9254
vn 0.3542 0.1194 -0.9275
vn 0.3647 0.0969 -0.9261
vn 0.3553 0.0432 -0.9337
vn 0.3191 0.0120 -0.9476
vn 0.3726 -0.0409 -0.9271
vn 0.3789 -0.0816 -0.9218
vn 0.3538 -0.1194 -0.9277
vn 0.3734 -0.0994 -0.9223
vn 0.3420 -0.1571 -0.9265
vn 0.6079 0.1898 -0.7710
vn 0.2878 -0.2024 -0.9361
vn 0.2844 -0.3099 -0.9072
vn 0.1079 -0.3216 -0.9407
vn 0.1009 -0.3744 -0.9218
vn -0.3471 -0.3320 -0.8771
vn -0.0603 -0.3713 -0.9266
vn -0.0627 -0.3736 -0.9255
vn -0.0833 -0.3579 -0.9300
vn -0.1104 -0.3083 -0.9449
vn -0.1445 -0.3279 -0.9336
vn -0.2361 -0.3209 -0.9172
vn -0.2709 -0.2513 -0.9292
vn -0.2855 -0.2131 -0.9344
vn -0.2921 -0.2385 -0.9262
vn -0.2845 -0.2212 -0.9328
vn -0.2509 -0.2534 -0.9343
vn -0.9998 0.0175 -0.0009
vn -0.9999 0.0138 -0.0006
vn -0.9282 0.0967 -0.3592
vn -0.9913 0.0832 -0.1025
vn -0.9480 0.2748 0.1604
vn -0.9129 0.3385 -0.2282
vn -0.9210 0.3896 -0.0016
vn -0.9271 0.3748 -0.0000
vn -0.8657 0.4496 0.2200
vn -0.8227 0.5678 0.0270
vn -0.8655 0.4978 0.0566
vn -0.7813 0.6238 0.0225
vn -0.7728 0.6346 -0.0003
vn -0.7489 0.6627 0.0047
vn -0.7541 0.6568 -0.0010
vn -0.7204 0.6935 0.0005
vn -0.6684 0.7437 -0.0045
vn -0.6232 0.7656 0.1600
vn -0.5225 0.8526 -0.0110
vn -0.4343 0.8524 0.2913
vn -0.3058 0.9521 -0.0093
vn -0.3880 0.9217 -0.0008
vn -0.3804 0.9238 -0.0440
vn -0.2750 0.9404 0.2000
vn -0.1656 0.9860 -0.0206
vn -0.1623 0.9865 -0.0233
vn -0.1384 0.9903 0.0098
vn -0.1039 0.9899 0.0965
vn 0.0024 0.9956 0.0941
vn -0.0192 0.9998 -0.0021
vn 0.0148 0.9999 0.0010
vn 0.1003 0.9809 0.1665
vn 0.2903 0.9535 0.0812
vn 0.3576 0.9339 -0.0010
vn 0.3830 0.9237 -0.0039
vn 0.4793 0.8648 -0.1497
vn 0.6254 0.7487 0.2200
vn 0.6951 0.7189 -0.0026
vn 0.6956 0.7184 -0.0027
vn 0.7793 0.6120 -0.1348
vn 0.8648 0.4690 0.1793
vn 0.9033 0.4267 0.0435
vn 0.9282 0.3720 -0.0106
vn 0.9177 0.3972 0.0013
vn 0.9166 0.3999 -0.0000
vn 0.9211 0.3894 0.0007
vn 0.9414 0.3374 -0.0007
vn 0.9364 0.3510 0.0019
vn 0.9421 0.3338 -0.0312
vn 0.9417 0.2750 0.1938
vn 0.9338 0.3576 -0.0074
vn 0.9902 0.1196 -0.0723
vn 0.9999 -0.0112 -0.0013
vn 1.0000 0.0021 0.0001
vn 0.9897 -0.1187 -0.0798
vn 0.9418 -0.2750 0.1936
vn 0.9350 -0.3545 -0.0056
vn 0.9371 -0.3490 0.0018
vn 0.9421 -0.3341 -0.0273
vn 0.9267 -0.3758 -0.0000
vn 0.9358 -0.3525 0.0025
vn 0.9159 -0.4015 -0.0007
vn 0.9177 -0.3973 0.0013
vn 0.9529 -0.3001 -0.0433
vn 0.8744 -0.4670 0.1315
vn 0.8688 -0.4711 0.1524
vn 0.8338 -0.5503 -0.0443
vn 0.7291 -0.6157 0.2989
vn 0.7206 -0.6933 -0.0033
vn 0.7223 -0.6916 -0.0031
vn 0.6745 -0.6926 -0.2555
vn 0.6160 -0.7661 0.1832
vn 0.4891 -0.8632 -0.1253
vn 0.3715 -0.9284 -0.0007
vn 0.3050 -0.9523 -0.0074
vn 0.2674 -0.8951 -0.3568
vn 0.3128 -0.9498 -0.0090
vn 0.1118 -0.9860 0.1240
vn 0.0940 -0.9955 0.0093
vn 0.1066 -0.9943 -0.0066
vn -0.0607 -0.9982 0.0030
vn -0.1541 -0.9881 -0.0005
vn -0.0855 -0.9947 0.0564
vn -0.1060 -0.9926 0.0586
vn -0.1114 -0.9928 0.0449
vn -0.1859 -0.9809 -0.0581
vn -0.1613 -0.9869 0.0056
vn -0.2772 -0.9529 0.1227
vn -0.3523 -0.9203 -0.1700
vn -0.3880 -0.9216 -0.0007
vn -0.3511 -0.9363 -0.0046
vn -0.4295 -0.8492 0.3071
vn -0.4942 -0.8643 0.0936
vn -0.6115 -0.7628 0.2100
vn -0.6480 -0.7561 0.0917
vn -0.5767 -0.8168 0.0162
vn -0.7818 -0.6235 0.0012
vn -0.8287 -0.5597 -0.0006
vn -0.8500 -0.5266 -0.0122
vn -0.7785 -0.6276 0.0060
vn -0.7814 -0.6239 0.0135
vn -0.7219 -0.6920 -0.0016
vn -0.7111 -0.7031 -0.0013
vn -0.8668 -0.4525 0.2094
vn -0.9520 -0.3059 -0.0094
vn -0.9210 -0.3896 -0.0008
vn -0.9106 -0.3381 -0.2377
vn -0.9485 -0.2749 0.1572
vn -0.9920 -0.1125 -0.0575
vn -0.8569 -0.5061 0.0984
vn -0.1508 0.9883 0.0229
vn 0.8609 0.5087 0.0082
vn 0.8312 0.5560 -0.0024
vn 0.8579 0.5137 -0.0053
vn 0.8681 0.4964 -0.0056
vn 0.9065 0.4221 0.0053
vn 0.9268 0.3756 -0.0074
vn 0.9767 0.2147 0.0067
vn 0.9871 0.1597 -0.0069
vn 1.0000 0.0019 0.0069
vn 0.9984 -0.0560 -0.0070
vn 0.9775 -0.2109 0.0070
vn 0.9631 -0.2692 -0.0072
vn 0.9062 -0.4228 0.0080
vn 0.8827 -0.4699 0.0006
vn 0.8582 -0.5132 0.0098
vn 0.8742 -0.4854 0.0108
vn 0.7639 -0.6450 0.0196
vn 0.7591 -0.6510 -0.0026
vn 0.7596 -0.6504 -0.0024
vn 0.5144 -0.8575 0.0059
vn 0.7249 -0.6888 0.0046
vn 0.5990 -0.8007 -0.0029
vn 0.5590 -0.8291 0.0058
vn 0.5074 -0.8617 -0.0053
vn 0.3900 -0.9208 0.0048
vn 0.3419 -0.9397 -0.0061
vn 0.2163 -0.9763 -0.0029
vn 0.2378 -0.9700 0.0505
vn 0.2159 -0.9764 -0.0030
vn 0.0206 -0.9998 0.0036
vn 0.0189 -0.9998 0.0036
vn -0.0046 -1.0000 -0.0034
vn -0.1960 -0.9806 0.0034
vn -0.2197 -0.9756 -0.0037
vn -0.4001 -0.9165 0.0037
vn -0.4242 -0.9056 -0.0039
vn -0.5859 -0.8104 0.0039
vn -0.6088 -0.7933 -0.0042
vn -0.7566 -0.6538 0.0050
vn -0.7650 -0.6441 0.0014
vn -0.8675 -0.4974 0.0097
vn -0.8852 -0.4653 0.0007
vn -0.8636 -0.5041 -0.0027
vn -0.9413 -0.3368 0.0208
vn -0.9434 -0.3317 0.0047
vn -0.9749 -0.2223 -0.0147
vn -0.9639 -0.2663 -0.0053
vn -0.9926 -0.1206 0.0107
vn -0.9988 -0.0494 -0.0024
vn -0.9990 -0.0438 -0.0021
vn -0.9983 0.0571 -0.0106
vn -0.9895 0.1446 0.0055
vn -0.9647 0.2634 -0.0064
vn -0.9759 0.2174 -0.0165
vn -0.9405 0.3396 0.0113
vn -0.9414 0.3373 0.0044
vn -0.8765 0.4815 -0.0010
vn -0.8834 0.4687 0.0002
vn -0.8762 0.4819 0.0038
vn -0.7625 0.6470 -0.0035
vn -0.7475 0.6643 0.0032
vn -0.6058 0.7956 -0.0032
vn -0.5890 0.8081 0.0030
vn -0.4207 0.9072 -0.0029
vn -0.3864 0.9223 0.0083
vn -0.2160 0.9764 0.0019
vn -0.2029 0.9792 0.0057
vn -0.0009 1.0000 0.0004
vn 0.0117 0.9999 0.0042
vn 0.0289 0.9996 0.0045
vn 0.9629 -0.2690 -0.0207
vn 0.1816 0.9834 0.0027
vn 0.2140 0.9768 -0.0046
vn 0.4212 0.9069 -0.0069
vn 0.2387 0.9711 -0.0007
vn 0.3397 0.9405 -0.0079
vn 0.3737 0.9275 -0.0013
vn 0.5064 0.8622 -0.0102
vn 0.5473 0.8369 -0.0010
vn 0.5979 0.8016 0.0006
vn 0.6024 0.7982 0.0021
vn 0.9377 0.3474 0.0035
vn 0.7250 0.6887 0.0064
vn 0.7609 0.6488 -0.0050
vn 0.0001 -0.0000 1.0000
vn -0.1066 0.0881 0.9904
vn 0.0001 -0.0001 1.0000
vn 0.0001 0.0001 1.0000
vn -0.1107 0.0319 0.9933
vn 0.0330 -0.1187 0.9924
vn 0.0003 -0.0000 1.0000
vn -0.0001 0.0005 1.0000
vn -0.0000 0.0001 1.0000
vn -0.0001 -0.0000 1.0000
vn -0.0401 -0.1382 0.9896
vn 0.1092 0.0865 0.9903
vn 0.0001 0.0002 1.0000
vn -0.0668 -0.0194 0.9976
vn 0.0557 -0.0396 0.9977
vn 0.0105 0.0668 0.9977
vn -0.0002 -0.0001 1.0000
vn 0.0001 -0.0002 1.0000
vn -0.0308 0.1121 0.9932
vn 0.0178 -0.0646 0.9977
vn 0.0370 0.0520 0.9980
vn -0.0714 0.1006 0.9924
vn 0.0056 -0.0080 1.0000
vn 0.0018 0.0080 1.0000
vn -0.0000 -0.0003 1.0000
vn -0.0087 0.0013 1.0000
vn 0.0324 0.1104 0.9934
vn -0.1193 -0.0325 0.9923
vn -0.0000 -0.0001 1.0000
vn 0.1163 -0.0948 0.9887
vn -0.0095 -0.0211 -0.9997
vn -0.0177 0.0030 -0.9998
vn -0.0000 0.0130 -0.9999
vn -0.0490 0.0357 -0.9982
vn 0.0011 -0.0008 -1.0000
vn -0.0011 -0.0003 -1.0000
vn 0.0054 0.0007 -1.0000
vn -0.0003 -0.0002 -1.0000
vn -0.0432 -0.0068 -0.9990
vn 0.0194 -0.0631 -0.9978
vn 0.0211 -0.0095 -0.9997
vn -0.0030 -0.0177 -0.9998
vn -0.0130 0.0001 -0.9999
vn -0.0805 -0.1106 -0.9906
vn 0.0006 0.0009 -1.0000
vn 0.0002 -0.0008 -1.0000
vn 0.0398 0.0221 -0.9990
vn 0.0544 -0.0765 -0.9956
vn 0.0095 0.0211 -0.9997
vn 0.0177 -0.0030 -0.9998
vn 0.0338 0.0062 -0.9994
vn 0.0066 -0.0424 -0.9991
vn 0.0022 0.0007 -1.0000
vn -0.0960 0.0280 -0.9950
vn 0.0757 0.0539 -0.9957
vn 0.0432 0.0068 -0.9990
vn -0.0168 0.0544 -0.9984
vn -0.0211 0.0095 -0.9997
vn 0.0030 0.0177 -0.9998
vn 0.0129 0.0001 -0.9999
vn 0.0346 0.0474 -0.9983
vn -0.0008 -0.0011 -1.0000
vn -0.0002 0.0011 -1.0000
vn -0.0393 -0.0219 -0.9990
vn -0.0539 0.0757 -0.9957
vn -0.0065 0.0413 -0.9991
vn -0.0028 -0.0009 -1.0000
vn 0.0490 -0.0357 -0.9982
vn -0.0010 0.0007 -1.0000
vn 0.0010 0.0002 -1.0000
vn -0.9861 0.1658 0.0108
vn -0.9745 0.2242 -0.0108
vn -0.9745 -0.2242 0.0108
vn -0.9861 -0.1658 -0.0108
vn -0.8145 -0.5800 0.0108
vn -0.8476 -0.5306 -0.0108
vn -0.5306 -0.8476 0.0108
vn -0.5800 -0.8145 -0.0108
vn -0.1658 -0.9861 0.0108
vn -0.2242 -0.9745 -0.0108
vn 0.2242 -0.9745 0.0108
vn 0.1658 -0.9861 -0.0108
vn 0.5800 -0.8145 0.0108
vn 0.5306 -0.8476 -0.0108
vn 0.9861 -0.1658 0.0108
vn 0.9745 -0.2242 -0.0108
vn 0.8476 -0.5306 0.0108
vn 0.8145 -0.5800 -0.0108
vn 0.8145 0.5800 0.0108
vn 0.8476 0.5306 -0.0108
vn 0.5306 0.8476 0.0108
vn 0.5800 0.8145 -0.0108
vn 0.1658 0.9861 0.0108
vn 0.2242 0.9745 -0.0108
vn -0.2242 0.9745 0.0108
vn -0.1658 0.9861 -0.0108
vn -0.5800 0.8145 0.0108
vn -0.5306 0.8476 -0.0108
vn -0.8476 0.5306 0.0108
vn -0.8145 0.5800 -0.0108
vn 0.9745 0.2242 0.0108
vn 0.9861 0.1658 -0.0108
vn 0.2440 0.2405 0.9395
vn 0.2834 0.2609 0.9228
vn 0.2646 0.2603 0.9286
vn 0.2692 0.2590 0.9276
vn 0.3351 0.1932 0.9222
vn 0.3412 0.1480 0.9283
vn 0.4465 0.0921 0.8901
vn 0.2159 0.0242 0.9761
vn 0.4476 -0.0630 0.8920
vn 0.3240 -0.1387 0.9358
vn 0.3372 -0.1938 0.9213
vn 0.2875 -0.2449 0.9259
vn 0.2339 -0.2679 0.9346
vn 0.2325 -0.2336 0.9441
vn 0.2757 -0.2575 0.9261
vn 0.2695 -0.2578 0.9278
vn 0.1998 -0.2878 0.9366
vn 0.2742 0.2427 0.9305
vn -0.3413 0.0929 0.9353
vn -0.3673 0.1174 0.9227
vn -0.3513 0.0768 0.9331
vn -0.3494 0.0691 0.9344
vn -0.3553 0.1244 0.9264
vn -0.3361 0.1926 0.9219
vn -0.2988 0.2215 0.9283
vn -0.3030 0.3406 0.8901
vn -0.1291 0.1752 0.9760
vn -0.1692 0.4191 0.8920
vn -0.0419 0.3500 0.9358
vn -0.0006 0.3890 0.9212
vn 0.0677 0.3717 0.9259
vn 0.1167 0.3349 0.9350
vn 0.0861 0.3181 0.9441
vn 0.0852 0.3675 0.9261
vn 0.0885 0.3624 0.9278
vn 0.1536 0.3136 0.9370
vn -0.3500 0.0501 0.9354
vn -0.0195 0.0014 -0.9998
vn -0.0128 -0.0034 -0.9999
vn 0.0040 -0.0016 -1.0000
vn 0.0040 -0.0017 -1.0000
vn 0.0098 -0.0034 -0.9999
vn 0.0141 -0.0230 -0.9996
vn 0.0095 -0.0197 -0.9998
vn 0.0007 -0.0287 -0.9996
vn 0.0025 -0.0151 -0.9999
vn 0.0118 -0.0028 -0.9999
vn -0.0003 0.0149 -0.9999
vn 0.0145 0.0298 -0.9995
vn 0.0373 0.0342 -0.9987
vn -0.0124 -0.0040 -0.9999
vn 0.0075 0.0040 -1.0000
vn 0.0075 0.0042 -1.0000
vn -0.0097 0.0053 -0.9999
vn -0.0120 0.0025 -0.9999
vn -0.0026 -0.0004 -1.0000
vn -0.0145 -0.0051 -0.9999
vn -0.0164 0.0064 -0.9998
vn -0.0011 0.0046 -1.0000
vn -0.0057 -0.0035 -1.0000
vn -0.0003 -0.0064 -1.0000
vn -0.0023 -0.0123 -0.9999
vn 0.0086 -0.0139 -0.9999
vn 0.0100 -0.0152 -0.9998
vn 0.0103 -0.0142 -0.9998
vn 0.0004 0.0026 -1.0000
vn 0.0012 0.0039 -1.0000
vn 0.0014 0.0024 -1.0000
vn 0.0011 0.0024 -1.0000
vn 0.0044 0.0100 -0.9999
vn 0.0222 0.0094 -0.9997
vn 0.0164 -0.0001 -0.9999
vn -0.0174 0.0047 -0.9998
vn 0.0863 -0.3316 0.9395
vn 0.0842 -0.3759 0.9228
vn 0.0931 -0.3593 0.9286
vn 0.0894 -0.3628 0.9276
vn 0.0002 -0.3870 0.9221
vn -0.0425 -0.3695 0.9283
vn -0.1435 -0.4327 0.8901
vn -0.0872 -0.1994 0.9760
vn -0.2783 -0.3561 0.8920
vn -0.2821 -0.2113 0.9358
vn -0.3364 -0.1951 0.9213
vn -0.3563 -0.1250 0.9260
vn -0.3496 -0.0710 0.9342
vn -0.2660 -0.0552 0.9624
vn -0.3622 -0.1110 0.9254
vn -0.3572 -0.1010 0.9285
vn -0.3496 -0.0736 0.9340
vn 0.0727 -0.3591 0.9305
vn -0.0000 -0.0002 -1.0000
vn 0.0002 -0.0004 -1.0000
vn 0.0009 -0.0000 -1.0000
vn 0.0005 -0.0004 -1.0000
vn 0.0002 -0.0007 -1.0000
vn -0.0000 -0.0004 -1.0000
vn -0.0003 -0.0003 -1.0000
vn -0.0000 -0.0003 -1.0000
vn -0.0001 0.0001 -1.0000
vn -0.0002 0.0002 -1.0000
vn -0.0003 -0.0000 -1.0000
vn 0.0001 -0.0000 -1.0000
vn 0.0001 0.0002 -1.0000
vn 0.0002 0.0001 -1.0000
vn 0.0001 0.0010 -1.0000
vn 0.0002 0.0010 -1.0000
vn -0.0007 0.0012 -1.0000
vn -0.0003 -0.0001 -1.0000
vn -0.0000 0.0008 -1.0000
vn -0.9457 0.3251 -0.0020
vn -0.9455 0.3230 0.0415
vn -0.9499 0.3124 0.0125
vn 0.2359 0.9653 -0.1124
vn -0.1546 0.9754 0.1569
vn -0.1467 0.9819 0.1200
vn -0.6568 0.7520 -0.0552
vn -0.7341 0.6294 0.2548
vn 0.9272 -0.0849 0.3648
vn 0.9275 -0.3680 0.0662
vn 0.9554 0.2945 0.0197
vn 0.8909 0.4254 0.1591
vn 0.6985 0.7083 -0.1021
vn 0.7629 -0.6376 0.1070
vn 0.7612 -0.6410 0.0984
vn 0.7675 -0.6409 0.0122
vn 0.0037 -0.0260 0.9997
vn 0.0039 -0.0232 0.9997
vn -0.0280 -0.0116 0.9995
vn -0.0753 -0.0281 0.9968
vn 0.1639 -0.9862 0.0237
vn 0.1668 -0.9791 0.1166
vn 0.2036 -0.9787 0.0252
vn 0.2365 0.9711 0.0326
vn 0.1724 0.9718 0.1610
vn 0.1663 0.9859 0.0163
vn 0.0739 0.0098 0.9972
vn -0.0366 0.0423 0.9984
vn -0.0154 -0.0218 0.9996
vn 0.0532 -0.0010 0.9986
vn -0.6666 -0.7448 -0.0298
vn -0.6246 -0.7725 0.1141
vn -0.6245 -0.7796 0.0476
vn -0.6237 -0.7725 0.1199
vn -0.6306 -0.7751 0.0378
vn -0.3628 -0.9284 0.0806
vn -0.3438 -0.9390 0.0046
vn -0.3402 -0.9388 0.0530
vn -0.2872 -0.9520 -0.1059
vn 0.0032 -0.0576 0.9983
vn -0.0171 -0.0003 0.9999
vn 0.0086 0.0183 0.9998
vn 0.0062 0.0009 1.0000
vn -0.0132 0.0049 0.9999
vn -0.0380 -0.0504 0.9980
vn -0.0561 -0.0465 0.9973
vn -0.6238 0.7776 0.0787
vn -0.6393 0.7688 0.0168
vn -0.6398 0.7680 0.0294
vn -0.6683 0.7345 -0.1182
vn -0.3150 0.9489 -0.0208
vn -0.3468 0.9345 0.0805
vn -0.3514 0.9359 0.0249
vn -0.3574 0.9260 0.1218
vn -0.3560 0.9340 0.0311
vn -0.0609 0.0274 0.9978
vn -0.0006 0.0163 0.9999
vn 0.0054 -0.0072 1.0000
vn -0.0004 -0.0038 1.0000
vn 0.0077 0.0339 0.9994
vn -0.0157 0.0276 0.9995
vn -0.0110 0.0541 0.9985
vn 0.8193 0.5657 0.0932
vn 0.7585 0.6515 0.0147
vn 0.7570 0.6521 0.0418
vn 0.7459 0.6660 -0.0028
vn 0.7180 -0.6869 -0.1123
vn 0.9222 -0.3537 0.1563
vn 0.9116 -0.3248 0.2519
vn 0.9611 0.2294 -0.1537
vn -0.5383 -0.7606 0.3630
vn -0.7820 -0.6198 0.0661
vn -0.2227 -0.9747 0.0197
vn -0.0767 -0.9842 0.1595
vn 0.2641 -0.9591 -0.1022
vn -0.9336 -0.3419 0.1070
vn -0.9357 -0.3388 0.0984
vn -0.9388 -0.3441 0.0120
vn -0.0108 0.0131 0.9999
vn -0.0055 -0.0271 0.9996
vn 0.0504 -0.0336 0.9982
vn -0.0245 0.0404 0.9989
vn 0.9852 0.1502 0.0829
vn 0.9854 0.1697 0.0148
vn 0.9836 0.1720 0.0535
vn 0.9673 0.2277 -0.1113
vn 0.9792 -0.2019 -0.0210
vn 0.9818 -0.1585 0.1050
vn 0.9873 -0.1548 0.0359
vn 0.9809 -0.1542 0.1182
vn 0.9868 -0.1592 0.0303
vn 0.0968 0.0223 0.9951
vn 0.0131 0.0105 0.9999
vn 0.0136 0.0104 0.9999
vn 0.0031 0.0018 1.0000
vn 0.0047 0.0002 1.0000
vn -0.0005 -0.0014 1.0000
vn 0.0012 -0.0112 0.9999
vn 0.0332 -0.0080 0.9994
vn 0.1169 -0.0209 0.9929
vn -0.4240 0.9053 0.0257
vn -0.5721 -0.8198 0.0244
vn 0.6204 0.7817 -0.0636
vn 0.7907 0.5987 0.1280
vn -0.1659 0.5406 0.8248
vn -0.3189 0.8779 0.3571
vn -0.4796 0.3159 0.8187
vn -0.7317 0.6503 0.2040
vn -0.3059 0.4197 0.8545
vn -0.3290 0.4453 0.8327
vn -0.3620 0.8058 0.4687
vn -0.0312 0.2560 0.9662
vn 0.8078 0.1359 0.5736
vn 0.3299 0.3272 0.8855
vn 0.7249 -0.6397 -0.2555
vn -0.0085 -0.3882 0.9215
vn 0.5679 -0.4037 0.7173
vn 0.7252 -0.6596 0.1975
vn 0.3716 -0.4896 0.7888
vn 0.3366 -0.5278 0.7798
vn 0.4283 -0.8628 0.2685
vn 0.1751 -0.6199 0.7649
vn 0.1579 -0.9016 0.4026
vn -0.5368 0.6284 0.5630
vn -0.5007 0.5658 0.6552
vn -0.5312 -0.4234 0.7339
vn -0.5178 -0.4365 0.7358
vn 0.0519 -0.9885 0.1423
vn -0.2677 -0.9620 0.0537
vn 0.0261 -0.7130 0.7007
vn -0.0040 -0.6592 0.7520
vn -0.6197 -0.2375 0.7481
vn -0.5271 -0.1639 0.8338
vn 0.1590 -0.3688 0.9158
vn 0.3985 -0.5363 0.7440
vn 0.9806 -0.1848 0.0649
vn 0.9884 -0.1139 0.1005
vn -0.8591 0.4346 0.2705
vn 0.5393 -0.5779 0.6125
vn -0.3537 0.9334 0.0611
vn -0.3476 0.9256 0.1499
vn -0.3836 0.4500 0.8065
vn -0.5535 0.6084 0.5687
vn -0.2484 0.4817 0.8404
vn -0.6577 0.7527 -0.0286
vn 0.6248 0.5693 0.5343
vn 0.5757 0.4972 0.6491
vn 0.3631 -0.9299 -0.0586
vn 0.1390 -0.9828 0.1219
vn 0.5679 -0.1287 0.8130
vn 0.9209 -0.1635 0.3539
vn -0.2816 -0.7697 0.5729
vn 0.1139 -0.4499 0.8858
vn 0.8449 0.1452 0.5149
vn 0.5947 0.1191 0.7951
vn -0.1000 0.6691 0.7364
vn -0.0471 0.6824 0.7295
vn 0.3495 0.9324 0.0926
vn 0.1246 0.9912 -0.0443
vn 0.8345 0.5330 0.1397
vn 0.9653 0.2557 0.0531
vn 0.6495 0.4652 0.6014
vn 0.5726 0.3276 0.7515
vn 0.6901 -0.7188 0.0837
vn 0.5167 -0.4141 0.7493
vn 0.3984 -0.3689 0.8398
vn 0.2566 0.3328 0.9074
vn 0.2491 0.5689 0.7838
vn 0.2418 0.5346 0.8098
vn -0.3267 0.9429 0.0649
vn -0.3952 0.9128 0.1030
vn 0.0577 -0.9606 0.2720
vn 0.2287 0.7565 0.6127
vn -0.2630 -0.4947 -0.8283
vn -0.2015 -0.5582 0.8048
vn -0.3135 -0.9208 0.2320
vn -0.8131 0.2590 0.5214
vn -0.7176 0.2509 0.6496
vn -0.3318 0.9366 0.1124
vn -0.5398 -0.6134 0.5765
vn -0.6026 -0.7093 0.3657
vn -0.0368 -0.5815 0.8127
vn -0.1919 -0.9603 0.2024
vn -0.2160 -0.4948 0.8417
vn -0.1909 -0.4171 0.8886
vn -0.5731 -0.7925 0.2085
vn -0.4377 -0.4278 0.7908
vn -0.5066 0.3948 0.7665
vn -0.4453 0.1282 0.8861
vn 0.1848 0.8887 -0.4196
vn 0.3828 0.1548 0.9107
vn 0.1230 0.8823 0.4543
vn 0.4677 0.8478 0.2498
vn 0.4190 0.6711 0.6116
vn 0.4135 0.6034 0.6818
vn 0.6867 0.5872 0.4285
vn 0.6760 0.6913 -0.2552
vn 0.2235 0.9095 0.3505
vn 0.4109 0.8373 0.3608
vn -0.2933 -0.7822 0.5497
vn -0.1943 -0.5724 0.7966
vn 0.6286 -0.2513 0.7360
vn 0.6196 -0.2835 0.7319
vn 0.8048 -0.5901 0.0648
vn 0.8079 -0.5862 0.0612
vn -0.7821 0.6231 -0.0026
vn 0.1180 0.7262 0.6773
vn -0.6942 0.0594 0.7173
vn -0.4300 0.0371 0.9021
vn -0.4708 -0.0608 0.8801
vn -0.7698 -0.1783 0.6128
vn 0.8696 -0.1621 0.4663
vn 0.8183 0.1650 0.5506
vn 0.7404 0.0115 0.6721
vn 0.1817 -0.8329 0.5227
vn 0.1418 -0.7485 0.6478
vn 0.3332 -0.1756 0.9264
vn -0.3756 -0.9035 0.2064
vn -0.5949 0.7771 0.2054
vn -0.0084 0.3746 0.9271
vn 0.9703 0.1265 0.2064
vn -0.0337 0.9994 0.0061
vn 0.0285 0.9996 -0.0064
vn -0.0059 -1.0000 0.0020
vn 0.0155 -0.9999 0.0062
vn 0.7186 0.6954 -0.0032
vn 0.6842 0.7293 0.0064
vn -0.7071 -0.7071 -0.0006
vn -0.7272 -0.6864 -0.0064
vn -0.9249 -0.3800 -0.0065
vn -0.9243 -0.3817 -0.0061
vn 0.9234 0.3837 0.0002
vn 0.9111 0.4120 0.0064
vn 1.0000 0.0016 -0.0079
vn 0.9971 0.0758 0.0068
vn -1.0000 -0.0000 -0.0007
vn -0.9996 0.0285 -0.0064
vn -0.9241 0.3821 0.0001
vn -0.9111 0.4120 -0.0064
vn 0.9098 -0.4151 -0.0064
vn 0.9349 -0.3549 0.0064
vn 0.6959 -0.7181 -0.0016
vn 0.7240 -0.6898 0.0063
vn -0.7036 0.7106 -0.0016
vn -0.6863 0.7273 -0.0064
vn 0.3836 -0.9235 0.0002
vn 0.4120 -0.9111 0.0064
vn -0.3827 0.9239 -0.0000
vn -0.3529 0.9356 -0.0064
vn -0.7193 -0.6947 -0.0035
vn -0.6841 -0.7294 0.0064
vn 0.7073 0.7069 -0.0007
vn 0.7272 0.6864 -0.0064
vn -0.3817 -0.9243 0.0002
vn -0.3529 -0.9356 0.0064
vn 0.3827 0.9239 -0.0000
vn 0.4120 0.9111 -0.0064
vn 0.9282 0.3720 -0.0083
vn 0.9243 0.3817 -0.0061
vn -0.9235 -0.3837 0.0002
vn -0.9111 -0.4120 0.0064
vn -1.0000 -0.0015 0.0003
vn -0.9995 -0.0320 0.0064
vn 1.0000 -0.0000 -0.0011
vn 0.9996 -0.0261 -0.0063
vn 0.9239 -0.3827 0.0001
vn 0.9110 -0.4125 -0.0064
vn -0.9112 0.4119 -0.0069
vn -0.9371 0.3489 0.0064
vn -0.7086 0.7056 0.0004
vn -0.7294 0.6841 0.0064
vn 0.7071 -0.7071 -0.0006
vn 0.6863 -0.7273 -0.0064
vn -0.3838 0.9234 0.0002
vn -0.4120 0.9111 0.0064
vn 0.3788 -0.9255 -0.0068
vn 0.3817 -0.9243 -0.0061
vn -0.0257 -0.9997 -0.0058
vn -0.0285 -0.9996 -0.0064
vn -0.0014 1.0000 0.0003
vn -0.0320 0.9995 0.0064
vn 0.3816 0.9243 -0.0006
vn 0.3479 0.9375 0.0065
vn -0.3827 -0.9239 -0.0000
vn -0.4120 -0.9111 -0.0064
vn -0.4651 -0.2357 0.8533
vn -0.0667 -0.5220 0.8503
vn 0.3769 -0.3237 0.8678
vn 0.4659 -0.1701 0.8683
vn 0.0210 0.5274 0.8493
vn 0.4386 0.2876 0.8514
vn -0.4640 0.2461 0.8510
vn -0.0872 -0.3004 0.9498
vn -0.2474 -0.2025 0.9475
vn -0.3243 -0.0225 0.9457
vn -0.3978 0.4499 0.7996
vn -0.1595 0.1243 0.9794
vn -0.4088 0.8302 0.3791
vn -0.1456 0.7236 0.6747
vn 0.0118 0.2176 0.9760
vn 0.1569 0.5647 0.8102
vn 0.4341 0.6531 0.6205
vn 0.3299 0.3130 0.8906
vn 0.5669 0.4187 0.7095
vn 0.7689 0.3071 0.5607
vn 0.4615 -0.0656 0.8847
vn 0.4359 -0.7541 0.4913
vn 0.2246 -0.6789 0.6991
vn 0.3542 -0.3505 0.8670
vn -0.0413 0.1619 0.9859
vn 0.0241 -0.2738 0.9615
vn -0.1427 -0.1607 0.9766
vn 0.3303 0.6138 0.7171
vn 0.5280 -0.1416 -0.8374
vn 0.8999 0.1783 -0.3981
vn 0.3454 0.4734 -0.8103
vn 0.3484 0.5964 -0.7231
vn -0.0951 0.7847 -0.6125
vn -0.2336 0.5613 -0.7939
vn -0.6177 0.5634 -0.5487
vn -0.5280 0.1416 -0.8374
vn -0.8999 -0.1783 -0.3981
vn -0.3454 -0.4734 -0.8103
vn -0.3484 -0.5964 -0.7231
vn 0.0951 -0.7847 -0.6125
vn 0.2336 -0.5613 -0.7939
vn 0.6177 -0.5634 -0.5487
vn 0.7380 -0.6747 -0.0101
vn 0.6795 -0.7336 -0.0036
vn 0.2609 -0.9654 -0.0010
vn 0.1247 -0.9922 -0.0071
vn -0.0750 -0.9972 0.0004
vn -0.5117 -0.8592 -0.0061
vn -0.4934 -0.8698 -0.0078
vn -0.7711 -0.6367 0.0029
vn -0.9806 -0.1960 -0.0101
vn -0.9725 -0.2323 -0.0136
vn -0.9812 0.1928 0.0038
vn -0.8180 0.5753 -0.0018
vn -0.7380 0.6747 -0.0111
vn -0.4945 0.8692 0.0004
vn -0.1247 0.9922 -0.0038
vn -0.1296 0.9916 -0.0042
vn 0.3922 0.9199 -0.0014
vn 0.5117 0.8592 -0.0076
vn 0.5924 0.8057 -0.0029
vn 0.9026 0.4304 0.0009
vn 0.9805 0.1959 -0.0152
vn 0.9830 -0.1833 0.0072
vn 0.8507 -0.5256 -0.0015
vn 0.8318 -0.5550 0.0106
vn 0.4841 -0.8750 0.0030
vn 0.5209 -0.8534 -0.0191
vn 0.1432 -0.9891 0.0344
vn -0.0802 -0.9968 -0.0067
vn -0.0759 -0.9971 -0.0085
vn -0.4204 -0.9063 0.0427
vn -0.6197 -0.7848 -0.0012
vn -0.6453 -0.7639 0.0097
vn -0.8734 -0.4862 0.0266
vn -0.9150 -0.4034 0.0027
vn -0.9672 -0.2521 0.0320
vn -0.9976 0.0693 -0.0019
vn -0.9939 0.1096 0.0151
vn -0.9291 0.3674 0.0422
vn -0.8079 0.5891 -0.0122
vn -0.7686 0.6397 0.0079
vn -0.3922 0.9199 -0.0026
vn -0.4419 0.8964 -0.0356
vn -0.0899 0.9951 0.0420
vn 0.1854 0.9826 0.0118
vn 0.2791 0.9596 -0.0348
vn 0.5694 0.8213 0.0342
vn 0.7459 0.6660 0.0011
vn 0.7971 0.6030 -0.0327
vn 0.9556 0.2919 0.0413
vn 0.9994 0.0346 -0.0088
vn 0.9998 0.0204 -0.0031
vn 0.9350 -0.3532 0.0320
vn 0.0269 -0.0155 0.9995
vn 0.0276 0.0015 0.9996
vn -0.0183 -0.0222 0.9996
vn -0.0000 -0.0284 0.9996
vn -0.0126 -0.0342 0.9993
vn -0.0272 -0.0236 0.9994
vn -0.0267 -0.0154 0.9995
vn -0.0360 -0.0037 0.9993
vn -0.0267 0.0154 0.9995
vn -0.0243 0.0046 0.9997
vn -0.0000 0.0126 0.9999
vn -0.0006 0.0118 0.9999
vn 0.0088 0.0066 0.9999
vn 0.0089 0.0051 0.9999
vn 0.0533 -0.0363 0.9979
vn 0.0432 0.0006 0.9991
vn 0.0277 -0.0171 -0.9995
vn 0.0276 0.0033 -0.9996
vn 0.0257 0.0009 -0.9997
vn 0.0185 0.0126 -0.9997
vn 0.0185 0.0140 -0.9997
vn 0.0055 0.0189 -0.9998
vn 0.0340 0.0397 -0.9986
vn -0.0149 0.0239 -0.9996
vn -0.0091 0.0212 -0.9997
vn -0.0190 0.0139 -0.9997
vn -0.0211 0.0347 -0.9992
vn -0.0368 -0.0157 -0.9992
vn -0.0218 0.0015 -0.9998
vn -0.0225 0.0032 -0.9997
vn -0.0239 -0.0105 -0.9997
vn -0.0120 -0.0207 -0.9997
vn -0.0126 -0.0160 -0.9998
vn -0.0018 -0.0218 -0.9998
vn 0.0025 -0.0182 -0.9998
vn 0.0103 -0.0186 -0.9998
vn 0.0049 -0.0281 -0.9996
vn 0.0023 0.0024 -1.0000
vn -0.0023 -0.0024 -1.0000
vn -0.0015 0.0013 -1.0000
vn 0.0015 -0.0013 -1.0000
vn 0.8660 0.5000 0.0089
vn 0.8364 0.5454 0.0544
vn 0.7763 -0.6276 0.0594
vn 0.8660 -0.5000 -0.0085
vn 0.9166 -0.3976 0.0413
vn -0.1120 -0.9900 0.0855
vn -0.0000 -1.0000 -0.0042
vn -0.8910 -0.4513 0.0486
vn -0.8660 -0.5000 0.0057
vn -0.8659 0.4999 0.0169
vn -0.8824 0.4680 0.0482
vn 0.0389 0.9978 0.0540
vn -0.0000 0.9998 0.0199
vn -0.4875 -0.1074 0.8665
vn 0.2166 -0.4708 0.8553
vn 0.4883 -0.0919 0.8678
vn 0.4885 0.0857 0.8683
vn -0.4886 0.0857 0.8683
vn -0.2361 0.4684 0.8514
vn 0.2361 0.4684 0.8514
vn -0.2069 -0.4739 0.8559
vn 0.3896 0.0214 0.9207
vn 0.0749 -0.2480 0.9659
vn -0.1001 -0.1987 0.9749
vn -0.4975 0.2757 0.8225
vn -0.7216 0.6621 0.2022
vn -0.3076 0.5852 0.7503
vn 0.0217 0.4630 0.8861
vn 0.5105 0.4147 0.7533
vn 0.7536 0.4366 0.4914
vn 0.1328 0.1575 0.9785
vn 0.5882 0.0889 0.8038
vn 0.8284 -0.2098 0.5193
vn 0.5975 -0.3990 0.6955
vn 0.6430 -0.4145 0.6441
vn 0.3876 -0.7033 0.5960
vn -0.4491 -0.5380 0.7133
vn -0.7847 -0.5209 0.3361
vn -0.6292 -0.0836 0.7727
vn -0.9437 0.1987 0.2645
vn -0.4647 -0.0914 0.8807
vn -0.1168 0.1195 0.9859
vn 0.1577 -0.2250 0.9615
vn -0.0432 -0.2105 0.9766
vn -0.0209 0.6967 0.7171
vn 0.5280 0.1414 -0.8374
vn 0.6902 0.6043 -0.3981
vn 0.0624 0.5827 -0.8103
vn 0.0036 0.6907 -0.7231
vn -0.4747 0.6321 -0.6125
vn -0.4830 0.3693 -0.7939
vn -0.8166 0.1791 -0.5487
vn -0.5280 -0.1414 -0.8374
vn -0.6902 -0.6043 -0.3981
vn -0.0624 -0.5827 -0.8103
vn -0.0036 -0.6907 -0.7231
vn 0.4747 -0.6321 -0.6125
vn 0.4830 -0.3693 -0.7939
vn 0.8166 -0.1791 -0.5487
vn 0.9765 -0.2153 -0.0101
vn 0.9553 -0.2956 -0.0036
vn 0.7086 -0.7056 -0.0010
vn 0.6041 -0.7969 -0.0071
vn 0.4336 -0.9011 0.0004
vn -0.0135 -0.9999 -0.0061
vn 0.0076 -0.9999 -0.0078
vn -0.3494 -0.9370 0.0029
vn -0.7512 -0.6600 -0.0101
vn -0.7261 -0.6875 -0.0136
vn -0.9462 -0.3236 0.0038
vn -0.9960 0.0892 -0.0018
vn -0.9765 0.2153 -0.0111
vn -0.8628 0.5055 0.0004
vn -0.6041 0.7969 -0.0038
vn -0.6080 0.7939 -0.0042
vn -0.1203 0.9927 -0.0014
vn 0.0135 0.9999 -0.0076
vn 0.1102 0.9939 -0.0029
vn 0.5665 0.8241 0.0009
vn 0.7512 0.6599 -0.0152
vn 0.9430 0.3328 0.0072
vn 0.9933 0.1130 0.0248
vn 0.9939 -0.1076 -0.0240
vn 0.9796 -0.2008 0.0126
vn 0.8297 -0.5572 0.0331
vn 0.7001 -0.7121 -0.0520
vn 0.4324 -0.9007 0.0432
vn 0.1108 -0.9937 -0.0179
vn 0.0743 -0.9972 0.0003
vn -0.2027 -0.9779 0.0515
vn -0.5457 -0.8378 -0.0153
vn -0.5658 -0.8245 -0.0050
vn -0.8399 -0.5425 0.0173
vn -0.9091 -0.4153 -0.0319
vn -0.9836 -0.1766 0.0374
vn -0.9784 0.2068 -0.0036
vn -0.9729 0.2304 -0.0175
vn -0.6985 0.7155 0.0141
vn -0.7369 0.6756 -0.0234
vn -0.3171 0.9474 0.0432
vn -0.0614 0.9978 -0.0248
vn -0.0655 0.9975 -0.0267
vn 0.1752 0.9839 0.0366
vn 0.4146 0.9089 0.0445
vn 0.6082 0.7935 -0.0204
vn 0.6503 0.7596 -0.0033
vn 0.8765 0.4811 0.0170
vn 0.9200 0.3916 -0.0152
vn 0.0134 0.0005 0.9999
vn 0.0129 -0.0000 0.9999
vn 0.0122 -0.0065 0.9999
vn 0.0055 -0.0096 0.9999
vn -0.0051 -0.0347 0.9994
vn -0.0022 -0.0350 0.9994
vn -0.0048 -0.0083 1.0000
vn -0.0126 0.0016 0.9999
vn -0.0139 -0.0000 0.9999
vn -0.0146 0.0086 0.9999
vn -0.0073 0.0126 0.9999
vn 0.0003 0.0338 0.9994
vn -0.0036 0.0325 0.9995
vn 0.0131 0.0227 0.9997
vn 0.0061 0.0215 0.9997
vn 0.0326 -0.0035 -0.9995
vn 0.0244 0.0174 -0.9995
vn 0.0220 0.0094 -0.9997
vn 0.0152 0.0199 -0.9997
vn 0.0087 0.0188 -0.9998
vn -0.0014 0.0220 -0.9998
vn 0.0098 0.0388 -0.9992
vn -0.0285 0.0167 -0.9995
vn -0.0151 0.0154 -0.9998
vn -0.0238 0.0056 -0.9997
vn -0.0312 0.0191 -0.9993
vn -0.0279 -0.0333 -0.9991
vn -0.0201 -0.0092 -0.9998
vn -0.0211 -0.0084 -0.9997
vn -0.0147 -0.0226 -0.9996
vn 0.0005 -0.0210 -0.9998
vn 0.0025 -0.0226 -0.9997
vn 0.0118 -0.0151 -0.9998
vn 0.0150 -0.0153 -0.9998
vn 0.0135 -0.0204 -0.9997
vn 0.0008 0.0032 -1.0000
vn -0.0008 -0.0032 -1.0000
vn -0.0020 0.0004 -1.0000
vn 0.0020 -0.0004 -1.0000
vn 0.5000 0.8660 0.0089
vn 0.4516 0.8905 0.0544
vn 0.9861 -0.1554 0.0594
vn 1.0000 -0.0000 -0.0085
vn 0.9926 0.1140 0.0413
vn 0.4423 -0.8956 0.0476
vn 0.5000 -0.8660 -0.0042
vn -0.5000 -0.8660 -0.0093
vn -0.4281 -0.9022 0.0526
vn -0.9926 0.1140 0.0413
vn -1.0000 -0.0000 -0.0085
vn -0.9785 -0.1919 0.0754
vn -0.4516 0.8905 0.0544
vn -0.5000 0.8660 0.0089
s 0
usemtl 238,94,42.001
f 1//1 2//1 3//1
f 3//2 2//2 4//2
f 3//3 4//3 5//3
f 5//4 4//4 6//4
f 6//5 4//5 7//5
f 7//6 4//6 8//6
f 7//7 8//7 9//7
f 9//8 8//8 10//8
f 10//9 8//9 11//9
f 10//10 11//10 12//10
f 12//11 11//11 13//11
f 13//12 11//12 14//12
f 13//13 14//13 15//13
f 15//14 14//14 16//14
f 15//15 16//15 17//15
f 17//16 16//16 18//16
f 17//17 18//17 19//17
f 19//18 18//18 20//18
f 19//19 20//19 21//19
f 21//20 20//20 22//20
f 21//21 22//21 23//21
f 23//22 22//22 24//22
f 23//23 24//23 25//23
f 23//24 25//24 26//24
f 26//25 25//25 27//25
f 26//26 27//26 28//26
f 28//27 27//27 29//27
f 28//28 29//28 30//28
f 2//29 1//29 31//29
f 31//30 1//30 32//30
f 31//31 32//31 33//31
f 31//32 33//32 34//32
f 34//33 33//33 35//33
f 34//34 35//34 36//34
f 36//35 35//35 37//35
f 37//36 35//36 38//36
f 36//37 37//37 39//37
f 36//38 39//38 40//38
f 40//39 39//39 41//39
f 41//40 39//40 42//40
f 41//41 42//41 43//41
f 43//42 42//42 44//42
f 43//43 44//43 45//43
f 43//44 45//44 46//44
f 46//45 45//45 47//45
f 46//46 47//46 48//46
f 48//47 47//47 49//47
f 48//48 49//48 50//48
f 40//49 51//49 36//49
f 36//50 51//50 52//50
f 52//51 51//51 53//51
f 52//52 53//52 54//52
f 54//53 53//53 55//53
f 54//54 55//54 56//54
f 56//55 55//55 57//55
f 56//56 57//56 58//56
f 58//57 57//57 59//57
f 58//58 59//58 60//58
f 58//59 60//59 18//59
f 18//60 60//60 61//60
f 18//61 61//61 20//61
f 60//62 62//62 61//62
f 61//63 62//63 63//63
f 7//64 9//64 64//64
f 65//65 66//65 6//65
f 66//66 65//66 67//66
f 67//67 65//67 68//67
f 67//68 68//68 69//68
f 67//69 69//69 70//69
f 70//70 69//70 71//70
f 70//71 71//71 72//71
f 72//72 71//72 73//72
f 72//73 73//73 173//73
f 6//74 66//74 5//74
f 74//75 62//75 60//75
f 74//76 60//76 75//76
f 76//77 75//77 90//77
f 90//78 91//78 77//78
f 83//79 82//79 84//79
f 84//80 82//80 85//80
f 84//81 85//81 86//81
f 86//82 85//82 87//82
f 87//83 88//83 89//83
f 90//84 89//84 91//84
f 77//85 92//85 90//85
f 90//86 92//86 76//86
f 93//87 74//87 75//87
f 76//88 93//88 75//88
f 76//89 92//89 93//89
f 77//90 91//90 78//90
f 91//91 89//91 78//91
f 79//92 78//92 89//92
f 80//93 79//93 88//93
f 88//94 79//94 89//94
f 80//95 88//95 81//95
f 81//96 88//96 87//96
f 81//97 87//97 82//97
f 82//98 87//98 85//98
f 62//99 74//99 63//99
f 63//100 74//100 94//100
f 63//101 94//101 50//101
f 50//102 94//102 95//102
f 50//103 95//103 96//103
f 96//104 95//104 97//104
f 74//105 93//105 94//105
f 94//106 93//106 95//106
f 93//107 98//107 95//107
f 93//108 92//108 98//108
f 95//109 98//109 97//109
f 98//110 92//110 77//110
f 98//111 77//111 97//111
f 79//112 80//112 99//112
f 99//113 80//113 101//113
f 100//114 101//114 102//114
f 102//115 101//115 103//115
f 103//116 82//116 83//116
f 101//117 100//117 99//117
f 79//118 99//118 78//118
f 99//119 104//119 78//119
f 99//120 100//120 104//120
f 104//121 100//121 96//121
f 104//122 96//122 97//122
f 97//123 77//123 104//123
f 104//124 77//124 78//124
f 101//125 80//125 81//125
f 101//126 81//126 103//126
f 103//127 81//127 82//127
f 106//128 107//128 105//128
f 108//129 110//129 109//129
f 108//130 109//130 107//130
f 109//131 105//131 107//131
f 111//132 107//132 106//132
f 111//133 106//133 150//133
f 150//134 106//134 112//134
f 150//135 112//135 113//135
f 150//136 113//136 147//136
f 114//137 40//137 41//137
f 114//138 41//138 115//138
f 41//139 116//139 115//139
f 115//140 117//140 118//140
f 119//141 118//141 120//141
f 115//142 116//142 117//142
f 117//143 121//143 118//143
f 118//144 121//144 120//144
f 117//145 116//145 121//145
f 121//146 116//146 122//146
f 123//147 122//147 132//147
f 132//148 122//148 133//148
f 132//149 133//149 134//149
f 134//150 133//150 135//150
f 135//151 133//151 131//151
f 136//152 131//152 137//152
f 136//153 137//153 138//153
f 138//154 137//154 142//154
f 138//155 142//155 139//155
f 139//156 142//156 140//156
f 140//157 142//157 141//157
f 137//158 113//158 142//158
f 142//159 112//159 141//159
f 142//160 113//160 112//160
f 141//161 112//161 106//161
f 141//162 106//162 105//162
f 139//163 143//163 138//163
f 138//164 143//164 136//164
f 143//165 144//165 136//165
f 124//166 145//166 123//166
f 123//167 145//167 146//167
f 123//168 146//168 122//168
f 122//169 146//169 121//169
f 146//170 119//170 120//170
f 118//171 114//171 115//171
f 146//172 120//172 121//172
f 125//173 124//173 132//173
f 132//174 124//174 123//174
f 126//175 125//175 132//175
f 126//176 132//176 134//176
f 127//177 126//177 134//177
f 128//178 127//178 134//178
f 128//179 134//179 135//179
f 129//180 128//180 135//180
f 130//181 129//181 135//181
f 130//182 135//182 131//182
f 130//183 131//183 144//183
f 144//184 131//184 136//184
f 41//185 43//185 116//185
f 116//186 43//186 133//186
f 116//187 133//187 122//187
f 133//188 43//188 46//188
f 133//189 46//189 48//189
f 133//190 48//190 131//190
f 131//191 48//191 96//191
f 131//192 96//192 137//192
f 137//193 96//193 100//193
f 96//194 48//194 50//194
f 137//195 100//195 102//195
f 102//196 147//196 137//196
f 137//197 147//197 113//197
f 102//198 103//198 83//198
f 83//199 148//199 149//199
f 149//200 150//200 147//200
f 111//201 150//201 151//201
f 149//202 147//202 102//202
f 149//203 102//203 83//203
f 149//204 148//204 150//204
f 148//205 151//205 150//205
f 83//206 84//206 152//206
f 83//207 152//207 148//207
f 148//208 152//208 151//208
f 151//209 152//209 154//209
f 151//210 154//210 153//210
f 151//211 153//211 111//211
f 154//212 110//212 153//212
f 86//213 154//213 152//213
f 152//214 84//214 86//214
f 153//215 110//215 108//215
f 153//216 108//216 111//216
f 111//217 108//217 107//217
f 155//218 51//218 114//218
f 155//219 114//219 156//219
f 156//220 114//220 118//220
f 156//221 118//221 157//221
f 157//222 118//222 119//222
f 157//223 119//223 146//223
f 157//224 146//224 158//224
f 158//225 146//225 145//225
f 114//226 51//226 40//226
f 109//227 141//227 105//227
f 141//228 109//228 159//228
f 141//229 159//229 140//229
f 140//230 159//230 139//230
f 139//231 159//231 160//231
f 139//232 160//232 143//232
f 143//233 160//233 144//233
f 144//234 160//234 164//234
f 144//235 164//235 161//235
f 159//236 109//236 110//236
f 159//237 110//237 163//237
f 159//238 163//238 160//238
f 163//239 164//239 160//239
f 164//240 162//240 161//240
f 161//241 162//241 165//241
f 165//242 162//242 166//242
f 165//243 166//243 167//243
f 167//244 166//244 168//244
f 168//245 166//245 169//245
f 169//246 166//246 170//246
f 169//247 170//247 158//247
f 158//248 170//248 157//248
f 157//249 170//249 156//249
f 170//250 155//250 156//250
f 158//251 145//251 124//251
f 169//252 158//252 124//252
f 169//253 124//253 168//253
f 168//254 124//254 125//254
f 168//255 125//255 126//255
f 168//256 126//256 167//256
f 167//257 126//257 127//257
f 167//258 127//258 165//258
f 165//259 127//259 128//259
f 165//260 128//260 129//260
f 165//261 129//261 161//261
f 161//262 129//262 130//262
f 130//263 144//263 161//263
f 60//264 59//264 75//264
f 75//265 59//265 90//265
f 90//266 59//266 57//266
f 90//267 57//267 162//267
f 162//268 57//268 55//268
f 162//269 55//269 166//269
f 166//269 55//269 53//269
f 166//270 53//270 155//270
f 53//271 51//271 155//271
f 166//272 155//272 170//272
f 164//273 89//273 162//273
f 162//274 89//274 90//274
f 89//275 164//275 87//275
f 87//276 164//276 163//276
f 87//277 163//277 86//277
f 86//278 163//278 154//278
f 154//279 163//279 110//279
f 45//280 44//280 171//280
f 171//281 44//281 42//281
f 42//282 39//282 172//282
f 172//283 39//283 37//283
f 37//284 38//284 173//284
f 37//285 173//285 174//285
f 174//286 173//286 73//286
f 175//287 7//287 64//287
f 175//288 64//288 30//288
f 30//289 29//289 176//289
f 176//290 29//290 177//290
f 180//291 179//291 181//291
f 182//292 180//292 49//292
f 29//293 27//293 177//293
f 27//294 25//294 177//294
f 177//295 25//295 178//295
f 25//296 24//296 178//296
f 24//297 22//297 178//297
f 178//298 22//298 179//298
f 22//299 20//299 179//299
f 20//300 61//300 179//300
f 179//301 61//301 181//301
f 61//302 63//302 181//302
f 181//303 63//303 50//303
f 181//304 50//304 49//304
f 30//305 176//305 175//305
f 176//306 183//306 175//306
f 175//307 183//307 7//307
f 7//308 183//308 6//308
f 183//309 184//309 6//309
f 6//310 184//310 65//310
f 65//311 184//311 68//311
f 184//312 185//312 68//312
f 68//313 185//313 69//313
f 69//314 185//314 71//314
f 185//315 186//315 71//315
f 71//316 186//316 73//316
f 73//317 186//317 174//317
f 186//318 187//318 174//318
f 174//319 187//319 37//319
f 37//320 187//320 172//320
f 187//321 188//321 172//321
f 172//322 188//322 42//322
f 42//323 188//323 171//323
f 188//324 189//324 171//324
f 171//325 189//325 45//325
f 45//326 189//326 47//326
f 189//327 182//327 47//327
f 47//328 182//328 49//328
f 49//329 180//329 181//329
f 190//330 3//330 191//330
f 190//331 191//331 192//331
f 192//332 191//332 193//332
f 191//333 3//333 5//333
f 207//334 208//334 209//334
f 209//335 208//335 249//335
f 209//336 249//336 210//336
f 208//337 211//337 249//337
f 210//338 212//338 209//338
f 209//339 213//339 206//339
f 206//340 213//340 205//340
f 209//341 212//341 213//341
f 205//342 213//342 204//342
f 213//343 214//343 204//343
f 204//344 214//344 203//344
f 212//345 214//345 213//345
f 214//346 215//346 203//346
f 203//347 215//347 202//347
f 214//348 216//348 215//348
f 215//349 217//349 202//349
f 202//350 217//350 201//350
f 215//351 216//351 217//351
f 201//352 217//352 200//352
f 217//353 218//353 200//353
f 200//354 218//354 199//354
f 216//355 219//355 217//355
f 217//356 219//356 218//356
f 218//357 220//357 199//357
f 199//358 220//358 198//358
f 218//359 219//359 220//359
f 198//360 220//360 197//360
f 220//361 219//361 221//361
f 221//362 219//362 222//362
f 221//363 222//363 223//363
f 223//364 222//364 224//364
f 224//365 192//365 193//365
f 224//366 222//366 192//366
f 222//367 190//367 192//367
f 209//368 206//368 207//368
f 224//369 193//369 194//369
f 224//370 194//370 195//370
f 224//371 195//371 196//371
f 196//372 223//372 224//372
f 221//373 223//373 197//373
f 197//374 223//374 196//374
f 220//375 221//375 197//375
f 35//376 33//376 225//376
f 225//377 33//377 226//377
f 226//378 33//378 216//378
f 33//379 32//379 216//379
f 216//379 32//379 219//379
f 219//380 32//380 1//380
f 219//381 1//381 190//381
f 1//382 3//382 190//382
f 219//383 190//383 222//383
f 214//384 227//384 216//384
f 216//385 227//385 226//385
f 227//386 214//386 228//386
f 228//387 214//387 212//387
f 228//388 212//388 229//388
f 229//389 212//389 230//389
f 230//390 212//390 210//390
f 231//391 38//391 35//391
f 231//392 35//392 225//392
f 232//393 225//393 226//393
f 226//394 244//394 233//394
f 233//395 244//395 234//395
f 240//396 239//396 241//396
f 241//397 239//397 242//397
f 241//398 242//398 229//398
f 229//399 242//399 228//399
f 228//400 243//400 227//400
f 226//401 227//401 244//401
f 233//402 245//402 226//402
f 226//403 245//403 232//403
f 246//404 231//404 225//404
f 232//405 246//405 225//405
f 232//406 245//406 246//406
f 234//407 244//407 235//407
f 244//408 227//408 235//408
f 236//409 235//409 227//409
f 237//410 236//410 243//410
f 243//411 236//411 227//411
f 237//412 243//412 238//412
f 238//413 243//413 228//413
f 238//414 228//414 239//414
f 239//415 228//415 242//415
f 247//416 248//416 211//416
f 249//417 211//417 248//417
f 250//418 248//418 247//418
f 250//419 247//419 278//419
f 278//420 247//420 251//420
f 278//421 251//421 252//421
f 278//422 252//422 273//422
f 5//423 66//423 253//423
f 66//424 254//424 253//424
f 253//425 255//425 193//425
f 195//426 194//426 256//426
f 195//427 256//427 257//427
f 253//428 254//428 255//428
f 255//429 254//429 256//429
f 193//430 255//430 194//430
f 254//431 259//431 256//431
f 255//432 256//432 194//432
f 256//433 259//433 257//433
f 257//434 259//434 258//434
f 258//435 259//435 260//435
f 258//436 260//436 261//436
f 201//437 200//437 262//437
f 261//438 260//438 262//438
f 262//439 260//439 263//439
f 263//440 260//440 264//440
f 263//441 264//441 265//441
f 265//442 264//442 266//442
f 266//443 264//443 252//443
f 266//444 252//444 267//444
f 267//445 252//445 251//445
f 211//446 208//446 247//446
f 247//447 208//447 267//447
f 267//448 208//448 266//448
f 208//449 207//449 266//449
f 207//450 206//450 266//450
f 266//451 206//451 265//451
f 206//452 205//452 265//452
f 205//453 204//453 265//453
f 265//454 204//454 263//454
f 204//455 203//455 263//455
f 263//456 203//456 262//456
f 203//457 202//457 201//457
f 203//458 201//458 262//458
f 197//459 268//459 257//459
f 197//460 196//460 268//460
f 257//461 268//461 195//461
f 268//462 196//462 195//462
f 193//463 191//463 253//463
f 191//464 5//464 253//464
f 197//465 257//465 258//465
f 197//466 258//466 198//466
f 198//467 258//467 261//467
f 198//468 261//468 199//468
f 199//469 261//469 200//469
f 261//470 262//470 200//470
f 267//471 251//471 247//471
f 66//472 67//472 254//472
f 254//473 67//473 260//473
f 254//474 260//474 259//474
f 260//475 67//475 70//475
f 260//476 70//476 72//476
f 260//477 72//477 264//477
f 264//478 72//478 269//478
f 264//479 269//479 270//479
f 269//480 72//480 271//480
f 271//481 72//481 173//481
f 264//482 270//482 272//482
f 272//483 273//483 264//483
f 264//484 273//484 252//484
f 274//485 240//485 275//485
f 275//486 276//486 277//486
f 277//487 278//487 273//487
f 250//488 278//488 279//488
f 277//489 273//489 272//489
f 277//490 272//490 274//490
f 277//491 274//491 275//491
f 277//492 276//492 278//492
f 276//493 279//493 278//493
f 274//494 284//494 240//494
f 240//495 284//495 239//495
f 238//496 239//496 284//496
f 271//497 173//497 38//497
f 271//498 38//498 231//498
f 281//499 245//499 282//499
f 245//500 233//500 282//500
f 233//501 234//501 282//501
f 282//502 234//502 283//502
f 234//503 235//503 236//503
f 234//504 236//504 283//504
f 283//505 236//505 270//505
f 274//506 272//506 284//506
f 272//507 270//507 284//507
f 283//508 270//508 269//508
f 283//509 269//509 282//509
f 282//510 269//510 281//510
f 269//511 271//511 281//511
f 281//512 271//512 280//512
f 280//513 271//513 246//513
f 246//514 271//514 231//514
f 280//515 246//515 281//515
f 281//516 246//516 245//516
f 237//517 270//517 236//517
f 270//518 237//518 284//518
f 284//519 237//519 238//519
f 240//520 241//520 275//520
f 275//521 241//521 285//521
f 275//522 285//522 276//522
f 276//523 285//523 279//523
f 279//524 285//524 230//524
f 279//525 230//525 286//525
f 279//526 286//526 250//526
f 229//527 230//527 285//527
f 285//528 241//528 229//528
f 230//529 210//529 286//529
f 286//530 210//530 249//530
f 286//531 249//531 250//531
f 250//532 249//532 248//532
f 10//533 12//533 287//533
f 287//534 12//534 288//534
f 288//535 12//535 289//535
f 12//536 13//536 289//536
f 289//536 13//536 290//536
f 290//537 13//537 15//537
f 290//538 15//538 291//538
f 15//539 17//539 291//539
f 290//540 291//540 292//540
f 293//541 294//541 289//541
f 289//542 294//542 288//542
f 294//543 293//543 295//543
f 295//544 293//544 296//544
f 295//545 296//545 297//545
f 297//546 296//546 298//546
f 298//547 296//547 341//547
f 299//548 300//548 301//548
f 302//549 9//549 287//549
f 287//550 9//550 10//550
f 303//551 287//551 288//551
f 288//552 314//552 304//552
f 310//553 309//553 311//553
f 311//554 309//554 312//554
f 311//555 312//555 297//555
f 297//556 312//556 295//556
f 295//557 313//557 294//557
f 288//558 294//558 314//558
f 304//559 315//559 288//559
f 288//560 315//560 303//560
f 316//561 302//561 287//561
f 303//562 316//562 287//562
f 303//563 315//563 316//563
f 304//564 314//564 305//564
f 314//565 294//565 305//565
f 306//566 305//566 294//566
f 307//567 306//567 313//567
f 313//568 306//568 294//568
f 307//569 313//569 308//569
f 308//570 313//570 295//570
f 308//571 295//571 309//571
f 309//572 295//572 312//572
f 9//573 302//573 64//573
f 64//574 302//574 317//574
f 64//575 317//575 30//575
f 317//576 318//576 319//576
f 319//577 318//577 320//577
f 302//578 316//578 317//578
f 317//579 316//579 318//579
f 316//580 321//580 318//580
f 316//581 315//581 321//581
f 318//582 321//582 320//582
f 321//583 315//583 304//583
f 321//584 304//584 320//584
f 306//585 307//585 322//585
f 322//586 307//586 324//586
f 323//587 324//587 325//587
f 325//588 324//588 326//588
f 326//589 309//589 310//589
f 324//590 323//590 322//590
f 306//591 322//591 305//591
f 322//592 327//592 305//592
f 322//593 323//593 327//593
f 327//594 323//594 319//594
f 327//595 319//595 320//595
f 320//596 304//596 327//596
f 327//597 304//597 305//597
f 324//598 307//598 308//598
f 324//599 308//599 326//599
f 326//600 308//600 309//600
f 21//601 23//601 328//601
f 328//602 23//602 329//602
f 328//603 329//603 330//603
f 329//604 23//604 331//604
f 331//605 23//605 26//605
f 331//606 26//606 28//606
f 331//607 28//607 319//607
f 331//607 319//607 332//607
f 332//608 319//608 323//608
f 319//609 28//609 317//609
f 317//610 28//610 30//610
f 332//611 323//611 333//611
f 333//612 323//612 325//612
f 325//613 334//613 333//613
f 333//614 334//614 335//614
f 337//615 338//615 336//615
f 339//616 341//616 340//616
f 339//617 340//617 338//617
f 340//618 336//618 338//618
f 342//619 338//619 337//619
f 342//620 337//620 378//620
f 378//621 337//621 343//621
f 378//622 343//622 335//622
f 378//623 335//623 334//623
f 344//624 19//624 21//624
f 344//625 21//625 345//625
f 21//626 328//626 345//626
f 345//627 346//627 347//627
f 347//628 346//628 348//628
f 350//629 348//629 349//629
f 346//630 349//630 348//630
f 351//631 352//631 350//631
f 354//632 355//632 356//632
f 356//633 355//633 357//633
f 359//634 358//634 360//634
f 362//635 361//635 372//635
f 362//636 372//636 363//636
f 363//637 372//637 333//637
f 363//638 364//638 362//638
f 335//639 343//639 365//639
f 335//640 365//640 333//640
f 333//641 365//641 363//641
f 343//642 337//642 366//642
f 366//643 337//643 336//643
f 366//644 364//644 365//644
f 365//645 364//645 363//645
f 356//646 367//646 354//646
f 329//647 354//647 330//647
f 354//648 368//648 330//648
f 367//649 369//649 354//649
f 354//650 369//650 368//650
f 369//651 370//651 368//651
f 370//652 353//652 368//652
f 350//653 349//653 351//653
f 351//654 349//654 330//654
f 347//655 344//655 345//655
f 346//656 345//656 328//656
f 346//657 328//657 349//657
f 330//658 349//658 328//658
f 368//659 351//659 330//659
f 352//660 351//660 353//660
f 353//661 351//661 368//661
f 354//662 329//662 355//662
f 357//663 355//663 358//663
f 329//664 331//664 355//664
f 355//665 371//665 358//665
f 355//666 331//666 371//666
f 358//667 371//667 360//667
f 331//668 332//668 371//668
f 371//669 372//669 360//669
f 371//670 332//670 372//670
f 360//671 372//671 361//671
f 332//672 333//672 372//672
f 343//673 366//673 365//673
f 373//674 374//674 299//674
f 299//675 374//675 300//675
f 374//676 373//676 375//676
f 325//677 326//677 310//677
f 310//678 376//678 377//678
f 377//679 378//679 334//679
f 342//680 378//680 379//680
f 377//681 334//681 325//681
f 377//682 325//682 310//682
f 377//683 376//683 378//683
f 376//684 379//684 378//684
f 310//685 311//685 380//685
f 310//686 380//686 376//686
f 376//687 380//687 379//687
f 379//688 380//688 298//688
f 379//689 298//689 381//689
f 379//690 381//690 342//690
f 298//691 341//691 381//691
f 297//692 298//692 380//692
f 380//693 311//693 297//693
f 381//694 341//694 339//694
f 381//695 339//695 342//695
f 342//696 339//696 338//696
f 291//697 17//697 344//697
f 344//698 17//698 19//698
f 344//699 347//699 382//699
f 382//700 383//700 292//700
f 292//701 383//701 384//701
f 384//702 383//702 352//702
f 382//703 347//703 383//703
f 347//704 348//704 383//704
f 348//705 350//705 383//705
f 350//706 352//706 383//706
f 366//707 336//707 340//707
f 366//708 340//708 385//708
f 385//709 340//709 341//709
f 385//710 341//710 296//710
f 385//711 296//711 386//711
f 296//712 293//712 386//712
f 293//713 289//713 387//713
f 387//714 289//714 388//714
f 289//715 290//715 388//715
f 388//716 290//716 389//716
f 389//717 290//717 390//717
f 390//718 290//718 391//718
f 391//719 290//719 292//719
f 391//720 292//720 384//720
f 292//721 291//721 382//721
f 382//722 291//722 344//722
f 352//723 353//723 384//723
f 384//724 353//724 391//724
f 391//725 353//725 370//725
f 390//726 391//726 370//726
f 369//727 390//727 370//727
f 389//728 390//728 367//728
f 367//729 390//729 369//729
f 388//730 389//730 356//730
f 356//731 389//731 367//731
f 357//732 388//732 356//732
f 387//733 388//733 358//733
f 358//734 388//734 357//734
f 360//735 293//735 359//735
f 359//736 293//736 387//736
f 359//737 387//737 358//737
f 293//738 360//738 386//738
f 386//739 360//739 361//739
f 386//740 361//740 362//740
f 386//741 362//741 385//741
f 385//742 362//742 364//742
f 385//743 364//743 366//743
f 392//744 180//744 182//744
f 392//745 182//745 393//745
f 182//746 189//746 393//746
f 393//747 189//747 394//747
f 394//748 189//748 188//748
f 394//749 188//749 395//749
f 395//750 188//750 187//750
f 395//751 187//751 396//751
f 396//752 187//752 397//752
f 397//753 187//753 186//753
f 397//754 186//754 398//754
f 398//755 186//755 185//755
f 398//756 185//756 399//756
f 399//757 185//757 400//757
f 400//758 185//758 184//758
f 184//759 183//759 400//759
f 400//760 183//760 401//760
f 401//761 183//761 402//761
f 402//762 183//762 403//762
f 403//763 183//763 176//763
f 403//764 176//764 404//764
f 404//765 176//765 177//765
f 404//766 177//766 405//766
f 405//767 177//767 178//767
f 405//768 178//768 406//768
f 406//769 178//769 179//769
f 406//770 179//770 407//770
f 407//771 179//771 180//771
f 407//772 180//772 408//772
f 408//773 180//773 392//773
f 401//774 402//774 409//774
f 401//774 409//774 408//774
f 408//774 409//774 407//774
f 398//774 399//774 410//774
f 410//774 399//774 411//774
f 410//774 411//774 393//774
f 393//774 411//774 392//774
f 412//775 402//775 413//775
f 413//776 402//776 403//776
f 413//777 403//777 414//777
f 414//778 403//778 299//778
f 299//779 403//779 373//779
f 373//780 403//780 404//780
f 373//781 404//781 375//781
f 375//782 404//782 374//782
f 374//783 404//783 405//783
f 374//784 405//784 415//784
f 415//785 405//785 406//785
f 415//786 406//786 416//786
f 416//787 406//787 407//787
f 416//788 407//788 417//788
f 417//789 407//789 409//789
f 417//790 409//790 412//790
f 412//791 409//791 402//791
f 374//792 415//792 300//792
f 300//793 415//793 418//793
f 300//794 418//794 301//794
f 301//795 418//795 299//795
f 299//796 418//796 414//796
f 419//797 399//797 420//797
f 420//798 399//798 400//798
f 420//799 400//799 421//799
f 421//800 400//800 401//800
f 421//801 401//801 422//801
f 422//802 401//802 408//802
f 422//803 408//803 423//803
f 423//804 408//804 392//804
f 423//805 392//805 424//805
f 424//806 392//806 411//806
f 424//807 411//807 419//807
f 419//808 411//808 399//808
f 425//809 397//809 426//809
f 426//810 397//810 398//810
f 426//811 398//811 427//811
f 427//812 398//812 410//812
f 427//813 410//813 428//813
f 428//814 410//814 393//814
f 428//815 393//815 429//815
f 429//816 393//816 394//816
f 429//817 394//817 430//817
f 430//787 394//787 395//787
f 430//788 395//788 431//788
f 431//789 395//789 396//789
f 431//790 396//790 425//790
f 425//791 396//791 397//791
f 4//818 2//818 420//818
f 420//819 2//819 419//819
f 419//819 2//819 426//819
f 419//819 426//819 427//819
f 2//820 31//820 426//820
f 426//819 31//819 34//819
f 426//819 34//819 425//819
f 425//821 34//821 36//821
f 425//822 36//822 431//822
f 431//823 36//823 430//823
f 430//824 36//824 52//824
f 430//819 52//819 54//819
f 430//819 54//819 429//819
f 429//819 54//819 56//819
f 429//819 56//819 428//819
f 428//819 56//819 424//819
f 424//819 56//819 423//819
f 423//819 56//819 58//819
f 18//825 416//825 58//825
f 58//819 416//819 423//819
f 416//826 18//826 415//826
f 415//827 18//827 16//827
f 415//828 16//828 418//828
f 418//828 16//828 14//828
f 418//828 14//828 414//828
f 414//820 14//820 11//820
f 414//829 11//829 413//829
f 413//819 11//819 8//819
f 413//830 8//830 4//830
f 413//818 4//818 412//818
f 412//818 4//818 421//818
f 421//818 4//818 420//818
f 419//819 427//819 424//819
f 424//819 427//819 428//819
f 412//819 421//819 417//819
f 417//819 421//819 422//819
f 417//819 422//819 416//819
f 416//819 422//819 423//819
usemtl 64,64,64.001
f 446//831 445//831 458//831
f 435//832 463//832 464//832
f 444//833 457//833 445//833
f 447//834 446//834 458//834
f 447//835 458//835 448//835
f 448//836 458//836 449//836
f 449//837 458//837 459//837
f 449//838 459//838 450//838
f 450//839 459//839 451//839
f 452//840 451//840 460//840
f 452//841 460//841 453//841
f 453//842 460//842 454//842
f 454//843 460//843 461//843
f 454//844 461//844 455//844
f 455//845 461//845 456//845
f 456//846 461//846 462//846
f 456//847 462//847 432//847
f 432//848 462//848 433//848
f 433//849 462//849 463//849
f 433//850 463//850 434//850
f 434//851 463//851 435//851
f 435//852 464//852 436//852
f 436//853 464//853 437//853
f 437//854 464//854 465//854
f 437//855 465//855 438//855
f 438//856 465//856 439//856
f 439//857 465//857 466//857
f 439//858 466//858 440//858
f 440//859 466//859 441//859
f 441//860 466//860 467//860
f 441//861 467//861 442//861
f 442//862 467//862 443//862
f 443//863 467//863 457//863
f 443//864 457//864 444//864
f 433//865 468//865 432//865
f 432//866 468//866 469//866
f 432//867 469//867 456//867
f 456//868 469//868 470//868
f 456//869 470//869 455//869
f 455//870 470//870 454//870
f 454//871 470//871 471//871
f 468//872 433//872 472//872
f 472//873 433//873 434//873
f 472//874 434//874 473//874
f 473//875 434//875 435//875
f 473//876 435//876 474//876
f 474//877 435//877 436//877
f 474//878 436//878 716//878
f 716//879 436//879 475//879
f 475//880 436//880 437//880
f 475//881 437//881 476//881
f 476//882 437//882 477//882
f 477//883 437//883 438//883
f 477//884 438//884 439//884
f 477//885 439//885 478//885
f 478//886 439//886 440//886
f 478//887 440//887 479//887
f 479//888 440//888 441//888
f 479//889 441//889 480//889
f 480//890 441//890 442//890
f 480//891 442//891 481//891
f 481//892 442//892 443//892
f 481//893 443//893 482//893
f 482//894 443//894 444//894
f 482//895 444//895 483//895
f 483//896 444//896 484//896
f 484//897 444//897 445//897
f 484//898 445//898 707//898
f 707//899 445//899 446//899
f 707//900 446//900 485//900
f 485//901 446//901 447//901
f 485//902 447//902 448//902
f 485//903 448//903 486//903
f 486//904 448//904 449//904
f 486//905 449//905 487//905
f 487//906 449//906 450//906
f 487//907 450//907 488//907
f 488//908 450//908 451//908
f 488//909 451//909 489//909
f 489//910 451//910 452//910
f 489//911 452//911 490//911
f 490//912 452//912 453//912
f 490//913 453//913 736//913
f 736//914 453//914 491//914
f 491//915 453//915 454//915
f 491//916 454//916 471//916
f 471//917 492//917 491//917
f 707//918 706//918 484//918
f 476//919 493//919 475//919
f 445//920 457//920 494//920
f 494//921 457//921 495//921
f 495//922 457//922 496//922
f 496//923 457//923 467//923
f 496//924 467//924 497//924
f 497//925 467//925 498//925
f 498//926 467//926 466//926
f 498//927 466//927 499//927
f 499//928 466//928 465//928
f 499//929 465//929 500//929
f 500//930 465//930 464//930
f 500//931 464//931 501//931
f 501//932 464//932 502//932
f 502//933 464//933 463//933
f 502//934 463//934 503//934
f 503//935 463//935 462//935
f 503//936 462//936 504//936
f 504//937 462//937 505//937
f 505//938 462//938 461//938
f 505//939 461//939 506//939
f 506//940 461//940 460//940
f 506//941 460//941 507//941
f 507//942 460//942 508//942
f 508//943 460//943 451//943
f 508//944 451//944 509//944
f 509//945 451//945 459//945
f 509//946 459//946 510//946
f 510//947 459//947 458//947
f 510//948 458//948 511//948
f 511//949 458//949 512//949
f 512//950 458//950 445//950
f 512//951 445//951 494//951
f 495//774 496//774 513//774
f 495//774 513//774 514//774
f 514//774 513//774 515//774
f 515//774 513//774 516//774
f 515//774 516//774 503//774
f 503//774 516//774 502//774
f 504//774 505//774 517//774
f 504//774 517//774 518//774
f 518//774 517//774 519//774
f 519//774 517//774 512//774
f 519//774 512//774 494//774
f 686//1309 568//1309 687//1309
f 687//1310 568//1310 557//1310
f 687//1311 557//1311 795//1311
f 795//1312 557//1312 796//1312
f 568//1313 686//1313 685//1313
f 568//1314 685//1314 567//1314
f 567//1315 685//1315 684//1315
f 567//1316 684//1316 566//1316
f 566//1317 684//1317 683//1317
f 566//1318 683//1318 565//1318
f 565//1319 683//1319 682//1319
f 565//1320 682//1320 577//1320
f 577//1321 682//1321 681//1321
f 577//1322 681//1322 578//1322
f 578//1323 681//1323 680//1323
f 578//1324 680//1324 962//1324
f 952//1325 797//1325 962//1325
f 962//1326 797//1326 578//1326
f 578//1327 797//1327 579//1327
f 797//1328 798//1328 579//1328
f 579//1329 798//1329 799//1329
f 579//1330 799//1330 553//1330
f 553//1331 799//1331 800//1331
f 553//1332 800//1332 552//1332
f 552//1333 800//1333 801//1333
f 552//1334 801//1334 551//1334
f 551//1335 801//1335 802//1335
f 802//1336 801//1336 900//1336
f 551//1337 802//1337 580//1337
f 802//1338 803//1338 580//1338
f 803//1339 804//1339 580//1339
f 580//1340 804//1340 581//1340
f 581//1341 804//1341 805//1341
f 581//1342 805//1342 582//1342
f 582//1343 805//1343 806//1343
f 582//1344 806//1344 583//1344
f 583//1345 806//1345 807//1345
f 583//1346 807//1346 584//1346
f 584//1347 807//1347 808//1347
f 584//1348 808//1348 585//1348
f 585//1349 808//1349 809//1349
f 585//1350 809//1350 586//1350
f 586//1351 809//1351 968//1351
f 922//1352 658//1352 968//1352
f 968//1353 658//1353 586//1353
f 586//1354 658//1354 659//1354
f 586//1355 659//1355 587//1355
f 587//1356 659//1356 810//1356
f 587//1357 810//1357 545//1357
f 545//1358 810//1358 811//1358
f 545//1359 811//1359 546//1359
f 546//1360 811//1360 812//1360
f 546//1361 812//1361 576//1361
f 576//1362 812//1362 657//1362
f 813//1363 814//1363 657//1363
f 657//1364 814//1364 576//1364
f 814//1365 815//1365 576//1365
f 576//1366 815//1366 575//1366
f 575//1367 815//1367 816//1367
f 575//1368 816//1368 574//1368
f 574//1369 816//1369 817//1369
f 574//1370 817//1370 573//1370
f 573//1371 817//1371 818//1371
f 573//1372 818//1372 572//1372
f 572//1373 818//1373 819//1373
f 572//1374 819//1374 571//1374
f 571//1375 819//1375 820//1375
f 571//1376 820//1376 570//1376
f 570//1377 820//1377 821//1377
f 570//1378 821//1378 956//1378
f 570//1379 956//1379 929//1379
f 570//1380 929//1380 822//1380
f 570//1381 822//1381 560//1381
f 560//1382 822//1382 823//1382
f 823//1383 824//1383 560//1383
f 560//1384 824//1384 559//1384
f 559//1385 824//1385 825//1385
f 559//1386 825//1386 558//1386
f 558//1387 825//1387 826//1387
f 558//1388 826//1388 569//1388
f 569//1389 826//1389 827//1389
f 827//1390 828//1390 569//1390
f 569//1391 828//1391 796//1391
f 557//1392 569//1392 796//1392
f 471//1495 470//1495 903//1495
f 903//1496 470//1496 904//1496
f 904//1497 470//1497 901//1497
f 901//1498 470//1498 796//1498
f 796//1499 470//1499 954//1499
f 954//1500 470//1500 469//1500
f 954//1501 469//1501 893//1501
f 893//1502 469//1502 468//1502
f 468//1503 472//1503 894//1503
f 894//1504 472//1504 473//1504
f 894//1505 473//1505 952//1505
f 952//1506 473//1506 797//1506
f 797//1507 473//1507 943//1507
f 474//1508 945//1508 473//1508
f 473//1509 945//1509 944//1509
f 473//1510 944//1510 943//1510
f 943//1511 959//1511 797//1511
f 828//1512 901//1512 796//1512
f 707//1513 485//1513 705//1513
f 705//1514 485//1514 703//1514
f 703//1515 485//1515 701//1515
f 701//1516 485//1516 657//1516
f 485//1517 813//1517 657//1517
f 813//1518 485//1518 931//1518
f 931//1519 485//1519 486//1519
f 931//1520 486//1520 895//1520
f 895//1521 486//1521 487//1521
f 487//1522 488//1522 896//1522
f 896//1523 488//1523 489//1523
f 896//1524 489//1524 929//1524
f 929//1525 489//1525 822//1525
f 822//1526 489//1526 905//1526
f 490//1527 907//1527 489//1527
f 489//1528 907//1528 906//1528
f 489//1529 906//1529 905//1529
f 905//1530 965//1530 822//1530
f 657//1531 897//1531 701//1531
f 476//1568 477//1568 941//1568
f 941//1569 477//1569 942//1569
f 942//1570 477//1570 938//1570
f 938//1571 477//1571 802//1571
f 802//1572 477//1572 921//1572
f 921//1573 477//1573 478//1573
f 921//1574 478//1574 898//1574
f 898//1575 478//1575 479//1575
f 479//1576 480//1576 899//1576
f 899//1577 480//1577 481//1577
f 899//1578 481//1578 922//1578
f 922//1579 481//1579 658//1579
f 658//1580 481//1580 700//1580
f 482//1581 696//1581 481//1581
f 481//1582 696//1582 697//1582
f 481//1583 697//1583 700//1583
f 700//1584 661//1584 658//1584
f 900//1585 938//1585 802//1585
f 900//1821 971//1821 938//1821
f 479//1822 899//1822 922//1822
f 487//1823 896//1823 929//1823
f 828//1824 972//1824 901//1824
f 468//1825 894//1825 952//1825
usemtl 233,37,37.001
f 495//952 527//952 494//952
f 494//953 527//953 520//953
f 494//954 520//954 519//954
f 519//955 520//955 521//955
f 519//956 521//956 518//956
f 518//957 521//957 522//957
f 518//958 522//958 504//958
f 504//959 522//959 523//959
f 504//960 523//960 503//960
f 503//961 523//961 524//961
f 503//962 524//962 515//962
f 515//963 524//963 525//963
f 515//964 525//964 514//964
f 514//965 525//965 526//965
f 514//966 526//966 495//966
f 495//967 526//967 527//967
f 511//968 528//968 529//968
f 511//969 529//969 510//969
f 510//970 529//970 530//970
f 510//971 530//971 509//971
f 509//972 530//972 531//972
f 509//973 531//973 508//973
f 508//974 531//974 532//974
f 508//975 532//975 507//975
f 507//976 532//976 533//976
f 507//977 533//977 506//977
f 506//978 533//978 534//978
f 506//979 534//979 505//979
f 505//980 534//980 535//980
f 505//981 535//981 517//981
f 517//982 535//982 536//982
f 517//983 536//983 512//983
f 512//984 536//984 528//984
f 512//985 528//985 511//985
f 498//986 537//986 497//986
f 497//987 537//987 538//987
f 497//988 538//988 496//988
f 496//989 538//989 513//989
f 513//990 538//990 539//990
f 513//991 539//991 516//991
f 516//992 539//992 540//992
f 516//993 540//993 502//993
f 502//994 540//994 541//994
f 502//995 541//995 501//995
f 501//996 541//996 542//996
f 501//997 542//997 500//997
f 500//998 542//998 543//998
f 500//999 543//999 499//999
f 499//1000 543//1000 544//1000
f 499//1001 544//1001 498//1001
f 498//1002 544//1002 537//1002
f 568//1003 556//1003 557//1003
f 546//1004 564//1004 545//1004
f 586//1005 587//1005 547//1005
f 547//1006 587//1006 545//1006
f 585//1007 586//1007 547//1007
f 548//1008 585//1008 547//1008
f 584//1009 585//1009 548//1009
f 583//1010 584//1010 549//1010
f 549//1011 584//1011 548//1011
f 582//1012 583//1012 549//1012
f 581//1013 582//1013 550//1013
f 550//1014 582//1014 549//1014
f 580//1015 581//1015 550//1015
f 551//1016 580//1016 550//1016
f 578//1017 579//1017 554//1017
f 554//1018 579//1018 553//1018
f 577//1019 578//1019 554//1019
f 565//1020 577//1020 555//1020
f 555//1021 577//1021 554//1021
f 566//1022 565//1022 555//1022
f 567//1023 566//1023 556//1023
f 556//1024 566//1024 555//1024
f 568//1025 567//1025 556//1025
f 558//1026 569//1026 557//1026
f 571//1027 570//1027 561//1027
f 561//1028 570//1028 560//1028
f 572//1029 571//1029 562//1029
f 562//1030 571//1030 561//1030
f 573//1031 572//1031 562//1031
f 574//1032 573//1032 563//1032
f 563//1033 573//1033 562//1033
f 575//1034 574//1034 563//1034
f 576//1035 575//1035 564//1035
f 564//1036 575//1036 563//1036
f 546//1037 576//1037 564//1037
f 589//1038 590//1038 591//1038
f 591//1039 590//1039 592//1039
f 591//1040 592//1040 593//1040
f 591//1041 593//1041 655//1041
f 655//1042 593//1042 594//1042
f 655//1043 594//1043 595//1043
f 596//1044 597//1044 598//1044
f 598//1045 599//1045 600//1045
f 601//1046 600//1046 602//1046
f 601//1047 602//1047 603//1047
f 603//1048 604//1048 605//1048
f 605//1049 604//1049 606//1049
f 605//1050 606//1050 607//1050
f 605//1051 607//1051 651//1051
f 651//1052 607//1052 608//1052
f 609//1053 610//1053 611//1053
f 611//1054 610//1054 612//1054
f 611//1055 612//1055 613//1055
f 611//1056 613//1056 614//1056
f 615//1057 614//1057 616//1057
f 615//1058 616//1058 617//1058
f 617//1059 618//1059 619//1059
f 619//1060 618//1060 620//1060
f 619//1061 620//1061 621//1061
f 619//1062 621//1062 622//1062
f 622//1063 621//1063 648//1063
f 648//1064 621//1064 623//1064
f 648//1065 623//1065 624//1065
f 624//1066 625//1066 626//1066
f 626//1067 627//1067 628//1067
f 646//1068 628//1068 629//1068
f 646//1069 629//1069 630//1069
f 630//1070 631//1070 632//1070
f 632//1071 631//1071 633//1071
f 632//1072 633//1072 634//1072
f 632//1073 634//1073 645//1073
f 645//1074 634//1074 635//1074
f 636//1075 637//1075 638//1075
f 638//1076 637//1076 639//1076
f 638//1077 639//1077 640//1077
f 638//1078 640//1078 641//1078
f 638//1079 642//1079 644//1079
f 635//1080 644//1080 645//1080
f 630//1081 632//1081 646//1081
f 619//1082 622//1082 649//1082
f 611//1083 615//1083 650//1083
f 608//1084 650//1084 651//1084
f 605//1085 651//1085 652//1085
f 601//1086 652//1086 653//1086
f 595//1087 654//1087 655//1087
f 591//1088 655//1088 643//1088
f 589//1089 643//1089 588//1089
f 588//1090 643//1090 642//1090
f 588//1091 642//1091 641//1091
f 641//1092 642//1092 638//1092
f 638//1093 644//1093 636//1093
f 636//1094 644//1094 635//1094
f 628//1095 646//1095 647//1095
f 628//1096 647//1096 626//1096
f 626//1097 647//1097 624//1097
f 624//1098 647//1098 648//1098
f 617//1099 619//1099 649//1099
f 617//1100 649//1100 615//1100
f 614//1101 615//1101 611//1101
f 611//1102 650//1102 609//1102
f 609//1103 650//1103 608//1103
f 603//1104 605//1104 652//1104
f 603//1105 652//1105 601//1105
f 600//1106 601//1106 653//1106
f 600//1107 653//1107 598//1107
f 598//1108 653//1108 654//1108
f 598//1109 654//1109 596//1109
f 596//1110 654//1110 595//1110
f 589//1111 591//1111 643//1111
f 656//1112 897//1112 812//1112
f 812//1113 897//1113 657//1113
f 659//1114 658//1114 661//1114
f 659//1115 661//1115 660//1115
f 660//1116 661//1116 662//1116
f 664//1117 663//1117 665//1117
f 664//1118 665//1118 666//1118
f 673//1119 674//1119 672//1119
f 672//1120 674//1120 675//1120
f 672//1121 675//1121 676//1121
f 672//1122 676//1122 671//1122
f 671//1123 676//1123 677//1123
f 671//1124 677//1124 670//1124
f 670//1125 677//1125 678//1125
f 670//1126 678//1126 679//1126
f 670//1127 679//1127 669//1127
f 669//1128 679//1128 963//1128
f 685//1129 686//1129 688//1129
f 685//1130 688//1130 684//1130
f 684//1131 688//1131 683//1131
f 683//1132 688//1132 689//1132
f 683//1133 689//1133 682//1133
f 682//1134 689//1134 681//1134
f 690//1135 715//1135 691//1135
f 692//1136 693//1136 958//1136
f 958//1137 693//1137 694//1137
f 695//1138 893//1138 468//1138
f 483//1139 696//1139 482//1139
f 696//1140 483//1140 697//1140
f 697//1141 483//1141 698//1141
f 697//1142 698//1142 699//1142
f 697//1143 699//1143 700//1143
f 701//1144 702//1144 703//1144
f 703//1145 702//1145 704//1145
f 703//1146 704//1146 705//1146
f 705//1147 704//1147 706//1147
f 705//1148 706//1148 707//1148
f 695//1149 708//1149 709//1149
f 695//1150 709//1150 710//1150
f 708//1151 695//1151 711//1151
f 708//1152 711//1152 712//1152
f 712//1153 711//1153 713//1153
f 712//1154 713//1154 714//1154
f 714//1155 713//1155 715//1155
f 712//1156 714//1156 716//1156
f 712//1157 716//1157 717//1157
f 717//1158 716//1158 475//1158
f 717//1159 475//1159 493//1159
f 717//1160 493//1160 718//1160
f 718//1161 665//1161 717//1161
f 665//1162 718//1162 719//1162
f 717//1163 665//1163 720//1163
f 665//1164 663//1164 720//1164
f 720//1165 663//1165 721//1165
f 720//1166 721//1166 722//1166
f 722//1167 721//1167 723//1167
f 722//1168 723//1168 724//1168
f 725//1169 724//1169 723//1169
f 725//1170 726//1170 724//1170
f 724//1171 726//1171 698//1171
f 698//1172 726//1172 699//1172
f 724//1173 698//1173 483//1173
f 724//1174 483//1174 484//1174
f 724//1175 484//1175 727//1175
f 727//1176 484//1176 706//1176
f 727//1177 706//1177 704//1177
f 704//1178 702//1178 728//1178
f 704//1179 728//1179 727//1179
f 727//1180 728//1180 729//1180
f 727//1181 729//1181 730//1181
f 727//1182 730//1182 731//1182
f 731//1183 730//1183 732//1183
f 731//1184 732//1184 733//1184
f 733//1185 732//1185 694//1185
f 694//1186 693//1186 733//1186
f 693//1187 734//1187 735//1187
f 693//1188 735//1188 733//1188
f 733//1189 735//1189 736//1189
f 733//1190 736//1190 737//1190
f 737//1191 736//1191 491//1191
f 737//1192 491//1192 492//1192
f 737//1193 492//1193 738//1193
f 737//1194 738//1194 739//1194
f 739//1195 738//1195 668//1195
f 737//1196 739//1196 709//1196
f 739//1197 710//1197 709//1197
f 617//1198 616//1198 677//1198
f 677//1199 616//1199 740//1199
f 677//1200 740//1200 741//1200
f 677//1201 741//1201 678//1201
f 678//1202 741//1202 742//1202
f 678//1203 742//1203 679//1203
f 679//1204 742//1204 612//1204
f 742//1205 613//1205 612//1205
f 963//1206 679//1206 743//1206
f 963//1207 743//1207 744//1207
f 744//1208 743//1208 713//1208
f 713//1209 743//1209 745//1209
f 713//1210 745//1210 715//1210
f 715//1211 745//1211 691//1211
f 691//1212 745//1212 609//1212
f 691//1213 609//1213 608//1213
f 691//1214 608//1214 746//1214
f 747//1215 746//1215 748//1215
f 747//1216 748//1216 960//1216
f 960//1217 748//1217 749//1217
f 749//1218 607//1218 606//1218
f 606//1219 750//1219 749//1219
f 749//1220 750//1220 951//1220
f 951//1221 750//1221 751//1221
f 951//1222 751//1222 940//1222
f 940//1223 751//1223 665//1223
f 665//1224 751//1224 666//1224
f 751//1225 752//1225 666//1225
f 666//1226 752//1226 753//1226
f 753//1227 752//1227 603//1227
f 753//1228 603//1228 602//1228
f 969//1229 753//1229 754//1229
f 969//1230 754//1230 755//1230
f 599//1231 598//1231 755//1231
f 755//1232 598//1232 756//1232
f 756//1233 757//1233 758//1233
f 758//1234 757//1234 759//1234
f 759//1235 596//1235 595//1235
f 595//1236 760//1236 759//1236
f 760//1237 761//1237 762//1237
f 762//1238 761//1238 763//1238
f 762//1239 763//1239 764//1239
f 764//1240 763//1240 725//1240
f 725//1241 763//1241 726//1241
f 726//1242 763//1242 593//1242
f 726//1243 593//1243 592//1243
f 726//1244 592//1244 765//1244
f 726//1245 765//1245 916//1245
f 726//1246 916//1246 699//1246
f 766//1247 917//1247 765//1247
f 765//1248 917//1248 916//1248
f 766//1249 767//1249 917//1249
f 589//1250 588//1250 767//1250
f 767//1251 588//1251 768//1251
f 768//1252 769//1252 920//1252
f 920//1253 769//1253 770//1253
f 920//1254 770//1254 915//1254
f 915//1255 770//1255 728//1255
f 915//1256 728//1256 702//1256
f 640//1257 639//1257 770//1257
f 770//1258 639//1258 728//1258
f 728//1259 639//1259 771//1259
f 728//1260 771//1260 729//1260
f 729//1261 771//1261 955//1261
f 955//1262 771//1262 772//1262
f 772//1263 771//1263 773//1263
f 772//1264 773//1264 957//1264
f 957//1265 773//1265 774//1265
f 774//1266 636//1266 635//1266
f 774//1267 635//1267 775//1267
f 774//1268 775//1268 776//1268
f 776//1269 775//1269 777//1269
f 776//1270 777//1270 778//1270
f 778//1271 633//1271 779//1271
f 634//1272 633//1272 778//1272
f 779//1273 780//1273 778//1273
f 778//1274 780//1274 781//1274
f 781//1275 780//1275 782//1275
f 781//1276 782//1276 783//1276
f 783//1277 782//1277 630//1277
f 783//1278 630//1278 629//1278
f 783//1279 629//1279 784//1279
f 783//1280 784//1280 692//1280
f 692//1281 784//1281 785//1281
f 692//1282 785//1282 693//1282
f 693//1283 785//1283 786//1283
f 693//1284 786//1284 734//1284
f 786//1285 785//1285 787//1285
f 786//1286 787//1286 788//1286
f 788//1287 787//1287 627//1287
f 626//1288 788//1288 627//1288
f 966//1289 788//1289 789//1289
f 966//1290 789//1290 912//1290
f 912//1291 789//1291 790//1291
f 912//1292 790//1292 913//1292
f 913//1293 790//1293 623//1293
f 913//1294 623//1294 667//1294
f 667//1295 623//1295 791//1295
f 667//1296 791//1296 668//1296
f 668//1297 791//1297 739//1297
f 739//1298 791//1298 792//1298
f 739//1299 792//1299 961//1299
f 790//1300 624//1300 623//1300
f 675//1301 674//1301 792//1301
f 621//1302 620//1302 675//1302
f 675//1303 620//1303 793//1303
f 675//1304 793//1304 676//1304
f 676//1305 793//1305 794//1305
f 676//1306 794//1306 677//1306
f 674//1307 961//1307 792//1307
f 719//1308 940//1308 665//1308
f 643//1532 545//1532 642//1532
f 642//1533 545//1533 564//1533
f 642//1534 564//1534 644//1534
f 644//1535 564//1535 563//1535
f 644//1536 563//1536 645//1536
f 645//1537 563//1537 562//1537
f 645//1538 562//1538 632//1538
f 632//1539 562//1539 646//1539
f 646//1540 562//1540 561//1540
f 646//1541 561//1541 560//1541
f 646//1542 560//1542 647//1542
f 647//1543 560//1543 559//1543
f 647//1544 559//1544 648//1544
f 648//1545 559//1545 558//1545
f 648//1546 558//1546 557//1546
f 648//1547 557//1547 622//1547
f 622//1548 557//1548 556//1548
f 622//1549 556//1549 649//1549
f 649//1550 556//1550 555//1550
f 649//1551 555//1551 615//1551
f 615//1552 555//1552 554//1552
f 615//1553 554//1553 650//1553
f 650//1554 554//1554 553//1554
f 650//1555 553//1555 651//1555
f 651//1556 553//1556 552//1556
f 651//1557 552//1557 551//1557
f 651//1558 551//1558 652//1558
f 652//1559 551//1559 550//1559
f 652//1560 550//1560 653//1560
f 653//1561 550//1561 549//1561
f 653//1562 549//1562 654//1562
f 654//1563 549//1563 548//1563
f 654//1564 548//1564 655//1564
f 655//1565 548//1565 547//1565
f 655//1566 547//1566 643//1566
f 643//1567 547//1567 545//1567
f 524//1586 708//1586 712//1586
f 524//828 712//828 541//828
f 541//1587 712//1587 717//1587
f 541//1588 717//1588 542//1588
f 542//1589 717//1589 543//1589
f 543//1590 717//1590 720//1590
f 543//1591 720//1591 544//1591
f 544//1592 720//1592 537//1592
f 537//1593 720//1593 722//1593
f 537//818 722//818 538//818
f 538//1594 722//1594 724//1594
f 724//818 527//818 538//818
f 527//818 724//818 520//818
f 520//1595 724//1595 727//1595
f 727//1596 528//1596 520//1596
f 520//819 528//819 521//819
f 521//819 528//819 536//819
f 521//819 536//819 522//819
f 522//819 536//819 535//819
f 522//819 535//819 523//819
f 523//819 535//819 534//819
f 523//1597 534//1597 709//1597
f 709//1598 534//1598 737//1598
f 737//828 534//828 533//828
f 737//1599 533//1599 532//1599
f 737//1600 532//1600 733//1600
f 733//1601 532//1601 531//1601
f 733//1602 531//1602 530//1602
f 727//1603 731//1603 528//1603
f 528//1596 731//1596 529//1596
f 529//829 731//829 530//829
f 530//1604 731//1604 733//1604
f 523//819 709//819 708//819
f 523//819 708//819 524//819
f 538//819 527//819 539//819
f 539//819 527//819 526//819
f 539//819 526//819 525//819
f 539//819 525//819 540//819
f 540//819 525//819 524//819
f 540//819 524//819 541//819
f 668//1605 901//1605 972//1605
f 668//1606 972//1606 902//1606
f 902//1607 667//1607 668//1607
f 492//1608 471//1608 903//1608
f 492//1609 903//1609 904//1609
f 492//1610 904//1610 738//1610
f 738//1611 904//1611 901//1611
f 901//1612 668//1612 738//1612
f 734//1613 905//1613 906//1613
f 734//1614 906//1614 735//1614
f 735//1615 906//1615 907//1615
f 735//1616 907//1616 736//1616
f 736//1617 907//1617 490//1617
f 908//1618 909//1618 734//1618
f 734//1619 909//1619 965//1619
f 734//1620 965//1620 905//1620
f 911//1621 910//1621 826//1621
f 826//1622 910//1622 912//1622
f 826//1623 912//1623 913//1623
f 826//1624 913//1624 914//1624
f 702//1625 701//1625 897//1625
f 702//1626 897//1626 656//1626
f 656//1627 915//1627 702//1627
f 916//1628 662//1628 699//1628
f 699//1629 662//1629 661//1629
f 699//1630 661//1630 700//1630
f 917//1631 918//1631 662//1631
f 662//1632 918//1632 810//1632
f 810//1633 918//1633 919//1633
f 919//1634 918//1634 920//1634
f 664//1635 967//1635 663//1635
f 663//1636 967//1636 802//1636
f 663//1637 802//1637 921//1637
f 898//1638 721//1638 921//1638
f 921//1639 721//1639 663//1639
f 721//1640 479//1640 723//1640
f 723//1641 479//1641 922//1641
f 723//1642 922//1642 968//1642
f 968//1643 970//1643 723//1643
f 803//1644 923//1644 924//1644
f 924//1645 923//1645 925//1645
f 924//1646 925//1646 926//1646
f 926//1647 925//1647 927//1647
f 926//1648 927//1648 808//1648
f 808//1649 927//1649 928//1649
f 808//1650 928//1650 809//1650
f 732//1651 487//1651 694//1651
f 694//1652 487//1652 929//1652
f 694//1653 929//1653 956//1653
f 956//1654 958//1654 694//1654
f 930//1655 814//1655 730//1655
f 730//1656 814//1656 813//1656
f 730//1657 813//1657 931//1657
f 895//1658 732//1658 931//1658
f 931//1659 732//1659 730//1659
f 815//1660 932//1660 933//1660
f 933//1661 932//1661 934//1661
f 933//1662 934//1662 935//1662
f 935//1663 934//1663 936//1663
f 935//1664 936//1664 819//1664
f 819//1665 936//1665 937//1665
f 819//1666 937//1666 821//1666
f 718//1667 938//1667 719//1667
f 719//1668 938//1668 971//1668
f 719//1669 971//1669 939//1669
f 939//1670 940//1670 719//1670
f 493//1671 476//1671 941//1671
f 493//1672 941//1672 942//1672
f 493//1673 942//1673 718//1673
f 718//1674 942//1674 938//1674
f 715//1675 943//1675 944//1675
f 715//1676 944//1676 714//1676
f 714//1677 944//1677 945//1677
f 714//1678 945//1678 716//1678
f 716//1679 945//1679 474//1679
f 690//1680 946//1680 715//1680
f 715//1681 946//1681 959//1681
f 715//1682 959//1682 943//1682
f 947//1683 948//1683 949//1683
f 949//1684 948//1684 800//1684
f 800//1685 948//1685 950//1685
f 950//1686 948//1686 951//1686
f 695//1687 468//1687 711//1687
f 711//1688 468//1688 952//1688
f 711//1689 952//1689 962//1689
f 962//1690 964//1690 711//1690
f 953//1691 795//1691 710//1691
f 710//1692 795//1692 796//1692
f 710//1693 796//1693 954//1693
f 893//1694 695//1694 954//1694
f 954//1695 695//1695 710//1695
f 673//1696 672//1696 687//1696
f 687//1697 672//1697 686//1697
f 686//1698 672//1698 688//1698
f 688//1699 672//1699 671//1699
f 688//1700 671//1700 689//1700
f 689//1701 671//1701 670//1701
f 689//1702 670//1702 681//1702
f 681//1703 670//1703 680//1703
f 680//1704 670//1704 669//1704
f 732//1705 895//1705 487//1705
f 721//1706 898//1706 479//1706
f 930//1707 730//1707 955//1707
f 955//1708 730//1708 729//1708
f 932//1709 815//1709 814//1709
f 932//1710 814//1710 930//1710
f 816//1711 815//1711 933//1711
f 816//1712 933//1712 817//1712
f 817//1713 933//1713 818//1713
f 818//1714 933//1714 935//1714
f 818//1715 935//1715 819//1715
f 820//1716 819//1716 821//1716
f 955//1717 772//1717 932//1717
f 955//1718 932//1718 930//1718
f 934//1719 932//1719 957//1719
f 937//1720 781//1720 783//1720
f 932//1721 772//1721 957//1721
f 957//1722 774//1722 934//1722
f 934//1723 774//1723 776//1723
f 934//1724 776//1724 778//1724
f 934//1725 778//1725 936//1725
f 936//1726 778//1726 781//1726
f 936//1727 781//1727 937//1727
f 958//1728 956//1728 937//1728
f 937//1729 956//1729 821//1729
f 783//1730 692//1730 958//1730
f 783//1731 958//1731 937//1731
f 798//1732 797//1732 959//1732
f 798//1733 959//1733 946//1733
f 798//1734 949//1734 799//1734
f 949//1735 798//1735 946//1735
f 947//1736 949//1736 946//1736
f 947//1737 946//1737 690//1737
f 801//1738 800//1738 950//1738
f 799//1739 949//1739 800//1739
f 939//1740 971//1740 900//1740
f 939//1741 900//1741 801//1741
f 947//1742 690//1742 691//1742
f 801//1743 950//1743 939//1743
f 948//1744 960//1744 951//1744
f 951//1745 960//1745 749//1745
f 947//1746 691//1746 948//1746
f 948//1747 691//1747 747//1747
f 948//1748 747//1748 960//1748
f 691//1749 746//1749 747//1749
f 940//1750 939//1750 950//1750
f 940//1751 950//1751 951//1751
f 953//1752 710//1752 961//1752
f 961//1753 710//1753 739//1753
f 673//1754 687//1754 795//1754
f 673//1755 795//1755 953//1755
f 961//1756 674//1756 673//1756
f 961//1757 673//1757 953//1757
f 964//1758 962//1758 669//1758
f 669//1759 962//1759 680//1759
f 963//1760 744//1760 964//1760
f 963//1761 964//1761 669//1761
f 711//1762 964//1762 713//1762
f 713//1763 964//1763 744//1763
f 823//1764 822//1764 965//1764
f 823//1765 965//1765 909//1765
f 823//1766 911//1766 824//1766
f 911//1767 823//1767 909//1767
f 908//1768 734//1768 786//1768
f 910//1769 911//1769 909//1769
f 910//1770 909//1770 908//1770
f 827//1771 826//1771 914//1771
f 824//1772 911//1772 825//1772
f 825//1773 911//1773 826//1773
f 902//1774 972//1774 828//1774
f 902//1775 828//1775 827//1775
f 910//1776 908//1776 786//1776
f 827//1777 914//1777 902//1777
f 910//1778 966//1778 912//1778
f 910//1779 786//1779 966//1779
f 966//1780 786//1780 788//1780
f 667//1781 902//1781 914//1781
f 667//1782 914//1782 913//1782
f 803//1783 802//1783 967//1783
f 923//1784 803//1784 967//1784
f 923//1785 967//1785 664//1785
f 804//1786 803//1786 924//1786
f 804//1787 924//1787 805//1787
f 805//1788 924//1788 806//1788
f 806//1789 924//1789 926//1789
f 806//1790 926//1790 807//1790
f 807//1791 926//1791 808//1791
f 666//1792 753//1792 923//1792
f 666//1793 923//1793 664//1793
f 925//1794 923//1794 969//1794
f 928//1795 760//1795 762//1795
f 923//1796 753//1796 969//1796
f 925//1797 756//1797 927//1797
f 927//1798 756//1798 758//1798
f 927//1799 758//1799 759//1799
f 927//1800 759//1800 928//1800
f 928//1801 759//1801 760//1801
f 925//1802 969//1802 755//1802
f 925//1803 755//1803 756//1803
f 970//1804 968//1804 928//1804
f 928//1805 968//1805 809//1805
f 762//1806 764//1806 970//1806
f 762//1807 970//1807 928//1807
f 723//1808 970//1808 725//1808
f 725//1809 970//1809 764//1809
f 660//1810 662//1810 659//1810
f 917//1811 662//1811 916//1811
f 812//1812 811//1812 810//1812
f 812//1813 810//1813 919//1813
f 659//1814 662//1814 810//1814
f 812//1815 919//1815 656//1815
f 920//1816 918//1816 768//1816
f 918//1817 917//1817 767//1817
f 918//1818 767//1818 768//1818
f 915//1819 656//1819 919//1819
f 915//1820 919//1820 920//1820
usemtl 199,194,189.001
f 740//774 829//774 741//774
f 741//1393 829//1393 742//1393
f 742//774 829//774 830//774
f 793//774 831//774 794//774
f 794//774 831//774 832//774
f 794//1394 832//1394 677//1394
f 791//1395 833//1395 792//1395
f 792//1396 833//1396 834//1396
f 792//1397 834//1397 675//1397
f 788//1398 835//1398 789//1398
f 789//774 835//774 790//774
f 790//774 835//774 836//774
f 784//1399 837//1399 785//1399
f 785//1400 837//1400 787//1400
f 787//774 837//774 838//774
f 779//1393 839//1393 780//1393
f 780//1401 839//1401 840//1401
f 780//1402 840//1402 782//1402
f 775//774 841//774 777//774
f 777//774 841//774 842//774
f 777//1403 842//1403 778//1403
f 768//1404 843//1404 769//1404
f 769//1393 843//1393 770//1393
f 770//774 843//774 844//774
f 771//1405 845//1405 773//1405
f 773//1406 845//1406 774//1406
f 774//1407 845//1407 846//1407
f 760//1408 847//1408 761//1408
f 761//1409 847//1409 848//1409
f 761//1410 848//1410 763//1410
f 756//1411 849//1411 757//1411
f 757//1412 849//1412 759//1412
f 759//1413 849//1413 850//1413
f 753//1414 851//1414 754//1414
f 754//1415 851//1415 755//1415
f 755//1416 851//1416 852//1416
f 750//1409 853//1409 751//1409
f 751//1417 853//1417 854//1417
f 751//1399 854//1399 752//1399
f 746//1418 855//1418 748//1418
f 748//774 855//774 856//774
f 748//1419 856//1419 749//1419
f 679//1420 857//1420 743//1420
f 743//1399 857//1399 745//1399
f 745//774 857//774 858//774
f 765//1421 859//1421 766//1421
f 766//1393 859//1393 860//1393
f 766//1422 860//1422 767//1422
f 613//1423 861//1423 614//1423
f 614//1424 861//1424 862//1424
f 614//1425 862//1425 616//1425
f 617//1426 863//1426 618//1426
f 618//1427 863//1427 620//1427
f 620//1428 863//1428 864//1428
f 621//1429 865//1429 623//1429
f 623//1430 865//1430 866//1430
f 624//1431 867//1431 625//1431
f 625//819 867//819 868//819
f 625//1432 868//1432 626//1432
f 627//1433 869//1433 628//1433
f 628//1434 869//1434 870//1434
f 628//1435 870//1435 629//1435
f 630//1436 871//1436 631//1436
f 631//1437 871//1437 633//1437
f 633//1438 871//1438 872//1438
f 634//1439 873//1439 635//1439
f 635//1440 873//1440 874//1440
f 640//1441 875//1441 641//1441
f 641//1442 875//1442 876//1442
f 641//1443 876//1443 588//1443
f 636//1444 877//1444 637//1444
f 637//819 877//819 878//819
f 637//1445 878//1445 639//1445
f 593//819 879//819 594//819
f 594//1446 879//1446 595//1446
f 595//1447 879//1447 880//1447
f 596//1448 881//1448 597//1448
f 597//819 881//819 882//819
f 597//1449 882//1449 598//1449
f 599//1450 883//1450 600//1450
f 600//1451 883//1451 884//1451
f 600//1452 884//1452 602//1452
f 603//1453 885//1453 604//1453
f 604//1454 885//1454 606//1454
f 606//1455 885//1455 886//1455
f 607//1456 887//1456 608//1456
f 608//1457 887//1457 888//1457
f 609//1458 889//1458 610//1458
f 610//819 889//819 890//819
f 610//1459 890//1459 612//1459
f 589//1460 891//1460 590//1460
f 590//1461 891//1461 592//1461
f 592//1462 891//1462 892//1462
f 829//1463 862//1463 861//1463
f 829//1464 861//1464 830//1464
f 831//1465 864//1465 863//1465
f 831//1466 863//1466 832//1466
f 833//1467 866//1467 865//1467
f 833//1468 865//1468 834//1468
f 835//1469 868//1469 867//1469
f 835//1470 867//1470 836//1470
f 837//1471 870//1471 869//1471
f 837//1472 869//1472 838//1472
f 839//1473 872//1473 871//1473
f 839//1474 871//1474 840//1474
f 841//1475 874//1475 873//1475
f 841//1476 873//1476 842//1476
f 843//1477 876//1477 875//1477
f 843//1478 875//1478 844//1478
f 845//1479 878//1479 877//1479
f 845//1480 877//1480 846//1480
f 847//1481 880//1481 879//1481
f 847//1482 879//1482 848//1482
f 849//1483 882//1483 881//1483
f 849//1484 881//1484 850//1484
f 851//1485 884//1485 883//1485
f 851//1486 883//1486 852//1486
f 853//1487 886//1487 885//1487
f 853//1488 885//1488 854//1488
f 855//1489 888//1489 887//1489
f 855//1490 887//1490 856//1490
f 857//1491 890//1491 889//1491
f 857//1492 889//1492 858//1492
f 859//1493 892//1493 891//1493
f 859//1494 891//1494 860//1494
f 767//1826 860//1826 589//1826
f 589//1827 860//1827 891//1827
f 588//1828 876//1828 768//1828
f 768//1829 876//1829 843//1829
f 608//1830 888//1830 746//1830
f 746//1831 888//1831 855//1831
f 745//1832 858//1832 609//1832
f 609//1833 858//1833 889//1833
f 749//1834 856//1834 607//1834
f 607//1835 856//1835 887//1835
f 606//1836 886//1836 750//1836
f 750//1837 886//1837 853//1837
f 602//1838 884//1838 753//1838
f 753//1839 884//1839 851//1839
f 752//1840 854//1840 603//1840
f 603//1841 854//1841 885//1841
f 755//1842 852//1842 599//1842
f 599//1843 852//1843 883//1843
f 598//1844 882//1844 756//1844
f 756//1845 882//1845 849//1845
f 595//1846 880//1846 760//1846
f 760//1847 880//1847 847//1847
f 759//1848 850//1848 596//1848
f 596//1849 850//1849 881//1849
f 592//1850 892//1850 765//1850
f 765//1851 892//1851 859//1851
f 763//1852 848//1852 593//1852
f 593//1853 848//1853 879//1853
f 635//1854 874//1854 775//1854
f 775//1855 874//1855 841//1855
f 774//1856 846//1856 636//1856
f 636//1857 846//1857 877//1857
f 639//1858 878//1858 771//1858
f 771//1859 878//1859 845//1859
f 770//1860 844//1860 640//1860
f 640//1861 844//1861 875//1861
f 778//1862 842//1862 634//1862
f 634//1863 842//1863 873//1863
f 633//1864 872//1864 779//1864
f 779//1865 872//1865 839//1865
f 629//1866 870//1866 784//1866
f 784//1867 870//1867 837//1867
f 782//1868 840//1868 630//1868
f 630//1869 840//1869 871//1869
f 787//1870 838//1870 627//1870
f 627//1871 838//1871 869//1871
f 626//1872 868//1872 788//1872
f 788//1873 868//1873 835//1873
f 623//1874 866//1874 791//1874
f 791//1875 866//1875 833//1875
f 790//1876 836//1876 624//1876
f 624//1877 836//1877 867//1877
f 620//1878 864//1878 793//1878
f 793//1879 864//1879 831//1879
f 675//1880 834//1880 621//1880
f 621//1881 834//1881 865//1881
f 677//1882 832//1882 617//1882
f 617//1883 832//1883 863//1883
f 616//1884 862//1884 740//1884
f 740//1885 862//1885 829//1885
f 612//1886 890//1886 679//1886
f 679//1887 890//1887 857//1887
f 742//1888 830//1888 613//1888
f 613//1889 830//1889 861//1889
usemtl 202,209,238.001
f 980//1890 973//1890 974//1890
f 980//1891 974//1891 975//1891
f 980//1892 975//1892 976//1892
f 980//1893 976//1893 977//1893
f 979//1894 980//1894 978//1894
f 978//1895 980//1895 977//1895
f 973//1896 980//1896 979//1896
f 985//1897 984//1897 986//1897
f 987//1898 986//1898 988//1898
f 989//1899 988//1899 990//1899
f 991//1900 1001//1900 992//1900
f 990//1901 1001//1901 991//1901
f 992//1902 1001//1902 993//1902
f 993//1903 1001//1903 994//1903
f 1001//1904 1002//1904 994//1904
f 994//1905 1002//1905 995//1905
f 995//1906 1002//1906 996//1906
f 1002//1907 1003//1907 996//1907
f 996//1908 1003//1908 997//1908
f 997//1909 1003//1909 998//1909
f 998//1910 981//1910 999//1910
f 982//1911 1000//1911 983//1911
f 983//1912 1000//1912 984//1912
f 982//1913 981//1913 1000//1913
f 1006//1914 1004//1914 1007//1914
f 1011//1915 1013//1915 1012//1915
f 1014//1916 1013//1916 1015//1916
f 1008//1917 1017//1917 1007//1917
f 1018//1918 1019//1918 1020//1918
f 1019//1919 1018//1919 1021//1919
f 1021//1920 1018//1920 1022//1920
f 1021//1921 1022//1921 1023//1921
f 1023//1922 1022//1922 1024//1922
f 1024//1923 1022//1923 1025//1923
f 1024//1924 1025//1924 1026//1924
f 1026//1925 1025//1925 1027//1925
f 1026//1926 1027//1926 1028//1926
f 1028//1927 1027//1927 1029//1927
f 1028//1928 1029//1928 1030//1928
f 1030//1929 1029//1929 1031//1929
f 1031//1930 1029//1930 1020//1930
f 1031//1931 1020//1931 1019//1931
f 1019//1932 1010//1932 1031//1932
f 1031//1933 1010//1933 1011//1933
f 1031//1934 1011//1934 1012//1934
f 1031//1935 1012//1935 1030//1935
f 1030//1936 1012//1936 1013//1936
f 1030//1937 1013//1937 1028//1937
f 1028//1938 1013//1938 1014//1938
f 1028//1939 1014//1939 1015//1939
f 1028//1940 1015//1940 1026//1940
f 1026//1941 1015//1941 1016//1941
f 1026//1942 1016//1942 1005//1942
f 1026//1943 1005//1943 1004//1943
f 1026//1944 1004//1944 1024//1944
f 1024//1945 1004//1945 1006//1945
f 1024//1946 1006//1946 1023//1946
f 1023//1947 1006//1947 1007//1947
f 1023//1948 1007//1948 1017//1948
f 1023//1949 1017//1949 1021//1949
f 1021//1950 1017//1950 1008//1950
f 1021//1951 1008//1951 1009//1951
f 1021//1952 1009//1952 1019//1952
f 1019//1953 1009//1953 1010//1953
f 1032//1954 981//1954 1033//1954
f 1033//1955 981//1955 982//1955
f 1033//1956 982//1956 1034//1956
f 1034//1957 982//1957 983//1957
f 1034//1958 983//1958 984//1958
f 1034//1959 984//1959 1035//1959
f 1035//1960 984//1960 985//1960
f 1035//1961 985//1961 986//1961
f 1035//1962 986//1962 1036//1962
f 1036//1963 986//1963 987//1963
f 1036//1964 987//1964 988//1964
f 1036//1965 988//1965 1037//1965
f 1037//1966 988//1966 989//1966
f 1037//1967 989//1967 1038//1967
f 1038//1968 989//1968 990//1968
f 1038//1969 990//1969 991//1969
f 1038//1970 991//1970 1039//1970
f 1039//1971 991//1971 992//1971
f 1039//1972 992//1972 1040//1972
f 1040//1973 992//1973 993//1973
f 1040//1974 993//1974 994//1974
f 1040//1975 994//1975 995//1975
f 1040//1976 995//1976 1041//1976
f 1041//1977 995//1977 996//1977
f 1041//1978 996//1978 997//1978
f 1041//1979 997//1979 1042//1979
f 1042//1980 997//1980 998//1980
f 1042//1981 998//1981 1032//1981
f 1032//1982 998//1982 999//1982
f 1032//1983 999//1983 981//1983
f 981//1984 1043//1984 1044//1984
f 981//1985 1044//1985 1000//1985
f 1000//1986 1044//1986 984//1986
f 984//1987 1044//1987 1045//1987
f 984//1988 1045//1988 986//1988
f 986//1989 1045//1989 988//1989
f 988//1990 1045//1990 1046//1990
f 988//1991 1046//1991 990//1991
f 990//1992 1046//1992 1047//1992
f 990//1993 1047//1993 1001//1993
f 1001//1994 1047//1994 1048//1994
f 1001//1995 1048//1995 1002//1995
f 1002//1996 1048//1996 1003//1996
f 1003//1997 1048//1997 1043//1997
f 1003//1998 1043//1998 998//1998
f 998//1999 1043//1999 981//1999
f 1033//2000 1010//2000 1032//2000
f 1032//2001 1010//2001 1009//2001
f 1032//2002 1009//2002 1042//2002
f 1042//2003 1009//2003 1008//2003
f 1042//2004 1008//2004 1041//2004
f 1041//2005 1008//2005 1040//2005
f 1040//2006 1008//2006 1007//2006
f 1040//2007 1007//2007 1004//2007
f 1040//2008 1004//2008 1039//2008
f 1039//2009 1004//2009 1038//2009
f 1038//2010 1004//2010 1005//2010
f 1038//2011 1005//2011 1016//2011
f 1038//2012 1016//2012 1037//2012
f 1037//2013 1016//2013 1015//2013
f 1037//2014 1015//2014 1036//2014
f 1036//2015 1015//2015 1013//2015
f 1036//2016 1013//2016 1035//2016
f 1035//2017 1013//2017 1034//2017
f 1034//2018 1013//2018 1011//2018
f 1034//2019 1011//2019 1033//2019
f 1033//2020 1011//2020 1010//2020
f 1020//2021 1027//2021 1025//2021
f 1020//2022 1025//2022 1018//2022
f 1018//2023 1025//2023 1022//2023
f 1027//2024 1020//2024 1029//2024
f 977//2025 1046//2025 1045//2025
f 977//2026 1045//2026 978//2026
f 975//2027 1047//2027 976//2027
f 976//2028 1047//2028 1046//2028
f 976//2029 1046//2029 977//2029
f 974//2030 1048//2030 975//2030
f 975//2031 1048//2031 1047//2031
f 973//2032 1043//2032 974//2032
f 974//2033 1043//2033 1048//2033
f 979//2034 1044//2034 1043//2034
f 979//2035 1043//2035 973//2035
f 978//2036 1045//2036 979//2036
f 979//2037 1045//2037 1044//2037
f 1057//2038 1049//2038 1050//2038
f 1057//2039 1051//2039 1052//2039
f 1057//2040 1052//2040 1053//2040
f 1057//2041 1053//2041 1054//2041
f 1057//2042 1056//2042 1049//2042
f 1056//2043 1057//2043 1055//2043
f 1055//2044 1057//2044 1054//2044
f 1051//2045 1057//2045 1050//2045
f 1080//2046 1075//2046 1058//2046
f 1061//2047 1076//2047 1062//2047
f 1063//2048 1062//2048 1077//2048
f 1078//2049 1079//2049 1067//2049
f 1067//2050 1079//2050 1068//2050
f 1079//2051 1069//2051 1068//2051
f 1069//2052 1071//2052 1070//2052
f 1072//2053 1080//2053 1073//2053
f 1073//2054 1080//2054 1074//2054
f 1071//2055 1080//2055 1072//2055
f 1074//2056 1080//2056 1058//2056
f 1059//2057 1058//2057 1075//2057
f 1059//2058 1075//2058 1060//2058
f 1060//2059 1075//2059 1076//2059
f 1060//2060 1076//2060 1061//2060
f 1064//2061 1063//2061 1077//2061
f 1064//2062 1077//2062 1065//2062
f 1066//2063 1065//2063 1078//2063
f 1066//2064 1078//2064 1067//2064
f 1065//2065 1077//2065 1078//2065
f 1083//2066 1081//2066 1084//2066
f 1088//2067 1090//2067 1089//2067
f 1091//2068 1090//2068 1092//2068
f 1085//2069 1094//2069 1084//2069
f 1095//2070 1096//2070 1097//2070
f 1096//2071 1095//2071 1098//2071
f 1098//2072 1095//2072 1099//2072
f 1098//2073 1099//2073 1100//2073
f 1100//2074 1099//2074 1101//2074
f 1101//2075 1099//2075 1102//2075
f 1101//2076 1102//2076 1103//2076
f 1103//2077 1102//2077 1104//2077
f 1103//2078 1104//2078 1105//2078
f 1105//2079 1104//2079 1106//2079
f 1105//2080 1106//2080 1107//2080
f 1107//2081 1106//2081 1108//2081
f 1108//2082 1106//2082 1097//2082
f 1108//2083 1097//2083 1096//2083
f 1096//2084 1087//2084 1108//2084
f 1108//2085 1087//2085 1088//2085
f 1108//2086 1088//2086 1089//2086
f 1108//2087 1089//2087 1107//2087
f 1107//2088 1089//2088 1090//2088
f 1107//2089 1090//2089 1105//2089
f 1105//2090 1090//2090 1091//2090
f 1105//2091 1091//2091 1092//2091
f 1105//2092 1092//2092 1103//2092
f 1103//2093 1092//2093 1093//2093
f 1103//2094 1093//2094 1082//2094
f 1103//2095 1082//2095 1081//2095
f 1103//2096 1081//2096 1101//2096
f 1101//2097 1081//2097 1083//2097
f 1101//2098 1083//2098 1100//2098
f 1100//2099 1083//2099 1084//2099
f 1100//2100 1084//2100 1094//2100
f 1100//2101 1094//2101 1098//2101
f 1098//2102 1094//2102 1085//2102
f 1098//2103 1085//2103 1086//2103
f 1098//2104 1086//2104 1096//2104
f 1096//2105 1086//2105 1087//2105
f 1109//2106 1074//2106 1058//2106
f 1109//2107 1058//2107 1110//2107
f 1110//2108 1058//2108 1059//2108
f 1110//2109 1059//2109 1060//2109
f 1110//2110 1060//2110 1111//2110
f 1111//2111 1060//2111 1061//2111
f 1111//2112 1061//2112 1112//2112
f 1112//2113 1061//2113 1062//2113
f 1112//2114 1062//2114 1063//2114
f 1112//2115 1063//2115 1113//2115
f 1113//2116 1063//2116 1064//2116
f 1113//2117 1064//2117 1065//2117
f 1113//2118 1065//2118 1114//2118
f 1114//2119 1065//2119 1066//2119
f 1114//2120 1066//2120 1067//2120
f 1114//2121 1067//2121 1115//2121
f 1115//2122 1067//2122 1116//2122
f 1116//2123 1067//2123 1068//2123
f 1116//2124 1068//2124 1069//2124
f 1116//2125 1069//2125 1117//2125
f 1117//2126 1069//2126 1070//2126
f 1117//2127 1070//2127 1071//2127
f 1117//2128 1071//2128 1072//2128
f 1117//2129 1072//2129 1118//2129
f 1118//2130 1072//2130 1073//2130
f 1118//2131 1073//2131 1074//2131
f 1118//2132 1074//2132 1109//2132
f 1080//2133 1119//2133 1075//2133
f 1075//2134 1119//2134 1120//2134
f 1075//2135 1120//2135 1076//2135
f 1076//2136 1120//2136 1121//2136
f 1076//2137 1121//2137 1062//2137
f 1062//2138 1121//2138 1077//2138
f 1077//2139 1121//2139 1122//2139
f 1077//2140 1122//2140 1078//2140
f 1078//2141 1122//2141 1123//2141
f 1078//2142 1123//2142 1079//2142
f 1079//2143 1123//2143 1124//2143
f 1079//2144 1124//2144 1069//2144
f 1069//2145 1124//2145 1071//2145
f 1071//2146 1124//2146 1119//2146
f 1071//2147 1119//2147 1080//2147
f 1110//2148 1087//2148 1109//2148
f 1109//2149 1087//2149 1086//2149
f 1109//2150 1086//2150 1118//2150
f 1118//2151 1086//2151 1117//2151
f 1117//2152 1086//2152 1085//2152
f 1117//2153 1085//2153 1116//2153
f 1116//2154 1085//2154 1084//2154
f 1116//2155 1084//2155 1081//2155
f 1116//2156 1081//2156 1115//2156
f 1115//2157 1081//2157 1114//2157
f 1114//2158 1081//2158 1082//2158
f 1114//2159 1082//2159 1093//2159
f 1114//2160 1093//2160 1113//2160
f 1113//2161 1093//2161 1092//2161
f 1113//2162 1092//2162 1112//2162
f 1112//2163 1092//2163 1090//2163
f 1112//2164 1090//2164 1111//2164
f 1111//2165 1090//2165 1088//2165
f 1111//2166 1088//2166 1110//2166
f 1110//2167 1088//2167 1087//2167
f 1097//2168 1104//2168 1102//2168
f 1097//2169 1102//2169 1095//2169
f 1095//2170 1102//2170 1099//2170
f 1104//2171 1097//2171 1106//2171
f 1054//2172 1122//2172 1121//2172
f 1054//2173 1121//2173 1055//2173
f 1052//2174 1123//2174 1053//2174
f 1053//2175 1123//2175 1122//2175
f 1053//2176 1122//2176 1054//2176
f 1051//2177 1124//2177 1052//2177
f 1052//2178 1124//2178 1123//2178
f 1050//2179 1119//2179 1124//2179
f 1050//2180 1124//2180 1051//2180
f 1056//2181 1120//2181 1049//2181
f 1049//2182 1120//2182 1119//2182
f 1049//2183 1119//2183 1050//2183
f 1055//2184 1121//2184 1056//2184
f 1056//2185 1121//2185 1120//2185
