# Blender 5.1.2
# www.blender.org
mtllib prop_ccw.mtl
o prop_ccw
v -0.002846 -0.004449 0.003082
v -0.002432 -0.004692 -0.000000
v -0.001017 -0.005156 0.003856
v 0.000026 -0.005310 -0.000001
v -0.000304 -0.005225 0.004681
v -0.001033 -0.005155 0.004331
v -0.004376 -0.002981 0.000000
v -0.004404 -0.002894 0.002090
v -0.005204 -0.000900 0.001099
v -0.005254 -0.000563 -0.000000
v -0.005112 0.001246 0.000365
v -0.004949 0.001821 -0.000000
v -0.005050 0.001463 0.000640
v -0.005040 0.001416 0.004682
v -0.004543 0.002598 0.004687
v -0.005105 0.001277 0.001254
v -0.005224 0.000152 0.004694
v -0.005202 -0.000925 0.002213
v -0.005110 -0.001099 0.004694
v -0.004700 -0.002287 0.004694
v -0.004609 -0.002514 0.002992
v -0.004019 -0.003341 0.004694
v -0.003556 -0.003891 0.003794
v -0.003107 -0.004203 0.004694
v -0.003615 0.003810 0.004571
v -0.003995 0.003406 0.004179
v -0.003930 0.003481 -0.000000
v -0.003903 0.003520 0.003794
v -0.002467 0.004685 -0.000000
v -0.002480 0.004648 0.003105
v -0.000379 0.005268 0.002125
v 0.000050 0.005284 -0.000000
v 0.001922 0.004921 0.001052
v 0.002465 0.004676 -0.000000
v 0.003599 0.003830 0.000358
v 0.004328 0.003056 -0.000002
v 0.003844 0.003579 0.000759
v 0.003843 0.003555 0.004669
v 0.004583 0.002515 0.004680
v 0.003455 0.003960 0.001424
v 0.002896 0.004348 0.004687
v 0.001800 0.004967 0.002213
v 0.001774 0.004913 0.004687
v 0.000550 0.005194 0.004688
v 0.000128 0.005248 0.002992
v -0.000706 0.005175 0.004689
v -0.001591 0.005025 0.003794
v -0.001900 0.004863 0.004688
v 0.005126 0.001178 0.004600
v 0.004960 0.001722 0.004241
v 0.004973 0.001697 0.003855
v 0.005251 0.000694 -0.000000
v 0.005236 0.000385 0.003325
v 0.005120 -0.001302 0.002616
v 0.004942 -0.001874 -0.000000
v 0.004067 -0.003370 0.001536
v 0.003538 -0.003925 -0.000000
v 0.002827 -0.004424 0.000821
v 0.001862 -0.004909 0.000000
v 0.001522 -0.005032 0.000357
v 0.001220 -0.005106 0.000612
v 0.001180 -0.005116 0.004500
v 0.001447 -0.005060 0.001254
v 0.002172 -0.004762 0.004678
v 0.003402 -0.004042 0.002213
v 0.003246 -0.004105 0.004679
v 0.004132 -0.003210 0.004680
v 0.004481 -0.002735 0.002992
v 0.004779 -0.002128 0.004682
v 0.005148 -0.001135 0.003794
v 0.005148 -0.000922 0.004683
v 0.005188 0.000822 0.004601
v 0.007369 0.001630 0.004414
v 0.006698 0.001712 0.004646
v 0.008385 0.001476 0.004934
v 0.010658 0.000736 0.005146
v 0.010380 0.000828 0.004796
v 0.012071 -0.000027 0.004770
v 0.015776 -0.002177 0.004839
v 0.020638 -0.005597 0.004548
v 0.025433 -0.010005 0.003837
v 0.024510 -0.008872 0.004168
v 0.026922 -0.011608 0.003628
v 0.028213 -0.014438 0.002698
v 0.028166 -0.013659 0.003124
v 0.027027 -0.011697 0.003908
v 0.028239 -0.013805 0.003412
v 0.025595 -0.009977 0.004345
v 0.023578 -0.008014 0.004693
v 0.020629 -0.005554 0.004943
v 0.017286 -0.003189 0.005163
v 0.013487 -0.000744 0.005238
v 0.008518 0.001391 0.004529
v 0.007329 0.001057 0.005065
v 0.009986 0.000349 0.005396
v 0.012320 -0.001230 0.005427
v 0.012819 -0.001069 0.005481
v 0.017046 -0.003741 0.005390
v 0.021479 -0.006991 0.005108
v 0.023726 -0.009132 0.004847
v 0.027583 -0.013053 0.003849
v 0.026205 -0.011621 0.004350
v 0.027730 -0.014208 0.003668
v 0.027072 -0.013575 0.003882
v 0.010044 0.000848 0.005217
v 0.026378 -0.018454 0.001203
v 0.026450 -0.018304 0.000960
v 0.026470 -0.017989 0.000870
v 0.026229 -0.018391 0.001121
v 0.026270 -0.018168 0.000900
v 0.026273 -0.017953 0.001821
v 0.027687 -0.017152 0.001997
v 0.027532 -0.016626 0.002645
v 0.026308 -0.017319 0.002193
v 0.002615 -0.006136 0.001056
v 0.002584 -0.006428 0.000401
v 0.003477 -0.007569 0.000145
v 0.004892 -0.010326 -0.000657
v 0.004932 -0.010341 -0.000464
v 0.005188 -0.010360 -0.000053
v 0.005632 -0.010580 0.000063
v 0.006100 -0.010742 0.000016
v 0.008470 -0.009590 0.001023
v 0.009955 -0.009116 0.001566
v 0.012024 -0.009082 0.002065
v 0.012077 -0.009319 0.001447
v 0.014851 -0.010023 0.001815
v 0.013570 -0.009598 0.001646
v 0.005392 -0.010827 -0.000712
v 0.005889 -0.010997 -0.000686
v 0.006604 -0.010883 -0.000450
v 0.008835 -0.009761 0.000520
v 0.009866 -0.009428 0.000888
v 0.010807 -0.009293 0.001160
v 0.017073 -0.010992 0.001939
v 0.014346 -0.009554 0.002478
v 0.010088 -0.008541 0.001954
v 0.019127 -0.012140 0.001953
v 0.017296 -0.010856 0.002572
v 0.021376 -0.013666 0.001863
v 0.023564 -0.015500 0.001637
v 0.022904 -0.014633 0.002356
v 0.024930 -0.016858 0.001388
v 0.019570 -0.011631 0.002918
v 0.020513 -0.012798 0.002540
v 0.003884 -0.006995 0.001133
v 0.003820 -0.007675 0.000717
v 0.027292 -0.016108 0.002911
v 0.028422 -0.015186 0.002935
v 0.028202 -0.016292 0.002417
v 0.027881 -0.015508 0.003180
v 0.027872 -0.016284 0.001874
v 0.027999 -0.016604 0.001948
v 0.028411 -0.015116 0.002627
v 0.002718 -0.006174 0.000182
v 0.024231 -0.015719 0.001336
v 0.003698 -0.006897 0.000025
v 0.003740 -0.007494 -0.000116
v 0.005137 -0.010063 -0.000889
v 0.005356 -0.010450 -0.000930
v 0.005867 -0.010617 -0.000948
v 0.006409 -0.010697 -0.000788
v 0.009517 -0.009245 0.000526
v 0.010057 -0.008751 0.000760
v 0.011018 -0.009022 0.000965
v 0.012616 -0.009119 0.001298
v 0.013937 -0.009128 0.001512
v 0.014996 -0.009776 0.001590
v 0.017606 -0.010866 0.001701
v 0.020604 -0.012750 0.001694
v 0.023099 -0.014267 0.001573
v -0.001843 -0.004923 0.004595
v 0.000612 -0.005074 0.004865
v 0.005128 0.000002 0.004845
v -0.003340 0.004072 0.004617
v -0.003864 0.003352 0.004863
v -0.001868 -0.004746 0.004875
v 0.004616 -0.001870 0.004969
v 0.004822 0.000978 0.004982
v 0.003700 -0.003255 0.004978
v 0.002204 -0.004456 0.004973
v -0.000618 -0.004883 0.004981
v -0.002826 -0.004029 0.004981
v -0.004159 -0.002714 0.004977
v -0.004957 -0.000466 0.004969
v -0.004593 0.001888 0.004977
v -0.002232 0.004441 0.004975
v 0.000092 0.004970 0.004974
v 0.002395 0.004357 0.004974
v 0.004150 0.002746 0.004970
v -0.007080 0.000927 0.000369
v -0.008472 0.000775 0.000114
v -0.011284 0.000936 -0.000616
v -0.011950 0.000800 -0.000696
v -0.012399 0.000472 -0.000719
v -0.012743 -0.000332 -0.000433
v -0.012854 -0.002587 0.000459
v -0.013039 -0.003637 0.000826
v -0.013489 -0.004815 0.001195
v -0.014254 -0.005969 0.001489
v -0.015435 -0.007274 0.001762
v -0.016273 -0.008030 0.001799
v -0.018197 -0.009384 0.001940
v -0.019812 -0.010347 0.001954
v -0.022101 -0.011481 0.001881
v -0.024830 -0.012540 0.001667
v -0.027089 -0.013169 0.001383
v -0.029041 -0.013520 0.001119
v -0.025728 -0.013126 0.001336
v -0.028869 -0.013666 0.000900
v -0.028697 -0.013950 0.000890
v -0.007244 0.000543 0.000078
v -0.008360 0.000508 -0.000116
v -0.011589 0.000638 -0.000922
v -0.012257 0.000225 -0.000911
v -0.012500 -0.000427 -0.000707
v -0.012751 -0.003597 0.000516
v -0.013322 -0.005031 0.000965
v -0.014213 -0.006375 0.001300
v -0.015959 -0.008094 0.001589
v -0.018214 -0.009814 0.001700
v -0.021344 -0.011468 0.001694
v -0.011944 0.000279 -0.000955
v -0.012607 -0.004337 0.000761
v -0.014875 -0.007507 0.001512
v -0.023903 -0.012870 0.001573
v -0.006059 -0.010440 0.004770
v -0.003053 -0.008071 0.004529
v -0.015166 -0.015075 0.004548
v -0.021381 -0.017023 0.003837
v -0.026610 -0.017214 0.002698
v -0.028038 -0.015995 0.001874
v -0.002272 -0.007196 0.004414
v -0.001907 -0.006715 0.004655
v -0.002995 -0.008078 0.004960
v -0.004562 -0.009483 0.005164
v -0.004473 -0.009404 0.004796
v -0.009773 -0.012574 0.004839
v -0.019938 -0.016790 0.004168
v -0.023514 -0.017511 0.003628
v -0.025912 -0.017563 0.003124
v -0.023706 -0.017552 0.003953
v -0.025479 -0.017541 0.003640
v -0.021305 -0.017145 0.004363
v -0.018681 -0.016402 0.004685
v -0.014904 -0.014990 0.004977
v -0.010034 -0.012717 0.005198
v -0.006410 -0.010723 0.005225
v -0.029171 -0.013617 0.001203
v -0.029076 -0.013754 0.000960
v -0.028902 -0.013928 0.000892
v -0.028746 -0.013721 0.001771
v -0.028698 -0.015401 0.001997
v -0.028165 -0.015529 0.002645
v -0.028156 -0.014118 0.002190
v -0.007930 0.000140 0.001146
v -0.007467 0.000605 0.000938
v -0.011237 0.000695 0.000026
v -0.011856 0.000226 0.000199
v -0.012441 0.000390 -0.000492
v -0.012385 0.000009 0.000035
v -0.012625 -0.003243 0.001292
v -0.012457 -0.004522 0.001972
v -0.013492 -0.005336 0.001935
v -0.015472 -0.007586 0.002383
v -0.017936 -0.010158 0.002972
v -0.018514 -0.009848 0.002588
v -0.022663 -0.011971 0.002478
v -0.025959 -0.013092 0.002163
v -0.011991 0.000561 -0.000095
v -0.002707 -0.006571 0.005029
v -0.007323 -0.010113 0.005428
v -0.019138 -0.015794 0.004917
v -0.025275 -0.016659 0.003886
v -0.027534 -0.016067 0.003085
v -0.026328 -0.017477 0.003326
v -0.027363 -0.017021 0.002935
v -0.028210 -0.016277 0.002417
v -0.026651 -0.016794 0.003499
v -0.024618 -0.017008 0.004065
v -0.005051 -0.009086 0.005420
v -0.003504 -0.007740 0.005234
v -0.008642 -0.011321 0.005482
v -0.015073 -0.014402 0.005226
v -0.022365 -0.016738 0.004480
v -0.028379 -0.015946 0.001948
v -0.027296 -0.017047 0.002627
v 0.004124 0.006650 0.000025
v 0.002547 0.013088 0.000761
v 0.006262 0.010390 -0.000949
v 0.006148 0.009479 -0.000889
v 0.000936 0.016637 0.001513
v -0.006013 0.010469 0.004770
v -0.005462 0.006678 0.004528
v -0.005472 0.020672 0.004548
v 0.000609 0.020685 0.001700
v -0.004052 0.027028 0.003837
v 0.000806 0.027138 0.001573
v -0.001603 0.031652 0.002698
v 0.000167 0.032280 0.001874
v 0.000720 0.003194 0.001613
v -0.000674 0.003258 0.002262
v 0.000198 0.003494 0.001856
v -0.005095 0.005566 0.004414
v -0.004831 0.004945 0.004646
v -0.005469 0.006524 0.004934
v -0.005966 0.008865 0.005146
v -0.005907 0.008577 0.004796
v -0.006004 0.014745 0.004840
v -0.004572 0.025662 0.004168
v -0.003408 0.029119 0.003628
v -0.002254 0.031222 0.003124
v -0.003384 0.029255 0.003908
v -0.002164 0.031358 0.003412
v -0.004157 0.027154 0.004345
v -0.004849 0.024426 0.004693
v -0.005504 0.020642 0.004943
v -0.005881 0.016561 0.005163
v -0.006100 0.012048 0.005238
v -0.004580 0.005818 0.005065
v -0.005295 0.008474 0.005396
v -0.005095 0.011285 0.005427
v -0.005484 0.011636 0.005481
v -0.005283 0.016632 0.005390
v -0.004685 0.022097 0.005108
v -0.003954 0.025113 0.004847
v -0.002487 0.030415 0.003849
v -0.003039 0.028505 0.004350
v -0.001560 0.031119 0.003668
v -0.001780 0.030233 0.003882
v -0.005756 0.008273 0.005218
v 0.001467 0.015070 0.002357
v 0.003271 0.012356 0.001517
v 0.004450 0.007189 0.000966
v 0.006276 0.010221 0.000117
v 0.000647 0.020212 0.002712
v 0.000646 0.025239 0.002741
v 0.000315 0.031693 0.002905
v 0.002014 0.031429 0.002105
v 0.002792 0.032072 0.001203
v 0.002627 0.032058 0.000960
v 0.002351 0.031911 0.000868
v 0.002812 0.031910 0.001120
v 0.002599 0.031835 0.000900
v 0.002479 0.031758 0.001776
v 0.001011 0.032554 0.001997
v 0.000634 0.032156 0.002645
v 0.004014 0.005511 0.001100
v 0.004289 0.005490 0.000398
v 0.004766 0.007168 0.000694
v 0.006260 0.008978 -0.000521
v 0.006572 0.009653 -0.000504
v 0.004792 0.006753 0.000156
v 0.006641 0.009866 -0.000741
v 0.006480 0.009926 -0.000107
v 0.006260 0.010686 -0.000005
v 0.006419 0.010868 -0.000580
v 0.005715 0.011455 -0.000258
v 0.004045 0.012522 0.000507
v 0.003189 0.013295 0.000909
v 0.002487 0.014231 0.001232
v 0.001965 0.015308 0.001484
v 0.001528 0.016619 0.001684
v 0.001153 0.018438 0.001824
v 0.000987 0.020165 0.001937
v 0.000950 0.022577 0.001951
v 0.001093 0.024806 0.001888
v 0.000909 0.024921 0.002486
v 0.001449 0.028211 0.002234
v 0.001575 0.027843 0.001665
v 0.006651 0.010363 -0.000708
v 0.002095 0.029883 0.001406
v 0.000743 0.021558 0.002562
v 0.003397 0.012661 0.001323
v 0.002082 0.014509 0.001937
v 0.001327 0.016585 0.002291
v -0.000720 0.003194 0.003387
v 0.000674 0.003258 0.002738
v -0.000198 0.003494 0.003144
v -0.001060 0.032207 0.002935
v 0.000008 0.032569 0.002417
v -0.000510 0.031900 0.003180
v 0.000380 0.032550 0.001948
v -0.001115 0.032163 0.002627
v 0.003986 0.005430 0.000184
v 0.001500 0.028848 0.001335
v 0.004621 0.006985 -0.000115
v 0.006373 0.009864 -0.000930
v 0.006061 0.010900 -0.000788
v 0.003241 0.012873 0.000531
v 0.002304 0.014056 0.000966
v 0.001587 0.015499 0.001301
v 0.000970 0.017873 0.001590
v 0.000743 0.024226 0.001694
v 0.000750 0.000000 0.005000
v 0.000416 0.000656 0.005000
v 0.000762 0.001811 0.005000
v 0.001000 0.002500 0.005000
v 0.000721 0.003225 0.005000
v -0.000252 0.003503 0.005000
v -0.001008 0.002758 0.005000
v -0.000689 0.001738 0.005000
v -0.000495 0.000598 0.005000
v -0.000722 -0.000286 0.005000
v -0.000762 -0.001811 0.005000
v -0.001000 -0.002500 0.005000
v -0.000689 -0.003262 0.005000
v 0.000000 -0.003500 0.005000
v 0.000762 -0.003189 0.005000
v 0.000977 -0.002185 0.005000
v 0.000495 -0.000598 0.005000
v 0.000000 0.001500 0.005000
v 0.000215 -0.001496 0.005000
v -0.000232 -0.000713 0.005000
v -0.000721 0.003225 0.000000
v -0.001000 0.002500 -0.000000
v -0.000762 0.001811 -0.000000
v 0.000000 0.001500 -0.000000
v 0.000689 0.001738 -0.000000
v 0.001008 0.002758 -0.000000
v 0.000252 0.003503 -0.000000
v -0.000722 0.000286 -0.000000
v -0.000495 -0.000598 0.000000
v 0.000416 -0.000656 0.000000
v 0.000750 0.000000 0.000000
v 0.000495 0.000598 -0.000000
v -0.000232 0.000713 -0.000000
v -0.000689 -0.001738 0.000000
v -0.001000 -0.002500 0.000000
v -0.000762 -0.003189 0.000000
v 0.000000 -0.003500 0.000000
v 0.000689 -0.003262 0.000000
v 0.001004 -0.002285 0.000000
v 0.000315 -0.001523 0.000000
v 0.005487 0.000372 -0.000122
v 0.005396 -0.001059 -0.000122
v 0.004939 -0.002417 -0.000122
v 0.004143 -0.003599 -0.000087
v 0.003095 -0.004551 -0.000130
v 0.001784 -0.005203 -0.000124
v 0.000367 -0.005487 -0.000122
v -0.001063 -0.005395 -0.000122
v -0.002421 -0.004937 -0.000122
v -0.003615 -0.004144 -0.000122
v -0.004563 -0.003069 -0.000122
v -0.005201 -0.001786 -0.000122
v -0.005489 -0.000405 -0.000130
v -0.005406 0.000785 -0.000034
v -0.005242 0.001559 -0.000060
v -0.004935 0.002425 -0.000122
v -0.004141 0.003618 -0.000122
v -0.003065 0.004566 -0.000122
v -0.001781 0.005203 -0.000122
v -0.000361 0.005456 -0.000041
v 0.001054 0.005397 -0.000122
v 0.002394 0.004956 -0.000130
v 0.003614 0.004146 -0.000124
v 0.004568 0.003062 -0.000122
v 0.005204 0.001777 -0.000122
v -0.005370 -0.000629 -0.000012
v -0.004268 0.003314 -0.000008
v -0.002315 0.004914 -0.000011
v 0.001843 0.005109 -0.000010
v 0.004155 0.003500 -0.000011
v 0.005349 0.000950 -0.000011
v 0.005105 -0.001855 -0.000010
v 0.002965 -0.004551 -0.000010
v 0.000287 -0.005424 -0.000010
v -0.002468 -0.004839 -0.000011
v -0.004560 -0.002953 -0.000011
v 0.005528 -0.000096 -0.000506
v 0.005327 0.001414 -0.000499
v 0.004613 0.003050 -0.000498
v 0.003589 0.004179 -0.000521
v 0.005330 -0.001401 -0.000499
v 0.004621 -0.003039 -0.000496
v 0.003585 -0.004183 -0.000524
v 0.002728 -0.004787 -0.000902
v 0.001825 -0.005198 -0.000521
v 0.000334 -0.005520 -0.000498
v -0.001439 -0.005320 -0.000499
v -0.002847 -0.004739 -0.000506
v -0.003879 -0.003916 -0.000499
v -0.004942 -0.002482 -0.000496
v -0.005421 -0.000969 -0.000542
v -0.005431 -0.001330 -0.000933
v -0.005510 0.000030 -0.000900
v -0.004948 0.002470 -0.000498
v -0.003888 0.003906 -0.000499
v -0.002681 0.004836 -0.000506
v -0.001452 0.005317 -0.000499
v 0.000322 0.005521 -0.000496
v 0.001830 0.005196 -0.000524
v 0.002782 0.004756 -0.000902
v 0.003826 0.004073 -0.000931
v 0.001615 -0.005350 -0.000932
v -0.000752 0.000108 -0.000000
v -0.000572 -0.000526 0.000000
v -0.000759 -0.001834 0.000000
v -0.001002 -0.002377 0.000000
v -0.000826 -0.003111 0.000000
v -0.000037 -0.003527 0.000000
v 0.000651 -0.003272 0.000000
v 0.000973 -0.002771 0.000000
v 0.000957 -0.002176 0.000000
v 0.000752 -0.000108 0.000000
v 0.000572 0.000526 -0.000000
v 0.000780 0.001831 -0.000000
v 0.001009 0.002527 -0.000000
v 0.000819 0.003091 -0.000000
v 0.000190 0.003510 -0.000000
v -0.000528 0.003360 -0.000000
v -0.000921 0.002913 -0.000000
v -0.000994 0.002322 -0.000000
v -0.000721 0.001793 -0.000000
v -0.000116 -0.001479 0.000000
v 0.000024 -0.000759 0.000000
v 0.000507 -0.000566 0.000000
v 0.000608 -0.001694 0.000000
v -0.000037 0.001473 -0.000000
v -0.000024 0.000759 -0.000000
v -0.000507 0.000566 -0.000000
v -0.000744 0.000156 -0.000500
v -0.000470 0.000597 -0.000500
v 0.000024 0.000759 -0.000500
v 0.000618 0.000472 -0.000500
v 0.000744 -0.000156 -0.000500
v 0.000470 -0.000597 -0.000500
v -0.000024 -0.000759 -0.000500
v -0.000618 -0.000472 -0.000500
v -0.000921 0.002087 -0.000500
v -0.000994 0.002678 -0.000500
v -0.000721 0.003207 -0.000500
v -0.000198 0.003490 -0.000500
v 0.000548 0.003369 -0.000500
v 0.000973 0.002771 -0.000500
v 0.000908 0.002019 -0.000500
v 0.000190 0.001490 -0.000500
v -0.000528 0.001640 -0.000500
v -0.000993 -0.002765 -0.000500
v -0.000826 -0.001889 -0.000500
v -0.000037 -0.001473 -0.000500
v 0.000651 -0.001728 -0.000500
v 0.000973 -0.002229 -0.000500
v 0.000957 -0.002824 -0.000500
v 0.000479 -0.003409 -0.000500
v -0.000412 -0.003441 -0.000500
v -0.007955 -0.000070 -0.007472
v -0.007874 0.001348 -0.007421
v -0.007425 -0.002707 -0.007493
v -0.006235 -0.004866 -0.007487
v -0.003990 -0.006855 -0.007489
v -0.000738 -0.007897 -0.007489
v 0.002138 -0.007672 -0.007463
v 0.003343 -0.007234 -0.007459
v 0.004548 -0.006524 -0.007470
v 0.006637 -0.004342 -0.007490
v 0.007848 -0.001150 -0.007489
v 0.007604 0.002255 -0.007490
v 0.006306 0.004868 -0.007463
v 0.004499 0.006555 -0.007470
v 0.003342 0.007234 -0.007459
v 0.002078 0.007691 -0.007463
v -0.000073 0.007886 -0.007489
v -0.002615 0.007489 -0.007490
v -0.005521 0.005695 -0.007489
v -0.007229 0.003193 -0.007492
v 0.007892 -0.001308 -0.007376
v 0.007989 0.000417 -0.007376
v 0.007713 0.002123 -0.007376
v 0.007052 0.003753 -0.007416
v 0.005514 0.005797 -0.007375
v 0.000881 0.007953 -0.007373
v -0.000875 0.007952 -0.007377
v -0.002562 0.007578 -0.007377
v -0.004130 0.006851 -0.007377
v -0.005505 0.005804 -0.007377
v -0.006623 0.004486 -0.007377
v -0.007435 0.002956 -0.007374
v 0.007427 -0.002973 -0.007376
v 0.006602 -0.004523 -0.007372
v 0.005494 -0.005817 -0.007374
v 0.000854 -0.007956 -0.007373
v -0.000904 -0.007948 -0.007376
v -0.002591 -0.007569 -0.007376
v -0.004156 -0.006835 -0.007376
v -0.005527 -0.005783 -0.007376
v -0.006640 -0.004461 -0.007376
v -0.007445 -0.002930 -0.007374
v -0.007894 -0.001307 -0.007375
v -0.007002 0.000256 -0.007334
v -0.007007 -0.000253 -0.007348
v -0.006867 -0.001410 -0.007300
v -0.006786 -0.001964 -0.007445
v -0.006562 -0.002448 -0.007301
v -0.006367 -0.002908 -0.007300
v -0.005853 -0.003858 -0.007300
v -0.005146 -0.004769 -0.007394
v -0.004772 -0.005130 -0.007335
v -0.003858 -0.005853 -0.007300
v -0.002947 -0.006367 -0.007343
v -0.002446 -0.006559 -0.007300
v -0.001678 -0.006803 -0.007319
v -0.001165 -0.006977 -0.007451
v -0.000248 -0.006999 -0.007300
v 0.000253 -0.007006 -0.007347
v 0.001410 -0.006867 -0.007300
v 0.001962 -0.006786 -0.007445
v 0.002449 -0.006562 -0.007301
v 0.002953 -0.006400 -0.007295
v 0.004768 -0.005146 -0.007394
v 0.005129 -0.004771 -0.007333
v 0.005853 -0.003858 -0.007300
v 0.006282 -0.003221 -0.007436
v 0.006372 -0.002909 -0.007302
v 0.006559 -0.002446 -0.007300
v 0.006803 -0.001678 -0.007319
v 0.006981 -0.001294 -0.007476
v 0.006999 -0.000249 -0.007300
v 0.007007 0.000253 -0.007348
v 0.006867 0.001410 -0.007300
v 0.006787 0.001961 -0.007445
v 0.006562 0.002449 -0.007301
v 0.006400 0.002953 -0.007295
v 0.006211 0.003406 -0.007470
v 0.005124 0.004774 -0.007300
v 0.004772 0.005130 -0.007335
v 0.003858 0.005853 -0.007300
v 0.002947 0.006375 -0.007351
v 0.002448 0.006562 -0.007300
v 0.001678 0.006803 -0.007319
v 0.000248 0.006998 -0.007300
v -0.000255 0.007029 -0.007412
v -0.001410 0.006867 -0.007300
v -0.001928 0.006814 -0.007470
v -0.002448 0.006561 -0.007301
v -0.002953 0.006400 -0.007295
v -0.004768 0.005147 -0.007395
v -0.005130 0.004772 -0.007334
v -0.005853 0.003858 -0.007300
v -0.006280 0.003222 -0.007433
v -0.006371 0.002908 -0.007302
v -0.006559 0.002446 -0.007300
v -0.006803 0.001678 -0.007319
v -0.007027 0.001231 -0.007488
v -0.007122 -0.000583 -0.007489
v -0.006058 0.003819 -0.007488
v -0.003575 0.006123 -0.007472
v 0.001078 0.007013 -0.007473
v 0.003534 0.006241 -0.007485
v 0.005201 0.004818 -0.007472
v 0.007125 0.000670 -0.007488
v 0.005959 -0.003956 -0.007487
v 0.003498 -0.006166 -0.007472
v 0.000561 -0.007127 -0.007487
v -0.002614 -0.006653 -0.007487
v -0.004276 -0.005710 -0.007487
v -0.006188 -0.003459 -0.007473
v -0.007604 0.001760 -0.001856
v -0.007742 0.002024 -0.001510
v -0.007750 -0.001980 -0.001509
v -0.007768 -0.001867 -0.002036
v -0.007718 -0.001804 -0.001922
v -0.007634 -0.001799 -0.001451
v -0.007645 -0.001713 -0.001960
v 0.000231 -0.007280 -0.001581
v 0.000226 -0.007265 -0.001855
v 0.000270 -0.007039 -0.001505
v 0.000262 -0.007036 -0.001870
v 0.005052 0.004874 -0.001870
v 0.005054 0.004864 -0.001506
v 0.006205 -0.003642 -0.001968
v 0.006897 -0.001891 -0.002012
v 0.007138 0.000029 -0.002009
v 0.006861 0.002019 -0.002012
v 0.006183 0.003581 -0.001981
v 0.006062 0.003530 -0.002110
v 0.006366 0.002902 -0.002209
v 0.006849 0.001544 -0.002128
v 0.007002 0.000224 -0.002189
v 0.006846 -0.001554 -0.002128
v 0.006365 -0.002903 -0.002204
v 0.006474 -0.004635 -0.002020
v 0.007067 -0.003643 -0.002032
v 0.007582 -0.002455 -0.002035
v 0.007955 -0.000841 -0.002124
v 0.007952 0.000871 -0.002124
v 0.007584 0.002544 -0.002124
v 0.007096 0.003591 -0.002032
v 0.006493 0.004612 -0.002034
v 0.007898 0.000748 -0.002013
v 0.005044 -0.004952 -0.001918
v 0.005024 -0.004884 -0.002090
v 0.000297 0.007015 -0.001887
v 0.000271 0.007035 -0.001504
v 0.000231 0.007280 -0.001581
v 0.005546 0.000005 -0.000903
v -0.005511 -0.001436 -0.000594
v -0.005935 -0.001883 -0.000813
v -0.006041 -0.001904 -0.001234
v -0.006733 -0.001950 -0.001504
v -0.006404 -0.002014 -0.001008
v -0.006479 0.002003 -0.001036
v -0.006734 0.001950 -0.001504
v -0.006065 0.001933 -0.000874
v -0.005820 0.001809 -0.001137
v -0.005647 0.001640 -0.000670
v -0.005423 0.001125 -0.000914
v -0.005411 0.001091 -0.000530
v 0.004528 -0.000069 -0.000500
v 0.004131 0.001865 -0.000500
v 0.006181 0.003812 -0.001579
v 0.006187 -0.003831 -0.001573
v 0.003918 -0.002319 -0.000499
v 0.005959 -0.003752 -0.001506
v 0.004559 -0.004193 -0.001177
v 0.005055 -0.004853 -0.001503
v 0.003769 -0.004090 -0.000921
v 0.001893 -0.004185 -0.000499
v 0.001358 -0.006355 -0.001299
v 0.001703 -0.006820 -0.001512
v -0.000922 -0.004474 -0.000500
v -0.002774 -0.004803 -0.000904
v -0.003005 -0.003391 -0.000500
v -0.006391 -0.003448 -0.001575
v -0.004258 -0.001597 -0.000499
v -0.006232 -0.003224 -0.001506
v -0.006508 -0.002585 -0.001500
v -0.004367 0.001343 -0.000499
v -0.006510 0.002582 -0.001500
v -0.006232 0.003223 -0.001506
v -0.006390 0.003448 -0.001576
v -0.002766 0.003623 -0.000500
v -0.002767 0.004806 -0.000904
v 0.000083 0.004576 -0.000499
v 0.001676 0.006805 -0.001503
v 0.001351 0.006045 -0.001177
v 0.001657 0.005309 -0.000922
v 0.002768 0.003618 -0.000500
v 0.004610 0.004224 -0.001201
v 0.005923 0.003785 -0.001502
v 0.006996 -0.000250 -0.002300
v 0.006883 -0.001326 -0.002300
v 0.006559 -0.002446 -0.002300
v 0.005832 -0.003882 -0.002300
v 0.005927 -0.003765 -0.001886
v 0.005123 -0.004770 -0.002300
v 0.004764 -0.005118 -0.002293
v 0.004070 -0.005719 -0.002125
v 0.003877 -0.005839 -0.002300
v 0.002904 -0.006366 -0.002210
v 0.002446 -0.006559 -0.002300
v 0.001345 -0.006881 -0.002300
v 0.000250 -0.006996 -0.002300
v -0.000208 -0.007004 -0.002198
v -0.001432 -0.006862 -0.002300
v -0.002444 -0.006554 -0.002292
v -0.002908 -0.006361 -0.002211
v -0.003882 -0.005837 -0.002300
v -0.004166 -0.005650 -0.002129
v -0.004769 -0.005115 -0.002237
v -0.005130 -0.004765 -0.002247
v -0.005853 -0.003856 -0.002300
v -0.006114 -0.003469 -0.002053
v -0.006367 -0.002908 -0.002300
v -0.006224 -0.003253 -0.001885
v -0.006559 -0.002446 -0.002300
v -0.006882 -0.001338 -0.002300
v -0.007001 -0.000285 -0.002185
v -0.007002 0.000266 -0.002193
v -0.006882 0.001338 -0.002300
v -0.006559 0.002446 -0.002300
v -0.006367 0.002908 -0.002300
v -0.006087 0.003486 -0.002110
v -0.005854 0.003855 -0.002300
v -0.005115 0.004762 -0.002233
v -0.004770 0.005123 -0.002300
v -0.004159 0.005656 -0.002129
v -0.003882 0.005837 -0.002300
v -0.002899 0.006378 -0.002185
v -0.002440 0.006615 -0.002301
v -0.001323 0.006896 -0.002125
v -0.000250 0.006996 -0.002300
v 0.000052 0.007026 -0.002058
v 0.000250 0.006996 -0.002300
v 0.001347 0.006878 -0.002300
v 0.001734 0.006793 -0.002091
v 0.002446 0.006559 -0.002300
v 0.002904 0.006366 -0.002205
v 0.003877 0.005839 -0.002300
v 0.004770 0.005123 -0.002300
v 0.005123 0.004770 -0.002300
v 0.005832 0.003882 -0.002300
v 0.006559 0.002446 -0.002300
v 0.006883 0.001326 -0.002300
v 0.006378 0.004805 -0.001924
v 0.006344 0.004869 -0.001508
v 0.005603 -0.005711 -0.001508
v 0.005497 -0.005777 -0.001930
v 0.005317 -0.005969 -0.002118
v 0.003715 -0.007048 -0.002038
v 0.002275 -0.007658 -0.002034
v 0.001049 -0.007931 -0.001510
v 0.000856 -0.007937 -0.002031
v -0.000719 -0.007967 -0.002124
v -0.002398 -0.007632 -0.002124
v -0.003967 -0.006947 -0.002124
v -0.005354 -0.005944 -0.002124
v -0.006474 -0.004647 -0.002042
v -0.007250 -0.003293 -0.002023
v -0.007955 -0.000329 -0.002030
v -0.007986 0.000381 -0.002119
v -0.007769 0.001864 -0.002032
v -0.007360 0.003082 -0.001505
v -0.007351 0.003121 -0.001924
v -0.007234 0.003333 -0.002040
v -0.006514 0.004644 -0.002123
v -0.005376 0.005923 -0.002123
v -0.003993 0.006932 -0.002123
v -0.002372 0.007610 -0.002038
v -0.000734 0.007950 -0.002075
v 0.000807 0.007931 -0.002020
v 0.002149 0.007703 -0.001506
v 0.002253 0.007652 -0.001930
v 0.002436 0.007606 -0.002093
v 0.003646 0.007119 -0.002124
v 0.004381 0.006638 -0.002026
v 0.005494 0.005799 -0.002033
v 0.005512 0.005745 -0.001491
v 0.006044 -0.000280 -0.002300
v 0.005634 -0.002063 -0.002300
v 0.005691 0.002054 -0.002300
v 0.005995 0.000250 -0.002300
v 0.004472 0.004076 -0.002300
v 0.005443 0.002525 -0.002300
v 0.002572 0.005477 -0.002300
v 0.004062 0.004416 -0.002300
v 0.000280 0.006044 -0.002300
v 0.002063 0.005634 -0.002300
v -0.002054 0.005691 -0.002300
v -0.000250 0.005995 -0.002300
v -0.004076 0.004472 -0.002300
v -0.002525 0.005443 -0.002300
v -0.006044 0.000280 -0.002300
v -0.005634 0.002063 -0.002300
v -0.005477 0.002572 -0.002300
v -0.004416 0.004062 -0.002300
v -0.004472 -0.004076 -0.002300
v -0.005443 -0.002525 -0.002300
v -0.002572 -0.005477 -0.002300
v -0.004062 -0.004416 -0.002300
v -0.000280 -0.006044 -0.002300
v -0.002063 -0.005634 -0.002300
v 0.002054 -0.005691 -0.002300
v 0.000250 -0.005995 -0.002300
v 0.004076 -0.004472 -0.002300
v 0.002525 -0.005443 -0.002300
v 0.005477 -0.002572 -0.002300
v 0.004416 -0.004062 -0.002300
v -0.005691 -0.002054 -0.002300
v -0.005995 -0.000250 -0.002300
v 0.005691 -0.002054 -0.007300
v 0.005995 -0.000250 -0.007300
v 0.006044 0.000280 -0.007300
v 0.005634 0.002063 -0.007300
v 0.005477 0.002572 -0.007300
v 0.004416 0.004062 -0.007300
v 0.004076 0.004472 -0.007300
v 0.002525 0.005443 -0.007300
v 0.002054 0.005691 -0.007300
v 0.000250 0.005995 -0.007300
v -0.000280 0.006044 -0.007300
v -0.002063 0.005634 -0.007300
v -0.002572 0.005477 -0.007300
v -0.004062 0.004416 -0.007300
v -0.005691 0.002054 -0.007300
v -0.005995 0.000250 -0.007300
v -0.004472 0.004076 -0.007300
v -0.005443 0.002525 -0.007300
v -0.005477 -0.002572 -0.007300
v -0.004416 -0.004062 -0.007300
v -0.004076 -0.004472 -0.007300
v -0.002525 -0.005443 -0.007300
v -0.002054 -0.005691 -0.007300
v -0.000250 -0.005995 -0.007300
v 0.000280 -0.006044 -0.007300
v 0.002063 -0.005634 -0.007300
v 0.002572 -0.005477 -0.007300
v 0.004062 -0.004416 -0.007300
v 0.004472 -0.004076 -0.007300
v 0.005443 -0.002525 -0.007300
v -0.006044 -0.000280 -0.007300
v -0.005634 -0.002063 -0.007300
v 0.005581 0.000509 -0.000533
v 0.005939 -0.002621 -0.000891
v -0.003232 0.004578 -0.000533
v -0.000700 0.006454 -0.000891
v -0.007653 0.001798 -0.001464
v -0.002349 -0.005088 -0.000533
v -0.005239 -0.003833 -0.000891
v 0.002221 -0.007643 -0.001490
v 0.004935 0.004522 -0.001002
v 0.005326 0.005706 -0.001856
v 0.004048 0.004057 -0.000609
v 0.004495 0.004154 -0.000774
v 0.001458 0.006554 -0.001008
v 0.001335 0.006071 -0.000808
v 0.001506 0.005505 -0.000599
v 0.001766 0.006844 -0.001918
v 0.002295 0.007482 -0.001889
v 0.001951 0.006828 -0.002013
v 0.002445 0.007471 -0.001998
v 0.004062 0.005761 -0.002045
v 0.004952 0.005000 -0.002029
v 0.005282 0.005821 -0.001981
v -0.006749 0.001937 -0.001870
v -0.006752 -0.001933 -0.001880
v -0.006807 -0.001792 -0.002021
v -0.007161 -0.000067 -0.002012
v -0.007683 0.001663 -0.001983
v -0.006806 0.001789 -0.002029
v -0.000284 -0.006836 -0.001050
v -0.007351 -0.003096 -0.001506
v 0.000008 -0.007145 -0.001982
v -0.001693 -0.007749 -0.002012
v -0.002493 -0.006645 -0.002025
v -0.004759 -0.006344 -0.002011
v -0.004583 -0.005496 -0.002013
v -0.006249 -0.003572 -0.001979
v 0.000997 0.007916 -0.001507
v -0.006405 0.003437 -0.001855
v -0.005778 0.003664 -0.001050
v -0.006191 0.003566 -0.001982
v -0.005864 0.005340 -0.002011
v -0.004282 0.005743 -0.002017
v -0.003495 0.007090 -0.002011
v -0.002154 0.006801 -0.002012
v 0.000011 0.007190 -0.001989
v 0.001448 -0.006535 -0.001002
v 0.002279 -0.007466 -0.001856
v 0.001696 -0.006813 -0.001870
v 0.001489 -0.005534 -0.000609
v 0.001350 -0.005970 -0.000774
v 0.004947 -0.004540 -0.001008
v 0.004590 -0.004192 -0.000808
v 0.004014 -0.004056 -0.000599
v 0.005332 -0.005729 -0.001889
v 0.004941 -0.005096 -0.002011
v 0.003834 -0.006041 -0.002010
v 0.005248 -0.005852 -0.001998
v 0.002408 -0.007484 -0.001987
v 0.001855 -0.006789 -0.002029
v 0.006356 -0.004818 -0.001506
v 0.006179 0.003829 -0.001855
v 0.006062 0.003172 -0.001050
v -0.006226 0.003294 -0.001869
v 0.000992 0.007925 -0.001874
v -0.005466 0.004424 -0.002074
v 0.000208 0.007219 -0.001833
v 0.005372 -0.005716 -0.001460
v 0.003090 -0.006318 -0.002071
v 0.005963 0.003745 -0.001870
v 0.006377 -0.004807 -0.001922
v 0.006062 -0.003561 -0.002053
v 0.006148 -0.003790 -0.001833
v 0.002264 0.007510 -0.001460
v 0.002993 0.006369 -0.002070
v 0.000956 -0.007916 -0.001915
v -0.007352 -0.003119 -0.001922
v -0.001339 -0.006909 -0.002076
v -0.006356 -0.003429 -0.001833
v 0.002254 -0.007462 -0.001467
v 0.005335 0.005682 -0.001467
v 0.000824 0.002500 0.006011
v 0.000485 0.003169 0.006011
v -0.000359 0.003264 0.006003
v -0.000666 0.002884 0.005994
v -0.000848 0.002466 0.006010
v -0.000409 0.001792 0.006011
v 0.000431 0.001760 0.006011
v -0.000000 0.002500 0.005562
v 0.001678 0.001688 0.006966
v 0.001288 0.001102 0.006888
v 0.000660 0.000720 0.006858
v 0.000069 0.000638 0.006969
v -0.000450 0.000678 0.006934
v -0.001020 0.000944 0.006965
v -0.001444 0.001302 0.006931
v -0.001730 0.001818 0.006967
v -0.001871 0.002352 0.006931
v -0.001804 0.002950 0.006968
v -0.001585 0.003508 0.006933
v -0.001172 0.004005 0.006859
v -0.000522 0.004326 0.006858
v 0.000064 0.004376 0.006931
v 0.000749 0.004247 0.006888
v 0.001293 0.003869 0.006906
v 0.001630 0.003492 0.006859
v 0.001846 0.002768 0.006958
v 0.001859 0.002162 0.006907
v 0.000861 0.000921 0.006990
v -0.000735 0.004161 0.006989
v 0.000877 0.004064 0.006991
v 0.001615 0.003291 0.006989
v -0.000681 0.003272 0.004980
v -0.000950 0.002890 0.004973
v -0.000355 0.003457 0.004963
v 0.000152 0.003523 0.004974
v 0.000711 0.003267 0.004982
v 0.001027 0.002661 0.004979
v 0.000900 0.001979 0.004974
v 0.000476 0.001587 0.004983
v 0.000101 0.001486 0.004963
v -0.000303 0.001516 0.004982
v -0.000651 0.001713 0.004964
v -0.000928 0.002049 0.004978
v -0.001030 0.002478 0.004982
v 0.000787 0.002761 -0.003003
v 0.000998 0.002203 -0.002775
v 0.000576 0.001959 -0.003000
v 0.000814 0.003124 -0.002779
v 0.000051 0.003301 -0.003001
v 0.000190 0.003496 -0.002773
v -0.000431 0.003418 -0.002777
v -0.000576 0.003041 -0.003000
v -0.000998 0.002797 -0.002775
v -0.000787 0.002239 -0.003003
v -0.000814 0.001876 -0.002779
v -0.000051 0.001699 -0.003001
v -0.000190 0.001504 -0.002773
v 0.000431 0.001582 -0.002777
v 0.001856 0.001983 0.005000
v 0.001319 0.001113 0.005000
v 0.000432 0.000622 0.005000
v -0.000727 0.000715 0.005000
v -0.001530 0.001349 0.005000
v -0.001881 0.002147 0.005000
v -0.001811 0.003158 0.005000
v -0.001209 0.003984 0.005000
v -0.000144 0.004438 0.005000
v 0.001114 0.004072 0.005000
v 0.001816 0.003145 0.005000
v 0.000878 0.002500 0.007000
v 0.000439 0.001740 0.007000
v -0.000439 0.001740 0.007000
v -0.000878 0.002500 0.007000
v -0.000439 0.003260 0.007000
v 0.000439 0.003260 0.007000
v 0.000769 -0.002500 0.005994
v 0.000671 -0.001999 0.006001
v -0.000005 -0.001677 0.006016
v -0.000693 -0.002018 0.006003
v -0.000769 -0.002500 0.005994
v -0.000717 -0.002953 0.006010
v -0.000000 -0.003317 0.006011
v 0.000717 -0.002953 0.006010
v 0.000000 -0.002500 0.005562
v 0.001886 -0.002593 0.006907
v 0.001759 -0.003214 0.006858
v 0.001274 -0.003937 0.006861
v 0.000481 -0.004314 0.006931
v -0.000106 -0.004358 0.006965
v -0.000779 -0.004220 0.006924
v -0.001371 -0.003813 0.006858
v -0.001773 -0.003191 0.006885
v -0.001899 -0.002495 0.006858
v -0.001719 -0.001644 0.006861
v -0.001033 -0.000896 0.006859
v -0.000329 -0.000665 0.006968
v 0.000104 -0.000638 0.006943
v 0.000531 -0.000715 0.006972
v 0.001081 -0.000964 0.006938
v 0.001468 -0.001295 0.006858
v 0.001810 -0.001920 0.006888
v 0.001721 -0.003046 0.006988
v 0.001184 -0.003878 0.006989
v -0.001506 -0.003524 0.006992
v -0.001789 -0.002144 0.006986
v -0.001252 -0.001173 0.006985
v 0.001649 -0.001754 0.006988
v -0.000976 -0.002172 0.004980
v -0.001017 -0.002637 0.004973
v -0.000786 -0.001849 0.004963
v -0.000380 -0.001537 0.004974
v 0.000339 -0.001524 0.004981
v 0.000809 -0.001847 0.004979
v 0.001040 -0.002501 0.004974
v 0.000869 -0.003053 0.004983
v 0.000595 -0.003328 0.004963
v 0.000230 -0.003504 0.004982
v -0.000170 -0.003507 0.004964
v -0.000578 -0.003354 0.004978
v -0.000881 -0.003034 0.004982
v 0.000022 -0.001489 0.004938
v 0.000551 -0.001881 -0.003003
v 0.001013 -0.002258 -0.002775
v 0.000769 -0.002681 -0.003000
v 0.000393 -0.001552 -0.002779
v -0.000356 -0.001781 -0.003001
v -0.000333 -0.001543 -0.002773
v -0.000832 -0.001921 -0.002777
v -0.000769 -0.002319 -0.003000
v -0.001013 -0.002742 -0.002775
v -0.000551 -0.003119 -0.003003
v -0.000393 -0.003448 -0.002779
v 0.000356 -0.003219 -0.003001
v 0.000333 -0.003457 -0.002773
v 0.000832 -0.003079 -0.002777
v 0.001886 -0.002171 0.005000
v 0.001761 -0.003322 0.005000
v 0.000827 -0.004241 0.005000
v -0.000471 -0.004385 0.005000
v -0.001453 -0.003746 0.005000
v -0.001934 -0.002694 0.005000
v -0.001664 -0.001554 0.005000
v -0.000836 -0.000745 0.005000
v 0.000614 -0.000656 0.005000
v 0.001544 -0.001369 0.005000
v 0.000760 -0.002061 0.007000
v 0.000760 -0.002939 0.007000
v 0.000000 -0.003378 0.007000
v -0.000760 -0.002939 0.007000
v -0.000760 -0.002061 0.007000
v 0.000000 -0.001622 0.007000
vn -0.3690 -0.9291 0.0235
vn -0.2438 -0.9694 -0.0272
vn -0.1077 -0.9941 0.0106
vn -0.0938 -0.9956 -0.0015
vn -0.6602 -0.7505 -0.0297
vn -0.7128 -0.7011 0.0199
vn -0.9286 -0.3710 0.0033
vn -0.9382 -0.3404 -0.0618
vn -0.9958 0.0648 0.0650
vn -0.9637 0.1232 -0.2370
vn -0.9617 0.2741 0.0012
vn -0.9595 0.2815 0.0058
vn -0.9217 0.3877 0.0157
vn -0.9537 0.3007 0.0060
vn -0.9894 0.1444 0.0130
vn -0.9992 0.0336 -0.0236
vn -0.9954 -0.0910 0.0306
vn -0.9452 -0.3261 0.0122
vn -0.9364 -0.3509 -0.0032
vn -0.8399 -0.5420 0.0275
vn -0.7863 -0.6172 -0.0276
vn -0.6839 -0.7239 0.0902
vn -0.4974 -0.8659 -0.0520
vn -0.7815 0.6106 0.1283
vn -0.8284 0.5601 -0.0028
vn -0.7802 0.6256 -0.0009
vn -0.6353 0.7723 -0.0034
vn -0.6194 0.7851 0.0066
vn -0.2788 0.9603 0.0101
vn -0.2315 0.9720 -0.0395
vn 0.1679 0.9849 0.0413
vn 0.2431 0.9649 -0.0996
vn 0.5728 0.8128 0.1061
vn 0.6295 0.7239 -0.2824
vn 0.7253 0.6884 -0.0124
vn 0.7374 0.6754 0.0043
vn 0.8144 0.5799 0.0225
vn 0.7034 0.7108 0.0045
vn 0.6419 0.7666 0.0188
vn 0.5152 0.8570 -0.0137
vn 0.4499 0.8927 0.0242
vn 0.2238 0.9744 0.0237
vn 0.1617 0.9868 -0.0088
vn -0.0153 0.9992 0.0357
vn -0.1407 0.9897 -0.0264
vn -0.2520 0.9637 0.0880
vn -0.4812 0.8766 -0.0069
vn 0.9216 0.3664 0.1282
vn 0.9043 0.4270 0.0038
vn 0.9029 0.4298 0.0003
vn 0.9309 0.3642 -0.0275
vn 0.9820 0.1878 0.0221
vn 0.9977 -0.0679 -0.0016
vn 0.9920 -0.1196 -0.0414
vn 0.8811 -0.4709 0.0430
vn 0.8226 -0.5630 -0.0799
vn 0.6235 -0.7790 0.0668
vn 0.5043 -0.8593 -0.0854
vn 0.4019 -0.9132 0.0668
vn 0.2118 -0.9682 -0.1331
vn 0.1948 -0.9794 -0.0534
vn 0.1688 -0.9857 -0.0007
vn 0.2019 -0.9794 -0.0003
vn 0.3339 -0.9425 0.0112
vn 0.4703 -0.8822 -0.0229
vn 0.5219 -0.8529 0.0113
vn 0.7103 -0.7033 0.0271
vn 0.7760 -0.6305 -0.0169
vn 0.8578 -0.5130 0.0331
vn 0.9280 -0.3713 -0.0301
vn 0.9538 -0.2923 0.0691
vn 0.9997 -0.0222 0.0045
vn 0.0760 -0.9968 0.0236
vn -0.8521 0.5232 -0.0129
vn 0.2000 0.5832 -0.7873
vn 0.1327 0.9905 0.0347
vn 0.0648 0.9850 -0.1601
vn 0.0208 0.9977 -0.0645
vn 0.4466 0.8866 -0.1200
vn 0.3112 0.5107 -0.8015
vn 0.3681 0.5243 -0.7678
vn 0.6280 0.6408 -0.4415
vn 0.3494 0.4326 -0.8311
vn 0.4309 0.4531 -0.7804
vn 0.8309 0.5385 -0.1400
vn 0.8698 0.4923 0.0320
vn 0.3091 0.9510 0.0062
vn 0.3010 0.9485 -0.0991
vn 0.2867 0.5900 -0.7548
vn 0.2143 0.9679 -0.1315
vn 0.4641 0.8844 -0.0497
vn 0.4944 0.8458 -0.2007
vn 0.5727 0.8164 -0.0739
vn 0.5687 0.8168 -0.0974
vn 0.5401 0.8361 0.0966
vn 0.6357 0.7690 -0.0673
vn 0.6340 0.7637 -0.1220
vn 0.7028 0.7049 0.0958
vn 0.7152 0.6699 -0.1994
vn 0.7565 0.6495 -0.0767
vn -0.1936 0.4978 0.8454
vn -0.1663 0.4131 0.8954
vn -0.2080 -0.0319 0.9776
vn -0.1812 -0.2328 0.9555
vn -0.1822 -0.2503 0.9509
vn -0.0761 -0.0928 0.9928
vn 0.2067 0.2954 0.9327
vn 0.3212 0.2937 0.9003
vn -0.0628 -0.1328 0.9892
vn 0.2540 0.2730 0.9279
vn 0.2446 0.2524 0.9362
vn -0.1282 -0.2554 0.9583
vn -0.1082 -0.2314 0.9668
vn 0.5034 0.1896 0.8430
vn 0.4406 0.1420 0.8864
vn 0.7301 0.2720 0.6269
vn 0.2236 -0.1230 0.9669
vn 0.1604 -0.1620 0.9737
vn -0.0691 -0.2612 0.9628
vn 0.3067 0.1169 0.9446
vn 0.3272 0.1711 0.9294
vn 0.2023 0.2854 0.9368
vn 0.1558 0.3663 0.9174
vn 0.1784 0.3973 0.9002
vn 0.1419 0.3188 0.9371
vn -0.0267 0.3396 0.9402
vn 0.2130 0.8099 0.5465
vn -0.0252 0.3547 0.9346
vn -0.0823 0.4799 0.8734
vn 0.2686 0.1661 0.9488
vn -0.0576 -0.8406 -0.5386
vn -0.2547 -0.6572 -0.7094
vn 0.1091 -0.2826 -0.9530
vn 0.3224 -0.7077 0.6287
vn 0.3155 -0.6984 0.6424
vn -0.0327 -0.5048 0.8626
vn -0.0549 -0.4756 0.8779
vn -0.4535 -0.6116 0.6483
vn -0.6025 -0.7182 0.3482
vn -0.6456 -0.7109 0.2790
vn -0.8636 -0.4842 0.1406
vn -0.2729 -0.9057 0.3245
vn 0.1358 0.0175 -0.9906
vn -0.7004 -0.7082 0.0889
vn -0.3149 -0.8576 0.4066
vn 0.0421 -0.9429 0.3304
vn -0.2580 -0.8183 0.5137
vn -0.3373 -0.7202 0.6063
vn -0.5793 -0.7343 0.3540
vn -0.6590 -0.7092 0.2505
vn -0.6525 -0.6394 0.4068
vn -0.5654 -0.5811 0.5853
vn -0.3274 -0.4649 0.8226
vn -0.4794 -0.6438 0.5964
vn -0.3485 -0.5314 0.7721
vn -0.2941 -0.5010 0.8140
vn -0.1925 -0.5180 0.8335
vn -0.1353 -0.5326 0.8355
vn 0.0184 -0.6792 0.7337
vn -0.1048 -0.5433 0.8330
vn -0.4259 -0.4431 0.7889
vn -0.4267 -0.4432 0.7883
vn -0.7129 -0.6275 0.3130
vn -0.3620 -0.4622 0.8095
vn -0.7129 -0.6276 0.3128
vn -0.7434 -0.5044 0.4392
vn -0.7824 -0.4941 0.3791
vn -0.4887 -0.7759 0.3989
vn -0.5928 -0.7321 0.3355
vn -0.2713 -0.8894 0.3679
vn 0.2321 -0.8578 0.4585
vn 0.2084 -0.8508 0.4824
vn 0.1398 -0.9028 0.4068
vn 0.1504 -0.9054 0.3970
vn 0.0101 -0.9088 0.4170
vn -0.0560 -0.9531 0.2975
vn -0.0986 -0.9317 0.3497
vn -0.2524 -0.8702 0.4230
vn -0.3934 -0.8608 0.3230
vn -0.3918 -0.8651 0.3133
vn -0.4608 -0.8206 0.3380
vn -0.4989 -0.8308 0.2466
vn -0.5177 -0.7833 0.3441
vn -0.5752 -0.7754 0.2607
vn -0.2110 -0.3691 0.9051
vn -0.2109 -0.3716 0.9041
vn -0.1977 -0.3586 0.9123
vn -0.2113 -0.3661 0.9063
vn -0.2112 -0.3660 0.9063
vn -0.2111 -0.3659 0.9064
vn -0.2478 -0.3681 0.8962
vn -0.2125 -0.3731 0.9031
vn -0.2242 -0.3735 0.9002
vn -0.2046 -0.3621 0.9094
vn -0.2092 -0.3555 0.9110
vn -0.2113 -0.3659 0.9063
vn -0.2112 -0.3656 0.9065
vn 0.5097 -0.6042 0.6126
vn 0.4941 -0.0730 0.8663
vn -0.0389 -0.3555 0.9339
vn -0.0568 -0.3618 0.9305
vn 0.0397 -0.4413 0.8965
vn 0.5635 -0.2020 0.8010
vn 0.5185 -0.2471 0.8186
vn 0.5746 -0.4379 0.6914
vn 0.4909 -0.4961 0.7162
vn 0.5573 0.0304 -0.8297
vn 0.8665 -0.4973 -0.0429
vn 0.9370 -0.1076 -0.3323
vn 0.9841 -0.1624 -0.0722
vn 0.9910 0.1335 -0.0052
vn 0.9683 0.2092 -0.1367
vn 0.8470 0.2934 -0.4432
vn 0.5654 0.2467 -0.7871
vn 0.7082 0.1216 -0.6954
vn 0.7462 -0.6415 -0.1779
vn 0.7812 -0.4809 -0.3980
vn 0.6949 -0.2397 -0.6780
vn -0.5232 -0.4215 -0.7407
vn -0.4962 -0.4018 -0.7697
vn -0.6067 -0.3110 -0.7316
vn -0.6239 -0.4131 -0.6634
vn -0.6724 -0.4558 -0.5831
vn -0.1752 0.0293 -0.9841
vn -0.1990 0.0049 -0.9800
vn -0.2033 -0.0630 -0.9771
vn 0.0137 0.2302 -0.9730
vn -0.6784 -0.1383 -0.7216
vn -0.1335 0.2183 -0.9667
vn -0.0010 0.1056 -0.9944
vn 0.1588 -0.5544 -0.8169
vn 0.3133 -0.7446 -0.5893
vn 0.5504 -0.5562 -0.6226
vn 0.5301 -0.6952 -0.4855
vn 0.4330 -0.5637 -0.7034
vn 0.3029 0.1772 -0.9364
vn 0.3821 0.0187 -0.9239
vn 0.2874 -0.7138 -0.6387
vn 0.2947 -0.6983 -0.6523
vn 0.1538 -0.6528 -0.7418
vn 0.2524 0.1738 -0.9519
vn 0.2028 -0.0231 -0.9789
vn 0.1480 -0.3346 -0.9307
vn 0.1590 0.1428 -0.9769
vn -0.0229 -0.1556 -0.9876
vn -0.4978 -0.7906 -0.3565
vn 0.0933 0.2310 -0.9685
vn -0.6210 -0.3192 -0.7158
vn -0.6233 -0.1058 -0.7748
vn -0.5383 -0.2193 -0.8137
vn -0.5389 -0.4598 -0.7058
vn -0.1290 -0.5060 -0.8528
vn -0.2123 -0.5629 -0.7988
vn 0.0936 -0.7416 -0.6643
vn -0.0023 -0.5901 -0.8073
vn -0.1177 -0.7257 -0.6779
vn -0.1096 -0.6335 -0.7659
vn -0.2122 -0.5872 -0.7811
vn -0.2619 -0.4788 -0.8380
vn -0.2113 -0.5861 -0.7822
vn -0.3253 -0.4294 -0.8425
vn -0.3680 -0.5829 -0.7244
vn -0.5423 -0.5709 -0.6165
vn -0.4872 -0.5097 -0.7091
vn -0.4763 -0.3296 -0.8152
vn 0.1622 0.3537 -0.9212
vn 0.2115 0.3662 -0.9062
vn 0.2101 0.3603 -0.9088
vn 0.1914 0.3514 -0.9165
vn 0.2113 0.3659 -0.9063
vn 0.2114 0.3660 -0.9063
vn 0.2130 0.3677 -0.9052
vn 0.2136 0.3657 -0.9059
vn 0.2132 0.3813 -0.8995
vn 0.2043 0.4019 -0.8926
vn 0.2158 0.3680 -0.9044
vn 0.2187 0.3635 -0.9055
vn 0.2064 0.3706 -0.9056
vn 0.2069 0.3682 -0.9065
vn 0.2116 0.3656 -0.9064
vn 0.2116 0.3654 -0.9065
vn 0.2102 0.3619 -0.9082
vn -0.1996 -0.9533 0.2267
vn 0.1032 -0.9572 0.2704
vn 0.2267 -0.8630 0.4514
vn 0.9805 -0.0128 0.1963
vn 0.7593 0.1343 0.6367
vn -0.6634 0.6236 0.4135
vn -0.7420 0.5972 0.3046
vn -0.4114 -0.7861 0.4613
vn -0.1928 -0.8369 0.5123
vn 0.3308 -0.0283 0.9433
vn 0.7381 0.1392 0.6602
vn 0.0460 -0.2856 0.9573
vn -0.1129 -0.2921 0.9497
vn -0.1766 0.1641 0.9705
vn 0.6275 -0.1210 0.7692
vn 0.7436 -0.2287 0.6283
vn 0.6220 -0.3729 0.6886
vn 0.5550 -0.3617 0.7491
vn 0.5220 -0.5178 0.6778
vn 0.3847 -0.4828 0.7867
vn 0.4014 -0.6571 0.6381
vn 0.2206 -0.6887 0.6907
vn -0.0359 -0.6779 0.7343
vn -0.1370 -0.7217 0.6785
vn -0.3644 -0.5939 0.7172
vn -0.4588 -0.4854 0.7442
vn -0.4449 -0.4485 0.7752
vn -0.6600 -0.4259 0.6189
vn -0.5719 -0.1974 0.7962
vn -0.5793 -0.2029 0.7895
vn -0.7914 -0.0725 0.6070
vn -0.5981 0.0950 0.7958
vn -0.6150 0.0923 0.7831
vn -0.7273 0.3037 0.6154
vn -0.5751 0.3447 0.7419
vn -0.4173 0.5503 0.7232
vn -0.4195 0.7129 0.5620
vn -0.1682 0.6417 0.7483
vn -0.1339 0.5892 0.7968
vn -0.0119 0.7964 0.6046
vn 0.1493 0.6483 0.7466
vn 0.1557 0.5835 0.7971
vn 0.3586 0.7109 0.6050
vn 0.4357 0.5037 0.7460
vn 0.4160 0.4516 0.7893
vn 0.6501 0.4691 0.5977
vn 0.6179 0.2053 0.7590
vn 0.6827 0.2640 0.6814
vn -0.1302 0.7938 -0.5940
vn -0.0468 0.7536 -0.6557
vn -0.0579 0.8086 -0.5855
vn 0.1190 0.1047 -0.9874
vn 0.1082 0.1417 -0.9840
vn -0.1038 0.6289 -0.7705
vn 0.0852 0.5788 -0.8110
vn 0.1057 0.6753 -0.7300
vn 0.2189 0.6890 -0.6909
vn 0.2190 0.5808 -0.7840
vn -0.0743 0.7507 -0.6565
vn -0.3040 0.4742 -0.8263
vn -0.3037 0.4701 -0.8287
vn -0.7466 0.0838 -0.6600
vn -0.7363 0.0631 -0.6737
vn -0.7664 -0.1775 -0.6174
vn 0.0552 0.8779 -0.4757
vn 0.2342 -0.1420 -0.9618
vn -0.1773 0.2624 -0.9485
vn -0.0884 -0.2673 -0.9595
vn 0.0296 -0.3520 -0.9355
vn -0.1877 -0.3406 -0.9213
vn 0.0278 -0.3085 -0.9508
vn -0.1214 -0.1634 -0.9791
vn -0.3525 0.0303 -0.9353
vn 0.0442 -0.2092 -0.9769
vn -0.1219 0.0960 -0.9879
vn -0.4359 0.8263 -0.3566
vn 0.1535 -0.1964 -0.9684
vn -0.9080 -0.1148 -0.4029
vn -0.7213 -0.1117 -0.6836
vn -0.7357 0.0704 -0.6736
vn -0.7577 0.0996 -0.6450
vn -0.6541 0.2519 -0.7133
vn -0.6594 0.2621 -0.7046
vn -0.5292 0.3143 -0.7881
vn -0.6374 0.6889 -0.3452
vn -0.4727 0.3433 -0.8116
vn -0.4082 0.5002 -0.7636
vn -0.3908 0.4609 -0.7968
vn -0.2904 0.4756 -0.8303
vn -0.3173 0.6032 -0.7318
vn -0.2163 0.4911 -0.8438
vn -0.1930 0.6459 -0.7386
vn -0.2126 0.7080 -0.6735
vn -0.0466 0.5455 -0.8368
vn 0.2302 -0.3237 -0.9178
vn 0.2060 -0.3540 -0.9123
vn 0.2193 -0.3675 -0.9038
vn 0.2113 -0.3659 -0.9063
vn 0.2113 -0.3660 -0.9063
vn 0.2118 -0.3687 -0.9051
vn 0.2214 -0.3727 -0.9011
vn 0.2362 -0.3722 -0.8976
vn 0.2108 -0.3709 -0.9044
vn 0.2055 -0.3711 -0.9055
vn 0.2178 -0.3640 -0.9056
vn 0.2154 -0.3632 -0.9065
vn 0.2108 -0.3660 -0.9064
vn 0.2107 -0.3660 -0.9065
vn 0.2116 -0.3671 -0.9058
vn 0.4051 -0.4647 -0.7873
vn 0.7854 -0.6176 0.0408
vn 0.8222 -0.5480 -0.1539
vn 0.8746 -0.4841 0.0290
vn 0.5470 -0.8357 -0.0482
vn 0.2866 -0.5248 -0.8015
vn 0.2700 -0.5809 -0.7679
vn 0.2409 -0.8643 -0.4416
vn 0.2000 -0.5188 -0.8312
vn 0.1770 -0.5997 -0.7804
vn 0.0426 -0.9941 -0.1001
vn -0.0168 -0.9982 0.0580
vn 0.6674 -0.7447 0.0003
vn 0.6702 -0.7349 -0.1034
vn 0.3675 -0.5432 -0.7549
vn 0.7343 -0.6697 -0.1110
vn 0.5529 -0.8286 -0.0880
vn 0.4901 -0.8579 -0.1545
vn 0.4821 -0.8761 0.0016
vn 0.4245 -0.9019 -0.0799
vn 0.4224 -0.9048 -0.0533
vn 0.3520 -0.9356 -0.0289
vn 0.3448 -0.9281 -0.1402
vn 0.2619 -0.9612 0.0863
vn 0.2214 -0.9567 -0.1892
vn 0.1710 -0.9850 -0.0233
vn -0.7004 0.4689 -0.5381
vn -0.4414 0.5472 -0.7111
vn -0.3069 0.0672 -0.9494
vn -0.0027 0.0311 -0.9995
vn -0.7947 0.0582 0.6043
vn -0.7643 0.0641 0.6416
vn -0.4222 0.2806 0.8620
vn -0.3710 0.2871 0.8831
vn -0.2727 0.6066 0.7468
vn -0.2961 0.9213 0.2521
vn -0.2816 0.9043 0.3209
vn -0.1840 0.5490 0.8153
vn -0.1852 0.5459 0.8171
vn -0.0383 0.9344 0.3543
vn -0.1710 0.9026 0.3951
vn -0.0358 0.9692 0.2438
vn -0.5861 0.7906 0.1771
vn -0.8463 0.2313 0.4798
vn -0.9228 0.3840 -0.0302
vn -0.8465 0.3849 0.3679
vn -0.8217 0.4484 0.3518
vn -0.4474 0.5362 0.7157
vn -0.6876 0.7015 0.1871
vn -0.2961 0.4735 0.8295
vn -0.2770 0.4988 0.8213
vn -0.3669 0.9205 0.1344
vn -0.2815 0.6220 0.7306
vn -0.2328 0.5201 0.8218
vn -0.2260 0.9146 0.3355
vn -0.2193 0.7863 0.5776
vn -0.8593 0.4197 0.2924
vn -0.7122 0.5751 0.4024
vn -0.7009 0.6670 0.2527
vn -0.6754 0.6738 0.2997
vn -0.5431 0.7624 0.3519
vn -0.1711 0.1414 -0.9751
vn -0.5732 0.7729 0.2722
vn -0.4787 0.8080 0.3436
vn -0.4474 0.8623 0.2370
vn -0.4318 0.8530 0.2931
vn -0.3619 0.8585 0.3634
vn -0.3332 0.9087 0.2515
vn -0.2548 0.8807 0.3993
vn -0.2819 0.9485 0.1445
vn -0.3481 0.4042 0.8458
vn -0.8254 0.3107 0.4714
vn -0.8784 0.2274 0.4204
vn -0.5443 0.3371 0.7682
vn -0.4087 0.3643 0.8368
vn -0.4350 0.4889 0.7561
vn -0.2185 0.9081 0.3574
vn -0.2293 0.5887 0.7752
vn -0.2284 0.9102 0.3455
vn -0.5452 0.7913 0.2768
vn -0.6516 0.5803 0.4885
vn -0.2137 0.3521 0.9112
vn -0.1961 0.3584 0.9127
vn -0.2113 0.3660 0.9063
vn -0.2115 0.3663 0.9062
vn -0.2115 0.3660 0.9063
vn -0.2114 0.3659 0.9063
vn -0.2114 0.3658 0.9064
vn -0.1946 0.3987 0.8962
vn -0.2108 0.3653 0.9067
vn -0.2119 0.3589 0.9090
vn -0.2034 0.3579 0.9114
vn -0.2209 0.3760 0.8999
vn -0.2066 0.3530 0.9125
vn -0.7780 -0.1392 0.6126
vn -0.3463 -0.3814 0.8571
vn -0.2844 -0.2724 0.9192
vn -0.2696 -0.0158 0.9628
vn -0.2835 0.1910 0.9397
vn -0.4772 -0.4216 0.7711
vn -0.5602 -0.2258 0.7970
vn -0.6461 -0.2303 0.7277
vn -0.6615 -0.1813 0.7277
vn 0.3283 0.0762 0.9415
vn 0.4163 -0.0443 0.9082
vn 0.4079 -0.1193 0.9052
vn -0.0781 0.2237 0.9715
vn -0.1104 0.2523 0.9613
vn -0.0321 0.0792 0.9963
vn 0.1324 -0.3535 0.9260
vn -0.1949 0.1296 0.9722
vn -0.1251 0.1799 0.9757
vn 0.0674 -0.3721 0.9257
vn -0.1511 0.2275 0.9620
vn 0.0410 -0.3292 0.9434
vn -0.1902 0.2068 0.9597
vn -0.1585 -0.4455 0.8812
vn 0.0887 -0.2829 0.9550
vn 0.2077 -0.3898 0.8972
vn 0.1792 -0.2615 0.9484
vn 0.2357 -0.3054 0.9226
vn 0.4027 -0.1185 0.9076
vn 0.3325 -0.2388 0.9124
vn 0.3047 -0.2225 0.9261
vn -0.0111 -0.3638 0.9314
vn -0.0272 -0.3414 0.9395
vn -0.0751 -0.4514 0.8892
vn -0.1216 -0.3902 0.9127
vn -0.2523 -0.4991 -0.8290
vn -0.8641 -0.5016 -0.0427
vn -0.5617 -0.7577 -0.3322
vn -0.6327 -0.7710 -0.0722
vn -0.4000 -0.9165 -0.0102
vn -0.2847 -0.9406 -0.1849
vn -0.1296 -0.9799 0.1518
vn -0.1694 -0.8802 -0.4433
vn -0.0690 -0.6130 -0.7871
vn -0.2487 -0.6741 -0.6955
vn -0.9289 -0.3251 -0.1772
vn -0.8072 -0.4360 -0.3979
vn -0.6849 -0.4691 -0.5576
vn -0.0530 -0.4463 -0.8933
vn -0.4007 -0.0337 -0.9156
vn -0.4228 0.0001 -0.9062
vn -0.4170 0.0018 -0.9089
vn -0.3998 -0.0101 -0.9166
vn -0.4226 0.0001 -0.9063
vn -0.4226 -0.0000 -0.9063
vn -0.4252 0.0009 -0.9051
vn -0.4338 -0.0055 -0.9010
vn -0.4332 -0.0043 -0.9013
vn -0.4266 0.0029 -0.9044
vn -0.4241 0.0077 -0.9056
vn -0.4241 -0.0066 -0.9056
vn -0.4223 -0.0050 -0.9065
vn -0.4224 0.0005 -0.9064
vn -0.4223 0.0005 -0.9065
vn -0.4179 0.0012 -0.9085
vn -0.4224 0.0012 -0.9064
vn -0.6154 -0.1228 -0.7786
vn -0.9243 -0.3801 0.0353
vn -0.8572 -0.4018 -0.3221
vn -0.8869 -0.4352 -0.1547
vn -0.9911 -0.0568 -0.1201
vn -0.5979 0.0142 -0.8014
vn -0.6381 0.0566 -0.7678
vn -0.8690 0.2235 -0.4415
vn -0.5493 0.0862 -0.8312
vn -0.6078 0.1466 -0.7804
vn -0.8818 0.4504 -0.1400
vn -0.8613 0.5071 0.0320
vn -0.9781 -0.2082 0.0066
vn -0.9719 -0.2140 -0.0985
vn -0.6541 -0.0468 -0.7550
vn -0.9455 -0.2985 -0.1301
vn -0.9979 -0.0406 -0.0499
vn -0.9795 0.0053 -0.2015
vn -0.9934 0.0878 -0.0739
vn -0.9917 0.0841 -0.0975
vn -0.9941 0.0498 0.0964
vn -0.9838 0.1660 -0.0672
vn -0.9783 0.1672 -0.1219
vn -0.9619 0.2562 0.0959
vn -0.9377 0.2845 -0.1994
vn -0.9407 0.3303 -0.0767
vn -0.3670 -0.4469 0.8159
vn -0.2729 -0.3513 0.8956
vn 0.0450 -0.2179 0.9749
vn 0.2859 -0.0425 0.9573
vn 0.3060 -0.0325 0.9515
vn 0.1184 -0.0196 0.9928
vn -0.3591 0.0313 0.9328
vn -0.4150 0.1314 0.9003
vn 0.1464 0.0120 0.9892
vn -0.3634 0.0835 0.9279
vn -0.3409 0.0856 0.9362
vn 0.2852 0.0167 0.9583
vn 0.2545 0.0220 0.9668
vn -0.4159 0.3412 0.8430
vn -0.3432 0.3106 0.8864
vn -0.6005 0.4963 0.6269
vn -0.0053 0.2551 0.9669
vn 0.0601 0.2199 0.9737
vn 0.2608 0.0707 0.9628
vn -0.2546 0.2072 0.9446
vn -0.3118 0.1978 0.9293
vn -0.3482 0.0324 0.9369
vn -0.3945 -0.0482 0.9176
vn -0.4322 -0.0442 0.9007
vn -0.3472 -0.0366 0.9371
vn -0.2804 -0.1929 0.9403
vn -0.8081 -0.2208 0.5462
vn -0.2953 -0.1996 0.9343
vn -0.3750 -0.3112 0.8732
vn -0.2782 0.1496 0.9488
vn 0.4250 0.0017 0.9052
vn 0.4235 0.0007 0.9059
vn 0.4226 0.0010 0.9063
vn 0.4227 0.0010 0.9063
vn 0.4233 0.0010 0.9060
vn 0.4252 0.0005 0.9051
vn 0.4283 -0.0039 0.9036
vn 0.4223 -0.0003 0.9065
vn 0.4216 0.0046 0.9067
vn 0.4236 0.0031 0.9058
vn 0.4164 -0.0051 0.9091
vn 0.4165 -0.0055 0.9091
vn 0.4233 -0.0014 0.9060
vn 0.4259 -0.0013 0.9048
vn 0.7564 0.3721 -0.5380
vn 0.6947 0.1085 -0.7110
vn 0.1926 0.2355 -0.9526
vn 0.4480 0.6575 0.6058
vn 0.4382 0.6294 0.6417
vn 0.4545 0.2230 0.8624
vn 0.4422 0.1891 0.8768
vn 0.7765 -0.1528 0.6113
vn 0.8041 -0.1716 0.5692
vn 0.9201 -0.1455 0.3637
vn 0.6461 -0.1073 0.7557
vn 0.6374 -0.1734 0.7507
vn 0.6160 -0.1589 0.7715
vn 0.8152 -0.3798 0.4372
vn 0.8058 -0.3836 0.4511
vn 0.9030 -0.4150 -0.1114
vn -0.1047 0.0549 -0.9930
vn 0.9515 -0.0524 0.3031
vn 0.9402 -0.1302 0.3146
vn 0.9121 -0.2202 0.3458
vn 0.9682 -0.0366 0.2475
vn 0.9626 -0.2263 0.1492
vn 0.9001 -0.2538 0.3540
vn 0.7930 -0.1991 0.5758
vn 0.8049 -0.1182 0.5815
vn 0.6627 -0.0516 0.7471
vn 0.9655 -0.0416 0.2572
vn 0.9408 0.0123 0.3387
vn 0.6857 -0.0171 0.7277
vn 0.7034 0.5354 0.4675
vn 0.9469 -0.1289 0.2944
vn 0.8815 -0.3128 0.3538
vn 0.9090 -0.3078 0.2812
vn 0.8228 -0.4302 0.3714
vn 0.8282 0.1685 0.5345
vn 0.9677 -0.0361 0.2494
vn 0.8922 0.2047 0.4027
vn 0.8830 0.3177 0.3455
vn 0.6882 0.6146 0.3855
vn 0.6384 0.6078 0.4723
vn 0.6146 0.6970 0.3694
vn 0.5408 0.2305 0.8089
vn 0.5532 0.2723 0.7873
vn 0.8190 0.4766 0.3197
vn 0.8130 0.5201 0.2619
vn 0.8680 0.3349 0.3665
vn 0.9185 0.2880 0.2708
vn 0.9131 0.2558 0.3175
vn 0.9376 0.1387 0.3190
vn 0.9126 0.1113 0.3933
vn 0.9152 -0.0208 0.4025
vn 0.6461 0.2016 0.7361
vn 0.7044 0.2852 0.6500
vn 0.6170 0.0913 0.7816
vn 0.8561 0.1016 0.5068
vn 0.8521 -0.0028 0.5233
vn 0.6125 -0.0762 0.7868
vn 0.0197 -0.9982 -0.0558
vn -0.0197 -0.9982 0.0558
vn 0.4224 0.0012 0.9064
vn 0.2685 0.7434 0.6126
vn -0.1839 0.4644 0.8663
vn 0.3273 0.1441 0.9339
vn 0.3423 0.1311 0.9304
vn 0.3623 0.2551 0.8965
vn -0.1068 0.5890 0.8010
vn -0.0453 0.5726 0.8186
vn 0.0919 0.7166 0.6914
vn 0.1844 0.6731 0.7162
vn -0.3036 0.4666 -0.8307
vn -0.0023 0.9991 -0.0427
vn -0.3753 0.8653 -0.3323
vn -0.3514 0.9334 -0.0722
vn -0.6111 0.7915 -0.0052
vn -0.6653 0.7340 -0.1367
vn -0.6776 0.5868 -0.4433
vn -0.4964 0.3663 -0.7871
vn -0.4595 0.5525 -0.6954
vn 0.1823 0.9670 -0.1781
vn 0.0260 0.9171 -0.3979
vn -0.1474 0.7095 -0.6891
vn 0.7259 -0.2871 -0.6249
vn 0.5915 -0.2277 -0.7735
vn 0.5836 -0.3705 -0.7226
vn 0.6503 -0.3271 -0.6857
vn 0.7293 -0.3539 -0.5855
vn 0.0713 -0.1696 -0.9829
vn 0.1038 -0.1780 -0.9785
vn 0.1589 -0.1451 -0.9766
vn -0.2049 -0.1037 -0.9733
vn 0.4513 -0.5187 -0.7261
vn -0.1209 -0.2257 -0.9667
vn -0.0884 -0.0542 -0.9946
vn 0.4810 0.4300 -0.7640
vn 0.3792 0.7516 -0.5397
vn 0.1663 0.7331 -0.6594
vn 0.3378 0.8068 -0.4848
vn 0.2678 0.6609 -0.7011
vn -0.3038 0.1752 -0.9365
vn -0.2078 0.3207 -0.9241
vn 0.5257 0.6024 -0.6007
vn 0.4281 0.5911 -0.6836
vn 0.5777 0.4404 -0.6873
vn -0.2753 0.1326 -0.9522
vn -0.0785 0.1878 -0.9791
vn 0.2017 0.2897 -0.9356
vn -0.2016 0.0667 -0.9772
vn 0.1464 0.0576 -0.9875
vn 0.9267 -0.0357 -0.3742
vn -0.2451 -0.0351 -0.9689
vn 0.6012 -0.3808 -0.7026
vn 0.3961 -0.4843 -0.7801
vn 0.5439 -0.4143 -0.7297
vn 0.5328 -0.3924 -0.7498
vn 0.5764 0.0419 -0.8161
vn 0.5282 0.0816 -0.8452
vn 0.4981 0.4201 -0.7585
vn 0.5623 0.4413 -0.6994
vn 0.5345 0.2989 -0.7906
vn 0.7034 0.2631 -0.6603
vn 0.5298 0.1731 -0.8303
vn 0.6354 0.1114 -0.7641
vn 0.5443 0.0128 -0.8388
vn 0.6340 0.1116 -0.7653
vn 0.5565 -0.0588 -0.8288
vn 0.6845 -0.0271 -0.7285
vn 0.6672 -0.1596 -0.7276
vn 0.7123 -0.1696 -0.6811
vn 0.5057 -0.2340 -0.8304
vn 0.0056 -0.0051 1.0000
vn 0.0039 0.0020 1.0000
vn 0.0042 -0.0012 1.0000
vn 0.0063 0.0092 0.9999
vn 0.0097 -0.0034 0.9999
vn 0.0089 0.0075 0.9999
vn 0.0123 0.0049 0.9999
vn 0.0047 0.0162 0.9999
vn 0.0048 0.0163 0.9999
vn -0.0039 0.0183 0.9998
vn -0.0084 0.0088 0.9999
vn -0.0085 0.0087 0.9999
vn -0.0059 -0.0021 1.0000
vn -0.0058 -0.0010 1.0000
vn -0.0051 0.0013 1.0000
vn -0.0072 -0.0024 1.0000
vn -0.0073 0.0007 1.0000
vn -0.0069 0.0002 1.0000
vn -0.0076 0.0026 1.0000
vn -0.0071 -0.0039 1.0000
vn -0.0077 -0.0032 1.0000
vn -0.0046 -0.0119 0.9999
vn -0.0041 -0.0119 0.9999
vn 0.0068 -0.0168 0.9998
vn 0.0051 -0.0154 0.9999
vn 0.0157 -0.0034 0.9999
vn 0.0042 -0.0096 0.9999
vn 0.0084 0.0013 1.0000
vn 0.0083 0.0025 1.0000
vn 0.0067 -0.0028 1.0000
vn -0.0000 -0.0000 1.0000
vn 0.9331 -0.3591 0.0200
vn 0.9450 0.3267 -0.0154
vn 0.9543 0.2985 -0.0096
vn 0.3783 0.9257 0.0080
vn 0.3268 0.9451 -0.0000
vn -0.3268 0.9451 -0.0000
vn -0.3783 0.9257 -0.0080
vn -0.9543 0.2985 0.0096
vn -0.9450 0.3267 0.0154
vn -0.9331 -0.3591 -0.0200
vn -0.8098 -0.5866 0.0083
vn -0.2754 -0.9613 -0.0085
vn -0.2624 -0.9649 -0.0028
vn 0.5043 -0.8633 0.0192
vn 0.7004 -0.7106 -0.0669
vn 0.8401 -0.5424 0.0035
vn 0.8098 -0.5867 -0.0083
vn 0.2754 -0.9613 0.0085
vn 0.2624 -0.9649 0.0028
vn -0.5043 -0.8633 -0.0192
vn -0.7004 -0.7106 0.0669
vn -0.8401 -0.5424 -0.0035
vn 0.9682 -0.2485 -0.0284
vn 0.9682 0.2485 0.0284
vn 0.6568 0.7539 -0.0173
vn 0.0629 0.9978 0.0196
vn -0.1560 0.9877 -0.0089
vn -0.8912 0.4536 0.0089
vn -0.9201 0.3918 -0.0000
vn -0.9201 -0.3918 -0.0000
vn -0.8912 -0.4536 -0.0089
vn -0.1560 -0.9877 0.0089
vn 0.0629 -0.9978 -0.0196
vn 0.6568 -0.7539 0.0173
vn 0.9257 -0.3783 0.0080
vn 0.9451 -0.3268 -0.0000
vn 0.9451 0.3268 -0.0000
vn 0.9257 0.3783 -0.0080
vn -0.9516 0.3072 0.0094
vn -0.9777 0.2098 -0.0094
vn -0.7418 -0.6705 0.0094
vn -0.6705 -0.7418 -0.0094
vn 0.2098 -0.9777 0.0094
vn 0.3072 -0.9516 -0.0094
vn 0.0001 -0.0000 -1.0000
vn 0.0001 0.0002 -1.0000
vn -0.0000 -0.0000 -1.0000
vn 0.0002 0.0001 -1.0000
vn -0.0000 -0.0001 -1.0000
vn -0.0001 -0.0000 -1.0000
vn -0.0002 -0.0000 -1.0000
vn -0.0006 0.0003 -1.0000
vn -0.0006 -0.0000 -1.0000
vn -0.0002 -0.0009 -1.0000
vn 0.0006 0.0004 -1.0000
vn -0.0002 0.0007 -1.0000
vn 0.0003 0.0007 -1.0000
vn -0.0004 0.0005 -1.0000
vn -0.1788 0.0703 0.9814
vn 0.1768 -0.1402 0.9742
vn -0.7098 -0.0069 0.7044
vn -0.4404 0.2187 0.8708
vn -0.7288 0.4853 0.4830
vn -0.4098 0.4654 0.7845
vn -0.3027 0.3711 0.8779
vn -0.4365 0.8798 0.1879
vn -0.1502 0.5851 0.7969
vn 0.0707 0.5236 0.8490
vn 0.3058 0.9246 0.2272
vn 0.3100 0.4729 0.8248
vn 0.2600 0.3732 0.8906
vn 0.7382 0.6499 0.1807
vn 0.4786 0.2369 0.8455
vn 0.4091 0.1916 0.8922
vn 0.9632 0.1936 0.1865
vn 0.5378 -0.0340 0.8424
vn 0.4492 -0.0388 0.8926
vn 0.9297 -0.3126 0.1949
vn 0.4923 -0.3073 0.8144
vn 0.5342 -0.6142 0.5808
vn 0.4018 -0.8049 0.4368
vn 0.1269 -0.3893 0.9123
vn 0.1623 -0.8057 0.5696
vn -0.0567 -0.8867 0.4588
vn -0.0843 -0.3965 0.9142
vn -0.2618 -0.7763 0.5735
vn -0.4947 -0.7443 0.4487
vn -0.2711 -0.3005 0.9144
vn -0.6106 -0.5385 0.5806
vn -0.8035 -0.3995 0.4414
vn -0.4231 -0.1472 0.8940
vn -0.8373 -0.1717 0.5191
vn 0.9814 -0.0619 0.1817
vn 0.9898 0.1321 -0.0538
vn 0.9722 0.1954 0.1286
vn 0.9132 0.3984 -0.0860
vn 0.8922 0.4418 0.0940
vn 0.7488 0.6591 0.0699
vn 0.7405 0.6720 0.0096
vn 0.9880 -0.1499 -0.0366
vn 0.9407 -0.3163 0.1228
vn 0.9109 -0.3949 -0.1199
vn 0.8141 -0.5423 0.2078
vn 0.7408 -0.6697 -0.0521
vn 0.6631 -0.7361 0.1357
vn 0.6632 -0.7360 0.1360
vn 0.5564 -0.8308 -0.0104
vn 0.4443 -0.8937 0.0621
vn 0.4247 -0.9047 0.0325
vn 0.2117 -0.9773 0.0096
vn 0.1963 -0.9780 0.0699
vn -0.0635 -0.9935 0.0940
vn -0.1116 -0.9900 -0.0860
vn -0.3169 -0.9397 0.1286
vn -0.3805 -0.9232 -0.0538
vn -0.5443 -0.8189 0.1818
vn -0.6239 -0.7806 -0.0366
vn -0.7443 -0.6565 0.1228
vn -0.7974 -0.5914 -0.1199
vn -0.8765 -0.4358 0.2045
vn -0.9485 -0.3029 -0.0929
vn -0.9725 -0.2020 0.1162
vn -0.8589 -0.3655 0.3588
vn -0.9983 -0.0579 -0.0055
vn -0.9959 0.0645 0.0635
vn -0.9957 0.0732 0.0560
vn -0.9678 0.2093 0.1398
vn -0.9479 0.3177 0.0248
vn -0.9386 0.3373 0.0719
vn -0.8287 0.5518 0.0940
vn -0.8016 0.5916 -0.0860
vn -0.6554 0.7443 0.1286
vn -0.6093 0.7911 -0.0538
vn -0.4370 0.8809 0.1818
vn -0.3641 0.9306 -0.0366
vn -0.1818 0.9739 0.1359
vn -0.1144 0.9930 -0.0304
vn 0.0533 0.9744 0.2184
vn 0.2085 0.9743 -0.0858
vn 0.3109 0.9418 0.1282
vn 0.3055 0.9424 0.1363
vn 0.4414 0.8972 -0.0104
vn 0.5519 0.8316 0.0621
vn 0.5712 0.8202 0.0325
vn 0.5467 0.8312 0.1012
vn -0.9961 0.0798 0.0370
vn 0.4466 -0.8890 0.1013
vn -0.0051 0.0156 0.9999
vn -0.0025 -0.0007 1.0000
vn -0.0025 0.0004 1.0000
vn -0.0027 -0.0006 1.0000
vn -0.0033 0.0015 1.0000
vn -0.0030 -0.0007 1.0000
vn -0.0031 -0.0033 1.0000
vn -0.0022 -0.0042 1.0000
vn -0.0014 -0.0055 1.0000
vn 0.0018 -0.0050 1.0000
vn 0.0017 -0.0049 1.0000
vn 0.0033 -0.0021 1.0000
vn 0.0053 0.0001 1.0000
vn 0.0027 -0.0020 1.0000
vn 0.0025 0.0002 1.0000
vn 0.0024 -0.0000 1.0000
vn 0.0023 0.0006 1.0000
vn 0.0024 -0.0004 1.0000
vn 0.0027 0.0013 1.0000
vn 0.0040 -0.0013 1.0000
vn 0.0026 0.0032 1.0000
vn 0.0060 0.0020 1.0000
vn 0.0025 0.0038 1.0000
vn -0.0111 0.0180 0.9998
vn -0.0041 0.0199 0.9998
vn 0.0102 0.0188 0.9998
vn -0.0035 0.0031 1.0000
vn -0.0019 0.0042 1.0000
vn -0.0023 0.0003 1.0000
vn -0.0029 -0.0015 1.0000
vn -0.0056 -0.0078 1.0000
vn -0.0073 0.0001 1.0000
vn 0.9605 0.2723 -0.0579
vn 0.9799 0.1964 0.0354
vn 0.8812 -0.4718 -0.0303
vn 0.8492 -0.5272 0.0303
vn 0.3718 -0.9278 -0.0303
vn 0.3116 -0.9497 0.0303
vn -0.3636 -0.9309 -0.0354
vn -0.4349 -0.8986 0.0579
vn -0.9605 -0.2723 -0.0579
vn -0.9799 -0.1964 0.0354
vn -0.8812 0.4718 -0.0303
vn -0.8492 0.5272 0.0303
vn -0.3718 0.9278 -0.0303
vn -0.3116 0.9497 0.0303
vn 0.3636 0.9309 -0.0354
vn 0.4349 0.8986 0.0579
vn 0.9888 0.1217 0.0864
vn 0.9888 -0.1217 -0.0864
vn 0.8855 -0.4565 0.0864
vn 0.7484 -0.6575 -0.0864
vn 0.4745 -0.8760 0.0864
vn 0.2021 -0.9721 -0.1186
vn -0.1579 -0.9743 0.1606
vn -0.5469 -0.8216 -0.1606
vn -0.8094 -0.5752 0.1186
vn -0.9437 -0.3194 -0.0864
vn -0.9898 0.0852 0.1144
vn -0.9423 0.3108 -0.1248
vn -0.5862 0.7963 0.1492
vn -0.3965 0.9058 -0.1492
vn 0.2020 0.9714 0.1248
vn 0.4211 0.8998 -0.1144
vn 0.7484 0.6575 0.0864
vn 0.8855 0.4565 -0.0864
vn 0.9598 0.2303 -0.1606
vn 0.9694 -0.1846 0.1616
vn 0.9097 -0.4080 -0.0774
vn 0.4829 -0.8751 0.0318
vn 0.4653 -0.8829 0.0631
vn -0.2837 -0.9573 -0.0562
vn -0.3470 -0.9372 0.0343
vn -0.8103 -0.5853 -0.0295
vn -0.8409 -0.5404 0.0295
vn -0.9992 -0.0271 -0.0295
vn -0.9992 0.0271 0.0295
vn -0.8409 0.5404 -0.0295
vn -0.7715 0.6294 0.0927
vn -0.3440 0.9290 -0.1362
vn -0.0355 0.9803 0.1943
vn 0.4573 0.8678 -0.1943
vn 0.7443 0.6390 0.1943
vn 0.2893 0.1533 -0.9449
vn -0.2437 0.0482 -0.9687
vn -0.8014 -0.2215 -0.5556
vn -0.4932 -0.0921 -0.8650
vn -0.6183 -0.3241 -0.7160
vn -0.5026 -0.2792 -0.8182
vn -0.6992 -0.5886 -0.4058
vn -0.4855 -0.6327 -0.6033
vn -0.3036 -0.3417 -0.8894
vn -0.3847 -0.8213 -0.4213
vn -0.1745 -0.7749 -0.6075
vn -0.1247 -0.3891 -0.9127
vn -0.0033 -0.9095 -0.4157
vn 0.0460 -0.4850 -0.8733
vn 0.6032 -0.5153 -0.6088
vn 0.3356 -0.3292 -0.8826
vn 0.8025 -0.4284 -0.4153
vn 0.7704 -0.2153 -0.6002
vn 0.3820 -0.1448 -0.9127
vn 0.9054 -0.0508 -0.4216
vn 0.7854 0.1271 -0.6058
vn 0.4080 0.0291 -0.9125
vn 0.8431 0.3316 -0.4234
vn 0.3784 0.4020 -0.8338
vn 0.0004 0.8647 -0.5023
vn 0.0610 0.5623 -0.8247
vn -0.1789 0.8086 -0.5605
vn -0.0790 0.5057 -0.8591
vn -0.3724 0.8029 -0.4655
vn -0.4997 0.6563 -0.5653
vn -0.2134 0.3457 -0.9138
vn -0.6768 0.5742 -0.4607
vn -0.7551 0.3998 -0.5196
vn -0.3676 0.2518 -0.8952
vn -0.6468 0.1981 -0.7365
vn 0.9890 0.1236 0.0808
vn 0.8428 0.2481 -0.4776
vn 0.9141 0.3863 -0.1231
vn 0.9028 0.3653 -0.2269
vn 0.7524 0.4075 -0.5176
vn 0.7820 0.6165 -0.0922
vn 0.2368 0.3430 0.9090
vn 0.2750 0.8286 0.4877
vn 0.1167 0.7963 -0.5935
vn 0.0180 0.9992 0.0356
vn -0.1223 0.9891 0.0818
vn -0.2480 0.8429 -0.4776
vn -0.2717 0.8622 -0.4277
vn -0.3724 0.9251 0.0747
vn -0.4713 0.6337 -0.6134
vn -0.7392 0.5734 0.3534
vn -0.7757 0.4228 -0.4685
vn -0.8976 0.3640 -0.2487
vn -0.9354 0.3017 0.1847
vn -0.7844 0.1153 -0.6095
vn -0.9998 0.0171 -0.0048
vn -0.9894 -0.1235 0.0759
vn -0.8429 -0.2479 -0.4775
vn -0.8624 -0.2719 -0.4269
vn -0.9283 -0.3691 0.0449
vn -0.6879 -0.4929 -0.5327
vn -0.7282 -0.5115 -0.4562
vn -0.6161 -0.6516 -0.4425
vn -0.2672 -0.3804 0.8854
vn -0.2803 -0.8627 0.4210
vn -0.1149 -0.7811 -0.6138
vn -0.0200 -0.9842 -0.1762
vn 0.1299 -0.9875 -0.0889
vn 0.2462 -0.8360 -0.4904
vn 0.2677 -0.8525 -0.4489
vn 0.3855 -0.9189 0.0842
vn 0.4561 -0.6093 -0.6486
vn 0.7380 -0.5708 0.3598
vn 0.7751 -0.4222 -0.4701
vn 0.8972 -0.3648 -0.2487
vn 0.9330 -0.3012 0.1969
vn 0.9362 -0.3507 -0.0214
vn 0.4441 -0.4840 0.7540
vn 0.0339 -0.4972 0.8670
vn -0.3450 -0.1213 0.9307
vn -0.7344 0.2795 0.6184
vn -0.4602 0.5173 0.7215
vn -0.0975 0.2833 0.9541
vn 0.0474 0.3171 0.9472
vn 0.6494 0.5483 0.5269
vn 0.3068 0.1049 0.9460
vn 0.7626 0.0095 -0.6468
vn 0.8947 -0.0468 -0.4443
vn 0.7099 -0.0917 -0.6983
vn 0.8896 -0.3250 -0.3210
vn 0.3798 -0.2245 -0.8974
vn 0.7184 -0.6951 -0.0280
vn -0.2980 -0.9460 -0.1278
vn -0.2957 -0.8428 -0.4498
vn -0.2954 -0.4443 -0.8458
vn -0.6220 -0.7314 -0.2797
vn -0.5580 -0.1186 -0.8214
vn -0.8432 0.0582 -0.5344
vn -0.9139 0.3267 -0.2410
vn -0.3970 0.2366 -0.8868
vn -0.7067 0.6986 -0.1118
vn -0.1226 0.6008 -0.7899
vn 0.0592 0.8151 -0.5763
vn 0.2112 0.9047 -0.3701
vn 0.2340 0.6397 -0.7322
vn 0.4255 0.7497 -0.5069
vn 0.3315 0.4948 -0.8033
vn 0.6887 0.6653 -0.2883
vn 0.6065 0.1228 -0.7855
vn -0.5477 -0.8365 0.0150
vn -0.9296 -0.3361 0.1513
vn -0.8537 0.5025 0.1368
vn -0.8911 0.4269 0.1542
vn -0.7491 0.6502 0.1267
vn -0.9880 0.1522 0.0247
vn -0.9876 0.1551 0.0228
vn -0.6353 -0.2895 0.7159
vn -0.8751 -0.4510 0.1755
vn -0.6143 -0.1723 0.7700
vn -0.8249 -0.1142 0.5536
vn -0.8508 -0.1225 0.5110
vn -0.7437 0.0924 0.6621
vn -0.7894 0.0901 0.6073
vn -0.6099 0.1738 0.7732
vn -0.8074 0.3316 0.4880
vn -0.3242 0.3513 0.8783
vn 0.4526 0.1335 0.8817
vn 0.7953 0.1748 0.5805
vn 0.8993 0.0017 0.4373
vn 0.4232 -0.0479 0.9048
vn -0.9885 -0.1386 0.0601
vn -0.9209 -0.3877 -0.0418
vn -0.9852 -0.1247 0.1178
vn 0.9961 -0.0856 0.0233
vn -0.9649 0.2047 -0.1645
vn -0.7346 0.6775 0.0374
vn -0.7152 0.6834 0.1462
vn -0.0522 0.9980 -0.0361
vn -0.3877 0.8459 0.3663
vn -0.2552 -0.9351 0.2458
vn -0.2365 -0.9450 0.2257
vn -0.5357 -0.8381 -0.1034
vn -0.8752 -0.4566 0.1601
vn -0.9182 -0.3961 -0.0078
vn -0.3626 -0.0745 -0.9290
vn -0.3893 -0.0975 -0.9160
vn -0.3727 0.0989 -0.9227
vn -0.3702 0.1002 -0.9235
vn -0.0875 0.4863 -0.8694
vn -0.2919 0.2355 -0.9270
vn -0.2923 0.2372 -0.9264
vn -0.2700 0.2445 -0.9313
vn -0.2246 0.2436 -0.9435
vn -0.2237 0.3081 -0.9247
vn -0.1664 0.3781 -0.9107
vn -0.3346 0.3974 -0.8545
vn -0.0460 0.3554 -0.9336
vn -0.0616 0.3773 -0.9240
vn -0.0358 0.3504 -0.9359
vn -0.1194 0.3139 -0.9419
vn 0.1269 0.4017 -0.9069
vn 0.1537 0.2953 -0.9430
vn 0.2834 0.3068 -0.9086
vn 0.2931 0.2048 -0.9339
vn 0.5245 -0.1142 -0.8437
vn 0.3425 0.1577 -0.9262
vn 0.3615 0.1135 -0.9254
vn 0.3542 0.1194 -0.9275
vn 0.3647 0.0969 -0.9261
vn 0.3553 0.0432 -0.9337
vn 0.3191 0.0120 -0.9476
vn 0.3726 -0.0409 -0.9271
vn 0.3789 -0.0816 -0.9218
vn 0.3538 -0.1194 -0.9277
vn 0.3734 -0.0994 -0.9223
vn 0.3420 -0.1571 -0.9265
vn 0.6079 0.1898 -0.7710
vn 0.2878 -0.2024 -0.9361
vn 0.2844 -0.3099 -0.9072
vn 0.1079 -0.3216 -0.9407
vn 0.1009 -0.3744 -0.9218
vn -0.3471 -0.3320 -0.8771
vn -0.0603 -0.3713 -0.9266
vn -0.0627 -0.3736 -0.9255
vn -0.0833 -0.3579 -0.9300
vn -0.1104 -0.3083 -0.9449
vn -0.1445 -0.3279 -0.9336
vn -0.2361 -0.3209 -0.9172
vn -0.2709 -0.2513 -0.9292
vn -0.2855 -0.2131 -0.9344
vn -0.2921 -0.2385 -0.9262
vn -0.2845 -0.2212 -0.9328
vn -0.2509 -0.2534 -0.9343
vn -0.9998 0.0175 -0.0009
vn -0.9999 0.0138 -0.0006
vn -0.9282 0.0967 -0.3592
vn -0.9913 0.0832 -0.1025
vn -0.9480 0.2748 0.1604
vn -0.9129 0.3385 -0.2282
vn -0.9210 0.3896 -0.0016
vn -0.9271 0.3748 -0.0000
vn -0.8657 0.4496 0.2200
vn -0.8227 0.5678 0.0270
vn -0.8655 0.4978 0.0566
vn -0.7813 0.6238 0.0225
vn -0.7728 0.6346 -0.0003
vn -0.7489 0.6627 0.0047
vn -0.7541 0.6568 -0.0010
vn -0.7204 0.6935 0.0005
vn -0.6684 0.7437 -0.0045
vn -0.6232 0.7656 0.1600
vn -0.5225 0.8526 -0.0110
vn -0.4343 0.8524 0.2913
vn -0.3058 0.9521 -0.0093
vn -0.3880 0.9217 -0.0008
vn -0.3804 0.9238 -0.0440
vn -0.2750 0.9404 0.2000
vn -0.1656 0.9860 -0.0206
vn -0.1623 0.9865 -0.0233
vn -0.1384 0.9903 0.0098
vn -0.1039 0.9899 0.0965
vn 0.0024 0.9956 0.0941
vn -0.0192 0.9998 -0.0021
vn 0.0148 0.9999 0.0010
vn 0.1003 0.9809 0.1665
vn 0.2903 0.9535 0.0812
vn 0.3576 0.9339 -0.0010
vn 0.3830 0.9237 -0.0039
vn 0.4793 0.8648 -0.1497
vn 0.6254 0.7487 0.2200
vn 0.6951 0.7189 -0.0026
vn 0.6956 0.7184 -0.0027
vn 0.7793 0.6120 -0.1348
vn 0.8648 0.4690 0.1793
vn 0.9033 0.4267 0.0435
vn 0.9282 0.3720 -0.0106
vn 0.9177 0.3972 0.0013
vn 0.9166 0.3999 -0.0000
vn 0.9211 0.3894 0.0007
vn 0.9414 0.3374 -0.0007
vn 0.9364 0.3510 0.0019
vn 0.9421 0.3338 -0.0312
vn 0.9417 0.2750 0.1938
vn 0.9338 0.3576 -0.0074
vn 0.9902 0.1196 -0.0723
vn 0.9999 -0.0112 -0.0013
vn 1.0000 0.0021 0.0001
vn 0.9897 -0.1187 -0.0798
vn 0.9418 -0.2750 0.1936
vn 0.9350 -0.3545 -0.0056
vn 0.9371 -0.3490 0.0018
vn 0.9421 -0.3341 -0.0273
vn 0.9267 -0.3758 -0.0000
vn 0.9358 -0.3525 0.0025
vn 0.9159 -0.4015 -0.0007
vn 0.9177 -0.3973 0.0013
vn 0.9529 -0.3001 -0.0433
vn 0.8744 -0.4670 0.1315
vn 0.8688 -0.4711 0.1524
vn 0.8338 -0.5503 -0.0443
vn 0.7291 -0.6157 0.2989
vn 0.7206 -0.6933 -0.0033
vn 0.7223 -0.6916 -0.0031
vn 0.6745 -0.6926 -0.2555
vn 0.6160 -0.7661 0.1832
vn 0.4891 -0.8632 -0.1253
vn 0.4623 -0.8867 0.0088
vn 0.3050 -0.9523 -0.0074
vn 0.2838 -0.8027 -0.5245
vn 0.1536 -0.8858 0.4379
vn 0.0940 -0.9955 0.0093
vn 0.1066 -0.9943 -0.0066
vn -0.0607 -0.9982 0.0030
vn -0.1541 -0.9881 -0.0005
vn -0.0855 -0.9947 0.0564
vn -0.1060 -0.9926 0.0586
vn -0.1114 -0.9928 0.0449
vn -0.1859 -0.9809 -0.0581
vn -0.1613 -0.9869 0.0056
vn -0.2772 -0.9529 0.1227
vn -0.3523 -0.9203 -0.1700
vn -0.3880 -0.9216 -0.0007
vn -0.3511 -0.9363 -0.0046
vn -0.4295 -0.8492 0.3071
vn -0.4942 -0.8643 0.0936
vn -0.6115 -0.7628 0.2100
vn -0.6480 -0.7561 0.0917
vn -0.5767 -0.8168 0.0162
vn -0.7818 -0.6235 0.0012
vn -0.8287 -0.5597 -0.0006
vn -0.8500 -0.5266 -0.0122
vn -0.7785 -0.6276 0.0060
vn -0.7814 -0.6239 0.0135
vn -0.7219 -0.6920 -0.0016
vn -0.7111 -0.7031 -0.0013
vn -0.8668 -0.4525 0.2094
vn -0.9520 -0.3059 -0.0094
vn -0.9210 -0.3896 -0.0008
vn -0.9106 -0.3381 -0.2377
vn -0.9485 -0.2749 0.1572
vn -0.9920 -0.1125 -0.0575
vn -0.8569 -0.5061 0.0984
vn -0.1508 0.9883 0.0229
vn 0.8609 0.5087 0.0082
vn 0.8312 0.5560 -0.0024
vn 0.8579 0.5137 -0.0053
vn 0.8681 0.4964 -0.0056
vn 0.9065 0.4221 0.0053
vn 0.9268 0.3756 -0.0074
vn 0.9767 0.2147 0.0067
vn 0.9871 0.1597 -0.0069
vn 1.0000 0.0019 0.0069
vn 0.9984 -0.0560 -0.0070
vn 0.9744 -0.2248 0.0083
vn 0.9631 -0.2692 -0.0019
vn 0.9173 -0.3980 0.0119
vn 0.8827 -0.4699 0.0006
vn 0.8582 -0.5132 0.0098
vn 0.8742 -0.4854 0.0108
vn 0.7639 -0.6450 0.0196
vn 0.7591 -0.6510 -0.0026
vn 0.7596 -0.6504 -0.0024
vn 0.5144 -0.8575 0.0059
vn 0.7249 -0.6888 0.0046
vn 0.5990 -0.8007 -0.0029
vn 0.5590 -0.8291 0.0058
vn 0.5074 -0.8617 -0.0053
vn 0.3900 -0.9208 0.0048
vn 0.3419 -0.9397 -0.0061
vn 0.2163 -0.9763 -0.0029
vn 0.2378 -0.9700 0.0505
vn 0.2159 -0.9764 -0.0030
vn 0.0206 -0.9998 0.0036
vn 0.0189 -0.9998 0.0036
vn -0.0046 -1.0000 -0.0034
vn -0.1960 -0.9806 0.0034
vn -0.2197 -0.9756 -0.0037
vn -0.4001 -0.9165 0.0037
vn -0.4242 -0.9056 -0.0039
vn -0.5859 -0.8104 0.0039
vn -0.6088 -0.7933 -0.0042
vn -0.7566 -0.6538 0.0050
vn -0.7650 -0.6441 0.0014
vn -0.8675 -0.4974 0.0097
vn -0.8852 -0.4653 0.0007
vn -0.8636 -0.5041 -0.0027
vn -0.9413 -0.3368 0.0208
vn -0.9434 -0.3317 0.0047
vn -0.9749 -0.2223 -0.0147
vn -0.9639 -0.2663 -0.0053
vn -0.9926 -0.1206 0.0107
vn -0.9988 -0.0494 -0.0024
vn -0.9990 -0.0438 -0.0021
vn -0.9983 0.0571 -0.0106
vn -0.9895 0.1446 0.0055
vn -0.9647 0.2634 -0.0064
vn -0.9759 0.2174 -0.0165
vn -0.9405 0.3396 0.0113
vn -0.9414 0.3373 0.0044
vn -0.8765 0.4815 -0.0010
vn -0.8834 0.4687 0.0002
vn -0.8762 0.4819 0.0038
vn -0.7625 0.6470 -0.0035
vn -0.7475 0.6643 0.0032
vn -0.6058 0.7956 -0.0032
vn -0.5890 0.8081 0.0030
vn -0.4207 0.9072 -0.0029
vn -0.3864 0.9223 0.0083
vn -0.2160 0.9764 0.0019
vn -0.2029 0.9792 0.0057
vn -0.0009 1.0000 0.0004
vn 0.0117 0.9999 0.0042
vn 0.0289 0.9996 0.0045
vn 0.9629 -0.2690 -0.0207
vn 0.1816 0.9834 0.0027
vn 0.2140 0.9768 -0.0046
vn 0.4212 0.9069 -0.0069
vn 0.2387 0.9711 -0.0007
vn 0.3397 0.9405 -0.0079
vn 0.3737 0.9275 -0.0013
vn 0.5064 0.8622 -0.0102
vn 0.5473 0.8369 -0.0010
vn 0.5979 0.8016 0.0006
vn 0.6024 0.7982 0.0021
vn 0.9377 0.3474 0.0035
vn 0.7250 0.6887 0.0064
vn 0.7609 0.6488 -0.0050
vn 0.0001 -0.0000 1.0000
vn -0.1066 0.0881 0.9904
vn 0.0001 -0.0001 1.0000
vn 0.0001 0.0001 1.0000
vn -0.1107 0.0319 0.9933
vn 0.0330 -0.1187 0.9924
vn 0.0003 -0.0000 1.0000
vn -0.0001 0.0005 1.0000
vn -0.0001 0.0006 1.0000
vn -0.0003 -0.0000 1.0000
vn -0.0401 -0.1382 0.9896
vn 0.1092 0.0865 0.9903
vn 0.0001 0.0002 1.0000
vn -0.0668 -0.0194 0.9976
vn 0.0557 -0.0396 0.9977
vn 0.0105 0.0668 0.9977
vn -0.0002 -0.0001 1.0000
vn 0.0001 -0.0002 1.0000
vn -0.0308 0.1121 0.9932
vn 0.0178 -0.0646 0.9977
vn 0.0370 0.0520 0.9980
vn -0.0714 0.1006 0.9924
vn 0.0056 -0.0080 1.0000
vn 0.0018 0.0080 1.0000
vn -0.0000 -0.0003 1.0000
vn -0.0087 0.0013 1.0000
vn 0.0324 0.1104 0.9934
vn -0.1193 -0.0325 0.9923
vn -0.0000 -0.0001 1.0000
vn 0.1163 -0.0948 0.9887
vn -0.0095 -0.0211 -0.9997
vn -0.0177 0.0030 -0.9998
vn -0.0000 0.0130 -0.9999
vn -0.0490 0.0357 -0.9982
vn 0.0011 -0.0008 -1.0000
vn -0.0011 -0.0003 -1.0000
vn 0.0054 0.0007 -1.0000
vn -0.0003 -0.0002 -1.0000
vn -0.0432 -0.0068 -0.9990
vn 0.0194 -0.0631 -0.9978
vn 0.0211 -0.0095 -0.9997
vn -0.0030 -0.0177 -0.9998
vn -0.0130 0.0001 -0.9999
vn -0.0805 -0.1106 -0.9906
vn 0.0006 0.0009 -1.0000
vn 0.0002 -0.0008 -1.0000
vn 0.0398 0.0221 -0.9990
vn 0.0544 -0.0765 -0.9956
vn 0.0095 0.0211 -0.9997
vn 0.0177 -0.0030 -0.9998
vn 0.0338 0.0062 -0.9994
vn 0.0066 -0.0424 -0.9991
vn 0.0022 0.0007 -1.0000
vn -0.0960 0.0280 -0.9950
vn 0.0757 0.0539 -0.9957
vn 0.0432 0.0068 -0.9990
vn -0.0168 0.0544 -0.9984
vn -0.0211 0.0095 -0.9997
vn 0.0030 0.0177 -0.9998
vn 0.0129 0.0001 -0.9999
vn 0.0346 0.0474 -0.9983
vn -0.0008 -0.0011 -1.0000
vn -0.0002 0.0011 -1.0000
vn -0.0393 -0.0219 -0.9990
vn -0.0539 0.0757 -0.9957
vn -0.0065 0.0413 -0.9991
vn -0.0028 -0.0009 -1.0000
vn 0.0490 -0.0357 -0.9982
vn -0.0010 0.0007 -1.0000
vn 0.0010 0.0002 -1.0000
vn -0.9861 0.1658 0.0108
vn -0.9745 0.2242 -0.0108
vn -0.9745 -0.2242 0.0108
vn -0.9861 -0.1658 -0.0108
vn -0.8145 -0.5800 0.0108
vn -0.8476 -0.5306 -0.0108
vn -0.5306 -0.8476 0.0108
vn -0.5800 -0.8145 -0.0108
vn -0.1658 -0.9861 0.0108
vn -0.2242 -0.9745 -0.0108
vn 0.2242 -0.9745 0.0108
vn 0.1658 -0.9861 -0.0108
vn 0.5800 -0.8145 0.0108
vn 0.5306 -0.8476 -0.0108
vn 0.9861 -0.1658 0.0108
vn 0.9745 -0.2242 -0.0108
vn 0.8476 -0.5306 0.0108
vn 0.8145 -0.5800 -0.0108
vn 0.8145 0.5800 0.0108
vn 0.8476 0.5306 -0.0108
vn 0.5306 0.8476 0.0108
vn 0.5800 0.8145 -0.0108
vn 0.1658 0.9861 0.0108
vn 0.2242 0.9745 -0.0108
vn -0.2242 0.9745 0.0108
vn -0.1658 0.9861 -0.0108
vn -0.5800 0.8145 0.0108
vn -0.5306 0.8476 -0.0108
vn -0.8476 0.5306 0.0108
vn -0.8145 0.5800 -0.0108
vn 0.9745 0.2242 0.0108
vn 0.9861 0.1658 -0.0108
vn 0.2440 0.2405 0.9395
vn 0.2834 0.2609 0.9228
vn 0.2646 0.2603 0.9286
vn 0.2692 0.2590 0.9276
vn 0.3351 0.1932 0.9222
vn 0.3412 0.1480 0.9283
vn 0.4465 0.0921 0.8901
vn 0.2159 0.0242 0.9761
vn 0.4476 -0.0630 0.8920
vn 0.3240 -0.1387 0.9358
vn 0.3372 -0.1938 0.9213
vn 0.2875 -0.2449 0.9259
vn 0.2339 -0.2679 0.9346
vn 0.2325 -0.2336 0.9441
vn 0.2757 -0.2575 0.9261
vn 0.2695 -0.2578 0.9278
vn 0.1998 -0.2878 0.9366
vn 0.2742 0.2427 0.9305
vn -0.3413 0.0929 0.9353
vn -0.3673 0.1174 0.9227
vn -0.3513 0.0768 0.9331
vn -0.3494 0.0691 0.9344
vn -0.3553 0.1244 0.9264
vn -0.3361 0.1926 0.9219
vn -0.2988 0.2215 0.9283
vn -0.3030 0.3406 0.8901
vn -0.1291 0.1752 0.9760
vn -0.1692 0.4191 0.8920
vn -0.0419 0.3500 0.9358
vn -0.0006 0.3890 0.9212
vn 0.0677 0.3717 0.9259
vn 0.1167 0.3349 0.9350
vn 0.0861 0.3181 0.9441
vn 0.0852 0.3675 0.9261
vn 0.0885 0.3624 0.9278
vn 0.1536 0.3136 0.9370
vn -0.3500 0.0501 0.9354
vn -0.0195 0.0014 -0.9998
vn -0.0128 -0.0034 -0.9999
vn 0.0040 -0.0016 -1.0000
vn 0.0040 -0.0017 -1.0000
vn 0.0098 -0.0034 -0.9999
vn 0.0141 -0.0230 -0.9996
vn 0.0095 -0.0197 -0.9998
vn 0.0007 -0.0287 -0.9996
vn 0.0025 -0.0151 -0.9999
vn 0.0118 -0.0028 -0.9999
vn -0.0003 0.0149 -0.9999
vn 0.0145 0.0298 -0.9995
vn 0.0373 0.0342 -0.9987
vn -0.0124 -0.0040 -0.9999
vn 0.0075 0.0040 -1.0000
vn 0.0075 0.0042 -1.0000
vn -0.0097 0.0053 -0.9999
vn -0.0120 0.0025 -0.9999
vn -0.0026 -0.0004 -1.0000
vn -0.0145 -0.0051 -0.9999
vn -0.0164 0.0064 -0.9998
vn -0.0011 0.0046 -1.0000
vn -0.0057 -0.0035 -1.0000
vn -0.0003 -0.0064 -1.0000
vn -0.0023 -0.0123 -0.9999
vn 0.0086 -0.0139 -0.9999
vn 0.0100 -0.0152 -0.9998
vn 0.0103 -0.0142 -0.9998
vn 0.0004 0.0026 -1.0000
vn 0.0012 0.0039 -1.0000
vn 0.0014 0.0024 -1.0000
vn 0.0011 0.0024 -1.0000
vn 0.0044 0.0100 -0.9999
vn 0.0222 0.0094 -0.9997
vn 0.0164 -0.0001 -0.9999
vn -0.0174 0.0047 -0.9998
vn 0.0863 -0.3316 0.9395
vn 0.0842 -0.3759 0.9228
vn 0.0931 -0.3593 0.9286
vn 0.0894 -0.3628 0.9276
vn 0.0002 -0.3870 0.9221
vn -0.0425 -0.3695 0.9283
vn -0.1435 -0.4327 0.8901
vn -0.0872 -0.1994 0.9760
vn -0.2783 -0.3561 0.8920
vn -0.2821 -0.2113 0.9358
vn -0.3364 -0.1951 0.9213
vn -0.3563 -0.1250 0.9260
vn -0.3496 -0.0710 0.9342
vn -0.2660 -0.0552 0.9624
vn -0.3622 -0.1110 0.9254
vn -0.3572 -0.1010 0.9285
vn -0.3496 -0.0736 0.9340
vn 0.0727 -0.3591 0.9305
vn -0.0000 -0.0002 -1.0000
vn 0.0002 -0.0000 -1.0000
vn 0.0002 -0.0004 -1.0000
vn 0.0009 -0.0000 -1.0000
vn 0.0005 -0.0004 -1.0000
vn 0.0002 -0.0007 -1.0000
vn -0.0000 -0.0004 -1.0000
vn -0.0003 -0.0003 -1.0000
vn -0.0000 -0.0003 -1.0000
vn -0.0001 0.0001 -1.0000
vn -0.0002 0.0002 -1.0000
vn -0.0003 -0.0000 -1.0000
vn 0.0001 0.0010 -1.0000
vn 0.0002 0.0010 -1.0000
vn -0.0007 0.0012 -1.0000
vn -0.0003 -0.0001 -1.0000
vn -0.0002 0.0001 -1.0000
vn -0.0000 0.0008 -1.0000
vn -0.9457 0.3251 -0.0020
vn -0.9455 0.3230 0.0415
vn -0.9499 0.3124 0.0125
vn 0.2359 0.9653 -0.1124
vn -0.1546 0.9754 0.1569
vn -0.1467 0.9819 0.1200
vn -0.6568 0.7520 -0.0552
vn -0.7341 0.6294 0.2548
vn 0.9272 -0.0849 0.3648
vn 0.9275 -0.3680 0.0662
vn 0.9554 0.2945 0.0197
vn 0.8909 0.4254 0.1591
vn 0.6985 0.7083 -0.1021
vn 0.7629 -0.6376 0.1070
vn 0.7612 -0.6410 0.0984
vn 0.7675 -0.6409 0.0122
vn 0.0037 -0.0260 0.9997
vn 0.0039 -0.0232 0.9997
vn -0.0280 -0.0116 0.9995
vn -0.0753 -0.0281 0.9968
vn 0.1639 -0.9862 0.0237
vn 0.1668 -0.9791 0.1166
vn 0.2036 -0.9787 0.0252
vn 0.2365 0.9711 0.0326
vn 0.1724 0.9718 0.1610
vn 0.1663 0.9859 0.0163
vn 0.0739 0.0098 0.9972
vn -0.0366 0.0423 0.9984
vn -0.0154 -0.0218 0.9996
vn 0.0532 -0.0010 0.9986
vn -0.6666 -0.7448 -0.0298
vn -0.6246 -0.7725 0.1141
vn -0.6245 -0.7796 0.0476
vn -0.6237 -0.7725 0.1199
vn -0.6306 -0.7751 0.0378
vn -0.3628 -0.9284 0.0806
vn -0.3438 -0.9390 0.0046
vn -0.3402 -0.9388 0.0530
vn -0.2872 -0.9520 -0.1059
vn 0.0032 -0.0576 0.9983
vn -0.0171 -0.0003 0.9999
vn 0.0086 0.0183 0.9998
vn 0.0062 0.0009 1.0000
vn -0.0132 0.0049 0.9999
vn -0.0380 -0.0504 0.9980
vn -0.0561 -0.0465 0.9973
vn -0.6238 0.7776 0.0787
vn -0.6393 0.7688 0.0168
vn -0.6398 0.7680 0.0294
vn -0.6683 0.7345 -0.1182
vn -0.3150 0.9489 -0.0208
vn -0.3468 0.9345 0.0805
vn -0.3514 0.9359 0.0249
vn -0.3574 0.9260 0.1218
vn -0.3560 0.9340 0.0311
vn -0.0609 0.0274 0.9978
vn -0.0006 0.0163 0.9999
vn 0.0054 -0.0072 1.0000
vn -0.0004 -0.0038 1.0000
vn 0.0077 0.0339 0.9994
vn -0.0157 0.0276 0.9995
vn -0.0110 0.0541 0.9985
vn 0.8193 0.5657 0.0932
vn 0.7585 0.6515 0.0147
vn 0.7570 0.6521 0.0418
vn 0.7459 0.6660 -0.0028
vn 0.7180 -0.6869 -0.1123
vn 0.9222 -0.3537 0.1563
vn 0.9116 -0.3248 0.2519
vn 0.9611 0.2294 -0.1537
vn -0.5383 -0.7606 0.3630
vn -0.7820 -0.6198 0.0661
vn -0.2227 -0.9747 0.0197
vn -0.0767 -0.9842 0.1595
vn 0.2641 -0.9591 -0.1022
vn -0.9336 -0.3419 0.1070
vn -0.9357 -0.3388 0.0984
vn -0.9388 -0.3441 0.0120
vn -0.0108 0.0131 0.9999
vn -0.0055 -0.0271 0.9996
vn 0.0504 -0.0336 0.9982
vn -0.0245 0.0404 0.9989
vn 0.9852 0.1502 0.0829
vn 0.9854 0.1697 0.0148
vn 0.9836 0.1720 0.0535
vn 0.9673 0.2277 -0.1113
vn 0.9792 -0.2019 -0.0210
vn 0.9818 -0.1585 0.1050
vn 0.9873 -0.1548 0.0359
vn 0.9809 -0.1542 0.1182
vn 0.9868 -0.1592 0.0303
vn 0.0968 0.0223 0.9951
vn 0.0131 0.0105 0.9999
vn 0.0136 0.0104 0.9999
vn 0.0031 0.0018 1.0000
vn 0.0124 -0.0080 0.9999
vn 0.0286 -0.0051 0.9996
vn 0.0256 -0.0088 0.9996
vn 0.0332 -0.0080 0.9994
vn 0.1169 -0.0209 0.9929
vn -0.4240 0.9053 0.0257
vn -0.5721 -0.8198 0.0244
vn 0.6204 0.7817 -0.0636
vn 0.7907 0.5987 0.1280
vn -0.1659 0.5406 0.8248
vn -0.3189 0.8779 0.3571
vn -0.4796 0.3159 0.8187
vn -0.7317 0.6503 0.2040
vn -0.3059 0.4197 0.8545
vn -0.3290 0.4453 0.8327
vn -0.3620 0.8058 0.4687
vn -0.0312 0.2560 0.9662
vn 0.8078 0.1359 0.5736
vn 0.3299 0.3272 0.8855
vn 0.7249 -0.6397 -0.2555
vn -0.0085 -0.3882 0.9215
vn 0.5679 -0.4037 0.7173
vn 0.7252 -0.6596 0.1975
vn 0.3716 -0.4896 0.7888
vn 0.3366 -0.5278 0.7798
vn 0.4283 -0.8628 0.2685
vn 0.1751 -0.6199 0.7649
vn 0.1579 -0.9016 0.4026
vn -0.5368 0.6284 0.5630
vn -0.5007 0.5658 0.6552
vn -0.5312 -0.4234 0.7339
vn -0.5178 -0.4365 0.7358
vn 0.0519 -0.9885 0.1423
vn -0.2677 -0.9620 0.0537
vn 0.0261 -0.7130 0.7007
vn -0.0040 -0.6592 0.7520
vn -0.6197 -0.2375 0.7481
vn -0.5271 -0.1639 0.8338
vn 0.1590 -0.3688 0.9158
vn 0.3985 -0.5363 0.7440
vn 0.9806 -0.1848 0.0649
vn 0.9884 -0.1139 0.1005
vn -0.8591 0.4346 0.2705
vn 0.5393 -0.5779 0.6125
vn -0.3537 0.9334 0.0611
vn -0.3476 0.9256 0.1499
vn -0.3836 0.4500 0.8065
vn -0.5535 0.6084 0.5687
vn -0.2484 0.4817 0.8404
vn -0.6577 0.7527 -0.0286
vn 0.6248 0.5693 0.5343
vn 0.5757 0.4972 0.6491
vn 0.3631 -0.9299 -0.0586
vn 0.1390 -0.9828 0.1219
vn 0.5679 -0.1287 0.8130
vn 0.9209 -0.1635 0.3539
vn -0.2816 -0.7697 0.5729
vn 0.1139 -0.4499 0.8858
vn 0.8449 0.1452 0.5149
vn 0.5947 0.1191 0.7951
vn -0.1000 0.6691 0.7364
vn -0.0471 0.6824 0.7295
vn 0.3495 0.9324 0.0926
vn 0.1246 0.9912 -0.0443
vn 0.8345 0.5330 0.1397
vn 0.9653 0.2557 0.0531
vn 0.6495 0.4652 0.6014
vn 0.5726 0.3276 0.7515
vn 0.6901 -0.7188 0.0837
vn 0.5167 -0.4141 0.7493
vn 0.3984 -0.3689 0.8398
vn 0.2566 0.3328 0.9074
vn 0.2491 0.5689 0.7838
vn 0.2418 0.5346 0.8098
vn -0.3267 0.9429 0.0649
vn -0.3952 0.9128 0.1030
vn 0.0577 -0.9606 0.2720
vn 0.2287 0.7565 0.6127
vn -0.2630 -0.4947 -0.8283
vn -0.2015 -0.5582 0.8048
vn -0.3135 -0.9208 0.2320
vn -0.8131 0.2590 0.5214
vn -0.7176 0.2509 0.6496
vn -0.3318 0.9366 0.1124
vn -0.5398 -0.6134 0.5765
vn -0.6026 -0.7093 0.3657
vn -0.0368 -0.5815 0.8127
vn -0.1919 -0.9603 0.2024
vn -0.2160 -0.4948 0.8417
vn -0.1909 -0.4171 0.8886
vn -0.5731 -0.7925 0.2085
vn -0.4377 -0.4278 0.7908
vn -0.5066 0.3948 0.7665
vn -0.4453 0.1282 0.8861
vn 0.1848 0.8887 -0.4196
vn 0.3828 0.1548 0.9107
vn 0.1230 0.8823 0.4543
vn 0.4677 0.8478 0.2498
vn 0.4190 0.6711 0.6116
vn 0.4135 0.6034 0.6818
vn 0.6867 0.5872 0.4285
vn 0.6760 0.6913 -0.2552
vn 0.2235 0.9095 0.3505
vn 0.4109 0.8373 0.3608
vn -0.2933 -0.7822 0.5497
vn -0.1943 -0.5724 0.7966
vn 0.6286 -0.2513 0.7360
vn 0.6196 -0.2835 0.7319
vn 0.8048 -0.5901 0.0648
vn 0.8079 -0.5862 0.0612
vn -0.7821 0.6231 -0.0026
vn 0.1180 0.7262 0.6773
vn -0.6942 0.0594 0.7173
vn -0.4300 0.0371 0.9021
vn -0.4708 -0.0608 0.8801
vn -0.7698 -0.1783 0.6128
vn 0.8696 -0.1621 0.4663
vn 0.8183 0.1650 0.5506
vn 0.7404 0.0115 0.6721
vn 0.1817 -0.8329 0.5227
vn 0.1418 -0.7485 0.6478
vn 0.3332 -0.1756 0.9264
vn -0.3756 -0.9035 0.2064
vn -0.5949 0.7771 0.2054
vn -0.0084 0.3746 0.9271
vn 0.9703 0.1265 0.2064
vn -0.0337 0.9994 0.0061
vn 0.0285 0.9996 -0.0064
vn -0.0059 -1.0000 0.0020
vn 0.0155 -0.9999 0.0062
vn 0.7186 0.6954 -0.0032
vn 0.6842 0.7293 0.0064
vn -0.7071 -0.7071 -0.0006
vn -0.7272 -0.6864 -0.0064
vn -0.9249 -0.3800 -0.0065
vn -0.9243 -0.3817 -0.0061
vn 0.9234 0.3837 0.0002
vn 0.9111 0.4120 0.0064
vn 1.0000 0.0016 -0.0079
vn 0.9971 0.0758 0.0068
vn -1.0000 -0.0000 -0.0007
vn -0.9996 0.0285 -0.0064
vn -0.9241 0.3821 0.0001
vn -0.9111 0.4120 -0.0064
vn 0.9098 -0.4151 -0.0064
vn 0.9349 -0.3549 0.0064
vn 0.6959 -0.7181 -0.0016
vn 0.7240 -0.6898 0.0063
vn -0.7036 0.7106 -0.0016
vn -0.6863 0.7273 -0.0064
vn 0.3836 -0.9235 0.0002
vn 0.4120 -0.9111 0.0064
vn -0.3827 0.9239 -0.0000
vn -0.3529 0.9356 -0.0064
vn -0.7193 -0.6947 -0.0035
vn -0.6841 -0.7294 0.0064
vn 0.7073 0.7069 -0.0007
vn 0.7272 0.6864 -0.0064
vn -0.3817 -0.9243 0.0002
vn -0.3529 -0.9356 0.0064
vn 0.3827 0.9239 -0.0000
vn 0.4120 0.9111 -0.0064
vn 0.9282 0.3720 -0.0083
vn 0.9243 0.3817 -0.0061
vn -0.9235 -0.3837 0.0057
vn -0.9227 -0.3856 0.0061
vn -1.0000 -0.0015 0.0003
vn -0.9995 -0.0320 0.0064
vn 1.0000 -0.0000 -0.0011
vn 0.9996 -0.0261 -0.0063
vn 0.9239 -0.3827 0.0001
vn 0.9110 -0.4125 -0.0064
vn -0.9112 0.4119 -0.0069
vn -0.9371 0.3489 0.0064
vn -0.7086 0.7056 0.0004
vn -0.7294 0.6841 0.0064
vn 0.7071 -0.7071 -0.0006
vn 0.6863 -0.7273 -0.0064
vn -0.3838 0.9234 0.0002
vn -0.4120 0.9111 0.0064
vn 0.3788 -0.9255 -0.0068
vn 0.3817 -0.9243 -0.0061
vn -0.0257 -0.9997 -0.0058
vn -0.0285 -0.9996 -0.0064
vn -0.0014 1.0000 0.0003
vn -0.0320 0.9995 0.0064
vn 0.3816 0.9243 -0.0006
vn 0.3479 0.9375 0.0065
vn -0.3827 -0.9239 -0.0000
vn -0.4120 -0.9111 -0.0064
vn -0.4651 -0.2357 0.8533
vn -0.0667 -0.5220 0.8503
vn 0.3769 -0.3237 0.8678
vn 0.4659 -0.1701 0.8683
vn 0.0210 0.5274 0.8493
vn 0.4386 0.2876 0.8514
vn -0.4640 0.2461 0.8510
vn -0.0872 -0.3004 0.9498
vn -0.2474 -0.2025 0.9475
vn -0.3243 -0.0225 0.9457
vn -0.3978 0.4499 0.7996
vn -0.1595 0.1243 0.9794
vn -0.4088 0.8302 0.3791
vn -0.1456 0.7236 0.6747
vn 0.0118 0.2176 0.9760
vn 0.1569 0.5647 0.8102
vn 0.4341 0.6531 0.6205
vn 0.3299 0.3130 0.8906
vn 0.5669 0.4187 0.7095
vn 0.7689 0.3071 0.5607
vn 0.4615 -0.0656 0.8847
vn 0.4359 -0.7541 0.4913
vn 0.2246 -0.6789 0.6991
vn 0.3542 -0.3505 0.8670
vn -0.0413 0.1619 0.9859
vn 0.0241 -0.2738 0.9615
vn -0.1427 -0.1607 0.9766
vn 0.5280 -0.1416 -0.8374
vn 0.8999 0.1783 -0.3981
vn 0.3454 0.4734 -0.8103
vn 0.3484 0.5964 -0.7231
vn -0.0951 0.7847 -0.6125
vn -0.2336 0.5613 -0.7939
vn -0.6177 0.5634 -0.5487
vn -0.5280 0.1416 -0.8374
vn -0.8999 -0.1783 -0.3981
vn -0.3454 -0.4734 -0.8103
vn -0.3484 -0.5964 -0.7231
vn 0.0951 -0.7847 -0.6125
vn 0.2336 -0.5613 -0.7939
vn 0.6177 -0.5634 -0.5487
vn 0.7380 -0.6747 -0.0101
vn 0.6795 -0.7336 -0.0036
vn 0.2609 -0.9654 -0.0010
vn 0.1247 -0.9922 -0.0071
vn -0.0750 -0.9972 0.0004
vn -0.5117 -0.8592 -0.0061
vn -0.4934 -0.8698 -0.0078
vn -0.7711 -0.6367 0.0029
vn -0.9806 -0.1960 -0.0101
vn -0.9725 -0.2323 -0.0136
vn -0.9812 0.1928 0.0038
vn -0.8180 0.5753 -0.0018
vn -0.7380 0.6747 -0.0111
vn -0.4945 0.8692 0.0004
vn -0.1247 0.9922 -0.0038
vn -0.1296 0.9916 -0.0042
vn 0.4172 0.9088 -0.0012
vn 0.5116 0.8592 -0.0090
vn 0.8865 0.4627 0.0033
vn 0.9805 0.1959 -0.0152
vn 0.9830 -0.1833 0.0072
vn 0.8507 -0.5256 -0.0015
vn 0.8318 -0.5550 0.0106
vn 0.4841 -0.8750 0.0030
vn 0.5209 -0.8534 -0.0191
vn 0.1432 -0.9891 0.0344
vn -0.0802 -0.9968 -0.0067
vn -0.0759 -0.9971 -0.0085
vn -0.4204 -0.9063 0.0427
vn -0.6197 -0.7848 -0.0012
vn -0.6453 -0.7639 0.0097
vn -0.8734 -0.4862 0.0266
vn -0.9150 -0.4034 0.0027
vn -0.9672 -0.2521 0.0320
vn -0.9976 0.0693 -0.0019
vn -0.9939 0.1096 0.0151
vn -0.9291 0.3674 0.0422
vn -0.8079 0.5891 -0.0122
vn -0.7686 0.6397 0.0079
vn -0.3922 0.9199 -0.0026
vn -0.4419 0.8964 -0.0356
vn -0.0899 0.9951 0.0420
vn 0.1854 0.9826 0.0118
vn 0.2791 0.9596 -0.0348
vn 0.5694 0.8213 0.0342
vn 0.7459 0.6660 0.0011
vn 0.7971 0.6030 -0.0327
vn 0.9556 0.2919 0.0413
vn 0.9994 0.0346 -0.0088
vn 0.9998 0.0204 -0.0031
vn 0.9350 -0.3532 0.0320
vn 0.0269 -0.0155 0.9995
vn 0.0276 0.0015 0.9996
vn -0.0183 -0.0222 0.9996
vn -0.0000 -0.0284 0.9996
vn -0.0126 -0.0342 0.9993
vn -0.0272 -0.0236 0.9994
vn -0.0267 -0.0154 0.9995
vn -0.0360 -0.0037 0.9993
vn -0.0267 0.0154 0.9995
vn -0.0243 0.0046 0.9997
vn -0.0000 0.0126 0.9999
vn -0.0006 0.0118 0.9999
vn 0.0088 0.0066 0.9999
vn 0.0089 0.0051 0.9999
vn 0.0533 -0.0363 0.9979
vn 0.0432 0.0006 0.9991
vn 0.0277 -0.0171 -0.9995
vn 0.0276 0.0033 -0.9996
vn 0.0257 0.0009 -0.9997
vn 0.0176 0.0141 -0.9997
vn 0.0175 0.0132 -0.9998
vn 0.0056 0.0192 -0.9998
vn 0.0335 0.0396 -0.9987
vn -0.0149 0.0239 -0.9996
vn -0.0091 0.0212 -0.9997
vn -0.0190 0.0139 -0.9997
vn -0.0211 0.0347 -0.9992
vn -0.0368 -0.0157 -0.9992
vn -0.0218 0.0015 -0.9998
vn -0.0225 0.0032 -0.9997
vn -0.0239 -0.0105 -0.9997
vn -0.0120 -0.0207 -0.9997
vn -0.0126 -0.0160 -0.9998
vn -0.0018 -0.0218 -0.9998
vn 0.0025 -0.0182 -0.9998
vn 0.0103 -0.0186 -0.9998
vn 0.0049 -0.0281 -0.9996
vn 0.0023 0.0024 -1.0000
vn -0.0023 -0.0024 -1.0000
vn -0.0015 0.0013 -1.0000
vn 0.0015 -0.0013 -1.0000
vn 0.8660 0.5000 0.0089
vn 0.8364 0.5454 0.0544
vn 0.7763 -0.6276 0.0594
vn 0.8660 -0.5000 -0.0085
vn 0.9166 -0.3976 0.0413
vn -0.1120 -0.9900 0.0855
vn -0.0000 -1.0000 -0.0042
vn -0.8910 -0.4513 0.0486
vn -0.8660 -0.5000 0.0057
vn -0.8659 0.4999 0.0169
vn -0.8824 0.4680 0.0482
vn 0.0389 0.9978 0.0540
vn -0.0000 0.9998 0.0199
vn -0.4875 -0.1074 0.8665
vn 0.2166 -0.4708 0.8553
vn 0.4883 -0.0919 0.8678
vn 0.4885 0.0857 0.8683
vn -0.4886 0.0857 0.8683
vn -0.2361 0.4684 0.8514
vn 0.2361 0.4684 0.8514
vn -0.2069 -0.4739 0.8559
vn 0.3896 0.0214 0.9207
vn 0.0749 -0.2480 0.9659
vn -0.1001 -0.1987 0.9749
vn -0.4975 0.2757 0.8225
vn -0.7216 0.6621 0.2022
vn -0.3076 0.5852 0.7503
vn 0.0217 0.4630 0.8861
vn 0.5105 0.4147 0.7533
vn 0.7536 0.4366 0.4914
vn 0.1328 0.1575 0.9785
vn 0.5882 0.0889 0.8038
vn 0.8284 -0.2098 0.5193
vn 0.5975 -0.3990 0.6955
vn 0.6430 -0.4145 0.6441
vn 0.3876 -0.7033 0.5960
vn -0.4491 -0.5380 0.7133
vn -0.7847 -0.5209 0.3361
vn -0.6292 -0.0836 0.7727
vn -0.9437 0.1987 0.2645
vn -0.4647 -0.0914 0.8807
vn -0.1168 0.1195 0.9859
vn 0.1577 -0.2250 0.9615
vn -0.0432 -0.2105 0.9766
vn -0.0209 0.6967 0.7171
vn 0.5280 0.1414 -0.8374
vn 0.6902 0.6043 -0.3981
vn 0.0624 0.5827 -0.8103
vn 0.0036 0.6907 -0.7231
vn -0.4747 0.6321 -0.6125
vn -0.4830 0.3693 -0.7939
vn -0.8166 0.1791 -0.5487
vn -0.5280 -0.1414 -0.8374
vn -0.6902 -0.6043 -0.3981
vn -0.0624 -0.5827 -0.8103
vn -0.0036 -0.6907 -0.7231
vn 0.4747 -0.6321 -0.6125
vn 0.4830 -0.3693 -0.7939
vn 0.8166 -0.1791 -0.5487
vn 0.9765 -0.2153 -0.0101
vn 0.9553 -0.2956 -0.0036
vn 0.7086 -0.7056 -0.0010
vn 0.6041 -0.7969 -0.0071
vn 0.4336 -0.9011 0.0004
vn -0.0135 -0.9999 -0.0061
vn 0.0076 -0.9999 -0.0078
vn -0.3494 -0.9370 0.0029
vn -0.7512 -0.6600 -0.0101
vn -0.7261 -0.6875 -0.0136
vn -0.9462 -0.3236 0.0038
vn -0.9960 0.0892 -0.0018
vn -0.9765 0.2153 -0.0111
vn -0.8628 0.5055 0.0004
vn -0.6041 0.7969 -0.0038
vn -0.6080 0.7939 -0.0042
vn -0.1203 0.9927 -0.0014
vn 0.0135 0.9999 -0.0076
vn 0.1102 0.9939 -0.0029
vn 0.5665 0.8241 0.0009
vn 0.7512 0.6599 -0.0152
vn 0.9430 0.3328 0.0072
vn 0.9933 0.1130 0.0248
vn 0.9939 -0.1076 -0.0240
vn 0.9796 -0.2008 0.0126
vn 0.8297 -0.5572 0.0331
vn 0.7001 -0.7121 -0.0520
vn 0.4324 -0.9007 0.0432
vn 0.1108 -0.9937 -0.0179
vn 0.0743 -0.9972 0.0003
vn -0.2027 -0.9779 0.0515
vn -0.5457 -0.8378 -0.0153
vn -0.5658 -0.8245 -0.0050
vn -0.8399 -0.5425 0.0173
vn -0.9091 -0.4153 -0.0319
vn -0.9836 -0.1766 0.0374
vn -0.9784 0.2068 -0.0036
vn -0.9729 0.2304 -0.0175
vn -0.6985 0.7155 0.0141
vn -0.7369 0.6756 -0.0234
vn -0.3171 0.9474 0.0432
vn -0.0614 0.9978 -0.0248
vn -0.0655 0.9975 -0.0267
vn 0.1752 0.9839 0.0366
vn 0.4146 0.9089 0.0445
vn 0.6082 0.7935 -0.0204
vn 0.6503 0.7596 -0.0033
vn 0.8765 0.4811 0.0170
vn 0.9200 0.3916 -0.0152
vn 0.0134 0.0005 0.9999
vn 0.0129 -0.0000 0.9999
vn 0.0122 -0.0065 0.9999
vn 0.0055 -0.0096 0.9999
vn -0.0051 -0.0347 0.9994
vn -0.0022 -0.0350 0.9994
vn -0.0048 -0.0083 1.0000
vn -0.0126 0.0016 0.9999
vn -0.0139 -0.0000 0.9999
vn -0.0146 0.0086 0.9999
vn -0.0073 0.0126 0.9999
vn 0.0003 0.0338 0.9994
vn -0.0036 0.0325 0.9995
vn 0.0131 0.0227 0.9997
vn 0.0061 0.0215 0.9997
vn 0.0326 -0.0035 -0.9995
vn 0.0244 0.0174 -0.9995
vn 0.0220 0.0094 -0.9997
vn 0.0152 0.0199 -0.9997
vn 0.0087 0.0188 -0.9998
vn -0.0014 0.0220 -0.9998
vn 0.0098 0.0388 -0.9992
vn -0.0285 0.0167 -0.9995
vn -0.0151 0.0154 -0.9998
vn -0.0238 0.0056 -0.9997
vn -0.0312 0.0191 -0.9993
vn -0.0279 -0.0333 -0.9991
vn -0.0201 -0.0092 -0.9998
vn -0.0211 -0.0084 -0.9997
vn -0.0147 -0.0226 -0.9996
vn 0.0005 -0.0210 -0.9998
vn 0.0025 -0.0226 -0.9997
vn 0.0118 -0.0151 -0.9998
vn 0.0150 -0.0153 -0.9998
vn 0.0135 -0.0204 -0.9997
vn 0.0008 0.0032 -1.0000
vn -0.0008 -0.0032 -1.0000
vn -0.0020 0.0004 -1.0000
vn 0.0020 -0.0004 -1.0000
vn 0.5000 0.8660 0.0089
vn 0.4516 0.8905 0.0544
vn 0.9861 -0.1554 0.0594
vn 1.0000 -0.0000 -0.0085
vn 0.9926 0.1140 0.0413
vn 0.4423 -0.8956 0.0476
vn 0.5000 -0.8660 -0.0042
vn -0.5000 -0.8660 -0.0093
vn -0.4281 -0.9022 0.0526
vn -0.9926 0.1140 0.0413
vn -1.0000 -0.0000 -0.0085
vn -0.9785 -0.1919 0.0754
vn -0.4516 0.8905 0.0544
vn -0.5000 0.8660 0.0089
s 0
usemtl 238,94,42
f 1//1 2//1 3//1
f 3//2 2//2 4//2
f 3//3 4//3 5//3
f 3//4 5//4 6//4
f 2//5 1//5 7//5
f 7//6 1//6 8//6
f 7//7 8//7 9//7
f 7//8 9//8 10//8
f 10//9 9//9 11//9
f 10//10 11//10 12//10
f 11//11 13//11 12//11
f 12//12 13//12 14//12
f 12//13 14//13 15//13
f 13//14 16//14 14//14
f 14//15 16//15 17//15
f 17//16 16//16 18//16
f 17//17 18//17 19//17
f 19//18 18//18 20//18
f 20//19 18//19 21//19
f 20//20 21//20 22//20
f 22//21 21//21 23//21
f 22//22 23//22 24//22
f 24//23 23//23 172//23
f 25//24 26//24 15//24
f 15//25 26//25 27//25
f 27//26 26//26 28//26
f 27//27 28//27 29//27
f 29//28 28//28 30//28
f 29//29 30//29 31//29
f 29//30 31//30 32//30
f 32//31 31//31 33//31
f 32//32 33//32 34//32
f 34//33 33//33 35//33
f 34//34 35//34 36//34
f 35//35 37//35 36//35
f 36//36 37//36 38//36
f 36//37 38//37 39//37
f 38//38 37//38 40//38
f 38//39 40//39 41//39
f 41//40 40//40 42//40
f 41//41 42//41 43//41
f 43//42 42//42 44//42
f 44//43 42//43 45//43
f 44//44 45//44 46//44
f 46//45 45//45 47//45
f 46//46 47//46 48//46
f 48//47 47//47 175//47
f 49//48 50//48 39//48
f 39//49 50//49 51//49
f 39//50 51//50 36//50
f 36//51 51//51 52//51
f 51//52 53//52 52//52
f 52//53 53//53 54//53
f 52//54 54//54 55//54
f 55//55 54//55 56//55
f 55//56 56//56 57//56
f 57//57 56//57 58//57
f 57//58 58//58 59//58
f 59//59 58//59 60//59
f 59//60 60//60 4//60
f 4//61 60//61 61//61
f 4//62 61//62 62//62
f 62//63 61//63 63//63
f 62//64 63//64 64//64
f 64//65 63//65 65//65
f 64//66 65//66 66//66
f 66//67 65//67 67//67
f 67//68 65//68 68//68
f 67//69 68//69 69//69
f 69//70 68//70 70//70
f 69//71 70//71 71//71
f 71//72 70//72 72//72
f 62//73 5//73 4//73
f 27//74 12//74 15//74
f 93//75 51//75 73//75
f 73//76 74//76 75//76
f 73//77 51//77 74//77
f 74//78 51//78 50//78
f 77//79 76//79 78//79
f 78//80 79//80 80//80
f 81//81 80//81 82//81
f 81//82 82//82 83//82
f 81//83 83//83 84//83
f 84//84 83//84 85//84
f 85//85 83//85 86//85
f 85//86 86//86 87//86
f 76//87 77//87 75//87
f 77//88 93//88 75//88
f 77//89 78//89 93//89
f 73//90 75//90 93//90
f 76//91 92//91 78//91
f 78//92 92//92 79//92
f 90//93 80//93 91//93
f 91//94 80//94 79//94
f 91//95 79//95 92//95
f 80//96 90//96 89//96
f 82//97 80//97 89//97
f 82//98 89//98 88//98
f 82//99 88//99 83//99
f 83//100 88//100 86//100
f 74//101 50//101 49//101
f 74//102 49//102 94//102
f 94//103 49//103 72//103
f 94//104 72//104 95//104
f 95//105 72//105 96//105
f 95//106 96//106 97//106
f 97//107 98//107 91//107
f 89//108 90//108 99//108
f 97//109 96//109 98//109
f 91//110 98//110 90//110
f 98//111 99//111 90//111
f 96//112 100//112 98//112
f 98//113 100//113 99//113
f 88//114 102//114 101//114
f 88//115 101//115 86//115
f 86//116 101//116 87//116
f 101//117 102//117 103//117
f 103//118 102//118 104//118
f 104//119 102//119 100//119
f 102//120 88//120 100//120
f 88//121 89//121 100//121
f 91//122 92//122 97//122
f 97//123 92//123 95//123
f 92//124 76//124 105//124
f 92//125 105//125 95//125
f 95//126 105//126 94//126
f 76//127 75//127 105//127
f 105//128 75//128 94//128
f 75//129 74//129 94//129
f 89//130 99//130 100//130
f 106//131 109//131 107//131
f 107//132 109//132 110//132
f 107//133 110//133 108//133
f 111//134 106//134 112//134
f 112//135 113//135 111//135
f 111//136 113//136 114//136
f 114//137 113//137 148//137
f 146//138 63//138 115//138
f 115//139 63//139 116//139
f 116//140 63//140 61//140
f 117//141 118//141 119//141
f 125//142 126//142 127//142
f 127//143 126//143 128//143
f 118//144 129//144 119//144
f 129//145 130//145 122//145
f 130//146 131//146 122//146
f 125//147 136//147 137//147
f 139//148 144//148 136//148
f 140//149 141//149 142//149
f 142//150 141//150 111//150
f 141//150 143//150 111//150
f 111//151 143//151 106//151
f 109//152 106//152 143//152
f 111//153 114//153 142//153
f 142//154 114//154 144//154
f 142//155 144//155 145//155
f 145//156 144//156 139//156
f 125//157 137//157 124//157
f 124//158 137//158 123//158
f 123//159 137//159 122//159
f 122//160 137//160 121//160
f 120//161 121//161 146//161
f 120//162 146//162 147//162
f 147//163 115//163 116//163
f 147//164 146//164 115//164
f 116//165 117//165 147//165
f 119//166 120//166 147//166
f 117//167 119//167 147//167
f 121//168 120//168 129//168
f 129//169 120//169 119//169
f 122//170 121//170 129//170
f 132//171 123//171 131//171
f 131//172 123//172 122//172
f 123//173 132//173 124//173
f 124//174 132//174 133//174
f 124//175 133//175 134//175
f 124//176 134//176 125//176
f 125//177 134//177 126//177
f 127//178 136//178 125//178
f 135//179 139//179 127//179
f 127//180 139//180 136//180
f 139//181 135//181 138//181
f 139//182 138//182 145//182
f 145//183 138//183 140//183
f 145//184 140//184 142//184
f 72//185 70//185 96//185
f 96//186 70//186 136//186
f 136//187 70//187 137//187
f 137//188 70//188 68//188
f 137//189 68//189 65//189
f 137//190 65//190 146//190
f 65//191 63//191 146//191
f 137//192 146//192 121//192
f 96//193 136//193 144//193
f 96//194 144//194 100//194
f 100//195 144//195 104//195
f 104//196 144//196 148//196
f 148//197 144//197 114//197
f 113//198 112//198 150//198
f 87//199 101//199 103//199
f 103//200 104//200 151//200
f 151//201 104//201 148//201
f 151//202 148//202 113//202
f 149//203 87//203 103//203
f 151//204 149//204 103//204
f 150//205 149//205 151//205
f 150//206 151//206 113//206
f 108//207 152//207 153//207
f 112//208 153//208 150//208
f 150//209 153//209 154//209
f 150//210 154//210 149//210
f 149//211 154//211 87//211
f 87//212 154//212 85//212
f 154//213 84//213 85//213
f 152//214 84//214 154//214
f 152//215 154//215 153//215
f 106//216 107//216 112//216
f 112//217 107//217 153//217
f 153//218 107//218 108//218
f 116//219 61//219 60//219
f 60//220 155//220 116//220
f 116//221 155//221 117//221
f 109//222 143//222 156//222
f 109//223 156//223 110//223
f 110//224 156//224 108//224
f 108//225 156//225 171//225
f 60//226 157//226 155//226
f 155//227 157//227 158//227
f 117//228 158//228 118//228
f 158//229 157//229 159//229
f 160//230 159//230 161//230
f 161//231 162//231 130//231
f 130//232 162//232 131//232
f 131//233 162//233 132//233
f 162//234 163//234 132//234
f 132//235 163//235 133//235
f 161//236 164//236 162//236
f 162//237 164//237 163//237
f 133//238 163//238 134//238
f 163//239 165//239 134//239
f 134//240 165//240 126//240
f 163//241 164//241 165//241
f 165//242 164//242 166//242
f 166//243 164//243 167//243
f 166//244 167//244 168//244
f 168//245 167//245 169//245
f 170//246 169//246 171//246
f 170//247 171//247 156//247
f 117//248 155//248 158//248
f 158//249 159//249 118//249
f 159//250 160//250 118//250
f 118//251 160//251 129//251
f 129//252 160//252 130//252
f 160//253 161//253 130//253
f 165//254 166//254 126//254
f 126//255 166//255 128//255
f 166//256 168//256 128//256
f 128//257 168//257 127//257
f 127//258 168//258 135//258
f 138//259 135//259 169//259
f 169//260 135//260 168//260
f 140//261 138//261 170//261
f 170//262 138//262 169//262
f 141//263 140//263 170//263
f 141//264 170//264 156//264
f 143//265 141//265 156//265
f 60//266 58//266 157//266
f 157//267 58//267 164//267
f 157//268 164//268 161//268
f 157//269 161//269 159//269
f 164//270 58//270 56//270
f 164//270 56//270 167//270
f 167//271 56//271 54//271
f 167//272 54//272 78//272
f 78//273 54//273 53//273
f 78//274 53//274 93//274
f 93//275 53//275 51//275
f 167//276 78//276 80//276
f 167//277 80//277 169//277
f 169//278 80//278 81//278
f 169//279 81//279 171//279
f 171//280 81//280 84//280
f 171//281 84//281 152//281
f 171//282 152//282 108//282
f 172//283 6//283 5//283
f 173//284 5//284 62//284
f 173//285 62//285 64//285
f 174//286 71//286 72//286
f 174//287 72//287 49//287
f 175//288 25//288 176//288
f 176//289 25//289 15//289
f 24//290 172//290 177//290
f 177//291 172//291 5//291
f 179//292 178//292 174//292
f 179//293 174//293 49//293
f 173//294 181//294 182//294
f 177//295 182//295 183//295
f 176//296 186//296 187//296
f 71//297 174//297 178//297
f 71//298 178//298 69//298
f 69//299 178//299 67//299
f 67//300 178//300 180//300
f 67//301 180//301 66//301
f 66//302 180//302 181//302
f 66//303 181//303 64//303
f 64//304 181//304 173//304
f 5//305 173//305 182//305
f 5//306 182//306 177//306
f 24//307 177//307 183//307
f 24//308 183//308 22//308
f 22//309 183//309 184//309
f 22//310 184//310 20//310
f 20//311 184//311 19//311
f 19//312 184//312 185//312
f 19//313 185//313 17//313
f 17//314 185//314 14//314
f 14//315 185//315 186//315
f 14//316 186//316 15//316
f 15//317 186//317 176//317
f 175//318 176//318 187//318
f 175//319 187//319 48//319
f 48//320 187//320 46//320
f 46//321 187//321 188//321
f 46//322 188//322 44//322
f 44//323 188//323 43//323
f 43//324 188//324 189//324
f 43//325 189//325 41//325
f 41//326 189//326 38//326
f 38//327 189//327 190//327
f 38//328 190//328 39//328
f 39//329 190//329 49//329
f 49//330 190//330 179//330
f 13//331 11//331 191//331
f 208//332 207//332 209//332
f 208//333 209//333 210//333
f 210//334 209//334 211//334
f 211//335 209//335 226//335
f 191//336 11//336 212//336
f 191//337 212//337 192//337
f 192//338 212//338 213//338
f 192//339 213//339 193//339
f 193//340 213//340 214//340
f 193//341 214//341 194//341
f 194//342 214//342 195//342
f 195//343 214//343 215//343
f 195//344 215//344 196//344
f 196//345 215//345 216//345
f 196//346 216//346 217//346
f 213//347 212//347 223//347
f 213//348 223//348 214//348
f 214//349 223//349 215//349
f 215//350 223//350 216//350
f 223//351 224//351 216//351
f 216//352 224//352 217//352
f 217//353 224//353 218//353
f 218//354 224//354 219//354
f 219//355 224//355 225//355
f 219//356 225//356 220//356
f 220//357 225//357 221//357
f 222//358 221//358 226//358
f 222//359 226//359 209//359
f 197//360 196//360 217//360
f 198//361 197//361 217//361
f 199//362 198//362 217//362
f 199//363 217//363 218//363
f 200//364 199//364 218//364
f 200//365 218//365 219//365
f 201//366 200//366 219//366
f 202//367 201//367 219//367
f 202//368 219//368 220//368
f 202//369 220//369 203//369
f 203//370 220//370 221//370
f 203//371 221//371 204//371
f 204//372 221//372 222//372
f 204//373 222//373 205//373
f 205//374 222//374 206//374
f 206//375 222//375 209//375
f 206//376 209//376 207//376
f 11//377 9//377 212//377
f 212//378 9//378 224//378
f 212//379 224//379 223//379
f 224//380 9//380 8//380
f 224//381 8//381 225//381
f 225//381 8//381 1//381
f 225//382 1//382 227//382
f 227//383 1//383 228//383
f 228//384 1//384 3//384
f 225//385 227//385 229//385
f 225//386 229//386 221//386
f 221//387 229//387 230//387
f 221//388 230//388 226//388
f 226//389 230//389 231//389
f 226//390 231//390 232//390
f 226//391 232//391 211//391
f 228//392 3//392 233//392
f 233//393 234//393 235//393
f 233//394 3//394 234//394
f 234//395 3//395 6//395
f 237//396 236//396 227//396
f 227//397 238//397 229//397
f 230//398 229//398 239//398
f 230//399 239//399 240//399
f 230//400 240//400 231//400
f 231//401 240//401 241//401
f 241//402 240//402 242//402
f 241//403 242//403 243//403
f 236//404 237//404 235//404
f 237//405 228//405 235//405
f 237//406 227//406 228//406
f 233//407 235//407 228//407
f 236//408 248//408 227//408
f 227//409 248//409 238//409
f 248//410 247//410 238//410
f 246//411 229//411 247//411
f 247//412 229//412 238//412
f 229//413 246//413 245//413
f 239//414 229//414 245//414
f 239//415 245//415 244//415
f 239//416 244//416 240//416
f 240//417 244//417 242//417
f 249//418 208//418 250//418
f 250//419 208//419 210//419
f 250//420 210//420 251//420
f 251//421 210//421 211//421
f 252//422 249//422 253//422
f 253//423 254//423 252//423
f 252//424 254//424 255//424
f 255//425 254//425 275//425
f 256//426 16//426 257//426
f 257//427 16//427 13//427
f 13//428 191//428 257//428
f 257//429 258//429 256//429
f 256//430 258//430 259//430
f 258//431 192//431 193//431
f 191//432 192//432 257//432
f 257//433 192//433 258//433
f 194//434 195//434 260//434
f 261//435 196//435 197//435
f 195//436 196//436 260//436
f 260//437 196//437 261//437
f 262//438 198//438 264//438
f 263//439 264//439 265//439
f 263//440 265//440 266//440
f 266//441 265//441 267//441
f 266//442 267//442 268//442
f 266//443 268//443 255//443
f 255//444 268//444 269//444
f 255//445 269//445 252//445
f 249//446 252//446 207//446
f 249//447 207//447 208//447
f 198//448 199//448 264//448
f 199//449 200//449 264//449
f 264//450 200//450 265//450
f 200//451 201//451 265//451
f 265//452 201//452 267//452
f 201//453 202//453 203//453
f 201//454 203//454 267//454
f 203//455 204//455 267//455
f 267//456 204//456 268//456
f 204//457 205//457 268//457
f 205//458 206//458 268//458
f 268//459 206//459 269//459
f 269//460 206//460 252//460
f 206//461 207//461 252//461
f 264//462 263//462 262//462
f 198//463 262//463 197//463
f 262//464 261//464 197//464
f 262//465 263//465 261//465
f 261//466 263//466 259//466
f 261//467 259//467 270//467
f 270//468 258//468 193//468
f 270//469 259//469 258//469
f 193//470 194//470 270//470
f 194//471 260//471 270//471
f 270//472 260//472 261//472
f 271//473 172//473 23//473
f 271//474 23//474 272//474
f 272//475 23//475 266//475
f 266//476 23//476 263//476
f 263//477 23//477 21//477
f 263//478 21//478 18//478
f 263//479 18//479 256//479
f 18//480 16//480 256//480
f 263//481 256//481 259//481
f 272//482 266//482 273//482
f 273//483 266//483 274//483
f 274//484 266//484 275//484
f 275//485 266//485 255//485
f 254//486 253//486 278//486
f 276//487 243//487 279//487
f 279//488 243//488 280//488
f 279//489 280//489 274//489
f 279//490 274//490 275//490
f 277//491 276//491 279//491
f 277//492 279//492 275//492
f 278//493 277//493 275//493
f 278//494 275//494 254//494
f 172//495 271//495 6//495
f 6//496 271//496 234//496
f 271//497 282//497 235//497
f 282//498 271//498 281//498
f 271//499 272//499 281//499
f 281//500 272//500 283//500
f 283//501 284//501 246//501
f 280//502 285//502 274//502
f 283//503 272//503 284//503
f 246//504 284//504 245//504
f 272//505 273//505 284//505
f 284//506 273//506 245//506
f 285//507 273//507 274//507
f 280//508 243//508 242//508
f 246//509 247//509 283//509
f 247//510 248//510 283//510
f 283//511 248//511 281//511
f 248//512 236//512 281//512
f 271//513 235//513 234//513
f 236//514 235//514 282//514
f 236//515 282//515 281//515
f 244//516 245//516 273//516
f 285//517 244//517 273//517
f 242//518 244//518 285//518
f 242//519 285//519 280//519
f 251//520 232//520 286//520
f 253//521 286//521 278//521
f 278//522 286//522 287//522
f 278//523 287//523 277//523
f 277//524 287//524 276//524
f 276//525 287//525 241//525
f 276//526 241//526 243//526
f 287//527 231//527 241//527
f 232//528 231//528 287//528
f 232//529 287//529 286//529
f 249//530 250//530 253//530
f 253//531 250//531 286//531
f 286//532 250//532 251//532
f 251//533 211//533 232//533
f 35//534 33//534 288//534
f 288//535 33//535 289//535
f 288//536 289//536 290//536
f 288//537 290//537 291//537
f 289//538 33//538 31//538
f 289//539 31//539 292//539
f 292//539 31//539 30//539
f 292//540 30//540 293//540
f 293//541 30//541 294//541
f 294//542 30//542 28//542
f 292//543 293//543 295//543
f 292//544 295//544 296//544
f 296//545 295//545 297//545
f 296//546 297//546 298//546
f 298//547 297//547 299//547
f 298//548 299//548 300//548
f 298//549 300//549 342//549
f 301//550 302//550 303//550
f 294//551 28//551 304//551
f 304//552 305//552 306//552
f 304//553 28//553 26//553
f 304//554 26//554 305//554
f 308//555 307//555 293//555
f 293//556 309//556 295//556
f 297//557 295//557 310//557
f 297//558 310//558 311//558
f 297//559 311//559 299//559
f 299//560 311//560 312//560
f 312//561 311//561 313//561
f 312//562 313//562 314//562
f 307//563 308//563 306//563
f 308//564 294//564 306//564
f 308//565 293//565 294//565
f 304//566 306//566 294//566
f 307//567 319//567 293//567
f 293//568 319//568 309//568
f 317//569 295//569 318//569
f 318//570 295//570 309//570
f 318//571 309//571 319//571
f 295//572 317//572 316//572
f 310//573 295//573 316//573
f 310//574 316//574 315//574
f 310//575 315//575 311//575
f 311//576 315//576 313//576
f 305//577 26//577 25//577
f 305//578 25//578 320//578
f 320//579 25//579 175//579
f 320//580 175//580 321//580
f 321//581 175//581 322//581
f 321//582 322//582 323//582
f 323//583 324//583 318//583
f 316//584 317//584 325//584
f 323//585 322//585 324//585
f 318//586 324//586 317//586
f 324//587 325//587 317//587
f 322//588 326//588 324//588
f 324//589 326//589 325//589
f 315//590 328//590 327//590
f 315//591 327//591 313//591
f 313//592 327//592 314//592
f 327//593 328//593 329//593
f 329//594 328//594 330//594
f 330//595 328//595 326//595
f 328//596 315//596 326//596
f 315//597 316//597 326//597
f 318//598 319//598 323//598
f 323//599 319//599 321//599
f 319//600 307//600 331//600
f 319//601 331//601 321//601
f 321//602 331//602 320//602
f 307//603 306//603 331//603
f 331//604 306//604 320//604
f 306//605 305//605 320//605
f 316//606 325//606 326//606
f 175//607 47//607 322//607
f 322//608 47//608 332//608
f 332//609 47//609 45//609
f 332//610 45//610 42//610
f 332//611 42//611 333//611
f 333//612 42//612 334//612
f 42//613 40//613 334//613
f 333//614 334//614 335//614
f 332//615 336//615 322//615
f 322//616 336//616 326//616
f 326//617 336//617 337//617
f 326//618 337//618 330//618
f 330//619 337//619 338//619
f 338//620 337//620 339//620
f 340//621 343//621 341//621
f 341//622 343//622 344//622
f 341//623 344//623 342//623
f 345//624 340//624 346//624
f 346//625 347//625 345//625
f 345//626 347//626 339//626
f 339//627 347//627 338//627
f 334//628 40//628 348//628
f 348//629 40//629 37//629
f 37//630 349//630 348//630
f 348//631 350//631 334//631
f 335//632 334//632 350//632
f 335//633 350//633 355//633
f 355//634 350//634 351//634
f 355//635 351//635 352//635
f 352//636 351//636 354//636
f 363//637 364//637 365//637
f 366//638 367//638 368//638
f 368//639 367//639 369//639
f 345//640 369//640 370//640
f 352//641 354//641 371//641
f 370//642 372//642 345//642
f 345//643 372//643 340//643
f 343//644 340//644 372//644
f 339//645 337//645 369//645
f 369//646 337//646 368//646
f 368//647 373//647 366//647
f 366//648 373//648 365//648
f 368//649 337//649 373//649
f 374//650 359//650 360//650
f 369//651 367//651 370//651
f 348//652 349//652 350//652
f 350//653 349//653 353//653
f 350//654 353//654 351//654
f 355//655 356//655 335//655
f 352//656 371//656 355//656
f 355//657 371//657 356//657
f 371//658 357//658 356//658
f 356//659 357//659 358//659
f 356//660 358//660 374//660
f 374//661 358//661 359//661
f 335//662 356//662 333//662
f 333//663 356//663 374//663
f 374//664 360//664 375//664
f 375//665 360//665 361//665
f 375//666 361//666 362//666
f 375//667 362//667 376//667
f 376//668 362//668 363//668
f 376//669 363//669 336//669
f 336//670 363//670 365//670
f 336//671 365//671 373//671
f 332//672 333//672 374//672
f 332//673 374//673 375//673
f 332//674 375//674 376//674
f 336//675 332//675 376//675
f 337//676 336//676 373//676
f 339//677 369//677 345//677
f 377//678 302//678 378//678
f 378//679 302//679 301//679
f 377//680 378//680 379//680
f 347//681 346//681 381//681
f 314//682 327//682 329//682
f 329//683 330//683 382//683
f 382//684 330//684 338//684
f 382//685 338//685 347//685
f 380//686 314//686 329//686
f 382//687 380//687 329//687
f 381//688 380//688 382//688
f 381//689 382//689 347//689
f 342//690 300//690 383//690
f 346//691 383//691 381//691
f 381//692 383//692 384//692
f 381//693 384//693 380//693
f 380//694 384//694 314//694
f 314//695 384//695 312//695
f 384//696 299//696 312//696
f 300//697 299//697 384//697
f 300//698 384//698 383//698
f 340//699 341//699 346//699
f 346//700 341//700 383//700
f 383//701 341//701 342//701
f 349//702 37//702 35//702
f 35//703 385//703 349//703
f 349//704 385//704 353//704
f 343//705 372//705 386//705
f 343//706 386//706 344//706
f 344//707 386//707 342//707
f 342//708 386//708 298//708
f 35//709 288//709 385//709
f 385//710 288//710 387//710
f 353//711 387//711 351//711
f 387//712 288//712 291//712
f 388//713 291//713 290//713
f 290//714 389//714 357//714
f 357//715 389//715 358//715
f 358//716 389//716 359//716
f 389//717 390//717 359//717
f 359//718 390//718 360//718
f 290//719 289//719 389//719
f 389//720 289//720 390//720
f 360//721 390//721 361//721
f 390//722 391//722 361//722
f 361//723 391//723 362//723
f 390//724 289//724 391//724
f 391//725 289//725 392//725
f 392//726 289//726 292//726
f 392//727 292//727 393//727
f 393//728 292//728 296//728
f 394//729 296//729 298//729
f 394//730 298//730 386//730
f 353//731 385//731 387//731
f 387//732 291//732 351//732
f 351//733 291//733 354//733
f 291//734 388//734 354//734
f 354//735 388//735 371//735
f 388//736 290//736 371//736
f 371//737 290//737 357//737
f 391//738 392//738 362//738
f 362//739 392//739 363//739
f 392//740 393//740 363//740
f 363//741 393//741 364//741
f 364//742 393//742 365//742
f 366//743 365//743 296//743
f 296//744 365//744 393//744
f 367//745 366//745 394//745
f 394//746 366//746 296//746
f 370//747 367//747 394//747
f 370//748 394//748 386//748
f 372//749 370//749 386//749
f 178//750 179//750 395//750
f 395//751 179//751 396//751
f 396//752 179//752 397//752
f 179//753 190//753 397//753
f 397//754 190//754 398//754
f 398//755 190//755 189//755
f 398//756 189//756 399//756
f 399//757 189//757 188//757
f 399//758 188//758 400//758
f 400//759 188//759 187//759
f 400//760 187//760 401//760
f 401//761 187//761 186//761
f 401//762 186//762 402//762
f 402//763 186//763 403//763
f 403//764 186//764 404//764
f 404//765 186//765 185//765
f 185//766 184//766 404//766
f 404//767 184//767 405//767
f 405//768 184//768 406//768
f 406//769 184//769 183//769
f 406//770 183//770 407//770
f 407//771 183//771 182//771
f 407//772 182//772 408//772
f 408//773 182//773 409//773
f 409//774 182//774 181//774
f 409//775 181//775 410//775
f 410//776 181//776 180//776
f 410//777 180//777 178//777
f 410//778 178//778 411//778
f 411//779 178//779 395//779
f 396//780 397//780 412//780
f 396//780 412//780 403//780
f 403//780 412//780 402//780
f 410//780 411//780 413//780
f 413//780 411//780 414//780
f 413//780 414//780 405//780
f 405//780 414//780 404//780
f 415//781 401//781 416//781
f 416//782 401//782 417//782
f 417//783 401//783 402//783
f 417//784 402//784 418//784
f 418//785 402//785 412//785
f 418//786 412//786 419//786
f 419//787 412//787 397//787
f 419//788 397//788 420//788
f 420//789 397//789 398//789
f 420//790 398//790 399//790
f 420//791 399//791 378//791
f 378//792 399//792 400//792
f 378//793 400//793 379//793
f 379//794 400//794 377//794
f 377//795 400//795 401//795
f 377//796 401//796 302//796
f 302//797 401//797 415//797
f 302//798 415//798 421//798
f 302//799 421//799 303//799
f 303//800 421//800 301//800
f 301//801 421//801 420//801
f 301//802 420//802 378//802
f 422//803 403//803 404//803
f 422//804 404//804 423//804
f 423//805 404//805 414//805
f 423//806 414//806 424//806
f 424//807 414//807 411//807
f 424//808 411//808 425//808
f 425//809 411//809 395//809
f 425//810 395//810 426//810
f 426//811 395//811 396//811
f 426//812 396//812 427//812
f 427//813 396//813 403//813
f 427//814 403//814 422//814
f 428//815 405//815 429//815
f 429//816 405//816 406//816
f 429//817 406//817 430//817
f 430//818 406//818 407//818
f 430//784 407//784 431//784
f 431//785 407//785 408//785
f 431//786 408//786 432//786
f 432//787 408//787 409//787
f 432//819 409//819 433//819
f 433//820 409//820 410//820
f 433//821 410//821 434//821
f 434//822 410//822 413//822
f 434//823 413//823 428//823
f 428//824 413//824 405//824
f 422//825 10//825 12//825
f 422//825 12//825 417//825
f 417//825 12//825 416//825
f 416//826 12//826 27//826
f 416//827 27//827 29//827
f 416//828 29//828 415//828
f 415//829 29//829 32//829
f 415//830 32//830 421//830
f 421//831 32//831 34//831
f 421//831 34//831 420//831
f 420//832 34//832 36//832
f 420//833 36//833 419//833
f 419//834 36//834 52//834
f 419//827 52//827 426//827
f 426//827 52//827 425//827
f 425//827 52//827 55//827
f 55//827 433//827 424//827
f 55//827 424//827 425//827
f 433//827 55//827 57//827
f 433//827 57//827 432//827
f 432//827 57//827 59//827
f 432//835 59//835 4//835
f 432//836 4//836 431//836
f 431//837 4//837 430//837
f 430//838 4//838 2//838
f 430//827 2//827 429//827
f 429//827 2//827 7//827
f 429//827 7//827 428//827
f 428//829 7//829 10//829
f 428//827 10//827 423//827
f 423//827 10//827 422//827
f 433//827 434//827 424//827
f 424//827 434//827 423//827
f 423//827 434//827 428//827
f 419//827 426//827 418//827
f 418//827 426//827 427//827
f 418//827 427//827 417//827
f 417//827 427//827 422//827
usemtl 64,64,64
f 449//839 448//839 461//839
f 438//840 466//840 467//840
f 447//841 460//841 448//841
f 450//842 449//842 461//842
f 450//843 461//843 451//843
f 451//844 461//844 452//844
f 452//845 461//845 462//845
f 452//846 462//846 453//846
f 453//847 462//847 454//847
f 455//848 454//848 463//848
f 455//849 463//849 456//849
f 456//850 463//850 457//850
f 457//851 463//851 464//851
f 457//852 464//852 458//852
f 458//853 464//853 459//853
f 459//854 464//854 465//854
f 459//855 465//855 435//855
f 435//856 465//856 436//856
f 436//857 465//857 466//857
f 436//858 466//858 437//858
f 437//859 466//859 438//859
f 438//860 467//860 439//860
f 439//861 467//861 440//861
f 440//862 467//862 468//862
f 440//863 468//863 441//863
f 441//864 468//864 442//864
f 442//865 468//865 469//865
f 442//866 469//866 443//866
f 443//867 469//867 444//867
f 444//868 469//868 470//868
f 444//869 470//869 445//869
f 445//870 470//870 446//870
f 446//871 470//871 460//871
f 446//872 460//872 447//872
f 436//873 471//873 435//873
f 435//874 471//874 472//874
f 435//875 472//875 459//875
f 459//876 472//876 473//876
f 459//877 473//877 458//877
f 458//878 473//878 457//878
f 457//879 473//879 474//879
f 471//880 436//880 475//880
f 475//881 436//881 437//881
f 475//882 437//882 476//882
f 476//883 437//883 438//883
f 476//884 438//884 477//884
f 477//885 438//885 439//885
f 477//886 439//886 718//886
f 718//887 439//887 478//887
f 478//888 439//888 440//888
f 478//889 440//889 479//889
f 479//890 440//890 480//890
f 480//891 440//891 441//891
f 480//892 441//892 442//892
f 480//893 442//893 481//893
f 481//894 442//894 443//894
f 481//895 443//895 482//895
f 482//896 443//896 444//896
f 482//897 444//897 483//897
f 483//898 444//898 445//898
f 483//899 445//899 484//899
f 484//900 445//900 446//900
f 484//901 446//901 485//901
f 485//902 446//902 447//902
f 485//903 447//903 486//903
f 486//904 447//904 487//904
f 487//905 447//905 448//905
f 487//906 448//906 709//906
f 709//907 448//907 449//907
f 709//908 449//908 488//908
f 488//909 449//909 450//909
f 488//910 450//910 451//910
f 488//911 451//911 489//911
f 489//912 451//912 452//912
f 489//913 452//913 490//913
f 490//914 452//914 453//914
f 490//915 453//915 491//915
f 491//916 453//916 454//916
f 491//917 454//917 492//917
f 492//918 454//918 455//918
f 492//919 455//919 493//919
f 493//920 455//920 456//920
f 493//921 456//921 738//921
f 738//922 456//922 494//922
f 494//923 456//923 457//923
f 494//924 457//924 474//924
f 474//925 495//925 494//925
f 709//926 708//926 487//926
f 479//927 496//927 478//927
f 448//928 460//928 497//928
f 497//929 460//929 498//929
f 498//930 460//930 499//930
f 499//931 460//931 470//931
f 499//932 470//932 500//932
f 500//933 470//933 501//933
f 501//934 470//934 469//934
f 501//935 469//935 502//935
f 502//936 469//936 468//936
f 502//937 468//937 503//937
f 503//938 468//938 467//938
f 503//939 467//939 504//939
f 504//940 467//940 505//940
f 505//941 467//941 466//941
f 505//942 466//942 506//942
f 506//943 466//943 465//943
f 506//944 465//944 507//944
f 507//945 465//945 508//945
f 508//946 465//946 464//946
f 508//947 464//947 509//947
f 509//948 464//948 463//948
f 509//949 463//949 510//949
f 510//950 463//950 511//950
f 511//951 463//951 454//951
f 511//952 454//952 512//952
f 512//953 454//953 462//953
f 512//954 462//954 513//954
f 513//955 462//955 461//955
f 513//956 461//956 514//956
f 514//957 461//957 515//957
f 515//958 461//958 448//958
f 515//959 448//959 497//959
f 498//780 499//780 516//780
f 498//780 516//780 517//780
f 517//780 516//780 518//780
f 518//780 516//780 519//780
f 518//780 519//780 506//780
f 506//780 519//780 505//780
f 507//780 508//780 520//780
f 507//780 520//780 521//780
f 521//780 520//780 522//780
f 522//780 520//780 515//780
f 522//780 515//780 497//780
f 689//1314 571//1314 690//1314
f 690//1315 571//1315 560//1315
f 690//1316 560//1316 796//1316
f 796//1317 560//1317 797//1317
f 571//1318 689//1318 688//1318
f 571//1319 688//1319 570//1319
f 570//1320 688//1320 687//1320
f 570//1321 687//1321 569//1321
f 569//1322 687//1322 686//1322
f 569//1323 686//1323 568//1323
f 568//1324 686//1324 685//1324
f 568//1325 685//1325 580//1325
f 580//1326 685//1326 684//1326
f 580//1327 684//1327 581//1327
f 581//1328 684//1328 683//1328
f 581//1329 683//1329 963//1329
f 953//1330 798//1330 963//1330
f 963//1331 798//1331 581//1331
f 581//1332 798//1332 582//1332
f 798//1333 799//1333 582//1333
f 582//1334 799//1334 800//1334
f 582//1335 800//1335 556//1335
f 556//1336 800//1336 801//1336
f 556//1337 801//1337 555//1337
f 555//1338 801//1338 802//1338
f 555//1339 802//1339 554//1339
f 554//1340 802//1340 803//1340
f 803//1341 802//1341 901//1341
f 554//1342 803//1342 583//1342
f 803//1343 804//1343 583//1343
f 804//1344 805//1344 583//1344
f 583//1345 805//1345 584//1345
f 584//1346 805//1346 806//1346
f 584//1347 806//1347 585//1347
f 585//1348 806//1348 807//1348
f 585//1349 807//1349 586//1349
f 586//1350 807//1350 808//1350
f 586//1351 808//1351 587//1351
f 587//1352 808//1352 809//1352
f 587//1353 809//1353 588//1353
f 588//1354 809//1354 810//1354
f 588//1355 810//1355 589//1355
f 589//1356 810//1356 969//1356
f 923//1357 661//1357 969//1357
f 969//1358 661//1358 589//1358
f 589//1359 661//1359 662//1359
f 589//1360 662//1360 590//1360
f 590//1361 662//1361 811//1361
f 590//1362 811//1362 548//1362
f 548//1363 811//1363 812//1363
f 548//1364 812//1364 549//1364
f 549//1365 812//1365 813//1365
f 549//1366 813//1366 579//1366
f 579//1367 813//1367 660//1367
f 814//1368 815//1368 660//1368
f 660//1369 815//1369 579//1369
f 815//1370 816//1370 579//1370
f 579//1371 816//1371 578//1371
f 578//1372 816//1372 817//1372
f 578//1373 817//1373 577//1373
f 577//1374 817//1374 818//1374
f 577//1375 818//1375 576//1375
f 576//1376 818//1376 819//1376
f 576//1377 819//1377 575//1377
f 575//1378 819//1378 820//1378
f 575//1379 820//1379 574//1379
f 574//1380 820//1380 821//1380
f 574//1381 821//1381 573//1381
f 573//1382 821//1382 822//1382
f 573//1383 822//1383 957//1383
f 573//1384 957//1384 930//1384
f 573//1385 930//1385 823//1385
f 573//1386 823//1386 563//1386
f 563//1387 823//1387 824//1387
f 824//1388 825//1388 563//1388
f 563//1389 825//1389 562//1389
f 562//1390 825//1390 826//1390
f 562//1391 826//1391 561//1391
f 561//1392 826//1392 827//1392
f 561//1393 827//1393 572//1393
f 572//1394 827//1394 828//1394
f 828//1395 829//1395 572//1395
f 572//1396 829//1396 797//1396
f 560//1397 572//1397 797//1397
f 474//1500 473//1500 904//1500
f 904//1501 473//1501 905//1501
f 905//1502 473//1502 902//1502
f 902//1503 473//1503 797//1503
f 797//1504 473//1504 955//1504
f 955//1505 473//1505 472//1505
f 955//1506 472//1506 894//1506
f 894//1507 472//1507 471//1507
f 471//1508 475//1508 895//1508
f 895//1509 475//1509 476//1509
f 895//1510 476//1510 953//1510
f 953//1511 476//1511 798//1511
f 798//1512 476//1512 944//1512
f 477//1513 946//1513 476//1513
f 476//1514 946//1514 945//1514
f 476//1515 945//1515 944//1515
f 944//1516 960//1516 798//1516
f 829//1517 902//1517 797//1517
f 709//1518 488//1518 707//1518
f 707//1519 488//1519 705//1519
f 705//1520 488//1520 703//1520
f 703//1521 488//1521 660//1521
f 488//1522 814//1522 660//1522
f 814//1523 488//1523 932//1523
f 932//1524 488//1524 489//1524
f 932//1525 489//1525 896//1525
f 896//1526 489//1526 490//1526
f 490//1527 491//1527 897//1527
f 897//1528 491//1528 492//1528
f 897//1529 492//1529 930//1529
f 930//1530 492//1530 823//1530
f 823//1531 492//1531 906//1531
f 493//1532 908//1532 492//1532
f 492//1533 908//1533 907//1533
f 492//1534 907//1534 906//1534
f 906//1535 966//1535 823//1535
f 660//1536 898//1536 703//1536
f 479//1573 480//1573 942//1573
f 942//1574 480//1574 943//1574
f 943//1575 480//1575 939//1575
f 939//1576 480//1576 803//1576
f 803//1577 480//1577 922//1577
f 922//1578 480//1578 481//1578
f 922//1579 481//1579 899//1579
f 899//1580 481//1580 482//1580
f 482//1581 483//1581 900//1581
f 900//1582 483//1582 484//1582
f 900//1583 484//1583 923//1583
f 923//1584 484//1584 661//1584
f 661//1585 484//1585 702//1585
f 485//1586 698//1586 484//1586
f 484//1587 698//1587 699//1587
f 484//1588 699//1588 702//1588
f 702//1589 664//1589 661//1589
f 901//1590 939//1590 803//1590
f 901//1825 972//1825 939//1825
f 482//1826 900//1826 923//1826
f 490//1827 897//1827 930//1827
f 829//1828 973//1828 902//1828
f 471//1829 895//1829 953//1829
usemtl 233,37,37
f 498//960 530//960 497//960
f 497//961 530//961 523//961
f 497//962 523//962 522//962
f 522//963 523//963 524//963
f 522//964 524//964 521//964
f 521//965 524//965 525//965
f 521//966 525//966 507//966
f 507//967 525//967 526//967
f 507//968 526//968 506//968
f 506//969 526//969 527//969
f 506//970 527//970 518//970
f 518//971 527//971 528//971
f 518//972 528//972 517//972
f 517//973 528//973 529//973
f 517//974 529//974 498//974
f 498//975 529//975 530//975
f 514//976 531//976 532//976
f 514//977 532//977 513//977
f 513//978 532//978 533//978
f 513//979 533//979 512//979
f 512//980 533//980 534//980
f 512//981 534//981 511//981
f 511//982 534//982 535//982
f 511//983 535//983 510//983
f 510//984 535//984 536//984
f 510//985 536//985 509//985
f 509//986 536//986 537//986
f 509//987 537//987 508//987
f 508//988 537//988 538//988
f 508//989 538//989 520//989
f 520//990 538//990 539//990
f 520//991 539//991 515//991
f 515//992 539//992 531//992
f 515//993 531//993 514//993
f 501//994 540//994 500//994
f 500//995 540//995 541//995
f 500//996 541//996 499//996
f 499//997 541//997 516//997
f 516//998 541//998 542//998
f 516//999 542//999 519//999
f 519//1000 542//1000 543//1000
f 519//1001 543//1001 505//1001
f 505//1002 543//1002 544//1002
f 505//1003 544//1003 504//1003
f 504//1004 544//1004 545//1004
f 504//1005 545//1005 503//1005
f 503//1006 545//1006 546//1006
f 503//1007 546//1007 502//1007
f 502//1008 546//1008 547//1008
f 502//1009 547//1009 501//1009
f 501//1010 547//1010 540//1010
f 571//1011 559//1011 560//1011
f 549//1012 567//1012 548//1012
f 589//1013 590//1013 550//1013
f 550//1014 590//1014 548//1014
f 588//1015 589//1015 550//1015
f 551//1016 588//1016 550//1016
f 587//1017 588//1017 551//1017
f 586//1018 587//1018 552//1018
f 552//1019 587//1019 551//1019
f 585//1020 586//1020 552//1020
f 584//1021 585//1021 553//1021
f 553//1022 585//1022 552//1022
f 583//1023 584//1023 553//1023
f 554//1024 583//1024 553//1024
f 581//1025 582//1025 557//1025
f 557//1026 582//1026 556//1026
f 580//1027 581//1027 557//1027
f 568//1028 580//1028 558//1028
f 558//1029 580//1029 557//1029
f 569//1030 568//1030 558//1030
f 570//1031 569//1031 559//1031
f 559//1032 569//1032 558//1032
f 571//1033 570//1033 559//1033
f 561//1034 572//1034 560//1034
f 574//1035 573//1035 564//1035
f 564//1036 573//1036 563//1036
f 575//1037 574//1037 565//1037
f 565//1038 574//1038 564//1038
f 576//1039 575//1039 565//1039
f 577//1040 576//1040 566//1040
f 566//1041 576//1041 565//1041
f 578//1042 577//1042 566//1042
f 579//1043 578//1043 567//1043
f 567//1044 578//1044 566//1044
f 549//1045 579//1045 567//1045
f 592//1046 593//1046 594//1046
f 594//1047 593//1047 595//1047
f 594//1048 595//1048 596//1048
f 594//1049 596//1049 658//1049
f 658//1050 596//1050 597//1050
f 658//1051 597//1051 598//1051
f 599//1052 600//1052 601//1052
f 601//1053 602//1053 603//1053
f 604//1054 603//1054 605//1054
f 604//1055 605//1055 606//1055
f 606//1056 607//1056 608//1056
f 608//1057 607//1057 609//1057
f 608//1058 609//1058 610//1058
f 608//1059 610//1059 654//1059
f 654//1060 610//1060 611//1060
f 612//1061 613//1061 614//1061
f 614//1062 613//1062 615//1062
f 614//1063 615//1063 616//1063
f 614//1064 616//1064 617//1064
f 618//1065 617//1065 619//1065
f 618//1066 619//1066 620//1066
f 620//1067 621//1067 622//1067
f 622//1068 621//1068 623//1068
f 622//1069 623//1069 624//1069
f 622//1070 624//1070 625//1070
f 625//1071 624//1071 651//1071
f 651//1072 624//1072 626//1072
f 651//1073 626//1073 627//1073
f 627//1074 628//1074 629//1074
f 629//1075 630//1075 631//1075
f 649//1076 631//1076 632//1076
f 649//1077 632//1077 633//1077
f 633//1078 634//1078 635//1078
f 635//1079 634//1079 636//1079
f 635//1080 636//1080 637//1080
f 635//1081 637//1081 648//1081
f 648//1082 637//1082 638//1082
f 639//1083 640//1083 641//1083
f 641//1084 640//1084 642//1084
f 641//1085 642//1085 643//1085
f 641//1086 643//1086 644//1086
f 641//1087 645//1087 647//1087
f 638//1088 647//1088 648//1088
f 633//1089 635//1089 649//1089
f 622//1090 625//1090 652//1090
f 614//1091 618//1091 653//1091
f 611//1092 653//1092 654//1092
f 608//1093 654//1093 655//1093
f 604//1094 655//1094 656//1094
f 598//1095 657//1095 658//1095
f 594//1096 658//1096 646//1096
f 592//1097 646//1097 591//1097
f 591//1098 646//1098 645//1098
f 591//1099 645//1099 644//1099
f 644//1100 645//1100 641//1100
f 641//1101 647//1101 639//1101
f 639//1102 647//1102 638//1102
f 631//1103 649//1103 650//1103
f 631//1104 650//1104 629//1104
f 629//1105 650//1105 627//1105
f 627//1106 650//1106 651//1106
f 620//1107 622//1107 652//1107
f 620//1108 652//1108 618//1108
f 617//1109 618//1109 614//1109
f 614//1110 653//1110 612//1110
f 612//1111 653//1111 611//1111
f 606//1112 608//1112 655//1112
f 606//1113 655//1113 604//1113
f 603//1114 604//1114 656//1114
f 603//1115 656//1115 601//1115
f 601//1116 656//1116 657//1116
f 601//1117 657//1117 599//1117
f 599//1118 657//1118 598//1118
f 592//1119 594//1119 646//1119
f 659//1120 898//1120 813//1120
f 813//1121 898//1121 660//1121
f 662//1122 661//1122 664//1122
f 662//1123 664//1123 663//1123
f 663//1124 664//1124 665//1124
f 667//1125 666//1125 668//1125
f 667//1126 668//1126 669//1126
f 676//1127 677//1127 675//1127
f 675//1128 677//1128 678//1128
f 675//1129 678//1129 679//1129
f 675//1130 679//1130 674//1130
f 674//1131 679//1131 680//1131
f 674//1132 680//1132 673//1132
f 673//1133 680//1133 681//1133
f 673//1134 681//1134 682//1134
f 673//1135 682//1135 672//1135
f 672//1136 682//1136 964//1136
f 688//1137 689//1137 691//1137
f 688//1138 691//1138 687//1138
f 687//1139 691//1139 686//1139
f 686//1140 691//1140 685//1140
f 692//1141 717//1141 693//1141
f 694//1142 695//1142 959//1142
f 959//1143 695//1143 696//1143
f 697//1144 894//1144 471//1144
f 486//1145 698//1145 485//1145
f 698//1146 486//1146 699//1146
f 699//1147 486//1147 700//1147
f 699//1148 700//1148 701//1148
f 699//1149 701//1149 702//1149
f 703//1150 704//1150 705//1150
f 705//1151 704//1151 706//1151
f 705//1152 706//1152 707//1152
f 707//1153 706//1153 708//1153
f 707//1154 708//1154 709//1154
f 697//1155 710//1155 711//1155
f 697//1156 711//1156 712//1156
f 710//1157 697//1157 713//1157
f 710//1158 713//1158 714//1158
f 714//1159 713//1159 715//1159
f 714//1160 715//1160 716//1160
f 716//1161 715//1161 717//1161
f 714//1162 716//1162 718//1162
f 714//1163 718//1163 719//1163
f 719//1164 718//1164 478//1164
f 719//1165 478//1165 496//1165
f 719//1166 496//1166 720//1166
f 720//1167 668//1167 719//1167
f 668//1168 720//1168 721//1168
f 719//1169 668//1169 722//1169
f 668//1170 666//1170 722//1170
f 722//1171 666//1171 723//1171
f 722//1172 723//1172 724//1172
f 724//1173 723//1173 725//1173
f 724//1174 725//1174 726//1174
f 727//1175 726//1175 725//1175
f 727//1176 728//1176 726//1176
f 726//1177 728//1177 700//1177
f 700//1178 728//1178 701//1178
f 726//1179 700//1179 486//1179
f 726//1180 486//1180 487//1180
f 726//1181 487//1181 729//1181
f 729//1182 487//1182 708//1182
f 729//1183 708//1183 706//1183
f 706//1184 704//1184 730//1184
f 706//1185 730//1185 729//1185
f 729//1186 730//1186 731//1186
f 729//1187 731//1187 732//1187
f 729//1188 732//1188 733//1188
f 733//1189 732//1189 734//1189
f 733//1190 734//1190 735//1190
f 735//1191 734//1191 696//1191
f 696//1192 695//1192 735//1192
f 695//1193 736//1193 737//1193
f 695//1194 737//1194 735//1194
f 735//1195 737//1195 738//1195
f 735//1196 738//1196 739//1196
f 739//1197 738//1197 494//1197
f 739//1198 494//1198 495//1198
f 739//1199 495//1199 740//1199
f 739//1200 740//1200 741//1200
f 741//1201 740//1201 671//1201
f 739//1202 741//1202 711//1202
f 741//1203 712//1203 711//1203
f 620//1204 619//1204 680//1204
f 680//1205 619//1205 742//1205
f 680//1206 742//1206 743//1206
f 680//1207 743//1207 681//1207
f 681//1208 743//1208 744//1208
f 681//1209 744//1209 682//1209
f 682//1210 744//1210 615//1210
f 744//1211 616//1211 615//1211
f 964//1212 682//1212 745//1212
f 964//1213 745//1213 746//1213
f 746//1214 745//1214 715//1214
f 715//1215 745//1215 747//1215
f 715//1216 747//1216 717//1216
f 717//1217 747//1217 693//1217
f 693//1218 747//1218 612//1218
f 693//1219 612//1219 611//1219
f 693//1220 611//1220 748//1220
f 749//1221 748//1221 750//1221
f 749//1222 750//1222 961//1222
f 961//1223 750//1223 751//1223
f 751//1224 610//1224 609//1224
f 609//1225 752//1225 751//1225
f 751//1226 752//1226 952//1226
f 952//1227 752//1227 753//1227
f 952//1228 753//1228 941//1228
f 941//1229 753//1229 668//1229
f 668//1230 753//1230 669//1230
f 753//1231 754//1231 669//1231
f 669//1232 754//1232 755//1232
f 755//1233 754//1233 606//1233
f 755//1234 606//1234 605//1234
f 970//1235 755//1235 756//1235
f 970//1236 756//1236 757//1236
f 602//1237 601//1237 757//1237
f 757//1238 601//1238 758//1238
f 758//1239 759//1239 760//1239
f 760//1240 759//1240 761//1240
f 761//1241 599//1241 598//1241
f 598//1242 762//1242 761//1242
f 762//1243 763//1243 764//1243
f 764//1244 763//1244 765//1244
f 764//1245 765//1245 766//1245
f 766//1246 765//1246 727//1246
f 727//1247 765//1247 728//1247
f 728//1248 765//1248 596//1248
f 728//1249 596//1249 595//1249
f 728//1250 595//1250 767//1250
f 728//1251 767//1251 917//1251
f 728//1252 917//1252 701//1252
f 768//1253 918//1253 767//1253
f 767//1254 918//1254 917//1254
f 768//1255 769//1255 918//1255
f 592//1256 591//1256 769//1256
f 769//1257 591//1257 770//1257
f 770//1258 771//1258 921//1258
f 921//1259 771//1259 772//1259
f 921//1260 772//1260 916//1260
f 916//1261 772//1261 730//1261
f 916//1262 730//1262 704//1262
f 643//1263 642//1263 772//1263
f 772//1264 642//1264 730//1264
f 730//1265 642//1265 773//1265
f 730//1266 773//1266 731//1266
f 731//1267 773//1267 956//1267
f 956//1268 773//1268 774//1268
f 774//1269 773//1269 775//1269
f 774//1270 775//1270 958//1270
f 958//1271 775//1271 776//1271
f 776//1272 639//1272 638//1272
f 776//1273 638//1273 777//1273
f 776//1274 777//1274 778//1274
f 778//1275 777//1275 779//1275
f 778//1276 779//1276 780//1276
f 780//1277 636//1277 781//1277
f 637//1278 636//1278 780//1278
f 780//1279 781//1279 782//1279
f 782//1280 781//1280 783//1280
f 782//1281 783//1281 784//1281
f 784//1282 783//1282 633//1282
f 784//1283 633//1283 632//1283
f 784//1284 632//1284 785//1284
f 784//1285 785//1285 694//1285
f 694//1286 785//1286 786//1286
f 694//1287 786//1287 695//1287
f 695//1288 786//1288 787//1288
f 695//1289 787//1289 736//1289
f 787//1290 786//1290 788//1290
f 787//1291 788//1291 789//1291
f 789//1292 788//1292 630//1292
f 629//1293 789//1293 630//1293
f 967//1294 789//1294 790//1294
f 967//1295 790//1295 913//1295
f 913//1296 790//1296 791//1296
f 913//1297 791//1297 914//1297
f 914//1298 791//1298 626//1298
f 914//1299 626//1299 670//1299
f 670//1300 626//1300 792//1300
f 670//1301 792//1301 671//1301
f 671//1302 792//1302 741//1302
f 741//1303 792//1303 793//1303
f 741//1304 793//1304 962//1304
f 791//1305 627//1305 626//1305
f 678//1306 677//1306 793//1306
f 624//1307 623//1307 678//1307
f 678//1308 623//1308 794//1308
f 678//1309 794//1309 679//1309
f 679//1310 794//1310 795//1310
f 679//1311 795//1311 680//1311
f 677//1312 962//1312 793//1312
f 721//1313 941//1313 668//1313
f 646//1537 548//1537 645//1537
f 645//1538 548//1538 567//1538
f 645//1539 567//1539 647//1539
f 647//1540 567//1540 566//1540
f 647//1541 566//1541 648//1541
f 648//1542 566//1542 565//1542
f 648//1543 565//1543 635//1543
f 635//1544 565//1544 649//1544
f 649//1545 565//1545 564//1545
f 649//1546 564//1546 563//1546
f 649//1547 563//1547 650//1547
f 650//1548 563//1548 562//1548
f 650//1549 562//1549 651//1549
f 651//1550 562//1550 561//1550
f 651//1551 561//1551 560//1551
f 651//1552 560//1552 625//1552
f 625//1553 560//1553 559//1553
f 625//1554 559//1554 652//1554
f 652//1555 559//1555 558//1555
f 652//1556 558//1556 618//1556
f 618//1557 558//1557 557//1557
f 618//1558 557//1558 653//1558
f 653//1559 557//1559 556//1559
f 653//1560 556//1560 654//1560
f 654//1561 556//1561 555//1561
f 654//1562 555//1562 554//1562
f 654//1563 554//1563 655//1563
f 655//1564 554//1564 553//1564
f 655//1565 553//1565 656//1565
f 656//1566 553//1566 552//1566
f 656//1567 552//1567 657//1567
f 657//1568 552//1568 551//1568
f 657//1569 551//1569 658//1569
f 658//1570 551//1570 550//1570
f 658//1571 550//1571 646//1571
f 646//1572 550//1572 548//1572
f 527//1591 710//1591 714//1591
f 527//1592 714//1592 544//1592
f 544//1593 714//1593 719//1593
f 544//1594 719//1594 545//1594
f 545//1595 719//1595 546//1595
f 546//1596 719//1596 722//1596
f 546//1597 722//1597 547//1597
f 547//1598 722//1598 540//1598
f 540//1599 722//1599 724//1599
f 540//830 724//830 541//830
f 541//1600 724//1600 726//1600
f 726//830 530//830 541//830
f 530//830 726//830 523//830
f 523//1601 726//1601 729//1601
f 729//1602 531//1602 523//1602
f 523//827 531//827 524//827
f 524//827 531//827 539//827
f 524//827 539//827 525//827
f 525//827 539//827 538//827
f 525//827 538//827 526//827
f 526//827 538//827 537//827
f 526//825 537//825 711//825
f 711//826 537//826 739//826
f 739//1592 537//1592 536//1592
f 739//828 536//828 535//828
f 739//1603 535//1603 735//1603
f 735//1604 535//1604 534//1604
f 735//1605 534//1605 533//1605
f 729//1606 733//1606 531//1606
f 531//1602 733//1602 532//1602
f 532//1607 733//1607 533//1607
f 533//1608 733//1608 735//1608
f 526//827 711//827 710//827
f 526//827 710//827 527//827
f 541//827 530//827 542//827
f 542//827 530//827 529//827
f 542//827 529//827 528//827
f 542//827 528//827 543//827
f 543//827 528//827 527//827
f 543//827 527//827 544//827
f 671//1609 902//1609 973//1609
f 671//1610 973//1610 903//1610
f 903//1611 670//1611 671//1611
f 495//1612 474//1612 904//1612
f 495//1613 904//1613 905//1613
f 495//1614 905//1614 740//1614
f 740//1615 905//1615 902//1615
f 902//1616 671//1616 740//1616
f 736//1617 906//1617 907//1617
f 736//1618 907//1618 737//1618
f 737//1619 907//1619 908//1619
f 737//1620 908//1620 738//1620
f 738//1621 908//1621 493//1621
f 909//1622 910//1622 736//1622
f 736//1623 910//1623 966//1623
f 736//1624 966//1624 906//1624
f 912//1625 911//1625 827//1625
f 827//1626 911//1626 913//1626
f 827//1627 913//1627 914//1627
f 827//1628 914//1628 915//1628
f 704//1629 703//1629 898//1629
f 704//1630 898//1630 659//1630
f 659//1631 916//1631 704//1631
f 917//1632 665//1632 701//1632
f 701//1633 665//1633 664//1633
f 701//1634 664//1634 702//1634
f 918//1635 919//1635 665//1635
f 665//1636 919//1636 811//1636
f 811//1637 919//1637 920//1637
f 920//1638 919//1638 921//1638
f 667//1639 968//1639 666//1639
f 666//1640 968//1640 803//1640
f 666//1641 803//1641 922//1641
f 899//1642 723//1642 922//1642
f 922//1643 723//1643 666//1643
f 723//1644 482//1644 725//1644
f 725//1645 482//1645 923//1645
f 725//1646 923//1646 969//1646
f 969//1647 971//1647 725//1647
f 804//1648 924//1648 925//1648
f 925//1649 924//1649 926//1649
f 925//1650 926//1650 927//1650
f 927//1651 926//1651 928//1651
f 927//1652 928//1652 809//1652
f 809//1653 928//1653 929//1653
f 809//1654 929//1654 810//1654
f 734//1655 490//1655 696//1655
f 696//1656 490//1656 930//1656
f 696//1657 930//1657 957//1657
f 957//1658 959//1658 696//1658
f 931//1659 815//1659 732//1659
f 732//1660 815//1660 814//1660
f 732//1661 814//1661 932//1661
f 896//1662 734//1662 932//1662
f 932//1663 734//1663 732//1663
f 816//1664 933//1664 934//1664
f 934//1665 933//1665 935//1665
f 934//1666 935//1666 936//1666
f 936//1667 935//1667 937//1667
f 936//1668 937//1668 820//1668
f 820//1669 937//1669 938//1669
f 820//1670 938//1670 822//1670
f 720//1671 939//1671 721//1671
f 721//1672 939//1672 972//1672
f 721//1673 972//1673 940//1673
f 940//1674 941//1674 721//1674
f 496//1675 479//1675 942//1675
f 496//1676 942//1676 943//1676
f 496//1677 943//1677 720//1677
f 720//1678 943//1678 939//1678
f 717//1679 944//1679 945//1679
f 717//1680 945//1680 716//1680
f 716//1681 945//1681 946//1681
f 716//1682 946//1682 718//1682
f 718//1683 946//1683 477//1683
f 692//1684 947//1684 717//1684
f 717//1685 947//1685 960//1685
f 717//1686 960//1686 944//1686
f 948//1687 949//1687 950//1687
f 950//1688 949//1688 801//1688
f 801//1689 949//1689 951//1689
f 951//1690 949//1690 952//1690
f 697//1691 471//1691 713//1691
f 713//1692 471//1692 953//1692
f 713//1693 953//1693 963//1693
f 963//1694 965//1694 713//1694
f 954//1695 796//1695 712//1695
f 712//1696 796//1696 797//1696
f 712//1697 797//1697 955//1697
f 894//1698 697//1698 955//1698
f 955//1699 697//1699 712//1699
f 676//1700 675//1700 690//1700
f 690//1701 675//1701 689//1701
f 689//1702 675//1702 691//1702
f 691//1703 675//1703 674//1703
f 691//1704 674//1704 685//1704
f 685//1705 674//1705 673//1705
f 685//1706 673//1706 684//1706
f 684//1707 673//1707 683//1707
f 683//1708 673//1708 672//1708
f 734//1709 896//1709 490//1709
f 723//1710 899//1710 482//1710
f 931//1711 732//1711 956//1711
f 956//1712 732//1712 731//1712
f 933//1713 816//1713 815//1713
f 933//1714 815//1714 931//1714
f 817//1715 816//1715 934//1715
f 817//1716 934//1716 818//1716
f 818//1717 934//1717 819//1717
f 819//1718 934//1718 936//1718
f 819//1719 936//1719 820//1719
f 821//1720 820//1720 822//1720
f 956//1721 774//1721 933//1721
f 956//1722 933//1722 931//1722
f 935//1723 933//1723 958//1723
f 938//1724 782//1724 784//1724
f 933//1725 774//1725 958//1725
f 958//1726 776//1726 935//1726
f 935//1727 776//1727 778//1727
f 935//1728 778//1728 780//1728
f 935//1729 780//1729 937//1729
f 937//1730 780//1730 782//1730
f 937//1731 782//1731 938//1731
f 959//1732 957//1732 938//1732
f 938//1733 957//1733 822//1733
f 784//1734 694//1734 959//1734
f 784//1735 959//1735 938//1735
f 799//1736 798//1736 960//1736
f 799//1737 960//1737 947//1737
f 799//1738 950//1738 800//1738
f 950//1739 799//1739 947//1739
f 948//1740 950//1740 947//1740
f 948//1741 947//1741 692//1741
f 802//1742 801//1742 951//1742
f 800//1743 950//1743 801//1743
f 940//1744 972//1744 901//1744
f 940//1745 901//1745 802//1745
f 948//1746 692//1746 693//1746
f 802//1747 951//1747 940//1747
f 949//1748 961//1748 952//1748
f 952//1749 961//1749 751//1749
f 948//1750 693//1750 949//1750
f 949//1751 693//1751 749//1751
f 949//1752 749//1752 961//1752
f 693//1753 748//1753 749//1753
f 941//1754 940//1754 951//1754
f 941//1755 951//1755 952//1755
f 954//1756 712//1756 962//1756
f 962//1757 712//1757 741//1757
f 676//1758 690//1758 796//1758
f 676//1759 796//1759 954//1759
f 962//1760 677//1760 676//1760
f 962//1761 676//1761 954//1761
f 965//1762 963//1762 672//1762
f 672//1763 963//1763 683//1763
f 964//1764 746//1764 965//1764
f 964//1765 965//1765 672//1765
f 713//1766 965//1766 715//1766
f 715//1767 965//1767 746//1767
f 824//1768 823//1768 966//1768
f 824//1769 966//1769 910//1769
f 824//1770 912//1770 825//1770
f 912//1771 824//1771 910//1771
f 909//1772 736//1772 787//1772
f 911//1773 912//1773 910//1773
f 911//1774 910//1774 909//1774
f 828//1775 827//1775 915//1775
f 825//1776 912//1776 826//1776
f 826//1777 912//1777 827//1777
f 903//1778 973//1778 829//1778
f 903//1779 829//1779 828//1779
f 911//1780 909//1780 787//1780
f 828//1781 915//1781 903//1781
f 911//1782 967//1782 913//1782
f 911//1783 787//1783 967//1783
f 967//1784 787//1784 789//1784
f 670//1785 903//1785 915//1785
f 670//1786 915//1786 914//1786
f 804//1787 803//1787 968//1787
f 924//1788 804//1788 968//1788
f 924//1789 968//1789 667//1789
f 805//1790 804//1790 925//1790
f 805//1791 925//1791 806//1791
f 806//1792 925//1792 807//1792
f 807//1793 925//1793 927//1793
f 807//1794 927//1794 808//1794
f 808//1795 927//1795 809//1795
f 669//1796 755//1796 924//1796
f 669//1797 924//1797 667//1797
f 926//1798 924//1798 970//1798
f 929//1799 762//1799 764//1799
f 924//1800 755//1800 970//1800
f 926//1801 758//1801 928//1801
f 928//1802 758//1802 760//1802
f 928//1803 760//1803 761//1803
f 928//1804 761//1804 929//1804
f 929//1805 761//1805 762//1805
f 926//1806 970//1806 757//1806
f 926//1807 757//1807 758//1807
f 971//1808 969//1808 929//1808
f 929//1809 969//1809 810//1809
f 764//1810 766//1810 971//1810
f 764//1811 971//1811 929//1811
f 725//1812 971//1812 727//1812
f 727//1813 971//1813 766//1813
f 663//1814 665//1814 662//1814
f 918//1815 665//1815 917//1815
f 813//1816 812//1816 811//1816
f 813//1817 811//1817 920//1817
f 662//1818 665//1818 811//1818
f 813//1819 920//1819 659//1819
f 921//1820 919//1820 770//1820
f 919//1821 918//1821 769//1821
f 919//1822 769//1822 770//1822
f 916//1823 659//1823 920//1823
f 916//1824 920//1824 921//1824
usemtl 199,194,189
f 742//780 830//780 743//780
f 743//1398 830//1398 744//1398
f 744//780 830//780 831//780
f 794//780 832//780 795//780
f 795//780 832//780 833//780
f 795//1399 833//1399 680//1399
f 792//1400 834//1400 793//1400
f 793//1401 834//1401 835//1401
f 793//1402 835//1402 678//1402
f 789//1403 836//1403 790//1403
f 790//780 836//780 791//780
f 791//780 836//780 837//780
f 785//1404 838//1404 786//1404
f 786//1405 838//1405 788//1405
f 788//780 838//780 839//780
f 781//1406 840//1406 841//1406
f 781//1407 841//1407 783//1407
f 777//780 842//780 779//780
f 779//780 842//780 843//780
f 779//1408 843//1408 780//1408
f 770//1409 844//1409 771//1409
f 771//1398 844//1398 772//1398
f 772//780 844//780 845//780
f 773//1410 846//1410 775//1410
f 775//1411 846//1411 776//1411
f 776//1412 846//1412 847//1412
f 762//1413 848//1413 763//1413
f 763//1414 848//1414 849//1414
f 763//1415 849//1415 765//1415
f 758//1416 850//1416 759//1416
f 759//1417 850//1417 761//1417
f 761//1418 850//1418 851//1418
f 755//1419 852//1419 756//1419
f 756//1420 852//1420 757//1420
f 757//1421 852//1421 853//1421
f 752//1414 854//1414 753//1414
f 753//1422 854//1422 855//1422
f 753//1404 855//1404 754//1404
f 748//1423 856//1423 750//1423
f 750//780 856//780 857//780
f 750//1424 857//1424 751//1424
f 682//1425 858//1425 745//1425
f 745//1404 858//1404 747//1404
f 747//780 858//780 859//780
f 767//1426 860//1426 768//1426
f 768//1398 860//1398 861//1398
f 768//1427 861//1427 769//1427
f 616//1428 862//1428 617//1428
f 617//1429 862//1429 863//1429
f 617//1430 863//1430 619//1430
f 620//1431 864//1431 621//1431
f 621//1432 864//1432 623//1432
f 623//1433 864//1433 865//1433
f 624//1434 866//1434 626//1434
f 626//1435 866//1435 867//1435
f 627//1436 868//1436 628//1436
f 628//827 868//827 869//827
f 628//1437 869//1437 629//1437
f 630//1438 870//1438 631//1438
f 631//1439 870//1439 871//1439
f 631//1440 871//1440 632//1440
f 633//1441 872//1441 634//1441
f 634//1442 872//1442 636//1442
f 636//1443 872//1443 873//1443
f 637//1444 874//1444 638//1444
f 638//1445 874//1445 875//1445
f 643//1446 876//1446 644//1446
f 644//1447 876//1447 877//1447
f 644//1448 877//1448 591//1448
f 639//1449 878//1449 640//1449
f 640//827 878//827 879//827
f 640//1450 879//1450 642//1450
f 596//827 880//827 597//827
f 597//1451 880//1451 598//1451
f 598//1452 880//1452 881//1452
f 599//1453 882//1453 600//1453
f 600//827 882//827 883//827
f 600//1454 883//1454 601//1454
f 602//1455 884//1455 603//1455
f 603//1456 884//1456 885//1456
f 603//1457 885//1457 605//1457
f 606//1458 886//1458 607//1458
f 607//1459 886//1459 609//1459
f 609//1460 886//1460 887//1460
f 610//1461 888//1461 611//1461
f 611//1462 888//1462 889//1462
f 612//1463 890//1463 613//1463
f 613//827 890//827 891//827
f 613//1464 891//1464 615//1464
f 592//1465 892//1465 593//1465
f 593//1466 892//1466 595//1466
f 595//1467 892//1467 893//1467
f 830//1468 863//1468 862//1468
f 830//1469 862//1469 831//1469
f 832//1470 865//1470 864//1470
f 832//1471 864//1471 833//1471
f 834//1472 867//1472 866//1472
f 834//1473 866//1473 835//1473
f 836//1474 869//1474 868//1474
f 836//1475 868//1475 837//1475
f 838//1476 871//1476 870//1476
f 838//1477 870//1477 839//1477
f 840//1478 873//1478 872//1478
f 840//1479 872//1479 841//1479
f 842//1480 875//1480 874//1480
f 842//1481 874//1481 843//1481
f 844//1482 877//1482 876//1482
f 844//1483 876//1483 845//1483
f 846//1484 879//1484 878//1484
f 846//1485 878//1485 847//1485
f 848//1486 881//1486 880//1486
f 848//1487 880//1487 849//1487
f 850//1488 883//1488 882//1488
f 850//1489 882//1489 851//1489
f 852//1490 885//1490 884//1490
f 852//1491 884//1491 853//1491
f 854//1492 887//1492 886//1492
f 854//1493 886//1493 855//1493
f 856//1494 889//1494 888//1494
f 856//1495 888//1495 857//1495
f 858//1496 891//1496 890//1496
f 858//1497 890//1497 859//1497
f 860//1498 893//1498 892//1498
f 860//1499 892//1499 861//1499
f 769//1830 861//1830 592//1830
f 592//1831 861//1831 892//1831
f 591//1832 877//1832 770//1832
f 770//1833 877//1833 844//1833
f 611//1834 889//1834 748//1834
f 748//1835 889//1835 856//1835
f 747//1836 859//1836 612//1836
f 612//1837 859//1837 890//1837
f 751//1838 857//1838 610//1838
f 610//1839 857//1839 888//1839
f 609//1840 887//1840 752//1840
f 752//1841 887//1841 854//1841
f 605//1842 885//1842 755//1842
f 755//1843 885//1843 852//1843
f 754//1844 855//1844 606//1844
f 606//1845 855//1845 886//1845
f 757//1846 853//1846 602//1846
f 602//1847 853//1847 884//1847
f 601//1848 883//1848 758//1848
f 758//1849 883//1849 850//1849
f 598//1850 881//1850 762//1850
f 762//1851 881//1851 848//1851
f 761//1852 851//1852 599//1852
f 599//1853 851//1853 882//1853
f 595//1854 893//1854 767//1854
f 767//1855 893//1855 860//1855
f 765//1856 849//1856 596//1856
f 596//1857 849//1857 880//1857
f 638//1858 875//1858 777//1858
f 777//1859 875//1859 842//1859
f 776//1860 847//1860 639//1860
f 639//1861 847//1861 878//1861
f 642//1862 879//1862 773//1862
f 773//1863 879//1863 846//1863
f 772//1864 845//1864 643//1864
f 643//1865 845//1865 876//1865
f 780//1866 843//1866 637//1866
f 637//1867 843//1867 874//1867
f 636//1868 873//1868 781//1868
f 781//1869 873//1869 840//1869
f 632//1870 871//1870 785//1870
f 785//1871 871//1871 838//1871
f 783//1872 841//1872 633//1872
f 633//1873 841//1873 872//1873
f 788//1874 839//1874 630//1874
f 630//1875 839//1875 870//1875
f 629//1876 869//1876 789//1876
f 789//1877 869//1877 836//1877
f 626//1878 867//1878 792//1878
f 792//1879 867//1879 834//1879
f 791//1880 837//1880 627//1880
f 627//1881 837//1881 868//1881
f 623//1882 865//1882 794//1882
f 794//1883 865//1883 832//1883
f 678//1884 835//1884 624//1884
f 624//1885 835//1885 866//1885
f 680//1886 833//1886 620//1886
f 620//1887 833//1887 864//1887
f 619//1888 863//1888 742//1888
f 742//1889 863//1889 830//1889
f 615//1890 891//1890 682//1890
f 682//1891 891//1891 858//1891
f 744//1892 831//1892 616//1892
f 616//1893 831//1893 862//1893
usemtl 202,209,238
f 981//1894 974//1894 975//1894
f 981//1895 975//1895 976//1895
f 981//1896 976//1896 977//1896
f 981//1897 977//1897 978//1897
f 980//1898 981//1898 979//1898
f 979//1899 981//1899 978//1899
f 974//1900 981//1900 980//1900
f 986//1901 985//1901 987//1901
f 988//1902 987//1902 989//1902
f 990//1903 989//1903 991//1903
f 992//1904 1002//1904 993//1904
f 991//1905 1002//1905 992//1905
f 993//1906 1002//1906 994//1906
f 994//1907 1002//1907 995//1907
f 1002//1908 1003//1908 995//1908
f 995//1909 1003//1909 996//1909
f 996//1910 1003//1910 997//1910
f 1003//1911 1004//1911 997//1911
f 997//1912 1004//1912 998//1912
f 998//1913 1004//1913 999//1913
f 999//1914 982//1914 1000//1914
f 983//1915 1001//1915 984//1915
f 984//1916 1001//1916 985//1916
f 983//1917 982//1917 1001//1917
f 1007//1918 1005//1918 1008//1918
f 1012//1919 1014//1919 1013//1919
f 1015//1920 1014//1920 1016//1920
f 1018//1921 1019//1921 1020//1921
f 1019//1922 1018//1922 1021//1922
f 1021//1923 1018//1923 1022//1923
f 1021//1924 1022//1924 1023//1924
f 1023//1925 1022//1925 1024//1925
f 1024//1926 1022//1926 1025//1926
f 1024//1927 1025//1927 1026//1927
f 1026//1928 1025//1928 1027//1928
f 1026//1929 1027//1929 1028//1929
f 1028//1930 1027//1930 1029//1930
f 1028//1931 1029//1931 1030//1931
f 1030//1932 1029//1932 1031//1932
f 1031//1933 1029//1933 1020//1933
f 1031//1934 1020//1934 1019//1934
f 1019//1935 1011//1935 1031//1935
f 1031//1936 1011//1936 1012//1936
f 1031//1937 1012//1937 1013//1937
f 1031//1938 1013//1938 1030//1938
f 1030//1939 1013//1939 1014//1939
f 1030//1940 1014//1940 1028//1940
f 1028//1941 1014//1941 1015//1941
f 1028//1942 1015//1942 1016//1942
f 1028//1943 1016//1943 1026//1943
f 1026//1944 1016//1944 1017//1944
f 1026//1945 1017//1945 1006//1945
f 1026//1946 1006//1946 1005//1946
f 1026//1947 1005//1947 1024//1947
f 1024//1948 1005//1948 1007//1948
f 1024//1949 1007//1949 1023//1949
f 1023//1950 1007//1950 1008//1950
f 1023//1951 1008//1951 1009//1951
f 1023//1952 1009//1952 1021//1952
f 1021//1953 1009//1953 1010//1953
f 1021//1954 1010//1954 1019//1954
f 1019//1955 1010//1955 1011//1955
f 1032//1956 982//1956 1033//1956
f 1033//1957 982//1957 983//1957
f 1033//1958 983//1958 1034//1958
f 1034//1959 983//1959 984//1959
f 1034//1960 984//1960 985//1960
f 1034//1961 985//1961 1035//1961
f 1035//1962 985//1962 986//1962
f 1035//1963 986//1963 987//1963
f 1035//1964 987//1964 1036//1964
f 1036//1965 987//1965 988//1965
f 1036//1966 988//1966 989//1966
f 1036//1967 989//1967 1037//1967
f 1037//1968 989//1968 990//1968
f 1037//1969 990//1969 1038//1969
f 1038//1970 990//1970 991//1970
f 1038//1971 991//1971 992//1971
f 1038//1972 992//1972 1039//1972
f 1039//1973 992//1973 993//1973
f 1039//1974 993//1974 1040//1974
f 1040//1975 993//1975 994//1975
f 1040//1976 994//1976 995//1976
f 1040//1977 995//1977 996//1977
f 1040//1978 996//1978 1041//1978
f 1041//1979 996//1979 997//1979
f 1041//1980 997//1980 998//1980
f 1041//1981 998//1981 1042//1981
f 1042//1982 998//1982 999//1982
f 1042//1983 999//1983 1032//1983
f 1032//1984 999//1984 1000//1984
f 1032//1985 1000//1985 982//1985
f 982//1986 1043//1986 1044//1986
f 982//1987 1044//1987 1001//1987
f 1001//1988 1044//1988 985//1988
f 985//1989 1044//1989 1045//1989
f 985//1990 1045//1990 987//1990
f 987//1991 1045//1991 989//1991
f 989//1992 1045//1992 1046//1992
f 989//1993 1046//1993 991//1993
f 991//1994 1046//1994 1047//1994
f 991//1995 1047//1995 1002//1995
f 1002//1996 1047//1996 1048//1996
f 1002//1997 1048//1997 1003//1997
f 1003//1998 1048//1998 1004//1998
f 1004//1999 1048//1999 1043//1999
f 1004//2000 1043//2000 999//2000
f 999//2001 1043//2001 982//2001
f 1033//2002 1011//2002 1032//2002
f 1032//2003 1011//2003 1010//2003
f 1032//2004 1010//2004 1042//2004
f 1042//2005 1010//2005 1009//2005
f 1042//2006 1009//2006 1041//2006
f 1041//2007 1009//2007 1040//2007
f 1040//2008 1009//2008 1008//2008
f 1040//2009 1008//2009 1005//2009
f 1040//2010 1005//2010 1039//2010
f 1039//2011 1005//2011 1038//2011
f 1038//2012 1005//2012 1006//2012
f 1038//2013 1006//2013 1017//2013
f 1038//2014 1017//2014 1037//2014
f 1037//2015 1017//2015 1016//2015
f 1037//2016 1016//2016 1036//2016
f 1036//2017 1016//2017 1014//2017
f 1036//2018 1014//2018 1035//2018
f 1035//2019 1014//2019 1034//2019
f 1034//2020 1014//2020 1012//2020
f 1034//2021 1012//2021 1033//2021
f 1033//2022 1012//2022 1011//2022
f 1020//2023 1027//2023 1025//2023
f 1020//2024 1025//2024 1018//2024
f 1018//2025 1025//2025 1022//2025
f 1027//2026 1020//2026 1029//2026
f 978//2027 1046//2027 1045//2027
f 978//2028 1045//2028 979//2028
f 976//2029 1047//2029 977//2029
f 977//2030 1047//2030 1046//2030
f 977//2031 1046//2031 978//2031
f 975//2032 1048//2032 976//2032
f 976//2033 1048//2033 1047//2033
f 974//2034 1043//2034 975//2034
f 975//2035 1043//2035 1048//2035
f 980//2036 1044//2036 1043//2036
f 980//2037 1043//2037 974//2037
f 979//2038 1045//2038 980//2038
f 980//2039 1045//2039 1044//2039
f 1057//2040 1049//2040 1050//2040
f 1057//2041 1051//2041 1052//2041
f 1057//2042 1052//2042 1053//2042
f 1057//2043 1053//2043 1054//2043
f 1057//2044 1056//2044 1049//2044
f 1056//2045 1057//2045 1055//2045
f 1055//2046 1057//2046 1054//2046
f 1051//2047 1057//2047 1050//2047
f 1080//2048 1075//2048 1058//2048
f 1061//2049 1076//2049 1062//2049
f 1063//2050 1062//2050 1077//2050
f 1078//2051 1079//2051 1067//2051
f 1067//2052 1079//2052 1068//2052
f 1079//2053 1069//2053 1068//2053
f 1069//2054 1071//2054 1070//2054
f 1072//2055 1080//2055 1073//2055
f 1073//2056 1080//2056 1074//2056
f 1071//2057 1080//2057 1072//2057
f 1074//2058 1080//2058 1058//2058
f 1059//2059 1058//2059 1075//2059
f 1059//2060 1075//2060 1060//2060
f 1060//2061 1075//2061 1076//2061
f 1060//2062 1076//2062 1061//2062
f 1064//2063 1063//2063 1077//2063
f 1064//2064 1077//2064 1065//2064
f 1066//2065 1065//2065 1078//2065
f 1066//2066 1078//2066 1067//2066
f 1065//2067 1077//2067 1078//2067
f 1083//2068 1081//2068 1084//2068
f 1088//2069 1090//2069 1089//2069
f 1091//2070 1090//2070 1092//2070
f 1085//2071 1094//2071 1084//2071
f 1095//2072 1096//2072 1097//2072
f 1096//2073 1095//2073 1098//2073
f 1098//2074 1095//2074 1099//2074
f 1098//2075 1099//2075 1100//2075
f 1100//2076 1099//2076 1101//2076
f 1101//2077 1099//2077 1102//2077
f 1101//2078 1102//2078 1103//2078
f 1103//2079 1102//2079 1104//2079
f 1103//2080 1104//2080 1105//2080
f 1105//2081 1104//2081 1106//2081
f 1105//2082 1106//2082 1107//2082
f 1107//2083 1106//2083 1108//2083
f 1108//2084 1106//2084 1097//2084
f 1108//2085 1097//2085 1096//2085
f 1096//2086 1087//2086 1108//2086
f 1108//2087 1087//2087 1088//2087
f 1108//2088 1088//2088 1089//2088
f 1108//2089 1089//2089 1107//2089
f 1107//2090 1089//2090 1090//2090
f 1107//2091 1090//2091 1105//2091
f 1105//2092 1090//2092 1091//2092
f 1105//2093 1091//2093 1092//2093
f 1105//2094 1092//2094 1103//2094
f 1103//2095 1092//2095 1093//2095
f 1103//2096 1093//2096 1082//2096
f 1103//2097 1082//2097 1081//2097
f 1103//2098 1081//2098 1101//2098
f 1101//2099 1081//2099 1083//2099
f 1101//2100 1083//2100 1100//2100
f 1100//2101 1083//2101 1084//2101
f 1100//2102 1084//2102 1094//2102
f 1100//2103 1094//2103 1098//2103
f 1098//2104 1094//2104 1085//2104
f 1098//2105 1085//2105 1086//2105
f 1098//2106 1086//2106 1096//2106
f 1096//2107 1086//2107 1087//2107
f 1109//2108 1074//2108 1058//2108
f 1109//2109 1058//2109 1110//2109
f 1110//2110 1058//2110 1059//2110
f 1110//2111 1059//2111 1060//2111
f 1110//2112 1060//2112 1111//2112
f 1111//2113 1060//2113 1061//2113
f 1111//2114 1061//2114 1112//2114
f 1112//2115 1061//2115 1062//2115
f 1112//2116 1062//2116 1063//2116
f 1112//2117 1063//2117 1113//2117
f 1113//2118 1063//2118 1064//2118
f 1113//2119 1064//2119 1065//2119
f 1113//2120 1065//2120 1114//2120
f 1114//2121 1065//2121 1066//2121
f 1114//2122 1066//2122 1067//2122
f 1114//2123 1067//2123 1115//2123
f 1115//2124 1067//2124 1116//2124
f 1116//2125 1067//2125 1068//2125
f 1116//2126 1068//2126 1069//2126
f 1116//2127 1069//2127 1117//2127
f 1117//2128 1069//2128 1070//2128
f 1117//2129 1070//2129 1071//2129
f 1117//2130 1071//2130 1072//2130
f 1117//2131 1072//2131 1118//2131
f 1118//2132 1072//2132 1073//2132
f 1118//2133 1073//2133 1074//2133
f 1118//2134 1074//2134 1109//2134
f 1080//2135 1119//2135 1075//2135
f 1075//2136 1119//2136 1120//2136
f 1075//2137 1120//2137 1076//2137
f 1076//2138 1120//2138 1121//2138
f 1076//2139 1121//2139 1062//2139
f 1062//2140 1121//2140 1077//2140
f 1077//2141 1121//2141 1122//2141
f 1077//2142 1122//2142 1078//2142
f 1078//2143 1122//2143 1123//2143
f 1078//2144 1123//2144 1079//2144
f 1079//2145 1123//2145 1124//2145
f 1079//2146 1124//2146 1069//2146
f 1069//2147 1124//2147 1071//2147
f 1071//2148 1124//2148 1119//2148
f 1071//2149 1119//2149 1080//2149
f 1110//2150 1087//2150 1109//2150
f 1109//2151 1087//2151 1086//2151
f 1109//2152 1086//2152 1118//2152
f 1118//2153 1086//2153 1117//2153
f 1117//2154 1086//2154 1085//2154
f 1117//2155 1085//2155 1116//2155
f 1116//2156 1085//2156 1084//2156
f 1116//2157 1084//2157 1081//2157
f 1116//2158 1081//2158 1115//2158
f 1115//2159 1081//2159 1114//2159
f 1114//2160 1081//2160 1082//2160
f 1114//2161 1082//2161 1093//2161
f 1114//2162 1093//2162 1113//2162
f 1113//2163 1093//2163 1092//2163
f 1113//2164 1092//2164 1112//2164
f 1112//2165 1092//2165 1090//2165
f 1112//2166 1090//2166 1111//2166
f 1111//2167 1090//2167 1088//2167
f 1111//2168 1088//2168 1110//2168
f 1110//2169 1088//2169 1087//2169
f 1097//2170 1104//2170 1102//2170
f 1097//2171 1102//2171 1095//2171
f 1095//2172 1102//2172 1099//2172
f 1104//2173 1097//2173 1106//2173
f 1054//2174 1122//2174 1121//2174
f 1054//2175 1121//2175 1055//2175
f 1052//2176 1123//2176 1053//2176
f 1053//2177 1123//2177 1122//2177
f 1053//2178 1122//2178 1054//2178
f 1051//2179 1124//2179 1052//2179
f 1052//2180 1124//2180 1123//2180
f 1050//2181 1119//2181 1124//2181
f 1050//2182 1124//2182 1051//2182
f 1056//2183 1120//2183 1049//2183
f 1049//2184 1120//2184 1119//2184
f 1049//2185 1119//2185 1050//2185
f 1055//2186 1121//2186 1056//2186
f 1056//2187 1121//2187 1120//2187
