# Blender 5.2.0 LTS
# www.blender.org
mtllib foxeer_t_rex_mini.mtl
o Пожарник_П-2.2_Foxeer_T-Rex_Mini_1500TVL_v4
v 0.008850 0.008850 -0.001000
v 0.000430 0.008850 -0.001000
v 0.000430 0.004950 -0.001000
v 0.000730 0.004950 -0.001000
v 0.000730 0.004650 -0.001000
v 0.000130 0.004650 -0.001000
v 0.000130 0.009150 -0.001000
v 0.009150 0.009150 -0.001000
v 0.009150 0.004650 -0.001000
v 0.008550 0.004650 -0.001000
v 0.008550 0.004950 -0.001000
v 0.008850 0.004950 -0.001000
v -0.006500 0.000000 0.021500
v -0.006348 -0.001397 0.021500
v -0.005899 -0.002729 0.021500
v -0.005175 -0.003934 0.021500
v -0.004208 -0.004954 0.021500
v -0.003045 -0.005743 0.021500
v -0.001739 -0.006263 0.021500
v -0.000352 -0.006490 0.021500
v 0.001052 -0.006414 0.021500
v 0.002406 -0.006038 0.021500
v 0.003648 -0.005380 0.021500
v 0.004719 -0.004470 0.021500
v 0.005570 -0.003351 0.021500
v 0.006160 -0.002075 0.021500
v 0.006462 -0.000703 0.021500
v 0.006462 0.000703 0.021500
v 0.006160 0.002075 0.021500
v 0.005570 0.003351 0.021500
v 0.004719 0.004470 0.021500
v 0.003648 0.005380 0.021500
v 0.002406 0.006038 0.021500
v 0.001052 0.006414 0.021500
v -0.000352 0.006490 0.021500
v -0.001739 0.006263 0.021500
v -0.003045 0.005743 0.021500
v -0.004208 0.004954 0.021500
v -0.005175 0.003934 0.021500
v -0.005899 0.002729 0.021500
v -0.006348 0.001397 0.021500
v 0.000000 0.000000 0.023500
v -0.004981 -0.000436 0.022369
v -0.003397 -0.000257 0.022990
v -0.001714 -0.000252 0.023372
v -0.003659 -0.003403 0.022371
v -0.000413 -0.004989 0.022360
v 0.002011 -0.004584 0.022360
v 0.004244 -0.002703 0.022357
v 0.004568 0.002030 0.022370
v 0.002353 0.004405 0.022372
v -0.000413 0.004989 0.022360
v -0.003140 0.003931 0.022357
v -0.004592 -0.002062 0.022356
v -0.003024 -0.001597 0.022992
v -0.001309 -0.001152 0.023372
v -0.002738 -0.004191 0.022360
v -0.002112 -0.002674 0.022990
v -0.001592 -0.004752 0.022365
v -0.000873 -0.003306 0.022992
v -0.000186 -0.001747 0.023373
v 0.000851 -0.004961 0.022356
v 0.000537 -0.003365 0.022990
v 0.001600 -0.003008 0.022990
v 0.003093 -0.003938 0.022367
v 0.002677 -0.002128 0.022992
v 0.001040 -0.001399 0.023372
v 0.001627 -0.000594 0.023372
v 0.004855 -0.001206 0.022369
v 0.003367 -0.000597 0.022992
v 0.005012 0.000464 0.022356
v 0.001714 0.000252 0.023372
v 0.003309 0.000813 0.022990
v 0.003677 0.003437 0.022356
v 0.002866 0.001843 0.022990
v 0.001220 0.001264 0.023373
v 0.002112 0.002674 0.022990
v 0.000801 0.004969 0.022356
v 0.001129 0.003215 0.022990
v 0.000039 0.001743 0.023372
v 0.000024 0.003407 0.022990
v -0.001647 0.004731 0.022366
v -0.001342 0.003145 0.022992
v -0.001040 0.001399 0.023372
v -0.002677 0.002128 0.022992
v -0.004202 0.002719 0.022368
v -0.001627 0.000594 0.023372
v -0.004891 0.001183 0.022356
v -0.003297 0.000860 0.022990
v 0.000000 -0.007500 0.021500
v 0.001510 -0.007346 0.021500
v 0.002958 -0.006892 0.021500
v 0.004285 -0.006156 0.021500
v 0.005436 -0.005167 0.021500
v 0.006365 -0.003967 0.021500
v 0.007033 -0.002605 0.021500
v 0.007414 -0.001136 0.021500
v 0.007490 0.000380 0.021500
v 0.007261 0.001880 0.021500
v 0.006734 0.003303 0.021500
v 0.005931 0.004591 0.021500
v 0.004885 0.005691 0.021500
v 0.003640 0.006558 0.021500
v 0.002245 0.007156 0.021500
v 0.000759 0.007462 0.021500
v -0.000759 0.007462 0.021500
v -0.002245 0.007156 0.021500
v -0.003640 0.006558 0.021500
v -0.004885 0.005691 0.021500
v -0.005931 0.004591 0.021500
v -0.006734 0.003303 0.021500
v -0.007261 0.001880 0.021500
v -0.007490 0.000380 0.021500
v -0.007414 -0.001136 0.021500
v -0.007033 -0.002605 0.021500
v -0.006365 -0.003967 0.021500
v -0.005436 -0.005167 0.021500
v -0.004285 -0.006156 0.021500
v -0.002958 -0.006892 0.021500
v -0.001510 -0.007346 0.021500
v 0.000000 -0.007500 0.018300
v 0.001510 -0.007346 0.018300
v 0.002958 -0.006892 0.018300
v 0.004285 -0.006156 0.018300
v 0.005436 -0.005167 0.018300
v 0.006365 -0.003967 0.018300
v 0.007033 -0.002605 0.018300
v 0.007414 -0.001136 0.018300
v 0.007490 0.000380 0.018300
v 0.007261 0.001880 0.018300
v 0.006734 0.003303 0.018300
v 0.005931 0.004591 0.018300
v 0.004885 0.005691 0.018300
v 0.003640 0.006558 0.018300
v 0.002245 0.007156 0.018300
v 0.000759 0.007462 0.018300
v -0.000759 0.007462 0.018300
v -0.002245 0.007156 0.018300
v -0.003640 0.006558 0.018300
v -0.004885 0.005691 0.018300
v -0.005931 0.004591 0.018300
v -0.006734 0.003303 0.018300
v -0.007261 0.001880 0.018300
v -0.007490 0.000380 0.018300
v -0.007414 -0.001136 0.018300
v -0.007033 -0.002605 0.018300
v -0.006365 -0.003967 0.018300
v -0.005436 -0.005167 0.018300
v -0.004285 -0.006156 0.018300
v -0.002958 -0.006892 0.018300
v -0.001510 -0.007346 0.018300
v 0.006000 0.000000 0.018300
v 0.005850 0.001335 0.018300
v 0.005406 0.002603 0.018300
v 0.004691 0.003741 0.018300
v 0.003741 0.004691 0.018300
v 0.002603 0.005406 0.018300
v 0.001335 0.005850 0.018300
v 0.000000 0.006000 0.018300
v -0.001335 0.005850 0.018300
v -0.002603 0.005406 0.018300
v -0.003741 0.004691 0.018300
v -0.004691 0.003741 0.018300
v -0.005406 0.002603 0.018300
v -0.005850 0.001335 0.018300
v -0.006000 0.000000 0.018300
v -0.005850 -0.001335 0.018300
v -0.005406 -0.002603 0.018300
v -0.004691 -0.003741 0.018300
v -0.003741 -0.004691 0.018300
v -0.002603 -0.005406 0.018300
v -0.001335 -0.005850 0.018300
v 0.000000 -0.006000 0.018300
v 0.001335 -0.005850 0.018300
v 0.002603 -0.005406 0.018300
v 0.003741 -0.004691 0.018300
v 0.004691 -0.003741 0.018300
v 0.005406 -0.002603 0.018300
v 0.005850 -0.001335 0.018300
v 0.006000 0.000000 0.016500
v 0.005850 0.001335 0.016500
v 0.005406 0.002603 0.016500
v 0.004691 0.003741 0.016500
v 0.003741 0.004691 0.016500
v 0.002603 0.005406 0.016500
v 0.001335 0.005850 0.016500
v 0.000000 0.006000 0.016500
v -0.001335 0.005850 0.016500
v -0.002603 0.005406 0.016500
v -0.003741 0.004691 0.016500
v -0.004691 0.003741 0.016500
v -0.005406 0.002603 0.016500
v -0.005850 0.001335 0.016500
v -0.006000 0.000000 0.016500
v -0.005850 -0.001335 0.016500
v -0.005406 -0.002603 0.016500
v -0.004691 -0.003741 0.016500
v -0.003741 -0.004691 0.016500
v -0.002603 -0.005406 0.016500
v -0.001335 -0.005850 0.016500
v 0.000000 -0.006000 0.016500
v 0.001335 -0.005850 0.016500
v 0.002603 -0.005406 0.016500
v 0.003741 -0.004691 0.016500
v 0.004691 -0.003741 0.016500
v 0.005406 -0.002603 0.016500
v 0.005850 -0.001335 0.016500
v 0.007341 0.001520 0.016500
v 0.007205 0.001530 0.016500
v 0.007090 0.001994 0.016500
v 0.007204 0.002047 0.016500
v 0.007110 0.002386 0.016500
v 0.006968 0.002389 0.016500
v 0.006798 0.002832 0.016500
v 0.006885 0.002881 0.016500
v 0.006905 0.002916 0.016500
v 0.006764 0.003232 0.016500
v 0.006727 0.003245 0.016500
v 0.006627 0.003212 0.016500
v 0.006408 0.003634 0.016500
v 0.006491 0.003693 0.016500
v 0.006503 0.003733 0.016500
v 0.006324 0.004025 0.016500
v 0.006287 0.004032 0.016500
v 0.006192 0.003987 0.016500
v 0.005924 0.004380 0.016500
v 0.006003 0.004454 0.016500
v 0.005794 0.004757 0.016500
v 0.005669 0.004703 0.016500
v 0.005352 0.005058 0.016500
v 0.005420 0.005140 0.016500
v 0.005420 0.005181 0.016500
v 0.005177 0.005422 0.016500
v 0.005140 0.005420 0.016500
v 0.005060 0.005352 0.016500
v 0.004713 0.005648 0.016500
v 0.004766 0.005778 0.016500
v 0.004490 0.006005 0.016500
v 0.004449 0.005999 0.016500
v 0.004378 0.005923 0.016500
v 0.003987 0.006192 0.016500
v 0.004036 0.006306 0.016500
v 0.003734 0.006502 0.016500
v 0.003693 0.006492 0.016500
v 0.003632 0.006408 0.016500
v 0.003210 0.006630 0.016500
v 0.003245 0.006732 0.016500
v 0.002919 0.006904 0.016500
v 0.002835 0.006800 0.016500
v 0.002387 0.006970 0.016500
v 0.002407 0.007090 0.016500
v 0.002069 0.007207 0.016500
v 0.002033 0.007187 0.016500
v 0.001993 0.007092 0.016500
v 0.001531 0.007205 0.016500
v 0.001538 0.007327 0.016500
v 0.001185 0.007404 0.016500
v 0.001151 0.007380 0.016500
v 0.001123 0.007281 0.016500
v 0.000652 0.007336 0.016500
v 0.000648 0.007441 0.016500
v 0.000287 0.007493 0.016500
v 0.000238 0.007362 0.016500
v -0.000238 0.007362 0.016500
v -0.000253 0.007464 0.016500
v -0.000284 0.007492 0.016500
v -0.000619 0.007473 0.016500
v -0.000651 0.007337 0.016500
v -0.001124 0.007280 0.016500
v -0.001149 0.007375 0.016500
v -0.001527 0.007337 0.016500
v -0.001531 0.007205 0.016500
v -0.001991 0.007091 0.016500
v -0.002033 0.007188 0.016500
v -0.002068 0.007207 0.016500
v -0.002408 0.007090 0.016500
v -0.002388 0.006968 0.016500
v -0.002832 0.006798 0.016500
v -0.002884 0.006889 0.016500
v -0.003233 0.006765 0.016500
v -0.003245 0.006728 0.016500
v -0.003210 0.006629 0.016500
v -0.003630 0.006408 0.016500
v -0.003694 0.006492 0.016500
v -0.003733 0.006503 0.016500
v -0.004035 0.006307 0.016500
v -0.003986 0.006194 0.016500
v -0.004363 0.005925 0.016500
v -0.004397 0.005935 0.016500
v -0.004449 0.006000 0.016500
v -0.004766 0.005775 0.016500
v -0.004704 0.005669 0.016500
v -0.005060 0.005352 0.016500
v -0.005140 0.005420 0.016500
v -0.005181 0.005421 0.016500
v -0.005422 0.005177 0.016500
v -0.005354 0.005061 0.016500
v -0.005670 0.004703 0.016500
v -0.005778 0.004766 0.016500
v -0.006005 0.004491 0.016500
v -0.005999 0.004449 0.016500
v -0.005924 0.004378 0.016500
v -0.006194 0.003987 0.016500
v -0.006306 0.004036 0.016500
v -0.006501 0.003740 0.016500
v -0.006408 0.003634 0.016500
v -0.006631 0.003210 0.016500
v -0.006729 0.003245 0.016500
v -0.006763 0.003233 0.016500
v -0.006905 0.002917 0.016500
v -0.006885 0.002881 0.016500
v -0.006798 0.002831 0.016500
v -0.006966 0.002389 0.016500
v -0.007090 0.002408 0.016500
v -0.007207 0.002069 0.016500
v -0.007187 0.002032 0.016500
v -0.007091 0.001992 0.016500
v -0.007204 0.001531 0.016500
v -0.007303 0.001540 0.016500
v -0.007404 0.001192 0.016500
v -0.007280 0.001123 0.016500
v -0.007338 0.000650 0.016500
v -0.007447 0.000647 0.016500
v -0.007474 0.000616 0.016500
v -0.007485 0.000263 0.016500
v -0.007362 0.000238 0.016500
v -0.007361 -0.000236 0.016500
v -0.007464 -0.000253 0.016500
v -0.007493 -0.000283 0.016500
v -0.007471 -0.000624 0.016500
v -0.007337 -0.000652 0.016500
v -0.007279 -0.001123 0.016500
v -0.007399 -0.001164 0.016500
v -0.007340 -0.001522 0.016500
v -0.007203 -0.001532 0.016500
v -0.007091 -0.001993 0.016500
v -0.007202 -0.002047 0.016500
v -0.007110 -0.002386 0.016500
v -0.007076 -0.002410 0.016500
v -0.006968 -0.002389 0.016500
v -0.006798 -0.002834 0.016500
v -0.006886 -0.002881 0.016500
v -0.006905 -0.002916 0.016500
v -0.006759 -0.003236 0.016500
v -0.006630 -0.003211 0.016500
v -0.006408 -0.003630 0.016500
v -0.006489 -0.003691 0.016500
v -0.006324 -0.004025 0.016500
v -0.006287 -0.004032 0.016500
v -0.006194 -0.003987 0.016500
v -0.005924 -0.004377 0.016500
v -0.006000 -0.004451 0.016500
v -0.006005 -0.004490 0.016500
v -0.005774 -0.004765 0.016500
v -0.005668 -0.004705 0.016500
v -0.005352 -0.005058 0.016500
v -0.005428 -0.005161 0.016500
v -0.005179 -0.005421 0.016500
v -0.005140 -0.005420 0.016500
v -0.005060 -0.005352 0.016500
v -0.004703 -0.005670 0.016500
v -0.004761 -0.005756 0.016500
v -0.004756 -0.005796 0.016500
v -0.004469 -0.006011 0.016500
v -0.004378 -0.005922 0.016500
v -0.003987 -0.006194 0.016500
v -0.004030 -0.006282 0.016500
v -0.003710 -0.006504 0.016500
v -0.003631 -0.006408 0.016500
v -0.003210 -0.006628 0.016500
v -0.003245 -0.006729 0.016500
v -0.003231 -0.006766 0.016500
v -0.002899 -0.006904 0.016500
v -0.002832 -0.006799 0.016500
v -0.002388 -0.006970 0.016500
v -0.002410 -0.007066 0.016500
v -0.002060 -0.007205 0.016500
v -0.001993 -0.007092 0.016500
v -0.001531 -0.007205 0.016500
v -0.001540 -0.007308 0.016500
v -0.001518 -0.007343 0.016500
v -0.001163 -0.007399 0.016500
v -0.001123 -0.007280 0.016500
v -0.000651 -0.007338 0.016500
v -0.000647 -0.007447 0.016500
v -0.000616 -0.007474 0.016500
v -0.000260 -0.007482 0.016500
v -0.000237 -0.007360 0.016500
v 0.000237 -0.007360 0.016500
v 0.000253 -0.007464 0.016500
v 0.000283 -0.007493 0.016500
v 0.000642 -0.007460 0.016500
v 0.000651 -0.007337 0.016500
v 0.001124 -0.007280 0.016500
v 0.001152 -0.007380 0.016500
v 0.001185 -0.007403 0.016500
v 0.001537 -0.007329 0.016500
v 0.001532 -0.007203 0.016500
v 0.001992 -0.007092 0.016500
v 0.002033 -0.007188 0.016500
v 0.002068 -0.007207 0.016500
v 0.002408 -0.007089 0.016500
v 0.002389 -0.006967 0.016500
v 0.002832 -0.006798 0.016500
v 0.002897 -0.006904 0.016500
v 0.003230 -0.006767 0.016500
v 0.003245 -0.006728 0.016500
v 0.003211 -0.006629 0.016500
v 0.003632 -0.006408 0.016500
v 0.003694 -0.006492 0.016500
v 0.003733 -0.006502 0.016500
v 0.004035 -0.006308 0.016500
v 0.003988 -0.006192 0.016500
v 0.004378 -0.005922 0.016500
v 0.004467 -0.006008 0.016500
v 0.004757 -0.005794 0.016500
v 0.004761 -0.005756 0.016500
v 0.004710 -0.005688 0.016500
v 0.005060 -0.005353 0.016500
v 0.005159 -0.005427 0.016500
v 0.005421 -0.005179 0.016500
v 0.005420 -0.005140 0.016500
v 0.005352 -0.005059 0.016500
v 0.005669 -0.004704 0.016500
v 0.005755 -0.004760 0.016500
v 0.005796 -0.004756 0.016500
v 0.006007 -0.004481 0.016500
v 0.005923 -0.004378 0.016500
v 0.006192 -0.003987 0.016500
v 0.006293 -0.004033 0.016500
v 0.006502 -0.003730 0.016500
v 0.006408 -0.003632 0.016500
v 0.006629 -0.003209 0.016500
v 0.006722 -0.003243 0.016500
v 0.006904 -0.002899 0.016500
v 0.006800 -0.002835 0.016500
v 0.006968 -0.002388 0.016500
v 0.007090 -0.002408 0.016500
v 0.007207 -0.002069 0.016500
v 0.007187 -0.002032 0.016500
v 0.007092 -0.001993 0.016500
v 0.007206 -0.001531 0.016500
v 0.007303 -0.001540 0.016500
v 0.007396 -0.001160 0.016500
v 0.007279 -0.001124 0.016500
v 0.007338 -0.000650 0.016500
v 0.007447 -0.000646 0.016500
v 0.007474 -0.000616 0.016500
v 0.007492 -0.000282 0.016500
v 0.007465 -0.000254 0.016500
v 0.007364 -0.000240 0.016500
v 0.007362 0.000239 0.016500
v 0.007483 0.000262 0.016500
v 0.007473 0.000621 0.016500
v 0.007337 0.000652 0.016500
v 0.007279 0.001124 0.016500
v 0.007380 0.001152 0.016500
v 0.007404 0.001184 0.016500
v 0.007341 0.001520 0.013900
v 0.007309 0.001540 0.013900
v 0.007310 0.001540 0.016500
v 0.007206 0.001532 0.013900
v 0.007092 0.001992 0.013900
v 0.007188 0.002034 0.013900
v 0.007206 0.002064 0.013900
v 0.007108 0.002388 0.013900
v 0.007074 0.002410 0.013900
v 0.007079 0.002410 0.016500
v 0.006985 0.002386 0.013900
v 0.006953 0.002403 0.013900
v 0.006801 0.002835 0.013900
v 0.006887 0.002882 0.013900
v 0.006905 0.002912 0.013900
v 0.006760 0.003237 0.013900
v 0.006724 0.003244 0.013900
v 0.006631 0.003210 0.013900
v 0.006408 0.003630 0.013900
v 0.006493 0.003695 0.013900
v 0.006503 0.003729 0.013900
v 0.006320 0.004029 0.013900
v 0.006284 0.004031 0.013900
v 0.006196 0.003986 0.013900
v 0.005923 0.004376 0.013900
v 0.005996 0.004446 0.013900
v 0.006007 0.004483 0.013900
v 0.006003 0.004493 0.016500
v 0.005794 0.004757 0.013900
v 0.005756 0.004760 0.013900
v 0.005757 0.004761 0.016500
v 0.005689 0.004710 0.013900
v 0.005655 0.004709 0.013900
v 0.005353 0.005062 0.013900
v 0.005420 0.005141 0.013900
v 0.005422 0.005176 0.013900
v 0.005184 0.005418 0.013900
v 0.005144 0.005421 0.013900
v 0.005079 0.005361 0.013900
v 0.005046 0.005356 0.013900
v 0.004704 0.005668 0.013900
v 0.004707 0.005682 0.016500
v 0.004761 0.005757 0.013900
v 0.004758 0.005791 0.013900
v 0.004487 0.006006 0.013900
v 0.004452 0.006001 0.013900
v 0.004396 0.005934 0.013900
v 0.004363 0.005925 0.013900
v 0.003986 0.006196 0.013900
v 0.004032 0.006289 0.013900
v 0.004025 0.006324 0.013900
v 0.003730 0.006503 0.013900
v 0.003695 0.006493 0.013900
v 0.003644 0.006416 0.013900
v 0.003610 0.006409 0.013900
v 0.003212 0.006628 0.013900
v 0.003244 0.006724 0.013900
v 0.003236 0.006761 0.013900
v 0.003228 0.006769 0.016500
v 0.002919 0.006905 0.013900
v 0.002885 0.006890 0.013900
v 0.002885 0.006891 0.016500
v 0.002831 0.006799 0.013900
v 0.002390 0.006966 0.013900
v 0.002410 0.007065 0.013900
v 0.002397 0.007101 0.013900
v 0.002066 0.007206 0.013900
v 0.002034 0.007189 0.013900
v 0.002006 0.007108 0.013900
v 0.001976 0.007087 0.013900
v 0.001542 0.007196 0.013900
v 0.001527 0.007226 0.013900
v 0.001540 0.007305 0.013900
v 0.001526 0.007337 0.013900
v 0.001182 0.007403 0.013900
v 0.001152 0.007381 0.013900
v 0.001124 0.007279 0.013900
v 0.000651 0.007337 0.013900
v 0.000648 0.007442 0.013900
v 0.000623 0.007471 0.013900
v 0.000624 0.007471 0.016500
v 0.000287 0.007493 0.013900
v 0.000256 0.007470 0.013900
v 0.000256 0.007472 0.016500
v 0.000238 0.007362 0.013900
v -0.000219 0.007353 0.013900
v -0.000245 0.007375 0.013900
v -0.000253 0.007461 0.013900
v -0.000274 0.007489 0.013900
v -0.000618 0.007473 0.013900
v -0.000646 0.007447 0.013900
v -0.000647 0.007449 0.016500
v -0.000646 0.007350 0.013900
v -0.000669 0.007326 0.013900
v -0.001104 0.007273 0.013900
v -0.001132 0.007292 0.013900
v -0.001150 0.007376 0.013900
v -0.001178 0.007402 0.013900
v -0.001175 0.007403 0.016500
v -0.001520 0.007341 0.013900
v -0.001540 0.007308 0.013900
v -0.001540 0.007305 0.016500
v -0.001527 0.007219 0.013900
v -0.001547 0.007192 0.013900
v -0.001994 0.007092 0.013900
v -0.002034 0.007188 0.013900
v -0.002063 0.007206 0.013900
v -0.002394 0.007105 0.013900
v -0.002410 0.007071 0.013900
v -0.002389 0.006968 0.013900
v -0.002835 0.006801 0.013900
v -0.002885 0.006891 0.013900
v -0.002920 0.006904 0.013900
v -0.002917 0.006905 0.016500
v -0.003228 0.006769 0.013900
v -0.003245 0.006732 0.013900
v -0.003211 0.006644 0.013900
v -0.003224 0.006612 0.013900
v -0.003634 0.006408 0.013900
v -0.003695 0.006493 0.013900
v -0.003729 0.006503 0.013900
v -0.004020 0.006330 0.013900
v -0.004033 0.006295 0.013900
v -0.003990 0.006215 0.013900
v -0.003993 0.006181 0.013900
v -0.004378 0.005924 0.013900
v -0.004450 0.006000 0.013900
v -0.004488 0.006005 0.013900
v -0.004487 0.006006 0.016500
v -0.004757 0.005794 0.013900
v -0.004761 0.005757 0.013900
v -0.004710 0.005689 0.013900
v -0.004709 0.005654 0.013900
v -0.005046 0.005356 0.013900
v -0.005080 0.005361 0.013900
v -0.005141 0.005420 0.013900
v -0.005177 0.005421 0.013900
v -0.005423 0.005175 0.013900
v -0.005417 0.005137 0.013900
v -0.005420 0.005141 0.016500
v -0.005351 0.005060 0.013900
v -0.005666 0.004705 0.013900
v -0.005757 0.004761 0.013900
v -0.005791 0.004758 0.013900
v -0.006006 0.004487 0.013900
v -0.006001 0.004451 0.013900
v -0.005935 0.004397 0.013900
v -0.005925 0.004363 0.013900
v -0.006194 0.003986 0.013900
v -0.006296 0.004033 0.013900
v -0.006328 0.004021 0.013900
v -0.006501 0.003737 0.013900
v -0.006496 0.003699 0.013900
v -0.006497 0.003699 0.016500
v -0.006408 0.003630 0.013900
v -0.006627 0.003212 0.013900
v -0.006724 0.003244 0.013900
v -0.006760 0.003236 0.013900
v -0.006905 0.002919 0.013900
v -0.006891 0.002885 0.013900
v -0.006801 0.002835 0.013900
v -0.006970 0.002388 0.013900
v -0.007065 0.002410 0.013900
v -0.007099 0.002399 0.013900
v -0.007206 0.002066 0.013900
v -0.007189 0.002034 0.013900
v -0.007104 0.002004 0.013900
v -0.007087 0.001972 0.013900
v -0.007192 0.001547 0.013900
v -0.007219 0.001527 0.013900
v -0.007304 0.001540 0.013900
v -0.007337 0.001525 0.013900
v -0.007337 0.001527 0.016500
v -0.007404 0.001189 0.013900
v -0.007385 0.001155 0.013900
v -0.007387 0.001155 0.016500
v -0.007298 0.001135 0.013900
v -0.007274 0.001107 0.013900
v -0.007336 0.000653 0.013900
v -0.007436 0.000649 0.013900
v -0.007467 0.000631 0.013900
v -0.007491 0.000281 0.013900
v -0.007466 0.000254 0.013900
v -0.007362 0.000238 0.013900
v -0.007363 -0.000239 0.013900
v -0.007467 -0.000255 0.013900
v -0.007491 -0.000280 0.013900
v -0.007471 -0.000624 0.013900
v -0.007441 -0.000648 0.013900
v -0.007442 -0.000648 0.016500
v -0.007357 -0.000645 0.013900
v -0.007329 -0.000663 0.013900
v -0.007282 -0.001125 0.013900
v -0.007381 -0.001152 0.013900
v -0.007402 -0.001180 0.013900
v -0.007341 -0.001520 0.013900
v -0.007310 -0.001540 0.013900
v -0.007305 -0.001540 0.016500
v -0.007207 -0.001530 0.013900
v -0.007091 -0.001993 0.013900
v -0.007183 -0.002030 0.013900
v -0.007206 -0.002061 0.013900
v -0.007108 -0.002388 0.013900
v -0.007077 -0.002410 0.013900
v -0.006989 -0.002387 0.013900
v -0.006957 -0.002398 0.013900
v -0.006800 -0.002833 0.013900
v -0.006891 -0.002885 0.013900
v -0.006905 -0.002918 0.013900
v -0.006772 -0.003222 0.013900
v -0.006740 -0.003245 0.013900
v -0.006723 -0.003244 0.016500
v -0.006644 -0.003210 0.013900
v -0.006611 -0.003225 0.013900
v -0.006409 -0.003634 0.013900
v -0.006492 -0.003693 0.013900
v -0.006503 -0.003729 0.013900
v -0.006505 -0.003724 0.016500
v -0.006330 -0.004020 0.013900
v -0.006294 -0.004033 0.013900
v -0.006209 -0.003988 0.013900
v -0.006175 -0.003997 0.013900
v -0.005924 -0.004378 0.013900
v -0.005997 -0.004446 0.013900
v -0.006007 -0.004482 0.013900
v -0.005799 -0.004754 0.013900
v -0.005760 -0.004762 0.013900
v -0.005689 -0.004710 0.013900
v -0.005652 -0.004710 0.013900
v -0.005354 -0.005062 0.013900
v -0.005423 -0.005146 0.013900
v -0.005419 -0.005181 0.013900
v -0.005184 -0.005418 0.013900
v -0.005144 -0.005421 0.013900
v -0.005079 -0.005361 0.013900
v -0.005046 -0.005356 0.013900
v -0.004705 -0.005666 0.013900
v -0.004761 -0.005757 0.013900
v -0.004758 -0.005792 0.013900
v -0.004487 -0.006006 0.013900
v -0.004451 -0.006000 0.013900
v -0.004378 -0.005925 0.013900
v -0.003985 -0.006194 0.013900
v -0.004030 -0.006283 0.013900
v -0.004027 -0.006321 0.013900
v -0.004029 -0.006320 0.016500
v -0.003730 -0.006503 0.013900
v -0.003695 -0.006493 0.013900
v -0.003644 -0.006416 0.013900
v -0.003611 -0.006409 0.013900
v -0.003211 -0.006631 0.013900
v -0.003244 -0.006724 0.013900
v -0.003236 -0.006760 0.013900
v -0.002926 -0.006904 0.013900
v -0.002890 -0.006895 0.013900
v -0.002835 -0.006801 0.013900
v -0.002388 -0.006966 0.013900
v -0.002410 -0.007069 0.013900
v -0.002395 -0.007103 0.013900
v -0.002399 -0.007101 0.016500
v -0.002068 -0.007207 0.013900
v -0.002034 -0.007189 0.013900
v -0.002031 -0.007184 0.016500
v -0.002006 -0.007108 0.013900
v -0.001979 -0.007087 0.013900
v -0.001547 -0.007192 0.013900
v -0.001527 -0.007219 0.013900
v -0.001540 -0.007311 0.013900
v -0.001521 -0.007340 0.013900
v -0.001182 -0.007403 0.013900
v -0.001152 -0.007381 0.013900
v -0.001132 -0.007292 0.013900
v -0.001101 -0.007273 0.013900
v -0.000651 -0.007337 0.013900
v -0.000649 -0.007436 0.013900
v -0.000631 -0.007467 0.013900
v -0.000281 -0.007491 0.013900
v -0.000255 -0.007467 0.013900
v -0.000239 -0.007364 0.013900
v 0.000239 -0.007364 0.013900
v 0.000255 -0.007467 0.013900
v 0.000280 -0.007491 0.013900
v 0.000618 -0.007473 0.013900
v 0.000646 -0.007448 0.013900
v 0.000645 -0.007357 0.013900
v 0.000663 -0.007329 0.013900
v 0.001124 -0.007279 0.013900
v 0.001152 -0.007381 0.013900
v 0.001180 -0.007403 0.013900
v 0.001520 -0.007341 0.013900
v 0.001540 -0.007310 0.013900
v 0.001530 -0.007207 0.013900
v 0.001993 -0.007090 0.013900
v 0.002034 -0.007188 0.013900
v 0.002064 -0.007206 0.013900
v 0.002392 -0.007106 0.013900
v 0.002410 -0.007071 0.013900
v 0.002388 -0.006970 0.013900
v 0.002835 -0.006801 0.013900
v 0.002891 -0.006896 0.013900
v 0.002924 -0.006904 0.013900
v 0.003233 -0.006764 0.013900
v 0.003245 -0.006729 0.013900
v 0.003210 -0.006644 0.013900
v 0.003224 -0.006612 0.013900
v 0.003611 -0.006409 0.013900
v 0.003644 -0.006416 0.013900
v 0.003695 -0.006493 0.013900
v 0.003729 -0.006503 0.013900
v 0.004024 -0.006325 0.013900
v 0.004032 -0.006289 0.013900
v 0.003985 -0.006196 0.013900
v 0.004378 -0.005925 0.013900
v 0.004450 -0.006000 0.013900
v 0.004488 -0.006005 0.013900
v 0.004754 -0.005799 0.013900
v 0.004762 -0.005760 0.013900
v 0.004704 -0.005669 0.013900
v 0.004709 -0.005655 0.016500
v 0.005046 -0.005356 0.013900
v 0.005080 -0.005361 0.013900
v 0.005141 -0.005420 0.013900
v 0.005177 -0.005421 0.013900
v 0.005420 -0.005181 0.013900
v 0.005420 -0.005142 0.013900
v 0.005354 -0.005062 0.013900
v 0.005649 -0.004712 0.013900
v 0.005682 -0.004707 0.013900
v 0.005752 -0.004759 0.013900
v 0.005786 -0.004761 0.013900
v 0.006005 -0.004489 0.013900
v 0.006000 -0.004451 0.013900
v 0.005997 -0.004446 0.016500
v 0.005934 -0.004396 0.013900
v 0.005925 -0.004363 0.013900
v 0.006196 -0.003986 0.013900
v 0.006283 -0.004030 0.013900
v 0.006321 -0.004027 0.013900
v 0.006330 -0.004020 0.016500
v 0.006503 -0.003730 0.013900
v 0.006492 -0.003693 0.013900
v 0.006493 -0.003696 0.016500
v 0.006416 -0.003644 0.013900
v 0.006409 -0.003611 0.013900
v 0.006630 -0.003212 0.013900
v 0.006723 -0.003244 0.013900
v 0.006760 -0.003236 0.013900
v 0.006760 -0.003238 0.016500
v 0.006905 -0.002919 0.013900
v 0.006891 -0.002885 0.013900
v 0.006799 -0.002831 0.013900
v 0.006953 -0.002403 0.013900
v 0.006982 -0.002387 0.013900
v 0.007065 -0.002410 0.013900
v 0.007099 -0.002399 0.013900
v 0.007206 -0.002066 0.013900
v 0.007189 -0.002034 0.013900
v 0.007090 -0.001993 0.013900
v 0.007205 -0.001530 0.013900
v 0.007304 -0.001540 0.013900
v 0.007338 -0.001524 0.013900
v 0.007338 -0.001526 0.016500
v 0.007403 -0.001182 0.013900
v 0.007382 -0.001153 0.013900
v 0.007281 -0.001123 0.013900
v 0.007336 -0.000653 0.013900
v 0.007442 -0.000648 0.013900
v 0.007470 -0.000625 0.013900
v 0.007491 -0.000281 0.013900
v 0.007466 -0.000254 0.013900
v 0.007361 -0.000236 0.013900
v 0.007363 0.000237 0.013900
v 0.007466 0.000254 0.013900
v 0.007491 0.000280 0.013900
v 0.007471 0.000624 0.013900
v 0.007440 0.000648 0.013900
v 0.007443 0.000648 0.016500
v 0.007357 0.000645 0.013900
v 0.007329 0.000663 0.013900
v 0.007281 0.001123 0.013900
v 0.007381 0.001152 0.013900
v 0.007402 0.001181 0.013900
v 0.007900 0.000000 0.013900
v 0.007748 0.001541 0.013900
v 0.007299 0.003023 0.013900
v 0.006569 0.004389 0.013900
v 0.005586 0.005586 0.013900
v 0.004389 0.006569 0.013900
v 0.003023 0.007299 0.013900
v 0.001541 0.007748 0.013900
v 0.000000 0.007900 0.013900
v -0.001541 0.007748 0.013900
v -0.003023 0.007299 0.013900
v -0.004389 0.006569 0.013900
v -0.005586 0.005586 0.013900
v -0.006569 0.004389 0.013900
v -0.007299 0.003023 0.013900
v -0.007748 0.001541 0.013900
v -0.007900 0.000000 0.013900
v -0.007748 -0.001541 0.013900
v -0.007299 -0.003023 0.013900
v -0.006569 -0.004389 0.013900
v -0.005586 -0.005586 0.013900
v -0.004389 -0.006569 0.013900
v -0.003023 -0.007299 0.013900
v -0.001541 -0.007748 0.013900
v 0.000000 -0.007900 0.013900
v 0.001541 -0.007748 0.013900
v 0.003023 -0.007299 0.013900
v 0.004389 -0.006569 0.013900
v 0.005586 -0.005586 0.013900
v 0.006569 -0.004389 0.013900
v 0.007299 -0.003023 0.013900
v 0.007748 -0.001541 0.013900
v 0.005700 0.003150 0.008000
v 0.005699 0.002856 0.007951
v 0.005700 0.002584 0.007766
v 0.005699 0.002412 0.007523
v 0.005700 0.002350 0.007200
v 0.005699 0.002399 0.006906
v 0.005700 0.002584 0.006634
v 0.005699 0.002827 0.006462
v 0.005700 0.003150 0.006400
v 0.005699 0.003444 0.006449
v 0.005700 0.003716 0.006634
v 0.005699 0.003888 0.006877
v 0.005700 0.003950 0.007200
v 0.005699 0.003901 0.007494
v 0.005700 0.003716 0.007766
v 0.005699 0.003473 0.007938
v 0.005219 0.003150 0.007200
v 0.005700 -0.003150 0.008000
v 0.005699 -0.003444 0.007951
v 0.005700 -0.003716 0.007766
v 0.005699 -0.003888 0.007523
v 0.005700 -0.003950 0.007200
v 0.005699 -0.003901 0.006906
v 0.005700 -0.003716 0.006634
v 0.005699 -0.003473 0.006462
v 0.005700 -0.003150 0.006400
v 0.005699 -0.002856 0.006449
v 0.005700 -0.002584 0.006634
v 0.005699 -0.002412 0.006877
v 0.005700 -0.002350 0.007200
v 0.005699 -0.002399 0.007494
v 0.005700 -0.002584 0.007766
v 0.005699 -0.002827 0.007938
v 0.005219 -0.003150 0.007200
v -0.003242 0.009513 0.010784
v 0.003155 0.009506 0.010805
v 0.010329 0.010690 0.006198
v 0.010179 0.010806 0.006179
v 0.010075 0.010879 0.006063
v 0.007839 0.010178 0.008483
v 0.004963 0.009678 0.010206
v 0.001276 0.009374 0.011204
v 0.001483 0.009291 0.011290
v 0.003323 0.009383 0.010946
v 0.004933 0.009540 0.010401
v 0.007884 0.010038 0.008676
v 0.009134 0.010414 0.007496
v 0.006430 0.009805 0.009615
v -0.001094 0.009386 0.011203
v -0.001600 0.009288 0.011277
v -0.000168 0.009271 0.011377
v -0.005700 0.003150 0.006400
v -0.005699 0.002856 0.006449
v -0.005700 0.002584 0.006634
v -0.005699 0.002412 0.006877
v -0.005700 0.002350 0.007200
v -0.005699 0.002399 0.007494
v -0.005700 0.002584 0.007766
v -0.005699 0.002827 0.007938
v -0.005700 0.003150 0.008000
v -0.005699 0.003444 0.007951
v -0.005700 0.003716 0.007766
v -0.005699 0.003888 0.007523
v -0.005700 0.003950 0.007200
v -0.005699 0.003901 0.006906
v -0.005700 0.003716 0.006634
v -0.005699 0.003473 0.006462
v -0.005219 0.003150 0.007200
v -0.005700 -0.003150 0.006400
v -0.005699 -0.003444 0.006449
v -0.005700 -0.003716 0.006634
v -0.005699 -0.003888 0.006877
v -0.005700 -0.003950 0.007200
v -0.005699 -0.003901 0.007494
v -0.005700 -0.003716 0.007766
v -0.005699 -0.003473 0.007938
v -0.005700 -0.003150 0.008000
v -0.005699 -0.002856 0.007951
v -0.005700 -0.002584 0.007766
v -0.005699 -0.002412 0.007523
v -0.005700 -0.002350 0.007200
v -0.005699 -0.002399 0.006906
v -0.005700 -0.002584 0.006634
v -0.005699 -0.002827 0.006462
v -0.005219 -0.003150 0.007200
v -0.006288 0.009869 0.009545
v -0.008933 0.010466 0.007490
v -0.010076 0.010879 0.006064
v -0.010172 0.010811 0.006177
v -0.010339 0.010714 0.006160
v -0.009153 0.010364 0.007534
v -0.006461 0.009758 0.009643
v -0.003311 0.009382 0.010949
v -0.004885 0.009584 0.010378
v -0.007827 0.010078 0.008668
v 0.001600 -0.009288 0.011277
v 0.003307 -0.008771 0.011320
v 0.004680 -0.008100 0.011329
v 0.006015 -0.007165 0.011329
v 0.007167 -0.006012 0.011329
v 0.008102 -0.004676 0.011329
v 0.008791 -0.003199 0.011329
v 0.009213 -0.001624 0.011329
v 0.009352 -0.000000 0.011336
v 0.009213 0.001624 0.011329
v 0.008791 0.003199 0.011329
v 0.008102 0.004676 0.011329
v 0.007167 0.006012 0.011329
v 0.006015 0.007165 0.011329
v 0.004680 0.008100 0.011329
v 0.003275 0.008769 0.011328
v -0.003307 0.008771 0.011320
v -0.004680 0.008100 0.011329
v -0.006015 0.007165 0.011329
v -0.007167 0.006012 0.011329
v -0.008102 0.004676 0.011329
v -0.008791 0.003199 0.011329
v -0.009213 0.001624 0.011329
v -0.009352 -0.000000 0.011336
v -0.009213 -0.001624 0.011329
v -0.008791 -0.003199 0.011329
v -0.008102 -0.004676 0.011329
v -0.007167 -0.006012 0.011329
v -0.006015 -0.007165 0.011329
v -0.004680 -0.008100 0.011329
v -0.003275 -0.008769 0.011328
v -0.001483 -0.009291 0.011290
v 0.000168 -0.009271 0.011377
v 0.007999 0.000000 0.013136
v 0.008289 0.000000 0.012423
v 0.008751 0.000000 0.011807
v 0.005864 -0.005441 0.013136
v 0.001780 -0.007798 0.013136
v -0.004377 -0.007578 0.011807
v -0.001780 -0.007798 0.013136
v -0.004000 -0.006927 0.013136
v -0.005864 -0.005441 0.013136
v -0.005864 0.005441 0.013136
v -0.001780 0.007798 0.013136
v 0.004377 0.007578 0.011807
v 0.001780 0.007798 0.013136
v 0.004000 0.006927 0.013136
v 0.005864 0.005441 0.013136
v 0.007910 -0.001192 0.013136
v 0.008196 -0.001235 0.012423
v 0.008653 -0.001304 0.011807
v 0.007643 -0.002358 0.013136
v 0.007921 -0.002443 0.012423
v 0.008362 -0.002579 0.011807
v 0.007207 -0.003471 0.013136
v 0.007468 -0.003596 0.012423
v 0.007884 -0.003797 0.011807
v 0.006609 -0.004506 0.013136
v 0.006849 -0.004669 0.012423
v 0.007230 -0.004930 0.011807
v 0.004987 -0.006254 0.013136
v 0.005168 -0.006481 0.012423
v 0.005456 -0.006842 0.011807
v 0.006415 -0.005952 0.011807
v 0.006076 -0.005638 0.012423
v 0.004000 -0.006927 0.013136
v 0.004145 -0.007178 0.012423
v 0.004377 -0.007578 0.011807
v 0.002922 -0.007446 0.013136
v 0.003028 -0.007716 0.012423
v 0.003197 -0.008146 0.011807
v 0.000598 -0.007976 0.013136
v 0.000619 -0.008266 0.012423
v 0.000654 -0.008727 0.011807
v 0.001947 -0.008532 0.011807
v 0.001844 -0.008081 0.012423
v -0.000598 -0.007976 0.013136
v -0.000619 -0.008266 0.012423
v -0.000654 -0.008727 0.011807
v -0.001844 -0.008081 0.012423
v -0.001947 -0.008532 0.011807
v -0.004145 -0.007178 0.012423
v -0.003197 -0.008146 0.011807
v -0.003028 -0.007716 0.012423
v -0.002922 -0.007446 0.013136
v -0.004987 -0.006254 0.013136
v -0.005168 -0.006481 0.012423
v -0.005456 -0.006842 0.011807
v -0.006076 -0.005638 0.012423
v -0.006415 -0.005952 0.011807
v -0.007207 -0.003471 0.013136
v -0.007468 -0.003596 0.012423
v -0.007884 -0.003797 0.011807
v -0.007230 -0.004930 0.011807
v -0.006849 -0.004669 0.012423
v -0.006609 -0.004506 0.013136
v -0.007643 -0.002358 0.013136
v -0.007921 -0.002443 0.012423
v -0.008362 -0.002579 0.011807
v -0.007910 -0.001192 0.013136
v -0.008196 -0.001235 0.012423
v -0.008653 -0.001304 0.011807
v -0.007910 0.001192 0.013136
v -0.008196 0.001235 0.012423
v -0.008653 0.001304 0.011807
v -0.008751 0.000000 0.011807
v -0.008289 0.000000 0.012423
v -0.007999 0.000000 0.013136
v -0.007643 0.002358 0.013136
v -0.007921 0.002443 0.012423
v -0.008362 0.002579 0.011807
v -0.007207 0.003471 0.013136
v -0.007468 0.003596 0.012423
v -0.007884 0.003797 0.011807
v -0.006609 0.004506 0.013136
v -0.006849 0.004669 0.012423
v -0.007230 0.004930 0.011807
v -0.004987 0.006254 0.013136
v -0.005168 0.006481 0.012423
v -0.005456 0.006842 0.011807
v -0.006415 0.005952 0.011807
v -0.006076 0.005638 0.012423
v -0.004000 0.006927 0.013136
v -0.004145 0.007178 0.012423
v -0.004377 0.007578 0.011807
v -0.002922 0.007446 0.013136
v -0.003028 0.007716 0.012423
v -0.003197 0.008146 0.011807
v -0.000598 0.007976 0.013136
v -0.000619 0.008266 0.012423
v -0.000654 0.008727 0.011807
v -0.001947 0.008532 0.011807
v -0.001844 0.008081 0.012423
v 0.000598 0.007976 0.013136
v 0.000619 0.008266 0.012423
v 0.000654 0.008727 0.011807
v 0.001844 0.008081 0.012423
v 0.001947 0.008532 0.011807
v 0.004145 0.007178 0.012423
v 0.003197 0.008146 0.011807
v 0.003028 0.007716 0.012423
v 0.002922 0.007446 0.013136
v 0.004987 0.006254 0.013136
v 0.005168 0.006481 0.012423
v 0.005456 0.006842 0.011807
v 0.006076 0.005638 0.012423
v 0.006415 0.005952 0.011807
v 0.007207 0.003471 0.013136
v 0.007468 0.003596 0.012423
v 0.007884 0.003797 0.011807
v 0.007230 0.004930 0.011807
v 0.006849 0.004669 0.012423
v 0.006609 0.004506 0.013136
v 0.007643 0.002358 0.013136
v 0.007921 0.002443 0.012423
v 0.008362 0.002579 0.011807
v 0.007910 0.001192 0.013136
v 0.008196 0.001235 0.012423
v 0.008653 0.001304 0.011807
v 0.010063 -0.010886 0.006037
v 0.010172 -0.010811 0.006177
v 0.010339 -0.010714 0.006160
v 0.009153 -0.010364 0.007534
v 0.007827 -0.010078 0.008668
v 0.006461 -0.009758 0.009643
v 0.004885 -0.009584 0.010378
v 0.003311 -0.009382 0.010949
v 0.001073 -0.009380 0.011213
v 0.003197 -0.009501 0.010811
v 0.006277 -0.009864 0.009557
v 0.008927 -0.010461 0.007503
v -0.001249 -0.009384 0.011191
v -0.003323 -0.009383 0.010946
v -0.004897 -0.009585 0.010373
v -0.006471 -0.009760 0.009637
v -0.007884 -0.010038 0.008676
v -0.009134 -0.010414 0.007496
v -0.010250 -0.010746 0.006216
v -0.010138 -0.010851 0.006108
v -0.007862 -0.010178 0.008475
v -0.006350 -0.009872 0.009520
v -0.003380 -0.009514 0.010764
v 0.010675 0.003150 0.008000
v 0.010675 0.002943 0.007973
v 0.010675 0.002750 0.007893
v 0.010675 0.002584 0.007766
v 0.010675 0.002457 0.007600
v 0.010675 0.002377 0.007407
v 0.010675 0.002350 0.007200
v 0.010675 0.002377 0.006993
v 0.010675 0.002457 0.006800
v 0.010675 0.002584 0.006634
v 0.010675 0.002750 0.006507
v 0.010675 0.002943 0.006427
v 0.010675 0.003150 0.006400
v 0.010675 0.003357 0.006427
v 0.010675 0.003550 0.006507
v 0.010675 0.003716 0.006634
v 0.010675 0.003843 0.006800
v 0.010675 0.003923 0.006993
v 0.010675 0.003950 0.007200
v 0.010675 0.003923 0.007407
v 0.010675 0.003843 0.007600
v 0.010675 0.003716 0.007766
v 0.010675 0.003550 0.007893
v 0.010675 0.003357 0.007973
v 0.010675 -0.003150 0.008000
v 0.010675 -0.003357 0.007973
v 0.010675 -0.003550 0.007893
v 0.010675 -0.003716 0.007766
v 0.010675 -0.003843 0.007600
v 0.010675 -0.003923 0.007407
v 0.010675 -0.003950 0.007200
v 0.010675 -0.003923 0.006993
v 0.010675 -0.003843 0.006800
v 0.010675 -0.003716 0.006634
v 0.010675 -0.003550 0.006507
v 0.010675 -0.003357 0.006427
v 0.010675 -0.003150 0.006400
v 0.010675 -0.002943 0.006427
v 0.010675 -0.002750 0.006507
v 0.010675 -0.002584 0.006634
v 0.010675 -0.002457 0.006800
v 0.010675 -0.002377 0.006993
v 0.010675 -0.002350 0.007200
v 0.010675 -0.002377 0.007407
v 0.010675 -0.002457 0.007600
v 0.010675 -0.002584 0.007766
v 0.010675 -0.002750 0.007893
v 0.010675 -0.002943 0.007973
v 0.010588 -0.010536 0.006092
v 0.010743 -0.010253 0.006215
v 0.010756 -0.008601 0.007594
v 0.010683 -0.006821 0.008771
v 0.010752 -0.004999 0.009513
v 0.010755 -0.003048 0.010071
v 0.010752 -0.001030 0.010358
v 0.010753 0.001016 0.010359
v 0.010755 0.003036 0.010073
v 0.010752 0.004986 0.009518
v 0.010668 0.006822 0.008784
v 0.010757 0.008593 0.007600
v 0.010742 0.010250 0.006221
v 0.005231 0.008758 0.010788
v 0.007350 0.006692 0.010962
v 0.006926 0.008758 0.010086
v 0.008529 -0.008758 0.009193
v 0.009051 -0.006692 0.010014
v 0.009429 -0.004521 0.010610
v 0.009659 -0.002279 0.010972
v 0.009659 0.002279 0.010972
v 0.009429 0.004521 0.010610
v 0.009051 0.006692 0.010014
v 0.008529 0.008758 0.009193
v 0.007350 -0.006692 0.010962
v 0.006926 -0.008758 0.010086
v 0.005231 -0.008758 0.010788
v 0.010019 -0.008758 0.008121
v 0.010019 0.008758 0.008121
v -0.010675 0.003150 0.006400
v -0.010675 0.002943 0.006427
v -0.010675 0.002750 0.006507
v -0.010675 0.002584 0.006634
v -0.010675 0.002457 0.006800
v -0.010675 0.002377 0.006993
v -0.010675 0.002350 0.007200
v -0.010675 0.002377 0.007407
v -0.010675 0.002457 0.007600
v -0.010675 0.002584 0.007766
v -0.010675 0.002750 0.007893
v -0.010675 0.002943 0.007973
v -0.010675 0.003150 0.008000
v -0.010675 0.003357 0.007973
v -0.010675 0.003550 0.007893
v -0.010675 0.003716 0.007766
v -0.010675 0.003843 0.007600
v -0.010675 0.003923 0.007407
v -0.010675 0.003950 0.007200
v -0.010675 0.003923 0.006993
v -0.010675 0.003843 0.006800
v -0.010675 0.003716 0.006634
v -0.010675 0.003550 0.006507
v -0.010675 0.003357 0.006427
v -0.010675 -0.003150 0.006400
v -0.010675 -0.003357 0.006427
v -0.010675 -0.003550 0.006507
v -0.010675 -0.003716 0.006634
v -0.010675 -0.003843 0.006800
v -0.010675 -0.003923 0.006993
v -0.010675 -0.003950 0.007200
v -0.010675 -0.003923 0.007407
v -0.010675 -0.003843 0.007600
v -0.010675 -0.003716 0.007766
v -0.010675 -0.003550 0.007893
v -0.010675 -0.003357 0.007973
v -0.010675 -0.003150 0.008000
v -0.010675 -0.002943 0.007973
v -0.010675 -0.002750 0.007893
v -0.010675 -0.002584 0.007766
v -0.010675 -0.002457 0.007600
v -0.010675 -0.002377 0.007407
v -0.010675 -0.002350 0.007200
v -0.010675 -0.002377 0.006993
v -0.010675 -0.002457 0.006800
v -0.010675 -0.002584 0.006634
v -0.010675 -0.002750 0.006507
v -0.010675 -0.002943 0.006427
v -0.010588 0.010536 0.006092
v -0.010743 0.010253 0.006215
v -0.010756 0.008601 0.007594
v -0.010683 0.006821 0.008771
v -0.010752 0.004999 0.009513
v -0.010755 0.003048 0.010071
v -0.010752 0.001030 0.010358
v -0.010753 -0.001016 0.010359
v -0.010755 -0.003036 0.010073
v -0.010752 -0.004986 0.009518
v -0.010668 -0.006822 0.008784
v -0.010757 -0.008593 0.007600
v -0.010742 -0.010250 0.006221
v -0.005231 -0.008758 0.010788
v -0.007350 -0.006692 0.010962
v -0.006926 -0.008758 0.010086
v -0.008529 0.008758 0.009193
v -0.009051 0.006692 0.010014
v -0.009429 0.004521 0.010610
v -0.009659 0.002279 0.010972
v -0.009659 -0.002279 0.010972
v -0.009429 -0.004521 0.010610
v -0.009051 -0.006692 0.010014
v -0.008529 -0.008758 0.009193
v -0.007350 0.006692 0.010962
v -0.006926 0.008758 0.010086
v -0.005231 0.008758 0.010788
v -0.010019 0.008758 0.008121
v -0.010019 -0.008758 0.008121
v -0.010032 -0.010891 0.006023
v 0.010890 -0.010031 0.006066
v 0.010835 -0.010128 0.006167
v 0.010357 -0.010786 0.005978
v 0.010620 -0.010592 0.005928
v 0.010801 -0.010322 0.005995
v 0.010900 0.003261 0.008227
v 0.010900 0.002732 0.008144
v 0.010900 0.002316 0.007809
v 0.010900 0.002123 0.007311
v 0.010900 0.002206 0.006782
v 0.010900 0.002541 0.006366
v 0.010900 0.003039 0.006173
v 0.010900 0.003568 0.006256
v 0.010900 0.003984 0.006591
v 0.010900 0.004177 0.007089
v 0.010900 0.004140 0.007465
v 0.010900 0.003954 0.007848
v 0.010900 0.003663 0.008088
v 0.010900 -0.003150 0.008225
v 0.010900 -0.003568 0.008144
v 0.010900 -0.003984 0.007809
v 0.010900 -0.004177 0.007311
v 0.010900 -0.004094 0.006782
v 0.010900 -0.003759 0.006366
v 0.010900 -0.003261 0.006173
v 0.010900 -0.002885 0.006210
v 0.010900 -0.002502 0.006396
v 0.010900 -0.002262 0.006687
v 0.010900 -0.002123 0.007089
v 0.010900 -0.002206 0.007618
v 0.010900 -0.002425 0.007925
v 0.010900 -0.002777 0.008163
v 0.010890 -0.008399 0.007470
v 0.010896 -0.006685 0.008462
v 0.010889 -0.004858 0.009330
v 0.010887 -0.002931 0.009876
v 0.010890 -0.000935 0.010140
v 0.010889 0.001069 0.010134
v 0.010887 0.003052 0.009851
v 0.010889 0.004981 0.009285
v 0.010896 0.006766 0.008419
v 0.010890 0.008510 0.007389
v 0.010891 0.010022 0.006062
v 0.010819 -0.006810 0.008624
v 0.010819 0.006829 0.008614
v 0.010843 0.010205 0.006060
v 0.010773 0.010370 0.005992
v 0.010625 0.010592 0.005890
v 0.010356 0.010785 0.005979
v 0.010561 0.010604 0.006043
v 0.009936 0.010900 0.005970
v -0.009935 0.010900 0.005971
v -0.010890 0.010031 0.006066
v -0.010835 0.010128 0.006167
v -0.010357 0.010786 0.005978
v -0.010620 0.010592 0.005928
v -0.010801 0.010322 0.005995
v -0.010891 -0.010022 0.006062
v -0.010896 0.006685 0.008462
v -0.010896 -0.006766 0.008419
v -0.010890 -0.008510 0.007389
v -0.010819 -0.006829 0.008614
v -0.010889 -0.004981 0.009285
v -0.010887 -0.003052 0.009851
v -0.010889 -0.001069 0.010134
v -0.010890 0.000935 0.010140
v -0.010887 0.002931 0.009876
v -0.010889 0.004858 0.009330
v -0.010819 0.006810 0.008624
v -0.010890 0.008399 0.007470
v -0.010900 0.003261 0.006173
v -0.010900 0.002885 0.006210
v -0.010900 0.002502 0.006396
v -0.010900 0.002262 0.006687
v -0.010900 0.002123 0.007089
v -0.010900 0.002206 0.007618
v -0.010900 0.002425 0.007925
v -0.010900 0.002777 0.008163
v -0.010900 0.003150 0.008225
v -0.010900 0.003568 0.008144
v -0.010900 0.003984 0.007809
v -0.010900 0.004177 0.007311
v -0.010900 0.004094 0.006782
v -0.010900 0.003759 0.006366
v -0.010900 -0.003039 0.006173
v -0.010900 -0.003568 0.006256
v -0.010900 -0.003984 0.006591
v -0.010900 -0.004177 0.007089
v -0.010900 -0.004140 0.007465
v -0.010900 -0.003954 0.007848
v -0.010900 -0.003662 0.008088
v -0.010900 -0.003261 0.008227
v -0.010900 -0.002732 0.008144
v -0.010900 -0.002316 0.007809
v -0.010900 -0.002123 0.007311
v -0.010900 -0.002206 0.006782
v -0.010900 -0.002541 0.006366
v -0.010843 -0.010205 0.006060
v -0.010773 -0.010370 0.005992
v -0.010625 -0.010592 0.005890
v -0.010356 -0.010785 0.005979
v -0.010561 -0.010604 0.006043
v 0.005268 -0.006750 0.000500
v 0.006750 -0.006750 0.000500
v 0.006750 -0.006750 0.001000
v 0.005268 -0.006750 0.001000
v 0.006750 -0.005268 0.000500
v 0.005388 -0.006318 0.000500
v 0.005752 -0.005752 0.000500
v 0.006318 -0.005388 0.000500
v 0.006759 -0.005250 0.001000
v 0.007250 -0.006750 0.000500
v 0.007250 -0.006750 0.001000
v 0.007250 -0.005268 0.001000
v 0.007250 -0.005268 0.000500
v 0.008732 -0.006750 0.000500
v 0.007682 -0.005388 0.000500
v 0.008248 -0.005752 0.000500
v 0.008612 -0.006318 0.000500
v 0.008732 -0.006750 0.001000
v 0.007250 -0.007250 0.000500
v 0.007250 -0.007250 0.001000
v 0.008750 -0.007241 0.001000
v 0.008732 -0.007250 0.000500
v 0.008612 -0.007682 0.000500
v 0.008248 -0.008248 0.000500
v 0.007682 -0.008612 0.000500
v 0.007250 -0.008732 0.000500
v 0.007241 -0.008750 0.001000
v 0.006750 -0.008732 0.000500
v 0.006750 -0.007250 0.000500
v 0.006750 -0.007250 0.001000
v 0.006750 -0.008732 0.001000
v 0.006318 -0.008612 0.000500
v 0.005752 -0.008248 0.000500
v 0.005388 -0.007682 0.000500
v 0.005268 -0.007250 0.000500
v 0.005250 -0.007241 0.001000
v -0.008732 0.007250 0.000500
v -0.007250 0.007250 0.000500
v -0.007250 0.007250 0.001000
v -0.008732 0.007250 0.001000
v -0.007250 0.008732 0.000500
v -0.008612 0.007682 0.000500
v -0.008248 0.008248 0.000500
v -0.007682 0.008612 0.000500
v -0.007241 0.008750 0.001000
v -0.006750 0.007250 0.000500
v -0.006750 0.007250 0.001000
v -0.006750 0.008732 0.001000
v -0.006750 0.008732 0.000500
v -0.005268 0.007250 0.000500
v -0.006318 0.008612 0.000500
v -0.005752 0.008248 0.000500
v -0.005388 0.007682 0.000500
v -0.005250 0.007241 0.001000
v -0.006750 0.006750 0.000500
v -0.006750 0.006750 0.001000
v -0.005268 0.006750 0.001000
v -0.005268 0.006750 0.000500
v -0.005388 0.006318 0.000500
v -0.005752 0.005752 0.000500
v -0.006318 0.005388 0.000500
v -0.006750 0.005268 0.000500
v -0.006759 0.005250 0.001000
v -0.007250 0.005268 0.000500
v -0.007250 0.006750 0.000500
v -0.007250 0.006750 0.001000
v -0.007250 0.005268 0.001000
v -0.007682 0.005388 0.000500
v -0.008248 0.005752 0.000500
v -0.008612 0.006318 0.000500
v -0.008732 0.006750 0.000500
v -0.008750 0.006759 0.001000
v 0.009903 -0.010891 0.000395
v -0.009916 -0.010887 0.000385
v 0.010890 -0.009909 0.000392
v 0.010152 -0.010861 0.000408
v 0.010396 -0.010762 0.000408
v 0.010601 -0.010603 0.000404
v 0.010760 -0.010398 0.000408
v 0.010858 -0.010159 0.000404
v 0.010894 0.009890 0.000408
v 0.009888 0.010894 0.000404
v 0.010860 0.010154 0.000404
v 0.010763 0.010394 0.000408
v 0.010604 0.010600 0.000404
v 0.010400 0.010759 0.000408
v 0.010157 0.010860 0.000407
v -0.009875 0.010897 0.000416
v -0.010890 0.009909 0.000392
v -0.010152 0.010861 0.000408
v -0.010395 0.010762 0.000408
v -0.010601 0.010603 0.000404
v -0.010760 0.010398 0.000408
v -0.010858 0.010159 0.000404
v -0.010894 -0.009890 0.000408
v -0.010860 -0.010154 0.000404
v -0.010763 -0.010394 0.000408
v -0.010604 -0.010600 0.000404
v -0.010400 -0.010759 0.000408
v -0.010157 -0.010860 0.000407
v 0.001250 0.007750 -0.001000
v 0.001950 0.007750 -0.001000
v 0.001950 0.006050 -0.001000
v 0.001250 0.006050 -0.001000
v 0.004990 0.007750 -0.001000
v 0.004990 0.006050 -0.001000
v 0.004290 0.006050 -0.001000
v 0.004290 0.007750 -0.001000
v 0.005810 0.007750 -0.001000
v 0.006510 0.007750 -0.001000
v 0.006510 0.006050 -0.001000
v 0.005810 0.006050 -0.001000
v 0.003470 0.007750 -0.001000
v 0.003470 0.006050 -0.001000
v 0.002770 0.006050 -0.001000
v 0.002770 0.007750 -0.001000
v 0.007330 0.007750 -0.001000
v 0.008030 0.007750 -0.001000
v 0.008030 0.006050 -0.001000
v 0.007330 0.006050 -0.001000
v 0.008750 -0.007000 0.000000
v 0.008690 -0.007453 0.000000
v 0.008516 -0.007875 0.000000
v 0.008237 -0.008237 0.000000
v 0.007875 -0.008516 0.000000
v 0.007453 -0.008690 0.000000
v 0.007000 -0.008750 0.000000
v 0.006547 -0.008690 0.000000
v 0.006125 -0.008516 0.000000
v 0.005763 -0.008237 0.000000
v 0.005484 -0.007875 0.000000
v 0.005310 -0.007453 0.000000
v 0.005250 -0.007000 0.000000
v 0.005310 -0.006547 0.000000
v 0.005484 -0.006125 0.000000
v 0.005763 -0.005763 0.000000
v 0.006125 -0.005484 0.000000
v 0.006547 -0.005310 0.000000
v 0.007000 -0.005250 0.000000
v 0.007453 -0.005310 0.000000
v 0.007875 -0.005484 0.000000
v 0.008237 -0.005763 0.000000
v 0.008516 -0.006125 0.000000
v 0.008690 -0.006547 0.000000
v -0.005250 0.007000 -0.000000
v -0.005310 0.006547 -0.000000
v -0.005484 0.006125 -0.000000
v -0.005763 0.005763 -0.000000
v -0.006125 0.005484 -0.000000
v -0.006547 0.005310 -0.000000
v -0.007000 0.005250 -0.000000
v -0.007453 0.005310 -0.000000
v -0.007875 0.005484 -0.000000
v -0.008237 0.005763 -0.000000
v -0.008516 0.006125 -0.000000
v -0.008690 0.006547 -0.000000
v -0.008750 0.007000 -0.000000
v -0.008690 0.007453 -0.000000
v -0.008516 0.007875 -0.000000
v -0.008237 0.008237 -0.000000
v -0.007875 0.008516 -0.000000
v -0.007453 0.008690 -0.000000
v -0.007000 0.008750 -0.000000
v -0.006547 0.008690 -0.000000
v -0.006125 0.008516 -0.000000
v -0.005763 0.008237 -0.000000
v -0.005484 0.007875 -0.000000
v -0.005310 0.007453 -0.000000
v 0.010036 -0.010483 0.000005
v 0.010015 -0.010649 0.000067
v 0.010033 -0.010751 0.000147
v 0.010056 -0.010828 0.000253
v -0.010021 -0.010642 0.000065
v -0.010029 -0.010748 0.000144
v -0.010039 -0.010829 0.000247
v 0.010492 -0.010042 0.000007
v 0.010642 -0.010021 0.000065
v 0.010748 -0.010029 0.000144
v 0.010829 -0.010039 0.000247
v 0.010681 -0.010347 0.000193
v 0.010502 -0.010351 0.000065
v 0.010538 -0.010534 0.000193
v 0.010352 -0.010678 0.000193
v 0.010278 -0.010467 0.000028
v 0.010495 0.010031 0.000007
v 0.010828 0.010056 0.000253
v 0.010751 0.010033 0.000147
v 0.010649 0.010015 0.000067
v 0.010044 0.010496 0.000008
v 0.010021 0.010642 0.000065
v 0.010029 0.010748 0.000144
v 0.010039 0.010829 0.000247
v 0.010467 0.010278 0.000028
v 0.010678 0.010352 0.000193
v 0.010351 0.010502 0.000065
v 0.010534 0.010538 0.000193
v 0.010347 0.010681 0.000193
v -0.010022 0.010489 0.000005
v -0.010033 0.010751 0.000147
v -0.010056 0.010828 0.000253
v -0.010015 0.010649 0.000067
v -0.010501 0.010040 0.000009
v -0.010646 0.010012 0.000066
v -0.010747 0.010032 0.000143
v -0.010829 0.010039 0.000247
v -0.010278 0.010467 0.000028
v -0.010352 0.010678 0.000193
v -0.010502 0.010351 0.000065
v -0.010538 0.010534 0.000193
v -0.010681 0.010347 0.000193
v -0.010480 -0.010031 0.000004
v -0.010648 -0.010018 0.000067
v -0.010807 -0.010065 0.000216
v -0.010754 -0.009900 0.000146
v -0.010038 -0.010498 0.000008
v -0.010347 -0.010681 0.000193
v -0.010351 -0.010502 0.000065
v -0.010534 -0.010538 0.000193
v -0.010678 -0.010352 0.000193
v -0.010467 -0.010278 0.000028
v 0.001250 0.007750 0.000500
v 0.001950 0.007750 0.000500
v 0.001950 0.006050 0.000500
v 0.001250 0.006050 0.000500
v 0.004990 0.007750 0.000500
v 0.004990 0.006050 0.000500
v 0.004290 0.006050 0.000500
v 0.004290 0.007750 0.000500
v 0.005810 0.007750 0.000500
v 0.006510 0.007750 0.000500
v 0.006510 0.006050 0.000500
v 0.005810 0.006050 0.000500
v 0.003470 0.007750 0.000500
v 0.003470 0.006050 0.000500
v 0.002770 0.006050 0.000500
v 0.002770 0.007750 0.000500
v 0.007330 0.007750 0.000500
v 0.008030 0.007750 0.000500
v 0.008030 0.006050 0.000500
v 0.007330 0.006050 0.000500
v 0.009150 0.009150 -0.000000
v 0.000130 0.009150 -0.000000
v 0.000130 0.004650 -0.000000
v 0.000730 0.004650 -0.000000
v 0.008550 0.004650 -0.000000
v 0.009150 0.004650 -0.000000
v 0.000730 0.004650 0.000500
v 0.008550 0.004650 0.000500
v 0.000730 0.004950 0.000500
v 0.000430 0.004950 0.000500
v 0.000430 0.008850 0.000500
v 0.008850 0.008850 0.000500
v 0.008850 0.004950 0.000500
v 0.008550 0.004950 0.000500
vn -0.0000 -0.0000 -1.0000
vn -0.5462 -0.1223 0.8287
vn -0.4274 -0.0391 0.9032
vn -0.5606 0.0030 0.8281
vn -0.4222 0.1054 0.9003
vn -0.2956 -0.0252 0.9550
vn -0.2859 0.0801 0.9549
vn -0.1530 -0.0269 0.9879
vn -0.1435 0.0569 0.9880
vn -0.0000 -0.0000 1.0000
vn -0.3963 -0.1756 0.9012
vn -0.5099 -0.2367 0.8270
vn -0.4481 -0.3369 0.8281
vn -0.3187 -0.2902 0.9023
vn -0.1098 -0.1060 0.9883
vn -0.1808 -0.2376 0.9544
vn -0.0136 -0.1570 0.9875
vn -0.3630 -0.4299 0.8267
vn -0.2339 -0.3634 0.9018
vn -0.0766 -0.2834 0.9559
vn -0.2633 -0.4958 0.8276
vn -0.1404 -0.4094 0.9015
vn -0.1496 -0.5427 0.8265
vn -0.0327 -0.4315 0.9015
vn -0.0293 -0.5598 0.8281
vn 0.0734 -0.4280 0.9008
vn 0.0903 -0.5549 0.8270
vn 0.2072 -0.5215 0.8277
vn 0.1724 -0.3961 0.9019
vn 0.3147 -0.4666 0.8266
vn 0.2709 -0.3369 0.9017
vn 0.0887 -0.1236 0.9884
vn 0.2404 -0.1810 0.9537
vn 0.1418 -0.0532 0.9885
vn 0.4069 -0.3840 0.8288
vn 0.3659 -0.2312 0.9015
vn 0.4825 -0.2884 0.8270
vn 0.2903 -0.0550 0.9554
vn 0.5303 -0.1819 0.8281
vn 0.4178 -0.1046 0.9025
vn 0.1557 0.0316 0.9873
vn 0.5565 -0.0588 0.8287
vn 0.4326 0.0396 0.9007
vn 0.5588 0.0618 0.8270
vn 0.5322 0.1761 0.8281
vn 0.3943 0.1762 0.9019
vn 0.4785 0.2906 0.8286
vn 0.3179 0.2971 0.9004
vn 0.2490 0.1550 0.9560
vn 0.1817 0.2321 0.9556
vn 0.1050 0.1106 0.9883
vn 0.4079 0.3869 0.8270
vn 0.3171 0.4623 0.8281
vn 0.2028 0.3806 0.9022
vn 0.0953 0.2776 0.9560
vn 0.0028 0.1586 0.9873
vn 0.2046 0.5215 0.8284
vn 0.0737 0.4295 0.9001
vn 0.0913 0.5547 0.8270
vn -0.0297 0.5603 0.8277
vn -0.0376 0.4302 0.9019
vn -0.1493 0.5426 0.8266
vn -0.1454 0.4066 0.9019
vn -0.2626 0.4940 0.8288
vn -0.2698 0.3394 0.9011
vn -0.1148 0.2747 0.9546
vn -0.2299 0.1840 0.9557
vn -0.0895 0.1225 0.9884
vn -0.3654 0.4271 0.8271
vn -0.4445 0.3417 0.8281
vn -0.3642 0.2322 0.9019
vn -0.5084 0.2337 0.8288
vn -0.5493 0.1195 0.8270
vn -0.2627 -0.1366 0.9552
vn 0.0443 -0.2911 0.9557
vn 0.1379 -0.2593 0.9559
vn 0.2840 0.0681 0.9564
vn -0.0030 0.2944 0.9557
vn 0.2013 -0.9795 -0.0000
vn -0.0000 -1.0000 -0.0000
vn -0.2013 -0.9795 -0.0000
vn -0.3944 -0.9190 -0.0000
vn -0.5713 -0.8208 -0.0000
vn -0.7248 -0.6890 -0.0000
vn -0.8486 -0.5290 -0.0000
vn -0.9378 -0.3473 -0.0000
vn -0.9885 -0.1514 -0.0000
vn -0.9987 0.0506 -0.0000
vn -0.9681 0.2507 -0.0000
vn -0.8978 0.4404 -0.0000
vn -0.7908 0.6121 -0.0000
vn -0.6514 0.7588 -0.0000
vn -0.4853 0.8743 -0.0000
vn -0.2994 0.9541 -0.0000
vn -0.1012 0.9949 -0.0000
vn 0.1012 0.9949 -0.0000
vn 0.2994 0.9541 -0.0000
vn 0.4853 0.8743 -0.0000
vn 0.6514 0.7588 -0.0000
vn 0.7908 0.6121 -0.0000
vn 0.8978 0.4404 -0.0000
vn 0.9681 0.2507 -0.0000
vn 0.9987 0.0506 -0.0000
vn 0.9885 -0.1514 -0.0000
vn 0.9378 -0.3473 -0.0000
vn 0.8486 -0.5290 -0.0000
vn 0.7248 -0.6890 -0.0000
vn 0.5713 -0.8208 -0.0000
vn 0.3944 -0.9190 -0.0000
vn 0.9749 -0.2225 -0.0000
vn 1.0000 -0.0000 -0.0000
vn 0.9749 0.2225 -0.0000
vn 0.9010 0.4339 -0.0000
vn 0.7818 0.6235 -0.0000
vn 0.6235 0.7818 -0.0000
vn 0.4339 0.9010 -0.0000
vn 0.2225 0.9749 -0.0000
vn -0.0000 1.0000 -0.0000
vn -0.2225 0.9749 -0.0000
vn -0.4339 0.9010 -0.0000
vn -0.6235 0.7818 -0.0000
vn -0.7818 0.6235 -0.0000
vn -0.9010 0.4339 -0.0000
vn -0.9749 0.2225 -0.0000
vn -1.0000 -0.0000 -0.0000
vn -0.9749 -0.2225 -0.0000
vn -0.9010 -0.4339 -0.0000
vn -0.7818 -0.6235 -0.0000
vn -0.6235 -0.7818 -0.0000
vn -0.4339 -0.9010 -0.0000
vn -0.2225 -0.9749 -0.0000
vn 0.2225 -0.9749 -0.0000
vn 0.4339 -0.9010 -0.0000
vn 0.6235 -0.7818 -0.0000
vn 0.7818 -0.6235 -0.0000
vn 0.9010 -0.4339 -0.0000
vn 0.7594 -0.1698 0.6280
vn 0.4152 -0.6437 0.6429
vn 0.6559 0.4106 0.6334
vn 0.2186 0.7430 0.6325
vn 0.4025 -0.2993 0.8651
vn 0.4647 -0.1942 0.8639
vn 0.6339 0.4311 0.6421
vn 0.7135 -0.3662 0.5974
vn 0.2049 0.7456 0.6341
vn 0.7856 -0.0422 0.6172
vn 0.5133 -0.5535 0.6558
vn 0.5347 0.5624 0.6307
vn 0.0303 0.7579 0.6516
vn 0.7727 0.1037 0.6263
vn 0.6095 -0.4621 0.6442
vn 0.4536 0.6306 0.6298
vn -0.0711 0.7537 0.6534
vn 0.7296 0.2456 0.6382
vn 0.6994 -0.3301 0.6339
vn 0.3885 0.6798 0.6221
vn -0.2108 0.7357 0.6437
vn 0.7194 0.2945 0.6290
vn 0.2889 0.7300 0.6194
vn -0.2510 0.7302 0.6355
vn 0.7109 -0.2832 0.6438
vn 0.5363 0.3260 0.7785
vn 0.5756 -0.1006 0.8115
vn 0.2118 0.7492 0.6275
vn 0.7825 0.1109 0.6127
vn -0.3265 0.6887 0.6474
vn 0.4792 0.1558 0.8638
vn 0.1275 0.7678 0.6279
vn 0.7588 0.2131 0.6154
vn -0.4218 0.6618 0.6197
vn 0.5347 0.5548 0.6374
vn 0.7729 0.0261 0.6340
vn 0.0322 0.7814 0.6232
vn -0.5273 0.5556 0.6429
vn 0.4281 0.2641 0.8643
vn -0.0681 0.7767 0.6262
vn 0.6862 0.3881 0.6152
vn -0.5486 0.5271 0.6490
vn 0.3929 0.3107 0.8655
vn -0.1560 0.7634 0.6268
vn 0.6613 0.4549 0.5964
vn -0.6279 0.4681 0.6218
vn 0.3594 0.6916 0.6265
vn 0.7232 0.2436 0.6463
vn -0.1803 0.7428 0.6448
vn -0.6334 0.4425 0.6349
vn 0.2620 0.7320 0.6289
vn 0.6848 0.3426 0.6432
vn -0.2693 0.7153 0.6448
vn -0.7100 0.3099 0.6323
vn 0.2458 0.7504 0.6136
vn 0.6686 0.3451 0.6587
vn -0.4923 0.6253 0.6056
vn -0.7438 0.1518 0.6510
vn -0.4172 0.2144 0.8832
vn 0.0645 0.7760 0.6275
vn 0.5793 0.4995 0.6442
vn -0.7273 0.4059 0.5535
vn -0.5772 0.5236 0.6267
vn 0.0201 0.7737 0.6332
vn 0.5348 0.5403 0.6496
vn -0.7726 0.0291 0.6343
vn -0.4622 0.1079 0.8802
vn -0.1154 0.7712 0.6260
vn 0.4468 0.6186 0.6463
vn -0.8039 0.2191 0.5530
vn -0.1214 0.5640 0.8168
vn -0.4820 0.0602 0.8741
vn 0.3287 0.5383 0.7760
vn -0.2030 0.7534 0.6255
vn 0.4065 0.6529 0.6391
vn -0.8158 0.1017 0.5693
vn -0.1024 0.4918 0.8646
vn -0.2921 0.7214 0.6279
vn 0.2915 0.7078 0.6434
vn -0.7169 0.2964 0.6311
vn -0.7187 -0.2440 0.6511
vn -0.7521 0.2061 0.6260
vn -0.1202 0.7799 0.6142
vn -0.6855 -0.3283 0.6499
vn -0.1504 0.4777 0.8655
vn -0.7428 0.1910 0.6417
vn -0.2042 0.7620 0.6146
vn -0.6904 -0.3518 0.6321
vn -0.2672 0.4281 0.8633
vn -0.7848 -0.0333 0.6189
vn -0.5157 0.5684 0.6410
vn 0.0221 0.7662 0.6423
vn -0.5673 -0.5111 0.6457
vn -0.7763 -0.0643 0.6271
vn -0.3819 0.7049 0.5977
vn -0.5314 -0.5453 0.6483
vn -0.7605 -0.0918 0.6428
vn -0.6140 0.4910 0.6180
vn -0.0847 0.7469 0.6595
vn -0.5250 -0.5689 0.6331
vn -0.3456 -0.3127 0.8848
vn -0.7154 0.2816 0.6394
vn -0.3137 0.7094 0.6312
vn -0.6390 -0.5342 0.5534
vn -0.4408 0.2498 0.8621
vn -0.7324 0.2651 0.6272
vn -0.3375 0.6848 0.6459
vn -0.7064 -0.3379 0.6220
vn -0.2999 -0.6996 0.6486
vn -0.4689 0.1938 0.8617
vn -0.6341 -0.4633 0.6191
vn -0.1851 -0.7413 0.6451
vn -0.6680 0.4197 0.6146
vn -0.6309 -0.4396 0.6394
vn -0.7103 0.3401 0.6163
vn -0.1889 -0.7489 0.6352
vn -0.7850 0.0348 0.6185
vn -0.4980 -0.6044 0.6219
vn 0.0165 -0.7626 0.6467
vn -0.5135 0.5565 0.6531
vn -0.7874 -0.0396 0.6152
vn -0.4522 -0.6333 0.6281
vn 0.0719 -0.7674 0.6372
vn -0.5846 0.4945 0.6432
vn -0.0600 -0.4867 0.8715
vn -0.5038 -0.0392 0.8629
vn -0.7470 -0.2182 0.6280
vn -0.1798 -0.7765 0.6039
vn -0.6758 0.3616 0.6424
vn -0.2899 -0.7245 0.6254
vn 0.2478 -0.7320 0.6346
vn -0.7875 -0.0332 0.6154
vn 0.0615 -0.4591 0.8862
vn -0.6745 -0.3874 0.6285
vn -0.7402 0.2036 0.6408
vn 0.0765 -0.8298 0.5528
vn 0.1179 -0.4587 0.8807
vn -0.6788 -0.4048 0.6127
vn 0.1915 -0.7997 0.5691
vn -0.7295 0.1803 0.6598
vn 0.1675 -0.4329 0.8858
vn -0.5609 -0.5393 0.6281
vn -0.7666 0.0073 0.6421
vn 0.2026 -0.7710 0.6038
vn -0.5615 -0.5539 0.6148
vn -0.7533 -0.0011 0.6577
vn 0.1189 -0.7793 0.6153
vn 0.5810 -0.4964 0.6450
vn 0.2616 -0.3830 0.8859
vn -0.4271 -0.6524 0.6260
vn -0.7603 -0.1690 0.6272
vn 0.4608 -0.6805 0.5697
vn 0.3123 -0.3409 0.8867
vn -0.2789 -0.7170 0.6388
vn -0.7062 -0.3185 0.6323
vn 0.5420 -0.6327 0.5531
vn 0.3611 -0.3220 0.8752
vn -0.2570 -0.7364 0.6258
vn -0.6864 -0.3354 0.6453
vn 0.5406 -0.5866 0.6030
vn 0.3841 -0.2626 0.8852
vn -0.1569 -0.7624 0.6278
vn -0.6389 -0.4228 0.6427
vn 0.6707 -0.4936 0.5537
vn 0.4179 -0.2193 0.8816
vn -0.0673 -0.7765 0.6266
vn -0.5841 -0.4939 0.6441
vn 0.7246 -0.4091 0.5546
vn -0.1382 -0.4811 0.8657
vn 0.5623 -0.5390 0.6271
vn -0.2629 -0.7439 0.6144
vn 0.7612 -0.0334 0.6477
vn 0.4590 -0.1146 0.8810
vn 0.1238 -0.7685 0.6277
vn -0.4472 -0.6220 0.6428
vn 0.8006 -0.2273 0.5543
vn -0.0256 -0.5017 0.8647
vn 0.5352 -0.2194 0.8157
vn 0.5985 0.2015 0.7754
vn 0.6824 -0.3786 0.6252
vn -0.0707 -0.7853 0.6150
vn 0.7653 0.2026 0.6110
vn 0.0323 -0.5060 0.8619
vn 0.7225 -0.2940 0.6257
vn 0.0269 -0.7882 0.6149
vn 0.7340 0.2419 0.6346
vn 0.3796 -0.6789 0.6285
vn -0.1989 -0.7402 0.6424
vn 0.7656 -0.1614 0.6227
vn 0.6395 0.3695 0.6742
vn 0.4887 -0.5949 0.6382
vn -0.0515 -0.7702 0.6357
vn 0.7632 -0.1267 0.6336
vn 0.6587 0.4057 0.6336
vn 0.4467 0.1785 0.8767
vn 0.4840 -0.6248 0.6127
vn -0.0912 -0.7616 0.6416
vn 0.7869 0.2745 0.5527
vn 0.2586 -0.4288 0.8656
vn 0.7763 0.0643 0.6271
vn 0.3777 -0.7078 0.5969
vn 0.5304 0.5465 0.6481
vn 0.3911 0.2789 0.8771
vn 0.6200 -0.4903 0.6126
vn 0.0887 -0.7465 0.6594
vn 0.6741 0.4718 0.5683
vn 0.7108 -0.2929 0.6396
vn 0.3115 -0.7091 0.6325
vn 0.7329 0.2530 0.6315
vn 0.3718 0.6636 0.6491
vn 0.7051 0.3276 0.6289
vn 0.6450 -0.4722 0.6009
vn 0.3110 0.6969 0.6462
vn 0.4818 0.3298 0.8118
vn 0.1427 0.5971 0.7894
vn 0.5761 0.8161 -0.0452
vn 0.4660 0.6432 0.6075
vn 0.7430 -0.3441 0.5741
vn 0.4023 -0.4770 0.7814
vn 0.5799 -0.0549 0.8128
vn 0.4871 0.3660 0.7930
vn 0.0867 0.5776 0.8117
vn 0.5019 0.8643 -0.0334
vn 0.1071 0.7689 0.6304
vn 0.5852 0.4930 0.6438
vn 0.9394 -0.3383 -0.0548
vn 0.7691 -0.2854 0.5718
vn 0.4360 -0.4741 0.7649
vn 0.5560 -0.0285 0.8307
vn 0.3470 0.4406 0.8279
vn -0.0501 0.6275 0.7770
vn 0.3779 0.9247 0.0462
vn 0.2975 0.7366 0.6074
vn 0.9710 -0.2333 -0.0523
vn 0.8036 -0.1647 0.5719
vn 0.5129 -0.3546 0.7818
vn 0.5809 0.0886 0.8092
vn 0.2840 0.4802 0.8299
vn -0.1346 0.6192 0.7736
vn 0.2627 0.9638 -0.0465
vn 0.2072 0.7669 0.6075
vn 0.9929 -0.1066 -0.0522
vn 0.8178 -0.0715 0.5710
vn 0.5442 -0.3418 0.7662
vn 0.5528 0.1145 0.8254
vn 0.2761 0.5159 0.8110
vn -0.1741 0.5768 0.7982
vn 0.1598 0.9871 0.0140
vn -0.2419 0.7377 0.6303
vn 0.3254 0.7023 0.6332
vn 0.9983 0.0216 -0.0545
vn 0.8204 0.0104 0.5718
vn 0.5727 -0.2362 0.7850
vn 0.5419 0.2116 0.8134
vn 0.2582 0.5496 0.7945
vn -0.1960 0.5514 0.8109
vn 0.0194 0.9993 -0.0325
vn -0.3228 0.7055 0.6310
vn 0.2381 0.7356 0.6342
vn 0.8067 0.1183 0.5791
vn 0.6120 -0.1592 0.7747
vn 0.5081 0.2799 0.8146
vn 0.1528 0.5694 0.8077
vn -0.2988 0.5234 0.7980
vn -0.1093 0.9933 -0.0372
vn -0.4087 0.6593 0.6311
vn 0.1469 0.7600 0.6331
vn 0.7949 0.2045 0.5712
vn 0.5969 -0.0759 0.7987
vn 0.4682 0.3538 0.8097
vn 0.0798 0.5828 0.8087
vn -0.3616 0.4862 0.7955
vn -0.2093 0.9773 -0.0331
vn -0.4176 0.6585 0.6261
vn 0.0995 0.7666 0.6343
vn 0.9295 0.3648 -0.0547
vn 0.7594 0.3086 0.5728
vn 0.6457 -0.0441 0.7623
vn 0.4375 0.3589 0.8245
vn 0.0028 0.5836 0.8121
vn -0.4113 0.4607 0.7865
vn -0.3463 0.9370 -0.0457
vn -0.2492 0.7530 0.6091
vn 0.7133 0.4056 0.5716
vn 0.6220 0.0408 0.7819
vn 0.3843 0.4134 0.8255
vn -0.0579 0.5868 0.8076
vn -0.4643 0.3813 0.7994
vn -0.4354 0.8996 -0.0332
vn -0.6118 0.4823 0.6269
vn -0.1169 0.7681 0.6296
vn 0.4970 0.6055 0.6215
vn 0.7481 0.1027 0.6556
vn 0.6350 0.0828 0.7681
vn 0.3388 0.4339 0.8348
vn -0.1293 0.5736 0.8089
vn -0.4997 0.3456 0.7943
vn -0.5535 0.8315 -0.0471
vn -0.4283 0.6684 0.6081
vn 0.7349 0.6761 -0.0535
vn 0.6008 0.5594 0.5711
vn 0.5614 0.2195 0.7979
vn 0.2562 0.5340 0.8058
vn -0.1690 0.5866 0.7920
vn -0.5004 0.3121 0.8076
vn -0.6484 0.7600 -0.0459
vn -0.5149 0.6040 0.6084
vn 0.6610 0.7493 -0.0419
vn 0.2638 0.7268 0.6342
vn 0.6809 0.3529 0.6417
vn 0.5949 0.2354 0.7685
vn 0.2287 0.5108 0.8287
vn -0.2361 0.5616 0.7930
vn -0.5369 0.2287 0.8121
vn -0.7252 0.6880 0.0263
vn -0.7143 0.3070 0.6289
vn -0.3384 0.6819 0.6485
vn 0.5720 0.8190 -0.0441
vn 0.1820 0.7554 0.6295
vn 0.6336 0.4521 0.6278
vn 0.5476 0.3163 0.7747
vn 0.1559 0.5411 0.8264
vn -0.3285 0.4828 0.8118
vn -0.5953 0.1161 0.7950
vn -0.8049 0.5924 -0.0331
vn -0.7509 0.2109 0.6258
vn -0.4104 0.6417 0.6479
vn 0.4434 0.8946 -0.0551
vn 0.4019 0.7117 0.5762
vn 0.4730 0.3967 0.7867
vn 0.0575 0.5811 0.8118
vn -0.3830 0.4457 0.8091
vn -0.6071 0.0793 0.7906
vn -0.6942 0.3855 0.6079
vn 0.3352 0.9407 -0.0525
vn 0.2605 0.7769 0.5733
vn 0.4043 0.4556 0.7931
vn -0.0331 0.5918 0.8054
vn -0.4232 0.4360 0.7942
vn -0.5878 0.0163 0.8088
vn -0.9241 0.3807 -0.0327
vn -0.7775 0.0301 0.6282
vn -0.5519 0.5295 0.6442
vn 0.2148 0.9751 -0.0550
vn 0.1766 0.8002 0.5732
vn 0.3627 0.5019 0.7852
vn -0.0828 0.5826 0.8085
vn -0.4698 0.3971 0.7884
vn -0.5761 -0.0460 0.8161
vn -0.7536 -0.1311 0.6441
vn -0.6611 0.4058 0.6310
vn 0.0678 0.8049 0.5895
vn 0.2884 0.5420 0.7893
vn -0.1639 0.5654 0.8084
vn -0.5177 0.2828 0.8075
vn -0.5746 -0.1699 0.8006
vn -0.7366 -0.2422 0.6315
vn -0.7082 0.3113 0.6336
vn -0.0000 0.9990 -0.0438
vn -0.2120 0.7550 0.6205
vn 0.3527 0.6816 0.6411
vn 0.2417 0.5632 0.7902
vn -0.2166 0.5392 0.8139
vn -0.5402 0.1815 0.8217
vn -0.5725 -0.2483 0.7814
vn -0.9987 0.0180 -0.0473
vn -0.7957 0.0085 0.6057
vn -0.1428 0.8061 0.5743
vn 0.1594 0.6057 0.7795
vn -0.2799 0.5081 0.8146
vn -0.5704 0.1560 0.8064
vn -0.5205 -0.2974 0.8004
vn -0.9958 -0.0857 -0.0329
vn -0.6563 -0.4132 0.6313
vn -0.7765 0.1210 0.6184
vn -0.2334 0.7842 0.5749
vn 0.0322 0.5955 0.8027
vn -0.4039 0.4612 0.7901
vn -0.5987 0.1221 0.7916
vn -0.5126 -0.2960 0.8060
vn -0.9729 -0.2267 -0.0458
vn -0.7765 -0.1636 0.6085
vn -0.3612 0.9310 -0.0531
vn -0.2840 0.7663 0.5762
vn 0.0434 0.6396 0.7675
vn -0.3642 0.4340 0.8240
vn -0.5866 0.0092 0.8099
vn -0.4594 -0.4052 0.7904
vn -0.9402 -0.3377 -0.0458
vn -0.7472 -0.2717 0.6066
vn -0.4059 0.7124 0.5724
vn -0.0092 0.6446 0.7644
vn -0.3894 0.3892 0.8348
vn -0.5849 -0.0587 0.8090
vn -0.3854 -0.4659 0.7965
vn -0.9005 -0.4337 -0.0333
vn -0.5208 -0.5879 0.6191
vn -0.7600 -0.0817 0.6448
vn -0.5652 0.8238 -0.0442
vn -0.6352 0.4395 0.6351
vn -0.1737 0.7457 0.6433
vn -0.0804 0.6197 0.7807
vn -0.4529 0.3354 0.8260
vn -0.6018 -0.0945 0.7931
vn -0.3445 -0.4704 0.8124
vn -0.8349 -0.5491 -0.0377
vn -0.4150 -0.6466 0.6401
vn -0.7407 -0.2157 0.6362
vn -0.6713 0.7394 0.0516
vn -0.5683 0.5890 0.5746
vn -0.1783 0.6064 0.7749
vn -0.4734 0.2985 0.8288
vn -0.5537 -0.1979 0.8089
vn -0.2848 -0.5394 0.7924
vn -0.6063 -0.5128 0.6078
vn -0.7630 0.6443 -0.0530
vn -0.6350 0.5181 0.5730
vn -0.2763 0.5502 0.7880
vn -0.5543 0.1912 0.8101
vn -0.5203 -0.2683 0.8107
vn -0.1809 -0.5771 0.7964
vn -0.6876 -0.7254 -0.0328
vn -0.2267 -0.7329 0.6414
vn -0.6629 -0.3993 0.6334
vn -0.6887 0.4427 0.5742
vn -0.3404 0.5051 0.7931
vn -0.5703 0.1235 0.8121
vn -0.4903 -0.3252 0.8086
vn -0.1440 -0.5916 0.7932
vn -0.5868 -0.8084 -0.0463
vn -0.4591 -0.6492 0.6064
vn -0.7413 0.3501 0.5727
vn -0.3830 0.5138 0.7676
vn -0.5574 0.0846 0.8259
vn -0.4975 -0.3603 0.7891
vn -0.0953 -0.5702 0.8160
vn -0.4972 -0.8670 -0.0329
vn -0.0499 -0.7631 0.6443
vn -0.5508 -0.5448 0.6324
vn -0.9361 0.3476 -0.0544
vn -0.7730 0.2724 0.5729
vn -0.4575 0.4221 0.7826
vn -0.5801 -0.0054 0.8146
vn -0.4912 -0.4010 0.7733
vn -0.0703 -0.5576 0.8271
vn -0.3799 -0.9247 0.0256
vn -0.0520 -0.7770 0.6274
vn -0.5477 -0.5419 0.6375
vn -0.9745 0.2176 -0.0553
vn -0.7980 0.1905 0.5718
vn -0.5105 0.3672 0.7775
vn -0.5785 -0.0755 0.8122
vn -0.3858 -0.4713 0.7931
vn 0.0482 -0.5835 0.8107
vn -0.2517 -0.9671 -0.0378
vn 0.0703 -0.7839 0.6169
vn -0.4652 -0.6074 0.6439
vn -0.9933 0.1017 -0.0550
vn -0.8156 0.0895 0.5716
vn -0.5401 0.3396 0.7700
vn -0.5562 -0.1174 0.8227
vn -0.3241 -0.5143 0.7940
vn 0.1292 -0.5694 0.8119
vn 0.2247 -0.7445 0.6287
vn -0.3451 -0.6969 0.6286
vn -0.8196 -0.0149 0.5727
vn -0.5765 0.1786 0.7974
vn -0.5439 -0.2786 0.7916
vn -0.2581 -0.5515 0.7932
vn 0.1954 -0.5507 0.8115
vn -0.0304 -0.9990 -0.0325
vn 0.3228 -0.7055 0.6310
vn -0.2313 -0.7380 0.6340
vn -0.9907 -0.1248 -0.0543
vn -0.8064 -0.1381 0.5750
vn -0.6078 0.1591 0.7780
vn -0.5110 -0.2748 0.8145
vn -0.1503 -0.5694 0.8082
vn 0.2821 -0.5431 0.7908
vn 0.0640 -0.7901 0.6097
vn -0.9661 -0.2526 -0.0528
vn -0.7938 -0.2127 0.5698
vn -0.6125 0.1168 0.7818
vn -0.4739 -0.3073 0.8252
vn -0.0825 -0.5830 0.8083
vn 0.3621 -0.4847 0.7962
vn 0.4185 -0.6570 0.6271
vn -0.1018 -0.7665 0.6342
vn -0.9273 -0.3704 -0.0546
vn -0.7578 -0.3103 0.5740
vn -0.6358 0.0504 0.7702
vn -0.4391 -0.3608 0.8228
vn -0.0607 -0.6116 0.7888
vn 0.3468 -0.4727 0.8101
vn 0.2536 -0.7512 0.6094
vn -0.8806 -0.4709 -0.0525
vn -0.7148 -0.4046 0.5704
vn -0.6084 -0.0646 0.7910
vn -0.3787 -0.4418 0.8133
vn 0.0507 -0.5921 0.8043
vn 0.4566 -0.3844 0.8024
vn 0.4404 -0.8972 -0.0329
vn 0.6191 -0.4681 0.6306
vn 0.1403 -0.7608 0.6336
vn -0.8211 -0.5691 -0.0441
vn -0.4370 -0.6371 0.6350
vn -0.7429 -0.1813 0.6444
vn -0.5972 -0.1428 0.7893
vn -0.3181 -0.4926 0.8100
vn 0.1316 -0.5740 0.8082
vn 0.5111 -0.3250 0.7957
vn 0.6210 -0.4727 0.6253
vn 0.1390 -0.7512 0.6453
vn -0.7345 -0.6764 -0.0551
vn -0.6072 -0.5520 0.5715
vn -0.6032 -0.1714 0.7790
vn -0.2902 -0.4768 0.8297
vn 0.1952 -0.5570 0.8072
vn 0.5358 -0.2854 0.7946
vn 0.5156 -0.6043 0.6074
vn -0.6474 -0.7604 -0.0521
vn -0.5175 -0.6353 0.5732
vn -0.5502 -0.2764 0.7880
vn -0.1931 -0.5547 0.8093
vn 0.2315 -0.5699 0.7884
vn 0.5264 -0.2296 0.8186
vn 0.7278 -0.2371 0.6435
vn 0.3986 -0.6627 0.6339
vn -0.5558 -0.8295 -0.0545
vn -0.4784 -0.6627 0.5762
vn -0.5208 -0.3441 0.7812
vn -0.1296 -0.5696 0.8116
vn 0.3262 -0.4913 0.8076
vn 0.5894 -0.1495 0.7939
vn 0.6483 -0.4595 0.6071
vn -0.4495 -0.8917 -0.0524
vn -0.3894 -0.7198 0.5747
vn -0.4700 -0.3998 0.7869
vn -0.0556 -0.5829 0.8106
vn 0.3791 -0.4566 0.8049
vn 0.5987 -0.0850 0.7965
vn 0.6971 -0.3810 0.6074
vn -0.2502 -0.7795 0.5743
vn -0.3657 -0.4751 0.8003
vn 0.0694 -0.6043 0.7937
vn 0.4360 -0.3975 0.8074
vn 0.6049 0.0203 0.7960
vn 0.9229 -0.3837 -0.0330
vn 0.7789 -0.0287 0.6265
vn 0.5521 -0.5330 0.6411
vn -0.2376 -0.9703 -0.0443
vn 0.0982 -0.7651 0.6364
vn -0.4344 -0.6309 0.6429
vn -0.3638 -0.5010 0.7853
vn 0.0797 -0.5789 0.8115
vn 0.4790 -0.3460 0.8067
vn 0.6012 0.0702 0.7960
vn 0.7701 -0.1980 0.6065
vn -0.0582 -0.8167 0.5741
vn -0.2873 -0.5455 0.7874
vn 0.1699 -0.5656 0.8070
vn 0.5153 -0.3218 0.7943
vn 0.5841 0.1071 0.8046
vn 0.7876 -0.1207 0.6042
vn 0.2178 -0.7547 0.6189
vn -0.3551 -0.6797 0.6417
vn -0.2374 -0.5713 0.7857
vn 0.2189 -0.5372 0.8146
vn 0.5474 -0.2277 0.8053
vn 0.5688 0.2068 0.7960
vn 0.9988 -0.0177 -0.0455
vn 0.7944 -0.0056 0.6073
vn 0.1312 -0.9904 -0.0435
vn 0.3735 -0.6832 0.6274
vn -0.2031 -0.7461 0.6341
vn -0.2228 -0.6029 0.7661
vn 0.2243 -0.5103 0.8302
vn 0.5699 -0.1642 0.8052
vn 0.5207 0.2914 0.8025
vn 0.9932 0.1105 -0.0372
vn 0.6580 0.4121 0.6302
vn 0.7753 -0.1250 0.6192
vn 0.2669 -0.9622 -0.0543
vn 0.2170 -0.7901 0.5732
vn -0.1323 -0.6222 0.7716
vn 0.3030 -0.4766 0.8253
vn 0.5786 -0.0724 0.8124
vn 0.4811 0.3691 0.7952
vn 0.9782 0.2049 -0.0328
vn 0.6540 0.4233 0.6270
vn 0.7536 -0.1150 0.6472
vn 0.3594 -0.9316 -0.0546
vn 0.2710 -0.7702 0.5774
vn -0.0474 -0.6357 0.7705
vn 0.3605 -0.4364 0.8244
vn 0.5871 -0.0095 0.8095
vn 0.4649 0.4020 0.7888
vn 0.7476 0.2658 0.6086
vn 0.5833 -0.5080 0.6338
vn 0.0861 -0.7611 0.6429
vn 0.0075 -0.6421 0.7666
vn 0.3894 -0.3892 0.8348
vn 0.5849 0.0587 0.8090
vn 0.4060 0.4558 0.7921
vn 0.8915 0.4506 -0.0469
vn 0.7155 0.3437 0.6082
vn 0.5782 -0.8141 -0.0535
vn 0.4799 -0.6667 0.5702
vn 0.1085 -0.6130 0.7826
vn 0.4548 -0.3360 0.8248
vn 0.5766 0.1272 0.8071
vn 0.3535 0.4981 0.7918
vn 0.6704 0.4231 0.6096
vn 0.6736 -0.7371 0.0539
vn 0.5663 -0.5937 0.5718
vn 0.2175 -0.5642 0.7965
vn 0.5212 -0.2702 0.8096
vn 0.5552 0.1988 0.8076
vn 0.2905 0.5379 0.7914
vn 0.7515 0.6581 -0.0458
vn 0.6165 0.4990 0.6091
vn 0.6298 -0.5256 0.5720
vn 0.2800 -0.5587 0.7807
vn 0.5533 -0.1875 0.8116
vn 0.5173 0.2701 0.8121
vn 0.1787 0.5792 0.7953
vn 0.6886 0.7244 -0.0328
vn 0.2251 0.7338 0.6410
vn 0.6663 0.3940 0.6331
vn 0.8271 -0.5594 -0.0543
vn 0.6855 -0.4496 0.5727
vn 0.3463 -0.5017 0.7927
vn 0.5717 -0.1267 0.8106
vn 0.8563 0.1494 -0.4944
vn 0.8559 0.1496 -0.4951
vn 0.8560 0.0169 -0.5167
vn 0.8551 0.3458 -0.3863
vn 0.8533 0.3477 -0.3886
vn 0.8554 0.2346 -0.4618
vn 0.8563 0.4944 0.1494
vn 0.8559 0.4951 0.1496
vn 0.8560 0.5167 0.0169
vn 0.8551 0.3863 0.3458
vn 0.8533 0.3886 0.3477
vn 0.8554 0.4618 0.2346
vn 0.8563 -0.1494 0.4944
vn 0.8559 -0.1496 0.4951
vn 0.8560 -0.0169 0.5167
vn 0.8551 -0.3458 0.3863
vn 0.8533 -0.3477 0.3886
vn 0.8554 -0.2346 0.4618
vn 0.8563 -0.4944 -0.1494
vn 0.8559 -0.4951 -0.1496
vn 0.8560 -0.5167 -0.0169
vn 0.8551 -0.3863 -0.3458
vn 0.8533 -0.3886 -0.3477
vn 0.8554 -0.4618 -0.2346
vn 0.8551 -0.0286 -0.5177
vn 0.8533 -0.0289 -0.5206
vn 0.8554 -0.1607 -0.4925
vn 0.8563 -0.4553 0.2439
vn 0.8559 -0.4559 0.2443
vn 0.8560 -0.3773 0.3534
vn 0.8563 -0.2439 -0.4553
vn 0.8559 -0.2443 -0.4559
vn 0.8560 -0.3534 -0.3773
vn 0.8551 -0.5177 0.0286
vn 0.8533 -0.5206 0.0289
vn 0.8554 -0.4925 0.1607
vn 0.8551 0.0286 0.5177
vn 0.8533 0.0289 0.5206
vn 0.8554 0.1607 0.4925
vn 0.8563 0.2439 0.4553
vn 0.8559 0.2443 0.4559
vn 0.8560 0.3534 0.3773
vn 0.8551 0.5176 -0.0286
vn 0.8533 0.5206 -0.0289
vn 0.8554 0.4925 -0.1607
vn 0.8563 0.4553 -0.2439
vn 0.8559 0.4559 -0.2443
vn 0.8560 0.3773 -0.3534
vn 0.8551 0.5177 -0.0286
vn 0.5689 0.6284 0.5306
vn 0.3584 0.8396 0.4082
vn 0.3557 0.7382 0.5732
vn 0.0419 0.6449 0.7631
vn 0.1755 0.6554 0.7346
vn 0.0598 0.8916 0.4488
vn 0.0159 0.8660 0.4999
vn 0.3559 0.6546 0.6670
vn 0.1171 0.9194 0.3756
vn 0.2335 0.7264 0.6464
vn 0.2074 0.6379 0.7417
vn 0.0840 0.9068 0.4130
vn 0.2309 0.9557 0.1825
vn -0.1553 0.6561 0.7385
vn -0.0149 0.7847 0.6198
vn 0.0008 0.8644 0.5028
vn -0.8563 0.1494 0.4944
vn -0.8559 0.1496 0.4951
vn -0.8560 0.0169 0.5167
vn -0.8551 0.3458 0.3863
vn -0.8533 0.3477 0.3886
vn -0.8554 0.2346 0.4618
vn -0.8563 0.4944 -0.1494
vn -0.8559 0.4951 -0.1496
vn -0.8560 0.5167 -0.0169
vn -0.8551 0.3863 -0.3458
vn -0.8533 0.3886 -0.3477
vn -0.8554 0.4618 -0.2346
vn -0.8563 -0.1494 -0.4944
vn -0.8559 -0.1496 -0.4951
vn -0.8560 -0.0169 -0.5167
vn -0.8551 -0.3458 -0.3863
vn -0.8533 -0.3477 -0.3886
vn -0.8554 -0.2346 -0.4618
vn -0.8563 -0.4944 0.1494
vn -0.8559 -0.4951 0.1496
vn -0.8560 -0.5167 0.0169
vn -0.8551 -0.3863 0.3458
vn -0.8533 -0.3886 0.3477
vn -0.8554 -0.4618 0.2346
vn -0.8551 -0.0286 0.5177
vn -0.8533 -0.0289 0.5206
vn -0.8554 -0.1607 0.4925
vn -0.8563 -0.4553 -0.2439
vn -0.8559 -0.4559 -0.2443
vn -0.8560 -0.3773 -0.3534
vn -0.8563 -0.2439 0.4553
vn -0.8559 -0.2443 0.4559
vn -0.8560 -0.3534 0.3773
vn -0.8551 -0.5177 -0.0286
vn -0.8533 -0.5206 -0.0289
vn -0.8554 -0.4925 -0.1607
vn -0.8551 0.0286 -0.5177
vn -0.8533 0.0289 -0.5206
vn -0.8554 0.1607 -0.4925
vn -0.8563 0.2439 -0.4553
vn -0.8559 0.2443 -0.4559
vn -0.8560 0.3534 -0.3773
vn -0.8551 0.5177 0.0286
vn -0.8533 0.5206 0.0289
vn -0.8554 0.4925 0.1607
vn -0.8563 0.4553 0.2439
vn -0.8559 0.4559 0.2443
vn -0.8560 0.3773 0.3534
vn -0.8551 -0.5176 -0.0286
vn -0.5418 0.7007 0.4641
vn -0.3960 0.6932 0.6022
vn -0.3426 0.8415 0.4177
vn -0.0998 0.9125 0.3968
vn -0.2013 0.9671 0.1556
vn -0.1702 0.6479 0.7424
vn -0.0431 0.8888 0.4563
vn -0.2054 0.7237 0.6588
vn -0.3174 0.6481 0.6923
vn -0.0673 0.9076 0.4145
vn -0.3187 0.7393 0.5932
vn 0.9808 -0.1951 -0.0000
vn 0.9562 -0.1441 0.2546
vn 0.9671 -0.0000 0.2546
vn 0.9562 0.1441 0.2546
vn 0.8704 -0.0000 0.4924
vn 0.8606 0.1297 0.4924
vn 0.7143 -0.0000 0.6999
vn 0.7078 0.1073 0.6982
vn 0.5568 -0.0260 0.8303
vn 0.5089 0.0892 0.8562
vn 0.9241 -0.2850 0.2546
vn 0.9239 -0.3827 -0.0000
vn 0.8713 -0.4196 0.2546
vn 0.8315 -0.5556 -0.0000
vn 0.7990 -0.5447 0.2546
vn 0.7089 -0.6578 0.2546
vn 0.6380 -0.5920 0.4924
vn 0.5426 -0.6805 0.4925
vn 0.4466 -0.5600 0.6978
vn 0.3583 -0.6203 0.6978
vn 0.2576 -0.4473 0.8565
vn 0.2603 -0.6649 0.7001
vn 0.1530 -0.5479 0.8224
vn 0.1597 -0.6978 0.6983
vn 0.0053 -0.6921 0.7218
vn 0.0542 -0.7094 0.7027
vn 0.0298 -0.6925 0.7208
vn -0.0526 -0.7108 0.7014
vn -0.1431 -0.6519 0.7447
vn -0.1600 -0.6991 0.6969
vn -0.1660 -0.5162 0.8402
vn -0.2597 -0.6654 0.6998
vn -0.3589 -0.6194 0.6983
vn -0.4353 -0.7537 0.4924
vn -0.4466 -0.5600 0.6978
vn -0.5427 -0.6805 0.4924
vn -0.5251 -0.4872 0.6978
vn -0.6380 -0.5920 0.4925
vn -0.5918 -0.4035 0.6978
vn -0.7191 -0.4903 0.4924
vn -0.6454 -0.3107 0.6978
vn -0.7842 -0.3776 0.4924
vn -0.6845 -0.2111 0.6978
vn -0.8317 -0.2565 0.4924
vn -0.7078 -0.1073 0.6982
vn -0.8606 -0.1297 0.4924
vn -0.7143 -0.0000 0.6998
vn -0.8703 -0.0000 0.4925
vn -0.7078 0.1073 0.6982
vn -0.8606 0.1297 0.4924
vn -0.6845 0.2111 0.6978
vn -0.8317 0.2565 0.4924
vn -0.6454 0.3108 0.6978
vn -0.7842 0.3776 0.4924
vn -0.5918 0.4035 0.6978
vn -0.7191 0.4903 0.4924
vn -0.5251 0.4872 0.6978
vn -0.6380 0.5920 0.4924
vn -0.4466 0.5600 0.6978
vn -0.5427 0.6805 0.4924
vn -0.3583 0.6203 0.6978
vn -0.4353 0.7537 0.4924
vn -0.2603 0.6649 0.7001
vn -0.3180 0.8102 0.4925
vn -0.1596 0.6978 0.6983
vn -0.1937 0.8485 0.4925
vn -0.0536 0.7093 0.7029
vn -0.0650 0.8679 0.4924
vn 0.0522 0.7108 0.7015
vn 0.0650 0.8679 0.4924
vn 0.1602 0.6992 0.6967
vn 0.1937 0.8485 0.4925
vn 0.2594 0.6652 0.7002
vn 0.3180 0.8102 0.4925
vn 0.4353 0.7537 0.4924
vn 0.4836 0.8375 0.2546
vn 0.5427 0.6805 0.4924
vn 0.6029 0.7561 0.2546
vn 0.6380 0.5920 0.4925
vn 0.7089 0.6577 0.2546
vn 0.7191 0.4903 0.4924
vn 0.7990 0.5447 0.2546
vn 0.7842 0.3776 0.4924
vn 0.8713 0.4196 0.2546
vn 0.8317 0.2565 0.4924
vn 0.9241 0.2850 0.2546
vn 0.7071 -0.7071 -0.0000
vn 0.6029 -0.7561 0.2546
vn 0.4353 -0.7537 0.4924
vn 0.5556 -0.8315 -0.0000
vn 0.4836 -0.8375 0.2546
vn 0.3180 -0.8102 0.4925
vn 0.3827 -0.9239 -0.0000
vn 0.3533 -0.9002 0.2546
vn 0.1937 -0.8485 0.4925
vn 0.2152 -0.9428 0.2546
vn 0.1951 -0.9808 -0.0000
vn 0.0723 -0.9643 0.2546
vn -0.0000 -1.0000 0.0001
vn -0.0723 -0.9643 0.2546
vn -0.1951 -0.9808 -0.0000
vn -0.2152 -0.9428 0.2546
vn -0.3827 -0.9239 -0.0000
vn -0.3533 -0.9002 0.2546
vn -0.4836 -0.8375 0.2546
vn -0.3180 -0.8102 0.4925
vn -0.5556 -0.8315 -0.0000
vn -0.6029 -0.7561 0.2546
vn -0.7071 -0.7071 -0.0000
vn -0.7089 -0.6577 0.2546
vn -0.8315 -0.5556 -0.0000
vn -0.7990 -0.5447 0.2546
vn -0.8713 -0.4196 0.2546
vn -0.9239 -0.3827 -0.0000
vn -0.9241 -0.2850 0.2546
vn -0.9808 -0.1951 -0.0000
vn -0.9562 -0.1441 0.2546
vn -0.9671 -0.0000 0.2546
vn -0.9562 0.1441 0.2546
vn -0.9808 0.1951 -0.0000
vn -0.9241 0.2850 0.2546
vn -0.9239 0.3827 -0.0000
vn -0.8713 0.4196 0.2546
vn -0.8315 0.5556 -0.0000
vn -0.7990 0.5447 0.2546
vn -0.7089 0.6578 0.2546
vn -0.7071 0.7071 -0.0000
vn -0.6029 0.7561 0.2546
vn -0.5556 0.8315 -0.0000
vn -0.4836 0.8375 0.2546
vn -0.3827 0.9239 -0.0000
vn -0.3533 0.9002 0.2546
vn -0.2152 0.9428 0.2546
vn -0.1951 0.9808 -0.0000
vn -0.0723 0.9643 0.2546
vn -0.0000 1.0000 0.0001
vn 0.0723 0.9643 0.2546
vn 0.1951 0.9808 -0.0000
vn 0.2152 0.9428 0.2546
vn 0.3827 0.9239 -0.0000
vn 0.3533 0.9002 0.2546
vn 0.5556 0.8315 -0.0000
vn 0.7071 0.7071 -0.0000
vn 0.8315 0.5556 -0.0000
vn 0.9239 0.3827 -0.0000
vn 0.9808 0.1951 -0.0000
vn 0.3312 -0.3945 0.8571
vn 0.5251 -0.4872 0.6978
vn 0.7191 -0.4903 0.4924
vn 0.3946 -0.3310 0.8571
vn 0.5918 -0.4035 0.6978
vn 0.7842 -0.3776 0.4924
vn 0.4461 -0.2575 0.8571
vn 0.6454 -0.3107 0.6978
vn 0.8317 -0.2565 0.4924
vn 0.4841 -0.1761 0.8571
vn 0.6845 -0.2111 0.6978
vn 0.8606 -0.1297 0.4924
vn 0.5089 -0.0892 0.8562
vn 0.7078 -0.1073 0.6982
vn 0.6845 0.2111 0.6978
vn 0.4841 0.1761 0.8571
vn 0.6454 0.3107 0.6978
vn 0.4461 0.2575 0.8571
vn 0.5918 0.4035 0.6978
vn 0.3946 0.3310 0.8571
vn 0.5251 0.4872 0.6978
vn 0.3312 0.3945 0.8571
vn 0.4466 0.5600 0.6978
vn 0.2581 0.4478 0.8561
vn 0.3588 0.6194 0.6983
vn 0.1592 0.5750 0.8025
vn -0.2107 0.4974 0.8415
vn -0.2576 0.4473 0.8565
vn -0.3312 0.3945 0.8571
vn -0.3946 0.3310 0.8571
vn -0.4461 0.2575 0.8571
vn -0.4841 0.1761 0.8571
vn -0.5089 0.0892 0.8562
vn -0.5743 -0.0426 0.8175
vn -0.5089 -0.0892 0.8562
vn -0.4841 -0.1761 0.8571
vn -0.4461 -0.2575 0.8571
vn -0.3946 -0.3310 0.8571
vn -0.3312 -0.3945 0.8571
vn -0.2581 -0.4478 0.8561
vn 0.0650 -0.8679 0.4924
vn -0.0650 -0.8680 0.4924
vn -0.1937 -0.8485 0.4925
vn 0.1609 -0.9791 0.1240
vn 0.3475 -0.8510 0.3937
vn 0.0993 -0.8973 0.4302
vn 0.2855 -0.7637 0.5790
vn 0.0546 -0.8880 0.4565
vn 0.1732 -0.7554 0.6320
vn 0.0033 -0.8814 0.4723
vn 0.0240 -0.8700 0.4925
vn 0.1722 -0.6624 0.7291
vn 0.4364 -0.6897 0.5779
vn 0.3176 -0.6709 0.6701
vn 0.5413 -0.7010 0.4644
vn -0.0146 -0.8931 0.4497
vn -0.1673 -0.7541 0.6351
vn -0.1458 -0.8985 0.4140
vn -0.0931 -0.9033 0.4187
vn -0.3275 -0.7589 0.5629
vn -0.1182 -0.9883 0.0964
vn -0.2681 -0.9151 0.3012
vn -0.5028 -0.7105 0.4923
vn 0.0137 -0.8735 0.4866
vn -0.1172 -0.6652 0.7374
vn -0.2718 -0.6600 0.7004
vn -0.3288 -0.6746 0.6609
vn 0.0012 -0.3934 -0.9193
vn 0.3936 -0.2443 -0.8862
vn 0.0012 -0.0102 -0.9999
vn 0.3932 0.0123 -0.9194
vn 0.0012 0.3718 -0.9283
vn 0.3870 0.2259 -0.8940
vn 0.3921 0.4706 -0.7904
vn 0.0012 0.6999 -0.7143
vn 0.3875 0.6433 -0.6603
vn 0.0012 0.9193 -0.3934
vn 0.3926 0.8020 -0.4501
vn 0.3865 0.8877 -0.2503
vn 0.0012 0.9999 -0.0102
vn 0.3932 0.9194 0.0123
vn 0.0012 0.9283 0.3718
vn 0.3870 0.8940 0.2259
vn 0.3921 0.7904 0.4706
vn 0.0012 0.7143 0.6999
vn 0.3875 0.6603 0.6433
vn 0.0012 0.3934 0.9193
vn 0.3926 0.4501 0.8020
vn 0.3865 0.2503 0.8877
vn 0.0012 0.0102 0.9999
vn 0.3932 -0.0123 0.9194
vn 0.0012 -0.3718 0.9283
vn 0.3870 -0.2259 0.8940
vn 0.3921 -0.4706 0.7904
vn 0.0012 -0.6999 0.7143
vn 0.3875 -0.6433 0.6603
vn 0.0012 -0.9193 0.3934
vn 0.3926 -0.8020 0.4501
vn 0.3865 -0.8877 0.2503
vn 0.0012 -0.9999 0.0102
vn 0.3932 -0.9194 -0.0123
vn 0.0012 -0.9283 -0.3718
vn 0.3911 -0.8902 -0.2335
vn 0.3936 -0.7994 -0.4539
vn 0.0012 -0.7143 -0.6999
vn 0.3932 -0.6414 -0.6588
vn 0.3911 -0.4644 -0.7946
vn 0.3921 -0.2261 -0.8917
vn 0.3917 -0.0037 -0.9201
vn 0.3941 0.2303 -0.8898
vn 0.3911 -0.2335 0.8902
vn 0.3936 -0.4539 0.7994
vn 0.3932 -0.6588 0.6414
vn 0.3912 -0.7946 0.4644
vn 0.3936 -0.8862 0.2443
vn 0.3870 -0.8940 -0.2259
vn 0.3921 -0.7904 -0.4706
vn 0.3917 -0.6532 -0.6480
vn 0.3941 -0.4663 -0.7920
vn 0.2864 0.4865 0.8254
vn 0.3789 0.4871 0.7869
vn 0.4691 0.4848 0.7382
vn 0.5536 0.4860 0.6762
vn 0.7094 0.3989 0.5811
vn 0.5924 0.3671 0.7171
vn 0.4993 0.3677 0.7845
vn 0.7077 0.2256 0.6695
vn 0.4047 0.3685 0.8369
vn 0.5209 0.2490 0.8165
vn 0.5336 0.1251 0.8365
vn 0.7102 0.0222 0.7036
vn 0.7055 -0.0667 0.7056
vn 0.5337 -0.1249 0.8364
vn 0.5209 -0.2490 0.8165
vn 0.4992 -0.3675 0.7847
vn 0.4047 -0.3685 0.8369
vn 0.3811 -0.4855 0.7868
vn 0.2847 -0.4888 0.8246
vn 0.4674 -0.4861 0.7384
vn 0.6081 -0.3825 0.6956
vn 0.7031 -0.2267 0.6740
vn 0.5428 -0.4932 0.6798
vn 0.7143 -0.4316 0.5510
vn 0.6770 -0.5301 0.5106
vn 0.6359 -0.6142 0.4673
vn 0.7141 -0.1298 0.6879
vn 0.7140 0.1656 0.6803
vn 0.7116 0.5091 0.4842
vn -0.0012 -0.3934 0.9193
vn -0.3865 -0.2503 0.8877
vn -0.0012 -0.0102 0.9999
vn -0.3932 0.0123 0.9194
vn -0.0012 0.3718 0.9283
vn -0.3911 0.2335 0.8902
vn -0.3936 0.4539 0.7994
vn -0.0012 0.6999 0.7143
vn -0.3932 0.6588 0.6414
vn -0.0012 0.9193 0.3934
vn -0.3912 0.7946 0.4644
vn -0.3936 0.8862 0.2443
vn -0.0012 0.9999 0.0102
vn -0.3932 0.9194 -0.0123
vn -0.0012 0.9283 -0.3718
vn -0.3870 0.8940 -0.2259
vn -0.3921 0.7904 -0.4706
vn -0.0012 0.7143 -0.6999
vn -0.3917 0.6532 -0.6480
vn -0.0012 0.3934 -0.9193
vn -0.3941 0.4663 -0.7920
vn -0.3921 0.2261 -0.8917
vn -0.0012 0.0102 -0.9999
vn -0.3917 0.0037 -0.9201
vn -0.0012 -0.3718 -0.9283
vn -0.3941 -0.2303 -0.8898
vn -0.3921 -0.4706 -0.7904
vn -0.0012 -0.6999 -0.7143
vn -0.3875 -0.6433 -0.6603
vn -0.0012 -0.9193 -0.3934
vn -0.3926 -0.8020 -0.4501
vn -0.3865 -0.8877 -0.2503
vn -0.0012 -0.9999 -0.0102
vn -0.3932 -0.9194 0.0123
vn -0.0012 -0.9283 0.3718
vn -0.3870 -0.8940 0.2259
vn -0.3921 -0.7904 0.4706
vn -0.0012 -0.7143 0.6999
vn -0.3875 -0.6603 0.6433
vn -0.3926 -0.4501 0.8020
vn -0.3870 0.2259 0.8940
vn -0.3921 0.4706 0.7904
vn -0.3875 0.6433 0.6603
vn -0.3926 0.8020 0.4501
vn -0.3865 0.8877 0.2503
vn -0.3911 0.8902 -0.2335
vn -0.3936 0.7994 -0.4539
vn -0.3932 0.6414 -0.6588
vn -0.3911 0.4644 -0.7946
vn -0.3936 0.2443 -0.8862
vn -0.3932 -0.0123 -0.9194
vn -0.3870 -0.2259 -0.8940
vn -0.2843 -0.4887 0.8248
vn -0.3805 -0.4848 0.7876
vn -0.4691 -0.4848 0.7382
vn -0.5536 -0.4860 0.6762
vn -0.7019 -0.4280 0.5694
vn -0.5924 -0.3671 0.7171
vn -0.4993 -0.3677 0.7845
vn -0.7073 -0.2523 0.6604
vn -0.4047 -0.3685 0.8369
vn -0.5209 -0.2490 0.8165
vn -0.5336 -0.1251 0.8365
vn -0.7021 -0.0540 0.7100
vn -0.7062 0.0333 0.7072
vn -0.5337 0.1249 0.8364
vn -0.5209 0.2490 0.8165
vn -0.4992 0.3675 0.7847
vn -0.4047 0.3685 0.8369
vn -0.3811 0.4855 0.7868
vn -0.2847 0.4888 0.8246
vn -0.4674 0.4861 0.7384
vn -0.6081 0.3825 0.6956
vn -0.7210 0.2162 0.6584
vn -0.5428 0.4932 0.6798
vn -0.7090 0.4197 0.5667
vn -0.6770 0.5301 0.5106
vn -0.6359 0.6142 0.4673
vn -0.7334 0.1392 0.6654
vn -0.7334 -0.1481 0.6635
vn -0.7194 -0.5015 0.4806
vn 0.5143 -0.8441 0.1517
vn 0.7275 -0.6705 0.1454
vn 0.8782 -0.4469 0.1703
vn 0.9868 -0.1478 0.0656
vn 0.8683 -0.3592 0.3422
vn 0.6939 0.2915 -0.6584
vn 0.6967 -0.0675 -0.7142
vn 0.7009 -0.3553 -0.6185
vn 0.7040 -0.5536 -0.4449
vn 0.7008 -0.6886 -0.1861
vn 0.7013 -0.7077 0.0860
vn 0.6939 -0.5817 0.4245
vn 0.6939 -0.2915 0.6584
vn 0.6939 0.0768 0.7160
vn 0.6939 0.4245 0.5817
vn 0.6939 0.6584 0.2915
vn 0.6939 0.7160 -0.0768
vn 0.6939 0.5817 -0.4245
vn 0.6967 0.2986 -0.6522
vn 0.7008 0.0016 -0.7133
vn 0.7040 -0.2570 -0.6621
vn 0.7008 -0.5033 -0.5055
vn 0.7013 -0.6559 -0.2793
vn 0.6967 -0.7142 0.0675
vn 0.7009 -0.6185 0.3553
vn 0.7040 -0.4449 0.5536
vn 0.7008 -0.1862 0.6886
vn 0.7013 0.0860 0.7077
vn 0.8351 -0.2630 0.4831
vn 0.8315 0.2668 0.4873
vn 0.9665 0.1568 0.2031
vn 0.9174 0.3405 0.2060
vn 0.9855 0.1079 0.1307
vn 0.9682 -0.1348 0.2110
vn 0.9654 -0.0753 0.2496
vn 0.9666 -0.0389 0.2534
vn 0.9684 -0.0011 0.2495
vn 0.9672 0.0308 0.2522
vn 0.9669 0.0650 0.2468
vn 0.9668 0.0977 0.2363
vn 0.9895 -0.0604 0.1312
vn 0.9899 0.0752 0.1200
vn 0.8372 0.5212 0.1659
vn 0.6418 0.6720 0.3694
vn 0.5036 0.8508 0.1501
vn 0.7321 0.6765 0.0793
vn -0.0365 0.9950 0.0927
vn 0.0625 0.9932 0.0987
vn -0.5124 0.8456 0.1499
vn -0.7275 0.6705 0.1454
vn -0.8782 0.4469 0.1703
vn -0.9868 0.1478 0.0656
vn -0.8683 0.3592 0.3422
vn -0.9608 0.1313 0.2441
vn -0.9900 -0.1106 0.0876
vn -0.8999 -0.3878 0.1996
vn -0.9513 -0.1829 0.2480
vn -0.9833 -0.0443 0.1764
vn -0.8317 -0.2658 0.4875
vn -0.9495 -0.0861 0.3017
vn -0.9814 0.1259 0.1448
vn -0.9648 0.0708 0.2534
vn -0.8352 0.2612 0.4839
vn -0.9497 -0.0450 0.3100
vn -0.9503 -0.0018 0.3113
vn -0.9527 0.0514 0.2996
vn -0.9495 0.0843 0.3023
vn -0.7008 0.1862 0.6886
vn -0.7013 -0.0860 0.7077
vn -0.6939 -0.4245 0.5817
vn -0.6939 -0.6584 0.2915
vn -0.6939 -0.7160 -0.0768
vn -0.6939 -0.5817 -0.4245
vn -0.6967 -0.2986 -0.6522
vn -0.7008 -0.0016 -0.7133
vn -0.7040 0.2570 -0.6621
vn -0.7008 0.5033 -0.5055
vn -0.7013 0.6559 -0.2793
vn -0.6967 0.7142 0.0675
vn -0.7009 0.6185 0.3553
vn -0.7040 0.4449 0.5536
vn -0.6939 0.2915 0.6584
vn -0.6939 -0.0768 0.7160
vn -0.6939 -0.2915 -0.6584
vn -0.6967 0.0675 -0.7142
vn -0.7009 0.3553 -0.6185
vn -0.7040 0.5536 -0.4449
vn -0.7008 0.6886 -0.1861
vn -0.7013 0.7077 0.0860
vn -0.6939 0.5817 0.4245
vn -0.8372 -0.5212 0.1659
vn -0.6443 -0.6675 0.3733
vn -0.4961 -0.8571 0.1390
vn -0.7321 -0.6765 0.0793
vn 0.4590 -0.8884 0.0108
vn 0.3162 -0.0004 -0.9487
vn 0.5608 -0.5913 -0.5795
vn -0.3018 0.3018 -0.9043
vn -0.8884 0.4590 0.0108
vn -0.5913 0.5608 -0.5795
vn -0.5608 0.5913 -0.5795
vn -0.4590 0.8884 0.0108
vn 0.5913 0.5608 -0.5795
vn 0.0004 0.3162 -0.9487
vn 0.8884 0.4590 0.0108
vn -0.8884 -0.4590 0.0108
vn -0.0004 -0.3162 -0.9487
vn -0.5913 -0.5608 -0.5795
vn -0.3162 0.0004 -0.9487
vn 0.0249 -0.9901 -0.1383
vn 0.0109 -0.9866 -0.1628
vn 0.9703 -0.0251 -0.2407
vn 0.9553 -0.2468 -0.1626
vn 0.8645 -0.4708 -0.1761
vn 0.7099 -0.6788 -0.1877
vn 0.5128 -0.8401 -0.1768
vn 0.2768 -0.9509 -0.1385
vn 1.0000 0.0006 -0.0007
vn 0.9929 0.0092 -0.1184
vn 1.0000 0.0001 -0.0008
vn 1.0000 0.0016 -0.0011
vn 1.0000 0.0021 -0.0009
vn 1.0000 0.0015 0.0061
vn 1.0000 0.0011 0.0007
vn 1.0000 0.0005 0.0078
vn 1.0000 -0.0011 0.0058
vn 1.0000 -0.0009 0.0027
vn 1.0000 0.0009 0.0027
vn 1.0000 0.0008 0.0059
vn 1.0000 -0.0001 0.0078
vn 1.0000 -0.0014 0.0065
vn 1.0000 -0.0011 0.0009
vn 1.0000 -0.0019 -0.0002
vn 1.0000 -0.0026 -0.0015
vn 1.0000 -0.0016 -0.0029
vn 1.0000 -0.0007 -0.0013
vn 1.0000 -0.0002 -0.0011
vn 1.0000 -0.0000 -0.0003
vn 1.0000 -0.0000 0.0002
vn 1.0000 -0.0000 -0.0002
vn 1.0000 -0.0000 0.0004
vn 1.0000 0.0013 0.0003
vn 0.0480 0.9721 -0.2297
vn 0.2958 0.9431 -0.1520
vn 0.5167 0.8381 -0.1749
vn 0.7132 0.6755 -0.1874
vn 0.8678 0.4676 -0.1681
vn 0.9571 0.2472 -0.1511
vn 0.0209 0.9803 -0.1965
vn -0.9728 0.0092 -0.2314
vn -0.9421 0.2952 -0.1589
vn -0.8393 0.5150 -0.1743
vn -0.6765 0.7122 -0.1873
vn -0.4690 0.8657 -0.1750
vn -0.2469 0.9587 -0.1411
vn -1.0000 -0.0006 -0.0007
vn -0.9914 -0.0105 -0.1303
vn -1.0000 -0.0001 -0.0008
vn -1.0000 -0.0016 -0.0011
vn -1.0000 -0.0021 -0.0009
vn -1.0000 -0.0015 0.0061
vn -1.0000 -0.0011 0.0007
vn -1.0000 -0.0005 0.0078
vn -1.0000 0.0011 0.0058
vn -1.0000 0.0009 0.0027
vn -1.0000 -0.0009 0.0027
vn -1.0000 -0.0008 0.0059
vn -1.0000 0.0001 0.0078
vn -1.0000 0.0014 0.0065
vn -1.0000 0.0011 0.0009
vn -1.0000 0.0019 -0.0002
vn -1.0000 0.0026 -0.0015
vn -1.0000 0.0016 -0.0029
vn -1.0000 0.0007 -0.0013
vn -1.0000 0.0002 -0.0011
vn -1.0000 -0.0000 0.0004
vn -1.0000 -0.0000 -0.0002
vn -1.0000 -0.0000 0.0002
vn -1.0000 -0.0000 -0.0003
vn -1.0000 -0.0013 0.0003
vn -0.2429 -0.9568 -0.1598
vn -0.4726 -0.8635 -0.1762
vn -0.6798 -0.7090 -0.1877
vn -0.8422 -0.5117 -0.1698
vn -0.9503 -0.2736 -0.1484
vn -0.9659 0.2588 -0.0000
vn -1.0000 -0.0008 -0.0011
vn -0.9146 0.4042 -0.0071
vn -0.8642 0.5030 -0.0129
vn -0.7071 0.7071 0.0006
vn -0.7070 0.7070 0.0146
vn -0.5030 0.8642 -0.0129
vn -0.4042 0.9146 -0.0071
vn -0.2588 0.9659 -0.0000
vn 0.0008 1.0000 -0.0011
vn 0.1215 0.9926 -0.0071
vn 0.0844 0.9964 -0.0000
vn 0.2588 0.9659 -0.0000
vn 0.4043 0.9146 -0.0071
vn 0.5030 0.8642 -0.0129
vn 0.7071 0.7071 0.0006
vn 0.7070 0.7070 0.0146
vn 0.8642 0.5030 -0.0129
vn 0.9146 0.4042 -0.0071
vn 0.9659 0.2588 -0.0000
vn 1.0000 -0.0008 -0.0011
vn 0.9926 -0.1215 -0.0071
vn 0.9964 -0.0844 -0.0000
vn 0.9659 -0.2588 -0.0000
vn 0.9146 -0.4043 -0.0071
vn 0.8642 -0.5030 -0.0129
vn 0.7071 -0.7071 0.0006
vn 0.7070 -0.7070 0.0146
vn 0.5030 -0.8642 -0.0129
vn 0.4042 -0.9146 -0.0071
vn 0.2588 -0.9659 -0.0000
vn -0.0008 -1.0000 -0.0011
vn -0.1215 -0.9926 -0.0071
vn -0.0844 -0.9964 -0.0000
vn -0.2588 -0.9659 -0.0000
vn -0.4042 -0.9146 -0.0071
vn -0.5030 -0.8642 -0.0129
vn -0.7071 -0.7071 0.0006
vn -0.7070 -0.7070 0.0146
vn -0.8642 -0.5030 -0.0129
vn -0.9146 -0.4043 -0.0071
vn -0.9659 -0.2588 -0.0000
vn -0.9926 -0.1215 -0.0071
vn -0.9964 -0.0844 -0.0000
vn -0.9926 0.1215 -0.0071
vn -1.0000 0.0008 -0.0011
vn -0.9146 0.4043 -0.0071
vn -0.4043 0.9146 -0.0071
vn 0.4042 0.9146 -0.0071
vn 0.9146 0.4043 -0.0071
vn 0.9146 -0.4042 -0.0071
vn -0.4043 -0.9146 -0.0071
vn -0.9146 -0.4042 -0.0071
vn -0.9964 0.0844 -0.0000
vn 0.1248 -0.7033 -0.6999
vn 0.1507 -0.8666 -0.4757
vn -0.1477 -0.8644 -0.4806
vn -0.1231 -0.6846 -0.7184
vn -0.0951 -0.4952 -0.8636
vn 0.0919 -0.4961 -0.8634
vn -0.1087 -0.2173 -0.9700
vn 0.0189 -0.1440 -0.9894
vn 0.1797 -0.0310 -0.9832
vn 0.2158 -0.3316 -0.9184
vn 0.4909 -0.1033 -0.8650
vn 0.4102 -0.2949 -0.8630
vn 0.6855 -0.1264 -0.7170
vn 0.7000 -0.3898 -0.5984
vn 0.5615 -0.5675 -0.6023
vn 0.3949 -0.6839 -0.6134
vn 0.8639 -0.1515 -0.4804
vn 0.4982 0.0963 -0.8617
vn 0.1601 0.0223 -0.9869
vn 0.7024 0.1227 -0.7011
vn 0.8645 0.1575 -0.4773
vn 0.1514 0.8656 -0.4773
vn 0.6842 0.3943 -0.6135
vn 0.5692 0.5590 -0.6029
vn 0.3866 0.7016 -0.5986
vn 0.1263 0.6854 -0.7172
vn 0.3196 0.2208 -0.9215
vn 0.2959 0.4078 -0.8638
vn 0.1025 0.4910 -0.8651
vn 0.0418 0.1923 -0.9805
vn -0.0965 0.4970 -0.8624
vn -0.0237 0.1436 -0.9894
vn -0.1227 0.7024 -0.7011
vn -0.1574 0.8652 -0.4761
vn -0.8639 0.1506 -0.4807
vn -0.3941 0.6843 -0.6135
vn -0.5590 0.5693 -0.6029
vn -0.7012 0.3873 -0.5986
vn -0.6843 0.1298 -0.7176
vn -0.2210 0.3197 -0.9214
vn -0.4074 0.2956 -0.8641
vn -0.4970 0.0967 -0.8623
vn -0.1950 0.0275 -0.9804
vn -0.5120 -0.0959 -0.8536
vn -0.6996 -0.0111 -0.7145
vn -0.8164 -0.1602 -0.5547
vn -0.1365 -0.0205 -0.9904
vn -0.3310 -0.2158 -0.9186
vn -0.2948 -0.4101 -0.8631
vn -0.3894 -0.7004 -0.5981
vn -0.5675 -0.5614 -0.6023
vn -0.6835 -0.3942 -0.6143
vn -0.0001 -0.0001 -1.0000
vn -0.0004 -0.0001 -1.0000
vn 0.0036 -0.0000 -1.0000
vn 0.0032 -0.0000 -1.0000
vn 0.0048 0.0005 -1.0000
vn 0.0030 -0.0006 -1.0000
vn 0.0022 -0.0012 -1.0000
vn 0.0016 -0.0014 -1.0000
vn 0.0009 -0.0017 -1.0000
vn 0.0005 -0.0023 -1.0000
vn -0.0004 -0.0037 -1.0000
vn -0.0002 -0.0030 -1.0000
vn -0.0004 -0.0008 -1.0000
vn -0.0004 -0.0005 -1.0000
vn -0.0005 -0.0003 -1.0000
vn -0.0005 -0.0001 -1.0000
vn -0.0005 -0.0000 -1.0000
vn -0.0041 0.0001 -1.0000
vn -0.0004 -0.0002 -1.0000
vn -0.0003 -0.0002 -1.0000
vn -0.0020 0.0014 -1.0000
vn -0.0028 0.0015 -1.0000
vn 0.0001 0.0034 -1.0000
vn -0.0001 0.0024 -1.0000
vn 0.0004 0.0037 -1.0000
vn 0.0027 0.0032 -1.0000
vn -0.0005 0.0023 -1.0000
vn -0.0009 0.0017 -1.0000
vn -0.0038 0.0008 -1.0000
vn -0.0061 -0.0006 -1.0000
vn -0.0002 -0.0002 -1.0000
vn -0.0001 -0.0003 -1.0000
vn -0.0000 -0.0003 -1.0000
vn -0.0000 -0.0002 -1.0000
vt -0.043000 0.885000
vt -0.915000 0.915000
vt -0.885000 0.885000
vt -0.915000 0.465000
vt -0.885000 0.495000
vt -0.855000 0.465000
vt -0.855000 0.495000
vt -0.043000 0.495000
vt -0.013000 0.465000
vt -0.013000 0.915000
vt -0.073000 0.495000
vt -0.073000 0.465000
vt -1.125954 -0.994584
vt -1.298524 -1.038539
vt -1.125954 -1.068257
vt -1.125954 1.068257
vt -1.298524 1.068257
vt -1.298524 0.987562
vt -1.471094 1.068257
vt -1.471094 0.981502
vt -1.643663 1.068257
vt -1.643663 0.949252
vt -1.816233 1.068257
vt -1.298524 -0.924746
vt -1.125954 -0.920911
vt -1.125954 -0.847238
vt -1.298524 -0.813503
vt -1.643663 -0.822607
vt -1.471094 -0.761444
vt -1.643663 -0.569948
vt -1.816233 -0.674689
vt -1.125954 -0.773565
vt -1.298524 -0.730913
vt -1.471094 -0.621868
vt -1.125954 -0.699893
vt -1.298524 -0.644011
vt -1.125954 -0.626220
vt -1.298524 -0.562241
vt -1.125954 -0.552547
vt -1.298524 -0.476381
vt -1.125954 -0.478874
vt -1.125954 -0.405201
vt -1.298524 -0.393568
vt -1.125954 -0.331528
vt -1.298524 -0.307728
vt -1.643663 -0.316817
vt -1.471094 -0.228299
vt -1.643663 -0.119005
vt -1.816233 -0.168672
vt -1.125954 -0.257855
vt -1.298524 -0.192811
vt -1.125954 -0.184182
vt -1.471094 -0.059626
vt -1.125954 -0.110509
vt -1.298524 -0.082778
vt -1.643663 0.049663
vt -1.816233 0.000000
vt -1.125954 -0.036836
vt -1.298524 0.031411
vt -1.125954 0.036836
vt -1.125954 0.110509
vt -1.298524 0.142229
vt -1.125954 0.184182
vt -1.298524 0.255604
vt -1.471094 0.194370
vt -1.471094 0.306813
vt -1.643663 0.272801
vt -1.125954 0.257855
vt -1.125954 0.331528
vt -1.298524 0.367298
vt -1.471094 0.419265
vt -1.643663 0.526547
vt -1.816233 0.449792
vt -1.125954 0.405201
vt -1.298524 0.479788
vt -1.125954 0.478874
vt -1.125954 0.552547
vt -1.298524 0.562241
vt -1.125954 0.626220
vt -1.298524 0.648079
vt -1.125954 0.699893
vt -1.298524 0.763329
vt -1.471094 0.671284
vt -1.471094 0.839958
vt -1.643663 0.751441
vt -1.125954 0.773565
vt -1.816233 0.899585
vt -1.125954 0.847238
vt -1.298524 0.872994
vt -1.125954 0.920911
vt -1.125954 0.994584
vt -1.816233 0.674689
vt -1.816233 0.168672
vt -1.816233 -0.899585
vt -1.643663 -1.018590
vt -1.471094 -1.042563
vt -1.471094 -0.902988
vt -1.471094 -0.480317
vt -1.471094 -0.367876
vt -1.816233 -0.393568
vt -1.471094 0.081923
vt -1.471094 0.531713
vt 0.150974 -1.384647
vt 0.105158 -1.291437
vt -0.000000 -1.400000
vt -0.035190 -1.299047
vt -0.150974 -1.384647
vt -0.173893 -1.276307
vt -0.295767 -1.339218
vt -0.304465 -1.224283
vt -0.428451 -1.265573
vt -0.420801 -1.145405
vt -0.543595 -1.166725
vt -0.517460 -1.043363
vt -0.636483 -1.046723
vt -0.589924 -0.922928
vt -0.703314 -0.910479
vt -0.634803 -0.789731
vt -0.741351 -0.763571
vt -0.650000 -0.650000
vt -0.749037 -0.612013
vt -0.634803 -0.510269
vt -0.726058 -0.462011
vt -0.589924 -0.377072
vt -0.673353 -0.319704
vt -0.517460 -0.256637
vt -0.593082 -0.190921
vt -0.420801 -0.154595
vt -0.488529 -0.080931
vt -0.363976 0.005760
vt -0.304465 -0.075717
vt -0.224522 0.065604
vt -0.173893 -0.023693
vt -0.075876 0.096152
vt -0.035190 -0.000953
vt 0.075876 0.096152
vt 0.105158 -0.008563
vt 0.224522 0.065604
vt 0.240590 -0.046165
vt 0.363976 0.005760
vt 0.364772 -0.112002
vt 0.488529 -0.080931
vt 0.471897 -0.202995
vt 0.593082 -0.190921
vt 0.556957 -0.314890
vt 0.673353 -0.319704
vt 0.615975 -0.442454
vt 0.726058 -0.462011
vt 0.646190 -0.579723
vt 0.749037 -0.612013
vt 0.646190 -0.720277
vt 0.741351 -0.763571
vt 0.615975 -0.857546
vt 0.703314 -0.910479
vt 0.556957 -0.985110
vt 0.636483 -1.046723
vt 0.471897 -1.097005
vt 0.543595 -1.166725
vt 0.428451 -1.265573
vt 0.364772 -1.187998
vt 0.295767 -1.339218
vt 0.240590 -1.253835
vt -0.260000 2.204182
vt 0.060000 2.204182
vt -0.260000 2.356194
vt 0.060000 2.356194
vt -0.260000 -2.356194
vt 0.060000 -2.356194
vt -0.260000 -2.204182
vt 0.060000 -2.204182
vt -0.260000 -2.052169
vt 0.060000 -2.052169
vt -0.260000 -1.900157
vt 0.060000 -1.900157
vt -0.260000 -1.748144
vt 0.060000 -1.748144
vt -0.260000 -1.596132
vt 0.060000 -1.596132
vt -0.260000 -1.444119
vt 0.060000 -1.444119
vt -0.260000 -1.292107
vt 0.060000 -1.292107
vt -0.260000 -1.140094
vt 0.060000 -1.140094
vt -0.260000 -0.988082
vt 0.060000 -0.988082
vt -0.260000 -0.836069
vt 0.060000 -0.836069
vt -0.260000 -0.684056
vt 0.060000 -0.684056
vt -0.260000 -0.532044
vt 0.060000 -0.532044
vt -0.260000 -0.380031
vt 0.060000 -0.380031
vt -0.260000 -0.228019
vt 0.060000 -0.228019
vt -0.260000 -0.076006
vt 0.060000 -0.076006
vt -0.260000 0.076006
vt 0.060000 0.076006
vt -0.260000 0.228019
vt 0.060000 0.228019
vt -0.260000 0.380031
vt 0.060000 0.380031
vt -0.260000 0.532044
vt 0.060000 0.532044
vt -0.260000 0.684056
vt 0.060000 0.684056
vt -0.260000 0.836069
vt 0.060000 0.836069
vt -0.260000 0.988082
vt 0.060000 0.988082
vt -0.260000 1.140094
vt 0.060000 1.140094
vt -0.260000 1.292107
vt 0.060000 1.292107
vt -0.260000 1.444119
vt 0.060000 1.444119
vt -0.260000 1.596132
vt 0.060000 1.596132
vt -0.260000 1.748144
vt 0.060000 1.748144
vt -0.260000 1.900157
vt 0.060000 1.900157
vt -0.260000 2.052169
vt 0.060000 2.052169
vt -0.150974 -1.334647
vt 0.000000 -1.350000
vt -0.000000 -1.200000
vt 0.150974 -1.334647
vt 0.133513 -1.184957
vt 0.295767 -1.289218
vt 0.260330 -1.140581
vt 0.428451 -1.215573
vt 0.374094 -1.069099
vt 0.543595 -1.116725
vt 0.469099 -0.974094
vt 0.636483 -0.996723
vt 0.540581 -0.860330
vt 0.703314 -0.860479
vt 0.584957 -0.733513
vt 0.741351 -0.713571
vt 0.600000 -0.600000
vt 0.749037 -0.562013
vt 0.584957 -0.466487
vt 0.726058 -0.412011
vt 0.540581 -0.339670
vt 0.673353 -0.269704
vt 0.593082 -0.140921
vt 0.469099 -0.225906
vt 0.488529 -0.030931
vt 0.374094 -0.130901
vt 0.363976 0.055760
vt 0.260330 -0.059419
vt 0.224522 0.115604
vt 0.133513 -0.015043
vt 0.075876 0.146152
vt -0.000000 0.000000
vt -0.075876 0.146152
vt -0.133513 -0.015043
vt -0.224522 0.115604
vt -0.260330 -0.059419
vt -0.363976 0.055760
vt -0.374094 -0.130901
vt -0.488529 -0.030931
vt -0.469099 -0.225906
vt -0.593082 -0.140921
vt -0.540581 -0.339670
vt -0.673353 -0.269704
vt -0.726058 -0.412011
vt -0.584957 -0.466487
vt -0.749037 -0.562013
vt -0.600000 -0.600000
vt -0.741351 -0.713571
vt -0.584957 -0.733513
vt -0.703314 -0.860479
vt -0.540581 -0.860330
vt -0.636483 -0.996723
vt -0.469099 -0.974094
vt -0.543595 -1.116725
vt -0.374094 -1.069099
vt -0.428451 -1.215573
vt -0.260330 -1.140581
vt -0.295767 -1.289218
vt -0.133513 -1.184957
vt 2.010000 -1.750316
vt 1.830000 -1.750316
vt 2.010000 -1.884956
vt 1.830000 -1.884956
vt 2.010000 1.884956
vt 1.830000 1.884956
vt 2.010000 1.750316
vt 1.830000 1.750316
vt 2.010000 1.615676
vt 1.830000 1.615676
vt 2.010000 1.481037
vt 1.830000 1.481037
vt 2.010000 1.346397
vt 1.830000 1.346397
vt 2.010000 1.211757
vt 1.830000 1.211757
vt 2.010000 1.077117
vt 1.830000 1.077117
vt 2.010000 0.942478
vt 1.830000 0.942478
vt 2.010000 0.807838
vt 1.830000 0.807838
vt 2.010000 0.673198
vt 1.830000 0.673198
vt 2.010000 0.538559
vt 1.830000 0.538559
vt 2.010000 0.403919
vt 1.830000 0.403919
vt 2.010000 0.269279
vt 1.830000 0.269279
vt 2.010000 0.134640
vt 1.830000 0.134640
vt 2.010000 0.000000
vt 1.830000 0.000000
vt 2.010000 -0.134640
vt 1.830000 -0.134640
vt 2.010000 -0.269279
vt 1.830000 -0.269279
vt 2.010000 -0.403919
vt 1.830000 -0.403919
vt 2.010000 -0.538559
vt 1.830000 -0.538559
vt 2.010000 -0.673198
vt 1.830000 -0.673198
vt 2.010000 -0.807838
vt 1.830000 -0.807838
vt 2.010000 -0.942478
vt 1.830000 -0.942478
vt 2.010000 -1.077117
vt 1.830000 -1.077117
vt 2.010000 -1.211757
vt 1.830000 -1.211757
vt 2.010000 -1.346397
vt 1.830000 -1.346397
vt 2.010000 -1.481037
vt 1.830000 -1.481037
vt 2.010000 -1.615676
vt 1.830000 -1.615676
vt -0.009971 0.118472
vt -0.021381 0.111929
vt -0.012082 0.115334
vt -0.029056 0.153733
vt -0.016058 0.151871
vt -0.019030 0.153792
vt -0.165043 0.133513
vt -0.015861 0.065727
vt -0.150000 -0.000000
vt -0.013213 0.023292
vt -0.040181 0.198906
vt -0.052922 0.239481
vt -0.039208 0.238445
vt -0.030369 0.205185
vt -0.042215 0.240590
vt -0.209419 0.260330
vt -0.069450 0.282808
vt -0.087076 0.321812
vt -0.059877 0.291578
vt -0.061568 0.288097
vt -0.073732 0.323102
vt -0.077289 0.324258
vt -0.108378 0.363090
vt -0.130651 0.399367
vt -0.100060 0.373222
vt -0.100987 0.369404
vt -0.117750 0.402343
vt -0.121278 0.402980
vt -0.280901 0.374094
vt -0.156839 0.437847
vt -0.183042 0.471136
vt -0.213978 0.505734
vt -0.149839 0.449245
vt -0.150010 0.445551
vt -0.170718 0.475536
vt -0.174233 0.475873
vt -0.375906 0.469099
vt -0.244063 0.536035
vt -0.208236 0.517935
vt -0.232416 0.541942
vt -0.235918 0.541755
vt -0.208222 0.514105
vt -0.278606 0.564798
vt -0.312316 0.593118
vt -0.279002 0.568174
vt -0.301085 0.600202
vt -0.274320 0.577686
vt -0.305035 0.599740
vt -0.350611 0.619314
vt -0.489670 0.540581
vt -0.387004 0.641525
vt -0.376689 0.649945
vt -0.347325 0.630449
vt -0.380508 0.649040
vt -0.428216 0.663266
vt -0.466823 0.680691
vt -0.427361 0.676697
vt -0.425794 0.673216
vt -0.458062 0.690295
vt -0.461330 0.688939
vt -0.510576 0.697312
vt -0.616487 0.584957
vt -0.551062 0.709765
vt -0.543064 0.720363
vt -0.509963 0.708686
vt -0.546590 0.718615
vt -0.596269 0.720930
vt -0.638062 0.728529
vt -0.631405 0.740053
vt -0.596987 0.732171
vt -0.634672 0.737887
vt -0.684236 0.734103
vt -0.750000 0.600000
vt -0.726759 0.736721
vt -0.687757 0.746800
vt -0.685388 0.744075
vt -0.721298 0.749171
vt -0.724026 0.746995
vt -0.773221 0.736715
vt -0.815706 0.734186
vt -0.883513 0.584957
vt -0.861897 0.728593
vt -0.778427 0.748968
vt -0.775504 0.746356
vt -0.811813 0.747167
vt -0.814257 0.744676
vt -0.903731 0.720853
vt -0.948722 0.709634
vt -0.867706 0.739704
vt -0.865023 0.737461
vt -0.902366 0.733375
vt -0.903942 0.730461
vt -0.989513 0.697068
vt -0.956841 0.720405
vt -0.953440 0.718636
vt -0.990070 0.708551
vt -1.010330 0.540581
vt -1.032801 0.680548
vt -1.071797 0.663131
vt -1.112788 0.641444
vt -1.073015 0.676221
vt -1.041686 0.690265
vt -1.038481 0.688808
vt -1.074254 0.672781
vt -1.149381 0.619523
vt -1.123222 0.649940
vt -1.119494 0.649082
vt -1.152611 0.630599
vt -1.124094 0.469099
vt -1.186383 0.592808
vt -1.221108 0.566910
vt -1.255940 0.536061
vt -1.189682 0.593607
vt -1.198594 0.600301
vt -1.195050 0.599794
vt -1.225690 0.577423
vt -1.285971 0.505994
vt -1.219099 0.374094
vt -1.317086 0.471154
vt -1.267919 0.541736
vt -1.264105 0.541778
vt -1.291942 0.517584
vt -1.291806 0.514213
vt -1.343079 0.437640
vt -1.350167 0.448900
vt -1.327686 0.475680
vt -1.349743 0.444936
vt -1.369566 0.399361
vt -1.290581 0.260330
vt -1.391603 0.363113
vt -1.399820 0.373918
vt -1.380438 0.402645
vt -1.399360 0.370145
vt -1.413379 0.321728
vt -1.430512 0.282799
vt -1.446907 0.239597
vt -1.440115 0.291660
vt -1.426205 0.323135
vt -1.422945 0.324263
vt -1.438474 0.288150
vt -1.334957 0.133513
vt -1.459724 0.198880
vt -1.470363 0.206936
vt -1.458597 0.240043
vt -1.468606 0.203430
vt -1.470894 0.153767
vt -1.478558 0.111929
vt -1.484315 0.065628
vt -1.490186 0.119189
vt -1.483361 0.152384
vt -1.480325 0.153959
vt -1.488417 0.115824
vt -1.350000 0.000000
vt -1.486752 0.023270
vt -1.497177 0.061532
vt -1.494550 0.064345
vt -1.497787 0.027002
vt -1.486573 -0.023115
vt -1.484139 -0.065727
vt -1.334957 -0.133513
vt -1.478528 -0.111820
vt -1.498939 -0.028430
vt -1.496356 -0.025504
vt -1.496876 -0.062288
vt -1.494176 -0.064562
vt -1.470674 -0.153832
vt -1.459760 -0.198891
vt -1.483634 -0.151998
vt -1.480461 -0.153942
vt -1.489129 -0.116969
vt -1.447078 -0.239486
vt -1.460793 -0.238445
vt -1.469593 -0.205034
vt -1.457484 -0.240651
vt -1.290581 -0.260330
vt -1.430646 -0.282957
vt -1.413208 -0.321741
vt -1.391470 -0.362756
vt -1.440123 -0.291578
vt -1.425776 -0.323379
vt -1.422336 -0.324278
vt -1.438506 -0.288167
vt -1.369557 -0.399338
vt -1.399897 -0.372360
vt -1.382241 -0.402328
vt -1.378722 -0.402980
vt -1.398881 -0.369194
vt -1.219099 -0.374094
vt -1.343094 -0.437575
vt -1.316900 -0.471105
vt -1.286068 -0.505809
vt -1.350214 -0.448845
vt -1.327391 -0.475727
vt -1.349854 -0.445171
vt -1.124094 -0.469099
vt -1.255937 -0.536035
vt -1.267760 -0.541770
vt -1.264082 -0.541755
vt -1.291854 -0.516143
vt -1.221159 -0.567085
vt -1.187690 -0.593145
vt -1.225393 -0.579462
vt -1.225857 -0.575656
vt -1.197014 -0.600077
vt -1.149344 -0.619529
vt -1.010330 -0.540581
vt -1.112894 -0.641494
vt -1.152410 -0.631731
vt -1.121219 -0.649536
vt -1.152931 -0.628272
vt -1.071854 -0.663010
vt -1.032905 -0.680570
vt -1.072875 -0.676365
vt -1.074263 -0.672945
vt -1.040265 -0.689564
vt -0.989402 -0.697265
vt -0.883513 -0.584957
vt -0.948984 -0.709784
vt -0.989532 -0.709678
vt -0.990874 -0.706635
vt -0.956053 -0.720281
vt -0.953153 -0.718332
vt -0.903758 -0.720884
vt -0.861931 -0.728539
vt -0.901643 -0.733952
vt -0.903852 -0.730770
vt -0.866941 -0.739080
vt -0.815685 -0.734187
vt -0.750000 -0.600000
vt -0.773131 -0.736652
vt -0.811532 -0.747177
vt -0.814345 -0.744549
vt -0.776707 -0.747504
vt -0.726910 -0.736592
vt -0.684270 -0.734155
vt -0.616487 -0.584957
vt -0.638072 -0.728574
vt -0.721570 -0.748939
vt -0.724496 -0.746356
vt -0.686561 -0.745471
vt -0.596159 -0.720692
vt -0.551101 -0.709733
vt -0.631503 -0.740081
vt -0.634666 -0.737918
vt -0.597140 -0.732348
vt -0.510463 -0.697001
vt -0.543161 -0.720373
vt -0.546560 -0.718636
vt -0.509934 -0.708609
vt -0.489670 -0.540581
vt -0.467160 -0.680568
vt -0.428218 -0.663111
vt -0.387070 -0.641537
vt -0.427204 -0.676423
vt -0.459887 -0.689500
vt -0.425746 -0.672781
vt -0.350644 -0.619315
vt -0.376768 -0.649968
vt -0.380491 -0.649067
vt -0.347365 -0.630611
vt -0.375906 -0.469099
vt -0.312389 -0.593150
vt -0.278862 -0.565610
vt -0.278925 -0.568815
vt -0.274541 -0.579268
vt -0.303187 -0.600114
vt -0.274162 -0.575631
vt -0.244006 -0.536040
vt -0.213968 -0.505790
vt -0.208183 -0.517727
vt -0.234075 -0.541852
vt -0.208245 -0.514082
vt -0.280901 -0.374094
vt -0.183099 -0.471159
vt -0.156882 -0.437684
vt -0.170516 -0.475398
vt -0.174437 -0.475834
vt -0.149593 -0.448078
vt -0.150388 -0.444674
vt -0.130684 -0.399407
vt -0.209419 -0.260330
vt -0.108482 -0.362901
vt -0.117130 -0.401856
vt -0.120643 -0.403006
vt -0.099928 -0.373013
vt -0.100815 -0.369664
vt -0.086863 -0.321840
vt -0.069326 -0.283147
vt -0.074368 -0.323329
vt -0.077740 -0.324264
vt -0.060446 -0.290163
vt -0.052905 -0.239546
vt -0.165043 -0.133513
vt -0.040239 -0.198983
vt -0.029637 -0.206936
vt -0.041403 -0.240043
vt -0.031394 -0.203430
vt -0.029077 -0.153689
vt -0.021440 -0.111848
vt -0.016624 -0.152244
vt -0.019675 -0.153959
vt -0.011165 -0.116614
vt -0.015724 -0.065668
vt -0.013099 -0.023431
vt -0.002823 -0.061532
vt -0.005428 -0.064362
vt -0.001026 -0.028257
vt -0.003587 -0.025523
vt -0.003093 0.061979
vt -0.002297 0.026861
vt -0.005769 0.064536
vt 1.830000 -0.001763
vt 1.570000 0.001780
vt 1.570000 -0.001878
vt 1.830000 0.001936
vt -0.005000 0.312202
vt -0.009396 0.312202
vt -0.005000 0.052202
vt -0.009396 0.052202
vt -0.312202 -0.045000
vt -0.052202 -0.045000
vt -0.312202 -0.005000
vt -0.052202 -0.005000
vt 0.005000 0.052202
vt 0.009396 0.052202
vt 0.005000 0.312202
vt 0.009396 0.312202
vt 1.570000 0.001763
vt 1.570000 -0.001719
vt 1.830000 -0.000222
vt 1.570000 2.114848
vt 1.830000 2.114901
vt 1.570000 2.144739
vt 1.830000 2.144739
vt 1.830000 0.002499
vt 1.570000 0.002381
vt 1.830000 -0.001039
vt 1.570000 -0.001460
vt -0.052202 -0.001886
vt -0.312202 -0.003903
vt -0.052202 -0.005525
vt 1.830000 0.002535
vt 1.570000 0.002296
vt 1.830000 -0.001413
vt 1.570000 -0.001199
vt 1.570000 2.024224
vt 1.830000 2.023913
vt 1.830000 2.053643
vt 1.570000 2.054116
vt 1.830000 -0.001978
vt 1.830000 0.001935
vt 1.570000 0.001209
vt 1.570000 -0.002243
vt 1.570000 0.001704
vt 1.570000 -0.001765
vt 1.830000 -0.001945
vt 1.830000 0.001992
vt 1.570000 1.933766
vt 1.830000 1.933290
vt 1.830000 1.963017
vt 1.570000 1.963494
vt 1.830000 0.001767
vt 1.570000 0.001129
vt 1.830000 -0.001977
vt 1.570000 -0.002244
vt 1.830000 0.001330
vt 1.570000 -0.001489
vt 1.830000 -0.002335
vt 1.570000 0.002360
vt 1.570000 1.842982
vt 1.830000 1.842667
vt 1.830000 1.872397
vt 1.570000 1.872871
vt 1.830000 -0.001766
vt 1.570000 0.001794
vt 1.570000 -0.001881
vt 1.830000 0.001932
vt -0.052202 -0.005952
vt -0.052202 -0.002560
vt -0.312202 -0.004007
vt 1.570000 0.001762
vt 1.570000 -0.001676
vt 1.830000 -0.002008
vt 1.830000 0.001875
vt 1.570000 1.752519
vt 1.830000 1.752044
vt 1.830000 1.781935
vt 1.570000 1.782248
vt 1.830000 0.001766
vt 1.570000 -0.001453
vt 1.830000 -0.001906
vt 1.570000 0.002336
vt -0.312202 -0.003904
vt -0.052202 -0.005952
vt -0.052202 -0.002539
vt -0.312202 0.001739
vt -0.052202 0.003910
vt -0.312202 0.005283
vt 1.570000 0.001766
vt 1.570000 -0.001676
vt 1.830000 -0.000251
vt 1.570000 1.661895
vt 1.830000 1.661633
vt 1.570000 1.691625
vt 1.830000 1.691625
vt 1.570000 0.001738
vt 1.570000 -0.001629
vt 1.830000 -0.001979
vt 1.830000 0.002008
vt -0.052202 -0.005962
vt -0.052202 -0.002560
vt -0.312202 -0.003956
vt 1.570000 0.001704
vt 1.570000 -0.001767
vt 1.830000 0.000137
vt 1.570000 1.571275
vt 1.830000 1.571175
vt 1.570000 1.601002
vt 1.830000 1.601002
vt 1.570000 0.001734
vt 1.570000 -0.001739
vt 1.830000 -0.001907
vt 1.830000 0.002060
vt -0.312202 -0.003938
vt -0.052202 -0.005270
vt -0.052202 -0.001857
vt 1.830000 0.001460
vt 1.570000 -0.001488
vt 1.830000 -0.002338
vt 1.570000 0.002296
vt 1.570000 1.480487
vt 1.830000 1.480175
vt 1.830000 1.509907
vt 1.570000 1.510379
vt 1.830000 -0.001764
vt 1.570000 0.001779
vt 1.570000 -0.001879
vt 1.830000 0.001935
vt 1.830000 -0.000068
vt 1.570000 0.002356
vt 1.570000 -0.001482
vt 1.570000 1.389864
vt 1.830000 1.390106
vt 1.570000 1.419756
vt 1.830000 1.419756
vt 1.570000 0.001798
vt 1.570000 -0.001738
vt 1.830000 -0.001912
vt 1.830000 0.002012
vt -0.312202 -0.003963
vt -0.052202 -0.005952
vt -0.052202 -0.002295
vt -0.312202 0.003955
vt -0.052202 0.002572
vt -0.052202 0.005930
vt 1.830000 0.000271
vt 1.570000 0.002298
vt 1.570000 -0.001198
vt 1.570000 1.299244
vt 1.830000 1.299489
vt 1.570000 1.329133
vt 1.830000 1.329133
vt 1.570000 0.001795
vt 1.570000 -0.001739
vt 1.830000 -0.001907
vt 1.830000 0.002009
vt 1.830000 -0.001729
vt 1.570000 0.001764
vt 1.570000 -0.002025
vt 1.830000 0.001877
vt 1.570000 1.208621
vt 1.830000 1.208307
vt 1.830000 1.238191
vt 1.570000 1.238511
vt 1.830000 0.002501
vt 1.570000 0.002382
vt 1.830000 -0.001163
vt 1.570000 -0.001300
vt -0.052202 0.001927
vt -0.052202 0.005260
vt -0.312202 0.003876
vt 1.830000 0.001970
vt 1.570000 0.002294
vt 1.570000 -0.001196
vt 1.830000 -0.001977
vt 1.570000 1.117998
vt 1.830000 1.117684
vt 1.830000 1.147412
vt 1.570000 1.147888
vt 1.830000 0.002497
vt 1.570000 0.002378
vt 1.830000 -0.001166
vt 1.570000 -0.001300
vt -0.052202 -0.001886
vt -0.312202 -0.003942
vt -0.052202 -0.005269
vt -0.312202 0.003945
vt -0.052202 0.001928
vt -0.052202 0.005279
vt 1.830000 0.002435
vt 1.570000 0.002357
vt 1.830000 -0.001128
vt 1.570000 -0.001481
vt 1.570000 1.027536
vt 1.830000 1.027061
vt 1.830000 1.056788
vt 1.570000 1.057265
vt 1.830000 0.001169
vt 1.570000 0.001739
vt 1.570000 -0.001972
vt 1.830000 -0.002298
vt -0.052202 -0.001887
vt -0.312202 -0.003882
vt -0.052202 -0.005283
vt 1.570000 0.001763
vt 1.570000 -0.001670
vt 1.830000 -0.002010
vt 1.830000 0.001876
vt 1.570000 0.936751
vt 1.830000 0.936438
vt 1.830000 0.966330
vt 1.570000 0.966642
vt 1.570000 0.001778
vt 1.570000 -0.001740
vt 1.830000 -0.000081
vt 1.830000 -0.001678
vt 1.570000 0.001704
vt 1.570000 -0.002026
vt 1.830000 0.001993
vt 1.570000 0.846287
vt 1.830000 0.846187
vt 1.570000 0.876019
vt 1.830000 0.876019
vt 1.830000 0.001801
vt 1.570000 -0.001454
vt 1.830000 -0.001908
vt 1.570000 0.002338
vt -0.052202 -0.001895
vt -0.312202 -0.003893
vt -0.052202 -0.005268
vt 1.570000 0.001763
vt 1.570000 -0.001765
vt 1.830000 0.001878
vt 1.570000 0.755507
vt 1.830000 0.755192
vt 1.830000 0.784919
vt 1.570000 0.785396
vt 1.830000 0.000028
vt 1.570000 0.002379
vt 1.570000 -0.001165
vt -0.052202 -0.005960
vt -0.052202 -0.002574
vt -0.312202 -0.003911
vt -0.312202 0.006097
vt -0.312202 0.002561
vt -0.052202 0.003939
vt 1.830000 -0.001738
vt 1.570000 0.001764
vt 1.570000 -0.002008
vt 1.830000 0.001878
vt 1.570000 0.664884
vt 1.830000 0.664570
vt 1.830000 0.694299
vt 1.570000 0.694773
vt 1.570000 0.001794
vt 1.570000 -0.001742
vt 1.830000 -0.000024
vt -0.312202 -0.003961
vt -0.052202 -0.005962
vt -0.052202 -0.002533
vt -0.312202 0.003909
vt -0.052202 0.002602
vt -0.052202 0.005960
vt 1.570000 -0.001766
vt 1.830000 -0.001947
vt 1.570000 0.574422
vt 1.830000 0.573947
vt 1.830000 0.603676
vt 1.570000 0.604151
vt 1.570000 0.001412
vt 1.830000 -0.001762
vt 1.570000 -0.002238
vt 1.570000 0.001766
vt 1.570000 -0.001676
vt 1.570000 0.483636
vt 1.830000 0.483600
vt 1.570000 0.513528
vt 1.830000 0.513528
vt 1.570000 0.001798
vt 1.570000 -0.001666
vt 1.830000 -0.002003
vt 1.830000 0.001935
vt -0.312202 -0.003904
vt -0.052202 -0.005987
vt -0.052202 -0.002543
vt 1.570000 0.001046
vt 1.570000 -0.002361
vt 1.830000 0.000148
vt 1.570000 0.393016
vt 1.830000 0.393068
vt 1.570000 0.422905
vt 1.830000 0.422905
vt 1.830000 0.002499
vt 1.570000 0.002380
vt 1.830000 -0.001162
vt 1.570000 -0.001298
vt 1.830000 0.001741
vt 1.570000 -0.001481
vt 1.830000 -0.001862
vt 1.570000 0.302390
vt 1.830000 0.302631
vt 1.570000 0.332282
vt 1.830000 0.332282
vt 1.570000 -0.001740
vt 1.830000 0.001475
vt 1.830000 -0.002470
vt 1.830000 0.000020
vt 1.570000 -0.001189
vt 1.570000 0.211767
vt 1.830000 0.212009
vt 1.570000 0.241659
vt 1.830000 0.241659
vt 1.570000 0.001798
vt 1.570000 -0.001739
vt 1.830000 -0.001907
vt -0.052202 -0.001898
vt -0.312202 -0.003889
vt -0.052202 -0.005528
vt -0.312202 0.003903
vt -0.052202 0.001944
vt -0.052202 0.005295
vt 1.830000 0.002436
vt 1.570000 0.002358
vt 1.830000 -0.001145
vt 1.570000 -0.001349
vt 1.570000 0.121146
vt 1.830000 0.121199
vt 1.570000 0.151036
vt 1.830000 0.151036
vt 1.830000 0.002498
vt 1.570000 0.002380
vt 1.830000 -0.001164
vt 1.570000 -0.001299
vt -0.312202 -0.003951
vt -0.052202 -0.005960
vt -0.052202 -0.002292
vt 1.830000 0.001323
vt 1.570000 -0.001189
vt 1.830000 -0.002421
vt 1.570000 0.002360
vt 1.570000 0.030685
vt 1.830000 0.030210
vt 1.830000 0.060093
vt 1.570000 0.060413
vt 1.570000 0.001735
vt 1.570000 -0.001739
vt 1.830000 0.000196
vt 1.570000 0.001680
vt 1.570000 -0.001766
vt 1.830000 -0.001947
vt 1.570000 -0.060099
vt 1.830000 -0.060413
vt 1.830000 -0.030685
vt 1.570000 -0.030210
vt 1.830000 -0.001764
vt 1.570000 0.001796
vt 1.570000 -0.001880
vt 1.830000 0.001933
vt -0.312202 -0.003892
vt -0.052202 -0.005983
vt -0.052202 -0.002540
vt 1.570000 0.001763
vt 1.570000 -0.001677
vt 1.830000 -0.000251
vt 1.570000 -0.150723
vt 1.830000 -0.150479
vt 1.570000 -0.120832
vt 1.830000 -0.120832
vt 1.570000 -0.001739
vt 1.830000 0.001474
vt 1.830000 -0.000065
vt 1.570000 0.002358
vt 1.570000 -0.001489
vt 1.570000 -0.241346
vt 1.830000 -0.241293
vt 1.570000 -0.211455
vt 1.830000 -0.211455
vt 1.830000 -0.001354
vt 1.570000 -0.001165
vt -0.312202 -0.003905
vt -0.052202 -0.005984
vt -0.052202 -0.002543
vt 1.830000 0.002434
vt 1.570000 0.001764
vt 1.570000 -0.001769
vt 1.570000 -0.331971
vt 1.830000 -0.332282
vt 1.830000 -0.302551
vt 1.570000 -0.302078
vt 1.830000 0.001359
vt 1.570000 -0.000703
vt 1.830000 -0.002356
vt 1.570000 0.002921
vt -0.052202 -0.001669
vt -0.312202 -0.003987
vt -0.052202 -0.005271
vt 1.830000 0.002243
vt 1.570000 0.001976
vt 1.830000 -0.001128
vt 1.570000 -0.422429
vt 1.830000 -0.422905
vt 1.830000 -0.393178
vt 1.570000 -0.392701
vt 1.830000 0.001767
vt 1.570000 -0.001300
vt 1.570000 0.002333
vt -0.312202 -0.003949
vt -0.052202 -0.005299
vt -0.052202 -0.001859
vt 1.830000 0.001740
vt 1.570000 -0.001482
vt 1.830000 -0.001949
vt 1.570000 0.002300
vt 1.570000 -0.513213
vt 1.830000 -0.513528
vt 1.830000 -0.483798
vt 1.570000 -0.483324
vt 1.830000 -0.000063
vt 1.570000 0.002380
vt 1.570000 -0.001456
vt -0.312202 -0.003950
vt -0.052202 -0.002294
vt 1.570000 0.001192
vt 1.570000 -0.002303
vt 1.830000 -0.000260
vt 1.570000 -0.603838
vt 1.830000 -0.603785
vt 1.570000 -0.573947
vt 1.830000 -0.573947
vt 1.830000 0.001765
vt 1.570000 0.002382
vt 1.570000 0.001766
vt 1.570000 -0.001716
vt 1.830000 -0.001973
vt 1.830000 0.001879
vt 1.570000 -0.694299
vt 1.830000 -0.694773
vt 1.830000 -0.664745
vt 1.570000 -0.664570
vt 1.570000 -0.001741
vt 1.830000 0.000196
vt 1.830000 0.002435
vt 1.570000 0.002357
vt 1.830000 -0.001129
vt 1.570000 -0.001481
vt 1.570000 -0.785081
vt 1.830000 -0.785396
vt 1.830000 -0.755668
vt 1.570000 -0.755192
vt 1.570000 0.001793
vt 1.570000 -0.001739
vt 1.830000 -0.000023
vt -0.052202 -0.001894
vt -0.312202 -0.003827
vt -0.052202 -0.005279
vt 1.830000 -0.001948
vt 1.570000 -0.875707
vt 1.830000 -0.876019
vt 1.830000 -0.846287
vt 1.570000 -0.845815
vt 1.830000 0.000029
vt 1.570000 0.002379
vt 1.570000 -0.001166
vt 1.830000 0.002242
vt 1.570000 0.001977
vt 1.830000 -0.001130
vt 1.570000 -0.001768
vt 1.570000 -0.966330
vt 1.830000 -0.966642
vt 1.830000 -0.936913
vt 1.570000 -0.936438
vt 1.830000 0.001348
vt 1.570000 -0.001738
vt 1.830000 -0.002298
vt 1.570000 0.002010
vt -0.312202 -0.004017
vt -0.052202 -0.002534
vt -0.312202 0.003899
vt -0.052202 0.001920
vt -0.052202 0.005294
vt 1.570000 0.001678
vt 1.570000 -0.001770
vt 1.830000 -0.001865
vt 1.830000 0.001972
vt 1.570000 -1.056788
vt 1.830000 -1.057265
vt 1.830000 -1.027307
vt 1.570000 -1.027061
vt 1.570000 0.001736
vt 1.830000 0.000196
vt -0.052202 -0.001668
vt -0.312202 -0.003941
vt -0.052202 -0.005308
vt 1.570000 0.002360
vt 1.570000 -1.147574
vt 1.830000 -1.147888
vt 1.830000 -1.118004
vt 1.570000 -1.117684
vt 1.570000 0.001795
vt 1.570000 -0.001629
vt 1.830000 -0.000231
vt 1.570000 0.001680
vt 1.570000 -0.001766
vt 1.570000 -1.238197
vt 1.830000 -1.238511
vt 1.830000 -1.208782
vt 1.570000 -1.208307
vt 1.830000 0.000029
vt 1.570000 -0.001165
vt -0.312202 -0.003902
vt -0.052202 -0.005947
vt -0.052202 -0.002540
vt 1.570000 -0.001767
vt 1.830000 -0.001977
vt 1.830000 0.001876
vt 1.570000 -1.328820
vt 1.830000 -1.329133
vt 1.830000 -1.299407
vt 1.570000 -1.298930
vt 1.570000 0.001799
vt 1.570000 -0.001739
vt 1.830000 -0.000023
vt 1.570000 -0.001769
vt 1.830000 -0.001949
vt 1.570000 -1.419443
vt 1.830000 -1.419756
vt 1.830000 -1.390025
vt 1.570000 -1.389552
vt 1.830000 -0.000025
vt 1.570000 0.002009
vt 1.570000 -0.001740
vt 1.570000 0.001046
vt 1.570000 -0.002362
vt 1.830000 0.000146
vt 1.570000 -1.510068
vt 1.830000 -1.509827
vt 1.570000 -1.480175
vt 1.830000 -1.480175
vt 1.570000 0.001796
vt 1.570000 -0.001741
vt 1.830000 0.002012
vt -0.312202 -0.003876
vt -0.052202 0.001929
vt -0.052202 0.005258
vt -0.312202 0.003875
vt 1.570000 0.001763
vt 1.570000 -0.001765
vt 1.830000 -0.001976
vt 1.830000 0.001876
vt 1.570000 -1.600688
vt 1.830000 -1.601002
vt 1.830000 -1.571275
vt 1.570000 -1.570798
vt 1.570000 0.001796
vt 1.570000 -0.001739
vt 1.830000 0.000039
vt 1.830000 0.000007
vt 1.570000 0.001764
vt 1.570000 -0.002027
vt 1.570000 -1.691149
vt 1.830000 -1.691249
vt 1.570000 -1.661421
vt 1.830000 -1.661421
vt 1.830000 0.001799
vt 1.830000 -0.001910
vt 1.570000 0.002334
vt -0.312202 -0.005933
vt -0.052202 -0.003978
vt -0.312202 -0.002602
vt -0.312202 0.003967
vt -0.052202 0.002602
vt 1.830000 -0.000030
vt 1.570000 -1.781935
vt 1.830000 -1.781692
vt 1.570000 -1.752044
vt 1.830000 -1.752044
vt 1.830000 0.001770
vt 1.570000 -0.001738
vt 1.570000 0.002008
vt -0.312202 0.003944
vt -0.052202 0.001930
vt -0.052202 0.005280
vt 1.830000 0.001975
vt 1.570000 0.002300
vt 1.570000 -0.001077
vt 1.830000 -0.002036
vt 1.570000 -1.872559
vt 1.830000 -1.872871
vt 1.830000 -1.842981
vt 1.570000 -1.842667
vt 1.830000 0.001348
vt 1.570000 -0.001740
vt 1.830000 -0.002300
vt 1.570000 0.002010
vt 1.830000 0.001330
vt 1.570000 -0.001488
vt 1.830000 -0.002333
vt 1.570000 0.002357
vt 1.570000 -1.963179
vt 1.830000 -1.963494
vt 1.830000 -1.933766
vt 1.570000 -1.933290
vt 1.830000 -0.001679
vt 1.570000 0.001775
vt 1.570000 -0.001971
vt 1.830000 0.001932
vt -0.312202 -0.003844
vt -0.052202 -0.005279
vt 1.830000 0.002434
vt 1.570000 0.002356
vt 1.830000 -0.001131
vt 1.570000 -0.001481
vt 1.570000 -2.053804
vt 1.830000 -2.054116
vt 1.830000 -2.024385
vt 1.570000 -2.023913
vt 1.830000 -0.000080
vt -0.052202 0.001944
vt -0.052202 0.005247
vt -0.312202 0.003892
vt 1.570000 -0.001189
vt 1.570000 -2.144427
vt 1.830000 -2.144184
vt 1.570000 -2.114535
vt 1.830000 -2.114535
vt 1.830000 -0.001130
vt 1.570000 -0.001484
vt 1.570000 -2.235048
vt 1.830000 -2.235362
vt 1.830000 -2.205633
vt 1.570000 -2.205158
vt 1.570000 0.001795
vt 1.570000 -0.001628
vt 1.830000 -0.000230
vt 1.570000 0.001764
vt 1.570000 -0.001768
vt 1.830000 0.001308
vt 1.570000 -2.325510
vt 1.830000 -2.325985
vt 1.830000 -2.296100
vt 1.570000 -2.295781
vt 1.570000 -0.001739
vt 1.830000 -0.001912
vt 1.830000 0.002006
vt 1.570000 0.001763
vt 1.570000 -0.001766
vt 1.830000 -0.000029
vt 1.570000 2.296095
vt 1.830000 2.296057
vt 1.570000 2.325985
vt 1.830000 2.325985
vt 1.830000 -0.001705
vt 1.570000 0.001796
vt 1.570000 -0.001995
vt 1.570000 -0.001767
vt 1.830000 -0.001861
vt 1.570000 2.205471
vt 1.830000 2.205158
vt 1.830000 2.235115
vt 1.570000 2.235362
vt 1.764820 -0.835879
vt 1.736834 -0.927712
vt 1.780000 -0.990000
vt 1.719865 -0.687680
vt 1.700664 -0.751250
vt 1.710387 -0.783602
vt 1.646861 -0.551100
vt 1.640078 -0.617151
vt 1.665685 -0.666671
vt 1.639151 -0.620341
vt 1.548614 -0.431386
vt 1.569247 -0.514487
vt 1.428900 -0.333139
vt 1.465654 -0.410942
vt 1.292320 -0.260135
vt 1.362962 -0.340003
vt 1.144121 -0.215180
vt 1.196592 -0.269610
vt 1.229499 -0.280069
vt 0.990000 -0.200000
vt 1.052220 -0.243056
vt 1.108249 -0.249962
vt 1.054580 -0.245818
vt 1.105399 -0.251964
vt 1.055652 -0.255794
vt 1.101835 -0.261446
vt 0.835879 -0.215180
vt 0.928259 -0.242851
vt 0.687680 -0.260135
vt 0.750809 -0.279794
vt 0.783653 -0.269602
vt 0.551100 -0.333139
vt 0.617151 -0.339922
vt 0.667361 -0.313303
vt 0.665771 -0.316778
vt 0.620393 -0.340879
vt 0.667569 -0.328684
vt 0.626890 -0.348388
vt 0.431386 -0.431386
vt 0.514487 -0.410753
vt 0.333139 -0.551100
vt 0.410942 -0.514346
vt 0.260135 -0.687680
vt 0.340036 -0.616381
vt 0.215180 -0.835879
vt 0.269610 -0.783408
vt 0.280303 -0.750334
vt 0.200000 -0.990000
vt 0.243570 -0.927140
vt 0.249786 -0.871142
vt 0.251642 -0.874313
vt 0.246368 -0.925208
vt 0.262421 -0.879330
vt 0.256011 -0.924210
vt 0.215180 -1.144121
vt 0.243166 -1.052288
vt 0.260135 -1.292320
vt 0.279336 -1.228750
vt 0.269709 -1.196194
vt 0.333139 -1.428900
vt 0.339922 -1.362849
vt 0.316065 -1.314059
vt 0.340997 -1.359432
vt 0.431386 -1.548614
vt 0.410180 -1.465240
vt 0.551100 -1.646861
vt 0.514379 -1.569086
vt 0.687680 -1.719865
vt 0.617015 -1.640016
vt 0.835879 -1.764820
vt 0.783159 -1.710405
vt 0.750656 -1.700165
vt 0.990000 -1.780000
vt 0.927140 -1.736429
vt 0.871766 -1.730012
vt 0.874601 -1.728036
vt 0.925208 -1.733632
vt 0.924251 -1.724128
vt 0.879904 -1.717356
vt 1.144121 -1.764820
vt 1.051741 -1.737149
vt 1.292320 -1.719865
vt 1.229011 -1.700379
vt 1.196445 -1.710418
vt 1.428900 -1.646861
vt 1.362847 -1.640060
vt 1.313071 -1.666213
vt 1.314281 -1.662945
vt 1.359596 -1.639136
vt 1.548614 -1.548614
vt 1.465210 -1.569818
vt 1.646861 -1.428900
vt 1.568479 -1.465772
vt 1.719865 -1.292320
vt 1.639991 -1.362981
vt 1.764820 -1.144121
vt 1.710390 -1.196592
vt 1.699697 -1.229666
vt 1.736808 -1.052436
vt 1.730038 -1.108249
vt 1.728129 -1.105459
vt 1.734176 -1.054562
vt 1.723860 -0.838161
vt 1.730048 -0.871900
vt 1.728014 -0.874609
vt 1.733971 -0.925332
vt 1.718517 -0.878082
vt 1.723076 -0.923524
vt 1.725775 -0.925444
vt 1.738888 -0.961965
vt 1.736542 -0.964408
vt 1.736557 -1.015613
vt 1.726693 -0.966719
vt 1.726563 -1.013118
vt 1.738868 -1.018173
vt 1.723989 -1.055794
vt 1.718537 -1.101929
vt 1.723624 -1.142179
vt 1.708745 -1.193519
vt 1.720402 -1.143955
vt 1.710927 -1.143717
vt 1.699743 -1.188816
vt 1.678973 -1.278669
vt 1.680210 -1.281918
vt 1.696522 -1.230872
vt 1.670532 -1.272826
vt 1.685387 -1.230328
vt 1.688231 -1.228891
vt 1.665885 -1.313327
vt 1.639012 -1.359431
vt 1.662336 -1.314278
vt 1.631026 -1.351090
vt 1.653156 -1.311717
vt 1.631849 -1.354241
vt 1.621979 -1.392414
vt 1.618345 -1.392954
vt 1.589854 -1.435171
vt 1.582796 -1.426381
vt 1.609704 -1.389328
vt 1.583532 -1.429571
vt 1.590244 -1.438858
vt 1.531764 -1.507935
vt 1.531838 -1.504225
vt 1.565249 -1.465771
vt 1.526016 -1.496113
vt 1.554964 -1.461304
vt 1.558178 -1.460969
vt 1.507590 -1.531960
vt 1.465920 -1.566064
vt 1.504205 -1.531824
vt 1.494695 -1.525880
vt 1.497909 -1.526215
vt 1.461143 -1.556927
vt 1.438744 -1.590355
vt 1.435145 -1.589853
vt 1.393014 -1.618954
vt 1.392225 -1.622342
vt 1.427684 -1.583050
vt 1.389401 -1.609683
vt 1.351123 -1.631016
vt 1.354219 -1.631846
vt 1.312431 -1.651316
vt 1.311339 -1.654369
vt 1.282361 -1.680330
vt 1.279245 -1.679340
vt 1.230802 -1.697127
vt 1.229434 -1.687252
vt 1.273195 -1.670647
vt 1.193508 -1.708724
vt 1.143811 -1.720997
vt 1.141854 -1.723882
vt 1.143593 -1.711078
vt 1.188847 -1.699744
vt 1.108105 -1.730031
vt 1.054292 -1.734694
vt 1.105391 -1.728014
vt 1.056474 -1.723073
vt 1.101851 -1.718532
vt 1.054566 -1.725741
vt 1.018035 -1.738888
vt 1.015630 -1.736616
vt 0.964355 -1.736663
vt 0.966567 -1.726861
vt 1.013458 -1.726875
vt 0.961815 -1.738896
vt 0.877029 -1.719334
vt 0.838003 -1.723838
vt 0.836209 -1.721056
vt 0.786468 -1.708735
vt 0.835225 -1.709271
vt 0.792214 -1.699026
vt 0.837027 -1.711980
vt 0.789470 -1.700829
vt 0.749193 -1.696892
vt 0.700852 -1.679271
vt 0.750397 -1.686931
vt 0.706845 -1.670676
vt 0.697452 -1.680261
vt 0.666674 -1.665885
vt 0.620389 -1.639155
vt 0.665720 -1.662396
vt 0.628910 -1.631026
vt 0.668322 -1.653327
vt 0.625770 -1.631865
vt 0.587562 -1.621985
vt 0.587045 -1.618345
vt 0.544838 -1.589869
vt 0.590627 -1.609594
vt 0.552344 -1.583069
vt 0.541406 -1.590301
vt 0.475499 -1.531888
vt 0.471690 -1.531664
vt 0.514108 -1.565762
vt 0.485368 -1.525875
vt 0.518903 -1.556658
vt 0.482101 -1.526217
vt 0.448185 -1.508099
vt 0.448093 -1.504764
vt 0.413936 -1.465920
vt 0.454004 -1.496179
vt 0.424685 -1.461215
vt 0.421160 -1.461089
vt 0.389609 -1.438211
vt 0.390388 -1.434674
vt 0.360617 -1.393029
vt 0.396903 -1.427727
vt 0.372400 -1.389812
vt 0.369181 -1.389078
vt 0.357130 -1.391857
vt 0.348414 -1.353171
vt 0.328855 -1.312578
vt 0.325631 -1.311339
vt 0.312853 -1.312152
vt 0.299737 -1.281777
vt 0.301047 -1.278656
vt 0.282331 -1.230641
vt 0.309433 -1.273042
vt 0.294121 -1.229993
vt 0.291054 -1.228763
vt 0.271715 -1.193115
vt 0.259006 -1.143794
vt 0.256140 -1.141840
vt 0.268932 -1.143633
vt 0.280260 -1.188903
vt 0.249981 -1.108015
vt 0.251986 -1.105391
vt 0.245920 -1.054633
vt 0.256924 -1.056476
vt 0.261337 -1.102082
vt 0.254225 -1.054556
vt 0.241112 -1.018035
vt 0.243384 -1.015630
vt 0.243435 -0.964403
vt 0.253249 -0.966734
vt 0.253157 -1.013370
vt 0.241133 -0.961827
vt 0.260177 -0.876608
vt 0.256464 -0.837721
vt 0.271254 -0.786481
vt 0.259598 -0.836045
vt 0.270714 -0.835245
vt 0.281186 -0.792807
vt 0.268020 -0.837030
vt 0.279461 -0.789773
vt 0.301027 -0.701331
vt 0.299790 -0.698082
vt 0.283478 -0.749128
vt 0.309309 -0.706784
vt 0.292691 -0.750630
vt 0.314115 -0.666674
vt 0.340646 -0.620004
vt 0.317603 -0.665720
vt 0.348540 -0.627192
vt 0.327076 -0.668188
vt 0.357240 -0.587950
vt 0.360365 -0.586994
vt 0.390110 -0.544764
vt 0.397185 -0.553634
vt 0.370501 -0.590641
vt 0.396454 -0.550409
vt 0.389683 -0.541380
vt 0.448119 -0.472650
vt 0.414238 -0.514108
vt 0.448325 -0.476242
vt 0.453912 -0.484028
vt 0.423337 -0.518900
vt 0.472410 -0.448040
vt 0.475795 -0.448176
vt 0.514097 -0.414217
vt 0.518838 -0.424454
vt 0.485309 -0.454139
vt 0.482091 -0.453785
vt 0.518911 -0.421160
vt 0.541277 -0.389659
vt 0.544855 -0.390147
vt 0.586996 -0.360484
vt 0.552326 -0.396910
vt 0.590474 -0.371756
vt 0.590913 -0.368526
vt 0.588114 -0.357125
vt 0.668681 -0.325635
vt 0.697970 -0.299699
vt 0.701283 -0.301025
vt 0.749198 -0.282873
vt 0.750517 -0.292883
vt 0.706780 -0.309339
vt 0.786492 -0.271276
vt 0.836148 -0.259230
vt 0.838142 -0.256148
vt 0.835196 -0.270744
vt 0.790974 -0.280158
vt 0.836996 -0.268024
vt 0.872147 -0.250087
vt 0.925625 -0.245412
vt 0.874946 -0.252469
vt 0.923021 -0.257328
vt 0.879653 -0.262584
vt 0.877023 -0.260704
vt 0.925149 -0.254866
vt 0.962413 -0.241454
vt 0.964657 -0.243920
vt 1.015844 -0.243081
vt 1.013253 -0.253270
vt 0.968138 -0.254587
vt 0.965780 -0.252410
vt 1.018771 -0.240856
vt 1.142351 -0.256603
vt 1.193532 -0.271266
vt 1.143942 -0.259539
vt 1.144328 -0.270265
vt 1.187566 -0.281065
vt 1.142775 -0.267424
vt 1.190530 -0.279171
vt 1.278562 -0.301113
vt 1.281918 -0.299790
vt 1.230872 -0.283478
vt 1.229563 -0.293121
vt 1.272830 -0.309488
vt 1.313304 -0.314123
vt 1.359611 -0.340845
vt 1.314280 -0.317603
vt 1.311792 -0.327036
vt 1.351053 -0.348971
vt 1.354222 -0.348139
vt 1.392343 -0.357750
vt 1.393006 -0.361007
vt 1.435259 -0.390077
vt 1.389323 -0.370232
vt 1.426381 -0.397204
vt 1.429571 -0.396468
vt 1.438594 -0.389699
vt 1.504501 -0.448112
vt 1.508312 -0.448366
vt 1.465892 -0.414238
vt 1.461108 -0.423135
vt 1.494632 -0.454125
vt 1.497899 -0.453783
vt 1.531984 -0.472498
vt 1.531824 -0.475795
vt 1.565648 -0.514123
vt 1.526008 -0.483803
vt 1.555566 -0.518862
vt 1.558829 -0.518913
vt 1.590366 -0.541787
vt 1.589581 -0.545379
vt 1.618455 -0.587017
vt 1.583059 -0.552542
vt 1.609741 -0.590654
vt 1.621731 -0.587590
vt 1.662448 -0.665707
vt 1.631423 -0.627220
vt 1.653379 -0.668272
vt 1.680120 -0.698765
vt 1.697386 -0.749305
vt 1.678609 -0.701741
vt 1.670665 -0.706779
vt 1.685352 -0.749627
vt 1.688501 -0.751151
vt 1.708724 -0.786492
vt 1.720865 -0.836150
vt 1.710868 -0.836303
vt 1.699720 -0.791055
vt 0.000000 -0.110761
vt -0.093331 -0.115192
vt 0.000000 -0.125664
vt 0.000000 -0.094248
vt -0.093331 -0.094248
vt 0.000000 -0.047929
vt -0.093331 -0.052360
vt 0.000000 -0.062832
vt 0.000000 -0.031416
vt -0.093331 -0.031416
vt 0.000000 0.014903
vt -0.093331 0.010472
vt -0.000000 0.031416
vt -0.093331 0.031416
vt 0.000000 0.077735
vt -0.093331 0.073304
vt 0.000000 0.062832
vt 0.000000 0.094248
vt -0.093331 0.094248
vt 0.000000 0.125664
vt -0.093331 0.125664
vt 0.000000 0.109152
vt 0.000000 0.046320
vt -0.093331 0.041888
vt -0.093331 0.104720
vt -0.093331 0.062832
vt -0.093331 0.000000
vt 0.000000 -0.016512
vt -0.093331 -0.020944
vt -0.093331 -0.062832
vt 0.000000 -0.079344
vt -0.093331 -0.083776
vt 0.000000 0.014903
vt 0.000000 0.046320
vt 0.000000 -0.079344
vt 0.040615 2.682658
vt 0.058906 2.682658
vt 0.053824 2.854461
vt 0.048035 3.713479
vt 0.049613 3.541675
vt 0.068295 3.553217
vt 0.065898 3.713479
vt 0.048999 3.026265
vt 0.067775 3.015782
vt 0.055173 3.198068
vt 0.049437 3.369872
vt 0.067883 3.358783
vt 0.078540 2.682658
vt 0.321895 0.026096
vt 0.175863 0.030156
vt 0.270806 0.010022
vt 0.032623 0.013964
vt 0.015011 0.028849
vt 0.000000 -0.110761
vt 0.000000 0.014903
vt 0.000000 0.109152
vt 0.000000 -0.016512
vt 0.000000 -0.110761
vt 0.040615 -2.682658
vt 0.048004 -2.854461
vt 0.059755 -2.682658
vt 0.067775 -2.864945
vt 0.078540 -2.682658
vt 0.050071 -3.713479
vt 0.065898 -3.713479
vt 0.049630 -3.541675
vt 0.066507 -3.544437
vt 0.055053 -3.369872
vt 0.049212 -3.198068
vt 0.067881 -3.209137
vt 0.054754 -3.026265
vt 0.942478 -2.441282
vt 0.865250 -2.480033
vt 0.942478 -2.604035
vt 0.865250 -2.604035
vt 0.942478 2.604035
vt 0.865250 2.604035
vt 0.865250 2.480033
vt 0.788023 2.604035
vt 0.788023 2.480033
vt 0.710796 2.604035
vt 0.710796 2.480033
vt 0.633568 2.604035
vt 0.633568 2.459403
vt 0.865250 -2.356031
vt 0.942478 -2.278530
vt 0.865250 -2.232030
vt 0.942478 -2.115778
vt 0.865250 -2.108028
vt 0.865250 -1.984026
vt 0.788023 -1.984026
vt 0.788023 -1.860025
vt 0.710796 -1.860025
vt 0.710796 -1.736192
vt 0.633568 -1.736248
vt 0.710796 -1.612021
vt 0.633568 -1.591617
vt 0.710796 -1.488020
vt 0.633568 -1.446986
vt 0.710796 -1.364018
vt 0.650926 -1.302150
vt 0.710796 -1.240016
vt 0.633568 -1.157049
vt 0.710796 -1.116015
vt 0.633568 -1.012418
vt 0.710796 -0.992013
vt 0.710796 -0.867843
vt 0.788023 -0.867899
vt 0.710796 -0.744010
vt 0.788023 -0.744010
vt 0.710796 -0.620008
vt 0.788023 -0.620008
vt 0.710796 -0.496007
vt 0.788023 -0.496007
vt 0.710796 -0.372005
vt 0.788023 -0.372005
vt 0.710796 -0.248003
vt 0.788023 -0.248003
vt 0.710796 -0.124002
vt 0.788023 -0.124002
vt 0.710796 -0.000000
vt 0.788023 -0.000000
vt 0.710796 0.124002
vt 0.788023 0.124002
vt 0.710796 0.248003
vt 0.788023 0.248003
vt 0.710796 0.372005
vt 0.788023 0.372005
vt 0.710796 0.496007
vt 0.788023 0.496007
vt 0.710796 0.620008
vt 0.788023 0.620008
vt 0.710796 0.744010
vt 0.788023 0.744010
vt 0.710796 0.867843
vt 0.788023 0.867899
vt 0.710796 0.992013
vt 0.788023 0.992013
vt 0.710796 1.116015
vt 0.788023 1.116015
vt 0.710796 1.240016
vt 0.788023 1.240016
vt 0.710796 1.364018
vt 0.788023 1.364018
vt 0.710796 1.488020
vt 0.788023 1.488020
vt 0.710796 1.612021
vt 0.788023 1.612021
vt 0.788023 1.736135
vt 0.865250 1.736079
vt 0.788023 1.860025
vt 0.865250 1.860025
vt 0.788023 1.984026
vt 0.865250 1.984026
vt 0.788023 2.108028
vt 0.865250 2.108028
vt 0.788023 2.232030
vt 0.865250 2.232030
vt 0.788023 2.356031
vt 0.865250 2.356031
vt 0.942478 -1.953026
vt 0.865250 -1.860025
vt 0.788023 -1.736135
vt 0.942478 -1.790274
vt 0.865250 -1.736079
vt 0.788023 -1.612021
vt 0.942478 -1.627522
vt 0.865250 -1.612021
vt 0.788023 -1.488020
vt 0.865250 -1.488020
vt 0.942478 -1.464769
vt 0.865250 -1.364018
vt 0.942478 -1.302017
vt 0.865250 -1.240016
vt 0.942478 -1.139265
vt 0.865250 -1.116015
vt 0.942478 -0.976513
vt 0.865250 -0.992013
vt 0.865250 -0.867955
vt 0.788023 -0.992013
vt 0.942478 -0.813761
vt 0.865250 -0.744010
vt 0.942478 -0.651009
vt 0.865250 -0.620008
vt 0.942478 -0.488256
vt 0.865250 -0.496007
vt 0.865250 -0.372005
vt 0.942478 -0.325504
vt 0.865250 -0.248003
vt 0.942478 -0.162752
vt 0.865250 -0.124002
vt 0.942478 0.000000
vt 0.865250 -0.000000
vt 0.865250 0.124002
vt 0.942478 0.162752
vt 0.865250 0.248003
vt 0.942478 0.325504
vt 0.865250 0.372005
vt 0.942478 0.488256
vt 0.865250 0.496007
vt 0.865250 0.620008
vt 0.942478 0.651009
vt 0.865250 0.744010
vt 0.942478 0.813761
vt 0.865250 0.867955
vt 0.942478 0.976513
vt 0.865250 0.992013
vt 0.865250 1.116015
vt 0.942478 1.139265
vt 0.865250 1.240016
vt 0.942478 1.302017
vt 0.865250 1.364018
vt 0.942478 1.464769
vt 0.865250 1.488020
vt 0.942478 1.627522
vt 0.865250 1.612021
vt 0.942478 1.790274
vt 0.942478 1.953026
vt 0.942478 2.115778
vt 0.942478 2.278530
vt 0.942478 2.441282
vt 0.633568 -1.880879
vt 0.710796 -1.984026
vt 0.788023 -2.108028
vt 0.633568 -2.025510
vt 0.710796 -2.108028
vt 0.788023 -2.232030
vt 0.633568 -2.170141
vt 0.710796 -2.232030
vt 0.788023 -2.356031
vt 0.633568 -2.314772
vt 0.710796 -2.356031
vt 0.788023 -2.480033
vt 0.633568 -2.459403
vt 0.710796 -2.480033
vt 0.788023 -2.604035
vt 0.633568 -2.604035
vt 0.710796 -2.604035
vt 0.710796 2.356031
vt 0.633568 2.314772
vt 0.710796 2.232030
vt 0.633568 2.170141
vt 0.710796 2.108028
vt 0.633568 2.025510
vt 0.710796 1.984026
vt 0.633568 1.880879
vt 0.710796 1.860025
vt 0.633568 1.736248
vt 0.710796 1.736192
vt 0.633568 1.591617
vt 0.633568 1.446986
vt 0.650926 1.301884
vt 0.633568 1.157049
vt 0.633568 1.012418
vt 0.633568 0.867787
vt 0.633568 0.723156
vt 0.633568 0.578524
vt 0.633568 0.433893
vt 0.633568 0.289262
vt 0.633568 0.144631
vt 0.633568 -0.000000
vt 0.633568 -0.144631
vt 0.633568 -0.289262
vt 0.633568 -0.433893
vt 0.633568 -0.578524
vt 0.633568 -0.723156
vt 0.633568 -0.867787
vt 0.788023 -1.364018
vt 0.788023 -1.240016
vt 0.788023 -1.116015
vt 0.078540 1.191987
vt 0.059755 1.191987
vt 0.068014 1.008363
vt 0.054754 0.848380
vt 0.068152 0.663996
vt 0.055053 0.504773
vt 0.067546 0.325541
vt 0.065898 0.161166
vt 0.049630 0.332969
vt 0.050071 0.161166
vt 0.048004 1.020183
vt 0.049212 0.676576
vt 0.040615 1.191987
vt 0.068152 -0.345548
vt 0.055292 -0.504773
vt 0.069308 -0.676576
vt 0.068153 -0.860973
vt 0.053824 -1.020183
vt 0.078540 -1.191987
vt 0.065898 -1.191987
vt 0.048738 -1.191987
vt 0.068632 -0.161166
vt 0.048035 -0.161166
vt 0.049613 -0.332969
vt 0.049252 -0.676576
vt 0.048999 -0.848380
vt 0.175863 0.030156
vt 0.268724 0.010033
vt 0.321895 0.026096
vt 0.035690 0.013927
vt 0.015011 0.028849
vt -0.520000 0.218304
vt -0.022500 0.230383
vt -0.520000 0.251327
vt -0.022500 0.251327
vt -0.520000 -0.251327
vt -0.022500 -0.251327
vt -0.520000 -0.221522
vt -0.022500 -0.230383
vt -0.022500 -0.209440
vt -0.520000 -0.188496
vt -0.022500 -0.188496
vt -0.520000 -0.158688
vt -0.022500 -0.167552
vt -0.022500 -0.146608
vt -0.520000 -0.125664
vt -0.022500 -0.125664
vt -0.520000 -0.095859
vt -0.022500 -0.104720
vt -0.022500 -0.083776
vt -0.520000 -0.062832
vt -0.022500 -0.062832
vt -0.520000 -0.033024
vt -0.022500 -0.041888
vt -0.022500 -0.020944
vt -0.520000 0.000000
vt -0.022500 0.000000
vt -0.520000 0.029805
vt -0.022500 0.020944
vt -0.022500 0.041888
vt -0.520000 0.062832
vt -0.022500 0.062832
vt -0.520000 0.092640
vt -0.022500 0.083776
vt -0.022500 0.104720
vt -0.520000 0.125664
vt -0.022500 0.125664
vt -0.520000 0.155469
vt -0.022500 0.146608
vt -0.022500 0.167552
vt -0.520000 0.188496
vt -0.022500 0.188496
vt -0.022500 0.209440
vt -0.520000 -0.158688
vt -0.520000 0.029805
vt -0.520000 0.092640
vt 0.966131 2.663644
vt 0.916479 2.475993
vt 0.977333 2.461837
vt 0.996179 2.259801
vt 0.913849 2.244487
vt 1.022449 2.057363
vt 0.913849 2.034908
vt 1.055834 1.854280
vt 0.913849 1.825329
vt 1.095945 1.650221
vt 0.913849 1.615751
vt 0.897345 1.522268
vt 0.698745 1.605533
vt 0.685387 1.825329
vt 0.507647 1.655333
vt 0.839608 2.322518
vt 0.736502 2.183232
vt 0.685387 2.034908
vt 0.612742 2.069229
vt 0.472956 1.981315
vt 0.321550 1.919233
vt 0.456925 1.825329
vt 0.228462 1.825329
vt 0.162619 1.882352
vt 0.102239 1.707251
vt 0.000000 1.870763
vt -0.102239 1.707251
vt -0.162619 1.882352
vt -0.228462 1.825329
vt -0.321550 1.919233
vt -0.456925 1.825329
vt -0.472956 1.981315
vt -0.685387 1.825329
vt -0.685387 2.034908
vt -0.913849 2.034908
vt -0.736502 2.183232
vt -0.913849 2.244487
vt -0.839608 2.322518
vt -0.916041 2.472342
vt -0.977333 2.461837
vt -0.966131 2.663644
vt -0.612742 2.069229
vt -0.996179 2.259801
vt -1.022449 2.057363
vt -1.055834 1.854280
vt -0.913849 1.825329
vt -0.699600 1.604879
vt -0.507647 1.655333
vt -0.913849 1.615751
vt -0.897345 1.522268
vt -1.095945 1.650221
vt -1.083958 1.414639
vt -1.142054 1.443645
vt -1.121312 1.411518
vt -0.306022 1.690270
vt 0.306022 1.690270
vt 1.096793 1.411730
vt 1.139653 1.437537
vt -0.544416 0.090545
vt -0.052647 0.821370
vt -0.544407 2.089473
vt -0.364449 0.246357
vt -0.166012 0.518144
vt -0.018746 1.090000
vt -0.051863 1.355262
vt -0.152132 1.635126
vt -0.343759 1.911766
vt -0.520000 0.218304
vt -0.520000 -0.033024
vt -0.520000 0.029805
vt -0.520000 -0.221522
vt -0.966131 3.042081
vt -0.916479 3.229732
vt -0.977333 3.243888
vt -0.996179 3.445923
vt -0.913849 3.461238
vt -1.022449 3.648362
vt -0.913849 3.670816
vt -1.055834 3.851444
vt -0.913849 3.880395
vt -1.095945 4.055504
vt -0.913849 4.089973
vt -0.897345 4.183457
vt -0.698745 4.100191
vt -0.685387 3.880395
vt -0.507647 4.050391
vt -0.839608 3.383206
vt -0.736502 3.522493
vt -0.685387 3.670816
vt -0.612742 3.636496
vt -0.472956 3.724410
vt -0.321550 3.786492
vt -0.456925 3.880395
vt -0.228462 3.880395
vt -0.162619 3.823373
vt -0.102239 3.998473
vt 0.000000 3.834961
vt 0.102239 3.998473
vt 0.162619 3.823373
vt 0.228462 3.880395
vt 0.321550 3.786492
vt 0.456925 3.880395
vt 0.472956 3.724410
vt 0.685387 3.880395
vt 0.685387 3.670816
vt 0.913849 3.670816
vt 0.736502 3.522493
vt 0.913849 3.461238
vt 0.839608 3.383206
vt 0.916041 3.233382
vt 0.977333 3.243888
vt 0.966131 3.042081
vt 0.612742 3.636496
vt 0.996179 3.445923
vt 1.022449 3.648362
vt 1.055834 3.851444
vt 0.913849 3.880395
vt 0.699600 4.100845
vt 0.507647 4.050391
vt 0.913849 4.089973
vt 0.897345 4.183457
vt 1.095945 4.055504
vt 1.083958 4.291085
vt 1.142054 4.262079
vt 1.121312 4.294207
vt 0.306022 4.015454
vt -0.306022 4.015454
vt -1.096793 4.293994
vt -1.139653 4.268188
vt 0.018746 1.090000
vt 0.030123 0.931704
vt 0.052608 1.359030
vt 0.086905 0.700517
vt 0.166012 1.661857
vt 0.198018 0.456504
vt 0.364446 1.933640
vt 0.343761 0.268232
vt 0.544417 0.090549
vt 0.544428 2.089429
vt 0.105539 0.004176
vt 0.118904 0.011849
vt 0.097134 0.022179
vt 0.118904 0.026660
vt 0.067311 0.022670
vt 0.064895 0.003809
vt 0.037095 0.022258
vt 0.016983 0.006206
vt 0.011316 0.025565
vt 0.009457 0.015600
vt 0.000000 -0.248658
vt -0.031820 -0.262781
vt -0.000000 -0.286670
vt -0.031820 -0.286670
vt 0.000000 0.276904
vt -0.031820 0.286670
vt -0.031820 0.262781
vt 0.000000 0.238892
vt -0.031820 0.238892
vt 0.000000 0.205232
vt -0.031820 0.215003
vt -0.031820 0.191114
vt 0.000000 0.167224
vt -0.031820 0.167224
vt 0.000000 0.133569
vt -0.031820 0.143335
vt -0.031820 0.119446
vt 0.000000 0.085792
vt -0.031820 0.095557
vt -0.031820 0.071668
vt 0.000000 0.038012
vt -0.031820 0.047778
vt -0.031820 0.023889
vt 0.000000 -0.009766
vt -0.031820 0.000000
vt -0.031820 -0.023889
vt 0.000000 -0.057543
vt -0.031820 -0.047778
vt -0.031820 -0.071668
vt 0.000000 -0.105323
vt -0.031820 -0.095557
vt -0.031820 -0.119446
vt 0.000000 -0.153101
vt -0.031820 -0.143335
vt -0.031820 -0.167224
vt 0.000000 -0.200879
vt -0.031820 -0.191114
vt -0.031820 -0.215003
vt -0.031820 -0.238892
vt -0.000000 0.286670
vt 0.000000 0.253009
vt 0.000000 0.215003
vt 0.000000 0.181347
vt 0.000000 0.133569
vt 0.000000 0.095557
vt 0.000000 0.061896
vt -0.000000 0.023889
vt 0.000000 -0.009766
vt 0.000000 -0.057544
vt 0.000000 -0.105323
vt 0.000000 -0.153101
vt 0.000000 -0.200879
vt 0.031481 1.570734
vt 0.039446 1.368670
vt 0.049190 1.570734
vt 0.038938 1.772798
vt 0.031481 2.985183
vt 0.038893 2.783119
vt 0.049190 2.985183
vt 0.039524 3.187248
vt 0.037932 3.389312
vt 0.066285 3.187248
vt 0.055010 3.389312
vt 0.069805 3.389312
vt 0.040779 1.166605
vt 0.055010 1.166605
vt 0.066284 1.368670
vt 0.065892 1.772798
vt 0.039215 1.974862
vt 0.065381 1.974862
vt 0.038875 2.176926
vt 0.066285 2.176926
vt 0.038890 2.378991
vt 0.065893 2.378991
vt 0.039244 2.581055
vt 0.065381 2.581055
vt 0.065892 2.783119
vt 0.070059 1.166605
vt 0.070797 1.570734
vt 0.070797 2.985183
vt 0.114251 0.021711
vt 0.094883 0.020412
vt 0.117937 0.004310
vt 0.065716 0.010758
vt 0.028901 0.000000
vt 0.019397 0.011327
vt 0.040475 0.022239
vt 0.019397 0.025565
vt 0.070074 0.025598
vt -0.000000 0.092652
vt -1.980000 0.092652
vt 0.000000 0.082144
vt -1.980000 0.084239
vt 0.118904 0.011849
vt 0.118904 0.025574
vt 0.066284 1.368670
vt 0.039446 1.368670
vt 0.066285 3.187248
vt 0.070797 2.985183
vt 0.065892 2.783119
vt 0.070797 1.570734
vt 0.065892 1.772798
vt 0.049190 1.570734
vt 0.037932 3.389312
vt 0.039524 3.187248
vt 0.038893 2.783119
vt 0.065381 2.581055
vt 0.039244 2.581055
vt 0.065893 2.378991
vt 0.066285 2.176926
vt 0.065381 1.974862
vt 0.039215 1.974862
vt 0.038938 1.772798
vt -0.000000 -0.262781
vt 0.000000 0.229127
vt 0.000000 0.181347
vt 0.000000 0.133569
vt 0.000000 0.085792
vt 0.000000 0.038012
vt 0.000000 -0.033661
vt 0.000000 -0.071668
vt 0.000000 -0.105323
vt 0.000000 -0.153101
vt -0.000000 -0.191114
vt 0.000000 -0.224774
vt 0.000000 -0.248658
vt 0.000000 0.276904
vt 0.000000 0.229127
vt 0.000000 0.181347
vt 0.000000 0.133569
vt 0.000000 0.085792
vt 0.000000 0.038012
vt 0.000000 -0.047778
vt 0.000000 -0.081439
vt 0.000000 -0.119446
vt 0.000000 -0.153101
vt 0.000000 -0.200879
vt 0.117937 0.004310
vt 0.022795 0.005062
vt 0.019397 0.018982
vt 0.019397 0.031190
vt 0.526795 -0.050000
vt 0.675000 -0.050000
vt 0.526795 0.000000
vt 0.675000 0.000000
vt 0.025000 0.173205
vt 0.025000 0.025000
vt 0.068175 0.161174
vt 0.122725 0.122725
vt 0.161174 0.068175
vt 0.173205 0.025000
vt -0.675000 -0.050000
vt -0.526795 -0.050000
vt -0.675000 0.000000
vt -0.526795 0.000000
vt -0.173205 0.025000
vt -0.025000 0.025000
vt -0.161174 0.068175
vt -0.122725 0.122725
vt -0.068175 0.161174
vt -0.025000 0.173205
vt 0.050000 0.873205
vt 0.000000 0.873205
vt 0.050000 0.725000
vt 0.000000 0.725000
vt -0.050000 0.725000
vt -0.050000 0.873205
vt -0.173205 -0.025000
vt -0.161174 -0.068175
vt -0.025000 -0.025000
vt -0.122725 -0.122725
vt -0.068175 -0.161174
vt -0.025000 -0.173205
vt 0.873205 0.000000
vt 0.725000 0.000000
vt 0.873205 -0.050000
vt 0.725000 -0.050000
vt -0.873205 -0.050000
vt -0.725000 -0.050000
vt -0.873205 0.000000
vt -0.725000 0.000000
vt 0.025000 -0.173205
vt 0.068175 -0.161174
vt 0.025000 -0.025000
vt 0.122725 -0.122725
vt 0.161174 -0.068175
vt 0.173205 -0.025000
vt -0.725000 -0.526795
vt -0.725000 -0.675000
vt -0.676062 -0.526727
vt -0.675000 -0.675000
vt -0.873205 -0.675000
vt -0.873273 -0.723939
vt -0.725000 -0.725000
vt -0.723939 -0.873273
vt -0.675000 -0.725000
vt -0.675000 -0.873205
vt -0.526727 -0.723939
vt -0.526795 -0.675000
vt -0.122725 0.122725
vt 0.122725 -0.122725
vt 0.675000 0.873205
vt 0.675000 0.725000
vt 0.723939 0.873273
vt 0.725000 0.725000
vt 0.526727 0.723939
vt 0.675000 0.675000
vt 0.526795 0.675000
vt 0.676062 0.526727
vt 0.725000 0.675000
vt 0.725000 0.526795
vt 0.873273 0.676062
vt 0.873205 0.725000
vt 1.980000 -0.797103
vt -0.000000 -0.797103
vt 1.980000 -1.340000
vt -0.000000 -1.340000
vt -1.340000 -0.314159
vt -0.790779 -0.302037
vt -1.340000 -0.287979
vt -0.801194 -0.270340
vt -1.340000 -0.261799
vt -0.805241 -0.239426
vt -1.340000 -0.235619
vt -1.340000 -0.209440
vt -0.801946 -0.204258
vt -1.340000 -0.183260
vt -0.795053 -0.169886
vt -1.340000 -0.157080
vt -0.000000 -0.785422
vt -0.633856 -0.762954
vt -0.685846 -0.771072
vt -0.152432 -0.657893
vt -0.592891 -0.729927
vt -0.321100 -0.552770
vt -0.573928 -0.680846
vt -0.502732 -0.472091
vt -0.623750 -0.581232
vt -0.595859 -0.606205
vt -0.693809 -0.417421
vt -0.664154 -0.568928
vt -0.716144 -0.577046
vt -0.890628 -0.389818
vt -0.757109 -0.610073
vt -1.089372 -0.389818
vt -1.232522 -0.597522
vt -1.268359 -0.575181
vt -1.286191 -0.417421
vt -1.305000 -0.567500
vt -1.477268 -0.472091
vt -1.346143 -0.577046
vt -1.658900 -0.552770
vt -1.387109 -0.610072
vt -1.406072 -0.659154
vt -1.827568 -0.657893
vt -1.397954 -0.711143
vt -1.364927 -0.752109
vt -1.980000 -0.785422
vt -1.315846 -0.771072
vt -1.980000 -1.340000
vt -1.278471 -0.769007
vt -1.212046 -0.628856
vt -0.776072 -0.659154
vt -1.203928 -0.680846
vt -0.767954 -0.711144
vt -1.216232 -0.721250
vt -0.734927 -0.752109
vt -1.241205 -0.749141
vt -0.575993 -0.643471
vt -1.340000 0.157080
vt -0.796735 0.161470
vt -1.340000 0.183260
vt -0.793852 0.176531
vt -0.801879 0.203971
vt -1.340000 0.209440
vt -0.805268 0.237418
vt -1.340000 0.235619
vt -1.340000 0.261799
vt -0.802801 0.263852
vt -0.798518 0.281114
vt -1.340000 0.287979
vt -0.790854 0.301855
vt -1.340000 0.314159
vt -1.340000 0.000000
vt -0.797103 1.980000
vt -1.340000 1.980000
vt -0.797103 -0.000000
vt -0.790779 0.012122
vt -1.340000 0.026180
vt -0.801194 0.043820
vt -1.340000 0.052360
vt -0.805241 0.074733
vt -1.340000 0.078540
vt -1.340000 0.104720
vt -0.801946 0.109901
vt -1.340000 0.130900
vt -0.793852 0.137629
vt -0.796632 0.151457
vt 1.980000 -0.785422
vt 1.346144 -0.762954
vt 1.294154 -0.771072
vt 1.827568 -0.657893
vt 1.387109 -0.729927
vt 1.658900 -0.552770
vt 1.406072 -0.680846
vt 1.477268 -0.472091
vt 1.356250 -0.581232
vt 1.384141 -0.606205
vt 1.286191 -0.417421
vt 1.315846 -0.568928
vt 1.263856 -0.577046
vt 1.089372 -0.389818
vt 1.222891 -0.610073
vt 0.890628 -0.389818
vt 0.747478 -0.597522
vt 0.711641 -0.575181
vt 0.693809 -0.417421
vt 0.675000 -0.567500
vt 0.502732 -0.472091
vt 0.633856 -0.577046
vt 0.321100 -0.552770
vt 0.592891 -0.610072
vt 0.573928 -0.659154
vt 0.152432 -0.657893
vt 0.582046 -0.711143
vt 0.615073 -0.752109
vt 0.664154 -0.771072
vt 0.701529 -0.769007
vt 0.738795 -0.749141
vt 1.245073 -0.752109
vt 0.763768 -0.721250
vt 1.212046 -0.711144
vt 0.776072 -0.680846
vt 1.203928 -0.659154
vt 0.767954 -0.628856
vt 1.404007 -0.643471
vt -0.794665 -0.141844
vt -1.340000 -0.130900
vt -0.801879 -0.110188
vt -1.340000 -0.104720
vt -0.805268 -0.076742
vt -1.340000 -0.078540
vt -1.340000 -0.052360
vt -0.802801 -0.050307
vt -0.798518 -0.033045
vt -1.340000 -0.026180
vt -0.790854 -0.012304
vt 0.020000 0.775000
vt -0.050000 0.775000
vt 0.020000 0.605000
vt -0.050000 0.605000
vt -0.499000 0.605000
vt -0.429000 0.605000
vt -0.499000 0.775000
vt -0.429000 0.775000
vt -0.581000 0.775000
vt -0.651000 0.775000
vt -0.581000 0.605000
vt -0.651000 0.605000
vt -0.347000 0.605000
vt -0.277000 0.605000
vt -0.347000 0.775000
vt -0.277000 0.775000
vt -0.733000 0.775000
vt -0.803000 0.775000
vt -0.733000 0.605000
vt -0.803000 0.605000
vt 0.050000 -0.503964
vt 0.000000 -0.524693
vt 0.050000 -0.549779
vt -0.050000 -0.525403
vt 0.000000 -0.479749
vt 0.050000 -0.458149
vt 0.000000 -0.412334
vt 0.050000 -0.412334
vt 0.050000 -0.366519
vt 0.000000 -0.344919
vt 0.050000 -0.320704
vt 0.000000 -0.299975
vt 0.050000 -0.274889
vt -0.050000 -0.298910
vt 0.000000 -0.249804
vt -0.050000 -0.249804
vt 0.050000 -0.229074
vt 0.000000 -0.204860
vt 0.050000 -0.183260
vt 0.000000 -0.137445
vt 0.050000 -0.137445
vt 0.050000 -0.091630
vt 0.000000 -0.070029
vt 0.050000 -0.045815
vt 0.000000 -0.025086
vt 0.050000 0.000000
vt -0.050000 -0.024021
vt 0.000000 0.025086
vt -0.050000 0.025086
vt 0.050000 0.045815
vt 0.000000 0.070029
vt 0.050000 0.091630
vt 0.000000 0.137444
vt 0.050000 0.137445
vt 0.050000 0.183260
vt 0.000000 0.204860
vt 0.050000 0.229074
vt 0.000000 0.249804
vt 0.050000 0.274889
vt -0.050000 0.250869
vt 0.000000 0.299975
vt -0.050000 0.299975
vt 0.050000 0.320704
vt 0.000000 0.344919
vt 0.050000 0.366519
vt 0.000000 0.412334
vt 0.050000 0.412334
vt 0.050000 0.458149
vt 0.000000 0.479749
vt 0.050000 0.503964
vt 0.000000 0.524693
vt 0.050000 0.549779
vt -0.050000 0.549779
vt -0.050000 0.524693
vt -0.050000 -0.541417
vt -0.050000 -0.298910
vt 0.000000 -0.137444
vt -0.050000 -0.024021
vt -0.050000 0.250869
vt 0.000000 0.412334
vt -0.050000 0.525758
vt -0.050000 -0.524693
vt -1.980000 -0.117810
vt -1.980000 -0.130900
vt -0.000000 -0.130900
vt -1.980000 -0.146552
vt 0.000000 -0.145446
vt -0.000000 -0.117810
vt 0.000000 -0.104720
vt -1.980000 -0.104720
vt 0.000000 -0.088791
vt -1.980001 -0.087784
vt 0.069296 -0.113590
vt 0.068696 -0.021608
vt 0.059522 -0.082368
vt 0.026180 -0.119833
vt 0.009243 -0.111730
vt 0.010528 -0.134076
vt 0.052360 -0.013856
vt 0.052360 -0.054888
vt 0.052360 -0.120991
vt 0.039270 -0.012897
vt 0.032778 -0.044692
vt 0.032776 -0.067038
vt 0.032778 -0.089384
vt 0.039270 -0.120773
vt 0.026180 -0.012656
vt 0.010897 0.000000
vt 0.009653 -0.022346
vt 0.009253 -0.044692
vt 0.009653 -0.067038
vt 0.009249 -0.089384
vt 0.000000 -0.104720
vt 1.980000 -0.088384
vt -0.000000 -0.088416
vt 1.980000 -0.117810
vt 1.980000 -0.104720
vt 0.000000 -0.117810
vt 0.000000 -0.130900
vt 1.980000 -0.130900
vt 1.980000 -0.146183
vt -0.000000 -0.147902
vt 0.009599 0.134076
vt 0.009284 0.111730
vt 0.026180 0.121420
vt 0.009178 0.000000
vt 0.026180 0.014243
vt 0.009643 0.022346
vt 0.009237 0.044692
vt 0.032778 0.044692
vt 0.009643 0.067038
vt 0.032776 0.067038
vt 0.009238 0.089384
vt 0.032778 0.089384
vt 0.039270 0.013303
vt 0.039270 0.121179
vt 0.052360 0.013084
vt 0.059522 0.051708
vt 0.052360 0.079188
vt 0.052360 0.120220
vt 0.068664 0.018803
vt 0.068262 0.112517
vt 0.000000 0.130900
vt 1.980000 0.146802
vt -0.000000 0.147188
vt 1.980000 0.117810
vt 1.980000 0.130900
vt 0.000000 0.117810
vt 0.000000 0.104720
vt 1.980000 0.104720
vt 1.980000 0.088139
vt -0.000000 0.086951
vt 0.010897 0.268152
vt 0.009653 0.245806
vt 0.026180 0.255496
vt 0.008411 0.114224
vt 0.026180 0.148319
vt 0.009243 0.156422
vt 0.009249 0.178768
vt 0.032778 0.178768
vt 0.009653 0.201114
vt 0.032776 0.201114
vt 0.009253 0.223460
vt 0.032778 0.223460
vt 0.039270 0.147379
vt 0.039270 0.254912
vt 0.052360 0.147160
vt 0.059522 0.185784
vt 0.052360 0.213264
vt 0.052360 0.255402
vt 0.068648 0.152853
vt 0.067959 0.247119
vt 0.000000 -0.089121
vt -1.980000 -0.104720
vt -1.980000 -0.117810
vt -0.000000 -0.117810
vt -0.000000 -0.130900
vt 0.000000 -0.146183
vt -1.980000 -0.147902
vt -1.980001 -0.087769
vt 0.069311 -0.247644
vt 0.068289 -0.155161
vt 0.059522 -0.216444
vt 0.052360 -0.254747
vt 0.030641 -0.253043
vt 0.039270 -0.268152
vt 0.009643 -0.245806
vt 0.009178 -0.268152
vt 0.052360 -0.147932
vt 0.052360 -0.188964
vt 0.039270 -0.146973
vt 0.032778 -0.178768
vt 0.032776 -0.201114
vt 0.032778 -0.223460
vt 0.026180 -0.146732
vt 0.011634 -0.134076
vt 0.009284 -0.156422
vt 0.009238 -0.178768
vt 0.009643 -0.201114
vt 0.009237 -0.223460
vt -2.770200 0.050000
vt -2.920200 0.050000
vt -2.770200 -0.020000
vt -2.920200 -0.020000
vt 2.920200 0.775000
vt 2.770200 0.775000
vt 2.920200 0.605000
vt 2.770200 0.605000
vt 2.920200 0.050000
vt 2.770200 0.050000
vt 2.920200 -0.020000
vt 2.770200 -0.020000
vt -2.770200 0.775000
vt -2.920200 0.775000
vt -2.770200 0.605000
vt -2.920200 0.605000
vt 2.920200 0.499000
vt 2.770200 0.499000
vt 2.920200 0.429000
vt 2.770200 0.429000
vt -2.770200 0.499000
vt -2.920200 0.499000
vt -2.770200 0.429000
vt -2.920200 0.429000
vt 0.070000 -2.770200
vt -0.000000 -2.770200
vt 0.070000 -2.920200
vt -0.000000 -2.920200
vt 2.920200 0.000000
vt 2.770200 0.000000
vt 2.920200 -0.170000
vt 2.770200 -0.170000
vt -0.070000 -2.770200
vt -0.070000 -2.920200
vt -2.770200 0.000000
vt -2.920200 0.000000
vt -2.770200 -0.170000
vt -2.920200 -0.170000
vt 0.347000 -2.770200
vt 0.277000 -2.770200
vt 0.347000 -2.920200
vt 0.277000 -2.920200
vt -0.277000 -2.770200
vt -0.347000 -2.770200
vt -0.277000 -2.920200
vt -0.347000 -2.920200
vt -2.770200 0.803000
vt -2.920200 0.803000
vt -2.770200 0.733000
vt -2.920200 0.733000
vt 2.920200 0.803000
vt 2.770200 0.803000
vt 2.920200 0.733000
vt 2.770200 0.733000
vt 0.012898 -2.027287
vt 0.044109 -1.998986
vt -1.003000 -0.525000
vt -1.520963 -1.644707
vt -1.538446 -1.602500
vt -1.566256 -1.566256
vt -1.063000 -0.525000
vt -1.602500 -1.538446
vt -1.644707 -1.520963
vt -1.845000 -0.525000
vt -1.690000 -1.515000
vt -1.735293 -1.520963
vt -1.905000 -0.525000
vt -1.777500 -1.538446
vt -1.813744 -1.566256
vt -1.841554 -1.602500
vt -1.859037 -1.644707
vt -2.027287 -1.992898
vt -1.865000 -1.690000
vt -1.859037 -1.735293
vt -1.841554 -1.777500
vt -1.813744 -1.813744
vt -1.998987 -2.024109
vt -1.777500 -1.841554
vt -1.735293 -1.859037
vt -1.690000 -1.865000
vt -1.644707 -1.859037
vt -1.602500 -1.841554
vt -1.566256 -1.813744
vt -1.538446 -1.777500
vt -1.520963 -1.735293
vt -1.515000 -1.690000
vt 0.047287 0.012899
vt -0.120963 -0.335293
vt -0.138446 -0.377500
vt -0.166256 -0.413744
vt 0.018986 0.044109
vt -0.166256 -0.166256
vt -0.138446 -0.202500
vt -1.992899 0.047287
vt -1.003000 -0.075000
vt -0.335293 -0.120963
vt -0.290000 -0.115000
vt -2.024108 0.018987
vt -1.905000 -0.075000
vt -0.465000 -0.290000
vt -0.459037 -0.244707
vt -0.441554 -0.202500
vt -0.413744 -0.166256
vt -0.377500 -0.138446
vt -0.244707 -0.120963
vt -0.202500 -0.138446
vt -0.120963 -0.244707
vt -0.115000 -0.290000
vt -0.202500 -0.441554
vt -0.244707 -0.459037
vt -0.290000 -0.465000
vt -0.335293 -0.459037
vt -0.377500 -0.441554
vt -0.413744 -0.413744
vt -0.441554 -0.377500
vt -0.459037 -0.335293
vt 0.060000 -0.050000
vt 0.842000 -0.050000
vt 0.060000 0.000000
vt 0.842000 0.000000
vt -0.125000 0.605000
vt -0.195000 0.605000
vt -0.195000 0.775000
vt -0.125000 0.775000
vt -2.770200 0.885000
vt -2.920200 0.885000
vt -2.770200 0.495000
vt -2.920200 0.495000
vt -2.770200 0.855000
vt -2.920200 0.855000
vt -2.770200 0.465000
vt -2.820200 0.465000
vt -2.920200 0.465000
vt 0.915000 -2.820200
vt 0.855000 -2.820200
vt 0.915000 -2.920200
vt 0.855000 -2.920200
vt 2.820200 0.465000
vt 2.920200 0.465000
vt 2.820200 0.915000
vt 2.920200 0.915000
vt -2.920200 0.013000
vt -2.820200 0.013000
vt -2.920200 0.915000
vt -2.820200 0.915000
vt -0.465000 -2.820200
vt -0.915000 -2.820200
vt -0.465000 -2.920200
vt -0.915000 -2.920200
vt -0.225000 -2.820200
vt -0.285000 -2.820200
vt -0.225000 -2.920200
vt -0.285000 -2.920200
vt 2.920200 0.495000
vt 2.770200 0.495000
vt 2.770200 0.465000
vt -2.770200 0.073000
vt -2.920200 0.073000
vt -2.770200 0.043000
vt -2.920200 0.043000
vt 0.885000 -2.770200
vt 0.495000 -2.770200
vt 0.885000 -2.920200
vt 0.495000 -2.920200
vt 0.043000 -2.770200
vt 0.043000 -2.920200
s 1
usemtl Opaque(215,208,192)
f 2/1/1 8/2/1 1/3/1
f 1/3/1 8/2/1 9/4/1
f 1/3/1 9/4/1 12/5/1
f 12/5/1 9/4/1 10/6/1
f 12/5/1 10/6/1 11/7/1
f 3/8/1 6/9/1 2/1/1
f 2/1/1 6/9/1 7/10/1
f 2/1/1 7/10/1 8/2/1
f 4/11/1 5/12/1 3/8/1
f 3/8/1 5/12/1 6/9/1
f 1653/12/1 1632/2542/1 1654/6/1
f 1654/6/1 1632/2542/1 1638/2548/1
f 1654/6/1 1638/2548/1 1660/7/1
f 1660/7/1 1638/2548/1 1637/2549/1
f 1660/7/1 1637/2549/1 1646/2556/1
f 1646/2556/1 1637/2549/1 1643/2554/1
f 1643/2554/1 1637/2549/1 1636/2547/1
f 1643/2554/1 1636/2547/1 1658/3/1
f 1658/3/1 1636/2547/1 1635/2546/1
f 1658/3/1 1635/2546/1 1631/2544/1
f 1631/2544/1 1635/2546/1 1632/2542/1
f 1632/2542/1 1635/2546/1 1638/2548/1
f 1655/11/1 1640/2550/1 1653/12/1
f 1653/12/1 1640/2550/1 1633/2543/1
f 1653/12/1 1633/2543/1 1632/2542/1
f 1656/8/1 1630/2858/1 1655/11/1
f 1655/11/1 1630/2858/1 1629/2859/1
f 1655/11/1 1629/2859/1 1641/2551/1
f 1641/2551/1 1629/2859/1 1642/2553/1
f 1642/2553/1 1629/2859/1 1628/2860/1
f 1642/2553/1 1628/2860/1 1657/1/1
f 1657/1/1 1628/2860/1 1627/2861/1
f 1657/1/1 1627/2861/1 1656/8/1
f 1656/8/1 1627/2861/1 1630/2858/1
f 1658/3/1 1634/2545/1 1657/1/1
f 1657/1/1 1634/2545/1 1639/2552/1
f 1657/1/1 1639/2552/1 1642/2553/1
f 1643/2554/1 1658/3/1 1644/2555/1
f 1644/2555/1 1658/3/1 1659/5/1
f 1644/2555/1 1659/5/1 1645/2557/1
f 1645/2557/1 1659/5/1 1660/7/1
f 1645/2557/1 1660/7/1 1646/2556/1
f 1641/2551/1 1640/2550/1 1655/11/1
f 1633/2543/1 1640/2550/1 1634/2545/1
f 1634/2545/1 1640/2550/1 1639/2552/1
f 1631/2544/1 1634/2545/1 1658/3/1
f 1658/2862/125 1/2863/125 1659/2864/125
f 1659/2864/125 1/2863/125 12/2865/125
f 1659/2862/118 12/2863/118 1660/2866/118
f 1660/2866/118 12/2863/118 11/2867/118
f 1654/2868/125 1660/2864/125 1651/2869/125
f 1651/2869/125 1660/2864/125 11/2865/125
f 1651/2869/125 11/2865/125 10/2870/125
f 1652/2871/80 1651/2872/80 9/2873/80
f 9/2873/80 1651/2872/80 10/2874/80
f 1652/2875/111 9/2876/111 1647/2877/111
f 1647/2877/111 9/2876/111 8/2878/111
f 7/2879/118 1648/2880/118 8/2881/118
f 8/2881/118 1648/2880/118 1647/2882/118
f 1649/2883/125 1648/2884/125 6/2885/125
f 6/2885/125 1648/2884/125 7/2886/125
f 1650/2887/80 1649/2888/80 5/2889/80
f 5/2889/80 1649/2888/80 6/2890/80
f 5/2876/111 4/2891/111 1650/2875/111
f 1650/2875/111 4/2891/111 1655/2892/111
f 1650/2875/111 1655/2892/111 1653/2893/111
f 1655/2894/118 4/2895/118 1656/2896/118
f 1656/2896/118 4/2895/118 3/2897/118
f 1657/2898/111 1656/2899/111 2/2900/111
f 2/2900/111 1656/2899/111 3/2901/111
f 1658/2898/80 1657/2902/80 1/2900/80
f 1/2900/80 1657/2902/80 2/2903/80
usemtl Opaque(100,100,100)
f 14/13/2 43/14/3 13/15/4
f 13/16/4 43/17/3 88/18/5
f 88/18/5 43/17/3 44/19/6
f 88/18/5 44/19/6 89/20/7
f 89/20/7 44/19/6 45/21/8
f 89/20/7 45/21/8 87/22/9
f 87/22/9 45/21/8 42/23/10
f 43/14/3 14/13/2 54/24/11
f 54/24/11 14/13/2 15/25/12
f 54/24/11 15/25/12 16/26/13
f 54/24/11 16/26/13 46/27/14
f 56/28/15 58/29/16 61/30/17
f 56/28/15 61/30/17 42/31/10
f 16/26/13 17/32/18 46/27/14
f 46/27/14 17/32/18 57/33/19
f 46/27/14 57/33/19 58/29/16
f 58/29/16 57/33/19 60/34/20
f 58/29/16 60/34/20 61/30/17
f 17/32/18 18/35/21 57/33/19
f 57/33/19 18/35/21 59/36/22
f 57/33/19 59/36/22 60/34/20
f 18/35/21 19/37/23 59/36/22
f 59/36/22 19/37/23 47/38/24
f 47/38/24 19/37/23 20/39/25
f 47/38/24 20/39/25 62/40/26
f 62/40/26 20/39/25 21/41/27
f 62/40/26 21/41/27 22/42/28
f 62/40/26 22/42/28 48/43/29
f 48/43/29 22/42/28 23/44/30
f 48/43/29 23/44/30 65/45/31
f 67/46/32 66/47/33 68/48/34
f 67/46/32 68/48/34 42/49/10
f 23/44/30 24/50/35 65/45/31
f 65/45/31 24/50/35 49/51/36
f 65/45/31 49/51/36 66/47/33
f 24/50/35 25/52/37 49/51/36
f 66/47/33 49/51/36 70/53/38
f 66/47/33 70/53/38 68/48/34
f 25/52/37 26/54/39 49/51/36
f 49/51/36 26/54/39 69/55/40
f 49/51/36 69/55/40 70/53/38
f 68/48/34 70/53/38 72/56/41
f 68/48/34 72/56/41 42/57/10
f 69/55/40 26/54/39 27/58/42
f 69/55/40 27/58/42 71/59/43
f 71/59/43 27/58/42 28/60/44
f 71/59/43 28/60/44 29/61/45
f 71/59/43 29/61/45 50/62/46
f 29/61/45 30/63/47 50/62/46
f 50/62/46 30/63/47 74/64/48
f 50/62/46 74/64/48 75/65/49
f 75/65/49 74/64/48 77/66/50
f 75/65/49 77/66/50 76/67/51
f 30/63/47 31/68/52 74/64/48
f 31/68/52 32/69/53 74/64/48
f 74/64/48 32/69/53 51/70/54
f 74/64/48 51/70/54 77/66/50
f 77/66/50 51/70/54 79/71/55
f 77/66/50 79/71/55 76/67/51
f 76/67/51 79/71/55 80/72/56
f 76/67/51 80/72/56 42/73/10
f 51/70/54 32/69/53 33/74/57
f 51/70/54 33/74/57 78/75/58
f 78/75/58 33/74/57 34/76/59
f 78/75/58 34/76/59 35/77/60
f 78/75/58 35/77/60 52/78/61
f 52/78/61 35/77/60 36/79/62
f 52/78/61 36/79/62 82/80/63
f 36/79/62 37/81/64 82/80/63
f 82/80/63 37/81/64 53/82/65
f 82/80/63 53/82/65 83/83/66
f 83/83/66 53/82/65 85/84/67
f 83/83/66 85/84/67 84/85/68
f 37/81/64 38/86/69 53/82/65
f 84/85/68 85/84/67 87/22/9
f 84/85/68 87/22/9 42/87/10
f 38/86/69 39/88/70 53/82/65
f 53/82/65 39/88/70 86/89/71
f 53/82/65 86/89/71 85/84/67
f 86/89/71 39/88/70 40/90/72
f 86/89/71 40/90/72 88/18/5
f 88/18/5 40/90/72 41/91/73
f 88/18/5 41/91/73 13/16/4
f 84/85/68 42/92/10 80/72/56
f 76/67/51 42/93/10 72/56/41
f 56/28/15 42/94/10 45/95/8
f 44/96/6 43/14/3 55/97/74
f 55/97/74 43/14/3 54/24/11
f 55/97/74 54/24/11 46/27/14
f 55/97/74 46/27/14 58/29/16
f 45/95/8 44/96/6 55/97/74
f 56/28/15 45/95/8 55/97/74
f 56/28/15 55/97/74 58/29/16
f 62/40/26 63/98/75 47/38/24
f 47/38/24 63/98/75 60/34/20
f 47/38/24 60/34/20 59/36/22
f 63/98/75 61/30/17 60/34/20
f 63/98/75 62/40/26 64/99/76
f 64/99/76 62/40/26 48/43/29
f 64/99/76 48/43/29 65/45/31
f 64/99/76 65/45/31 66/47/33
f 61/30/17 63/98/75 67/46/32
f 61/30/17 67/46/32 42/100/10
f 67/46/32 63/98/75 64/99/76
f 67/46/32 64/99/76 66/47/33
f 69/55/40 71/59/43 70/53/38
f 70/53/38 71/59/43 73/101/77
f 70/53/38 73/101/77 72/56/41
f 72/56/41 73/101/77 76/67/51
f 71/59/43 50/62/46 73/101/77
f 73/101/77 50/62/46 75/65/49
f 73/101/77 75/65/49 76/67/51
f 78/75/58 79/71/55 51/70/54
f 79/71/55 78/75/58 81/102/78
f 81/102/78 78/75/58 52/78/61
f 81/102/78 52/78/61 83/83/66
f 83/83/66 52/78/61 82/80/63
f 81/102/78 80/72/56 79/71/55
f 80/72/56 81/102/78 83/83/66
f 80/72/56 83/83/66 84/85/68
f 85/84/67 86/89/71 89/20/7
f 85/84/67 89/20/7 87/22/9
f 86/89/71 88/18/5 89/20/7
usemtl Opaque(76,76,76)
f 91/103/10 21/104/10 90/105/10
f 90/105/10 21/104/10 20/106/10
f 90/105/10 20/106/10 120/107/10
f 120/107/10 20/106/10 19/108/10
f 120/107/10 19/108/10 119/109/10
f 119/109/10 19/108/10 18/110/10
f 119/109/10 18/110/10 118/111/10
f 118/111/10 18/110/10 17/112/10
f 118/111/10 17/112/10 117/113/10
f 117/113/10 17/112/10 16/114/10
f 117/113/10 16/114/10 116/115/10
f 116/115/10 16/114/10 15/116/10
f 116/115/10 15/116/10 115/117/10
f 115/117/10 15/116/10 14/118/10
f 115/117/10 14/118/10 114/119/10
f 114/119/10 14/118/10 13/120/10
f 114/119/10 13/120/10 113/121/10
f 113/121/10 13/120/10 41/122/10
f 113/121/10 41/122/10 112/123/10
f 112/123/10 41/122/10 40/124/10
f 112/123/10 40/124/10 111/125/10
f 111/125/10 40/124/10 39/126/10
f 111/125/10 39/126/10 110/127/10
f 110/127/10 39/126/10 38/128/10
f 110/127/10 38/128/10 109/129/10
f 109/129/10 38/128/10 108/130/10
f 108/130/10 38/128/10 37/131/10
f 108/130/10 37/131/10 107/132/10
f 107/132/10 37/131/10 36/133/10
f 107/132/10 36/133/10 106/134/10
f 106/134/10 36/133/10 35/135/10
f 106/134/10 35/135/10 105/136/10
f 105/136/10 35/135/10 34/137/10
f 105/136/10 34/137/10 104/138/10
f 104/138/10 34/137/10 33/139/10
f 104/138/10 33/139/10 103/140/10
f 103/140/10 33/139/10 32/141/10
f 103/140/10 32/141/10 102/142/10
f 102/142/10 32/141/10 31/143/10
f 102/142/10 31/143/10 101/144/10
f 101/144/10 31/143/10 30/145/10
f 101/144/10 30/145/10 100/146/10
f 100/146/10 30/145/10 29/147/10
f 100/146/10 29/147/10 99/148/10
f 99/148/10 29/147/10 28/149/10
f 99/148/10 28/149/10 98/150/10
f 98/150/10 28/149/10 27/151/10
f 98/150/10 27/151/10 97/152/10
f 97/152/10 27/151/10 26/153/10
f 97/152/10 26/153/10 96/154/10
f 96/154/10 26/153/10 25/155/10
f 96/154/10 25/155/10 95/156/10
f 95/156/10 25/155/10 24/157/10
f 95/156/10 24/157/10 94/158/10
f 94/158/10 24/157/10 93/159/10
f 93/159/10 24/157/10 23/160/10
f 93/159/10 23/160/10 92/161/10
f 92/161/10 23/160/10 22/162/10
f 92/161/10 22/162/10 91/103/10
f 91/103/10 22/162/10 21/104/10
f 122/163/79 91/164/79 121/165/80
f 121/165/80 91/164/79 90/166/80
f 121/167/80 90/168/80 151/169/81
f 151/169/81 90/168/80 120/170/81
f 151/169/81 120/170/81 150/171/82
f 150/171/82 120/170/81 119/172/82
f 150/171/82 119/172/82 149/173/83
f 149/173/83 119/172/82 118/174/83
f 149/173/83 118/174/83 148/175/84
f 148/175/84 118/174/83 117/176/84
f 148/175/84 117/176/84 147/177/85
f 147/177/85 117/176/84 116/178/85
f 147/177/85 116/178/85 146/179/86
f 146/179/86 116/178/85 115/180/86
f 146/179/86 115/180/86 145/181/87
f 145/181/87 115/180/86 114/182/87
f 145/181/87 114/182/87 144/183/88
f 144/183/88 114/182/87 113/184/88
f 144/183/88 113/184/88 143/185/89
f 143/185/89 113/184/88 112/186/89
f 143/185/89 112/186/89 142/187/90
f 142/187/90 112/186/89 111/188/90
f 142/187/90 111/188/90 141/189/91
f 141/189/91 111/188/90 110/190/91
f 141/189/91 110/190/91 140/191/92
f 140/191/92 110/190/91 109/192/92
f 140/191/92 109/192/92 139/193/93
f 139/193/93 109/192/92 108/194/93
f 139/193/93 108/194/93 138/195/94
f 138/195/94 108/194/93 107/196/94
f 138/195/94 107/196/94 137/197/95
f 137/197/95 107/196/94 106/198/95
f 137/197/95 106/198/95 136/199/96
f 136/199/96 106/198/95 105/200/96
f 136/199/96 105/200/96 135/201/97
f 135/201/97 105/200/96 104/202/97
f 135/201/97 104/202/97 134/203/98
f 134/203/98 104/202/97 103/204/98
f 134/203/98 103/204/98 133/205/99
f 133/205/99 103/204/98 102/206/99
f 133/205/99 102/206/99 132/207/100
f 132/207/100 102/206/99 101/208/100
f 132/207/100 101/208/100 131/209/101
f 131/209/101 101/208/100 100/210/101
f 131/209/101 100/210/101 130/211/102
f 130/211/102 100/210/101 99/212/102
f 130/211/102 99/212/102 129/213/103
f 129/213/103 99/212/102 98/214/103
f 129/213/103 98/214/103 128/215/104
f 128/215/104 98/214/103 97/216/104
f 128/215/104 97/216/104 127/217/105
f 127/217/105 97/216/104 96/218/105
f 127/217/105 96/218/105 126/219/106
f 126/219/106 96/218/105 95/220/106
f 126/219/106 95/220/106 125/221/107
f 125/221/107 95/220/106 94/222/107
f 125/221/107 94/222/107 124/223/108
f 124/223/108 94/222/107 93/224/108
f 124/223/108 93/224/108 123/225/109
f 123/225/109 93/224/108 92/226/109
f 123/225/109 92/226/109 122/163/79
f 122/163/79 92/226/109 91/164/79
f 122/227/1 121/228/1 173/229/1
f 173/229/1 121/228/1 151/230/1
f 173/229/1 151/230/1 172/231/1
f 172/231/1 151/230/1 150/232/1
f 172/231/1 150/232/1 171/233/1
f 171/233/1 150/232/1 149/234/1
f 171/233/1 149/234/1 170/235/1
f 170/235/1 149/234/1 148/236/1
f 170/235/1 148/236/1 169/237/1
f 169/237/1 148/236/1 147/238/1
f 169/237/1 147/238/1 168/239/1
f 168/239/1 147/238/1 146/240/1
f 168/239/1 146/240/1 167/241/1
f 167/241/1 146/240/1 145/242/1
f 167/241/1 145/242/1 166/243/1
f 166/243/1 145/242/1 144/244/1
f 166/243/1 144/244/1 165/245/1
f 165/245/1 144/244/1 143/246/1
f 165/245/1 143/246/1 164/247/1
f 164/247/1 143/246/1 142/248/1
f 164/247/1 142/248/1 141/249/1
f 164/247/1 141/249/1 163/250/1
f 163/250/1 141/249/1 140/251/1
f 163/250/1 140/251/1 162/252/1
f 162/252/1 140/251/1 139/253/1
f 162/252/1 139/253/1 161/254/1
f 161/254/1 139/253/1 138/255/1
f 161/254/1 138/255/1 160/256/1
f 160/256/1 138/255/1 137/257/1
f 160/256/1 137/257/1 159/258/1
f 159/258/1 137/257/1 136/259/1
f 159/258/1 136/259/1 158/260/1
f 158/260/1 136/259/1 135/261/1
f 158/260/1 135/261/1 157/262/1
f 157/262/1 135/261/1 134/263/1
f 157/262/1 134/263/1 156/264/1
f 156/264/1 134/263/1 133/265/1
f 156/264/1 133/265/1 155/266/1
f 155/266/1 133/265/1 132/267/1
f 155/266/1 132/267/1 154/268/1
f 154/268/1 132/267/1 131/269/1
f 154/268/1 131/269/1 130/270/1
f 154/268/1 130/270/1 153/271/1
f 153/271/1 130/270/1 129/272/1
f 153/271/1 129/272/1 152/273/1
f 152/273/1 129/272/1 128/274/1
f 152/273/1 128/274/1 179/275/1
f 179/275/1 128/274/1 127/276/1
f 179/275/1 127/276/1 178/277/1
f 178/277/1 127/276/1 126/278/1
f 178/277/1 126/278/1 177/279/1
f 177/279/1 126/278/1 125/280/1
f 177/279/1 125/280/1 176/281/1
f 176/281/1 125/280/1 124/282/1
f 176/281/1 124/282/1 175/283/1
f 175/283/1 124/282/1 123/284/1
f 175/283/1 123/284/1 174/285/1
f 174/285/1 123/284/1 122/227/1
f 174/285/1 122/227/1 173/229/1
f 179/286/110 207/287/110 152/288/111
f 152/288/111 207/287/110 180/289/111
f 152/290/111 180/291/111 153/292/112
f 153/292/112 180/291/111 181/293/112
f 153/292/112 181/293/112 154/294/113
f 154/294/113 181/293/112 182/295/113
f 154/294/113 182/295/113 155/296/114
f 155/296/114 182/295/113 183/297/114
f 155/296/114 183/297/114 156/298/115
f 156/298/115 183/297/114 184/299/115
f 156/298/115 184/299/115 157/300/116
f 157/300/116 184/299/115 185/301/116
f 157/300/116 185/301/116 158/302/117
f 158/302/117 185/301/116 186/303/117
f 158/302/117 186/303/117 159/304/118
f 159/304/118 186/303/117 187/305/118
f 159/304/118 187/305/118 160/306/119
f 160/306/119 187/305/118 188/307/119
f 160/306/119 188/307/119 161/308/120
f 161/308/120 188/307/119 189/309/120
f 161/308/120 189/309/120 162/310/121
f 162/310/121 189/309/120 190/311/121
f 162/310/121 190/311/121 163/312/122
f 163/312/122 190/311/121 191/313/122
f 163/312/122 191/313/122 164/314/123
f 164/314/123 191/313/122 192/315/123
f 164/314/123 192/315/123 165/316/124
f 165/316/124 192/315/123 193/317/124
f 165/316/124 193/317/124 166/318/125
f 166/318/125 193/317/124 194/319/125
f 166/318/125 194/319/125 167/320/126
f 167/320/126 194/319/125 195/321/126
f 167/320/126 195/321/126 168/322/127
f 168/322/127 195/321/126 196/323/127
f 168/322/127 196/323/127 169/324/128
f 169/324/128 196/323/127 197/325/128
f 169/324/128 197/325/128 170/326/129
f 170/326/129 197/325/128 198/327/129
f 170/326/129 198/327/129 171/328/130
f 171/328/130 198/327/129 199/329/130
f 171/328/130 199/329/130 172/330/131
f 172/330/131 199/329/130 200/331/131
f 172/330/131 200/331/131 173/332/80
f 173/332/80 200/331/131 201/333/80
f 173/332/80 201/333/80 174/334/132
f 174/334/132 201/333/80 202/335/132
f 174/334/132 202/335/132 175/336/133
f 175/336/133 202/335/132 203/337/133
f 175/336/133 203/337/133 176/338/134
f 176/338/134 203/337/133 204/339/134
f 176/338/134 204/339/134 177/340/135
f 177/340/135 204/339/134 205/341/135
f 177/340/135 205/341/135 178/342/136
f 178/342/136 205/341/135 206/343/136
f 178/342/136 206/343/136 179/286/110
f 179/286/110 206/343/136 207/287/110
f 458/344/137 456/345/10 457/346/138
f 458/344/137 209/347/10 456/345/10
f 208/348/139 209/347/10 458/344/137
f 209/347/10 208/348/139 461/349/140
f 456/345/10 209/347/10 181/350/10
f 456/345/10 181/350/10 455/351/10
f 455/351/10 181/350/10 180/352/10
f 455/351/10 180/352/10 452/353/141
f 181/350/10 209/347/10 210/354/142
f 181/350/10 210/354/142 213/355/10
f 213/355/10 210/354/142 212/356/143
f 212/356/143 210/354/142 211/357/144
f 213/355/10 212/356/143 468/358/145
f 181/350/10 213/355/10 182/359/10
f 182/359/10 213/355/10 214/360/10
f 182/359/10 214/360/10 219/361/10
f 219/361/10 214/360/10 216/362/146
f 216/362/146 214/360/10 215/363/147
f 217/364/148 219/361/10 216/362/146
f 219/361/10 217/364/148 218/365/149
f 182/359/10 219/361/10 220/366/10
f 182/359/10 220/366/10 225/367/10
f 225/367/10 220/366/10 222/368/150
f 222/368/150 220/366/10 221/369/151
f 223/370/152 225/367/10 222/368/150
f 225/367/10 223/370/152 224/371/153
f 182/359/10 225/367/10 183/372/10
f 183/372/10 225/367/10 226/373/10
f 226/373/10 229/374/10 183/372/10
f 183/372/10 229/374/10 230/375/10
f 226/373/10 486/376/154 229/374/10
f 486/376/154 226/373/10 227/377/155
f 229/374/10 486/376/154 228/378/156
f 229/374/10 228/378/156 489/379/157
f 183/372/10 230/375/10 184/380/10
f 184/380/10 230/375/10 235/381/10
f 235/381/10 230/375/10 232/382/158
f 235/381/10 232/382/158 233/383/159
f 235/381/10 233/383/159 234/384/160
f 232/382/158 230/375/10 231/385/161
f 235/381/10 236/386/162 184/380/10
f 184/380/10 236/386/162 240/387/10
f 240/387/10 236/386/162 500/388/163
f 240/387/10 500/388/163 238/389/164
f 238/389/164 500/388/163 237/390/165
f 239/391/166 240/387/10 238/389/164
f 184/380/10 240/387/10 241/392/167
f 184/380/10 241/392/167 185/393/10
f 185/393/10 241/392/167 245/394/10
f 245/394/10 241/392/167 243/395/168
f 243/395/168 241/392/167 242/396/169
f 243/395/168 244/397/170 245/394/10
f 185/393/10 245/394/10 246/398/10
f 185/393/10 246/398/10 249/399/10
f 249/399/10 246/398/10 517/400/171
f 517/400/171 246/398/10 247/401/172
f 248/402/173 249/399/10 517/400/171
f 248/402/173 520/403/174 249/399/10
f 185/393/10 249/399/10 250/404/175
f 185/393/10 250/404/175 186/405/10
f 186/405/10 250/404/175 254/406/10
f 254/406/10 250/404/175 252/407/176
f 252/407/176 250/404/175 251/408/177
f 253/409/178 254/406/10 252/407/176
f 186/405/10 254/406/10 255/410/179
f 186/405/10 255/410/179 259/411/10
f 259/411/10 255/410/179 257/412/180
f 257/412/180 255/410/179 256/413/181
f 258/414/182 259/411/10 257/412/180
f 186/405/10 259/411/10 260/415/10
f 186/405/10 260/415/10 187/416/10
f 187/416/10 260/415/10 263/417/10
f 263/417/10 260/415/10 539/418/183
f 539/418/183 260/415/10 261/419/184
f 262/420/185 263/417/10 539/418/183
f 542/421/186 263/417/10 262/420/185
f 187/416/10 263/417/10 264/422/10
f 264/422/10 268/423/10 187/416/10
f 187/416/10 268/423/10 188/424/10
f 188/424/10 268/423/10 269/425/10
f 268/423/10 264/422/10 266/426/187
f 266/426/187 264/422/10 265/427/188
f 267/428/189 268/423/10 266/426/187
f 550/429/190 268/423/10 267/428/189
f 269/425/10 272/430/10 188/424/10
f 188/424/10 272/430/10 273/431/10
f 272/430/10 269/425/10 557/432/191
f 557/432/191 269/425/10 270/433/192
f 271/434/193 272/430/10 557/432/191
f 560/435/194 272/430/10 271/434/193
f 188/424/10 273/431/10 277/436/195
f 277/436/195 273/431/10 275/437/196
f 275/437/196 273/431/10 274/438/197
f 276/439/198 277/436/195 275/437/196
f 188/424/10 277/436/195 189/440/10
f 189/440/10 277/436/195 278/441/10
f 278/441/10 282/442/10 189/440/10
f 189/440/10 282/442/10 283/443/10
f 282/442/10 278/441/10 280/444/199
f 280/444/199 278/441/10 572/445/200
f 572/445/200 278/441/10 279/446/201
f 281/447/202 282/442/10 280/444/199
f 189/440/10 283/443/10 287/448/203
f 287/448/203 283/443/10 285/449/204
f 285/449/204 283/443/10 284/450/205
f 286/451/206 287/448/203 285/449/204
f 189/440/10 287/448/203 190/452/10
f 190/452/10 287/448/203 288/453/207
f 288/453/207 292/454/208 190/452/10
f 190/452/10 292/454/208 293/455/10
f 292/454/208 288/453/207 289/456/209
f 292/454/208 289/456/209 587/457/210
f 587/457/210 289/456/209 290/458/211
f 291/459/212 292/454/208 587/457/210
f 190/452/10 293/455/10 297/460/10
f 190/452/10 297/460/10 191/461/10
f 191/461/10 297/460/10 298/462/213
f 297/460/10 293/455/10 295/463/214
f 295/463/214 293/455/10 294/464/215
f 297/460/10 295/463/214 296/465/216
f 297/460/10 296/465/216 598/466/217
f 191/461/10 298/462/213 302/467/10
f 302/467/10 298/462/213 300/468/218
f 300/468/218 298/462/213 299/469/219
f 301/470/220 302/467/10 300/468/218
f 302/467/10 303/471/221 191/461/10
f 191/461/10 303/471/221 192/472/10
f 192/472/10 303/471/221 306/473/10
f 306/473/10 303/471/221 305/474/222
f 305/474/222 303/471/221 304/475/223
f 305/474/222 612/476/224 306/473/10
f 192/472/10 306/473/10 307/477/10
f 307/477/10 312/478/10 192/472/10
f 192/472/10 312/478/10 313/479/225
f 312/478/10 307/477/10 310/480/226
f 310/480/226 307/477/10 309/481/227
f 309/481/227 307/477/10 308/482/228
f 311/483/229 312/478/10 310/480/226
f 192/472/10 313/479/225 193/484/10
f 193/484/10 313/479/225 317/485/10
f 317/485/10 313/479/225 315/486/230
f 315/486/230 313/479/225 314/487/231
f 315/486/230 316/488/232 317/485/10
f 193/484/10 317/485/10 318/489/10
f 318/489/10 321/490/10 193/484/10
f 193/484/10 321/490/10 322/491/10
f 321/490/10 318/489/10 320/492/233
f 320/492/233 318/489/10 631/493/234
f 631/493/234 318/489/10 319/494/235
f 320/492/233 634/495/236 321/490/10
f 193/484/10 322/491/10 194/496/10
f 194/496/10 322/491/10 326/497/237
f 326/497/237 322/491/10 324/498/238
f 324/498/238 322/491/10 323/499/239
f 325/500/240 326/497/237 324/498/238
f 194/496/10 326/497/237 327/501/10
f 327/501/10 331/502/10 194/496/10
f 194/496/10 331/502/10 195/503/10
f 195/503/10 331/502/10 332/504/241
f 331/502/10 327/501/10 329/505/242
f 329/505/242 327/501/10 328/506/243
f 330/507/244 331/502/10 329/505/242
f 331/502/10 330/507/244 648/508/245
f 332/504/241 335/509/10 195/503/10
f 195/503/10 335/509/10 336/510/246
f 332/504/241 334/511/247 335/509/10
f 335/509/10 334/511/247 656/512/248
f 334/511/247 332/504/241 333/513/249
f 195/503/10 336/510/246 340/514/10
f 340/514/10 336/510/246 338/515/250
f 338/515/250 336/510/246 337/516/251
f 340/514/10 338/515/250 339/517/252
f 195/503/10 340/514/10 196/518/10
f 196/518/10 340/514/10 341/519/10
f 341/519/10 345/520/10 196/518/10
f 196/518/10 345/520/10 346/521/10
f 341/519/10 343/522/253 345/520/10
f 345/520/10 343/522/253 344/523/254
f 345/520/10 344/523/254 670/524/255
f 343/522/253 341/519/10 342/525/256
f 196/518/10 346/521/10 350/526/10
f 346/521/10 676/527/257 350/526/10
f 350/526/10 676/527/257 348/528/258
f 350/526/10 348/528/258 349/529/259
f 676/527/257 346/521/10 347/530/260
f 196/518/10 350/526/10 197/531/10
f 197/531/10 350/526/10 351/532/10
f 351/532/10 355/533/261 197/531/10
f 197/531/10 355/533/261 356/534/262
f 351/532/10 353/535/263 355/533/261
f 355/533/261 353/535/263 354/536/264
f 353/535/263 351/532/10 352/537/265
f 197/531/10 356/534/262 198/538/10
f 198/538/10 356/534/262 360/539/10
f 356/534/262 358/540/266 360/539/10
f 360/539/10 358/540/266 359/541/267
f 358/540/266 356/534/262 357/542/268
f 360/539/10 361/543/10 198/538/10
f 198/538/10 361/543/10 365/544/269
f 365/544/269 361/543/10 363/545/270
f 363/545/270 361/543/10 362/546/271
f 364/547/272 365/544/269 363/545/270
f 198/538/10 365/544/269 366/548/10
f 198/538/10 366/548/10 199/549/10
f 199/549/10 366/548/10 369/550/273
f 369/550/273 366/548/10 704/551/274
f 369/550/273 704/551/274 368/552/275
f 704/551/274 366/548/10 367/553/276
f 199/549/10 369/550/273 370/554/10
f 199/549/10 370/554/10 374/555/277
f 374/555/277 370/554/10 372/556/278
f 372/556/278 370/554/10 371/557/279
f 373/558/280 374/555/277 372/556/278
f 199/549/10 374/555/277 375/559/10
f 199/549/10 375/559/10 200/560/10
f 200/560/10 375/559/10 378/561/10
f 378/561/10 375/559/10 718/562/281
f 718/562/281 375/559/10 376/563/282
f 377/564/283 378/561/10 718/562/281
f 721/565/284 378/561/10 377/564/283
f 200/560/10 378/561/10 379/566/10
f 200/560/10 379/566/10 383/567/285
f 383/567/285 379/566/10 381/568/286
f 381/568/286 379/566/10 380/569/287
f 382/570/288 383/567/285 381/568/286
f 200/560/10 383/567/285 384/571/10
f 200/560/10 384/571/10 201/572/10
f 201/572/10 384/571/10 388/573/289
f 388/573/289 384/571/10 386/574/290
f 386/574/290 384/571/10 385/575/291
f 387/576/292 388/573/289 386/574/290
f 201/572/10 388/573/289 389/577/10
f 389/577/10 393/578/293 201/572/10
f 201/572/10 393/578/293 202/579/10
f 202/579/10 393/578/293 394/580/10
f 393/578/293 389/577/10 391/581/294
f 391/581/294 389/577/10 390/582/295
f 392/583/296 393/578/293 391/581/294
f 394/580/10 398/584/297 202/579/10
f 202/579/10 398/584/297 399/585/10
f 398/584/297 394/580/10 396/586/298
f 396/586/298 394/580/10 395/587/299
f 397/588/300 398/584/297 396/586/298
f 202/579/10 399/585/10 403/589/301
f 403/589/301 399/585/10 401/590/302
f 401/590/302 399/585/10 400/591/303
f 402/592/304 403/589/301 401/590/302
f 202/579/10 403/589/301 203/593/10
f 203/593/10 403/589/301 404/594/305
f 404/594/305 408/595/10 203/593/10
f 203/593/10 408/595/10 409/596/10
f 408/595/10 404/594/305 406/597/306
f 406/597/306 404/594/305 405/598/307
f 408/595/10 406/597/306 407/599/308
f 203/593/10 409/596/10 413/600/309
f 413/600/309 409/596/10 411/601/310
f 411/601/310 409/596/10 410/602/311
f 412/603/312 413/600/309 411/601/310
f 203/593/10 413/600/309 204/604/10
f 204/604/10 413/600/309 414/605/313
f 204/604/10 414/605/313 777/606/314
f 777/606/314 414/605/313 418/607/315
f 418/607/315 414/605/313 416/608/316
f 416/608/316 414/605/313 415/609/317
f 418/607/315 416/608/316 417/610/318
f 204/604/10 777/606/314 419/611/319
f 204/604/10 419/611/319 423/612/10
f 423/612/10 419/611/319 421/613/320
f 421/613/320 419/611/319 420/614/321
f 423/612/10 421/613/320 422/615/322
f 204/604/10 423/612/10 205/616/10
f 205/616/10 423/612/10 424/617/10
f 205/616/10 424/617/10 428/618/10
f 428/618/10 424/617/10 426/619/323
f 426/619/323 424/617/10 425/620/324
f 428/618/10 426/619/323 427/621/325
f 428/618/10 427/621/325 791/622/326
f 428/618/10 429/623/10 205/616/10
f 205/616/10 429/623/10 206/624/10
f 206/624/10 429/623/10 432/625/10
f 432/625/10 429/623/10 797/626/327
f 797/626/327 429/623/10 430/627/328
f 432/625/10 797/626/327 431/628/329
f 432/625/10 431/628/329 800/629/330
f 206/624/10 432/625/10 433/630/10
f 206/624/10 433/630/10 436/631/331
f 436/631/331 433/630/10 806/632/332
f 806/632/332 433/630/10 434/633/333
f 436/631/331 806/632/332 435/634/334
f 206/624/10 436/631/331 437/635/335
f 206/624/10 437/635/335 207/636/10
f 207/636/10 437/635/335 441/637/10
f 441/637/10 437/635/335 439/638/336
f 439/638/336 437/635/335 438/639/337
f 441/637/10 439/638/336 440/640/338
f 207/636/10 441/637/10 442/641/10
f 207/636/10 442/641/10 445/642/339
f 445/642/339 442/641/10 820/643/340
f 820/643/340 442/641/10 443/644/341
f 445/642/339 820/643/340 444/645/342
f 207/636/10 445/642/339 446/646/10
f 207/636/10 446/646/10 180/352/10
f 180/352/10 446/646/10 451/647/10
f 451/647/10 446/646/10 448/648/343
f 448/648/343 446/646/10 447/649/344
f 449/650/345 451/647/10 448/648/343
f 449/650/345 450/651/346 451/647/10
f 180/352/10 451/647/10 452/353/141
f 455/351/10 452/353/141 454/652/347
f 454/652/347 452/353/141 453/653/348
f 455/351/10 454/652/347 835/654/349
f 461/655/140 459/656/350 460/657/351
f 461/655/140 208/658/139 459/656/350
f 209/659/352 461/660/140 462/661/353
f 462/661/353 461/660/140 460/662/351
f 209/663/352 462/664/353 210/665/142
f 210/665/142 462/664/353 463/666/354
f 463/667/354 464/668/355 210/669/142
f 210/669/142 464/668/355 211/670/144
f 464/671/355 465/672/356 211/673/144
f 466/674/357 212/675/143 465/676/356
f 465/676/356 212/675/143 211/677/144
f 212/678/143 466/679/357 468/680/145
f 468/680/145 466/679/357 467/681/358
f 213/659/359 468/660/145 469/661/360
f 469/661/360 468/660/145 467/662/358
f 470/682/361 213/683/359 469/684/360
f 213/663/359 470/664/361 214/665/362
f 214/665/362 470/664/361 471/666/363
f 471/667/363 472/668/364 214/669/362
f 214/669/362 472/668/364 215/670/147
f 215/685/147 472/686/364 216/687/146
f 216/687/146 472/686/364 473/688/365
f 474/689/366 217/690/148 216/691/146
f 474/689/366 216/691/146 473/692/365
f 218/693/149 217/694/148 474/695/366
f 474/695/366 475/696/367 218/693/149
f 219/659/368 218/660/149 476/661/369
f 476/661/369 218/660/149 475/662/367
f 219/663/368 476/664/369 220/665/370
f 220/665/370 476/664/369 477/666/371
f 477/667/371 478/668/372 220/669/370
f 220/669/370 478/668/372 221/670/151
f 478/697/372 479/698/373 222/699/150
f 222/699/150 221/700/151 478/697/372
f 480/701/374 223/702/152 222/703/150
f 480/701/374 222/703/150 479/704/373
f 223/705/152 480/706/374 224/707/153
f 480/706/374 481/708/375 224/707/153
f 225/659/376 224/660/153 482/661/377
f 482/661/377 224/660/153 481/662/375
f 225/663/376 482/664/377 226/665/378
f 226/665/378 482/664/377 483/666/379
f 483/667/379 484/668/380 226/669/378
f 226/669/378 484/668/380 227/670/155
f 227/709/155 485/710/381 486/711/154
f 227/709/155 484/712/380 485/710/381
f 487/713/382 228/714/156 486/715/154
f 487/713/382 486/715/154 485/716/381
f 489/717/157 487/718/382 488/719/383
f 489/717/157 228/720/156 487/718/382
f 229/659/384 489/660/157 490/661/385
f 490/661/385 489/660/157 488/662/383
f 490/721/385 491/722/386 229/723/384
f 229/663/384 491/664/386 230/665/387
f 230/665/387 491/664/386 492/666/388
f 492/667/388 493/668/389 230/669/387
f 230/669/387 493/668/389 231/670/161
f 493/724/389 494/725/390 232/726/158
f 232/726/158 231/727/161 493/724/389
f 495/728/391 233/729/159 232/730/158
f 495/728/391 232/730/158 494/731/390
f 233/732/159 496/733/392 234/734/160
f 233/732/159 495/735/391 496/733/392
f 235/659/393 234/660/160 497/661/394
f 497/661/394 234/660/160 496/662/392
f 235/736/393 497/737/394 498/738/395
f 235/663/393 498/664/395 236/665/162
f 236/665/162 498/664/395 499/666/396
f 236/739/162 499/740/396 500/741/163
f 499/667/396 501/668/397 500/669/163
f 500/669/163 501/668/397 237/670/165
f 501/742/397 502/743/398 237/744/165
f 503/745/399 238/746/164 502/747/398
f 502/747/398 238/746/164 237/748/165
f 503/749/399 504/750/400 239/751/166
f 239/751/166 238/752/164 503/749/399
f 240/659/401 239/660/166 505/661/402
f 505/661/402 239/660/166 504/662/400
f 505/753/402 506/754/403 240/755/401
f 240/663/401 506/664/403 241/665/167
f 241/665/167 506/664/403 507/666/404
f 507/667/404 508/668/405 241/669/167
f 241/669/167 508/668/405 242/670/169
f 508/756/405 509/757/406 242/758/169
f 510/759/407 243/760/168 509/761/406
f 509/761/406 243/760/168 242/762/169
f 510/763/407 511/764/408 244/765/170
f 244/765/170 243/766/168 510/763/407
f 245/659/409 244/660/170 512/661/410
f 512/661/410 244/660/170 511/662/408
f 245/767/409 512/768/410 513/769/411
f 245/663/409 513/664/411 246/665/412
f 246/665/412 513/664/411 514/666/413
f 514/667/413 515/668/414 246/669/412
f 246/669/412 515/668/414 247/670/172
f 247/770/172 516/771/415 517/772/171
f 247/770/172 515/773/414 516/771/415
f 518/774/416 248/775/173 517/776/171
f 518/774/416 517/776/171 516/777/415
f 520/778/174 518/779/416 519/780/417
f 520/778/174 248/781/173 518/779/416
f 249/659/418 520/660/174 521/661/419
f 521/661/419 520/660/174 519/662/417
f 249/663/418 521/664/419 250/665/175
f 250/665/175 521/664/419 522/666/420
f 522/667/420 523/668/421 250/669/175
f 250/669/175 523/668/421 251/670/177
f 251/782/177 523/783/421 524/784/422
f 525/785/423 252/786/176 524/787/422
f 524/787/422 252/786/176 251/788/177
f 525/789/423 526/790/424 253/791/178
f 253/791/178 252/792/176 525/789/423
f 254/659/425 253/660/178 527/661/426
f 527/661/426 253/660/178 526/662/424
f 254/793/425 527/794/426 528/795/427
f 254/663/425 528/664/427 255/665/179
f 255/665/179 528/664/427 529/666/428
f 255/796/179 529/797/428 530/798/429
f 530/667/429 531/668/430 255/669/179
f 255/669/179 531/668/430 256/670/181
f 256/799/181 531/800/430 532/801/431
f 533/802/432 257/803/180 532/804/431
f 532/804/431 257/803/180 256/805/181
f 533/806/432 534/807/433 258/808/182
f 258/808/182 257/809/180 533/806/432
f 259/659/434 258/660/182 535/661/435
f 535/661/435 258/660/182 534/662/433
f 259/663/434 535/664/435 260/665/436
f 260/665/436 535/664/435 536/666/437
f 536/667/437 537/668/438 260/669/436
f 260/669/436 537/668/438 261/670/184
f 539/810/183 537/811/438 538/812/439
f 539/810/183 261/813/184 537/811/438
f 540/814/440 262/815/185 539/816/183
f 540/814/440 539/816/183 538/817/439
f 262/818/185 540/819/440 542/820/186
f 542/820/186 540/819/440 541/821/441
f 263/659/442 542/660/186 543/661/443
f 543/661/443 542/660/186 541/662/441
f 263/663/442 543/664/443 264/665/444
f 264/665/444 543/664/443 544/666/445
f 544/822/445 545/823/446 264/824/444
f 545/667/446 546/668/447 264/669/444
f 264/669/444 546/668/447 265/670/188
f 265/825/188 546/826/447 547/827/448
f 266/828/187 265/825/188 547/827/448
f 548/829/449 267/830/189 266/831/187
f 548/829/449 266/831/187 547/832/448
f 267/833/189 548/834/449 550/835/190
f 550/835/190 548/834/449 549/836/450
f 268/659/451 550/660/190 551/661/452
f 551/661/452 550/660/190 549/662/450
f 552/837/453 268/838/451 551/839/452
f 268/663/451 552/664/453 269/665/454
f 269/665/454 552/664/453 553/666/455
f 269/840/454 553/841/455 554/842/456
f 554/667/456 555/668/457 269/669/454
f 269/669/454 555/668/457 270/670/192
f 270/843/192 555/844/457 557/845/191
f 557/845/191 555/844/457 556/846/458
f 558/847/459 271/848/193 557/849/191
f 558/847/459 557/849/191 556/850/458
f 271/851/193 558/852/459 559/853/460
f 271/851/193 559/853/460 560/854/194
f 272/659/461 560/660/194 561/661/462
f 561/661/462 560/660/194 559/662/460
f 562/855/463 272/856/461 561/857/462
f 272/663/461 562/664/463 273/665/464
f 273/665/464 562/664/463 563/666/465
f 563/667/465 564/668/466 273/669/464
f 273/669/464 564/668/466 274/670/197
f 564/858/466 565/859/467 275/860/196
f 275/860/196 274/861/197 564/858/466
f 566/862/468 276/863/198 275/864/196
f 566/862/468 275/864/196 565/865/467
f 566/866/468 567/867/469 276/868/198
f 277/659/195 276/660/198 568/661/470
f 568/661/470 276/660/198 567/662/469
f 277/663/195 568/664/470 278/665/471
f 278/665/471 568/664/470 569/666/472
f 569/667/472 570/668/473 278/669/471
f 278/669/471 570/668/473 279/670/201
f 572/869/200 570/870/473 571/871/474
f 572/869/200 279/872/201 570/870/473
f 573/873/475 280/874/199 571/875/474
f 571/875/474 280/874/199 572/876/200
f 280/877/199 574/878/476 281/879/202
f 280/877/199 573/880/475 574/878/476
f 282/659/477 281/660/202 575/661/478
f 575/661/478 281/660/202 574/662/476
f 576/881/479 282/882/477 575/883/478
f 282/663/477 576/664/479 283/665/480
f 283/665/480 576/664/479 577/666/481
f 577/667/481 578/668/482 283/669/480
f 283/669/480 578/668/482 284/670/205
f 578/884/482 579/885/483 285/699/204
f 285/699/204 284/886/205 578/884/482
f 580/887/484 286/888/206 285/889/204
f 580/887/484 285/889/204 579/890/483
f 286/891/206 580/892/484 581/893/485
f 287/659/203 286/660/206 582/661/486
f 582/661/486 286/660/206 581/662/485
f 582/894/486 583/895/487 287/896/203
f 287/663/203 583/664/487 288/665/207
f 288/665/207 583/664/487 584/666/488
f 289/897/209 288/898/207 584/899/488
f 584/667/488 585/668/489 289/669/209
f 289/669/209 585/668/489 290/670/211
f 587/900/210 585/901/489 586/902/490
f 587/900/210 290/903/211 585/901/489
f 588/904/491 291/905/212 587/906/210
f 588/904/491 587/906/210 586/907/490
f 588/908/491 589/909/492 291/910/212
f 292/659/208 291/660/212 590/661/493
f 590/661/493 291/660/212 589/662/492
f 292/911/208 590/912/493 591/913/494
f 292/663/208 591/664/494 293/665/495
f 293/665/495 591/664/494 592/666/496
f 293/914/495 592/915/496 593/916/497
f 593/667/497 594/668/498 293/669/495
f 293/669/495 594/668/498 294/670/215
f 594/724/498 595/917/499 295/918/214
f 295/918/214 294/727/215 594/724/498
f 596/919/500 296/920/216 295/921/214
f 596/919/500 295/921/214 595/922/499
f 296/732/216 596/923/500 598/924/217
f 598/924/217 596/923/500 597/925/501
f 297/659/502 598/660/217 599/661/503
f 599/661/503 598/660/217 597/662/501
f 297/663/502 599/664/503 298/665/213
f 298/665/213 599/664/503 600/666/504
f 600/667/504 601/668/505 298/669/213
f 298/669/213 601/668/505 299/670/219
f 601/926/505 602/927/506 299/744/219
f 603/928/507 300/929/218 602/930/506
f 602/930/506 300/929/218 299/931/219
f 603/932/507 604/933/508 301/934/220
f 301/934/220 300/935/218 603/932/507
f 302/659/509 301/660/220 605/661/510
f 605/661/510 301/660/220 604/662/508
f 302/936/509 605/937/510 606/938/511
f 302/663/509 606/664/511 303/665/221
f 303/665/221 606/664/511 607/666/512
f 607/667/512 608/668/513 303/669/221
f 303/669/221 608/668/513 304/670/223
f 608/939/513 609/940/514 304/941/223
f 610/942/515 305/943/222 609/944/514
f 609/944/514 305/943/222 304/945/223
f 305/946/222 610/947/515 612/948/224
f 612/948/224 610/947/515 611/949/516
f 306/659/517 612/660/224 613/661/518
f 613/661/518 612/660/224 611/662/516
f 306/663/517 613/664/518 307/665/519
f 307/665/519 613/664/518 614/666/520
f 614/667/520 615/668/521 307/669/519
f 307/669/519 615/668/521 308/670/228
f 308/950/228 616/951/522 309/952/227
f 308/950/228 615/773/521 616/951/522
f 617/953/523 310/954/226 616/955/522
f 616/955/522 310/954/226 309/956/227
f 617/779/523 618/957/524 310/958/226
f 310/958/226 618/957/524 311/959/229
f 312/659/525 311/660/229 619/661/526
f 619/661/526 311/660/229 618/662/524
f 312/663/525 619/664/526 313/665/225
f 313/665/225 619/664/526 620/666/527
f 620/667/527 621/668/528 313/669/225
f 313/669/225 621/668/528 314/670/231
f 314/960/231 621/783/528 622/961/529
f 623/962/530 315/963/230 622/964/529
f 622/964/529 315/963/230 314/965/231
f 623/966/530 624/967/531 316/968/232
f 316/968/232 315/792/230 623/966/530
f 317/659/532 316/660/232 625/661/533
f 625/661/533 316/660/232 624/662/531
f 626/969/534 317/970/532 625/971/533
f 317/663/532 626/664/534 318/665/535
f 318/665/535 626/664/534 627/666/536
f 318/972/535 627/973/536 628/974/537
f 628/667/537 629/668/538 318/669/535
f 318/669/535 629/668/538 319/670/235
f 319/975/235 629/976/538 631/977/234
f 631/977/234 629/976/538 630/978/539
f 632/979/540 320/980/233 630/981/539
f 630/981/539 320/980/233 631/982/234
f 320/983/233 632/984/540 634/985/236
f 634/985/236 632/984/540 633/986/541
f 321/659/542 634/660/236 635/661/543
f 635/661/543 634/660/236 633/662/541
f 321/987/542 635/988/543 636/989/544
f 321/663/542 636/664/544 322/665/545
f 322/665/545 636/664/544 637/666/546
f 637/667/546 638/668/547 322/669/545
f 322/669/545 638/668/547 323/670/239
f 323/990/239 639/991/548 324/992/238
f 323/990/239 638/993/547 639/991/548
f 640/994/549 325/995/240 324/996/238
f 640/994/549 324/996/238 639/997/548
f 640/998/549 641/999/550 325/1000/240
f 326/659/237 325/660/240 642/661/551
f 642/661/551 325/660/240 641/662/550
f 326/663/237 642/664/551 327/665/552
f 327/665/552 642/664/551 643/666/553
f 643/667/553 644/668/554 327/669/552
f 327/669/552 644/668/554 328/670/243
f 644/1001/554 645/1002/555 329/1003/242
f 329/1003/242 328/825/243 644/1001/554
f 646/1004/556 330/1005/244 329/1006/242
f 646/1004/556 329/1006/242 645/1007/555
f 648/1008/245 646/1009/556 647/1010/557
f 648/1008/245 330/1011/244 646/1009/556
f 331/659/558 648/660/245 649/661/559
f 649/661/559 648/660/245 647/662/557
f 331/1012/558 649/1013/559 650/1014/560
f 331/663/558 650/664/560 332/665/241
f 332/665/241 650/664/560 651/666/561
f 651/667/561 652/668/562 332/669/241
f 332/669/241 652/668/562 333/670/249
f 652/1015/562 653/1016/563 333/1017/249
f 654/1018/564 334/1019/247 653/1020/563
f 653/1020/563 334/1019/247 333/1021/249
f 654/656/564 655/1022/565 334/1023/247
f 334/1023/247 655/1022/565 656/854/248
f 335/659/566 656/660/248 657/661/567
f 657/661/567 656/660/248 655/662/565
f 335/663/566 657/664/567 336/665/246
f 336/665/246 657/664/567 658/666/568
f 658/667/568 659/668/569 336/669/246
f 336/669/246 659/668/569 337/670/251
f 337/1024/251 659/1025/569 660/1026/570
f 661/1027/571 338/1028/250 660/1029/570
f 660/1029/570 338/1028/250 337/1030/251
f 338/678/250 661/679/571 339/1031/252
f 339/1031/252 661/679/571 662/1032/572
f 340/659/573 339/660/252 663/661/574
f 663/661/574 339/660/252 662/662/572
f 340/1033/573 663/1034/574 664/1035/575
f 340/663/573 664/664/575 341/665/576
f 341/665/576 664/664/575 665/666/577
f 665/667/577 666/668/578 341/669/576
f 341/669/576 666/668/578 342/670/256
f 342/1036/256 666/1037/578 343/687/253
f 666/1037/578 667/1038/579 343/687/253
f 668/1039/580 344/1040/254 343/1041/253
f 668/1039/580 343/1041/253 667/1042/579
f 344/1043/254 669/1044/581 670/1045/255
f 668/1046/580 669/1044/581 344/1043/254
f 345/659/582 670/660/255 671/661/583
f 671/661/583 670/660/255 669/662/581
f 672/1047/584 345/1048/582 671/1049/583
f 345/663/582 672/664/584 346/665/585
f 346/665/585 672/664/584 673/666/586
f 673/667/586 674/668/587 346/669/585
f 346/669/585 674/668/587 347/670/260
f 347/1050/260 674/1051/587 676/1052/257
f 676/1052/257 674/1051/587 675/885/588
f 677/1053/589 348/1054/258 676/1055/257
f 677/1053/589 676/1055/257 675/1056/588
f 348/1057/258 678/1058/590 349/707/259
f 348/1057/258 677/1059/589 678/1058/590
f 350/659/591 349/660/259 679/661/592
f 679/661/592 349/660/259 678/662/590
f 350/1060/591 679/1061/592 680/1062/593
f 350/663/591 680/664/593 351/665/594
f 351/665/594 680/664/593 681/666/595
f 681/667/595 682/668/596 351/669/594
f 351/669/594 682/668/596 352/670/265
f 352/1063/265 683/1064/597 353/1065/263
f 352/1063/265 682/1066/596 683/1064/597
f 684/1067/598 354/1068/264 353/1069/263
f 684/1067/598 353/1069/263 683/1070/597
f 354/1071/264 684/1072/598 685/1073/599
f 355/659/261 354/660/264 686/661/600
f 686/661/600 354/660/264 685/662/599
f 355/1074/261 686/912/600 687/1075/601
f 355/663/261 687/664/601 356/665/262
f 356/665/262 687/664/601 688/666/602
f 688/667/602 689/668/603 356/669/262
f 356/669/262 689/668/603 357/670/268
f 689/1076/603 690/1077/604 357/1078/268
f 691/1079/605 358/1080/266 690/1081/604
f 690/1081/604 358/1080/266 357/1082/268
f 358/1083/266 692/733/606 359/734/267
f 358/1083/266 691/1084/605 692/733/606
f 360/659/607 359/660/267 693/661/608
f 693/661/608 359/660/267 692/662/606
f 360/736/607 693/737/608 694/738/609
f 360/663/607 694/664/609 361/665/610
f 361/665/610 694/664/609 695/666/611
f 695/667/611 696/668/612 361/669/610
f 361/669/610 696/668/612 362/670/271
f 696/1085/612 697/1086/613 363/1087/270
f 363/1087/270 362/1088/271 696/1085/612
f 698/1089/614 364/1090/272 363/1091/270
f 698/1089/614 363/1091/270 697/1092/613
f 698/749/614 699/1093/615 364/1094/272
f 365/659/269 364/660/272 700/661/616
f 700/661/616 364/660/272 699/662/615
f 365/663/269 700/664/616 366/665/617
f 366/665/617 700/664/616 701/666/618
f 701/667/618 702/668/619 366/669/617
f 366/669/617 702/668/619 367/670/276
f 367/1095/276 702/1096/619 704/1097/274
f 704/1097/274 702/1096/619 703/1098/620
f 705/1099/621 368/1100/275 704/1101/274
f 705/1099/621 704/1101/274 703/1102/620
f 705/1103/621 706/1104/622 368/1105/275
f 369/659/273 368/660/275 707/661/623
f 707/661/623 368/660/275 706/662/622
f 708/1106/624 369/1107/273 707/1108/623
f 369/663/273 708/664/624 370/665/625
f 370/665/625 708/664/624 709/666/626
f 709/667/626 710/668/627 370/669/625
f 370/669/625 710/668/627 371/670/279
f 371/950/279 711/951/628 372/1109/278
f 371/950/279 710/773/627 711/951/628
f 712/1110/629 373/1111/280 372/1112/278
f 712/1110/629 372/1112/278 711/1113/628
f 373/1114/280 712/1115/629 713/1116/630
f 374/659/277 373/660/280 714/661/631
f 714/661/631 373/660/280 713/662/630
f 374/663/277 714/664/631 375/665/632
f 375/665/632 714/664/631 715/666/633
f 715/667/633 716/668/634 375/669/632
f 375/669/632 716/668/634 376/670/282
f 376/1117/282 716/1118/634 718/1119/281
f 718/1119/281 716/1118/634 717/1120/635
f 719/1121/636 377/1122/283 718/1123/281
f 719/1121/636 718/1123/281 717/1124/635
f 377/1125/283 720/1126/637 721/1127/284
f 377/1125/283 719/1128/636 720/1126/637
f 378/659/638 721/660/284 722/661/639
f 722/661/639 721/660/284 720/662/637
f 378/1129/638 722/794/639 723/1130/640
f 378/663/638 723/664/640 379/665/641
f 379/665/641 723/664/640 724/666/642
f 379/1131/641 724/1132/642 725/1133/643
f 725/667/643 726/668/644 379/669/641
f 379/669/641 726/668/644 380/670/287
f 726/1134/644 727/1135/645 381/1136/286
f 381/1136/286 380/1137/287 726/1134/644
f 728/1138/646 382/1139/288 381/1140/286
f 728/1138/646 381/1140/286 727/1141/645
f 728/1142/646 729/807/647 382/1143/288
f 383/659/285 382/660/288 730/661/648
f 730/661/648 382/660/288 729/662/647
f 731/1144/649 383/1145/285 730/1146/648
f 383/663/285 731/664/649 384/665/650
f 384/665/650 731/664/649 732/666/651
f 732/667/651 733/668/652 384/669/650
f 384/669/650 733/668/652 385/670/291
f 385/990/291 734/991/653 386/992/290
f 385/990/291 733/1147/652 734/991/653
f 735/1148/654 387/1149/292 386/1150/290
f 735/1148/654 386/1150/290 734/1151/653
f 735/1152/654 736/1153/655 387/1154/292
f 388/659/289 387/660/292 737/661/656
f 737/661/656 387/660/292 736/662/655
f 388/663/289 737/664/656 389/665/657
f 389/665/657 737/664/656 738/666/658
f 738/667/658 739/668/659 389/669/657
f 389/669/657 739/668/659 390/670/295
f 739/1155/659 740/1156/660 391/1003/294
f 391/1003/294 390/825/295 739/1155/659
f 741/1157/661 392/1158/296 391/1159/294
f 741/1157/661 391/1159/294 740/1160/660
f 392/1161/296 741/834/661 742/1162/662
f 393/659/293 392/660/296 743/661/663
f 743/661/663 392/660/296 742/662/662
f 393/1163/293 743/1164/663 744/1165/664
f 393/663/293 744/664/664 394/665/665
f 394/665/665 744/664/664 745/666/666
f 745/667/666 746/668/667 394/669/665
f 394/669/665 746/668/667 395/670/299
f 746/1015/667 747/1166/668 396/1167/298
f 396/1167/298 395/1168/299 746/1015/667
f 748/1169/669 397/1170/300 396/1171/298
f 748/1169/669 396/1171/298 747/1172/668
f 748/1173/669 749/1174/670 397/1175/300
f 398/659/297 397/660/300 750/661/671
f 750/661/671 397/660/300 749/662/670
f 398/663/297 750/664/671 399/665/672
f 399/665/672 750/664/671 751/666/673
f 751/667/673 752/668/674 399/669/672
f 399/669/672 752/668/674 400/670/303
f 752/671/674 753/1176/675 401/1177/302
f 401/1177/302 400/861/303 752/671/674
f 754/1178/676 402/1179/304 401/1180/302
f 754/1178/676 401/1180/302 753/1181/675
f 402/1182/304 754/1183/676 755/1184/677
f 403/659/301 402/660/304 756/661/678
f 756/661/678 402/660/304 755/662/677
f 403/663/301 756/664/678 404/665/305
f 404/665/305 756/664/678 757/666/679
f 757/667/679 758/668/680 404/669/305
f 404/669/305 758/668/680 405/670/307
f 758/1185/680 759/1186/681 405/1187/307
f 760/1188/682 406/1189/306 759/1190/681
f 759/1190/681 406/1189/306 405/1191/307
f 760/1192/682 761/1193/683 407/879/308
f 407/879/308 406/1194/306 760/1192/682
f 408/659/684 407/660/308 762/661/685
f 762/661/685 407/660/308 761/662/683
f 763/881/686 408/1195/684 762/1049/685
f 408/663/684 763/664/686 409/665/687
f 409/665/687 763/664/686 764/666/688
f 764/1196/688 765/1197/689 409/1198/687
f 765/667/689 766/668/690 409/669/687
f 409/669/687 766/668/690 410/670/311
f 766/1199/690 767/1200/691 411/1201/310
f 411/1201/310 410/1202/311 766/1199/690
f 768/1203/692 412/1204/312 411/1205/310
f 768/1203/692 411/1205/310 767/1206/691
f 768/1207/692 769/1208/693 412/1209/312
f 413/659/309 412/660/312 770/661/694
f 770/661/694 412/660/312 769/662/693
f 413/663/309 770/664/694 414/665/313
f 414/665/313 770/664/694 771/666/695
f 771/667/695 772/668/696 414/669/313
f 414/669/313 772/668/696 415/670/317
f 415/1210/317 772/1211/696 773/1212/697
f 774/1213/698 416/1214/316 773/1215/697
f 773/1215/697 416/1214/316 415/1216/317
f 416/1217/316 775/1073/699 417/1218/318
f 416/1217/316 774/1219/698 775/1073/699
f 418/659/315 417/660/318 776/661/700
f 776/661/700 417/660/318 775/662/699
f 418/1220/315 776/1221/700 777/1222/314
f 777/663/314 776/664/700 419/665/319
f 419/665/319 776/664/700 778/666/701
f 419/1223/319 778/1224/701 779/916/702
f 779/667/702 780/668/703 419/669/319
f 419/669/319 780/668/703 420/670/321
f 780/724/703 781/917/704 420/1225/321
f 782/1226/705 421/1227/320 781/1228/704
f 781/1228/704 421/1227/320 420/1229/321
f 421/1230/320 783/1231/706 422/734/322
f 421/1230/320 782/1232/705 783/1231/706
f 423/659/707 422/660/322 784/661/708
f 784/661/708 422/660/322 783/662/706
f 423/663/707 784/664/708 424/665/709
f 424/665/709 784/664/708 785/666/710
f 424/1233/709 785/1234/710 786/1235/711
f 786/667/711 787/668/712 424/669/709
f 424/669/709 787/668/712 425/670/324
f 425/1236/324 787/1237/712 788/1238/713
f 426/1239/323 425/1236/324 788/1238/713
f 789/1240/714 427/1241/325 426/1242/323
f 789/1240/714 426/1242/323 788/1243/713
f 427/1244/325 790/1245/715 791/1246/326
f 427/1244/325 789/1247/714 790/1245/715
f 428/659/716 791/660/326 792/661/717
f 792/661/717 791/660/326 790/662/715
f 792/753/717 793/754/718 428/755/716
f 428/663/716 793/664/718 429/665/719
f 429/665/719 793/664/718 794/666/720
f 794/667/720 795/668/721 429/669/719
f 429/669/719 795/668/721 430/670/328
f 430/1248/328 796/1249/722 797/1250/327
f 430/1248/328 795/1251/721 796/1249/722
f 798/1252/723 431/1253/329 797/1254/327
f 798/1252/723 797/1254/327 796/1255/722
f 800/1256/330 798/1257/723 799/1258/724
f 800/1256/330 431/1259/329 798/1257/723
f 432/659/725 800/660/330 801/661/726
f 801/661/726 800/660/330 799/662/724
f 802/1106/727 432/1260/725 801/1261/726
f 432/663/725 802/664/727 433/665/728
f 433/665/728 802/664/727 803/666/729
f 803/667/729 804/668/730 433/669/728
f 433/669/728 804/668/730 434/670/333
f 434/1262/333 804/1263/730 806/1264/332
f 806/1264/332 804/1263/730 805/1265/731
f 807/1266/732 435/1267/334 806/1268/332
f 807/1266/732 806/1268/332 805/1269/731
f 807/779/732 808/957/733 435/1270/334
f 436/659/331 435/660/334 809/661/734
f 809/661/734 435/660/334 808/662/733
f 436/663/331 809/664/734 437/665/335
f 437/665/335 809/664/734 810/666/735
f 810/1271/735 811/1272/736 437/1273/335
f 811/667/736 812/668/737 437/669/335
f 437/669/335 812/668/737 438/670/337
f 438/960/337 812/783/737 813/1274/738
f 814/1275/739 439/1276/336 813/1277/738
f 813/1277/738 439/1276/336 438/1278/337
f 814/966/739 815/967/740 440/968/338
f 440/968/338 439/792/336 814/966/739
f 441/659/741 440/660/338 816/661/742
f 816/661/742 440/660/338 815/662/740
f 441/663/741 816/664/742 442/665/743
f 442/665/743 816/664/742 817/666/744
f 817/667/744 818/668/745 442/669/743
f 442/669/743 818/668/745 443/670/341
f 443/975/341 818/976/745 820/1279/340
f 820/1279/340 818/976/745 819/1280/746
f 821/1281/747 444/1282/342 820/1283/340
f 821/1281/747 820/1283/340 819/1284/746
f 821/1285/747 822/1286/748 444/1287/342
f 445/659/339 444/660/342 823/661/749
f 823/661/749 444/660/342 822/662/748
f 445/663/339 823/664/749 446/665/750
f 446/665/750 823/664/749 824/666/751
f 824/667/751 825/668/752 446/669/750
f 446/669/750 825/668/752 447/670/344
f 825/1288/752 826/1289/753 447/1290/344
f 447/1290/344 826/1289/753 448/992/343
f 827/1291/754 449/1292/345 448/1293/343
f 827/1291/754 448/1293/343 826/1294/753
f 827/998/754 828/1295/755 450/1296/346
f 450/1296/346 449/1297/345 827/998/754
f 451/659/756 450/660/346 829/661/757
f 829/661/757 450/660/346 828/662/755
f 451/663/756 829/664/757 452/665/141
f 452/665/141 829/664/757 830/666/758
f 830/667/758 831/668/759 452/669/141
f 452/669/141 831/668/759 453/670/348
f 831/1298/759 832/1299/760 453/1300/348
f 833/1301/761 454/1302/347 832/1303/760
f 832/1303/760 454/1302/347 453/1304/348
f 835/1305/349 833/1306/761 834/1307/762
f 835/1305/349 454/1011/347 833/1306/761
f 455/659/763 835/660/349 836/661/764
f 836/661/764 835/660/349 834/662/762
f 455/1012/763 836/1013/764 837/1014/765
f 455/663/763 837/664/765 456/665/766
f 456/665/766 837/664/765 838/666/767
f 838/667/767 839/668/768 456/669/766
f 456/669/766 839/668/768 457/670/138
f 839/1015/768 840/1308/769 458/1309/137
f 458/1309/137 457/1168/138 839/1015/768
f 459/1310/350 208/1311/139 458/1312/137
f 459/1310/350 458/1312/137 840/1313/769
usemtl Opaque(74,74,74)
f 842/1314/10 833/1315/761 841/1316/10
f 843/1317/10 466/1318/357 842/1314/10
f 842/1314/10 466/1318/357 465/1319/356
f 844/1320/10 479/1321/373 843/1317/10
f 843/1317/10 479/1321/373 474/1322/366
f 474/1322/366 479/1321/373 478/1323/372
f 845/1324/10 487/1325/382 844/1320/10
f 846/1326/10 502/1327/398 845/1324/10
f 847/1328/10 510/1329/407 846/1326/10
f 848/1330/10 525/1331/423 847/1328/10
f 847/1328/10 525/1331/423 524/1332/422
f 849/1333/10 538/1334/439 848/1330/10
f 848/1330/10 538/1334/439 533/1335/432
f 533/1335/432 538/1334/439 537/1336/438
f 533/1335/432 537/1336/438 534/1337/433
f 534/1337/433 537/1336/438 536/1338/437
f 534/1337/433 536/1338/437 535/1339/435
f 850/1340/10 548/1341/449 849/1333/10
f 851/1342/10 566/1343/468 850/1340/10
f 850/1340/10 566/1343/468 565/1344/467
f 852/1345/10 579/1346/483 851/1342/10
f 851/1342/10 579/1346/483 573/1347/475
f 573/1347/475 579/1346/483 574/1348/476
f 574/1348/476 579/1346/483 578/1349/482
f 574/1348/476 578/1349/482 576/1350/479
f 576/1350/479 578/1349/482 577/1351/481
f 853/1352/10 588/1353/491 852/1345/10
f 854/1354/10 602/1355/506 853/1352/10
f 855/1356/10 610/1357/515 854/1354/10
f 856/1358/10 623/1359/530 855/1356/10
f 855/1356/10 623/1359/530 622/1360/529
f 857/1361/10 639/1362/548 856/1358/10
f 856/1358/10 639/1362/548 632/1363/540
f 632/1363/540 639/1362/548 633/1364/541
f 633/1364/541 639/1362/548 638/1365/547
f 633/1364/541 638/1365/547 636/1366/544
f 636/1366/544 638/1365/547 637/1367/546
f 858/1368/10 646/1369/556 857/1361/10
f 859/1370/10 661/1371/571 858/1368/10
f 858/1368/10 661/1371/571 660/1372/570
f 860/1373/10 675/1374/588 859/1370/10
f 859/1370/10 675/1374/588 669/1375/581
f 669/1375/581 675/1374/588 674/1376/587
f 861/1377/10 684/1378/598 860/1373/10
f 862/1379/10 697/1380/613 861/1377/10
f 863/1381/10 705/1382/621 862/1379/10
f 864/1383/10 719/1384/636 863/1381/10
f 863/1381/10 719/1384/636 717/1385/635
f 865/1386/10 734/1387/653 864/1383/10
f 864/1383/10 734/1387/653 728/1388/646
f 728/1388/646 734/1387/653 729/1389/647
f 729/1389/647 734/1387/653 733/1390/652
f 729/1389/647 733/1390/652 732/1391/651
f 729/1389/647 732/1391/651 731/1392/649
f 866/1393/10 741/1394/661 865/1386/10
f 867/1395/10 754/1396/676 866/1393/10
f 866/1393/10 754/1396/676 753/1397/675
f 868/1398/10 767/1399/691 867/1395/10
f 867/1395/10 767/1399/691 760/1400/682
f 760/1400/682 767/1399/691 761/1401/683
f 761/1401/683 767/1399/691 766/1402/690
f 869/1403/10 774/1404/698 868/1398/10
f 870/1405/10 788/1406/713 869/1403/10
f 871/1407/10 798/1408/723 870/1405/10
f 872/1409/10 814/1410/739 871/1407/10
f 871/1407/10 814/1410/739 813/1411/738
f 841/1316/10 826/1412/753 872/1409/10
f 872/1409/10 826/1412/753 821/1413/747
f 821/1413/747 826/1412/753 822/1414/748
f 822/1414/748 826/1412/753 825/1415/752
f 459/1416/350 840/1417/769 842/1314/10
f 842/1314/10 840/1417/769 833/1315/761
f 833/1315/761 840/1417/769 839/1418/768
f 833/1315/761 839/1418/768 834/1419/762
f 834/1419/762 839/1418/768 838/1420/767
f 834/1419/762 838/1420/767 837/1421/765
f 837/1421/765 836/1422/764 834/1419/762
f 841/1316/10 833/1315/761 832/1423/760
f 841/1316/10 832/1423/760 831/1424/759
f 841/1316/10 831/1424/759 828/1425/755
f 828/1425/755 831/1424/759 830/1426/758
f 828/1425/755 830/1426/758 829/1427/757
f 828/1425/755 827/1428/754 841/1316/10
f 827/1428/754 826/1412/753 841/1316/10
f 822/1414/748 825/1415/752 824/1429/751
f 822/1414/748 824/1429/751 823/1430/749
f 872/1409/10 821/1413/747 819/1431/746
f 872/1409/10 819/1431/746 815/1432/740
f 815/1432/740 819/1431/746 818/1433/745
f 815/1432/740 818/1433/745 817/1434/744
f 815/1432/740 817/1434/744 816/1435/742
f 815/1432/740 814/1410/739 872/1409/10
f 871/1407/10 813/1411/738 808/1436/733
f 871/1407/10 808/1436/733 807/1437/732
f 808/1436/733 813/1411/738 812/1438/737
f 808/1436/733 812/1438/737 809/1439/734
f 809/1439/734 812/1438/737 810/1440/735
f 810/1440/735 812/1438/737 811/1441/736
f 871/1407/10 807/1437/732 805/1442/731
f 871/1407/10 805/1442/731 798/1408/723
f 798/1408/723 805/1442/731 799/1443/724
f 799/1443/724 805/1442/731 804/1444/730
f 799/1443/724 804/1444/730 802/1445/727
f 802/1445/727 804/1444/730 803/1446/729
f 802/1445/727 801/1447/726 799/1443/724
f 870/1405/10 798/1408/723 796/1448/722
f 796/1448/722 795/1449/721 870/1405/10
f 870/1405/10 795/1449/721 790/1450/715
f 790/1450/715 795/1449/721 793/1451/718
f 793/1451/718 795/1449/721 794/1452/720
f 793/1451/718 792/1453/717 790/1450/715
f 790/1450/715 789/1454/714 870/1405/10
f 789/1454/714 788/1406/713 870/1405/10
f 869/1403/10 788/1406/713 782/1455/705
f 782/1455/705 788/1406/713 783/1456/706
f 783/1456/706 788/1406/713 787/1457/712
f 783/1456/706 787/1457/712 784/1458/708
f 784/1458/708 787/1457/712 785/1459/710
f 785/1459/710 787/1457/712 786/1460/711
f 869/1403/10 782/1455/705 781/1461/704
f 869/1403/10 781/1461/704 775/1462/699
f 775/1462/699 781/1461/704 780/1463/703
f 780/1463/703 778/1464/701 775/1462/699
f 780/1463/703 779/1465/702 778/1464/701
f 778/1464/701 776/1466/700 775/1462/699
f 775/1462/699 774/1404/698 869/1403/10
f 774/1404/698 773/1467/697 868/1398/10
f 868/1398/10 773/1467/697 772/1468/696
f 772/1468/696 769/1469/693 868/1398/10
f 868/1398/10 769/1469/693 768/1470/692
f 772/1468/696 771/1471/695 770/1472/694
f 772/1468/696 770/1472/694 769/1469/693
f 868/1398/10 768/1470/692 767/1399/691
f 766/1402/690 764/1473/688 761/1401/683
f 766/1402/690 765/1474/689 764/1473/688
f 764/1473/688 763/1475/686 761/1401/683
f 761/1401/683 763/1475/686 762/1476/685
f 867/1395/10 760/1400/682 759/1477/681
f 867/1395/10 759/1477/681 758/1478/680
f 758/1478/680 755/1479/677 867/1395/10
f 867/1395/10 755/1479/677 754/1396/676
f 755/1479/677 758/1478/680 756/1480/678
f 756/1480/678 758/1478/680 757/1481/679
f 866/1393/10 753/1397/675 752/1482/674
f 752/1482/674 749/1483/670 866/1393/10
f 866/1393/10 749/1483/670 748/1484/669
f 749/1483/670 752/1482/674 750/1485/671
f 750/1485/671 752/1482/674 751/1486/673
f 866/1393/10 748/1484/669 747/1487/668
f 866/1393/10 747/1487/668 741/1394/661
f 741/1394/661 747/1487/668 742/1488/662
f 742/1488/662 747/1487/668 746/1489/667
f 742/1488/662 746/1489/667 744/1490/664
f 744/1490/664 746/1489/667 745/1491/666
f 744/1490/664 743/1492/663 742/1488/662
f 865/1386/10 741/1394/661 740/1493/660
f 865/1386/10 740/1493/660 739/1494/659
f 865/1386/10 739/1494/659 736/1495/655
f 736/1495/655 739/1494/659 737/1496/656
f 737/1496/656 739/1494/659 738/1497/658
f 736/1495/655 735/1498/654 865/1386/10
f 735/1498/654 734/1387/653 865/1386/10
f 731/1392/649 730/1499/648 729/1389/647
f 864/1383/10 728/1388/646 727/1500/645
f 864/1383/10 727/1500/645 726/1501/644
f 864/1383/10 726/1501/644 720/1502/637
f 720/1502/637 726/1501/644 724/1503/642
f 720/1502/637 724/1503/642 723/1504/640
f 724/1503/642 726/1501/644 725/1505/643
f 723/1504/640 722/1506/639 720/1502/637
f 720/1502/637 719/1384/636 864/1383/10
f 717/1385/635 716/1507/634 863/1381/10
f 863/1381/10 716/1507/634 713/1508/630
f 713/1508/630 716/1507/634 715/1509/633
f 713/1508/630 715/1509/633 714/1510/631
f 713/1508/630 712/1511/629 863/1381/10
f 863/1381/10 712/1511/629 711/1512/628
f 863/1381/10 711/1512/628 705/1382/621
f 705/1382/621 711/1512/628 706/1513/622
f 706/1513/622 711/1512/628 710/1514/627
f 706/1513/622 710/1514/627 708/1515/624
f 708/1515/624 710/1514/627 709/1516/626
f 708/1515/624 707/1517/623 706/1513/622
f 862/1379/10 705/1382/621 703/1518/620
f 703/1518/620 702/1519/619 862/1379/10
f 862/1379/10 702/1519/619 699/1520/615
f 699/1520/615 702/1519/619 701/1521/618
f 699/1520/615 701/1521/618 700/1522/616
f 699/1520/615 698/1523/614 862/1379/10
f 698/1523/614 697/1380/613 862/1379/10
f 861/1377/10 697/1380/613 692/1524/606
f 861/1377/10 692/1524/606 691/1525/605
f 697/1380/613 696/1526/612 692/1524/606
f 692/1524/606 696/1526/612 694/1527/609
f 694/1527/609 696/1526/612 695/1528/611
f 694/1527/609 693/1529/608 692/1524/606
f 861/1377/10 691/1525/605 690/1530/604
f 861/1377/10 690/1530/604 689/1531/603
f 861/1377/10 689/1531/603 685/1532/599
f 685/1532/599 689/1531/603 688/1533/602
f 685/1532/599 688/1533/602 687/1534/601
f 687/1534/601 686/1535/600 685/1532/599
f 685/1532/599 684/1378/598 861/1377/10
f 684/1378/598 683/1536/597 860/1373/10
f 860/1373/10 683/1536/597 682/1537/596
f 860/1373/10 682/1537/596 678/1538/590
f 678/1538/590 682/1537/596 681/1539/595
f 678/1538/590 681/1539/595 680/1540/593
f 680/1540/593 679/1541/592 678/1538/590
f 860/1373/10 678/1538/590 677/1542/589
f 860/1373/10 677/1542/589 675/1374/588
f 674/1376/587 673/1543/586 669/1375/581
f 673/1543/586 672/1544/584 669/1375/581
f 669/1375/581 672/1544/584 671/1545/583
f 669/1375/581 668/1546/580 859/1370/10
f 859/1370/10 668/1546/580 667/1547/579
f 859/1370/10 667/1547/579 666/1548/578
f 859/1370/10 666/1548/578 662/1549/572
f 662/1549/572 666/1548/578 665/1550/577
f 662/1549/572 665/1550/577 664/1551/575
f 664/1551/575 663/1552/574 662/1549/572
f 859/1370/10 662/1549/572 661/1371/571
f 659/1553/569 655/1554/565 660/1372/570
f 660/1372/570 655/1554/565 858/1368/10
f 858/1368/10 655/1554/565 654/1555/564
f 655/1554/565 659/1553/569 657/1556/567
f 657/1556/567 659/1553/569 658/1557/568
f 858/1368/10 654/1555/564 653/1558/563
f 858/1368/10 653/1558/563 646/1369/556
f 646/1369/556 653/1558/563 652/1559/562
f 646/1369/556 652/1559/562 647/1560/557
f 647/1560/557 652/1559/562 650/1561/560
f 650/1561/560 652/1559/562 651/1562/561
f 650/1561/560 649/1563/559 647/1560/557
f 857/1361/10 646/1369/556 645/1564/555
f 857/1361/10 645/1564/555 644/1565/554
f 857/1361/10 644/1565/554 641/1566/550
f 641/1566/550 644/1565/554 642/1567/551
f 642/1567/551 644/1565/554 643/1568/553
f 641/1566/550 640/1569/549 857/1361/10
f 640/1569/549 639/1362/548 857/1361/10
f 636/1366/544 635/1570/543 633/1364/541
f 856/1358/10 632/1363/540 630/1571/539
f 856/1358/10 630/1571/539 624/1572/531
f 624/1572/531 630/1571/539 629/1573/538
f 624/1572/531 629/1573/538 627/1574/536
f 624/1572/531 627/1574/536 626/1575/534
f 627/1574/536 629/1573/538 628/1576/537
f 626/1575/534 625/1577/533 624/1572/531
f 624/1572/531 623/1359/530 856/1358/10
f 855/1356/10 622/1360/529 618/1578/524
f 855/1356/10 618/1578/524 617/1579/523
f 618/1578/524 622/1360/529 621/1580/528
f 618/1578/524 621/1580/528 619/1581/526
f 619/1581/526 621/1580/528 620/1582/527
f 855/1356/10 617/1579/523 616/1583/522
f 855/1356/10 616/1583/522 610/1357/515
f 610/1357/515 616/1583/522 611/1584/516
f 611/1584/516 616/1583/522 615/1585/521
f 611/1584/516 615/1585/521 613/1586/518
f 613/1586/518 615/1585/521 614/1587/520
f 854/1354/10 610/1357/515 609/1588/514
f 854/1354/10 609/1588/514 608/1589/513
f 854/1354/10 608/1589/513 604/1590/508
f 604/1590/508 608/1589/513 606/1591/511
f 606/1591/511 608/1589/513 607/1592/512
f 606/1591/511 605/1593/510 604/1590/508
f 604/1590/508 603/1594/507 854/1354/10
f 603/1594/507 602/1355/506 854/1354/10
f 853/1352/10 602/1355/506 596/1595/500
f 596/1595/500 602/1355/506 601/1596/505
f 596/1595/500 601/1596/505 597/1597/501
f 597/1597/501 601/1596/505 599/1598/503
f 599/1598/503 601/1596/505 600/1599/504
f 853/1352/10 596/1595/500 595/1600/499
f 853/1352/10 595/1600/499 588/1353/491
f 588/1353/491 595/1600/499 594/1601/498
f 588/1353/491 594/1601/498 589/1602/492
f 589/1602/492 594/1601/498 591/1603/494
f 591/1603/494 594/1601/498 592/1604/496
f 592/1604/496 594/1601/498 593/1605/497
f 591/1603/494 590/1606/493 589/1602/492
f 588/1353/491 586/1607/490 852/1345/10
f 852/1345/10 586/1607/490 585/1608/489
f 585/1608/489 581/1609/485 852/1345/10
f 585/1608/489 584/1610/488 583/1611/487
f 585/1608/489 583/1611/487 581/1609/485
f 581/1609/485 583/1611/487 582/1612/486
f 581/1609/485 580/1613/484 852/1345/10
f 852/1345/10 580/1613/484 579/1346/483
f 576/1350/479 575/1614/478 574/1348/476
f 851/1342/10 573/1347/475 571/1615/474
f 851/1342/10 571/1615/474 570/1616/473
f 570/1616/473 567/1617/469 851/1342/10
f 851/1342/10 567/1617/469 566/1343/468
f 567/1617/469 570/1616/473 568/1618/470
f 568/1618/470 570/1616/473 569/1619/472
f 850/1340/10 565/1344/467 564/1620/466
f 564/1620/466 559/1621/460 850/1340/10
f 850/1340/10 559/1621/460 558/1622/459
f 559/1621/460 564/1620/466 562/1623/463
f 562/1623/463 564/1620/466 563/1624/465
f 562/1623/463 561/1625/462 559/1621/460
f 850/1340/10 558/1622/459 556/1626/458
f 850/1340/10 556/1626/458 548/1341/449
f 548/1341/449 556/1626/458 549/1627/450
f 549/1627/450 556/1626/458 555/1628/457
f 549/1627/450 555/1628/457 552/1629/453
f 552/1629/453 555/1628/457 553/1630/455
f 553/1630/455 555/1628/457 554/1631/456
f 552/1629/453 551/1632/452 549/1627/450
f 849/1333/10 548/1341/449 547/1633/448
f 547/1633/448 546/1634/447 849/1333/10
f 849/1333/10 546/1634/447 541/1635/441
f 541/1635/441 546/1634/447 543/1636/443
f 543/1636/443 546/1634/447 544/1637/445
f 544/1637/445 546/1634/447 545/1638/446
f 849/1333/10 541/1635/441 540/1639/440
f 540/1639/440 538/1334/439 849/1333/10
f 848/1330/10 533/1335/432 532/1640/431
f 848/1330/10 532/1640/431 526/1641/424
f 526/1641/424 532/1640/431 531/1642/430
f 526/1641/424 531/1642/430 529/1643/428
f 526/1641/424 529/1643/428 528/1644/427
f 529/1643/428 531/1642/430 530/1645/429
f 528/1644/427 527/1646/426 526/1641/424
f 526/1641/424 525/1331/423 848/1330/10
f 847/1328/10 524/1332/422 519/1647/417
f 847/1328/10 519/1647/417 518/1648/416
f 524/1332/422 523/1649/421 519/1647/417
f 519/1647/417 523/1649/421 522/1650/420
f 519/1647/417 522/1650/420 521/1651/419
f 847/1328/10 518/1648/416 516/1652/415
f 847/1328/10 516/1652/415 510/1329/407
f 510/1329/407 516/1652/415 511/1653/408
f 511/1653/408 516/1652/415 515/1654/414
f 511/1653/408 515/1654/414 514/1655/413
f 511/1653/408 514/1655/413 513/1656/411
f 513/1656/411 512/1657/410 511/1653/408
f 846/1326/10 510/1329/407 509/1658/406
f 846/1326/10 509/1658/406 508/1659/405
f 846/1326/10 508/1659/405 504/1660/400
f 504/1660/400 508/1659/405 507/1661/404
f 504/1660/400 507/1661/404 506/1662/403
f 505/1663/402 504/1660/400 506/1662/403
f 504/1660/400 503/1664/399 846/1326/10
f 503/1664/399 502/1327/398 846/1326/10
f 845/1324/10 502/1327/398 496/1665/392
f 845/1324/10 496/1665/392 495/1666/391
f 496/1665/392 502/1327/398 501/1667/397
f 501/1667/397 499/1668/396 496/1665/392
f 499/1668/396 498/1669/395 496/1665/392
f 496/1665/392 498/1669/395 497/1670/394
f 845/1324/10 495/1666/391 494/1671/390
f 845/1324/10 494/1671/390 487/1325/382
f 487/1325/382 494/1671/390 493/1672/389
f 487/1325/382 493/1672/389 488/1673/383
f 488/1673/383 493/1672/389 492/1674/388
f 488/1673/383 492/1674/388 491/1675/386
f 491/1675/386 490/1676/385 488/1673/383
f 487/1325/382 485/1677/381 844/1320/10
f 844/1320/10 485/1677/381 484/1678/380
f 844/1320/10 484/1678/380 481/1679/375
f 481/1679/375 484/1678/380 483/1680/379
f 481/1679/375 483/1680/379 482/1681/377
f 481/1679/375 480/1682/374 844/1320/10
f 844/1320/10 480/1682/374 479/1321/373
f 474/1322/366 478/1323/372 475/1683/367
f 475/1683/367 478/1323/372 477/1684/371
f 475/1683/367 477/1684/371 476/1685/369
f 843/1317/10 474/1322/366 473/1686/365
f 843/1317/10 473/1686/365 467/1687/358
f 467/1687/358 473/1686/365 472/1688/364
f 467/1687/358 472/1688/364 471/1689/363
f 467/1687/358 471/1689/363 470/1690/361
f 470/1690/361 469/1691/360 467/1687/358
f 843/1317/10 467/1687/358 466/1318/357
f 842/1314/10 465/1319/356 464/1692/355
f 464/1692/355 460/1693/351 842/1314/10
f 842/1314/10 460/1693/351 459/1416/350
f 460/1693/351 464/1692/355 462/1694/353
f 462/1694/353 464/1692/355 463/1695/354
f 909/1731/819 910/1732/820 919/1733/821
f 915/1734/822 916/1735/823 908/1736/824
f 915/1734/822 908/1736/824 914/1737/825
f 918/1738/826 919/1733/821 912/1739/827
f 918/1738/826 912/1739/827 920/1740/828
f 917/1741/829 920/1740/828 913/1742/830
f 917/1741/829 913/1742/830 916/1735/823
f 916/1735/823 913/1742/830 908/1736/824
f 910/1732/820 911/1743/831 919/1733/821
f 919/1733/821 911/1743/831 912/1739/827
f 920/1740/828 912/1739/827 913/1742/830
f 922/1744/832 923/1745/833 921/1746/834
f 921/1746/834 914/1747/825 908/258/824
f 921/1746/834 923/1745/833 914/1747/825
f 914/1747/825 923/1745/833 915/1748/822
f 962/1754/884 963/1755/885 961/1756/886
f 961/1756/886 963/1755/885 959/1757/887
f 961/1756/886 959/1757/887 960/1758/888
f 922/1759/832 921/1760/834 965/1761/889
f 965/1761/889 921/1760/834 907/1762/890
f 965/1761/889 907/1762/890 966/1763/891
f 964/1764/892 966/1763/891 958/1765/893
f 964/1764/892 958/1765/893 967/1766/894
f 963/1755/885 967/1766/894 959/1757/887
f 966/1763/891 907/1762/890 958/1765/893
f 967/1766/894 958/1765/893 959/1757/887
f 872/1767/895 1016/1768/896 841/1769/111
f 841/1769/111 1016/1768/896 1001/1770/897
f 841/1771/111 1001/1772/897 1124/1773/898
f 1124/1773/898 1001/1772/897 1002/1774/899
f 1124/1773/898 1002/1774/899 1125/1775/900
f 1125/1775/900 1002/1774/899 1003/1776/901
f 1125/1775/900 1003/1776/901 1126/1777/902
f 1126/1777/902 1003/1776/901 976/1778/903
f 1126/1777/902 976/1778/903 977/1779/904
f 1016/1768/896 872/1767/895 1019/1780/905
f 1019/1780/905 872/1767/895 871/1781/906
f 1019/1780/905 871/1781/906 1022/1782/907
f 1022/1782/907 871/1781/906 870/1783/908
f 1022/1782/907 870/1783/908 1025/1784/909
f 1025/1784/909 870/1783/908 1004/1785/910
f 1025/1784/909 1004/1785/910 1032/1786/911
f 1032/1786/911 1004/1785/910 1029/1787/912
f 1032/1786/911 1029/1787/912 1030/1788/913
f 1030/1788/913 1029/1787/912 1035/1789/914
f 1030/1788/913 1035/1789/914 970/1790/915
f 970/1790/915 1035/1789/914 1038/1791/916
f 970/1790/915 1038/1791/916 969/1792/917
f 969/1792/917 1038/1791/916 1042/1793/918
f 969/1792/917 1042/1793/918 968/1794/919
f 968/1794/919 1042/1793/918 1041/1795/920
f 968/1794/919 1041/1795/920 1000/1796/921
f 1000/1796/921 1041/1795/920 1046/1797/922
f 1000/1796/921 1046/1797/922 999/1798/923
f 999/1798/923 1046/1797/922 1048/1799/924
f 999/1798/923 1048/1799/924 998/1800/925
f 998/1800/925 1048/1799/924 1050/1801/926
f 998/1800/925 1050/1801/926 1006/1802/927
f 1006/1802/927 1050/1801/926 1049/1803/928
f 1006/1802/927 1049/1803/928 1055/1804/929
f 1055/1804/929 1049/1803/928 1054/1805/930
f 1055/1804/929 1054/1805/930 1057/1806/931
f 1057/1806/931 1054/1805/930 1056/1807/932
f 1057/1806/931 1056/1807/932 1061/1808/933
f 1061/1808/933 1056/1807/932 1062/1809/934
f 1061/1808/933 1062/1809/934 1060/1810/935
f 1060/1810/935 1062/1809/934 1059/1811/936
f 1060/1810/935 1059/1811/936 1066/1812/937
f 1066/1812/937 1059/1811/936 1065/1813/938
f 1066/1812/937 1065/1813/938 1069/1814/939
f 1069/1814/939 1065/1813/938 1068/1815/940
f 1069/1814/939 1068/1815/940 1073/1816/941
f 1073/1816/941 1068/1815/940 1074/1817/942
f 1073/1816/941 1074/1817/942 1072/1818/943
f 1072/1818/943 1074/1817/942 1071/1819/944
f 1072/1818/943 1071/1819/944 1078/1820/945
f 1078/1820/945 1071/1819/944 1077/1821/946
f 1078/1820/945 1077/1821/946 1081/1822/947
f 1081/1822/947 1077/1821/946 1080/1823/948
f 1081/1822/947 1080/1823/948 1084/1824/949
f 1084/1824/949 1080/1823/948 1083/1825/950
f 1084/1824/949 1083/1825/950 1088/1826/951
f 1088/1826/951 1083/1825/950 1089/1827/952
f 1088/1826/951 1089/1827/952 1087/1828/953
f 1087/1828/953 1089/1827/952 1086/1829/954
f 1087/1828/953 1086/1829/954 1092/1830/955
f 1092/1830/955 1086/1829/954 1091/1831/956
f 1092/1830/955 1091/1831/956 1095/1832/957
f 1095/1832/957 1091/1831/956 1094/1833/958
f 1095/1832/957 1094/1833/958 1099/1834/959
f 1099/1834/959 1094/1833/958 1100/1835/960
f 1099/1834/959 1100/1835/960 1098/1836/961
f 1098/1836/961 1100/1835/960 1097/1837/962
f 1098/1836/961 1097/1837/962 1103/1838/963
f 1103/1838/963 1097/1837/962 1102/1839/964
f 1103/1838/963 1102/1839/964 1105/1840/965
f 1105/1840/965 1102/1839/964 1104/1841/966
f 1105/1840/965 1104/1841/966 1107/1842/967
f 1107/1842/967 1104/1841/966 1108/1843/968
f 1107/1842/967 1108/1843/968 1106/1844/969
f 1106/1844/969 1108/1843/968 1014/1845/970
f 1106/1844/969 1014/1845/970 1111/1846/971
f 1111/1846/971 1014/1845/970 1110/1847/972
f 1111/1846/971 1110/1847/972 1113/1848/973
f 1113/1848/973 1110/1847/972 1015/1849/974
f 1113/1848/973 1015/1849/974 1119/1850/975
f 1119/1850/975 1015/1849/974 1120/1851/976
f 1119/1850/975 1120/1851/976 1116/1852/977
f 1116/1852/977 1120/1851/976 1115/1853/978
f 1116/1852/977 1115/1853/978 1122/1854/979
f 1122/1854/979 1115/1853/978 1121/1855/980
f 1122/1854/979 1121/1855/980 1125/1775/900
f 1125/1775/900 1121/1855/980 1124/1773/898
f 870/1783/908 869/1856/981 1004/1785/910
f 1004/1785/910 869/1856/981 1028/1857/982
f 1004/1785/910 1028/1857/982 1029/1787/912
f 1029/1787/912 1028/1857/982 1034/1858/983
f 1029/1787/912 1034/1858/983 1035/1789/914
f 1035/1789/914 1034/1858/983 1038/1791/916
f 869/1856/981 868/1859/984 1028/1857/982
f 1028/1857/982 868/1859/984 1033/1860/985
f 1028/1857/982 1033/1860/985 1034/1858/983
f 1034/1858/983 1033/1860/985 1037/1861/986
f 1034/1858/983 1037/1861/986 1038/1791/916
f 1038/1791/916 1037/1861/986 1042/1793/918
f 868/1859/984 867/1862/987 1033/1860/985
f 1033/1860/985 867/1862/987 1036/1863/988
f 1033/1860/985 1036/1863/988 1037/1861/986
f 1037/1861/986 1036/1863/988 1043/1864/989
f 1037/1861/986 1043/1864/989 1042/1793/918
f 1042/1793/918 1043/1864/989 1041/1795/920
f 1036/1863/988 867/1862/987 1005/1865/990
f 1005/1865/990 867/1862/987 866/1866/991
f 1005/1865/990 866/1866/991 1039/1867/992
f 1039/1867/992 866/1866/991 865/1868/993
f 1039/1867/992 865/1868/993 1044/1869/994
f 1044/1869/994 865/1868/993 864/1870/995
f 1044/1869/994 864/1870/995 1007/1871/996
f 1007/1871/996 864/1870/995 863/1872/997
f 1007/1871/996 863/1872/997 1052/1873/998
f 1052/1873/998 863/1872/997 1008/1874/999
f 1052/1873/998 1008/1874/999 1051/1875/1000
f 1051/1875/1000 1008/1874/999 1049/1803/928
f 1051/1875/1000 1049/1803/928 1050/1801/926
f 863/1872/997 862/1876/1001 1008/1874/999
f 1008/1874/999 862/1876/1001 1053/1877/1002
f 1008/1874/999 1053/1877/1002 1054/1805/930
f 1054/1805/930 1053/1877/1002 1056/1807/932
f 862/1876/1001 861/1878/1003 1053/1877/1002
f 1053/1877/1002 861/1878/1003 1009/1879/1004
f 1053/1877/1002 1009/1879/1004 1056/1807/932
f 1056/1807/932 1009/1879/1004 1062/1809/934
f 861/1878/1003 860/1880/1005 1009/1879/1004
f 1009/1879/1004 860/1880/1005 1063/1881/1006
f 1009/1879/1004 1063/1881/1006 1062/1809/934
f 1062/1809/934 1063/1881/1006 1059/1811/936
f 1063/1881/1006 860/1880/1005 1058/1882/1007
f 1058/1882/1007 860/1880/1005 859/1883/1008
f 1058/1882/1007 859/1883/1008 1064/1884/1009
f 1064/1884/1009 859/1883/1008 858/1885/1010
f 1064/1884/1009 858/1885/1010 1067/1886/1011
f 1067/1886/1011 858/1885/1010 857/1887/125
f 1067/1886/1011 857/1887/125 1075/1888/1012
f 1075/1888/1012 857/1887/125 1070/1889/1013
f 1075/1888/1012 1070/1889/1013 1071/1819/944
f 1071/1819/944 1070/1889/1013 1077/1821/946
f 857/1887/125 856/1890/1014 1070/1889/1013
f 1070/1889/1013 856/1890/1014 1076/1891/1015
f 1070/1889/1013 1076/1891/1015 1077/1821/946
f 1077/1821/946 1076/1891/1015 1080/1823/948
f 856/1890/1014 855/1892/1016 1076/1891/1015
f 1076/1891/1015 855/1892/1016 1079/1893/1017
f 1076/1891/1015 1079/1893/1017 1080/1823/948
f 1080/1823/948 1079/1893/1017 1083/1825/950
f 855/1892/1016 854/1894/1018 1079/1893/1017
f 1079/1893/1017 854/1894/1018 1082/1895/1019
f 1079/1893/1017 1082/1895/1019 1083/1825/950
f 1083/1825/950 1082/1895/1019 1089/1827/952
f 1082/1895/1019 854/1894/1018 1010/1896/1020
f 1010/1896/1020 854/1894/1018 853/1897/1021
f 1010/1896/1020 853/1897/1021 1085/1898/1022
f 1085/1898/1022 853/1897/1021 852/1899/1023
f 1085/1898/1022 852/1899/1023 1090/1900/1024
f 1090/1900/1024 852/1899/1023 851/1901/1025
f 1090/1900/1024 851/1901/1025 1093/1902/1026
f 1093/1902/1026 851/1901/1025 1011/1903/1027
f 1093/1902/1026 1011/1903/1027 1100/1835/960
f 1100/1835/960 1011/1903/1027 1097/1837/962
f 851/1901/1025 850/1904/1028 1011/1903/1027
f 1011/1903/1027 850/1904/1028 1096/1905/1029
f 1011/1903/1027 1096/1905/1029 1097/1837/962
f 1097/1837/962 1096/1905/1029 1102/1839/964
f 850/1904/1028 849/1906/1030 1096/1905/1029
f 1096/1905/1029 849/1906/1030 1101/1907/1031
f 1096/1905/1029 1101/1907/1031 1102/1839/964
f 1102/1839/964 1101/1907/1031 1104/1841/966
f 849/1906/1030 848/1908/1032 1101/1907/1031
f 1101/1907/1031 848/1908/1032 1013/1909/1033
f 1101/1907/1031 1013/1909/1033 1104/1841/966
f 1104/1841/966 1013/1909/1033 1108/1843/968
f 848/1908/1032 847/1910/1034 1013/1909/1033
f 1013/1909/1033 847/1910/1034 1109/1911/1035
f 1013/1909/1033 1109/1911/1035 1108/1843/968
f 1108/1843/968 1109/1911/1035 1014/1845/970
f 1109/1911/1035 847/1910/1034 1014/1845/970
f 1014/1845/970 847/1910/1034 846/1912/1036
f 1014/1845/970 846/1912/1036 1110/1847/972
f 1110/1847/972 846/1912/1036 845/1913/1037
f 1110/1847/972 845/1913/1037 1015/1849/974
f 1015/1849/974 845/1913/1037 844/1914/1038
f 1015/1849/974 844/1914/1038 1120/1851/976
f 1120/1851/976 844/1914/1038 1115/1853/978
f 844/1914/1038 843/1915/1039 1115/1853/978
f 1115/1853/978 843/1915/1039 1121/1855/980
f 843/1915/1039 842/1916/1040 1121/1855/980
f 1121/1855/980 842/1916/1040 1124/1773/898
f 842/1916/1040 841/1771/111 1124/1773/898
f 970/1790/915 971/1917/1041 1030/1788/913
f 1030/1788/913 971/1917/1041 1031/1918/1042
f 1030/1788/913 1031/1918/1042 1032/1786/911
f 1032/1786/911 1031/1918/1042 1026/1919/1043
f 1032/1786/911 1026/1919/1043 1025/1784/909
f 1025/1784/909 1026/1919/1043 1022/1782/907
f 971/1917/1041 972/1920/1044 1031/1918/1042
f 1031/1918/1042 972/1920/1044 1027/1921/1045
f 1031/1918/1042 1027/1921/1045 1026/1919/1043
f 1026/1919/1043 1027/1921/1045 1023/1922/1046
f 1026/1919/1043 1023/1922/1046 1022/1782/907
f 1022/1782/907 1023/1922/1046 1019/1780/905
f 972/1920/1044 973/1923/1047 1027/1921/1045
f 1027/1921/1045 973/1923/1047 1024/1924/1048
f 1027/1921/1045 1024/1924/1048 1023/1922/1046
f 1023/1922/1046 1024/1924/1048 1020/1925/1049
f 1023/1922/1046 1020/1925/1049 1019/1780/905
f 1019/1780/905 1020/1925/1049 1016/1768/896
f 973/1923/1047 974/1926/1050 1024/1924/1048
f 1024/1924/1048 974/1926/1050 1021/1927/1051
f 1024/1924/1048 1021/1927/1051 1020/1925/1049
f 1020/1925/1049 1021/1927/1051 1017/1928/1052
f 1020/1925/1049 1017/1928/1052 1016/1768/896
f 1016/1768/896 1017/1928/1052 1001/1770/897
f 974/1926/1050 975/1929/1053 1021/1927/1051
f 1021/1927/1051 975/1929/1053 1018/1930/1054
f 1021/1927/1051 1018/1930/1054 1017/1928/1052
f 1017/1928/1052 1018/1930/1054 1002/1931/899
f 1017/1928/1052 1002/1931/899 1001/1770/897
f 975/1929/1053 976/1932/903 1018/1930/1054
f 1018/1930/1054 976/1932/903 1003/1933/901
f 1018/1930/1054 1003/1933/901 1002/1931/899
f 1126/1777/902 977/1779/904 1123/1934/1055
f 1123/1934/1055 977/1779/904 978/1935/1056
f 1123/1934/1055 978/1935/1056 1117/1936/1057
f 1117/1936/1057 978/1935/1056 979/1937/1058
f 1117/1936/1057 979/1937/1058 1118/1938/1059
f 1118/1938/1059 979/1937/1058 980/1939/1060
f 1118/1938/1059 980/1939/1060 1114/1940/1061
f 1114/1940/1061 980/1939/1060 981/1941/1062
f 1114/1940/1061 981/1941/1062 1112/1942/1063
f 1112/1942/1063 981/1941/1062 982/1943/1064
f 1112/1942/1063 982/1943/1064 1012/1944/1065
f 1012/1944/1065 982/1943/1064 983/1945/1066
f 1012/1944/1065 983/1945/1066 1107/1842/967
f 1107/1842/967 983/1945/1066 1105/1840/965
f 983/1945/1066 915/1946/822 1105/1840/965
f 1105/1840/965 915/1946/822 1103/1838/963
f 915/1946/822 923/1947/833 1103/1838/963
f 1103/1838/963 923/1947/833 1098/1836/961
f 923/1947/833 922/1948/832 1098/1836/961
f 1098/1836/961 922/1948/832 1099/1834/959
f 922/1948/832 984/1949/1067 1099/1834/959
f 1099/1834/959 984/1949/1067 1095/1832/957
f 984/1949/1067 985/1950/1068 1095/1832/957
f 1095/1832/957 985/1950/1068 1092/1830/955
f 1092/1830/955 985/1950/1068 1087/1828/953
f 1087/1828/953 985/1950/1068 986/1951/1069
f 1087/1828/953 986/1951/1069 1088/1826/951
f 1088/1826/951 986/1951/1069 987/1952/1070
f 1088/1826/951 987/1952/1070 1084/1824/949
f 1084/1824/949 987/1952/1070 988/1953/1071
f 1084/1824/949 988/1953/1071 1081/1822/947
f 1081/1822/947 988/1953/1071 989/1954/1072
f 1081/1822/947 989/1954/1072 1078/1820/945
f 1078/1820/945 989/1954/1072 990/1955/1073
f 1078/1820/945 990/1955/1073 1072/1818/943
f 1072/1818/943 990/1955/1073 991/1956/1074
f 1072/1818/943 991/1956/1074 1073/1816/941
f 1073/1816/941 991/1956/1074 1069/1814/939
f 991/1956/1074 992/1957/1075 1069/1814/939
f 1069/1814/939 992/1957/1075 1066/1812/937
f 992/1957/1075 993/1958/1076 1066/1812/937
f 1066/1812/937 993/1958/1076 1060/1810/935
f 993/1958/1076 994/1959/1077 1060/1810/935
f 1060/1810/935 994/1959/1077 1061/1808/933
f 994/1959/1077 995/1960/1078 1061/1808/933
f 1061/1808/933 995/1960/1078 1057/1806/931
f 995/1960/1078 996/1961/1079 1057/1806/931
f 1057/1806/931 996/1961/1079 1055/1804/929
f 996/1961/1079 997/1962/1080 1055/1804/929
f 1055/1804/929 997/1962/1080 1006/1802/927
f 997/1962/1080 998/1800/925 1006/1802/927
f 1039/1867/992 1040/1963/1081 1005/1865/990
f 1005/1865/990 1040/1963/1081 1043/1864/989
f 1005/1865/990 1043/1864/989 1036/1863/988
f 1046/1797/922 1041/1795/920 1040/1963/1081
f 1040/1963/1081 1041/1795/920 1043/1864/989
f 1040/1963/1081 1039/1867/992 1045/1964/1082
f 1045/1964/1082 1039/1867/992 1044/1869/994
f 1045/1964/1082 1044/1869/994 1047/1965/1083
f 1047/1965/1083 1044/1869/994 1007/1871/996
f 1047/1965/1083 1007/1871/996 1051/1875/1000
f 1051/1875/1000 1007/1871/996 1052/1873/998
f 1048/1799/924 1046/1797/922 1045/1964/1082
f 1045/1964/1082 1046/1797/922 1040/1963/1081
f 1048/1799/924 1045/1964/1082 1047/1965/1083
f 1050/1801/926 1048/1799/924 1047/1965/1083
f 1050/1801/926 1047/1965/1083 1051/1875/1000
f 1054/1805/930 1049/1803/928 1008/1874/999
f 1065/1813/938 1059/1811/936 1058/1882/1007
f 1058/1882/1007 1059/1811/936 1063/1881/1006
f 1068/1815/940 1065/1813/938 1064/1884/1009
f 1064/1884/1009 1065/1813/938 1058/1882/1007
f 1074/1817/942 1068/1815/940 1067/1886/1011
f 1067/1886/1011 1068/1815/940 1064/1884/1009
f 1075/1888/1012 1071/1819/944 1074/1817/942
f 1067/1886/1011 1075/1888/1012 1074/1817/942
f 1085/1898/1022 1086/1829/954 1010/1896/1020
f 1010/1896/1020 1086/1829/954 1089/1827/952
f 1010/1896/1020 1089/1827/952 1082/1895/1019
f 1086/1829/954 1085/1898/1022 1091/1831/956
f 1091/1831/956 1085/1898/1022 1090/1900/1024
f 1091/1831/956 1090/1900/1024 1094/1833/958
f 1094/1833/958 1090/1900/1024 1093/1902/1026
f 1094/1833/958 1093/1902/1026 1100/1835/960
f 1112/1942/1063 1012/1944/1065 1106/1844/969
f 1106/1844/969 1012/1944/1065 1107/1842/967
f 1112/1942/1063 1106/1844/969 1111/1846/971
f 1114/1940/1061 1112/1942/1063 1111/1846/971
f 1114/1940/1061 1111/1846/971 1113/1848/973
f 1118/1938/1059 1114/1940/1061 1113/1848/973
f 1118/1938/1059 1113/1848/973 1119/1850/975
f 1118/1938/1059 1119/1850/975 1117/1936/1057
f 1117/1936/1057 1119/1850/975 1116/1852/977
f 1117/1936/1057 1116/1852/977 1123/1934/1055
f 1123/1934/1055 1116/1852/977 1122/1854/979
f 1123/1934/1055 1122/1854/979 1126/1777/902
f 1126/1777/902 1122/1854/979 1125/1775/900
f 1127/1966/1084 1128/1967/1085 1138/1968/1086
f 1138/1968/1086 1131/1969/1087 1137/1970/1088
f 1137/1970/1088 1133/1971/1089 1136/1972/1090
f 1135/1973/1091 1136/1972/1090 1134/1974/1092
f 1135/1973/1091 1134/1974/1092 968/1975/919
f 1138/1968/1086 1128/1967/1085 1130/1976/1093
f 1138/1968/1086 1130/1976/1093 1131/1969/1087
f 1137/1970/1088 1131/1969/1087 1132/1977/1094
f 1137/1970/1088 1132/1977/1094 1133/1971/1089
f 1136/1972/1090 1133/1971/1089 1134/1974/1092
f 1128/1967/1085 1129/1978/1095 1130/1976/1093
f 1149/1979/1096 1141/1980/1097 1148/1981/1098
f 1147/1982/1099 1144/1983/1100 1304/1984/1101
f 1304/1984/1101 1144/1983/1100 1146/1985/1102
f 1146/1985/1102 1144/1983/1100 1145/1986/1103
f 1139/1987/1104 999/1988/923 1149/1979/1096
f 1149/1979/1096 999/1988/923 1140/1989/1105
f 1149/1979/1096 1140/1989/1105 1141/1980/1097
f 1148/1981/1098 1141/1980/1097 1142/1990/1106
f 1148/1981/1098 1142/1990/1106 1147/1982/1099
f 1147/1982/1099 1142/1990/1106 1143/1991/1107
f 1147/1982/1099 1143/1991/1107 1144/1983/1100
f 1000/1992/921 1135/1993/1091 968/1994/919
f 1139/1995/1104 1135/1993/1091 1000/1992/921
f 1139/1995/1104 1000/1992/921 999/1996/923
f 915/2042/822 983/2043/1066 916/2044/823
f 916/2044/823 983/2043/1066 917/2045/829
f 917/2045/829 983/2043/1066 1211/2046/1160
f 917/2045/829 1211/2046/1160 920/2047/828
f 920/2047/828 1211/2046/1160 1213/2048/1161
f 920/2047/828 1213/2048/1161 918/2049/826
f 918/2049/826 1213/2048/1161 1221/2050/1162
f 918/2049/826 1221/2050/1162 919/2051/821
f 919/2051/821 1221/2050/1162 1226/2052/1163
f 919/2051/821 1226/2052/1163 1209/2053/1164
f 1209/2053/1164 1226/2052/1163 1208/2054/1165
f 1208/2054/1165 1226/2052/1163 1220/2055/1166
f 1208/2054/1165 1220/2055/1166 1207/2056/1167
f 983/2043/1066 982/2057/1064 1211/2046/1160
f 982/2057/1064 981/2058/1062 1211/2046/1160
f 1211/2046/1160 981/2058/1062 1213/2048/1161
f 1213/2048/1161 981/2058/1062 1212/2059/1168
f 1212/2059/1168 981/2058/1062 980/2060/1060
f 1212/2059/1168 980/2060/1060 979/2061/1058
f 978/2062/1056 1219/2063/1169 979/2061/1058
f 979/2061/1058 1219/2063/1169 1220/2055/1166
f 979/2061/1058 1220/2055/1166 1212/2059/1168
f 1212/2059/1168 1220/2055/1166 1221/2050/1162
f 1212/2059/1168 1221/2050/1162 1213/2048/1161
f 1219/2063/1169 978/2062/1056 1218/2064/1170
f 1218/2064/1170 978/2062/1056 977/2065/904
f 1218/2064/1170 977/2065/904 1205/2066/1171
f 1205/2066/1171 977/2065/904 976/2067/903
f 1205/2066/1171 976/2067/903 1204/2068/1172
f 1204/2068/1172 976/2067/903 975/2069/1053
f 1204/2068/1172 975/2069/1053 1217/2070/1173
f 1217/2070/1173 975/2069/1053 974/2071/1050
f 1217/2070/1173 974/2071/1050 1216/2072/1174
f 1216/2072/1174 974/2071/1050 973/2073/1047
f 1216/2072/1174 973/2073/1047 1215/2074/1175
f 1215/2074/1175 973/2073/1047 1222/2075/1176
f 1215/2074/1175 1222/2075/1176 1223/2076/1177
f 1223/2076/1177 1222/2075/1176 971/2077/1041
f 1223/2076/1177 971/2077/1041 1224/2078/1178
f 1224/2078/1178 971/2077/1041 970/2079/915
f 1224/2078/1178 970/2079/915 969/2080/917
f 1134/2081/1092 969/2080/917 968/2082/919
f 973/2073/1047 972/2083/1044 1222/2075/1176
f 1222/2075/1176 972/2083/1044 971/2077/1041
f 1134/2081/1092 1133/2084/1089 969/2080/917
f 969/2080/917 1133/2084/1089 1224/2078/1178
f 1133/2084/1089 1132/2085/1094 1224/2078/1178
f 1224/2078/1178 1132/2085/1094 1223/2076/1177
f 1132/2085/1094 1131/2086/1087 1223/2076/1177
f 1223/2076/1177 1131/2086/1087 1214/2087/1179
f 1223/2076/1177 1214/2087/1179 1215/2074/1175
f 1215/2074/1175 1214/2087/1179 1201/2088/1180
f 1215/2074/1175 1201/2088/1180 1202/2089/1181
f 1201/2088/1180 1225/2090/1182 1200/2091/1183
f 1200/2091/1183 1225/2090/1182 1130/2092/1093
f 1200/2091/1183 1130/2092/1093 1199/2093/1184
f 1199/2093/1184 1130/2092/1093 1129/2094/1095
f 1131/2086/1087 1130/2092/1093 1214/2087/1179
f 1214/2087/1179 1130/2092/1093 1225/2090/1182
f 1214/2087/1179 1225/2090/1182 1201/2088/1180
f 1199/2093/1184 1129/2094/1095 1198/2095/1185
f 1215/2074/1175 1202/2089/1181 1216/2072/1174
f 1216/2072/1174 1202/2089/1181 1203/2096/1186
f 1216/2072/1174 1203/2096/1186 1217/2070/1173
f 1217/2070/1173 1203/2096/1186 1204/2068/1172
f 1205/2066/1171 1206/2097/1187 1218/2064/1170
f 1218/2064/1170 1206/2097/1187 1219/2063/1169
f 1206/2097/1187 1207/2056/1167 1219/2063/1169
f 1219/2063/1169 1207/2056/1167 1220/2055/1166
f 1209/2053/1164 1210/2098/1188 919/2051/821
f 919/2051/821 1210/2098/1188 909/2099/819
f 1226/2052/1163 1221/2050/1162 1220/2055/1166
f 960/2100/888 907/2101/890 911/2102/831
f 960/2100/888 959/2103/887 907/2101/890
f 958/2104/893 907/2101/890 959/2103/887
f 907/2101/890 921/2105/834 908/2106/824
f 908/2106/824 913/2107/830 907/2101/890
f 907/2101/890 913/2107/830 912/2108/827
f 911/2102/831 907/2101/890 912/2108/827
f 999/2113/923 998/2114/925 1140/2115/1105
f 1140/2115/1105 998/2114/925 1141/2116/1097
f 1141/2116/1097 998/2114/925 1288/2117/1241
f 1141/2116/1097 1288/2117/1241 1142/2118/1106
f 1142/2118/1106 1288/2117/1241 1290/2119/1242
f 1142/2118/1106 1290/2119/1242 1143/2120/1107
f 1143/2120/1107 1290/2119/1242 1298/2121/1243
f 1143/2120/1107 1298/2121/1243 1144/2122/1100
f 1144/2122/1100 1298/2121/1243 1303/2123/1244
f 1144/2122/1100 1303/2123/1244 1286/2124/1245
f 1286/2124/1245 1303/2123/1244 1285/2125/1246
f 1285/2125/1246 1303/2123/1244 1297/2126/1247
f 1285/2125/1246 1297/2126/1247 1284/2127/1248
f 998/2114/925 997/2128/1080 1288/2117/1241
f 997/2128/1080 996/2129/1079 1288/2117/1241
f 1288/2117/1241 996/2129/1079 1290/2119/1242
f 1290/2119/1242 996/2129/1079 1289/2130/1249
f 1289/2130/1249 996/2129/1079 995/2131/1078
f 1289/2130/1249 995/2131/1078 994/2132/1077
f 993/2133/1076 1296/2134/1250 994/2132/1077
f 994/2132/1077 1296/2134/1250 1297/2126/1247
f 994/2132/1077 1297/2126/1247 1289/2130/1249
f 1289/2130/1249 1297/2126/1247 1298/2121/1243
f 1289/2130/1249 1298/2121/1243 1290/2119/1242
f 1296/2134/1250 993/2133/1076 1295/2135/1251
f 1295/2135/1251 993/2133/1076 992/2136/1075
f 1295/2135/1251 992/2136/1075 1282/2137/1252
f 1282/2137/1252 992/2136/1075 991/2138/1074
f 1282/2137/1252 991/2138/1074 1281/2139/1253
f 1281/2139/1253 991/2138/1074 990/2140/1073
f 1281/2139/1253 990/2140/1073 1294/2141/1254
f 1294/2141/1254 990/2140/1073 989/2142/1072
f 1294/2141/1254 989/2142/1072 1293/2143/1255
f 1293/2143/1255 989/2142/1072 988/2144/1071
f 1293/2143/1255 988/2144/1071 1292/2145/1256
f 1292/2145/1256 988/2144/1071 1299/2146/1257
f 1292/2145/1256 1299/2146/1257 1300/2147/1258
f 1300/2147/1258 1299/2146/1257 986/2148/1069
f 1300/2147/1258 986/2148/1069 1301/2149/1259
f 1301/2149/1259 986/2148/1069 985/2150/1068
f 1301/2149/1259 985/2150/1068 984/2151/1067
f 965/2152/889 984/2151/1067 922/2153/832
f 988/2144/1071 987/2154/1070 1299/2146/1257
f 1299/2146/1257 987/2154/1070 986/2148/1069
f 965/2152/889 966/2155/891 984/2151/1067
f 984/2151/1067 966/2155/891 1301/2149/1259
f 966/2155/891 964/2156/892 1301/2149/1259
f 1301/2149/1259 964/2156/892 1300/2147/1258
f 964/2156/892 967/2157/894 1300/2147/1258
f 1300/2147/1258 967/2157/894 1291/2158/1260
f 1300/2147/1258 1291/2158/1260 1292/2145/1256
f 1292/2145/1256 1291/2158/1260 1278/2159/1261
f 1292/2145/1256 1278/2159/1261 1279/2160/1262
f 1278/2159/1261 1302/2161/1263 1277/2162/1264
f 1277/2162/1264 1302/2161/1263 963/2163/885
f 1277/2162/1264 963/2163/885 1276/2164/1265
f 1276/2164/1265 963/2163/885 962/2165/884
f 967/2157/894 963/2163/885 1291/2158/1260
f 1291/2158/1260 963/2163/885 1302/2161/1263
f 1291/2158/1260 1302/2161/1263 1278/2159/1261
f 1276/2164/1265 962/2165/884 1275/2166/1266
f 1292/2145/1256 1279/2160/1262 1293/2143/1255
f 1293/2143/1255 1279/2160/1262 1280/2167/1267
f 1293/2143/1255 1280/2167/1267 1294/2141/1254
f 1294/2141/1254 1280/2167/1267 1281/2139/1253
f 1282/2137/1252 1283/2168/1268 1295/2135/1251
f 1295/2135/1251 1283/2168/1268 1296/2134/1250
f 1283/2168/1268 1284/2127/1248 1296/2134/1250
f 1296/2134/1250 1284/2127/1248 1297/2126/1247
f 1286/2124/1245 1287/2169/1269 1144/2122/1100
f 1144/2122/1100 1287/2169/1269 1145/2170/1103
f 1303/2123/1244 1298/2121/1243 1297/2126/1247
f 1135/2171/1091 1139/2172/1104 1136/2173/1090
f 1136/2173/1090 1139/2172/1104 1149/2174/1096
f 1136/2173/1090 1149/2174/1096 1137/2175/1088
f 1137/2175/1088 1149/2174/1096 1148/2176/1098
f 1137/2175/1088 1148/2176/1098 1138/2177/1086
f 1138/2177/1086 1148/2176/1098 1147/2178/1099
f 1138/2177/1086 1147/2178/1099 1304/2179/1101
f 1304/2179/1101 1127/2180/1084 1138/2177/1086
f 1129/2181/1095 1128/2182/1085 1307/2183/1270
f 1307/2183/1270 1128/2182/1085 1127/2184/1084
f 1307/2183/1270 1308/2185/1271 1129/2181/1095
f 1129/2181/1095 1308/2185/1271 1198/2186/1185
f 1308/2185/1271 1309/2187/1272 1198/2186/1185
f 1198/2186/1185 1309/2187/1272 1199/2188/1184
f 1309/2187/1272 1305/2189/1273 1306/2190/1274
f 1309/2187/1272 1306/2190/1274 1199/2188/1184
f 1201/2243/1180 1200/2244/1183 1348/2245/1298
f 1201/2243/1180 1348/2245/1298 1202/2246/1181
f 1208/2247/1165 1207/2248/1167 1349/2249/1299
f 1208/2247/1165 1349/2249/1299 1209/2250/1164
f 1210/2251/1188 1209/2250/1164 1346/2252/1300
f 1210/2251/1188 1346/2252/1300 1350/2253/1301
f 1350/2253/1301 1346/2252/1300 1347/2254/1302
f 1199/2255/1184 1306/2256/1274 1200/2244/1183
f 1200/2244/1183 1306/2256/1274 1337/2257/1303
f 1200/2244/1183 1337/2257/1303 1348/2245/1298
f 1202/2246/1181 1348/2245/1298 1339/2258/1304
f 1202/2246/1181 1339/2258/1304 1203/2259/1186
f 1203/2259/1186 1339/2258/1304 1340/2260/1305
f 1203/2259/1186 1340/2260/1305 1204/2261/1172
f 1204/2261/1172 1340/2260/1305 1341/2262/1306
f 1204/2261/1172 1341/2262/1306 1205/2263/1171
f 1205/2263/1171 1341/2262/1306 1342/2264/1307
f 1205/2263/1171 1342/2264/1307 1206/2265/1187
f 1206/2265/1187 1342/2264/1307 1343/2266/1308
f 1206/2265/1187 1343/2266/1308 1207/2248/1167
f 1207/2248/1167 1343/2266/1308 1344/2267/1309
f 1207/2248/1167 1344/2267/1309 1349/2249/1299
f 1209/2250/1164 1349/2249/1299 1346/2252/1300
f 1306/2256/1274 1305/2268/1273 1337/2257/1303
f 1348/2245/1298 1337/2257/1303 1338/2269/1310
f 1348/2245/1298 1338/2269/1310 1339/2258/1304
f 1349/2249/1299 1344/2267/1309 1345/2270/1311
f 1349/2249/1299 1345/2270/1311 1346/2252/1300
f 1350/2271/1301 1351/2272/1312 1210/2273/1188
f 1210/2273/1188 1354/2274/1313 909/2275/819
f 909/2275/819 1354/2274/1313 910/2276/820
f 910/2276/820 1354/2274/1313 1353/2277/1314
f 910/2276/820 1353/2277/1314 911/2278/831
f 1352/2279/1315 1353/2277/1314 1354/2274/1313
f 1351/2272/1312 1352/2279/1315 1354/2274/1313
f 1210/2273/1188 1351/2272/1312 1354/2274/1313
f 960/2280/888 911/2281/831 1356/2282/1316
f 1356/2282/1316 911/2281/831 1355/2283/1317
f 962/2181/884 961/2284/886 1359/2183/1318
f 1359/2183/1318 961/2284/886 960/2285/888
f 1359/2183/1318 1360/2185/1319 962/2181/884
f 962/2181/884 1360/2185/1319 1275/2186/1266
f 1360/2185/1319 1361/2187/1320 1275/2186/1266
f 1275/2186/1266 1361/2187/1320 1276/2188/1265
f 1361/2187/1320 1357/2189/1321 1358/2190/1322
f 1361/2187/1320 1358/2190/1322 1276/2188/1265
f 1357/2268/1321 1374/2286/1323 1358/2256/1322
f 1358/2256/1322 1374/2286/1323 1277/2287/1264
f 1358/2256/1322 1277/2287/1264 1276/2255/1265
f 1362/2254/1324 1402/2253/1325 1365/2288/1326
f 1364/2289/1327 1365/2288/1326 1366/2249/1328
f 1364/2289/1327 1366/2249/1328 1367/2290/1329
f 1363/2291/1330 1372/2292/1331 1373/2293/1332
f 1363/2291/1330 1373/2293/1332 1374/2286/1323
f 1402/2253/1325 1287/2294/1269 1365/2288/1326
f 1365/2288/1326 1287/2294/1269 1286/2295/1245
f 1365/2288/1326 1286/2295/1245 1366/2249/1328
f 1367/2290/1329 1366/2249/1328 1284/2296/1248
f 1367/2290/1329 1284/2296/1248 1368/2297/1333
f 1368/2297/1333 1284/2296/1248 1283/2298/1268
f 1368/2297/1333 1283/2298/1268 1369/2299/1334
f 1369/2299/1334 1283/2298/1268 1282/2263/1252
f 1369/2299/1334 1282/2263/1252 1370/2300/1335
f 1370/2300/1335 1282/2263/1252 1281/2261/1253
f 1370/2300/1335 1281/2261/1253 1371/2301/1336
f 1371/2301/1336 1281/2261/1253 1280/2302/1267
f 1371/2301/1336 1280/2302/1267 1372/2292/1331
f 1372/2292/1331 1280/2302/1267 1279/2303/1262
f 1372/2292/1331 1279/2303/1262 1373/2293/1332
f 1374/2286/1323 1373/2293/1332 1277/2287/1264
f 1366/2249/1328 1286/2295/1245 1285/2247/1246
f 1366/2249/1328 1285/2247/1246 1284/2296/1248
f 1373/2293/1332 1279/2303/1262 1278/2243/1261
f 1373/2293/1332 1278/2243/1261 1277/2287/1264
f 1402/2271/1325 1403/2272/1360 1287/2328/1269
f 1287/2328/1269 1406/2274/1361 1145/2329/1103
f 1145/2329/1103 1406/2274/1361 1405/2277/1362
f 1145/2329/1103 1405/2277/1362 1146/2330/1102
f 1146/2330/1102 1405/2277/1362 1304/2331/1101
f 1404/2279/1363 1405/2277/1362 1406/2274/1361
f 1403/2272/1360 1404/2279/1363 1406/2274/1361
f 1287/2328/1269 1403/2272/1360 1406/2274/1361
f 1127/2404/1084 1304/2405/1101 1479/2406/1379
f 1479/2406/1379 1304/2405/1101 1480/2407/1380
f 1481/2408/1381 1305/2409/1273 1486/2410/1382
f 1486/2410/1382 1305/2409/1273 1309/2411/1272
f 1486/2410/1382 1309/2411/1272 1485/2412/1383
f 1485/2412/1383 1309/2411/1272 1308/2413/1271
f 1485/2412/1383 1308/2413/1271 1484/2414/1384
f 1484/2414/1384 1308/2413/1271 1483/2415/1385
f 1483/2415/1385 1308/2413/1271 1307/2416/1270
f 1483/2415/1385 1307/2416/1270 1482/2417/1386
f 1482/2417/1386 1307/2416/1270 1127/2418/1084
f 1127/2418/1084 1479/2419/1379 1482/2417/1386
f 1347/2420/1302 1317/2421/1387 1487/2407/1388
f 1487/2407/1388 1317/2421/1387 1316/2422/1389
f 1346/2423/1300 1318/2424/1390 1347/2420/1302
f 1347/2420/1302 1318/2424/1390 1317/2421/1387
f 1345/2425/1311 1319/2426/1391 1346/2423/1300
f 1346/2423/1300 1319/2426/1391 1318/2424/1390
f 1344/2427/1309 1322/2428/1392 1345/2425/1311
f 1345/2425/1311 1322/2428/1392 1321/2429/1393
f 1343/2430/1308 1310/2431/1394 1344/2427/1309
f 1344/2427/1309 1310/2431/1394 1322/2428/1392
f 1310/2431/1394 1343/2430/1308 1311/2432/1395
f 1311/2432/1395 1343/2430/1308 1342/2433/1307
f 1311/2432/1395 1342/2433/1307 1312/2434/1396
f 1312/2434/1396 1342/2433/1307 1341/2435/1306
f 1312/2434/1396 1341/2435/1306 1335/2436/1397
f 1335/2436/1397 1341/2435/1306 1336/2437/1398
f 1336/2437/1398 1341/2435/1306 1340/2438/1305
f 1336/2437/1398 1340/2438/1305 1323/2439/1399
f 1323/2439/1399 1340/2438/1305 1339/2440/1304
f 1323/2439/1399 1339/2440/1304 1324/2441/1400
f 1324/2441/1400 1339/2440/1304 1338/2442/1310
f 1324/2441/1400 1338/2442/1310 1325/2443/1401
f 1325/2443/1401 1338/2442/1310 1326/2444/1402
f 1326/2444/1402 1338/2442/1310 1337/2445/1303
f 1326/2444/1402 1337/2445/1303 1327/2446/1403
f 1327/2446/1403 1337/2445/1303 1328/2447/1404
f 1328/2447/1404 1337/2445/1303 1305/2448/1273
f 1328/2447/1404 1305/2448/1273 1329/2449/1405
f 1329/2449/1405 1305/2448/1273 1481/2450/1381
f 1329/2449/1405 1481/2450/1381 1330/2451/1406
f 1330/2451/1406 1481/2450/1381 1487/2407/1388
f 1330/2451/1406 1487/2407/1388 1316/2422/1389
f 1312/2434/1396 1335/2436/1397 1334/2452/1407
f 1312/2434/1396 1334/2452/1407 1313/2453/111
f 1313/2453/111 1334/2452/1407 1333/2454/1408
f 1313/2453/111 1333/2454/1408 1314/2455/111
f 1314/2455/111 1333/2454/1408 1332/2456/1409
f 1314/2455/111 1332/2456/1409 1315/2457/111
f 1315/2457/111 1332/2456/1409 1331/2458/1410
f 1315/2457/111 1331/2458/1410 1316/2422/1389
f 1316/2422/1389 1331/2458/1410 1330/2451/1406
f 1321/2429/1393 1320/2459/1411 1345/2425/1311
f 1345/2425/1311 1320/2459/1411 1319/2426/1391
f 1488/2460/1412 1355/2461/1317 1493/2462/1413
f 1493/2462/1413 1355/2461/1317 911/2463/831
f 1493/2462/1413 911/2463/831 1353/2464/1314
f 1493/2462/1413 1353/2464/1314 1492/2465/1414
f 1492/2465/1414 1353/2464/1314 1352/2466/1315
f 1492/2465/1414 1352/2466/1315 1491/2467/1415
f 1491/2467/1415 1352/2466/1315 1490/2468/1416
f 1490/2468/1416 1352/2466/1315 1351/2469/1312
f 1490/2468/1416 1351/2469/1312 1350/2470/1301
f 1490/2468/1416 1350/2470/1301 1489/2471/1417
f 1489/2471/1417 1350/2470/1301 1347/2472/1302
f 1489/2471/1417 1347/2472/1302 1487/2473/1388
f 1494/2474/1418 1355/2475/1317 1488/2476/1412
f 1355/2475/1317 1494/2474/1418 1356/2477/1316
f 1495/2474/1419 1357/2478/1321 1500/2479/1420
f 1500/2479/1420 1357/2478/1321 1361/2480/1320
f 1500/2479/1420 1361/2480/1320 1499/2481/1421
f 1499/2481/1421 1361/2480/1320 1360/2482/1319
f 1499/2481/1421 1360/2482/1319 1498/2483/1422
f 1498/2483/1422 1360/2482/1319 1497/2484/1423
f 1497/2484/1423 1360/2482/1319 1359/2485/1318
f 1497/2484/1423 1359/2485/1318 1496/2486/1424
f 1496/2486/1424 1359/2485/1318 960/2487/888
f 1496/2486/1424 960/2487/888 1356/2488/1316
f 1356/2488/1316 1494/2460/1418 1496/2486/1424
f 1362/2489/1324 1390/2490/1425 1501/2406/1426
f 1501/2406/1426 1390/2490/1425 1389/2491/1427
f 1365/2492/1326 1391/2493/1428 1362/2489/1324
f 1362/2489/1324 1391/2493/1428 1390/2490/1425
f 1364/2494/1327 1392/2495/1429 1365/2492/1326
f 1365/2492/1326 1392/2495/1429 1391/2493/1428
f 1367/2496/1329 1395/2497/1430 1364/2494/1327
f 1364/2494/1327 1395/2497/1430 1394/2498/1431
f 1368/2499/1333 1396/2500/1432 1367/2496/1329
f 1367/2496/1329 1396/2500/1432 1395/2497/1430
f 1396/2500/1432 1368/2499/1333 1397/2501/1433
f 1397/2501/1433 1368/2499/1333 1369/2502/1334
f 1397/2501/1433 1369/2502/1334 1398/2503/1434
f 1398/2503/1434 1369/2502/1334 1370/2504/1335
f 1398/2503/1434 1370/2504/1335 1381/2505/1435
f 1381/2505/1435 1370/2504/1335 1382/2506/1436
f 1382/2506/1436 1370/2504/1335 1371/2507/1336
f 1382/2506/1436 1371/2507/1336 1383/2508/1437
f 1383/2508/1437 1371/2507/1336 1372/2509/1331
f 1383/2508/1437 1372/2509/1331 1384/2510/1438
f 1384/2510/1438 1372/2509/1331 1363/2511/1330
f 1384/2510/1438 1363/2511/1330 1385/2512/1439
f 1385/2512/1439 1363/2511/1330 1386/2513/1440
f 1386/2513/1440 1363/2511/1330 1374/2514/1323
f 1386/2513/1440 1374/2514/1323 1387/2515/1441
f 1387/2515/1441 1374/2514/1323 1388/2516/1442
f 1388/2516/1442 1374/2514/1323 1357/2420/1321
f 1388/2516/1442 1357/2420/1321 1375/2517/1443
f 1375/2517/1443 1357/2420/1321 1495/2407/1419
f 1375/2517/1443 1495/2407/1419 1376/2518/1444
f 1376/2518/1444 1495/2407/1419 1501/2406/1426
f 1376/2518/1444 1501/2406/1426 1389/2491/1427
f 1376/2518/1444 1389/2491/1427 1377/2519/1445
f 1377/2519/1445 1389/2491/1427 1401/2520/125
f 1377/2519/1445 1401/2520/125 1378/2521/1446
f 1378/2521/1446 1401/2520/125 1400/2522/125
f 1378/2521/1446 1400/2522/125 1379/2523/1447
f 1379/2523/1447 1400/2522/125 1399/2524/125
f 1379/2523/1447 1399/2524/125 1380/2525/1448
f 1380/2525/1448 1399/2524/125 1398/2503/1434
f 1380/2525/1448 1398/2503/1434 1381/2505/1435
f 1394/2498/1431 1393/2526/1449 1364/2494/1327
f 1364/2494/1327 1393/2526/1449 1392/2495/1429
f 1480/2419/1380 1304/2527/1101 1506/2528/1450
f 1506/2528/1450 1304/2527/1101 1405/2529/1362
f 1506/2528/1450 1405/2529/1362 1505/2530/1451
f 1505/2530/1451 1405/2529/1362 1404/2531/1363
f 1505/2530/1451 1404/2531/1363 1504/2532/1452
f 1504/2532/1452 1404/2531/1363 1503/2533/1453
f 1503/2533/1453 1404/2531/1363 1403/2534/1360
f 1503/2533/1453 1403/2534/1360 1402/2535/1325
f 1503/2533/1453 1402/2535/1325 1502/2536/1454
f 1502/2536/1454 1402/2535/1325 1362/2537/1324
f 1502/2536/1454 1362/2537/1324 1501/2474/1426
f 1528/2558/1455 1428/2559/1368 1527/2560/1456
f 1527/2560/1456 1428/2559/1368 1427/2561/1369
f 1428/2559/1368 1528/2558/1455 1429/2562/1457
f 1429/2562/1457 1528/2558/1455 1529/2563/1458
f 1429/2562/1457 1529/2563/1458 1430/2564/1459
f 1430/2564/1459 1529/2563/1458 1530/2565/1460
f 1430/2564/1459 1530/2565/1460 1531/2566/1461
f 1430/2564/1459 1531/2566/1461 1431/2567/1462
f 1431/2567/1462 1531/2566/1461 1532/2568/1463
f 1431/2567/1462 1532/2568/1463 1432/2569/1371
f 1432/2569/1371 1532/2568/1463 1533/2570/1464
f 1432/2569/1371 1533/2570/1464 1433/2571/1370
f 1433/2571/1370 1533/2570/1464 1434/2572/1465
f 1433/2571/1370 1434/2572/1465 1437/2573/1466
f 1533/2570/1464 1534/2574/1467 1434/2572/1465
f 1434/2572/1465 1534/2574/1467 1438/2575/1468
f 1438/2575/1468 1534/2574/1467 1535/2576/1469
f 1438/2575/1468 1535/2576/1469 1439/2577/1470
f 1439/2577/1470 1535/2576/1469 1536/2578/1471
f 1439/2577/1470 1536/2578/1471 1537/2579/1472
f 1439/2577/1470 1537/2579/1472 1440/2580/1473
f 1440/2580/1473 1537/2579/1472 1538/2581/1474
f 1440/2580/1473 1538/2581/1474 1441/2582/1374
f 1441/2582/1374 1538/2581/1474 1539/2583/1475
f 1441/2582/1374 1539/2583/1475 1442/2584/1372
f 1442/2584/1372 1539/2583/1475 1407/2585/1476
f 1442/2584/1372 1407/2585/1476 1410/2586/1477
f 1539/2583/1475 1540/2587/1478 1407/2585/1476
f 1407/2585/1476 1540/2587/1478 1412/2588/1479
f 1412/2588/1479 1540/2587/1478 1541/2589/1480
f 1412/2588/1479 1541/2589/1480 1413/2590/1481
f 1413/2590/1481 1541/2589/1480 1542/2591/1482
f 1413/2590/1481 1542/2591/1482 1543/2592/1483
f 1413/2590/1481 1543/2592/1483 1414/2593/1484
f 1414/2593/1484 1543/2592/1483 1544/2594/1485
f 1414/2593/1484 1544/2594/1485 1411/2595/1364
f 1411/2595/1364 1544/2594/1485 1545/2596/1486
f 1411/2595/1364 1545/2596/1486 1415/2597/1366
f 1415/2597/1366 1545/2596/1486 1419/2598/1487
f 1415/2597/1366 1419/2598/1487 1418/2599/1488
f 1545/2596/1486 1546/2600/1489 1419/2598/1487
f 1419/2598/1487 1546/2600/1489 1421/2601/1490
f 1421/2601/1490 1546/2600/1489 1547/2602/1491
f 1421/2601/1490 1547/2602/1491 1422/2603/1492
f 1422/2603/1492 1547/2602/1491 1548/2604/1493
f 1422/2603/1492 1548/2604/1493 1549/2605/1494
f 1422/2603/1492 1549/2605/1494 1423/2606/1495
f 1423/2606/1495 1549/2605/1494 1550/2607/1496
f 1423/2606/1495 1550/2607/1496 1420/2608/1497
f 1420/2608/1497 1550/2607/1496 1527/2609/1456
f 1420/2608/1497 1527/2609/1456 1427/2610/1369
f 1427/2610/1369 1424/2611/1498 1420/2608/1497
f 1552/2558/1455 1464/2559/1499 1551/2560/1500
f 1551/2560/1500 1464/2559/1499 1460/2612/1377
f 1464/2559/1499 1552/2558/1455 1465/2562/1501
f 1465/2562/1501 1552/2558/1455 1553/2563/1458
f 1465/2562/1501 1553/2563/1458 1466/2564/1459
f 1466/2564/1459 1553/2563/1458 1554/2565/1460
f 1466/2564/1459 1554/2565/1460 1555/2566/1461
f 1466/2564/1459 1555/2566/1461 1467/2567/1502
f 1467/2567/1502 1555/2566/1461 1556/2568/1463
f 1467/2567/1502 1556/2568/1463 1468/2569/1371
f 1468/2569/1371 1556/2568/1463 1557/2570/1464
f 1468/2569/1371 1557/2570/1464 1469/2613/1370
f 1469/2613/1370 1557/2570/1464 1470/2572/1465
f 1469/2613/1370 1470/2572/1465 1473/2573/1466
f 1557/2570/1464 1558/2574/1467 1470/2572/1465
f 1470/2572/1465 1558/2574/1467 1474/2575/1503
f 1474/2575/1503 1558/2574/1467 1559/2576/1469
f 1474/2575/1503 1559/2576/1469 1475/2614/1470
f 1475/2614/1470 1559/2576/1469 1560/2578/1471
f 1475/2614/1470 1560/2578/1471 1561/2579/1472
f 1475/2614/1470 1561/2579/1472 1476/2580/1504
f 1476/2580/1504 1561/2579/1472 1562/2581/1474
f 1476/2580/1504 1562/2581/1474 1477/2582/1374
f 1477/2582/1374 1562/2581/1474 1563/2583/1475
f 1477/2582/1374 1563/2583/1475 1478/2615/1372
f 1478/2615/1372 1563/2583/1475 1443/2585/1476
f 1478/2615/1372 1443/2585/1476 1446/2586/1477
f 1563/2583/1475 1564/2587/1478 1443/2585/1476
f 1443/2585/1476 1564/2587/1478 1448/2588/1505
f 1448/2588/1505 1564/2587/1478 1565/2589/1480
f 1448/2588/1505 1565/2589/1480 1449/2590/1481
f 1449/2590/1481 1565/2589/1480 1566/2591/1482
f 1449/2590/1481 1566/2591/1482 1567/2592/1483
f 1449/2590/1481 1567/2592/1483 1450/2593/1484
f 1450/2593/1484 1567/2592/1483 1568/2594/1485
f 1450/2593/1484 1568/2594/1485 1447/2595/1364
f 1447/2595/1364 1568/2594/1485 1569/2596/1486
f 1447/2595/1364 1569/2596/1486 1451/2616/1366
f 1451/2616/1366 1569/2596/1486 1455/2598/1487
f 1451/2616/1366 1455/2598/1487 1454/2599/1488
f 1569/2596/1486 1570/2600/1489 1455/2598/1487
f 1455/2598/1487 1570/2600/1489 1457/2601/1506
f 1457/2601/1506 1570/2600/1489 1571/2602/1491
f 1457/2601/1506 1571/2602/1491 1458/2617/1492
f 1458/2617/1492 1571/2602/1491 1572/2604/1493
f 1458/2617/1492 1572/2604/1493 1573/2605/1494
f 1458/2617/1492 1573/2605/1494 1459/2606/1507
f 1459/2606/1507 1573/2605/1494 1574/2607/1496
f 1459/2606/1507 1574/2607/1496 1456/2608/1375
f 1456/2608/1375 1574/2607/1496 1551/2609/1500
f 1456/2608/1375 1551/2609/1500 1460/2618/1377
f 1463/2619/1508 1460/2612/1377 1464/2559/1499
f 1577/2620/1509 1578/2621/1510 1581/2622/1511
f 1581/2622/1511 1578/2621/1510 1479/2623/1379
f 1581/2622/1511 1479/2623/1379 1480/2624/1380
f 1580/2625/1512 1579/2626/1513 1576/2627/1514
f 1576/2627/1514 1579/2626/1513 1621/2628/1515
f 1576/2627/1514 1621/2628/1515 1575/2629/1516
f 1580/2625/1512 1576/2627/1514 1577/2620/1509
f 1581/2622/1511 1580/2625/1512 1577/2620/1509
f 1575/2630/1516 1582/2631/1517 1590/2632/1518
f 1578/2633/1510 1482/2634/1386 1479/2635/1379
f 1582/2631/1517 1583/2636/1519 1587/2637/1520
f 1582/2631/1517 1587/2637/1520 1590/2632/1518
f 1575/2630/1516 1590/2632/1518 1576/2638/1514
f 1583/2636/1519 1584/2639/1521 1587/2637/1520
f 1587/2637/1520 1584/2639/1521 1586/2640/1522
f 1587/2637/1520 1586/2640/1522 1588/2641/1523
f 1587/2637/1520 1588/2641/1523 1590/2632/1518
f 1590/2632/1518 1588/2641/1523 1589/2642/1524
f 1590/2632/1518 1589/2642/1524 1576/2638/1514
f 1576/2638/1514 1589/2642/1524 1577/2643/1509
f 1584/2639/1521 1585/2644/1525 1586/2640/1522
f 1577/2643/1509 1589/2642/1524 1578/2633/1510
f 1585/2644/1525 1481/2645/1381 1486/2646/1382
f 1585/2644/1525 1486/2646/1382 1586/2640/1522
f 1586/2640/1522 1486/2646/1382 1485/2647/1383
f 1586/2640/1522 1485/2647/1383 1588/2641/1523
f 1588/2641/1523 1485/2647/1383 1484/2648/1384
f 1588/2641/1523 1484/2648/1384 1589/2642/1524
f 1589/2642/1524 1484/2648/1384 1483/2649/1385
f 1589/2642/1524 1483/2649/1385 1578/2633/1510
f 1578/2633/1510 1483/2649/1385 1482/2634/1386
f 1594/2650/1526 1582/2651/1517 1591/2652/1527
f 1584/2653/1521 1583/2654/1519 1594/2650/1526
f 1594/2650/1526 1583/2654/1519 1582/2651/1517
f 1593/2655/1528 1592/2656/1529 1585/2657/1525
f 1585/2657/1525 1592/2656/1529 1481/2658/1381
f 1592/2656/1529 1487/2659/1388 1481/2658/1381
f 1593/2655/1528 1585/2657/1525 1584/2653/1521
f 1594/2650/1526 1593/2655/1528 1584/2653/1521
f 1488/2660/1412 1493/2661/1413 1598/2662/1530
f 1487/2663/1388 1592/2664/1529 1489/2665/1417
f 1489/2665/1417 1592/2664/1529 1490/2666/1416
f 1490/2666/1416 1592/2664/1529 1600/2667/1531
f 1490/2666/1416 1600/2667/1531 1491/2668/1415
f 1491/2668/1415 1600/2667/1531 1602/2669/1532
f 1491/2668/1415 1602/2669/1532 1492/2670/1414
f 1492/2670/1414 1602/2669/1532 1603/2671/1533
f 1492/2670/1414 1603/2671/1533 1493/2661/1413
f 1493/2661/1413 1603/2671/1533 1598/2662/1530
f 1592/2664/1529 1593/2672/1528 1600/2667/1531
f 1598/2662/1530 1603/2671/1533 1597/2673/1534
f 1593/2672/1528 1594/2674/1526 1600/2667/1531
f 1600/2667/1531 1594/2674/1526 1599/2675/1535
f 1600/2667/1531 1599/2675/1535 1602/2669/1532
f 1602/2669/1532 1599/2675/1535 1601/2676/1536
f 1602/2669/1532 1601/2676/1536 1603/2671/1533
f 1603/2671/1533 1601/2676/1536 1597/2673/1534
f 1597/2673/1534 1601/2676/1536 1596/2677/1537
f 1594/2674/1526 1591/2678/1527 1599/2675/1535
f 1601/2676/1536 1599/2675/1535 1595/2679/1538
f 1601/2676/1536 1595/2679/1538 1596/2677/1537
f 1599/2675/1535 1591/2678/1527 1595/2679/1538
f 1607/2680/1539 1595/2681/1538 1604/2682/1540
f 1597/2683/1534 1596/2684/1537 1607/2680/1539
f 1607/2680/1539 1596/2684/1537 1595/2681/1538
f 1605/2685/1541 1606/2686/1542 1598/2687/1530
f 1598/2687/1530 1606/2686/1542 1488/2688/1412
f 1606/2686/1542 1494/2689/1418 1488/2688/1412
f 1605/2685/1541 1598/2687/1530 1597/2683/1534
f 1607/2680/1539 1605/2685/1541 1597/2683/1534
f 1495/2690/1419 1500/2691/1420 1611/2692/1543
f 1494/2693/1418 1606/2694/1542 1496/2695/1424
f 1496/2695/1424 1606/2694/1542 1497/2696/1423
f 1497/2696/1423 1606/2694/1542 1613/2697/1544
f 1497/2696/1423 1613/2697/1544 1498/2698/1422
f 1498/2698/1422 1613/2697/1544 1615/2699/1545
f 1498/2698/1422 1615/2699/1545 1499/2700/1421
f 1499/2700/1421 1615/2699/1545 1616/2701/1546
f 1499/2700/1421 1616/2701/1546 1500/2691/1420
f 1500/2691/1420 1616/2701/1546 1611/2692/1543
f 1606/2694/1542 1605/2702/1541 1613/2697/1544
f 1611/2692/1543 1616/2701/1546 1610/2703/1547
f 1605/2702/1541 1607/2704/1539 1613/2697/1544
f 1613/2697/1544 1607/2704/1539 1612/2705/1548
f 1613/2697/1544 1612/2705/1548 1615/2699/1545
f 1615/2699/1545 1612/2705/1548 1614/2706/1549
f 1615/2699/1545 1614/2706/1549 1616/2701/1546
f 1616/2701/1546 1614/2706/1549 1610/2703/1547
f 1610/2703/1547 1614/2706/1549 1609/2707/1550
f 1607/2704/1539 1604/2708/1540 1612/2705/1548
f 1614/2706/1549 1612/2705/1548 1608/2709/1551
f 1614/2706/1549 1608/2709/1551 1609/2707/1550
f 1612/2705/1548 1604/2708/1540 1608/2709/1551
f 1608/2710/1551 1618/2711/1552 1609/2626/1550
f 1609/2626/1550 1618/2711/1552 1620/2712/1553
f 1609/2626/1550 1620/2712/1553 1610/2713/1547
f 1610/2713/1547 1620/2712/1553 1611/2714/1543
f 1620/2712/1553 1619/2621/1554 1611/2714/1543
f 1611/2714/1543 1619/2621/1554 1495/2715/1419
f 1619/2621/1554 1501/2716/1426 1495/2715/1419
f 1617/2717/1555 1618/2711/1552 1608/2710/1551
f 1617/2718/1555 1621/2719/1515 1626/2720/1556
f 1618/2721/1552 1619/2722/1554 1620/2723/1553
f 1619/2722/1554 1502/2724/1454 1501/2725/1426
f 1621/2719/1515 1579/2726/1513 1623/2727/1557
f 1621/2719/1515 1623/2727/1557 1626/2720/1556
f 1617/2718/1555 1626/2720/1556 1618/2721/1552
f 1579/2726/1513 1580/2728/1512 1623/2727/1557
f 1623/2727/1557 1580/2728/1512 1622/2729/1558
f 1623/2727/1557 1622/2729/1558 1624/2730/1559
f 1623/2727/1557 1624/2730/1559 1626/2720/1556
f 1626/2720/1556 1624/2730/1559 1625/2731/1560
f 1626/2720/1556 1625/2731/1560 1618/2721/1552
f 1618/2721/1552 1625/2731/1560 1619/2722/1554
f 1580/2728/1512 1581/2732/1511 1622/2729/1558
f 1581/2732/1511 1480/2733/1380 1506/2734/1450
f 1581/2732/1511 1506/2734/1450 1622/2729/1558
f 1622/2729/1558 1506/2734/1450 1505/2735/1451
f 1622/2729/1558 1505/2735/1451 1624/2730/1559
f 1624/2730/1559 1505/2735/1451 1504/2736/1452
f 1624/2730/1559 1504/2736/1452 1625/2731/1560
f 1625/2731/1560 1504/2736/1452 1503/2737/1453
f 1625/2731/1560 1503/2737/1453 1619/2722/1554
f 1619/2722/1554 1503/2737/1453 1502/2724/1454
f 1621/2792/1515 1617/2793/1555 1649/2794/1561
f 1621/2792/1515 1649/2794/1561 1540/2795/1562
f 1540/2795/1562 1649/2794/1561 1541/2796/1
f 1541/2796/1 1649/2794/1561 1542/2797/1
f 1542/2797/1 1649/2794/1561 1650/2798/1
f 1542/2797/1 1650/2798/1 1543/2799/1
f 1543/2799/1 1650/2798/1 1544/2800/1
f 1544/2800/1 1650/2798/1 1651/2801/1
f 1544/2800/1 1651/2801/1 1545/2802/1
f 1545/2802/1 1651/2801/1 1546/2803/1
f 1546/2803/1 1651/2801/1 1652/2804/1563
f 1546/2803/1 1652/2804/1563 1547/2805/1
f 1547/2805/1 1652/2804/1563 1548/2806/1
f 1548/2806/1 1652/2804/1563 1549/2807/1
f 1549/2807/1 1652/2804/1563 1550/2808/1564
f 1550/2808/1564 1652/2804/1563 1582/2809/1517
f 1550/2808/1564 1582/2809/1517 1527/2810/1565
f 1527/2810/1565 1582/2809/1517 1528/2811/1566
f 1528/2811/1566 1582/2809/1517 1529/2812/1567
f 1529/2812/1567 1582/2809/1517 1530/2813/1568
f 1530/2813/1568 1582/2809/1517 1575/2814/1516
f 1530/2813/1568 1575/2814/1516 1531/2815/1569
f 1531/2815/1569 1575/2814/1516 1532/2816/1570
f 1532/2816/1570 1575/2814/1516 1533/2817/1571
f 1533/2817/1571 1575/2814/1516 1534/2818/1572
f 1534/2818/1572 1575/2814/1516 1621/2792/1515
f 1534/2818/1572 1621/2792/1515 1535/2819/1573
f 1535/2819/1573 1621/2792/1515 1536/2820/1574
f 1536/2820/1574 1621/2792/1515 1537/2821/1575
f 1537/2821/1575 1621/2792/1515 1538/2822/1576
f 1538/2822/1576 1621/2792/1515 1539/2823/1577
f 1539/2823/1577 1621/2792/1515 1540/2795/1562
f 1608/2824/1551 1562/2825/1578 1617/2793/1555
f 1617/2793/1555 1562/2825/1578 1561/2826/1579
f 1617/2793/1555 1561/2826/1579 1560/2827/1580
f 1608/2824/1551 1604/2828/1540 1566/2829/1581
f 1608/2824/1551 1566/2829/1581 1565/2830/1582
f 1595/2831/1538 1648/2832/1583 1604/2828/1540
f 1604/2828/1540 1648/2832/1583 1570/2833/1584
f 1604/2828/1540 1570/2833/1584 1569/2834/1585
f 1595/2831/1538 1591/2835/1527 1647/2836/1586
f 1647/2836/1586 1591/2835/1527 1652/2804/1563
f 1652/2804/1563 1591/2835/1527 1582/2809/1517
f 1647/2836/1586 1648/2832/1583 1595/2831/1538
f 1649/2794/1561 1551/2837/1 1648/2832/1583
f 1648/2832/1583 1551/2837/1 1574/2838/1
f 1648/2832/1583 1574/2838/1 1573/2839/1
f 1573/2839/1 1572/2840/1 1648/2832/1583
f 1648/2832/1583 1572/2840/1 1571/2841/1
f 1648/2832/1583 1571/2841/1 1570/2833/1584
f 1569/2834/1585 1568/2842/1587 1604/2828/1540
f 1604/2828/1540 1568/2842/1587 1567/2843/1588
f 1604/2828/1540 1567/2843/1588 1566/2829/1581
f 1565/2830/1582 1564/2844/1589 1608/2824/1551
f 1608/2824/1551 1564/2844/1589 1563/2845/1590
f 1608/2824/1551 1563/2845/1590 1562/2825/1578
f 1560/2827/1580 1559/2846/1591 1617/2793/1555
f 1617/2793/1555 1559/2846/1591 1558/2847/1592
f 1617/2793/1555 1558/2847/1592 1557/2848/1593
f 1557/2848/1593 1556/2849/1594 1617/2793/1555
f 1617/2793/1555 1556/2849/1594 1649/2794/1561
f 1556/2849/1594 1555/2850/1 1649/2794/1561
f 1649/2794/1561 1555/2850/1 1554/2851/1
f 1649/2794/1561 1554/2851/1 1553/2852/1
f 1553/2852/1 1552/2853/1 1649/2794/1561
f 1649/2794/1561 1552/2853/1 1551/2837/1
f 1651/2854/118 1650/2855/118 1654/2856/118
f 1654/2856/118 1650/2855/118 1653/2857/118
usemtl Opaque(228,233,237)
f 874/1696/770 889/1697/771 873/1698/772
f 875/1699/773 889/1700/774 874/1696/775
f 878/1701/776 889/1702/777 877/1703/778
f 879/1704/779 889/1705/780 878/1701/781
f 882/1706/782 889/1707/783 881/258/784
f 883/1708/785 889/1709/786 882/1706/787
f 886/1710/788 889/1711/789 885/1712/790
f 887/1713/791 889/1714/792 886/1710/793
f 873/1715/794 889/1716/795 888/1717/796
f 884/1718/797 889/1719/798 883/1708/799
f 888/1717/800 889/1720/801 887/1713/802
f 885/1712/803 889/1721/804 884/1718/805
f 881/258/806 889/1722/807 880/1723/808
f 880/1723/809 889/1724/810 879/1704/811
f 877/1703/812 889/1725/813 876/1726/814
f 876/1726/815 889/1727/816 875/1699/817
f 891/1696/770 906/1697/771 890/1698/772
f 892/1699/773 906/1700/774 891/1696/775
f 895/1701/776 906/1702/777 894/1703/778
f 896/1704/779 906/1705/780 895/1701/781
f 899/1728/782 906/1707/783 898/258/784
f 900/1708/785 906/1709/786 899/1728/787
f 903/1710/788 906/1711/789 902/1712/790
f 904/1713/791 906/1714/792 903/1710/793
f 890/1715/794 906/1716/795 905/1717/796
f 901/1729/797 906/1719/798 900/1708/799
f 905/1717/800 906/1720/801 904/1713/802
f 902/1712/803 906/1721/804 901/1729/805
f 898/258/806 906/1722/807 897/1723/808
f 897/1723/809 906/1724/810 896/1704/811
f 894/1703/818 906/1725/813 893/1730/814
f 893/1730/815 906/1727/816 892/1699/817
f 925/1749/835 940/1697/836 924/1698/837
f 926/1699/838 940/1700/839 925/1749/840
f 929/1701/841 940/1702/842 928/1703/843
f 930/1704/844 940/1705/845 929/1701/846
f 933/1750/847 940/1707/848 932/258/849
f 934/1708/850 940/1709/851 933/1750/852
f 937/1710/853 940/1711/854 936/1712/855
f 938/1713/856 940/1714/857 937/1710/858
f 924/1715/859 940/1716/860 939/1751/861
f 935/1718/862 940/1719/863 934/1708/864
f 939/1751/865 940/1720/866 938/1713/867
f 936/1712/868 940/1721/869 935/1718/870
f 932/258/871 940/1722/872 931/1752/873
f 931/1752/874 940/1724/875 930/1704/876
f 928/1703/877 940/1725/878 927/1726/879
f 927/1726/880 940/1727/881 926/1699/882
f 942/1753/835 957/1697/836 941/1698/837
f 943/1699/838 957/1700/839 942/1753/840
f 946/1701/841 957/1702/842 945/1703/843
f 947/1704/844 957/1705/845 946/1701/846
f 950/1750/847 957/1707/848 949/258/849
f 951/1708/850 957/1709/851 950/1750/852
f 954/1710/853 957/1711/854 953/1712/855
f 955/1713/856 957/1714/857 954/1710/858
f 941/1715/859 957/1716/860 956/1751/861
f 952/1729/862 957/1719/863 951/1708/864
f 956/1751/865 957/1720/866 955/1713/867
f 953/1712/883 957/1721/869 952/1729/870
f 949/258/871 957/1722/872 948/1752/873
f 948/1752/874 957/1724/875 947/1704/876
f 945/1703/877 957/1725/878 944/1730/879
f 944/1730/880 957/1727/881 943/1699/882
f 1311/2191/1275 1151/2192/1113 1310/2193/1276
f 1310/2193/1276 1151/2192/1113 1150/2194/1111
f 1310/2195/1276 1150/2196/1111 1173/2197/1109
f 1310/2195/1276 1173/2197/1109 1322/2198/1277
f 1322/2198/1277 1173/2197/1109 1172/2199/1147
f 1322/2198/1277 1172/2199/1147 1321/2200/1278
f 1321/2200/1278 1172/2199/1147 1171/2201/1146
f 1321/2200/1278 1171/2201/1146 1170/2202/1144
f 1321/2200/1278 1170/2202/1144 1320/2203/1279
f 1320/2203/1279 1170/2202/1144 1169/2204/1143
f 1320/2203/1279 1169/2204/1143 1319/2205/1280
f 1319/2205/1280 1169/2204/1143 1168/2206/1141
f 1319/2205/1280 1168/2206/1141 1167/2207/1139
f 1319/2205/1280 1167/2207/1139 1318/2208/1281
f 1318/2208/1281 1167/2207/1139 1166/2209/1138
f 1318/2208/1281 1166/2209/1138 1165/2210/1136
f 1318/2208/1281 1165/2210/1136 1317/2211/1282
f 1317/2211/1282 1165/2210/1136 1164/2212/1134
f 1317/2211/1282 1164/2212/1134 1163/2213/1133
f 1317/2211/1282 1163/2213/1133 1316/2214/1283
f 1316/2214/1283 1163/2213/1133 1162/2215/1131
f 1316/2214/1283 1162/2215/1131 1161/2216/1129
f 1316/2214/1283 1161/2216/1129 1315/2217/1284
f 1315/2217/1284 1161/2216/1129 1160/2218/1128
f 1315/2217/1284 1160/2218/1128 1159/2219/1126
f 1315/2217/1284 1159/2219/1126 1314/2220/1285
f 1314/2220/1285 1159/2219/1126 1158/2221/1124
f 1314/2220/1285 1158/2221/1124 1157/2222/1123
f 1314/2220/1285 1157/2222/1123 1313/2223/1286
f 1313/2223/1286 1157/2222/1123 1156/2224/1121
f 1313/2223/1286 1156/2224/1121 1155/2225/1119
f 1313/2223/1286 1155/2225/1119 1312/2226/1287
f 1312/2226/1287 1155/2225/1119 1154/2227/1118
f 1312/2226/1287 1154/2227/1118 1153/2228/1116
f 1312/2226/1287 1153/2228/1116 1311/2191/1275
f 1311/2191/1275 1153/2228/1116 1152/2229/1114
f 1311/2191/1275 1152/2229/1114 1151/2192/1113
f 1324/2191/1288 1175/2192/1150 1323/2193/1289
f 1323/2193/1289 1175/2192/1150 1174/2194/1149
f 1323/2230/1289 1174/2196/1149 1336/2231/1290
f 1336/2231/1290 1174/2196/1149 1197/2197/1148
f 1336/2231/1290 1197/2197/1148 1196/2199/1159
f 1336/2231/1290 1196/2199/1159 1335/2232/1291
f 1335/2232/1291 1196/2199/1159 1195/2201/1158
f 1335/2232/1291 1195/2201/1158 1334/2233/1292
f 1334/2233/1292 1195/2201/1158 1194/2202/1157
f 1334/2233/1292 1194/2202/1157 1193/2204/1156
f 1334/2233/1292 1193/2204/1156 1333/2234/1293
f 1333/2234/1293 1193/2204/1156 1192/2206/1141
f 1333/2234/1293 1192/2206/1141 1191/2207/1155
f 1333/2234/1293 1191/2207/1155 1332/2235/1294
f 1332/2235/1294 1191/2207/1155 1190/2209/1154
f 1332/2235/1294 1190/2209/1154 1331/2236/1295
f 1331/2236/1295 1190/2209/1154 1189/2210/1153
f 1331/2236/1295 1189/2210/1153 1188/2212/1152
f 1331/2236/1295 1188/2212/1152 1330/2237/1296
f 1330/2237/1296 1188/2212/1152 1187/2213/1151
f 1330/2237/1296 1187/2213/1151 1329/2238/1297
f 1329/2238/1297 1187/2213/1151 1186/2215/1131
f 1329/2238/1297 1186/2215/1131 1185/2216/1129
f 1329/2238/1297 1185/2216/1129 1328/2239/1284
f 1328/2239/1284 1185/2216/1129 1184/2218/1128
f 1328/2239/1284 1184/2218/1128 1183/2219/1126
f 1328/2239/1284 1183/2219/1126 1327/2240/1285
f 1327/2240/1285 1183/2219/1126 1182/2221/1124
f 1327/2240/1285 1182/2221/1124 1181/2222/1123
f 1327/2240/1285 1181/2222/1123 1326/2241/1286
f 1326/2241/1286 1181/2222/1123 1180/2224/1121
f 1326/2241/1286 1180/2224/1121 1179/2225/1119
f 1326/2241/1286 1179/2225/1119 1325/2242/1287
f 1325/2242/1287 1179/2225/1119 1178/2227/1118
f 1325/2242/1287 1178/2227/1118 1177/2228/1116
f 1325/2242/1287 1177/2228/1116 1324/2191/1288
f 1324/2191/1288 1177/2228/1116 1176/2229/1114
f 1324/2191/1288 1176/2229/1114 1175/2192/1150
f 1376/2304/1337 1228/2192/1194 1375/2193/1338
f 1375/2193/1338 1228/2192/1194 1227/2194/1192
f 1375/2195/1338 1227/2196/1192 1250/2197/1190
f 1375/2195/1338 1250/2197/1190 1388/2305/1339
f 1388/2305/1339 1250/2197/1190 1249/2199/1228
f 1388/2305/1339 1249/2199/1228 1248/2201/1227
f 1388/2305/1339 1248/2201/1227 1387/2306/1340
f 1387/2306/1340 1248/2201/1227 1247/2202/1225
f 1387/2306/1340 1247/2202/1225 1246/2204/1224
f 1387/2306/1340 1246/2204/1224 1386/2307/1341
f 1386/2307/1341 1246/2204/1224 1245/2206/1222
f 1386/2307/1341 1245/2206/1222 1244/2207/1220
f 1386/2307/1341 1244/2207/1220 1385/2308/1342
f 1385/2308/1342 1244/2207/1220 1243/2209/1219
f 1385/2308/1342 1243/2209/1219 1242/2210/1217
f 1385/2308/1342 1242/2210/1217 1384/2309/1343
f 1384/2309/1343 1242/2210/1217 1241/2212/1215
f 1384/2309/1343 1241/2212/1215 1240/2213/1214
f 1384/2309/1343 1240/2213/1214 1383/258/1344
f 1383/258/1344 1240/2213/1214 1239/2215/1212
f 1383/258/1344 1239/2215/1212 1382/2310/1345
f 1382/2310/1345 1239/2215/1212 1238/2216/1210
f 1382/2310/1345 1238/2216/1210 1237/2218/1209
f 1382/2310/1345 1237/2218/1209 1381/2311/1346
f 1381/2311/1346 1237/2218/1209 1236/2219/1207
f 1381/2311/1346 1236/2219/1207 1380/2312/1347
f 1380/2312/1347 1236/2219/1207 1235/2221/1205
f 1380/2312/1347 1235/2221/1205 1234/2222/1204
f 1380/2312/1347 1234/2222/1204 1379/2313/1348
f 1379/2313/1348 1234/2222/1204 1233/2224/1202
f 1379/2313/1348 1233/2224/1202 1232/2225/1200
f 1379/2313/1348 1232/2225/1200 1378/2314/1349
f 1378/2314/1349 1232/2225/1200 1231/2227/1199
f 1378/2314/1349 1231/2227/1199 1377/2315/1350
f 1377/2315/1350 1231/2227/1199 1230/2228/1197
f 1377/2315/1350 1230/2228/1197 1229/2229/1195
f 1377/2315/1350 1229/2229/1195 1376/2304/1337
f 1376/2304/1337 1229/2229/1195 1228/2192/1194
f 1390/2316/1351 1252/2192/1229 1389/2193/1352
f 1389/2193/1352 1252/2192/1229 1251/2194/1192
f 1389/2317/1352 1251/2196/1192 1274/2197/1190
f 1389/2317/1352 1274/2197/1190 1401/2318/1339
f 1401/2318/1339 1274/2197/1190 1273/2199/1228
f 1401/2318/1339 1273/2199/1228 1272/2201/1227
f 1401/2318/1339 1272/2201/1227 1400/2319/1340
f 1400/2319/1340 1272/2201/1227 1271/2202/1225
f 1400/2319/1340 1271/2202/1225 1270/2204/1224
f 1400/2319/1340 1270/2204/1224 1399/2320/1341
f 1399/2320/1341 1270/2204/1224 1269/2206/1222
f 1399/2320/1341 1269/2206/1222 1268/2207/1220
f 1399/2320/1341 1268/2207/1220 1398/2321/1342
f 1398/2321/1342 1268/2207/1220 1267/2209/1219
f 1398/2321/1342 1267/2209/1219 1266/2210/1217
f 1398/2321/1342 1266/2210/1217 1397/2322/1353
f 1397/2322/1353 1266/2210/1217 1265/2212/1215
f 1397/2322/1353 1265/2212/1215 1264/2213/1240
f 1397/2322/1353 1264/2213/1240 1396/2238/1354
f 1396/2238/1354 1264/2213/1240 1263/2215/1239
f 1396/2238/1354 1263/2215/1239 1262/2216/1238
f 1396/2238/1354 1262/2216/1238 1395/2323/1355
f 1395/2323/1355 1262/2216/1238 1261/2218/1237
f 1395/2323/1355 1261/2218/1237 1394/2324/1356
f 1394/2324/1356 1261/2218/1237 1260/2219/1236
f 1394/2324/1356 1260/2219/1236 1259/2221/1235
f 1394/2324/1356 1259/2221/1235 1393/2325/1357
f 1393/2325/1357 1259/2221/1235 1258/2222/1234
f 1393/2325/1357 1258/2222/1234 1392/2326/1358
f 1392/2326/1358 1258/2222/1234 1257/2224/1202
f 1392/2326/1358 1257/2224/1202 1256/2225/1233
f 1392/2326/1358 1256/2225/1233 1391/2327/1359
f 1391/2327/1359 1256/2225/1233 1255/2227/1232
f 1391/2327/1359 1255/2227/1232 1254/2228/1231
f 1391/2327/1359 1254/2228/1231 1390/2316/1351
f 1390/2316/1351 1254/2228/1231 1253/2229/1230
f 1390/2316/1351 1253/2229/1230 1252/2192/1229
f 1507/2538/1 1508/2539/1 1510/2540/1
f 1510/2540/1 1508/2539/1 1509/2541/1
f 1512/2542/1 1513/2543/1 1511/2544/1
f 1511/2544/1 1513/2543/1 1514/2545/1
f 1515/2546/1 1516/2547/1 1518/2548/1
f 1518/2548/1 1516/2547/1 1517/2549/1
f 1520/2550/1 1521/2551/1 1519/2552/1
f 1519/2552/1 1521/2551/1 1522/2553/1
f 1523/2554/1 1524/2555/1 1526/2556/1
f 1526/2556/1 1524/2555/1 1525/2557/1
f 1628/2738/118 1508/2739/118 1627/2740/118
f 1627/2740/118 1508/2739/118 1507/2741/118
f 1508/2742/111 1628/2743/111 1509/2744/111
f 1509/2744/111 1628/2743/111 1629/2745/111
f 1509/2746/80 1629/2747/80 1510/2748/80
f 1510/2748/80 1629/2747/80 1630/2749/80
f 1627/2750/125 1507/2751/125 1630/2752/125
f 1630/2752/125 1507/2751/125 1510/2753/125
f 1511/2742/111 1631/2743/111 1512/2744/111
f 1512/2744/111 1631/2743/111 1632/2745/111
f 1512/2754/80 1632/2755/80 1513/2756/80
f 1513/2756/80 1632/2755/80 1633/2757/80
f 1634/2750/125 1514/2751/125 1633/2752/125
f 1633/2752/125 1514/2751/125 1513/2753/125
f 1631/2758/118 1511/2759/118 1634/2760/118
f 1634/2760/118 1511/2759/118 1514/2761/118
f 1635/2762/118 1636/2763/118 1515/2764/118
f 1515/2764/118 1636/2763/118 1516/2765/118
f 1516/2766/111 1636/2767/111 1517/2768/111
f 1517/2768/111 1636/2767/111 1637/2769/111
f 1637/2763/80 1638/2770/80 1517/2765/80
f 1517/2765/80 1638/2770/80 1518/2771/80
f 1635/2772/125 1515/2773/125 1638/2774/125
f 1638/2774/125 1515/2773/125 1518/2775/125
f 1519/2742/111 1639/2743/111 1520/2744/111
f 1520/2744/111 1639/2743/111 1640/2745/111
f 1640/2776/80 1641/2777/80 1520/2778/80
f 1520/2778/80 1641/2777/80 1521/2779/80
f 1642/2750/125 1522/2751/125 1641/2752/125
f 1641/2752/125 1522/2751/125 1521/2753/125
f 1642/2780/118 1639/2781/118 1522/2782/118
f 1522/2782/118 1639/2781/118 1519/2783/118
f 1644/2784/118 1524/2785/118 1643/2786/118
f 1643/2786/118 1524/2785/118 1523/2787/118
f 1524/2742/111 1644/2743/111 1525/2744/111
f 1525/2744/111 1644/2743/111 1645/2745/111
f 1525/2788/80 1645/2789/80 1526/2790/80
f 1526/2790/80 1645/2789/80 1646/2791/80
f 1643/2750/125 1523/2751/125 1646/2752/125
f 1646/2752/125 1523/2751/125 1526/2753/125
usemtl Opaque(202,209,238)
f 888/1997/1108 1173/1998/1109 873/1999/1110
f 873/1999/1110 1173/1998/1109 1150/2000/1111
f 873/2001/1110 1150/2002/1111 874/2003/1112
f 874/2003/1112 1150/2002/1111 1151/2004/1113
f 874/2003/1112 1151/2004/1113 1152/2005/1114
f 874/2003/1112 1152/2005/1114 875/2006/1115
f 875/2006/1115 1152/2005/1114 1153/2007/1116
f 875/2006/1115 1153/2007/1116 876/2008/1117
f 876/2008/1117 1153/2007/1116 1154/2009/1118
f 876/2008/1117 1154/2009/1118 1155/2010/1119
f 876/2008/1117 1155/2010/1119 877/2011/1120
f 877/2011/1120 1155/2010/1119 1156/2012/1121
f 877/2011/1120 1156/2012/1121 878/2013/1122
f 878/2013/1122 1156/2012/1121 1157/2014/1123
f 878/2013/1122 1157/2014/1123 1158/2015/1124
f 878/2013/1122 1158/2015/1124 879/2016/1125
f 879/2016/1125 1158/2015/1124 1159/2017/1126
f 879/2016/1125 1159/2017/1126 880/2018/1127
f 880/2018/1127 1159/2017/1126 1160/2019/1128
f 880/2018/1127 1160/2019/1128 1161/2020/1129
f 880/2018/1127 1161/2020/1129 881/2021/1130
f 881/2021/1130 1161/2020/1129 1162/2022/1131
f 881/2021/1130 1162/2022/1131 882/2023/1132
f 882/2023/1132 1162/2022/1131 1163/2024/1133
f 882/2023/1132 1163/2024/1133 1164/2025/1134
f 882/2023/1132 1164/2025/1134 883/2026/1135
f 883/2026/1135 1164/2025/1134 1165/2027/1136
f 883/2026/1135 1165/2027/1136 884/2028/1137
f 884/2028/1137 1165/2027/1136 1166/2029/1138
f 884/2028/1137 1166/2029/1138 1167/2030/1139
f 884/2028/1137 1167/2030/1139 885/2031/1140
f 885/2031/1140 1167/2030/1139 1168/2032/1141
f 885/2031/1140 1168/2032/1141 886/2033/1142
f 886/2033/1142 1168/2032/1141 1169/2034/1143
f 886/2033/1142 1169/2034/1143 1170/2035/1144
f 886/2033/1142 1170/2035/1144 887/2036/1145
f 887/2036/1145 1170/2035/1144 1171/2037/1146
f 887/2036/1145 1171/2037/1146 888/1997/1108
f 888/1997/1108 1171/2037/1146 1172/2038/1147
f 888/1997/1108 1172/2038/1147 1173/1998/1109
f 905/1997/1108 1197/1998/1148 890/1999/1110
f 890/1999/1110 1197/1998/1148 1174/2000/1149
f 890/2001/1110 1174/2002/1149 891/2003/1112
f 891/2003/1112 1174/2002/1149 1175/2004/1150
f 891/2003/1112 1175/2004/1150 1176/2005/1114
f 891/2003/1112 1176/2005/1114 892/2006/1115
f 892/2006/1115 1176/2005/1114 1177/2007/1116
f 892/2006/1115 1177/2007/1116 893/2039/1117
f 893/2039/1117 1177/2007/1116 1178/2009/1118
f 893/2039/1117 1178/2009/1118 1179/2010/1119
f 893/2039/1117 1179/2010/1119 894/2011/1120
f 894/2011/1120 1179/2010/1119 1180/2012/1121
f 894/2011/1120 1180/2012/1121 895/2013/1122
f 895/2013/1122 1180/2012/1121 1181/2014/1123
f 895/2013/1122 1181/2014/1123 1182/2015/1124
f 895/2013/1122 1182/2015/1124 896/2016/1125
f 896/2016/1125 1182/2015/1124 1183/2017/1126
f 896/2016/1125 1183/2017/1126 897/2018/1127
f 897/2018/1127 1183/2017/1126 1184/2019/1128
f 897/2018/1127 1184/2019/1128 1185/2020/1129
f 897/2018/1127 1185/2020/1129 898/2021/1130
f 898/2021/1130 1185/2020/1129 1186/2022/1131
f 898/2021/1130 1186/2022/1131 899/2040/1132
f 899/2040/1132 1186/2022/1131 1187/2024/1151
f 899/2040/1132 1187/2024/1151 1188/2025/1152
f 899/2040/1132 1188/2025/1152 900/2026/1135
f 900/2026/1135 1188/2025/1152 1189/2027/1153
f 900/2026/1135 1189/2027/1153 901/2041/1137
f 901/2041/1137 1189/2027/1153 1190/2029/1154
f 901/2041/1137 1190/2029/1154 1191/2030/1155
f 901/2041/1137 1191/2030/1155 902/2031/1140
f 902/2031/1140 1191/2030/1155 1192/2032/1141
f 902/2031/1140 1192/2032/1141 903/2033/1142
f 903/2033/1142 1192/2032/1141 1193/2034/1156
f 903/2033/1142 1193/2034/1156 1194/2035/1157
f 903/2033/1142 1194/2035/1157 904/2036/1145
f 904/2036/1145 1194/2035/1157 1195/2037/1158
f 904/2036/1145 1195/2037/1158 905/1997/1108
f 905/1997/1108 1195/2037/1158 1196/2038/1159
f 905/1997/1108 1196/2038/1159 1197/1998/1148
f 939/2109/1189 1250/1998/1190 924/1999/1191
f 924/1999/1191 1250/1998/1190 1227/2000/1192
f 924/2001/1191 1227/2002/1192 925/2003/1193
f 925/2003/1193 1227/2002/1192 1228/2004/1194
f 925/2003/1193 1228/2004/1194 1229/2005/1195
f 925/2003/1193 1229/2005/1195 926/2006/1196
f 926/2006/1196 1229/2005/1195 1230/2007/1197
f 926/2006/1196 1230/2007/1197 927/2008/1198
f 927/2008/1198 1230/2007/1197 1231/2009/1199
f 927/2008/1198 1231/2009/1199 1232/2010/1200
f 927/2008/1198 1232/2010/1200 928/2011/1201
f 928/2011/1201 1232/2010/1200 1233/2012/1202
f 928/2011/1201 1233/2012/1202 929/2013/1203
f 929/2013/1203 1233/2012/1202 1234/2014/1204
f 929/2013/1203 1234/2014/1204 1235/2015/1205
f 929/2013/1203 1235/2015/1205 930/2016/1206
f 930/2016/1206 1235/2015/1205 1236/2017/1207
f 930/2016/1206 1236/2017/1207 931/2110/1208
f 931/2110/1208 1236/2017/1207 1237/2019/1209
f 931/2110/1208 1237/2019/1209 1238/2020/1210
f 931/2110/1208 1238/2020/1210 932/2021/1211
f 932/2021/1211 1238/2020/1210 1239/2022/1212
f 932/2021/1211 1239/2022/1212 933/2111/1213
f 933/2111/1213 1239/2022/1212 1240/2024/1214
f 933/2111/1213 1240/2024/1214 1241/2025/1215
f 933/2111/1213 1241/2025/1215 934/2026/1216
f 934/2026/1216 1241/2025/1215 1242/2027/1217
f 934/2026/1216 1242/2027/1217 935/2028/1218
f 935/2028/1218 1242/2027/1217 1243/2029/1219
f 935/2028/1218 1243/2029/1219 1244/2030/1220
f 935/2028/1218 1244/2030/1220 936/2031/1221
f 936/2031/1221 1244/2030/1220 1245/2032/1222
f 936/2031/1221 1245/2032/1222 937/2033/1223
f 937/2033/1223 1245/2032/1222 1246/2034/1224
f 937/2033/1223 1246/2034/1224 1247/2035/1225
f 937/2033/1223 1247/2035/1225 938/2036/1226
f 938/2036/1226 1247/2035/1225 1248/2037/1227
f 938/2036/1226 1248/2037/1227 939/2109/1189
f 939/2109/1189 1248/2037/1227 1249/2038/1228
f 939/2109/1189 1249/2038/1228 1250/1998/1190
f 956/2109/1189 1274/1998/1190 941/1999/1191
f 941/1999/1191 1274/1998/1190 1251/2000/1192
f 941/2001/1191 1251/2002/1192 942/2112/1193
f 942/2112/1193 1251/2002/1192 1252/2004/1229
f 942/2112/1193 1252/2004/1229 1253/2005/1230
f 942/2112/1193 1253/2005/1230 943/2006/1196
f 943/2006/1196 1253/2005/1230 1254/2007/1231
f 943/2006/1196 1254/2007/1231 944/2039/1198
f 944/2039/1198 1254/2007/1231 1255/2009/1232
f 944/2039/1198 1255/2009/1232 1256/2010/1233
f 944/2039/1198 1256/2010/1233 945/2011/1201
f 945/2011/1201 1256/2010/1233 1257/2012/1202
f 945/2011/1201 1257/2012/1202 946/2013/1203
f 946/2013/1203 1257/2012/1202 1258/2014/1234
f 946/2013/1203 1258/2014/1234 1259/2015/1235
f 946/2013/1203 1259/2015/1235 947/2016/1206
f 947/2016/1206 1259/2015/1235 1260/2017/1236
f 947/2016/1206 1260/2017/1236 948/2110/1208
f 948/2110/1208 1260/2017/1236 1261/2019/1237
f 948/2110/1208 1261/2019/1237 1262/2020/1238
f 948/2110/1208 1262/2020/1238 949/2021/1211
f 949/2021/1211 1262/2020/1238 1263/2022/1239
f 949/2021/1211 1263/2022/1239 950/2111/1213
f 950/2111/1213 1263/2022/1239 1264/2024/1240
f 950/2111/1213 1264/2024/1240 1265/2025/1215
f 950/2111/1213 1265/2025/1215 951/2026/1216
f 951/2026/1216 1265/2025/1215 1266/2027/1217
f 951/2026/1216 1266/2027/1217 952/2041/1218
f 952/2041/1218 1266/2027/1217 1267/2029/1219
f 952/2041/1218 1267/2029/1219 1268/2030/1220
f 952/2041/1218 1268/2030/1220 953/2031/1221
f 953/2031/1221 1268/2030/1220 1269/2032/1222
f 953/2031/1221 1269/2032/1222 954/2033/1223
f 954/2033/1223 1269/2032/1222 1270/2034/1224
f 954/2033/1223 1270/2034/1224 1271/2035/1225
f 954/2033/1223 1271/2035/1225 955/2036/1226
f 955/2036/1226 1271/2035/1225 1272/2037/1227
f 955/2036/1226 1272/2037/1227 956/2109/1189
f 956/2109/1189 1272/2037/1227 1273/2038/1228
f 956/2109/1189 1273/2038/1228 1274/1998/1190
usemtl Opaque(153,153,153)
f 1407/2332/80 1408/2333/80 1410/2334/80
f 1410/2334/80 1408/2333/80 1409/2335/80
f 1411/2336/1 1408/2337/1 1414/2338/1
f 1414/2338/1 1408/2337/1 1413/2339/1
f 1413/2339/1 1408/2337/1 1412/2340/1
f 1412/2340/1 1408/2337/1 1407/2341/1
f 1408/2342/111 1411/2343/1364 1409/2344/1365
f 1409/2344/1365 1411/2343/1364 1415/2345/1366
f 1417/2335/125 1418/2334/125 1416/2333/125
f 1416/2333/125 1418/2334/125 1419/2332/125
f 1420/2346/1 1416/2347/1 1423/2348/1
f 1423/2348/1 1416/2347/1 1422/2349/1
f 1422/2349/1 1416/2347/1 1421/2350/1
f 1421/2350/1 1416/2347/1 1419/2351/1
f 1420/2352/80 1424/2353/80 1416/2354/80
f 1416/2354/80 1424/2353/80 1417/2355/80
f 1425/2356/118 1426/2355/1367 1428/2357/1368
f 1428/2357/1368 1426/2355/1367 1427/2353/1369
f 1428/2358/1 1429/2359/1 1425/2360/1
f 1425/2360/1 1429/2359/1 1430/2361/1
f 1430/2361/1 1431/2362/1 1425/2360/1
f 1425/2360/1 1431/2362/1 1432/2363/1
f 1433/2364/1370 1426/2365/1367 1432/2366/1371
f 1432/2366/1371 1426/2365/1367 1425/2367/125
f 1434/2368/111 1435/2369/111 1437/2370/111
f 1437/2370/111 1435/2369/111 1436/2371/111
f 1434/2372/1 1438/2373/1 1435/2374/1
f 1435/2374/1 1438/2373/1 1439/2375/1
f 1439/2375/1 1440/2376/1 1435/2374/1
f 1435/2374/1 1440/2376/1 1441/2377/1
f 1442/2345/1372 1436/2344/1373 1441/2343/1374
f 1441/2343/1374 1436/2344/1373 1435/2342/118
f 1418/2378/1 1417/2379/1 1415/2380/1366
f 1415/2380/1366 1417/2379/1 1409/2381/1365
f 1424/2382/1 1427/2383/1369 1417/2379/1
f 1417/2379/1 1427/2383/1369 1426/2384/1367
f 1426/2384/1367 1433/2385/1370 1436/2386/1373
f 1436/2386/1373 1433/2385/1370 1437/2387/1
f 1436/2386/1373 1442/2388/1372 1409/2381/1365
f 1436/2386/1373 1409/2381/1365 1417/2379/1
f 1409/2381/1365 1442/2388/1372 1410/2389/1
f 1426/2384/1367 1436/2386/1373 1417/2379/1
f 1443/2368/80 1444/2369/80 1446/2370/80
f 1446/2370/80 1444/2369/80 1445/2371/80
f 1447/2336/1 1444/2337/1 1450/2338/1
f 1450/2338/1 1444/2337/1 1449/2339/1
f 1449/2339/1 1444/2337/1 1448/2340/1
f 1448/2340/1 1444/2337/1 1443/2341/1
f 1444/2367/111 1447/2366/1364 1445/2365/1365
f 1445/2365/1365 1447/2366/1364 1451/2364/1366
f 1453/2371/125 1454/2370/125 1452/2369/125
f 1452/2369/125 1454/2370/125 1455/2368/125
f 1456/2346/1 1452/2347/1 1459/2348/1
f 1459/2348/1 1452/2347/1 1458/2390/1
f 1458/2390/1 1452/2347/1 1457/2350/1
f 1457/2350/1 1452/2347/1 1455/2351/1
f 1452/2342/80 1456/2343/1375 1453/2344/1376
f 1453/2344/1376 1456/2343/1375 1460/2345/1377
f 1462/2335/118 1463/2334/118 1461/2333/118
f 1461/2333/118 1463/2334/118 1464/2332/118
f 1464/2358/1 1465/2359/1 1461/2360/1
f 1461/2360/1 1465/2359/1 1466/2361/1
f 1466/2361/1 1467/2362/1 1461/2360/1
f 1461/2360/1 1467/2362/1 1468/2363/1
f 1469/2345/1370 1462/2344/1378 1468/2343/1371
f 1468/2343/1371 1462/2344/1378 1461/2342/125
f 1470/2332/111 1471/2333/111 1473/2334/111
f 1473/2334/111 1471/2333/111 1472/2335/111
f 1470/2372/1 1474/2373/1 1471/2374/1
f 1471/2374/1 1474/2373/1 1475/2391/1
f 1475/2391/1 1476/2376/1 1471/2374/1
f 1471/2374/1 1476/2376/1 1477/2377/1
f 1478/2364/1372 1472/2365/1373 1477/2366/1374
f 1477/2366/1374 1472/2365/1373 1471/2367/118
f 1454/2392/1 1453/2393/1376 1451/2394/1366
f 1451/2394/1366 1453/2393/1376 1445/2395/1365
f 1453/2393/1376 1460/2396/1377 1462/2397/1378
f 1462/2397/1378 1460/2396/1377 1463/2398/1
f 1462/2397/1378 1469/2399/1370 1472/2400/1373
f 1472/2400/1373 1469/2399/1370 1473/2401/1
f 1472/2400/1373 1478/2402/1372 1445/2395/1365
f 1472/2400/1373 1445/2395/1365 1453/2393/1376
f 1445/2395/1365 1478/2402/1372 1446/2403/1
f 1462/2397/1378 1472/2400/1373 1453/2393/1376
