# Blender 5.1.2
# www.blender.org
mtllib vmg_ccw.mtl
o vmg_ccw
v 0.061314 -0.013738 0.003317
v 0.061981 -0.013515 0.003420
v 0.062306 -0.013242 0.003491
v 0.060658 -0.013749 0.003255
v 0.062609 -0.012521 0.003586
v 0.061261 -0.012893 0.003564
v 0.059950 -0.013713 0.003208
v 0.062674 -0.012352 0.003662
v 0.059536 -0.013665 0.003187
v 0.059593 -0.013672 0.003193
v 0.058651 -0.013529 0.003151
v 0.062809 -0.011592 0.003752
v 0.061174 -0.012347 0.003747
v 0.060444 -0.012580 0.003495
v 0.058800 -0.013555 0.003162
v 0.062818 -0.011721 0.003805
v 0.057943 -0.013408 0.003152
v 0.056627 -0.012671 0.003454
v 0.062927 -0.011038 0.003943
v 0.056744 -0.013196 0.003140
v 0.062250 -0.010368 0.004066
v 0.060304 -0.011282 0.004171
v -0.038211 -0.048999 0.004827
v -0.038693 -0.049147 0.004643
v -0.037012 -0.048404 0.005133
v -0.039394 -0.049318 0.004473
v 0.056369 -0.013132 0.003141
v 0.056221 -0.013101 0.003141
v 0.055613 -0.013008 0.003153
v -0.036138 -0.047904 0.005195
v -0.035544 -0.047533 0.005409
v -0.036537 -0.047714 0.004976
v 0.057061 -0.012342 0.003478
v -0.038655 -0.048627 0.004803
v -0.040234 -0.049277 0.004212
v -0.040048 -0.048893 0.004112
v 0.058305 -0.011787 0.004002
v 0.062024 -0.009347 0.004653
v -0.036209 -0.047344 0.005449
v 0.062814 -0.010277 0.004180
v 0.059059 -0.011390 0.003842
v -0.040903 -0.049037 0.003983
v -0.033194 -0.045819 0.005780
v 0.053485 -0.012705 0.003168
v -0.032970 -0.045656 0.005692
v -0.041912 -0.048251 0.003685
v -0.036680 -0.047120 0.004839
v -0.041347 -0.048508 0.003749
v 0.059373 -0.009320 0.005028
v 0.053272 -0.011808 0.003850
v 0.062432 -0.009629 0.004354
v 0.062419 -0.009511 0.004467
v -0.032373 -0.044613 0.005516
v -0.041211 -0.048175 0.003902
v -0.041489 -0.048645 0.003795
v -0.032365 -0.044697 0.006068
v -0.037100 -0.046159 0.005206
v 0.051800 -0.012507 0.003169
v 0.061852 -0.008863 0.004712
v -0.039446 -0.045521 0.003838
v -0.040994 -0.045823 0.003482
v 0.051726 -0.011088 0.003875
v -0.035449 -0.045386 0.005623
v -0.033184 -0.044166 0.006062
v -0.042226 -0.047853 0.003564
v 0.061501 -0.008582 0.004767
v 0.055085 -0.010755 0.004606
v 0.054289 -0.010465 0.004232
v -0.029518 -0.042832 0.006131
v -0.030532 -0.043626 0.006117
v -0.027656 -0.041123 0.006148
v -0.042585 -0.047399 0.003506
v -0.041554 -0.047118 0.003706
v -0.039758 -0.046024 0.004146
v 0.056785 -0.009722 0.005074
v 0.056500 -0.009645 0.004502
v -0.032443 -0.042914 0.005280
v 0.059400 -0.007933 0.004912
v -0.036371 -0.043222 0.004447
v -0.042562 -0.046271 0.003324
v -0.036313 -0.044012 0.005223
v 0.059958 -0.008170 0.005248
v 0.060855 -0.008097 0.005020
v -0.042690 -0.046964 0.003428
v 0.049963 -0.012275 0.003117
v -0.042677 -0.046890 0.003413
v -0.027459 -0.040887 0.006459
v 0.050477 -0.011534 0.003807
v -0.042233 -0.045651 0.003255
v -0.034311 -0.042001 0.004810
v -0.033419 -0.043129 0.005991
v -0.027493 -0.039783 0.006784
v 0.057242 -0.008315 0.005536
v -0.026069 -0.039170 0.006786
v 0.051155 -0.010257 0.004751
v 0.051738 -0.010068 0.004305
v 0.052822 -0.009759 0.005112
v 0.059154 -0.007127 0.005293
v -0.041155 -0.045003 0.003401
v 0.048794 -0.012115 0.003084
v 0.059482 -0.007312 0.005328
v 0.047208 -0.011885 0.002964
v -0.024811 -0.038517 0.006599
v 0.053737 -0.008665 0.005611
v 0.054048 -0.008759 0.004794
v -0.039609 -0.044331 0.003806
v -0.041628 -0.044733 0.003181
v -0.022731 -0.036094 0.006327
v -0.039754 -0.042508 0.003154
v 0.057143 -0.006830 0.005786
v -0.033806 -0.041610 0.005691
v 0.057790 -0.006654 0.005347
v -0.035157 -0.041383 0.005133
v -0.039225 -0.042982 0.003419
v 0.044855 -0.010447 0.003408
v -0.026061 -0.037274 0.007031
v -0.039893 -0.042671 0.003134
v -0.021789 -0.034401 0.006230
v 0.054424 -0.007237 0.005996
v -0.039182 -0.042489 0.003427
v -0.021631 -0.031234 0.007583
v -0.036165 -0.040374 0.003918
v -0.022867 -0.036601 0.006571
v 0.056733 -0.006013 0.005698
v 0.056353 -0.005988 0.005835
v 0.042521 -0.011214 0.002589
v 0.044103 -0.011400 0.002778
v 0.056131 -0.005779 0.005659
v -0.026781 -0.036028 0.005573
v -0.036438 -0.041110 0.004421
v -0.034330 -0.039635 0.004354
v 0.043472 -0.010048 0.003937
v 0.046203 -0.006595 0.005233
v 0.045542 -0.008953 0.004295
v 0.054850 -0.006249 0.005365
v 0.044981 -0.008996 0.004978
v 0.045813 -0.008103 0.005637
v 0.041134 -0.011071 0.002516
v -0.027934 -0.035253 0.006368
v 0.044299 -0.007592 0.004802
v -0.036082 -0.039256 0.003898
v -0.028596 -0.035966 0.005147
v -0.027029 -0.035442 0.006716
v -0.034331 -0.038769 0.004657
v 0.045126 -0.006222 0.006527
v -0.019931 -0.033573 0.006982
v -0.019182 -0.032713 0.006706
v 0.037817 -0.010786 0.002260
v -0.028344 -0.034506 0.005996
v -0.037374 -0.039469 0.003177
v -0.018835 -0.031787 0.007428
v 0.049440 -0.005878 0.006524
v 0.038742 -0.009805 0.003089
v -0.034285 -0.037620 0.003797
v -0.028614 -0.034435 0.004804
v 0.053383 -0.004698 0.006003
v 0.050766 -0.005023 0.006544
v 0.051891 -0.004266 0.005944
v -0.036288 -0.038020 0.003153
v -0.019039 -0.031055 0.007656
v 0.051207 -0.004367 0.006439
v 0.051447 -0.004112 0.006300
v 0.040008 -0.008744 0.003928
v 0.036009 -0.010739 0.002186
v -0.030261 -0.034632 0.004285
v -0.034379 -0.037046 0.003862
v -0.016710 -0.030087 0.007048
v -0.034483 -0.035674 0.003032
v -0.015779 -0.028895 0.007341
v -0.020276 -0.030069 0.006070
v -0.019473 -0.029914 0.007796
v 0.041120 -0.007846 0.004511
v -0.028757 -0.032626 0.005052
v 0.037430 -0.009369 0.003937
v -0.034909 -0.036245 0.003098
v 0.042642 -0.001713 0.006292
v 0.033102 -0.010723 0.001910
v -0.032565 -0.034697 0.003388
v 0.049178 -0.003253 0.006281
v 0.038322 -0.008065 0.005215
v 0.027816 -0.010552 0.001818
v -0.014251 -0.027045 0.006892
v 0.029129 -0.010797 0.001514
v -0.030841 -0.032878 0.003814
v -0.014523 -0.027536 0.007207
v 0.028334 -0.009644 0.003010
v 0.039606 -0.006976 0.006075
v -0.011287 -0.022785 0.006698
v 0.036775 -0.002999 0.006003
v 0.027394 -0.010844 0.001325
v 0.040230 -0.001730 0.006201
v -0.013279 -0.025295 0.007787
v -0.020554 -0.028244 0.005860
v -0.011734 -0.022657 0.006540
v 0.029306 -0.008965 0.002994
v -0.027069 -0.030811 0.004360
v -0.018875 -0.025688 0.007663
v -0.030084 -0.032197 0.003469
v 0.028432 -0.008852 0.003911
v 0.032602 -0.007176 0.004414
v 0.045735 -0.002302 0.006322
v -0.013673 -0.024675 0.008040
v -0.030910 -0.031109 0.002583
v -0.011875 -0.024314 0.007239
v 0.023818 -0.010778 0.000856
v -0.015425 -0.025297 0.006282
v -0.019056 -0.024340 0.005584
v 0.033742 -0.003522 0.005891
v -0.019290 -0.024544 0.007316
v 0.028961 -0.007326 0.005411
v -0.014407 -0.023710 0.008185
v 0.030109 -0.005565 0.005087
v 0.035413 -0.002813 0.007726
v 0.023772 -0.010583 0.001202
v -0.027690 -0.029008 0.003952
v -0.010278 -0.022098 0.007555
v -0.027548 -0.028853 0.003375
v 0.024367 -0.009258 0.002170
v 0.029542 -0.006386 0.006172
v 0.042259 -0.003319 0.007287
v -0.030255 -0.030253 0.002500
v -0.016830 -0.023993 0.005980
v -0.019650 -0.023294 0.006833
v 0.030793 -0.004350 0.005587
v -0.010416 -0.022251 0.006962
v 0.023930 -0.009094 0.003151
v -0.028069 -0.028283 0.003156
v -0.021924 -0.025488 0.004931
v -0.015063 -0.022925 0.008116
v 0.030122 -0.005404 0.006816
v 0.043556 -0.002234 0.007094
v 0.027725 -0.006853 0.004235
v 0.020667 -0.010501 0.000496
v 0.020053 -0.010378 0.000604
v 0.043723 -0.001669 0.006727
v 0.024470 -0.007719 0.003316
v -0.028614 -0.027858 0.002300
v 0.030749 -0.004420 0.007318
v 0.019685 -0.009431 0.001856
v -0.009216 -0.020841 0.007279
v 0.018885 -0.010237 0.000357
v 0.021037 -0.007842 0.002696
v 0.031411 -0.003464 0.007674
v -0.020848 -0.021461 0.005413
v -0.010969 -0.019473 0.006184
v 0.019828 -0.008394 0.003178
v -0.009640 -0.020540 0.007869
v -0.022853 -0.023560 0.003855
v 0.040879 -0.000915 0.006679
v 0.017372 -0.009916 0.000219
v 0.024556 -0.007076 0.005251
v 0.016484 -0.009679 0.000340
v -0.027706 -0.026473 0.002222
v -0.010191 -0.020089 0.008119
v 0.015852 -0.008691 0.001638
v 0.034766 -0.001738 0.007851
v 0.037785 -0.000344 0.006614
v -0.026942 -0.025240 0.002086
v 0.018115 -0.007318 0.002425
v 0.024907 -0.005483 0.006513
v -0.018912 -0.021226 0.004827
v -0.021890 -0.020189 0.003897
v -0.011090 -0.019294 0.008241
v -0.007117 -0.017912 0.007247
v 0.015002 -0.009319 0.000102
v -0.005931 -0.016109 0.006811
v -0.006504 -0.016744 0.007467
v 0.022086 -0.005110 0.004546
v -0.013514 -0.018561 0.007853
v -0.023569 -0.022012 0.002781
v -0.006397 -0.016172 0.006484
v 0.035414 -0.000755 0.007712
v -0.012926 -0.018504 0.005753
v 0.019796 -0.006601 0.005009
v -0.007614 -0.017603 0.007799
v -0.022412 -0.019412 0.002912
v 0.014539 -0.008948 0.000190
v 0.037385 -0.000065 0.006941
v -0.006636 -0.015747 0.006224
v 0.037472 -0.000295 0.007265
v -0.011916 -0.018678 0.008144
v -0.024359 -0.021114 0.002040
v -0.025758 -0.023153 0.001900
v -0.007705 -0.016330 0.007965
v 0.013615 -0.008891 0.000101
v -0.014424 -0.017913 0.007420
v 0.019916 -0.005535 0.005912
v 0.012396 -0.007887 0.001297
v 0.014170 -0.007152 0.001432
v -0.013979 -0.017666 0.005337
v -0.005332 -0.015270 0.007139
v 0.023067 -0.003594 0.007412
v 0.014665 -0.007372 0.002954
v -0.008084 -0.015614 0.005842
v -0.020356 -0.019665 0.003598
v 0.027256 -0.001561 0.008119
v -0.009133 -0.016428 0.008079
v 0.027737 -0.002370 0.005980
v 0.029916 0.000262 0.006451
v -0.015404 -0.017302 0.006818
v -0.006082 -0.015144 0.007647
v 0.022320 -0.003277 0.005339
v 0.027595 -0.000598 0.008189
v 0.020724 -0.004512 0.006708
v 0.032136 0.000541 0.007655
v 0.011887 -0.008260 0.000195
v 0.011502 -0.008102 0.000031
v 0.023181 -0.002480 0.007847
v 0.032361 0.000883 0.007358
v 0.032466 0.000953 0.007163
v -0.015448 -0.016544 0.004542
v 0.018321 -0.004638 0.004114
v 0.014390 -0.005878 0.002368
v -0.009628 -0.015217 0.007882
v 0.012588 -0.005488 0.004334
v 0.010573 -0.007023 0.000448
v 0.025501 0.001602 0.006699
v -0.003350 -0.012170 0.006922
v 0.028051 0.000521 0.008043
v 0.010188 -0.006681 0.002069
v -0.021472 -0.018419 0.002384
v -0.003823 -0.012406 0.007184
v 0.033155 0.000747 0.006864
v -0.011456 -0.015032 0.005144
v -0.007642 -0.013987 0.007786
v -0.023936 -0.019839 0.001515
v -0.002335 -0.010697 0.006534
v 0.010203 -0.006191 0.002788
v -0.002168 -0.010340 0.006274
v 0.015098 -0.004880 0.005437
v -0.004375 -0.012174 0.007385
v 0.016060 -0.004059 0.006220
v -0.011075 -0.015053 0.007586
v -0.017299 -0.016152 0.005187
v 0.018036 -0.003136 0.007092
v -0.002347 -0.010166 0.005922
v 0.009477 -0.007291 0.000094
v 0.009266 -0.006868 0.001088
v 0.015190 -0.004230 0.003564
v -0.002320 -0.010373 0.006808
v -0.006596 -0.011720 0.004967
v -0.002821 -0.010033 0.005552
v -0.004910 -0.011490 0.007412
v 0.022729 -0.001581 0.005866
v -0.017204 -0.015246 0.003219
v -0.011409 -0.013475 0.006977
v 0.018746 -0.002405 0.005144
v 0.008128 -0.006613 0.000099
v -0.022965 -0.018113 0.001337
v 0.019221 -0.002131 0.007650
v 0.022814 0.000796 0.006306
v 0.029241 0.001499 0.007082
v -0.005386 -0.010592 0.007273
v 0.022134 -0.000980 0.008145
v -0.019838 -0.016179 0.003155
v -0.009281 -0.012324 0.007160
v -0.004427 -0.010062 0.004934
v -0.013178 -0.013547 0.004114
v -0.005622 -0.009418 0.006995
v -0.012118 -0.012713 0.006371
v 0.007092 -0.006174 0.000187
v 0.007050 -0.006088 0.000637
v 0.008285 -0.003581 0.004748
v 0.021168 0.000153 0.008226
v 0.026586 0.001424 0.007825
v -0.021981 -0.016453 0.001035
v 0.007060 -0.005675 0.001772
v 0.019333 -0.000759 0.008013
v -0.018557 -0.014285 0.001972
v 0.026693 0.001807 0.007510
v -0.001476 -0.006724 0.006782
v -0.007567 -0.010061 0.004130
v 0.012497 -0.001522 0.004130
v 0.026410 0.001956 0.007256
v 0.015782 -0.001906 0.007229
v -0.001560 -0.008790 0.006748
v 0.024702 0.002081 0.006967
v 0.005377 -0.004320 0.003008
v -0.021300 -0.015324 0.000926
v 0.017990 0.001144 0.005980
v 0.021343 0.001334 0.008113
v 0.003026 -0.006050 0.000049
v 0.003109 -0.006006 0.006955
v -0.017956 -0.013480 0.002877
v -0.011258 -0.011039 0.003564
v 0.001170 -0.006664 0.006954
v 0.001128 -0.006666 0.000043
v -0.015394 -0.012031 0.002426
v -0.020181 -0.013685 0.000634
v 0.013448 0.000148 0.004967
v 0.020706 0.001740 0.006423
v 0.008742 -0.002055 0.005836
v -0.013949 -0.011692 0.004781
v 0.017862 0.000293 0.007996
v -0.000113 -0.006820 0.005663
v -0.000196 -0.006823 0.006303
v -0.000016 -0.006807 0.005981
v 0.004822 -0.004938 0.000274
v 0.004742 -0.004974 0.000402
v 0.004665 -0.004974 0.000484
v 0.005026 -0.004757 0.000360
v 0.004742 -0.004898 0.000205
v 0.013745 -0.000407 0.007358
v 0.004846 -0.004759 0.000111
v 0.004702 -0.004863 0.006954
v -0.000615 -0.006773 0.005062
v 0.004876 -0.004790 0.001588
v -0.000641 -0.006834 0.005159
v 0.021471 0.002040 0.007870
v 0.004775 -0.004710 0.000019
v 0.004953 -0.004670 0.000246
v -0.000803 -0.006778 0.006673
v 0.005257 -0.004341 0.003000
v -0.000797 -0.006710 0.000042
v -0.001102 -0.006697 0.006905
v -0.001180 -0.006604 0.006985
v -0.003071 -0.006165 0.003747
v -0.004381 -0.005442 0.006014
v 0.021585 0.002442 0.007549
v 0.006088 -0.003292 0.001544
v -0.002300 -0.006493 0.006767
v 0.022469 0.002472 0.007214
v 0.006798 -0.001158 0.002899
v 0.010730 -0.001462 0.006500
v -0.001390 -0.006656 0.004527
v -0.002084 -0.006554 0.004294
v 0.005706 -0.003720 0.001062
v 0.005935 -0.003544 0.004130
v 0.005774 -0.003628 0.004078
v -0.002196 -0.006453 0.006879
v -0.019537 -0.012763 0.000518
v -0.002156 -0.006341 0.006992
v -0.019237 -0.012740 0.000910
v -0.002351 -0.006387 0.004019
v 0.005905 -0.003297 0.006951
v -0.005503 -0.005683 0.005704
v -0.015049 -0.010501 0.003059
v -0.012281 -0.009521 0.002369
v -0.003083 -0.006166 0.006605
v 0.016654 0.001701 0.007830
v -0.004978 -0.007030 0.003510
v 0.011473 0.000601 0.007220
v 0.006046 -0.003023 0.000043
v 0.016670 0.000983 0.007897
v 0.016454 0.000999 0.007883
v -0.002680 -0.006207 0.000044
v 0.001685 -0.004501 0.007006
v 0.019536 0.002744 0.007292
v 0.006472 -0.002478 0.005118
v 0.006236 -0.002740 0.001806
v 0.006253 -0.002717 0.004973
v -0.002790 -0.006168 0.006931
v 0.000171 -0.004814 0.007009
v 0.015910 0.001037 0.007812
v -0.016566 -0.010903 0.001977
v 0.015728 0.001050 0.007785
v 0.013754 0.001106 0.005376
v 0.015728 0.001050 0.007885
v 0.003110 -0.003669 0.007005
v 0.017204 0.002546 0.006484
v 0.015123 0.001087 0.007722
v -0.003363 -0.005916 0.003431
v -0.005301 -0.004511 0.005217
v 0.018452 0.002237 0.007774
v 0.016421 0.001550 0.007824
v 0.016465 0.001541 0.007929
v 0.015410 0.001218 0.007751
v 0.015222 0.001098 0.007831
v 0.014941 0.001108 0.007800
v 0.016668 0.001765 0.007914
v 0.014877 0.001129 0.007693
v 0.016224 0.001549 0.007807
v 0.016224 0.001549 0.007907
v 0.015475 0.001384 0.007851
v 0.016396 0.002896 0.006704
v 0.015951 0.001569 0.007880
v 0.015951 0.001569 0.007780
v 0.015242 0.001303 0.007730
v 0.015237 0.001296 0.007829
v 0.015083 0.001254 0.007714
v 0.016411 0.001724 0.007800
v 0.016389 0.001721 0.007898
v 0.014941 0.001298 0.007798
v 0.016502 0.001882 0.007881
v 0.016685 0.002024 0.007862
v 0.014921 0.001343 0.007694
v 0.016672 0.002084 0.007746
v 0.015960 0.001743 0.007850
v 0.015456 0.001634 0.007732
v 0.016494 0.001989 0.007758
v 0.015271 0.001617 0.007714
v 0.015276 0.001584 0.007816
v 0.016522 0.002891 0.007334
v 0.014738 0.001391 0.007674
v 0.014756 0.001310 0.007778
v -0.001579 -0.004557 0.007009
v 0.004115 -0.002489 0.007007
v 0.013975 0.001772 0.005683
v 0.014323 0.001189 0.007630
v 0.014349 0.001184 0.007735
v 0.016426 0.002090 0.007827
v 0.013998 0.001175 0.007593
v 0.015355 0.001810 0.007799
v 0.014022 0.001173 0.007695
v -0.016389 -0.009267 0.000189
v 0.016401 0.002096 0.007725
v 0.014508 0.001464 0.007648
v 0.006674 -0.001372 0.002668
v -0.009555 -0.006636 0.004225
v 0.014956 0.001617 0.007782
v 0.014748 0.001645 0.007761
v 0.006667 -0.001439 0.005885
v 0.015349 0.001792 0.007700
v -0.004068 -0.005483 0.003059
v 0.015108 0.001683 0.007791
v -0.017336 -0.010443 0.000684
v -0.004000 -0.005527 0.006271
v 0.013814 0.001330 0.007672
v 0.016451 0.002263 0.007679
v 0.016483 0.002251 0.007784
v 0.014211 0.001333 0.007617
v 0.014223 0.001319 0.007718
v 0.015019 0.001674 0.007682
v 0.014799 0.001746 0.007656
v 0.006843 -0.001180 0.005970
v 0.015994 0.002135 0.007766
v 0.013785 0.001388 0.007570
v 0.013967 0.001394 0.007589
v 0.014326 0.001503 0.007625
v 0.014505 0.001655 0.007737
v -0.014005 -0.008950 0.001226
v 0.006601 -0.001445 0.006958
v 0.013985 0.001397 0.007691
v 0.014321 0.001632 0.007718
v 0.015099 0.001853 0.007670
v -0.004949 -0.004780 0.002453
v 0.016006 0.002305 0.007640
v 0.015094 0.001848 0.007770
v 0.013433 0.001223 0.007534
v 0.013256 0.001237 0.007525
v 0.013962 0.001623 0.007682
v -0.017557 -0.010372 0.000259
v 0.016006 0.002304 0.007738
v 0.014407 0.001871 0.007604
v 0.006653 -0.001179 0.000042
v 0.001653 -0.003085 0.000000
v 0.014197 0.001757 0.007595
v 0.013513 0.001416 0.007538
v 0.013480 0.001418 0.007635
v 0.013791 0.001728 0.007658
v 0.015824 0.002319 0.007623
v 0.013927 0.002365 0.005970
v 0.015824 0.002319 0.007722
v 0.006942 0.000239 0.006553
v 0.014156 0.001760 0.007691
v 0.000347 -0.003483 0.000000
v -0.014818 -0.008942 0.001823
v 0.014024 0.001717 0.007581
v 0.013271 0.001434 0.007511
v 0.013271 0.001434 0.007611
v 0.014381 0.001865 0.007702
v -0.004362 -0.005169 0.000049
v 0.013493 0.001582 0.007533
v 0.013525 0.001580 0.007636
v 0.013854 0.001847 0.007554
v 0.014147 0.001924 0.007673
v 0.015375 0.002352 0.007590
v 0.012714 0.001476 0.007448
v 0.014123 0.001919 0.007571
v 0.012714 0.001476 0.007548
v 0.013284 0.001598 0.007567
v 0.015178 0.002365 0.007587
v 0.012394 0.001304 0.007407
v 0.012396 0.001304 0.007525
v 0.012929 0.001625 0.007550
v 0.012212 0.001318 0.007387
v 0.012212 0.001318 0.007487
v -0.004552 -0.004994 0.006958
v 0.006900 0.000321 0.003700
v -0.004736 -0.004884 0.002472
v 0.002708 -0.002217 0.000000
v 0.015806 0.003058 0.006974
v 0.004759 -0.000823 0.007012
v 0.000729 -0.002911 0.007020
v 0.012725 0.001630 0.007448
v 0.012724 0.001630 0.007548
v 0.001755 -0.002436 0.007020
v 0.006835 -0.000060 0.006519
v 0.013489 0.001969 0.007510
v 0.014415 0.002423 0.007503
v 0.013313 0.001983 0.007585
v 0.013313 0.001983 0.007485
v 0.006811 -0.000023 0.003409
v -0.004836 -0.004808 0.005672
v 0.011447 0.001354 0.007299
v 0.011723 0.001450 0.007334
v 0.011756 0.001466 0.007437
v -0.001012 -0.003350 0.000000
v 0.011330 0.001370 0.007386
v 0.014217 0.002436 0.007509
v -0.010790 -0.006000 0.002766
v -0.000479 -0.002947 0.007003
v 0.011132 0.001513 0.007269
v -0.003102 -0.003690 0.007009
v -0.015535 -0.008558 0.000566
v 0.011498 0.001520 0.007411
v 0.011435 0.001526 0.007303
v 0.011605 0.001594 0.007324
v -0.000709 -0.002941 0.007005
v 0.011647 0.001723 0.007430
v 0.011834 0.001958 0.007337
v -0.000541 -0.002909 0.005044
v -0.000275 -0.002807 0.005047
v 0.011297 0.001597 0.007388
v -0.000198 -0.002773 0.006781
v -0.011059 -0.006234 0.000937
v 0.011254 0.001687 0.007284
v 0.011070 0.001702 0.007365
v 0.000977 -0.002301 0.001000
v 0.000995 -0.002293 0.006525
v 0.011834 0.001923 0.007440
v 0.002534 -0.001608 0.007019
v 0.013203 0.002910 0.007208
v 0.013414 0.002497 0.007411
v 0.011269 0.001694 0.007386
v 0.011640 0.001965 0.007317
v -0.000823 -0.002854 0.005065
v -0.000075 -0.002520 0.005065
v -0.015463 -0.008232 0.000101
v -0.000207 -0.002517 0.004997
v -0.000894 -0.002851 0.007005
v 0.011086 0.001708 0.007265
v -0.000041 -0.002507 0.006517
v 0.013222 0.002507 0.007419
v 0.012493 0.002566 0.007308
v -0.000205 -0.002492 0.001000
v 0.011754 0.002144 0.007408
v 0.001819 -0.001715 0.006525
v -0.001011 -0.002310 0.005013
v 0.011594 0.002032 0.007407
v -0.012051 -0.006511 0.002050
v 0.001934 -0.001584 0.001000
v 0.006831 0.001235 0.006755
v 0.012292 0.002391 0.007327
v 0.011471 0.002081 0.007290
v 0.011303 0.001989 0.007292
v 0.003350 -0.001012 0.000000
v 0.012100 0.002297 0.007331
v 0.011414 0.002079 0.007382
v 0.012293 0.002392 0.007424
v -0.001017 -0.002628 0.005048
v 0.011649 0.002222 0.007291
v -0.001047 -0.002613 0.006814
v 0.011137 0.002028 0.007267
v 0.011141 0.002001 0.007361
v 0.011394 0.002242 0.007364
v -0.005623 -0.003855 0.004857
v 0.012471 0.002592 0.007390
v 0.012160 0.002532 0.007281
v 0.012113 0.002477 0.007389
v 0.011376 0.002237 0.007263
v 0.011838 0.002452 0.007297
v -0.005455 -0.004061 0.001775
v 0.006758 0.000653 0.006873
v -0.012421 -0.006298 0.001358
v 0.008968 0.001827 0.004896
v -0.005659 -0.003908 0.001775
v 0.006641 0.000945 0.006985
v -0.001075 -0.002272 0.005112
v -0.001088 -0.002258 0.006519
v -0.002217 -0.002708 0.000000
v 0.011851 0.002619 0.007227
v 0.011851 0.002619 0.007328
v 0.011360 0.002486 0.007217
v 0.011360 0.002486 0.007317
v 0.006710 0.001164 0.004031
v 0.006719 0.000775 0.000049
v -0.005645 -0.003890 0.004737
v 0.010938 0.003310 0.006616
v 0.002348 -0.000859 0.006525
v 0.009987 0.003050 0.005924
v -0.013968 -0.006880 0.000146
v 0.002948 -0.000556 0.007019
v -0.001339 -0.002111 0.001000
v -0.005650 -0.003703 0.000041
v -0.001956 -0.002275 0.007020
v 0.011186 0.002666 0.007182
v 0.011010 0.003214 0.006830
v -0.006008 -0.003449 0.004208
v 0.010041 0.003292 0.006274
v 0.006706 0.001271 0.006845
v 0.002449 -0.000503 0.001000
v -0.005808 -0.003465 0.006951
v -0.012788 -0.005943 0.000031
v 0.006700 0.001638 0.004393
v 0.009675 0.002912 0.006928
v -0.006646 -0.001900 0.000318
v -0.004250 -0.002269 0.007009
v -0.011991 -0.005428 0.000526
v 0.003483 0.000347 -0.000000
v 0.004710 0.000965 0.007007
v -0.001917 -0.001604 0.006525
v 0.008738 0.003163 0.006698
v -0.009810 -0.004363 0.001768
v -0.006096 -0.003079 0.001110
v 0.002500 0.000187 0.006520
v 0.002506 0.000206 0.005112
v 0.006583 0.002163 0.006771
v -0.011321 -0.004747 0.000124
v 0.002787 0.000400 0.006814
v 0.006251 0.002905 0.005199
v 0.002784 0.000434 0.005048
v 0.002506 0.000279 0.005013
v 0.002918 0.000658 0.007006
v -0.006209 -0.002816 0.003613
v -0.006426 -0.002547 0.003066
v -0.003085 -0.001653 0.000000
v -0.002167 -0.001247 0.001000
v -0.002661 -0.001391 0.007020
v 0.002883 0.000714 0.005065
v 0.006475 0.002159 0.006835
v 0.006309 0.002280 0.006985
v 0.002901 0.000857 0.007003
v -0.009531 -0.003580 0.000638
v 0.002279 0.001085 0.004998
v 0.002790 0.000986 0.005044
v 0.002402 0.000692 0.001000
v -0.006662 -0.001699 0.000261
v -0.008173 -0.003084 0.001801
v 0.006429 0.002312 0.004739
v -0.009405 -0.003394 0.000136
v 0.002792 0.001058 0.007003
v 0.002568 0.001165 0.005047
v -0.002395 -0.000718 0.006525
v -0.006449 -0.002215 0.002642
v 0.002501 0.001215 0.006781
v 0.006251 0.002626 0.006889
v 0.006340 0.002819 0.006603
v 0.002221 0.001195 0.005065
v 0.006211 0.002661 0.000042
v 0.002192 0.001218 0.006516
v -0.006548 -0.001858 0.000168
v 0.003085 0.001653 -0.000000
v -0.006466 -0.001782 0.000019
v 0.006153 0.002947 0.006579
v -0.006630 -0.001919 0.001709
v -0.006593 -0.001691 0.000160
v 0.006029 0.003151 0.005328
v -0.006618 -0.001642 0.000968
v -0.002987 -0.000302 0.007020
v -0.006563 -0.001640 0.006954
v -0.002498 -0.000097 0.001000
v 0.006069 0.003187 0.005486
v -0.004758 -0.000713 0.007007
v 0.004149 0.002418 0.007009
v -0.006635 -0.001587 0.000315
v 0.006005 0.003254 0.006293
v -0.003483 -0.000347 0.000000
v 0.001805 0.001729 0.001000
v 0.005955 0.003364 0.005845
v 0.005942 0.003358 0.006082
v 0.005885 0.003408 0.005721
v -0.002484 0.000285 0.006525
v 0.002156 0.002086 0.007019
v 0.001488 0.002009 0.006525
v 0.002217 0.002708 -0.000000
v -0.002884 0.000824 0.007019
v -0.002257 0.001075 0.001000
v -0.002150 0.001288 0.006515
v -0.002145 0.001325 0.005065
v 0.000795 0.002370 0.001000
v -0.002079 0.001430 0.004998
v -0.002303 0.001558 0.006781
v 0.000576 0.002433 0.006525
v 0.001232 0.002738 0.007020
v -0.003350 0.001012 -0.000000
v 0.005218 0.004304 0.000045
v 0.005180 0.004349 0.006955
v 0.003037 0.003727 0.007007
v -0.002293 0.001641 0.005047
v -0.001494 0.002031 0.005013
v -0.001499 0.002001 0.001000
v -0.004736 0.000827 0.007007
v -0.001432 0.002068 0.005112
v -0.001412 0.002071 0.006520
v -0.000398 0.002468 0.001000
v -0.000430 0.002463 0.006525
v -0.001739 0.002213 0.006814
v -0.002314 0.001885 0.007002
v -0.002249 0.001924 0.005044
v -0.001767 0.002194 0.005048
v -0.002192 0.002084 0.007003
v -0.006756 0.000311 0.006955
v -0.002060 0.002140 0.005065
v -0.006750 0.000404 0.000044
v 0.000125 0.002999 0.007019
v -0.002029 0.002198 0.007006
v 0.001012 0.003350 -0.000000
v -0.000992 0.002831 0.007019
v -0.002708 0.002217 -0.000000
v 0.001685 0.004503 0.007006
v -0.000347 0.003483 -0.000000
v -0.001653 0.003085 -0.000000
v -0.004200 0.002325 0.007009
v 0.003725 0.005644 0.000044
v 0.003647 0.005695 0.006955
v -0.000073 0.004829 0.007011
v -0.006356 0.002319 0.006954
v -0.006337 0.002356 0.000043
v -0.003143 0.003640 0.007006
v -0.001818 0.004451 0.007008
v 0.001692 0.006490 0.000019
v -0.005887 0.003414 0.005989
v 0.001861 0.006504 0.006954
v -0.005846 0.003509 0.005654
v -0.005808 0.003568 0.006307
v 0.001937 0.006544 0.000311
v 0.001833 0.006555 0.000160
v 0.001886 0.006552 0.000968
v -0.005424 0.004116 0.004881
v 0.001818 0.006655 0.000270
v 0.001666 0.006598 0.000163
v -0.005405 0.004066 0.000049
v -0.005129 0.004324 0.006985
v -0.005550 0.004040 0.005097
v 0.001653 0.006701 0.001708
v 0.001303 0.006694 0.002648
v -0.005366 0.004176 0.006862
v 0.001482 0.006750 0.000435
v -0.005459 0.004164 0.006675
v -0.004963 0.004745 0.006800
v 0.000773 0.006770 0.003495
v 0.001007 0.006838 0.003067
v -0.004189 0.005239 0.006986
v 0.000319 0.006819 0.001145
v -0.000097 0.006762 0.006951
v -0.004449 0.005162 0.006879
v -0.004604 0.005114 0.004270
v -0.000383 0.006747 0.000046
v 0.000072 0.006802 0.004337
v 0.000066 0.006876 0.004176
v -0.004019 0.005432 0.000042
v -0.004342 0.005237 0.004009
v -0.004361 0.005337 0.006745
v -0.003993 0.005514 0.006853
v -0.000736 0.006773 0.004947
v -0.002049 0.006439 0.006958
v -0.000716 0.006783 0.001825
v -0.002294 0.006360 0.000043
v -0.000567 0.006939 0.001784
v -0.003569 0.005821 0.006598
v -0.003863 0.005737 0.003780
v -0.003325 0.005945 0.003407
v -0.002898 0.006152 0.006425
v -0.002159 0.006465 0.005930
v -0.003814 0.005820 0.006603
v -0.002146 0.006468 0.002697
v -0.001261 0.006846 0.005221
v -0.002445 0.006515 0.002933
v -0.002516 0.006514 0.006014
v -0.006914 0.005593 0.006629
v -0.007070 0.006450 0.006878
v -0.002173 0.007613 0.005705
v 0.001141 0.009442 0.002127
v 0.001490 0.009893 0.001205
v 0.001817 0.009166 0.000207
v 0.001652 0.010888 0.000083
v -0.008086 0.007353 0.006532
v -0.007895 0.007096 0.006278
v -0.007660 0.007176 0.005928
v -0.007290 0.007485 0.005554
v -0.004061 0.008810 0.003723
v -0.006878 0.007540 0.007127
v -0.006396 0.009717 0.007249
v 0.000799 0.012693 0.000442
v -0.005362 0.009544 0.006999
v -0.006442 0.007634 0.007222
v -0.006342 0.007720 0.007124
v -0.006306 0.007812 0.007232
v -0.006919 0.007554 0.007229
v 0.000199 0.012344 0.002766
v -0.007220 0.007715 0.007134
v -0.007210 0.007736 0.007237
v 0.001644 0.011126 0.000242
v -0.006620 0.007979 0.007170
v -0.006787 0.007906 0.007269
v -0.006976 0.007931 0.007177
v -0.006592 0.008026 0.007272
v -0.006403 0.008175 0.007178
v -0.006993 0.007962 0.007277
v -0.006629 0.008144 0.007256
v -0.006867 0.008100 0.007193
v -0.006867 0.008100 0.007293
v -0.007017 0.008414 0.007268
v -0.006627 0.008545 0.007220
v -0.006617 0.008486 0.007312
v -0.006672 0.008553 0.007318
v -0.007187 0.008381 0.007238
v -0.007329 0.008982 0.007394
v -0.007478 0.008360 0.007216
v -0.007436 0.008333 0.007313
v -0.006682 0.008647 0.007331
v -0.007139 0.008870 0.007286
v -0.007508 0.008399 0.007319
v -0.007034 0.008868 0.007277
v -0.007034 0.008868 0.007378
v -0.008782 0.008847 0.006923
v -0.007286 0.008817 0.007282
v -0.007296 0.008827 0.007383
v -0.009449 0.011028 0.007412
v -0.007397 0.008768 0.007276
v -0.007397 0.008810 0.007380
v -0.007499 0.008982 0.007303
v -0.007195 0.008990 0.007398
v -0.007729 0.009175 0.007423
v -0.007234 0.009285 0.007430
v -0.007317 0.009267 0.007332
v -0.007332 0.009245 0.007431
v -0.007883 0.009182 0.007340
v -0.007035 0.009382 0.007325
v -0.007012 0.009333 0.007417
v -0.007043 0.009398 0.007425
v -0.007556 0.009272 0.007338
v -0.007571 0.009288 0.007440
v -0.001332 0.012754 0.004314
v -0.007192 0.009704 0.007389
v -0.007986 0.009702 0.007385
v 0.000430 0.014072 0.001855
v -0.007986 0.009702 0.007485
v -0.007710 0.009593 0.007466
v 0.001032 0.014173 0.000728
v 0.001398 0.013297 0.000063
v -0.007903 0.011811 0.005371
v -0.007265 0.009854 0.007382
v -0.007265 0.009854 0.007483
v -0.008213 0.009569 0.007346
v -0.006240 0.010770 0.004710
v -0.007357 0.010040 0.007444
v -0.007704 0.009867 0.007501
v -0.007431 0.010196 0.007451
v -0.003931 0.015270 0.003563
v -0.008256 0.009962 0.007450
v -0.007933 0.010103 0.007522
v -0.000442 0.012429 0.001374
v -0.007588 0.010528 0.007468
v -0.007576 0.010502 0.007565
v -0.008584 0.010176 0.007407
v -0.008718 0.010325 0.007516
v -0.007611 0.010580 0.007575
v 0.001089 0.015160 0.000039
v -0.008464 0.010387 0.007456
v -0.008440 0.010336 0.007550
v -0.008477 0.010413 0.007559
v -0.008909 0.010291 0.007461
v -0.007765 0.010898 0.007540
v -0.007974 0.010858 0.007584
v -0.008249 0.010801 0.007523
v -0.008300 0.010791 0.007622
v -0.008350 0.010781 0.007519
v -0.008188 0.011309 0.007593
v -0.006030 0.014195 0.007160
v -0.005965 0.016618 0.006977
v -0.004951 0.016850 0.006371
v -0.008459 0.011238 0.007586
v -0.008561 0.011218 0.007595
v -0.007965 0.011316 0.007568
v -0.007965 0.011316 0.007669
v -0.008838 0.011165 0.007571
v -0.009431 0.011475 0.007508
v -0.008134 0.011665 0.007637
v -0.008284 0.011681 0.007689
v -0.008959 0.011421 0.007612
v -0.008519 0.011698 0.007724
v -0.008864 0.011736 0.007688
v -0.009928 0.011900 0.007520
v -0.008597 0.011862 0.007717
v -0.008410 0.011942 0.007734
v -0.008294 0.011998 0.007674
v -0.010533 0.012197 0.007131
v -0.009215 0.011948 0.007632
v -0.009215 0.011948 0.007733
v -0.009634 0.011930 0.007656
v -0.008454 0.012332 0.007698
v -0.008447 0.012318 0.007794
v -0.008470 0.012365 0.007800
v -0.009326 0.012188 0.007684
v -0.008619 0.012674 0.007762
v -0.010867 0.012950 0.006794
v -0.012065 0.016314 0.006650
v -0.009093 0.012575 0.007817
v -0.010320 0.013621 0.006224
v -0.009497 0.012542 0.007747
v -0.008714 0.012869 0.007800
v -0.009096 0.012853 0.007856
v -0.009598 0.012749 0.007738
v -0.005708 0.014469 0.004493
v -0.010069 0.013362 0.007757
v -0.011403 0.014289 0.007462
v -0.008904 0.013264 0.007840
v -0.002257 0.015942 0.002435
v -0.009761 0.013089 0.007793
v -0.008206 0.013624 0.007773
v -0.000745 0.016605 0.001223
v -0.008364 0.015946 0.007882
v 0.000099 0.018776 0.000249
v 0.000557 0.017695 0.000109
v -0.010530 0.013597 0.007729
v -0.010046 0.013361 0.007856
v -0.003151 0.017925 0.004781
v -0.001568 0.018597 0.002954
v -0.000333 0.017302 0.001822
v 0.000360 0.017737 0.000557
v -0.011900 0.015040 0.007280
v -0.011438 0.015395 0.007799
v -0.010769 0.015694 0.008010
v -0.009629 0.015341 0.005873
v -0.009675 0.016171 0.008082
v -0.007312 0.017384 0.005154
v -0.007498 0.017117 0.007586
v -0.005143 0.018186 0.004114
v -0.002719 0.019348 0.002424
v -0.000698 0.020047 0.001245
v -0.000261 0.020595 0.000268
v -0.013284 0.018025 0.007254
v -0.014239 0.020580 0.006948
v -0.011115 0.018591 0.006147
v -0.013099 0.019979 0.006503
v -0.013347 0.018475 0.007546
v -0.013498 0.019787 0.007879
v -0.012742 0.019802 0.008132
v -0.010218 0.019658 0.008144
v -0.011165 0.019251 0.008241
v -0.006916 0.021316 0.004721
v -0.008599 0.020529 0.005475
v -0.007282 0.021990 0.006818
v -0.008301 0.021447 0.007420
v -0.008901 0.020156 0.007803
v -0.003474 0.022566 0.002412
v -0.002952 0.022286 0.003152
v -0.005271 0.021540 0.003805
v -0.005338 0.023056 0.005187
v -0.001294 0.023230 0.000509
v -0.001206 0.023108 0.000530
v -0.001772 0.022861 0.001475
v -0.002180 0.025184 0.000746
v -0.004631 0.025330 0.002631
v -0.006414 0.024176 0.004024
v -0.011053 0.023104 0.005943
v -0.013558 0.024323 0.006296
v -0.002581 0.026052 0.000884
v -0.004092 0.025270 0.003154
v -0.003185 0.027149 0.001019
v -0.010969 0.024840 0.007819
v -0.012321 0.024505 0.008116
v -0.013330 0.024331 0.008185
v -0.008778 0.025657 0.004960
v -0.014935 0.022068 0.007406
v -0.010350 0.025292 0.005590
v -0.015886 0.024501 0.007066
v -0.004132 0.028844 0.001270
v -0.006186 0.029484 0.002611
v -0.008292 0.029772 0.003918
v -0.009306 0.029243 0.004582
v -0.004878 0.029434 0.001901
v -0.012800 0.027286 0.006005
v -0.006249 0.028690 0.003791
v -0.008170 0.028785 0.005418
v -0.017185 0.030530 0.006434
v -0.017263 0.029220 0.006646
v -0.010321 0.028623 0.006829
v -0.011585 0.028983 0.007305
v -0.005426 0.030991 0.001558
v -0.015981 0.028074 0.007883
v -0.011132 0.030789 0.005109
v -0.016696 0.028064 0.007647
v -0.017108 0.028086 0.007359
v -0.016593 0.026368 0.007207
v -0.012820 0.031043 0.005649
v -0.007067 0.031827 0.003023
v -0.017515 0.029098 0.006910
v -0.007447 0.034332 0.001947
v -0.013718 0.031459 0.007517
v -0.008850 0.036560 0.002219
v -0.015353 0.031746 0.007771
v -0.014657 0.032374 0.005913
v -0.016387 0.031973 0.007774
v -0.016897 0.035669 0.005957
v -0.011369 0.038569 0.003388
v -0.017915 0.030190 0.007074
v -0.009014 0.037136 0.002190
v -0.019305 0.034960 0.006599
v -0.017977 0.033878 0.007526
v -0.018646 0.033945 0.007319
v -0.019139 0.034055 0.006934
v -0.010789 0.037840 0.003786
v -0.010144 0.039343 0.002348
v -0.013404 0.039477 0.004350
v -0.013459 0.040342 0.005049
v -0.015303 0.041643 0.004787
v -0.010792 0.039666 0.002968
v -0.020418 0.040180 0.006169
v -0.017124 0.042497 0.005268
v -0.015367 0.040988 0.006034
v -0.016375 0.041380 0.006393
v -0.012424 0.040921 0.004018
v -0.017284 0.041432 0.006693
v -0.018101 0.039977 0.007091
v -0.011239 0.041742 0.002537
v -0.019243 0.041087 0.007044
v -0.012525 0.042789 0.003451
v -0.020229 0.041753 0.006945
v -0.020626 0.039636 0.006405
v -0.013596 0.043576 0.003634
v -0.020924 0.042186 0.006778
v -0.020723 0.039899 0.006661
v -0.012429 0.044596 0.002792
v -0.021183 0.050377 0.005238
v -0.012571 0.044932 0.002803
v -0.022537 0.051130 0.005443
v -0.021732 0.044457 0.006443
v -0.021848 0.044566 0.006296
v -0.015080 0.047948 0.004079
v -0.013600 0.047576 0.003021
v -0.014138 0.048871 0.003123
v -0.016237 0.048440 0.004713
v -0.016314 0.048885 0.004116
v -0.014410 0.049534 0.003125
v -0.017818 0.049296 0.005340
v -0.017633 0.050425 0.004383
v -0.019073 0.049908 0.005705
v -0.018929 0.049961 0.004828
v -0.022475 0.048158 0.005881
v -0.020353 0.049166 0.006143
v -0.015870 0.050951 0.003818
v -0.021638 0.049683 0.006199
v -0.017152 0.051776 0.003980
v -0.015339 0.051756 0.003176
v -0.017294 0.051824 0.004454
v -0.022446 0.049975 0.006105
v -0.022887 0.050145 0.005895
v -0.018680 0.052591 0.004940
v -0.021205 0.052594 0.005720
v -0.016583 0.054770 0.003148
v -0.019463 0.053265 0.004476
v -0.019783 0.053259 0.005207
v -0.017313 0.055415 0.003308
v -0.017343 0.055245 0.003486
v -0.023179 0.052519 0.005695
v -0.022777 0.053681 0.005668
v -0.022821 0.055399 0.004907
v -0.018587 0.056470 0.003805
v -0.023392 0.055780 0.005087
v -0.023366 0.054219 0.005369
v -0.019904 0.057572 0.003771
v -0.020019 0.057517 0.004142
v -0.021538 0.055498 0.005159
v -0.018753 0.057232 0.003510
v -0.017777 0.057999 0.003170
v -0.023377 0.054685 0.005400
v -0.017340 0.056817 0.003142
v -0.018395 0.058138 0.003402
v -0.022886 0.055944 0.005256
v -0.021844 0.059512 0.003918
v -0.023432 0.056271 0.005116
v -0.018844 0.060043 0.003334
v -0.020029 0.059545 0.003706
v -0.022785 0.057789 0.004803
v -0.018099 0.058775 0.003208
v -0.021241 0.059132 0.004099
v -0.022566 0.059319 0.004166
v -0.019721 0.060571 0.003500
v -0.023327 0.057599 0.004826
v -0.019678 0.059045 0.003528
v -0.021438 0.060159 0.003867
v -0.018378 0.059344 0.003250
v -0.018659 0.059812 0.003293
v -0.018378 0.059344 0.003250
v -0.018389 0.059356 0.003254
v -0.023219 0.058078 0.004647
v -0.018586 0.059695 0.003286
v -0.019366 0.060465 0.003436
v -0.023017 0.058770 0.004473
v -0.020787 0.060322 0.003633
v -0.019024 0.060226 0.003368
v -0.019273 0.060405 0.003413
v -0.019263 0.060405 0.003414
v -0.019263 0.060405 0.003414
v -0.022561 0.059448 0.004239
v -0.020294 0.060513 0.003594
v -0.020174 0.060522 0.003547
v -0.021366 0.060260 0.003781
v -0.022023 0.059934 0.003981
v -0.020788 0.060432 0.003668
v -0.014141 0.003299 -0.013150
v -0.014292 0.002565 -0.002250
v -0.014520 0.000196 -0.013150
v -0.014511 -0.000514 -0.002250
v -0.013694 0.004775 -0.002211
v -0.013579 0.005086 -0.001836
v -0.013405 0.005529 -0.013150
v -0.012800 0.006847 -0.001836
v -0.014225 -0.002918 -0.013150
v -0.012328 0.007679 -0.013150
v -0.014075 -0.003569 -0.002250
v -0.013247 0.001576 -0.013150
v -0.012987 0.003050 -0.003250
v -0.011822 0.003707 -0.001438
v -0.013326 0.000083 -0.003250
v -0.012550 0.004480 -0.013150
v -0.012039 0.004184 -0.001237
v -0.011810 0.008413 -0.001836
v -0.011623 0.008673 -0.002207
v -0.013243 -0.001542 -0.013150
v -0.012268 0.005171 -0.003250
v -0.013139 -0.002148 -0.003250
v -0.011315 0.007051 -0.013150
v -0.011173 0.007275 -0.003250
v -0.011957 0.003770 -0.003250
v -0.012414 0.001610 -0.002250
v -0.012509 0.000467 -0.003250
v -0.013165 -0.006082 -0.013150
v -0.010468 0.010064 -0.013150
v -0.011920 0.003764 -0.002250
v -0.012463 -0.001173 -0.002250
v -0.011211 0.004980 -0.001103
v -0.010073 0.010458 -0.002250
v -0.012947 -0.006568 -0.002250
v -0.011198 0.005764 -0.001204
v -0.010407 0.007737 -0.001311
v -0.012568 -0.004450 -0.013150
v -0.012654 -0.004199 -0.003250
v -0.012303 -0.002308 -0.003250
v -0.010201 0.007976 -0.001615
v -0.010962 0.005560 -0.001419
v -0.010714 0.006343 -0.001161
v -0.010922 0.005086 -0.001354
v -0.010990 0.005396 -0.003250
v -0.010720 0.005957 -0.001405
v -0.010669 0.006017 -0.003250
v -0.010869 0.004528 -0.000973
v -0.010750 0.004814 -0.003250
v -0.010194 0.003090 -0.000694
v -0.010447 0.006129 -0.001369
v -0.012108 -0.003105 -0.002250
v -0.012318 -0.007662 -0.013150
v -0.010643 0.004736 -0.001249
v -0.009462 0.009393 -0.013150
v -0.009274 0.009579 -0.003250
v -0.010047 0.006161 -0.003250
v -0.009925 0.006451 -0.000979
v -0.009980 0.006139 -0.001268
v -0.009786 0.007777 -0.003250
v -0.009786 0.007777 -0.002250
v -0.008592 0.006876 -0.000769
v -0.011489 -0.004969 -0.003250
v -0.011389 -0.005195 -0.002250
v -0.012025 -0.008105 -0.006833
v -0.008069 0.012072 -0.013150
v -0.011263 -0.007135 -0.013150
v -0.011402 -0.006910 -0.003250
v -0.008340 0.011862 -0.002250
v -0.008276 0.009391 -0.003250
v -0.008460 0.009226 -0.002250
v -0.011843 -0.008370 -0.002222
v -0.008149 0.002956 -0.000318
v -0.009126 0.002123 -0.000742
v -0.008611 0.003569 -0.000731
v -0.011651 -0.008633 -0.001836
v -0.008035 0.006939 -0.000991
v -0.011248 -0.009155 -0.013150
v -0.010906 -0.009573 -0.007282
v -0.010738 -0.007237 -0.001615
v -0.007478 0.004919 -0.000665
v -0.007135 0.011263 -0.013150
v -0.006910 0.011402 -0.003250
v -0.010464 -0.007392 -0.001261
v -0.006320 0.013070 -0.002250
v -0.010421 -0.006904 -0.003250
v -0.010421 -0.006904 -0.002250
v -0.010433 -0.010091 -0.001836
v -0.010232 -0.010277 -0.013150
v -0.007986 0.001800 -0.000260
v -0.005997 0.010988 -0.003250
v -0.006213 0.010867 -0.002250
v -0.009083 -0.005497 -0.000991
v -0.009393 -0.009462 -0.013150
v -0.009579 -0.009274 -0.003250
v -0.006829 0.004934 -0.000290
v -0.009366 -0.007990 -0.001107
v -0.005930 0.013232 -0.013150
v -0.008856 -0.005698 -0.000669
v -0.009442 -0.011014 -0.006971
v -0.009219 -0.007477 -0.000998
v -0.005448 -0.000040 -0.000300
v -0.009044 -0.007969 -0.001355
v -0.009246 -0.008458 -0.001185
v -0.008940 -0.007618 -0.001275
v -0.005264 0.013511 -0.009028
v -0.004373 0.013831 -0.006411
v -0.008968 -0.007656 -0.003250
v -0.009018 -0.008288 -0.003250
v -0.006023 0.005641 -0.000267
v -0.008938 -0.008451 -0.001418
v -0.008905 -0.008897 -0.001202
v -0.005246 0.005605 -0.000487
v -0.004450 0.012568 -0.013150
v -0.004199 0.012654 -0.003250
v -0.008556 -0.008771 -0.003250
v -0.004126 0.013905 -0.008825
v -0.006952 -0.003257 -0.000487
v -0.008413 -0.008811 -0.001393
v -0.007208 -0.005393 -0.000372
v -0.009033 -0.011343 -0.001836
v -0.008768 -0.011553 -0.002226
v -0.008142 -0.012014 -0.013150
v -0.003762 0.014024 -0.013150
v -0.008442 -0.009091 -0.001146
v -0.006990 -0.005592 -0.000665
v -0.006710 -0.003442 -0.000166
v -0.008325 -0.011877 -0.007149
v -0.006125 0.001807 -0.000075
v -0.003565 0.014074 -0.002250
v -0.005923 0.002051 -0.000375
v -0.005319 0.000239 -0.000012
v -0.005959 0.002064 -0.003250
v -0.007910 -0.008745 -0.003250
v -0.007878 -0.008724 -0.001277
v -0.007767 -0.009013 -0.001005
v -0.007728 -0.010183 -0.001255
v -0.007983 -0.012109 -0.010249
v -0.003422 0.012041 -0.003250
v -0.003658 0.011971 -0.002250
v -0.005574 0.001727 -0.000043
v -0.006387 -0.009396 -0.001147
v -0.002745 0.014245 -0.006447
v -0.005076 0.003725 -0.003250
v -0.005055 0.003709 -0.000368
v -0.004902 0.003980 -0.000070
v -0.007051 -0.011315 -0.013150
v -0.007275 -0.011173 -0.003250
v -0.005271 0.002115 -0.003250
v -0.005420 0.002075 -0.000338
v -0.002616 0.014264 -0.008950
v -0.005363 -0.000097 -0.003250
v -0.005046 0.001909 -0.000022
v -0.004951 0.002373 -0.000323
v -0.007263 -0.010173 -0.003250
v -0.007263 -0.010173 -0.002250
v -0.006056 -0.007087 -0.000731
v -0.004734 0.003125 -0.003250
v -0.004726 0.003045 -0.000328
v -0.007146 -0.012619 -0.002250
v -0.007331 -0.012512 -0.007766
v -0.004451 0.003309 -0.000029
v -0.004850 0.002539 -0.003250
v -0.006672 -0.008052 -0.000658
v -0.003079 0.004243 -0.000013
v -0.005284 -0.003429 -0.000068
v -0.005170 -0.000349 -0.000317
v -0.004569 0.002404 -0.000014
v -0.005182 -0.001385 -0.003250
v -0.005156 -0.001348 -0.000323
v -0.005033 -0.000707 -0.003250
v -0.004772 -0.000480 -0.000005
v -0.005037 -0.000814 -0.000314
v -0.006507 -0.012964 -0.013149
v -0.005950 -0.008598 -0.000647
v -0.004825 -0.001384 -0.000009
v -0.005080 -0.003654 -0.000374
v -0.001418 0.014440 -0.008641
v -0.005111 -0.003677 -0.003250
v -0.002148 0.013139 -0.013150
v -0.001278 0.013271 -0.003250
v -0.005045 -0.006585 -0.000270
v -0.004222 0.000622 0.000011
v -0.003977 0.001562 -0.000001
v -0.004733 -0.003240 -0.000037
v -0.004263 -0.000098 -0.000003
v -0.003791 0.001474 -0.000004
v -0.005589 -0.011201 -0.003250
v -0.006088 -0.010918 -0.002250
v -0.004029 -0.001398 0.000019
v -0.004593 -0.003539 -0.003250
v -0.002875 0.004487 -0.000323
v -0.001050 0.014463 -0.006327
v -0.003201 0.002822 0.000009
v -0.000693 0.014503 -0.013150
v -0.004406 -0.003549 -0.000338
v -0.002919 0.004500 -0.003250
v -0.006057 -0.013175 -0.002250
v -0.004143 -0.003303 -0.000019
v -0.001199 0.014450 -0.002250
v -0.003890 -0.001765 -0.000003
v -0.000109 0.012537 -0.003250
v -0.001492 0.012411 -0.002250
v -0.004049 -0.003684 -0.003250
v -0.005461 -0.013436 -0.009842
v -0.002505 0.003455 0.000072
v -0.002538 0.004188 -0.000008
v -0.003434 -0.001018 0.000094
v -0.003151 0.000556 0.000094
v -0.002878 0.002131 0.000094
v -0.000140 0.014505 -0.007174
v -0.003341 -0.006301 -0.000123
v -0.003945 -0.003797 -0.000324
v -0.002331 0.004539 -0.000314
v -0.003509 -0.002429 0.000001
v -0.002470 0.003480 0.000001
v -0.002228 0.004568 -0.003250
v -0.003455 -0.002505 0.000072
v -0.003439 -0.006782 -0.000478
v -0.003459 -0.003917 -0.000016
v -0.003802 -0.005028 -0.003250
v -0.003771 -0.004993 -0.000373
v -0.004357 -0.012601 -0.013150
v -0.005171 -0.012268 -0.003250
v -0.000049 0.013332 -0.013150
v -0.003655 -0.004275 -0.000326
v -0.001931 0.004390 -0.000005
v -0.003641 -0.004352 -0.003250
v -0.004906 -0.013646 -0.002250
v -0.001930 0.004809 -0.000317
v -0.001769 0.003889 -0.000002
v -0.003557 -0.005208 -0.000067
v -0.004077 -0.011835 -0.002250
v -0.001749 0.005071 -0.003250
v -0.003364 -0.004718 -0.000040
v -0.001730 0.005146 -0.000323
v -0.002779 -0.001946 -0.000004
v -0.002504 -0.000374 -0.000004
v -0.002226 0.001208 -0.000004
v -0.001946 0.002779 -0.000004
v -0.001204 0.007508 -0.000478
v -0.002828 -0.003196 0.000010
v -0.004574 -0.013762 -0.013150
v -0.000356 0.011355 -0.001147
v -0.001447 0.005039 -0.000016
v -0.000453 0.009515 -0.000449
v -0.000104 0.012500 -0.002250
v -0.001100 0.006593 -0.000093
v -0.001398 0.004028 0.000016
v 0.000318 0.014499 -0.002195
v 0.000524 0.014492 -0.008983
v 0.000821 0.014486 -0.006643
v 0.000269 0.012783 -0.001254
v -0.002021 0.000120 0.000056
v -0.001999 0.000063 -0.003250
v -0.001804 0.000896 -0.003250
v -0.001718 0.001035 0.000004
v 0.000641 0.014486 -0.001836
v -0.001916 -0.000599 0.000002
v -0.003725 -0.014016 -0.013149
v -0.001868 -0.000781 -0.003250
v -0.002131 -0.002878 0.000094
v -0.001852 -0.001297 0.000094
v -0.001297 0.001852 0.000094
v -0.001018 0.003434 0.000094
v -0.001264 0.001566 0.000070
v -0.001578 -0.003970 -0.000003
v -0.001021 0.001744 -0.003250
v 0.000947 0.011758 -0.000968
v -0.003177 -0.012949 -0.003250
v 0.001707 0.013223 -0.003250
v -0.001565 -0.001261 0.000070
v -0.002977 -0.012159 -0.003250
v -0.000176 0.006359 -0.000073
v -0.000097 0.004263 -0.000003
v 0.000240 0.008427 -0.000287
v -0.000015 0.005690 -0.000037
v -0.000600 0.001916 0.000003
v 0.000120 0.006272 -0.000375
v -0.001357 -0.001469 -0.003250
v -0.001792 -0.004928 -0.000016
v -0.001475 -0.003795 -0.000004
v -0.001208 -0.002226 -0.000004
v -0.000374 0.002504 -0.000004
v 0.000121 0.006305 -0.003250
v 0.001228 0.011629 -0.001262
v 0.000734 0.009293 -0.000731
v 0.001315 0.012225 -0.001119
v 0.001971 0.014368 -0.006492
v -0.001625 -0.005180 -0.000323
v -0.001034 -0.001719 0.000004
v 0.001259 0.011715 -0.003250
v 0.002544 0.014302 -0.013150
v -0.001565 -0.005131 -0.003250
v -0.002871 -0.014217 -0.005645
v -0.002531 -0.014293 -0.002250
v 0.001461 0.011955 -0.001354
v 0.000383 0.005666 -0.003250
v 0.000429 0.005621 -0.000327
v -0.002690 -0.014250 -0.010289
v 0.000144 0.002021 0.000056
v 0.002150 0.014345 -0.008721
v 0.002513 0.014290 -0.001835
v -0.001265 -0.005025 -0.000317
v -0.001018 -0.004687 -0.000005
v -0.000664 -0.001911 -0.003250
v -0.000222 0.001988 -0.003250
v 0.000620 0.005165 -0.000015
v 0.001600 0.012043 -0.003250
v 0.002016 0.012438 -0.001207
v 0.000607 0.004226 0.000018
v 0.001856 0.012132 -0.001411
v -0.000144 -0.002021 0.000056
v -0.000608 -0.004226 0.000018
v 0.002096 0.012139 -0.003250
v -0.000882 -0.005005 -0.003250
v -0.000556 -0.003151 0.000094
v 0.000556 0.003151 0.000094
v 0.000915 0.005398 -0.000323
v 0.000916 0.005398 -0.003250
v -0.002312 -0.013111 -0.013150
v -0.002171 -0.012310 -0.002250
v -0.000782 -0.005042 -0.000314
v 0.000664 0.001911 -0.003250
v 0.002312 0.013111 -0.013150
v 0.002243 0.012095 -0.001411
v 0.001187 0.005083 -0.000016
v 0.003424 0.014094 -0.006726
v -0.000175 -0.005018 -0.000010
v -0.001860 -0.014381 -0.013150
v 0.001444 0.005439 -0.000326
v 0.001509 0.005468 -0.003250
v 0.002751 0.012117 -0.001152
v 0.001572 0.003972 -0.000003
v -0.000311 -0.005320 -0.000323
v 0.002619 0.011796 -0.001358
v 0.002546 0.011876 -0.003250
v 0.001034 0.001719 0.000004
v -0.000284 -0.005357 -0.003250
v 0.000222 -0.001988 -0.003250
v 0.003353 0.014108 -0.008970
v 0.000100 -0.004263 -0.000003
v 0.000374 -0.002504 -0.000004
v 0.001208 0.002226 -0.000004
v 0.001475 0.003795 -0.000004
v 0.001808 0.005305 -0.000033
v 0.002755 0.011456 -0.003250
v 0.002755 0.011375 -0.001265
v 0.000600 -0.001916 0.000003
v 0.002368 0.008633 -0.000665
v -0.001120 -0.014461 -0.009685
v 0.003058 0.011468 -0.000998
v 0.001962 0.005945 -0.000373
v 0.001974 0.005979 -0.003250
v 0.001565 0.001261 0.000070
v 0.002270 0.005914 -0.000071
v 0.001021 -0.001744 -0.003250
v 0.001357 0.001469 -0.003250
v 0.002743 0.009115 -0.000453
v 0.001264 -0.001566 0.000070
v -0.000789 -0.012475 -0.003250
v 0.000030 -0.012518 -0.002250
v 0.004503 0.013789 -0.008417
v 0.001018 -0.003434 0.000094
v 0.001297 -0.001852 0.000094
v 0.001852 0.001297 0.000094
v 0.002131 0.002878 0.000094
v 0.000049 -0.013332 -0.013150
v -0.000829 -0.013288 -0.003250
v 0.004357 0.012601 -0.013150
v 0.004606 0.012512 -0.003250
v 0.001868 0.000781 -0.003250
v 0.000950 -0.007618 -0.000487
v 0.000976 -0.004155 0.000003
v 0.001916 0.000599 0.000002
v -0.000306 -0.014499 -0.002250
v 0.002828 0.003196 0.000010
v 0.000694 -0.006501 -0.000084
v 0.004118 0.012086 -0.001249
v 0.003285 0.005790 -0.000091
v 0.003663 0.008636 -0.000429
v 0.001718 -0.001035 0.000004
v 0.001804 -0.000896 -0.003250
v 0.004352 0.013832 -0.001836
v 0.002021 -0.000120 0.000056
v 0.001999 -0.000063 -0.003250
v -0.000041 -0.014502 -0.013150
v 0.004117 0.009786 -0.000991
v 0.004650 0.013736 -0.002225
v 0.001742 -0.003902 0.000002
v 0.001946 -0.002779 -0.000004
v 0.002225 -0.001207 -0.000004
v 0.002505 0.000373 -0.000004
v 0.002779 0.001946 -0.000004
v 0.004433 0.012166 -0.001616
v 0.004372 0.011710 -0.003250
v 0.004372 0.011710 -0.002250
v 0.005030 0.013607 -0.006752
v 0.003090 0.003955 -0.000009
v 0.005633 0.013382 -0.013150
v 0.003710 0.006721 -0.000487
v 0.003379 0.004121 -0.000323
v 0.001553 -0.008103 -0.000268
v 0.001579 -0.005965 -0.000057
v 0.001760 -0.005116 -0.000023
v 0.003378 0.004167 -0.003250
v 0.003455 0.002505 0.000072
v 0.000655 -0.014488 -0.005955
v 0.001175 -0.012462 -0.003250
v 0.003578 0.003193 -0.000005
v 0.002488 -0.003468 0.000002
v 0.003499 0.002444 0.000001
v 0.003597 0.003619 -0.000314
v 0.003656 0.003530 -0.003250
v 0.001946 -0.005462 -0.003250
v 0.002042 -0.005227 -0.000336
v 0.001904 -0.005955 -0.000373
v 0.001917 -0.005998 -0.003250
v 0.002421 -0.004558 -0.000016
v 0.002505 -0.003455 0.000072
v 0.001278 -0.013271 -0.003250
v 0.002237 -0.005010 -0.003250
v 0.005877 0.013261 -0.007944
v 0.002878 -0.002131 0.000094
v 0.003151 -0.000556 0.000094
v 0.003434 0.001018 0.000094
v 0.003977 0.003322 -0.000317
v 0.003891 0.001763 -0.000003
v 0.002660 -0.004812 -0.000327
v 0.001090 -0.014461 -0.013150
v 0.003199 -0.002824 0.000010
v 0.004282 0.003231 -0.003250
v 0.002431 -0.007649 -0.000237
v 0.002973 -0.004798 -0.003250
v 0.004360 0.003235 -0.000323
v 0.006374 0.010773 -0.003250
v 0.006160 0.010897 -0.002250
v 0.004441 0.002933 -0.000012
v 0.004031 0.001393 0.000021
v 0.006069 0.013169 -0.002250
v 0.003159 -0.008376 -0.000665
v 0.001783 -0.014393 -0.006049
v 0.002422 -0.010337 -0.000991
v 0.001492 -0.014424 -0.010789
v 0.002028 -0.014376 -0.002250
v 0.003795 -0.001475 -0.000004
v 0.004263 0.000095 -0.000003
v 0.003347 -0.004583 -0.000035
v 0.003977 -0.001562 -0.000001
v 0.003229 -0.004883 -0.000340
v 0.002634 -0.010092 -0.000645
v 0.003362 -0.012079 -0.002250
v 0.007196 0.012594 -0.006824
v 0.004225 -0.000602 0.000012
v 0.003601 -0.005158 -0.003250
v 0.003618 -0.005196 -0.000379
v 0.002327 -0.014317 -0.005965
v 0.002148 -0.013139 -0.013150
v 0.007051 0.011315 -0.013150
v 0.007275 0.011173 -0.003250
v 0.003400 -0.009480 -0.000570
v 0.002440 -0.014297 -0.009686
v 0.002663 -0.014261 -0.011395
v 0.004095 -0.002699 -0.000007
v 0.003879 -0.005041 -0.000074
v 0.004328 -0.002092 -0.000006
v 0.004128 -0.003215 -0.000012
v 0.004434 -0.002486 -0.000313
v 0.004487 -0.002386 -0.003250
v 0.004396 -0.003074 -0.003250
v 0.005101 0.001135 -0.000016
v 0.004851 -0.001665 -0.000012
v 0.004420 -0.003135 -0.000324
v 0.007381 0.012482 -0.008960
v 0.005494 0.001839 -0.000040
v 0.006768 0.003465 -0.000478
v 0.005293 0.000238 -0.000019
v 0.005470 0.001310 -0.000326
v 0.004961 -0.001941 -0.000323
v 0.005424 0.000754 -0.000324
v 0.005007 -0.001925 -0.003250
v 0.005503 0.001380 -0.003250
v 0.008183 0.011993 -0.002250
v 0.005441 0.000601 -0.003250
v 0.003210 -0.014144 -0.006329
v 0.003565 -0.012448 -0.001615
v 0.004869 -0.007949 -0.000731
v 0.005939 0.002121 -0.000069
v 0.005651 0.000282 -0.000338
v 0.003767 -0.014024 -0.013150
v 0.008353 0.011876 -0.013150
v 0.003346 -0.012044 -0.003250
v 0.005985 0.001823 -0.000373
v 0.004729 -0.006903 -0.000284
v 0.006032 0.001833 -0.003250
v 0.003783 -0.012217 -0.001256
v 0.003317 -0.014116 -0.009423
v 0.005734 -0.000161 -0.000037
v 0.007821 0.012211 -0.007003
v 0.005387 -0.005366 -0.000478
v 0.005796 0.000163 -0.003250
v 0.004150 -0.013897 -0.009378
v 0.004450 -0.012568 -0.013150
v 0.004199 -0.012654 -0.003250
v 0.004344 -0.011172 -0.001029
v 0.006258 -0.000030 -0.000374
v 0.006289 -0.000332 -0.000068
v 0.006296 -0.000030 -0.003250
v 0.005467 -0.006298 -0.000280
v 0.004483 -0.010857 -0.001279
v 0.008571 0.011698 -0.007132
v 0.008597 0.009099 -0.003250
v 0.008415 0.009267 -0.002250
v 0.004512 -0.010898 -0.003250
v 0.006558 -0.001323 -0.000094
v 0.008261 0.003305 -0.000348
v 0.004146 -0.013897 -0.011434
v 0.008665 0.011628 -0.008890
v 0.008680 -0.001241 -0.000627
v 0.004297 -0.013850 -0.002233
v 0.004847 -0.011086 -0.001366
v 0.005002 -0.011419 -0.001165
v 0.005101 -0.011137 -0.003250
v 0.009331 0.011105 -0.007785
v 0.004609 -0.013748 -0.001836
v 0.005289 -0.011107 -0.001410
v 0.006122 -0.010024 -0.000961
v 0.007907 0.002358 -0.000263
v 0.009065 0.002174 -0.000731
v 0.009393 0.009462 -0.013150
v 0.009579 0.009274 -0.003250
v 0.005420 -0.013455 -0.008926
v 0.005609 -0.011294 -0.001207
v 0.005194 -0.013541 -0.010213
v 0.005700 -0.010844 -0.003250
v 0.006962 -0.008977 -0.001147
v 0.006375 -0.008396 -0.000670
v 0.005754 -0.010777 -0.001403
v 0.005851 -0.010156 -0.001268
v 0.005871 -0.010227 -0.003250
v 0.008942 0.000416 -0.000665
v 0.006130 -0.010650 -0.001115
v 0.008249 -0.000013 -0.000261
v 0.005954 -0.013225 -0.009467
v 0.010425 0.010102 -0.002250
v 0.006380 -0.013039 -0.001836
v 0.005930 -0.013232 -0.013150
v 0.010098 0.010406 -0.013150
v 0.007312 -0.010542 -0.001267
v 0.007135 -0.011263 -0.013150
v 0.006910 -0.011402 -0.003250
v 0.010690 0.003847 -0.001147
v 0.008684 -0.000931 -0.000338
v 0.009901 0.007630 -0.003250
v 0.010255 0.007179 -0.002250
v 0.006719 -0.012853 -0.009376
v 0.007431 -0.010051 -0.003250
v 0.007431 -0.010051 -0.002250
v 0.007588 -0.012359 -0.009420
v 0.007929 -0.012145 -0.013150
v 0.011711 0.008584 -0.013150
v 0.011105 0.005776 -0.003250
v 0.011263 0.007135 -0.013150
v 0.011402 0.006910 -0.003250
v 0.010109 0.002589 -0.000654
v 0.011803 0.003653 -0.001118
v 0.008925 -0.008777 -0.003250
v 0.008502 -0.009163 -0.002250
v 0.007996 -0.012096 -0.001836
v 0.011595 0.000568 -0.000926
v 0.008272 -0.011913 -0.002211
v 0.011342 0.005254 -0.002250
v 0.011894 0.008294 -0.002250
v 0.010684 -0.000566 -0.000710
v 0.009462 -0.009393 -0.013150
v 0.009274 -0.009579 -0.003250
v 0.011662 0.002731 -0.001024
v 0.011615 0.002422 -0.001300
v 0.011540 0.002423 -0.003250
v 0.009996 -0.007534 -0.002250
v 0.011856 0.003961 -0.003250
v 0.011856 0.003961 -0.002250
v 0.011706 -0.000683 -0.001264
v 0.011726 0.000915 -0.001282
v 0.011763 0.000926 -0.003250
v 0.010008 -0.010520 -0.002250
v 0.012568 0.004450 -0.013150
v 0.012654 0.004199 -0.003250
v 0.013043 0.006382 -0.002250
v 0.012071 0.002077 -0.003250
v 0.010644 -0.006588 -0.003250
v 0.012142 0.001936 -0.001415
v 0.012214 0.002339 -0.001156
v 0.010453 -0.010079 -0.013150
v 0.013278 0.005877 -0.013150
v 0.012129 0.000832 -0.001078
v 0.012138 0.001331 -0.001394
v 0.012170 0.001416 -0.003250
v 0.012481 0.001788 -0.001208
v 0.012400 0.001233 -0.001164
v 0.011414 -0.005140 -0.002250
v 0.011315 -0.007051 -0.013150
v 0.011173 -0.007275 -0.003250
v 0.012892 -0.000159 -0.001292
v 0.011836 -0.004074 -0.003250
v 0.012488 -0.000540 -0.003250
v 0.012488 -0.000540 -0.002250
v 0.012267 -0.002492 -0.002250
v 0.012351 -0.001924 -0.003250
v 0.013139 0.002148 -0.013150
v 0.013271 0.001278 -0.003250
v 0.012006 -0.008168 -0.002250
v 0.013887 0.004178 -0.002195
v 0.012601 -0.004357 -0.013150
v 0.012268 -0.005171 -0.003250
v 0.013332 0.000049 -0.013150
v 0.013975 0.003867 -0.001836
v 0.014504 -0.000195 -0.002186
v 0.012369 -0.007607 -0.013150
v 0.014211 0.003000 -0.013150
v 0.012949 -0.003177 -0.003250
v 0.013288 -0.000829 -0.003250
v 0.013111 -0.002312 -0.013150
v 0.014370 0.002056 -0.001836
v 0.013461 -0.005446 -0.002250
v 0.013711 -0.004782 -0.013150
v 0.014487 0.000611 -0.013150
v 0.014500 0.000136 -0.001836
v 0.014417 -0.001736 -0.013150
v 0.014308 -0.002478 -0.002250
v -0.001928 0.000455 0.013507
v -0.001908 0.000539 0.003992
v -0.001969 0.000205 0.011997
v -0.001873 0.000631 0.007021
v -0.001968 0.000212 0.007496
v -0.001880 0.000639 0.010521
v -0.001924 0.000392 0.010037
v -0.001908 0.000504 0.008031
v -0.001961 0.000244 0.008539
v -0.001969 0.000121 0.011046
v -0.001982 -0.000131 0.006552
v -0.001973 0.000146 0.011509
v -0.001978 0.000093 -0.019350
v -0.001942 0.000283 0.004543
v -0.001880 0.000642 0.005521
v -0.001859 0.000654 0.007948
v -0.001899 0.000539 0.009456
v -0.001986 0.000054 0.009979
v -0.001903 0.000473 0.011451
v -0.001954 0.000275 0.005037
v -0.001969 0.000125 0.006047
v -0.001975 0.000041 0.008480
v -0.001894 0.000587 0.008990
v -0.001969 0.000274 0.012502
v -0.001867 0.000651 0.012952
v -0.001951 0.000278 0.005963
v -0.001928 0.000435 0.010464
v -0.001939 0.000430 0.006965
v -0.001949 0.000296 0.010963
v -0.001909 0.000444 0.006453
v -0.001961 0.000096 0.004469
v -0.001958 0.000183 0.009045
v -0.001969 0.000151 0.013045
v -0.001944 0.000308 0.009540
v -0.001942 0.000412 0.005467
v -0.001954 0.000169 0.004969
v -0.001751 0.000936 0.004941
v -0.001954 0.000169 0.004048
v -0.001946 0.000363 0.003750
v -0.001775 0.000895 0.004456
v -0.001947 -0.000342 0.006496
v -0.001724 0.000986 0.007505
v -0.001943 -0.000414 0.011561
v -0.001967 -0.000127 0.013485
v -0.001961 -0.000030 0.003974
v -0.001966 -0.000264 0.004525
v -0.001939 -0.000371 0.005567
v -0.001957 -0.000337 0.007995
v -0.001981 -0.000060 0.009479
v -0.001972 -0.000109 0.008981
v -0.001957 -0.000124 0.012979
v -0.001962 -0.000210 0.010486
v -0.001773 0.000865 0.010015
v -0.001863 0.000609 0.011030
v -0.001823 0.000753 0.006522
v -0.001814 0.000771 0.011521
v -0.001770 0.000844 0.013436
v -0.001861 0.000692 0.006010
v -0.001727 0.000987 0.009463
v -0.001694 0.001007 0.009932
v -0.001749 0.000913 0.011439
v -0.001864 0.000609 0.011949
v -0.001651 0.001104 0.005000
v -0.001785 0.000815 0.008438
v -0.001810 0.000791 0.012449
v -0.001953 -0.000161 0.007062
v -0.001967 -0.000170 0.007557
v -0.001938 -0.000359 0.010567
v -0.001930 -0.000409 0.010069
v -0.001963 0.000004 0.008053
v -0.001849 0.000661 0.007450
v -0.001623 0.001145 0.010932
v -0.001782 0.000851 0.012014
v -0.001616 0.001155 0.006430
v -0.001961 -0.000220 0.012057
v -0.001939 -0.000359 0.013572
v -0.001908 -0.000513 0.009570
v -0.001727 0.000931 0.013014
v -0.001669 0.001065 -0.019350
v -0.001886 -0.000618 0.005005
v -0.001887 -0.000606 0.004074
v -0.001606 0.000520 0.013685
v -0.001964 -0.000072 0.012557
v -0.001687 0.001014 0.008509
v -0.001910 -0.000544 0.008537
v -0.001892 -0.000566 0.005501
v -0.001706 0.000996 0.012508
v -0.001869 -0.000653 0.009075
v -0.001746 0.000892 0.003937
v -0.001903 -0.000570 0.013030
v -0.001873 -0.000639 0.003750
v -0.001570 0.001204 0.004000
v -0.001818 -0.000791 0.004014
v -0.001611 0.001171 0.013473
v -0.001947 -0.000269 0.012484
v -0.001854 -0.000712 0.006010
v -0.001913 -0.000478 0.006994
v -0.001937 -0.000301 0.007483
v -0.001859 -0.000701 0.011009
v -0.001422 0.001388 0.006985
v -0.001739 0.000956 0.007993
v -0.001485 0.001306 0.010990
v -0.001812 -0.000781 0.008085
v -0.001904 -0.000509 0.011499
v -0.001918 -0.000465 0.011994
v -0.001912 -0.000505 0.006067
v -0.001847 -0.000728 0.005077
v -0.001606 0.001126 0.004504
v -0.001560 0.001217 0.008998
v -0.001487 0.001304 0.011920
v -0.001548 0.001225 0.008424
v -0.001722 0.000946 0.008936
v -0.001517 0.001282 0.012958
v -0.001865 -0.000643 0.007078
v -0.001932 -0.000354 0.011067
v -0.001440 0.001349 0.007416
v -0.001588 0.001149 0.010421
v -0.001444 0.001364 0.005922
v -0.001472 0.001310 0.006918
v -0.001517 0.001272 0.003750
v -0.001492 0.001303 0.005420
v -0.001671 0.000281 0.009702
v -0.001674 0.000272 0.004700
v -0.001645 0.000445 0.005793
v -0.001687 0.000239 0.010200
v -0.001650 0.000384 0.010794
v -0.001693 0.000192 0.005203
v -0.001637 0.000476 0.006292
v -0.001670 0.000286 0.005302
v -0.001674 0.000256 0.010302
v -0.001663 0.000392 0.011298
v -0.001688 0.000261 0.009804
v -0.001695 0.000159 0.009204
v -0.001615 0.000504 0.005688
v -0.001702 0.000151 0.004202
v -0.001655 0.000364 0.010695
v -0.001697 0.000026 0.009314
v -0.001688 0.000161 0.004806
v -0.001650 0.000392 0.006195
v -0.001690 0.000142 0.004304
v -0.001600 0.000565 0.006791
v -0.001694 0.000031 0.008710
v -0.001643 0.000418 0.011194
v -0.001368 0.001440 0.004450
v -0.001656 0.000400 0.011800
v -0.001458 0.001335 0.009459
v -0.001703 0.000055 0.013207
v -0.001766 -0.000879 0.012586
v -0.001588 0.000587 0.006687
v -0.001699 0.000124 0.008809
v -0.001692 -0.000009 0.008215
v -0.001581 0.000609 0.011685
v -0.001580 0.000609 0.007286
v -0.001691 -0.000009 0.003814
v -0.001718 -0.000066 0.012704
v -0.001618 0.000508 0.012293
v -0.001704 -0.000062 0.013320
v -0.001622 0.000522 0.007188
v -0.001525 0.000759 0.007777
v -0.001697 -0.000159 0.007721
v -0.001693 -0.000029 0.008316
v -0.001557 0.000690 0.012178
v -0.001541 0.000737 0.012783
v -0.001761 -0.000904 -0.019350
v -0.001320 0.001459 0.003904
v -0.001689 -0.000105 0.012817
v -0.001691 -0.000095 0.012215
v -0.001512 0.000787 0.008276
v -0.001557 0.000667 0.007680
v -0.001694 -0.000072 0.007819
v -0.001682 -0.000165 0.007220
v -0.001508 0.000772 0.013273
v -0.001488 0.000809 0.012671
v -0.001678 -0.000181 0.012319
v -0.001679 0.000225 0.012703
v -0.001647 0.000338 0.003761
v -0.001682 -0.000042 0.005716
v -0.001686 -0.000142 0.006719
v -0.001693 -0.000120 0.007319
v -0.001695 -0.000193 0.011717
v -0.001691 -0.000211 0.006824
v -0.001851 -0.000649 0.010498
v -0.001469 0.000828 0.003766
v -0.001681 0.000007 0.013722
v -0.001503 0.000805 0.008674
v -0.001542 0.000708 0.008179
v -0.001535 0.000701 0.013750
v -0.001454 0.000873 0.008772
v -0.001458 0.000890 0.009275
v -0.001502 0.001259 0.010000
v -0.001779 -0.000835 0.013085
v -0.001498 0.000785 0.013175
v -0.001650 -0.000396 0.011834
v -0.001663 -0.000321 0.011230
v -0.001464 0.000840 0.004272
v -0.001840 -0.000687 0.004580
v -0.001734 -0.000942 0.006517
v -0.001392 0.001397 0.010490
v -0.001673 -0.001051 0.007526
v -0.001214 0.001559 0.007975
v -0.001232 0.001561 0.008432
v -0.001789 -0.000831 0.010010
v -0.001755 -0.000879 0.009012
v -0.001669 -0.001052 0.012525
v -0.001221 0.001567 0.006475
v -0.001212 0.001574 0.011474
v -0.001265 0.001518 0.013475
v -0.001388 0.001409 0.005488
v -0.001071 0.001672 0.009902
v -0.001369 0.001426 0.011418
v -0.001650 -0.001078 0.006599
v -0.001782 -0.000835 0.008589
v -0.001727 -0.000951 0.013517
v -0.001697 -0.001030 0.005558
v -0.001763 -0.000881 0.009515
v -0.001363 0.001422 0.005987
v -0.001151 0.001619 0.007907
v -0.001329 0.001442 0.012406
v -0.001195 0.001569 0.008902
v -0.001634 -0.001130 0.007593
v -0.001565 -0.001223 0.010103
v -0.001637 -0.001101 0.011097
v -0.001658 -0.000341 0.006231
v -0.001264 0.001515 0.010407
v -0.001607 -0.001167 0.010588
v -0.001774 -0.000835 0.004510
v -0.001457 0.000845 0.011771
v -0.001426 0.000911 0.004168
v -0.001401 0.000960 0.004764
v -0.001654 -0.000361 0.006332
v -0.001639 -0.000458 0.010737
v -0.001632 -0.000456 0.009732
v -0.001627 -0.000510 0.005339
v -0.001647 -0.000405 0.005835
v -0.001648 -0.000371 0.011333
v -0.001650 -0.000395 0.010833
v -0.001627 -0.000484 0.004731
v -0.001268 0.001497 0.011985
v -0.001416 0.000928 0.009168
v -0.001396 0.000952 0.009765
v -0.001626 -0.000510 0.005738
v -0.001354 0.001036 0.004656
v -0.001382 0.000983 0.005164
v -0.001322 0.001070 0.010662
v -0.001303 0.001097 0.006156
v -0.001325 0.001071 0.010156
v -0.001359 0.001035 0.009641
v -0.001335 0.001059 0.005261
v -0.001279 0.001128 0.011153
v -0.001691 -0.000997 0.012098
v -0.001213 0.001182 0.013657
v -0.001381 0.000985 0.010264
v -0.001087 0.001647 0.004899
v -0.001642 -0.001094 0.013599
v -0.001600 -0.000563 0.010241
v -0.001610 -0.000483 0.013745
v -0.001613 -0.000518 0.010336
v -0.001608 -0.000524 0.003751
v -0.001195 0.001220 0.012254
v -0.001593 -0.000585 0.005241
v -0.001299 0.001087 0.010758
v -0.001266 0.001130 0.005758
v -0.001458 -0.001351 0.009608
v -0.001584 -0.000569 0.012243
v -0.001537 -0.000721 0.003849
v -0.001570 -0.000641 0.009845
v -0.001550 -0.000693 0.004348
v -0.001249 0.001144 0.005655
v -0.001483 -0.000816 0.012351
v -0.001556 -0.000679 0.004846
v -0.001235 0.001161 0.006256
v -0.001569 -0.000637 0.009245
v -0.001524 -0.000747 0.008350
v -0.001542 -0.000704 0.008849
v -0.001474 -0.000848 0.007254
v -0.001554 -0.000655 0.007350
v -0.001485 -0.000836 0.007856
v -0.001529 -0.000748 0.008244
v -0.001538 -0.000682 0.006747
v -0.001560 -0.000655 0.004246
v -0.001508 -0.000793 0.008753
v -0.001531 -0.000720 0.013247
v -0.001219 0.001179 0.011254
v -0.001063 0.001331 0.008141
v -0.001192 0.001203 0.006650
v -0.001161 0.001236 0.007148
v -0.001102 0.001300 0.007245
v -0.001083 0.001319 0.007641
v -0.001169 0.001225 0.011648
v -0.001206 0.001187 0.006749
v -0.001693 -0.001000 0.008517
v -0.001117 0.001625 0.012475
v -0.001523 -0.000744 0.009353
v -0.000963 0.001414 0.013133
v -0.001098 0.001289 0.011742
v -0.001221 0.001536 0.012903
v -0.001380 -0.001417 0.004113
v -0.001489 -0.000801 0.012752
v -0.001476 -0.000833 0.012855
v -0.001660 -0.001051 0.013020
v -0.001508 -0.001279 0.013105
v -0.001560 -0.001217 0.004557
v -0.001106 0.001633 0.007476
v -0.001590 -0.001166 0.008025
v -0.000993 0.001378 0.004240
v -0.001092 0.001290 0.012145
v -0.001446 -0.001362 0.007041
v -0.000884 0.001768 0.009959
v -0.000992 0.001705 0.010968
v -0.001544 -0.001206 0.006108
v -0.001517 -0.001275 0.009069
v -0.001643 -0.001075 0.007098
v -0.000900 0.001750 0.009467
v -0.000944 0.001746 0.011928
v -0.001085 0.001646 0.013401
v -0.001296 -0.001505 0.008119
v -0.001434 -0.001374 0.011540
v -0.001560 -0.001213 0.011602
v -0.001532 -0.001278 0.012059
v -0.000918 0.001754 -0.019350
v -0.001054 0.001656 0.009394
v -0.000891 0.001761 0.004960
v -0.000954 0.001728 0.012393
v -0.000709 0.001856 0.007384
v -0.000856 0.001775 0.010886
v -0.000767 0.001831 0.006896
v -0.000824 0.001792 0.006385
v -0.000949 0.001454 0.003753
v -0.001463 -0.000852 0.013356
v -0.000901 0.001451 0.013745
v -0.001019 0.001352 0.013241
v -0.001355 -0.001432 0.005041
v -0.001018 0.001357 0.007742
v -0.001432 -0.000907 0.007757
v -0.000959 0.001406 0.012635
v -0.001362 -0.001014 0.011363
v -0.000942 0.001725 0.008967
v -0.001001 0.001369 0.012741
v -0.001347 -0.001033 0.006365
v -0.001292 -0.001111 0.005871
v -0.001374 -0.000994 0.006865
v -0.001325 -0.001068 0.011265
v -0.001392 -0.000964 0.011764
v -0.001250 -0.001153 0.009773
v -0.001362 -0.000968 0.008300
v -0.001351 -0.001035 0.006260
v -0.001402 -0.000935 0.004759
v -0.000974 0.001737 0.012950
v -0.001401 -0.000965 0.012262
v -0.000980 0.001715 0.004395
v -0.000887 0.001447 0.009736
v -0.000983 0.001380 0.008240
v -0.000925 0.001428 0.008614
v -0.000792 0.001509 0.005125
v -0.000927 0.001406 0.010634
v -0.000902 0.001436 0.004134
v -0.000887 0.001444 0.009133
v -0.000967 0.001380 0.011139
v -0.000838 0.001797 0.003959
v -0.000948 0.001402 0.008734
v -0.001318 -0.001477 0.003750
v -0.000838 0.001791 0.008428
v -0.001381 -0.001415 0.008582
v -0.000794 0.001804 0.003887
v -0.001220 -0.001196 0.010879
v -0.001358 -0.001053 0.013749
v -0.001331 -0.001058 0.007371
v -0.001313 -0.001086 0.006769
v -0.001219 -0.001575 0.012607
v -0.000697 0.001853 0.003750
v -0.000689 0.001563 0.010226
v -0.001222 -0.001553 0.004052
v -0.001454 -0.001315 0.006529
v -0.001310 -0.001075 0.011871
v -0.001458 -0.001314 0.005611
v -0.000816 0.001487 0.009226
v -0.000877 0.001755 0.004467
v -0.001345 -0.001443 0.011040
v -0.000817 0.001794 0.005387
v -0.001206 -0.001192 0.010377
v -0.001015 -0.001378 0.013286
v -0.000747 0.001525 0.004726
v -0.001243 -0.001153 0.010772
v -0.001332 -0.001454 0.006041
v -0.000849 0.001771 0.010388
v -0.001399 -0.001374 0.005116
v -0.001305 -0.001063 0.003759
v -0.001308 -0.001474 0.010545
v -0.000525 0.001916 0.010443
v -0.000417 0.001943 0.007939
v -0.001049 -0.001688 0.007561
v -0.001284 -0.001498 0.004619
v -0.001251 -0.001517 0.009545
v -0.001103 -0.001634 0.013055
v -0.001197 -0.001568 0.006125
v -0.001309 -0.001465 0.010043
v -0.000724 0.001821 0.005459
v -0.000562 0.001902 0.009411
v -0.000697 0.001832 0.011375
v -0.001110 -0.001658 0.012102
v -0.001353 -0.001422 0.013542
v -0.000514 0.001918 0.005943
v -0.000559 0.001907 0.008919
v -0.001220 -0.001558 0.006587
v -0.000984 -0.001725 0.011134
v -0.001194 -0.001570 0.010622
v -0.000708 0.001845 0.005883
v -0.001084 -0.001648 0.007129
v -0.000686 0.001559 0.010726
v -0.001225 -0.001171 0.005772
v -0.001057 -0.001338 0.008888
v -0.001179 -0.001214 0.005378
v -0.001136 -0.001266 0.009264
v -0.001186 -0.001199 0.007273
v -0.001148 -0.001214 0.006315
v -0.001212 -0.001181 0.010277
v -0.001081 -0.001318 0.004281
v -0.001194 -0.001200 0.005277
v -0.000548 0.001902 0.004902
v -0.000733 0.001528 0.004624
v -0.000682 0.001836 0.013454
v -0.000711 0.001539 0.005225
v -0.001146 -0.001232 0.012380
v -0.000651 0.001562 0.005619
v -0.000611 0.001582 0.006118
v -0.000501 0.001632 0.006609
v -0.000480 0.001635 0.007109
v -0.000714 0.001537 0.009623
v -0.000667 0.001556 0.010121
v -0.000669 0.001555 0.005719
v -0.000496 0.001631 0.006716
v -0.000471 0.001636 0.011612
v -0.000524 0.001621 0.006213
v -0.000951 -0.001423 0.012789
v -0.001270 -0.001531 0.005564
v -0.001116 -0.001275 0.009881
v -0.000358 0.001673 0.012102
v -0.001077 -0.001661 -0.019350
v -0.000891 -0.001778 0.013638
v -0.000554 0.001601 0.011213
v -0.000390 0.001651 0.013616
v -0.000931 -0.001407 0.013387
v -0.001087 -0.001307 0.004787
v -0.000999 -0.001373 0.003887
v -0.000881 -0.001464 0.012901
v -0.001008 -0.001367 0.004388
v -0.001140 -0.001626 0.009078
v -0.001025 -0.001355 0.004891
v -0.001070 -0.001310 0.009383
v -0.001012 -0.001372 0.008766
v -0.000493 0.001623 0.010608
v -0.000441 0.001634 0.012211
v -0.000467 0.001930 0.010931
v -0.001116 -0.001627 0.004552
v -0.000560 0.001880 0.011872
v -0.001153 -0.001594 0.013128
v -0.000408 0.001931 0.006445
v -0.000327 0.001665 0.013205
v -0.000775 -0.001518 0.006903
v -0.000928 -0.001415 0.008394
v -0.000820 -0.001493 0.007800
v -0.000898 -0.001437 0.007895
v -0.000852 -0.001464 0.011795
v -0.000437 0.001639 0.011108
v -0.000950 -0.001402 0.008292
v -0.000158 0.001982 0.012427
v -0.000837 -0.001562 0.013751
v -0.000406 0.001647 0.011711
v -0.000389 0.001933 0.011444
v -0.000483 0.001903 0.012372
v -0.000174 0.001698 0.008594
v -0.000103 0.001711 0.009071
v -0.000130 0.001699 0.004092
v -0.000288 0.001671 0.008102
v -0.000879 -0.001455 0.003776
v -0.000393 0.001649 0.007209
v -0.000323 0.001657 0.010708
v -0.000330 0.001660 0.007603
v -0.000350 0.001656 0.007704
v -0.000197 0.001693 0.008198
v -0.000166 0.001696 0.008700
v -0.000966 -0.001726 0.005089
v -0.000355 0.001932 0.007441
v -0.000354 0.001938 0.006941
v -0.000028 0.001987 0.009923
v -0.000989 -0.001722 0.008583
v -0.000180 0.001959 0.008436
v -0.000916 -0.001747 0.010067
v -0.000945 -0.001721 0.012558
v 0.000041 0.001986 0.005421
v -0.000119 0.001967 0.009855
v -0.000137 0.001983 0.013360
v -0.000994 -0.001695 0.008059
v -0.000839 -0.001796 0.009600
v -0.000111 0.001973 0.004428
v -0.000329 0.001948 0.007867
v -0.000360 0.001929 0.008363
v 0.000058 0.001986 0.011352
v -0.000334 0.001945 0.012867
v -0.000737 -0.001845 0.006639
v -0.000946 -0.001717 0.011639
v -0.000879 -0.001766 0.013570
v -0.000274 0.001945 0.008862
v -0.000758 -0.001820 0.010144
v -0.000071 0.001972 0.010353
v -0.000971 -0.001721 0.007634
v -0.000204 0.001962 0.006861
v 0.000050 0.001986 0.006353
v -0.000743 -0.001525 0.011404
v -0.000231 0.001683 0.004202
v -0.000270 0.001973 0.011920
v -0.000128 0.001968 0.013430
v -0.000778 -0.001509 0.012300
v -0.000289 0.001670 0.012701
v -0.000074 0.001978 0.004358
v -0.000032 0.001709 0.009691
v 0.000143 0.001814 0.013742
v -0.000168 0.001690 0.012593
v -0.000762 -0.001831 0.004107
v -0.000099 0.001982 0.003909
v -0.000174 0.001798 0.003765
v -0.000734 -0.001530 0.007302
v -0.000127 0.001969 0.012929
v -0.000743 -0.001520 0.011904
v -0.000171 0.001683 0.013096
v -0.000647 -0.001560 0.009411
v -0.000706 -0.001547 0.012405
v -0.000638 -0.001567 0.006409
v -0.000599 -0.001586 0.005911
v -0.000719 -0.001533 0.007403
v -0.000681 -0.001551 0.011307
v -0.000552 -0.001605 0.005412
v -0.000511 -0.001625 0.005816
v -0.000695 -0.001546 0.006803
v -0.000497 -0.001622 0.009314
v -0.000524 -0.001622 0.009793
v -0.000656 -0.001561 0.006308
v -0.000600 -0.001585 0.010307
v -0.000560 -0.001606 0.005307
v -0.000547 -0.001610 0.010815
v 0.000077 0.001978 -0.019350
v -0.000592 -0.001896 0.012615
v -0.000814 -0.001785 0.012064
v 0.000139 0.001980 0.005350
v -0.000428 -0.001654 0.010421
v -0.000044 0.001696 0.009192
v -0.000012 0.001693 0.004588
v 0.000028 0.001695 0.005088
v -0.000685 -0.001850 0.007072
v 0.000177 0.001695 0.006078
v 0.000080 0.001696 0.005585
v 0.000110 0.001702 0.009577
v 0.000059 0.001693 0.010086
v -0.000132 0.001958 0.009355
v 0.000127 0.001699 0.005182
v 0.000065 0.001698 0.005691
v 0.000105 0.001693 0.013685
v -0.000784 -0.001802 0.006144
v -0.000086 0.001959 0.004851
v -0.000659 -0.001857 0.011574
v -0.000632 -0.001873 0.010648
v -0.000452 -0.001934 0.006087
v -0.000640 -0.001863 0.006577
v -0.000437 -0.001937 0.010586
v 0.000122 0.001969 0.007419
v -0.000667 -0.001846 0.011073
v -0.000628 -0.001857 0.005154
v -0.000416 -0.001932 0.009088
v -0.000391 -0.001947 0.004654
v -0.000615 -0.001877 0.005649
v -0.000539 -0.001901 0.008084
v -0.000502 -0.001901 0.009158
v -0.000556 -0.001893 0.013082
v 0.000169 0.001970 0.009416
v 0.000317 0.001948 0.012338
v -0.000379 -0.001936 0.008160
v 0.000085 0.001959 0.004927
v 0.000208 0.001973 0.008380
v 0.000170 0.001975 0.008882
v -0.000501 -0.001908 0.011653
v 0.000082 0.001958 0.005845
v 0.000299 0.001949 0.007339
v -0.000245 -0.001971 0.007165
v 0.000331 0.001959 0.010844
v -0.000067 0.001689 0.004691
v -0.000389 -0.001933 0.013159
v -0.000397 -0.001940 0.005585
v -0.000423 -0.001933 0.003750
v -0.000423 -0.001640 0.009918
v 0.000303 0.001956 0.003750
v -0.000565 -0.001593 0.010913
v 0.000218 0.001680 0.011179
v -0.000298 -0.001766 0.003759
v 0.000068 0.001688 0.010184
v -0.000247 -0.001960 0.012167
v 0.000319 0.001665 0.012175
v -0.000323 -0.001655 0.011925
v -0.000239 -0.001681 0.008430
v -0.000142 -0.001699 0.007935
v -0.000092 -0.001697 0.011836
v -0.000373 -0.001933 0.008662
v -0.000291 -0.001669 0.008925
v -0.000277 -0.001647 0.005363
v -0.000346 -0.001658 0.004323
v -0.000385 -0.001651 0.004818
v -0.000162 -0.001697 0.008328
v -0.000304 -0.001665 0.008827
v 0.000158 0.001684 0.010682
v 0.000373 0.001646 0.013566
v 0.000517 0.001625 0.013168
v -0.000195 -0.001975 0.004599
v 0.000254 0.001677 0.010576
v 0.000292 0.001659 0.009076
v 0.000321 0.001661 0.006574
v 0.000362 0.001656 0.007072
v 0.000506 0.001628 0.008062
v 0.000458 0.001641 0.007167
v 0.000413 0.001647 0.007570
v 0.000309 0.001665 0.011073
v 0.000354 0.001632 0.005636
v 0.000465 0.001636 0.007668
v 0.000300 0.001667 0.006673
v 0.000339 0.001659 0.011571
v 0.000257 0.001676 0.006179
v -0.000237 -0.001672 0.013426
v -0.000442 -0.001909 0.010079
v -0.000213 -0.001685 0.003930
v 0.000484 0.001924 0.003870
v -0.000225 -0.001681 0.004430
v 0.000367 0.001939 0.010413
v -0.000423 -0.001915 0.005081
v -0.000379 -0.001647 0.004921
v -0.000316 -0.001949 0.004162
v 0.000351 0.001658 0.011671
v -0.000242 -0.001673 0.013327
v 0.000500 0.001920 0.004868
v 0.000404 0.001929 0.005910
v -0.000250 -0.001960 0.009593
v 0.000428 0.001931 0.006837
v -0.000298 -0.001677 0.009433
v 0.000469 0.001626 0.012666
v -0.000179 -0.001965 0.011098
v 0.000424 0.001924 0.010909
v 0.000631 0.001883 0.006897
v 0.000468 0.001928 0.007851
v 0.000128 -0.001983 0.005181
v 0.000002 -0.001972 0.006175
v -0.000211 -0.001973 0.007649
v -0.000019 -0.001987 0.008605
v 0.000390 0.001923 0.006411
v 0.000744 0.001840 0.009834
v 0.000623 0.001886 0.011397
v 0.000414 0.001929 0.011836
v -0.000107 -0.001977 -0.019350
v 0.000184 -0.001978 0.009682
v -0.000033 -0.001975 0.012103
v -0.000052 -0.001690 0.003839
v 0.000653 0.001880 0.004351
v -0.000286 -0.001942 0.013588
v 0.000023 -0.001698 0.011438
v 0.000674 0.001857 0.009324
v 0.000684 0.001866 0.012830
v -0.000017 -0.001971 0.011174
v 0.000807 0.001815 0.010321
v 0.000135 -0.001981 0.010180
v 0.000561 0.001891 0.005830
v 0.000544 0.001603 0.013063
v -0.000154 -0.001684 0.012831
v -0.000069 -0.001692 0.012936
v 0.000632 0.001869 0.013399
v -0.000235 -0.001947 0.004089
v 0.000420 0.001610 0.004623
v 0.000479 0.001622 0.012067
v 0.000635 0.001575 0.004159
v -0.000191 -0.001953 0.012671
v 0.000518 0.001891 0.011907
v 0.000194 -0.001694 0.005950
v 0.000090 -0.001695 0.006443
v 0.000049 -0.001693 0.011339
v 0.000042 -0.001694 0.006941
v -0.000064 -0.001695 0.007833
v -0.000021 -0.001694 0.007338
v 0.000001 -0.001692 0.007439
v 0.000029 -0.001692 0.006843
v -0.000012 -0.001684 0.009336
v 0.000241 -0.001689 0.009845
v 0.000173 -0.001696 0.006344
v 0.000137 -0.001691 0.010344
v -0.000057 -0.001692 0.012338
v 0.000126 -0.001694 0.010946
v 0.000638 0.001567 0.008557
v 0.000748 0.001524 0.005050
v 0.000060 -0.001963 0.013688
v 0.000673 0.001554 0.004057
v 0.000816 0.001491 0.010049
v 0.000163 -0.001979 0.009147
v 0.000582 0.001593 0.008163
v 0.000622 0.001575 0.008657
v 0.000569 0.001595 0.012562
v -0.000088 -0.001959 0.013094
v 0.000740 0.001528 0.010157
v 0.000890 0.001779 0.012887
v 0.000612 0.001862 0.007406
v 0.000589 0.001742 0.003753
v 0.000609 0.001867 0.008325
v 0.000647 0.001853 0.012403
v 0.000749 0.001827 0.013324
v 0.000347 -0.001955 0.005121
v 0.000066 -0.001694 0.012445
v 0.000971 0.001736 0.008880
v -0.000044 -0.001988 0.008125
v 0.000110 -0.001987 0.012623
v 0.000726 0.001532 0.009152
v -0.000000 -0.001964 0.011678
v 0.000774 0.001812 0.007895
v 0.000112 -0.001968 0.007607
v 0.000774 0.001815 0.008820
v 0.000138 -0.001971 0.006680
v 0.000340 -0.001663 0.004954
v 0.000855 0.001464 0.010646
v 0.000187 -0.001696 0.011954
v 0.000335 -0.001957 0.006619
v 0.000100 -0.001961 0.007105
v 0.000899 0.001762 0.008385
v 0.000340 -0.001947 0.010119
v 0.000999 0.001703 0.005380
v 0.000870 0.001771 0.006387
v 0.000182 -0.001952 0.005686
v 0.001130 0.001629 0.012304
v 0.000917 0.001747 0.007814
v 0.001027 0.001684 0.011307
v 0.000439 -0.001927 0.008692
v 0.000151 -0.001961 0.011607
v 0.000153 -0.001954 0.010686
v 0.001139 0.001627 0.007306
v 0.000267 -0.001955 0.007684
v 0.001011 0.001692 0.006308
v 0.000864 0.001445 0.013548
v 0.000357 -0.001657 0.009955
v 0.000786 0.001488 0.013649
v 0.000843 0.001473 0.009649
v 0.000497 -0.001925 0.013183
v 0.000734 0.001519 0.004652
v 0.000535 -0.001617 0.008469
v 0.000240 -0.001677 0.010849
v 0.000334 -0.001658 0.005455
v 0.000299 -0.001643 0.008917
v 0.000271 -0.001674 0.005849
v 0.000827 0.001779 0.003895
v 0.000314 -0.001665 0.005354
v 0.000481 -0.001634 0.004358
v 0.000448 -0.001642 0.004861
v 0.000839 0.001774 0.004815
v 0.000825 0.001483 0.009045
v 0.000947 0.001723 0.009389
v 0.000585 -0.001896 0.004130
v 0.001024 0.001352 0.012140
v 0.000399 -0.001940 0.013625
v 0.000955 0.001401 0.011141
v 0.000517 -0.001623 0.013362
v 0.000943 0.001406 0.010540
v 0.000845 0.001637 0.013747
v 0.001052 0.001677 -0.019350
v 0.000841 0.001474 0.004546
v 0.001085 0.001315 0.007031
v 0.000920 0.001420 0.005543
v 0.000958 0.001397 0.006042
v 0.001006 0.001368 0.006536
v 0.000861 0.001459 0.009547
v 0.000866 0.001459 0.005148
v 0.001049 0.001342 0.011033
v 0.000905 0.001432 0.005643
v 0.000929 0.001408 0.007540
v 0.001068 0.001328 0.006639
v 0.001081 0.001320 0.011533
v 0.000946 0.001403 0.006140
v 0.001245 0.001550 0.011867
v 0.000513 -0.001920 0.012160
v 0.000947 0.001725 0.004388
v 0.000909 0.001737 0.005310
v 0.000307 -0.001960 0.011132
v 0.000603 -0.001590 0.013461
v 0.000482 -0.001624 0.009459
v 0.001243 0.001174 0.013021
v 0.000444 -0.001922 0.006117
v 0.000627 -0.001583 0.012866
v 0.000318 -0.001660 0.010456
v 0.001042 0.001334 0.011636
v 0.001110 0.001650 0.004862
v 0.000593 -0.001864 0.003734
v 0.000472 -0.001914 0.010621
v 0.001011 0.001683 0.005806
v 0.001169 0.001239 0.012024
v 0.001116 0.001624 0.009879
v 0.000497 -0.001907 0.005623
v 0.001139 0.001616 0.010806
v 0.001212 0.001204 0.012629
v 0.001229 0.001535 0.003766
v 0.000498 -0.001909 0.004696
v 0.000807 -0.001502 0.011481
v 0.001220 0.001567 0.004328
v 0.000832 -0.001768 0.013735
v 0.000706 -0.001546 0.012370
v 0.000505 -0.001624 0.009362
v 0.000643 -0.001572 0.003970
v 0.001361 0.001426 0.013376
v 0.000585 -0.001884 0.007129
v 0.000499 -0.001612 0.004460
v 0.001303 0.001486 0.007366
v 0.001107 0.001622 0.010379
v 0.000489 -0.001901 0.004197
v 0.001224 0.001179 0.012521
v 0.001331 0.001476 0.011800
v 0.001308 0.001495 0.010865
v 0.000640 -0.001866 0.005700
v 0.000884 -0.001779 0.006211
v 0.000730 -0.001834 0.008134
v 0.000608 -0.001882 0.009199
v 0.001240 0.001535 0.009798
v 0.000724 -0.001845 0.009630
v 0.001299 0.001502 0.005867
v 0.001321 0.001466 0.008294
v 0.001286 0.001514 0.009334
v 0.000573 -0.001896 0.011653
v 0.000642 -0.001865 0.010699
v 0.000747 -0.001825 0.007206
v 0.001144 0.001591 0.006799
v 0.001337 0.001449 0.012364
v 0.000667 -0.001555 0.012969
v 0.000842 -0.001481 0.006485
v 0.000843 -0.001483 0.011378
v 0.000612 -0.001554 0.006933
v 0.000677 -0.001553 0.007972
v 0.000724 -0.001534 0.007473
v 0.000663 -0.001557 0.007873
v 0.000715 -0.001538 0.011870
v 0.000701 -0.001540 0.007372
v 0.000627 -0.001563 0.009870
v 0.000678 -0.001542 0.010369
v 0.000619 -0.001578 0.008369
v 0.000579 -0.001595 0.008864
v 0.000524 -0.001609 0.003859
v 0.001453 0.001343 0.003859
v 0.001251 0.001147 0.008523
v 0.001160 0.001218 0.005030
v 0.001215 0.001181 0.008026
v 0.001270 0.001125 0.004020
v 0.001137 0.001259 0.007133
v 0.001177 0.001204 0.010028
v 0.001168 0.001227 0.007627
v 0.001203 0.001189 0.008124
v 0.001242 0.001160 0.008629
v 0.000653 -0.001854 0.008205
v 0.000594 -0.001869 0.004622
v 0.000594 -0.001593 0.008971
v 0.001236 0.001158 0.013122
v 0.000971 -0.001406 0.010990
v 0.001288 0.001510 0.006351
v 0.001428 0.001380 0.005325
v 0.000802 -0.001808 0.009134
v 0.001376 0.001414 0.011367
v 0.001329 0.001054 0.004615
v 0.001428 0.000939 0.010113
v 0.001275 0.001109 0.013626
v 0.001322 0.001050 0.013520
v 0.001315 0.001071 0.004117
v 0.000740 -0.001516 0.012472
v 0.000811 -0.001797 0.012710
v 0.001400 0.001388 0.006864
v 0.000869 -0.001774 0.008640
v 0.001323 0.001450 0.007790
v 0.000891 -0.001767 -0.019350
v 0.000873 -0.001774 0.007710
v 0.000982 -0.001385 0.010487
v 0.001269 0.001134 0.007517
v 0.001336 0.001041 0.009116
v 0.001425 0.001368 0.012790
v 0.000870 -0.001770 0.013138
v 0.000829 -0.001782 0.012211
v 0.000968 -0.001390 0.005988
v 0.001011 -0.001362 0.005489
v 0.000956 -0.001396 0.005889
v 0.001423 0.000924 0.010614
v 0.000882 -0.001450 0.006880
v 0.000917 -0.001425 0.006385
v 0.000938 -0.001410 0.010887
v 0.000998 -0.001374 0.005385
v 0.000991 -0.001694 0.013648
v 0.001475 0.001310 0.003788
v 0.001395 0.000960 0.004510
v 0.001498 0.000811 0.010503
v 0.001383 0.000979 0.009011
v 0.001403 0.000946 0.005110
v 0.001443 0.000893 0.005508
v 0.001361 0.000968 0.006048
v 0.001510 0.000787 0.006500
v 0.001406 0.000956 0.009492
v 0.001490 0.000826 0.005608
v 0.001405 0.000904 0.008573
v 0.001479 0.001306 0.010357
v 0.001048 -0.001675 0.011149
v 0.001568 0.001220 0.007851
v 0.000975 -0.001719 0.004216
v 0.001059 -0.001680 0.007648
v 0.000944 -0.001732 0.010145
v 0.000872 -0.001756 0.012634
v 0.001403 0.001372 0.013285
v 0.001099 -0.001655 0.005205
v 0.001114 -0.001628 0.009726
v 0.001123 -0.001639 0.011220
v 0.001583 0.001202 0.008785
v 0.001676 0.001065 0.011275
v 0.000898 -0.001742 0.006717
v 0.001073 -0.001653 0.010221
v 0.001603 0.001150 0.005776
v 0.001585 0.001172 0.010277
v 0.001519 0.001259 0.006783
v 0.001181 -0.001241 0.003884
v 0.001527 0.000752 0.012102
v 0.001169 -0.001246 0.010003
v 0.001127 -0.001268 0.004497
v 0.000934 -0.001418 0.011989
v 0.001408 0.000947 0.009610
v 0.001656 0.000978 0.013745
v 0.001102 -0.001289 0.004993
v 0.000963 -0.001723 0.011713
v 0.001578 0.001189 0.012852
v 0.000897 -0.001444 0.006987
v 0.001547 0.000723 0.011102
v 0.001559 0.001210 0.004280
v 0.001004 -0.001690 0.012143
v 0.001522 0.001243 0.008359
v 0.001290 -0.001514 0.013228
v 0.001256 -0.001530 0.008732
v 0.001067 -0.001659 0.004650
v 0.001529 0.001231 0.009279
v 0.001028 -0.001669 0.007141
v 0.001568 0.000674 0.011599
v 0.001265 -0.001125 0.012503
v 0.001157 -0.001237 0.009499
v 0.001163 -0.001594 0.011652
v 0.001191 -0.001204 0.013398
v 0.001075 -0.001644 0.010724
v 0.001546 0.001208 0.004775
v 0.001067 -0.001324 0.010392
v 0.001681 0.001050 0.008842
v 0.001174 -0.001582 0.006652
v 0.001664 0.001070 0.009775
v 0.001203 -0.001569 0.005726
v 0.001247 -0.001149 0.008504
v 0.001160 -0.001201 0.007964
v 0.001334 -0.001059 0.011907
v 0.001351 -0.001043 0.007518
v 0.001211 -0.001183 0.009001
v 0.001339 -0.001049 0.007412
v 0.001127 -0.001266 0.009895
v 0.001168 -0.001229 0.009400
v 0.001216 -0.001145 0.005441
v 0.001179 -0.001219 0.004400
v 0.001147 -0.001251 0.004894
v 0.001248 -0.001164 0.008383
v 0.001201 -0.001193 0.008903
v 0.001669 0.001052 0.004343
v 0.001479 0.000832 0.005006
v 0.001694 0.001020 0.005273
v 0.001251 -0.001139 0.012904
v 0.001350 -0.001046 0.013017
v 0.001553 0.000644 0.003996
v 0.001562 0.000650 0.007094
v 0.001523 0.000684 0.008033
v 0.001511 0.000775 0.009998
v 0.001569 0.000637 0.006996
v 0.001546 0.000694 0.010996
v 0.001612 0.000540 0.007591
v 0.001546 0.000695 0.006597
v 0.001562 0.000650 0.011494
v 0.001528 0.000738 0.006102
v 0.001249 -0.001540 0.008193
v 0.001160 -0.001584 0.006151
v 0.001583 0.000597 0.011994
v 0.001646 0.000421 0.013482
v 0.001313 -0.001069 0.012410
v 0.001359 -0.001449 0.010662
v 0.001616 0.000505 0.013089
v 0.001705 0.000992 0.007340
v 0.001367 -0.001441 0.005664
v 0.001303 -0.001482 0.012660
v 0.001777 0.000888 0.009835
v 0.001381 -0.001427 0.004732
v 0.001747 0.000931 -0.019350
v 0.001762 0.000892 0.006334
v 0.001772 0.000900 0.013301
v 0.001313 -0.001076 0.004011
v 0.001656 0.001054 0.004849
v 0.001797 0.000813 0.007760
v 0.001767 0.000907 0.008302
v 0.001788 0.000875 0.012280
v 0.001307 -0.001478 0.006731
v 0.001776 0.000855 0.007262
v 0.001494 -0.001308 0.007242
v 0.001812 0.000815 0.006266
v 0.001672 0.001023 0.010767
v 0.001613 0.000512 0.012490
v 0.001400 -0.001387 0.004164
v 0.001206 -0.001168 0.013499
v 0.001538 0.000724 0.005994
v 0.001730 0.000926 0.005345
v 0.001316 -0.001453 0.010156
v 0.001745 0.000893 0.010344
v 0.001338 -0.001440 0.004238
v 0.001419 -0.000912 0.003918
v 0.001640 0.000416 0.012983
v 0.001299 -0.001475 0.009236
v 0.001809 0.000795 0.009333
v 0.001518 -0.001279 0.003748
v 0.001626 0.000477 0.012587
v 0.001372 -0.000952 0.005980
v 0.001449 -0.000882 0.006520
v 0.001420 -0.000917 0.011418
v 0.001440 -0.000896 0.011519
v 0.001420 -0.000921 0.007018
v 0.001362 -0.001012 0.007910
v 0.001821 0.000756 0.005833
v 0.001499 -0.000809 0.006422
v 0.001412 -0.000933 0.006919
v 0.001449 -0.000878 0.010918
v 0.001423 -0.000902 0.008420
v 0.001451 -0.001335 0.009667
v 0.001770 0.000851 0.006760
v 0.001468 -0.001321 0.013746
v 0.001814 0.000773 0.003755
v 0.001827 0.000740 0.010832
v 0.001559 -0.000698 0.010536
v 0.001694 0.000195 0.004471
v 0.001660 0.000361 0.008462
v 0.001696 0.000156 0.005469
v 0.001697 0.000183 0.009470
v 0.001664 0.000308 0.008980
v 0.001493 -0.001297 0.004672
v 0.001643 0.000421 0.007485
v 0.001677 0.000247 0.005074
v 0.001691 0.000231 0.009076
v 0.001658 0.000326 0.013580
v 0.001652 0.000377 0.008581
v 0.001643 0.000429 0.008089
v 0.001318 -0.001453 0.005157
v 0.001780 0.000824 0.011757
v 0.001850 0.000722 0.004793
v 0.001675 0.000281 0.004579
v 0.001670 0.000302 0.004077
v 0.001611 -0.001144 0.013671
v 0.001688 0.000167 0.010572
v 0.001838 0.000716 0.011829
v 0.001493 -0.001290 0.009171
v 0.001704 -0.000018 0.012066
v 0.001456 -0.000870 0.012023
v 0.001500 -0.001282 0.012245
v 0.001815 0.000746 0.011333
v 0.001475 -0.000811 0.013424
v 0.001373 -0.001005 0.008018
v 0.001906 0.000546 0.003821
v 0.001669 0.000266 0.009578
v 0.001457 -0.001317 0.012743
v 0.001610 -0.000547 0.013534
v 0.001913 0.000535 0.006820
v 0.001658 -0.000426 0.012940
v 0.001544 -0.000705 0.011033
v 0.001549 -0.000626 0.012481
v 0.001650 0.000405 0.007979
v 0.001596 -0.000579 0.004534
v 0.001639 -0.000467 0.008545
v 0.001589 -0.000600 0.005036
v 0.001557 -0.000661 0.005533
v 0.001559 -0.000635 0.011934
v 0.001535 -0.000724 0.005926
v 0.001605 -0.000552 0.009040
v 0.001562 -0.000656 0.009933
v 0.001582 -0.000616 0.009418
v 0.001551 -0.000684 0.005431
v 0.001634 -0.000485 0.008937
v 0.001583 -0.000600 0.004433
v 0.001564 -0.000646 0.004936
v 0.001540 -0.000708 0.010431
v 0.001593 -0.000592 0.009536
v 0.001695 0.000089 0.010072
v 0.001670 0.000050 0.007001
v 0.001694 0.000082 0.004964
v 0.001692 0.000023 0.010464
v 0.001695 0.000062 0.005567
v 0.001693 -0.000001 0.005966
v 0.001692 0.000064 0.009965
v 0.001693 -0.000118 0.011957
v 0.001695 -0.000050 0.006462
v 0.001699 -0.000107 0.010957
v 0.001692 0.000013 0.006064
v 0.001699 -0.000136 0.006561
v 0.001878 0.000565 0.007329
v 0.001880 0.000569 0.008248
v 0.001686 0.000228 0.003972
v 0.001686 -0.000236 0.012448
v 0.001532 -0.001243 0.006176
v 0.001613 -0.001142 0.007181
v 0.001686 -0.001052 0.011188
v 0.001486 -0.001282 0.008666
v 0.001592 -0.001186 0.005213
v 0.001627 -0.001112 0.006252
v 0.001887 0.000542 0.013247
v 0.001614 -0.001135 0.012179
v 0.001644 -0.001117 0.013183
v 0.001732 -0.000973 0.009758
v 0.001908 0.000514 0.009249
v 0.001842 0.000672 0.012752
v 0.001556 -0.001223 0.010210
v 0.001643 -0.001091 0.010755
v 0.001483 -0.001281 0.007748
v 0.001960 0.000324 0.005740
v 0.001955 0.000351 0.010245
v 0.001885 0.000583 0.010751
v 0.001674 -0.001046 0.012683
v 0.001678 -0.000252 0.013054
v 0.001934 0.000384 0.007817
v 0.001685 -0.001023 0.007683
v 0.001575 -0.000611 0.010033
v 0.001672 -0.000214 0.009553
v 0.001902 0.000485 0.008743
v 0.001628 -0.001098 0.006756
v 0.001687 -0.000158 0.011559
v 0.001689 -0.000017 0.011061
v 0.001698 -0.000168 0.011454
v 0.001873 0.000583 0.012330
v 0.001543 -0.000714 0.006034
v 0.001662 -0.000317 0.008047
v 0.001682 -0.000225 0.007055
v 0.001665 -0.000306 0.007447
v 0.001673 -0.000264 0.007550
v 0.001660 -0.000334 0.007950
v 0.001684 -0.000240 0.006947
v 0.001652 -0.000387 0.008444
v 0.001651 -0.000407 0.013445
v 0.001932 0.000390 0.012817
v 0.001672 -0.000251 0.012548
v 0.001623 -0.000486 0.003936
v 0.001633 -0.000426 0.004042
v 0.001578 -0.001167 0.011754
v 0.001722 -0.000968 0.011256
v 0.001584 -0.001198 0.008199
v 0.001504 -0.001262 -0.019350
v 0.001967 0.000212 0.013308
v 0.001931 0.000343 0.004740
v 0.001695 -0.000991 0.011682
v 0.001966 0.000213 0.008808
v 0.001932 0.000327 0.009737
v 0.001707 -0.000963 0.005764
v 0.001811 -0.000816 0.006694
v 0.001737 -0.000964 0.008726
v 0.001961 0.000310 0.004244
v 0.001941 0.000274 0.005234
v 0.001983 0.000105 0.004304
v 0.001798 -0.000839 0.006210
v 0.001964 0.000164 0.009308
v 0.001773 -0.000839 0.005270
v 0.001974 0.000018 0.004803
v 0.001847 -0.000692 0.010698
v 0.001960 0.000249 0.013743
v 0.001853 -0.000673 0.005699
v 0.001972 -0.000004 0.009802
v 0.001824 -0.000794 0.009266
v 0.001961 0.000099 0.010728
v 0.001812 -0.000754 0.004773
v 0.001862 -0.000645 0.010201
v 0.001974 -0.000067 0.006226
v 0.001843 -0.000672 0.005197
v 0.001718 -0.000969 0.004189
v 0.001868 -0.000612 0.008776
v 0.001964 -0.000024 0.005802
v 0.001858 -0.000640 0.009698
v 0.001933 -0.000432 0.003780
v 0.001971 -0.000243 0.010788
v 0.001927 -0.000458 0.004707
v 0.001948 -0.000388 0.009214
v 0.001958 -0.000107 0.007218
v 0.001988 0.000052 0.011745
v 0.001971 0.000142 0.010302
v 0.001815 -0.000772 0.004268
v 0.001767 -0.000888 0.012759
v 0.001987 0.000020 0.006298
v 0.001977 0.000191 0.012271
v 0.001969 0.000152 0.005303
v 0.001956 0.000262 0.011310
v 0.001732 -0.000920 0.010268
v 0.001952 -0.000200 0.012216
v 0.001965 0.000235 0.007273
v 0.001968 0.000104 0.011230
v 0.001962 0.000212 0.012736
v 0.001970 0.000074 0.006729
v 0.001883 -0.000584 0.008277
v 0.001901 -0.000480 0.004204
v 0.001951 -0.000311 0.008715
v 0.001938 -0.000368 0.006788
v 0.001918 -0.000440 0.012784
v 0.001922 -0.000517 0.012262
v 0.001944 -0.000266 0.011791
v 0.001890 -0.000613 0.007774
v 0.001927 -0.000420 0.008210
v 0.001985 -0.000065 0.007725
v 0.001956 -0.000277 0.013216
v 0.001942 -0.000289 0.012712
v 0.001980 0.000048 0.008282
v 0.001872 -0.000670 0.011737
v 0.001864 -0.000649 0.013275
v 0.001896 -0.000570 -0.019350
v 0.001956 0.000171 -0.019350
v 0.001943 -0.000407 0.013736
v 0.001933 -0.000463 0.007259
v 0.001907 -0.000504 0.005778
v 0.001907 -0.000505 0.010279
v 0.001965 -0.000179 0.009720
v 0.001973 -0.000222 0.011274
v 0.001971 -0.000199 0.005248
v -0.006006 -0.003756 0.007383
v -0.005315 -0.004669 0.007384
v -0.005797 -0.004054 0.007766
v -0.005075 -0.004943 0.007767
v -0.004442 -0.005527 0.007407
v -0.006388 -0.003063 0.007767
v -0.004703 -0.005154 0.007216
v -0.005229 -0.004405 0.007084
v -0.005826 -0.003649 0.008033
v -0.004662 -0.005076 0.008031
v -0.006656 -0.002446 0.007407
v -0.003894 -0.005918 0.007767
v -0.006183 -0.002911 0.007084
v -0.005589 -0.003677 0.007034
v -0.003767 -0.005795 0.007152
v -0.006475 -0.002305 0.008034
v -0.003546 -0.006121 0.007384
v -0.006788 -0.001991 0.007766
v -0.006687 -0.001991 0.007216
v -0.003512 -0.005692 0.007034
v -0.003111 -0.006127 0.008035
v -0.006961 -0.001261 0.007384
v -0.002445 -0.006656 0.007407
v -0.007032 -0.000863 0.007767
v -0.002877 -0.006463 0.007766
v -0.002811 -0.006385 0.007216
v -0.006855 -0.000881 0.007152
v -0.006873 -0.000463 0.008034
v -0.006617 -0.000972 0.007034
v -0.001782 -0.006599 0.007085
v -0.007088 -0.000192 0.007407
v -0.001801 -0.006852 0.007767
v -0.004152 -0.003856 0.008495
v -0.001722 -0.006656 0.008032
v -0.004786 -0.002993 0.008495
v -0.004616 -0.003034 0.008706
v -0.003986 -0.003797 0.008714
v -0.004611 -0.003039 0.011881
v -0.003935 -0.003811 0.011973
v -0.001406 -0.006933 0.007384
v -0.007053 0.000668 0.007767
v -0.006972 0.000248 0.007216
v -0.004889 -0.001923 0.008659
v -0.002666 -0.004449 0.008682
v -0.004814 -0.001654 0.012648
v -0.000777 -0.006643 0.007034
v -0.004886 -0.001186 0.008913
v -0.002290 -0.004474 0.008913
v -0.002484 -0.004391 0.012704
v -0.006999 0.001028 0.007384
v -0.000192 -0.007088 0.007407
v -0.000663 -0.007043 0.007766
v -0.003407 -0.003496 0.013025
v -0.000625 -0.006949 0.007216
v -0.005069 -0.000781 0.008695
v -0.004497 -0.001883 0.013025
v -0.006743 0.001137 0.007085
v -0.006657 0.001778 0.008032
v -0.000227 -0.006869 0.008034
v -0.006408 0.001914 0.007034
v -0.001224 -0.005080 0.008660
v -0.002088 -0.004387 0.013025
v -0.005028 -0.000162 0.012737
v -0.001351 -0.004846 0.012737
v -0.006751 0.002146 0.007383
v -0.006744 0.002169 0.007767
v 0.000481 -0.007068 0.007767
v -0.005276 0.000400 0.008630
v -0.004849 -0.000340 0.013025
v 0.000553 -0.006816 0.007091
v 0.000226 -0.005501 0.008704
v -0.000618 -0.004836 0.013025
v 0.001266 -0.006970 0.007383
v -0.005268 0.001503 0.011973
v 0.000209 -0.005474 0.011973
v -0.005289 0.001532 0.008701
v -0.006219 0.002830 0.007083
v 0.000910 -0.006800 0.008037
v -0.004713 0.001255 0.013025
v -0.005418 0.001661 0.008494
v 0.000325 -0.005658 0.008494
v -0.002480 -0.002118 0.007025
v -0.002673 -0.001926 0.013025
v -0.003033 -0.001199 0.007025
v -0.001659 -0.002807 0.007025
v -0.001479 -0.002906 0.013025
v -0.006173 0.003489 0.007407
v -0.006297 0.003223 0.007766
v 0.001989 -0.006799 0.007767
v -0.003225 -0.000482 0.013025
v 0.001978 -0.006623 0.007152
v -0.005928 0.003479 0.008032
v 0.001986 -0.006584 0.008031
v -0.004934 0.002480 0.008713
v 0.001238 -0.005382 0.008713
v -0.004937 0.002474 0.011881
v 0.001250 -0.005376 0.011911
v 0.002108 -0.006348 0.007034
v -0.003279 0.000327 0.007025
v -0.000191 -0.003290 0.007025
v -0.000457 -0.003229 0.013025
v -0.001769 -0.001779 0.007775
v -0.002157 -0.001313 0.012270
v -0.002280 -0.001048 0.007775
v -0.001370 -0.002102 0.012275
v 0.000686 -0.004801 0.013025
v -0.003207 0.000590 0.013025
v -0.004973 0.002633 0.008507
v 0.001376 -0.005458 0.008505
v -0.001035 -0.002286 0.007775
v 0.002735 -0.006535 0.007383
v -0.005699 0.004209 0.007767
v -0.005847 0.003807 0.007216
v -0.002525 0.000059 0.007780
v -0.002499 -0.000231 0.012275
v -0.004796 0.004694 0.007036
v -0.000548 -0.002449 0.012275
v -0.003879 0.002954 0.013025
v 0.001948 -0.004470 0.013025
v -0.000158 -0.002504 0.007778
v 0.000615 -0.003203 0.013025
v -0.003840 0.003342 0.012648
v -0.002422 0.000657 0.012275
v -0.005467 0.004489 0.007384
v 0.003405 -0.006213 0.007767
v -0.002843 0.001597 0.013025
v -0.005110 0.004655 0.007152
v 0.003366 -0.005952 0.007091
v -0.005024 0.004692 0.008031
v 0.003289 -0.006079 0.007998
v 0.000342 -0.002486 0.012275
v 0.003035 -0.003985 0.008898
v 0.002499 -0.004613 0.008647
v -0.003035 0.003985 0.008898
v -0.003817 0.003510 0.008682
v -0.002237 0.001136 0.007775
v -0.002737 0.001774 0.007025
v 0.003963 -0.005573 0.008057
v 0.002654 -0.004273 0.012737
v 0.000735 -0.002399 0.007776
v 0.001323 -0.002981 0.007025
v -0.002039 0.001462 0.012275
v 0.002035 -0.002592 0.013025
v -0.004735 0.005278 0.007407
v 0.003747 -0.006000 0.007384
v -0.004661 0.005335 0.007767
v 0.001198 -0.002205 0.012272
v -0.002020 0.002574 0.013025
v -0.001698 0.001847 0.007775
v -0.002014 0.002565 0.007025
v 0.001527 -0.001991 0.007775
v 0.002218 -0.002390 0.007025
v 0.004798 -0.004694 0.007037
v -0.004325 0.005475 0.007216
v 0.004325 -0.005475 0.007216
v 0.004735 -0.005278 0.007407
v 0.004661 -0.005335 0.007767
v -0.003597 0.005881 0.008028
v 0.003809 -0.003515 0.008684
v -0.001389 0.002090 0.012272
v -0.002338 0.004521 0.012673
v -0.002755 0.004002 0.013025
v 0.003269 -0.003598 0.013025
v 0.002060 -0.001460 0.012275
v 0.003840 -0.003342 0.012648
v -0.000946 0.002324 0.007775
v -0.002471 0.004638 0.008643
v 0.002245 -0.001156 0.007775
v -0.003366 0.005952 0.007091
v -0.002108 0.006348 0.007034
v 0.005110 -0.004655 0.007152
v 0.005117 -0.004586 0.008036
v -0.003747 0.006000 0.007384
v -0.003405 0.006213 0.007767
v -0.001073 0.003079 0.007025
v -0.000563 0.002445 0.012274
v 0.002873 -0.001542 0.007025
v -0.000877 0.003141 0.013025
v -0.001655 0.004570 0.013025
v 0.004273 -0.002352 0.013025
v 0.002965 -0.001358 0.013025
v -0.000064 0.002508 0.007778
v 0.002471 -0.000438 0.012275
v -0.002802 0.006514 0.007407
v 0.005467 -0.004489 0.007384
v 0.005699 -0.004209 0.007767
v 0.000328 0.002488 0.012275
v 0.000461 0.003263 0.007025
v 0.002509 -0.000047 0.007778
v 0.003256 -0.000325 0.007025
v 0.000189 0.003256 0.013025
v 0.001055 0.002295 0.007775
v 0.004887 -0.002521 0.011907
v 0.002468 0.000453 0.012275
v 0.006219 -0.002830 0.007083
v 0.003245 -0.000323 0.013025
v -0.001883 0.006610 0.008032
v 0.001367 0.002123 0.012275
v -0.002350 0.006569 0.007216
v 0.005847 -0.003807 0.007216
v 0.005986 -0.003376 0.008036
v -0.002355 0.006671 0.007766
v 0.006173 -0.003489 0.007407
v -0.001238 0.005382 0.008713
v 0.004934 -0.002480 0.008713
v 0.004974 -0.002634 0.008506
v -0.001375 0.005457 0.008506
v -0.001216 0.005386 0.011883
v 0.002364 0.000841 0.007776
v -0.000100 0.004876 0.013025
v 0.002149 0.001295 0.012272
v 0.001921 0.001614 0.007775
v 0.005275 -0.001632 0.011882
v 0.001235 0.003018 0.013025
v -0.000326 0.005658 0.008493
v 0.005418 -0.001661 0.008494
v 0.003174 0.000747 0.013025
v 0.006408 -0.001914 0.007034
v -0.001251 0.006798 0.007152
v 0.003121 0.000945 0.007025
v -0.001266 0.006970 0.007383
v -0.001243 0.006974 0.007767
v 0.006297 -0.003223 0.007766
v 0.004785 -0.000852 0.013025
v 0.001885 0.002661 0.007025
v 0.002506 0.002140 0.013025
v -0.000226 0.005501 0.008704
v 0.005289 -0.001532 0.008701
v -0.000209 0.005474 0.011973
v 0.002646 0.001906 0.007025
v 0.005084 -0.000236 0.012673
v 0.000025 0.006836 0.007084
v 0.000775 0.006645 0.007034
v -0.000192 0.006860 0.008046
v 0.006571 -0.002014 0.008036
v 0.006614 -0.002509 0.007384
v 0.006744 -0.002169 0.007767
v 0.001226 0.005078 0.008661
v 0.005274 -0.000378 0.008631
v 0.002290 0.004474 0.008913
v 0.004886 0.001186 0.008913
v 0.001351 0.004846 0.012737
v 0.001482 0.004630 0.013025
v 0.004843 0.000385 0.013025
v 0.004967 0.001080 0.008783
v -0.000118 0.007073 0.007384
v 0.006944 -0.001403 0.007383
v 0.000286 0.007079 0.007767
v 0.002662 0.004449 0.008683
v 0.005004 0.001497 0.008666
v 0.002750 0.004284 0.012648
v 0.004814 0.001654 0.012648
v 0.002897 0.003922 0.013025
v 0.004498 0.001883 0.013025
v 0.006743 -0.001137 0.007085
v 0.001044 0.006832 0.007998
v 0.006855 -0.000551 0.008032
v 0.001025 0.007010 0.007383
v 0.007053 -0.000668 0.007767
v 0.003815 0.002995 0.013025
v 0.006617 0.000972 0.007034
v 0.002313 0.006471 0.008037
v 0.001782 0.006599 0.007085
v 0.006972 -0.000248 0.007216
v 0.003985 0.003788 0.011907
v 0.004611 0.003039 0.011881
v 0.001801 0.006852 0.007767
v 0.007088 0.000192 0.007407
v 0.003986 0.003797 0.008714
v 0.004616 0.003034 0.008706
v 0.003512 0.005692 0.007034
v 0.004152 0.003856 0.008495
v 0.004785 0.002992 0.008496
v 0.006855 0.000881 0.007152
v 0.006802 0.000962 0.008039
v 0.002445 0.006656 0.007407
v 0.007032 0.000863 0.007767
v 0.003656 0.005820 0.008036
v 0.002811 0.006385 0.007216
v 0.006891 0.001642 0.007383
v 0.002877 0.006463 0.007766
v 0.006422 0.002348 0.007091
v 0.005588 0.003675 0.007034
v 0.003767 0.005795 0.007152
v 0.006442 0.002399 0.008035
v 0.003546 0.006121 0.007384
v 0.003894 0.005918 0.007767
v 0.006788 0.001991 0.007766
v 0.004834 0.004891 0.008033
v 0.005229 0.004405 0.007084
v 0.005758 0.003746 0.008039
v 0.004442 0.005527 0.007407
v 0.006527 0.002727 0.007384
v 0.006388 0.003063 0.007767
v 0.004703 0.005154 0.007216
v 0.006102 0.003382 0.007216
v 0.005075 0.004943 0.007767
v 0.005974 0.003819 0.007407
v 0.005315 0.004669 0.007384
v 0.005797 0.004054 0.007766
v 0.009026 -0.008627 -0.012567
v 0.009023 -0.008630 -0.004127
v 0.008055 -0.009532 -0.004122
v 0.007759 -0.009774 -0.012576
v 0.009610 -0.009187 -0.012582
v 0.009637 -0.009205 -0.004157
v 0.009578 -0.009211 -0.004106
v 0.009614 -0.009263 -0.012542
v 0.007033 -0.010287 -0.004162
v 0.005856 -0.011086 -0.012593
v 0.006420 -0.010680 -0.012538
v 0.008419 -0.010340 -0.012580
v 0.008588 -0.010220 -0.004141
v 0.006110 -0.010937 -0.004106
v 0.005795 -0.011032 -0.004162
v 0.005141 -0.011351 -0.012538
v 0.007478 -0.011027 -0.004113
v 0.004113 -0.011802 -0.004118
v 0.004085 -0.011797 -0.012575
v 0.004073 -0.011791 -0.004160
v 0.007189 -0.011229 -0.012580
v 0.005391 -0.012192 -0.004114
v 0.006589 -0.011600 -0.004137
v 0.005737 -0.012046 -0.012575
v 0.004351 -0.012586 -0.004134
v 0.004353 -0.012585 -0.012573
v 0.012128 -0.002960 -0.012571
v 0.012128 -0.002960 -0.004131
v 0.012936 -0.003163 -0.012578
v 0.012938 -0.003161 -0.004125
v 0.011679 -0.004389 -0.012561
v 0.011820 -0.004003 -0.004118
v 0.012652 -0.004237 -0.004142
v 0.012669 -0.004206 -0.012538
v 0.011528 -0.004732 -0.004162
v 0.011024 -0.005853 -0.012579
v 0.012187 -0.005406 -0.012586
v 0.012143 -0.005508 -0.004117
v 0.011004 -0.006008 -0.004106
v 0.010903 -0.006034 -0.004162
v 0.011509 -0.006727 -0.004115
v 0.011545 -0.006672 -0.012582
v 0.010160 -0.007241 -0.012578
v 0.010131 -0.007256 -0.004162
v 0.009484 -0.008177 -0.004108
v 0.010748 -0.007902 -0.004137
v 0.009436 -0.008174 -0.012575
v 0.009423 -0.008174 -0.004160
v 0.010779 -0.007864 -0.012558
v 0.010062 -0.008722 -0.012573
v 0.010062 -0.008721 -0.004126
v 0.011973 0.003506 -0.012541
v 0.011984 0.003501 -0.004131
v 0.012785 0.003731 -0.012572
v 0.012791 0.003743 -0.004157
v 0.012005 0.003482 -0.012583
v 0.012766 0.003689 -0.004106
v 0.013066 0.002656 -0.012579
v 0.012250 0.002365 -0.004121
v 0.013147 0.002309 -0.004137
v 0.013293 0.000418 -0.004103
v 0.012357 0.001665 -0.012562
v 0.013329 0.000048 -0.012590
v 0.013282 0.001329 -0.012538
v 0.012444 0.000912 -0.004119
v 0.013353 0.000265 -0.004161
v 0.012475 0.000332 -0.012582
v 0.012470 -0.000784 -0.004116
v 0.012419 -0.001206 -0.012580
v 0.012401 -0.001218 -0.004162
v 0.013251 -0.001485 -0.004122
v 0.013266 -0.001408 -0.012563
v 0.012257 -0.002362 -0.012568
v 0.012255 -0.002363 -0.004133
v 0.013077 -0.002526 -0.012565
v 0.013075 -0.002524 -0.004134
v 0.009187 0.009610 -0.012582
v 0.009205 0.009637 -0.004157
v 0.009263 0.009614 -0.012542
v 0.009211 0.009578 -0.004106
v 0.008627 0.009026 -0.012567
v 0.008630 0.009023 -0.004127
v 0.010220 0.008588 -0.004141
v 0.009774 0.007759 -0.012576
v 0.009532 0.008055 -0.004122
v 0.010340 0.008419 -0.012580
v 0.011027 0.007478 -0.004113
v 0.011086 0.005856 -0.012593
v 0.010287 0.007033 -0.004162
v 0.011229 0.007189 -0.012580
v 0.010937 0.006110 -0.004106
v 0.010680 0.006420 -0.012538
v 0.011600 0.006589 -0.004137
v 0.011032 0.005795 -0.004162
v 0.012046 0.005737 -0.012575
v 0.011351 0.005141 -0.012538
v 0.012192 0.005391 -0.004114
v 0.011797 0.004085 -0.012575
v 0.011802 0.004113 -0.004118
v 0.012585 0.004353 -0.012573
v 0.012586 0.004351 -0.004134
v 0.011791 0.004073 -0.004160
v 0.003163 0.012936 -0.012578
v 0.003161 0.012938 -0.004125
v 0.004206 0.012669 -0.012538
v 0.004237 0.012652 -0.004142
v 0.002960 0.012128 -0.012571
v 0.002960 0.012128 -0.004131
v 0.005508 0.012143 -0.004117
v 0.004003 0.011820 -0.004118
v 0.004389 0.011679 -0.012561
v 0.005406 0.012187 -0.012586
v 0.005853 0.011024 -0.012579
v 0.004732 0.011528 -0.004162
v 0.006727 0.011509 -0.004115
v 0.006008 0.011004 -0.004106
v 0.006672 0.011545 -0.012582
v 0.006034 0.010903 -0.004162
v 0.007241 0.010160 -0.012578
v 0.007864 0.010779 -0.012558
v 0.007902 0.010748 -0.004137
v 0.007256 0.010131 -0.004162
v 0.008174 0.009436 -0.012575
v 0.008177 0.009484 -0.004108
v 0.008722 0.010062 -0.012573
v 0.008721 0.010062 -0.004126
v 0.008174 0.009423 -0.004160
v -0.003731 0.012785 -0.012572
v -0.003743 0.012791 -0.004157
v -0.003689 0.012766 -0.004106
v -0.002656 0.013066 -0.012579
v -0.002309 0.013147 -0.004137
v -0.000418 0.013293 -0.004103
v -0.001329 0.013282 -0.012538
v -0.000265 0.013353 -0.004161
v -0.000048 0.013329 -0.012590
v -0.003506 0.011973 -0.012541
v -0.003501 0.011984 -0.004131
v -0.003482 0.012005 -0.012583
v -0.002365 0.012250 -0.004121
v -0.000332 0.012475 -0.012582
v -0.001665 0.012357 -0.012562
v -0.000912 0.012444 -0.004119
v 0.001408 0.013266 -0.012563
v 0.001485 0.013251 -0.004122
v 0.000784 0.012470 -0.004116
v 0.002526 0.013077 -0.012565
v 0.002524 0.013075 -0.004134
v 0.001206 0.012419 -0.012580
v 0.001218 0.012401 -0.004162
v 0.002362 0.012257 -0.012568
v 0.002363 0.012255 -0.004133
v -0.004353 0.012585 -0.012573
v -0.004351 0.012586 -0.004134
v -0.005737 0.012046 -0.012575
v -0.005391 0.012192 -0.004115
v -0.006589 0.011600 -0.004137
v -0.007189 0.011229 -0.012580
v -0.007478 0.011027 -0.004113
v -0.008419 0.010340 -0.012580
v -0.008588 0.010220 -0.004141
v -0.004085 0.011797 -0.012575
v -0.004113 0.011802 -0.004118
v -0.004073 0.011791 -0.004160
v -0.006110 0.010937 -0.004106
v -0.005856 0.011086 -0.012593
v -0.005141 0.011351 -0.012538
v -0.005795 0.011032 -0.004162
v -0.006420 0.010680 -0.012538
v -0.009614 0.009263 -0.012542
v -0.007033 0.010287 -0.004162
v -0.008055 0.009532 -0.004122
v -0.007759 0.009774 -0.012576
v -0.009637 0.009205 -0.004157
v -0.009578 0.009211 -0.004106
v -0.009610 0.009187 -0.012582
v -0.009023 0.008630 -0.004127
v -0.009026 0.008627 -0.012567
v -0.010062 0.008722 -0.012573
v -0.010062 0.008721 -0.004126
v -0.010779 0.007864 -0.012558
v -0.010748 0.007902 -0.004137
v -0.009436 0.008174 -0.012575
v -0.009423 0.008174 -0.004160
v -0.009484 0.008177 -0.004108
v -0.011545 0.006672 -0.012582
v -0.010160 0.007241 -0.012578
v -0.010131 0.007256 -0.004162
v -0.011509 0.006727 -0.004115
v -0.011004 0.006008 -0.004106
v -0.011024 0.005853 -0.012579
v -0.010903 0.006034 -0.004162
v -0.012187 0.005406 -0.012586
v -0.012143 0.005508 -0.004117
v -0.011679 0.004389 -0.012561
v -0.011528 0.004732 -0.004162
v -0.012669 0.004206 -0.012538
v -0.012652 0.004237 -0.004142
v -0.011820 0.004003 -0.004118
v -0.012936 0.003163 -0.012578
v -0.012128 0.002960 -0.012571
v -0.012938 0.003161 -0.004125
v -0.012128 0.002960 -0.004131
v -0.013077 0.002526 -0.012565
v -0.013075 0.002524 -0.004134
v -0.012257 0.002362 -0.012568
v -0.012255 0.002363 -0.004133
v -0.013266 0.001408 -0.012563
v -0.013251 0.001485 -0.004122
v -0.012419 0.001206 -0.012580
v -0.012470 0.000784 -0.004116
v -0.012401 0.001218 -0.004162
v -0.013329 -0.000048 -0.012590
v -0.013353 -0.000265 -0.004161
v -0.013293 -0.000418 -0.004103
v -0.012475 -0.000332 -0.012582
v -0.012444 -0.000912 -0.004119
v -0.013282 -0.001329 -0.012538
v -0.012357 -0.001665 -0.012562
v -0.013147 -0.002309 -0.004137
v -0.013066 -0.002656 -0.012579
v -0.012250 -0.002365 -0.004121
v -0.012005 -0.003482 -0.012583
v -0.012785 -0.003731 -0.012572
v -0.012785 -0.003731 -0.004125
v -0.011984 -0.003501 -0.004131
v -0.011973 -0.003506 -0.012541
v -0.012585 -0.004353 -0.012573
v -0.012586 -0.004351 -0.004134
v -0.011797 -0.004085 -0.012575
v -0.011791 -0.004073 -0.004160
v -0.011802 -0.004113 -0.004118
v -0.012192 -0.005391 -0.004114
v -0.011351 -0.005141 -0.012538
v -0.011086 -0.005856 -0.012593
v -0.010937 -0.006110 -0.004106
v -0.012046 -0.005737 -0.012575
v -0.011032 -0.005795 -0.004162
v -0.011600 -0.006589 -0.004137
v -0.010680 -0.006420 -0.012538
v -0.011229 -0.007189 -0.012580
v -0.010287 -0.007033 -0.004162
v -0.011027 -0.007478 -0.004113
v -0.009774 -0.007759 -0.012576
v -0.009532 -0.008055 -0.004122
v -0.010340 -0.008419 -0.012580
v -0.010220 -0.008588 -0.004141
v -0.008627 -0.009026 -0.012567
v -0.009187 -0.009610 -0.012582
v -0.009211 -0.009578 -0.004106
v -0.009263 -0.009614 -0.012542
v -0.008630 -0.009023 -0.004127
v -0.009205 -0.009637 -0.004157
v -0.008174 -0.009436 -0.012575
v -0.008174 -0.009423 -0.004160
v -0.008177 -0.009484 -0.004108
v -0.008722 -0.010063 -0.012573
v -0.008721 -0.010062 -0.004126
v -0.007241 -0.010160 -0.012578
v -0.007256 -0.010131 -0.004162
v -0.007902 -0.010748 -0.004137
v -0.006008 -0.011004 -0.004106
v -0.007759 -0.010844 -0.012580
v -0.006727 -0.011509 -0.004115
v -0.005853 -0.011024 -0.012579
v -0.006034 -0.010903 -0.004162
v -0.006715 -0.011536 -0.012538
v -0.005434 -0.012173 -0.012586
v -0.004389 -0.011679 -0.012561
v -0.004732 -0.011528 -0.004162
v -0.005508 -0.012143 -0.004117
v -0.004003 -0.011820 -0.004118
v -0.004206 -0.012669 -0.012538
v -0.004237 -0.012652 -0.004142
v -0.002960 -0.012128 -0.012571
v -0.002960 -0.012128 -0.004131
v -0.003163 -0.012936 -0.012578
v -0.003161 -0.012938 -0.004125
v -0.002362 -0.012257 -0.012568
v -0.002363 -0.012255 -0.004133
v -0.001206 -0.012419 -0.012580
v -0.001218 -0.012401 -0.004162
v -0.000784 -0.012470 -0.004116
v -0.002526 -0.013077 -0.012565
v -0.002524 -0.013075 -0.004134
v 0.000332 -0.012475 -0.012582
v 0.000048 -0.013329 -0.012590
v -0.001485 -0.013251 -0.004122
v -0.001408 -0.013266 -0.012563
v 0.000912 -0.012444 -0.004119
v 0.001665 -0.012357 -0.012562
v 0.002365 -0.012250 -0.004121
v 0.003482 -0.012005 -0.012583
v 0.000418 -0.013293 -0.004103
v 0.003506 -0.011973 -0.012541
v 0.003501 -0.011984 -0.004131
v 0.000265 -0.013353 -0.004161
v 0.001329 -0.013282 -0.012538
v 0.002309 -0.013147 -0.004137
v 0.002656 -0.013066 -0.012579
v 0.003689 -0.012766 -0.004106
v 0.003731 -0.012785 -0.012572
v 0.003743 -0.012791 -0.004157
vn -0.2669 -0.5176 0.8130
vn -0.6171 -0.7860 -0.0364
vn -0.0020 0.1592 0.9872
vn -0.4312 0.7089 0.5582
vn -0.0605 0.1950 0.9789
vn -0.3829 0.9224 -0.0498
vn -0.9682 0.2235 0.1122
vn -0.7738 -0.1146 0.6230
vn -0.5114 -0.6125 0.6028
vn -0.1442 -0.0431 0.9886
vn -0.5941 -0.8044 -0.0000
vn 0.0750 -0.2327 0.9696
vn 0.5127 -0.5915 0.6223
vn -0.0095 -0.1946 0.9808
vn -0.5446 -0.4873 0.6826
vn -0.8125 -0.5830 -0.0000
vn -0.0721 0.6177 0.7831
vn -0.5969 0.5960 0.5371
vn 0.0092 0.7667 0.6419
vn 0.0066 0.8362 0.5484
vn 0.1613 0.7585 0.6314
vn 0.5541 0.8207 0.1396
vn 0.3807 0.4994 0.7782
vn 0.9866 0.1634 -0.0025
vn 0.4625 -0.1767 0.8688
vn 0.9570 -0.2823 0.0670
vn 0.8364 -0.2495 0.4881
vn 0.5520 -0.1423 0.8216
vn -0.0367 0.0666 0.9971
vn -0.1035 0.0793 0.9915
vn -0.0813 0.1598 0.9838
vn -0.0764 0.1895 0.9789
vn -0.0738 0.1684 0.9829
vn -0.0574 0.2295 0.9716
vn -0.0513 0.3060 0.9507
vn -0.0814 0.2338 0.9689
vn -0.1195 0.6365 0.7620
vn -0.0479 0.7032 0.7094
vn 0.4065 0.8031 0.4356
vn -0.0140 0.7358 0.6770
vn -0.1027 0.3982 0.9115
vn -0.0901 0.5372 0.8386
vn 0.1766 0.5848 0.7917
vn 0.0301 0.1554 0.9874
vn -0.1310 -0.2163 0.9675
vn -0.1682 -0.3767 0.9110
vn -0.1412 -0.3369 0.9309
vn -0.1353 -0.4323 0.8915
vn -0.1667 -0.5196 0.8380
vn -0.1026 -0.5049 0.8571
vn -0.0614 -0.4153 0.9076
vn -0.0607 -0.5396 0.8397
vn -0.0151 -0.3953 0.9184
vn -0.0291 -0.4857 0.8736
vn 0.0069 -0.3564 0.9343
vn -0.0265 -0.5313 0.8468
vn -0.0476 -0.4946 0.8678
vn -0.0198 -0.4575 0.8890
vn -0.0626 -0.5279 0.8470
vn -0.0959 -0.6045 0.7908
vn -0.0552 -0.5855 0.8088
vn 0.3841 -0.0764 0.9201
vn -0.2410 -0.3933 0.8873
vn -0.1723 -0.4769 0.8619
vn -0.1739 -0.6088 0.7740
vn -0.1233 -0.5972 0.7926
vn -0.0364 -0.5795 0.8141
vn 0.1102 -0.2753 -0.9550
vn -0.0482 -0.5118 0.8578
vn -0.2958 -0.5828 0.7569
vn -0.2017 -0.5994 0.7746
vn -0.2008 -0.7303 0.6529
vn -0.2130 -0.8012 0.5592
vn -0.1490 -0.7493 0.6453
vn -0.1643 -0.7909 0.5894
vn -0.0561 -0.7284 0.6828
vn -0.1079 -0.7445 0.6589
vn -0.0536 -0.7665 0.6400
vn -0.0460 -0.7245 0.6878
vn -0.1671 -0.9170 0.3621
vn -0.0918 -0.8605 -0.5011
vn -0.2010 -0.8515 0.4843
vn -0.1830 -0.6769 0.7130
vn -0.2809 -0.7410 0.6099
vn -0.0536 -0.8145 0.5776
vn -0.0198 -0.9253 0.3786
vn -0.1029 -0.6704 0.7348
vn -0.1810 -0.8823 0.4344
vn -0.1458 -0.7632 0.6295
vn -0.2736 -0.7894 0.5495
vn -0.2880 -0.8114 0.5086
vn -0.2727 -0.8300 0.4866
vn -0.2301 -0.9197 0.3182
vn -0.1571 -0.9010 0.4044
vn -0.1010 -0.8319 0.5456
vn -0.3496 -0.8473 0.3998
vn 0.1092 -0.9930 0.0445
vn 0.1621 -0.9777 -0.1336
vn -0.4208 -0.8768 0.2329
vn -0.3403 -0.8627 0.3742
vn -0.4345 -0.7887 -0.4349
vn -0.3285 -0.9287 0.1722
vn -0.1869 -0.8038 -0.5648
vn -0.1199 -0.4307 -0.8945
vn -0.0196 -0.9545 -0.2974
vn -0.4434 -0.8512 -0.2809
vn -0.4119 -0.5453 -0.7301
vn -0.1558 -0.5238 -0.8375
vn -0.1764 -0.9524 -0.2488
vn -0.0610 -0.5865 -0.8076
vn 0.1789 -0.4865 -0.8552
vn 0.0423 -0.6623 -0.7480
vn -0.0602 -0.8573 -0.5112
vn 0.0828 -0.4665 -0.8806
vn 0.0204 0.0547 -0.9983
vn 0.3051 -0.1711 -0.9368
vn 0.1461 -0.6206 -0.7704
vn -0.7433 -0.2593 -0.6167
vn -0.6334 0.5096 0.5823
vn -0.6457 0.6291 -0.4328
vn -0.8124 -0.4130 0.4117
vn -0.1214 -0.6975 -0.7062
vn -0.1080 -0.6157 -0.7806
vn 0.0574 -0.4974 0.8656
vn 0.0222 -0.0214 -0.9995
vn 0.0146 -0.8750 -0.4839
vn -0.1134 -0.6599 -0.7428
vn -0.1649 -0.8719 0.4610
vn -0.9550 -0.2468 -0.1643
vn -0.1464 -0.9056 0.3980
vn -0.0761 -0.9397 -0.3334
vn -0.0904 -0.8600 -0.5022
vn 0.0100 -0.1006 -0.9949
vn -0.0233 -0.6270 0.7787
vn 0.1243 0.6052 0.7863
vn 0.0848 -0.3484 0.9335
vn 0.2178 -0.9656 -0.1417
vn 0.5102 -0.7859 -0.3493
vn 0.0386 -0.8924 -0.4497
vn 0.0988 0.7339 0.6721
vn 0.9763 0.2084 -0.0579
vn 0.9978 -0.0367 0.0552
vn 0.8170 -0.3858 0.4286
vn -0.0306 -0.3037 0.9523
vn 0.8699 0.4322 0.2376
vn 0.6917 0.7073 0.1459
vn 0.2832 -0.1209 0.9514
vn 0.5050 0.7500 0.4272
vn 0.1717 -0.1037 0.9797
vn 0.1599 0.0079 0.9871
vn 0.0791 -0.2537 0.9641
vn 0.0636 -0.2010 0.9775
vn 0.1025 -0.0272 0.9944
vn 0.0377 -0.2049 0.9781
vn 0.0226 -0.1609 0.9867
vn -0.0019 -0.2801 0.9600
vn 0.3655 0.7684 -0.5254
vn 0.4462 0.5825 0.6794
vn 0.3284 0.8964 -0.2976
vn 0.4132 0.7970 0.4406
vn 0.2701 0.8588 -0.4353
vn 0.3105 0.9334 0.1798
vn 0.2155 0.6037 0.7675
vn 0.1081 0.4279 0.8973
vn 0.0975 0.2144 0.9719
vn 0.0646 0.2281 0.9715
vn 0.0293 0.0064 0.9996
vn -0.0472 -0.0058 0.9989
vn -0.0281 -0.1374 0.9901
vn -0.0886 -0.1552 0.9839
vn -0.0997 -0.3309 0.9384
vn 0.2883 0.9047 0.3138
vn 0.3701 0.9237 0.0989
vn 0.1551 0.9605 -0.2311
vn 0.2309 0.9730 -0.0006
vn 0.1156 0.7773 0.6184
vn 0.1444 0.9883 0.0502
vn 0.1423 0.7708 -0.6210
vn 0.0992 0.9480 -0.3025
vn 0.1357 0.9906 -0.0180
vn 0.1325 0.8199 0.5569
vn 0.0815 0.8302 0.5515
vn 0.0294 0.4581 0.8884
vn -0.0006 0.2117 0.9773
vn -0.0979 -0.0416 0.9943
vn 0.1250 0.9868 -0.1033
vn -0.0163 0.3782 0.9256
vn 0.1298 0.9655 0.2257
vn 0.0548 0.9981 0.0293
vn -0.0307 0.7521 0.6584
vn 0.0617 0.9901 0.1258
vn -0.0968 0.0285 0.9949
vn 0.1297 -0.3652 0.9219
vn -0.1449 -0.2138 0.9661
vn -0.4286 -0.3143 0.8471
vn -0.1205 0.0284 0.9923
vn -0.1069 0.0451 0.9932
vn -0.6617 -0.0434 0.7485
vn -0.6180 0.3821 0.6871
vn -0.1040 0.1252 0.9867
vn -0.0108 0.2529 0.9674
vn 0.8052 0.3626 0.4693
vn -0.0775 0.4061 0.9105
vn -0.0472 0.5918 0.8047
vn -0.0353 0.3125 0.9493
vn 0.5781 0.1063 0.8090
vn 0.2751 0.6769 0.6827
vn 0.7440 0.3646 0.5599
vn -0.3810 -0.2947 0.8764
vn 0.3251 -0.4396 0.8373
vn -0.0993 -0.5673 0.8175
vn -0.1265 -0.1457 0.9812
vn 0.1653 -0.3999 0.9015
vn -0.1689 -0.1744 0.9701
vn -0.3791 -0.2417 0.8932
vn -0.6454 -0.5175 0.5618
vn 0.2096 -0.0294 0.9774
vn -0.4005 -0.3026 0.8649
vn -0.3393 0.2185 0.9150
vn -0.4723 0.0758 0.8782
vn 0.2095 0.5416 0.8141
vn -0.0970 0.0358 0.9946
vn -0.7765 -0.2711 0.5689
vn -0.7023 0.5135 0.4931
vn 0.0837 0.7681 0.6348
vn -0.1099 -0.7346 0.6695
vn -0.0260 0.3615 0.9320
vn 0.1392 0.5220 0.8415
vn -0.0726 0.1954 0.9780
vn -0.1103 -0.0132 0.9938
vn 0.5863 0.6312 0.5078
vn 0.1232 0.4894 0.8633
vn 0.6320 0.1907 0.7511
vn -0.1043 0.0512 0.9932
vn -0.4760 -0.6718 0.5675
vn -0.1048 -0.0523 0.9931
vn -0.0121 -0.2532 0.9673
vn -0.0984 0.0210 0.9949
vn 0.4911 -0.1397 0.8598
vn 0.7869 0.0740 0.6126
vn -0.0666 0.0753 0.9949
vn 0.0744 0.2414 0.9676
vn -0.0502 0.3889 0.9199
vn -0.0083 0.2546 0.9670
vn -0.1990 0.4214 0.8848
vn -0.0860 0.1244 0.9885
vn -0.1906 0.1929 0.9625
vn -0.0697 0.2415 0.9679
vn -0.7106 0.2176 0.6691
vn -0.1369 -0.6607 0.7380
vn -0.0821 -0.6514 0.7543
vn -0.0484 -0.6455 0.7622
vn -0.0399 -0.6330 0.7731
vn -0.0786 -0.5812 0.8100
vn 0.0758 0.4558 0.8868
vn -0.0469 -0.3017 0.9522
vn 0.0079 -0.1358 0.9907
vn 0.0461 -0.0000 0.9989
vn 0.1436 0.2730 0.9512
vn 0.2852 0.6509 0.7035
vn 0.0757 -0.0478 0.9960
vn 0.9826 0.1850 0.0155
vn 0.1404 0.2212 0.9651
vn 0.2564 0.3542 0.8993
vn 0.0211 -0.3534 0.9352
vn -0.0028 -0.4914 0.8709
vn -0.0003 -0.4473 0.8944
vn 0.0290 -0.3166 0.9481
vn 0.0442 -0.3925 0.9187
vn 0.0452 -0.3711 0.9275
vn 0.1062 -0.3078 0.9455
vn 0.0236 0.7342 0.6785
vn 0.4106 -0.1335 0.9020
vn -0.0718 0.9456 -0.3173
vn 0.6888 0.7229 -0.0541
vn 0.5209 -0.5097 0.6848
vn -0.6767 -0.5086 0.5324
vn -0.9971 0.0754 0.0050
vn 0.0477 -0.1322 0.9901
vn -0.6036 0.7848 0.1409
vn -0.7556 0.3555 0.5502
vn -0.2904 0.8968 0.3337
vn 0.0156 0.2204 0.9753
vn -0.6789 -0.7342 -0.0000
vn -0.7324 -0.6809 -0.0020
vn -0.7185 0.1995 0.6663
vn -0.4732 0.6618 0.5815
vn 0.7273 0.0779 0.6818
vn 0.4570 -0.2985 0.8379
vn -0.1353 -0.0015 0.9908
vn -0.0585 0.0480 0.9971
vn -0.7114 0.6947 -0.1067
vn -0.6833 0.4841 0.5466
vn 0.0040 0.8547 0.5191
vn 0.6988 0.7147 -0.0307
vn -0.7114 -0.4666 0.5255
vn -0.9498 -0.3070 -0.0595
vn -0.1301 -0.9896 0.0619
vn 0.3009 -0.7189 0.6267
vn 0.8682 -0.4811 0.1218
vn 0.7307 0.3044 0.6111
vn -0.1208 -0.2244 0.9670
vn 0.1259 -0.9915 0.0334
vn 0.2617 -0.7386 0.6213
vn -0.2726 -0.9517 0.1414
vn -0.9317 -0.3539 -0.0823
vn -0.8075 0.2288 0.5438
vn 0.0965 0.4272 0.8990
vn 0.4599 0.6844 0.5657
vn 0.9728 -0.2005 -0.1164
vn -0.0954 0.0597 0.9937
vn -0.1096 0.0360 0.9933
vn -0.0975 0.0900 0.9912
vn -0.1011 0.0966 0.9902
vn -0.0827 0.0785 0.9935
vn -0.1004 0.0297 0.9945
vn -0.1115 0.0324 0.9932
vn -0.4214 -0.8952 0.1450
vn 0.7097 -0.6989 -0.0893
vn -0.9386 -0.3449 -0.0073
vn 0.5267 0.6838 0.5050
vn 0.0263 0.8538 0.5199
vn 0.2763 0.3785 0.8834
vn -0.1848 0.5186 0.8348
vn -0.9700 0.2196 0.1039
vn -0.7329 -0.6744 0.0891
vn 0.0653 -0.5186 0.8525
vn 0.2452 -0.9056 0.3462
vn -0.1776 -0.9484 -0.2628
vn -0.6479 -0.5835 0.4896
vn 0.5739 0.5119 0.6392
vn 0.3628 -0.3049 0.8805
vn -0.0701 -0.9975 -0.0000
vn -0.3246 0.0032 0.9458
vn 0.9965 0.0727 -0.0413
vn 0.2110 0.4905 0.8455
vn 0.6127 0.5560 0.5617
vn 0.9614 0.2738 -0.0276
vn 0.9998 0.0186 0.0037
vn -0.0823 -0.0200 0.9964
vn -0.0880 0.0117 0.9961
vn -0.1215 0.0764 0.9896
vn -0.0841 0.0793 0.9933
vn -0.1181 -0.0454 0.9920
vn -0.2815 0.7017 0.6545
vn -0.4275 0.9034 0.0337
vn -0.8600 0.1520 0.4872
vn -0.5063 -0.1142 0.8548
vn -0.3229 -0.6930 0.6446
vn -0.1637 -0.5266 0.8342
vn 0.4939 -0.6398 0.5888
vn 0.9042 -0.3697 0.2139
vn 0.6440 0.5099 0.5704
vn 0.7472 0.6469 -0.1522
vn -0.2677 -0.7212 0.6389
vn -0.3602 -0.9307 -0.0644
vn 0.4376 -0.6701 0.5996
vn 0.4230 -0.8931 -0.1532
vn -0.8759 -0.4808 -0.0414
vn -0.9564 -0.2888 0.0445
vn -0.8356 0.2159 0.5052
vn -0.8901 0.4558 -0.0067
vn 0.7971 0.5718 -0.1939
vn 0.5541 0.8267 0.0977
vn 0.5693 0.8149 0.1091
vn 0.9734 0.1365 -0.1841
vn 0.9237 -0.2349 0.3026
vn -0.1145 0.0293 0.9930
vn -0.1080 0.0214 0.9939
vn -0.1064 0.0743 0.9915
vn -0.0956 0.1207 0.9881
vn -0.1591 0.2192 0.9626
vn -0.0962 0.0508 0.9941
vn -0.1266 0.0090 0.9919
vn 0.6940 -0.2014 0.6912
vn 0.4481 0.1609 0.8794
vn 0.1931 -0.0212 0.9810
vn -0.1602 -0.2281 0.9604
vn 0.1482 -0.0674 0.9867
vn 0.0485 -0.0601 0.9970
vn 0.0015 -0.0380 0.9993
vn -0.2354 -0.1641 0.9580
vn 0.0258 -0.0154 0.9995
vn -0.0313 -0.1490 0.9883
vn -0.3324 -0.2678 0.9043
vn 0.1925 0.4845 0.8533
vn 0.2661 0.8228 0.5022
vn 0.4568 0.5578 0.6929
vn 0.1315 0.6407 0.7564
vn 0.0640 0.7278 0.6828
vn 0.7514 -0.1056 0.6513
vn 0.8561 -0.2142 0.4702
vn -0.2582 -0.9235 0.2836
vn -0.4215 -0.6664 0.6151
vn -0.0969 -0.0589 0.9935
vn -0.5683 -0.4490 -0.6895
vn -0.6472 -0.3576 0.6732
vn -0.4112 -0.5246 0.7455
vn 0.3978 -0.1489 0.9053
vn -0.4663 -0.5675 0.6786
vn -0.2355 -0.5262 0.8171
vn -0.3036 -0.7591 0.5758
vn -0.5783 -0.4697 0.6670
vn 0.3800 0.3157 0.8694
vn -0.2660 -0.1958 0.9439
vn 0.4837 0.4691 0.7389
vn 0.3968 0.5136 0.7608
vn 0.4426 0.5704 0.6919
vn 0.4862 0.4636 0.7407
vn 0.3556 0.2560 0.8989
vn 0.6546 0.3779 0.6547
vn 0.3394 -0.0618 0.9386
vn -0.2767 -0.2489 0.9282
vn 0.2543 -0.5725 0.7795
vn 0.4547 -0.3352 0.8252
vn -0.7195 -0.3578 -0.5952
vn 0.2055 0.4590 0.8643
vn 0.0333 0.7892 0.6132
vn 0.2434 0.6157 0.7494
vn -0.0578 0.1653 0.9846
vn -0.4495 0.8932 0.0111
vn -0.4382 0.8843 0.1610
vn 0.3925 0.0742 0.9168
vn 0.9029 0.4299 0.0022
vn 0.8997 0.4365 -0.0000
vn 0.3153 0.0708 0.9463
vn 0.7291 -0.4577 0.5089
vn -0.1080 -0.2808 0.9537
vn -0.0410 -0.5264 0.8493
vn 0.0697 -0.3369 0.9390
vn -0.4331 -0.2807 0.8565
vn -0.8996 -0.4368 -0.0000
vn 0.0553 -0.2071 0.9768
vn -0.0598 -0.2533 0.9655
vn -0.0756 -0.0870 0.9933
vn 0.1751 -0.1527 0.9726
vn 0.2164 -0.0578 0.9746
vn -0.0581 -0.1287 0.9900
vn 0.2260 0.0639 0.9720
vn -0.6344 -0.0407 0.7720
vn -0.6505 -0.3770 0.6593
vn -0.9407 -0.0291 0.3381
vn -0.2953 -0.2545 0.9209
vn -0.2980 0.2265 0.9273
vn -0.1146 -0.6815 0.7228
vn 0.1735 -0.0410 0.9840
vn 0.2785 0.0041 0.9604
vn 0.2275 -0.0156 0.9736
vn 0.0561 -0.0169 0.9983
vn 0.0008 -0.0129 0.9999
vn 0.1350 0.0448 0.9898
vn -0.0534 0.0196 0.9984
vn 0.1039 0.0730 0.9919
vn 0.1030 0.1116 0.9884
vn 0.2410 0.1452 0.9596
vn 0.2674 0.1692 0.9486
vn 0.3584 0.1963 0.9127
vn 0.3025 0.1886 0.9343
vn 0.1629 0.1366 0.9771
vn 0.3758 0.2275 0.8983
vn 0.5289 0.2791 0.8014
vn 0.5159 0.0901 0.8519
vn 0.6095 0.5032 0.6126
vn 0.8199 0.2278 0.5253
vn 0.7952 0.1793 0.5793
vn 0.8761 0.1359 0.4626
vn 0.9309 0.1210 0.3446
vn 0.9504 -0.0336 -0.3092
vn 0.9875 0.1106 0.1123
vn 0.4631 -0.0107 -0.8862
vn 0.9484 0.1234 0.2920
vn 0.8193 0.5615 0.1161
vn 0.7444 0.5998 -0.2934
vn 0.6402 0.1403 -0.7553
vn 0.6648 0.1926 -0.7218
vn 0.8669 0.2067 0.4537
vn 0.8942 0.1450 -0.4235
vn 0.7984 0.2445 0.5503
vn 0.7676 0.2719 0.5804
vn 0.5699 0.2838 0.7711
vn 0.6587 0.2933 0.6928
vn 0.6665 0.3055 0.6800
vn 0.5699 0.2595 0.7797
vn 0.6416 0.2434 0.7274
vn 0.4460 0.2062 0.8710
vn 0.3935 0.1987 0.8976
vn 0.8857 0.0832 -0.4566
vn 0.8751 0.3458 -0.3386
vn 0.8208 0.5021 -0.2726
vn 0.5285 0.4356 -0.7287
vn 0.7257 0.3552 0.5892
vn 0.6294 0.4300 -0.6473
vn 0.6321 0.4303 -0.6444
vn 0.7017 0.2928 0.6495
vn 0.6547 0.3978 -0.6428
vn 0.6682 0.2410 0.7039
vn 0.8338 0.3402 0.4348
vn 0.5705 0.2066 0.7949
vn 0.5020 0.2162 0.8374
vn 0.4787 0.2341 0.8462
vn 0.3846 0.2284 0.8944
vn 0.3035 0.2233 0.9263
vn 0.3239 0.2319 0.9173
vn 0.6099 0.3619 -0.7051
vn 0.1268 -0.7558 -0.6424
vn 0.3839 0.1206 0.9155
vn 0.7244 0.1976 -0.6604
vn 0.5464 0.2333 0.8044
vn 0.4675 0.2042 0.8601
vn 0.3765 0.1560 0.9132
vn 0.3958 0.2051 0.8951
vn 0.7692 0.6046 -0.2068
vn 0.2328 0.1682 0.9579
vn 0.4803 0.7966 -0.3670
vn 0.3635 0.6576 -0.6598
vn 0.8089 0.5510 -0.2051
vn 0.8784 0.4676 0.0990
vn 0.8892 0.4124 -0.1981
vn 0.5639 0.5909 0.5769
vn -0.3284 0.9442 0.0271
vn 0.6386 0.2816 0.7161
vn 0.4005 0.1366 0.9060
vn 0.9035 0.3411 -0.2594
vn 0.3314 0.3755 0.8656
vn 0.5341 0.7511 0.3882
vn 0.5874 0.7493 0.3059
vn 0.7621 -0.3999 0.5092
vn 0.4065 0.8046 -0.4330
vn 0.8378 -0.3111 -0.4487
vn -0.0318 -0.6132 -0.7893
vn 0.0460 0.7948 -0.6052
vn 0.6053 0.7364 -0.3022
vn 0.5893 0.7290 -0.3483
vn 0.5969 0.7372 -0.3166
vn 0.4947 0.8291 -0.2606
vn -0.1891 0.9775 -0.0933
vn -0.3986 0.8614 -0.3148
vn 0.0116 0.5015 0.8651
vn 0.1896 0.9724 -0.1362
vn -0.8190 0.5622 0.1146
vn -0.8725 0.1556 -0.4632
vn -0.9565 0.0941 0.2761
vn -0.7325 0.0858 0.6753
vn -0.8655 0.1343 0.4826
vn -0.9446 -0.1559 -0.2887
vn -0.7959 -0.0169 0.6052
vn -0.9382 -0.1357 0.3184
vn -0.9799 -0.1687 -0.1067
vn -0.6374 -0.0743 0.7669
vn -0.1333 0.0407 0.9902
vn -0.4217 -0.0079 0.9067
vn -0.4543 -0.0833 0.8869
vn -0.1971 0.0054 0.9804
vn -0.4405 -0.1440 0.8861
vn -0.2023 -0.0293 0.9789
vn -0.7976 -0.2250 -0.5597
vn -0.8756 -0.2281 0.4257
vn -0.9429 -0.2500 0.2202
vn -0.9628 -0.2219 0.1540
vn -0.7405 -0.2800 0.6110
vn -0.8238 -0.3453 -0.4495
vn -0.9066 -0.3968 0.1438
vn -0.8954 -0.2896 -0.3381
vn -0.8405 -0.3864 0.3797
vn -0.9107 -0.4124 -0.0209
vn -0.8076 -0.4650 0.3628
vn -0.9118 -0.3848 0.1437
vn -0.7156 -0.3718 0.5913
vn -0.1276 -0.1226 0.9842
vn -0.1979 -0.0861 0.9764
vn -0.4668 -0.1807 0.8657
vn 0.2028 -0.0404 0.9784
vn -0.3982 -0.2486 0.8830
vn 0.3911 0.0729 0.9175
vn 0.6182 0.1610 0.7694
vn -0.0963 0.3218 0.9419
vn 0.0477 -0.0931 0.9945
vn -0.2696 0.4165 0.8683
vn -0.2105 0.8014 0.5599
vn 0.0432 0.2833 0.9581
vn -0.1947 -0.5199 0.8317
vn 0.4551 0.6555 0.6026
vn -0.1282 0.9189 0.3732
vn -0.5064 -0.4933 0.7073
vn -0.6556 -0.3617 0.6628
vn -0.3738 -0.1911 0.9076
vn -0.7509 -0.3334 0.5701
vn -0.3759 -0.4292 0.8213
vn -0.3776 -0.2750 0.8842
vn 0.0344 -0.2687 0.9626
vn -0.2049 0.8441 0.4954
vn 0.1287 -0.1084 0.9857
vn -0.4027 -0.4962 0.7692
vn -0.5503 -0.4841 0.6803
vn 0.0155 -0.0901 0.9958
vn 0.0539 -0.0371 0.9979
vn -0.0588 -0.1655 0.9845
vn 0.1331 0.0978 0.9863
vn 0.2554 0.0736 0.9640
vn 0.4286 0.0520 0.9020
vn 0.2134 0.0217 0.9767
vn 0.4732 0.6988 0.5365
vn -0.8451 0.3004 0.4423
vn -0.0248 -0.1750 0.9843
vn 0.2286 0.0519 0.9721
vn 0.0838 -0.0774 0.9935
vn 0.1989 0.0820 0.9766
vn 0.0522 -0.0768 0.9957
vn -0.0005 -0.0607 0.9982
vn -0.6603 0.3736 0.6515
vn -0.1030 -0.2868 0.9524
vn 0.8084 0.1228 -0.5756
vn 0.8992 0.1680 0.4039
vn 0.8303 0.1888 0.5244
vn 0.7991 0.2009 0.5667
vn 0.7389 0.2283 0.6339
vn 0.7171 0.2406 0.6542
vn 0.7006 0.2979 0.6484
vn 0.6628 0.1560 0.7324
vn 0.6555 0.1924 0.7302
vn 0.6216 0.2417 0.7451
vn 0.5277 0.1284 0.8397
vn 0.4767 0.1831 0.8598
vn 0.4388 0.2106 0.8735
vn 0.4456 0.0954 0.8902
vn 0.3848 0.1508 0.9106
vn 0.3432 0.1880 0.9202
vn 0.3786 0.0354 0.9249
vn 0.3448 0.0705 0.9360
vn 0.2988 0.1027 0.9488
vn 0.2733 0.1377 0.9520
vn 0.6920 0.3501 0.6313
vn 0.5806 0.4588 -0.6727
vn -0.0370 0.0598 0.9975
vn 0.1225 0.1240 0.9847
vn 0.1553 0.1500 0.9764
vn 0.1622 0.1896 0.9684
vn 0.2137 0.2360 0.9480
vn 0.2294 0.2402 0.9432
vn 0.0230 0.0952 0.9952
vn -0.2361 0.0597 0.9699
vn 0.0158 0.1183 0.9929
vn -0.0639 0.1415 0.9879
vn 0.0092 0.2039 0.9790
vn 0.0761 0.2754 0.9583
vn -0.5875 0.7503 0.3032
vn 0.8350 0.3414 -0.4315
vn 0.8020 0.5589 -0.2108
vn -0.5618 0.8104 -0.1663
vn -0.0781 0.7868 -0.6123
vn -0.9260 -0.2812 0.2519
vn -0.7874 -0.6005 0.1396
vn -0.2045 -0.7536 0.6248
vn 0.8312 -0.5517 -0.0694
vn 0.3739 -0.8261 0.4217
vn 0.8624 -0.0209 0.5058
vn 0.7981 0.5636 0.2129
vn 0.0101 0.6529 0.7574
vn -0.3183 0.1461 0.9367
vn -0.0998 0.9661 0.2381
vn 0.7119 0.6935 -0.1104
vn -0.3575 -0.7277 0.5854
vn -0.0904 0.3670 0.9258
vn 0.0278 -0.1089 0.9937
vn 0.0264 -0.0715 0.9971
vn -0.0805 -0.1582 0.9841
vn -0.8983 -0.4394 -0.0040
vn 0.0685 -0.2832 0.9566
vn -0.1466 0.8592 0.4902
vn -0.0900 0.2244 0.9703
vn -0.1866 0.9436 0.2736
vn 0.9047 0.4260 0.0071
vn 0.7891 -0.2011 0.5805
vn 0.9448 -0.3275 -0.0000
vn 0.8272 -0.5411 0.1516
vn 0.7148 -0.3037 0.6299
vn -0.3509 -0.9313 0.0983
vn -0.2113 -0.9693 0.1258
vn -0.8065 0.0695 0.5871
vn -0.9982 -0.0598 0.0017
vn -0.1057 -0.2632 0.9589
vn 0.1743 -0.2098 0.9621
vn 0.0288 -0.0832 0.9961
vn 0.9000 0.4337 0.0429
vn 0.9010 0.4338 0.0019
vn 0.5153 -0.3706 0.7727
vn 0.4660 0.5522 0.6913
vn -0.5274 -0.7386 0.4200
vn -0.5296 -0.5539 0.6424
vn -0.5100 0.3218 0.7977
vn 0.9003 0.4349 -0.0183
vn 0.8106 0.3157 0.4932
vn 0.1383 -0.8863 0.4420
vn 0.1780 -0.9493 0.2590
vn -0.9017 -0.4325 -0.0003
vn -0.6301 -0.4291 0.6472
vn -0.2414 0.6006 -0.7622
vn -0.0562 -0.0254 0.9981
vn -0.3782 -0.4733 0.7956
vn -0.3422 -0.2082 0.9163
vn -0.6451 -0.7256 0.2393
vn -0.5175 -0.8269 0.2200
vn -0.4178 -0.5640 0.7123
vn -0.2250 -0.2486 0.9421
vn -0.1613 -0.6823 0.7130
vn -0.1217 -0.3399 0.9326
vn 0.1214 -0.6910 0.7126
vn 0.0384 -0.3999 0.9157
vn 0.0581 -0.9262 0.3726
vn 0.0944 -0.8235 0.5594
vn 0.1616 -0.5219 0.8375
vn 0.3753 -0.4459 0.8126
vn 0.4484 -0.7416 0.4989
vn -0.0774 -0.8454 0.5285
vn -0.0650 -0.9979 -0.0073
vn 0.7573 -0.3581 0.5461
vn 0.4839 -0.2581 0.8362
vn 0.8376 0.1127 0.5345
vn 0.8898 0.0225 0.4558
vn 0.9994 -0.0329 -0.0127
vn 0.3515 -0.1923 0.9162
vn 0.9749 -0.0341 0.2200
vn 0.6973 -0.0799 0.7123
vn 0.2361 0.0307 0.9712
vn 0.6714 0.2013 0.7132
vn 0.2057 0.2024 0.9574
vn 0.5375 0.4505 0.7128
vn 0.1205 0.2727 0.9545
vn 0.7354 0.6055 0.3042
vn 0.6678 0.4919 0.5586
vn 0.4237 0.4034 0.8110
vn -0.0356 -0.1247 0.9915
vn -0.0744 0.0693 0.9948
vn -0.0214 0.1063 0.9941
vn 0.0528 0.1088 0.9927
vn 0.0856 0.0414 0.9955
vn 0.0655 0.0834 0.9944
vn 0.2573 0.5988 0.7584
vn 0.1080 0.0340 0.9936
vn 0.0332 0.6644 0.7466
vn -0.0290 0.4148 0.9095
vn 0.1218 -0.0663 0.9903
vn -0.1546 0.3674 0.9171
vn 0.0076 0.0866 0.9962
vn -0.0335 0.0700 0.9970
vn -0.2939 0.2833 0.9129
vn -0.0782 0.0419 0.9961
vn -0.4282 0.1015 0.8979
vn -0.5846 0.1897 0.7888
vn -0.0767 0.0616 0.9951
vn -0.6784 -0.0925 0.7288
vn -0.1089 0.0029 0.9941
vn -0.0915 -0.0312 0.9953
vn 0.0475 0.1018 0.9937
vn -0.0338 -0.0737 0.9967
vn -0.0401 -0.0805 0.9959
vn -0.0159 -0.1031 0.9945
vn 0.0944 -0.8065 0.5836
vn -0.0760 -0.3147 0.9461
vn -0.0832 -0.2553 0.9633
vn -0.6254 -0.3951 0.6729
vn -0.7402 -0.2508 0.6239
vn -0.7764 -0.0159 0.6301
vn -0.7520 0.2037 0.6269
vn -0.6440 0.3701 0.6695
vn -0.2640 0.3030 0.9157
vn -0.1798 0.2821 0.9424
vn -0.1693 0.5775 0.7986
vn 0.0101 0.6037 0.7971
vn 0.1833 0.5833 0.7913
vn 0.3440 0.5154 0.7849
vn 0.4214 0.4858 0.7658
vn 0.3989 0.0696 0.9144
vn 0.3836 -0.0189 0.9233
vn 0.5816 -0.1696 0.7956
vn 0.5163 -0.3116 0.7977
vn 0.4164 -0.4488 0.7907
vn 0.2748 -0.5553 0.7849
vn -0.7563 0.4308 0.4923
vn -0.9464 0.3221 -0.0243
vn -0.8922 0.3343 0.3038
vn -0.4966 -0.8679 0.0078
vn -0.6514 0.3427 0.6769
vn -0.9423 0.1535 0.2975
vn -0.2298 -0.7717 0.5930
vn -0.7838 -0.4301 0.4479
vn -0.5909 -0.3350 0.7339
vn -0.8672 0.0292 0.4971
vn -0.3973 0.9177 -0.0000
vn -0.3913 0.9203 0.0007
vn -0.4607 0.8599 0.2198
vn -0.4770 0.8781 -0.0373
vn -0.7277 0.6859 -0.0000
vn -0.7737 0.6335 -0.0000
vn -0.9397 0.3420 -0.0001
vn -0.9793 0.2026 0.0017
vn -0.9610 -0.2764 0.0048
vn -0.7210 -0.6930 0.0023
vn -0.5963 -0.8028 -0.0001
vn -0.3180 -0.9481 -0.0000
vn -0.2302 -0.9731 -0.0000
vn 0.1587 -0.9873 0.0006
vn 0.1728 -0.9850 -0.0012
vn 0.5991 -0.8007 0.0023
vn 0.2141 -0.8574 0.4681
vn 0.6132 -0.4601 0.6421
vn 0.9034 -0.4289 0.0020
vn 0.9934 -0.1151 -0.0003
vn 0.9992 0.0389 -0.0000
vn 0.9579 0.2872 -0.0000
vn 0.8667 0.4988 -0.0000
vn 0.7659 0.6429 -0.0003
vn 0.5326 0.8463 -0.0041
vn 0.7729 0.5895 0.2347
vn 0.6413 0.6089 0.4668
vn 0.1069 0.7623 0.6384
vn 0.0861 0.9963 -0.0038
vn -0.3346 0.7790 0.5303
vn 0.6222 0.3926 0.6773
vn -0.5533 0.5853 0.5927
vn 0.0053 0.6791 0.7340
vn 0.4588 0.7363 0.4973
vn -0.2795 0.6437 0.7124
vn -0.5102 0.4809 0.7130
vn -0.6591 0.2404 0.7126
vn -0.6769 0.2045 -0.7071
vn -0.5471 0.4480 -0.7071
vn -0.3341 0.6232 -0.7071
vn -0.2763 0.6509 -0.7071
vn -0.0701 0.7036 -0.7071
vn 0.0579 0.7047 -0.7071
vn 0.2045 0.6769 -0.7071
vn 0.3787 0.5971 -0.7071
vn 0.4480 0.5471 -0.7071
vn 0.6128 0.3527 -0.7071
vn 0.6232 0.3340 -0.7071
vn 0.7036 0.0701 -0.7071
vn 0.7066 0.0275 -0.7071
vn 0.6769 -0.2045 -0.7071
vn 0.6384 -0.3040 -0.7071
vn 0.5471 -0.4480 -0.7071
vn 0.4240 -0.5659 -0.7071
vn 0.3340 -0.6232 -0.7071
vn 0.1125 -0.6981 -0.7071
vn 0.0701 -0.7036 -0.7071
vn -0.2249 -0.6704 -0.7071
vn -0.2045 -0.6769 -0.7071
vn -0.4480 -0.5471 -0.7071
vn -0.5106 -0.4891 -0.7071
vn -0.6232 -0.3340 -0.7071
vn -0.6795 -0.1958 -0.7071
vn -0.7036 -0.0701 -0.7071
vn -0.6926 0.1424 -0.7071
vn 0.0049 0.0074 -1.0000
vn 0.0085 0.5078 -0.8614
vn 0.5164 0.5282 -0.6740
vn 0.0084 0.0102 -0.9999
vn 0.5702 0.3217 -0.7560
vn 0.0113 0.0063 -0.9999
vn 0.6246 0.1452 -0.7673
vn 0.0132 0.0014 -0.9999
vn 0.8333 0.1026 -0.5432
vn 0.5908 -0.1992 -0.7818
vn 0.0120 -0.0037 -0.9999
vn 0.5631 -0.4281 -0.7068
vn 0.0084 -0.0036 -1.0000
vn 0.1904 -0.3013 -0.9343
vn 0.0031 -0.0111 -0.9999
vn 0.3516 -0.7370 -0.5772
vn -0.0457 -0.7355 -0.6760
vn 0.0015 -0.0127 -0.9999
vn -0.2502 -0.6747 -0.6944
vn -0.0039 -0.0122 -0.9999
vn -0.4499 -0.6043 -0.6576
vn -0.0083 -0.0105 -0.9999
vn -0.6134 -0.4997 -0.6116
vn -0.6165 -0.2691 -0.7399
vn -0.0073 -0.0066 -1.0000
vn -0.5311 -0.0511 -0.8457
vn -0.0098 0.0017 -1.0000
vn -0.7261 0.1841 -0.6624
vn -0.0125 0.0038 -0.9999
vn -0.5653 0.3431 -0.7501
vn -0.0106 0.0083 -0.9999
vn -0.7034 0.4499 -0.5503
vn -0.2972 0.5511 -0.7797
vn -0.0058 0.0113 -0.9999
vn -0.1044 0.6327 -0.7673
vn -0.0034 0.0110 -0.9999
vn 0.0822 0.7393 -0.6684
vn 0.6103 -0.6413 -0.4650
vn 0.3026 0.7660 -0.5672
vn 0.8561 -0.3477 -0.3824
vn 0.3738 -0.8232 -0.4273
vn -0.7466 -0.4148 -0.5202
vn -0.8670 -0.0741 -0.4927
vn 0.0675 0.8873 -0.4561
vn -0.9372 0.2043 -0.2827
vn -0.5279 0.1378 -0.8381
vn -0.1660 -0.4921 -0.8545
vn -0.9561 -0.2696 0.1147
vn -0.0499 -0.6512 -0.7572
vn 0.1612 -0.6405 -0.7509
vn -0.0367 -0.6336 -0.7728
vn -0.5738 -0.7594 -0.3068
vn -0.3169 -0.9341 -0.1644
vn -0.6456 -0.7233 -0.2452
vn -0.2293 -0.9218 -0.3126
vn -0.4882 -0.7288 0.4802
vn 0.1810 -0.9499 -0.2547
vn 0.8926 0.4374 -0.1095
vn 0.4056 -0.9141 0.0044
vn 0.2089 -0.5879 -0.7815
vn 0.3397 -0.4742 -0.8122
vn 0.4969 -0.5972 -0.6297
vn 0.3467 0.5080 -0.7885
vn 0.9309 0.2908 -0.2210
vn 0.0916 0.5914 -0.8012
vn 0.5536 0.8163 -0.1649
vn 0.3111 0.9383 0.1508
vn 0.4420 0.8799 0.1742
vn 0.9502 -0.2109 -0.2294
vn 0.7582 0.6264 -0.1812
vn 0.4717 0.1340 -0.8715
vn 0.4963 0.3562 -0.7917
vn 0.8466 -0.4540 -0.2777
vn 0.9273 -0.2127 -0.3080
vn 0.4662 0.3958 -0.7912
vn 0.9417 -0.1457 -0.3032
vn 0.3752 0.4541 -0.8081
vn 0.9363 0.2271 -0.2679
vn 0.9793 0.1477 -0.1387
vn 0.5127 -0.7706 0.3786
vn 0.1928 -0.5900 0.7840
vn 0.5446 -0.8205 0.1740
vn 0.6282 -0.7346 0.2565
vn 0.7485 -0.5918 0.2991
vn 0.8425 -0.3822 0.3796
vn 0.8522 -0.1277 0.5075
vn 0.8846 0.1607 0.4379
vn 0.6476 0.5276 0.5498
vn 0.8266 0.4242 0.3697
vn 0.4097 0.9009 0.1434
vn 0.3433 0.9283 0.1428
vn 0.3489 0.8931 0.2839
vn 0.2753 0.8904 0.3624
vn 0.1138 0.9205 0.3739
vn -0.3802 0.9127 0.1500
vn -0.5755 0.7313 0.3660
vn -0.1151 -0.8430 0.5255
vn 0.6204 0.2461 0.7447
vn 0.7116 0.0931 0.6964
vn -0.7217 0.3751 0.5818
vn -0.6024 0.2518 0.7575
vn -0.4231 -0.4875 0.7637
vn -0.3759 -0.6776 0.6321
vn -0.3430 0.5410 0.7679
vn -0.0298 -0.3903 0.9202
vn -0.4100 -0.2829 0.8671
vn -0.5373 -0.6649 0.5189
vn -0.4140 0.2194 0.8834
vn -0.8392 -0.2893 0.4604
vn -0.4979 0.3610 0.7885
vn -0.8619 -0.0854 0.4999
vn -0.4778 0.5602 0.6767
vn -0.9839 -0.0901 0.1544
vn -0.6179 0.6060 0.5009
vn -0.9943 0.0730 0.0778
vn -0.5820 0.7570 0.2969
vn -0.9052 0.4183 0.0750
vn -0.2602 -0.3027 0.9169
vn -0.8025 -0.4637 0.3754
vn -0.4361 0.5667 -0.6990
vn -0.0105 0.2074 -0.9782
vn -0.3942 0.5501 -0.7362
vn 0.2702 -0.3480 -0.8977
vn -0.8533 0.0587 -0.5181
vn 0.5811 -0.6172 0.5305
vn -0.1164 0.4282 -0.8961
vn 0.1635 -0.1084 -0.9806
vn 0.3461 -0.3420 -0.8736
vn -0.4135 0.2934 -0.8620
vn 0.3072 -0.1974 -0.9309
vn -0.1378 0.1045 -0.9849
vn 0.3507 -0.4713 -0.8093
vn 0.3272 -0.2877 -0.9001
vn 0.3414 -0.2918 -0.8934
vn 0.2880 -0.2205 -0.9319
vn 0.3038 -0.2216 -0.9266
vn 0.2469 -0.1786 -0.9525
vn 0.2296 -0.1403 -0.9631
vn 0.1963 -0.1173 -0.9735
vn 0.1895 -0.1264 -0.9737
vn 0.2591 -0.1451 -0.9549
vn 0.2714 -0.1509 -0.9506
vn 0.2477 -0.2386 -0.9390
vn 0.2033 -0.1453 -0.9683
vn 0.1124 -0.2460 -0.9627
vn 0.3899 -0.4926 -0.7780
vn 0.3903 -0.4508 -0.8028
vn 0.4543 -0.4337 -0.7782
vn -0.0530 0.6289 -0.7757
vn 0.4770 -0.3885 -0.7884
vn -0.4941 0.1612 -0.8543
vn -0.7043 0.3644 -0.6093
vn 0.4876 -0.3608 -0.7950
vn 0.3673 -0.3697 -0.8535
vn 0.4560 -0.3444 -0.8206
vn -0.6197 -0.0541 -0.7829
vn 0.4035 -0.3505 -0.8452
vn 0.4301 -0.3208 -0.8439
vn 0.3956 -0.2953 -0.8696
vn 0.3363 -0.4626 -0.8203
vn 0.2825 -0.4194 -0.8627
vn 0.2992 -0.3887 -0.8715
vn 0.4071 -0.3957 -0.8232
vn 0.3277 -0.3256 -0.8869
vn 0.4243 -0.3506 -0.8349
vn 0.3381 -0.2806 -0.8983
vn 0.3518 -0.2520 -0.9015
vn 0.2780 -0.4238 -0.8620
vn 0.3101 -0.3486 -0.8845
vn 0.1965 -0.3154 -0.9284
vn 0.1816 -0.2434 -0.9528
vn 0.1567 -0.1302 -0.9790
vn 0.1564 -0.1508 -0.9761
vn 0.1144 -0.0881 -0.9895
vn 0.1339 -0.0731 -0.9883
vn 0.2949 -0.2315 -0.9271
vn 0.3006 -0.2339 -0.9246
vn 0.4227 -0.3897 -0.8182
vn 0.3061 -0.2892 -0.9070
vn 0.2219 -0.1862 -0.9571
vn 0.2110 -0.1493 -0.9660
vn 0.4777 -0.7645 -0.4328
vn 0.2638 -0.9124 -0.3128
vn 0.0645 -0.9975 0.0280
vn -0.2536 -0.9653 0.0621
vn -0.3465 -0.9351 -0.0744
vn -0.5858 -0.8057 -0.0874
vn -0.5694 -0.5256 -0.6321
vn -0.7130 -0.7009 0.0166
vn 0.5948 -0.4608 -0.6588
vn 0.4644 -0.3708 -0.8042
vn 0.3823 -0.3023 -0.8732
vn 0.3941 -0.3449 -0.8519
vn 0.6188 -0.5953 -0.5125
vn 0.6255 -0.6821 -0.3787
vn 0.7649 -0.5214 -0.3783
vn 0.7419 -0.5174 -0.4266
vn 0.6435 -0.5170 -0.5645
vn 0.5923 -0.5182 -0.6170
vn 0.6431 -0.5571 -0.5254
vn 0.6879 -0.7202 0.0904
vn 0.8809 -0.4609 0.1076
vn 0.6608 -0.6544 -0.3677
vn 0.7136 -0.3953 0.5783
vn 0.7927 -0.4904 0.3622
vn 0.7683 -0.5957 0.2342
vn 0.7871 -0.6129 0.0687
vn 0.7487 -0.6627 0.0144
vn 0.7065 -0.7062 -0.0468
vn 0.4563 -0.7213 0.5211
vn 0.1703 -0.8585 0.4837
vn -0.9977 -0.0413 -0.0534
vn -0.3484 0.8254 -0.4442
vn -0.6039 0.4628 -0.6489
vn -0.3213 -0.5063 -0.8003
vn 0.1082 -0.6103 -0.7847
vn -0.4407 -0.8533 -0.2788
vn -0.6658 0.5445 -0.5100
vn 0.2195 -0.3663 -0.9042
vn 0.1943 -0.2981 -0.9346
vn 0.1642 -0.1864 -0.9686
vn 0.1853 -0.1213 -0.9752
vn 0.2355 -0.2506 -0.9390
vn 0.2471 -0.1923 -0.9497
vn -0.6590 0.5853 -0.4725
vn 0.2808 -0.1578 -0.9467
vn 0.3288 -0.2340 -0.9150
vn -0.7222 0.4640 -0.5130
vn -0.2247 0.9230 -0.3123
vn -0.3906 0.8004 -0.4547
vn -0.5571 0.7134 -0.4252
vn -0.6743 0.6053 -0.4229
vn -0.7486 0.6574 -0.0861
vn -0.8462 0.5020 -0.1788
vn -0.9938 0.0520 0.0981
vn -0.4026 -0.3770 -0.8341
vn 0.2280 0.5143 -0.8268
vn 0.2342 0.5668 -0.7899
vn 0.1114 0.5475 -0.8293
vn 0.0820 0.4960 -0.8644
vn 0.0758 0.5875 -0.8057
vn 0.0536 0.4988 -0.8651
vn 0.0715 0.5239 -0.8488
vn 0.1112 0.4884 -0.8655
vn 0.0832 0.4374 -0.8954
vn 0.0591 0.4193 -0.9059
vn 0.0140 0.3553 -0.9347
vn 0.0277 0.3593 -0.9328
vn 0.2341 0.5182 -0.8226
vn 0.2235 0.4518 -0.8637
vn 0.2105 0.3793 -0.9010
vn 0.1894 0.4517 -0.8718
vn 0.1622 0.3168 -0.9345
vn 0.1216 0.4540 -0.8827
vn 0.1096 0.3299 -0.9376
vn 0.0609 0.4118 -0.9092
vn 0.0427 0.3075 -0.9506
vn 0.0444 0.3762 -0.9255
vn 0.0245 0.2750 -0.9611
vn 0.0447 0.3517 -0.9351
vn 0.0046 0.2668 -0.9638
vn -0.0180 0.3043 -0.9524
vn -0.0084 0.3152 -0.9490
vn 0.0229 0.2425 -0.9699
vn 0.0515 0.3116 -0.9488
vn -0.7181 -0.5856 -0.3760
vn 0.5156 0.1578 -0.8422
vn 0.5908 -0.1040 -0.8001
vn 0.1746 0.3471 -0.9214
vn 0.0705 0.2391 -0.9684
vn 0.0370 0.2175 -0.9754
vn 0.0120 0.2107 -0.9775
vn 0.1234 0.2810 -0.9517
vn -0.0044 0.1723 -0.9850
vn 0.0134 0.2512 -0.9678
vn 0.1609 0.5083 -0.8460
vn 0.0822 0.7306 -0.6778
vn 0.1141 0.4746 -0.8728
vn 0.0835 0.6000 -0.7957
vn 0.0724 0.3172 -0.9456
vn 0.0855 0.4940 -0.8652
vn 0.0249 0.2154 -0.9762
vn 0.0714 0.4681 -0.8808
vn 0.0146 0.2230 -0.9747
vn 0.1146 0.5001 -0.8584
vn 0.0114 0.3313 -0.9435
vn 0.2847 0.6216 -0.7298
vn 0.0583 0.9368 -0.3449
vn 0.0834 0.8283 -0.5541
vn 0.0984 0.7842 -0.6127
vn 0.0841 0.5758 -0.8133
vn 0.2192 0.7784 -0.5883
vn 0.1908 0.6507 -0.7350
vn 0.0679 0.7174 -0.6933
vn -0.2877 -0.6679 -0.6864
vn 0.0603 0.0667 -0.9960
vn -0.1459 -0.9890 0.0242
vn -0.1618 -0.9228 -0.3497
vn 0.0465 0.1650 -0.9852
vn -0.1211 -0.6961 -0.7076
vn -0.0699 -0.3846 -0.9204
vn -0.0146 0.0919 -0.9957
vn 0.0800 0.5739 -0.8150
vn 0.2558 0.5268 -0.8106
vn 0.1129 0.6113 -0.7833
vn 0.1478 0.5686 -0.8093
vn 0.1947 0.5612 -0.8044
vn 0.1334 0.4085 -0.9030
vn 0.0487 0.1861 -0.9813
vn 0.1382 0.3613 -0.9221
vn 0.0551 0.4639 -0.8842
vn 0.1928 0.5084 -0.8392
vn 0.0222 0.3462 -0.9379
vn -0.4192 0.4263 -0.8016
vn -0.5719 0.0760 -0.8168
vn -0.5255 0.0065 -0.8507
vn -0.5560 -0.0036 -0.8312
vn -0.6680 0.0121 -0.7441
vn -0.4260 -0.7687 -0.4770
vn -0.8226 -0.1976 -0.5332
vn 0.4181 -0.1344 0.8984
vn 0.6537 -0.4383 0.6169
vn 0.0367 0.0852 0.9957
vn -0.0685 0.1811 0.9811
vn -0.1407 0.2520 0.9575
vn -0.4656 0.4989 0.7310
vn -0.5547 0.5938 0.5828
vn -0.5569 0.7272 0.4012
vn -0.5582 0.6929 0.4563
vn -0.5701 0.7788 0.2616
vn -0.6445 0.6350 -0.4260
vn -0.3308 0.3956 0.8568
vn -0.6399 0.7639 0.0841
vn -0.5839 0.7268 0.3618
vn -0.5869 0.6627 0.4651
vn -0.5722 0.6139 0.5438
vn 0.1993 -0.0180 0.9798
vn 0.4334 -0.2278 0.8719
vn -0.7983 0.5618 0.2172
vn -0.6887 0.4416 0.5750
vn -0.6334 0.4387 0.6375
vn -0.5878 0.4193 0.6918
vn -0.3461 0.2127 0.9138
vn -0.4266 0.2889 0.8571
vn -0.3054 0.1631 0.9381
vn -0.2367 0.0371 0.9709
vn -0.3056 0.0732 0.9493
vn -0.1447 -0.1310 0.9808
vn -0.2738 -0.0711 0.9592
vn -0.9358 -0.1835 0.3010
vn -0.8010 0.5979 -0.0302
vn -0.5514 0.3122 0.7736
vn -0.6171 0.4419 0.6511
vn -0.4095 0.2990 0.8619
vn -0.3122 0.2436 0.9182
vn -0.3786 0.2410 0.8936
vn -0.2514 0.1120 0.9614
vn -0.6073 0.5267 0.5948
vn -0.1352 0.1413 0.9807
vn -0.1397 -0.0424 0.9893
vn -0.2350 0.0778 0.9689
vn -0.4971 0.3441 0.7966
vn -0.5850 0.4302 0.6876
vn -0.6356 0.5525 0.5392
vn 0.1471 -0.7651 0.6269
vn 0.4133 -0.6988 0.5838
vn 0.4275 -0.6100 0.6672
vn 0.0773 -0.2241 0.9715
vn 0.1976 -0.2972 0.9341
vn 0.0093 -0.1381 0.9904
vn -0.1476 0.0419 0.9882
vn -0.1018 -0.0444 0.9938
vn -0.0450 -0.0395 0.9982
vn -0.3339 0.2109 0.9187
vn -0.2360 0.1161 0.9648
vn -0.3222 0.2625 0.9096
vn -0.3974 0.3206 0.8598
vn -0.5158 0.4232 0.7449
vn -0.4941 0.4708 0.7309
vn -0.5581 0.5341 0.6350
vn -0.5781 0.5948 0.5585
vn 0.4274 -0.5612 0.7088
vn -0.1233 0.0617 0.9904
vn -0.2398 0.1900 0.9521
vn -0.3746 0.3942 0.8392
vn 0.1108 -0.1741 0.9785
vn 0.0007 -0.0225 0.9997
vn -0.3057 0.3378 0.8902
vn 0.6813 -0.6590 0.3185
vn 0.3158 -0.3526 0.8809
vn -0.1024 0.0964 0.9901
vn -0.2365 0.2630 0.9354
vn 0.6367 -0.6317 0.4423
vn 0.1557 -0.1612 0.9746
vn 0.0093 0.0336 0.9994
vn -0.0948 0.1816 0.9788
vn -0.2203 0.3100 0.9248
vn 0.5961 -0.5520 0.5830
vn 0.3894 -0.3463 0.8535
vn 0.0169 0.0606 0.9980
vn 0.7535 -0.6574 0.0015
vn 0.6622 -0.5150 0.5442
vn 0.4088 -0.2865 0.8665
vn 0.1738 -0.1244 0.9769
vn 0.1614 -0.0183 0.9867
vn 0.0139 0.1497 0.9886
vn 0.3498 -0.2135 0.9122
vn 0.6281 -0.3240 0.7075
vn 0.3519 -0.1130 0.9292
vn -0.6169 0.6424 0.4546
vn -0.6228 0.5977 0.5049
vn -0.5971 0.5523 0.5818
vn -0.5782 0.5072 0.6391
vn -0.4040 0.2706 0.8738
vn -0.6078 0.4574 0.6491
vn -0.5307 0.3680 0.7635
vn -0.2843 0.1483 0.9472
vn -0.5200 0.4385 0.7330
vn -0.4631 0.3810 0.8002
vn -0.4793 0.3579 0.8014
vn -0.3758 0.2261 0.8987
vn -0.3452 0.1545 0.9257
vn -0.4202 0.3262 0.8468
vn -0.4568 0.2935 0.8398
vn -0.3044 0.1063 0.9466
vn -0.3705 0.1733 0.9125
vn -0.5427 -0.0912 -0.8349
vn -0.6249 -0.2686 0.7331
vn -0.5137 -0.2124 -0.8313
vn -0.4728 -0.1510 -0.8682
vn -0.3449 0.1130 -0.9318
vn -0.0749 0.3262 -0.9423
vn 0.5217 0.7482 -0.4099
vn -0.3149 0.7680 -0.5577
vn -0.5548 -0.0656 -0.8294
vn -0.5232 -0.2196 -0.8234
vn -0.1863 -0.7249 -0.6631
vn -0.3601 -0.1724 -0.9168
vn -0.3397 -0.1533 -0.9279
vn -0.6176 -0.0931 -0.7810
vn -0.5858 -0.1102 -0.8029
vn -0.5836 -0.1666 -0.7947
vn 0.3836 0.4893 -0.7832
vn -0.5669 -0.1946 -0.8005
vn -0.5640 -0.2302 -0.7930
vn -0.2660 -0.1281 -0.9554
vn -0.2033 -0.0886 -0.9751
vn -0.2302 0.1025 -0.9677
vn -0.5839 -0.0599 -0.8096
vn -0.5708 -0.0643 -0.8186
vn -0.5105 -0.1385 -0.8486
vn -0.4915 -0.1588 -0.8563
vn -0.5030 -0.2075 -0.8390
vn -0.4483 -0.1884 -0.8738
vn -0.3638 -0.1597 -0.9177
vn -0.3870 -0.1392 -0.9115
vn -0.3159 -0.1473 -0.9373
vn -0.2511 -0.1579 -0.9550
vn -0.5081 -0.0369 -0.8605
vn -0.4856 -0.0681 -0.8715
vn -0.4344 -0.1752 -0.8835
vn -0.2661 -0.1648 -0.9498
vn -0.4650 -0.0251 -0.8850
vn -0.4216 -0.0177 -0.9066
vn -0.3653 -0.0266 -0.9305
vn -0.4245 -0.1118 -0.8985
vn -0.5581 -0.1692 -0.8123
vn -0.6843 -0.2923 -0.6680
vn -0.8274 -0.4067 -0.3872
vn -0.8679 -0.4914 0.0719
vn -0.8391 -0.3418 -0.4231
vn -0.7680 -0.2896 -0.5712
vn -0.2664 -0.0994 -0.9587
vn -0.5359 -0.2079 -0.8183
vn -0.2505 -0.1075 -0.9621
vn -0.1348 -0.0552 -0.9893
vn -0.1852 -0.0690 -0.9803
vn -0.1733 -0.0830 -0.9814
vn -0.2529 -0.1262 -0.9592
vn -0.4986 -0.1806 -0.8478
vn -0.1379 -0.0902 -0.9863
vn -0.2661 -0.1260 -0.9557
vn -0.2423 -0.1272 -0.9618
vn -0.7598 -0.2100 -0.6153
vn -0.7498 -0.1612 -0.6417
vn -0.3849 -0.1477 -0.9111
vn -0.3114 -0.1282 -0.9416
vn -0.2068 -0.1247 -0.9704
vn -0.3051 -0.1477 -0.9408
vn -0.7210 -0.1157 -0.6832
vn -0.5329 0.1008 -0.8401
vn 0.5497 0.4445 -0.7073
vn 0.1739 0.5018 -0.8473
vn -0.2234 -0.0286 -0.9743
vn 0.8754 0.4097 -0.2565
vn 0.3397 0.2650 -0.9024
vn 0.5831 0.3805 -0.7178
vn 0.7904 0.5472 -0.2753
vn 0.2071 -0.7610 0.6149
vn 0.6274 0.2465 -0.7386
vn 0.9079 0.1216 -0.4011
vn 0.1547 0.5210 -0.8394
vn 0.2320 0.6237 -0.7465
vn 0.0661 0.9050 -0.4202
vn 0.3286 0.7351 -0.5930
vn -0.3979 -0.1038 -0.9115
vn -0.3690 -0.0359 -0.9287
vn -0.2937 -0.0225 -0.9556
vn -0.2020 -0.0442 -0.9784
vn -0.4000 -0.0121 -0.9164
vn -0.2118 -0.0504 -0.9760
vn -0.3189 -0.0665 -0.9455
vn -0.4007 -0.1379 -0.9058
vn -0.2860 -0.0984 -0.9532
vn -0.3722 -0.1616 -0.9140
vn -0.2677 -0.0725 -0.9608
vn 0.3296 0.7305 -0.5981
vn 0.5658 0.7195 -0.4027
vn 0.3334 0.7412 -0.5826
vn 0.0767 0.9295 -0.3607
vn 0.1640 -0.9865 -0.0012
vn 0.2284 -0.9736 -0.0031
vn 0.2232 -0.9748 -0.0028
vn -0.7497 -0.2811 0.5991
vn -0.8282 -0.5605 0.0007
vn -0.7570 -0.6534 -0.0056
vn -0.1798 -0.6955 -0.6956
vn -0.1818 -0.9833 -0.0030
vn -0.2417 -0.9703 0.0023
vn -0.1297 -0.9915 -0.0040
vn -0.1282 -0.7149 0.6874
vn 0.1402 -0.9065 -0.3982
vn -0.2975 -0.6518 0.6976
vn -0.3225 -0.6456 -0.6922
vn -0.3773 -0.9261 -0.0035
vn -0.2321 -0.6782 0.6972
vn -0.2342 -0.6761 -0.6986
vn 0.2898 -0.9571 -0.0005
vn 0.3554 -0.9347 -0.0031
vn 0.4097 -0.9121 0.0128
vn 0.2889 -0.9573 -0.0046
vn 0.1869 -0.9823 -0.0094
vn 0.1684 -0.9857 0.0035
vn 0.1077 -0.9942 -0.0028
vn -0.5600 -0.4487 -0.6965
vn -0.6124 -0.3816 -0.6924
vn -0.5016 -0.5201 -0.6912
vn -0.6549 -0.7557 -0.0050
vn -0.5755 -0.8178 0.0048
vn -0.5379 -0.8430 -0.0010
vn -0.5086 -0.8610 -0.0023
vn -0.9999 0.0134 -0.0028
vn -0.9858 0.1677 0.0022
vn -0.9757 0.2191 -0.0023
vn -0.9465 0.3226 0.0079
vn -0.9244 0.3815 -0.0018
vn -0.9994 -0.0355 0.0027
vn -0.9783 -0.2070 -0.0031
vn -0.9685 -0.2489 0.0017
vn -0.6635 -0.2851 -0.6917
vn -0.8981 -0.4398 0.0003
vn -0.4096 -0.5915 -0.6946
vn -0.0091 -0.7129 -0.7012
vn -0.0737 -0.9973 -0.0006
vn 0.2577 -0.9662 -0.0048
vn 0.0644 -0.7179 -0.6931
vn 0.4123 -0.9111 -0.0011
vn 0.4688 -0.8833 0.0043
vn 0.5597 -0.8287 0.0004
vn 0.5190 -0.8548 -0.0051
vn 0.5764 -0.8171 0.0067
vn 0.6949 -0.7191 -0.0010
vn 0.7166 -0.6975 -0.0029
vn 0.8267 -0.5626 0.0025
vn 0.8518 -0.5239 -0.0027
vn 0.9270 -0.3752 0.0027
vn 0.9442 -0.3294 -0.0028
vn 0.9837 -0.1797 0.0022
vn 0.9918 -0.1279 -0.0024
vn 0.8624 -0.2735 0.4260
vn 0.9991 0.0424 -0.0018
vn 0.7715 -0.1979 0.6046
vn 0.9902 0.1398 0.0017
vn 0.9772 0.2124 -0.0028
vn 0.9655 0.2602 0.0015
vn 0.9547 0.2975 0.0084
vn 0.9134 0.4070 -0.0028
vn 0.8986 0.4388 -0.0002
vn 0.8110 0.5850 -0.0023
vn 0.8195 0.5731 0.0005
vn 0.7151 0.6990 0.0048
vn 0.6985 0.7156 -0.0026
vn 0.6541 0.7564 -0.0074
vn 0.5680 0.8230 0.0073
vn 0.5858 0.8105 -0.0040
vn 0.4960 0.8683 -0.0043
vn 0.4278 0.9039 0.0056
vn 0.4100 0.9120 -0.0076
vn 0.3407 0.9402 0.0004
vn 0.5688 0.8224 -0.0053
vn 0.5851 0.8110 0.0031
vn 0.5042 0.8636 0.0048
vn 0.3875 0.9218 -0.0093
vn 0.3092 0.9510 0.0012
vn 0.1749 0.9845 -0.0097
vn 0.2371 0.9715 -0.0015
vn 0.1366 0.9906 0.0009
vn 0.0399 0.9991 -0.0143
vn -0.0468 0.9989 -0.0082
vn -0.1022 0.9948 -0.0038
vn -0.1809 0.9833 -0.0192
vn -0.2518 0.9678 -0.0047
vn -0.2840 0.9588 -0.0104
vn -0.3694 0.9293 0.0061
vn -0.4112 0.9115 -0.0028
vn -0.4317 0.9020 0.0043
vn -0.5621 0.8271 -0.0023
vn -0.5740 0.8189 0.0004
vn -0.6943 0.7197 -0.0002
vn -0.7191 0.6949 -0.0028
vn -0.7899 0.6132 -0.0096
vn -0.8456 0.5339 -0.0026
vn -0.8258 0.5640 0.0041
vn -0.8827 0.4700 0.0017
vn -0.9326 0.3608 -0.0004
vn -0.8710 -0.2765 0.4061
vn -0.3102 0.9506 0.0125
vn -0.2504 0.9681 0.0059
vn -0.1781 0.9840 0.0003
vn -0.0919 0.9958 0.0029
vn -0.0625 0.9980 0.0027
vn 0.0182 0.9998 0.0091
vn 0.0580 0.9983 -0.0043
vn 0.0541 0.9985 0.0032
vn 0.1467 0.9892 0.0014
vn 0.1731 0.9849 0.0047
vn 0.2399 0.9708 0.0030
vn 0.4439 0.6669 0.5985
vn 0.5146 0.8428 0.1576
vn 0.5438 -0.8392 -0.0011
vn 0.4394 -0.8983 0.0003
vn 0.3342 -0.9425 0.0027
vn 0.3660 -0.9303 -0.0240
vn 0.2789 -0.9603 -0.0054
vn 0.1399 -0.9902 0.0024
vn -0.0173 -0.7176 0.6962
vn 0.0428 -0.9991 0.0005
vn 0.1103 -0.9939 0.0002
vn -0.3571 -0.6304 0.6892
vn -0.6001 -0.7999 0.0068
vn -0.6298 -0.7768 0.0014
vn -0.7191 -0.6949 0.0013
vn 0.0960 -0.9316 0.3506
vn -0.0212 0.9997 0.0153
vn 0.5612 0.7977 0.2209
vn -0.0384 -0.0221 0.9990
vn -0.0162 0.0064 0.9998
vn -0.0241 0.0132 0.9996
vn 0.0560 -0.0342 0.9978
vn 0.0142 -0.0041 0.9999
vn -0.0345 -0.0110 0.9993
vn 0.0351 0.0194 0.9992
vn 0.0287 -0.0162 0.9995
vn -0.3855 0.5559 0.7364
vn -0.6026 0.7829 0.1548
vn -0.0279 0.0066 0.9996
vn -0.6855 0.6891 0.2351
vn -0.0071 0.0134 0.9999
vn 0.0524 -0.0579 0.9969
vn -0.0304 0.0325 0.9990
vn 0.0126 -0.0157 0.9998
vn -0.0082 0.0077 0.9999
vn -0.0126 0.0112 0.9999
vn 0.0271 0.0208 0.9994
vn -0.7050 -0.6912 0.1587
vn -0.7779 -0.6222 0.0884
vn -0.5552 -0.3622 0.7487
vn -0.0208 -0.0460 0.9987
vn -0.0133 -0.0070 0.9999
vn 0.0577 0.0526 0.9969
vn -0.0313 -0.0299 0.9991
vn -0.0151 -0.0163 0.9998
vn 0.0353 0.0664 0.9972
vn 0.0099 -0.0172 0.9998
vn 0.0184 0.0422 0.9989
vn 0.0195 -0.0002 0.9998
vn 0.0141 0.0194 0.9997
vn 0.0146 0.0023 0.9999
vn 0.0089 0.0185 0.9998
vn -0.0323 -0.0443 0.9985
vn 0.0137 0.0156 0.9998
vn -0.0207 -0.0188 0.9996
vn 0.0089 -0.0088 0.9999
vn -0.0107 0.0032 0.9999
vn 0.0229 -0.0801 0.9965
vn 0.0700 -0.0189 0.9974
vn 0.0008 0.0257 0.9997
vn -0.0161 -0.0067 0.9998
vn -0.0015 -0.0061 1.0000
vn 0.0150 -0.0125 0.9998
vn -0.0294 0.0252 0.9993
vn -0.0225 0.0347 0.9991
vn 0.4054 -0.5515 0.7291
vn 0.5880 -0.7887 0.1795
vn 0.0439 -0.0273 0.9987
vn 0.6802 -0.6807 0.2719
vn 0.0079 -0.0105 0.9999
vn -0.0496 0.0602 0.9970
vn 0.0298 -0.0318 0.9990
vn -0.0162 0.0134 0.9998
vn 0.0800 0.0236 0.9965
vn 0.0185 0.0695 0.9974
vn -0.0274 0.0045 0.9996
vn 0.0051 -0.0012 1.0000
vn -0.0133 0.0121 0.9998
vn 0.0214 0.0151 0.9997
vn -0.0368 0.0262 0.9990
vn 0.0201 0.0196 0.9996
vn -0.0032 -0.0433 0.9991
vn 0.0036 0.0417 0.9991
vn -0.0101 -0.0301 0.9995
vn -0.0097 0.0085 0.9999
vn -0.0131 -0.1079 0.9941
vn -0.0700 0.0189 0.9974
vn 0.0131 0.1079 0.9941
vn -0.0051 0.0012 1.0000
vn -0.1057 0.0109 0.9943
vn 0.0183 0.0265 0.9995
vn -0.0165 -0.0121 0.9998
vn 0.0313 0.0298 0.9991
vn 0.5551 0.3667 0.7466
vn 0.7791 0.6165 0.1134
vn 0.7004 0.6893 0.1853
vn -0.0578 -0.0526 0.9969
vn -0.0244 -0.0154 0.9996
vn 0.0117 -0.0583 0.9982
vn -0.0229 0.0801 0.9965
vn -0.0050 -0.0273 0.9996
vn 0.0015 0.0060 1.0000
vn 0.1056 -0.0110 0.9943
vn -0.0186 -0.0695 0.9974
vn -0.0800 -0.0236 0.9965
vn 0.0257 -0.0003 0.9997
vn -0.7526 0.5492 0.3632
vn -0.5150 0.1147 0.8495
vn -0.7244 0.5767 0.3777
vn -0.4290 0.1442 0.8917
vn -0.3459 0.2088 0.9147
vn -0.6998 0.6015 0.3853
vn -0.8101 0.4231 0.4059
vn -0.3200 0.0825 0.9438
vn -0.2399 -0.2597 0.9354
vn -0.5769 -0.7037 0.4147
vn -0.7977 -0.4720 0.3754
vn -0.3178 -0.0957 0.9433
vn -0.9178 -0.0084 0.3969
vn -0.5722 -0.5366 0.6201
vn -0.3700 -0.4172 0.8301
vn -0.4550 -0.2116 0.8650
vn -0.5573 -0.7410 0.3746
vn -0.3764 -0.2580 0.8898
vn -0.5202 -0.7594 0.3907
vn -0.3290 -0.3071 0.8930
vn -0.8520 0.5233 -0.0177
vn -0.9907 -0.1357 0.0063
vn -0.6822 -0.7309 -0.0184
vn -0.1685 -0.9155 0.3652
vn 0.4184 -0.9082 0.0098
vn -0.3297 0.8455 0.4201
vn -0.0391 0.7274 0.6851
vn -0.2875 0.5925 0.7525
vn -0.5228 0.2958 0.7995
vn -0.0908 0.1589 0.9831
vn 0.1826 -0.2650 0.9468
vn -0.1528 -0.8744 0.4605
vn 0.0303 -0.1751 0.9841
vn -0.4963 -0.2879 0.8190
vn -0.0949 -0.0037 0.9955
vn 0.1478 -0.3584 0.9218
vn 0.1733 -0.2703 0.9471
vn 0.3178 -0.6268 0.7114
vn 0.1668 -0.8959 0.4117
vn 0.2478 -0.3203 0.9143
vn 0.5278 0.4741 0.7048
vn 0.2266 0.2769 0.9338
vn 0.1450 0.8955 0.4209
vn 0.0779 0.3222 0.9435
vn 0.2900 0.1664 0.9424
vn 0.7199 0.1533 0.6770
vn 0.6588 -0.2827 0.6972
vn 0.7252 -0.0980 0.6815
vn 0.2548 -0.2120 0.9435
vn -0.0775 0.9028 0.4229
vn 0.0527 0.3868 0.9207
vn 0.3461 -0.9379 -0.0238
vn 0.4281 -0.9037 -0.0034
vn 0.8908 -0.4544 0.0050
vn 0.9107 -0.4130 0.0034
vn 0.9553 0.2955 0.0084
vn 0.9847 0.1741 -0.0015
vn 0.7241 0.6893 -0.0229
vn 0.5860 0.8103 0.0060
vn 0.0451 0.9986 -0.0283
vn 0.1333 -0.3981 0.9076
vn 0.1764 -0.3536 0.9186
vn 0.2428 -0.3762 0.8941
vn 0.3285 -0.3845 0.8627
vn 0.2434 0.0200 0.9697
vn 0.3411 0.0507 0.9387
vn 0.3246 0.0862 0.9419
vn 0.2267 0.4497 0.8640
vn 0.1675 0.4181 0.8928
vn 0.0442 0.0074 0.9990
vn 0.0443 0.3595 0.9321
vn 0.2138 0.2602 0.9416
vn 0.3058 0.0854 0.9483
vn 0.0197 0.0218 0.9996
vn 0.3904 -0.0036 0.9206
vn 0.0145 0.0410 0.9991
vn 0.4318 0.1017 0.8962
vn -0.3356 0.2262 0.9144
vn 0.4428 0.1815 0.8781
vn -0.2003 0.0317 0.9792
vn 0.0607 0.3416 0.9379
vn 0.0518 -0.0736 0.9959
vn -0.3562 0.3988 0.8450
vn -0.3779 0.3591 0.8534
vn 0.3779 0.0483 0.9246
vn 0.3265 0.0954 0.9404
vn -0.3769 0.2400 0.8946
vn -0.3608 0.1654 0.9179
vn 0.3213 0.0575 0.9452
vn -0.2965 0.1589 0.9417
vn -0.1951 0.2829 0.9391
vn -0.0388 0.3491 0.9363
vn 0.0870 0.3514 0.9322
vn -0.0163 0.0398 0.9991
vn -0.2676 -0.1755 0.9474
vn -0.3033 -0.0640 0.9508
vn -0.0047 0.4554 0.8903
vn -0.2721 -0.2664 0.9247
vn 0.0198 0.4453 0.8952
vn -0.2774 -0.1989 0.9399
vn -0.0685 0.4852 0.8717
vn -0.1001 0.5285 0.8430
vn -0.3068 0.1619 0.9379
vn -0.0825 -0.1463 0.9858
vn 0.1032 0.0242 0.9944
vn 0.0579 0.2302 0.9714
vn 0.0347 0.3379 0.9405
vn 0.0632 0.3815 0.9222
vn -0.1037 0.3219 0.9411
vn 0.0363 0.3335 0.9420
vn -0.2017 0.2867 0.9365
vn -0.3175 0.1238 0.9401
vn 0.1031 -0.3069 0.9461
vn 0.1531 -0.3499 0.9242
vn 0.1192 -0.2960 0.9477
vn 0.1507 -0.1994 0.9682
vn -0.2492 -0.2424 0.9376
vn -0.0017 0.1104 0.9939
vn 0.1455 -0.0781 0.9863
vn -0.2150 -0.2711 0.9382
vn -0.1367 0.1646 0.9768
vn 0.1007 -0.5103 0.8541
vn -0.3151 0.1035 0.9434
vn -0.3932 0.1406 0.9087
vn -0.3393 0.1790 0.9235
vn 0.1630 -0.4229 0.8914
vn -0.3227 0.1242 0.9383
vn 0.2061 -0.3644 0.9082
vn -0.3409 0.0273 0.9397
vn -0.0295 -0.0311 0.9991
vn -0.0312 -0.0190 0.9993
vn 0.1510 -0.3037 0.9407
vn -0.0297 -0.3421 0.9392
vn -0.1742 -0.2748 0.9456
vn -0.3240 -0.2380 0.9156
vn -0.2957 -0.3204 0.9000
vn 0.3847 0.0721 0.9202
vn 0.0553 -0.2075 0.9767
vn 0.4097 0.0042 0.9122
vn 0.3061 -0.0236 0.9517
vn -0.2423 -0.4077 0.8804
vn 0.1395 0.0623 0.9883
vn 0.1505 -0.3107 0.9385
vn -0.0317 0.0704 0.9970
vn 0.5369 -0.0817 0.8397
vn 0.1349 -0.2430 0.9606
vn 0.1160 -0.2208 0.9684
vn 0.4352 -0.0132 0.9002
vn -0.2793 -0.2885 0.9158
vn 0.4289 0.0665 0.9009
vn -0.1986 -0.2597 0.9450
vn 0.3601 0.0402 0.9320
vn -0.2385 -0.4856 0.8410
vn 0.1846 -0.2866 0.9401
vn 0.0111 -0.0384 0.9992
vn 0.3407 -0.0482 0.9389
vn 0.2635 -0.1951 0.9447
vn 0.1901 -0.2982 0.9354
vn -0.0048 -0.2603 0.9655
vn 0.1177 -0.2838 0.9516
vn 0.2844 -0.1712 0.9433
vn 0.3122 -0.0416 0.9491
vn -0.1363 -0.3094 0.9411
vn 0.0104 -0.2972 0.9548
vn -0.0213 0.0181 0.9996
vn 0.2319 0.1730 0.9572
vn -0.0010 0.0460 0.9989
vn 0.0160 0.0398 0.9991
vn 0.0214 0.0512 0.9985
vn 0.2387 -0.0034 0.9711
vn -0.2479 0.1985 0.9482
vn 0.2747 0.0149 0.9614
vn 0.2917 0.8848 0.3633
vn 0.1406 0.5462 0.8257
vn 0.3305 0.8652 0.3772
vn 0.3571 0.8410 0.4064
vn 0.1447 0.9052 0.3996
vn -0.8433 0.3683 0.3915
vn -0.6811 0.6218 0.3866
vn -0.2948 0.8615 0.4135
vn -0.5182 0.2170 0.8273
vn -0.8636 0.2867 0.4147
vn -0.8865 0.2355 0.3984
vn 0.4059 0.8364 0.3684
vn 0.2344 0.9720 -0.0177
vn 0.4307 0.9025 -0.0000
vn -0.4352 0.9003 0.0063
vn -0.9061 0.4226 -0.0187
vn -0.9271 -0.1176 0.3559
vn -0.7369 -0.6757 0.0192
vn 0.9329 -0.0000 0.3600
vn 0.9175 -0.0291 0.3966
vn 0.9140 -0.0715 0.3993
vn 0.9045 0.1330 0.4052
vn 0.0981 0.9203 0.3787
vn 0.3751 0.8477 0.3750
vn 0.7375 0.5463 0.3970
vn 0.1467 0.7650 0.6271
vn 0.0467 0.5577 0.8287
vn -0.0022 0.9110 0.4124
vn -0.0559 0.9053 0.4212
vn 0.9213 -0.1245 0.3683
vn 0.2826 -0.0505 0.9579
vn 0.9968 0.0774 -0.0177
vn 0.9914 -0.1307 -0.0000
vn 0.7217 0.6921 0.0063
vn 0.1220 0.9923 -0.0193
vn -0.0996 0.9272 0.3612
vn -0.0960 0.9954 -0.0000
vn 0.2576 -0.8852 0.3874
vn 0.2301 -0.8959 0.3801
vn 0.3308 -0.6255 0.7067
vn 0.6618 -0.2640 0.7017
vn 0.7004 0.1265 0.7024
vn 0.7781 0.0994 0.6203
vn 0.5439 0.1223 0.8302
vn 0.8723 0.2773 0.4027
vn 0.8486 0.3366 0.4082
vn 0.1522 -0.9183 0.3655
vn 0.3817 -0.9241 -0.0178
vn 0.1821 -0.9833 -0.0000
vn 0.4783 -0.8782 -0.0057
vn 0.8818 -0.4715 0.0047
vn 0.9237 -0.3829 -0.0090
vn 0.9817 0.1894 -0.0216
vn 0.9820 0.1886 -0.0048
vn 0.8500 0.3844 0.3601
vn 0.9170 0.3989 -0.0000
vn -0.7546 -0.5462 0.3637
vn -0.4336 -0.3663 0.8233
vn -0.7713 -0.5129 0.3769
vn -0.5609 -0.4574 0.6900
vn -0.7858 -0.4759 0.3950
vn -0.6521 -0.6400 0.4064
vn 0.4657 -0.7936 0.3915
vn 0.1856 -0.9034 0.3865
vn -0.2756 -0.8755 0.3969
vn 0.3390 -0.7121 0.6148
vn 0.2823 -0.4796 0.8308
vn 0.5347 -0.7434 0.4019
vn 0.5736 -0.7195 0.3915
vn -0.9055 -0.1369 0.4017
vn -0.7610 -0.6486 -0.0177
vn -0.9160 0.4001 0.0288
vn -0.1771 -0.9842 0.0063
vn 0.4846 -0.8745 -0.0193
vn 0.6283 -0.6911 0.3573
vn 0.6627 -0.7488 -0.0000
vn -0.5393 -0.4756 0.6950
vn -0.7896 -0.4413 0.4263
vn -0.6287 -0.3284 0.7049
vn -0.8708 -0.2520 0.4222
vn -0.2441 -0.6607 0.7099
vn 0.1396 -0.6998 0.7006
vn 0.5956 -0.4050 0.6937
vn 0.8987 0.1165 0.4228
vn 0.8352 0.3657 0.4106
vn 0.7343 0.5293 0.4250
vn 0.3178 0.5667 0.7602
vn -0.2323 0.8409 0.4888
vn -0.7776 0.4578 0.4310
vn -0.6548 0.0395 0.7547
vn 0.9639 0.2645 -0.0308
vn 0.6997 0.7140 -0.0246
vn 0.2980 0.9545 -0.0063
vn -0.0333 0.9993 0.0190
vn -0.7708 0.6369 0.0139
vn -0.9931 -0.1138 -0.0286
vn 0.7289 -0.5400 0.4209
vn 0.8851 -0.1390 0.4441
vn 0.5174 0.2895 0.8053
vn 0.0876 0.8828 0.4616
vn -0.4912 0.7523 0.4391
vn -0.6255 0.3205 0.7114
vn -0.6626 0.6263 0.4107
vn -0.1486 -0.6936 0.7049
vn 0.4089 -0.8097 0.4209
vn -0.4921 -0.5474 0.6769
vn -0.6990 -0.1588 0.6972
vn -0.6443 -0.3471 0.6815
vn 0.6118 -0.6859 0.3941
vn -0.8313 0.5553 -0.0239
vn -0.8776 0.4794 -0.0034
vn -0.9878 -0.1559 0.0050
vn -0.9796 -0.2012 0.0033
vn -0.5992 -0.8005 0.0084
vn -0.6937 -0.7202 -0.0015
vn -0.1809 -0.9832 -0.0234
vn 0.0022 -1.0000 0.0059
vn 0.5504 -0.8344 -0.0286
vn -0.6535 -0.6239 0.4286
vn -0.7089 -0.0112 0.7052
vn -0.6476 0.3147 0.6940
vn -0.5621 0.4311 0.7058
vn -0.2827 0.8644 0.4159
vn 0.1650 0.8947 0.4152
vn -0.4684 -0.7790 0.4169
vn -0.3015 -0.8497 0.4325
vn 0.1586 -0.8935 0.4201
vn 0.6221 -0.6348 0.4583
vn 0.8786 -0.1551 0.4517
vn 0.8060 0.3898 0.4454
vn 0.4837 0.7766 0.4036
vn 0.3834 0.8274 0.4104
vn -0.6446 -0.7641 -0.0255
vn -0.1562 -0.9875 -0.0228
vn 0.6152 -0.7881 0.0212
vn 0.9988 -0.0442 0.0194
vn 0.7216 0.6920 -0.0202
vn 0.2732 0.9616 -0.0254
vn 0.7013 0.1064 0.7049
vn 0.8998 -0.1075 0.4229
vn 0.8719 -0.2650 0.4119
vn -0.6486 0.3211 0.6901
vn -0.7996 0.4319 0.4173
vn -0.3968 0.5858 0.7066
vn -0.2730 0.6539 0.7056
vn -0.0525 0.7166 0.6955
vn 0.1104 0.6986 0.7070
vn 0.2812 0.6726 0.6845
vn 0.4614 0.5545 0.6926
vn -0.8946 0.1872 0.4058
vn -0.9073 0.0232 0.4199
vn -0.5875 -0.2174 0.7795
vn -0.3661 -0.8078 0.4620
vn 0.2003 -0.8750 0.4407
vn 0.5188 -0.3999 0.7556
vn -0.9260 0.3766 -0.0252
vn -0.9924 -0.1199 -0.0294
vn -0.8289 -0.5594 -0.0082
vn -0.7311 -0.6822 0.0079
vn -0.1681 -0.9857 0.0104
vn 0.4593 -0.8882 0.0111
vn 0.6626 -0.7490 0.0085
vn 0.8951 -0.4454 -0.0220
vn 0.5696 0.8219 -0.0000
vn 0.5732 0.8194 0.0082
vn 0.4424 0.8968 -0.0066
vn 0.4958 0.8684 0.0013
vn 0.3337 0.9424 0.0250
vn 0.2381 0.9712 0.0035
vn 0.1614 0.9869 -0.0024
vn 0.0755 0.9971 0.0024
vn -0.0066 0.9999 -0.0080
vn -0.1101 0.9929 -0.0441
vn -0.9984 0.0572 -0.0000
vn -0.9986 0.0528 -0.0082
vn -0.9790 0.2036 0.0066
vn -0.9896 0.1439 -0.0013
vn -0.9464 0.3224 -0.0188
vn -0.9093 0.4158 0.0145
vn -0.8532 0.5213 -0.0145
vn -0.7965 0.6043 0.0188
vn -0.7162 0.6978 -0.0066
vn -0.6727 0.7399 0.0013
vn -0.6021 0.7983 0.0082
vn -0.6057 0.7957 -0.0000
vn 0.9895 -0.1392 0.0376
vn 0.9993 -0.0354 -0.0100
vn 0.9964 0.0825 0.0207
vn 0.9821 0.1882 0.0070
vn 0.9639 0.2662 0.0099
vn 0.9212 0.3890 0.0070
vn 0.9077 0.4196 0.0001
vn 0.8431 0.5377 0.0064
vn 0.8413 0.5406 -0.0000
vn -0.3629 -0.9318 -0.0000
vn -0.3661 -0.9306 0.0064
vn -0.4932 -0.8699 -0.0015
vn -0.5216 -0.8532 0.0006
vn -0.6663 -0.7457 -0.0022
vn -0.6906 -0.7232 -0.0051
vn -0.8167 -0.5770 0.0054
vn -0.7801 -0.6257 -0.0067
vn -0.8862 -0.4632 -0.0109
vn -0.9116 -0.4111 0.0013
vn -0.9453 -0.3260 0.0082
vn -0.9439 -0.3301 -0.0000
vn 0.6811 0.7322 0.0053
vn 0.5021 0.8645 -0.0256
vn 0.3236 0.9462 0.0070
vn 0.9235 0.3835 0.0016
vn 0.7873 0.6165 -0.0090
vn 0.9518 0.3067 -0.0080
vn 0.9993 -0.0361 0.0019
vn 0.9962 -0.0870 -0.0036
vn 0.8843 -0.4668 0.0060
vn 0.8665 -0.4987 -0.0196
vn 0.5305 -0.8477 0.0080
vn 0.6343 -0.7730 -0.0050
vn 0.1072 -0.9942 0.0091
vn 0.3059 -0.9520 -0.0138
vn -0.3236 -0.9462 0.0070
vn -0.0888 -0.9959 -0.0145
vn -0.6811 -0.7322 0.0053
vn -0.5021 -0.8645 -0.0256
vn -0.9235 -0.3835 0.0016
vn -0.7873 -0.6165 -0.0090
vn -0.9518 -0.3067 -0.0080
vn -0.9993 0.0361 0.0019
vn -0.9962 0.0870 -0.0036
vn -0.8843 0.4668 0.0060
vn -0.8665 0.4987 -0.0196
vn -0.5305 0.8477 0.0080
vn -0.6343 0.7730 -0.0050
vn -0.1072 0.9942 0.0091
vn -0.3059 0.9520 -0.0138
vn 0.0888 0.9959 -0.0145
vn -0.4751 0.8793 -0.0334
vn -0.9085 0.4169 -0.0281
vn -0.9626 0.2706 0.0124
vn -0.9145 -0.4045 -0.0098
vn -0.8402 -0.5421 0.0110
vn -0.1742 -0.9844 -0.0242
vn 0.8938 -0.4479 -0.0251
vn 0.9422 0.3347 0.0179
vn 0.8332 0.5529 -0.0123
vn 0.3735 0.9275 0.0157
vn -0.4125 0.9106 -0.0272
vn 0.9990 0.0376 -0.0256
vn 0.9913 0.1319 -0.0037
vn -0.4585 0.8887 0.0047
vn -0.4059 0.9139 -0.0037
vn 0.1738 0.9848 0.0064
vn 0.1758 0.9844 -0.0000
vn 0.6973 0.7168 -0.0032
vn 0.7347 0.6784 0.0043
vn -0.7623 -0.6466 -0.0283
vn -0.7821 -0.6232 0.0027
vn 0.9527 -0.3038 0.0067
vn 0.8348 -0.5503 -0.0172
vn 0.5992 -0.8004 0.0156
vn 0.2272 -0.9738 -0.0124
vn -0.1229 -0.9923 0.0179
vn -0.3680 -0.9296 0.0214
vn -0.9868 -0.1620 0.0043
vn -0.9978 -0.0657 -0.0114
vn -0.8841 0.4672 0.0103
vn -0.7883 0.6152 -0.0138
vn -0.4158 0.9094 0.0091
vn -0.6689 0.6451 0.3692
vn -0.7253 0.6885 -0.0000
vn 0.0043 -0.0050 1.0000
vn -0.0000 -0.0000 1.0000
vn -0.0079 0.0039 1.0000
vn 0.0069 0.0007 1.0000
vn -0.0128 -0.0072 0.9999
vn 0.0006 0.0035 1.0000
vn -0.0053 0.0060 1.0000
vn 0.0018 -0.0041 1.0000
vn -0.0047 -0.0092 0.9999
vn 0.0003 0.0073 1.0000
vn 0.0056 0.0062 1.0000
vn -0.0063 -0.0059 1.0000
vn 0.0001 -0.0158 0.9999
vn -0.0009 0.0003 1.0000
vn -0.0043 -0.0046 1.0000
vn 0.0010 -0.0001 1.0000
vn 0.0061 0.0124 0.9999
vn 0.7741 -0.6331 -0.0000
vn 0.7719 -0.6357 0.0064
vn 0.6749 -0.7379 -0.0015
vn 0.6502 -0.7597 0.0006
vn 0.5033 -0.8641 -0.0022
vn 0.4719 -0.8816 0.0022
vn 0.3060 -0.9520 -0.0006
vn 0.2686 -0.9631 0.0135
vn 0.1389 -0.9894 0.0413
vn -0.0000 -0.0000 -1.0000
vn -0.0002 -0.0000 -1.0000
vn -0.0000 0.0001 -1.0000
vn -0.0000 -0.0001 -1.0000
vn 0.9999 -0.0139 -0.0058
vn 0.9932 -0.1165 0.0070
vn 0.9755 -0.2198 -0.0054
vn 0.9417 -0.3364 0.0060
vn 0.9932 0.1161 0.0047
vn 0.9871 0.1601 -0.0006
vn 0.9459 0.3244 0.0005
vn 0.9426 0.3338 0.0022
vn 0.8552 0.5182 -0.0022
vn 0.8447 0.5352 0.0022
vn 0.7185 0.6955 -0.0022
vn 0.7045 0.7097 0.0022
vn 0.5519 0.8339 -0.0020
vn 0.5295 0.8483 0.0034
vn 0.3943 0.9190 -0.0030
vn 0.3381 0.9411 0.0045
vn 0.2335 0.9724 -0.0038
vn 0.1678 0.9858 0.0039
vn 0.0682 0.9977 -0.0039
vn 0.0012 1.0000 0.0038
vn -0.1079 0.9942 -0.0045
vn -0.1677 0.9858 0.0030
vn -0.3157 0.9489 -0.0034
vn -0.3408 0.9401 0.0020
vn -0.5182 0.8552 -0.0022
vn -0.5352 0.8447 0.0022
vn -0.6955 0.7185 -0.0022
vn -0.7097 0.7045 0.0022
vn -0.8339 0.5519 -0.0020
vn -0.8483 0.5295 0.0034
vn -0.9190 0.3943 -0.0030
vn -0.9411 0.3381 0.0045
vn -0.9724 0.2335 -0.0038
vn -0.9858 0.1678 0.0039
vn -0.9977 0.0682 -0.0039
vn -1.0000 0.0012 0.0038
vn -0.9942 -0.1079 -0.0045
vn -0.9858 -0.1677 0.0030
vn -0.9489 -0.3157 -0.0034
vn -0.9401 -0.3408 0.0020
vn -0.8552 -0.5182 -0.0022
vn -0.8447 -0.5352 0.0022
vn -0.7185 -0.6955 -0.0022
vn -0.7045 -0.7097 0.0022
vn -0.5457 -0.8380 -0.0022
vn -0.5289 -0.8487 0.0022
vn -0.3455 -0.9384 -0.0022
vn -0.3361 -0.9418 -0.0005
vn -0.1297 -0.9915 -0.0046
vn -0.1712 -0.9852 0.0006
vn -0.0007 -1.0000 0.0041
vn 0.0968 -0.9953 -0.0059
vn 0.1677 -0.9858 0.0030
vn 0.3157 -0.9489 -0.0034
vn 0.3408 -0.9401 0.0020
vn 0.5182 -0.8552 -0.0022
vn 0.5352 -0.8447 0.0022
vn 0.6955 -0.7185 -0.0022
vn 0.7097 -0.7045 0.0022
vn 0.8339 -0.5519 -0.0020
vn 0.8477 -0.5305 0.0032
vn 0.9194 -0.3932 -0.0028
vn 0.0001 -0.0001 -1.0000
vn -0.0000 -0.0002 -1.0000
vn -0.0000 -0.0003 -1.0000
vn -0.0001 -0.0003 -1.0000
vn -0.0001 -0.0004 -1.0000
vn -0.0002 -0.0005 -1.0000
vn -0.0000 -0.0004 -1.0000
vn -0.0001 -0.0001 -1.0000
vn -0.0002 -0.0001 -1.0000
vn 0.7924 0.2374 0.5619
vn 0.6797 0.4046 -0.6118
vn 0.8207 0.0768 -0.5661
vn 0.8352 -0.1233 0.5360
vn 0.8282 -0.0889 -0.5534
vn 0.7561 -0.3612 -0.5458
vn 0.5637 -0.5264 0.6365
vn 0.4875 -0.6155 -0.6193
vn 0.2688 -0.7412 0.6151
vn 0.1620 -0.7585 -0.6312
vn -0.0936 -0.8299 0.5501
vn -0.1655 -0.7365 0.6558
vn -0.4384 -0.6931 0.5722
vn -0.3050 -0.7715 -0.5584
vn -0.5868 -0.5719 -0.5732
vn -0.6990 -0.4165 0.5813
vn -0.7528 -0.2728 -0.5990
vn -0.7748 -0.0209 0.6318
vn -0.7746 0.1072 -0.6233
vn -0.7645 0.3322 0.5525
vn -0.7345 0.3738 0.5664
vn -0.5879 0.6038 0.5383
vn -0.5237 0.6840 -0.5079
vn -0.2553 0.7916 0.5552
vn -0.1900 0.8391 -0.5098
vn 0.1508 0.8518 0.5017
vn 0.1517 0.8244 -0.5452
vn 0.5122 0.6414 0.5712
vn 0.4883 0.7216 -0.4908
vn 0.7257 0.3620 -0.5851
vn 0.8271 0.2872 0.4832
vn 0.8112 -0.0916 0.5775
vn 0.8763 -0.0613 -0.4779
vn 0.7298 -0.4202 -0.5393
vn 0.6848 -0.5178 0.5128
vn 0.4108 -0.7382 0.5351
vn 0.3810 -0.7826 -0.4923
vn 0.0416 -0.8541 0.5185
vn 0.0169 -0.8423 -0.5388
vn -0.2985 -0.7818 0.5475
vn -0.3946 -0.7506 -0.5300
vn -0.6200 -0.5487 0.5608
vn -0.7196 -0.4905 -0.4915
vn -0.8250 -0.1443 0.5464
vn -0.8152 -0.2322 -0.5306
vn -0.8058 0.1394 -0.5756
vn -0.8353 0.2576 0.4857
vn -0.6017 0.5377 0.5907
vn -0.6524 0.5908 -0.4747
vn -0.5907 0.5967 -0.5432
vn -0.3202 0.7735 -0.5469
vn -0.1732 0.7852 0.5945
vn 0.0665 0.8370 -0.5431
vn 0.2211 0.7894 0.5727
vn 0.4337 0.7264 -0.5331
vn 0.5228 0.5886 0.6167
vn 0.7514 0.3678 -0.5478
vn 0.8047 0.3193 0.5005
vn 0.7878 -0.0811 0.6106
vn 0.8559 0.0582 -0.5138
vn 0.7672 -0.2672 -0.5831
vn 0.6554 -0.4377 0.6155
vn 0.5038 -0.6340 -0.5868
vn 0.4330 -0.7611 0.4829
vn 0.1517 -0.8030 0.5764
vn 0.0461 -0.8357 -0.5472
vn -0.2805 -0.7812 0.5577
vn -0.2828 -0.8363 -0.4697
vn -0.5543 -0.5958 -0.5811
vn -0.6641 -0.5736 0.4794
vn -0.7895 -0.2473 0.5617
vn -0.8545 -0.1702 -0.4909
vn -0.8422 0.1500 0.5178
vn -0.8341 0.1960 -0.5156
vn -0.6685 0.5050 0.5459
vn -0.6729 0.5555 -0.4884
vn -0.5773 0.5429 -0.6099
vn -0.2697 0.6313 -0.7272
vn 0.0183 0.7388 0.6737
vn -0.2407 0.7276 0.6424
vn 0.1395 0.8051 0.5766
vn 0.0045 0.8496 -0.5274
vn 0.3470 0.7447 -0.5702
vn 0.5123 0.6388 0.5740
vn 0.6492 0.5131 -0.5614
vn 0.7142 0.3457 0.6086
vn 0.8023 0.1508 -0.5776
vn 0.8047 -0.0576 0.5909
vn 0.7613 -0.3145 -0.5671
vn 0.7778 -0.4032 0.4822
vn 0.5546 -0.6136 0.5620
vn 0.4848 -0.7329 -0.4774
vn 0.4562 -0.6526 -0.6050
vn 0.2131 -0.8107 -0.5453
vn 0.0204 -0.7796 0.6259
vn -0.1476 -0.7648 -0.6272
vn -0.3645 -0.7121 0.6000
vn -0.5957 -0.6057 -0.5275
vn -0.6194 -0.6001 0.5062
vn -0.7813 -0.3294 0.5301
vn -0.8092 -0.2603 -0.5267
vn -0.8196 0.0936 0.5653
vn -0.8699 0.1001 -0.4830
vn -0.7140 0.4352 -0.5484
vn -0.5837 0.5332 0.6124
vn -0.3692 0.7318 -0.5728
vn -0.3028 0.8160 0.4924
vn 0.0729 0.8260 0.5589
vn 0.0166 0.8676 -0.4970
vn 0.3257 0.7666 -0.5533
vn 0.4282 0.7268 0.5370
vn 0.4134 0.7322 -0.5413
vn 0.6528 0.4764 -0.5889
vn 0.7442 0.2814 0.6058
vn 0.8463 0.0725 -0.5277
vn 0.8508 -0.0092 0.5253
vn 0.7848 -0.3190 0.5313
vn 0.8058 -0.2684 -0.5279
vn 0.6020 -0.5560 -0.5731
vn 0.5606 -0.6853 0.4649
vn 0.5250 -0.6739 -0.5198
vn 0.2408 -0.8400 -0.4863
vn 0.0845 -0.7905 0.6066
vn -0.1629 -0.8426 -0.5133
vn -0.2787 -0.7696 0.5745
vn -0.4709 -0.6633 -0.5816
vn -0.6039 -0.4748 0.6401
vn -0.7286 -0.3414 -0.5938
vn -0.7613 -0.1656 0.6269
vn -0.8308 0.1147 -0.5447
vn -0.8541 0.1816 0.4875
vn -0.6180 0.4996 0.6070
vn -0.7470 0.4427 -0.4960
vn -0.4579 0.6606 -0.5949
vn -0.2826 0.7435 0.6061
vn -0.0810 0.8049 -0.5878
vn 0.1126 0.7795 0.6162
vn 0.4239 0.7657 -0.4838
vn 0.4883 0.6979 0.5239
vn 0.6919 0.4769 0.5421
vn 0.6876 0.5083 -0.5185
vn 0.8074 0.1031 0.5809
vn 0.8412 0.1987 -0.5029
vn 0.8226 -0.0072 0.5685
vn 0.7609 -0.3341 0.5562
vn 0.8109 -0.2790 -0.5143
vn 0.5965 -0.6015 0.5314
vn 0.5866 -0.6263 -0.5135
vn 0.2294 -0.7883 0.5710
vn 0.2521 -0.8352 -0.4887
vn 0.1779 -0.7642 -0.6199
vn -0.1299 -0.6831 -0.7187
vn -0.3827 -0.6029 0.7001
vn -0.2226 -0.7402 0.6344
vn -0.5706 -0.6008 0.5599
vn -0.5056 -0.7002 -0.5041
vn -0.7055 -0.4167 -0.5733
vn -0.7711 -0.2650 0.5789
vn -0.8270 -0.0503 -0.5599
vn -0.7814 0.1325 0.6098
vn -0.7309 0.3898 -0.5602
vn -0.7100 0.5042 0.4916
vn -0.4779 0.6739 0.5635
vn -0.4033 0.7435 -0.5335
vn -0.0411 0.8080 0.5878
vn -0.0291 0.8956 -0.4440
vn 0.0428 0.8991 -0.4357
vn 0.3338 0.7859 -0.5205
vn 0.4496 0.6616 0.6000
vn 0.6284 0.5654 -0.5343
vn 0.6987 0.4203 0.5790
vn 0.8324 0.0829 -0.5479
vn 0.8507 0.1907 0.4899
vn 0.7900 -0.2454 0.5618
vn 0.8085 -0.3182 -0.4951
vn 0.6008 -0.6173 0.5079
vn 0.6316 -0.5725 -0.5229
vn 0.2938 -0.8272 0.4790
vn 0.3235 -0.7779 -0.5388
vn 0.3247 -0.9445 0.0490
vn -0.1881 -0.8410 0.5073
vn -0.0831 -0.8435 -0.5306
vn -0.4979 -0.6794 0.5390
vn -0.5417 -0.6734 -0.5031
vn -0.7250 -0.3899 0.5677
vn -0.7878 -0.3318 -0.5190
vn -0.8633 -0.0304 0.5038
vn -0.8376 0.0966 -0.5376
vn -0.7314 0.3837 0.5638
vn -0.7304 0.4555 -0.5090
vn -0.4062 0.7194 0.5634
vn -0.5077 0.7051 -0.4950
vn -0.0614 0.8459 0.5298
vn -0.1045 0.8519 -0.5132
vn 0.3401 0.7908 0.5089
vn 0.2558 0.8088 -0.5296
vn 0.6527 0.5734 0.4952
vn 0.5704 0.6271 -0.5305
vn 0.7416 0.6665 0.0767
vn 0.8307 0.1460 0.5372
vn 0.8331 0.2194 -0.5078
vn 0.8488 -0.1559 0.5052
vn 0.8150 -0.2521 -0.5218
vn 0.8771 -0.3303 -0.3488
vn 0.6519 -0.6009 -0.4626
vn 0.5730 -0.6137 0.5432
vn 0.3355 -0.7852 0.5205
vn 0.2611 -0.7763 -0.5738
vn -0.0646 -0.8391 0.5401
vn -0.1562 -0.8437 -0.5135
vn -0.4969 -0.7018 0.5105
vn -0.4418 -0.7368 -0.5118
vn -0.5636 -0.8247 -0.0475
vn -0.7799 -0.3888 -0.4906
vn -0.7732 -0.3480 0.5302
vn -0.8530 0.0420 0.5202
vn -0.8450 -0.0706 -0.5301
vn -0.7960 0.3308 0.5069
vn -0.7276 0.3916 -0.5633
vn -0.5068 0.6348 0.5832
vn -0.4742 0.7214 -0.5047
vn -0.1402 0.8344 0.5330
vn -0.0838 0.8250 -0.5589
vn 0.2291 0.8033 0.5498
vn 0.3071 0.7968 -0.5204
vn 0.6265 0.5872 0.5125
vn 0.6001 0.6174 -0.5087
vn 0.7046 0.6987 -0.1238
vn 0.8157 0.2476 -0.5228
vn 0.8361 0.1595 0.5248
vn 0.8364 -0.1877 0.5150
vn 0.8427 -0.1091 -0.5273
vn 0.6878 -0.5302 0.4957
vn 0.7045 -0.4648 -0.5363
vn 0.7883 -0.6139 0.0403
vn 0.2857 -0.8124 0.5084
vn 0.3898 -0.7510 -0.5330
vn -0.0036 -0.8612 0.5082
vn -0.0826 -0.8303 -0.5511
vn -0.3888 -0.7106 0.5864
vn -0.4678 -0.7112 -0.5247
vn -0.7117 -0.4557 0.5346
vn -0.7443 -0.3855 -0.5453
vn -0.8147 -0.0640 0.5764
vn -0.8689 0.0099 -0.4949
vn -0.8063 0.2959 0.5122
vn -0.7356 0.3975 -0.5485
vn -0.5412 0.6291 0.5580
vn -0.5211 0.6770 -0.5197
vn -0.1237 0.8412 0.5263
vn -0.2152 0.8150 -0.5381
vn 0.1848 0.8375 0.5143
vn 0.2272 0.8212 -0.5235
vn 0.2773 0.7740 -0.5692
vn 0.5621 0.6583 -0.5007
vn 0.5994 0.5425 0.5886
vn 0.4446 0.6731 -0.5910
vn 0.3205 0.7538 0.5737
vn 0.0882 0.7842 -0.6142
vn -0.1257 0.8032 0.5823
vn -0.3055 0.8074 -0.5048
vn -0.5862 0.5183 -0.6227
vn -0.4503 0.7131 0.5373
vn -0.7053 0.3807 0.5980
vn -0.8024 0.1567 -0.5759
vn -0.8363 0.0394 0.5469
vn -0.8486 -0.1381 -0.5106
vn -0.8120 -0.1228 -0.5706
vn -0.7548 -0.4060 -0.5152
vn -0.6850 -0.4748 0.5526
vn -0.6208 -0.5118 0.5938
vn -0.4383 -0.7635 0.4744
vn -0.2786 -0.7851 -0.5532
vn -0.0942 -0.8460 0.5248
vn 0.0913 -0.8059 -0.5850
vn 0.2748 -0.7795 0.5629
vn 0.4364 -0.7582 -0.4845
vn 0.6207 -0.6096 -0.4931
vn 0.6733 -0.5240 0.5216
vn 0.7930 -0.6031 0.0866
vn 0.8758 -0.1185 -0.4679
vn 0.8490 -0.1205 0.5145
vn 0.8182 0.2254 -0.5289
vn 0.8212 0.2267 0.5237
vn 0.5524 0.6074 -0.5710
vn 0.6776 0.5392 0.5001
vn 0.3603 0.7495 0.5554
vn 0.1575 0.8164 -0.5555
vn -0.0073 0.8132 0.5819
vn -0.2146 0.7915 -0.5722
vn -0.4009 0.7260 0.5588
vn -0.5364 0.6612 -0.5244
vn -0.7454 0.3298 -0.5793
vn -0.7062 0.4861 0.5148
vn -0.8619 0.2960 -0.4117
vn -0.8974 -0.1128 -0.4265
vn -0.7772 0.0175 0.6290
vn -0.7098 -0.4408 -0.5494
vn -0.7810 -0.3688 0.5041
vn -0.5184 -0.6691 0.5325
vn -0.3566 -0.7501 -0.5570
vn -0.1479 -0.8400 0.5220
vn 0.0170 -0.8266 -0.5625
vn 0.2209 -0.7852 0.5786
vn 0.3889 -0.7745 -0.4989
vn 0.6336 -0.4545 -0.6261
vn 0.5420 -0.6341 0.5514
vn 0.7289 -0.2765 0.6263
vn 0.8167 -0.0377 -0.5758
vn 0.8364 0.1616 0.5238
vn 0.7656 0.3055 -0.5661
vn 0.6177 0.5776 0.5336
vn 0.6333 0.6237 -0.4581
vn 0.2171 0.7894 -0.5742
vn 0.3303 0.8246 0.4592
vn 0.0026 0.8223 0.5691
vn -0.2356 0.7627 -0.6023
vn -0.4286 0.7011 0.5699
vn -0.5907 0.6411 -0.4900
vn -0.7699 0.3570 -0.5290
vn -0.7261 0.4501 0.5197
vn -0.8261 0.0948 0.5555
vn -0.8169 -0.1010 -0.5678
vn -0.7735 -0.2640 0.5763
vn -0.6569 -0.4574 -0.5994
vn -0.5234 -0.5802 0.6240
vn -0.4180 -0.7747 -0.4745
vn -0.0852 -0.8539 -0.5134
vn -0.1574 -0.8373 0.5236
vn 0.1907 -0.8147 0.5476
vn 0.3577 -0.7450 -0.5631
vn 0.5481 -0.6172 0.5645
vn 0.6523 -0.5981 -0.4657
vn 0.6256 -0.5441 -0.5591
vn 0.8030 -0.2620 -0.5353
vn 0.8055 -0.1626 0.5698
vn 0.8433 0.1307 -0.5214
vn 0.7994 0.2001 0.5665
vn 0.5942 0.6215 -0.5105
vn 0.7357 0.4290 0.5241
vn 0.4760 0.7392 0.4765
vn 0.3926 0.7583 -0.5204
vn 0.2328 0.7712 0.5925
vn -0.0521 0.7428 -0.6675
vn -0.1186 0.7081 0.6960
vn -0.4632 0.7525 -0.4681
vn -0.5191 0.5070 0.6881
vn -0.8468 0.4630 -0.2618
vn -0.7368 0.2250 0.6376
vn -0.3720 0.0648 0.9260
vn 0.6618 0.4663 0.5870
vn 0.7718 0.3002 -0.5605
vn 0.8186 0.1181 0.5622
vn 0.8567 -0.1170 -0.5024
vn 0.8300 -0.2064 0.5182
vn 0.6808 -0.5121 -0.5237
vn 0.6597 -0.5568 0.5047
vn 0.3187 -0.7950 0.5161
vn 0.3785 -0.7572 -0.5324
vn -0.0331 -0.8493 0.5269
vn 0.0332 -0.8541 -0.5190
vn -0.3788 -0.7786 0.5004
vn -0.2994 -0.8125 -0.5002
vn -0.3958 -0.6574 -0.6412
vn -0.5858 -0.4585 -0.6683
vn -0.6875 -0.3097 0.6568
vn -0.6381 -0.3709 0.6748
vn -0.8636 -0.0736 0.4988
vn -0.8445 -0.0559 -0.5326
vn -0.7693 0.2526 0.5869
vn -0.7853 0.3284 -0.5249
vn -0.5762 0.6210 0.5314
vn -0.5207 0.6578 -0.5441
vn -0.2554 0.7934 0.5526
vn -0.1543 0.8537 -0.4974
vn 0.1386 0.8444 0.5175
vn 0.2528 0.8001 -0.5440
vn 0.5180 0.6557 0.5493
vn 0.6057 0.6173 -0.5020
vn 0.8025 0.3091 0.5103
vn 0.7838 0.3507 -0.5125
vn 0.9210 0.3771 -0.0981
vn 0.8591 -0.1004 -0.5019
vn 0.8323 -0.1560 0.5319
vn 0.6865 -0.5061 0.5221
vn 0.7418 -0.4123 -0.5290
vn 0.4344 -0.7502 0.4985
vn 0.4778 -0.6891 -0.5449
vn 0.5061 -0.8608 0.0529
vn -0.0253 -0.8571 0.5145
vn 0.0594 -0.8439 -0.5333
vn -0.3571 -0.7721 0.5258
vn -0.4053 -0.7370 -0.5410
vn -0.6198 -0.5575 0.5523
vn -0.7323 -0.4950 -0.4678
vn -0.6963 -0.4386 -0.5681
vn -0.8406 -0.1142 -0.5294
vn -0.8644 -0.0054 0.5027
vn -0.7875 0.3364 0.5164
vn -0.8017 0.2361 -0.5491
vn -0.5834 0.6266 0.5168
vn -0.6212 0.5832 -0.5234
vn -0.2465 0.8145 0.5253
vn -0.2551 0.8296 -0.4967
vn 0.1980 0.8292 0.5227
vn 0.0841 0.8421 -0.5326
vn 0.4927 0.7052 0.5099
vn 0.5281 0.6449 -0.5525
vn 0.7217 0.3762 0.5810
vn 0.7839 0.3237 -0.5298
vn 0.8500 -0.0288 0.5260
vn 0.8356 -0.0932 -0.5414
vn 0.7470 -0.3794 0.5459
vn 0.7126 -0.4969 -0.4952
vn 0.5041 -0.6977 0.5090
vn 0.4098 -0.7086 -0.5744
vn 0.1061 -0.8317 0.5450
vn -0.0062 -0.8641 -0.5032
vn -0.3677 -0.7681 0.5242
vn -0.3007 -0.8040 -0.5130
vn -0.3945 -0.9180 -0.0407
vn -0.6900 -0.5397 -0.4823
vn -0.6914 -0.4839 0.5365
vn -0.8521 -0.1079 0.5122
vn -0.8143 -0.2376 -0.5296
vn -0.8581 0.1604 0.4877
vn -0.7909 0.2457 -0.5605
vn -0.6545 0.5205 0.5484
vn -0.5939 0.6354 -0.4936
vn -0.3518 0.7848 0.5102
vn -0.2289 0.8104 -0.5392
vn 0.0677 0.8357 0.5449
vn 0.1723 0.8512 -0.4957
vn 0.4979 0.7025 0.5084
vn 0.4635 0.7268 -0.5069
vn 0.5580 0.8229 -0.1069
vn 0.7452 0.4195 -0.5184
vn 0.7840 0.3304 0.5256
vn 0.8508 -0.0439 0.5237
vn 0.8450 0.0526 -0.5322
vn 0.7795 -0.3850 0.4942
vn 0.7805 -0.3182 -0.5381
vn 0.8946 -0.4449 0.0422
vn 0.4434 -0.7388 0.5075
vn 0.5176 -0.6717 -0.5299
vn 0.1644 -0.8419 0.5139
vn 0.0709 -0.8350 -0.5457
vn -0.2489 -0.7752 0.5807
vn -0.3536 -0.7918 -0.4981
vn -0.6024 -0.6029 0.5231
vn -0.6535 -0.5283 -0.5421
vn -0.7863 -0.2819 0.5498
vn -0.8612 -0.1842 -0.4737
vn -0.8127 -0.1341 -0.5671
vn -0.8219 0.2127 -0.5285
vn -0.8051 0.3187 0.5002
vn -0.6033 0.6003 0.5250
vn -0.6663 0.5047 -0.5490
vn -0.2915 0.7967 0.5294
vn -0.3740 0.7549 -0.5387
vn 0.0866 0.8518 0.5166
vn -0.0123 0.8397 -0.5430
vn 0.0654 0.9969 0.0437
vn 0.5122 0.6928 0.5076
vn 0.4173 0.7327 -0.5376
vn 0.7099 0.4736 0.5213
vn 0.7471 0.3861 -0.5411
vn 0.8161 0.0698 0.5737
vn 0.8581 -0.0123 -0.5134
vn 0.7544 -0.3835 0.5328
vn 0.8003 -0.3104 -0.5130
vn 0.9141 -0.3955 -0.0896
vn 0.5227 -0.6926 -0.4970
vn 0.4738 -0.7180 0.5098
vn 0.1387 -0.8444 0.5174
vn 0.1935 -0.8364 -0.5128
vn 0.1844 -0.9811 -0.0585
vn -0.2877 -0.8296 -0.4785
vn -0.3237 -0.7833 0.5307
vn -0.6235 -0.5748 0.5300
vn -0.5811 -0.6314 -0.5134
vn -0.7926 -0.2923 0.5351
vn -0.7785 -0.2659 -0.5686
vn -0.8069 0.0880 0.5841
vn -0.8316 0.1521 -0.5341
vn -0.6910 0.4831 0.5377
vn -0.6479 0.4915 -0.5820
vn -0.3743 0.7268 0.5760
vn -0.3375 0.7761 -0.5328
vn -0.0067 0.8469 0.5317
vn 0.0524 0.8113 -0.5823
vn 0.3426 0.7770 0.5281
vn 0.4348 0.7248 -0.5344
vn 0.4562 0.6731 -0.5821
vn 0.6661 0.5322 -0.5226
vn 0.7476 0.3281 0.5775
vn 0.7865 0.1721 -0.5931
vn 0.7693 0.0052 0.6389
vn 0.7959 -0.2601 -0.5468
vn 0.7650 -0.3701 0.5271
vn 0.5512 -0.5925 0.5875
vn 0.5457 -0.6502 -0.5286
vn 0.2353 -0.7512 0.6167
vn 0.1703 -0.8076 -0.5646
vn -0.1917 -0.7958 0.5744
vn -0.1603 -0.8418 -0.5154
vn -0.4347 -0.7212 -0.5393
vn -0.5748 -0.6004 0.5560
vn -0.5161 -0.6482 -0.5598
vn -0.7390 -0.3659 -0.5657
vn -0.7562 -0.1579 0.6350
vn -0.8317 0.0071 -0.5552
vn -0.7683 0.1946 0.6098
vn -0.7291 0.4650 -0.5023
vn -0.6008 0.5227 0.6048
vn -0.3792 0.7796 -0.4984
vn -0.3358 0.7750 0.5353
vn 0.0612 0.8171 0.5732
vn -0.0845 0.8409 -0.5345
vn -0.0278 0.9996 -0.0014
vn 0.3012 0.7987 -0.5209
vn 0.4276 0.6582 0.6196
vn 0.6032 0.5576 -0.5703
vn 0.6966 0.3982 0.5968
vn 0.8254 0.1941 -0.5300
vn 0.7923 0.0711 0.6059
vn 0.8041 -0.2984 -0.5141
vn 0.7842 -0.3318 0.5243
vn 0.5988 -0.5620 0.5706
vn 0.5534 -0.6555 -0.5139
vn 0.2349 -0.7652 0.5994
vn 0.3115 -0.8411 -0.4422
vn -0.0498 -0.8092 -0.5854
vn -0.2486 -0.7627 0.5971
vn -0.4613 -0.7062 -0.5371
vn -0.5246 -0.6115 0.5924
vn -0.7477 -0.3825 -0.5429
vn -0.7985 -0.3025 0.5205
vn -0.7973 0.0726 0.5991
vn -0.8849 0.0362 -0.4644
vn -0.7578 0.3917 -0.5218
vn -0.6967 0.4480 0.5602
vn -0.5570 0.6185 -0.5543
vn -0.3977 0.7237 0.5640
vn -0.1926 0.8184 -0.5414
vn -0.0310 0.8077 0.5888
vn 0.3012 0.7894 -0.5349
vn 0.3799 0.7550 0.5344
vn 0.5916 0.5465 0.5927
vn 0.6447 0.5565 -0.5241
vn 0.6792 0.5025 -0.5350
vn 0.8320 0.1912 -0.5207
vn 0.8196 0.0159 0.5728
vn 0.8454 -0.1824 -0.5020
vn 0.7706 -0.3244 0.5486
vn 0.8280 -0.2375 -0.5080
vn 0.7162 -0.4956 -0.4914
vn 0.4637 -0.5614 0.6854
vn 0.3776 -0.7298 -0.5700
vn 0.1678 -0.7719 0.6132
vn -0.0766 -0.9182 0.3886
vn -0.0938 -0.7846 -0.6128
vn -0.2326 -0.5927 0.7711
vn -0.4708 -0.6923 -0.5468
vn -0.4953 -0.3300 0.8036
vn -0.6856 -0.4085 -0.6026
vn -0.9596 -0.2639 0.0975
vn -0.6524 -0.0381 -0.7569
vn -0.3122 -0.0195 0.9498
vn 0.7662 -0.6427 -0.0004
vn 0.6716 -0.5922 0.4452
vn 0.4332 -0.9013 -0.0005
vn 0.2240 -0.8482 0.4801
vn -0.0410 -0.7555 -0.6539
vn -0.2020 -0.9794 0.0020
vn -0.4112 -0.6344 -0.6546
vn -0.6658 -0.7461 0.0018
vn -0.8896 -0.4567 -0.0016
vn -0.9464 -0.3230 0.0016
vn -0.9989 0.0467 -0.0017
vn -0.9830 0.1833 0.0016
vn -0.8431 0.5378 -0.0017
vn -0.7663 0.6425 0.0015
vn -0.4635 0.8861 -0.0014
vn -0.3521 0.9360 0.0015
vn 0.0298 0.7560 -0.6539
vn 0.1623 0.9867 0.0017
vn 0.4017 0.6407 -0.6544
vn 0.5981 0.7982 0.0725
vn 0.8731 0.4875 -0.0005
vn 0.8369 0.5097 0.1996
vn 0.9956 0.0934 -0.0004
vn 0.8442 0.2137 0.4916
vn 0.8553 -0.2064 0.4753
vn 0.7011 0.4891 -0.5189
vn 0.6846 0.5745 0.4486
vn 0.4326 0.8342 0.3419
vn 0.3295 0.9422 0.0602
vn -0.3523 0.8343 0.4241
vn -0.0396 0.9919 0.1210
vn -0.2063 0.7685 -0.6057
vn -0.6390 0.6898 -0.3403
vn -0.7413 0.6057 0.2893
vn -0.8221 0.3854 -0.4190
vn -0.9167 0.3989 0.0209
vn -0.8848 0.1336 0.4464
vn -0.9203 -0.0340 -0.3897
vn -0.9282 -0.2023 0.3122
vn -0.8392 -0.4541 -0.2991
vn -0.7348 -0.6091 0.2984
vn -0.5273 -0.7740 -0.3504
vn -0.5155 -0.8568 0.0163
vn -0.1949 -0.9032 0.3823
vn -0.0359 -0.8480 -0.5287
vn 0.2565 -0.8990 -0.3549
vn 0.1026 -0.8494 0.5177
vn 0.4059 -0.8112 0.4210
vn 0.6776 -0.5935 -0.4343
vn 0.5623 -0.6611 0.4967
vn 0.6895 -0.5286 -0.4951
vn 0.8346 -0.3790 0.3999
vn 0.9060 -0.2213 -0.3608
vn 0.9566 -0.0383 0.2888
vn 0.9349 0.2008 -0.2925
vn 0.8606 0.4030 0.3114
vn 0.7176 0.5803 -0.3850
vn 0.7067 0.6839 -0.1811
vn 0.4368 0.7642 0.4745
vn 0.2651 0.9642 -0.0093
vn -0.0332 0.9015 -0.4315
vn -0.0634 0.8830 0.4651
vn -0.4808 0.7725 -0.4149
vn -0.3223 0.8320 0.4515
vn -0.5975 0.7998 -0.0577
vn -0.7016 0.5145 0.4930
vn -0.8801 0.4628 -0.1058
vn -0.9069 0.1929 0.3747
vn -0.8775 0.0192 -0.4793
vn -0.9987 -0.0423 0.0275
vn -0.8532 -0.2948 0.4303
vn -0.7917 -0.4105 -0.4524
vn -0.8573 -0.5004 -0.1212
vn -0.6356 -0.6665 0.3895
vn -0.4670 -0.8160 -0.3407
vn -0.2920 -0.9261 0.2389
vn -0.0642 -0.9563 -0.2853
vn 0.1542 -0.9154 0.3719
vn 0.3077 -0.7865 -0.5354
vn 0.3868 -0.8235 -0.4149
vn 0.6129 -0.7055 0.3558
vn 0.7503 -0.5367 -0.3860
vn 0.8442 -0.4181 0.3355
vn 0.9389 -0.2056 -0.2760
vn 0.9603 -0.0157 0.2786
vn 0.8882 0.1595 -0.4308
vn 0.9738 0.2268 0.0154
vn 0.7705 0.4469 0.4545
vn 0.6987 0.5861 -0.4102
vn 0.6360 0.7654 0.0983
vn 0.3516 0.7908 -0.5011
vn 0.3707 0.9277 0.0435
vn 0.0821 0.8834 0.4613
vn -0.0701 0.8980 -0.4344
vn -0.1427 0.9837 -0.1092
vn -0.3936 0.8407 0.3719
vn -0.5960 0.7330 -0.3278
vn -0.7287 0.6238 0.2827
vn -0.8576 0.4162 -0.3021
vn -0.9097 0.2147 0.3555
vn -0.8868 0.0237 -0.4616
vn -0.9118 -0.1697 -0.3740
vn -0.8550 -0.3788 0.3543
vn -0.6170 -0.6685 -0.4153
vn -0.6568 -0.5581 0.5072
vn -0.5842 -0.8007 -0.1327
vn -0.3185 -0.8366 0.4458
vn -0.1456 -0.8983 -0.4145
vn -0.0304 -0.9507 0.3087
vn 0.2464 -0.9269 -0.2830
vn 0.4513 -0.8887 0.0810
vn 0.5949 -0.6200 -0.5116
vn 0.7100 -0.7032 0.0364
vn 0.7900 -0.4115 0.4546
vn 0.8613 -0.2770 -0.4259
vn 0.9670 -0.2410 -0.0827
vn 0.9207 0.0438 0.3878
vn 0.8652 0.2268 -0.4473
vn 0.7726 0.4867 -0.4078
vn 0.8162 0.3290 0.4749
vn 0.7862 0.6180 0.0064
vn 0.5209 0.7640 0.3808
vn 0.3026 0.8032 -0.5132
vn 0.1617 0.9103 -0.3810
vn -0.0135 0.9282 0.3718
vn -0.4019 0.8368 -0.3717
vn -0.2468 0.8432 0.4776
vn -0.5901 0.7075 0.3889
vn -0.7438 0.5716 -0.3464
vn -0.8911 0.3893 0.2334
vn -0.9541 0.1236 -0.2728
vn -0.9432 -0.0558 0.3274
vn -0.8682 -0.2954 -0.3987
vn -0.9169 -0.3964 -0.0477
vn -0.6628 -0.5527 0.5052
vn -0.5920 -0.7928 -0.1452
vn -0.3716 -0.8786 0.3000
vn -0.1210 -0.9403 -0.3183
vn 0.0398 -0.9396 0.3400
vn 0.2310 -0.8618 -0.4516
vn 0.2978 -0.7947 0.5289
vn 0.7083 -0.6388 -0.3006
vn 0.4977 -0.8103 0.3094
vn 0.7927 -0.4998 0.3490
vn 0.8485 -0.3023 -0.4344
vn 0.8449 -0.2038 0.4947
vn 0.9490 0.1921 -0.2500
vn 0.9547 -0.0862 0.2849
vn 0.8875 0.3631 0.2838
vn 0.7704 0.5707 -0.2841
vn 0.6620 0.7110 0.2374
vn 0.4257 0.8565 -0.2918
vn 0.3601 0.7757 -0.5183
vn 0.1926 0.8751 0.4439
vn 0.0006 0.9391 -0.3435
vn -0.1745 0.9425 0.2851
vn -0.4484 0.8564 -0.2560
vn -0.7371 0.5966 -0.3174
vn -0.5173 0.7134 0.4727
vn -0.8980 0.4349 0.0674
vn -0.8687 0.1063 -0.4838
vn -0.8024 0.0325 0.5959
vn -0.8669 -0.4083 -0.2861
vn -0.9504 -0.1505 0.2722
vn -0.7628 -0.5432 0.3508
vn -0.5926 -0.6721 -0.4440
vn -0.5020 -0.6866 0.5259
vn -0.1953 -0.9523 -0.2343
vn -0.4425 -0.8601 0.2540
vn -0.0200 -0.9570 0.2892
vn 0.2375 -0.9245 -0.2982
vn 0.4054 -0.8820 0.2404
vn 0.6252 -0.7192 -0.3032
vn 0.5565 -0.6065 -0.5678
vn 0.7012 -0.5231 0.4845
vn 0.9363 -0.3440 -0.0716
vn 0.8784 -0.0783 -0.4714
vn 0.9374 0.0450 0.3455
vn 0.8697 0.3630 -0.3345
vn 0.7693 0.4366 0.4665
vn 0.7139 0.7001 0.0118
vn 0.4369 0.7612 -0.4793
vn 0.3386 0.7420 0.5786
vn -0.0097 0.9703 -0.2416
vn 0.2540 0.9260 0.2792
vn -0.1819 0.9408 0.2861
vn -0.4207 0.8524 -0.3106
vn -0.5948 0.7861 0.1682
vn -0.8076 0.5608 -0.1825
vn -0.8642 0.3817 0.3277
vn -0.9146 0.1687 -0.3675
vn -0.9642 -0.0094 0.2651
vn -0.9229 -0.2710 -0.2734
vn -0.7986 -0.2757 -0.5350
vn -0.7553 -0.4690 0.4578
vn -0.6340 -0.6241 -0.4568
vn -0.6711 -0.7358 0.0905
vn -0.3997 -0.8583 0.3217
vn -0.1635 -0.8663 -0.4720
vn 0.2190 -0.9330 -0.2855
vn -0.0415 -0.9586 0.2816
vn 0.3863 -0.8580 0.3385
vn 0.5483 -0.7037 -0.4518
vn 0.5859 -0.6393 0.4980
vn 0.8968 -0.3645 -0.2508
vn 0.7444 -0.5968 0.2995
vn 0.9412 -0.1867 0.2815
vn 0.9537 0.0589 -0.2950
vn 0.9453 0.2256 0.2357
vn 0.8290 0.4816 -0.2842
vn 0.7346 0.4472 -0.5103
vn 0.6467 0.6287 0.4318
vn 0.5106 0.7865 -0.3473
vn 0.3794 0.8792 0.2882
vn 0.0994 0.9499 -0.2965
vn 0.0472 0.8104 -0.5839
vn -0.1446 0.8738 0.4643
vn -0.4227 0.9018 -0.0898
vn -0.6257 0.7082 0.3271
vn -0.7264 0.4960 -0.4757
vn -0.9493 0.1372 -0.2828
vn -0.8819 0.4140 0.2257
vn -0.9364 -0.0237 0.3502
vn -0.8610 -0.2348 -0.4511
vn -0.7978 -0.2908 0.5281
vn -0.6883 -0.6859 -0.2363
vn -0.8336 -0.4847 0.2649
vn -0.5485 -0.7847 0.2887
vn -0.3093 -0.9030 -0.2983
vn -0.1502 -0.9601 0.2358
vn 0.1232 -0.9477 -0.2943
vn 0.1354 -0.8620 -0.4885
vn 0.3331 -0.8394 0.4295
vn 0.5271 -0.7737 -0.3516
vn 0.6779 -0.6806 0.2778
vn 0.8157 -0.4624 -0.3476
vn 0.9465 -0.3215 0.0265
vn 0.8852 -0.0126 -0.4650
vn 0.9995 -0.0041 0.0299
vn 0.8703 0.2399 0.4302
vn 0.7963 0.3922 -0.4605
vn 0.7185 0.4591 0.5225
vn 0.4836 0.8252 -0.2918
vn 0.6969 0.6511 0.3007
vn 0.3357 0.8727 0.3546
vn 0.1245 0.8875 -0.4437
vn 0.0281 0.8652 0.5006
vn -0.3754 0.8957 -0.2383
vn -0.1100 0.9597 0.2587
vn -0.5215 0.8000 0.2966
vn -0.7100 0.6387 -0.2965
vn -0.8339 0.5050 0.2226
vn -0.9003 0.2608 -0.3484
vn -0.9642 0.2561 -0.0692
vn -0.9190 -0.0471 0.3913
vn -0.8603 -0.2382 -0.4508
vn -0.7941 -0.4108 -0.4480
vn -0.7548 -0.5642 0.3347
vn -0.5183 -0.7754 -0.3608
vn -0.3978 -0.7849 0.4751
vn -0.1819 -0.9831 0.0194
vn 0.0723 -0.8680 -0.4913
vn 0.1261 -0.7956 0.5925
vn 0.5725 -0.7624 -0.3016
vn 0.3269 -0.8931 0.3091
vn 0.6783 -0.6457 0.3506
vn 0.8220 -0.4624 -0.3324
vn 0.9291 -0.3221 0.1817
vn 0.9806 -0.0113 -0.1957
vn 0.9407 0.1753 0.2903
vn 0.8684 0.4090 -0.2805
vn 0.7882 0.5677 0.2375
vn 0.5815 0.7578 -0.2961
vn 0.4772 0.6495 -0.5920
vn 0.3682 0.7936 0.4844
vn 0.1868 0.9790 -0.0814
vn -0.0958 0.8753 -0.4740
vn -0.2217 0.9089 0.3533
vn -0.5211 0.7775 -0.3521
vn -0.5833 0.6692 0.4603
vn -0.8188 0.5708 0.0605
vn -0.8239 0.2588 -0.5042
vn -0.7723 0.1908 0.6059
vn -0.9525 -0.1931 -0.2356
vn -0.9595 0.0740 0.2718
vn -0.8876 -0.3665 0.2791
vn -0.7540 -0.5794 -0.3095
vn -0.6535 -0.7183 0.2386
vn -0.4172 -0.8652 -0.2782
vn -0.3374 -0.7448 -0.5757
vn -0.2017 -0.8502 0.4863
vn 0.0276 -0.9951 -0.0945
vn 0.3857 -0.8220 -0.4190
vn 0.2200 -0.8475 0.4831
vn 0.4933 -0.8644 -0.0973
vn 0.8536 -0.3833 0.3527
vn 0.7737 -0.6336 -0.0035
vn 0.8979 -0.1541 -0.4124
vn 0.9849 0.1439 0.0966
vn 0.9176 0.2731 -0.2889
vn 0.9424 0.3334 -0.0267
vn 0.7493 0.5368 0.3878
vn 0.6228 0.7240 -0.2965
vn 0.4970 0.8297 0.2540
vn 0.2441 0.8818 -0.4036
vn 0.2431 0.9699 0.0123
vn -0.0980 0.8869 0.4515
vn -0.2379 0.8691 -0.4338
vn -0.2887 0.9573 -0.0156
vn -0.5957 0.8032 0.0037
vn -0.6413 0.4818 -0.5972
vn -0.7374 0.5106 0.4422
vn -0.8579 0.3323 -0.3920
vn -0.9220 0.2213 0.3176
vn -0.9423 -0.0569 -0.3299
vn -0.9960 -0.0853 -0.0267
vn -0.7800 -0.4075 0.4749
vn -0.7551 -0.5170 -0.4031
vn -0.7992 -0.6006 -0.0228
vn -0.2772 -0.9228 0.2676
vn -0.4912 -0.8706 0.0299
vn 0.0007 -0.9753 -0.2210
vn 0.1645 -0.9548 0.2476
vn 0.4407 -0.8588 -0.2612
vn 0.5559 -0.7828 0.2795
vn 0.7077 -0.5586 -0.4325
vn 0.8025 -0.5963 0.0223
vn 0.8571 -0.3382 0.3885
vn 0.9526 -0.1205 -0.2793
vn 0.9605 0.0280 0.2770
vn 0.8883 0.2829 -0.3617
vn 0.8480 0.3885 0.3605
vn 0.7151 0.6390 -0.2834
vn 0.5611 0.7981 0.2196
vn 0.2805 0.8771 -0.3900
vn 0.2321 0.9719 -0.0382
vn -0.1810 0.9828 0.0371
vn -0.1204 0.9047 -0.4088
vn -0.3848 0.8391 0.3845
vn -0.5992 0.7330 -0.3220
vn -0.7308 0.6396 0.2386
vn -0.8218 0.3926 -0.4130
vn -0.9144 0.4048 0.0046
vn -0.9089 0.1426 0.3919
vn -0.9490 -0.1112 -0.2949
vn -0.9354 -0.2341 0.2650
vn -0.7715 -0.4484 -0.4513
vn -0.8384 -0.5409 -0.0674
vn -0.5838 -0.8109 0.0406
vn -0.1420 -0.9040 -0.4033
vn -0.2887 -0.8278 0.4810
vn -0.0618 -0.9980 -0.0139
vn 0.2019 -0.9067 0.3702
vn 0.4440 -0.8244 -0.3511
vn 0.5657 -0.7550 0.3317
vn 0.7496 -0.5813 -0.3166
vn 0.8203 -0.5435 0.1782
vn 0.9669 -0.1341 -0.2171
vn 0.9543 -0.0074 0.2987
vn 0.8905 0.2536 -0.3778
vn 0.8198 0.4721 0.3241
vn 0.7343 0.6064 -0.3052
vn 0.7474 0.6637 -0.0291
vn 0.4854 0.7807 0.3935
vn 0.2983 0.9091 -0.2909
vn 0.1289 0.9651 0.2280
vn -0.1049 0.9095 -0.4022
vn -0.1389 0.9903 0.0052
vn -0.4262 0.7789 0.4601
vn -0.5470 0.7172 -0.4317
vn -0.6345 0.7724 -0.0302
vn -0.8541 0.5201 0.0116
vn -0.7647 0.1951 -0.6141
vn -0.8715 0.1984 0.4485
vn -0.9628 -0.0506 -0.2654
vn -0.9416 -0.1992 0.2715
vn -0.8522 -0.4514 -0.2645
vn -0.7888 -0.5706 0.2286
vn -0.5213 -0.7405 -0.4240
vn -0.3117 -0.9474 -0.0723
vn -0.1536 -0.9744 -0.1642
vn 0.0587 -0.9801 0.1896
vn 0.3710 -0.9038 -0.2131
vn 0.5173 -0.8008 0.3018
vn 0.7141 -0.6359 -0.2927
vn 0.8305 -0.5053 0.2342
vn 0.9312 -0.2432 -0.2714
vn 0.8358 -0.1973 -0.5124
vn 0.9051 -0.0053 0.4251
vn 0.9166 0.1931 -0.3502
vn 0.8845 0.3744 0.2785
vn 0.7408 0.6076 -0.2864
vn 0.6030 0.5432 -0.5843
vn 0.5136 0.7230 0.4621
vn 0.3286 0.9394 -0.0980
vn 0.0563 0.9440 0.3250
vn -0.1685 0.8650 -0.4727
vn -0.5653 0.7804 -0.2671
vn -0.3381 0.9108 0.2370
vn -0.6871 0.6402 0.3434
vn -0.7746 0.4442 -0.4503
vn -0.7679 0.3553 0.5330
vn -0.9731 -0.0036 -0.2305
vn -0.9270 0.2586 0.2716
vn -0.9409 -0.1729 0.2913
vn -0.8606 -0.4132 -0.2976
vn -0.7826 -0.5757 0.2368
vn -0.5859 -0.7606 -0.2797
vn -0.5099 -0.7082 -0.4883
vn -0.3546 -0.8331 0.4244
vn -0.1670 -0.9215 -0.3507
vn 0.0088 -0.9592 0.2827
vn 0.2616 -0.9122 -0.3155
vn 0.2893 -0.8067 -0.5153
vn 0.4714 -0.7580 0.4508
vn 0.6214 -0.6550 -0.4299
vn 0.7154 -0.6987 -0.0041
vn 0.7786 -0.4495 0.4380
vn 0.8428 -0.2866 -0.4555
vn 0.8280 -0.1874 0.5285
vn 0.9249 0.2458 -0.2901
vn 0.9566 -0.0372 0.2892
vn 0.8526 0.3917 0.3459
vn 0.7210 0.5366 -0.4385
vn 0.6288 0.5919 0.5043
vn 0.3786 0.8981 -0.2236
vn 0.5979 0.7567 0.2646
vn 0.1898 0.9386 0.2880
vn -0.0518 0.9529 -0.2988
vn -0.2472 0.9454 0.2124
vn -0.4881 0.8378 -0.2446
vn -0.4419 0.7349 -0.5144
vn -0.6205 0.6462 0.4444
vn -0.7760 0.5135 -0.3663
vn -0.8854 0.3755 0.2738
vn -0.9541 0.1065 -0.2799
vn -0.8416 0.0503 -0.5377
vn -0.8761 -0.1448 0.4599
vn -0.8577 -0.3594 -0.3677
vn -0.8336 -0.5466 0.0794
vn -0.5774 -0.6679 -0.4696
vn -0.4845 -0.6653 0.5680
vn -0.1476 -0.9471 -0.2849
vn -0.4072 -0.8585 0.3118
vn 0.0266 -0.9377 0.3464
vn 0.2264 -0.8717 -0.4347
vn 0.2994 -0.8173 0.4923
vn 0.6892 -0.6796 -0.2514
vn 0.4584 -0.8402 0.2897
vn 0.7956 -0.5371 0.2802
vn 0.9021 -0.3285 -0.2799
vn 0.9632 -0.1497 0.2234
vn 0.9516 0.1157 -0.2849
vn 0.8456 0.1299 -0.5177
vn 0.8366 0.3354 0.4332
vn 0.7794 0.5229 -0.3451
vn 0.6846 0.6755 0.2739
vn 0.4637 0.8486 -0.2547
vn 0.0870 0.9442 -0.3176
vn 0.3017 0.8327 0.4643
vn -0.1670 0.9846 0.0516
vn -0.3885 0.7888 -0.4763
vn -0.4167 0.6845 0.5981
vn -0.8215 0.4974 -0.2787
vn -0.6493 0.7087 0.2760
vn -0.8712 0.3422 0.3521
vn -0.8904 0.1212 -0.4388
vn -0.8501 0.0365 0.5254
vn -0.8995 -0.3695 -0.2331
vn -0.9598 -0.1104 0.2580
vn -0.8066 -0.5202 0.2806
vn -0.6466 -0.7096 -0.2798
vn -0.5073 -0.8280 0.2389
vn -0.2495 -0.9201 -0.3019
vn -0.1933 -0.8013 -0.5661
vn -0.0368 -0.8776 0.4780
vn 0.2530 -0.9647 -0.0735
vn 0.4218 -0.7736 -0.4728
vn 0.5594 -0.7513 0.3503
vn 0.7797 -0.5270 -0.3381
vn 0.7907 -0.3911 0.4710
vn 0.9835 -0.1807 0.0108
vn 0.8717 0.0682 -0.4853
vn 0.8014 0.1328 0.5833
vn 0.8024 0.5483 -0.2357
vn 0.9131 0.2986 0.2777
vn 0.6798 0.6762 0.2840
vn 0.4827 0.8216 -0.3034
vn 0.3200 0.9319 0.1706
vn 0.0201 0.9848 -0.1728
vn -0.1590 0.9291 0.3338
vn -0.3686 0.8542 -0.3666
vn -0.5301 0.8020 0.2752
vn -0.7400 0.6163 -0.2693
vn -0.6762 0.5064 -0.5350
vn -0.8185 0.3587 0.4487
vn -0.8740 0.1960 -0.4446
vn -0.9851 0.1452 0.0917
vn -0.9351 -0.1512 0.3204
vn -0.8149 -0.3512 -0.4611
vn -0.6373 -0.7112 -0.2967
vn -0.8227 -0.4991 0.2722
vn -0.4826 -0.8055 0.3439
vn -0.2941 -0.8443 -0.4479
vn -0.2153 -0.8253 0.5220
vn 0.1269 -0.8942 -0.4293
vn -0.0664 -0.9087 0.4122
vn 0.1773 -0.9787 -0.1038
vn 0.4243 -0.8380 0.3429
vn 0.5947 -0.7389 -0.3168
vn 0.7038 -0.6053 0.3718
vn 0.7822 -0.4131 -0.4664
vn 0.8996 -0.4363 -0.0203
vn 0.8788 -0.1521 0.4522
vn 0.9934 0.0132 -0.1143
vn 0.8980 0.2520 0.3607
vn 0.7727 0.4209 -0.4752
vn 0.7107 0.6130 -0.3451
vn 0.5625 0.7475 0.3532
vn 0.1199 0.9128 -0.3903
vn 0.3352 0.8195 0.4648
vn -0.0388 0.9958 0.0833
vn -0.2870 0.8270 -0.4835
vn -0.3659 0.9304 0.0201
vn -0.5407 0.7143 0.4444
vn -0.7429 0.6062 -0.2838
vn -0.8518 0.4369 0.2890
vn -0.8592 0.2518 -0.4453
vn -0.9742 0.2116 -0.0790
vn -0.9306 -0.0539 0.3620
vn -0.8983 -0.2965 -0.3243
vn -0.8332 -0.4217 0.3576
vn -0.7519 -0.6546 -0.0788
vn -0.5503 -0.8346 0.0243
vn -0.3594 -0.8573 -0.3684
vn -0.2259 -0.9189 0.3235
vn 0.0161 -0.9221 -0.3867
vn 0.0824 -0.9965 -0.0145
vn 0.3308 -0.8261 0.4563
vn 0.5188 -0.7601 -0.3914
vn 0.6406 -0.6847 0.3476
vn 0.7805 -0.5001 -0.3751
vn 0.9286 -0.3608 0.0866
vn 0.8673 -0.0684 -0.4931
vn 0.9996 -0.0282 -0.0069
vn 0.8428 0.2219 0.4903
vn 0.8946 0.4413 -0.0698
vn 0.7009 0.6550 0.2825
vn 0.5146 0.8145 -0.2678
vn 0.3388 0.8749 0.3461
vn 0.1444 0.9388 -0.3126
vn -0.0510 0.9803 0.1911
vn -0.3225 0.9031 -0.2837
vn -0.2681 0.8296 -0.4898
vn -0.4852 0.7583 0.4354
vn -0.6423 0.6687 -0.3746
vn -0.7786 0.5535 0.2956
vn -0.8931 0.2981 -0.3369
vn -0.9480 0.3173 -0.0262
vn -0.8840 0.0142 0.4672
vn -0.9148 -0.1556 -0.3727
vn -0.8898 -0.3193 0.3261
vn -0.7295 -0.5862 -0.3524
vn -0.6906 -0.7189 0.0793
vn -0.3955 -0.7662 -0.5065
vn -0.4095 -0.9122 0.0103
vn -0.1236 -0.8677 0.4816
vn 0.0881 -0.9879 -0.1274
vn 0.3145 -0.8642 0.3928
vn 0.4147 -0.7282 -0.5457
vn 0.5190 -0.7000 -0.4905
vn 0.7182 -0.5936 0.3629
vn 0.7744 -0.3878 0.5000
vn 0.7712 -0.5317 -0.3500
vn 0.9010 -0.0601 -0.4297
vn 0.8865 -0.2650 0.3793
vn 0.8513 -0.0415 -0.5231
vn 0.8906 0.1628 0.4247
vn 0.8622 0.3512 -0.3652
vn 0.8162 0.4847 0.3144
vn 0.6401 0.6885 -0.3410
vn 0.5329 0.7966 0.2855
vn 0.2970 0.9266 -0.2307
vn 0.0713 0.9526 0.2959
vn -0.2523 0.9074 -0.3361
vn -0.3938 0.9164 0.0721
vn -0.5620 0.6735 -0.4801
vn -0.6744 0.7380 0.0207
vn -0.7639 0.4802 0.4311
vn -0.9090 0.3060 -0.2829
vn -0.9479 0.1281 0.2916
vn -0.8945 -0.0785 -0.4401
vn -0.9829 -0.1621 -0.0876
vn -0.8668 -0.4420 0.2310
vn -0.6395 -0.6147 0.4618
vn -0.7994 -0.4810 -0.3601
vn -0.4570 -0.7730 -0.4401
vn -0.5354 -0.6883 0.4894
vn -0.3608 -0.7794 -0.5122
vn -0.1690 -0.8868 0.4301
vn 0.0234 -0.9361 -0.3509
vn 0.1692 -0.9834 0.0654
vn 0.4499 -0.8474 -0.2819
vn 0.6009 -0.7840 0.1555
vn 0.8205 -0.5379 -0.1936
vn 0.8754 -0.3860 0.2911
vn 0.9507 -0.1633 -0.2638
vn 0.9657 0.0331 0.2576
vn 0.8451 0.3006 -0.4420
vn 0.9383 0.3382 0.0715
vn 0.6361 0.6481 0.4188
vn 0.6279 0.6085 -0.4853
vn 0.4107 0.8192 -0.4004
vn 0.3238 0.8517 0.4119
vn -0.0486 0.9170 -0.3958
vn 0.0094 0.8244 0.5659
vn -0.3304 0.9078 0.2583
vn -0.4868 0.7921 -0.3683
vn -0.6080 0.7315 0.3085
vn -0.7803 0.6253 -0.0105
vn -0.8364 0.3566 -0.4162
vn -0.9552 0.2935 0.0388
vn -0.9418 -0.0151 -0.3358
vn -0.9324 -0.1895 0.3076
vn -0.8522 -0.3593 -0.3803
vn -0.7296 -0.5447 0.4136
vn -0.6839 -0.6821 -0.2590
vn -0.4826 -0.7766 0.4049
vn -0.3680 -0.7215 -0.5866
vn -0.1251 -0.9386 -0.3217
vn -0.0998 -0.8407 0.5323
vn 0.2016 -0.9453 -0.2565
vn 0.2615 -0.6924 0.6724
vn 0.5081 -0.7848 -0.3548
vn 0.6477 -0.5242 0.5529
vn 0.8083 -0.4988 -0.3128
vn 0.9639 -0.1411 0.2258
vn 0.9559 -0.2936 -0.0006
vn 0.2082 0.9075 0.3649
vn 0.2925 0.8855 -0.3609
vn 0.0118 0.0431 0.9990
vn -0.1154 0.9360 0.3327
vn -0.0227 0.0312 0.9993
vn -0.3544 0.8561 0.3761
vn -0.0255 0.0316 0.9992
vn -0.8596 0.4254 0.2830
vn -0.0403 0.0033 0.9992
vn -0.0057 -0.0055 1.0000
vn -0.0046 -0.0081 1.0000
vn -0.0519 -0.0349 0.9980
vn -0.0005 -0.0667 0.9978
vn -0.0838 -0.2573 0.9627
vn -0.1556 -0.2270 0.9614
vn -0.2273 -0.1698 0.9589
vn -0.2842 -0.0763 0.9557
vn 0.7975 0.5623 0.2187
vn 0.4159 0.8784 0.2356
vn 0.1805 0.9659 0.1859
vn -0.0197 0.0139 0.9997
vn 0.9595 0.1481 0.2395
vn -0.0024 -0.0204 0.9998
vn -0.0002 0.0002 1.0000
vn -0.0001 0.0002 1.0000
vn -0.0000 0.0002 1.0000
vn -0.0000 0.0001 1.0000
vn 0.0002 0.0002 1.0000
vn 0.0002 0.0001 1.0000
vn 0.0001 -0.0000 1.0000
vn 0.0001 -0.0001 1.0000
vn -0.0000 -0.0001 1.0000
vn -0.0001 -0.0002 1.0000
vn -0.0001 -0.0001 1.0000
vn -0.0002 -0.0001 1.0000
vn -0.0002 -0.0000 1.0000
vn -0.0001 -0.0000 1.0000
vn -0.0001 0.0001 1.0000
vn -0.0002 0.0001 1.0000
vn 0.3562 -0.8053 0.4739
vn 0.4520 -0.7091 0.5412
vn 0.5832 -0.6674 0.4631
vn 0.6491 -0.5436 0.5321
vn 0.2048 -0.8420 0.4990
vn 0.1203 -0.8450 0.5210
vn -0.1158 -0.8716 0.4764
vn 0.0241 -0.8667 0.4983
vn -0.2260 -0.8097 0.5415
vn -0.3667 -0.7939 0.4850
vn -0.4483 -0.7307 0.5149
vn -0.6024 -0.6175 0.5058
vn -0.6246 -0.6051 0.4937
vn -0.7865 -0.3471 0.5107
vn -0.7136 -0.4727 0.5170
vn -0.8257 -0.2543 0.5035
vn -0.8682 -0.0813 0.4894
vn -0.8601 0.0053 0.5101
vn -0.8345 0.2182 0.5059
vn -0.8372 0.2333 0.4946
vn -0.6943 0.5081 0.5097
vn -0.7669 0.3829 0.5151
vn -0.6345 0.5925 0.4964
vn -0.5416 0.7175 0.4380
vn -0.3881 0.7509 0.5344
vn -0.2699 0.8138 0.5146
vn -0.0084 0.8648 0.5021
vn -0.1875 0.8413 0.5070
vn -0.0274 0.8687 0.4946
vn 0.2852 0.8241 0.4894
vn 0.1950 0.8383 0.5092
vn 0.5186 0.6916 0.5027
vn 0.4435 0.7417 0.5033
vn 0.6748 0.5316 0.5118
vn 0.6290 0.5990 0.4956
vn 0.7949 0.3393 0.5030
vn 0.7208 0.4820 0.4981
vn 0.8303 0.2532 0.4964
vn 0.8922 0.1103 0.4380
vn 0.8442 -0.0393 0.5346
vn 0.8395 -0.1732 0.5150
vn 0.7573 -0.4116 0.5071
vn 0.8222 -0.2642 0.5042
vn 0.7767 -0.4014 0.4854
vn 0.9272 0.3746 0.0012
vn 0.8434 0.4364 0.3134
vn 0.7199 0.6331 0.2845
vn 0.7474 0.6644 0.0021
vn 0.1555 0.9367 0.3136
vn -0.3196 0.8998 0.2970
vn -0.3960 0.9182 0.0039
vn -0.0572 0.9983 0.0095
vn 0.7861 -0.5379 0.3046
vn 0.9951 -0.0985 0.0040
vn 0.9034 -0.4286 0.0085
vn 0.9413 -0.1109 0.3187
vn -0.1482 -0.9320 0.3307
vn 0.3253 -0.9078 0.2648
vn 0.4001 -0.9164 0.0041
vn 0.0629 -0.9980 0.0092
vn -0.9220 -0.3872 0.0039
vn -0.8497 -0.4107 0.3308
vn -0.7184 -0.6352 0.2837
vn -0.7321 -0.6811 0.0095
vn -0.7964 0.6047 0.0039
vn -0.7880 0.5352 0.3044
vn -0.9360 0.1114 0.3338
vn -0.9559 0.2935 0.0096
vn -0.0950 0.3348 -0.9375
vn -0.0020 0.0022 -1.0000
vn -0.1585 0.1763 -0.9715
vn -0.0024 0.0016 -1.0000
vn -0.1713 0.0371 -0.9845
vn -0.0025 0.0003 -1.0000
vn -0.1984 -0.0484 -0.9789
vn -0.0025 -0.0009 -1.0000
vn -0.1402 -0.1049 -0.9846
vn -0.0021 -0.0017 -1.0000
vn -0.0921 -0.1791 -0.9795
vn -0.0011 -0.0023 -1.0000
vn -0.0002 -0.0025 -1.0000
vn -0.0152 -0.2206 -0.9752
vn 0.0736 -0.1757 -0.9817
vn 0.0010 -0.0024 -1.0000
vn 0.0023 -0.0022 -1.0000
vn 0.1724 -0.1638 -0.9713
vn 0.0025 -0.0016 -1.0000
vn 0.1711 -0.0371 -0.9846
vn 0.0026 -0.0003 -1.0000
vn 0.1859 0.0409 -0.9817
vn 0.0025 0.0007 -1.0000
vn 0.1748 0.1190 -0.9774
vn 0.0021 0.0015 -1.0000
vn 0.0014 0.0022 -1.0000
vn 0.0948 0.1822 -0.9787
vn 0.0004 0.0026 -1.0000
vn 0.0148 0.1786 -0.9838
vn -0.0007 0.0025 -1.0000
vn -0.6268 0.7406 0.2423
vn -0.6139 0.7894 0.0012
vn -0.6192 0.7852 0.0017
vn -0.9546 -0.1921 0.2275
vn -0.9896 -0.1437 0.0027
vn -0.9899 -0.1420 0.0014
vn -0.9897 -0.1434 0.0010
vn -0.3987 -0.8698 0.2907
vn -0.3423 -0.9250 0.1650
vn -0.3715 -0.9284 0.0016
vn -0.3721 -0.9282 0.0014
vn -0.3729 -0.9279 0.0015
vn -0.3747 -0.9271 0.0031
vn 0.6260 -0.7413 0.2419
vn 0.6174 -0.7867 0.0022
vn 0.6179 -0.7863 0.0022
vn 0.6190 -0.7854 0.0012
vn 0.9630 0.1955 0.1854
vn 0.9904 0.1384 0.0001
vn 0.9897 0.1433 0.0010
vn 0.3987 0.8703 0.2891
vn 0.3251 0.9290 0.1771
vn 0.3725 0.9280 0.0017
vn 0.3728 0.9279 0.0014
vn 0.3729 0.9279 0.0015
vn 0.3747 0.9271 0.0031
vn 0.2594 -0.4325 0.8635
vn 0.3546 -0.5365 0.7658
vn 0.4213 -0.4200 0.8038
vn 0.4853 -0.3722 0.7912
vn 0.5125 -0.3527 0.7829
vn 0.5717 -0.3005 0.7635
vn 0.1354 -0.6096 0.7811
vn 0.2376 -0.5582 0.7950
vn 0.0441 -0.6351 0.7711
vn 0.0360 -0.5890 0.8073
vn 0.0069 -0.5880 0.8088
vn -0.1357 -0.2944 0.9460
vn -0.1134 -0.5669 0.8160
vn -0.2383 -0.5227 0.8185
vn -0.3130 -0.5681 0.7611
vn -0.3847 -0.4620 0.7991
vn -0.4174 -0.3804 0.8253
vn -0.4725 -0.3297 0.8173
vn -0.5378 -0.2580 0.8026
vn -0.6160 -0.1316 0.7767
vn -0.5422 -0.1776 0.8212
vn -0.6041 -0.0625 0.7944
vn -0.5870 -0.0399 0.8086
vn -0.4757 0.0194 0.8794
vn -0.5774 0.1366 0.8050
vn -0.5690 0.0979 0.8165
vn -0.4898 0.2811 0.8253
vn -0.5200 0.3285 0.7885
vn -0.3892 0.4383 0.8102
vn -0.4325 0.4033 0.8064
vn -0.3017 0.5150 0.8023
vn -0.2719 0.4233 0.8642
vn -0.1902 0.5400 0.8199
vn -0.2334 0.5708 0.7872
vn -0.0428 0.5657 0.8235
vn -0.0711 0.5837 0.8089
vn 0.1218 0.2947 0.9478
vn 0.1706 0.5566 0.8131
vn 0.2690 0.5140 0.8145
vn 0.3069 0.5674 0.7641
vn 0.3744 0.4450 0.8135
vn 0.4097 0.3913 0.8240
vn 0.4659 0.3391 0.8173
vn 0.5391 0.2554 0.8025
vn 0.5404 0.2306 0.8092
vn 0.4285 0.1531 0.8905
vn 0.5606 0.1146 0.8201
vn 0.5230 -0.0144 0.8522
vn 0.6070 -0.0824 0.7904
vn 0.5574 -0.2127 0.8026
vn 0.5798 -0.0990 0.8087
vn -0.2552 0.4629 -0.8489
vn -0.4487 0.5810 -0.6791
vn -0.5088 0.8018 -0.3133
vn -0.6547 0.7039 -0.2755
vn -0.6078 0.7066 0.3623
vn -0.4441 0.8361 0.3221
vn -0.4885 0.2218 -0.8439
vn -0.5228 0.0865 -0.8481
vn -0.4897 -0.2325 -0.8403
vn -0.4036 -0.3423 -0.8485
vn -0.1422 -0.5131 -0.8465
vn 0.0475 -0.5439 -0.8378
vn 0.2601 -0.4577 -0.8502
vn 0.7325 -0.6152 -0.2915
vn 0.5043 -0.4425 -0.7415
vn 0.5975 -0.4052 -0.6919
vn 0.8420 -0.4607 -0.2807
vn 0.8543 -0.4036 0.3277
vn 0.9031 -0.2909 0.3159
vn 0.0894 0.6060 0.7904
vn 0.8776 -0.3339 -0.3440
vn 0.9497 -0.0924 0.2992
vn 0.4713 -0.2189 -0.8544
vn 0.9262 -0.2037 -0.3173
vn 0.9434 0.1124 0.3121
vn 0.5096 -0.0854 -0.8562
vn 0.9668 0.0302 -0.2536
vn 0.7463 -0.0352 -0.6647
vn 0.9037 0.2684 0.3336
vn 0.9145 0.2223 -0.3381
vn 0.8496 0.4105 0.3310
vn 0.6745 0.0784 -0.7341
vn 0.8882 0.3437 -0.3047
vn 0.7578 0.5657 0.3251
vn 0.4947 0.1761 -0.8510
vn 0.7992 0.5284 -0.2864
vn 0.6809 0.6621 0.3132
vn 0.6500 0.3519 -0.6735
vn 0.7302 0.6114 -0.3049
vn 0.5245 0.7872 0.3244
vn 0.4030 0.3364 -0.8511
vn 0.6029 0.7565 -0.2535
vn 0.4962 0.5414 -0.6787
vn 0.4037 0.8447 0.3513
vn 0.4710 0.8288 -0.3020
vn 0.2344 0.9199 0.3144
vn 0.3710 0.5479 -0.7498
vn 0.3180 0.9060 -0.2794
vn 0.3041 0.6634 -0.6837
vn 0.0375 0.9471 0.3186
vn 0.1378 0.9307 -0.3389
vn 0.1419 0.5178 -0.8437
vn -0.1569 0.9211 0.3564
vn -0.0337 0.9470 -0.3195
vn -0.0040 0.5268 -0.8500
vn -0.1624 0.9367 -0.3102
vn -0.3144 0.8893 0.3322
vn -0.0987 0.6160 -0.7815
vn -0.3872 0.8774 -0.2833
vn -0.2437 0.7185 -0.6515
vn 0.7591 -0.5599 0.3321
vn 0.6527 -0.7049 -0.2777
vn 0.4486 -0.5812 -0.6789
vn 0.6126 -0.7054 0.3566
vn 0.5089 -0.8018 -0.3133
vn 0.3660 -0.8721 -0.3249
vn 0.1892 -0.6544 -0.7321
vn 0.4600 -0.8351 0.3017
vn 0.1650 -0.9327 -0.3207
vn 0.2778 -0.5439 0.7919
vn 0.2644 -0.9163 0.3009
vn -0.0108 -0.9589 -0.2835
vn -0.0719 -0.7421 -0.6664
vn 0.0735 -0.9454 0.3175
vn -0.1845 -0.9275 -0.3250
vn -0.1116 -0.9325 0.3435
vn -0.3208 -0.9050 -0.2794
vn -0.3040 -0.6634 -0.6837
vn -0.2349 -0.9178 0.3200
vn -0.3748 -0.5471 -0.7484
vn -0.4702 -0.8292 -0.3024
vn -0.3816 -0.8631 0.3309
vn -0.6029 -0.7564 -0.2535
vn -0.4958 -0.5418 -0.6787
vn -0.5155 -0.7811 0.3523
vn -0.7330 -0.6095 -0.3020
vn -0.6898 -0.6476 0.3236
vn -0.7927 -0.4972 -0.3526
vn -0.7559 -0.5715 0.3193
vn -0.8963 -0.3442 -0.2797
vn -0.7016 -0.1971 -0.6847
vn -0.8497 -0.4132 0.3276
vn -0.6611 -0.0701 -0.7470
vn -0.9363 -0.1784 -0.3025
vn -0.9083 -0.2422 0.3410
vn -0.9669 -0.0302 -0.2535
vn -0.7335 0.0272 -0.6792
vn -0.9341 -0.1343 0.3307
vn -0.9392 0.1640 -0.3018
vn -0.9271 0.0895 0.3639
vn -0.8895 0.2795 -0.3614
vn -0.8954 0.3012 0.3279
vn -0.8427 0.4593 -0.2809
vn -0.5975 0.4051 -0.6920
vn -0.5006 0.4447 -0.7428
vn -0.8516 0.3992 0.3397
vn -0.7302 0.6168 -0.2939
vn -0.7561 0.5620 0.3355
vn 0.8306 0.1098 0.5459
vn -0.2783 0.6571 -0.7005
vn -0.4321 0.5498 -0.7148
vn -0.4836 0.5138 -0.7087
vn -0.6243 0.3189 -0.7131
vn -0.6294 0.3330 -0.7021
vn -0.7039 0.0735 -0.7065
vn -0.6996 0.0164 -0.7143
vn -0.6817 -0.1997 -0.7039
vn -0.6627 -0.2359 -0.7107
vn -0.5761 -0.4123 -0.7058
vn -0.5307 -0.4544 -0.7155
vn -0.4065 -0.5862 -0.7007
vn -0.2951 -0.6363 -0.7128
vn -0.0982 -0.7035 -0.7039
vn 0.0249 -0.7000 -0.7137
vn 0.2232 -0.6777 -0.7006
vn 0.2653 -0.6514 -0.7109
vn 0.4358 -0.5587 -0.7057
vn 0.4753 -0.5161 -0.7126
vn 0.6048 -0.3774 -0.7013
vn 0.6339 -0.3081 -0.7094
vn 0.7054 -0.0722 -0.7051
vn 0.6991 -0.0043 -0.7150
vn 0.6657 0.2466 -0.7043
vn 0.6421 0.2836 -0.7123
vn 0.5403 0.4586 -0.7055
vn 0.4941 0.4977 -0.7128
vn 0.3523 0.6200 -0.7010
vn 0.2853 0.6479 -0.7063
vn 0.0419 0.7074 -0.7055
vn 0.0456 0.6920 -0.7205
vn -0.2012 0.6795 -0.7056
vn 0.8120 -0.5835 -0.0078
vn 0.6770 -0.7359 0.0077
vn 0.5539 -0.8325 -0.0080
vn 0.3762 -0.9265 0.0078
vn 0.2248 -0.9744 -0.0078
vn 0.0095 -0.9999 0.0094
vn -0.1431 -0.9897 -0.0091
vn -0.4141 -0.9102 0.0107
vn -0.5445 -0.8387 -0.0107
vn -0.7573 -0.6530 0.0091
vn -0.8481 -0.5298 -0.0094
vn -0.9423 -0.3346 0.0078
vn -0.9834 -0.1812 -0.0078
vn -0.9993 0.0350 0.0094
vn -0.9823 0.1871 -0.0091
vn -0.8908 0.4543 0.0107
vn -0.8136 0.5813 -0.0107
vn -0.6185 0.7857 0.0091
vn -0.4916 0.8708 -0.0094
vn -0.2922 0.9563 0.0078
vn -0.1372 0.9905 -0.0078
vn 0.0637 0.9979 0.0080
vn 0.2186 0.9758 -0.0077
vn 0.4117 0.9113 0.0078
vn 0.5575 0.8301 -0.0094
vn 0.7044 0.7097 0.0084
vn 0.8557 0.5174 -0.0091
vn 0.9159 0.4012 0.0086
vn 0.9939 0.1102 -0.0086
vn 0.9998 -0.0204 0.0091
vn 0.9648 -0.2627 -0.0084
vn 0.8978 -0.4404 0.0094
vn 0.3823 -0.5883 0.7126
vn 0.4394 -0.5598 0.7026
vn 0.5693 -0.4111 0.7120
vn 0.6183 -0.3524 0.7025
vn 0.6766 -0.1841 0.7130
vn 0.6975 -0.1260 0.7054
vn 0.6978 0.0752 0.7124
vn 0.6997 0.1203 0.7043
vn 0.6034 0.3531 0.7150
vn 0.5742 0.4163 0.7050
vn 0.3948 0.5836 0.7096
vn 0.3342 0.6298 0.7012
vn 0.1538 0.6844 0.7127
vn 0.0971 0.7019 0.7056
vn -0.0957 0.6967 0.7110
vn -0.1466 0.6983 0.7006
vn -0.3285 0.6188 0.7135
vn -0.4369 0.5613 0.7029
vn -0.5736 0.4034 0.7129
vn -0.6457 0.3036 0.7007
vn -0.6866 0.1284 0.7156
vn -0.7052 0.0680 0.7057
vn -0.6919 -0.1268 0.7108
vn -0.6917 -0.1752 0.7007
vn -0.6034 -0.3554 0.7138
vn -0.5410 -0.4601 0.7040
vn -0.3779 -0.5910 0.7126
vn -0.2765 -0.6576 0.7008
vn -0.0976 -0.6919 0.7154
vn -0.0389 -0.7073 0.7059
vn 0.1576 -0.6857 0.7106
vn 0.1972 -0.6824 0.7038
vn -0.8473 0.2880 -0.4462
vn -0.4757 0.8551 -0.2062
vn -0.1096 0.2866 -0.9518
vn -0.5920 0.7860 -0.1782
vn -0.3064 0.6021 -0.7373
vn 0.6371 0.3842 -0.6682
vn 0.8820 -0.2977 -0.3653
vn 0.3387 -0.6174 -0.7099
vn 0.8659 0.0559 0.4970
vn -0.1604 0.7505 0.6411
vn 0.3615 -0.0819 0.9288
vn 0.5147 -0.6875 0.5123
vn 0.3165 -0.6930 0.6477
vn 0.4004 -0.7864 0.4704
vn 0.2560 -0.7685 0.5864
vn -0.6173 0.7298 0.2938
vn -0.2658 -0.8527 0.4498
vn -0.3380 0.4333 0.8355
vn -0.3413 0.8749 0.3436
vn -0.1318 0.1874 0.9734
vn -0.5085 0.8556 -0.0972
vn -0.3561 0.6267 0.6931
vn -0.0104 0.6770 -0.7359
vn -0.1639 -0.7172 -0.6773
vn 0.4128 -0.5444 -0.7302
vn 0.4196 -0.4727 -0.7749
vn -0.7109 0.2077 0.6720
vn -0.2531 0.8368 -0.4855
vn -0.7161 0.2447 -0.6537
vn -0.1239 -0.7609 -0.6369
vn 0.7008 -0.2565 -0.6657
vn 0.6831 -0.3700 -0.6297
vn 0.6230 0.5634 -0.5426
vn 0.8174 -0.1809 -0.5470
vn 0.5760 -0.4035 -0.7109
vn 0.8102 -0.3090 0.4980
vn 0.6566 0.5920 0.4673
vn 0.6611 -0.4135 0.6261
vn 0.6886 -0.5058 0.5196
vn 0.6263 -0.2158 0.7491
vn -0.0290 -0.8910 0.4532
vn -0.9337 0.0978 0.3445
vn -0.3646 -0.1146 0.9241
vn -0.7914 0.6091 0.0522
vn -0.2186 0.0920 0.9715
vn -0.7200 0.5032 0.4779
vn -0.9018 0.4318 0.0164
vn -0.6406 0.3556 0.6806
vn -0.2160 0.6912 0.6896
vn -0.5617 0.2577 -0.7862
vn -0.6900 -0.1901 -0.6984
vn -0.7563 -0.1761 0.6301
vn -0.5659 0.2643 -0.7809
vn -0.7502 -0.1395 -0.6463
vn 0.7597 0.1054 -0.6417
vn 0.7513 0.0230 -0.6596
vn 0.2630 -0.7643 -0.5888
vn 0.6664 0.2757 -0.6928
vn 0.8199 0.1668 -0.5477
vn 0.6082 0.7267 0.3194
vn -0.7566 0.2226 0.6148
vn 0.2504 0.2726 0.9290
vn 0.8173 0.0903 0.5691
vn 0.9516 -0.0381 0.3050
vn 0.3838 0.1221 0.9153
vn 0.7846 -0.1546 0.6004
vn -0.9721 0.2223 0.0747
vn -0.6042 -0.6513 0.4591
vn -0.6564 0.1664 0.7359
vn -0.9664 0.1148 -0.2301
vn 0.5854 0.6179 -0.5250
vn -0.5717 -0.1691 0.8028
vn -0.5900 -0.1309 0.7967
vn -0.6571 -0.0960 -0.7477
vn -0.5606 -0.3590 -0.7462
vn 0.4169 -0.5369 0.7334
vn -0.2880 -0.8473 -0.4462
vn -0.8551 -0.4757 -0.2062
vn -0.2866 -0.1096 -0.9518
vn -0.7860 -0.5920 -0.1782
vn -0.6021 -0.3064 -0.7373
vn -0.3842 0.6371 -0.6682
vn 0.2977 0.8820 -0.3653
vn 0.6174 0.3387 -0.7100
vn -0.0559 0.8659 0.4970
vn -0.7505 -0.1604 0.6411
vn 0.0819 0.3615 0.9288
vn 0.6875 0.5148 0.5123
vn 0.6930 0.3165 0.6477
vn 0.7864 0.4004 0.4704
vn 0.7685 0.2560 0.5864
vn -0.7298 -0.6173 0.2938
vn 0.8527 -0.2658 0.4498
vn -0.4333 -0.3380 0.8355
vn -0.8749 -0.3413 0.3436
vn -0.1874 -0.1318 0.9734
vn -0.8555 -0.5085 -0.0972
vn -0.6267 -0.3561 0.6931
vn -0.6770 -0.0104 -0.7359
vn 0.7172 -0.1639 -0.6773
vn 0.5444 0.4128 -0.7302
vn 0.4727 0.4196 -0.7749
vn -0.2077 -0.7109 0.6720
vn -0.8368 -0.2531 -0.4855
vn -0.2447 -0.7161 -0.6537
vn 0.7609 -0.1239 -0.6369
vn 0.2565 0.7008 -0.6656
vn 0.3700 0.6831 -0.6297
vn -0.5634 0.6230 -0.5426
vn 0.1809 0.8174 -0.5470
vn 0.4035 0.5760 -0.7109
vn 0.3090 0.8102 0.4981
vn -0.5920 0.6566 0.4673
vn 0.4135 0.6611 0.6261
vn 0.5058 0.6886 0.5196
vn 0.2158 0.6263 0.7492
vn 0.8910 -0.0290 0.4531
vn -0.0978 -0.9337 0.3445
vn 0.1146 -0.3646 0.9241
vn -0.6091 -0.7914 0.0522
vn -0.0920 -0.2186 0.9715
vn -0.5032 -0.7200 0.4779
vn -0.4317 -0.9018 0.0163
vn -0.3556 -0.6406 0.6806
vn -0.6913 -0.2159 0.6896
vn -0.2577 -0.5617 -0.7862
vn 0.1901 -0.6900 -0.6984
vn 0.1761 -0.7563 0.6301
vn -0.2643 -0.5659 -0.7810
vn 0.1395 -0.7502 -0.6463
vn -0.1054 0.7597 -0.6417
vn -0.0230 0.7512 -0.6596
vn 0.7643 0.2631 -0.5888
vn -0.2757 0.6664 -0.6928
vn -0.1668 0.8199 -0.5477
vn -0.7267 0.6082 0.3194
vn -0.2227 -0.7566 0.6147
vn -0.2726 0.2504 0.9290
vn -0.0903 0.8173 0.5691
vn 0.0381 0.9516 0.3050
vn -0.1221 0.3839 0.9153
vn 0.1546 0.7846 0.6004
vn -0.2222 -0.9721 0.0747
vn 0.6513 -0.6042 0.4591
vn -0.1664 -0.6564 0.7359
vn -0.1148 -0.9664 -0.2302
vn -0.6178 0.5854 -0.5250
vn 0.1691 -0.5717 0.8028
vn 0.1309 -0.5900 0.7967
vn 0.0960 -0.6571 -0.7477
vn 0.3590 -0.5606 -0.7462
vn 0.5369 0.4169 0.7334
vn 0.8473 -0.2880 -0.4462
vn 0.4757 -0.8551 -0.2062
vn 0.1096 -0.2866 -0.9518
vn 0.5920 -0.7860 -0.1782
vn 0.3064 -0.6021 -0.7373
vn -0.6371 -0.3842 -0.6682
vn -0.8820 0.2977 -0.3653
vn -0.3387 0.6174 -0.7099
vn -0.8659 -0.0559 0.4970
vn 0.1604 -0.7505 0.6411
vn -0.3615 0.0819 0.9288
vn -0.5147 0.6875 0.5123
vn -0.3165 0.6930 0.6477
vn -0.4004 0.7864 0.4704
vn -0.2560 0.7685 0.5864
vn 0.6173 -0.7298 0.2938
vn 0.2658 0.8527 0.4498
vn 0.3380 -0.4333 0.8355
vn 0.3413 -0.8749 0.3436
vn 0.1318 -0.1874 0.9734
vn 0.5085 -0.8556 -0.0972
vn 0.3561 -0.6267 0.6931
vn 0.0104 -0.6770 -0.7359
vn 0.1639 0.7172 -0.6773
vn -0.4128 0.5444 -0.7302
vn -0.4196 0.4727 -0.7749
vn 0.7109 -0.2077 0.6720
vn 0.2531 -0.8368 -0.4855
vn 0.7161 -0.2447 -0.6537
vn 0.1239 0.7609 -0.6369
vn -0.7008 0.2565 -0.6657
vn -0.6831 0.3700 -0.6297
vn -0.6230 -0.5634 -0.5426
vn -0.8174 0.1809 -0.5470
vn -0.5760 0.4035 -0.7109
vn -0.8102 0.3090 0.4980
vn -0.6566 -0.5920 0.4673
vn -0.6611 0.4135 0.6261
vn -0.6886 0.5058 0.5196
vn -0.6263 0.2158 0.7491
vn 0.0290 0.8910 0.4532
vn 0.9337 -0.0978 0.3445
vn 0.3646 0.1146 0.9241
vn 0.7914 -0.6091 0.0522
vn 0.2186 -0.0920 0.9715
vn 0.7200 -0.5032 0.4779
vn 0.9018 -0.4318 0.0164
vn 0.6406 -0.3556 0.6806
vn 0.2160 -0.6912 0.6896
vn 0.5617 -0.2577 -0.7862
vn 0.6900 0.1901 -0.6984
vn 0.7563 0.1761 0.6301
vn 0.5659 -0.2643 -0.7809
vn 0.7502 0.1395 -0.6463
vn -0.7597 -0.1054 -0.6417
vn -0.7513 -0.0230 -0.6596
vn -0.2630 0.7643 -0.5888
vn -0.6665 -0.2760 -0.6926
vn -0.8199 -0.1668 -0.5477
vn -0.9516 0.0381 0.3050
vn -0.7054 -0.1868 0.6838
vn -0.3837 -0.1225 0.9153
vn -0.7846 0.1546 0.6004
vn -0.2846 -0.8403 0.4614
vn 0.9721 -0.2223 0.0747
vn 0.6042 0.6513 0.4591
vn 0.6564 -0.1664 0.7359
vn 0.9664 -0.1150 -0.2298
vn -0.5856 -0.6181 -0.5244
vn 0.5302 -0.4910 0.6912
vn 0.5655 0.1653 0.8080
vn 0.5900 0.1309 0.7967
vn 0.6571 0.0960 -0.7477
vn 0.5606 0.3590 -0.7462
vn -0.4169 0.5369 0.7334
vn 0.2880 0.8473 -0.4462
vn 0.8551 0.4757 -0.2062
vn 0.2866 0.1096 -0.9518
vn 0.7860 0.5920 -0.1782
vn 0.6021 0.3064 -0.7373
vn 0.3842 -0.6371 -0.6682
vn -0.2977 -0.8820 -0.3653
vn -0.6174 -0.3387 -0.7100
vn 0.0559 -0.8659 0.4970
vn 0.7505 0.1604 0.6411
vn -0.0819 -0.3615 0.9288
vn -0.6875 -0.5148 0.5123
vn -0.6930 -0.3165 0.6477
vn -0.7864 -0.4004 0.4704
vn -0.7685 -0.2560 0.5864
vn 0.7298 0.6173 0.2938
vn -0.8527 0.2658 0.4498
vn 0.4333 0.3380 0.8355
vn 0.8749 0.3413 0.3436
vn 0.1874 0.1318 0.9734
vn 0.8555 0.5085 -0.0972
vn 0.6267 0.3561 0.6931
vn 0.6770 0.0104 -0.7359
vn -0.7172 0.1639 -0.6773
vn -0.5444 -0.4128 -0.7302
vn -0.4727 -0.4196 -0.7749
vn 0.2077 0.7109 0.6720
vn 0.8368 0.2531 -0.4855
vn 0.2446 0.7161 -0.6538
vn 0.5634 -0.6230 -0.5427
vn -0.1807 -0.8142 -0.5517
vn -0.3987 -0.6185 -0.6771
vn -0.3422 -0.7567 -0.5570
vn -0.5041 -0.4675 -0.7261
vn -0.3091 -0.8102 0.4980
vn 0.5920 -0.6566 0.4673
vn -0.4131 -0.6611 0.6263
vn -0.5058 -0.6887 0.5195
vn -0.2160 -0.6259 0.7494
vn -0.8910 0.0290 0.4531
vn 0.0978 0.9337 0.3445
vn -0.1146 0.3646 0.9241
vn 0.6091 0.7914 0.0522
vn 0.0920 0.2186 0.9715
vn 0.5032 0.7200 0.4779
vn 0.4317 0.9018 0.0163
vn 0.3556 0.6406 0.6806
vn 0.6913 0.2159 0.6896
vn 0.2538 0.5618 -0.7874
vn -0.1919 0.6882 -0.6996
vn -0.7051 -0.2145 -0.6759
vn -0.1761 0.7563 0.6301
vn 0.0230 -0.7512 -0.6596
vn 0.2222 0.9721 0.0747
vt 0.034262 -0.000044
vt 0.035145 0.009917
vt 0.000702 0.007911
vt 0.000000 0.000000
vt 0.033465 0.008770
vt -0.000914 0.009957
vt 0.007605 0.009992
vt 0.001208 0.010000
vt 0.004449 0.000000
vt 0.010764 0.000000
vt 0.007005 0.009985
vt 0.002683 0.010000
vt 0.000624 0.000000
vt 0.007751 -0.000009
vt 0.009585 0.010000
vt -0.000005 -0.000035
vt 0.060158 -0.000351
vt 0.001320 0.009916
vt 0.000975 0.009956
vt -0.000003 -0.000035
vt 0.027550 -0.000062
vt 0.028528 0.009929
vt 0.053443 -0.002531
vt 0.053456 0.007508
vt 0.000001 0.000775
vt 0.001062 0.009944
vt -0.000007 -0.000061
vt 0.018442 0.000760
vt 0.126257 -0.022788
vt 0.129283 -0.013192
vt -0.000007 -0.000022
vt 0.003008 0.009537
vt -0.002859 0.009532
vt 0.000003 -0.000024
vt 0.018327 -0.000036
vt 0.017469 0.009951
vt 0.033724 -0.000070
vt 0.032893 0.009919
vt -0.000829 0.009966
vt 0.019383 0.000000
vt 0.019383 0.010000
vt 0.005170 0.000301
vt 0.000000 0.010000
vt 0.014561 -0.000000
vt 0.014415 0.009965
vt 0.005372 0.000000
vt 0.020401 0.010000
vt 0.007861 0.009736
vt 0.011931 0.000024
vt 0.002022 0.010000
vt 0.018787 0.010000
vt 0.062607 -0.002484
vt 0.062053 0.007500
vt -0.000076 0.001366
vt 0.302063 1.246773
vt 0.249596 1.219888
vt 0.300857 1.224874
vt 0.251681 1.197123
vt 0.232912 1.211679
vt 0.232212 1.168951
vt 0.249789 1.169470
vt 0.296688 1.151255
vt 0.166941 1.151002
vt 0.189804 1.169343
vt 0.168555 1.169360
vt 0.217235 1.219985
vt 0.230127 1.239111
vt 0.202083 1.238176
vt 0.176076 1.216017
vt 0.196632 1.212127
vt 0.297839 1.169754
vt 0.176656 0.193880
vt 0.058579 0.511493
vt 0.000000 0.141439
vt 0.013628 0.801461
vt 0.150593 0.634225
vt 0.212760 0.837195
vt 0.226850 0.923469
vt 0.330694 0.243717
vt 0.739720 1.192165
vt 0.903605 0.816700
vt 0.903605 1.470017
vt 1.016556 1.776768
vt 1.129507 1.533131
vt 1.129507 2.149308
vt 1.016556 2.425049
vt 1.182730 2.705293
vt 1.016556 3.318118
vt 1.129507 3.292387
vt 0.973130 4.696284
vt 1.166855 4.272106
vt 1.180706 4.912314
vt 1.165399 5.663256
vt 1.328331 5.584436
vt 1.668896 5.705767
vt 1.576908 6.006232
vt 0.619308 0.309666
vt 0.887438 0.317518
vt 1.016556 0.567010
vt 1.242457 1.416959
vt 1.242457 2.062996
vt 1.242457 3.269878
vt 1.972730 5.946072
vt 1.644268 6.490507
vt 1.123374 0.292273
vt 1.242457 0.528013
vt 1.556209 1.390056
vt 1.740064 1.566857
vt 1.572766 2.118072
vt 1.758577 2.107056
vt 1.556209 3.247604
vt 1.620290 2.705293
vt 1.676712 3.276583
vt 1.573926 4.272106
vt 1.888618 5.549597
vt 2.064502 5.749386
vt 1.323855 0.243793
vt 1.355408 1.100561
vt 1.556209 0.798068
vt 1.852728 3.243470
vt 2.067811 4.272107
vt 1.578595 4.909886
vt 2.053995 4.831682
vt 1.999389 5.112932
vt 1.515433 0.184586
vt 1.656610 0.800536
vt 1.781398 1.095292
vt 1.995466 1.655535
vt 2.002991 2.173451
vt 1.939944 2.705293
vt 1.708278 0.401266
vt 1.732719 0.137546
vt 1.874279 0.122291
vt 1.922068 0.401266
vt 1.810893 0.685762
vt 2.022267 0.688274
vt 2.058090 0.973076
vt 2.097198 1.434133
vt 2.100697 1.747426
vt 2.093772 2.006913
vt 2.036758 0.117041
vt 2.091051 0.401266
vt 2.103293 0.974714
vt 2.070013 1.254799
vt 2.108412 0.120864
vt 2.104194 2.257819
vt 2.098017 2.722711
vt 2.062100 3.199598
vt 2.080019 3.971308
vt 2.112772 4.502660
vt 2.105706 4.961877
vt 2.109117 5.360615
vt 0.079962 0.010000
vt 0.009960 0.840000
vt 0.009960 0.010000
vt 0.079962 0.840000
vt 2.113535 6.604593
vt 2.110876 6.555175
vt 2.131448 6.461458
vt 2.131416 6.890150
vt 2.073182 6.779007
vt 2.086379 7.002837
vt 2.108854 7.070411
vt 2.110876 7.002836
vt 0.100622 -0.201755
vt 0.035296 -0.298217
vt 0.105298 -0.298217
vt 0.028545 -0.182853
vt 0.057052 0.032354
vt 2.129692 7.629561
vt 2.110876 7.528293
vt 2.074178 7.331461
vt -0.004254 -0.001404
vt 0.009439 7.060469
vt 0.025650 7.207879
vt 0.109917 7.387805
vt 0.882377 7.628156
vt 1.311298 7.174154
vt 1.976192 7.507498
vt 0.029290 6.545819
vt 0.042101 6.340973
vt 0.219752 6.470768
vt 0.064300 6.100490
vt 0.338169 6.032555
vt 0.379930 5.625177
vt 0.679734 5.842455
vt 0.672249 5.489788
vt 0.492259 4.995945
vt 0.754655 5.017212
vt 0.753003 3.691855
vt 0.903605 3.346572
vt 0.000081 6.192389
vt 0.075275 5.857472
vt 0.000041 5.781466
vt 0.052460 5.487954
vt 0.000007 5.480809
vt 0.048428 5.134024
vt 0.165321 3.712530
vt 0.301198 3.263818
vt 0.451800 3.601702
vt 0.451800 2.875196
vt 0.629088 2.868209
vt 0.627591 2.124842
vt 0.753003 2.257699
vt 0.753003 1.905549
vt 0.903605 1.912930
vt 0.085911 4.272106
vt 0.024718 4.743155
vt -0.000004 4.088932
vt 0.050024 3.726264
vt 0.150593 3.268856
vt 0.055512 3.272242
vt 0.000022 3.332019
vt 0.000031 2.954390
vt 0.050063 2.673636
vt 0.150593 2.705293
vt 0.150593 2.128160
vt 0.301198 2.121265
vt 0.451800 2.117977
vt 0.420379 1.536769
vt 0.629284 1.704099
vt 0.540578 1.550186
vt 0.538411 1.522958
vt 0.052663 2.241707
vt 0.301198 1.756193
vt 0.350036 1.535506
vt 0.051809 1.894907
vt 0.016391 1.466460
vt 0.109933 1.509047
vt 0.000040 1.077333
vt 0.530925 1.431427
vt 0.503078 1.383700
vt 0.525515 1.355392
vt 0.513763 1.325333
vt 0.505482 1.251107
vt 0.464228 1.270064
vt 0.476220 1.304640
vt 0.414289 1.309280
vt 0.397304 1.253940
vt 0.277110 1.253265
vt 0.384417 1.221426
vt 0.289018 1.350109
vt 0.150593 1.094391
vt 0.292102 1.374719
vt 0.298960 1.431090
vt 0.434227 1.389841
vt 0.407851 1.375571
vt 0.399341 1.345136
vt 0.481126 0.982345
vt 0.457056 0.914660
vt 0.468956 0.883075
vt 0.602559 0.894927
vt 0.484040 1.005841
vt 0.497847 1.116790
vt 0.456492 1.045378
vt 0.465434 1.116894
vt 0.475230 0.281866
vt 0.441572 0.844165
vt 0.409373 0.833419
vt 0.349122 0.837115
vt 0.413210 0.857320
vt 0.358756 0.859191
vt 0.369261 0.901750
vt 0.430737 0.898641
vt 0.440415 0.880184
vt 0.344716 0.881264
vt 0.253577 0.966126
vt 0.241680 1.006729
vt 0.266419 0.923460
vt 0.301054 0.958761
vt 0.314199 0.867398
vt 0.316639 0.899888
vt 0.256593 0.861128
vt 0.367083 0.925500
vt 0.281014 0.982627
vt 0.507051 1.212319
vt 0.500487 1.139444
vt 0.473393 1.185859
vt 0.469205 1.147873
vt 0.441060 1.143794
vt 0.396505 1.187901
vt 0.370903 1.139843
vt 0.272827 1.228441
vt 0.258087 1.125666
vt 0.367828 1.117196
vt 0.431753 1.070918
vt 0.437678 1.116982
vt 0.254518 1.101627
vt 0.430252 1.045371
vt 0.532990 1.454426
vt 0.450385 1.488456
vt 0.446998 1.454072
vt 0.301692 1.453960
vt 0.312400 1.509228
vt 0.449447 1.512999
vt 1.355408 2.067233
vt 1.355408 2.705293
vt 1.355408 3.244106
vt 1.355408 4.272106
vt 1.355408 4.946936
vt 0.301198 2.705293
vt 0.903605 2.413344
vt 0.753003 2.854188
vt 0.626632 3.587945
vt 0.310833 4.272106
vt 0.150593 4.960498
vt 0.621043 4.272106
vt 0.031102 6.784490
vt 0.301198 4.972528
vt 0.174071 5.464771
vt 0.938881 5.595214
vt 1.241347 6.001361
vt 1.256118 6.510467
vt 1.053287 7.006585
vt 0.953431 6.005118
vt 0.950644 6.654754
vt 0.679400 6.193927
vt -0.059433 0.168863
vt -0.039563 0.294237
vt 0.018365 -0.000066
vt 0.000990 0.009943
vt 0.000006 -0.000054
vt 0.126330 -0.017148
vt 0.126805 -0.007105
vt -0.000003 -0.000062
vt 0.000502 0.009987
vt 0.001142 0.009935
vt -0.000007 -0.000061
vt 0.018370 -0.000060
vt 0.019519 0.009936
vt 0.106790 -0.015186
vt 0.108777 -0.005323
vt -0.000004 -0.000021
vt 0.001974 0.009800
vt 0.021598 -0.000244
vt 0.021687 0.009774
vt 0.000006 0.000713
vt -0.000009 -0.000037
vt 0.018748 0.000063
vt 0.002242 0.009744
vt 0.015412 -0.000295
vt 0.022870 0.009615
vt 0.000681 0.009977
vt 0.147597 0.768891
vt 0.125860 0.785342
vt 0.137240 0.750165
vt 0.158247 0.750133
vt 0.254512 0.786957
vt 0.253001 0.768571
vt 0.000000 -0.000048
vt 0.019837 0.001450
vt -0.000047 0.009999
vt 0.001123 0.009935
vt -0.000005 -0.000045
vt 0.056177 -0.000054
vt 0.057305 0.009930
vt 0.015343 -0.000261
vt 0.015508 0.009781
vt 0.000195 -0.000031
vt 0.001214 0.009936
vt 0.101164 -0.014279
vt 0.103277 -0.004476
vt 0.000957 0.004439
vt -0.000001 -0.000007
vt 0.039283 0.003968
vt 0.001074 0.009939
vt 0.016775 0.009938
vt -0.000066 0.000620
vt 0.017827 -0.000011
vt 0.000001 -0.000035
vt 0.038668 -0.000905
vt -0.000270 0.009995
vt 0.016404 -0.000274
vt 0.016416 0.009761
vt 0.000000 -0.000049
vt 0.000012 0.010000
vt 0.019843 -0.000368
vt 0.020196 0.009674
vt 0.000022 0.000612
vt 0.267660 0.897963
vt 0.250651 0.901327
vt 0.266246 0.880109
vt 0.248900 0.880193
vt 0.236138 0.904675
vt 0.234046 0.880264
vt 0.196663 0.880436
vt 0.198310 0.898285
vt 0.230873 0.843961
vt 0.244110 0.823831
vt 0.230059 0.823736
vt 0.136001 0.868173
vt 0.137913 0.887118
vt 0.004204 0.009977
vt 0.002546 0.000000
vt 0.012729 0.000868
vt 0.015030 0.010001
vt 0.012898 0.000020
vt 0.013066 0.009996
vt 0.001855 0.009893
vt 0.010791 0.000000
vt 0.013073 0.010000
vt 0.005474 0.000000
vt 0.011212 0.009902
vt 0.001614 0.010000
vt 0.017279 0.000000
vt 0.012797 0.009327
vt 0.010945 0.010000
vt 0.002244 0.000119
vt 0.012046 -0.000027
vt 0.007303 0.000049
vt 0.015123 0.010000
vt 0.020396 0.000012
vt 0.007332 0.000001
vt 0.020162 0.000001
vt 0.007143 0.010000
vt 0.000030 0.000020
vt 0.014658 0.000075
vt 0.018511 0.010000
vt 0.002466 0.009811
vt 0.010925 0.000072
vt 0.018943 0.010000
vt 0.002148 0.001393
vt 0.014990 0.000006
vt 0.008780 0.010000
vt 0.062004 -0.005555
vt 0.064217 0.004198
vt 0.000504 0.002196
vt 0.002259 0.000030
vt 0.063091 -0.003971
vt -0.000626 0.009981
vt 0.018125 0.010000
vt 0.008015 0.010000
vt 0.016611 0.000000
vt 0.002292 0.000000
vt 0.015560 0.000225
vt 0.012836 0.010000
vt 0.003511 0.000008
vt 0.006873 0.009872
vt 0.000000 0.000014
vt 0.017615 0.000010
vt 0.020900 0.010000
vt 0.018519 0.010000
vt 0.007746 0.001347
vt 0.262702 1.111540
vt 0.269659 1.090234
vt 0.287391 1.091802
vt 0.245502 1.091876
vt 0.225738 1.097831
vt 0.235804 1.076275
vt 0.219584 1.073985
vt 0.243232 1.062615
vt 0.239542 1.043683
vt 0.160809 1.098188
vt 0.159108 1.078528
vt 0.267504 1.065690
vt 0.269366 1.044128
vt 0.286096 1.064255
vt 0.192678 1.219475
vt 0.181720 1.209651
vt 0.177212 1.169767
vt 0.217147 1.169830
vt 0.216313 1.212435
vt 0.005356 0.000406
vt 0.020733 0.010000
vt 0.020713 0.000006
vt 0.010831 -0.000022
vt 0.008707 0.010000
vt 0.016746 0.010000
vt 0.000000 0.009997
vt 0.004872 0.000277
vt 0.000001 0.000001
vt 0.012844 0.000116
vt 0.000088 0.009990
vt -0.001106 0.009931
vt -0.000000 -0.000021
vt 0.017264 0.009931
vt 0.018369 -0.000017
vt 0.002639 0.009963
vt 0.012449 -0.000000
vt 0.012777 0.009992
vt 0.000807 0.009194
vt 0.005604 0.000001
vt 0.013198 0.009688
vt 0.013387 0.000000
vt 0.001923 0.000017
vt 0.013026 0.000077
vt 0.008969 0.009997
vt 0.007295 0.009972
vt 0.013431 0.000617
vt 0.017173 0.009996
vt -0.000019 -0.000000
vt 0.010585 -0.000116
vt 0.007375 0.009908
vt 0.000000 0.009985
vt 0.005880 0.001097
vt 0.017274 0.009988
vt 0.012122 0.009952
vt 0.002169 0.000287
vt 0.015324 0.000004
vt 0.000000 0.009984
vt 0.010766 0.000006
vt 0.009734 0.009099
vt 0.000000 0.001225
vt 0.000001 0.000006
vt 0.016903 0.001218
vt 0.001091 0.009923
vt 0.067224 -0.008751
vt 0.070060 0.000814
vt 0.000770 0.002598
vt -0.001086 0.009941
vt 0.000007 -0.000070
vt 0.066257 0.002580
vt 0.017451 -0.000687
vt 0.015374 0.009166
vt -0.000564 0.002677
vt -0.000005 -0.000046
vt 0.048473 0.002676
vt 0.001094 0.009935
vt 0.028916 -0.001358
vt 0.027776 0.008618
vt -0.000000 0.000003
vt -0.001133 0.009920
vt 0.000000 0.009986
vt 0.006125 0.000118
vt 0.020245 0.009986
vt 0.020245 0.000000
vt 0.018482 0.000000
vt 0.010367 0.008730
vt 0.000000 0.000004
vt 0.009057 0.009987
vt 0.013984 0.000002
vt 0.021823 0.009986
vt 0.003911 -0.000042
vt 0.010452 0.009876
vt -0.000134 0.009992
vt 0.021764 0.000000
vt 0.004465 0.008971
vt 0.230129 0.713272
vt 0.210859 0.702230
vt 0.226749 0.690219
vt 0.192781 0.720478
vt 0.174283 0.711946
vt 0.181861 0.695461
vt 0.161754 0.675262
vt 0.177863 0.679076
vt 0.183492 0.650694
vt 0.132344 0.669074
vt 0.109669 0.650482
vt 0.116957 0.717515
vt 0.137424 0.717504
vt 0.185137 0.667561
vt 0.240169 0.674962
vt 0.221374 0.670188
vt 0.212962 0.665983
vt 0.211335 0.647563
vt 0.015929 0.000000
vt 0.013023 0.009937
vt 0.003283 0.000018
vt 0.001811 0.010000
vt 0.005726 0.009032
vt 0.013852 0.000000
vt 0.003135 0.010000
vt 0.006129 0.000036
vt 0.015696 0.009791
vt 0.001555 -0.000000
vt 0.011171 0.000201
vt 0.010504 0.010000
vt 0.017274 0.000000
vt 0.009099 0.009139
vt 0.012721 0.009988
vt 0.002176 0.009983
vt 0.004191 0.000000
vt 0.002909 0.009869
vt 0.010368 0.000000
vt 0.012625 0.010000
vt 0.002984 0.000000
vt 0.015361 0.010000
vt 0.015232 0.000035
vt 0.008499 0.000027
vt 0.011298 0.010000
vt 0.005199 0.000004
vt 0.018503 0.000003
vt 0.005079 0.009214
vt 0.002471 0.009814
vt 0.015453 0.000020
vt 0.018934 0.010000
vt 0.009032 0.009537
vt 0.000015 0.000000
vt 0.014982 0.000001
vt 0.061874 -0.005593
vt 0.063987 0.004180
vt 0.000749 0.003463
vt 0.002513 0.000018
vt 0.062999 -0.004207
vt -0.000488 0.009988
vt 0.006710 0.000345
vt 0.018077 0.009913
vt 0.018128 0.000000
vt 0.012157 0.000280
vt 0.017365 0.010000
vt 0.013067 0.009945
vt 0.005929 0.000009
vt 0.020860 0.000002
vt 0.021535 0.010000
vt 0.011925 0.000616
vt 0.007555 0.010000
vt 0.003501 0.000183
vt 0.018487 0.000021
vt 0.272397 0.994108
vt 0.260258 0.981140
vt 0.276007 0.964432
vt 0.256280 0.959744
vt 0.234738 0.988241
vt 0.233950 1.007830
vt 0.212934 0.995350
vt 0.224822 0.973399
vt 0.207865 0.971641
vt 0.235280 0.957521
vt 0.226190 0.940504
vt 0.149712 0.994838
vt 0.147854 0.975136
vt 0.262836 0.945139
vt 0.298107 1.075967
vt 0.264977 1.089106
vt 0.288859 1.063341
vt 0.292879 1.090810
vt 0.258398 1.068044
vt 0.001098 0.009940
vt -0.000005 -0.000060
vt 0.034748 0.002414
vt 0.087629 -0.008474
vt 0.089052 0.001486
vt 0.000358 0.002510
vt 0.305982 1.123193
vt 0.308947 1.167215
vt 0.273276 1.138196
vt 0.225486 1.188457
vt 0.222526 1.150707
vt 0.261509 1.112852
vt 0.220605 1.127222
vt 0.217296 1.088345
vt 0.301900 1.066491
vt 0.304432 1.101197
vt 0.004901 0.009939
vt 0.000001 0.000014
vt 0.016838 0.000011
vt 0.010578 -0.000108
vt 0.010453 0.009876
vt -0.000000 0.000009
vt -0.000126 0.009998
vt 0.001210 0.009787
vt 0.073250 0.000000
vt 0.073141 0.009998
vt -0.000000 -0.000001
vt 0.085322 -0.008631
vt 0.001037 0.009946
vt 0.087361 0.001162
vt 0.087486 0.009856
vt -0.000305 0.002822
vt 0.088560 -0.000087
vt 0.000000 0.009999
vt 0.000000 0.000012
vt 0.048959 0.002733
vt 0.167715 0.726088
vt 0.158290 0.637032
vt 0.189505 0.669698
vt 0.199684 0.666939
vt 0.239887 0.613976
vt 0.382863 0.009229
vt 0.300966 0.000814
vt 0.482805 -0.000011
vt 0.684796 0.010000
vt 0.550549 0.009988
vt 0.684802 -0.000011
vt 0.602665 0.000064
vt 0.191875 0.005073
vt -0.000003 -0.000001
vt 0.052789 0.001777
vt -0.000788 0.009970
vt -0.000006 0.000000
vt 0.060564 0.000000
vt 0.076733 0.009737
vt 0.253562 0.000000
vt 0.273718 0.009838
vt 0.408932 0.001780
vt 0.459897 0.008722
vt 0.665484 0.000024
vt 0.664585 0.010001
vt 0.169649 0.729733
vt 0.142394 0.880239
vt 0.119480 0.884649
vt 0.140586 1.054940
vt 0.192021 0.695304
vt 0.106635 1.057873
vt 0.178613 1.210421
vt 0.145129 1.251009
vt 0.039160 -0.000376
vt 0.038382 0.009603
vt -0.000000 0.000002
vt -0.000778 0.009970
vt 0.018139 -0.000319
vt 0.001116 0.009982
vt -0.000000 -0.000013
vt 0.001104 0.009939
vt -0.000001 -0.000009
vt 0.030757 -0.000011
vt 0.031862 0.009942
vt 0.085203 -0.006856
vt 0.085289 0.003169
vt -0.000001 -0.000061
vt 0.000086 0.010000
vt 0.000218 0.001950
vt 0.035714 -0.000084
vt 0.036834 0.009915
vt -0.000007 -0.000060
vt 0.039251 0.002447
vt 0.001132 0.009936
vt 0.100950 0.001116
vt 0.000301 0.003671
vt 0.079072 -0.005752
vt 0.100127 -0.008911
vt 0.000002 -0.000025
vt 0.057883 0.003586
vt -0.000979 0.009952
vt 0.206182 0.995515
vt 0.231362 1.018928
vt 0.211514 1.053794
vt 0.262790 1.018850
vt 0.296748 1.053699
vt 0.282198 1.017939
vt 0.294039 1.017921
vt 0.261120 0.999348
vt 0.287912 0.941378
vt 0.279838 0.988735
vt 0.291103 0.980573
vt 0.176030 0.194298
vt 0.043307 0.465236
vt 0.000000 0.141745
vt 0.150017 0.561940
vt 0.330055 0.241829
vt 0.313759 0.687131
vt 0.636851 1.474651
vt 0.731879 0.882313
vt 0.750340 1.739893
vt 0.626164 1.833344
vt 0.626313 2.262522
vt 0.750340 2.262522
vt 0.626853 2.889179
vt 0.750340 2.874258
vt 0.726181 3.673398
vt 0.900417 3.632573
vt 0.900417 4.636509
vt 1.012969 4.655188
vt 0.954947 5.509563
vt 0.626349 0.314417
vt 0.884362 0.320054
vt 1.119475 0.294115
vt 1.012969 0.430699
vt 1.319239 0.244572
vt 1.510162 0.185133
vt 1.550719 0.852709
vt 1.650765 0.467524
vt 1.795115 0.495295
vt 2.064151 0.367272
vt 2.015621 0.617530
vt 2.092295 0.550251
vt 1.726625 0.137845
vt 1.928221 0.119511
vt 2.084610 0.119825
vt 2.098478 1.138012
vt 2.089280 1.464699
vt 1.921474 1.475567
vt 2.050832 1.878984
vt 1.809398 1.833344
vt 1.808869 2.262522
vt 1.350626 3.256347
vt 1.575880 3.216020
vt 1.597570 4.369772
vt 1.350626 4.622508
vt 1.550719 4.729603
vt 1.125522 4.640655
vt 1.125522 5.504398
vt 2.051651 2.705512
vt 2.073683 2.262522
vt 2.047218 3.170907
vt 2.056555 3.527053
vt 1.829696 3.259718
vt 2.073521 3.961355
vt 2.055089 4.345781
vt 1.805306 4.617830
vt 2.094088 4.888074
vt 1.683326 4.958643
vt 1.893712 5.687241
vt 1.576585 5.520577
vt 1.350626 5.495421
vt 1.350626 5.904635
vt 1.125522 5.904829
vt 0.954265 5.915256
vt 0.996242 6.610666
vt 2.094837 4.625500
vt 2.047952 5.548100
vt 2.036143 5.223481
vt 2.056850 6.012249
vt 1.626391 5.895248
vt 1.655401 6.485853
vt 1.575935 6.931596
vt 1.350626 6.588212
vt 0.479419 7.641429
vt 0.999607 7.124447
vt 2.025361 7.369208
vt 1.994650 7.541371
vt 2.099848 7.277081
vt 2.096436 7.197454
vt 2.099890 7.085718
vt -0.101884 0.262389
vt 2.086846 7.197454
vt 2.032626 7.197454
vt 2.067666 7.511496
vt 2.086846 7.511496
vt 0.010038 0.840000
vt 0.080040 0.010000
vt 0.080040 0.840000
vt 0.010038 0.010000
vt -0.074791 -0.050049
vt -0.035296 -0.298217
vt -0.029765 -0.195660
vt 2.096436 7.376906
vt 2.101016 7.433363
vt -0.105298 -0.298217
vt 2.101016 7.646084
vt 2.096436 7.578790
vt 2.096436 7.511496
vt 0.031813 7.376906
vt 0.010646 7.205160
vt 0.088500 7.148754
vt 0.087158 7.475827
vt 0.032975 6.546376
vt 0.000011 6.400579
vt 0.055537 6.268789
vt 0.091929 5.806701
vt 0.060193 6.029328
vt 0.000036 5.729514
vt 0.115744 5.548847
vt 0.047599 5.294822
vt 0.032853 4.786699
vt 0.150017 4.780258
vt 0.450184 4.583155
vt 0.300107 4.600970
vt 0.300107 3.877595
vt 0.450184 3.877594
vt 0.300107 3.319419
vt 0.450184 3.313152
vt 0.000011 4.325523
vt 0.035843 4.371055
vt 0.067059 3.877595
vt 0.048970 3.518687
vt 0.150017 3.323742
vt -0.000004 3.412135
vt 0.059526 3.159782
vt 0.000002 2.957594
vt 0.093656 2.711152
vt 0.024646 2.209178
vt 0.044440 1.428631
vt 0.053791 1.833344
vt 0.026996 0.944379
vt 0.519824 1.405440
vt 0.524876 1.460515
vt 0.450184 1.833344
vt 0.450184 2.379513
vt 0.300107 2.406008
vt 0.444268 1.392495
vt 0.517183 1.377916
vt 0.512165 1.329615
vt 0.600262 0.913594
vt 0.365145 1.327929
vt 0.369210 1.361825
vt 0.292229 1.089750
vt 0.277693 1.276723
vt 0.361148 1.533785
vt 0.374826 1.410471
vt 0.378087 1.439857
vt 0.464424 1.424281
vt 0.383107 1.487094
vt 0.311242 0.936360
vt 0.349009 0.882569
vt 0.293765 0.998506
vt 0.296551 0.815579
vt 0.221619 1.232996
vt 0.370173 0.858253
vt 0.350928 0.858706
vt 0.444857 0.791280
vt 0.444755 0.722560
vt 0.473432 0.284202
vt 0.413214 0.678422
vt 0.376889 0.795646
vt 0.347060 0.801140
vt 0.370298 0.749921
vt 0.343804 0.738815
vt 0.277353 0.725014
vt 0.228241 1.410388
vt 0.150017 1.707890
vt 0.293318 1.584479
vt 0.300107 1.833344
vt 0.150017 2.262522
vt 0.327509 1.046931
vt 0.336109 1.107387
vt 0.347478 1.001139
vt 0.397017 0.858339
vt 0.375130 0.926901
vt 0.411385 0.912738
vt 0.462970 0.910257
vt 0.417253 0.849980
vt 0.419017 1.204928
vt 0.466720 1.197860
vt 0.355943 1.254491
vt 0.401660 1.208328
vt 0.351144 1.217683
vt 0.457170 1.134102
vt 0.496895 1.186282
vt 0.490041 1.127040
vt 0.483458 1.074410
vt 0.477522 1.027099
vt 0.393670 1.146390
vt 0.411156 1.142973
vt 0.398726 1.043397
vt 0.474731 1.004614
vt 0.471412 0.978119
vt 0.469062 0.956540
vt 0.385020 0.972646
vt 0.407204 1.004668
vt 0.396201 0.724363
vt 0.410402 0.742055
vt 0.507498 1.282736
vt 0.502416 1.235672
vt 0.487061 1.282756
vt 0.482979 1.245956
vt 0.000006 7.646084
vt 2.014848 0.867919
vt 1.870308 1.013919
vt 1.683486 1.036510
vt 1.701313 1.475410
vt 1.571168 1.717190
vt 1.579387 2.262522
vt 1.614120 2.711152
vt 1.350626 0.982831
vt 1.350626 1.703022
vt 1.350626 2.455795
vt 1.125522 1.669065
vt 1.125522 2.408538
vt 1.125522 3.280294
vt 1.012969 1.693999
vt 1.012969 2.387131
vt 1.012969 3.340382
vt 0.900417 1.411933
vt 0.900417 1.833344
vt 0.900417 2.262522
vt 0.900417 2.872037
vt 1.697216 3.620902
vt 2.099826 2.928961
vt 0.600262 3.695571
vt 0.781951 4.515080
vt 0.729834 5.353798
vt 0.681157 5.714082
vt 0.679359 6.111823
vt 0.697251 6.880046
vt 0.600262 4.546988
vt 0.300107 5.308453
vt 0.490776 5.317833
vt 0.336764 5.722655
vt 0.338336 6.031015
vt 0.337352 6.372126
vt 0.045942 6.780093
vt 2.082326 6.488798
vt 2.068307 6.922189
vt 0.017607 6.998166
vt 0.009615 0.014657
vt 0.000012 0.000005
vt 0.061998 0.001989
vt 0.061275 0.009197
vt 0.095654 0.009973
vt 0.098031 0.000142
vt 0.138748 0.000011
vt 0.130145 0.008660
vt 0.144328 0.009955
vt 0.162871 0.002968
vt 0.180253 0.010000
vt 0.180238 0.000000
vt 0.025714 -0.000809
vt 0.025423 0.009184
vt -0.000028 0.000911
vt 0.020542 0.000281
vt 0.014458 0.009572
vt 0.000002 0.007068
vt 0.060686 0.000052
vt 0.042502 0.009966
vt 0.087590 0.000913
vt 0.063928 0.009907
vt -0.000000 0.000013
vt 0.023546 0.006522
vt -0.000082 0.009996
vt 0.033972 0.009939
vt -0.000412 0.003732
vt 0.035073 0.000015
vt -0.000018 -0.000007
vt 0.040997 0.002312
vt 0.000817 0.009967
vt 0.237751 0.601119
vt 0.201658 0.611971
vt 0.198131 0.576807
vt 0.219593 0.570764
vt 0.227059 0.528014
vt 0.215510 0.559101
vt 0.213043 0.516808
vt 0.194508 0.555699
vt 0.164694 0.529709
vt 0.181805 0.570518
vt 0.148412 0.556750
vt 0.160163 0.622719
vt 0.185698 0.616208
vt 0.000001 -0.000006
vt 0.041092 0.004308
vt -0.001045 0.009945
vt 0.087621 -0.007053
vt 0.088249 0.002933
vt -0.000004 -0.000057
vt 0.000628 0.009980
vt 0.000284 0.002477
vt 0.034167 -0.000055
vt 0.035313 0.009936
vt 0.001137 0.009935
vt -0.000006 -0.000052
vt 0.021099 0.003773
vt 0.049566 -0.002418
vt 0.050152 0.007617
vt 0.000515 0.008822
vt -0.000005 -0.000048
vt 0.034453 0.002489
vt 0.001131 0.009936
vt 0.000244 0.009996
vt 0.000009 0.000003
vt 0.053724 -0.002832
vt 0.054109 0.007202
vt -0.000678 0.009977
vt -0.000003 0.000003
vt 0.058080 0.009419
vt 0.058752 -0.000554
vt 0.032169 -0.001102
vt 0.031769 0.008886
vt -0.000369 0.009211
vt 0.183684 0.819680
vt 0.228412 0.786625
vt 0.223662 0.816912
vt 0.187927 0.861266
vt 0.270897 0.838339
vt 0.267901 0.804150
vt 0.194897 0.783826
vt 0.215971 0.761517
vt 0.264474 0.765801
vt 0.209798 0.727763
vt 0.260007 0.714491
vt 0.263156 0.748905
vt 0.266336 0.786545
vt -0.000005 -0.000040
vt 0.076590 0.000013
vt 0.001116 0.009938
vt 0.077711 0.009998
vt 0.041772 -0.000521
vt 0.040759 0.009468
vt 0.000002 -0.000017
vt -0.001009 0.009949
vt 0.000003 -0.000023
vt 0.046583 -0.000007
vt -0.001112 0.009938
vt 0.045470 0.009948
vt 0.022785 -0.000451
vt 0.023526 0.009545
vt -0.000004 -0.000047
vt 0.000740 0.009973
vt 0.269458 0.702162
vt 0.247973 0.707549
vt 0.261919 0.625189
vt 0.243198 0.660753
vt -0.000007 -0.000057
vt 0.035869 0.002454
vt 0.001141 0.009935
vt 0.087777 -0.008562
vt 0.088928 0.001429
vt 0.001144 0.009934
vt 0.083911 -0.000125
vt 0.082894 0.009830
vt -0.000256 0.002507
vt 0.001065 0.009943
vt -0.000002 -0.000017
vt 0.049056 0.002416
vt 0.010303 -0.000126
vt 0.004856 0.009942
vt 0.000001 -0.000023
vt -0.000115 0.001076
vt 0.048802 -0.000052
vt 0.047734 0.009914
vt 0.236547 0.950835
vt 0.227175 0.903290
vt 0.262292 0.943460
vt 0.258107 0.894941
vt 0.273634 0.853589
vt 0.276678 0.889367
vt 0.190003 0.876761
vt 0.226740 0.953518
vt 0.198194 0.960904
vt 0.031213 0.293073
vt 0.031213 0.397362
vt 0.002740 0.318330
vt -0.035355 0.332040
vt -0.035355 0.442917
vt 0.031213 0.501651
vt -0.035355 0.553795
vt 0.031213 0.605939
vt -0.035355 0.664673
vt 0.031213 0.710228
vt -0.035355 0.775550
vt 0.002740 0.789260
vt 0.031213 0.814517
vt 0.010000 -0.002253
vt 0.190000 0.015250
vt 0.010000 0.024816
vt 0.190000 0.045751
vt 0.029173 0.052218
vt 0.190000 0.076251
vt 0.190000 -0.015250
vt 0.010000 -0.024816
vt 0.190000 -0.045751
vt 0.029417 -0.052452
vt 0.190000 -0.076251
vt 0.031213 -0.852710
vt 0.031213 -0.748421
vt 0.002740 -0.827453
vt -0.035355 -0.813743
vt -0.035355 -0.702865
vt 0.031213 -0.644132
vt -0.035355 -0.591988
vt 0.031213 -0.539843
vt -0.035355 -0.481110
vt 0.031213 -0.435555
vt -0.035355 -0.370233
vt 0.002740 -0.356523
vt 0.031213 -0.331266
vt 0.066670 -0.465366
vt 0.036656 -0.301925
vt -0.078320 -0.293885
vt -0.136995 -0.451611
vt -0.262191 -0.392397
vt -0.182048 -0.243641
vt -0.364808 -0.299390
vt -0.259633 -0.158408
vt -0.275607 -0.140226
vt 0.252173 -0.397752
vt 0.146368 -0.266606
vt 0.338945 -0.327322
vt 0.259230 -0.168590
vt 0.235060 -0.193000
vt 0.440691 -0.165163
vt 0.267002 -0.145645
vt 0.302023 -0.035838
vt 0.471932 0.000000
vt 0.293672 0.079116
vt 0.451611 0.136995
vt 0.392397 0.262191
vt 0.243147 0.182708
vt 0.209390 0.418752
vt 0.157703 0.260062
vt 0.049613 0.300068
vt 0.046257 0.469659
vt 0.016363 0.308796
vt -0.092069 0.462864
vt -0.007369 0.304053
vt -0.119975 0.279479
vt -0.222467 0.416207
vt -0.215352 0.214769
vt -0.333706 0.333706
vt -0.427441 0.191069
vt -0.279803 0.119217
vt -0.304072 0.006544
vt -0.469659 -0.046257
vt -0.284673 -0.107068
vt -0.436008 -0.180601
vt -0.648474 0.122807
vt -0.452569 0.164722
vt -0.577646 0.319485
vt -0.368938 0.309576
vt -0.493412 0.437943
vt -0.240807 0.417090
vt -0.301074 0.587328
vt -0.083631 0.474298
vt -0.116586 0.649621
vt 0.078051 0.655369
vt 0.083631 0.474298
vt 0.265893 0.604070
vt 0.240807 0.417090
vt 0.430591 0.500191
vt 0.368938 0.309576
vt 0.565507 0.340511
vt 0.452569 0.164722
vt 0.625975 0.208338
vt 0.481614 0.000000
vt 0.659178 -0.032927
vt 0.452569 -0.164722
vt 0.620881 -0.223845
vt 0.528541 -0.395278
vt 0.368938 -0.309576
vt 0.390194 -0.532305
vt 0.240807 -0.417090
vt 0.217883 -0.622999
vt 0.083631 -0.474298
vt 0.012136 -0.659999
vt -0.083631 -0.474298
vt -0.140385 -0.644410
vt -0.240807 -0.417090
vt -0.358104 -0.554402
vt -0.368938 -0.309576
vt -0.504296 -0.425777
vt -0.606591 -0.260090
vt -0.452569 -0.164722
vt -0.656087 -0.071765
vt -0.481614 0.000000
vt 0.054138 -0.006429
vt 0.190000 0.001110
vt 0.050976 0.002251
vt -0.051054 0.001997
vt -0.190000 -0.000999
vt -0.054138 -0.006429
vt 0.007123 0.042637
vt 0.011786 0.068211
vt 0.002365 0.071580
vt 0.007423 -0.042539
vt 0.005784 -0.070795
vt 0.014595 -0.066564
vt 0.007468 -0.013622
vt 0.005883 0.014361
vt 0.302500 0.666607
vt -0.250000 0.664568
vt 0.302477 0.564857
vt 0.153197 0.561179
vt 0.302500 0.767945
vt -0.250000 0.785398
vt -0.250000 -0.785398
vt 0.302500 -0.802851
vt 0.302500 -0.701514
vt -0.250000 -0.664568
vt 0.302473 -0.599693
vt 0.157100 -0.598287
vt 0.145296 -0.587212
vt -0.250000 -0.543737
vt 0.143140 -0.501618
vt 0.152850 -0.486178
vt -0.250000 -0.422907
vt 0.302473 -0.482418
vt 0.302500 -0.380590
vt -0.250000 -0.302076
vt 0.302500 -0.279253
vt -0.250000 -0.181246
vt 0.302500 -0.177915
vt 0.157440 -0.074759
vt 0.302472 -0.076078
vt -0.250000 -0.060415
vt 0.145278 -0.063570
vt 0.143132 0.021960
vt -0.250000 0.060415
vt 0.152762 0.037395
vt 0.302472 0.041168
vt 0.302500 0.143009
vt -0.250000 0.181246
vt 0.302500 0.244346
vt -0.250000 0.302076
vt 0.302500 0.345684
vt -0.250000 0.422907
vt 0.302472 0.447526
vt 0.156916 0.448948
vt 0.145266 0.460060
vt 0.143126 0.544901
vt -0.250000 0.543737
vt 0.231522 -0.110880
vt 0.187575 -0.176097
vt 0.243440 -0.135572
vt 0.236771 -0.162166
vt 0.214612 -0.178312
vt 0.190000 0.001100
vt 0.050977 0.002254
vt -0.051038 0.002065
vt -0.190000 -0.000885
vt 0.007123 0.095475
vt 0.011786 0.121049
vt 0.002365 0.124418
vt 0.007423 0.010298
vt 0.005784 -0.017958
vt 0.014595 -0.013727
vt 0.007468 0.039216
vt 0.005883 0.067199
vt 0.187575 -0.176097
vt -0.051068 0.001944
vt -0.190000 -0.000935
vt 0.190000 0.001180
vt 0.050961 0.002317
vt 0.007123 -0.003596
vt 0.011786 0.021978
vt 0.002366 0.025347
vt 0.007423 -0.088772
vt 0.005784 -0.117028
vt 0.014595 -0.112797
vt 0.007468 -0.059855
vt 0.005882 -0.031872
vt 0.031213 -0.279818
vt 0.031213 -0.175529
vt 0.002740 -0.254561
vt -0.035355 -0.240852
vt -0.035355 -0.129974
vt 0.031213 -0.071241
vt -0.035355 -0.019096
vt 0.031213 0.033048
vt -0.035355 0.091781
vt 0.031213 0.137337
vt -0.035355 0.202659
vt 0.002740 0.216369
vt 0.031213 0.241625
vt 0.187575 -0.176097
vt 0.010000 -0.002253
vt 0.029174 0.052218
vt 0.029416 -0.052452
vt 0.010000 -0.002253
vt 0.029173 0.052217
vt 0.029416 -0.052452
vt 0.070711 0.824668
vt 0.070711 0.942478
vt -0.070711 0.942478
vt -0.070711 -0.942478
vt 0.070711 -0.942478
vt 0.070711 -0.824668
vt -0.070711 -0.797481
vt 0.070711 -0.706858
vt -0.070711 -0.652485
vt 0.070711 -0.589049
vt -0.070711 -0.507488
vt 0.070711 -0.471239
vt -0.070711 -0.362491
vt 0.070711 -0.353429
vt 0.070711 -0.235619
vt -0.070711 -0.217495
vt 0.070711 -0.117810
vt -0.070711 -0.072498
vt 0.070711 0.000000
vt -0.070711 0.072498
vt 0.070711 0.117810
vt -0.070711 0.217495
vt 0.070711 0.235619
vt -0.070711 0.362491
vt 0.070711 0.353429
vt 0.070711 0.471239
vt -0.070711 0.507488
vt 0.070711 0.589049
vt -0.070711 0.652485
vt 0.070711 0.706858
vt -0.070711 0.797481
vt -0.277674 -0.213067
vt -0.536921 -0.383697
vt -0.386635 -0.534895
vt -0.175000 -0.303109
vt -0.217109 -0.623269
vt -0.045684 -0.347006
vt -0.029366 -0.659346
vt 0.090587 -0.338074
vt 0.160841 -0.640102
vt 0.337552 -0.567150
vt 0.213067 -0.277674
vt 0.485941 -0.446611
vt 0.303109 -0.175000
vt 0.600752 -0.273139
vt 0.347006 -0.045684
vt 0.656551 -0.067388
vt 0.648321 0.123612
vt 0.338074 0.090587
vt 0.585694 0.304241
vt 0.277674 0.213067
vt 0.473924 0.459343
vt 0.175000 0.303109
vt 0.322390 0.575903
vt 0.143806 0.644143
vt 0.045684 0.347006
vt -0.062477 0.656954
vt -0.090587 0.338074
vt -0.269915 0.602284
vt -0.213067 0.277674
vt -0.431212 0.499656
vt -0.303109 0.175000
vt -0.556328 0.355105
vt -0.634765 0.180759
vt -0.347006 0.045684
vt -0.659942 -0.008754
vt -0.338074 -0.090587
vt -0.629747 -0.197532
vt -0.022518 0.685893
vt -0.015510 0.489943
vt -0.010457 0.685893
vt -0.000000 -0.685893
vt -0.015242 -0.489920
vt -0.010472 -0.685893
vt -0.022524 -0.685893
vt 0.000056 0.685964
vt 0.000006 -0.022077
vt 0.000000 0.022146
vt -0.006354 -0.007496
vt -0.022602 0.047889
vt -0.015836 -0.148070
vt -0.004143 0.047898
vt -0.022524 -1.323862
vt -0.010472 -1.323862
vt -0.014743 -1.127897
vt 0.000000 -1.323862
vt -0.005941 -0.019411
vt -0.002197 0.004748
vt -0.015121 -0.006492
vt -0.022521 1.459818
vt -0.015465 1.263859
vt -0.004872 1.459829
vt -0.000000 0.088064
vt -0.015245 0.284030
vt -0.010472 0.088064
vt -0.022605 0.088064
vt -0.006312 -0.019724
vt -0.002203 0.004762
vt -0.015226 -0.006391
vt 0.005889 1.156552
vt 0.005448 1.135415
vt 0.015855 1.147410
vt 0.015837 1.116083
vt 0.011004 0.963844
vt 0.015732 0.843744
vt 0.011474 0.588332
vt 0.015024 0.710556
vt 0.002929 0.694454
vt 0.002742 0.496629
vt 0.001046 0.826119
vt 0.003212 0.369429
vt -0.000000 0.257705
vt 0.003625 0.161070
vt 0.012316 0.080598
vt 0.008725 0.043781
vt -0.000075 1.112452
vt 0.018704 0.448735
vt 0.017397 0.330692
vt 0.017210 0.157965
vt 0.001963 0.844638
vt 0.008916 0.924856
vt 0.000000 1.013677
vt 0.003781 1.049920
vt 0.004701 1.097683
vt 0.009040 1.125780
vt 0.021201 1.087109
vt 0.017448 1.037628
vt 0.014127 0.006809
vt 0.015892 0.049840
vt 0.005205 0.051320
vt 0.003417 0.010570
vt 0.004966 0.272588
vt 0.017774 0.194975
vt 0.015351 0.329657
vt 0.006112 0.506991
vt 0.016540 0.497445
vt 0.001637 0.702325
vt 0.016858 0.652499
vt 0.017089 0.787543
vt 0.329991 -0.997994
vt 0.330000 -0.800325
vt 0.264965 -0.896784
vt 0.173781 -0.759920
vt 0.330000 -0.602657
vt 0.097067 -0.633459
vt 0.025111 -0.505695
vt 0.330000 -0.404988
vt -0.033358 -0.395845
vt -0.102671 -0.267094
vt 0.330000 -0.207320
vt -0.178190 -0.157690
vt 0.330000 -0.009652
vt -0.250053 -0.124980
vt -0.330000 -0.008788
vt -0.287469 -0.139497
vt -0.324323 -0.197435
vt 0.330000 0.188017
vt -0.330000 0.192566
vt 0.313742 0.379182
vt 0.329981 0.385668
vt 0.233180 0.391333
vt -0.330000 0.393920
vt 0.077776 0.451142
vt -0.330000 0.595275
vt -0.092979 0.585903
vt -0.169868 0.678618
vt -0.330000 0.796629
vt -0.237342 0.778026
vt -0.292584 0.884439
vt -0.329999 0.997985
vt 0.329944 -0.998052
vt 0.330000 -0.800352
vt 0.254746 -0.881860
vt 0.178120 -0.766670
vt 0.105972 -0.648648
vt 0.330000 -0.602679
vt 0.037752 -0.528417
vt 0.330000 -0.405006
vt -0.027537 -0.406634
vt -0.092511 -0.284671
vt 0.330000 -0.207333
vt -0.167757 -0.168782
vt 0.330000 -0.009661
vt -0.222056 -0.126207
vt -0.256561 -0.123498
vt -0.330000 -0.008789
vt -0.291006 -0.143203
vt -0.317368 -0.179787
vt -0.329996 -0.210144
vt 0.330000 0.188012
vt -0.330000 0.192564
vt 0.324855 0.383578
vt 0.233946 0.391125
vt -0.330000 0.393918
vt 0.097480 0.438670
vt -0.004959 0.503229
vt -0.330000 0.595272
vt -0.092939 0.585902
vt -0.169820 0.678591
vt -0.330000 0.796626
vt -0.237318 0.777995
vt -0.292520 0.884399
vt -0.330003 0.997979
vt -0.025853 -0.187004
vt -0.015791 -0.386624
vt -0.011359 -0.187005
vt -0.022197 -1.384737
vt -0.010472 -1.384737
vt -0.014863 -1.185107
vt -0.000001 -1.384717
vt -0.001769 0.051484
vt -0.006758 0.108100
vt -0.013900 0.069580
vt -0.000524 -0.038160
vt -0.015090 -0.068377
vt -0.007523 -0.103097
vt -0.026430 1.224918
vt -0.015667 1.025297
vt -0.005054 1.224918
vt -0.009173 0.027186
vt -0.015006 0.226814
vt -0.022198 0.027184
vt -0.001815 0.051238
vt -0.004904 0.108100
vt -0.013899 0.069579
vt -0.014809 -0.061966
vt -0.003723 -0.108100
vt -0.000919 -0.033525
vt -0.006657 -0.598859
vt -0.014863 -0.399236
vt -0.022197 -0.598866
vt -0.011838 0.598866
vt -0.031416 0.598866
vt -0.015668 0.399246
vt -0.001260 -0.031512
vt -0.004758 0.080117
vt -0.013899 0.069583
vt -0.015599 -0.031113
vt -0.008524 -0.106499
vt 0.001685 1.177600
vt 0.014265 1.094948
vt 0.015367 1.176113
vt 0.023098 0.945533
vt 0.016334 1.009027
vt 0.008959 0.915516
vt 0.023098 0.787944
vt 0.008639 0.741304
vt 0.023098 0.630355
vt 0.010574 0.572168
vt 0.017164 0.459532
vt 0.006907 0.355556
vt 0.001402 0.467024
vt 0.004552 1.036077
vt 0.000004 0.958331
vt 0.000000 0.838539
vt 0.012677 0.080073
vt 0.023098 0.157589
vt 0.010804 0.254768
vt 0.023098 0.315178
vt 0.011592 1.259895
vt 0.023096 0.083285
vt 0.015365 0.135861
vt 0.014167 0.045377
vt 0.015479 0.228575
vt 0.015393 0.371256
vt 0.001579 0.336567
vt 0.001379 0.494557
vt 0.000000 1.260691
vt 0.002669 1.240875
vt 0.014938 1.260691
vt 0.013256 1.232016
vt 0.023098 0.302365
vt 0.002868 0.246232
vt 0.001327 0.065303
vt 0.010907 0.000089
vt 0.002680 0.139424
vt 0.014333 0.526235
vt 0.001334 0.654451
vt 0.014207 0.688539
vt 0.001121 0.803129
vt 0.015086 0.825184
vt 0.001586 0.959849
vt 0.016095 0.964462
vt 0.008242 1.117790
vt 0.011534 1.184250
vt 0.004679 1.123225
vt 0.015172 1.102990
vt 0.015639 0.945420
vt 0.009088 0.821086
vt 0.023099 0.787850
vt 0.009421 0.695114
vt 0.023099 0.630280
vt 0.013880 0.540240
vt 0.023099 0.472710
vt 0.010142 0.372982
vt 0.023099 0.315140
vt 0.010598 0.254742
vt 0.023099 0.157570
vt 0.012733 0.080050
vt 0.004895 1.044277
vt 0.015751 1.024205
vt 0.002475 0.948727
vt 0.001382 0.545867
vt 0.008825 0.520771
vt 0.023811 0.124287
vt 0.021833 0.977130
vt 0.014616 1.407735
vt 0.090445 1.640995
vt 0.010844 2.311371
vt 0.052748 2.442296
vt 0.024640 5.067860
vt -0.000543 4.861819
vt 0.350385 5.259468
vt 0.126537 6.089919
vt 0.515712 6.453136
vt -0.141997 6.659429
vt 0.102294 0.139642
vt 0.356068 0.930277
vt 0.490801 5.570055
vt 0.662699 4.959275
vt 0.738646 5.592102
vt 0.799838 4.767628
vt 0.933145 4.803854
vt 1.010086 5.604314
vt 1.303927 4.506085
vt 1.365185 5.287459
vt 1.394580 5.979568
vt 0.886126 6.557933
vt 1.563321 6.725284
vt 0.726524 6.896143
vt 1.515401 7.105378
vt 0.357054 1.405167
vt 0.493173 1.833203
vt 0.372008 2.374228
vt 0.006064 2.926340
vt 0.367211 3.061591
vt 0.016682 3.439929
vt 0.023283 3.895287
vt 0.364628 3.587302
vt -0.216943 4.209084
vt 0.454199 4.430373
vt 0.025590 4.531476
vt 0.445429 4.861819
vt 0.515885 0.255466
vt 0.559059 3.609138
vt 0.658514 4.466513
vt 0.752906 0.297670
vt 0.550376 1.331392
vt 0.751427 1.397307
vt 0.759629 1.833203
vt 0.556514 2.353722
vt 0.762230 2.338147
vt 0.556015 3.063438
vt 0.761321 3.065438
vt 0.765658 3.643185
vt 0.990731 0.314335
vt 1.030360 0.549094
vt 1.191036 0.297304
vt 1.333064 0.820815
vt 1.192845 1.155347
vt 1.322548 1.745649
vt 1.107415 3.066905
vt 1.300247 2.338325
vt 1.333064 3.072487
vt 1.275649 3.705040
vt 1.584523 5.340685
vt 1.604459 5.957179
vt 1.372874 0.246327
vt 1.533023 0.695571
vt 1.533023 1.578457
vt 1.533023 2.583204
vt 1.533023 4.057944
vt 1.812735 5.882147
vt 1.845553 6.369612
vt 1.843565 6.565647
vt 1.849084 6.769622
vt 1.860663 6.984450
vt 1.862849 7.204234
vt 1.558843 7.457897
vt 1.820243 7.372724
vt 1.569907 0.165298
vt 1.633003 0.673524
vt 1.633003 1.603945
vt 1.633003 2.561461
vt 1.681986 4.195585
vt 1.833468 4.776084
vt 1.861820 5.413835
vt 1.704427 0.128534
vt 1.732983 0.678408
vt 1.772516 1.562858
vt 1.822704 2.453918
vt 1.801867 3.091995
vt 1.847318 3.775538
vt 1.866289 5.106609
vt 1.785948 0.126576
vt 1.799636 0.730206
vt 1.840326 4.226960
vt 1.866289 0.141665
vt 1.866289 0.862749
vt 1.866289 1.345055
vt 1.866289 1.822963
vt 1.866289 2.350653
vt 1.866289 2.848925
vt 1.866289 3.337341
vt 1.866289 5.713109
vt 1.866289 6.202315
vt 1.866289 7.641749
vt -0.010056 7.035761
vt 0.007863 1.841720
vt 0.599879 7.641749
vt 0.042064 7.507237
vt -0.000602 0.206992
vt -0.004794 7.383401
vt 0.049520 7.193375
vt 0.996295 1.098653
vt 0.982149 1.833203
vt 1.066451 2.323422
vt 1.066451 3.684254
vt 0.933145 2.327391
vt 0.933145 3.303970
vt 0.076450 5.553189
vt 0.900900 5.974039
vt 0.546293 5.940505
vt -0.182542 6.659429
vt 0.058484 5.859824
vt 0.000000 7.641749
vt 0.006249 7.507237
vt 0.329988 -0.760420
vt 0.330000 -0.562745
vt 0.264965 -0.659204
vt 0.173780 -0.522339
vt 0.330000 -0.365076
vt 0.097381 -0.396399
vt 0.023210 -0.264632
vt 0.330000 -0.167408
vt -0.032447 -0.159932
vt 0.330000 0.030260
vt -0.160782 0.055028
vt 0.330000 0.227929
vt -0.259610 0.112198
vt -0.330000 0.228792
vt -0.288506 0.096849
vt -0.328818 0.030624
vt 0.330000 0.425597
vt -0.330000 0.430146
vt 0.324858 0.621161
vt 0.233939 0.628708
vt -0.330000 0.631499
vt 0.097431 0.676248
vt -0.004987 0.740817
vt -0.330000 0.832853
vt -0.151371 0.893989
vt -0.330000 1.034206
vt -0.237317 1.015588
vt -0.292555 1.122006
vt -0.329998 1.235560
vt -0.022027 0.549090
vt 0.000071 0.663448
vt 0.030723 0.126514
vt 0.148275 0.149339
vt 0.251838 0.885951
vt 0.453269 0.238294
vt 0.364744 1.313720
vt 0.532722 2.703879
vt 0.655429 3.089485
vt 0.426245 3.376873
vt 0.660178 3.645344
vt 0.557268 4.501236
vt 0.377558 5.099765
vt 0.659575 5.005595
vt -0.019077 5.776475
vt 0.496685 5.803884
vt 0.762545 5.929024
vt 0.543516 6.476392
vt 0.550454 1.332123
vt 0.792017 0.329268
vt 0.751425 1.397335
vt 0.996282 1.098691
vt 0.759630 1.833191
vt 0.982160 1.833191
vt 0.762228 2.342627
vt 0.933143 2.331348
vt 0.799837 3.304948
vt 0.933143 3.323981
vt 0.799837 4.784499
vt 0.983659 4.843804
vt 0.706853 5.625636
vt 1.031860 5.642068
vt 1.001160 5.999176
vt 0.881872 6.544838
vt 0.713191 6.963407
vt 1.533753 6.721184
vt 0.045832 7.193325
vt 1.637191 7.156571
vt 0.016660 7.355178
vt 0.722629 7.627196
vt 1.622853 7.430632
vt 1.192847 1.155304
vt 1.129938 2.291123
vt 1.129467 2.916771
vt 1.066449 3.579725
vt 1.125132 0.304345
vt 1.343220 1.833191
vt 1.199755 3.823413
vt 1.432835 5.405854
vt 1.400294 0.549090
vt 1.376957 0.244679
vt 1.572006 0.169227
vt 1.633008 0.674825
vt 1.533026 1.195625
vt 1.633008 1.603874
vt 1.533026 2.039040
vt 1.633008 2.574078
vt 1.455830 3.055658
vt 1.633008 4.204122
vt 1.500461 4.034311
vt 1.714371 5.658130
vt 1.508843 5.987164
vt 1.791063 6.566855
vt 1.706225 0.128097
vt 1.732991 0.678708
vt 1.732991 1.500222
vt 1.816526 2.482819
vt 1.819066 3.342861
vt 1.732991 3.768729
vt 1.804178 4.434552
vt 1.733327 5.004129
vt 1.836304 6.256632
vt 1.839673 6.796791
vt 1.820103 7.040056
vt 1.786781 0.126641
vt 1.812293 0.796984
vt 1.823675 1.417246
vt 1.854990 2.103445
vt 1.876226 2.962884
vt 1.839089 4.033057
vt 1.837510 5.429939
vt 1.847590 5.812287
vt 1.866286 0.141664
vt 1.866220 0.719383
vt 1.866309 2.511956
vt 1.866293 3.773201
vt 1.866264 4.743354
vt 1.866317 5.176833
vt 1.866279 6.027556
vt 1.866309 6.390409
vt 1.866309 6.527920
vt 1.866309 7.357008
vt 1.866309 7.641698
vt 0.000000 7.081657
vt 0.006200 7.193326
vt 0.039791 0.294712
vt 0.102149 0.262948
vt -0.042821 6.903483
vt 0.012450 7.013976
vt 0.020256 6.901112
vt 0.004040 6.615102
vt -0.001119 6.029095
vt 0.075716 6.189067
vt 0.006200 6.565603
vt -0.073923 6.565600
vt 0.062002 5.470493
vt 0.007751 4.990230
vt 0.370037 4.469336
vt 0.013964 3.429502
vt 0.004546 2.779883
vt 0.368305 2.754883
vt 0.000807 3.145244
vt 0.022117 3.946250
vt 0.001664 2.261224
vt 0.490512 2.261224
vt 0.492955 1.833191
vt 1.433044 1.208224
vt 1.411129 2.344566
vt 1.333062 1.187182
vt 0.699851 4.533597
vt 0.117344 1.405157
vt 0.015272 1.777801
vt 0.013033 0.977123
vt 0.021272 1.394792
vt -0.014410 4.473322
vt 0.012480 1.156529
vt 0.005464 1.135373
vt 0.015726 1.136189
vt 0.015928 1.090388
vt 0.010279 0.955648
vt 0.021170 0.872602
vt 0.008167 0.826096
vt 0.021202 0.623982
vt 0.009811 0.662116
vt 0.007900 0.511578
vt 0.021218 0.432996
vt 0.018701 0.319331
vt 0.009512 0.042203
vt 0.011967 0.081913
vt 0.002699 0.191375
vt -0.000133 1.112622
vt 0.003013 0.371400
vt 0.017204 0.168651
vt 0.228886 1.019529
vt 0.258227 1.000008
vt 0.259851 1.019523
vt 0.175869 0.194438
vt 0.113031 0.463996
vt 0.000000 0.141841
vt 0.058544 0.713208
vt 0.329412 0.242593
vt 0.473018 0.282279
vt 0.449753 1.007695
vt 0.617985 0.309935
vt 0.599672 0.946909
vt 0.730582 0.887576
vt 0.883697 0.320989
vt 1.118349 0.294254
vt 1.318111 0.244924
vt 1.349263 0.829318
vt 1.508632 0.185398
vt 1.549154 0.853433
vt 1.696935 0.367546
vt 1.692729 0.617997
vt 1.906387 0.505965
vt 2.086314 0.424440
vt 2.059601 0.745734
vt 2.098854 0.978348
vt 1.011947 0.430081
vt 1.724880 0.137942
vt 1.925856 0.119616
vt 2.058427 0.118002
vt 2.098853 0.121208
vt 2.081369 1.440772
vt 2.061278 1.118898
vt 1.913467 0.868447
vt 1.749044 1.001560
vt 1.649099 0.997684
vt 0.299835 1.042460
vt 0.149917 1.027230
vt 0.037385 0.962476
vt 2.021246 3.161926
vt 1.893503 3.581914
vt 1.691806 3.246362
vt 1.562065 4.449998
vt 1.011947 4.703361
vt 1.124386 4.728867
vt 0.956921 5.520786
vt 0.626187 5.789167
vt 0.691781 6.079241
vt 0.334484 5.903955
vt 0.337043 6.376753
vt 0.040940 6.541002
vt 0.028530 6.774073
vt 1.937395 7.532734
vt 2.017339 7.363306
vt 2.098853 7.651271
vt 2.041299 2.712991
vt 2.098853 2.941462
vt 2.074728 3.499347
vt 2.087427 2.344128
vt 2.095550 4.534076
vt 2.064146 4.374049
vt 2.103284 4.049835
vt 1.747163 4.482768
vt 1.721622 6.500710
vt 1.574263 6.937125
vt 1.349263 6.592448
vt 0.978938 7.633055
vt 0.998560 7.129361
vt 2.048411 5.509981
vt 1.996046 5.896126
vt 1.900739 5.632048
vt 2.101851 6.622207
vt 2.180097 6.355987
vt 2.091020 6.984823
vt 0.054122 6.271370
vt 0.502668 5.438073
vt 0.742079 5.506149
vt 1.349263 4.722225
vt 1.549154 3.255509
vt 1.921061 2.264057
vt 2.125881 1.866167
vt 0.000000 6.403732
vt 0.078443 6.035107
vt 0.000000 5.939837
vt 0.092138 5.795033
vt 0.058108 5.447741
vt 0.086712 5.113048
vt 0.299835 5.356853
vt 0.299835 4.601223
vt 0.449753 4.762295
vt 0.759576 3.945719
vt 0.599672 4.560273
vt 0.623487 3.678753
vt 1.011947 3.343213
vt 0.899509 3.383445
vt 1.011947 2.388819
vt 1.124386 2.410278
vt 1.349263 2.457605
vt 1.349263 1.704335
vt 1.549154 1.662179
vt 1.699488 1.476761
vt 0.000000 5.424812
vt 0.149917 4.763272
vt 0.749590 2.876393
vt 0.899509 2.377047
vt 1.124386 1.670266
vt 0.035108 5.001306
vt 0.449753 3.703671
vt 0.626236 2.891257
vt 1.011947 1.695194
vt 0.076875 4.462180
vt 0.299835 3.719384
vt 0.749590 2.264057
vt 0.899509 1.834625
vt 0.000000 4.695742
vt 0.093831 3.880221
vt 0.449753 2.899553
vt 0.625694 2.264057
vt 0.749590 1.741183
vt 0.899509 1.413584
vt 0.000000 4.241993
vt 0.149917 3.329205
vt 0.299835 2.913109
vt 0.624787 1.834625
vt 0.000000 3.811702
vt 0.039285 3.465761
vt 0.060828 3.161926
vt 0.149917 2.442650
vt 0.299835 2.264057
vt 0.449753 2.264057
vt 0.449753 1.712948
vt 0.625095 1.476761
vt 0.046451 2.746131
vt 0.299835 1.834625
vt 0.057860 2.269563
vt 0.149917 1.669372
vt 0.299835 1.476761
vt 0.042437 1.437516
vt 1.917220 1.476761
vt 1.919557 1.834625
vt 1.698200 1.834625
vt 1.614900 2.264057
vt 1.124386 3.287866
vt 0.048433 1.833632
vt 1.612311 2.712991
vt 1.349263 3.258601
vt 0.899509 4.610057
vt 2.059646 4.950887
vt 1.579837 4.949508
vt 1.626993 5.571968
vt 1.593075 5.876883
vt 1.124386 5.729626
vt 0.939138 5.936951
vt 1.349263 5.575724
vt 1.349263 5.945282
vt 0.673247 7.073208
vt 0.026000 7.368118
vt 0.029134 7.003419
vt 0.010751 7.209929
vt 1.009065 6.615056
vt -0.010227 7.640728
vt 0.000000 0.121052
vt 0.054358 0.130742
vt -0.018961 0.481737
vt 0.003084 1.148193
vt -0.000023 0.804236
vt -0.027654 1.414117
vt 0.111806 1.639641
vt 0.000339 2.006354
vt 0.024175 2.261130
vt 0.019564 3.987131
vt 0.014566 3.493712
vt 0.092597 4.273358
vt 0.005374 4.927166
vt 0.014774 4.578843
vt 0.489234 5.007422
vt -0.244414 5.265094
vt 0.063665 7.506875
vt 0.036152 7.301026
vt 1.588942 7.506874
vt 0.599786 7.641380
vt 0.202274 0.163346
vt 0.250496 0.884918
vt 0.452222 4.459031
vt 0.137536 5.738906
vt 0.104579 6.033148
vt 0.573189 5.956433
vt 0.335395 6.526610
vt 0.356589 1.405099
vt 0.492897 1.833114
vt 0.448984 2.301496
vt 0.068344 2.590569
vt 0.419168 2.740955
vt 0.009983 2.900541
vt 0.366313 3.307158
vt 0.016466 6.976081
vt 0.613408 6.719317
vt 0.839781 7.013684
vt 1.428557 7.308877
vt 1.846716 7.372368
vt 1.866774 7.641380
vt 0.419816 0.926839
vt 0.514049 0.269095
vt 0.552938 1.405099
vt 0.654968 2.261130
vt 0.655406 2.641503
vt 0.567015 3.388078
vt 0.650267 4.539373
vt 0.782816 4.737578
vt 0.647723 5.553486
vt 0.776900 5.679617
vt 0.932632 6.662206
vt 0.751551 1.397252
vt 0.759761 1.833114
vt 0.699916 3.335647
vt 0.948757 5.950986
vt 0.916699 0.309843
vt 1.017510 0.708348
vt 1.192315 0.298522
vt 0.955995 1.405099
vt 0.986438 1.833114
vt 0.800046 2.311305
vt 1.533422 0.699279
vt 1.365415 0.261435
vt 1.563529 0.167894
vt 1.633428 0.682459
vt 1.695160 0.129947
vt 1.733433 0.685581
vt 1.774669 0.125657
vt 1.800104 0.727386
vt 1.866774 0.141658
vt 1.866774 0.882938
vt 1.866774 1.308349
vt 1.766451 1.530689
vt 1.866774 2.174415
vt 1.766983 2.511779
vt 1.533422 2.410018
vt 1.633428 1.957125
vt 1.533422 3.536945
vt 1.333410 2.879510
vt 1.119836 3.161957
vt 1.106066 3.733284
vt 0.987985 4.753854
vt 1.684335 3.413806
vt 1.271775 4.044419
vt 0.957380 3.580269
vt 0.985987 5.529692
vt 1.867845 2.956286
vt 1.831962 3.420718
vt 1.866774 3.875205
vt 1.796709 3.938800
vt 1.810105 4.379412
vt 1.790715 5.102757
vt 1.633428 4.413772
vt 1.564826 5.438504
vt 1.329542 5.415992
vt 1.572354 5.938935
vt 1.866774 4.848965
vt 1.866774 5.319905
vt 1.894882 5.733511
vt 1.866762 5.986815
vt 1.778314 5.957375
vt 1.866774 6.201645
vt 1.845278 6.368402
vt 1.738934 6.745457
vt 1.822531 6.565331
vt 1.866755 6.800093
vt 1.864704 6.983074
vt 1.820628 7.199102
vt -0.000698 7.272605
vt 0.005263 7.372368
vt 0.000719 7.428791
vt -0.840000 0.630678
vt -0.010000 0.527352
vt -0.010000 0.630678
vt 0.011521 7.193026
vt -0.000707 7.081358
vt 0.005263 7.193026
vt -0.840000 0.514526
vt -0.113053 6.789508
vt -0.009736 6.502154
vt 0.005219 5.605006
vt 0.019841 4.309474
vt -0.000709 2.688832
vt 0.011521 7.641380
vt 0.011521 7.506874
vt 0.005263 7.641380
vt 0.005263 7.506874
vt 1.533422 1.578383
vt 1.309605 1.294957
vt 1.320188 1.833114
vt 1.321862 2.261130
vt 1.184611 1.026701
vt 1.113930 2.646171
vt 0.969979 2.300721
vt 0.800046 2.903365
vt 0.956847 2.895773
vt 0.004990 3.168096
vt 0.800046 3.543709
vt 1.472439 6.923507
vt 0.000719 7.641380
vt 0.283644 0.981677
vt 0.268304 0.991853
vt 0.276883 0.961550
vt 0.245013 0.977791
vt 0.246653 0.961550
vt -0.721209 -1.796312
vt -0.368359 -1.696112
vt -0.732433 -1.728515
vt -1.131436 -3.377663
vt -0.603855 -3.450995
vt -0.596531 -3.261376
vt -0.005967 -2.357088
vt -0.262070 -2.302779
vt -0.759861 -2.310072
vt -0.000932 -2.199179
vt -1.089966 -2.278163
vt -0.010000 0.389438
vt -1.088351 -2.661633
vt -0.011513 -2.672743
vt -0.283975 -2.614964
vt -1.087923 -2.508628
vt -0.002421 -2.512957
vt -0.388939 -1.603166
vt -0.296526 -1.488386
vt -0.365741 -1.428955
vt -0.173798 -1.606408
vt -0.177722 -1.751537
vt -0.348513 -1.774218
vt -0.236203 -1.883725
vt -0.004227 -3.299957
vt -0.014190 -3.461601
vt -0.005770 -3.143907
vt -0.604855 -3.046228
vt -0.610839 -2.904537
vt -0.306669 -2.863246
vt -0.537129 -2.802353
vt 0.000000 -4.321768
vt -1.090000 -4.484034
vt -0.000000 -4.555310
vt 0.000000 4.476009
vt -1.090000 4.550885
vt -1.093856 4.319179
vt -0.000000 4.241150
vt -1.090000 -4.250941
vt 0.000000 -4.008914
vt -1.090000 -3.942163
vt -0.006263 -3.657856
vt -1.090000 -3.621475
vt 0.000000 -2.888195
vt -0.001806 -2.041786
vt -0.337118 -2.142492
vt 0.000000 -1.644101
vt -0.007574 -1.886858
vt -0.000000 -1.413717
vt -0.374667 -1.331040
vt -0.004834 -1.196317
vt -0.360406 -1.221289
vt -1.093859 -1.147197
vt -1.090000 -0.921898
vt 0.000000 -0.859270
vt -1.090000 -0.613145
vt 0.000000 -0.546397
vt -1.090000 -0.304369
vt 0.000000 -0.233542
vt -1.090000 0.004425
vt 0.000000 0.079300
vt -1.095166 0.236128
vt -0.000000 0.314159
vt -1.131429 0.266600
vt -1.131408 0.459107
vt 0.000000 0.554744
vt -1.131408 0.644482
vt -1.095488 0.674924
vt 0.000000 0.857212
vt -1.090000 0.912905
vt 0.000000 1.170172
vt -1.090000 1.136039
vt -1.090000 1.369111
vt -0.000000 1.413717
vt -0.538970 1.520169
vt -1.090000 1.662510
vt -0.605466 1.629747
vt -0.635333 1.784322
vt -1.090000 1.904551
vt -0.515695 1.920462
vt -0.650766 2.010013
vt 0.000000 1.641880
vt -0.425620 1.597132
vt -0.418797 1.757256
vt 0.000000 1.952996
vt -0.527166 2.063659
vt 0.000000 2.275465
vt -0.418451 2.193208
vt -0.436035 2.310530
vt -0.418858 2.482143
vt 0.000000 2.599950
vt -0.457521 2.659883
vt -0.425510 2.789698
vt 0.000000 2.910776
vt -0.445640 2.943502
vt -0.411134 3.068682
vt -0.000000 3.141593
vt -1.090000 3.183775
vt 0.000000 3.385137
vt -1.090000 3.419270
vt -1.090000 3.642405
vt 0.000000 3.698098
vt -1.094324 3.880376
vt 0.000000 4.000566
vt -1.131413 3.910832
vt -1.131408 4.096138
vt -1.131408 4.288730
vt -1.092808 -3.408119
vt -0.671950 2.972040
vt -1.090000 2.890467
vt -0.661437 2.799609
vt -1.090000 2.650759
vt -0.681772 2.633762
vt -1.095486 2.497048
vt -0.650825 2.449850
vt -1.131408 2.466606
vt -0.662154 2.330383
vt -1.131408 2.278303
vt -0.648697 2.175868
vt -1.131400 2.088695
vt -1.092489 2.058253
vt -1.131408 -1.177642
vt -1.131408 -1.364798
vt -1.131406 -1.555546
vt -0.425824 -1.471338
vt -1.091651 -1.585995
vt -1.090000 -1.821400
vt -1.088665 -2.047264
vt -0.711753 -1.960629
vt -0.705309 -1.867656
vt -1.081060 -2.813638
vt -1.092417 -2.969319
vt -1.131408 -2.999765
vt -1.131408 -3.187565
vt -0.840000 0.285729
vt -0.010000 0.251528
vt -0.591142 2.549246
vt -0.617998 1.703482
vt -0.000000 -0.013216
vt -0.019231 -0.032279
vt -0.000000 -0.136784
vt -0.020382 -0.092168
vt 0.019231 0.032279
vt 0.020374 0.092350
vt -0.000000 0.013216
vt -0.000000 0.136784
vt 0.000000 -0.332019
vt -0.006306 -0.327791
vt -0.000549 -0.403278
vt -0.000000 -0.261012
vt -0.013216 0.000000
vt -0.066458 0.046070
vt -0.103753 0.000000
vt -0.004157 -0.049411
vt -0.050134 -0.087089
vt 0.062330 0.075000
vt 0.018230 0.113746
vt -0.000000 0.075090
vt -0.075000 0.062330
vt -0.136784 0.000000
vt 0.034450 -0.007983
vt 0.075000 -0.062330
vt 0.136784 0.000000
vt -0.062330 -0.075000
vt 0.013216 0.000000
vt -0.000000 0.408475
vt -0.006306 0.341696
vt 0.000000 0.332434
vt -0.000542 0.266143
vt -0.046070 -0.066458
vt -0.000000 -0.103753
vt 0.049371 -0.004105
vt 0.087089 -0.050134
vt 0.120694 -0.016232
vt 0.110691 -0.000193
vt -0.018045 -0.036817
vt -0.120694 0.016232
vt -0.110633 0.000102
vt 0.018228 0.036440
vt -0.113746 0.018230
vt -0.075090 0.000000
vt 0.007592 0.034695
vt -0.050098 -0.087125
vt -0.009564 -0.059417
vt -0.096039 0.000000
vt -0.069207 0.041798
vt 0.016232 0.120694
vt 0.000117 0.110643
vt 0.036334 -0.018279
vt 0.000000 1.009074
vt -0.006306 1.011183
vt -0.000548 0.935683
vt -0.000000 1.077962
vt 0.066458 -0.046070
vt 0.103753 0.000000
vt 0.004147 0.049403
vt 0.050134 0.087089
vt -0.018230 -0.113746
vt -0.000000 -0.075090
vt -0.034487 0.007925
vt 0.087125 -0.050098
vt 0.059368 -0.009467
vt -0.000000 -0.096039
vt -0.042076 -0.068988
vt -0.032279 0.019231
vt -0.092350 0.020374
vt 0.032279 -0.019231
vt 0.092350 -0.020374
vt -0.064983 0.036602
vt 0.004424 -0.009359
vt 0.046492 0.000096
vt -0.008485 0.009359
vt -0.000000 -0.100405
vt -0.022678 -0.107834
vt 0.064983 -0.036602
vt -0.000000 0.100405
vt 0.022678 0.107834
vt 0.036637 0.063253
vt 0.046492 0.000095
vt -0.100405 0.000000
vt -0.107842 0.022706
vt 0.113746 -0.018230
vt 0.075090 0.000000
vt -0.007610 -0.034684
vt 0.000000 -1.004748
vt -0.006306 -0.997278
vt -0.000540 -1.072854
vt -0.000000 -0.930499
vt 0.046070 0.066458
vt -0.000000 0.103753
vt -0.049357 0.004086
vt -0.087089 0.050134
vt -0.001528 -0.111523
vt -0.067059 0.003524
vt -0.032946 0.019904
vt 0.050098 0.087125
vt 0.009564 0.059417
vt 0.096039 0.000000
vt 0.069207 -0.041798
vt 0.046397 -0.000333
vt 0.100405 0.000000
vt 0.107842 -0.022706
vt -0.036637 -0.063253
vt -0.087125 0.050098
vt -0.059368 0.009467
vt -0.000000 0.096039
vt 0.042076 0.068988
vt 0.000000 19.290329
vt -0.000002 19.116365
vt 0.043513 19.122446
vt 0.040868 19.309658
vt 0.010927 19.541389
vt 0.043505 19.523005
vt 0.043110 19.856495
vt 0.004551 19.860662
vt 0.000000 20.102375
vt 0.043505 20.102375
vt 0.042902 -0.015084
vt 0.000103 -0.013325
vt 0.002674 -0.062362
vt 0.042460 -0.084427
vt 0.000067 -0.177650
vt 0.041735 -0.167053
vt 0.000046 -0.114487
vt 0.043505 1.474342
vt 0.000005 1.480418
vt 0.043505 1.281112
vt 0.006095 1.248826
vt 0.041446 1.017591
vt 0.010281 0.922263
vt 0.043505 0.816106
vt 0.000029 0.496318
vt 0.043505 0.503924
vt 0.100000 0.159642
vt -0.192979 0.155317
vt 0.100000 0.090000
vt -0.193794 0.100458
vt -0.193878 0.056462
vt 0.100000 0.020348
vt -0.192710 0.012664
vt 0.944897 -0.100000
vt 0.942753 0.192080
vt 0.522879 0.148251
vt 0.203355 0.074159
vt 0.204450 0.000000
vt 0.000000 0.003854
vt 0.204450 -0.100000
vt 0.000365 0.193210
vt 0.036030 0.167980
vt 0.036006 0.217190
vt 0.000127 0.263181
vt 0.036017 0.262221
vt 0.035952 0.426874
vt -0.000001 0.418338
vt 0.035830 0.365296
vt -0.000067 0.332788
vt 0.036006 0.311650
vt 0.041804 19.768528
vt 0.041909 19.955942
vt 0.000000 19.955942
vt 0.000985 19.669987
vt 0.041909 19.568449
vt 0.041909 19.441498
vt 0.000000 19.441498
vt 0.000069 0.750355
vt 0.043068 0.782347
vt 0.000081 0.830823
vt 0.043230 0.834140
vt 0.042741 0.729717
vt 0.000235 0.688262
vt 0.000756 0.624495
vt 0.043171 0.651265
vt -0.000066 0.537804
vt 0.043301 0.579658
vt 0.043042 0.535134
vt 0.000317 0.915737
vt 0.000000 0.662424
vt 0.041937 0.662424
vt 0.041937 0.861722
vt 0.041937 1.169285
vt 0.000000 1.176879
vt -0.100000 -0.129463
vt 0.188068 -0.124975
vt -0.100000 -0.059516
vt 0.191687 -0.050230
vt -0.100000 0.019394
vt 0.192527 0.003770
vt 0.191560 0.057011
vt -0.100000 0.075880
vt 0.188101 0.125984
vt -0.100000 0.129735
vt 4.381775 2.972799
vt 4.179662 2.903086
vt 4.424081 2.853302
vt 4.427468 -2.927275
vt 4.419010 -3.040358
vt 4.628130 -2.984409
vt 3.974546 2.849009
vt 4.204298 2.818398
vt 3.770087 2.823718
vt 3.885774 2.760877
vt 3.582529 2.798825
vt 3.582529 2.673182
vt 3.785210 2.672383
vt 3.797096 2.712343
vt 3.582529 2.552206
vt 3.796204 2.524015
vt 3.849221 2.595050
vt 3.798995 2.629303
vt 4.006676 2.568536
vt 4.157907 2.446480
vt 4.424745 2.487326
vt 4.628130 2.420619
vt 4.474111 2.503216
vt 4.527354 2.605115
vt 4.628130 2.608424
vt 4.628130 2.794448
vt 4.210813 2.532528
vt 4.520092 2.250839
vt 4.628130 2.230745
vt 4.569193 2.119514
vt 4.546328 1.952990
vt 4.628130 2.038994
vt 4.628130 1.681500
vt 4.390463 1.808680
vt 4.419817 1.664949
vt 4.110296 1.700481
vt 4.101192 1.600194
vt 3.765416 1.628447
vt 3.804556 1.530598
vt 3.582529 1.609707
vt 3.582529 1.485975
vt 3.787654 1.471482
vt 3.582529 1.363088
vt 3.745723 1.348235
vt 4.210653 1.347717
vt 3.866525 1.399521
vt 4.090917 1.276035
vt 4.387580 1.165482
vt 4.413968 1.297534
vt 4.529128 1.054029
vt 4.628130 1.126260
vt 4.569193 0.930393
vt 4.628130 0.932928
vt 4.560841 0.796314
vt 4.628130 0.737151
vt 4.529570 0.731647
vt 4.628130 0.551952
vt 4.424603 0.476970
vt 4.497228 0.428333
vt 4.225449 0.547417
vt 4.216319 0.440752
vt 3.949022 0.472583
vt 3.863769 0.377388
vt 3.728073 0.425268
vt 3.582529 0.420589
vt 3.582529 0.299656
vt 3.804568 0.339882
vt 3.786304 0.280966
vt 3.818436 0.232264
vt 3.867593 0.209242
vt 3.767883 0.150751
vt 3.998864 0.123803
vt 4.189077 0.153595
vt 4.469291 0.124773
vt 4.413353 0.108547
vt 4.628130 -0.008540
vt 4.628130 0.196519
vt 4.513537 0.177342
vt 3.582529 0.173970
vt 4.234096 0.049859
vt 4.519471 -0.127155
vt 4.628130 -0.178338
vt 4.569192 -0.258709
vt 4.546306 -0.425283
vt 4.628130 -0.364381
vt 4.628130 -0.552635
vt 4.295935 -0.613805
vt 4.423869 -0.713894
vt 4.628130 -0.738071
vt 4.152493 -0.764892
vt 3.989923 -0.718875
vt 3.755594 -0.747193
vt 3.860032 -0.812822
vt 3.807452 -0.832738
vt 3.582529 -0.768529
vt 3.582529 -0.892591
vt 3.787084 -0.909438
vt 3.791421 -0.863528
vt 3.582529 -1.015148
vt 3.806751 -0.947691
vt 3.765570 -1.030404
vt 3.857257 -0.975717
vt 4.010321 -1.000592
vt 4.210864 -1.033553
vt 4.004041 -1.080211
vt 4.424242 -1.079622
vt 4.335612 -1.187102
vt 4.628130 -1.290351
vt 4.474071 -1.064202
vt 4.527327 -0.962275
vt 4.628130 -0.933877
vt 4.529042 -1.324099
vt 4.569194 -1.447831
vt 4.628130 -1.499351
vt 4.546269 -1.614432
vt 4.628130 -1.665452
vt 4.408433 -1.751871
vt 4.221340 -1.831559
vt 4.258189 -1.930875
vt 4.006660 -1.892020
vt 4.048267 -1.974743
vt 3.849189 -2.006337
vt 3.776475 -1.943489
vt 3.797170 -2.044088
vt 3.582529 -2.082128
vt 3.785500 -2.087572
vt 3.748242 -2.224888
vt 3.816896 -2.143549
vt 3.872019 -2.169277
vt 3.989791 -2.255713
vt 4.216149 -2.222970
vt 4.224485 -2.323118
vt 4.421579 -2.270356
vt 4.529862 -2.514757
vt 3.582529 -1.957647
vt 3.582529 -2.204266
vt 4.628130 -2.419739
vt 4.564432 -2.596789
vt 4.628130 -2.780352
vt 4.572224 -2.701300
vt 4.536339 -2.825378
vt 4.628130 2.916999
vt 4.480901 2.831108
vt 4.521541 2.757699
vt 4.628130 -2.240350
vt 4.484770 -2.241663
vt 4.628130 -2.039915
vt 4.530002 -2.112063
vt 4.509030 -1.964829
vt 4.628130 -1.850768
vt 4.435874 -1.906317
vt 4.521534 -0.809628
vt 4.480899 -0.736202
vt 4.534454 0.296182
vt 4.628130 1.308026
vt 4.481253 1.327692
vt 4.532144 1.436853
vt 4.628130 1.473425
vt 4.531525 1.536353
vt 4.490950 1.627633
vt 3.815509 1.424843
vt 3.861832 1.566577
vt 3.828364 2.741430
vt 0.000000 19.290340
vt -0.000002 19.116379
vt 0.043512 19.122456
vt 0.038057 19.251225
vt 0.043505 19.513889
vt 0.010927 19.541397
vt 0.042283 19.774839
vt 0.004552 19.860685
vt 0.043505 20.098753
vt 0.000000 20.102386
vt 0.042902 -0.014977
vt 0.000103 -0.013329
vt 0.002676 -0.062359
vt 0.042472 -0.084430
vt 0.000067 -0.177651
vt 0.042777 -0.185426
vt 0.040570 -0.146497
vt 0.000047 -0.114484
vt 0.043505 1.473916
vt 0.000021 1.479988
vt 0.037524 1.287315
vt 0.004385 1.133927
vt 0.038889 0.936573
vt 0.043505 0.646385
vt 0.003294 0.726606
vt 0.043505 0.493982
vt 0.000000 0.493982
vt 0.803686 0.000000
vt 1.008136 0.004324
vt 0.849276 0.062090
vt 0.606207 0.124973
vt 0.063238 -0.100000
vt 0.803686 -0.100000
vt 0.289251 0.174404
vt 0.063238 0.192225
vt 0.100000 0.159642
vt -0.192979 0.155316
vt 0.100000 0.090000
vt -0.193794 0.100458
vt -0.193879 0.056461
vt 0.100000 0.020348
vt -0.192710 0.012667
vt 0.944897 0.192225
vt 0.722401 0.174837
vt 0.320536 0.103931
vt 0.000000 0.005477
vt 0.000000 19.116386
vt 0.043494 19.122461
vt 0.000000 19.290344
vt 0.041452 19.323107
vt 0.010928 19.541405
vt 0.042528 19.667637
vt 0.043505 19.952688
vt 0.004551 19.860697
vt 0.000000 20.102394
vt 0.043505 20.102394
vt 0.042902 -0.014965
vt 0.000103 -0.013326
vt 0.002676 -0.062359
vt 0.042460 -0.084431
vt 0.000067 -0.177651
vt 0.041735 -0.167020
vt 0.000047 -0.114484
vt 0.043505 1.473915
vt 0.000021 1.479988
vt 0.038891 1.241112
vt 0.004386 1.133924
vt 0.041358 0.873272
vt 0.003295 0.726608
vt 0.043505 0.503141
vt 1.008136 0.002489
vt 0.849279 0.062089
vt 0.606206 0.124973
vt 0.289248 0.174404
vt 0.100000 0.159643
vt -0.192979 0.155316
vt 0.100000 0.090000
vt -0.193794 0.100458
vt -0.193879 0.056461
vt 0.100000 0.020348
vt -0.192710 0.012665
vt 0.722400 0.174837
vt 0.320539 0.103932
vt 0.000000 0.005479
vt 0.000018 19.122734
vt 0.043534 19.128000
vt 0.043505 19.324348
vt 0.000176 19.430351
vt 0.043505 19.520702
vt 0.003368 19.743481
vt 0.043505 19.717056
vt 0.043260 19.964859
vt 0.000000 20.108212
vt 0.043505 20.108212
vt 0.042834 0.177325
vt 0.001519 0.180532
vt 0.001414 0.114511
vt 0.042676 0.089618
vt 0.001769 0.064842
vt 0.042788 0.014711
vt 0.000009 0.016943
vt 0.043505 1.473914
vt 0.000020 1.479987
vt 0.038345 1.280406
vt 0.004387 1.133915
vt 0.043505 1.070469
vt 0.040367 0.828859
vt 0.003296 0.726615
vt 0.043505 0.495044
vt 1.007739 0.005304
vt 0.722500 0.097750
vt 0.415980 0.157402
vt -0.100000 0.020346
vt 0.192986 0.024953
vt -0.100000 0.089988
vt 0.193840 0.101090
vt -0.100000 0.159641
vt 0.192756 0.166124
vt 0.722394 0.174837
vt 0.320546 0.103935
vt 0.000000 0.003853
vt -0.000002 19.116360
vt 0.043502 19.122438
vt 0.042036 19.336084
vt 0.010927 19.541386
vt 0.043505 19.560654
vt 0.040490 19.787716
vt 0.004551 19.860659
vt 0.043505 19.979877
vt 0.000000 20.102367
vt 0.043505 20.102367
vt 0.042902 -0.014885
vt 0.000103 -0.013330
vt 0.002675 -0.062362
vt 0.042448 -0.084432
vt 0.000067 -0.177649
vt 0.041734 -0.167082
vt 0.000046 -0.114487
vt 0.000021 1.479986
vt 0.039590 1.266727
vt 0.004387 1.133914
vt 0.043505 1.038380
vt 0.041272 0.689758
vt 0.003296 0.726620
vt 1.008136 0.001651
vt 0.849273 0.062091
vt 0.606203 0.124975
vt 0.289265 0.174404
vt 0.100000 0.159642
vt -0.192979 0.155315
vt 0.100000 0.090000
vt -0.193794 0.100458
vt -0.193878 0.056462
vt 0.100000 0.020348
vt -0.192710 0.012668
vt 0.722389 0.174836
vt 0.320547 0.103936
vt 0.000000 0.002414
vt 0.041819 19.758121
vt 0.000985 19.669991
vt 0.041909 19.444801
vt 0.000011 0.528922
vt 0.042615 0.532039
vt 0.041055 0.589756
vt 0.000719 0.585567
vt 0.000021 0.654497
vt 0.039379 0.670644
vt 0.000024 0.742222
vt 0.042508 0.749147
vt 0.043237 0.822787
vt 0.000047 0.829364
vt 0.000317 0.915735
vt 0.041937 0.792306
vt 0.041937 1.013834
vt 0.041937 1.176879
vt -0.000003 0.191092
vt 0.035979 0.196115
vt 0.000010 0.243600
vt 0.035895 0.262672
vt 0.036060 0.316578
vt 0.000591 0.296288
vt 0.000230 0.360534
vt 0.036023 0.391435
vt 0.000140 0.436160
vt 0.036060 0.446862
vt 0.509391 0.186282
vt 0.261872 0.154943
vt 0.509391 -0.100000
vt 0.000000 -0.100000
vt -0.000214 0.101988
vt -0.100000 0.023099
vt 0.097595 0.018160
vt 0.088420 0.061355
vt -0.100000 0.087119
vt 0.083819 0.107222
vt -0.100000 0.154407
vt 0.086323 0.163256
vt -0.100000 0.218953
vt 0.098165 0.226082
vt 0.000148 0.191734
vt 0.036061 0.185708
vt 0.001159 0.238377
vt 0.032838 0.241811
vt 0.034762 0.275113
vt 0.035274 0.330178
vt -0.000000 0.293895
vt 0.000648 0.366101
vt 0.033230 0.378345
vt 0.036066 0.437012
vt 0.000165 0.432585
vt 0.041804 19.768547
vt 0.000985 19.669987
vt 0.000057 0.750835
vt 0.043061 0.782877
vt 0.000074 0.831343
vt 0.043233 0.834836
vt 0.042698 0.730220
vt 0.000253 0.688841
vt 0.000755 0.624955
vt 0.043168 0.651716
vt -0.000070 0.538195
vt 0.043302 0.580055
vt 0.043043 0.534990
vt 0.000317 0.915736
vt 0.041937 0.891225
vt -0.100000 -0.129466
vt 0.188064 -0.124977
vt -0.100000 -0.059520
vt 0.191688 -0.050242
vt -0.100000 0.019390
vt 0.192533 0.003861
vt 0.191556 0.057003
vt 0.188101 0.125956
vt -0.100000 0.129736
vt 0.043144 0.833244
vt 0.000446 0.831984
vt 0.042358 0.763673
vt 0.001247 0.747279
vt 0.042630 0.686402
vt 0.000319 0.661461
vt 0.043205 0.624203
vt 0.043144 0.576027
vt 0.000506 0.596686
vt 0.000272 0.536798
vt 0.043120 0.525481
vt 0.000317 0.915737
vt 0.041937 0.829789
vt 0.041937 1.174688
vt 0.035880 0.183664
vt 0.035072 0.253426
vt 0.000307 0.244126
vt 0.002920 0.285146
vt 0.033998 0.326612
vt 0.000628 0.332607
vt 0.000113 0.388955
vt 0.036034 0.393622
vt 0.035981 0.445803
vt -0.000002 0.444660
vt 0.000298 0.187338
vt 0.041788 19.758453
vt 0.000985 19.669991
vt 0.261871 0.154943
vt -0.000156 0.102003
vt -0.100000 0.022118
vt 0.098326 0.015599
vt 0.088536 0.062532
vt -0.100000 0.086457
vt 0.083873 0.099647
vt 0.083872 0.139150
vt -0.100000 0.157208
vt 0.089889 0.188009
vt -0.100000 0.220375
vt 0.099969 0.233620
vt 0.508575 0.102130
vt 0.279155 0.149817
vt 0.000000 0.186203
vt 0.041805 19.768280
vt 0.000985 19.669989
vt 0.041909 19.444527
vt 0.043043 0.838127
vt 0.000249 0.831589
vt 0.041575 0.770801
vt 0.000207 0.745718
vt 0.043134 0.711622
vt 0.000296 0.683915
vt 0.043036 0.662742
vt 0.000271 0.621482
vt 0.041007 0.588751
vt 0.000129 0.536365
vt 0.041900 0.526358
vt 0.000319 0.915754
vt 0.000000 0.662444
vt 0.041937 0.662444
vt 0.041937 0.966211
vt 0.000000 1.176904
vt 0.041937 1.176904
vt 0.000093 0.026510
vt 0.035260 0.024498
vt 0.002164 0.083438
vt 0.036034 0.092448
vt 0.000211 0.136408
vt 0.000195 0.180248
vt 0.034858 0.166685
vt 0.035985 0.229861
vt -0.000057 0.230757
vt -0.000007 0.279789
vt 0.036051 0.282068
vt 0.261870 0.154943
vt 0.000253 0.102107
vt -0.100000 0.021859
vt 0.098671 0.013908
vt 0.088486 0.062193
vt -0.100000 0.068962
vt 0.083766 0.106595
vt -0.100000 0.121556
vt 0.084373 0.145249
vt -0.100000 0.172406
vt 0.090059 0.188768
vt -0.100000 0.219973
vt 0.098854 0.229062
vt 0.100000 -1.406627
vt 0.000000 -1.406627
vt 0.100000 -1.603097
vt 0.000000 -1.545844
vt 0.000000 -1.767025
vt 0.100000 -1.881530
vt 0.000000 -1.963495
vt 0.100000 -2.102713
vt 0.000000 -2.184678
vt 0.100000 -2.299182
vt 0.000000 -2.521220
vt 0.100000 -2.520364
vt 0.000000 -0.556868
vt 0.100000 -0.556868
vt 0.000000 -0.360398
vt 0.100000 -0.417651
vt 0.100000 -0.196470
vt 0.000000 -0.081963
vt 0.100000 0.081963
vt 0.000000 0.196469
vt 0.100000 0.360399
vt 0.000000 0.417651
vt 0.000000 0.556868
vt 0.100000 0.556868
vt 0.100000 0.163843
vt 0.000000 0.164169
vt 0.000000 -0.057012
vt 0.100000 -0.171517
vt 0.000000 -0.335448
vt 0.100000 -0.449951
vt 0.000000 -0.531916
vt 0.100000 -0.728387
vt 0.000000 -0.753098
vt 0.100000 -0.949567
vt 0.000000 -0.949567
vt 0.000000 2.192025
vt 0.100000 2.192025
vt 0.000000 2.388494
vt 0.100000 2.413206
vt 0.000000 2.666929
vt 0.100000 2.691640
vt 0.000000 2.945364
vt 0.100000 2.888111
vt 0.100000 3.109293
vt 0.000000 3.166545
vt 0.000000 3.305762
vt 0.100000 3.305762
vt 0.045000 -0.514079
vt -0.280926 -0.554789
vt 0.045000 -0.596324
vt 0.045000 -0.428279
vt -0.285704 -0.484572
vt -0.281251 -0.409502
vt 0.045000 -0.342719
vt -0.284077 -0.337294
vt 0.045000 -0.256885
vt -0.280922 -0.240579
vt 0.045000 -0.140809
vt -0.285664 -0.170596
vt 0.045000 -0.057120
vt -0.281264 -0.095472
vt 0.045000 0.031995
vt -0.284120 -0.020680
vt 0.045000 0.114240
vt -0.280926 0.073529
vt 0.045000 0.200040
vt -0.285704 0.143747
vt -0.281251 0.218817
vt 0.045000 0.285599
vt -0.284077 0.291025
vt 0.045000 0.371433
vt -0.280922 0.387740
vt 0.045000 0.487510
vt -0.285664 0.457723
vt 0.045000 0.571199
vt -0.281264 0.532846
vt 0.045000 0.628319
vt -0.284084 0.602819
vt -0.284778 -0.612093
vt -0.000178 0.101998
vt 0.261870 0.154943
vt -0.100000 0.023619
vt 0.097073 0.020666
vt 0.086222 0.078756
vt -0.100000 0.087794
vt 0.083991 0.139738
vt -0.100000 0.155226
vt 0.095086 0.212316
vt -0.100000 0.219104
vt -0.000208 0.101990
vt 0.261871 0.154943
vt -0.100000 0.022791
vt 0.097517 0.018466
vt 0.089100 0.057379
vt -0.100000 0.086528
vt 0.083941 0.104499
vt -0.100000 0.154047
vt 0.086654 0.167017
vt -0.100000 0.219177
vt 0.097335 0.222538
vt 0.509595 0.101870
vt 0.279155 0.149817
vt 0.509290 0.101948
vt 0.279155 0.149817
vt 0.509472 0.101901
vt 0.279156 0.149817
vt 0.188175 0.126394
vt -0.100000 0.129710
vt -0.100000 0.060290
vt 0.191717 0.052801
vt -0.100000 0.000000
vt 0.192658 -0.000038
vt 0.191703 -0.053437
vt -0.100000 -0.060288
vt 0.188064 -0.126403
vt -0.100000 -0.129710
vt 0.509487 0.101898
vt 0.279154 0.149817
vt 0.188142 0.125342
vt -0.100000 0.129770
vt 0.191738 0.050611
vt -0.100000 0.021965
vt 0.192268 -0.024541
vt -0.100000 -0.055361
vt 0.190552 -0.083858
vt -0.100000 -0.128135
vt 0.187607 -0.132265
vt 0.188126 0.126466
vt -0.100000 0.129710
vt -0.100000 0.060289
vt 0.191681 0.054805
vt 0.192374 -0.019326
vt -0.100000 -0.060289
vt 0.191090 -0.074746
vt 0.188116 -0.126206
vt -0.100000 -0.129710
vt 1.008136 0.002808
vt 0.849277 0.062090
vt 0.606206 0.124974
vt 0.289263 0.174403
vt 0.218566 1.433433
vt 0.227259 1.229168
vt 0.369001 1.402262
vt 0.416221 1.176679
vt 0.596048 1.319643
vt 0.665878 1.055660
vt 0.849056 1.172907
vt 0.882633 0.882480
vt 1.027274 1.023332
vt 1.170356 0.852597
vt 1.025735 0.714400
vt 1.098781 0.595970
vt 1.295735 0.650823
vt -1.295735 0.650823
vt -1.098781 0.595970
vt -1.170356 0.852596
vt -0.990467 0.759464
vt -1.027274 1.023332
vt -0.798224 0.959505
vt -0.847095 1.174331
vt -0.566541 1.112135
vt -0.593916 1.320586
vt -0.362465 1.196294
vt -0.369001 1.402262
vt -0.227259 1.229168
vt -0.218566 1.433433
vt -0.906343 -0.860838
vt -1.028364 -0.707305
vt -1.019374 -1.031202
vt -1.157990 -0.869457
vt -1.138524 -0.516008
vt -1.320429 -0.594206
vt -1.203447 -0.330950
vt -1.416183 -0.301717
vt -1.246825 -0.056919
vt -1.447958 0.004417
vt -1.430816 0.235087
vt -1.239235 0.163698
vt 0.906343 -0.860838
vt 1.019374 -1.031202
vt 0.996404 -0.754771
vt 1.165039 -0.859832
vt 1.112038 -0.566732
vt 1.320430 -0.594205
vt 1.209760 -0.307072
vt 1.416183 -0.301717
vt 1.247707 -0.032236
vt 1.447958 0.004417
vt 1.430816 0.235087
vt 1.239235 0.163698
vt 0.665727 -1.288141
vt 0.539421 -1.127672
vt 0.219711 -1.228633
vt 0.000000 -1.250000
vt 0.448131 -1.376881
vt -0.195356 -1.232740
vt -0.379774 -1.399383
vt -0.229583 -1.431709
vt -0.000505 -1.447964
vt -0.665727 -1.288141
vt -0.525701 -1.351347
vt -0.409924 -1.180874
vt -0.538630 -1.127997
vt 0.229583 -1.431709
vt 0.000000 0.621229
vt 0.100000 0.621229
vt 0.000000 0.817700
vt 0.100000 0.842411
vt 0.000000 1.096134
vt 0.100000 1.120845
vt 0.000000 1.374566
vt 0.100000 1.399278
vt 0.000000 1.595749
vt 0.100000 1.734640
vt 0.000000 1.734966
vt -1.327167 -0.074532
vt -1.239260 -0.163373
vt -1.236394 0.170710
vt -1.310477 0.222659
vt -1.168137 0.439624
vt -1.256642 0.439718
vt -1.169808 0.631389
vt -1.042158 0.686818
vt -0.999982 0.875865
vt -0.906343 0.860838
vt -0.747372 0.910864
vt -0.741082 0.971052
vt -1.297973 -0.296254
vt -1.140692 -0.289982
vt -1.172192 -0.340999
vt -1.223003 -0.520928
vt -1.152484 -0.404791
vt -1.096568 -0.429279
vt -1.098781 -0.595970
vt -0.566032 -0.275877
vt -0.365330 -0.395456
vt -0.523751 -0.224573
vt -0.189902 -0.055920
vt -0.128139 -0.150911
vt -0.300828 -0.414043
vt -0.056347 -0.191899
vt -0.263209 -0.469650
vt -0.058750 -0.567514
vt -0.094478 -0.623579
vt -0.227576 -1.229091
vt -0.076605 -1.174858
vt -0.061301 -1.327910
vt -0.051561 -1.213778
vt -0.004373 -1.228337
vt 0.044545 -1.213778
vt 0.235723 -1.308257
vt 0.069474 -1.175304
vt 0.227259 -1.229168
vt 0.087461 -0.623578
vt 0.263208 -0.469652
vt 0.051735 -0.567515
vt 0.031562 -0.195462
vt 0.300818 -0.414050
vt 0.108128 -0.168251
vt 0.166603 -0.106927
vt 0.365328 -0.395456
vt 0.521366 -0.230511
vt 0.529062 -0.155740
vt -1.076422 -0.780011
vt -0.975246 -0.778914
vt -0.875865 -0.999982
vt -0.779082 -0.975112
vt -0.631389 -1.169808
vt -0.544423 -1.123128
vt -0.355252 -1.280976
vt 0.439423 -1.168213
vt 0.520928 -1.223003
vt 0.686637 -1.042277
vt 0.780011 -1.076422
vt 0.842576 -0.923345
vt 0.999982 -0.875865
vt 0.990468 -0.759463
vt 1.169808 -0.631389
vt 1.098781 -0.595970
vt 1.094545 -0.435960
vt 1.150103 -0.411691
vt 1.280976 -0.355252
vt 1.170475 -0.351246
vt 1.140723 -0.298051
vt 1.239235 -0.163698
vt 0.620110 -0.109519
vt 0.528002 0.105195
vt 0.568001 -0.116727
vt 0.197964 -0.028463
vt 0.189902 0.055920
vt 0.486743 0.158146
vt 0.128139 0.150911
vt 0.488994 0.225245
vt 0.376214 0.424730
vt 0.441846 0.447859
vt 0.906343 0.860838
vt 0.752911 0.906393
vt 0.875865 0.999982
vt 0.746551 0.967305
vt 0.695094 1.004773
vt 0.631389 1.169808
vt 0.635568 0.992460
vt 0.538630 1.127997
vt 0.295799 0.555948
vt 0.063114 0.534666
vt 0.286536 0.504131
vt 0.309882 0.456923
vt 0.056347 0.191899
vt 0.000006 0.511790
vt -0.031562 0.195462
vt -0.063113 0.534665
vt -0.286302 0.492942
vt -0.289989 0.559802
vt -0.538630 1.127997
vt -0.629198 0.996010
vt -0.780011 1.076422
vt -0.689616 1.008859
vt 1.322981 -0.149064
vt 1.249751 -0.024951
vt 1.326424 0.087763
vt 1.232774 0.195142
vt 1.297973 0.296254
vt 1.159209 0.462653
vt 1.223003 0.520928
vt 1.028364 0.707305
vt 1.076422 0.780011
vt 0.355252 1.280976
vt 0.331156 1.203390
vt 0.149064 1.322981
vt 0.138929 1.242256
vt -0.087763 1.326424
vt -0.081795 1.245441
vt -0.354904 1.196602
vt -0.296254 1.297973
vt -0.520928 1.223003
vt -0.488994 0.225246
vt -0.336475 0.436973
vt -0.390912 0.428297
vt -0.437307 0.453095
vt -0.166603 0.106927
vt -0.486739 0.158158
vt -0.197964 0.028463
vt -0.528000 0.105196
vt -0.557893 -0.119497
vt -0.521750 -0.165838
vt -0.622254 -0.102843
vt 0.563646 -0.282436
vt -0.108128 0.168251
vt -0.003508 -0.547461
vt 0.990000 -3.958502
vt 0.000000 -4.107880
vt 0.990000 -4.182568
vt 0.990000 4.107880
vt 0.000000 4.182568
vt 0.000000 3.958503
vt 0.000000 -3.795866
vt 0.990000 -3.734436
vt 0.990000 -3.523629
vt 0.000000 -3.497111
vt 0.990000 -3.224874
vt 0.000000 -3.198357
vt 0.990000 -2.926119
vt 0.000000 -2.899601
vt 0.990000 -2.627364
vt 0.000000 -2.600847
vt 0.990000 -2.390039
vt 0.000000 -2.302091
vt 0.990000 -2.179231
vt 0.000000 -2.091284
vt 0.990000 -1.941907
vt 0.000000 -1.853959
vt 0.990000 -1.731099
vt 0.000000 -1.643152
vt 0.990000 -1.432344
vt 0.000000 -1.405827
vt 0.990000 -1.133590
vt 0.000000 -1.107073
vt 0.990000 -0.834834
vt 0.000000 -0.808317
vt 0.990000 -0.536080
vt 0.000000 -0.509563
vt 0.990000 -0.298755
vt 0.000000 -0.210807
vt 0.990000 -0.087947
vt 0.990000 0.149377
vt 0.000000 0.237325
vt 0.990000 0.360185
vt 0.000000 0.448132
vt 0.990000 0.658940
vt 0.000000 0.685457
vt 0.990000 0.957694
vt 0.000000 0.984211
vt 0.990000 1.256449
vt 0.000000 1.282966
vt 0.990000 1.555204
vt 0.000000 1.581721
vt 0.990000 1.853960
vt 0.000000 1.880477
vt 0.990000 2.152713
vt 0.000000 2.091284
vt 0.000000 2.328609
vt 0.990000 2.451469
vt 0.000000 2.539416
vt 0.990000 2.750224
vt 0.000000 2.776741
vt 0.990000 3.048978
vt 0.000000 3.075495
vt 0.990000 3.347733
vt 0.000000 3.374251
vt 0.990000 3.646488
vt 0.000000 3.673005
vt 0.990000 3.883813
vt 1.429136 -0.232190
vt 1.445709 0.079145
vt 1.327167 -0.074532
vt 1.310477 0.222658
vt 1.416100 0.311707
vt 1.343204 0.540524
vt 1.233146 0.496443
vt 1.202162 0.806963
vt 1.091759 0.758396
vt 1.001452 1.045702
vt 0.895627 0.982322
vt 0.813721 1.200149
vt 0.654585 1.156988
vt 0.612302 1.312039
vt 0.439718 1.256642
vt 0.319192 1.412275
vt 0.235724 1.308257
vt -0.002189 1.447873
vt -0.000000 1.331353
vt -0.209594 1.312697
vt -0.321499 1.411767
vt -0.496443 1.233146
vt -0.614710 1.310925
vt -0.758396 1.091759
vt -0.813721 1.200149
vt -1.001452 1.045702
vt -0.982322 0.895627
vt -1.202162 0.806964
vt -1.156988 0.654585
vt -1.343204 0.540523
vt -1.308257 0.235724
vt -1.416100 0.311707
vt -1.445709 0.079145
vt -1.331353 0.000000
vt -1.429136 -0.232191
vt -1.312697 -0.209594
vt -1.346292 -0.532773
vt -1.233146 -0.496443
vt -1.201007 -0.808666
vt -1.091759 -0.758396
vt -0.981459 -1.064640
vt -0.895627 -0.982322
vt -0.813721 -1.200149
vt -0.654585 -1.156988
vt -0.612695 -1.311858
vt -0.439718 -1.256642
vt -0.387916 -1.397148
vt -0.235724 -1.308257
vt -0.234584 -1.430899
vt -0.078501 -1.447873
vt -0.000000 -1.331353
vt 0.078501 -1.447873
vt 0.209594 -1.312697
vt 0.234584 -1.430899
vt 0.387916 -1.397148
vt 0.496443 -1.233146
vt 0.591819 -1.321515
vt 0.758396 -1.091759
vt 0.813721 -1.200149
vt 0.938710 -1.105135
vt 0.982322 -0.895627
vt 1.052693 -0.997164
vt 1.178194 -0.842313
vt 1.156988 -0.654585
vt 1.346292 -0.532772
vt 1.273639 -0.380719
vt -0.268611 -0.527081
vt -0.257412 -0.554599
vt -0.261446 -0.468615
vt -0.270995 -0.478837
vt -0.273936 -0.411697
vt -0.264937 -0.395189
vt -0.277308 -0.344899
vt -0.268406 -0.324254
vt -0.280435 -0.277166
vt -0.271569 -0.253553
vt -0.283268 -0.215593
vt -0.275257 -0.180770
vt -0.288109 -0.116056
vt -0.277605 -0.127160
vt -0.280149 -0.073362
vt -0.291108 -0.050198
vt -0.283716 -0.002217
vt -0.294243 0.011521
vt -0.286834 0.068458
vt -0.299039 0.116988
vt -0.290389 0.138677
vt -0.302324 0.181550
vt -0.293569 0.209162
vt -0.306060 0.264716
vt -0.297107 0.282291
vt -0.309986 0.343142
vt -0.300619 0.355867
vt -0.314873 0.450309
vt -0.303804 0.425565
vt -0.307145 0.491756
vt -0.317962 0.511303
vt -0.318742 -0.526755
vt -0.309674 -0.504546
vt -0.322820 -0.436080
vt -0.312225 -0.451729
vt -0.315827 -0.378983
vt -0.325781 -0.377974
vt -0.328396 -0.319932
vt -0.319072 -0.306748
vt -0.333550 -0.214051
vt -0.324236 -0.200803
vt -0.336465 -0.149032
vt -0.327614 -0.126641
vt -0.341516 -0.045865
vt -0.331080 -0.058192
vt -0.344265 0.015046
vt -0.333982 0.008666
vt -0.338862 0.106875
vt -0.347459 0.082396
vt -0.350743 0.148684
vt -0.341775 0.172243
vt -0.353489 0.211467
vt -0.346153 0.260110
vt -0.356978 0.280296
vt -0.349467 0.333965
vt -0.360061 0.347941
vt -0.353956 0.424335
vt -0.362798 0.406957
vt -0.356915 0.489308
vt -0.367823 0.511135
vt -0.369992 0.559987
vt -0.370609 -0.482329
vt -0.359594 -0.506377
vt -0.361628 -0.467876
vt -0.364677 -0.400553
vt -0.375606 -0.379355
vt -0.367637 -0.337233
vt -0.378620 -0.313688
vt -0.382043 -0.245972
vt -0.372912 -0.226540
vt -0.386593 -0.146408
vt -0.376086 -0.159890
vt -0.380755 -0.061022
vt -0.389752 -0.083522
vt -0.394405 0.018572
vt -0.383785 0.002812
vt -0.397468 0.079182
vt -0.388096 0.092160
vt -0.400506 0.147981
vt -0.391588 0.167343
vt -0.403884 0.216225
vt -0.394549 0.225050
vt -0.396999 0.281739
vt -0.406916 0.279785
vt -0.409863 0.345617
vt -0.399810 0.340507
vt -0.402644 0.396812
vt -0.413174 0.410387
vt -0.406573 0.484474
vt -0.416950 0.494220
vt -0.409079 0.532929
vt -0.420230 0.559721
vt -0.420998 -0.478757
vt -0.410033 -0.501586
vt -0.415489 -0.383728
vt -0.423980 -0.411927
vt -0.427150 -0.346324
vt -0.418689 -0.319361
vt -0.430284 -0.282532
vt -0.421620 -0.251755
vt -0.433314 -0.213901
vt -0.426421 -0.155105
vt -0.436812 -0.145317
vt -0.429371 -0.088988
vt -0.439590 -0.083436
vt -0.442696 -0.017909
vt -0.433771 -0.001089
vt -0.447499 0.083565
vt -0.437087 0.073301
vt -0.441573 0.163036
vt -0.452633 0.188347
vt -0.444481 0.227575
vt -0.455308 0.247581
vt -0.458406 0.313612
vt -0.449295 0.325702
vt -0.452253 0.392123
vt -0.461654 0.378458
vt -0.464517 0.443893
vt -0.456055 0.470996
vt -0.467967 0.512215
vt -0.468732 -0.527081
vt -0.458436 -0.535977
vt -0.460484 -0.488111
vt -0.471031 -0.475465
vt -0.473865 -0.413858
vt -0.463760 -0.420460
vt -0.468314 -0.323138
vt -0.477304 -0.345886
vt -0.480321 -0.277065
vt -0.471412 -0.258517
vt -0.483464 -0.214573
vt -0.475663 -0.169527
vt -0.486598 -0.148014
vt -0.479164 -0.094922
vt -0.489508 -0.083834
vt -0.483471 -0.005055
vt -0.494330 0.014522
vt -0.486463 0.059763
vt -0.497384 0.082358
vt -0.501343 0.161850
vt -0.491192 0.156961
vt -0.494266 0.224661
vt -0.505123 0.245735
vt -0.498891 0.319490
vt -0.508432 0.310980
vt -0.502521 0.398400
vt -0.513076 0.413367
vt -0.516253 0.475394
vt -0.506807 0.485768
vt -0.519251 0.542444
vt -0.509259 0.541870
vt -0.521317 -0.467255
vt -0.509259 -0.512292
vt -0.512182 -0.455211
vt -0.524199 -0.411241
vt -0.514934 -0.396869
vt -0.526994 -0.348940
vt -0.517513 -0.339038
vt -0.530261 -0.280506
vt -0.521376 -0.262460
vt -0.533626 -0.211875
vt -0.523927 -0.204385
vt -0.526678 -0.147137
vt -0.536434 -0.148107
vt -0.539790 -0.082268
vt -0.529656 -0.088886
vt -0.532608 -0.020665
vt -0.542793 -0.015982
vt -0.535970 0.046369
vt -0.546734 0.065942
vt -0.539415 0.120073
vt -0.550553 0.147175
vt -0.553666 0.213758
vt -0.545110 0.237956
vt -0.556982 0.279968
vt -0.548118 0.305797
vt -0.559746 0.343227
vt -0.552487 0.393759
vt -0.563200 0.411818
vt -0.555367 0.457372
vt -0.566377 0.480724
vt -0.558660 0.527081
vt -0.569214 0.542139
vt -0.570136 -0.494351
vt -0.559545 -0.509679
vt -0.574061 -0.411503
vt -0.564202 -0.408919
vt -0.576946 -0.348662
vt -0.567474 -0.343198
vt -0.580284 -0.283140
vt -0.569788 -0.296375
vt -0.573996 -0.241790
vt -0.584768 -0.183608
vt -0.575325 -0.177519
vt -0.588086 -0.118639
vt -0.578327 -0.114881
vt -0.592676 -0.017826
vt -0.583115 -0.012975
vt -0.595884 0.045820
vt -0.586211 0.051281
vt -0.600549 0.148313
vt -0.590905 0.151554
vt -0.603683 0.210324
vt -0.594046 0.216390
vt -0.608436 0.314721
vt -0.596859 0.279352
vt -0.611482 0.374864
vt -0.601886 0.381498
vt -0.614475 0.441591
vt -0.603903 0.428561
vt -0.608416 0.483110
vt -0.619369 0.541194
vt -0.608891 0.527396
vt -0.620280 -0.494512
vt -0.609725 -0.507581
vt -0.622293 -0.448031
vt -0.612584 -0.443391
vt -0.625443 -0.381837
vt -0.617560 -0.342563
vt -0.628097 -0.329747
vt -0.630112 -0.283472
vt -0.620452 -0.277565
vt -0.635060 -0.181629
vt -0.625370 -0.178067
vt -0.637969 -0.118021
vt -0.628235 -0.112742
vt -0.639267 -0.054734
vt -0.633181 -0.013536
vt -0.643727 -0.000226
vt -0.645812 0.047108
vt -0.636065 0.052311
vt -0.648829 0.112068
vt -0.639198 0.115154
vt -0.653622 0.211997
vt -0.643909 0.217634
vt -0.656621 0.276609
vt -0.647068 0.281199
vt -0.661501 0.378013
vt -0.651716 0.382152
vt -0.664415 0.441164
vt -0.654970 0.447068
vt -0.665783 0.505315
vt -0.666500 -0.533365
vt -0.659524 -0.507513
vt -0.670080 -0.494124
vt -0.672266 -0.447347
vt -0.662789 -0.442010
vt -0.675614 -0.381611
vt -0.665103 -0.395093
vt -0.669261 -0.340474
vt -0.680092 -0.282225
vt -0.670607 -0.276946
vt -0.683420 -0.217027
vt -0.673627 -0.213984
vt -0.687988 -0.116698
vt -0.678437 -0.111667
vt -0.691221 -0.052527
vt -0.681498 -0.048114
vt -0.695858 0.049342
vt -0.686222 0.052793
vt -0.699021 0.111997
vt -0.689363 0.117654
vt -0.703738 0.215637
vt -0.694009 0.217288
vt -0.706819 0.276507
vt -0.697186 0.282412
vt -0.709806 0.343233
vt -0.699842 0.342400
vt -0.713122 0.411898
vt -0.704923 0.445157
vt -0.267823 0.512179
vt -0.265443 0.463136
vt -0.256525 0.482404
vt -0.253176 0.410237
vt -0.261000 0.366097
vt -0.249804 0.338497
vt -0.256138 0.263555
vt -0.246242 0.266064
vt -0.243217 0.198315
vt -0.252747 0.192704
vt -0.250292 0.144434
vt -0.237912 0.089788
vt -0.246035 0.049226
vt -0.235606 0.036488
vt -0.243115 -0.007389
vt -0.232800 -0.017916
vt -0.240383 -0.068360
vt -0.229555 -0.087295
vt -0.237776 -0.124377
vt -0.226283 -0.157983
vt -0.233408 -0.213046
vt -0.222667 -0.230631
vt -0.229126 -0.305431
vt -0.220371 -0.284051
vt -0.217673 -0.338226
vt -0.226533 -0.356665
vt -0.218979 -0.412525
vt -0.211952 -0.462168
vt -0.221157 -0.473658
vt -0.209247 -0.514986
vt -0.218217 -0.532196
vt -0.208283 0.520780
vt -0.217594 0.508100
vt -0.204165 0.429010
vt -0.214069 0.429938
vt -0.211410 0.378287
vt -0.200739 0.360718
vt -0.207457 0.290162
vt -0.197039 0.279427
vt -0.202994 0.200897
vt -0.194112 0.218658
vt -0.188953 0.108695
vt -0.200601 0.146904
vt -0.197044 0.072809
vt -0.185610 0.040486
vt -0.194175 0.015269
vt -0.181763 -0.041166
vt -0.192365 -0.027344
vt -0.187316 -0.130362
vt -0.176767 -0.144390
vt -0.184166 -0.200642
vt -0.173680 -0.211855
vt -0.179362 -0.296982
vt -0.170486 -0.279830
vt -0.167096 -0.348201
vt -0.177185 -0.345763
vt -0.172224 -0.448921
vt -0.161867 -0.460222
vt -0.169528 -0.506447
vt -0.159270 -0.512359
vt -0.158415 0.521846
vt -0.168977 0.534681
vt -0.165504 0.461357
vt -0.155235 0.451827
vt -0.151834 0.384251
vt -0.160691 0.359198
vt -0.157876 0.300015
vt -0.146741 0.273630
vt -0.154398 0.229642
vt -0.143162 0.201382
vt -0.140071 0.131596
vt -0.149518 0.124647
vt -0.147183 0.078891
vt -0.136693 0.064619
vt -0.142808 -0.018813
vt -0.131647 -0.045809
vt -0.137817 -0.121533
vt -0.127970 -0.118387
vt -0.124844 -0.189316
vt -0.134580 -0.191978
vt -0.132311 -0.235385
vt -0.120644 -0.273867
vt -0.127853 -0.334469
vt -0.117270 -0.348948
vt -0.124930 -0.392289
vt -0.113597 -0.423281
vt -0.122038 -0.453235
vt -0.109848 -0.504249
vt -0.119523 -0.509625
vt -0.108845 0.527075
vt -0.117299 0.500471
vt -0.105242 0.455641
vt -0.115116 0.456734
vt -0.112886 0.405122
vt -0.102447 0.395509
vt -0.109903 0.343281
vt -0.099273 0.327305
vt -0.106434 0.272287
vt -0.094084 0.220322
vt -0.102136 0.179471
vt -0.092431 0.122368
vt -0.098591 0.107325
vt -0.095311 0.047250
vt -0.716333 0.477775
vt -0.707453 0.503260
vt -0.718444 0.527175
vt -0.719265 -0.510115
vt -0.709472 -0.510061
vt -0.712683 -0.445688
vt -0.722734 -0.442149
vt -0.715611 -0.379488
vt -0.726255 -0.364007
vt -0.729887 -0.290496
vt -0.720680 -0.276951
vt -0.733285 -0.216733
vt -0.723531 -0.211928
vt -0.736364 -0.151071
vt -0.726818 -0.147104
vt -0.739796 -0.082217
vt -0.729789 -0.082513
vt -0.732848 -0.016461
vt -0.742680 -0.016407
vt -0.745178 0.032893
vt -0.736300 0.052103
vt -0.748915 0.112769
vt -0.739215 0.118695
vt -0.751940 0.177885
vt -0.742339 0.181529
vt -0.756784 0.278529
vt -0.747024 0.283220
vt -0.759729 0.342347
vt -0.750213 0.347623
vt -0.764657 0.444404
vt -0.754832 0.447714
vt -0.767565 0.507682
vt -0.758083 0.512948
vt -0.770279 0.559892
vt -0.768979 -0.483046
vt -0.762645 -0.441859
vt -0.773213 -0.428368
vt -0.775388 -0.381411
vt -0.765908 -0.376022
vt -0.778728 -0.315956
vt -0.768236 -0.329242
vt -0.772469 -0.274591
vt -0.783214 -0.216283
vt -0.773757 -0.210390
vt -0.786530 -0.151424
vt -0.776786 -0.147486
vt -0.789476 -0.084893
vt -0.781545 -0.045875
vt -0.792668 -0.019564
vt -0.784660 0.018476
vt -0.795903 0.047283
vt -0.798873 0.114021
vt -0.789333 0.118640
vt -0.802130 0.177623
vt -0.792499 0.183609
vt -0.806899 0.282436
vt -0.795309 0.246655
vt -0.809927 0.342163
vt -0.800335 0.348659
vt -0.812932 0.408873
vt -0.803174 0.412412
vt -0.817766 0.508005
vt -0.808173 0.513726
vt -0.820181 0.559934
vt -0.820746 -0.480817
vt -0.808773 -0.526742
vt -0.811032 -0.476129
vt -0.825641 -0.380149
vt -0.816006 -0.375449
vt -0.828565 -0.316290
vt -0.818901 -0.310304
vt -0.833511 -0.214230
vt -0.823817 -0.210919
vt -0.836423 -0.150786
vt -0.826682 -0.145513
vt -0.837722 -0.087555
vt -0.831630 -0.046342
vt -0.842168 -0.033067
vt -0.844265 0.014318
vt -0.834516 0.019601
vt -0.847259 0.079161
vt -0.837647 0.082576
vt -0.852071 0.179164
vt -0.842357 0.184858
vt -0.855051 0.243668
vt -0.845524 0.248723
vt -0.859956 0.345293
vt -0.850165 0.349371
vt -0.862845 0.408201
vt -0.853412 0.414368
vt -0.864246 0.472415
vt -0.857117 0.494520
vt -0.868529 0.527081
vt -0.868529 -0.527081
vt -0.857972 -0.540335
vt -0.870701 -0.480243
vt -0.861227 -0.474763
vt -0.874049 -0.414591
vt -0.863555 -0.427878
vt -0.867729 -0.373315
vt -0.878526 -0.315143
vt -0.869044 -0.309705
vt -0.881851 -0.250064
vt -0.872079 -0.246735
vt -0.886427 -0.149515
vt -0.876867 -0.144541
vt -0.889650 -0.085578
vt -0.879952 -0.080811
vt -0.892611 -0.018986
vt -0.884649 0.019836
vt -0.895782 0.046328
vt -0.887811 0.084847
vt -0.899030 0.112996
vt -0.902009 0.180205
vt -0.892436 0.184329
vt -0.905244 0.243397
vt -0.895636 0.249555
vt -0.908245 0.310104
vt -0.897650 0.296632
vt -0.902120 0.351280
vt -0.913122 0.409554
vt -0.903471 0.414598
vt -0.916061 0.474598
vt -0.906318 0.478643
vt -0.919191 0.540694
vt -0.921276 -0.472926
vt -0.908738 -0.526941
vt -0.911304 -0.474569
vt -0.923877 -0.415089
vt -0.914566 -0.400761
vt -0.925029 -0.351332
vt -0.919124 -0.309878
vt -0.929665 -0.296691
vt -0.931723 -0.249875
vt -0.921972 -0.244808
vt -0.932973 -0.186556
vt -0.926932 -0.145373
vt -0.937475 -0.132020
vt -0.939562 -0.084846
vt -0.929804 -0.079745
vt -0.942570 -0.019738
vt -0.932922 -0.017052
vt -0.947357 0.079745
vt -0.937653 0.085708
vt -0.950361 0.144762
vt -0.940779 0.148758
vt -0.955228 0.245562
vt -0.945461 0.250184
vt -0.958152 0.309251
vt -0.948653 0.314873
vt -0.961544 0.375914
vt -0.953271 0.414709
vt -0.964434 0.441700
vt -0.956512 0.480028
vt -0.967716 0.507871
vt -0.958850 0.527081
vt -0.970258 0.559766
vt -0.970961 -0.477829
vt -0.960382 -0.490818
vt -0.963970 -0.416029
vt -0.973929 -0.412209
vt -0.977217 -0.347769
vt -0.967555 -0.341783
vt -0.981896 -0.244996
vt -0.971723 -0.251980
vt -0.985118 -0.181183
vt -0.975468 -0.174987
vt -0.978935 -0.099066
vt -0.988001 -0.115959
vt -0.991325 -0.048168
vt -0.982816 -0.020636
vt -0.994431 0.016264
vt -0.986132 0.053655
vt -0.997455 0.084067
vt -0.991070 0.153745
vt -1.000605 0.146088
vt -0.994669 0.233034
vt -1.005252 0.248548
vt -1.008484 0.311708
vt -0.998509 0.308962
vt -1.005023 0.357015
vt -1.002410 0.396971
vt -1.013012 0.412239
vt -1.005745 0.462430
vt -1.016420 0.479025
vt -1.008681 0.528967
vt -1.018972 0.535107
vt -1.020772 -0.478290
vt -1.009659 -0.504775
vt -1.013579 -0.426908
vt -1.024194 -0.411059
vt -1.027067 -0.347920
vt -1.017541 -0.338343
vt -1.032188 -0.242487
vt -1.021481 -0.261206
vt -1.024886 -0.183669
vt -1.035023 -0.180097
vt -1.028619 -0.108822
vt -1.040115 -0.075469
vt -1.032140 -0.031859
vt -1.042801 -0.016546
vt -1.047900 0.088849
vt -1.036450 0.056428
vt -1.040024 0.134761
vt -1.050627 0.148258
vt -1.043794 0.211879
vt -1.053664 0.214253
vt -1.047845 0.299132
vt -1.058665 0.318287
vt -1.051606 0.377010
vt -1.061335 0.376409
vt -1.064778 0.444049
vt -1.055155 0.451521
vt -1.067773 0.511654
vt -1.058825 0.530860
vt -1.068466 -0.527075
vt -1.059354 -0.513218
vt -1.070837 -0.480172
vt -1.063085 -0.435326
vt -1.073075 -0.434373
vt -1.075445 -0.380788
vt -1.066718 -0.357314
vt -1.078757 -0.313275
vt -1.070974 -0.268814
vt -1.081008 -0.267736
vt -1.083667 -0.207951
vt -1.073845 -0.205605
vt -1.087810 -0.124619
vt -1.078768 -0.105004
vt -1.090664 -0.064110
vt -1.082221 -0.029460
vt -1.092431 -0.002384
vt -1.086134 0.048692
vt -1.092008 0.084110
vt -1.655000 0.411234
vt 0.655268 0.412152
vt -1.655000 0.490926
vt 0.655000 0.524129
vt -1.655000 0.593265
vt 0.655000 0.601934
vt -1.655000 -0.616852
vt 0.655000 -0.608827
vt -1.655000 -0.538117
vt 0.655000 -0.508062
vt -1.655000 -0.435807
vt 0.655000 -0.407284
vt -1.655000 -0.333508
vt 0.655000 -0.306497
vt -1.655000 -0.231214
vt 0.655000 -0.205707
vt -1.655000 -0.128919
vt 0.655000 -0.104915
vt -1.655000 -0.026622
vt 0.655000 -0.004129
vt -1.655000 0.075682
vt 0.655000 0.096647
vt -1.655000 0.177999
vt 0.655000 0.189636
vt 0.655940 0.198611
vt -1.655000 0.257022
vt 0.662213 0.221009
vt 0.658010 0.319433
vt 0.658820 0.131516
vt 0.665731 0.128494
vt 0.660798 0.078502
vt 0.669057 0.051516
vt 0.667064 0.014069
vt 0.675956 -0.121327
vt 0.670189 -0.044668
vt 0.668668 -0.115662
vt 0.671359 -0.187050
vt 0.679874 -0.216746
vt 0.673783 -0.240606
vt 0.678872 -0.288469
vt 0.684473 -0.330288
vt 0.677855 -0.346938
vt 0.687616 -0.407385
vt 0.681445 -0.430215
vt 0.691419 -0.503812
vt 0.684786 -0.514479
vt 0.690325 -0.573400
vt 0.696381 0.607979
vt 0.687974 0.638620
vt 0.689606 0.603189
vt 0.692973 0.516109
vt 0.699057 0.539909
vt 0.701697 0.481241
vt 0.696365 0.432960
vt 0.703887 0.424206
vt 0.698889 0.375017
vt 0.706512 0.355549
vt 0.700946 0.319542
vt 0.710817 0.254647
vt 0.704422 0.234897
vt 0.714304 0.163119
vt 0.707952 0.149861
vt 0.712107 0.095693
vt 0.718131 0.077145
vt 0.715753 0.028886
vt 0.716035 -0.050840
vt 0.722931 -0.048721
vt 0.719192 -0.132730
vt 0.725944 -0.115668
vt 0.725153 -0.183488
vt 0.730277 -0.231357
vt 0.725503 -0.255250
vt 0.733751 -0.308413
vt 0.726669 -0.318613
vt 0.732616 -0.369029
vt 0.738082 -0.424092
vt 0.731309 -0.424930
vt 0.734833 -0.472403
vt 0.741901 -0.510092
vt 0.735693 -0.538592
vt 0.745024 -0.594530
vt 0.738521 -0.602200
vt 0.746749 0.597448
vt 0.739308 0.610176
vt 0.749686 0.531457
vt 0.742468 0.525148
vt 0.744947 0.470376
vt 0.753172 0.438937
vt 0.747461 0.409288
vt 0.757160 0.347024
vt 0.750535 0.327634
vt 0.759723 0.279203
vt 0.754326 0.241538
vt 0.759604 0.201022
vt 0.764960 0.154267
vt 0.758269 0.135188
vt 0.766602 0.085665
vt 0.761476 0.064307
vt 0.767264 0.015524
vt 0.772756 -0.038457
vt 0.765468 -0.042071
vt 0.769906 -0.089227
vt 0.776057 -0.125069
vt 0.770430 -0.156242
vt 0.779893 -0.217647
vt 0.773547 -0.239669
vt 0.783850 -0.316922
vt 0.777272 -0.325603
vt 0.780532 -0.411110
vt 0.787642 -0.409178
vt 0.784008 -0.494978
vt 0.791367 -0.501104
vt 0.788497 -0.550773
vt 0.794376 -0.578241
vt 0.788548 -0.609259
vt 0.796145 -0.616789
vt 0.798255 0.564453
vt 0.788548 0.624444
vt 0.792019 0.541314
vt 0.801024 0.470890
vt 0.795841 0.447138
vt 0.801663 0.399684
vt 0.807032 0.346969
vt 0.800169 0.340785
vt 0.804350 0.293967
vt 0.810443 0.259713
vt 0.804365 0.234432
vt 0.806838 0.172760
vt 0.813447 0.192720
vt 0.812688 0.123278
vt 0.818205 0.067809
vt 0.811657 0.057149
vt 0.815070 -0.028950
vt 0.822130 -0.023831
vt 0.818641 -0.112716
vt 0.825591 -0.115714
vt 0.828568 -0.181760
vt 0.822119 -0.204273
vt 0.832475 -0.284221
vt 0.826591 -0.310064
vt 0.836480 -0.376934
vt 0.829820 -0.395859
vt 0.835990 -0.449942
vt 0.841204 -0.501230
vt 0.836368 -0.519346
vt 0.845083 -0.588760
vt 0.838249 -0.602583
vt 0.846182 0.616843
vt 0.840616 0.578472
vt 0.847534 0.578288
vt 0.842518 0.531755
vt 0.849980 0.517721
vt 0.845951 0.440951
vt 0.852904 0.451888
vt 0.855361 0.385530
vt 0.850353 0.338605
vt 0.857785 0.324897
vt 0.853803 0.247268
vt 0.860276 0.269870
vt 0.862875 0.201763
vt 0.858186 0.145460
vt 0.867071 0.099313
vt 0.860636 0.077422
vt 0.862985 0.022408
vt 0.870720 0.008496
vt 0.865664 -0.038229
vt 0.874910 -0.094335
vt 0.868093 -0.104867
vt 0.872207 -0.202410
vt 0.878571 -0.184860
vt 0.880511 -0.263466
vt 0.876605 -0.316082
vt 0.884597 -0.330278
vt 0.880533 -0.407426
vt 0.887073 -0.396319
vt 0.889690 -0.462597
vt 0.884447 -0.509348
vt 0.892410 -0.523151
vt 0.888112 -0.594274
vt 0.894509 -0.578248
vt 0.895899 -0.616788
vt 0.897132 0.587042
vt 0.889734 0.600741
vt 0.892285 0.531222
vt 0.901482 0.484978
vt 0.895175 0.463149
vt 0.897551 0.407941
vt 0.904958 0.393799
vt 0.900352 0.347451
vt 0.902483 0.281143
vt 0.909748 0.281140
vt 0.906568 0.182592
vt 0.913592 0.181843
vt 0.915457 0.115717
vt 0.911122 0.069688
vt 0.918773 0.055348
vt 0.914874 -0.022203
vt 0.920906 -0.000096
vt 0.923985 -0.068408
vt 0.918938 -0.123525
vt 0.927815 -0.169305
vt 0.922746 -0.216360
vt 0.931811 -0.261668
vt 0.926346 -0.307828
vt 0.935665 -0.362985
vt 0.929238 -0.373776
vt 0.931696 -0.440423
vt 0.939638 -0.454995
vt 0.934143 -0.500624
vt 0.938638 -0.520729
vt 0.944001 -0.568362
vt 0.937807 -0.585675
vt 0.940294 -0.654842
vt 0.946033 0.616614
vt 0.941195 0.558212
vt 0.948218 0.567522
vt 0.950681 0.500914
vt 0.945656 0.454480
vt 0.953107 0.440363
vt 0.949086 0.363602
vt 0.955604 0.385223
vt 0.958193 0.317174
vt 0.953482 0.261549
vt 0.962367 0.215366
vt 0.955939 0.193303
vt 0.958292 0.138256
vt 0.966036 0.123999
vt 0.960968 0.077648
vt 0.970224 0.021335
vt 0.963394 0.011057
vt 0.966094 -0.054626
vt 0.973885 -0.069349
vt 0.970166 -0.121651
vt 0.978491 -0.182907
vt 0.971884 -0.199596
vt 0.975859 -0.292066
vt 0.982394 -0.280960
vt 0.985024 -0.347374
vt 0.979751 -0.393481
vt 0.987739 -0.407863
vt 0.983671 -0.485033
vt 0.989835 -0.463055
vt 0.992461 -0.531351
vt 0.987595 -0.586810
vt 0.995553 -0.600796
vt 0.990494 -0.655006
vt 0.997094 0.593711
vt 0.990494 0.578698
vt 0.992868 0.523490
vt 1.000285 0.509121
vt 0.995080 0.463048
vt 1.004660 0.406674
vt 0.997795 0.396857
vt 1.006008 0.320283
vt 1.002913 0.270215
vt 1.007299 0.250742
vt 1.011899 0.230904
vt 1.006441 0.185246
vt 1.014096 0.170676
vt 1.010182 0.093553
vt 1.016730 0.104241
vt 1.019708 0.038152
vt 1.014259 -0.008014
vt 1.021925 -0.022163
vt 1.018044 -0.100302
vt 1.024038 -0.077511
vt 1.027128 -0.146090
vt 1.022077 -0.201250
vt 1.030973 -0.247208
vt 1.025024 -0.269648
vt 1.028547 -0.321286
vt 1.035704 -0.357301
vt 1.029475 -0.385346
vt 1.032387 -0.451451
vt 1.039307 -0.452547
vt 1.036162 -0.550586
vt 1.043531 -0.550501
vt 1.045438 -0.617160
vt 1.045994 0.616504
vt 1.040967 0.570156
vt 1.048424 0.555954
vt 1.044402 0.479175
vt 1.051355 0.490040
vt 1.053822 0.423788
vt 1.048805 0.376899
vt 1.057665 0.331375
vt 1.052257 0.285419
vt 1.061336 0.239954
vt 1.056640 0.183681
vt 1.065518 0.137424
vt 1.059092 0.115729
vt 1.061424 0.060681
vt 1.069186 0.046601
vt 1.064783 0.000026
vt 1.066556 -0.066711
vt 1.073785 -0.066816
vt 1.070665 -0.164442
vt 1.077697 -0.165073
vt 1.079570 -0.231508
vt 1.075069 -0.278027
vt 1.083044 -0.292009
vt 1.078988 -0.369440
vt 1.085138 -0.347146
vt 1.087757 -0.415296
vt 1.082915 -0.471363
vt 1.092065 -0.516373
vt 1.085829 -0.539749
vt 1.087546 -0.578303
vt 1.094349 -0.578409
vt 1.095580 0.625204
vt 1.088271 0.636809
vt 1.091650 0.577698
vt 1.093179 0.510971
vt 1.100286 0.515349
vt 1.098509 0.449124
vt 1.107744 0.332578
vt 1.100783 0.391073
vt 1.101053 0.316494
vt 1.108237 0.269801
vt 1.104697 0.231382
vt 1.109114 0.181297
vt 1.115555 0.139863
vt 1.109590 0.107284
vt 1.118723 0.054268
vt 1.112520 0.038632
vt 1.117215 -0.013300
vt 1.123361 -0.052231
vt 1.117000 -0.077034
vt 1.123946 -0.118720
vt 1.122348 -0.160369
vt 1.122394 -0.211212
vt 1.130758 -0.235214
vt 1.124794 -0.269781
vt 1.134007 -0.322399
vt 1.127709 -0.336014
vt 1.132636 -0.396969
vt 1.138582 -0.428127
vt 1.132587 -0.462517
vt 1.138378 -0.499255
vt 1.146049 -0.613380
vt 1.137421 -0.549616
vt 1.139473 -0.633736
vt 1.146648 0.607018
vt 1.141211 0.560436
vt 1.149307 0.534924
vt 1.144210 0.490018
vt 1.152900 0.448629
vt 1.146576 0.424225
vt 1.151321 0.373882
vt 1.157467 0.332849
vt 1.151951 0.299364
vt 1.161149 0.245886
vt 1.154401 0.231449
vt 1.164515 0.161620
vt 1.158334 0.140371
vt 1.168652 0.059802
vt 1.161930 0.047122
vt 1.167634 -0.016587
vt 1.171808 -0.090151
vt 1.167234 -0.076964
vt 1.176298 -0.130122
vt 1.170385 -0.162486
vt 1.179853 -0.215257
vt 1.173344 -0.231231
vt 1.178066 -0.283350
vt 1.184541 -0.332652
vt 1.178256 -0.356492
vt 1.187809 -0.411398
vt 1.181139 -0.424008
vt 1.186364 -0.479281
vt 1.187609 -0.538628
vt 1.188424 -0.605546
vt 1.195634 -0.603613
vt 1.192855 -0.648403
vt 1.199776 0.523486
vt 1.193579 0.566610
vt 1.193902 0.491699
vt 1.203414 0.438489
vt 1.197118 0.415505
vt 1.206586 0.354779
vt 1.200899 0.322278
vt 1.210880 0.255373
vt 1.204984 0.221207
vt 1.213157 0.192762
vt 1.207831 0.154306
vt 1.212251 0.104270
vt 1.218675 0.062993
vt 1.212710 0.029977
vt 1.221852 -0.022939
vt 1.215654 -0.038514
vt 1.220387 -0.090340
vt 1.226486 -0.129307
vt 1.220113 -0.154209
vt 1.226971 -0.195670
vt 1.225407 -0.237277
vt 1.225534 -0.288425
vt 1.233870 -0.312126
vt 1.228414 -0.358005
vt 1.237142 -0.399632
vt 1.231600 -0.432483
vt 1.241014 -0.490106
vt 1.234071 -0.501218
vt 1.239776 -0.565349
vt 1.240499 0.651408
vt 1.239519 0.605783
vt 1.248334 0.561809
vt 1.242923 0.515759
vt 1.251938 0.471824
vt 1.247253 0.415303
vt 1.256087 0.370072
vt 1.249717 0.346949
vt 1.252053 0.291996
vt 1.259782 0.278601
vt 1.254742 0.231270
vt 1.263945 0.176013
vt 1.257167 0.164880
vt 1.259855 0.099153
vt 1.267635 0.085169
vt 1.263939 0.032096
vt 1.272224 -0.028460
vt 1.265658 -0.045877
vt 1.269611 -0.138011
vt 1.276147 -0.126586
vt 1.278763 -0.193055
vt 1.273519 -0.239596
vt 1.281483 -0.253574
vt 1.277424 -0.331004
vt 1.283594 -0.308710
vt 1.286198 -0.376952
vt 1.281363 -0.432885
vt 1.290522 -0.478169
vt 1.284250 -0.501159
vt 1.286630 -0.556284
vt 1.294018 -0.570041
vt 1.288853 -0.616784
vt 1.296117 -0.617123
vt 1.290306 -0.655347
vt 1.298400 0.561277
vt 1.291543 0.550901
vt 1.294444 0.484656
vt 1.301845 0.470401
vt 1.296682 0.424205
vt 1.301046 0.404949
vt 1.305642 0.385245
vt 1.300160 0.339903
vt 1.307852 0.324981
vt 1.303957 0.247254
vt 1.310474 0.258442
vt 1.313451 0.192442
vt 1.307996 0.146261
vt 1.315681 0.132135
vt 1.311793 0.054120
vt 1.317783 0.076729
vt 1.320865 0.008286
vt 1.315810 -0.046916
vt 1.324714 -0.092706
vt 1.318779 -0.115434
vt 1.320774 -0.170811
vt 1.328690 -0.185005
vt 1.323210 -0.231063
vt 1.332571 -0.286514
vt 1.326130 -0.297046
vt 1.328601 -0.363599
vt 1.336514 -0.378292
vt 1.331002 -0.423760
vt 1.338339 -0.456552
vt 1.334706 -0.508905
vt 1.342166 -0.523482
vt 1.338124 -0.599662
vt 1.345096 -0.589326
vt 1.346228 0.616524
vt 1.340569 0.578736
vt 1.347582 0.578021
vt 1.342538 0.531667
vt 1.349968 0.517470
vt 1.345980 0.440279
vt 1.352454 0.462402
vt 1.355092 0.394327
vt 1.350372 0.338453
vt 1.359245 0.291988
vt 1.352837 0.270305
vt 1.355148 0.215250
vt 1.362937 0.201054
vt 1.357846 0.154672
vt 1.367082 0.098387
vt 1.360296 0.088043
vt 1.364377 -0.009498
vt 1.370775 0.008040
vt 1.372708 -0.070957
vt 1.368802 -0.123200
vt 1.376789 -0.137748
vt 1.372700 -0.214488
vt 1.379287 -0.203741
vt 1.381874 -0.270109
vt 1.376652 -0.316637
vt 1.384602 -0.330655
vt 1.380543 -0.408153
vt 1.386732 -0.385762
vt 1.389319 -0.454095
vt 1.384500 -0.510031
vt 1.393690 -0.556214
vt 1.387349 -0.578046
vt 1.389750 -0.633249
vt 1.395930 -0.617033
vt 1.397144 0.586418
vt 1.390625 0.578519
vt 1.392584 0.539910
vt 1.394662 0.473643
vt 1.401948 0.473771
vt 1.398776 0.375178
vt 1.405775 0.374394
vt 1.407881 0.308320
vt 1.403304 0.262076
vt 1.410984 0.248016
vt 1.407090 0.170163
vt 1.413087 0.192611
vt 1.416161 0.124343
vt 1.411123 0.068796
vt 1.420004 0.023543
vt 1.414966 -0.024089
vt 1.423983 -0.068878
vt 1.418538 -0.115671
vt 1.427855 -0.170112
vt 1.421448 -0.181526
vt 1.423921 -0.248194
vt 1.431803 -0.262090
vt 1.426334 -0.308460
vt 1.430841 -0.328195
vt 1.436188 -0.375463
vt 1.430026 -0.393461
vt 1.433438 -0.484061
vt 1.440396 -0.473350
vt 1.442886 -0.539885
vt 1.437556 -0.578435
vt 1.444329 -0.578462
vt 1.445287 0.632996
vt 1.437866 0.646912
vt 1.440345 0.578120
vt 1.447843 0.576422
vt 1.443995 0.525544
vt 1.451281 0.485762
vt 1.445710 0.453446
vt 1.454180 0.415306
vt 1.448170 0.385357
vt 1.453764 0.341612
vt 1.459033 0.294482
vt 1.454730 0.261251
vt 1.462772 0.205143
vt 1.455996 0.192610
vt 1.459900 0.101501
vt 1.466692 0.107744
vt 1.463554 0.007530
vt 1.470564 0.012549
vt 1.472363 -0.057580
vt 1.467091 -0.077187
vt 1.473033 -0.131661
vt 1.478760 -0.188888
vt 1.472062 -0.203547
vt 1.481640 -0.259100
vt 1.474883 -0.269911
vt 1.478478 -0.321908
vt 1.485588 -0.360410
vt 1.479822 -0.394664
vt 1.488703 -0.430596
vt 1.486284 -0.475598
vt 1.489933 -0.538112
vt 1.487308 -0.578321
vt 1.495147 -0.591695
vt 1.496439 0.611488
vt 1.487308 0.655383
vt 1.490039 0.587894
vt 1.496152 0.531230
vt 1.501482 0.480908
vt 1.495138 0.462616
vt 1.504629 0.409255
vt 1.497895 0.393849
vt 1.506401 0.330052
vt 1.501591 0.308380
vt 1.507427 0.255102
vt 1.513134 0.198973
vt 1.507625 0.181805
vt 1.516509 0.108829
vt 1.510305 0.090798
vt 1.519704 0.037855
vt 1.514251 -0.008699
vt 1.523336 -0.058643
vt 1.517230 -0.077111
vt 1.519258 -0.133290
vt 1.527518 -0.155549
vt 1.521645 -0.192726
vt 1.530459 -0.233740
vt 1.524631 -0.260005
vt 1.530469 -0.315626
vt 1.536044 -0.364838
vt 1.529440 -0.385474
vt 1.538636 -0.436173
vt 1.532497 -0.454038
vt 1.541077 -0.516312
vt 1.535645 -0.539633
vt 1.541568 -0.591745
vt 1.547111 -0.646740
vt 1.540671 -0.655239
vt 1.551024 0.497198
vt 1.542373 0.567851
vt 1.543469 0.501336
vt 1.546034 0.440998
vt 1.553791 0.425849
vt 1.556109 0.365590
vt 1.548816 0.376900
vt 1.551296 0.308550
vt 1.558822 0.305008
vt 1.553609 0.253060
vt 1.561624 0.232910
vt 1.556296 0.192890
vt 1.564731 0.153759
vt 1.558792 0.125270
vt 1.569107 0.048790
vt 1.562975 0.025351
vt 1.572956 -0.048576
vt 1.566681 -0.069235
vt 1.575294 -0.128577
vt 1.570192 -0.154130
vt 1.575952 -0.205007
vt 1.581539 -0.258873
vt 1.575195 -0.280626
vt 1.584522 -0.329266
vt 1.577987 -0.346907
vt 1.582141 -0.399751
vt 1.587919 -0.419940
vt 1.590658 -0.480853
vt 1.582616 -0.462607
vt 1.585408 -0.531352
vt 1.593040 -0.540719
vt 1.587529 -0.578295
vt 1.594468 -0.580976
vt 1.595742 0.621092
vt 1.588202 0.638661
vt 1.590448 0.578271
vt 1.598255 0.539689
vt 1.593936 0.493320
vt 1.603246 0.437016
vt 1.597750 0.400477
vt 1.607468 0.339438
vt 1.601775 0.299613
vt 1.610374 0.260722
vt 1.604722 0.231297
vt 1.610312 0.181793
vt 1.616640 0.111199
vt 1.609169 0.115602
vt 1.612151 0.047935
vt 1.619718 0.029796
vt 1.616024 -0.053975
vt 1.622931 -0.042653
vt 1.625557 -0.112382
vt 1.620001 -0.145713
vt 1.627661 -0.166314
vt 1.626468 -0.222579
vt 1.624764 -0.270014
vt 1.631849 -0.297782
vt 1.628477 -0.355222
vt 1.636219 -0.375742
vt 1.631263 -0.431493
vt 1.639860 -0.460239
vt 1.634335 -0.501311
vt 1.643697 -0.561115
vt 1.637033 -0.567575
vt 1.645172 0.638155
vt 1.637439 0.655269
vt 1.638791 0.616721
vt 1.647848 0.575748
vt 1.641652 0.549742
vt 1.650727 0.496972
vt 1.645077 0.467979
vt 1.654029 0.418859
vt 1.647824 0.394759
vt 1.652280 0.321717
vt -1.655000 0.331440
vt 0.023939 0.181402
vt 0.092230 0.172008
vt -0.004089 0.194713
vt -0.051873 0.167756
vt -0.099178 0.167609
vt -0.118821 0.120258
vt -0.168705 0.097300
vt -0.157164 0.058720
vt -0.194744 0.001910
vt -0.166575 0.004918
vt -0.170585 -0.093970
vt -0.146966 -0.078314
vt -0.102464 -0.165627
vt -0.107338 -0.133483
vt -0.069393 -0.160551
vt -0.007946 -0.194602
vt 0.010313 -0.180588
vt 0.084635 -0.172870
vt -0.002655 24.582151
vt -0.010231 24.511427
vt 0.000109 24.488834
vt -0.002195 24.424770
vt 0.000174 24.301914
vt -0.008331 24.347593
vt -0.004361 24.248451
vt 0.000172 24.127014
vt -0.005508 24.175289
vt -0.004076 24.065758
vt -0.000101 22.824863
vt -0.004552 22.868679
vt -0.001140 22.770950
vt -0.000050 22.381441
vt -0.004740 22.436401
vt -0.005216 22.327393
vt 0.000183 21.770851
vt -0.005111 21.826351
vt -0.004271 21.714607
vt 0.000129 21.093979
vt -0.006897 21.125223
vt -0.003202 21.026796
vt 0.000104 20.915989
vt -0.006876 20.950581
vt -0.003852 20.851124
vt 0.000203 20.544910
vt -0.000998 20.596203
vt -0.004112 20.499748
vt 0.000001 20.203182
vt -0.003959 20.263309
vt -0.004993 20.151119
vt 0.000055 19.760838
vt -0.000762 19.812450
vt -0.004269 19.716291
vt -0.000270 19.526436
vt -0.006736 19.559053
vt -0.003421 19.459721
vt 0.000131 18.920469
vt -0.006901 18.950188
vt -0.002773 18.852270
vt -0.000022 17.851435
vt -0.003969 17.912722
vt -0.004911 17.800533
vt 0.000050 17.587141
vt -0.000390 17.638653
vt -0.004241 17.541649
vt -0.000270 17.352682
vt -0.006732 17.384026
vt -0.002891 17.285149
vt -0.000239 16.643229
vt -0.005418 16.693066
vt -0.003994 16.581995
vt -0.000001 16.037649
vt -0.005523 16.085239
vt -0.004098 15.974831
vt 0.000079 15.235568
vt -0.000959 15.287265
vt -0.004282 15.191334
vt -0.000270 15.001131
vt -0.006721 15.034279
vt -0.003488 14.934778
vt 0.000114 14.395070
vt -0.006897 14.425377
vt -0.002941 14.327234
vt 0.000062 14.038863
vt -0.009492 14.076147
vt -0.004190 13.976316
vt 0.000189 13.845729
vt -0.002542 13.897165
vt -0.004089 13.800079
vt 0.000072 13.061623
vt -0.000544 13.113153
vt -0.004263 13.016625
vt 0.000220 12.542469
vt -0.004381 12.604273
vt -0.008702 12.497902
vt -0.000203 11.942002
vt -0.004492 11.995785
vt -0.004863 11.885038
vt 0.000228 10.731294
vt -0.005696 10.775990
vt -0.004102 10.667321
vt 0.000227 10.370890
vt -0.004396 10.430549
vt -0.005443 10.319884
vt -0.000219 9.585114
vt -0.004086 9.646627
vt -0.005237 9.536113
vt -0.000090 8.984571
vt -0.004665 9.037517
vt -0.004880 8.927223
vt 0.000236 7.839025
vt -0.004130 7.904047
vt -0.005503 7.794831
vt 0.000228 6.024728
vt -0.005407 6.077412
vt -0.004279 5.966091
vt 0.000232 5.321917
vt -0.004516 5.376494
vt -0.005253 5.273479
vt -0.000221 4.877880
vt -0.002999 4.940816
vt -0.005566 4.838523
vt -0.000016 4.268475
vt -0.004779 4.335823
vt -0.007341 4.236044
vt 0.000094 2.625182
vt -0.004837 2.679376
vt -0.005156 2.576142
vt -0.001209 2.205345
vt -0.029311 2.178580
vt -0.000978 2.104096
vt -0.011851 1.766181
vt -0.003781 1.842954
vt -0.031767 1.855651
vt -0.032770 1.762172
vt -0.018399 24.426237
vt -0.032104 24.239532
vt -0.032028 24.148918
vt -0.032746 24.063566
vt -0.003390 23.985439
vt -0.032455 23.992672
vt -0.005645 23.900652
vt -0.032669 23.904188
vt -0.003022 23.810081
vt -0.032600 23.833046
vt -0.001591 23.733248
vt -0.031867 23.744942
vt -0.005602 23.644798
vt -0.030804 23.640905
vt -0.000721 23.555693
vt -0.031118 23.569565
vt -0.005877 23.468830
vt -0.030871 23.481226
vt -0.001195 23.379263
vt -0.029835 23.369720
vt -0.005479 23.292513
vt -0.029829 23.300316
vt -0.003296 23.201717
vt -0.027904 23.204353
vt -0.003229 23.126230
vt -0.032012 23.132765
vt -0.005125 23.036251
vt -0.029414 23.047157
vt -0.001945 22.950722
vt -0.032995 22.955566
vt -0.027876 22.866100
vt -0.031544 22.760706
vt -0.004305 22.693756
vt -0.028284 22.691174
vt -0.004854 22.605240
vt -0.028835 22.595627
vt -0.003498 22.519091
vt -0.029636 22.516760
vt -0.028354 22.420490
vt -0.031759 22.332888
vt -0.003560 22.243202
vt -0.029965 22.240030
vt -0.004905 22.156723
vt -0.032271 22.155777
vt -0.004248 22.067057
vt -0.030316 22.064766
vt -0.030430 21.986820
vt -0.030817 18.245312
vt -0.027800 18.340954
vt -0.033158 18.294823
vt -0.031327 24.324850
vt -0.032769 23.949085
vt -0.033357 23.684860
vt -0.032726 23.420498
vt -0.032772 23.249575
vt -0.032947 22.911844
vt -0.033155 22.822388
vt -0.033128 22.644016
vt -0.033021 22.555498
vt -0.033078 22.467670
vt -0.033058 22.377338
vt -0.029697 21.917965
vt -0.033280 21.859756
vt -0.028520 21.812214
vt -0.031173 21.744020
vt -0.033310 21.683468
vt -0.027395 21.638357
vt -0.032735 21.593225
vt -0.032595 21.548609
vt -0.029834 21.203636
vt -0.033393 21.165667
vt -0.028739 21.124603
vt -0.031528 20.960318
vt -0.032791 20.899061
vt -0.027209 20.855362
vt -0.033366 20.809227
vt -0.032863 20.764351
vt -0.027340 20.690140
vt -0.033165 20.648241
vt -0.032334 20.587334
vt -0.031160 20.174906
vt -0.033063 20.114893
vt -0.027442 20.071838
vt -0.033089 20.025539
vt -0.032436 19.980093
vt -0.027836 19.907419
vt -0.033245 19.862637
vt -0.031721 19.802145
vt -0.028380 19.732862
vt -0.033266 19.684414
vt -0.029398 19.636787
vt -0.029551 19.139008
vt -0.032754 19.078800
vt -0.031737 19.018366
vt -0.028354 18.949480
vt -0.032760 18.900551
vt -0.029188 18.853508
vt -0.032275 18.607376
vt -0.032938 18.564686
vt -0.029951 18.496084
vt -0.030479 18.000013
vt -0.030152 17.913309
vt -0.032045 17.823116
vt -0.030299 17.711926
vt -0.004100 17.717342
vt -0.032832 17.780273
vt -0.032206 17.628225
vt -0.028130 17.557697
vt -0.001670 17.461227
vt -0.033262 17.510658
vt -0.029996 17.461813
vt -0.029871 17.392731
vt -0.030542 17.305904
vt -0.031299 17.216816
vt -0.004647 17.198202
vt -0.003639 17.109398
vt -0.032634 17.039249
vt -0.030005 16.928150
vt -0.003862 16.933743
vt -0.004190 16.845064
vt -0.033404 16.996323
vt -0.032261 16.844080
vt -0.028095 16.774265
vt -0.001411 16.768213
vt -0.032759 16.726629
vt -0.029697 16.678404
vt -0.030341 16.609270
vt -0.003251 16.501932
vt -0.031756 16.433018
vt -0.029570 16.345638
vt -0.001116 16.337845
vt -0.002843 16.251923
vt -0.027474 16.165447
vt -0.031941 16.060331
vt -0.033028 16.255636
vt -0.032964 16.212519
vt -0.033165 16.120939
vt -0.028152 15.991243
vt -0.029527 15.895308
vt -0.003097 15.894066
vt -0.004755 15.808140
vt -0.033137 15.942706
vt -0.030034 15.825416
vt -0.030344 15.738983
vt -0.003669 15.718376
vt -0.004569 15.631224
vt -0.033077 15.678076
vt -0.031493 15.632433
vt -0.030210 15.537693
vt -0.004001 15.542755
vt -0.004339 15.454515
vt -0.032460 15.454547
vt -0.027922 15.382583
vt -0.004189 15.367118
vt -0.033259 15.337018
vt -0.031400 15.276765
vt -0.028540 15.208040
vt -0.002410 15.110678
vt -0.030873 15.131718
vt -0.030682 15.042548
vt -0.032145 14.865658
vt -0.029902 14.754047
vt -0.003786 14.759109
vt -0.004321 14.670752
vt -0.033404 14.822804
vt -0.032794 14.670431
vt -0.027829 14.599153
vt -0.003935 14.583382
vt -0.001646 14.503473
vt -0.032758 14.553229
vt -0.030646 14.503610
vt -0.029664 14.434402
vt -0.030563 14.348477
vt -0.030773 14.258605
vt -0.004661 14.239943
vt -0.003762 14.151464
vt -0.032900 14.214045
vt -0.032622 14.159038
vt -0.032344 13.990152
vt -0.033345 14.106647
vt -0.033117 14.052469
vt -0.033265 13.932081
vt -0.033042 13.864642
vt -0.032507 13.812033
vt -0.031185 13.734486
vt -0.032293 13.634481
vt -0.004855 13.633756
vt -0.005634 13.543749
vt -0.032995 13.679310
vt -0.032213 13.465315
vt -0.004662 13.456810
vt -0.003915 13.367920
vt -0.033294 13.571976
vt -0.033209 13.517916
vt -0.031243 13.386094
vt -0.004446 13.280043
vt -0.033137 13.329929
vt -0.032075 13.287050
vt -0.007195 13.193941
vt -0.033184 13.222427
vt -0.033328 13.171070
vt -0.032550 13.115994
vt -0.031388 13.037909
vt -0.032347 12.957157
vt -0.001943 12.936092
vt -0.004752 12.849415
vt -0.032758 12.902411
vt -0.031825 12.850798
vt -0.029601 12.774549
vt -0.031710 12.692497
vt -0.003754 12.685972
vt -0.030396 12.601667
vt -0.032845 12.529064
vt -0.032081 12.422012
vt -0.003537 12.409696
vt -0.000662 12.330446
vt -0.033353 12.474906
vt -0.031637 12.344072
vt -0.029130 12.240005
vt -0.000944 12.242916
vt -0.001207 12.154444
vt -0.033367 12.289664
vt -0.031870 12.162767
vt -0.033377 12.101590
vt -0.005648 12.076845
vt -0.031444 11.985048
vt -0.032971 12.047506
vt -0.033307 11.940260
vt -0.031869 11.885574
vt -0.032011 11.807763
vt -0.003798 11.801159
vt -0.003128 11.725531
vt -0.033248 11.730296
vt -0.031770 11.638567
vt -0.033248 11.580444
vt -0.002950 11.546057
vt -0.033072 11.512983
vt -0.032331 11.460613
vt -0.030496 11.383875
vt -0.032067 11.282933
vt -0.002728 11.293647
vt -0.003231 11.204729
vt -0.033025 11.327641
vt -0.032537 11.113933
vt -0.002326 11.118206
vt -0.003951 11.037171
vt -0.033273 11.220379
vt -0.033234 11.166349
vt -0.030461 11.035441
vt -0.004122 10.948181
vt -0.007214 10.860243
vt -0.032504 10.949492
vt -0.033157 10.870810
vt -0.031740 10.782196
vt -0.030816 10.606730
vt -0.030805 10.517577
vt -0.004114 10.510567
vt -0.032293 10.340471
vt -0.029953 10.228878
vt -0.003154 10.235353
vt -0.000892 10.158237
vt -0.033399 10.297533
vt -0.032634 10.145110
vt -0.027908 10.074261
vt -0.005789 10.069719
vt -0.030283 9.978653
vt -0.004495 9.972971
vt -0.003913 9.883024
vt -0.032763 10.027813
vt -0.030413 9.823250
vt -0.031271 9.733803
vt -0.004046 9.727818
vt -0.032804 9.556581
vt -0.027347 9.465504
vt -0.003538 9.451783
vt -0.000745 9.373022
vt -0.032990 9.513761
vt -0.033146 9.422127
vt -0.032614 9.361037
vt -0.027952 9.291327
vt -0.000734 9.285234
vt -0.002081 9.195598
vt -0.033118 9.243889
vt -0.030021 9.195502
vt -0.029760 9.125895
vt -0.030500 9.039734
vt -0.031013 8.949780
vt -0.029980 8.862924
vt -0.003855 8.843006
vt -0.005008 8.757266
vt -0.032428 8.772312
vt -0.029466 8.698355
vt -0.003951 8.668089
vt -0.004788 8.581834
vt -0.033272 8.638169
vt -0.031825 8.577625
vt -0.028299 8.508126
vt -0.003868 8.492952
vt -0.001327 8.412214
vt -0.033291 8.460011
vt -0.029559 8.412103
vt -0.030337 8.343113
vt -0.003447 8.335554
vt -0.005072 8.245007
vt -0.031671 8.166605
vt -0.029833 8.079027
vt -0.005189 8.069601
vt -0.002070 7.985172
vt -0.029431 7.913984
vt -0.031817 7.793871
vt -0.003783 7.709093
vt -0.032763 7.854389
vt -0.028333 7.724788
vt -0.002175 7.628234
vt -0.032772 7.676109
vt -0.029241 7.628825
vt -0.030657 7.559429
vt -0.005063 7.543070
vt -0.003070 7.452799
vt -0.032169 7.382913
vt -0.029912 7.271546
vt -0.005517 7.284941
vt -0.001736 7.200857
vt -0.032986 7.340270
vt -0.032988 7.187555
vt -0.027701 7.116329
vt -0.005792 7.113139
vt -0.000781 7.023223
vt -0.033119 7.070516
vt -0.030993 7.020802
vt -0.029414 6.951385
vt -0.030856 6.865666
vt -0.003145 6.844419
vt -0.001604 6.757774
vt -0.030327 6.775511
vt -0.030204 6.688875
vt -0.003015 6.669729
vt -0.002836 6.593904
vt -0.031848 6.598895
vt -0.030280 6.487535
vt -0.005375 6.502982
vt -0.000469 6.415796
vt -0.032787 6.556162
vt -0.032375 6.404028
vt -0.027997 6.332966
vt -0.003977 6.336431
vt -0.029650 6.236810
vt -0.004363 6.247567
vt -0.004168 6.161895
vt -0.033289 6.286312
vt -0.032761 6.196599
vt -0.031525 6.148851
vt -0.027411 6.072030
vt -0.032768 6.028251
vt -0.029902 5.975934
vt -0.030869 5.889250
vt -0.002854 5.887109
vt -0.006108 5.807336
vt -0.033399 5.936150
vt -0.030007 5.793315
vt -0.030038 5.715142
vt -0.002551 5.723799
vt -0.031101 5.647961
vt -0.033345 5.583994
vt -0.027150 5.540113
vt -0.030915 5.463050
vt -0.030901 5.366210
vt -0.033371 5.414819
vt -0.027281 5.289210
vt -0.033236 5.246167
vt -0.030812 5.193169
vt -0.030399 5.123816
vt -0.003101 5.103292
vt -0.005365 5.020501
vt -0.033265 5.060947
vt -0.027290 5.018111
vt -0.030799 4.940364
vt -0.031116 4.865834
vt -0.002303 4.756377
vt -0.032962 4.801833
vt -0.026990 4.757541
vt -0.033234 4.707489
vt -0.031651 4.662445
vt -0.029565 4.592507
vt -0.003601 4.593747
vt -0.003843 4.509013
vt -0.031356 4.417919
vt -0.030489 4.341868
vt -0.033164 4.278915
vt -0.027120 4.235385
vt -0.031963 4.158242
vt -0.030299 4.082415
vt -0.004119 4.064932
vt -0.002129 3.973924
vt -0.032840 4.020110
vt -0.027391 3.974313
vt -0.033292 3.926100
vt -0.031797 3.880679
vt -0.029553 3.809819
vt -0.003953 3.810198
vt -0.004052 3.718588
vt -0.033323 3.758657
vt -0.027585 3.712758
vt -0.032178 3.636102
vt -0.030002 3.558737
vt -0.004177 3.538296
vt -0.004043 3.446752
vt -0.032522 3.376089
vt -0.029980 3.300378
vt -0.004341 3.281443
vt -0.003817 3.189428
vt -0.033327 3.238012
vt -0.027513 3.191254
vt -0.032161 3.116430
vt -0.029190 3.026898
vt -0.003019 3.026398
vt -0.004106 2.932821
vt -0.033307 3.069698
vt -0.032831 2.976377
vt -0.027686 2.929917
vt -0.033007 2.854575
vt -0.029743 2.779003
vt -0.007399 2.763118
vt -0.032394 2.594195
vt -0.029730 2.516069
vt -0.004453 2.490754
vt -0.004256 2.407970
vt -0.033040 2.456019
vt -0.029303 2.386650
vt -0.000203 2.347228
vt -0.004491 2.286408
vt -0.033322 2.308080
vt -0.030663 2.238714
vt -0.030015 2.067783
vt -0.033036 2.007362
vt -0.002326 2.023571
vt -0.029913 1.930338
vt -0.031816 1.672912
vt -0.000795 21.987930
vt -0.003770 21.910494
vt -0.003598 21.634281
vt -0.004497 21.546541
vt -0.003838 21.458626
vt -0.029705 21.455900
vt -0.004235 21.369991
vt -0.032448 21.371624
vt -0.003958 21.282852
vt -0.030021 21.281115
vt -0.002105 21.202757
vt -0.030277 21.049274
vt -0.004404 20.762581
vt -0.004039 20.675507
vt -0.030194 20.497528
vt -0.003004 20.418968
vt -0.029474 20.420555
vt -0.002880 20.343885
vt -0.030064 20.353081
vt -0.030352 20.265377
vt -0.003962 20.067657
vt -0.004387 19.979593
vt -0.004166 19.892035
vt -0.002219 19.635670
vt -0.030457 19.567707
vt -0.030153 19.480167
vt -0.004610 19.372543
vt -0.031830 19.391121
vt -0.003745 19.284065
vt -0.029773 19.303499
vt -0.004324 19.195852
vt -0.032722 19.213032
vt -0.003870 19.108513
vt -0.001457 19.028706
vt -0.004688 18.765083
vt -0.030715 18.783997
vt -0.003711 18.676472
vt -0.029843 18.696840
vt -0.004514 18.588490
vt -0.003965 18.500853
vt -0.004274 18.411686
vt -0.032951 18.411982
vt -0.004304 18.325649
vt -0.004883 18.159111
vt -0.002671 18.244488
vt -0.029492 18.175964
vt -0.003398 18.068611
vt -0.030762 18.090084
vt -0.002407 17.993282
vt -0.029881 17.129143
vt -0.004467 17.021564
vt -0.030003 16.522415
vt -0.003504 16.422153
vt -0.003235 16.172226
vt -0.030066 14.954926
vt -0.004568 14.847424
vt -0.002832 13.719305
vt -0.002703 12.760881
vt -0.005694 11.636831
vt -0.004317 11.469307
vt -0.004902 11.380897
vt -0.029600 10.693320
vt -0.002353 10.585899
vt -0.030035 10.429899
vt -0.002616 9.802988
vt -0.029816 9.909417
vt -0.029670 9.646379
vt -0.003380 9.119262
vt -0.030224 8.255680
vt -0.002855 8.160317
vt -0.032672 7.988947
vt -0.029862 7.472259
vt -0.002747 7.376709
vt -0.005523 6.935262
vt -0.004134 5.630057
vt -0.002305 5.540172
vt -0.006069 5.460539
vt -0.004439 5.188369
vt -0.005444 4.673945
vt -0.029915 4.513330
vt -0.004928 4.418614
vt -0.003279 4.157066
vt -0.005772 3.889751
vt -0.001069 3.627921
vt -0.029734 3.471652
vt -0.001997 3.372948
vt -0.006290 3.110379
vt -0.002190 2.843141
vt -0.030217 2.689141
vt -0.031313 2.124331
vt -0.002655 1.960797
vt -0.004675 1.905918
vt 0.000455 25.205635
vt -0.001948 25.248920
vt -0.006158 25.167273
vt -0.013334 25.109531
vt -0.000273 25.106380
vt -0.019804 25.033003
vt 0.000273 25.041439
vt 0.000113 24.977180
vt -0.003607 24.917942
vt 0.000219 24.811987
vt -0.004577 24.856186
vt -0.000952 24.763615
vt -0.000258 24.549606
vt -0.003065 24.605402
vt -0.001294 24.501720
vt 0.000319 24.290363
vt -0.002863 24.341354
vt -0.001724 24.240147
vt -0.000294 24.024271
vt -0.002699 24.080238
vt -0.002206 23.978373
vt 0.000280 23.764235
vt -0.001979 23.819981
vt -0.002091 23.707689
vt 0.000175 23.598171
vt -0.006008 23.638136
vt -0.001713 23.550207
vt -0.000154 23.504196
vt -0.003164 23.448919
vt 0.000154 23.238182
vt -0.001646 23.288456
vt -0.002465 23.184780
vt 0.000026 22.978327
vt -0.000341 23.026676
vt -0.004646 22.934053
vt -0.000057 22.895611
vt -0.005199 22.855135
vt 0.000175 22.812256
vt -0.000753 22.764776
vt -0.000064 22.715538
vt -0.003384 22.664068
vt 0.000309 22.290066
vt -0.003738 22.341574
vt -0.000696 22.240784
vt 0.000358 22.109480
vt -0.002965 22.168419
vt -0.004677 22.071690
vt -0.000295 22.026268
vt -0.000896 21.978571
vt 0.000311 21.928865
vt -0.005219 21.889370
vt 0.000306 21.766304
vt -0.002786 21.820580
vt -0.001568 21.717159
vt 0.000207 21.240040
vt -0.002325 21.296207
vt -0.001788 21.184042
vt -0.000080 20.543812
vt -0.003058 20.592775
vt -0.004920 20.496933
vt 0.000179 20.274277
vt -0.002893 20.342800
vt -0.000940 20.231400
vt 0.000313 19.760086
vt -0.002235 19.809523
vt -0.005210 19.713886
vt -0.000371 19.490442
vt -0.002852 19.558922
vt -0.001000 19.447733
vt -0.000155 18.976128
vt -0.001142 19.036835
vt -0.005526 18.931057
vt 0.000252 18.884623
vt -0.000026 18.841848
vt -0.000078 18.370518
vt -0.003887 18.417961
vt -0.004595 18.321934
vt -0.000108 18.192263
vt -0.001361 18.252644
vt -0.003427 18.132000
vt 0.000312 17.586517
vt -0.003018 17.634830
vt -0.005012 17.538895
vt 0.000315 17.408264
vt -0.000845 17.469109
vt -0.005453 17.364315
vt -0.000370 17.316748
vt -0.000502 17.273867
vt -0.000161 16.802355
vt -0.002451 16.851570
vt -0.005371 16.755980
vt 0.000232 16.532608
vt -0.003182 16.601007
vt -0.000400 16.489727
vt -0.000101 16.018469
vt -0.002638 16.068037
vt -0.005029 15.972345
vt 0.000199 15.748876
vt -0.002964 15.817644
vt -0.001240 15.706076
vt 0.000306 15.410900
vt -0.003544 15.459929
vt -0.004684 15.363693
vt 0.000311 15.231959
vt -0.001433 15.293781
vt -0.005013 15.188663
vt 0.000326 15.071735
vt -0.000445 15.114704
vt -0.005617 15.024899
vt -0.000237 14.981836
vt -0.001329 14.922077
vt -0.000211 14.804556
vt -0.004818 14.850835
vt -0.003512 14.754675
vt 0.000286 14.715416
vt -0.003475 14.676491
vt -0.000180 14.627235
vt -0.005146 14.580935
vt -0.000175 14.447168
vt -0.000929 14.511290
vt -0.005722 14.406659
vt 0.000236 14.359149
vt 0.000009 14.315182
vt -0.000027 14.019850
vt -0.005137 14.067391
vt -0.002760 13.962215
vt -0.000108 13.665312
vt -0.001209 13.725458
vt -0.005361 13.622986
vt 0.000197 13.575516
vt -0.000655 13.532144
vt 0.000295 13.415132
vt -0.005185 13.458978
vt -0.001814 13.353919
vt 0.000307 13.237829
vt -0.004738 13.284214
vt -0.004080 13.188483
vt 0.000309 13.057659
vt -0.002203 13.120877
vt -0.003886 13.003090
vt -0.000221 12.630213
vt -0.005499 12.675165
vt -0.002253 12.571457
vt -0.000192 12.452833
vt -0.004227 12.501335
vt -0.004230 12.405043
vt 0.000266 12.363706
vt -0.002251 12.326658
vt -0.000160 12.275524
vt -0.003864 12.218370
vt -0.000006 12.025631
vt -0.005568 12.067373
vt -0.000617 11.962079
vt -0.000093 11.671528
vt -0.004080 11.718374
vt -0.004469 11.622293
vt -0.000122 11.493310
vt -0.001592 11.553488
vt -0.003360 11.432480
vt 0.000314 10.887695
vt -0.003358 10.935322
vt -0.004856 10.839272
vt 0.000316 10.709531
vt -0.001157 10.770193
vt -0.005372 10.664743
vt -0.000372 10.618017
vt -0.000310 10.575609
vt -0.000144 10.103868
vt -0.002966 10.152182
vt -0.005217 10.056403
vt -0.000117 9.925701
vt -0.000582 9.986759
vt -0.005671 9.881956
vt 0.000212 9.834243
vt -0.000075 9.791401
vt -0.000123 9.320248
vt -0.003347 9.368761
vt -0.004844 9.272857
vt 0.000222 9.050710
vt -0.002891 9.119011
vt -0.000733 9.007786
vt 0.000316 8.536193
vt -0.002452 8.585437
vt -0.005175 8.489618
vt -0.000372 8.266461
vt -0.002814 8.334982
vt -0.000988 8.223705
vt -0.000123 7.751999
vt -0.001105 7.812727
vt -0.005534 7.706868
vt 0.000219 7.660435
vt -0.000009 7.617681
vt -0.000083 7.324334
vt -0.004946 7.368296
vt -0.002665 7.263124
vt -0.000098 7.144906
vt -0.003993 7.193607
vt -0.003227 7.083976
vt -0.000337 6.805269
vt -0.000455 6.848175
vt -0.005509 6.759130
vt 0.000294 6.714375
vt -0.001390 6.653738
vt 0.000314 6.540827
vt -0.005097 6.584448
vt -0.002976 6.479559
vt 0.000315 6.361395
vt -0.003231 6.410565
vt -0.004988 6.314757
vt 0.000315 6.181874
vt -0.001068 6.243790
vt -0.005400 6.140118
vt 0.000298 6.021441
vt -0.000581 6.064850
vt -0.005637 5.975512
vt -0.000216 5.930854
vt -0.001561 5.869266
vt -0.000133 5.577830
vt -0.002655 5.627434
vt -0.005381 5.531928
vt -0.000120 5.398356
vt -0.000421 5.460404
vt -0.005750 5.357406
vt 0.000115 5.237947
vt -0.000192 5.281390
vt -0.005634 5.192621
vt -0.000039 5.147568
vt -0.001583 5.085775
vt -0.000055 4.968153
vt -0.004851 5.018346
vt -0.003184 4.913417
vt -0.000137 4.794477
vt -0.002961 4.844022
vt -0.005060 4.748260
vt -0.000352 4.453848
vt -0.000867 4.497139
vt -0.005246 4.409714
vt 0.000306 4.363883
vt -0.002199 4.303213
vt 0.000309 4.184402
vt -0.004220 4.235383
vt -0.004266 4.139188
vt 0.000316 4.010777
vt -0.001662 4.068657
vt -0.005278 3.965213
vt -0.000373 3.919366
vt -0.000339 3.876312
vt -0.000187 3.580242
vt -0.005234 3.626195
vt -0.003539 3.530735
vt -0.000127 3.224260
vt -0.001199 3.285184
vt -0.005779 3.182667
vt 0.000195 3.135241
vt -0.000020 3.092300
vt -0.000125 22.502569
vt -0.003290 22.577831
vt -0.028416 22.502508
vt -0.031628 22.411182
vt -0.027563 24.943607
vt -0.031288 24.858862
vt -0.032056 24.765421
vt -0.002906 24.691265
vt -0.029209 24.684570
vt -0.031367 24.597567
vt -0.028539 24.503523
vt -0.003087 24.426544
vt -0.028737 24.414156
vt -0.030366 24.324043
vt -0.031989 24.242144
vt -0.003321 24.167233
vt -0.029469 24.161762
vt -0.028236 24.071304
vt -0.032127 23.980373
vt -0.003335 23.904116
vt -0.029097 23.889744
vt -0.031368 23.800488
vt -0.031145 23.718996
vt -0.028915 23.639244
vt -0.028204 23.549259
vt -0.031455 23.455841
vt -0.003271 23.361717
vt -0.029248 23.368565
vt -0.031855 23.289278
vt -0.030769 23.207649
vt -0.003518 23.100792
vt -0.028776 23.117472
vt -0.032189 23.026390
vt -0.031433 22.933687
vt -0.028832 22.856468
vt -0.031796 22.766151
vt -0.030147 22.686291
vt -0.031492 22.596989
vt -0.032809 24.813017
vt -0.032843 22.814157
vt -0.029812 22.321699
vt -0.031747 21.810511
vt -0.028815 21.730331
vt -0.003375 21.642937
vt -0.028755 21.643463
vt -0.028963 21.554794
vt -0.002764 21.556957
vt -0.001546 21.475496
vt -0.028485 21.466755
vt -0.029265 21.379238
vt -0.003007 21.383404
vt -0.030250 21.203417
vt -0.029049 21.123058
vt -0.003675 21.099506
vt -0.000228 21.014866
vt -0.033015 21.078259
vt -0.031657 21.026878
vt -0.029105 20.947235
vt -0.003174 20.925312
vt -0.001956 20.837847
vt -0.033048 20.900141
vt -0.028821 20.851381
vt -0.029370 20.771645
vt -0.028462 20.683399
vt -0.003091 20.661823
vt -0.029840 20.595875
vt -0.032973 20.529087
vt -0.026197 20.496965
vt -0.000706 20.426311
vt -0.030827 20.419991
vt -0.028962 20.339746
vt -0.028915 20.252525
vt -0.029066 20.163960
vt -0.002868 20.141626
vt -0.002385 20.054380
vt -0.028609 20.076126
vt -0.029270 19.988342
vt -0.002094 19.964844
vt -0.003594 19.878687
vt -0.029907 19.812651
vt -0.032813 19.745543
vt -0.026326 19.713669
vt -0.000406 19.642746
vt -0.031025 19.636749
vt -0.028751 19.556095
vt -0.033274 19.511076
vt -0.032399 19.459627
vt -0.028857 19.380436
vt -0.003007 19.357811
vt -0.002574 19.271173
vt -0.028592 19.292973
vt -0.029083 19.204851
vt -0.002113 19.180874
vt -0.004928 19.105484
vt -0.029760 19.029154
vt -0.029052 18.948835
vt -0.033015 18.905107
vt -0.030995 18.853157
vt -0.029044 18.773119
vt -0.003497 18.751917
vt -0.028753 18.685822
vt -0.001223 18.663670
vt -0.002960 18.574604
vt -0.029167 18.597111
vt -0.002627 18.487494
vt -0.029565 18.421455
vt -0.028379 18.332895
vt -0.030285 18.245661
vt -0.028240 18.156513
vt -0.000565 18.058493
vt -0.031492 18.069332
vt -0.028782 17.988859
vt -0.002855 17.967205
vt -0.028735 17.901949
vt -0.029173 17.813778
vt -0.002590 17.790813
vt -0.003032 17.703852
vt -0.028476 17.725353
vt -0.029470 17.638132
vt -0.032816 17.571865
vt -0.026339 17.538673
vt -0.030526 17.462238
vt -0.028731 17.381489
vt -0.033279 17.337238
vt -0.032001 17.285603
vt -0.028812 17.205719
vt -0.003174 17.183580
vt -0.002065 17.096699
vt -0.028694 17.118626
vt -0.028996 17.030121
vt -0.002613 17.006756
vt -0.003272 16.920759
vt -0.028465 16.941881
vt -0.029327 16.854542
vt -0.029059 16.774302
vt -0.032870 16.713461
vt -0.027542 16.663191
vt -0.029442 16.578657
vt -0.031864 16.501875
vt -0.029115 16.422485
vt -0.003110 16.400314
vt -0.002224 16.312946
vt -0.030542 16.245941
vt -0.028066 16.155910
vt -0.003251 16.136990
vt -0.030985 16.070599
vt -0.027926 15.979923
vt -0.000434 15.900978
vt -0.031043 15.895237
vt -0.028986 15.815005
vt -0.028865 15.727716
vt -0.029099 15.639229
vt -0.002763 15.616544
vt -0.002676 15.529339
vt -0.028578 15.551247
vt -0.029329 15.463585
vt -0.030066 15.287852
vt -0.032803 15.220336
vt -0.026341 15.188991
vt -0.031202 15.111708
vt -0.028550 15.030714
vt -0.033257 14.985830
vt -0.032551 14.934373
vt -0.028894 14.855648
vt -0.028553 14.767956
vt -0.029149 14.680067
vt -0.029926 14.504332
vt -0.029085 14.424095
vt -0.030848 14.327913
vt -0.028864 14.247597
vt -0.003125 14.223484
vt -0.028749 14.160902
vt -0.001430 14.136095
vt -0.033037 14.379852
vt -0.029186 14.072343
vt -0.029634 13.896698
vt -0.032990 13.830612
vt -0.026181 13.797543
vt -0.002587 13.816223
vt -0.030441 13.720881
vt -0.028201 13.631685
vt -0.031774 13.544390
vt -0.029085 13.464568
vt -0.028724 13.377061
vt -0.029221 13.289030
vt -0.028432 13.200402
vt -0.029553 13.113379
vt -0.032805 13.046669
vt -0.026331 13.014095
vt -0.030743 12.937433
vt -0.028737 12.856737
vt -0.003401 12.832489
vt -0.000668 12.746497
vt -0.028833 12.768637
vt -0.028394 12.673024
vt -0.028467 12.067476
vt -0.032926 12.011396
vt -0.026240 11.970636
vt -0.032672 11.886874
vt -0.032182 11.803707
vt -0.002442 11.788125
vt -0.027098 11.721690
vt -0.033157 11.678198
vt -0.027768 11.623174
vt -0.032143 10.846907
vt -0.028385 10.759202
vt -0.032714 9.888958
vt -0.028925 9.801499
vt -0.003267 9.701539
vt -0.027854 9.109246
vt -0.032865 9.054941
vt -0.026315 9.012753
vt -0.032530 8.930948
vt -0.030901 8.848077
vt -0.002181 8.830420
vt -0.002411 8.741087
vt -0.031855 7.890323
vt -0.029280 7.801912
vt -0.030679 7.196977
vt -0.029145 7.112599
vt -0.032369 6.929877
vt -0.029566 6.849147
vt -0.029603 6.766441
vt -0.029068 6.682617
vt -0.033232 6.619683
vt -0.027852 6.566554
vt -0.028933 6.480795
vt -0.028027 6.324676
vt -0.033266 6.274244
vt -0.027835 6.218519
vt -0.028846 6.132803
vt -0.028271 5.870290
vt -0.028763 5.785929
vt -0.002857 5.781154
vt -0.003237 5.696701
vt -0.028477 5.529955
vt -0.028730 5.438496
vt -0.029097 5.293767
vt -0.032982 5.235290
vt -0.028353 5.175795
vt -0.028717 5.091067
vt -0.029212 4.946766
vt -0.032861 4.888911
vt -0.027598 4.836926
vt -0.029213 4.763395
vt -0.000661 4.676523
vt -0.032448 4.579444
vt -0.029770 4.495518
vt -0.028939 4.415654
vt -0.028053 4.323960
vt -0.032463 4.232948
vt -0.029733 4.148212
vt -0.032228 3.886266
vt -0.028309 3.794785
vt -0.003419 3.783787
vt -0.001232 3.697895
vt -0.032658 3.537665
vt -0.028265 3.445999
vt -0.002769 3.461892
vt -0.002875 3.374866
vt -0.032184 3.190991
vt -0.027966 3.098328
vt -0.005004 2.718191
vt -0.032884 2.752961
vt -0.033012 2.671944
vt -0.008206 2.436154
vt -0.030901 2.500156
vt -0.032258 2.401953
vt -0.032940 2.337054
vt -0.016357 2.338246
vt -0.031662 2.261014
vt -0.019633 2.262711
vt -0.032373 2.166332
vt -0.002837 22.427986
vt -0.031959 22.243034
vt -0.030118 22.162281
vt -0.028471 22.071304
vt -0.032334 21.982103
vt -0.028409 21.892698
vt -0.028328 21.290234
vt -0.002661 20.748568
vt -0.028399 19.899498
vt -0.028381 19.116209
vt -0.028520 18.509296
vt -0.001754 17.880228
vt -0.000209 16.685358
vt -0.028080 16.333845
vt -0.002530 16.223520
vt -0.028390 15.374645
vt -0.028364 14.591267
vt -0.028486 13.984430
vt -0.003570 13.893240
vt -0.000501 12.925729
vt -0.030232 12.592119
vt -0.030574 12.503220
vt -0.029715 12.420551
vt -0.028195 12.324106
vt -0.029873 12.226795
vt -0.000194 12.142298
vt -0.029870 12.145178
vt -0.003090 11.873707
vt -0.029615 11.549288
vt -0.031237 11.461926
vt -0.000555 11.359487
vt -0.029900 11.368018
vt -0.030839 11.272311
vt -0.002922 11.268126
vt -0.001454 11.181078
vt -0.029528 11.196828
vt -0.002697 11.091677
vt -0.028433 11.111755
vt -0.002819 11.004532
vt -0.028810 11.016985
vt -0.031472 10.928299
vt -0.028627 10.664574
vt -0.029491 10.578674
vt -0.031120 10.503386
vt -0.003071 10.484326
vt -0.001668 10.397660
vt -0.029687 10.408191
vt -0.002767 10.307810
vt -0.031231 10.313703
vt -0.003038 10.221555
vt -0.030263 10.239799
vt -0.028283 10.153710
vt -0.029223 10.059444
vt -0.031082 9.970577
vt -0.028852 9.707093
vt -0.001684 9.614103
vt -0.028646 9.622091
vt -0.002791 9.524767
vt -0.031685 9.545702
vt -0.002945 9.437901
vt -0.028378 9.452009
vt -0.029415 9.355551
vt -0.030711 9.272243
vt -0.000862 9.202707
vt -0.029859 9.183974
vt -0.002948 8.917797
vt -0.028671 8.759518
vt -0.003272 8.654208
vt -0.028387 8.665277
vt -0.030417 8.578508
vt -0.032019 8.505234
vt -0.000533 8.418826
vt -0.028004 8.409168
vt -0.030309 8.314828
vt -0.029282 8.239157
vt -0.002988 8.133747
vt -0.028474 8.154294
vt -0.002579 8.047069
vt -0.028970 8.059938
vt -0.002089 7.956764
vt -0.032016 7.971397
vt -0.004950 7.881307
vt -0.028590 7.707773
vt -0.029851 7.621339
vt -0.003378 7.527262
vt -0.032451 7.547188
vt -0.001194 7.439723
vt -0.029193 7.462774
vt -0.028965 7.378275
vt -0.028737 7.288383
vt -0.027847 7.019698
vt -0.001979 7.018401
vt -0.003038 6.941157
vt -0.028989 6.398143
vt -0.028894 6.050368
vt -0.030038 5.957870
vt -0.029526 5.702024
vt -0.030409 5.619275
vt -0.030931 5.367185
vt -0.030275 5.019600
vt -0.028063 4.671256
vt -0.003193 4.591561
vt -0.027852 4.056371
vt -0.029649 3.964489
vt -0.029278 3.699592
vt -0.029839 3.617003
vt -0.029454 3.352232
vt -0.030085 3.269544
vt -0.029232 3.006089
vt -0.004123 3.014144
vt 0.000009 2.957079
vt -0.030652 2.924576
vt -0.002745 2.901196
vt -0.003029 2.847942
vt -0.033073 2.844499
vt -0.002425 2.782876
vt -0.001848 2.645731
vt -0.032161 2.591720
vt -0.003516 2.568461
vt -0.002796 2.511156
vt -0.113744 -0.327056
vt 0.084041 -0.365789
vt -0.143442 -0.285095
vt 0.161295 -0.305945
vt -0.051943 -0.367169
vt 0.023969 -0.381401
vt 0.194205 -0.219008
vt -0.166700 -0.218962
vt -0.161185 -0.158167
vt -0.116192 -0.077542
vt 0.183308 -0.132857
vt 0.142528 -0.071859
vt 0.068936 -0.027336
vt -0.017893 -0.025116
vt -0.023318 -0.193280
vt 0.075997 -0.179231
vt -0.116462 -0.156011
vt 0.155127 -0.117614
vt -0.170044 -0.098175
vt -0.193355 -0.022752
vt 0.193086 -0.024796
vt -0.189660 0.050819
vt 0.179812 0.074595
vt -0.153279 0.120023
vt 0.118831 0.154194
vt -0.073185 0.180396
vt 0.026319 0.192885
vt 0.482718 0.244812
vt 0.320181 0.210037
vt 0.466645 0.088517
vt 0.287982 0.061632
vt 0.420022 -0.032500
vt 0.338530 -0.133384
vt 0.224285 -0.023747
vt 0.136370 -0.083857
vt 0.215322 -0.223425
vt 0.063869 -0.267754
vt -0.013223 -0.109882
vt -0.128115 -0.254868
vt -0.160118 -0.071616
vt -0.271507 -0.190640
vt -0.242809 -0.004441
vt -0.385222 -0.079920
vt -0.299230 0.085856
vt -0.466645 0.088517
vt -0.322213 0.210095
vt -0.483018 0.240237
vt -0.459714 0.361332
vt -0.299230 0.334144
vt -0.385222 0.499920
vt -0.242809 0.424441
vt -0.271507 0.610640
vt -0.160119 0.491616
vt -0.128115 0.674868
vt -0.013222 0.529882
vt -0.000000 0.695000
vt 0.128115 0.674868
vt 0.136370 0.503857
vt 0.267695 0.613187
vt 0.224285 0.443747
vt 0.360915 0.532458
vt 0.287982 0.358368
vt 0.443689 0.398653
vt 0.000000 -1.493966
vt -0.038705 -1.570116
vt -0.000000 -1.625774
vt 0.000000 1.588523
vt -0.030000 1.625774
vt -0.051391 1.530849
vt -0.125551 -1.400375
vt -0.000000 -1.354812
vt 0.000000 -1.215658
vt -0.124605 -1.299396
vt -0.038705 -1.139508
vt 0.000000 -1.051492
vt -0.040568 -1.015965
vt 0.000000 -0.881659
vt -0.124605 -0.868303
vt 0.000000 -0.673732
vt -0.129580 -0.769800
vt -0.051391 -0.636849
vt 0.000000 -0.504674
vt -0.038705 -0.486266
vt 0.000000 -0.333888
vt -0.124605 -0.326378
vt 0.000000 -0.131808
vt -0.129580 -0.227876
vt -0.051391 -0.094925
vt 0.000000 0.032356
vt -0.053723 0.092420
vt 0.000000 0.164580
vt 0.000000 0.333888
vt -0.130000 0.229456
vt -0.124605 0.326378
vt 0.000000 0.504674
vt -0.038705 0.486266
vt 0.000000 0.673732
vt -0.051391 0.636849
vt -0.000000 0.812887
vt -0.129521 0.763760
vt 0.000000 0.952042
vt -0.129580 0.855974
vt -0.051391 0.988925
vt 0.000000 1.116205
vt -0.053723 1.176269
vt 0.000000 1.248429
vt 0.000000 1.417737
vt -0.130000 1.312528
vt -0.129521 1.403939
vt 0.187417 0.909232
vt -0.123028 0.909771
vt -0.122679 0.812265
vt 0.187417 0.812293
vt -0.123025 0.339664
vt -0.123025 0.242092
vt 0.187417 0.243866
vt 0.187417 0.339624
vt -0.123024 1.485838
vt 0.187417 1.394957
vt 0.187417 1.491541
vt -0.122660 1.388225
vt -0.123025 -1.388212
vt -0.123025 -1.485784
vt 0.187417 -1.482340
vt 0.187417 -1.388252
vt 0.187417 -0.818643
vt -0.123028 -0.818105
vt -0.122679 -0.915610
vt 0.187417 -0.915582
vt 0.187417 -0.242685
vt -0.123024 -0.242038
vt -0.122660 -0.339651
vt 0.187417 -0.339624
vt 0.622223 0.397698
vt 0.323946 0.210000
vt 0.640617 0.102609
vt 0.306446 0.104936
vt 0.526344 -0.171257
vt 0.221656 -0.021033
vt 0.311273 -0.360531
vt 0.092337 -0.100516
vt 0.036040 -0.438920
vt -0.013378 -0.113670
vt -0.246146 -0.391505
vt -0.117608 -0.091857
vt -0.239947 -0.001934
vt -0.480791 -0.227305
vt -0.622223 0.022302
vt -0.314058 0.130551
vt -0.322842 0.236732
vt -0.640617 0.317391
vt -0.296758 0.339946
vt -0.526344 0.591257
vt -0.223072 0.442517
vt -0.311273 0.780531
vt -0.117608 0.511857
vt -0.036040 0.858920
vt -0.013378 0.533670
vt 0.092337 0.520516
vt 0.246146 0.811505
vt 0.221656 0.441033
vt 0.480791 0.647305
vt 0.306446 0.315064
vt 0.059546 2.578075
vt 0.289254 2.592064
vt 0.059546 2.887417
vt 0.197077 2.953475
vt 0.382205 2.955493
vt 0.517194 2.887832
vt 0.517804 2.578075
vt 0.306070 2.592485
vt 0.067112 2.892089
vt 0.234382 2.966480
vt 0.382205 2.955493
vt 0.297879 2.592505
vt 0.067112 2.892089
vt 0.222458 2.964867
vt 0.342968 2.966480
vt 0.510238 2.892089
vt 0.289247 2.592064
vt 0.067139 2.892106
vt 0.234383 2.966480
vt 0.382205 2.955493
vt 0.517194 2.887832
vt 0.306070 2.592484
vt 0.197077 2.953474
vt 0.297879 2.592505
vt 0.060156 2.887832
vt 0.195146 2.955494
vt 0.342968 2.966481
vt 0.510238 2.892089
vt -0.078028 -1.772811
vt -0.227533 -1.815174
vt -0.067773 -1.881024
vt -0.078141 1.778642
vt -0.227533 1.878789
vt -0.227533 1.747906
vt -0.120983 1.631889
vt -0.227533 1.616922
vt -0.227533 -1.683459
vt -0.120983 -1.631889
vt -0.227533 -1.584020
vt -0.120983 -1.516009
vt -0.227533 -1.486239
vt -0.074208 -1.323758
vt -0.227533 -1.352326
vt -0.227533 -1.220648
vt -0.077491 -1.149160
vt -0.227533 -1.056504
vt -0.120983 -0.991215
vt -0.227533 -0.894240
vt -0.120983 -0.876142
vt -0.081674 -0.757872
vt -0.227533 -0.762969
vt -0.069428 -0.658202
vt -0.227533 -0.595881
vt -0.077439 -0.522475
vt -0.227533 -0.396234
vt -0.120983 -0.364473
vt -0.227533 -0.234797
vt -0.120983 -0.249134
vt -0.073057 -0.061341
vt -0.227533 -0.100869
vt -0.227533 0.069207
vt -0.076600 0.099328
vt -0.227533 0.234796
vt -0.120983 0.249134
vt -0.120983 0.364766
vt -0.227533 0.392248
vt -0.074206 0.556978
vt -0.227533 0.565409
vt -0.227533 0.695884
vt -0.078422 0.737657
vt -0.227533 0.827793
vt -0.120983 0.890033
vt -0.227533 0.957858
vt -0.120983 1.004882
vt -0.227533 1.091148
vt -0.075179 1.175787
vt -0.227533 1.222372
vt -0.077178 1.356924
vt -0.227533 1.354466
vt -0.227533 1.486239
vt -0.120983 1.516316
vt 0.058208 2.117576
vt 0.071992 2.227906
vt 0.038484 2.227906
vt 0.019239 2.151081
vt 0.009599 2.274270
vt -0.014472 2.265894
vt -0.019239 2.112245
vt -0.052924 2.147964
vt 0.051019 -1.891066
vt 0.071992 -2.134213
vt 0.075862 -1.792326
vt 0.053473 -1.702992
vt 0.075015 -1.482401
vt 0.050960 -1.276177
vt 0.074386 -1.172939
vt 0.053519 -1.088092
vt 0.073965 -0.863560
vt 0.050902 -0.661300
vt 0.073715 -0.553993
vt 0.058110 -0.417761
vt 0.073602 -0.244046
vt 0.058208 -0.110330
vt 0.071977 0.093667
vt 0.019238 0.153649
vt 0.047997 0.118026
vt 0.038484 0.230473
vt 0.015417 0.276838
vt -0.019238 0.307297
vt -0.019238 0.422110
vt -0.053130 0.431265
vt -0.052950 0.585176
vt -0.053443 1.512618
vt -0.047997 1.648366
vt -0.057550 1.777889
vt 0.019239 0.384122
vt -0.019238 0.575758
vt 0.051019 0.336840
vt 0.019238 0.499782
vt -0.053674 0.741703
vt -0.019238 0.729407
vt 0.075862 0.435580
vt 0.053473 0.524913
vt 0.015416 0.660960
vt -0.053297 0.894875
vt 0.038484 0.614595
vt -0.019238 0.845068
vt 0.019238 0.807080
vt -0.019239 0.959880
vt -0.053731 1.051153
vt 0.047997 0.732620
vt 0.075015 0.745505
vt 0.019238 0.921892
vt -0.019238 1.075541
vt -0.053154 1.203209
vt 0.057900 0.887916
vt 0.015417 1.045081
vt -0.019238 1.190353
vt 0.038484 0.998716
vt -0.053362 1.358342
vt 0.019238 1.152365
vt -0.019238 1.344002
vt 0.074382 1.054961
vt 0.053519 1.139814
vt 0.015416 1.275554
vt 0.038484 1.229189
vt -0.019238 1.459662
vt 0.019238 1.382838
vt -0.019238 1.574475
vt 0.047997 1.347216
vt 0.015416 1.506026
vt 0.073965 1.364346
vt 0.038484 1.459662
vt -0.019238 1.728124
vt 0.019239 1.652147
vt 0.050902 1.566606
vt -0.019238 1.881772
vt -0.053411 1.954256
vt 0.019238 1.766960
vt 0.073762 1.674026
vt 0.053569 1.754726
vt 0.019238 1.882620
vt -0.019238 1.997433
vt 0.047997 1.884987
vt 0.015417 2.043797
vt 0.038484 1.997433
vt 0.073602 1.983861
vt -0.019238 0.191636
vt 0.015417 0.046364
vt 0.038484 0.000000
vt -0.053424 0.277958
vt -0.019238 0.037988
vt 0.019239 -0.076824
vt -0.053438 0.123828
vt 0.019238 -0.191637
vt 0.047997 -0.266095
vt -0.019239 -0.115661
vt -0.058806 -0.032568
vt 0.019238 -0.345286
vt -0.047997 -0.120222
vt -0.019238 -0.269309
vt 0.015416 -0.491406
vt 0.038484 -0.537770
vt -0.052773 -0.264050
vt -0.019238 -0.422958
vt 0.019238 -0.614595
vt -0.052428 -0.376656
vt -0.019238 -0.537770
vt 0.015416 -0.721879
vt 0.038484 -0.768243
vt -0.052934 -0.495133
vt -0.019238 -0.653431
vt 0.047997 -0.880691
vt 0.019238 -0.845068
vt -0.052403 -0.651046
vt -0.019238 -0.768243
vt 0.015416 -0.952352
vt 0.038484 -0.998716
vt -0.019238 -0.883904
vt -0.052827 -0.804662
vt 0.019238 -1.075541
vt -0.019238 -1.037553
vt 0.019239 -1.190353
vt -0.051958 -0.997850
vt -0.019238 -1.152365
vt 0.015416 -1.336474
vt 0.038484 -1.382838
vt -0.019239 -1.268026
vt 0.047997 -1.495286
vt -0.053219 -1.189088
vt 0.019239 -1.459662
vt -0.019238 -1.382838
vt 0.015417 -1.566946
vt 0.038484 -1.613311
vt -0.053165 -1.343408
vt -0.019238 -1.498499
vt 0.019238 -1.690135
vt -0.052137 -1.536706
vt -0.019238 -1.652147
vt 0.019238 -1.804948
vt -0.019238 -1.805796
vt 0.015417 -1.951068
vt 0.038484 -1.997433
vt -0.052603 -1.769895
vt 0.047997 -2.109879
vt -0.019238 -1.920609
vt 0.019238 -2.074257
vt -0.019238 -2.036270
vt 0.015417 -2.181542
vt 0.047997 -2.227906
vt 0.047997 2.304730
vt -0.052665 -1.961784
vt -0.024071 -2.189917
vt -0.052139 -2.117055
vt -0.047997 2.304730
vt -3.057328 0.008204
vt -2.821197 0.008642
vt -2.912435 0.031964
vt -3.061757 0.033684
vt -2.592960 0.033688
vt -2.735620 0.039192
vt -2.597460 0.008258
vt 0.145551 1.514340
vt 0.120362 1.504007
vt 0.147639 1.411222
vt 0.121125 1.403744
vt -0.105512 -1.403793
vt -0.105895 -1.503980
vt -0.078550 -1.411301
vt -0.080638 -1.514346
vt -0.322445 0.009728
vt -0.329966 0.035803
vt -0.479411 0.006544
vt -0.601218 0.037128
vt -0.784449 0.035963
vt -0.640393 0.013846
vt -0.789095 0.009738
vt -0.328116 0.008879
vt -0.322421 0.035790
vt -0.440540 0.037503
vt -0.677105 0.027678
vt -0.789142 0.035888
vt -0.784442 0.009388
vt -0.603799 0.006829
vt -0.560270 0.034931
vt 0.121383 0.827066
vt 0.147726 0.816332
vt 0.147615 0.919470
vt 0.121304 0.927381
vt 0.121304 -0.820948
vt 0.121383 -0.921263
vt 0.147555 -0.828629
vt 0.147781 -0.932009
vt -0.784442 0.009388
vt -0.603799 0.006829
vt -0.592417 0.022702
vt -0.789130 0.035833
vt -0.632065 0.035599
vt -0.328116 0.008878
vt -0.442742 0.037648
vt -0.322437 0.035714
vt -0.601218 0.037128
vt -0.784449 0.035963
vt -0.639313 0.013594
vt -0.789079 0.009813
vt -0.479194 0.006689
vt -0.322461 0.009804
vt -0.329966 0.035803
vt 0.120299 0.244350
vt 0.145734 0.233946
vt 0.147571 0.337275
vt 0.120683 0.344536
vt 0.121125 -0.344585
vt 0.147542 -0.337364
vt 0.120362 -0.244322
vt 0.145719 -0.233954
vt -3.056366 0.008204
vt -2.820246 0.008641
vt -2.911766 0.031066
vt -3.060832 0.033862
vt -2.591957 0.033858
vt -2.737369 0.039784
vt -2.596494 0.008258
vt 0.106066 -0.831976
vt 0.000000 -0.877402
vt 0.106066 -0.903208
vt 0.106066 0.879458
vt 0.000000 0.906471
vt 0.000000 0.779810
vt 0.106066 0.784553
vt 0.106066 0.671448
vt 0.000000 0.648344
vt 0.106066 0.558410
vt 0.000000 0.544692
vt 0.106066 0.463480
vt 0.000000 0.442033
vt 0.106066 0.368510
vt 0.000000 0.315389
vt 0.106066 0.231742
vt 0.000000 0.183984
vt 0.106066 0.094953
vt 0.000000 0.080257
vt 0.106066 0.000000
vt 0.000000 -0.022406
vt 0.106066 -0.094953
vt 0.000000 -0.125128
vt 0.106066 -0.231743
vt 0.000000 -0.253647
vt 0.106066 -0.368510
vt 0.000000 -0.384178
vt 0.106066 -0.463479
vt 0.000000 -0.486848
vt 0.106066 -0.558410
vt 0.000000 -0.589578
vt 0.106066 -0.695190
vt 0.000000 -0.693709
vt 0.000000 -0.797290
vt -0.075000 -0.714611
vt -0.525000 -0.765915
vt -0.075000 -0.785398
vt -0.075000 0.765674
vt -0.525000 0.785398
vt -0.525000 0.715609
vt -0.075000 0.675573
vt -0.525000 0.625413
vt -0.075000 0.586307
vt -0.525000 0.511146
vt -0.075000 0.476174
vt -0.525000 0.401021
vt -0.075000 0.361881
vt -0.525000 0.311753
vt -0.075000 0.271716
vt -0.525000 0.221621
vt -0.075000 0.182447
vt -0.525000 0.107302
vt -0.075000 0.072329
vt -0.525000 -0.002838
vt -0.075000 -0.041911
vt -0.525000 -0.092103
vt -0.075000 -0.132140
vt -0.525000 -0.182173
vt -0.075000 -0.221414
vt -0.525000 -0.272722
vt -0.075000 -0.310742
vt -0.525000 -0.362052
vt -0.075000 -0.422445
vt -0.525000 -0.451330
vt -0.075000 -0.535996
vt -0.525000 -0.564835
vt -0.075000 -0.625276
vt -0.525000 -0.676591
vt -0.106066 -0.903208
vt 0.000000 -0.887916
vt -0.106066 -0.821803
vt 0.000000 -0.790138
vt -0.106066 -0.719067
vt 0.000000 -0.695219
vt -0.106066 -0.616395
vt 0.000000 -0.600242
vt -0.106066 -0.485812
vt 0.000000 -0.463466
vt -0.106066 -0.357353
vt 0.000000 -0.326683
vt -0.106066 -0.254626
vt 0.000000 -0.231740
vt -0.106066 -0.151961
vt 0.000000 -0.136778
vt -0.106066 -0.048197
vt 0.000000 0.000019
vt -0.106066 0.083179
vt 0.000000 0.136778
vt -0.106066 0.209813
vt 0.000000 0.231740
vt -0.106066 0.312474
vt 0.000000 0.326683
vt -0.106066 0.416163
vt 0.000000 0.463466
vt -0.106066 0.547600
vt 0.000000 0.600242
vt -0.106066 0.674252
vt 0.000000 0.695219
vt -0.106066 0.776909
vt 0.000000 0.790138
vt -0.106066 0.880526
vt 0.000000 0.880252
vt 0.025853 0.009912
vt 0.027503 0.116916
vt 0.019658 0.194004
vt 0.027503 0.261685
vt 0.023510 0.424195
vt 0.013643 0.629038
vt 0.003985 0.627591
vt 0.005924 0.469369
vt -0.010000 0.004072
vt -0.840000 0.000004
vt -0.010000 -0.004699
vt 0.045375 0.004174
vt -0.024627 0.001148
vt 0.045375 -0.005664
vt -0.003630 0.629295
vt -0.012374 0.629103
vt -0.004807 0.491888
vt -0.004333 0.356017
vt -0.006363 0.249065
vt -0.005589 0.116779
vt -0.022628 0.004205
vt -0.092630 -0.000032
vt -0.022628 -0.004086
vt 0.027503 3.727975
vt 0.019369 3.910843
vt 0.018355 3.697005
vt 0.027503 3.583207
vt 0.022748 3.456635
vt 0.840000 0.587637
vt 0.010000 0.588658
vt 0.840000 0.480917
vt 0.010000 0.405499
vt 0.840000 0.336486
vt 0.010000 0.261071
vt 0.840000 0.192058
vt 0.010000 0.116641
vt 0.840000 0.082135
vt 0.840000 0.009920
vt 0.010000 0.009920
vt -0.840000 -0.002507
vt -0.010000 0.000076
vt -0.840000 0.113401
vt -0.010000 0.161448
vt -0.840000 0.251313
vt -0.010000 0.320485
vt -0.840000 0.354855
vt -0.840000 0.498306
vt -0.010000 0.458394
vt -0.010000 0.628970
vt 0.039608 0.294331
vt 0.054602 0.156942
vt 0.101884 0.262389
vt -0.025576 0.143301
vt -0.008206 -0.061485
vt -0.065498 0.012483
vt -0.091717 -0.121751
vt -0.035315 -0.298743
vt -0.105274 -0.297513
vt -0.039563 0.294237
vt -0.102076 0.262794
vt -0.033728 0.100802
vt 0.040730 0.096914
vt 0.017944 -0.116363
vt 0.092095 -0.137584
vt 0.025893 0.444856
vt 0.023815 0.589144
vt 0.023653 0.284643
vt 0.007139 0.010162
vt 0.008955 0.255663
vt 0.004829 0.112635
vt 0.007374 0.629112
vt 0.003913 0.526194
vt 0.005437 0.397782
vt -0.004829 0.526713
vt -0.007094 0.629219
vt -0.004060 0.389489
vt -0.006363 0.111458
vt -0.004665 0.252772
vt -0.006834 0.010127
vt -0.022628 0.004205
vt -0.092630 0.000845
vt -0.022628 -0.004188
vt 0.028891 3.910541
vt 0.019386 3.910567
vt 0.027504 3.800359
vt 0.018552 3.649570
vt 0.027504 3.655590
vt 0.027504 3.510821
vt 0.021142 3.430884
vt 0.010000 0.587637
vt 0.840000 0.515422
vt 0.010000 0.453875
vt 0.840000 0.408702
vt 0.840000 0.264274
vt 0.010000 0.261071
vt 0.840000 0.119843
vt 0.010000 0.116641
vt -0.840000 -0.000676
vt -0.010000 0.000076
vt -0.840000 0.113402
vt -0.010000 0.112882
vt -0.840000 0.251313
vt -0.010000 0.251528
vt -0.840000 0.389224
vt -0.010000 0.389440
vt -0.840000 0.527872
vt -0.010000 0.527351
vt 0.039608 0.294331
vt 0.018585 0.051160
vt 0.102149 0.262948
vt -0.044470 0.081388
vt -0.021138 -0.123415
vt -0.091717 -0.121751
vt -0.035315 -0.298743
vt -0.059434 0.168866
vt -0.039563 0.294237
vt 0.029645 0.131916
vt 0.002749 -0.035871
vt 0.085634 -0.092138
vt 0.035320 -0.298877
vt 0.105280 -0.297671
vt 0.026091 0.405747
vt 0.019796 0.589167
vt 0.024526 0.273438
vt 0.007152 0.261760
vt 0.006364 0.115065
vt 0.007971 0.010053
vt 0.004842 0.522272
vt 0.003912 0.388583
vt 0.045375 0.004174
vt -0.024627 -0.001333
vt 0.045375 -0.005664
vt -0.003630 0.629295
vt -0.012374 0.629103
vt -0.005963 0.489827
vt -0.003912 0.285102
vt -0.011155 0.299227
vt -0.008241 0.110533
vt 0.027503 3.800359
vt 0.025684 3.910541
vt 0.019146 3.757462
vt 0.024627 0.004206
vt -0.045375 0.001410
vt 0.024627 -0.003764
vt 0.840000 0.480915
vt 0.010000 0.515422
vt 0.010000 0.405501
vt 0.840000 0.336486
vt 0.010000 0.261071
vt 0.840000 0.226564
vt 0.840000 0.119844
vt 0.010000 0.116641
vt -0.840000 -0.002507
vt -0.010000 0.001533
vt -0.840000 0.113402
vt -0.010000 0.113618
vt -0.840000 0.285729
vt -0.000602 0.206992
vt 0.009615 0.014657
vt 0.102149 0.262949
vt -0.029765 -0.195660
vt 0.057052 0.032354
vt -0.004254 -0.001404
vt 0.005924 0.469369
vt -0.010000 0.004072
vt -0.840000 0.000004
vt -0.003630 0.629295
vt -0.004333 0.356017
vt -0.006363 0.249065
vt -0.005589 0.116779
vt -0.022628 0.004205
vt -0.092630 -0.000032
vt 0.027503 3.727975
vt 0.027503 3.583207
vt 0.022748 3.456635
vt -0.840000 -0.002507
vt -0.010000 0.000076
vt 0.007139 0.010162
vt 0.008955 0.255663
vt 0.005437 0.397782
vt -0.004829 0.526713
vt -0.004060 0.389489
vt -0.006363 0.111458
vt -0.006834 0.010127
vt -0.092630 0.000845
vt 0.027504 3.655590
vt 0.021142 3.430884
vt -0.840000 -0.000676
vt 0.024526 0.273438
vt 0.007152 0.261760
vt 0.006364 0.115065
vt 0.045375 -0.005664
vt -0.003630 0.629295
vt -0.005963 0.489827
vt -0.003912 0.285102
vt -0.008241 0.110533
vt -0.840000 -0.002507
vt -0.010000 0.001533
vt 0.019658 0.194003
vt 0.023510 0.424195
vt 0.013643 0.629038
vt -0.024627 0.001148
vt 0.045375 -0.005664
vt -0.012374 0.629103
vt -0.004807 0.491888
vt -0.005589 0.116779
vt 0.840000 0.480917
vt 0.840000 0.192058
vt -0.840000 -0.002507
vt -0.840000 0.113401
vt -0.010000 0.161448
vt -0.840000 0.251313
vt -0.010000 0.320485
vt -0.840000 0.498306
vt -0.025576 0.143301
vt -0.008206 -0.061485
vt -0.091717 -0.121751
vt -0.035315 -0.298743
vt -0.033728 0.100802
vt 0.092095 -0.137584
vt 0.023815 0.589144
vt 0.007139 0.010162
vt 0.008955 0.255663
vt 0.007374 0.629112
vt -0.004060 0.389489
vt -0.006363 0.111458
vt -0.022628 0.004205
vt -0.022628 -0.004188
vt 0.019386 3.910567
vt 0.027504 3.800359
vt 0.840000 0.119843
vt -0.840000 -0.000676
vt -0.010000 0.000076
vt -0.840000 0.113402
vt -0.010000 0.112882
vt -0.010000 0.251528
vt -0.010000 0.389440
vt -0.840000 0.527872
vt 0.039608 0.294331
vt 0.018585 0.051160
vt -0.044470 0.081388
vt -0.035315 -0.298743
vt -0.105274 -0.297513
vt -0.039563 0.294237
vt 0.002749 -0.035871
vt 0.085634 -0.092138
vt 0.019796 0.589167
vt -0.003912 0.285102
vt -0.005963 0.489827
vt -0.011155 0.299227
vt -0.007094 0.629219
vt 0.027503 3.800359
vt 0.025684 3.910541
vt 0.019146 3.757462
vt 0.024627 -0.003764
vt 0.840000 0.336486
vt 0.010000 0.261071
vt 0.840000 0.119844
vt -0.840000 -0.002507
vt -0.010000 0.001533
vt 0.025853 0.009912
vt -0.024627 0.001148
vt -0.005589 0.116779
vt 0.009731 0.394823
vt 0.003913 0.250976
vt 0.005941 0.126644
vt -0.004060 0.389489
vt -0.092630 0.000845
vt 0.027504 3.800359
vt 0.018552 3.649570
vt 0.021142 3.430884
vt -0.010000 0.113617
vt 0.045375 0.004174
vt -0.045375 0.001410
vt -0.010000 0.001533
s 1
usemtl 10,10,10.002
f 506/1/1 501/2/2 526/3/3
f 481/4/4 488/5/5 482/6/6
f 482/7/6 484/8/7 481/9/4
f 481/10/4 484/11/7 490/4/8
f 501/12/2 506/13/1 490/14/8
f 490/14/8 484/15/7 501/12/2
f 472/16/9 445/17/10 473/18/11
f 476/19/12 477/20/13 472/21/9
f 476/19/12 472/21/9 473/22/11
f 477/23/13 476/24/12 454/25/14
f 458/26/15 456/27/16 454/28/14
f 456/29/16 458/30/15 551/31/17
f 551/31/17 458/30/15 553/32/18
f 543/33/19 537/34/20 551/35/17
f 543/33/19 551/35/17 553/36/18
f 537/37/20 543/38/19 519/4/21
f 519/4/21 543/38/19 520/39/22
f 519/40/21 520/41/22 487/42/23
f 520/41/22 485/43/24 487/42/23
f 440/4/25 487/44/23 485/45/24
f 440/46/25 485/47/24 470/48/26
f 465/4/27 440/49/25 466/50/28
f 440/49/25 470/51/26 466/50/28
f 465/52/27 466/53/28 444/54/29
f 738/72/37 703/73/38 757/74/39
f 757/74/39 703/73/38 688/75/40
f 696/76/41 687/77/42 672/78/43
f 738/72/37 708/79/44 696/76/41
f 738/72/37 696/76/41 703/73/38
f 403/80/45 424/81/46 375/82/47
f 375/82/47 424/81/46 335/83/48
f 335/83/48 332/84/49 304/85/50
f 335/83/48 304/85/50 292/86/51
f 292/86/51 304/85/50 260/87/52
f 292/86/51 260/87/52 238/88/53
f 238/88/53 260/87/52 230/89/54
f 238/88/53 230/89/54 145/90/55
f 145/90/55 230/89/54 187/91/56
f 145/90/55 187/91/56 137/92/57
f 145/90/55 137/92/57 97/93/58
f 97/93/58 137/92/57 95/94/59
f 95/94/59 88/95/60 50/96/61
f 554/97/62 525/98/63 403/80/45
f 403/80/45 525/98/63 424/81/46
f 424/81/46 392/99/64 335/83/48
f 335/83/48 392/99/64 332/84/49
f 332/84/49 330/100/65 287/101/66
f 332/84/49 287/101/66 304/85/50
f 304/85/50 287/101/66 260/87/52
f 230/89/54 260/87/52 219/102/67
f 230/89/54 219/102/67 187/91/56
f 50/96/61 88/95/60 58/103/68
f 50/96/61 58/103/68 18/104/69
f 392/99/64 525/98/63 449/105/70
f 449/105/70 363/106/71 332/84/49
f 293/107/72 255/108/73 246/109/74
f 246/109/74 255/108/73 239/110/75
f 199/111/76 226/112/77 186/113/78
f 199/111/76 186/113/78 174/114/79
f 88/95/60 100/115/80 85/116/81
f 88/95/60 85/116/81 58/103/68
f 449/105/70 428/117/82 363/106/71
f 363/106/71 428/117/82 315/118/83
f 315/118/83 328/119/84 293/107/72
f 293/107/72 328/119/84 255/108/73
f 246/109/74 239/110/75 226/112/77
f 186/113/78 226/112/77 181/120/85
f 174/114/79 186/113/78 164/121/86
f 174/114/79 164/121/86 132/122/87
f 132/122/87 164/121/86 138/123/88
f 132/122/87 138/123/88 127/124/89
f 132/122/87 127/124/89 100/115/80
f 428/117/82 378/125/90 315/118/83
f 315/118/83 378/125/90 328/119/84
f 328/119/84 320/126/91 255/108/73
f 255/108/73 320/126/91 288/127/92
f 255/108/73 288/127/92 252/128/93
f 239/110/75 255/108/73 234/129/94
f 226/112/77 239/110/75 214/130/95
f 226/112/77 214/130/95 181/120/85
f 186/113/78 181/120/85 164/121/86
f 367/131/96 378/125/90 407/132/97
f 367/131/96 407/132/97 400/133/98
f 367/131/96 400/133/98 362/134/99
f 338/135/100 362/134/99 337/136/101
f 338/135/100 337/136/101 306/137/102
f 265/138/103 250/139/104 252/128/93
f 252/128/93 250/139/104 241/140/105
f 252/128/93 241/140/105 234/129/94
f 239/110/75 234/129/94 214/130/95
f 400/133/98 399/141/106 362/134/99
f 362/134/99 399/141/106 361/142/107
f 362/134/99 361/142/107 337/136/101
f 306/137/102 307/143/108 285/144/109
f 265/138/103 285/144/109 307/143/108
f 361/142/107 398/145/110 337/136/101
f 361/142/107 399/141/106 398/145/110
f 233/146/111 241/140/105 250/139/104
f 241/140/105 233/146/111 234/129/94
f 205/147/112 190/148/113 214/130/95
f 214/130/95 190/148/113 181/120/85
f 190/148/113 177/149/114 181/120/85
f 181/120/85 177/149/114 164/121/86
f 148/150/115 164/121/86 177/149/114
f 164/121/86 148/150/115 138/123/88
f 126/151/116 138/123/88 148/150/115
f 126/151/116 127/124/89 138/123/88
f 126/151/116 102/152/117 127/124/89
f 127/124/89 102/152/117 100/115/80
f 85/116/81 100/115/80 102/152/117
f 20/157/122 27/158/123 58/103/68
f 58/103/68 27/158/123 29/159/124
f 15/160/125 17/161/126 20/157/127
f 17/161/126 15/160/125 10/162/128
f 7/163/129 10/162/128 9/164/130
f 7/163/131 9/164/132 15/160/133
f 15/160/125 9/164/130 10/162/128
f 3/170/137 2/171/138 1/172/139
f 19/174/141 16/175/142 8/176/143
f 3/177/137 6/178/144 2/179/138
f 52/180/145 59/181/146 38/182/147
f 38/182/147 59/181/146 83/183/148
f 38/182/147 83/183/148 82/184/149
f 82/184/149 110/185/150 93/186/151
f 93/186/151 110/185/150 119/187/152
f 119/187/152 157/188/153 152/189/154
f 152/189/154 213/190/155 145/90/55
f 145/90/55 213/190/155 243/191/156
f 145/90/55 243/191/156 238/88/53
f 59/181/146 66/192/157 83/183/148
f 101/193/158 83/183/148 98/194/159
f 101/193/158 98/194/159 124/195/160
f 124/195/160 98/194/159 128/196/161
f 124/195/160 128/196/161 156/197/162
f 280/198/163 305/199/164 272/200/165
f 272/200/165 305/199/164 319/201/166
f 272/200/165 319/201/166 303/202/167
f 303/202/167 364/203/168 354/204/169
f 354/204/169 364/203/168 368/205/170
f 354/204/169 368/205/170 350/206/171
f 235/207/172 179/208/173 249/209/174
f 235/207/172 249/209/174 278/210/175
f 235/207/172 278/210/175 280/198/163
f 280/198/163 278/210/175 309/211/176
f 280/198/163 309/211/176 305/199/164
f 303/202/167 319/201/166 364/203/168
f 350/206/171 368/205/170 375/82/47
f 350/206/171 375/82/47 335/83/48
f 310/212/177 278/210/175 323/213/178
f 310/212/177 323/213/178 352/214/179
f 310/212/177 352/214/179 374/215/180
f 310/212/177 374/215/180 370/216/181
f 370/216/181 374/215/180 419/217/182
f 370/216/181 419/217/182 409/218/183
f 381/219/184 409/218/183 440/220/25
f 381/219/184 440/220/25 394/221/185
f 394/221/185 440/220/25 444/222/29
f 394/221/185 444/222/29 445/223/10
f 374/215/180 422/224/186 419/217/182
f 409/218/183 419/217/182 464/225/187
f 409/218/183 464/225/187 440/220/25
f 440/220/25 464/225/187 487/226/23
f 448/227/188 582/228/189 493/229/190
f 688/75/40 703/73/38 696/76/41
f 422/224/186 582/228/189 448/227/188
f 493/229/190 582/228/189 679/230/191
f 493/229/190 679/230/191 688/75/40
f 456/231/192 467/232/193 461/233/194
f 456/231/192 461/233/194 394/221/185
f 461/233/194 471/234/195 499/235/196
f 499/235/196 471/234/195 507/236/197
f 507/236/197 471/234/195 494/237/198
f 507/236/197 494/237/198 524/238/199
f 507/236/197 524/238/199 544/239/200
f 544/239/200 524/238/199 590/240/201
f 544/239/200 590/240/201 569/241/202
f 590/240/201 572/242/203 623/243/204
f 524/238/199 572/242/203 590/240/201
f 572/242/203 567/244/205 623/243/204
f 623/243/204 567/244/205 551/245/17
f 467/232/193 551/245/17 489/246/206
f 489/246/206 551/245/17 513/247/207
f 513/247/207 551/245/17 535/248/208
f 535/248/208 551/245/17 567/244/205
f 551/245/17 467/232/193 456/231/192
f 576/249/209 596/250/210 595/251/211
f 595/251/211 442/252/212 576/249/209
f 576/249/209 442/252/212 573/253/213
f 573/253/213 442/252/212 540/254/214
f 573/253/213 540/254/214 568/255/215
f 568/255/215 540/254/214 559/256/216
f 442/252/212 595/251/211 643/257/217
f 442/252/212 643/257/217 554/97/62
f 643/257/217 595/251/211 603/258/218
f 643/257/217 603/258/218 632/259/219
f 643/257/217 632/259/219 654/260/220
f 643/257/217 654/260/220 708/79/44
f 654/260/220 632/259/219 617/261/221
f 654/260/220 617/261/221 646/262/222
f 646/262/222 617/261/221 626/263/223
f 617/261/221 608/264/224 626/263/223
f 608/264/224 617/261/221 607/265/225
f 646/262/222 626/263/223 645/266/226
f 654/260/220 687/77/42 696/76/41
f 696/76/41 672/78/43 623/243/204
f 623/243/204 672/78/43 659/267/227
f 623/243/204 659/267/227 635/268/228
f 659/267/227 672/78/43 662/269/229
f 659/267/227 662/269/229 648/270/230
f 648/270/230 662/269/229 661/271/231
f 648/270/230 661/271/231 652/272/232
f 661/271/231 662/269/229 674/273/233
f 652/272/232 611/274/234 648/270/230
f 648/270/230 611/274/234 644/275/235
f 644/275/235 611/274/234 576/249/209
f 576/249/209 611/274/234 596/250/210
f 461/233/194 499/235/196 502/276/236
f 461/233/194 502/276/236 442/252/212
f 442/252/212 502/276/236 539/277/237
f 502/276/236 527/278/238 539/277/237
f 539/277/237 527/278/238 548/279/239
f 548/279/239 527/278/238 563/280/240
f 563/280/240 527/278/238 565/281/241
f 563/280/240 565/281/241 589/282/242
f 565/281/241 600/283/243 589/282/242
f 589/282/242 600/283/243 624/284/244
f 589/282/242 624/284/244 592/285/245
f 592/285/245 624/284/244 575/286/246
f 592/285/245 575/286/246 571/287/247
f 624/284/244 600/283/243 623/243/204
f 623/243/204 600/283/243 590/240/201
f 442/252/212 539/277/237 540/254/214
f 634/288/248 635/268/228 585/289/249
f 585/289/249 635/268/228 573/253/213
f 585/289/249 573/253/213 568/255/215
f 624/284/244 623/243/204 634/288/248
f 634/288/248 623/243/204 635/268/228
f 394/221/185 445/223/10 454/290/14
f 454/290/14 445/223/10 472/291/9
f 454/290/14 472/291/9 477/292/13
f 394/221/185 454/290/14 456/231/192
f 623/243/204 551/245/17 537/293/20
f 537/293/20 519/294/21 464/225/187
f 537/293/20 464/225/187 493/229/190
f 519/294/21 487/226/23 464/225/187
f 465/295/27 444/222/29 440/220/25
f 367/131/96 362/134/99 338/135/100
f 288/127/92 338/135/100 306/137/102
f 328/119/84 378/125/90 367/131/96
f 320/126/91 367/131/96 338/135/100
f 320/126/91 338/135/100 288/127/92
f 288/127/92 306/137/102 285/144/109
f 288/127/92 285/144/109 252/128/93
f 252/128/93 285/144/109 265/138/103
f 424/81/46 525/98/63 392/99/64
f 392/99/64 449/105/70 332/84/49
f 332/84/49 363/106/71 330/100/65
f 330/100/65 363/106/71 315/118/83
f 330/100/65 315/118/83 287/101/66
f 287/101/66 315/118/83 274/296/250
f 287/101/66 274/296/250 260/87/52
f 260/87/52 274/296/250 251/297/251
f 260/87/52 251/297/251 219/102/67
f 219/102/67 251/297/251 210/298/252
f 219/102/67 210/298/252 187/91/56
f 187/91/56 210/298/252 180/299/253
f 187/91/56 180/299/253 137/92/57
f 137/92/57 180/299/253 136/300/254
f 137/92/57 136/300/254 95/94/59
f 95/94/59 136/300/254 88/95/60
f 18/104/69 58/103/68 29/159/124
f 18/104/69 29/159/124 2/179/138
f 2/179/138 29/159/124 17/161/126
f 2/179/138 17/161/126 10/162/128
f 2/179/138 10/162/128 1/172/139
f 654/260/220 696/76/41 708/79/44
f 306/137/102 337/136/101 307/143/108
f 320/126/91 328/119/84 367/131/96
f 442/252/212 554/97/62 403/80/45
f 255/108/73 252/128/93 234/129/94
f 442/252/212 403/80/45 394/221/185
f 442/252/212 394/221/185 461/233/194
f 274/296/250 315/118/83 293/107/72
f 274/296/250 293/107/72 246/109/74
f 394/221/185 403/80/45 368/205/170
f 368/205/170 403/80/45 375/82/47
f 623/243/204 537/293/20 493/229/190
f 364/203/168 394/221/185 368/205/170
f 381/219/184 394/221/185 364/203/168
f 464/225/187 419/217/182 493/229/190
f 493/229/190 419/217/182 448/227/188
f 448/227/188 419/217/182 422/224/186
f 409/218/183 381/219/184 365/301/255
f 365/301/255 381/219/184 319/201/166
f 365/301/255 319/201/166 305/199/164
f 381/219/184 364/203/168 319/201/166
f 354/204/169 308/302/256 296/303/257
f 296/303/257 308/302/256 243/191/156
f 296/303/257 243/191/156 213/190/155
f 308/302/256 292/86/51 243/191/156
f 243/191/156 292/86/51 238/88/53
f 354/204/169 350/206/171 308/302/256
f 308/302/256 350/206/171 335/83/48
f 308/302/256 335/83/48 292/86/51
f 274/296/250 246/109/74 251/297/251
f 251/297/251 246/109/74 226/112/77
f 251/297/251 226/112/77 210/298/252
f 210/298/252 226/112/77 199/111/76
f 210/298/252 199/111/76 180/299/253
f 180/299/253 199/111/76 174/114/79
f 180/299/253 174/114/79 136/300/254
f 136/300/254 174/114/79 132/122/87
f 136/300/254 132/122/87 88/95/60
f 88/95/60 132/122/87 100/115/80
f 205/147/112 214/130/95 234/129/94
f 234/129/94 233/146/111 205/147/112
f 354/204/169 296/303/257 303/202/167
f 303/202/167 256/304/258 272/200/165
f 280/198/163 272/200/165 231/305/259
f 280/198/163 231/305/259 235/207/172
f 235/207/172 231/305/259 162/306/260
f 235/207/172 162/306/260 179/208/173
f 179/208/173 162/306/260 156/197/162
f 409/218/183 365/301/255 370/216/181
f 370/216/181 365/301/255 309/211/176
f 370/216/181 309/211/176 310/212/177
f 309/211/176 365/301/255 305/199/164
f 303/202/167 296/303/257 256/304/258
f 256/304/258 296/303/257 213/190/155
f 256/304/258 213/190/155 220/307/261
f 220/307/261 213/190/155 152/189/154
f 52/180/145 38/182/147 40/308/262
f 220/307/261 231/305/259 256/304/258
f 256/304/258 231/305/259 272/200/165
f 157/188/153 220/307/261 152/189/154
f 231/305/259 161/309/263 162/306/260
f 156/197/162 162/306/260 125/310/264
f 156/197/162 125/310/264 124/195/160
f 231/305/259 220/307/261 157/188/153
f 309/211/176 278/210/175 310/212/177
f 104/311/265 145/90/55 97/93/58
f 97/93/58 95/94/59 67/312/266
f 67/312/266 95/94/59 50/96/61
f 67/312/266 50/96/61 37/313/267
f 37/313/267 50/96/61 18/104/69
f 37/313/267 18/104/69 6/178/144
f 6/178/144 18/104/69 2/179/138
f 231/305/259 157/188/153 161/309/263
f 162/306/260 161/309/263 125/310/264
f 124/195/160 125/310/264 101/193/158
f 145/90/55 104/311/265 152/189/154
f 152/189/154 104/311/265 119/187/152
f 119/187/152 104/311/265 93/186/151
f 40/308/262 38/182/147 19/174/141
f 161/309/263 157/188/153 110/185/150
f 110/185/150 157/188/153 119/187/152
f 13/314/268 37/313/267 6/178/144
f 161/309/263 110/185/150 125/310/264
f 125/310/264 110/185/150 101/193/158
f 101/193/158 110/185/150 82/184/149
f 104/311/265 97/93/58 67/312/266
f 104/311/265 67/312/266 75/315/269
f 75/315/269 22/316/270 49/317/271
f 49/317/271 22/316/270 16/175/142
f 93/186/151 104/311/265 75/315/269
f 49/317/271 93/186/151 75/315/269
f 82/184/149 93/186/151 49/317/271
f 83/183/148 101/193/158 82/184/149
f 75/315/269 67/312/266 22/316/270
f 22/316/270 67/312/266 37/313/267
f 22/316/270 37/313/267 13/314/268
f 13/314/268 6/178/144 3/177/137
f 38/182/147 82/184/149 49/317/271
f 1/172/139 10/162/128 7/163/129
f 16/175/142 22/316/270 8/176/143
f 8/176/143 22/316/270 13/314/268
f 8/176/143 13/314/268 3/177/137
f 49/317/271 16/175/142 38/182/147
f 19/174/141 38/182/147 16/175/142
f 27/158/123 20/157/127 29/159/124
f 17/161/126 29/159/124 20/157/127
f 688/75/40 623/243/204 493/229/190
f 696/76/41 623/243/204 688/75/40
f 659/320/274 658/321/275 635/322/228
f 635/323/228 658/324/275 573/325/213
f 573/325/213 658/324/275 574/326/276
f 577/327/277 576/328/209 573/329/213
f 577/327/277 573/329/213 574/330/276
f 576/331/209 577/332/277 644/333/235
f 644/333/235 577/332/277 650/334/278
f 644/335/235 650/336/279 648/337/230
f 659/338/280 648/339/230 660/340/281
f 659/341/280 660/342/281 658/343/282
f 559/350/216 540/351/214 560/352/284
f 570/353/285 568/354/215 559/355/216
f 570/353/285 559/355/216 560/356/284
f 568/357/215 570/358/285 585/359/249
f 585/359/249 570/358/285 586/360/286
f 585/361/249 586/362/286 634/363/248
f 592/364/245 571/365/247 591/366/287
f 591/367/287 589/368/242 592/369/245
f 563/370/240 589/371/242 564/372/288
f 563/373/240 564/374/288 548/375/239
f 548/375/239 564/374/288 549/376/289
f 548/377/239 549/378/289 539/379/237
f 479/393/292 478/394/293 480/395/294
f 480/395/294 483/396/295 479/393/292
f 491/4/296 478/397/293 479/398/292
f 491/4/296 479/398/292 492/43/297
f 515/399/298 523/4/299 491/400/296
f 515/399/298 491/400/296 492/401/297
f 523/402/299 515/403/298 510/404/300
f 523/405/299 510/406/300 486/4/301
f 486/4/301 510/406/300 483/43/295
f 483/407/295 480/408/294 486/409/301
f 469/43/302 461/410/303 468/411/304
f 468/411/304 461/410/303 467/412/193
f 471/413/195 461/414/194 469/415/305
f 494/416/198 471/417/195 495/43/306
f 471/417/195 469/418/305 495/43/306
f 511/419/307 494/420/198 495/421/306
f 524/422/199 494/423/198 511/424/307
f 524/425/199 511/426/307 572/427/203
f 535/428/208 567/429/205 538/430/308
f 538/431/308 503/432/309 535/433/208
f 535/433/208 503/432/309 513/434/207
f 513/435/207 503/436/309 489/437/206
f 474/438/310 467/439/193 489/440/206
f 503/441/309 474/438/310 489/440/206
f 474/442/310 468/43/304 467/443/193
f 490/458/8 506/459/1 526/460/3
f 490/458/8 526/460/3 488/461/5
f 488/461/5 481/462/4 490/458/8
f 599/43/318 595/463/211 597/464/319
f 597/464/319 595/463/211 596/465/210
f 603/4/218 595/466/211 599/467/318
f 599/468/318 618/469/320 603/470/218
f 632/471/219 603/472/218 618/473/320
f 625/474/321 617/475/221 618/476/322
f 618/476/322 617/475/221 632/477/219
f 614/478/323 617/479/221 625/480/321
f 606/481/324 607/482/225 614/483/323
f 617/484/221 614/483/323 607/482/225
f 608/485/224 607/486/225 606/487/324
f 610/488/325 608/489/224 606/490/324
f 626/491/223 608/492/224 610/493/325
f 640/494/326 626/495/223 610/496/325
f 640/497/326 645/498/226 626/499/223
f 640/497/326 649/500/327 645/498/226
f 645/501/226 649/502/327 646/503/328
f 654/504/329 646/505/328 655/506/330
f 654/507/220 655/508/330 687/509/42
f 673/510/331 672/511/43 687/512/42
f 672/513/43 673/514/331 662/515/332
f 674/516/333 662/517/332 675/518/334
f 674/519/233 675/520/335 661/521/231
f 661/521/231 675/520/335 656/522/336
f 637/523/337 652/524/232 656/525/336
f 661/526/231 656/525/336 652/524/232
f 652/527/232 637/528/337 611/529/338
f 621/530/339 611/531/338 637/532/337
f 611/533/338 621/534/339 597/535/319
f 611/536/338 597/537/319 596/4/210
f 521/556/345 522/557/346 529/558/347
f 529/558/347 522/557/346 534/559/348
f 534/560/348 547/4/349 529/561/347
f 555/562/350 547/563/349 534/564/348
f 558/565/351 547/566/349 555/567/350
f 558/565/351 555/567/350 541/43/352
f 558/568/351 541/569/352 528/4/353
f 541/570/352 533/571/354 528/572/353
f 522/573/346 521/4/345 528/574/353
f 522/573/346 528/574/353 533/575/354
f 504/43/355 502/576/356 500/577/357
f 500/577/357 502/576/356 499/578/358
f 518/43/359 502/579/356 504/580/355
f 527/581/360 502/582/356 518/583/359
f 550/584/361 527/585/360 518/586/359
f 550/587/361 565/588/362 527/589/360
f 565/590/362 550/591/361 600/592/243
f 569/593/202 590/594/201 566/595/363
f 561/43/364 544/596/365 566/597/363
f 569/598/202 566/597/363 544/596/365
f 544/599/365 561/600/364 530/43/366
f 530/601/366 507/602/367 544/603/365
f 530/604/366 500/43/357 507/605/367
f 500/606/357 499/607/358 507/608/367
f 480/623/294 491/624/296 486/625/301
f 480/623/294 478/626/293 491/624/296
f 523/627/299 486/625/301 491/624/296
f 985/628/375 983/629/376 987/630/377
f 983/631/376 985/632/375 986/633/378
f 912/644/386 911/645/387 913/646/388
f 911/647/387 912/648/386 908/649/389
f 908/649/389 912/648/386 909/650/390
f 897/651/391 895/4/392 908/652/389
f 897/651/391 908/652/389 909/653/390
f 900/654/393 895/655/392 904/656/394
f 904/656/394 895/655/392 897/657/391
f 904/658/394 919/659/395 900/660/393
f 912/661/386 913/662/388 919/663/395
f 954/669/396 910/670/397 936/671/398
f 899/672/399 915/673/400 895/674/401
f 895/674/401 915/673/400 913/675/402
f 913/675/402 915/673/400 936/671/398
f 936/671/398 915/673/400 954/669/396
f 954/669/396 975/676/403 910/670/397
f 997/677/404 1007/678/405 1008/679/406
f 895/680/407 903/681/408 899/682/399
f 899/682/399 903/681/408 947/683/409
f 899/682/399 947/683/409 948/684/410
f 948/684/410 969/685/411 982/686/412
f 982/686/412 969/685/411 997/687/404
f 947/683/409 969/685/411 948/684/410
f 1008/688/406 982/686/412 997/687/404
f 903/697/414 914/698/415 923/699/416
f 923/699/416 914/698/415 918/700/417
f 923/701/418 918/702/417 917/703/419
f 914/704/415 903/705/414 917/706/419
f 914/704/415 917/706/419 918/707/417
f 980/708/420 981/709/421 983/710/376
f 983/710/376 981/709/421 984/711/422
f 978/712/423 983/713/376 984/714/424
f 966/715/425 970/716/426 967/717/427
f 967/718/427 972/719/428 960/720/429
f 967/718/427 960/720/429 966/721/430
f 980/722/420 972/723/431 981/724/432
f 830/736/440 861/737/441 816/738/442
f 862/739/443 831/740/444 873/741/445
f 830/736/440 831/740/444 862/739/443
f 830/736/440 862/739/443 861/737/441
f 1002/742/446 876/743/447 1004/744/448
f 1002/742/446 1004/744/448 1017/745/449
f 1017/745/449 1004/744/448 1032/746/450
f 1032/746/450 1004/744/448 1031/747/451
f 1032/746/450 1031/747/451 1055/748/452
f 1055/748/452 1031/747/451 1054/749/453
f 1055/748/452 1054/749/453 1084/750/454
f 1084/750/454 1082/751/455 1106/752/456
f 1106/752/456 1082/751/455 1104/753/457
f 1106/752/456 1104/753/457 1130/754/458
f 856/755/459 860/756/460 876/743/447
f 858/757/461 863/758/462 860/756/460
f 841/759/463 833/760/464 881/761/465
f 881/761/465 833/760/464 864/762/466
f 865/763/467 866/764/468 884/765/469
f 884/765/469 866/764/468 867/766/470
f 833/760/464 826/767/471 864/762/466
f 864/762/466 826/767/471 865/763/467
f 826/767/471 819/768/472 865/763/467
f 865/763/467 819/768/472 866/764/468
f 866/764/468 819/768/472 817/769/473
f 866/764/468 817/769/473 867/766/470
f 950/770/474 1006/771/475 1012/772/476
f 1012/772/476 1006/771/475 1023/773/477
f 1012/772/476 1023/773/477 1022/774/478
f 1022/774/478 1023/773/477 1044/775/479
f 1067/776/480 1066/777/481 1095/778/482
f 1067/776/480 1095/778/482 1098/779/483
f 1098/779/483 1095/778/482 1105/780/484
f 1103/781/485 1098/779/483 1128/782/486
f 1103/781/485 1128/782/486 1130/754/458
f 1050/783/487 1043/784/488 1023/773/477
f 1060/785/489 1072/786/490 1064/787/491
f 1064/787/491 1072/786/490 1081/788/492
f 1064/787/491 1081/788/492 1090/789/493
f 1100/790/494 1108/791/495 1110/792/496
f 1110/792/496 1124/793/497 1122/794/498
f 1125/795/499 1122/794/498 1138/796/500
f 1125/795/499 1138/796/500 1141/797/501
f 1145/798/502 1141/797/501 1155/799/503
f 1096/800/504 1108/791/495 1100/790/494
f 1123/801/505 1116/802/506 1108/791/495
f 1124/793/497 1137/803/507 1134/804/508
f 1134/804/508 1137/803/507 1147/805/509
f 1147/805/509 1161/806/510 1151/807/511
f 1151/807/511 1161/806/510 1171/808/512
f 1151/807/511 1171/808/512 1166/809/513
f 1137/803/507 1124/793/497 1123/801/505
f 1161/806/510 1165/810/514 1181/811/515
f 1180/812/516 1177/813/517 1168/814/518
f 1168/814/520 1177/816/521 1178/817/522
f 1178/817/522 1177/816/521 1180/812/523
f 1178/817/522 1180/812/523 1165/810/514
f 1186/818/524 1165/810/514 1187/819/525
f 1186/818/524 1187/819/526 1181/811/515
f 1165/827/514 1180/812/523 1184/828/532
f 1165/810/514 1184/828/533 1187/819/525
f 1171/830/512 1181/831/515 1184/828/534
f 1184/828/534 1181/831/515 1187/832/535
f 1193/833/536 1191/834/537 1174/835/538
f 1193/833/536 1174/835/538 1189/836/539
f 1182/837/540 1179/838/541 1172/839/542
f 1159/840/543 1164/841/544 1153/842/545
f 1159/840/543 1153/842/545 1148/843/546
f 1148/843/546 1153/842/545 1140/844/547
f 1140/844/547 1121/845/548 1120/846/549
f 1111/847/550 1114/848/551 1093/849/552
f 1111/847/550 1093/849/552 1092/850/553
f 1092/850/553 1093/849/552 1075/851/554
f 1092/850/553 1075/851/554 1073/852/555
f 1121/845/548 1112/853/556 1115/854/557
f 1115/854/557 1112/853/556 1094/855/558
f 1115/854/557 1094/855/558 1114/848/551
f 1114/848/551 1094/855/558 1093/849/552
f 1094/855/558 1089/856/559 1076/857/560
f 1094/855/558 1076/857/560 1093/849/552
f 1093/849/552 1076/857/560 1075/851/554
f 1094/855/558 1080/858/561 1089/856/559
f 1089/856/559 1080/858/561 1077/859/562
f 1077/859/562 1059/860/563 1057/861/564
f 1080/858/561 1059/860/563 1077/859/562
f 1059/860/563 1024/862/565 1057/861/564
f 1024/862/565 979/863/566 1013/864/567
f 861/737/441 907/865/568 816/738/442
f 993/866/379 1002/742/446 999/867/380
f 999/867/380 1002/742/446 1017/745/449
f 999/867/380 1017/745/449 1015/868/569
f 1015/868/569 1017/745/449 1030/869/570
f 1015/868/569 1030/869/570 1029/870/571
f 1057/861/564 1029/870/571 1076/857/560
f 1057/861/564 1076/857/560 1077/859/562
f 1077/859/562 1076/857/560 1089/856/559
f 990/871/384 987/872/377 993/866/379
f 993/866/379 987/872/377 1002/742/446
f 987/872/377 983/873/376 1002/742/446
f 1002/742/446 983/873/376 874/874/572
f 980/875/420 983/873/376 986/876/378
f 980/875/420 986/876/378 947/877/409
f 947/877/409 986/876/378 969/878/411
f 969/878/411 986/876/378 997/879/404
f 997/879/404 986/876/378 992/880/385
f 997/879/404 992/880/385 995/881/383
f 995/881/383 992/880/385 994/882/381
f 997/879/404 995/881/383 1001/883/382
f 997/879/404 1001/883/382 1015/868/569
f 1015/868/569 1001/883/382 999/867/380
f 919/884/395 913/885/388 936/886/398
f 919/884/395 936/886/398 900/887/573
f 900/887/573 936/886/398 910/888/397
f 900/887/573 910/888/397 862/739/443
f 862/739/443 910/888/397 907/865/568
f 862/739/443 907/865/568 861/737/441
f 908/889/389 913/885/402 911/890/387
f 913/885/402 908/889/389 895/891/401
f 895/891/574 889/892/575 844/893/576
f 844/893/576 889/892/575 878/894/577
f 894/895/578 895/891/579 898/896/580
f 894/895/578 898/896/580 892/897/581
f 892/897/581 898/896/580 887/898/582
f 895/891/579 900/887/583 898/896/580
f 882/899/584 900/887/573 862/739/443
f 882/899/584 862/739/443 873/741/445
f 910/888/397 975/900/403 998/901/585
f 998/901/585 975/900/403 1007/902/405
f 998/901/585 1007/902/405 1014/903/586
f 998/901/585 1014/903/586 1028/904/587
f 1028/904/587 1014/903/586 1029/870/571
f 1028/904/587 1029/870/571 1057/861/564
f 1007/902/405 997/879/404 1014/903/586
f 1014/903/586 997/879/404 1015/868/569
f 1014/903/586 1015/868/569 1029/870/571
f 947/877/409 942/905/588 951/906/589
f 942/905/588 947/877/409 927/907/590
f 927/907/590 947/877/409 903/908/414
f 927/907/590 903/908/414 923/909/416
f 923/909/418 917/910/419 920/911/591
f 874/874/572 920/911/592 895/891/574
f 874/874/572 895/891/574 844/893/576
f 874/874/572 844/893/576 856/755/459
f 905/912/593 903/908/408 895/891/407
f 905/912/593 917/910/594 903/908/408
f 964/913/595 960/914/429 972/915/431
f 964/913/595 972/915/431 965/916/596
f 965/916/596 972/915/431 968/917/597
f 968/917/597 972/915/431 947/877/409
f 968/917/597 947/877/409 951/906/589
f 960/914/429 956/918/598 966/919/430
f 966/919/430 956/918/598 955/920/599
f 966/919/430 955/920/599 874/874/572
f 874/874/572 955/920/599 945/921/600
f 874/874/572 945/921/600 940/922/601
f 964/913/595 965/916/596 959/923/602
f 964/913/595 959/923/602 957/924/603
f 943/925/604 938/926/605 940/922/601
f 940/922/601 938/926/605 874/874/572
f 874/874/572 938/926/605 934/927/606
f 874/874/572 934/927/606 926/928/607
f 874/874/572 926/928/607 920/911/592
f 934/927/606 930/929/608 926/928/607
f 927/907/590 939/930/609 942/905/588
f 844/893/576 878/894/577 831/740/444
f 831/740/444 878/894/577 873/741/445
f 887/898/582 885/931/610 892/897/581
f 892/897/581 885/931/610 891/932/611
f 983/873/376 978/933/423 874/874/572
f 874/874/572 978/933/423 970/934/426
f 874/874/572 970/934/426 966/919/430
f 977/935/437 971/936/439 978/933/423
f 978/933/423 971/936/439 970/934/426
f 972/915/431 980/875/420 947/877/409
f 1171/937/512 1193/833/536 1189/836/539
f 874/874/572 856/755/459 876/743/447
f 884/765/469 867/766/470 932/938/612
f 931/939/613 932/938/612 950/770/474
f 931/939/613 950/770/474 1012/772/476
f 865/763/467 884/765/469 931/939/613
f 931/939/613 884/765/469 932/938/612
f 928/940/614 931/939/613 1011/941/615
f 1011/941/615 931/939/613 1012/772/476
f 1011/941/615 1012/772/476 1022/774/478
f 864/762/466 865/763/467 928/940/614
f 928/940/614 865/763/467 931/939/613
f 1010/942/616 1011/941/615 1022/774/478
f 1010/942/616 1022/774/478 1039/943/617
f 1039/943/617 1022/774/478 1044/775/479
f 1039/943/617 1044/775/479 1051/944/618
f 881/761/465 864/762/466 928/940/614
f 881/761/465 928/940/614 1010/942/616
f 1010/942/616 928/940/614 1011/941/615
f 841/759/463 881/761/465 925/945/619
f 925/945/619 881/761/465 1009/946/620
f 1009/946/620 881/761/465 1010/942/616
f 1009/946/620 1010/942/616 1041/947/621
f 1041/947/621 1010/942/616 1039/943/617
f 1041/947/621 1039/943/617 1051/944/618
f 1041/947/621 1051/944/618 1067/776/480
f 1067/776/480 1051/944/618 1066/777/481
f 858/757/461 841/759/463 925/945/619
f 858/757/461 925/945/619 963/948/622
f 963/948/622 925/945/619 1009/946/620
f 963/948/622 1009/946/620 1035/949/623
f 1035/949/623 1009/946/620 1041/947/621
f 1035/949/623 1041/947/621 1070/950/624
f 1070/950/624 1041/947/621 1067/776/480
f 863/758/462 858/757/461 962/951/625
f 962/951/625 858/757/461 963/948/622
f 962/951/625 963/948/622 1036/952/626
f 1036/952/626 963/948/622 1035/949/623
f 1036/952/626 1035/949/623 1071/953/627
f 1071/953/627 1035/949/623 1070/950/624
f 1070/950/624 1067/776/480 1098/779/483
f 860/756/460 863/758/462 961/954/628
f 961/954/628 863/758/462 962/951/625
f 961/954/628 962/951/625 1019/955/629
f 1019/955/629 962/951/625 1037/956/630
f 1037/956/630 962/951/625 1036/952/626
f 1037/956/630 1036/952/626 1053/957/631
f 1053/957/631 1036/952/626 1071/953/627
f 1053/957/631 1071/953/627 1082/751/455
f 1071/953/627 1070/950/624 1103/781/485
f 1103/781/485 1070/950/624 1098/779/483
f 876/743/447 860/756/460 961/954/628
f 1023/773/477 1043/784/488 1044/775/479
f 1044/775/479 1043/784/488 1050/783/487
f 1044/775/479 1050/783/487 1051/944/618
f 1051/944/618 1050/783/487 1064/787/491
f 1051/944/618 1064/787/491 1066/777/481
f 1066/777/481 1064/787/491 1079/958/632
f 1066/777/481 1079/958/632 1095/778/482
f 876/743/447 961/954/628 1004/744/448
f 1004/744/448 961/954/628 1019/955/629
f 1004/744/448 1019/955/629 1031/747/451
f 1031/747/451 1019/955/629 1037/956/630
f 1031/747/451 1037/956/630 1054/749/453
f 1054/749/453 1037/956/630 1053/957/631
f 1054/749/453 1053/957/631 1084/750/454
f 1084/750/454 1053/957/631 1082/751/455
f 1082/751/455 1071/953/627 1104/753/457
f 1104/753/457 1071/953/627 1103/781/485
f 1104/753/457 1103/781/485 1130/754/458
f 874/874/572 876/743/447 1002/742/446
f 1030/869/570 1017/745/449 1032/746/450
f 998/901/585 1013/864/567 979/863/566
f 998/901/585 979/863/566 910/888/397
f 910/888/397 979/863/566 907/865/568
f 1013/864/567 998/901/585 1024/862/565
f 1024/862/565 998/901/585 1028/904/587
f 1024/862/565 1028/904/587 1057/861/564
f 1095/778/482 1100/790/494 1105/780/484
f 1098/779/483 1105/780/484 1125/795/499
f 1098/779/483 1125/795/499 1128/782/486
f 1030/869/570 1032/746/450 1055/748/452
f 1030/869/570 1055/748/452 1073/852/555
f 1029/870/571 1030/869/570 1075/851/554
f 1029/870/571 1075/851/554 1076/857/560
f 1075/851/554 1030/869/570 1073/852/555
f 1050/783/487 1052/959/633 1060/785/489
f 1050/783/487 1060/785/489 1064/787/491
f 1079/958/632 1064/787/491 1090/789/493
f 1079/958/632 1090/789/493 1095/778/482
f 1095/778/482 1090/789/493 1100/790/494
f 1100/790/494 1110/792/496 1105/780/484
f 1105/780/484 1110/792/496 1122/794/498
f 1105/780/484 1122/794/498 1125/795/499
f 1130/754/458 1128/782/486 1145/798/502
f 1086/960/634 1055/748/452 1084/750/454
f 1107/961/635 1084/750/454 1106/752/456
f 1107/961/635 1106/752/456 1133/962/636
f 1133/962/636 1106/752/456 1130/754/458
f 1133/962/636 1130/754/458 1142/963/637
f 1142/963/637 1130/754/458 1145/798/502
f 1142/963/637 1145/798/502 1156/964/638
f 1156/964/638 1145/798/502 1155/799/503
f 1156/964/638 1155/799/503 1169/965/639
f 1169/965/639 1155/799/503 1166/809/513
f 1169/965/639 1166/809/513 1189/836/539
f 1055/748/452 1086/960/634 1073/852/555
f 1073/852/555 1086/960/634 1092/850/553
f 1092/850/553 1086/960/634 1109/966/640
f 1092/850/553 1109/966/640 1111/847/550
f 1120/846/549 1114/848/551 1140/844/547
f 1086/960/634 1084/750/454 1107/961/635
f 1090/789/493 1096/800/504 1100/790/494
f 1086/960/634 1107/961/635 1109/966/640
f 1114/848/551 1111/847/550 1139/967/641
f 1114/848/551 1139/967/641 1140/844/547
f 1140/844/547 1139/967/641 1148/843/546
f 1114/848/551 1120/846/549 1115/854/557
f 1115/854/557 1120/846/549 1121/845/548
f 1109/966/640 1107/961/635 1135/968/642
f 1135/968/642 1107/961/635 1133/962/636
f 1135/968/642 1133/962/636 1142/963/637
f 1174/835/538 1156/964/638 1169/965/639
f 1111/847/550 1109/966/640 1135/968/642
f 1111/847/550 1135/968/642 1139/967/641
f 1108/791/495 1116/802/506 1110/792/496
f 1110/792/496 1116/802/506 1124/793/497
f 1122/794/498 1134/804/508 1138/796/500
f 1141/797/501 1138/796/500 1155/799/503
f 1124/793/497 1116/802/506 1123/801/505
f 1149/969/643 1135/968/642 1142/963/637
f 1149/969/643 1142/963/637 1162/970/644
f 1162/970/644 1142/963/637 1156/964/638
f 1162/970/644 1156/964/638 1167/971/645
f 1167/971/645 1156/964/638 1174/835/538
f 1174/835/538 1169/965/639 1189/836/539
f 1124/793/497 1134/804/508 1122/794/498
f 1125/795/499 1141/797/501 1128/782/486
f 1128/782/486 1141/797/501 1145/798/502
f 1135/968/642 1149/969/643 1139/967/641
f 1149/969/643 1159/840/543 1148/843/546
f 1149/969/643 1148/843/546 1139/967/641
f 1188/972/646 1167/971/645 1174/835/538
f 1159/840/543 1149/969/643 1164/841/544
f 1164/841/544 1149/969/643 1162/970/644
f 1164/841/544 1162/970/644 1172/839/542
f 1172/839/542 1162/970/644 1167/971/645
f 1172/839/542 1167/971/645 1182/837/540
f 1182/837/540 1167/971/645 1188/972/646
f 1134/804/508 1147/805/509 1151/807/511
f 1134/804/508 1151/807/511 1138/796/500
f 1138/796/500 1151/807/511 1155/799/503
f 1137/803/507 1143/973/647 1147/805/509
f 1147/805/509 1143/973/647 1158/974/648
f 1147/805/509 1158/974/648 1161/806/510
f 1192/975/649 1188/972/646 1174/835/538
f 1192/975/649 1174/835/538 1191/834/537
f 1158/974/648 1178/817/522 1165/810/514
f 1158/974/648 1165/810/514 1161/806/510
f 1161/806/510 1181/811/515 1171/808/512
f 1155/799/503 1151/807/511 1166/809/513
f 1181/811/515 1165/810/514 1186/818/524
f 1158/974/648 1168/814/520 1178/817/522
f 1166/809/513 1171/808/512 1189/836/539
f 901/43/651 900/977/573 882/978/584
f 883/979/652 882/978/584 880/980/653
f 882/978/584 873/981/445 880/980/653
f 878/982/654 877/983/655 873/981/445
f 879/984/656 878/982/654 889/985/575
f 879/984/656 889/985/575 896/986/657
f 889/985/575 895/987/574 896/986/657
f 879/984/656 877/983/655 878/982/654
f 882/978/584 883/979/652 901/43/651
f 880/980/653 873/981/445 877/983/655
f 900/988/583 901/989/658 898/990/580
f 885/991/610 888/992/659 891/993/611
f 887/994/582 886/995/660 885/991/610
f 887/994/582 898/996/580 890/997/661
f 890/997/661 886/995/660 887/994/582
f 885/991/610 886/995/660 888/992/659
f 892/998/581 891/999/611 893/1000/662
f 893/1001/662 894/1002/578 892/1003/581
f 895/1004/579 894/1005/578 896/1006/663
f 951/1020/589 942/1021/588 952/1022/667
f 951/1023/668 952/1024/669 945/1025/670
f 945/1025/670 952/1024/669 946/1026/671
f 940/1027/601 945/1028/600 946/1029/672
f 935/1030/673 934/1031/674 938/1032/605
f 934/1033/674 935/1034/673 930/1035/608
f 920/1036/675 926/1037/607 922/1038/676
f 924/1039/677 923/1040/678 920/1041/675
f 924/1039/677 920/1041/675 922/1042/676
f 929/1043/679 927/1044/680 924/1045/677
f 924/1045/677 927/1044/680 923/1046/678
f 927/1047/680 929/1048/679 939/1049/609
f 895/1063/684 920/1064/685 902/1065/686
f 902/1065/686 920/1064/685 921/1066/687
f 895/1067/688 902/1068/686 905/1069/593
f 905/1069/593 902/1068/686 906/1070/689
f 917/1071/594 905/1072/593 916/1073/690
f 916/1073/690 905/1072/593 906/1074/689
f 917/1075/419 916/1076/690 920/1077/591
f 920/1077/591 916/1076/690 921/1078/687
f 945/1083/691 955/1084/599 949/1085/692
f 945/1086/670 949/1087/693 951/364/668
f 951/364/668 949/1087/693 953/1088/694
f 951/1089/695 953/1090/696 968/1091/597
f 958/1092/697 959/1093/602 965/1094/596
f 959/1095/602 958/1096/697 957/1097/603
f 964/1098/595 957/1099/603 958/1100/697
f 732/1110/699 764/1111/700 736/1112/701
f 736/1112/701 764/1111/700 741/1113/702
f 741/1113/702 764/1111/700 765/1114/703
f 765/1114/703 764/1111/700 775/1115/704
f 765/1114/703 775/1115/704 774/1116/705
f 774/1116/705 775/1115/704 796/1117/706
f 774/1116/705 796/1117/706 787/1118/707
f 787/1118/707 796/1117/706 799/1119/708
f 787/1118/707 799/1119/708 785/1120/709
f 785/1120/709 799/1119/708 788/1121/710
f 788/1121/710 799/1119/708 797/1122/711
f 792/1123/712 794/1124/713 797/1125/711
f 797/1125/711 794/1124/713 791/1126/714
f 797/1125/711 791/1126/714 788/1127/710
f 788/1127/710 791/1126/714 784/1128/715
f 794/1124/713 792/1123/712 790/1129/716
f 790/1129/716 792/1123/712 789/1130/717
f 790/1129/716 789/1130/717 780/1131/718
f 780/1131/718 789/1130/717 773/1132/719
f 780/1131/718 773/1132/719 770/1133/720
f 789/1134/717 767/1135/721 773/1136/719
f 773/1136/719 767/1135/721 769/1137/722
f 769/1137/722 767/1135/721 763/1138/723
f 763/1138/723 767/1135/721 750/1139/724
f 763/1138/723 750/1139/724 734/1140/725
f 734/1140/725 750/1139/724 719/1141/726
f 734/1140/725 719/1141/726 702/1142/727
f 702/1142/727 719/1141/726 686/1143/728
f 702/1142/727 686/1143/728 670/1144/729
f 670/1144/729 686/1143/728 653/1145/730
f 653/1145/730 686/1143/728 631/1146/731
f 698/1147/732 719/1148/726 750/1149/724
f 698/1147/732 750/1149/724 754/1150/733
f 754/1150/733 750/1149/724 783/1151/734
f 783/1151/734 750/1149/724 767/1152/721
f 783/1151/734 767/1152/721 804/1153/735
f 804/1153/735 767/1152/721 789/1154/717
f 804/1153/735 789/1154/717 792/1155/712
f 698/1147/732 604/1156/736 719/1148/726
f 719/1148/726 604/1156/736 686/1157/728
f 686/1157/728 604/1156/736 496/1158/737
f 496/1158/737 609/1159/738 631/1160/731
f 496/1158/737 631/1160/731 686/1157/728
f 609/1159/738 496/1158/737 453/1161/739
f 609/1159/738 453/1161/739 602/1162/740
f 602/1162/740 453/1161/739 584/1163/741
f 584/1163/741 453/1161/739 447/1164/742
f 584/1163/741 447/1164/742 587/1165/743
f 587/1165/743 447/1164/742 459/1166/744
f 587/1165/743 459/1166/744 497/1167/745
f 587/1165/743 497/1167/745 622/1168/746
f 622/1168/746 497/1167/745 583/1169/747
f 622/1168/746 583/1169/747 683/1170/748
f 683/1170/748 583/1169/747 714/1171/749
f 714/1171/749 583/1169/747 701/1172/750
f 714/1171/749 701/1172/750 723/1173/751
f 723/1173/751 701/1172/750 755/1174/752
f 723/1173/751 755/1174/752 732/1175/699
f 732/1175/699 755/1174/752 764/1176/700
f 764/1176/700 755/1174/752 779/1177/753
f 764/1176/700 779/1177/753 775/1178/704
f 775/1178/704 779/1177/753 801/1179/754
f 775/1178/704 801/1179/754 807/1180/755
f 775/1178/704 807/1180/755 796/1181/706
f 796/1181/706 807/1180/755 799/1182/708
f 799/1182/708 807/1180/755 811/1183/756
f 799/1182/708 811/1183/756 797/1184/711
f 797/1184/711 811/1183/756 810/1185/757
f 797/1184/711 810/1185/757 792/1155/712
f 792/1155/712 810/1185/757 804/1153/735
f 386/1186/758 453/1187/739 416/1188/759
f 416/1188/759 453/1187/739 496/1189/737
f 416/1188/759 496/1189/737 432/1190/760
f 432/1190/760 496/1189/737 604/1191/736
f 432/1190/760 604/1191/736 578/1192/761
f 578/1192/761 604/1191/736 698/1193/732
f 578/1192/761 698/1193/732 693/1194/762
f 693/1194/762 698/1193/732 751/1195/763
f 751/1195/763 698/1193/732 754/1196/733
f 751/1195/763 754/1196/733 793/1197/764
f 793/1197/764 754/1196/733 783/1198/734
f 793/1197/764 783/1198/734 808/1199/765
f 808/1199/765 783/1198/734 804/1200/735
f 808/1199/765 804/1200/735 824/1201/766
f 824/1201/766 804/1200/735 810/1202/757
f 824/1201/766 810/1202/757 834/1203/767
f 834/1203/767 810/1202/757 811/1204/756
f 834/1203/767 811/1204/756 847/1205/768
f 847/1205/768 811/1204/756 807/1206/755
f 847/1205/768 807/1206/755 836/1207/769
f 836/1207/769 807/1206/755 814/1208/770
f 814/1208/770 807/1206/755 801/1209/754
f 814/1208/770 801/1209/754 806/1210/771
f 806/1210/771 801/1209/754 779/1211/753
f 806/1210/771 779/1211/753 778/1212/772
f 778/1212/772 779/1211/753 755/1213/752
f 778/1212/772 755/1213/752 722/1214/773
f 722/1214/773 755/1213/752 701/1215/750
f 722/1214/773 701/1215/750 668/1216/774
f 668/1216/774 701/1215/750 583/1217/747
f 668/1216/774 583/1217/747 532/1218/775
f 532/1218/775 583/1217/747 497/1219/745
f 532/1218/775 497/1219/745 435/1220/776
f 435/1220/776 497/1219/745 405/1221/777
f 405/1221/777 497/1219/745 459/1222/744
f 405/1221/777 459/1222/744 383/1223/778
f 383/1223/778 459/1222/744 447/1224/742
f 383/1223/778 447/1224/742 386/1186/758
f 386/1186/758 447/1224/742 453/1187/739
f 710/1225/779 707/1226/780 706/1227/781
f 741/1228/702 739/1229/782 736/1230/701
f 712/1231/783 713/1232/784 707/1233/780
f 733/1234/785 739/1235/782 725/1236/786
f 726/1237/787 712/1231/783 720/1238/788
f 620/1239/789 619/1240/790 633/1241/791
f 633/1241/791 619/1240/790 628/1242/792
f 620/1239/789 638/1243/793 619/1240/790
f 619/1240/790 638/1243/793 642/1244/794
f 642/1245/794 638/1246/793 680/1247/795
f 642/1245/794 680/1247/795 692/1248/796
f 692/1248/796 680/1247/795 706/1249/781
f 692/1248/796 706/1249/781 707/1250/780
f 692/1248/796 707/1250/780 713/1251/784
f 692/1248/796 713/1251/784 727/1252/797
f 713/1251/784 725/1253/786 727/1252/797
f 727/1252/797 725/1253/786 739/1254/782
f 727/1252/797 739/1254/782 759/1255/798
f 759/1255/798 739/1254/782 741/1256/702
f 759/1255/798 741/1256/702 765/1257/799
f 759/1255/798 765/1257/799 771/1258/800
f 771/1258/800 765/1257/799 774/1259/801
f 771/1258/800 774/1259/801 786/1260/802
f 786/1260/802 774/1259/801 787/1261/803
f 786/1260/802 787/1261/803 784/1262/715
f 784/1262/715 787/1261/803 785/1263/709
f 786/1260/802 784/1262/715 782/1264/804
f 782/1264/804 784/1262/715 781/1265/805
f 782/1264/804 781/1265/805 772/1266/806
f 782/1264/804 772/1266/806 768/1267/807
f 772/1266/806 770/1268/720 768/1267/807
f 770/1268/720 769/1269/722 768/1267/807
f 769/1269/722 763/1270/808 768/1267/807
f 768/1267/807 763/1270/808 752/1271/809
f 752/1271/809 763/1270/808 734/1272/810
f 752/1271/809 734/1272/810 718/1273/811
f 718/1273/811 734/1272/810 702/1274/812
f 718/1273/811 702/1274/812 684/1275/813
f 684/1275/813 702/1274/812 670/1276/729
f 684/1275/813 670/1276/729 669/1277/814
f 684/1275/813 669/1277/814 639/1278/815
f 684/1275/813 639/1278/815 630/1279/816
f 684/1275/813 630/1279/816 636/1280/817
f 636/1280/817 630/1279/816 628/1242/792
f 636/1280/817 628/1242/792 619/1240/790
f 725/1281/786 713/1282/784 733/1283/785
f 733/1283/785 713/1282/784 726/1284/787
f 726/1284/787 713/1282/784 712/1285/783
f 788/1225/710 784/1286/715 785/1287/709
f 769/1288/722 770/1289/720 773/1230/719
f 791/1290/714 781/1291/805 784/1292/715
f 780/1293/718 770/1294/720 772/1295/806
f 790/1296/716 791/1290/714 794/1297/713
f 772/1281/806 781/1298/805 780/1283/718
f 780/1283/718 781/1298/805 790/1284/716
f 790/1284/716 781/1298/805 791/1285/714
f 633/1299/791 628/1300/792 615/1230/818
f 653/1225/730 669/1301/814 670/1302/729
f 651/1303/819 639/1304/815 669/1305/814
f 613/1306/820 628/1307/792 630/1308/816
f 612/1309/821 651/1303/819 627/1310/822
f 602/1311/740 584/1312/741 615/1313/818
f 615/1313/818 584/1312/741 633/1314/791
f 633/1314/791 584/1312/741 620/1315/823
f 620/1315/823 584/1312/741 587/1316/743
f 620/1315/823 587/1316/743 638/1317/824
f 638/1317/824 587/1316/743 622/1318/746
f 638/1317/824 622/1318/746 680/1319/825
f 680/1319/825 622/1318/746 683/1320/748
f 680/1319/825 683/1320/748 706/1321/781
f 706/1321/781 683/1320/748 710/1322/779
f 710/1322/779 683/1320/748 714/1323/749
f 639/1324/815 651/1285/819 612/1284/821
f 639/1324/815 612/1284/821 613/1283/820
f 639/1324/815 613/1283/820 630/1281/816
f 723/1325/751 720/1124/788 714/1125/749
f 714/1125/749 720/1124/788 712/1126/783
f 714/1125/749 712/1126/783 710/1326/779
f 710/1326/779 712/1126/783 707/1128/780
f 720/1124/788 723/1325/751 726/1129/787
f 726/1129/787 723/1325/751 732/1130/699
f 726/1129/787 732/1130/699 733/1131/785
f 733/1131/785 732/1130/699 736/1327/701
f 733/1131/785 736/1327/701 739/1133/782
f 609/1328/738 627/1124/822 631/1125/731
f 631/1125/731 627/1124/822 651/1126/819
f 631/1125/731 651/1126/819 653/1329/730
f 653/1329/730 651/1126/819 669/1128/814
f 627/1124/822 609/1328/738 612/1129/821
f 612/1129/821 609/1328/738 602/1130/740
f 612/1129/821 602/1130/740 613/1131/820
f 613/1131/820 602/1130/740 615/1330/818
f 613/1131/820 615/1330/818 628/1133/792
f 647/1331/826 581/1332/827 642/1333/827
f 642/1334/827 581/1335/827 546/1336/828
f 642/1334/827 546/1336/828 619/1337/829
f 619/1337/829 546/1336/828 556/1338/830
f 619/1337/829 556/1338/830 636/1339/831
f 636/1339/831 556/1338/830 598/1340/832
f 636/1339/831 598/1340/832 684/1341/833
f 684/1341/833 598/1340/832 671/1342/834
f 684/1341/833 671/1342/834 718/1343/835
f 718/1343/835 671/1342/834 717/1344/836
f 718/1343/835 717/1344/836 758/1345/837
f 718/1343/835 758/1345/837 752/1346/838
f 752/1346/838 758/1345/837 776/1347/839
f 752/1346/838 776/1347/839 768/1348/840
f 768/1348/840 776/1347/839 800/1349/841
f 768/1348/840 800/1349/841 782/1350/842
f 782/1350/842 800/1349/841 803/1351/843
f 782/1350/842 803/1351/843 786/1352/844
f 786/1352/844 803/1351/843 802/1353/845
f 786/1352/844 802/1353/845 771/1354/846
f 771/1354/846 802/1353/845 798/1355/847
f 771/1354/846 798/1355/847 766/1356/848
f 771/1354/846 766/1356/848 759/1357/849
f 759/1357/849 766/1356/848 743/1358/850
f 759/1357/849 743/1358/850 727/1359/851
f 727/1359/851 743/1358/850 700/1360/852
f 727/1359/851 700/1360/852 692/1361/853
f 692/1361/853 700/1360/852 647/1331/826
f 692/1361/853 647/1331/826 642/1333/827
f 798/1362/854 812/1363/855 805/1364/856
f 798/1362/854 805/1364/856 766/1365/857
f 766/1365/857 805/1364/856 777/1366/858
f 766/1365/857 777/1366/858 743/1367/859
f 743/1367/859 777/1366/858 740/1368/860
f 743/1367/859 740/1368/860 700/1369/861
f 700/1369/861 740/1368/860 677/1370/862
f 700/1369/861 677/1370/862 545/1371/863
f 700/1369/861 545/1371/863 647/1372/864
f 647/1372/864 545/1371/863 443/1373/865
f 647/1372/864 443/1373/865 581/1374/866
f 581/1374/866 443/1373/865 410/1375/867
f 581/1374/866 410/1375/867 546/1376/868
f 546/1376/868 410/1375/867 382/1377/869
f 546/1376/868 382/1377/869 387/1378/870
f 546/1376/868 387/1378/870 556/1379/871
f 556/1379/871 387/1378/870 414/1380/872
f 556/1379/871 414/1380/872 598/1381/873
f 598/1381/873 414/1380/872 446/1382/874
f 598/1381/873 446/1382/874 671/1383/875
f 671/1383/875 446/1382/874 562/1384/876
f 671/1383/875 562/1384/876 685/1385/877
f 671/1383/875 685/1385/877 717/1386/878
f 717/1386/878 685/1385/877 744/1387/879
f 717/1386/878 744/1387/879 758/1388/880
f 758/1388/880 744/1387/879 795/1389/881
f 758/1388/880 795/1389/881 776/1390/882
f 776/1390/882 795/1389/881 809/1391/883
f 776/1390/882 809/1391/883 800/1392/884
f 800/1392/884 809/1391/883 823/1393/885
f 800/1392/884 823/1393/885 842/1394/886
f 800/1392/884 842/1394/886 803/1395/887
f 803/1395/887 842/1394/886 849/1396/888
f 803/1395/887 849/1396/888 802/1397/889
f 802/1397/889 849/1396/888 839/1398/890
f 802/1397/889 839/1398/890 812/1363/855
f 802/1397/889 812/1363/855 798/1362/854
f 410/1399/867 443/1400/865 404/1401/891
f 817/1402/473 805/1403/856 818/1404/892
f 818/1404/892 805/1403/856 812/1405/855
f 443/1400/865 411/1406/893 404/1401/891
f 411/1407/893 402/1408/894 404/1409/891
f 744/1410/879 685/1411/877 742/1412/895
f 410/1413/867 404/1414/891 382/1415/869
f 404/1414/891 402/1416/894 382/1415/869
f 742/1417/895 747/1418/896 744/1419/879
f 812/1420/855 839/1421/890 822/1422/897
f 756/1423/898 795/1424/881 747/1425/896
f 747/1425/896 795/1424/881 744/1426/879
f 822/1427/897 818/1428/892 812/1429/855
f 756/1430/898 747/1431/896 728/1432/899
f 728/1432/899 747/1431/896 697/1433/900
f 697/1433/900 705/1434/901 667/1435/902
f 514/1436/903 536/1437/904 580/1438/905
f 514/1436/903 580/1438/905 462/1439/906
f 663/1440/907 580/1438/905 667/1435/902
f 667/1435/902 580/1438/905 536/1437/904
f 434/1441/908 425/1442/909 406/1443/910
f 395/1444/911 406/1443/910 397/1445/912
f 667/1435/902 705/1434/901 663/1440/907
f 697/1433/900 747/1431/896 742/1446/895
f 697/1433/900 742/1446/895 705/1434/901
f 417/1447/913 514/1436/903 462/1439/906
f 417/1447/913 462/1439/906 426/1448/914
f 426/1448/914 462/1439/906 434/1441/908
f 426/1448/914 434/1441/908 408/1449/915
f 408/1449/915 434/1441/908 406/1443/910
f 408/1449/915 406/1443/910 395/1444/911
f 695/1450/916 730/1451/917 711/1452/918
f 711/1452/918 730/1451/917 753/1453/919
f 711/1452/918 753/1453/919 760/1454/920
f 761/1455/921 760/1454/920 762/1456/922
f 762/1456/922 760/1454/920 748/1457/923
f 402/1458/894 411/1459/893 401/1460/924
f 402/1458/894 401/1460/924 398/1461/110
f 401/1460/924 411/1459/893 420/1462/925
f 420/1462/925 411/1459/893 427/1463/926
f 420/1462/925 427/1463/926 450/1464/927
f 420/1462/925 450/1464/927 423/1465/928
f 423/1465/928 450/1464/927 508/1466/929
f 423/1465/928 508/1466/929 579/1467/930
f 579/1467/930 508/1466/929 593/1468/931
f 579/1467/930 593/1468/931 695/1450/916
f 695/1450/916 593/1468/931 676/1469/932
f 695/1450/916 676/1469/932 730/1451/917
f 753/1453/919 730/1451/917 748/1457/923
f 753/1453/919 748/1457/923 760/1454/920
f 742/1470/895 685/1471/877 705/1472/901
f 705/1472/901 685/1471/877 663/1473/907
f 663/1473/907 685/1471/877 562/1474/876
f 663/1473/907 562/1474/876 580/1475/905
f 580/1475/905 562/1474/876 462/1476/906
f 462/1476/906 562/1474/876 446/1477/874
f 462/1476/906 446/1477/874 434/1478/908
f 434/1478/908 446/1477/874 425/1479/909
f 425/1479/909 446/1477/874 414/1480/872
f 425/1479/909 414/1480/872 406/1481/910
f 406/1481/910 414/1480/872 387/1482/870
f 406/1481/910 387/1482/870 397/1483/912
f 397/1483/912 387/1482/870 386/1484/758
f 397/1483/912 386/1484/758 396/1485/933
f 396/1485/933 386/1484/758 412/1486/934
f 387/1482/870 382/1487/869 386/1484/758
f 386/1484/758 382/1487/869 383/1488/778
f 383/1488/778 382/1487/869 400/1489/98
f 382/1487/869 402/1490/894 400/1489/98
f 400/1489/98 407/1491/97 383/1488/778
f 383/1488/778 407/1491/97 405/1492/777
f 405/1492/777 407/1491/97 413/1493/935
f 405/1492/777 413/1493/935 435/1494/776
f 435/1494/776 413/1493/935 429/1495/936
f 435/1494/776 429/1495/936 451/1496/937
f 435/1494/776 451/1496/937 532/1497/775
f 532/1497/775 451/1496/937 512/1498/938
f 532/1497/775 512/1498/938 588/1499/939
f 588/1499/939 664/1500/940 532/1497/775
f 411/1501/893 443/1502/865 427/1503/926
f 427/1503/926 443/1502/865 450/1504/927
f 450/1504/927 443/1502/865 508/1505/929
f 508/1505/929 443/1502/865 545/1506/863
f 508/1505/929 545/1506/863 593/1507/931
f 593/1507/931 545/1506/863 677/1508/862
f 593/1507/931 677/1508/862 676/1509/932
f 676/1509/932 677/1508/862 730/1510/917
f 730/1510/917 677/1508/862 740/1511/860
f 730/1510/917 740/1511/860 748/1512/923
f 748/1512/923 740/1511/860 777/1513/858
f 748/1512/923 777/1513/858 762/1514/922
f 762/1514/922 777/1513/858 761/1515/921
f 761/1515/921 777/1513/858 778/1516/772
f 761/1515/921 778/1516/772 757/1517/39
f 757/1517/39 778/1516/772 745/1518/941
f 745/1518/941 778/1516/772 737/1519/942
f 777/1513/858 805/1520/856 778/1516/772
f 778/1516/772 805/1520/856 806/1521/771
f 806/1521/771 805/1520/856 817/1522/473
f 817/1522/473 819/1523/472 806/1521/771
f 806/1521/771 819/1523/472 814/1524/770
f 814/1524/770 819/1523/472 827/1525/943
f 827/1525/943 832/1526/944 814/1524/770
f 814/1524/770 832/1526/944 836/1527/769
f 836/1527/769 832/1526/944 840/1528/945
f 836/1527/769 840/1528/945 846/1529/946
f 836/1527/769 846/1529/946 847/1530/768
f 847/1530/768 846/1529/946 855/1531/947
f 847/1530/768 855/1531/947 854/1532/948
f 854/1532/948 845/1533/949 847/1530/768
f 668/1534/774 532/1535/775 664/1536/940
f 416/1537/759 415/1538/950 386/1539/758
f 415/1538/950 412/1540/934 386/1539/758
f 721/1541/951 737/1542/942 722/1543/773
f 691/1544/952 721/1541/951 722/1543/773
f 691/1544/952 722/1543/773 668/1545/774
f 664/1546/940 691/1544/952 668/1545/774
f 834/1547/767 847/1548/768 845/1549/949
f 737/1550/942 778/1551/772 722/1552/773
f 831/1553/444 828/1554/953 824/1555/766
f 834/1556/767 845/1557/949 837/1558/954
f 837/1558/954 831/1553/444 824/1555/766
f 837/1558/954 824/1555/766 834/1556/767
f 828/1559/953 808/1560/765 824/1561/766
f 452/1562/955 432/1563/760 578/1564/761
f 430/1565/956 415/1566/950 416/1567/759
f 430/1565/956 416/1567/759 432/1568/760
f 430/1565/956 432/1568/760 452/1569/955
f 828/1570/953 831/1571/444 830/1572/440
f 856/1573/459 844/1574/576 851/1575/957
f 856/1573/459 851/1575/957 860/1576/460
f 860/1576/460 851/1575/957 855/1577/947
f 860/1576/460 855/1577/947 858/1578/461
f 858/1578/461 855/1577/947 846/1579/946
f 858/1578/461 846/1579/946 841/1580/463
f 832/1581/944 841/1580/463 840/1582/945
f 831/1571/444 837/1583/954 844/1574/576
f 844/1574/576 837/1583/954 851/1575/957
f 841/1580/463 846/1579/946 840/1582/945
f 837/1583/954 845/1584/949 851/1575/957
f 845/1584/949 854/1585/948 851/1575/957
f 851/1575/957 854/1585/948 855/1577/947
f 819/1586/472 826/1587/471 827/1588/943
f 827/1588/943 826/1587/471 833/1589/464
f 827/1588/943 833/1589/464 832/1581/944
f 832/1581/944 833/1589/464 841/1580/463
f 830/1572/440 816/1590/442 828/1570/953
f 737/1591/942 721/1592/951 745/1593/941
f 691/1594/952 588/1595/939 554/1596/62
f 554/1596/62 588/1595/939 525/1597/63
f 398/1598/110 399/1599/106 402/1600/894
f 402/1600/894 399/1599/106 400/1601/98
f 664/1602/940 588/1595/939 691/1594/952
f 554/1596/62 643/1603/217 691/1594/952
f 691/1594/952 643/1603/217 721/1592/951
f 738/1604/37 757/1605/39 745/1593/941
f 738/1604/37 745/1593/941 708/1606/44
f 708/1606/44 745/1593/941 721/1592/951
f 708/1606/44 721/1592/951 643/1603/217
f 588/1595/939 512/1607/938 525/1597/63
f 525/1597/63 512/1607/938 449/1608/70
f 512/1607/938 451/1609/937 449/1608/70
f 449/1608/70 451/1609/937 428/1610/82
f 451/1609/937 429/1611/936 428/1610/82
f 428/1610/82 429/1611/936 378/1612/90
f 429/1611/936 413/1613/935 378/1612/90
f 378/1612/90 413/1613/935 407/1614/97
f 412/1615/934 415/1616/950 371/1617/958
f 439/1618/959 517/1619/960 418/1620/961
f 418/1620/961 517/1619/960 594/1621/962
f 418/1620/961 594/1621/962 463/1622/963
f 463/1622/963 594/1621/962 678/1623/964
f 463/1622/963 678/1623/964 689/1624/965
f 689/1624/965 678/1623/964 715/1625/966
f 689/1624/965 715/1625/966 716/1626/967
f 716/1626/967 715/1625/966 735/1627/968
f 716/1626/967 735/1627/968 746/1628/969
f 746/1628/969 735/1627/968 749/1629/970
f 415/1616/950 430/1630/956 371/1617/958
f 371/1617/958 430/1630/956 421/1631/971
f 421/1631/971 430/1630/956 439/1618/959
f 439/1618/959 430/1630/956 452/1632/955
f 452/1632/955 517/1619/960 439/1618/959
f 678/1623/964 594/1621/962 657/1633/972
f 678/1623/964 657/1633/972 715/1625/966
f 731/1634/973 728/1635/899 694/1636/974
f 629/1637/975 694/1636/974 505/1638/976
f 431/1639/977 505/1638/976 389/1640/978
f 203/1641/979 221/1642/980 178/1643/981
f 150/1644/982 114/1645/983 117/1646/984
f 728/1635/899 697/1647/900 694/1636/974
f 694/1636/974 697/1647/900 616/1648/985
f 694/1636/974 616/1648/985 505/1638/976
f 154/1649/986 178/1643/981 165/1650/987
f 154/1649/986 165/1650/987 131/1651/988
f 131/1651/988 165/1650/987 155/1652/989
f 131/1651/988 155/1652/989 142/1653/990
f 131/1651/988 142/1653/990 90/1654/991
f 90/1654/991 142/1653/990 129/1655/992
f 90/1654/991 129/1655/992 77/1656/993
f 90/1654/991 77/1656/993 47/1657/994
f 60/1658/995 47/1657/994 36/1659/996
f 60/1658/995 36/1659/996 61/1660/997
f 61/1660/997 36/1659/996 48/1661/998
f 505/1638/976 616/1648/985 531/1662/999
f 505/1638/976 531/1662/999 388/1663/1000
f 505/1638/976 388/1663/1000 389/1640/978
f 389/1640/978 388/1663/1000 369/1664/1001
f 389/1640/978 369/1664/1001 366/1665/1002
f 366/1665/1002 369/1664/1001 321/1666/1003
f 366/1665/1002 321/1666/1003 326/1667/1004
f 326/1667/1004 321/1666/1003 283/1668/1005
f 283/1668/1005 321/1666/1003 270/1669/1006
f 283/1668/1005 270/1669/1006 258/1670/1007
f 258/1670/1007 270/1669/1006 217/1671/1008
f 258/1670/1007 217/1671/1008 237/1672/1009
f 221/1642/980 237/1672/1009 198/1673/1010
f 221/1642/980 198/1673/1010 178/1643/981
f 616/1648/985 697/1647/900 667/1674/902
f 217/1671/1008 248/1675/1011 196/1676/1012
f 217/1671/1008 196/1676/1012 198/1673/1010
f 198/1673/1010 196/1676/1012 165/1650/987
f 667/1674/902 536/1677/904 438/1678/1013
f 438/1678/1013 536/1677/904 385/1679/1014
f 438/1678/1013 385/1679/1014 388/1663/1000
f 388/1663/1000 385/1679/1014 358/1680/1015
f 388/1663/1000 358/1680/1015 345/1681/1016
f 345/1681/1016 358/1680/1015 311/1682/1017
f 345/1681/1016 311/1682/1017 295/1683/1018
f 295/1683/1018 311/1682/1017 261/1684/1019
f 295/1683/1018 261/1684/1019 248/1675/1011
f 248/1675/1011 261/1684/1019 228/1685/1020
f 248/1675/1011 228/1685/1020 196/1676/1012
f 514/1686/903 441/1687/1021 536/1677/904
f 441/1687/1021 514/1686/903 417/1688/913
f 417/1688/913 357/1689/1022 341/1690/1023
f 341/1690/1023 357/1689/1022 294/1691/1024
f 222/1692/1025 245/1693/1026 206/1694/1027
f 222/1692/1025 206/1694/1027 170/1695/1028
f 47/1657/994 53/1696/1029 32/1697/1030
f 417/1688/913 426/1698/914 357/1689/1022
f 357/1689/1022 426/1698/914 342/1699/1031
f 357/1689/1022 342/1699/1031 294/1691/1024
f 294/1691/1024 342/1699/1031 279/1700/1032
f 294/1691/1024 279/1700/1032 245/1693/1026
f 245/1693/1026 279/1700/1032 194/1701/1033
f 245/1693/1026 194/1701/1033 206/1694/1027
f 206/1694/1027 194/1701/1033 170/1695/1028
f 170/1695/1028 194/1701/1033 118/1702/1034
f 170/1695/1028 118/1702/1034 129/1655/992
f 129/1655/992 118/1702/1034 77/1656/993
f 77/1656/993 118/1702/1034 53/1696/1029
f 53/1696/1029 30/1703/1035 32/1697/1030
f 32/1697/1030 30/1703/1035 24/1704/1036
f 32/1697/1030 24/1704/1036 36/1659/996
f 36/1659/996 24/1704/1036 26/1705/1037
f 36/1659/996 26/1705/1037 35/1706/1038
f 36/1659/996 35/1706/1038 48/1661/998
f 48/1661/998 35/1706/1038 42/1707/1039
f 48/1661/998 42/1707/1039 55/1708/1040
f 48/1661/998 55/1708/1040 65/1709/1041
f 65/1709/1041 55/1708/1040 46/1710/1042
f 426/1698/914 408/1711/915 342/1699/1031
f 342/1699/1031 408/1711/915 336/1712/1043
f 342/1699/1031 336/1712/1043 279/1700/1032
f 279/1700/1032 336/1712/1043 271/1713/1044
f 279/1700/1032 271/1713/1044 194/1701/1033
f 194/1701/1033 271/1713/1044 188/1714/1045
f 194/1701/1033 188/1714/1045 118/1702/1034
f 118/1702/1034 188/1714/1045 108/1715/1046
f 118/1702/1034 108/1715/1046 53/1696/1029
f 53/1696/1029 71/1716/1047 30/1703/1035
f 30/1703/1035 71/1716/1047 45/1717/1048
f 408/1711/915 395/1718/911 336/1712/1043
f 336/1712/1043 395/1718/911 329/1719/1049
f 336/1712/1043 329/1719/1049 271/1713/1044
f 271/1713/1044 329/1719/1049 266/1720/1050
f 271/1713/1044 266/1720/1050 188/1714/1045
f 188/1714/1045 266/1720/1050 225/1721/1051
f 188/1714/1045 225/1721/1051 182/1722/1052
f 188/1714/1045 182/1722/1052 108/1715/1046
f 108/1715/1046 182/1722/1052 147/1723/1053
f 53/1696/1029 108/1715/1046 71/1716/1047
f 45/1717/1048 71/1716/1047 69/1724/1054
f 395/1718/911 397/1725/912 329/1719/1049
f 329/1719/1049 397/1725/912 327/1726/1055
f 329/1719/1049 327/1726/1055 266/1720/1050
f 108/1715/1046 147/1723/1053 123/1727/1056
f 108/1715/1046 123/1727/1056 71/1716/1047
f 397/1725/912 396/1728/933 327/1726/1055
f 327/1726/1055 396/1728/933 318/1729/1057
f 327/1726/1055 318/1729/1057 291/1730/1058
f 327/1726/1055 291/1730/1058 266/1720/1050
f 266/1720/1050 291/1730/1058 264/1731/1059
f 266/1720/1050 264/1731/1059 240/1732/1060
f 266/1720/1050 240/1732/1060 225/1721/1051
f 240/1732/1060 204/1733/1061 225/1721/1051
f 225/1721/1051 204/1733/1061 182/1722/1052
f 182/1722/1052 204/1733/1061 167/1734/1062
f 182/1722/1052 167/1734/1062 147/1723/1053
f 45/1717/1048 31/1735/1063 30/1703/1035
f 30/1703/1035 23/1736/1064 24/1704/1036
f 46/1710/1042 72/1737/1065 65/1709/1041
f 117/1646/984 107/1738/1066 150/1644/982
f 237/1672/1009 221/1642/980 203/1641/979
f 283/1668/1005 258/1670/1007 237/1672/1009
f 431/1639/977 389/1640/978 366/1665/1002
f 431/1639/977 542/1739/1067 505/1638/976
f 505/1638/976 542/1739/1067 629/1637/975
f 65/1709/1041 72/1740/1065 86/1741/1068
f 80/1743/1070 107/1738/1066 89/1744/1071
f 441/1687/1021 417/1688/913 372/1745/1072
f 372/1745/1072 417/1688/913 341/1690/1023
f 324/1746/1073 341/1690/1023 294/1691/1024
f 324/1746/1073 294/1691/1024 273/1747/1074
f 273/1747/1074 294/1691/1024 245/1693/1026
f 273/1747/1074 245/1693/1026 222/1692/1025
f 193/1748/1075 222/1692/1025 170/1695/1028
f 193/1748/1075 170/1695/1028 129/1655/992
f 77/1656/993 53/1696/1029 47/1657/994
f 47/1657/994 32/1697/1030 36/1659/996
f 372/1745/1072 341/1690/1023 324/1746/1073
f 290/1749/1076 324/1746/1073 273/1747/1074
f 290/1749/1076 273/1747/1074 207/1750/1077
f 207/1750/1077 273/1747/1074 222/1692/1025
f 207/1750/1077 222/1692/1025 193/1748/1075
f 207/1750/1077 193/1748/1075 142/1653/990
f 142/1653/990 193/1748/1075 129/1655/992
f 536/1677/904 441/1687/1021 385/1679/1014
f 385/1679/1014 441/1687/1021 372/1745/1072
f 385/1679/1014 372/1745/1072 358/1680/1015
f 358/1680/1015 372/1745/1072 324/1746/1073
f 358/1680/1015 324/1746/1073 311/1682/1017
f 311/1682/1017 324/1746/1073 290/1749/1076
f 311/1682/1017 290/1749/1076 261/1684/1019
f 261/1684/1019 290/1749/1076 207/1750/1077
f 261/1684/1019 207/1750/1077 228/1685/1020
f 228/1685/1020 207/1750/1077 155/1652/989
f 155/1652/989 207/1750/1077 142/1653/990
f 616/1648/985 667/1674/902 438/1678/1013
f 616/1648/985 438/1678/1013 531/1662/999
f 531/1662/999 438/1678/1013 388/1663/1000
f 369/1664/1001 388/1663/1000 345/1681/1016
f 369/1664/1001 345/1681/1016 321/1666/1003
f 321/1666/1003 345/1681/1016 295/1683/1018
f 321/1666/1003 295/1683/1018 270/1669/1006
f 270/1669/1006 295/1683/1018 248/1675/1011
f 270/1669/1006 248/1675/1011 217/1671/1008
f 178/1643/981 198/1673/1010 165/1650/987
f 196/1676/1012 228/1685/1020 155/1652/989
f 196/1676/1012 155/1652/989 165/1650/987
f 237/1672/1009 217/1671/1008 198/1673/1010
f 168/1751/1078 203/1641/979 178/1643/981
f 79/1752/1079 90/1654/991 47/1657/994
f 79/1752/1079 47/1657/994 60/1658/995
f 80/1743/1070 48/1661/998 65/1709/1041
f 131/1651/988 90/1654/991 79/1752/1079
f 89/1744/1071 61/1660/997 48/1661/998
f 89/1744/1071 48/1661/998 80/1743/1070
f 122/1753/1080 131/1651/988 79/1752/1079
f 122/1753/1080 79/1752/1079 114/1645/983
f 114/1645/983 79/1752/1079 60/1658/995
f 114/1645/983 60/1658/995 61/1660/997
f 86/1741/1068 80/1743/1070 65/1709/1041
f 154/1649/986 131/1651/988 122/1753/1080
f 117/1754/984 114/1645/983 61/1660/997
f 117/1754/984 61/1660/997 107/1738/1066
f 107/1738/1066 61/1660/997 89/1744/1071
f 168/1751/1078 178/1643/981 154/1649/986
f 168/1751/1078 154/1649/986 159/1755/1081
f 159/1755/1081 154/1649/986 122/1753/1080
f 159/1755/1081 122/1753/1080 150/1644/982
f 150/1644/982 122/1753/1080 114/1645/983
f 72/1756/1065 80/1743/1070 86/1757/1068
f 822/1758/897 839/1759/890 835/1760/1082
f 835/1760/1082 839/1759/890 848/1761/1083
f 848/1761/1083 839/1759/890 849/1762/888
f 848/1761/1083 849/1762/888 857/1763/1084
f 857/1763/1084 849/1762/888 853/1764/1085
f 853/1764/1085 849/1762/888 842/1765/886
f 853/1764/1085 842/1765/886 843/1766/1086
f 843/1766/1086 842/1765/886 823/1767/885
f 843/1766/1086 823/1767/885 820/1768/1087
f 820/1768/1087 823/1767/885 809/1769/883
f 820/1768/1087 809/1769/883 813/1770/1088
f 813/1770/1088 809/1769/883 808/1771/765
f 813/1770/1088 808/1771/765 816/1772/442
f 816/1772/442 808/1771/765 828/1773/953
f 809/1769/883 795/1774/881 808/1771/765
f 808/1771/765 795/1774/881 793/1775/764
f 793/1775/764 795/1774/881 756/1776/898
f 756/1776/898 749/1777/970 793/1775/764
f 793/1775/764 749/1777/970 751/1778/763
f 751/1778/763 749/1777/970 735/1779/968
f 735/1779/968 715/1780/966 751/1778/763
f 751/1778/763 715/1780/966 693/1781/762
f 693/1781/762 715/1780/966 657/1782/972
f 693/1781/762 657/1782/972 578/1783/761
f 578/1783/761 657/1782/972 594/1784/962
f 578/1783/761 594/1784/962 517/1785/960
f 517/1785/960 452/1786/955 578/1783/761
f 348/1787/1089 337/1788/101 398/1789/110
f 348/1787/1089 398/1789/110 401/1790/924
f 348/1787/1089 401/1790/924 316/1791/1090
f 316/1791/1090 401/1790/924 420/1792/925
f 316/1791/1090 420/1792/925 289/1793/1091
f 236/1794/1092 232/1795/1093 195/1796/1094
f 195/1796/1094 232/1795/1093 200/1797/1095
f 195/1796/1094 200/1797/1095 163/1798/1096
f 115/1799/1097 163/1798/1096 134/1800/1098
f 115/1799/1097 134/1800/1098 85/1801/81
f 85/1801/81 134/1800/1098 62/1802/1099
f 62/1802/1099 68/1803/1100 33/1804/1101
f 313/1805/1102 420/1792/925 423/1806/928
f 339/1807/1103 423/1806/928 373/1808/1104
f 339/1807/1103 373/1808/1104 312/1809/1105
f 312/1809/1105 373/1808/1104 347/1810/1106
f 312/1809/1105 347/1810/1106 268/1811/1107
f 268/1811/1107 347/1810/1106 302/1812/1108
f 268/1811/1107 302/1812/1108 212/1813/1109
f 212/1813/1109 302/1812/1108 224/1814/1110
f 212/1813/1109 224/1814/1110 140/1815/1111
f 140/1815/1111 224/1814/1110 133/1816/1112
f 140/1815/1111 133/1816/1112 96/1817/1113
f 96/1817/1113 133/1816/1112 105/1818/1114
f 96/1817/1113 105/1818/1114 68/1803/1100
f 68/1803/1100 105/1818/1114 76/1819/1115
f 68/1803/1100 76/1819/1115 41/1820/1116
f 14/1821/1117 41/1820/1116 21/1822/1118
f 4/1823/1119 14/1821/1117 12/1824/1120
f 4/1823/1119 12/1824/1120 1/1825/139
f 3/1826/137 1/1825/139 5/1827/1121
f 373/1808/1104 390/1828/1122 347/1810/1106
f 302/1812/1108 347/1810/1106 344/1829/1123
f 302/1812/1108 344/1829/1123 298/1830/1124
f 302/1812/1108 298/1830/1124 224/1814/1110
f 224/1814/1110 298/1830/1124 208/1831/1125
f 224/1814/1110 208/1831/1125 133/1816/1112
f 1/1825/139 12/1824/1120 5/1827/1121
f 423/1806/928 579/1832/930 373/1808/1104
f 373/1808/1104 579/1832/930 390/1828/1122
f 347/1810/1106 390/1828/1122 380/1833/1126
f 347/1810/1106 380/1833/1126 344/1829/1123
f 208/1831/1125 298/1830/1124 189/1834/1127
f 208/1831/1125 189/1834/1127 133/1816/1112
f 133/1816/1112 189/1834/1127 135/1835/1128
f 133/1816/1112 135/1835/1128 105/1818/1114
f 41/1820/1116 76/1819/1115 21/1822/1118
f 666/1836/1129 579/1832/930 695/1837/916
f 666/1836/1129 695/1837/916 711/1838/918
f 711/1838/918 681/1839/1130 552/1840/1131
f 552/1840/1131 681/1839/1130 460/1841/1132
f 552/1840/1131 460/1841/1132 391/1842/1133
f 391/1842/1133 460/1841/1132 317/1843/1134
f 391/1842/1133 317/1843/1134 299/1844/1135
f 299/1844/1135 317/1843/1134 176/1845/1136
f 299/1844/1135 176/1845/1136 191/1846/1137
f 191/1846/1137 176/1845/1136 135/1835/1128
f 135/1835/1128 176/1845/1136 112/1847/1138
f 135/1835/1128 112/1847/1138 78/1848/1139
f 21/1822/1118 78/1848/1139 51/1849/1140
f 711/1838/918 760/1850/920 681/1839/1130
f 681/1839/1130 760/1850/920 690/1851/1141
f 681/1839/1130 690/1851/1141 460/1841/1132
f 460/1841/1132 690/1851/1141 475/1852/1142
f 460/1841/1132 475/1852/1142 317/1843/1134
f 317/1843/1134 475/1852/1142 377/1853/1143
f 317/1843/1134 377/1853/1143 323/1854/178
f 317/1843/1134 323/1854/178 176/1845/1136
f 176/1845/1136 323/1854/178 257/1855/1144
f 176/1845/1136 257/1855/1144 201/1856/1145
f 176/1845/1136 201/1856/1145 158/1857/1146
f 176/1845/1136 158/1857/1146 112/1847/1138
f 78/1848/1139 112/1847/1138 66/1858/157
f 78/1848/1139 66/1858/157 51/1849/1140
f 21/1822/1118 51/1849/1140 40/1859/262
f 21/1822/1118 40/1859/262 12/1824/1120
f 12/1824/1120 40/1859/262 19/1860/141
f 760/1850/920 761/1861/921 690/1851/1141
f 690/1851/1141 761/1861/921 679/1862/191
f 690/1851/1141 679/1862/191 475/1852/1142
f 475/1852/1142 679/1862/191 582/1863/189
f 475/1852/1142 582/1863/189 422/1864/186
f 475/1852/1142 422/1864/186 377/1853/1143
f 323/1854/178 377/1853/1143 352/1865/179
f 257/1855/1144 323/1854/178 249/1866/174
f 257/1855/1144 249/1866/174 201/1856/1145
f 158/1857/1146 128/1867/161 112/1847/1138
f 112/1847/1138 128/1867/161 98/1868/159
f 112/1847/1138 98/1868/159 66/1858/157
f 761/1861/921 757/1869/39 679/1862/191
f 679/1862/191 757/1869/39 688/1870/40
f 377/1853/1143 422/1864/186 374/1871/180
f 377/1853/1143 374/1871/180 352/1865/179
f 323/1854/178 278/1872/175 249/1866/174
f 249/1866/174 179/1873/173 201/1856/1145
f 201/1856/1145 179/1873/173 158/1857/1146
f 179/1873/173 156/1874/162 158/1857/1146
f 158/1857/1146 156/1874/162 128/1867/161
f 98/1868/159 83/1875/148 66/1858/157
f 66/1858/157 59/1876/146 51/1849/1140
f 51/1849/1140 59/1876/146 52/1877/145
f 51/1849/1140 52/1877/145 40/1859/262
f 12/1824/1120 19/1860/141 8/1878/143
f 12/1824/1120 8/1878/143 5/1827/1121
f 8/1878/143 3/1879/137 5/1827/1121
f 7/1880/129 4/1881/1119 1/1825/139
f 4/1823/1119 7/1880/129 11/1884/1148
f 11/1884/1148 7/1880/129 9/1885/1149
f 11/1884/1148 9/1885/1149 15/1886/1150
f 20/1887/1151 11/1884/1148 15/1886/1150
f 58/1888/68 44/1889/1152 20/1887/1153
f 20/1887/1153 44/1889/1152 27/1890/1154
f 20/1887/1151 27/1890/1154 28/1891/1155
f 28/1891/1155 27/1890/1154 44/1889/1152
f 85/1801/81 102/1892/117 115/1799/1097
f 115/1799/1097 126/1893/116 153/1894/1156
f 115/1799/1097 153/1894/1156 163/1798/1096
f 102/1892/117 126/1893/116 115/1799/1097
f 183/1895/1157 205/1896/112 218/1897/1158
f 190/1898/113 183/1895/1157 177/1899/114
f 205/1896/112 233/1900/111 242/1901/1159
f 242/1901/1159 233/1900/111 259/1902/1160
f 259/1902/1160 289/1793/1091 313/1805/1102
f 190/1898/113 205/1896/112 183/1895/1157
f 666/1836/1129 711/1838/918 498/1903/1161
f 498/1903/1161 711/1838/918 552/1840/1131
f 498/1903/1161 552/1840/1131 380/1833/1126
f 380/1833/1126 552/1840/1131 391/1842/1133
f 380/1833/1126 391/1842/1133 351/1904/1162
f 351/1904/1162 391/1842/1133 299/1844/1135
f 390/1828/1122 579/1832/930 666/1836/1129
f 457/1905/1163 666/1836/1129 498/1903/1161
f 457/1905/1163 498/1903/1161 380/1833/1126
f 232/1795/1093 268/1811/1107 212/1813/1109
f 232/1795/1093 212/1813/1109 200/1797/1095
f 200/1797/1095 212/1813/1109 172/1906/1164
f 172/1906/1164 212/1813/1109 140/1815/1111
f 172/1906/1164 140/1815/1111 134/1800/1098
f 134/1800/1098 140/1815/1111 96/1817/1113
f 33/1804/1101 68/1803/1100 41/1820/1116
f 289/1793/1091 420/1792/925 313/1805/1102
f 277/1907/1165 316/1791/1090 289/1793/1091
f 277/1907/1165 289/1793/1091 250/1908/104
f 250/1908/104 289/1793/1091 259/1902/1160
f 250/1908/104 259/1902/1160 233/1900/111
f 348/1787/1089 316/1791/1090 307/1909/108
f 307/1909/108 316/1791/1090 277/1907/1165
f 457/1905/1163 390/1828/1122 666/1836/1129
f 339/1807/1103 313/1805/1102 423/1806/928
f 265/1910/103 307/1909/108 277/1907/1165
f 337/1788/101 348/1787/1089 307/1909/108
f 380/1833/1126 390/1828/1122 457/1905/1163
f 259/1902/1160 313/1805/1102 339/1807/1103
f 259/1902/1160 339/1807/1103 312/1809/1105
f 265/1910/103 277/1907/1165 250/1908/104
f 344/1829/1123 380/1833/1126 351/1904/1162
f 242/1901/1159 259/1902/1160 312/1809/1105
f 242/1901/1159 312/1809/1105 268/1811/1107
f 236/1794/1092 242/1901/1159 268/1811/1107
f 218/1897/1158 242/1901/1159 236/1794/1092
f 205/1896/112 242/1901/1159 218/1897/1158
f 298/1830/1124 344/1829/1123 351/1904/1162
f 298/1830/1124 351/1904/1162 299/1844/1135
f 232/1795/1093 236/1794/1092 268/1811/1107
f 218/1897/1158 236/1794/1092 195/1796/1094
f 153/1894/1156 195/1796/1094 163/1798/1096
f 163/1798/1096 200/1797/1095 172/1906/1164
f 163/1798/1096 172/1906/1164 134/1800/1098
f 62/1802/1099 134/1800/1098 96/1817/1113
f 62/1802/1099 96/1817/1113 68/1803/1100
f 33/1804/1101 41/1820/1116 14/1821/1117
f 298/1830/1124 299/1844/1135 189/1834/1127
f 189/1834/1127 299/1844/1135 191/1846/1137
f 189/1834/1127 191/1846/1137 135/1835/1128
f 105/1818/1114 135/1835/1128 78/1848/1139
f 105/1818/1114 78/1848/1139 76/1819/1115
f 76/1819/1115 78/1848/1139 21/1822/1118
f 14/1821/1117 21/1822/1118 12/1824/1120
f 218/1897/1158 195/1796/1094 183/1895/1157
f 183/1895/1157 195/1796/1094 177/1899/114
f 177/1899/114 195/1796/1094 153/1894/1156
f 177/1899/114 153/1894/1156 148/1911/115
f 148/1911/115 153/1894/1156 126/1893/116
f 28/1891/1155 33/1804/1101 11/1884/1148
f 11/1884/1148 33/1804/1101 14/1821/1117
f 85/1801/81 62/1802/1099 58/1888/68
f 58/1888/68 62/1802/1099 44/1889/1152
f 44/1889/1152 62/1802/1099 33/1804/1101
f 44/1889/1152 33/1804/1101 28/1891/1155
f 28/1891/1155 11/1884/1148 20/1887/1151
f 11/1884/1148 14/1821/1117 4/1823/1119
f 817/1912/473 818/1913/892 821/1914/1166
f 829/1915/1167 835/1916/1082 850/1917/1168
f 850/1917/1168 835/1916/1082 848/1918/1083
f 850/1917/1168 848/1918/1083 859/1919/1169
f 859/1919/1169 848/1918/1083 857/1920/1084
f 859/1919/1169 857/1920/1084 853/1921/1085
f 859/1919/1169 853/1921/1085 852/1922/1170
f 852/1922/1170 853/1921/1085 838/1923/1171
f 813/1924/1088 815/1925/1172 820/1926/1087
f 821/1914/1166 818/1913/892 829/1915/1167
f 829/1915/1167 818/1913/892 822/1927/897
f 829/1915/1167 822/1927/897 835/1916/1082
f 838/1923/1171 853/1921/1085 843/1928/1086
f 838/1923/1171 843/1928/1086 825/1929/1173
f 825/1929/1173 843/1928/1086 820/1926/1087
f 825/1929/1173 820/1926/1087 815/1925/1172
f 974/1930/433 973/1931/438 976/1932/435
f 412/1933/934 376/1934/1174 396/1935/933
f 396/1935/933 376/1934/1174 340/1936/1175
f 371/1937/958 421/1938/971 343/1939/1176
f 343/1939/1176 421/1938/971 439/1940/959
f 343/1939/1176 439/1940/959 353/1941/1177
f 353/1941/1177 439/1940/959 359/1942/1178
f 359/1942/1178 439/1940/959 418/1943/961
f 463/1944/963 689/1945/965 509/1946/1179
f 509/1946/1179 689/1945/965 716/1947/967
f 509/1946/1179 716/1947/967 601/1948/1180
f 601/1948/1180 716/1947/967 729/1949/1181
f 601/1948/1180 729/1949/1181 704/1950/1182
f 704/1950/1182 729/1949/1181 724/1951/1183
f 724/1951/1183 731/1952/973 709/1953/1184
f 709/1953/1184 731/1952/973 694/1954/974
f 412/1933/934 371/1937/958 376/1934/1174
f 436/1955/1185 418/1943/961 463/1944/963
f 716/1947/967 746/1956/969 729/1949/1181
f 746/1956/969 749/1957/970 729/1949/1181
f 729/1949/1181 749/1957/970 724/1951/1183
f 724/1951/1183 749/1957/970 731/1952/973
f 731/1952/973 749/1957/970 756/1958/898
f 731/1952/973 756/1958/898 728/1959/899
f 629/1960/975 682/1961/1186 694/1954/974
f 694/1954/974 682/1961/1186 709/1953/1184
f 709/1953/1184 699/1962/1187 724/1951/1183
f 724/1951/1183 699/1962/1187 665/1963/1188
f 724/1951/1183 665/1963/1188 704/1950/1182
f 704/1950/1182 665/1963/1188 641/1964/1189
f 704/1950/1182 641/1964/1189 601/1948/1180
f 343/1939/1176 331/1965/1190 371/1937/958
f 371/1937/958 331/1965/1190 322/1966/1191
f 371/1937/958 322/1966/1191 376/1934/1174
f 376/1934/1174 322/1966/1191 340/1936/1175
f 340/1936/1175 318/1967/1057 396/1935/933
f 349/1968/1192 282/1969/1193 276/1970/1194
f 276/1970/1194 282/1969/1193 215/1971/1195
f 139/1972/1196 149/1973/1197 111/1974/1198
f 63/1975/1199 57/1976/1200 39/1977/1201
f 39/1977/1201 57/1976/1200 34/1978/1202
f 26/1979/1037 34/1978/1202 35/1980/1038
f 84/1981/1203 80/1982/1070 72/1983/1065
f 379/1984/1204 366/1985/1002 349/1968/1192
f 326/1986/1004 349/1968/1192 366/1985/1002
f 431/1987/977 366/1985/1002 379/1984/1204
f 237/1988/1009 253/1989/1205 283/1990/1005
f 283/1990/1005 253/1989/1205 227/1991/1206
f 283/1990/1005 227/1991/1206 282/1969/1193
f 282/1969/1193 227/1991/1206 215/1971/1195
f 253/1989/1205 237/1988/1009 227/1991/1206
f 120/1992/1207 99/1993/1208 106/1994/1209
f 106/1994/1209 99/1993/1208 72/1995/1065
f 106/1994/1209 72/1995/1065 73/1996/1210
f 168/1997/1078 159/1998/1081 175/1999/1211
f 120/1992/1207 109/2000/1212 99/1993/1208
f 109/2000/1212 150/2001/982 107/2002/1066
f 26/1979/1037 23/2003/1064 34/1978/1202
f 34/1978/1202 23/2003/1064 39/1977/1201
f 63/1975/1199 64/2004/1213 91/2005/1214
f 215/1971/1195 173/2006/1215 262/2007/1216
f 215/1971/1195 262/2007/1216 276/1970/1194
f 349/1968/1192 276/1970/1194 379/1984/1204
f 379/1984/1204 433/2008/1217 431/1987/977
f 431/1987/977 433/2008/1217 542/2009/1067
f 26/1979/1037 24/2010/1036 23/2003/1064
f 25/2011/1218 23/2003/1064 30/2012/1035
f 25/2011/1218 30/2012/1035 31/2013/1063
f 43/2014/1219 70/2015/1220 56/2016/1221
f 56/2016/1221 70/2015/1220 94/2017/1222
f 56/2016/1221 94/2017/1222 92/2018/1223
f 121/2019/1224 116/2020/1225 171/2021/1226
f 209/2022/1227 197/2023/1228 286/2024/1229
f 209/2022/1227 286/2024/1229 300/2025/1230
f 334/2026/1231 300/2025/1230 393/2027/1232
f 334/2026/1231 393/2027/1232 437/2028/1233
f 557/2029/1234 437/2028/1233 641/1964/1189
f 557/2029/1234 641/1964/1189 665/1963/1188
f 31/2013/1063 45/2030/1048 43/2014/1219
f 70/2015/1220 87/2031/1235 94/2017/1222
f 116/2020/1225 92/2018/1223 171/2021/1226
f 121/2019/1224 171/2021/1226 229/2032/1236
f 121/2019/1224 229/2032/1236 197/2023/1228
f 197/2023/1228 229/2032/1236 269/2033/1237
f 197/2023/1228 269/2033/1237 286/2024/1229
f 300/2025/1230 286/2024/1229 360/2034/1238
f 300/2025/1230 360/2034/1238 393/2027/1232
f 437/2028/1233 393/2027/1232 601/1948/1180
f 437/2028/1233 601/1948/1180 641/1964/1189
f 43/2014/1219 45/2030/1048 69/2035/1054
f 43/2014/1219 69/2035/1054 70/2015/1220
f 70/2015/1220 69/2035/1054 87/2031/1235
f 92/2018/1223 94/2017/1222 160/2036/1239
f 92/2018/1223 160/2036/1239 171/2021/1226
f 171/2021/1226 211/2037/1240 229/2032/1236
f 286/2024/1229 269/2033/1237 346/2038/1241
f 286/2024/1229 346/2038/1241 360/2034/1238
f 393/2027/1232 360/2034/1238 509/1946/1179
f 393/2027/1232 509/1946/1179 601/1948/1180
f 69/2035/1054 103/2039/1242 87/2031/1235
f 87/2031/1235 103/2039/1242 94/2017/1222
f 94/2017/1222 103/2039/1242 151/2040/1243
f 94/2017/1222 151/2040/1243 160/2036/1239
f 171/2021/1226 160/2036/1239 211/2037/1240
f 229/2032/1236 211/2037/1240 281/2041/1244
f 229/2032/1236 281/2041/1244 269/2033/1237
f 269/2033/1237 281/2041/1244 333/2042/1245
f 269/2033/1237 333/2042/1245 346/2038/1241
f 69/2035/1054 71/2043/1047 103/2039/1242
f 103/2039/1242 146/2044/1246 151/2040/1243
f 160/2036/1239 151/2040/1243 202/2045/1247
f 160/2036/1239 202/2045/1247 211/2037/1240
f 211/2037/1240 263/2046/1248 281/2041/1244
f 281/2041/1244 263/2046/1248 314/2047/1249
f 281/2041/1244 314/2047/1249 333/2042/1245
f 333/2042/1245 314/2047/1249 356/2048/1250
f 333/2042/1245 356/2048/1250 346/2038/1241
f 360/2034/1238 346/2038/1241 463/1944/963
f 360/2034/1238 463/1944/963 509/1946/1179
f 103/2039/1242 71/2043/1047 123/2049/1056
f 103/2039/1242 123/2049/1056 146/2044/1246
f 146/2044/1246 169/2050/1251 151/2040/1243
f 151/2040/1243 169/2050/1251 192/2051/1252
f 151/2040/1243 192/2051/1252 202/2045/1247
f 211/2037/1240 202/2045/1247 263/2046/1248
f 263/2046/1248 297/2052/1253 314/2047/1249
f 346/2038/1241 356/2048/1250 436/1955/1185
f 346/2038/1241 436/1955/1185 463/1944/963
f 146/2044/1246 123/2049/1056 147/2053/1053
f 146/2044/1246 147/2053/1053 167/2054/1062
f 167/2054/1062 185/2055/1254 169/2050/1251
f 169/2050/1251 185/2055/1254 216/2056/1255
f 169/2050/1251 216/2056/1255 192/2051/1252
f 192/2051/1252 216/2056/1255 247/2057/1256
f 192/2051/1252 247/2057/1256 254/2058/1257
f 254/2058/1257 247/2057/1256 284/2059/1258
f 254/2058/1257 284/2059/1258 297/2052/1253
f 297/2052/1253 284/2059/1258 325/2060/1259
f 185/2055/1254 167/2054/1062 204/2061/1061
f 185/2055/1254 204/2061/1061 216/2056/1255
f 247/2057/1256 216/2056/1255 275/2062/1260
f 247/2057/1256 275/2062/1260 284/2059/1258
f 325/2060/1259 284/2059/1258 353/1941/1177
f 325/2060/1259 353/1941/1177 359/1942/1178
f 204/2061/1061 240/2063/1060 216/2056/1255
f 216/2056/1255 240/2063/1060 267/2064/1261
f 216/2056/1255 267/2064/1261 275/2062/1260
f 275/2062/1260 267/2064/1261 301/2065/1262
f 275/2062/1260 301/2065/1262 284/2059/1258
f 284/2059/1258 301/2065/1262 343/1939/1176
f 284/2059/1258 343/1939/1176 353/1941/1177
f 291/2066/1058 318/1967/1057 322/1966/1191
f 318/1967/1057 340/1936/1175 322/1966/1191
f 699/1962/1187 709/1953/1184 682/1961/1186
f 605/2067/1263 682/1961/1186 629/1960/975
f 605/2067/1263 629/1960/975 516/2068/1264
f 516/2068/1264 629/1960/975 542/2009/1067
f 516/2068/1264 542/2009/1067 433/2008/1217
f 699/1962/1187 682/1961/1186 665/1963/1188
f 665/1963/1188 682/1961/1186 557/2029/1234
f 557/2029/1234 455/2069/1265 437/2028/1233
f 437/2028/1233 455/2069/1265 384/2070/1266
f 437/2028/1233 384/2070/1266 334/2026/1231
f 300/2025/1230 334/2026/1231 223/2071/1267
f 300/2025/1230 223/2071/1267 209/2022/1227
f 557/2029/1234 682/1961/1186 605/2067/1263
f 418/1943/961 436/1955/1185 356/2048/1250
f 418/1943/961 356/2048/1250 359/1942/1178
f 359/1942/1178 356/2048/1250 314/2047/1249
f 359/1942/1178 314/2047/1249 325/2060/1259
f 325/2060/1259 314/2047/1249 297/2052/1253
f 297/2052/1253 263/2046/1248 254/2058/1257
f 254/2058/1257 263/2046/1248 202/2045/1247
f 254/2058/1257 202/2045/1247 192/2051/1252
f 167/2054/1062 169/2050/1251 146/2044/1246
f 331/1965/1190 343/1939/1176 301/2065/1262
f 322/1966/1191 331/1965/1190 267/2064/1261
f 322/1966/1191 267/2064/1261 291/2066/1058
f 291/2066/1058 267/2064/1261 264/2072/1059
f 267/2064/1261 331/1965/1190 301/2065/1262
f 557/2029/1234 605/2067/1263 455/2069/1265
f 455/2069/1265 605/2067/1263 516/2068/1264
f 455/2069/1265 516/2068/1264 384/2070/1266
f 384/2070/1266 516/2068/1264 433/2008/1217
f 384/2070/1266 433/2008/1217 355/2073/1268
f 355/2073/1268 433/2008/1217 379/1984/1204
f 355/2073/1268 379/1984/1204 276/1970/1194
f 384/2070/1266 355/2073/1268 334/2026/1231
f 334/2026/1231 355/2073/1268 244/2074/1269
f 334/2026/1231 244/2074/1269 223/2071/1267
f 197/2023/1228 209/2022/1227 143/2075/1270
f 197/2023/1228 143/2075/1270 121/2019/1224
f 116/2020/1225 121/2019/1224 64/2004/1213
f 116/2020/1225 64/2004/1213 92/2018/1223
f 92/2018/1223 64/2004/1213 56/2016/1221
f 43/2014/1219 56/2016/1221 31/2013/1063
f 264/2072/1059 267/2064/1261 240/2063/1060
f 355/2073/1268 262/2007/1216 244/2074/1269
f 209/2022/1227 223/2071/1267 139/1972/1196
f 209/2022/1227 139/1972/1196 143/2075/1270
f 121/2019/1224 91/2005/1214 64/2004/1213
f 56/2016/1221 64/2004/1213 39/1977/1201
f 56/2016/1221 39/1977/1201 31/2013/1063
f 262/2007/1216 355/2073/1268 276/1970/1194
f 282/1969/1193 349/1968/1192 326/1986/1004
f 326/1986/1004 283/1990/1005 282/1969/1193
f 223/2071/1267 244/2074/1269 149/1973/1197
f 223/2071/1267 149/1973/1197 139/1972/1196
f 121/2019/1224 143/2075/1270 91/2005/1214
f 31/2013/1063 39/1977/1201 25/2011/1218
f 149/1973/1197 244/2074/1269 173/2006/1215
f 173/2006/1215 244/2074/1269 262/2007/1216
f 175/1999/1211 203/2076/979 168/1997/1078
f 227/1991/1206 237/1988/1009 184/2077/1271
f 184/2077/1271 237/1988/1009 203/2076/979
f 184/2077/1271 203/2076/979 175/1999/1211
f 166/2078/1272 175/1999/1211 141/2079/1273
f 141/2079/1273 175/1999/1211 159/1998/1081
f 141/2079/1273 159/1998/1081 150/2001/982
f 166/2078/1272 184/2077/1271 175/1999/1211
f 141/2079/1273 150/2001/982 120/1992/1207
f 215/1971/1195 227/1991/1206 184/2077/1271
f 184/2077/1271 173/2006/1215 215/1971/1195
f 149/1973/1197 173/2006/1215 113/2080/1274
f 149/1973/1197 113/2080/1274 111/1974/1198
f 111/1974/1198 81/2081/1275 91/2005/1214
f 91/2005/1214 81/2081/1275 57/1976/1200
f 91/2005/1214 57/1976/1200 63/1975/1199
f 173/2006/1215 184/2077/1271 144/2082/1276
f 144/2082/1276 184/2077/1271 166/2078/1272
f 144/2082/1276 166/2078/1272 141/2079/1273
f 144/2082/1276 141/2079/1273 130/2083/1277
f 130/2083/1277 141/2079/1273 106/1994/1209
f 106/1994/1209 141/2079/1273 120/1992/1207
f 143/2075/1270 139/1972/1196 111/1974/1198
f 143/2075/1270 111/1974/1198 91/2005/1214
f 64/2004/1213 63/1975/1199 39/1977/1201
f 25/2011/1218 39/1977/1201 23/2003/1064
f 144/2082/1276 113/2080/1274 173/2006/1215
f 57/1976/1200 54/2084/1278 34/1978/1202
f 34/1978/1202 54/2084/1278 46/2085/1042
f 34/1978/1202 46/2085/1042 35/1980/1038
f 35/1980/1038 46/2085/1042 42/2086/1039
f 42/2086/1039 46/2085/1042 55/2087/1040
f 113/2080/1274 144/2082/1276 130/2083/1277
f 113/2080/1274 130/2083/1277 74/2088/1279
f 74/2088/1279 130/2083/1277 106/1994/1209
f 74/2088/1279 106/1994/1209 73/1996/1210
f 113/2080/1274 81/2081/1275 111/1974/1198
f 81/2081/1275 113/2080/1274 74/2088/1279
f 150/2001/982 109/2000/1212 120/1992/1207
f 99/1993/1208 84/1981/1203 72/1995/1065
f 57/1976/1200 81/2081/1275 54/2084/1278
f 109/2000/1212 80/1982/1070 99/1993/1208
f 99/1993/1208 80/1982/1070 84/1981/1203
f 81/2081/1275 74/2088/1279 54/2084/1278
f 54/2084/1278 74/2088/1279 73/1996/1210
f 54/2084/1278 73/1996/1210 72/1995/1065
f 109/2000/1212 107/2002/1066 80/1982/1070
f 46/2085/1042 54/2084/1278 72/2089/1065
f 817/2090/473 821/2091/1166 867/2092/470
f 867/2092/470 950/2093/474 932/2094/612
f 1006/2095/475 950/2093/474 1005/2096/1280
f 1006/2095/475 1005/2096/1280 1023/2097/477
f 1023/2097/477 1005/2096/1280 1042/2098/1281
f 1081/2099/492 1072/2100/490 1083/2101/1282
f 1108/2102/495 1096/2103/504 1113/2104/1283
f 1108/2102/495 1113/2104/1283 1118/2105/1284
f 1185/2106/1285 1176/2107/1286 1190/2108/1287
f 1185/2106/1285 1190/2108/1287 1171/2109/512
f 821/2091/1166 829/2110/1167 867/2092/470
f 867/2092/470 829/2110/1167 875/2111/1288
f 867/2092/470 875/2111/1288 950/2093/474
f 950/2093/474 875/2111/1288 1005/2096/1280
f 1083/2101/1282 1088/2112/1289 1096/2103/504
f 1096/2103/504 1088/2112/1289 1113/2104/1283
f 1118/2105/1284 1113/2104/1283 1127/2113/1290
f 1137/2114/507 1127/2113/1290 1136/2115/1291
f 1137/2114/507 1136/2115/1291 1146/2116/1292
f 1005/2096/1280 875/2111/1288 1003/2117/1293
f 1005/2096/1280 1003/2117/1293 1021/2118/1294
f 1005/2096/1280 1021/2118/1294 1042/2098/1281
f 1042/2098/1281 1021/2118/1294 1038/2119/1295
f 1042/2098/1281 1038/2119/1295 1045/2120/1296
f 1045/2120/1296 1038/2119/1295 1046/2121/1297
f 1045/2120/1296 1046/2121/1297 1052/2122/633
f 1052/2122/633 1046/2121/1297 1061/2123/1298
f 1052/2122/633 1061/2123/1298 1072/2100/490
f 1072/2100/490 1061/2123/1298 1083/2101/1282
f 1083/2101/1282 1061/2123/1298 1088/2112/1289
f 1158/2124/648 1157/2125/1299 1173/2126/1300
f 1158/2124/648 1173/2126/1300 1176/2107/1286
f 1190/2108/1287 1176/2107/1286 1183/2127/1301
f 1190/2108/1287 1183/2127/1301 1193/2128/536
f 1190/2108/1287 1193/2128/536 1171/2129/512
f 875/2111/1288 829/2110/1167 944/2130/1302
f 944/2130/1302 829/2110/1167 850/2131/1168
f 944/2130/1302 850/2131/1168 1000/2132/1303
f 1038/2119/1295 1021/2118/1294 1040/2133/1304
f 1038/2119/1295 1040/2133/1304 1047/2134/1305
f 1038/2119/1295 1047/2134/1305 1046/2121/1297
f 1046/2121/1297 1047/2134/1305 1062/2135/1306
f 1088/2112/1289 1062/2135/1306 1097/2136/1307
f 1113/2104/1283 1097/2136/1307 1099/2137/1308
f 1113/2104/1283 1099/2137/1308 1126/2138/1309
f 1136/2115/1291 1126/2138/1309 1129/2139/1310
f 1157/2125/1299 1136/2115/1291 1154/2140/1311
f 1157/2125/1299 1154/2140/1311 1173/2126/1300
f 1176/2107/1286 1173/2126/1300 1183/2127/1301
f 850/2131/1168 941/2141/1312 1000/2132/1303
f 1000/2132/1303 941/2141/1312 1021/2118/1294
f 1021/2118/1294 941/2141/1312 1020/2142/1313
f 1021/2118/1294 1020/2142/1313 1040/2133/1304
f 1062/2135/1306 1047/2134/1305 1063/2143/1314
f 1062/2135/1306 1063/2143/1314 1097/2136/1307
f 1126/2138/1309 1099/2137/1308 1129/2139/1310
f 1136/2115/1291 1129/2139/1310 1144/2144/1315
f 1136/2115/1291 1144/2144/1315 1154/2140/1311
f 859/2145/1169 872/2146/1316 850/2131/1168
f 852/2147/1170 872/2146/1316 859/2145/1169
f 996/2148/1317 1018/2149/1318 1020/2142/1313
f 1020/2142/1313 1018/2149/1318 1033/2150/1319
f 1020/2142/1313 1033/2150/1319 1040/2133/1304
f 1040/2133/1304 1033/2150/1319 1047/2134/1305
f 871/2151/1320 838/2152/1171 825/2153/1173
f 871/2151/1320 825/2153/1173 870/2154/1321
f 870/2154/1321 825/2153/1173 815/2155/1172
f 870/2154/1321 815/2155/1172 869/2156/1322
f 869/2156/1322 815/2155/1172 813/2157/1088
f 869/2156/1322 813/2157/1088 868/2158/1323
f 868/2158/1323 813/2157/1088 816/2159/442
f 868/2158/1323 816/2159/442 907/2160/568
f 868/2158/1323 907/2160/568 979/2161/566
f 868/2158/1323 979/2161/566 988/2162/1324
f 988/2162/1324 979/2161/566 1024/2163/565
f 988/2162/1324 1024/2163/565 1025/2164/1325
f 1027/2165/1326 989/2166/1327 1068/2167/1328
f 1027/2165/1326 1068/2167/1328 1049/2168/1329
f 1065/2169/1330 1049/2168/1329 1085/2170/1331
f 1099/2137/1308 1102/2171/1332 1129/2139/1310
f 989/2166/1327 1025/2164/1325 1069/2172/1333
f 989/2166/1327 1069/2172/1333 1068/2167/1328
f 1049/2168/1329 1068/2167/1328 1087/2173/1334
f 1049/2168/1329 1087/2173/1334 1085/2170/1331
f 1078/2174/1335 1085/2170/1331 1102/2171/1332
f 1102/2171/1332 1131/2175/1336 1129/2139/1310
f 1024/2163/565 1059/2176/563 1025/2164/1325
f 1085/2170/1331 1087/2173/1334 1102/2171/1332
f 1080/2177/561 1094/2178/558 1091/2179/1337
f 1112/2180/556 1132/2181/1338 1101/2182/1339
f 1101/2182/1339 1132/2181/1338 1119/2183/1340
f 1117/2184/1341 1119/2183/1340 1150/2185/1342
f 1094/2178/558 1112/2180/556 1091/2179/1337
f 1112/2180/556 1121/2186/548 1132/2181/1338
f 1132/2181/1338 1121/2186/548 1140/2187/547
f 1132/2181/1338 1140/2187/547 1153/2188/545
f 1153/2188/545 1164/2189/544 1152/2190/1343
f 1152/2190/1343 1164/2189/544 1172/2191/542
f 1152/2190/1343 1172/2191/542 1179/2192/541
f 1170/2193/1344 1182/2194/540 1188/2195/646
f 1170/2193/1344 1188/2195/646 1192/2196/649
f 1191/2197/537 1193/2128/536 1183/2127/1301
f 1180/2198/1345 1176/2199/1286 1184/2200/1346
f 1176/2107/1286 1180/2198/1345 1177/2204/1347
f 1176/2107/1286 1177/2204/1347 1168/2205/520
f 1168/2205/1348 1177/2204/1349 1175/2206/1350
f 1168/2205/1348 1175/2206/1350 1180/2198/1351
f 1180/2198/1351 1175/2206/1350 1177/2204/1349
f 1160/2208/1353 1158/2124/648 1143/2209/647
f 1123/2210/1354 1127/2113/1290 1137/2114/507
f 1108/2102/495 1118/2105/1284 1123/2210/1354
f 1096/2103/504 1090/2211/493 1083/2101/1282
f 1083/2101/1282 1090/2211/493 1081/2099/492
f 1052/2122/633 1050/2212/487 1045/2120/1296
f 1023/2097/477 1042/2098/1281 1050/2212/487
f 1050/2212/487 1042/2098/1281 1045/2120/1296
f 1185/2106/1285 1171/2213/512 1186/2214/1355
f 1186/2214/1356 1171/2215/1357 1187/2216/1358
f 869/2156/1322 868/2158/1323 988/2162/1324
f 870/2154/1321 869/2156/1322 989/2166/1327
f 989/2166/1327 869/2156/1322 988/2162/1324
f 989/2166/1327 988/2162/1324 1025/2164/1325
f 871/2151/1320 870/2154/1321 991/2217/1359
f 991/2217/1359 870/2154/1321 989/2166/1327
f 991/2217/1359 989/2166/1327 1027/2165/1326
f 838/2152/1171 871/2151/1320 933/2218/1360
f 933/2218/1360 871/2151/1320 991/2217/1359
f 933/2218/1360 991/2217/1359 1016/2219/1361
f 1016/2219/1361 991/2217/1359 1026/2220/1362
f 1026/2220/1362 991/2217/1359 1027/2165/1326
f 1026/2220/1362 1027/2165/1326 1049/2168/1329
f 852/2147/1170 838/2152/1171 937/2221/1363
f 937/2221/1363 838/2152/1171 933/2218/1360
f 1048/2222/1364 1026/2220/1362 1049/2168/1329
f 1048/2222/1364 1049/2168/1329 1065/2169/1330
f 941/2141/1312 850/2131/1168 872/2146/1316
f 1003/2117/1293 944/2130/1302 1000/2132/1303
f 1003/2117/1293 1000/2132/1303 1021/2118/1294
f 1061/2123/1298 1046/2121/1297 1062/2135/1306
f 1061/2123/1298 1062/2135/1306 1088/2112/1289
f 852/2147/1170 937/2221/1363 872/2146/1316
f 872/2146/1316 937/2221/1363 996/2148/1317
f 996/2148/1317 937/2221/1363 1018/2149/1318
f 1018/2149/1318 1034/2223/1365 1033/2150/1319
f 941/2141/1312 872/2146/1316 996/2148/1317
f 1003/2117/1293 875/2111/1288 944/2130/1302
f 937/2221/1363 933/2218/1360 1018/2149/1318
f 1018/2149/1318 933/2218/1360 1016/2219/1361
f 1018/2149/1318 1016/2219/1361 1034/2223/1365
f 1034/2223/1365 1016/2219/1361 1026/2220/1362
f 1034/2223/1365 1026/2220/1362 1048/2222/1364
f 1020/2142/1313 941/2141/1312 996/2148/1317
f 1033/2150/1319 1034/2223/1365 1056/2224/1366
f 1033/2150/1319 1056/2224/1366 1047/2134/1305
f 1047/2134/1305 1056/2224/1366 1063/2143/1314
f 1034/2223/1365 1048/2222/1364 1058/2225/1367
f 1058/2225/1367 1048/2222/1364 1065/2169/1330
f 1058/2225/1367 1065/2169/1330 1078/2174/1335
f 1078/2174/1335 1065/2169/1330 1085/2170/1331
f 1088/2112/1289 1097/2136/1307 1113/2104/1283
f 1113/2104/1283 1126/2138/1309 1127/2113/1290
f 1127/2113/1290 1126/2138/1309 1136/2115/1291
f 1146/2116/1292 1136/2115/1291 1157/2125/1299
f 1060/2226/489 1052/2122/633 1072/2100/490
f 1034/2223/1365 1058/2225/1367 1056/2224/1366
f 1025/2164/1325 1059/2176/563 1069/2172/1333
f 1069/2172/1333 1059/2176/563 1080/2177/561
f 1069/2172/1333 1080/2177/561 1091/2179/1337
f 1056/2224/1366 1058/2225/1367 1074/2227/1368
f 1056/2224/1366 1074/2227/1368 1063/2143/1314
f 1074/2227/1368 1058/2225/1367 1078/2174/1335
f 1102/2171/1332 1087/2173/1334 1131/2175/1336
f 1131/2175/1336 1144/2144/1315 1129/2139/1310
f 1069/2172/1333 1091/2179/1337 1101/2182/1339
f 1101/2182/1339 1091/2179/1337 1112/2180/556
f 1074/2227/1368 1078/2174/1335 1102/2171/1332
f 1063/2143/1314 1074/2227/1368 1097/2136/1307
f 1097/2136/1307 1074/2227/1368 1099/2137/1308
f 1099/2137/1308 1074/2227/1368 1102/2171/1332
f 1068/2167/1328 1069/2172/1333 1101/2182/1339
f 1087/2173/1334 1068/2167/1328 1117/2184/1341
f 1101/2182/1339 1119/2183/1340 1068/2167/1328
f 1068/2167/1328 1119/2183/1340 1117/2184/1341
f 1150/2185/1342 1163/2228/1369 1144/2144/1315
f 1144/2144/1315 1163/2228/1369 1154/2140/1311
f 1154/2140/1311 1163/2228/1369 1173/2126/1300
f 1087/2173/1334 1117/2184/1341 1131/2175/1336
f 1123/2210/1354 1118/2105/1284 1127/2113/1290
f 1160/2208/1353 1146/2116/1292 1157/2125/1299
f 1160/2208/1353 1157/2125/1299 1158/2124/648
f 1132/2181/1338 1152/2190/1343 1119/2183/1340
f 1119/2183/1340 1152/2190/1343 1150/2185/1342
f 1173/2126/1300 1163/2228/1369 1183/2127/1301
f 1132/2181/1338 1153/2188/545 1152/2190/1343
f 1150/2185/1342 1170/2193/1344 1163/2228/1369
f 1117/2184/1341 1150/2185/1342 1144/2144/1315
f 1117/2184/1341 1144/2144/1315 1131/2175/1336
f 1143/2209/647 1137/2114/507 1146/2116/1292
f 1143/2209/647 1146/2116/1292 1160/2208/1353
f 1150/2185/1342 1152/2190/1343 1170/2193/1344
f 1152/2190/1343 1179/2192/541 1170/2193/1344
f 1170/2193/1344 1179/2192/541 1182/2194/540
f 1163/2228/1369 1191/2197/537 1183/2127/1301
f 1170/2193/1344 1192/2196/649 1163/2228/1369
f 1163/2228/1369 1192/2196/649 1191/2197/537
f 1176/2107/1286 1168/2205/520 1158/2124/648
f 1184/2200/1346 1176/2107/1286 1185/2106/1285
f 1185/2106/1285 1186/2214/1355 1184/2200/1346
f 1184/2200/1346 1186/2214/1355 1187/2216/1370
f 1184/2200/1371 1187/2216/1372 1171/2229/1373
f 521/2230/345 529/2231/347 528/2232/353
f 529/2231/347 547/2233/349 558/2234/351
f 558/2234/351 528/2232/353 529/2231/347
usemtl 25,25,25.002
f 444/55/29 466/56/28 445/57/10
f 445/57/10 466/56/28 473/58/30
f 473/58/30 466/56/28 482/59/31
f 473/58/30 482/59/31 488/60/5
f 473/58/30 488/60/5 476/61/12
f 476/61/12 488/60/5 458/62/15
f 458/62/15 488/60/5 553/63/18
f 553/63/18 488/60/5 526/64/3
f 553/63/18 526/64/3 543/65/19
f 482/59/31 466/56/28 484/66/32
f 466/56/28 470/67/33 484/66/32
f 484/66/32 470/67/33 485/68/34
f 520/69/35 501/70/36 485/68/34
f 485/68/34 501/70/36 484/66/32
f 501/70/36 520/69/35 543/65/19
f 501/70/36 543/65/19 526/64/3
f 458/62/15 454/71/14 476/61/12
f 650/344/279 658/345/283 660/346/281
f 650/344/279 660/346/281 648/347/230
f 658/345/283 650/344/279 574/348/276
f 574/348/276 650/344/279 577/349/277
f 539/380/237 549/381/289 540/382/214
f 540/382/214 549/381/289 560/383/290
f 560/383/290 549/381/289 564/384/288
f 560/383/290 564/384/288 571/385/247
f 571/385/247 564/384/288 591/386/287
f 589/387/242 591/386/287 564/384/288
f 571/385/247 575/388/246 560/383/290
f 560/383/290 575/388/246 570/389/291
f 570/389/291 575/388/246 586/390/286
f 586/390/286 575/388/246 634/391/248
f 575/388/246 624/392/244 634/391/248
f 474/444/311 479/445/312 468/446/304
f 479/445/312 474/444/311 492/447/313
f 492/447/313 474/444/311 503/448/309
f 492/447/313 503/448/309 515/449/314
f 515/449/314 503/448/309 538/450/308
f 515/449/314 538/450/308 510/451/315
f 510/451/315 538/450/308 511/452/307
f 567/453/205 572/454/203 538/450/308
f 538/450/308 572/454/203 511/452/307
f 510/451/315 511/452/307 483/455/316
f 483/455/316 511/452/307 495/456/317
f 469/457/302 483/455/316 495/456/317
f 483/455/316 469/457/302 468/446/304
f 483/455/316 468/446/304 479/445/312
f 597/538/340 610/539/341 606/540/324
f 610/539/341 597/538/340 621/541/342
f 610/539/341 621/541/342 637/542/337
f 610/539/341 637/542/337 640/543/343
f 640/543/343 637/542/337 656/544/336
f 640/543/343 656/544/336 649/545/327
f 649/545/327 656/544/336 655/546/330
f 655/546/330 656/544/336 675/547/334
f 655/546/330 675/547/334 687/548/42
f 687/548/42 675/547/334 673/549/331
f 673/549/331 675/547/334 662/550/332
f 655/546/330 646/551/328 649/545/327
f 597/538/340 606/540/324 599/552/344
f 599/552/344 606/540/324 614/553/323
f 614/553/323 625/554/321 618/555/322
f 614/553/323 618/555/322 599/552/344
f 500/609/357 522/610/368 504/611/355
f 504/611/355 522/610/368 533/612/369
f 522/610/368 500/609/357 534/613/348
f 534/613/348 500/609/357 530/614/370
f 530/614/370 561/615/371 534/613/348
f 534/613/348 561/615/371 555/616/350
f 555/616/350 561/615/371 566/617/372
f 555/616/350 566/617/372 541/618/373
f 541/618/373 566/617/372 550/619/361
f 590/620/201 600/621/243 566/617/372
f 566/617/372 600/621/243 550/619/361
f 541/618/373 550/619/361 518/622/374
f 518/622/374 533/612/369 541/618/373
f 533/612/369 518/622/374 504/611/355
f 993/634/379 999/635/380 994/636/381
f 994/636/381 999/635/380 1001/637/382
f 994/636/381 1001/637/382 995/638/383
f 994/636/381 990/639/384 993/634/379
f 994/636/381 992/640/385 990/639/384
f 990/639/384 992/640/385 986/641/378
f 990/639/384 986/641/378 985/642/375
f 985/642/375 987/643/377 990/639/384
f 919/664/395 904/665/394 912/666/386
f 912/666/386 904/665/394 909/667/390
f 909/667/390 904/665/394 897/668/391
f 915/689/400 948/690/410 954/691/413
f 954/691/413 948/690/410 982/692/412
f 899/693/399 948/690/410 915/689/400
f 982/692/412 975/694/403 954/691/413
f 1008/695/406 1007/696/405 982/692/412
f 982/692/412 1007/696/405 975/694/403
f 972/725/428 974/726/433 981/727/434
f 981/727/434 974/726/433 976/728/435
f 981/727/434 976/728/435 984/729/436
f 984/729/436 976/728/435 977/730/437
f 984/729/436 977/730/437 978/731/423
f 974/726/433 972/725/428 973/732/438
f 973/732/438 972/725/428 967/733/427
f 973/732/438 967/733/427 971/734/439
f 971/734/439 967/733/427 970/735/426
f 973/732/438 971/734/439 977/730/437
f 973/732/438 977/730/437 976/728/435
f 896/1007/663 894/1008/578 893/1009/662
f 896/1007/663 893/1009/662 891/1010/611
f 896/1007/663 891/1010/611 879/1011/656
f 879/1011/656 891/1010/611 888/1012/659
f 879/1011/656 888/1012/659 877/1013/655
f 888/1012/659 886/1014/664 877/1013/655
f 877/1013/655 886/1014/664 880/1015/653
f 880/1015/653 886/1014/664 890/1016/665
f 880/1015/653 890/1016/665 883/1017/666
f 883/1017/666 890/1016/665 901/1018/658
f 901/1018/658 890/1016/665 898/1019/580
f 942/1050/588 939/1051/609 943/1052/604
f 942/1050/588 943/1052/604 952/1053/681
f 952/1053/681 943/1052/604 946/1054/682
f 946/1054/682 943/1052/604 940/1055/601
f 929/1056/679 930/1057/608 939/1051/609
f 939/1051/609 930/1057/608 935/1058/673
f 930/1057/608 929/1056/679 924/1059/683
f 930/1057/608 924/1059/683 922/1060/676
f 930/1057/608 922/1060/676 926/1061/607
f 939/1051/609 935/1058/673 938/1062/605
f 939/1051/609 938/1062/605 943/1052/604
f 921/1079/687 916/1080/690 902/1081/686
f 916/1080/690 906/1082/689 902/1081/686
f 964/1101/595 958/1102/698 960/1103/429
f 960/1103/429 958/1102/698 956/1104/598
f 956/1104/598 958/1102/698 949/1105/692
f 956/1104/598 949/1105/692 955/1106/599
f 949/1105/692 958/1102/698 953/1107/696
f 953/1107/696 958/1102/698 965/1108/596
f 965/1108/596 968/1109/597 953/1107/696
usemtl 245,245,246.002
f 1649/2235/1374 1689/2236/1375 1677/2237/1376
f 1268/2238/1377 1257/2239/1378 1271/2240/1379
f 1452/2241/1380 1492/2242/1381 1487/2243/1382
f 1487/2243/1382 1492/2242/1381 1522/2244/1383
f 1487/2243/1382 1522/2244/1383 1488/2245/1384
f 1390/2247/1386 1366/2248/1387 1397/2249/1388
f 1390/2247/1386 1397/2249/1388 1421/2250/1389
f 1421/2250/1389 1397/2249/1388 1435/2251/1390
f 1694/2252/1391 1726/2253/1392 1736/2254/1393
f 1694/2252/1391 1709/2255/1394 1726/2253/1392
f 1709/2255/1394 1694/2252/1391 1689/2236/1375
f 1655/2256/1395 1654/2257/1396 1636/2258/1397
f 1654/2257/1396 1655/2256/1395 1689/2236/1375
f 1709/2255/1394 1689/2236/1375 1655/2256/1395
f 1257/2239/1378 1270/2259/1398 1271/2240/1379
f 1270/2259/1398 1257/2239/1378 1245/2260/1399
f 1271/2240/1379 1270/2259/1398 1281/2261/1400
f 1271/2240/1379 1281/2261/1400 1292/2262/1401
f 1320/2263/1402 1330/2264/1403 1353/2265/1404
f 1403/2371/1507 1370/2326/1463 1385/2347/1484
f 1666/2318/1455 1691/2372/1508 1710/2317/1454
f 1710/2317/1454 1691/2372/1508 1703/2311/1448
f 1703/2311/1448 1691/2372/1508 1645/2312/1449
f 1691/2372/1508 1666/2318/1455 1645/2312/1449
f 1272/2482/1597 1264/2483/1479 1268/2484/1377
f 1272/2482/1597 1268/2484/1377 1276/2485/1598
f 1285/2486/1599 1276/2485/1598 1291/2487/1600
f 1285/2486/1599 1291/2487/1600 1319/2488/1601
f 1310/2489/1602 1319/2488/1601 1362/2490/1603
f 1362/2490/1603 1319/2488/1601 1368/2491/1604
f 1319/2488/1601 1310/2489/1602 1285/2486/1599
f 1285/2486/1599 1272/2482/1597 1276/2485/1598
f 1324/2492/1605 1294/2493/1606 1359/2494/1607
f 1324/2492/1605 1359/2494/1607 1364/2495/1608
f 1362/2496/1603 1368/2497/1604 1365/2498/1609
f 1365/2498/1609 1368/2497/1604 1364/2495/1608
f 1365/2498/1609 1364/2495/1608 1359/2494/1607
f 1199/2499/1610 1198/2500/1611 1210/2501/1612
f 1210/2501/1612 1198/2500/1611 1207/2502/1613
f 1210/2501/1612 1207/2502/1613 1242/2503/1614
f 1242/2503/1614 1266/2504/1615 1282/2505/1616
f 1282/2505/1616 1266/2504/1615 1294/2506/1606
f 1282/2505/1616 1294/2506/1606 1324/2507/1605
f 1242/2503/1614 1207/2502/1613 1266/2504/1615
f 1776/2522/1622 1762/2523/1623 1788/2524/1624
f 1789/2525/1625 1788/2524/1624 1792/2526/1626
f 1769/2527/1627 1770/2528/1628 1785/2529/1629
f 1785/2529/1629 1770/2528/1628 1784/2530/1630
f 1785/2529/1629 1784/2530/1630 1791/2531/1631
f 1791/2531/1631 1784/2530/1630 1789/2525/1625
f 1791/2531/1631 1789/2525/1625 1792/2526/1626
f 1788/2524/1624 1789/2525/1625 1776/2522/1622
f 1720/2532/1632 1680/2533/1633 1685/2534/1634
f 1720/2532/1632 1685/2534/1634 1721/2535/1635
f 1720/2532/1632 1721/2535/1635 1757/2536/1636
f 1757/2536/1636 1721/2535/1635 1769/2537/1627
f 1769/2537/1627 1721/2535/1635 1770/2538/1628
f 1681/2539/1637 1690/2540/1638 1698/2541/1639
f 1698/2541/1639 1690/2540/1638 1699/2542/1640
f 1681/2539/1637 1669/2543/1641 1690/2540/1638
f 1672/2544/1642 1669/2543/1641 1681/2539/1637
f 1670/2545/1643 1663/2546/1644 1672/2544/1642
f 1670/2545/1643 1685/2547/1634 1667/2548/1645
f 1667/2548/1645 1685/2547/1634 1680/2549/1633
f 1667/2548/1645 1663/2546/1644 1670/2545/1643
f 1672/2544/1642 1663/2546/1644 1669/2543/1641
f 1733/2550/1646 1698/2551/1639 1699/2552/1640
f 1733/2550/1646 1699/2552/1640 1735/2553/1647
f 1733/2550/1646 1735/2553/1647 1762/2554/1623
f 1733/2550/1646 1762/2554/1623 1776/2555/1622
f 1233/2729/1769 1212/2730/1770 1211/2731/1698
f 1233/2729/1769 1211/2731/1698 1229/2732/1697
f 1229/2732/1697 1254/2733/1695 1269/2734/1771
f 1269/2734/1771 1254/2733/1695 1302/2735/1693
f 1305/2736/1772 1302/2735/1693 1357/2737/1689
f 1305/2736/1772 1357/2737/1689 1384/2738/1773
f 1302/2735/1693 1305/2736/1772 1269/2734/1771
f 1269/2734/1771 1233/2729/1769 1229/2732/1697
f 1437/2739/1686 1428/2740/1774 1422/2741/1775
f 1437/2739/1686 1422/2741/1775 1419/2742/1687
f 1384/2743/1773 1357/2744/1689 1399/2745/1688
f 1384/2743/1773 1399/2745/1688 1406/2746/1776
f 1406/2746/1776 1399/2745/1688 1419/2742/1687
f 1406/2746/1776 1419/2742/1687 1422/2741/1775
f 1450/2747/1679 1442/2748/1777 1445/2749/1680
f 1445/2749/1680 1436/2750/1778 1438/2751/1683
f 1440/2752/1684 1438/2751/1683 1433/2753/1779
f 1440/2752/1684 1433/2753/1779 1437/2754/1686
f 1437/2754/1686 1433/2753/1779 1428/2755/1774
f 1445/2749/1680 1442/2748/1777 1436/2750/1778
f 1436/2750/1778 1433/2753/1779 1438/2751/1683
f 1581/2775/1492 1576/2776/1491 1587/2777/1787
f 1587/2777/1787 1576/2776/1491 1571/2778/1675
f 1580/2779/1788 1571/2778/1675 1573/2780/1673
f 1573/2780/1673 1572/2781/1671 1593/2782/1789
f 1593/2782/1789 1572/2781/1671 1594/2783/1790
f 1594/2783/1790 1572/2781/1671 1591/2784/1669
f 1573/2780/1673 1593/2782/1789 1580/2779/1788
f 1580/2779/1788 1587/2777/1787 1571/2778/1675
f 1630/2785/1667 1627/2786/1791 1619/2787/1792
f 1630/2785/1667 1619/2787/1792 1602/2788/1668
f 1594/2789/1790 1591/2790/1669 1605/2791/1793
f 1605/2791/1793 1591/2790/1669 1602/2788/1668
f 1605/2791/1793 1602/2788/1668 1619/2787/1792
f 1809/2792/1794 1805/2793/1795 1758/2794/1664
f 1758/2794/1664 1744/2795/1796 1708/2796/1665
f 1708/2796/1665 1668/2797/1797 1630/2798/1667
f 1630/2798/1667 1668/2797/1797 1627/2755/1791
f 1758/2794/1664 1805/2793/1795 1744/2795/1796
f 1744/2795/1796 1668/2797/1797 1708/2796/1665
f 1810/2813/1433 1820/2814/1435 1796/2815/1660
f 1810/2813/1433 1796/2815/1660 1775/2816/1806
f 1775/2816/1806 1796/2815/1660 1766/2817/1659
f 1775/2816/1806 1766/2817/1659 1711/2818/1807
f 1711/2818/1807 1766/2817/1659 1745/2819/1658
f 1711/2818/1807 1745/2819/1658 1707/2820/1657
f 1671/2821/1808 1707/2820/1657 1664/2822/1754
f 1671/2821/1808 1711/2818/1807 1707/2820/1657
f 1671/2823/1808 1664/2824/1754 1658/2825/1753
f 1671/2823/1808 1658/2825/1753 1660/2826/1809
f 1660/2826/1809 1658/2825/1753 1656/2827/1752
f 1660/2826/1809 1656/2827/1752 1665/2828/1810
f 1665/2828/1810 1656/2827/1752 1659/2829/1748
f 1761/2830/1811 1763/2831/1812 1741/2832/1741
f 1741/2832/1741 1728/2833/1813 1729/2834/1744
f 1729/2834/1744 1728/2833/1813 1701/2835/1746
f 1701/2835/1746 1692/2836/1814 1659/2837/1748
f 1659/2837/1748 1692/2836/1814 1665/2755/1810
f 1741/2832/1741 1763/2831/1812 1728/2833/1813
f 1728/2833/1813 1692/2836/1814 1701/2835/1746
f 1678/2482/1825 1712/2850/1826 1717/2851/1749
f 1678/2482/1825 1717/2851/1749 1688/2852/1737
f 1635/2853/1827 1688/2852/1737 1643/2854/1828
f 1635/2853/1827 1643/2854/1828 1595/2855/1732
f 1565/2856/1829 1595/2855/1732 1570/2857/1731
f 1565/2856/1829 1570/2857/1731 1527/2858/1830
f 1527/2858/1830 1570/2857/1731 1521/2859/1730
f 1595/2855/1732 1565/2856/1829 1635/2853/1827
f 1635/2853/1827 1678/2482/1825 1688/2852/1737
f 1473/2860/1728 1482/2861/1831 1496/2862/1832
f 1473/2860/1728 1496/2862/1832 1497/2863/1729
f 1527/2864/1830 1521/2865/1730 1515/2866/1833
f 1515/2866/1833 1521/2865/1730 1497/2863/1729
f 1515/2866/1833 1497/2863/1729 1496/2862/1832
f 1313/2830/1834 1314/2867/1835 1329/2868/1718
f 1329/2868/1718 1334/2869/1836 1367/2870/1722
f 1367/2870/1722 1334/2869/1836 1404/2871/1724
f 1404/2871/1724 1411/2872/1837 1473/2754/1728
f 1473/2754/1728 1411/2872/1837 1482/2755/1831
f 1329/2868/1718 1314/2867/1835 1334/2869/1836
f 1334/2869/1836 1411/2872/1837 1404/2871/1724
f 1686/2887/1745 1657/2533/1747 1648/2534/1845
f 1686/2887/1745 1648/2534/1845 1679/2888/1846
f 1686/2887/1745 1679/2888/1846 1719/2889/1847
f 1719/2889/1847 1679/2888/1846 1731/2538/1848
f 1648/2890/1845 1657/2891/1747 1640/2892/1755
f 1648/2890/1845 1640/2892/1755 1642/2893/1849
f 1642/2893/1849 1640/2892/1755 1621/2894/1850
f 1621/2894/1850 1640/2892/1755 1611/2895/1756
f 1621/2894/1850 1611/2895/1756 1608/2896/1851
f 1608/2896/1851 1611/2895/1756 1597/2897/1757
f 1608/2896/1851 1597/2897/1757 1596/2898/1758
f 1596/2898/1758 1609/2899/1852 1608/2896/1851
f 1633/2900/1853 1609/2551/1852 1596/2552/1758
f 1633/2900/1853 1596/2552/1758 1625/2901/1733
f 1633/2900/1853 1625/2901/1733 1653/2902/1735
f 1633/2900/1853 1653/2902/1735 1702/2555/1854
f 1702/2555/1854 1653/2902/1735 1697/2903/1736
f 1702/2904/1854 1697/2905/1736 1713/2906/1855
f 1713/2906/1855 1697/2905/1736 1714/2907/1738
f 1714/2907/1738 1725/2908/1740 1718/2909/1856
f 1718/2909/1856 1725/2908/1740 1730/2910/1857
f 1725/2908/1740 1734/2911/1858 1730/2910/1857
f 1731/2912/1848 1734/2911/1858 1719/2913/1847
f 1734/2911/1858 1731/2912/1848 1730/2910/1857
f 1718/2909/1856 1713/2906/1855 1714/2907/1738
f 1297/2928/1865 1293/2929/1711 1295/2930/1866
f 1295/2930/1866 1293/2929/1711 1289/2931/1712
f 1296/2932/1715 1304/2933/1714 1303/2934/1867
f 1303/2934/1867 1304/2933/1714 1311/2935/1868
f 1311/2935/1868 1304/2933/1714 1317/2936/1717
f 1328/2937/1719 1327/2938/1869 1311/2935/1868
f 1328/2937/1719 1311/2935/1868 1317/2936/1717
f 1296/2932/1715 1303/2934/1867 1289/2931/1712
f 1289/2931/1712 1303/2934/1867 1295/2930/1866
f 1374/2939/1721 1424/2533/1723 1414/2534/1870
f 1374/2939/1721 1414/2534/1870 1349/2940/1871
f 1374/2939/1721 1349/2940/1871 1356/2536/1720
f 1356/2536/1720 1349/2940/1871 1328/2537/1719
f 1328/2537/1719 1349/2940/1871 1327/2538/1869
f 1388/2941/1872 1377/2942/1760 1369/2943/1873
f 1369/2943/1873 1377/2942/1760 1358/2944/1709
f 1388/2941/1872 1391/2945/1759 1377/2942/1760
f 1405/2946/1874 1391/2945/1759 1388/2941/1872
f 1418/2947/1875 1412/2948/1876 1405/2946/1874
f 1418/2947/1875 1414/2949/1870 1427/2950/1725
f 1427/2950/1725 1414/2949/1870 1424/2951/1723
f 1427/2950/1725 1412/2948/1876 1418/2947/1875
f 1405/2946/1874 1412/2948/1876 1391/2945/1759
f 1318/2952/1877 1369/2551/1873 1358/2552/1709
f 1318/2952/1877 1358/2552/1709 1312/2953/1710
f 1318/2952/1877 1312/2953/1710 1297/2555/1865
f 1297/2555/1865 1312/2953/1710 1293/2903/1711
f 1338/2963/1691 1337/2964/1887 1354/2965/1692
f 1354/2965/1692 1351/2966/1888 1360/2967/1889
f 1360/2967/1889 1346/2968/1890 1345/2969/1707
f 1333/2970/1705 1345/2969/1707 1342/2971/1891
f 1333/2970/1705 1342/2971/1891 1323/2972/1892
f 1333/2970/1705 1323/2972/1892 1321/2973/1706
f 1337/2964/1887 1351/2966/1888 1354/2965/1692
f 1360/2967/1889 1351/2966/1888 1346/2968/1890
f 1346/2968/1890 1342/2971/1891 1345/2969/1707
f 1273/2974/1893 1337/2551/1887 1338/2552/1691
f 1273/2974/1893 1338/2552/1691 1288/2975/1694
f 1273/2974/1893 1288/2975/1694 1250/2976/1696
f 1273/2974/1893 1250/2976/1696 1251/2555/1894
f 1250/2977/1696 1235/2978/1700 1243/2979/1895
f 1243/2979/1895 1235/2978/1700 1238/2980/1896
f 1238/2980/1896 1228/2981/1701 1234/2982/1897
f 1236/2983/1898 1225/2984/1702 1240/2985/1703
f 1238/2980/1896 1235/2978/1700 1228/2981/1701
f 1228/2981/1701 1225/2984/1702 1234/2982/1897
f 1234/2982/1897 1225/2984/1702 1236/2983/1898
f 1240/2985/1703 1246/2986/1899 1236/2983/1898
f 1243/2979/1895 1251/2987/1894 1250/2977/1696
f 1265/2988/1704 1321/2533/1706 1323/2534/1892
f 1265/2988/1704 1323/2534/1892 1267/2989/1900
f 1265/2988/1704 1267/2989/1900 1240/2537/1703
f 1240/2537/1703 1267/2989/1900 1246/2538/1899
f 1468/3005/1681 1466/2533/1685 1471/2534/1907
f 1468/3005/1681 1471/2534/1907 1479/3006/1908
f 1468/3005/1681 1479/3006/1908 1461/3007/1682
f 1461/3007/1682 1479/3006/1908 1478/2538/1909
f 1548/3008/1910 1545/3009/1911 1538/3010/1912
f 1538/3010/1912 1523/3011/1913 1519/3012/1914
f 1519/3012/1914 1511/3013/1915 1500/3014/1916
f 1500/3014/1916 1491/3015/1917 1469/3016/1762
f 1471/3017/1907 1466/3018/1685 1469/3016/1762
f 1471/3017/1907 1469/3016/1762 1491/3015/1917
f 1538/3010/1912 1545/3009/1911 1523/3011/1913
f 1523/3011/1913 1511/3013/1915 1519/3012/1914
f 1500/3014/1916 1511/3013/1915 1491/3015/1917
f 1542/3019/1918 1545/3020/1911 1548/3021/1910
f 1542/3019/1918 1548/3021/1910 1551/3022/1674
f 1542/3019/1918 1551/3022/1674 1540/3023/1919
f 1540/3023/1919 1551/3022/1674 1544/3024/1767
f 1540/3025/1919 1544/3026/1767 1528/3027/1920
f 1528/3027/1920 1525/3028/1676 1518/3029/1921
f 1504/3030/1922 1518/3029/1921 1502/3031/1678
f 1504/3030/1922 1502/3031/1678 1480/3032/1766
f 1504/3030/1922 1480/3032/1766 1489/3033/1923
f 1489/3033/1923 1480/3032/1766 1478/3034/1909
f 1478/3034/1909 1480/3032/1766 1461/3035/1682
f 1544/3026/1767 1525/3028/1676 1528/3027/1920
f 1525/3028/1676 1502/3031/1678 1518/3029/1921
f 2802/3527/2140 2741/3528/2141 2877/3529/2142
f 2802/3527/2140 2877/3529/2142 2914/3530/2143
f 2914/3530/2143 2877/3529/2142 2896/3531/2144
f 2896/3531/2144 2877/3529/2142 2878/3532/2145
f 2896/3531/2144 2878/3532/2145 2774/3533/2146
f 2774/3533/2146 2878/3532/2145 2744/3534/2147
f 2774/3533/2146 2744/3534/2147 2658/3535/2148
f 2658/3535/2148 2744/3534/2147 2543/3536/2149
f 2658/3535/2148 2543/3536/2149 2422/3537/2150
f 2422/3537/2150 2543/3536/2149 2419/3538/2151
f 2422/3537/2150 2419/3538/2151 2285/3539/2152
f 2285/3539/2152 2419/3538/2151 2346/3540/2153
f 2285/3539/2152 2346/3540/2153 2196/3541/2154
f 2285/3539/2152 2196/3541/2154 2165/3542/2155
f 2165/3542/2155 2196/3541/2154 2015/3543/2156
f 2165/3542/2155 2015/3543/2156 2002/3544/2157
f 2002/3544/2157 2015/3543/2156 1967/3545/2158
f 2002/3544/2157 1967/3545/2158 1974/3546/2159
f 1974/3546/2159 1967/3545/2158 2049/3547/2160
f 1974/3546/2159 2049/3547/2160 2111/3548/2161
f 2111/3548/2161 2049/3547/2160 2117/3549/2162
f 2111/3548/2161 2117/3549/2162 2254/3550/2163
f 2254/3550/2163 2117/3549/2162 2290/3551/2164
f 2254/3550/2163 2290/3551/2164 2445/3552/2165
f 2445/3552/2165 2290/3551/2164 2456/3553/2166
f 2445/3552/2165 2456/3553/2166 2597/3554/2167
f 2597/3554/2167 2456/3553/2166 2610/3555/2168
f 2597/3554/2167 2610/3555/2168 2760/3556/2169
f 2597/3554/2167 2760/3556/2169 2798/3557/2170
f 2798/3558/2170 2760/3559/2169 2951/3560/2171
f 2951/3560/2171 2760/3559/2169 2949/3561/2172
f 2951/3560/2171 2949/3561/2172 2842/3562/2173
f 2951/3560/2171 2842/3562/2173 2841/3563/2174
f 2841/3563/2174 2842/3562/2173 2653/3564/2175
f 2653/3564/2175 2842/3562/2173 2622/3565/2176
f 2653/3564/2175 2622/3565/2176 2501/3566/2177
f 2501/3566/2177 2622/3565/2176 2482/3567/2178
f 2501/3566/2177 2482/3567/2178 2353/3568/2179
f 2353/3568/2179 2482/3567/2178 2331/3569/2180
f 2353/3568/2179 2331/3569/2180 2164/3570/2181
f 2164/3570/2181 2331/3569/2180 2158/3571/2182
f 2164/3570/2181 2158/3571/2182 2016/3572/2183
f 2016/3572/2183 2158/3571/2182 2057/3573/2184
f 2016/3572/2183 2057/3573/2184 1953/3574/2185
f 2016/3572/2183 1953/3574/2185 1965/3575/2186
f 1965/3575/2186 1953/3574/2185 2071/3576/2187
f 2071/3576/2187 1953/3574/2185 2105/3577/2188
f 2071/3576/2187 2105/3577/2188 2180/3578/2189
f 2180/3578/2189 2105/3577/2188 2262/3579/2190
f 2180/3578/2189 2262/3579/2190 2286/3580/2191
f 2286/3580/2191 2262/3579/2190 2414/3581/2192
f 2286/3580/2191 2414/3581/2192 2441/3582/2193
f 2441/3582/2193 2414/3581/2192 2581/3583/2194
f 2441/3582/2193 2581/3583/2194 2593/3584/2195
f 2593/3584/2195 2581/3583/2194 2751/3585/2196
f 2593/3584/2195 2751/3585/2196 2795/3586/2197
f 2795/3586/2197 2751/3585/2196 2916/3587/2198
f 2916/3588/2198 2751/3589/2196 2950/3590/2199
f 2916/3588/2198 2950/3590/2199 2889/3591/2200
f 2916/3588/2198 2889/3591/2200 2848/3592/2201
f 2848/3592/2201 2889/3591/2200 2679/3593/2202
f 2848/3592/2201 2679/3593/2202 2708/3594/2203
f 2708/3594/2203 2679/3593/2202 2567/3595/2204
f 2567/3595/2204 2679/3593/2202 2512/3596/2205
f 2567/3595/2204 2512/3596/2205 2362/3597/2206
f 2362/3597/2206 2512/3596/2205 2413/3598/2207
f 2362/3597/2206 2413/3598/2207 2187/3599/2208
f 2362/3597/2206 2187/3599/2208 2205/3600/2209
f 2205/3600/2209 2187/3599/2208 2053/3601/2210
f 2053/3601/2210 2187/3599/2208 2058/3602/2211
f 2053/3601/2210 2058/3602/2211 1958/3603/2212
f 1958/3603/2212 2058/3602/2211 1948/3604/2213
f 1958/3603/2212 1948/3604/2213 2066/3605/2214
f 2066/3605/2214 1948/3604/2213 2083/3606/2215
f 2066/3605/2214 2083/3606/2215 2177/3607/2216
f 2177/3607/2216 2083/3606/2215 2231/3608/2217
f 2177/3607/2216 2231/3608/2217 2299/3609/2218
f 2177/3607/2216 2299/3609/2218 2273/3610/2219
f 2273/3610/2219 2299/3609/2218 2434/3611/2220
f 2434/3611/2220 2299/3609/2218 2430/3612/2221
f 2434/3611/2220 2430/3612/2221 2542/3613/2222
f 2434/3611/2220 2542/3613/2222 2583/3614/2223
f 2583/3614/2223 2542/3613/2222 2705/3615/2224
f 2583/3614/2223 2705/3615/2224 2713/3616/2225
f 2713/3616/2225 2705/3615/2224 2874/3617/2226
f 2713/3616/2225 2874/3617/2226 2910/3618/2227
f 2910/3619/2227 2874/3620/2226 2855/3621/2228
f 2910/3619/2227 2855/3621/2228 2905/3622/2229
f 2905/3622/2229 2855/3621/2228 2767/3623/2230
f 2767/3623/2230 2855/3621/2228 2696/3624/2231
f 2767/3623/2230 2696/3624/2231 2661/3625/2232
f 2661/3625/2232 2696/3624/2231 2609/3626/2233
f 2661/3625/2232 2609/3626/2233 2510/3627/2234
f 2510/3627/2234 2609/3626/2233 2367/3628/2235
f 2510/3627/2234 2367/3628/2235 2360/3629/2236
f 2360/3629/2236 2367/3628/2235 2202/3630/2237
f 2360/3629/2236 2202/3630/2237 2238/3631/2238
f 2238/3631/2238 2202/3630/2237 2077/3632/2239
f 2077/3632/2239 2202/3630/2237 2079/3633/2240
f 2077/3632/2239 2079/3633/2240 1947/3634/2241
f 1947/3634/2241 2079/3633/2240 1952/3635/2242
f 1947/3634/2241 1952/3635/2242 2074/3636/2243
f 1947/3634/2241 2074/3636/2243 2068/3637/2244
f 2068/3637/2244 2074/3636/2243 2193/3638/2245
f 2068/3637/2244 2193/3638/2245 2251/3639/2246
f 2251/3639/2246 2193/3638/2245 2375/3640/2247
f 2375/3640/2247 2193/3638/2245 2416/3641/2248
f 2375/3640/2247 2416/3641/2248 2523/3642/2249
f 2375/3640/2247 2523/3642/2249 2517/3643/2250
f 2517/3643/2250 2523/3642/2249 2671/3644/2251
f 2671/3644/2251 2523/3642/2249 2685/3645/2252
f 2671/3644/2251 2685/3645/2252 2793/3646/2253
f 2793/3647/2253 2685/3648/2252 2907/3649/2254
f 2793/3647/2253 2907/3649/2254 2913/3650/2255
f 2913/3650/2255 2907/3649/2254 2899/3651/2256
f 2899/3651/2256 2907/3649/2254 2945/3652/2257
f 2899/3651/2256 2945/3652/2257 2742/3653/2258
f 2899/3651/2256 2742/3653/2258 2778/3654/2259
f 2778/3654/2259 2742/3653/2258 2660/3655/2260
f 2660/3655/2260 2742/3653/2258 2561/3656/2261
f 2660/3655/2260 2561/3656/2261 2508/3657/2262
f 2508/3657/2262 2561/3656/2261 2411/3658/2263
f 2508/3657/2262 2411/3658/2263 2358/3659/2264
f 2358/3659/2264 2411/3658/2263 2258/3660/2265
f 2358/3659/2264 2258/3660/2265 2166/3661/2266
f 2166/3661/2266 2258/3660/2265 2088/3662/2267
f 2166/3661/2266 2088/3662/2267 2054/3663/2268
f 2054/3663/2268 2088/3662/2267 1954/3664/2269
f 2054/3663/2268 1954/3664/2269 1944/3665/2270
f 1944/3665/2270 1954/3664/2269 2069/3666/2271
f 2069/3666/2271 1954/3664/2269 2062/3667/2272
f 2069/3666/2271 2062/3667/2272 2173/3668/2273
f 2069/3666/2271 2173/3668/2273 2250/3669/2274
f 2250/3669/2274 2173/3668/2273 2338/3670/2275
f 2250/3669/2274 2338/3670/2275 2374/3671/2276
f 2374/3671/2276 2338/3670/2275 2563/3672/2277
f 2374/3671/2276 2563/3672/2277 2591/3673/2278
f 2591/3673/2278 2563/3672/2277 2719/3674/2279
f 2719/3674/2279 2563/3672/2277 2745/3675/2280
f 2719/3674/2279 2745/3675/2280 2859/3676/2281
f 2859/3676/2281 2745/3675/2280 2884/3677/2282
f 2859/3678/2281 2884/3679/2282 2946/3680/2283
f 2859/3678/2281 2946/3680/2283 2900/3681/2284
f 2900/3681/2284 2946/3680/2283 2906/3682/2285
f 2900/3681/2284 2906/3682/2285 2779/3683/2286
f 2779/3683/2286 2906/3682/2285 2762/3684/2287
f 2779/3683/2286 2762/3684/2287 2626/3685/2288
f 2626/3685/2288 2762/3684/2287 2605/3686/2289
f 2626/3685/2288 2605/3686/2289 2507/3687/2290
f 2507/3687/2290 2605/3686/2289 2462/3688/2291
f 2507/3687/2290 2462/3688/2291 2348/3689/2292
f 2507/3687/2290 2348/3689/2292 2357/3690/2293
f 2357/3690/2293 2348/3689/2292 2235/3691/2294
f 2235/3691/2294 2348/3689/2292 2271/3692/2295
f 2235/3691/2294 2271/3692/2295 2115/3693/2296
f 2235/3691/2294 2115/3693/2296 2094/3694/2297
f 2094/3694/2297 2115/3693/2296 1959/3695/2298
f 2094/3694/2297 1959/3695/2298 1955/3696/2299
f 1955/3696/2299 1959/3695/2298 2011/3697/2300
f 1955/3696/2299 2011/3697/2300 2061/3698/2301
f 2061/3698/2301 2011/3697/2300 2179/3699/2302
f 2179/3699/2302 2011/3697/2300 2198/3700/2303
f 2179/3699/2302 2198/3700/2303 2294/3701/2304
f 2294/3701/2304 2198/3700/2303 2368/3702/2305
f 2294/3701/2304 2368/3702/2305 2435/3703/2306
f 2435/3703/2306 2368/3702/2305 2535/3704/2307
f 2435/3703/2306 2535/3704/2307 2576/3705/2308
f 2576/3705/2308 2535/3704/2307 2698/3706/2309
f 2576/3705/2308 2698/3706/2309 2714/3707/2310
f 2714/3707/2310 2698/3706/2309 2864/3708/2311
f 2714/3707/2310 2864/3708/2311 2860/3709/2312
f 2860/3710/2312 2864/3711/2311 2902/3712/2313
f 2902/3712/2313 2864/3711/2311 2898/3713/2314
f 2902/3712/2313 2898/3713/2314 2784/3714/2315
f 2784/3714/2315 2898/3713/2314 2776/3715/2316
f 2784/3714/2315 2776/3715/2316 2663/3716/2317
f 2663/3716/2317 2776/3715/2316 2677/3717/2318
f 2663/3716/2317 2677/3717/2318 2569/3718/2319
f 2429/3719/2320 2569/3718/2319 2424/3720/2321
f 2429/3719/2320 2424/3720/2321 2272/3721/2322
f 2272/3721/2322 2424/3720/2321 2233/3722/2323
f 2272/3721/2322 2233/3722/2323 2103/3723/2324
f 2103/3723/2324 2233/3722/2323 2096/3724/2325
f 2103/3723/2324 2096/3724/2325 1964/3725/2326
f 1964/3725/2326 2096/3724/2325 1972/3726/2327
f 1964/3725/2326 1972/3726/2327 2007/3727/2328
f 2007/3727/2328 1972/3726/2327 2010/3728/2329
f 2007/3727/2328 2010/3728/2329 2175/3729/2330
f 2175/3729/2330 2010/3728/2329 2182/3730/2331
f 2175/3729/2330 2182/3730/2331 2293/3731/2332
f 2293/3731/2332 2182/3730/2331 2303/3732/2333
f 2293/3731/2332 2303/3732/2333 2513/3733/2334
f 2513/3733/2334 2303/3732/2333 2520/3734/2335
f 2513/3733/2334 2520/3734/2335 2666/3735/2336
f 2666/3735/2336 2520/3734/2335 2674/3736/2337
f 2666/3735/2336 2674/3736/2337 2721/3737/2338
f 2857/3738/2339 2721/3737/2338 2866/3739/2340
f 2857/3740/2339 2866/3741/2340 2960/3742/2341
f 2960/3742/2341 2866/3741/2340 2893/3743/2342
f 2960/3742/2341 2893/3743/2342 2849/3744/2343
f 2849/3744/2343 2893/3743/2342 2772/3745/2344
f 2849/3744/2343 2772/3745/2344 2783/3746/2345
f 2783/3746/2345 2772/3745/2344 2662/3747/2346
f 2662/3747/2346 2772/3745/2344 2566/3748/2347
f 2662/3747/2346 2566/3748/2347 2428/3749/2348
f 2428/3749/2348 2566/3748/2347 2420/3750/2349
f 2428/3749/2348 2420/3750/2349 2287/3751/2350
f 2287/3751/2350 2420/3750/2349 2282/3752/2351
f 2287/3751/2350 2282/3752/2351 2167/3753/2352
f 2167/3753/2352 2095/3754/2353 2100/3755/2354
f 2100/3755/2354 2095/3754/2353 1973/3756/2355
f 1973/3756/2355 2095/3754/2353 1983/3757/2356
f 1973/3756/2355 1983/3757/2356 2008/3758/2357
f 2008/3758/2357 1983/3757/2356 1990/3759/2358
f 2008/3758/2357 1990/3759/2358 2106/3760/2359
f 2106/3760/2359 1990/3759/2358 2174/3761/2360
f 2106/3760/2359 2174/3761/2360 2296/3762/2361
f 2296/3762/2361 2174/3761/2360 2302/3763/2362
f 2296/3762/2361 2302/3763/2362 2438/3764/2363
f 2438/3764/2363 2302/3763/2362 2519/3765/2364
f 2438/3764/2363 2519/3765/2364 2668/3766/2365
f 2668/3766/2365 2519/3765/2364 2673/3767/2366
f 2668/3766/2365 2673/3767/2366 2792/3768/2367
f 2792/3769/2367 2867/3770/2368 2891/3771/2369
f 2891/3771/2369 2867/3770/2368 2958/3772/2370
f 2958/3772/2370 2867/3770/2368 2954/3773/2371
f 2958/3772/2370 2954/3773/2371 2844/3774/2372
f 2844/3774/2372 2954/3773/2371 2882/3775/2373
f 2844/3774/2372 2882/3775/2373 2773/3776/2374
f 2657/3777/2375 2773/3776/2374 2655/3778/2376
f 2657/3777/2375 2655/3778/2376 2503/3779/2377
f 2503/3779/2377 2655/3778/2376 2421/3780/2378
f 2503/3779/2377 2421/3780/2378 2283/3781/2379
f 2283/3781/2379 2421/3780/2378 2284/3782/2380
f 2283/3781/2379 2284/3782/2380 2156/3783/2381
f 2156/3783/2381 2284/3782/2380 2099/3784/2382
f 2156/3783/2381 2099/3784/2382 1982/3785/2383
f 1982/3785/2383 2099/3784/2382 1992/3786/2384
f 1982/3785/2383 1992/3786/2384 1991/3787/2385
f 1991/3787/2385 1992/3786/2384 1981/3788/2386
f 1991/3787/2385 1981/3788/2386 2110/3789/2387
f 2110/3789/2387 1981/3788/2386 2155/3790/2388
f 2110/3789/2387 2155/3790/2388 2300/3791/2389
f 2300/3791/2389 2155/3790/2388 2301/3792/2390
f 2300/3791/2389 2301/3792/2390 2440/3793/2391
f 2440/3793/2391 2301/3792/2390 2443/3794/2392
f 2440/3793/2391 2443/3794/2392 2595/3795/2393
f 2595/3795/2393 2443/3794/2392 2672/3796/2394
f 2802/3797/2140 2615/3798/2395 2741/3799/2141
f 2741/3799/2141 2615/3798/2395 2579/3800/2396
f 2579/3800/2396 2615/3798/2395 2495/3801/2397
f 2579/3800/2396 2495/3801/2397 2418/3802/2398
f 2418/3802/2398 2495/3801/2397 2259/3803/2399
f 2418/3802/2398 2259/3803/2399 2274/3804/2400
f 2274/3804/2400 2259/3803/2399 2081/3805/2401
f 2081/3805/2401 2259/3803/2399 2128/3806/2402
f 2081/3805/2401 2128/3806/2402 1984/3807/2403
f 2081/3805/2401 1984/3807/2403 1978/3808/2404
f 1978/3808/2404 1984/3807/2403 1989/3809/2405
f 1978/3808/2404 1989/3809/2405 1996/3810/2406
f 1996/3810/2406 1989/3809/2405 2086/3811/2407
f 1996/3810/2406 2086/3811/2407 2091/3812/2408
f 2091/3812/2408 2086/3811/2407 2171/3813/2409
f 2091/3812/2408 2171/3813/2409 2245/3814/2410
f 2245/3814/2410 2171/3813/2409 2335/3815/2411
f 2245/3814/2410 2335/3815/2411 2349/3816/2412
f 2349/3816/2412 2335/3815/2411 2511/3817/2413
f 2349/3816/2412 2511/3817/2413 2531/3818/2414
f 2531/3818/2414 2511/3817/2413 2625/3819/2415
f 2531/3818/2414 2625/3819/2415 2689/3820/2416
f 2689/3820/2416 2625/3819/2415 2761/3821/2417
f 2761/3821/2417 2625/3819/2415 2804/3822/2418
f 2761/3821/2417 2804/3822/2418 2890/3823/2419
f 2963/3824/2420 2890/3823/2419 2922/3825/2421
f 2963/3824/2420 2922/3825/2421 2838/3826/2422
f 2838/3826/2422 2922/3825/2421 2825/3827/2423
f 2838/3828/2422 2825/3829/2423 2619/3830/2424
f 2619/3830/2424 2825/3829/2423 2634/3831/2425
f 2619/3830/2424 2634/3831/2425 2521/3832/2426
f 2619/3830/2424 2521/3832/2426 2463/3833/2427
f 2463/3833/2427 2521/3832/2426 2340/3834/2428
f 2463/3833/2427 2340/3834/2428 2336/3835/2429
f 2336/3835/2429 2340/3834/2428 2157/3836/2430
f 2336/3835/2429 2157/3836/2430 2160/3837/2431
f 2160/3837/2431 2157/3836/2430 1985/3838/2432
f 1985/3838/2432 2157/3836/2430 1995/3839/2433
f 1985/3838/2432 1995/3839/2433 1997/3840/2434
f 1985/3838/2432 1997/3840/2434 1988/3841/2435
f 1988/3841/2435 1997/3840/2434 1977/3842/2436
f 1988/3841/2435 1977/3842/2436 2121/3843/2437
f 2121/3843/2437 1977/3842/2436 2120/3844/2438
f 2121/3843/2437 2120/3844/2438 2256/3845/2439
f 2121/3843/2437 2256/3845/2439 2267/3846/2440
f 2267/3846/2440 2256/3845/2439 2490/3847/2441
f 2267/3846/2440 2490/3847/2441 2491/3848/2442
f 2491/3848/2442 2490/3847/2441 2608/3849/2443
f 2491/3848/2442 2608/3849/2443 2651/3850/2444
f 2651/3850/2444 2608/3849/2443 2789/3851/2445
f 2789/3851/2445 2608/3849/2443 2788/3852/2446
f 2789/3851/2445 2788/3852/2446 2888/3853/2447
f 2789/3851/2445 2888/3853/2447 2942/3854/2448
f 2942/3854/2448 2888/3853/2447 2834/3855/2449
f 2942/3854/2448 2834/3855/2449 2806/3856/2450
f 2806/3857/2450 2834/3858/2449 2606/3859/2451
f 2806/3857/2450 2606/3859/2451 2678/3860/2452
f 2678/3860/2452 2606/3859/2451 2432/3861/2453
f 2432/3861/2453 2606/3859/2451 2489/3862/2454
f 2432/3861/2453 2489/3862/2454 2347/3863/2455
f 2432/3861/2453 2347/3863/2455 2280/3864/2456
f 2280/3864/2456 2347/3863/2455 2116/3865/2457
f 2280/3864/2456 2116/3865/2457 2153/3866/2458
f 2153/3866/2458 2116/3865/2457 1994/3867/2459
f 1994/3867/2459 2116/3865/2457 2014/3868/2460
f 1994/3867/2459 2014/3868/2460 1969/3869/2461
f 1994/3867/2459 1969/3869/2461 1979/3870/2462
f 1979/3870/2462 1969/3869/2461 2104/3871/2463
f 1979/3870/2462 2104/3871/2463 2151/3872/2464
f 2151/3872/2464 2104/3871/2463 2203/3873/2465
f 2151/3872/2464 2203/3873/2465 2264/3874/2466
f 2264/3874/2466 2203/3873/2465 2447/3875/2467
f 2447/3875/2467 2203/3873/2465 2457/3876/2468
f 2447/3875/2467 2457/3876/2468 2582/3877/2469
f 2447/3875/2467 2582/3877/2469 2604/3878/2470
f 2604/3878/2470 2582/3877/2469 2764/3879/2471
f 2604/3878/2470 2764/3879/2471 2827/3880/2472
f 2827/3880/2472 2764/3879/2471 2881/3881/2473
f 2827/3880/2472 2881/3881/2473 2886/3882/2474
f 2886/3882/2474 2881/3881/2473 2961/3883/2475
f 2886/3882/2474 2961/3883/2475 2865/3884/2476
f 2865/3884/2476 2961/3883/2475 2803/3885/2477
f 2865/3886/2476 2803/3887/2477 2686/3888/2478
f 2686/3888/2478 2803/3887/2477 2687/3889/2479
f 2686/3888/2478 2687/3889/2479 2560/3890/2480
f 2686/3888/2478 2560/3890/2480 2562/3891/2481
f 2562/3891/2481 2560/3890/2480 2431/3892/2482
f 2562/3891/2481 2431/3892/2482 2379/3893/2483
f 2379/3893/2483 2431/3892/2482 2263/3894/2484
f 2379/3893/2483 2263/3894/2484 2152/3895/2485
f 2152/3895/2485 2263/3894/2484 2073/3896/2486
f 2152/3895/2485 2073/3896/2486 2009/3897/2487
f 2009/3897/2487 2073/3896/2486 1904/3898/2488
f 2009/3897/2487 1904/3898/2488 2006/3899/2489
f 2595/3795/2393 2672/3796/2394 2697/3900/2490
f 2697/3900/2490 2672/3796/2394 2796/3901/2491
f 2697/3900/2490 2796/3901/2491 2862/3902/2492
f 2862/3903/2492 2796/3904/2491 2957/3905/2493
f 2862/3903/2492 2957/3905/2493 2956/3906/2494
f 2956/3906/2494 2957/3905/2493 2775/3907/2495
f 2956/3906/2494 2775/3907/2495 2777/3908/2496
f 2777/3908/2496 2775/3907/2495 2659/3909/2497
f 2659/3909/2497 2775/3907/2495 2656/3910/2498
f 2659/3909/2497 2656/3910/2498 2504/3911/2499
f 2504/3911/2499 2656/3910/2498 2505/3912/2500
f 2504/3911/2499 2505/3912/2500 2344/3913/2501
f 2344/3913/2501 2505/3912/2500 2352/3914/2502
f 2344/3913/2501 2352/3914/2502 2236/3915/2503
f 2236/3915/2503 2352/3914/2502 2189/3916/2504
f 2236/3915/2503 2189/3916/2504 2098/3917/2505
f 2236/3915/2503 2098/3917/2505 2097/3918/2506
f 2097/3918/2506 2098/3917/2505 1993/3919/2507
f 1993/3919/2507 2098/3917/2505 2001/3920/2508
f 1993/3919/2507 2001/3920/2508 1980/3921/2509
f 1980/3921/2509 2001/3920/2508 1975/3922/2510
f 1980/3921/2509 1975/3922/2510 2108/3923/2511
f 2108/3923/2511 1975/3922/2510 2109/3924/2512
f 2108/3923/2511 2109/3924/2512 2249/3925/2513
f 2249/3925/2513 2109/3924/2512 2298/3926/2514
f 2249/3925/2513 2298/3926/2514 2437/3927/2515
f 2437/3927/2515 2298/3926/2514 2439/3928/2516
f 2437/3927/2515 2439/3928/2516 2587/3929/2517
f 2587/3929/2517 2439/3928/2516 2670/3930/2518
f 2587/3929/2517 2670/3930/2518 2794/3931/2519
f 2794/3931/2519 2670/3930/2518 2791/3932/2520
f 2794/3931/2519 2791/3932/2520 2908/3933/2521
f 2908/3934/2521 2955/3935/2522 2959/3936/2523
f 2959/3936/2523 2955/3935/2522 2847/3937/2524
f 2847/3937/2524 2955/3935/2522 2843/3938/2525
f 2847/3937/2524 2843/3938/2525 2706/3939/2526
f 2706/3939/2526 2843/3938/2525 2750/3940/2527
f 2706/3939/2526 2750/3940/2527 2654/3941/2528
f 2506/3942/2529 2654/3941/2528 2502/3943/2530
f 2506/3942/2529 2502/3943/2530 2356/3944/2531
f 2356/3944/2531 2502/3943/2530 2281/3945/2532
f 2356/3944/2531 2281/3945/2532 2190/3946/2533
f 2190/3946/2533 2281/3945/2532 2163/3947/2534
f 2190/3946/2533 2163/3947/2534 2101/3948/2535
f 2101/3948/2535 2163/3947/2534 2003/3949/2536
f 2101/3948/2535 2003/3949/2536 2000/3950/2537
f 2000/3950/2537 2003/3949/2536 1971/3951/2538
f 1971/3951/2538 2003/3949/2536 1963/3952/2539
f 1971/3951/2538 1963/3952/2539 2107/3953/2540
f 2107/3953/2540 1963/3952/2539 2112/3954/2541
f 2107/3953/2540 2112/3954/2541 2248/3955/2542
f 2248/3955/2542 2112/3954/2541 2253/3956/2543
f 2248/3955/2542 2253/3956/2543 2436/3957/2544
f 2436/3957/2544 2253/3956/2543 2444/3958/2545
f 2436/3957/2544 2444/3958/2545 2590/3959/2546
f 2590/3959/2546 2444/3958/2545 2596/3960/2547
f 2590/3959/2546 2596/3960/2547 2718/3961/2548
f 2718/3961/2548 2596/3960/2547 2797/3962/2549
f 2718/3961/2548 2797/3962/2549 2915/3963/2550
f 2915/3964/2550 2797/3965/2549 2918/3966/2551
f 2915/3964/2550 2918/3966/2551 2846/3967/2552
f 2846/3967/2552 2918/3966/2551 2840/3968/2553
f 2846/3967/2552 2840/3968/2553 2707/3969/2554
f 2707/3969/2554 2840/3968/2553 2652/3970/2555
f 2707/3969/2554 2652/3970/2555 2509/3971/2556
f 2509/3971/2556 2652/3970/2555 2500/3972/2557
f 2509/3971/2556 2500/3972/2557 2359/3973/2558
f 2359/3973/2558 2500/3972/2557 2350/3974/2559
f 2359/3973/2558 2350/3974/2559 2237/3975/2560
f 2237/3975/2560 2161/3976/2561 2168/3977/2562
f 2168/3977/2562 2161/3976/2561 2045/3978/2563
f 2045/3978/2563 2161/3976/2561 2052/3979/2564
f 2045/3978/2563 2052/3979/2564 1961/3980/2565
f 1961/3980/2565 2052/3979/2564 1950/3981/2566
f 1961/3980/2565 1950/3981/2566 2067/3982/2567
f 2067/3982/2567 1950/3981/2566 2093/3983/2568
f 2067/3982/2567 2093/3983/2568 2247/3984/2569
f 2247/3984/2569 2093/3983/2568 2255/3985/2570
f 2247/3984/2569 2255/3985/2570 2372/3986/2571
f 2372/3986/2571 2255/3985/2570 2446/3987/2572
f 2372/3986/2571 2446/3987/2572 2589/3988/2573
f 2589/3988/2573 2446/3987/2572 2598/3989/2574
f 2589/3988/2573 2598/3989/2574 2717/3990/2575
f 2717/3990/2575 2799/3991/2576 2828/3992/2577
f 2828/3993/2577 2799/3994/2576 2912/3995/2578
f 2912/3995/2578 2799/3994/2576 2917/3996/2579
f 2912/3995/2578 2917/3996/2579 2897/3997/2580
f 2897/3997/2580 2917/3996/2579 2953/3998/2581
f 2897/3997/2580 2953/3998/2581 2839/3999/2582
f 2704/4000/2583 2839/3999/2582 2702/4001/2584
f 2704/4000/2583 2702/4001/2584 2570/4002/2585
f 2570/4002/2585 2702/4001/2584 2499/4003/2586
f 2570/4002/2585 2499/4003/2586 2355/4004/2587
f 2355/4004/2587 2499/4003/2586 2351/4005/2588
f 2355/4004/2587 2351/4005/2588 2232/4006/2589
f 2232/4006/2589 2351/4005/2588 2162/4007/2590
f 2232/4006/2589 2162/4007/2590 2063/4008/2591
f 2063/4008/2591 2162/4007/2590 2056/4009/2592
f 2063/4008/2591 2056/4009/2592 1999/4010/2593
f 1999/4010/2593 2056/4009/2592 1946/4011/2594
f 1999/4010/2593 1946/4011/2594 1956/4012/2595
f 1956/4012/2595 1946/4011/2594 2090/4013/2596
f 2090/4013/2596 1946/4011/2594 2084/4014/2597
f 2090/4013/2596 2084/4014/2597 2246/4015/2598
f 2246/4015/2598 2084/4014/2597 2252/4016/2599
f 2246/4015/2598 2252/4016/2599 2373/4017/2600
f 2373/4017/2600 2252/4016/2599 2378/4018/2601
f 2373/4017/2600 2378/4018/2601 2442/4019/2602
f 2588/4020/2603 2442/4019/2602 2594/4021/2604
f 2588/4020/2603 2594/4021/2604 2716/4022/2605
f 2716/4022/2605 2594/4021/2604 2720/4023/2606
f 2716/4022/2605 2720/4023/2606 2858/4024/2607
f 2858/4025/2607 2720/4026/2606 2911/4027/2608
f 2858/4025/2607 2911/4027/2608 2901/4028/2609
f 2901/4028/2609 2911/4027/2608 2895/4029/2610
f 2901/4028/2609 2895/4029/2610 2780/4030/2611
f 2780/4030/2611 2703/4031/2612 2709/4032/2613
f 2709/4032/2613 2703/4031/2612 2572/4033/2614
f 2572/4033/2614 2703/4031/2612 2568/4034/2615
f 2572/4033/2614 2568/4034/2615 2425/4035/2616
f 2425/4035/2616 2354/4036/2617 2361/4037/2618
f 2361/4037/2618 2354/4036/2617 2240/4038/2619
f 2240/4038/2619 2354/4036/2617 2234/4039/2620
f 2240/4038/2619 2234/4039/2620 2082/4040/2621
f 2082/4040/2621 2234/4039/2620 2055/4041/2622
f 2082/4040/2621 2055/4041/2622 1949/4042/2623
f 1949/4042/2623 2055/4041/2622 1951/4043/2624
f 1949/4042/2623 1951/4043/2624 2065/4044/2625
f 2065/4044/2625 1951/4043/2624 2070/4045/2626
f 2065/4044/2625 2070/4045/2626 2176/4046/2627
f 2176/4046/2627 2070/4045/2626 2244/4047/2628
f 2176/4046/2627 2244/4047/2628 2370/4048/2629
f 2370/4048/2629 2244/4047/2628 2377/4049/2630
f 2370/4048/2629 2377/4049/2630 2514/4050/2631
f 2514/4050/2631 2377/4049/2630 2592/4051/2632
f 2514/4050/2631 2592/4051/2632 2667/4052/2633
f 2667/4052/2633 2592/4051/2632 2715/4053/2634
f 2667/4052/2633 2715/4053/2634 2786/4054/2635
f 2786/4054/2635 2715/4053/2634 2863/4055/2636
f 2786/4054/2635 2863/4055/2636 2909/4056/2637
f 2909/4057/2637 2863/4058/2636 2894/4059/2638
f 2909/4057/2637 2894/4059/2638 2904/4060/2639
f 2904/4060/2639 2894/4059/2638 2782/4061/2640
f 2782/4061/2640 2894/4059/2638 2747/4062/2641
f 2782/4061/2640 2747/4062/2641 2574/4063/2642
f 2574/4063/2642 2747/4062/2641 2541/4064/2643
f 2574/4063/2642 2541/4064/2643 2427/4065/2644
f 2427/4065/2644 2541/4064/2643 2454/4066/2645
f 2427/4065/2644 2454/4066/2645 2270/4067/2646
f 2427/4065/2644 2270/4067/2646 2265/4068/2647
f 2265/4068/2647 2270/4067/2646 2169/4069/2648
f 2169/4069/2648 2270/4067/2646 2092/4070/2649
f 2169/4069/2648 2092/4070/2649 2059/4071/2650
f 2059/4071/2650 2092/4070/2649 1960/4072/2651
f 2059/4071/2650 1960/4072/2651 1945/4073/2652
f 1945/4073/2652 1960/4072/2651 2051/4074/2653
f 1945/4073/2652 2051/4074/2653 2064/4075/2654
f 2064/4075/2654 2051/4074/2653 2204/4076/2655
f 2064/4075/2654 2204/4076/2655 2242/4077/2656
f 2242/4077/2656 2204/4076/2655 2369/4078/2657
f 2369/4078/2657 2204/4076/2655 2407/4079/2658
f 2369/4078/2657 2407/4079/2658 2494/4080/2659
f 2494/4080/2659 2565/4081/2660 2586/4082/2661
f 2586/4082/2661 2565/4081/2660 2684/4083/2662
f 2586/4082/2661 2684/4083/2662 2712/4084/2663
f 2712/4084/2663 2684/4083/2662 2871/4085/2664
f 2712/4084/2663 2871/4085/2664 2856/4086/2665
f 2856/4087/2665 2871/4088/2664 2892/4089/2666
f 2856/4087/2665 2892/4089/2666 2903/4090/2667
f 2903/4090/2667 2892/4089/2666 2781/4091/2668
f 2781/4091/2668 2892/4089/2666 2743/4092/2669
f 2781/4091/2668 2743/4092/2669 2573/4093/2670
f 2573/4093/2670 2743/4092/2669 2630/4094/2671
f 2573/4093/2670 2630/4094/2671 2451/4095/2672
f 2573/4093/2670 2451/4095/2672 2426/4096/2673
f 2426/4096/2673 2451/4095/2672 2268/4097/2674
f 2426/4096/2673 2268/4097/2674 2239/4098/2675
f 2239/4098/2675 2268/4097/2674 2089/4099/2676
f 2239/4098/2675 2089/4099/2676 2102/4100/2677
f 2102/4100/2677 2089/4099/2676 1957/4101/2678
f 1957/4101/2678 2089/4099/2676 1962/4102/2679
f 1957/4101/2678 1962/4102/2679 2017/4103/2680
f 1957/4101/2678 2017/4103/2680 2050/4104/2681
f 2050/4104/2681 2017/4103/2680 2127/4105/2682
f 2050/4104/2681 2127/4105/2682 2178/4106/2683
f 2178/4106/2683 2127/4105/2682 2332/4107/2684
f 2178/4106/2683 2332/4107/2684 2295/4108/2685
f 2295/4108/2685 2332/4107/2684 2496/4109/2686
f 2295/4108/2685 2496/4109/2686 2516/4110/2687
f 2516/4110/2687 2496/4109/2686 2669/4111/2688
f 2669/4111/2688 2496/4109/2686 2688/4112/2689
f 2669/4111/2688 2688/4112/2689 2790/4113/2690
f 2790/4113/2690 2688/4112/2689 2872/4114/2691
f 2790/4115/2690 2872/4116/2691 2921/4117/2692
f 2921/4117/2692 2872/4116/2691 2965/4118/2693
f 2921/4117/2692 2965/4118/2693 2964/4119/2694
f 2964/4119/2694 2965/4118/2693 2833/4120/2695
f 2833/4120/2695 2965/4118/2693 2815/4121/2696
f 2833/4120/2695 2815/4121/2696 2740/4122/2697
f 2740/4122/2697 2815/4121/2696 2627/4123/2698
f 2740/4122/2697 2627/4123/2698 2664/4124/2699
f 2664/4124/2699 2627/4123/2698 2479/4125/2700
f 2479/4125/2700 2627/4123/2698 2449/4126/2701
f 2479/4125/2700 2449/4126/2701 2297/4127/2702
f 2297/4127/2702 2449/4126/2701 2266/4128/2703
f 2297/4127/2702 2266/4128/2703 2209/4129/2704
f 2209/4129/2704 2266/4128/2703 2087/4130/2705
f 2209/4129/2704 2087/4130/2705 2080/4131/2706
f 2080/4131/2706 2087/4130/2705 1976/4132/2707
f 2080/4131/2706 1976/4132/2707 1998/4133/2708
f 2969/4134/2709 2837/4135/2710 2694/4136/2711
f 2694/4136/2711 2837/4135/2710 2612/4137/2712
f 2694/4136/2711 2612/4137/2712 2476/4138/2713
f 2476/4138/2713 2612/4137/2712 2410/4139/2714
f 2476/4140/2713 2410/4141/2714 2260/4142/2715
f 2260/4142/2715 2410/4141/2714 2183/4143/2716
f 2260/4142/2715 2183/4143/2716 1986/4144/2717
f 1986/4144/2717 2183/4143/2716 1913/4145/2718
f 1986/4144/2717 1913/4145/2718 1835/4146/2719
f 1835/4146/2719 1913/4145/2718 1861/4147/2720
f 1835/4146/2719 1861/4147/2720 1901/4148/2721
f 1901/4148/2721 1861/4147/2720 1942/4149/2722
f 1901/4148/2721 1942/4149/2722 2142/4150/2723
f 2142/4150/2723 1942/4149/2722 2192/4151/2724
f 2142/4150/2723 2192/4151/2724 2363/4152/2725
f 2363/4152/2725 2192/4151/2724 2412/4153/2726
f 2363/4152/2725 2412/4153/2726 2585/4154/2727
f 2585/4154/2727 2412/4153/2726 2620/4155/2728
f 2585/4154/2727 2620/4155/2728 2812/4156/2729
f 2812/4156/2729 2620/4155/2728 2853/4157/2730
f 2812/4156/2729 2853/4158/2730 3034/4159/2731
f 3034/4159/2731 2853/4158/2730 2883/4160/2732
f 3034/4159/2731 2883/4160/2732 2999/4161/2733
f 2883/4160/2732 2853/4158/2730 2711/4162/2734
f 2883/4160/2732 2711/4162/2734 2665/4163/2735
f 2665/4163/2735 2711/4162/2734 2620/4164/2728
f 2665/4163/2735 2620/4164/2728 2571/4165/2736
f 2571/4165/2736 2620/4164/2728 2450/4166/2737
f 2181/4167/2738 2342/4168/2739 2186/4169/2740
f 2181/4167/2738 2186/4169/2740 1987/4170/2741
f 2181/4167/2738 1987/4170/2741 1914/4171/2742
f 1914/4171/2742 1987/4170/2741 1911/4172/2743
f 1914/4171/2742 1911/4172/2743 1824/4173/2744
f 1860/4174/2745 1824/4173/2744 1867/4175/2746
f 1860/4174/2745 1867/4175/2746 1903/4176/2747
f 1903/4176/2747 1867/4175/2746 1915/4177/2748
f 1903/4176/2747 1915/4177/2748 2119/4178/2749
f 2119/4178/2749 1915/4177/2748 2194/4179/2750
f 2119/4178/2749 2194/4179/2750 2341/4180/2751
f 2455/4181/2752 2341/4182/2751 2493/4183/2753
f 2455/4181/2752 2493/4183/2753 2578/4184/2754
f 2455/4181/2752 2578/4184/2754 2633/4185/2755
f 2633/4185/2755 2578/4184/2754 2725/4186/2756
f 2725/4186/2756 2578/4184/2754 2826/4187/2757
f 2725/4186/2756 2826/4187/2757 2832/4188/2758
f 2832/4188/2758 2826/4187/2757 2995/4189/2759
f 2832/4188/2758 2995/4189/2759 3006/4190/2760
f 3006/4190/2760 2995/4189/2759 3019/4191/2761
f 3006/4190/2760 3019/4191/2761 2980/4192/2762
f 2980/4192/2762 3019/4191/2761 2978/4193/2763
f 2980/4192/2762 2978/4193/2763 2785/4194/2764
f 2785/4194/2764 2978/4193/2763 2752/4195/2765
f 2785/4194/2764 2752/4195/2765 2623/4196/2766
f 2601/4197/2767 2623/4196/2766 2480/4198/2768
f 2480/4198/2768 2337/4199/2769 2317/4200/2770
f 2317/4200/2770 2337/4199/2769 2172/4201/2771
f 2317/4200/2770 2172/4201/2771 2199/4202/2772
f 2199/4202/2772 2172/4201/2771 1966/4203/2773
f 1930/4204/2774 1966/4203/2773 1862/4205/2775
f 1836/4206/2776 1862/4205/2775 1853/4207/2777
f 1836/4206/2776 1853/4207/2777 1868/4208/2778
f 2018/4209/2779 1868/4208/2778 2048/4210/2780
f 2018/4209/2779 2048/4210/2780 2124/4211/2781
f 2214/4212/2782 2124/4211/2781 2276/4213/2783
f 2214/4212/2782 2276/4213/2783 2391/4214/2784
f 2391/4214/2784 2276/4213/2783 2433/4215/2785
f 2391/4216/2784 2433/4217/2785 2621/4218/2786
f 2621/4218/2786 2433/4217/2785 2676/4219/2787
f 2621/4218/2786 2676/4219/2787 2757/4220/2788
f 2621/4218/2786 2757/4220/2788 2811/4221/2789
f 2811/4221/2789 2757/4220/2788 2861/4222/2790
f 2811/4221/2789 2861/4222/2790 2991/4223/2791
f 2991/4223/2791 2861/4222/2790 3001/4224/2792
f 2991/4223/2791 3001/4224/2792 2984/4225/2793
f 2984/4225/2793 3001/4224/2792 2971/4226/2794
f 2984/4225/2793 2971/4226/2794 2870/4227/2795
f 2816/4228/2796 2870/4227/2795 2766/4229/2797
f 2816/4228/2796 2766/4229/2797 2611/4230/2798
f 2611/4230/2798 2575/4231/2799 2458/4232/2800
f 2399/4233/2801 2458/4232/2800 2381/4234/2802
f 2399/4233/2801 2381/4234/2802 2241/4235/2803
f 2144/4236/2804 2241/4235/2803 2075/4237/2805
f 2144/4236/2804 2075/4237/2805 1885/4238/2806
f 1885/4238/2806 2075/4237/2805 1859/4239/2807
f 1885/4238/2806 1859/4239/2807 1842/4240/2808
f 1842/4240/2808 1859/4239/2807 1858/4241/2809
f 1842/4240/2808 1858/4241/2809 1902/4242/2810
f 1842/4240/2808 1902/4242/2810 1929/4243/2811
f 1929/4243/2811 1902/4242/2810 2154/4244/2812
f 1929/4243/2811 2154/4244/2812 2208/4245/2813
f 2208/4245/2813 2154/4244/2812 2304/4246/2814
f 2389/4247/2815 2304/4246/2814 2453/4248/2816
f 2389/4247/2815 2453/4248/2816 2468/4249/2817
f 2468/4250/2817 2453/4251/2816 2530/4252/2818
f 2468/4250/2817 2530/4252/2818 2730/4253/2819
f 2730/4253/2819 2868/4254/2820 2927/4255/2821
f 2983/4256/2822 2927/4255/2821 2994/4257/2823
f 2983/4256/2822 2994/4257/2823 3041/4258/2824
f 3010/4259/2825 3041/4258/2824 2979/4260/2826
f 3010/4259/2825 2979/4260/2826 2787/4261/2827
f 3010/4259/2825 2787/4261/2827 2829/4262/2828
f 2829/4262/2828 2787/4261/2827 2681/4263/2829
f 2548/4264/2830 2681/4263/2829 2602/4265/2831
f 2548/4264/2830 2602/4265/2831 2366/4266/2832
f 2548/4264/2830 2366/4266/2832 2312/4267/2833
f 2312/4267/2833 2366/4266/2832 2201/4268/2834
f 2312/4267/2833 2201/4268/2834 2219/4269/2835
f 2219/4269/2835 2201/4268/2834 2030/4270/2836
f 2030/4270/2836 2201/4268/2834 1943/4271/2837
f 2030/4270/2836 1943/4271/2837 1837/4272/2838
f 1837/4272/2838 1943/4271/2837 1857/4273/2839
f 1837/4272/2838 1857/4273/2839 1869/4274/2840
f 1869/4274/2840 1857/4273/2839 1908/4275/2841
f 1869/4274/2840 1908/4275/2841 2036/4276/2842
f 2197/4277/2843 2036/4276/2842 2257/4278/2844
f 2392/4279/2845 2257/4278/2844 2409/4280/2846
f 2392/4281/2845 2409/4282/2846 2550/4283/2847
f 2550/4283/2847 2409/4282/2846 2617/4284/2848
f 2550/4283/2847 2617/4284/2848 2637/4285/2849
f 2637/4285/2849 2617/4284/2848 2808/4286/2850
f 2637/4285/2849 2808/4286/2850 2771/4287/2851
f 2771/4287/2851 2808/4286/2850 2975/4288/2852
f 2975/4288/2852 2808/4286/2850 2987/4289/2853
f 2975/4288/2852 2987/4289/2853 3037/4290/2854
f 3037/4290/2854 2987/4289/2853 2938/4291/2855
f 3037/4290/2854 2938/4291/2855 2997/4292/2856
f 2997/4292/2856 2938/4291/2855 2845/4293/2857
f 2845/4293/2857 2938/4291/2855 2737/4294/2858
f 2845/4293/2857 2737/4294/2858 2643/4295/2859
f 2643/4295/2859 2737/4294/2858 2614/4296/2860
f 2643/4295/2859 2614/4296/2860 2488/4297/2861
f 2643/4295/2859 2488/4297/2861 2459/4298/2862
f 2459/4298/2862 2488/4297/2861 2403/4299/2863
f 2459/4298/2862 2403/4299/2863 2224/4300/2864
f 2224/4300/2864 2403/4299/2863 2229/4301/2865
f 2224/4300/2864 2229/4301/2865 1940/4302/2866
f 2224/4300/2864 1940/4302/2866 2038/4303/2867
f 2038/4303/2867 1940/4302/2866 1880/4304/2868
f 1880/4304/2868 1848/4305/2869 1843/4306/2870
f 1843/4306/2870 1848/4305/2869 1918/4307/2871
f 1843/4306/2870 1918/4307/2871 1928/4308/2872
f 1928/4308/2872 1918/4307/2871 2132/4309/2873
f 2132/4309/2873 1918/4307/2871 2206/4310/2874
f 2132/4309/2873 2206/4310/2874 2217/4311/2875
f 2217/4311/2875 2206/4310/2874 2384/4312/2876
f 2217/4311/2875 2384/4312/2876 2380/4313/2877
f 2380/4313/2877 2384/4312/2876 2469/4314/2878
f 2469/4315/2878 2384/4316/2876 2607/4317/2879
f 2469/4315/2878 2607/4317/2879 2638/4318/2880
f 2638/4318/2880 2607/4317/2879 2801/4319/2881
f 2638/4318/2880 2801/4319/2881 2923/4320/2882
f 2638/4318/2880 2923/4320/2882 2928/4321/2883
f 2928/4321/2883 2923/4320/2882 2981/4322/2884
f 2981/4322/2884 2993/4323/2885 3008/4324/2886
f 3008/4324/2886 2993/4323/2885 2823/4325/2887
f 3008/4324/2886 2823/4325/2887 2813/4326/2888
f 2813/4326/2888 2823/4325/2887 2680/4327/2889
f 2680/4327/2889 2559/4328/2890 2549/4329/2891
f 2549/4329/2891 2559/4328/2890 2330/4330/2892
f 2549/4329/2891 2330/4330/2892 2472/4331/2893
f 2472/4331/2893 2330/4330/2892 2279/4332/2894
f 2279/4332/2894 2330/4330/2892 2149/4333/2895
f 2279/4332/2894 2149/4333/2895 2027/4334/2896
f 2027/4334/2896 2149/4333/2895 1896/4335/2897
f 2027/4334/2896 1896/4335/2897 1877/4336/2898
f 1877/4336/2898 1896/4335/2897 1852/4337/2899
f 1877/4336/2898 1852/4337/2899 1833/4338/2900
f 1833/4338/2900 1852/4337/2899 1863/4339/2901
f 1833/4338/2900 1863/4339/2901 2019/4340/2902
f 1833/4338/2900 2019/4340/2902 2033/4341/2903
f 2033/4341/2903 2019/4340/2902 2195/4342/2904
f 2033/4341/2903 2195/4342/2904 2226/4343/2905
f 2322/4344/2906 2226/4343/2905 2385/4345/2907
f 2322/4344/2906 2385/4345/2907 2544/4346/2908
f 2322/4347/2906 2544/4348/2908 2540/4349/2909
f 2540/4349/2909 2544/4348/2908 2735/4350/2910
f 2735/4350/2910 2544/4348/2908 2769/4351/2911
f 2735/4350/2910 2769/4351/2911 2820/4352/2912
f 2820/4352/2912 2769/4351/2911 2976/4353/2913
f 2820/4352/2912 2976/4353/2913 2948/4354/2914
f 2948/4354/2914 2976/4353/2913 3021/4355/2915
f 3021/4355/2915 2976/4353/2913 3017/4356/2916
f 3021/4355/2915 3017/4356/2916 2887/4357/2917
f 2887/4357/2917 3017/4356/2916 2851/4358/2918
f 2887/4357/2917 2851/4358/2918 2739/4359/2919
f 2887/4357/2917 2739/4359/2919 2691/4360/2920
f 2691/4360/2920 2739/4359/2919 2649/4361/2921
f 2691/4360/2920 2649/4361/2921 2466/4362/2922
f 2466/4362/2922 2649/4361/2921 2461/4363/2923
f 2466/4362/2922 2461/4363/2923 2329/4364/2924
f 2466/4362/2922 2329/4364/2924 2306/4365/2925
f 2306/4365/2925 2329/4364/2924 2148/4366/2926
f 1922/4367/2927 2148/4366/2926 1941/4368/2928
f 1922/4367/2927 1941/4368/2928 1850/4369/2929
f 1922/4367/2927 1850/4369/2929 1826/4370/2930
f 1826/4370/2930 1850/4369/2929 1888/4371/2931
f 1888/4371/2931 1850/4369/2929 1919/4372/2932
f 1888/4371/2931 1919/4372/2932 1936/4373/2933
f 1936/4373/2933 1919/4372/2932 2129/4374/2934
f 1936/4373/2933 2129/4374/2934 2134/4375/2935
f 2134/4375/2935 2129/4374/2934 2230/4376/2936
f 2230/4376/2936 2129/4374/2934 2371/4377/2937
f 2230/4376/2936 2371/4377/2937 2405/4378/2938
f 2405/4378/2938 2371/4377/2937 2545/4379/2939
f 2405/4380/2938 2545/4381/2939 2629/4382/2940
f 2405/4380/2938 2629/4382/2940 2648/4383/2941
f 2648/4383/2941 2629/4382/2940 2759/4384/2942
f 2648/4383/2941 2759/4384/2942 2822/4385/2943
f 2822/4385/2943 2759/4384/2942 2924/4386/2944
f 2822/4385/2943 2924/4386/2944 3036/4387/2945
f 3036/4387/2945 3003/4388/2946 3014/4389/2947
f 2919/4390/2948 3014/4389/2947 2821/4391/2949
f 2919/4390/2948 2821/4391/2949 2807/4392/2950
f 2807/4392/2950 2821/4391/2949 2557/4393/2951
f 2807/4392/2950 2557/4393/2951 2631/4394/2952
f 2631/4394/2952 2557/4393/2951 2525/4395/2953
f 2525/4395/2953 2557/4393/2951 2404/4396/2954
f 2525/4395/2953 2404/4396/2954 2387/4397/2955
f 2387/4397/2955 2404/4396/2954 2146/4398/2956
f 2387/4397/2955 2146/4398/2956 2305/4399/2957
f 2305/4399/2957 2146/4398/2956 2125/4400/2958
f 2125/4400/2958 2146/4398/2956 1938/4401/2959
f 2125/4400/2958 1938/4401/2959 1864/4402/2960
f 1864/4402/2960 1938/4401/2959 1893/4403/2961
f 1864/4402/2960 1893/4403/2961 1827/4404/2962
f 1889/4405/2963 1827/4404/2962 1920/4406/2964
f 1889/4405/2963 1920/4406/2964 2021/4407/2965
f 1889/4405/2963 2021/4407/2965 2042/4408/2966
f 2042/4408/2966 2021/4407/2965 2213/4409/2967
f 2042/4408/2966 2213/4409/2967 2328/4410/2968
f 2328/4410/2968 2213/4409/2967 2470/4411/2969
f 2470/4412/2969 2538/4413/2970 2558/4414/2971
f 2558/4414/2971 2538/4413/2970 2726/4415/2972
f 2558/4414/2971 2726/4415/2972 2695/4416/2973
f 2695/4416/2973 2726/4415/2972 2937/4417/2974
f 2937/4417/2974 2726/4415/2972 2944/4418/2975
f 2937/4417/2974 2944/4418/2975 3025/4419/2976
f 3025/4419/2976 2944/4418/2975 3027/4420/2977
f 3025/4419/2976 3027/4420/2977 2943/4421/2978
f 2943/4421/2978 3027/4420/2977 2817/4422/2979
f 2943/4421/2978 2817/4422/2979 2724/4423/2980
f 2724/4423/2980 2817/4422/2979 2693/4424/2981
f 2724/4423/2980 2693/4424/2981 2552/4425/2982
f 2724/4423/2980 2552/4425/2982 2537/4426/2983
f 2537/4426/2983 2552/4425/2982 2467/4427/2984
f 2467/4427/2984 2318/4428/2985 2212/4429/2986
f 2212/4429/2986 2318/4428/2985 2039/4430/2987
f 2212/4429/2986 2039/4430/2987 2022/4431/2988
f 2022/4431/2988 2039/4430/2987 1923/4432/2989
f 1923/4432/2989 1838/4433/2990 1830/4434/2991
f 1830/4434/2991 1838/4433/2990 1870/4435/2992
f 1830/4434/2991 1870/4435/2992 1892/4436/2993
f 1892/4436/2993 1870/4435/2992 1925/4437/2994
f 1925/4437/2994 1870/4435/2992 2126/4438/2995
f 1925/4437/2994 2126/4438/2995 2138/4439/2996
f 2138/4439/2996 2126/4438/2995 2315/4440/2997
f 2138/4439/2996 2315/4440/2997 2393/4441/2998
f 2138/4439/2996 2393/4441/2998 2398/4442/2999
f 2398/4443/2999 2393/4444/2998 2533/4445/3000
f 2533/4445/3000 2639/4446/3001 2675/4447/3002
f 2675/4447/3002 2639/4446/3001 2800/4448/3003
f 3018/4449/3004 2968/4450/3005 3026/4451/3006
f 3018/4449/3004 3026/4451/3006 3030/4452/3007
f 3030/4452/3007 2920/4453/3008 2818/4454/3009
f 2754/4455/3010 2818/4454/3009 2644/4456/3011
f 2754/4455/3010 2644/4456/3011 2546/4457/3012
f 2546/4457/3012 2644/4456/3011 2527/4458/3013
f 2546/4457/3012 2527/4458/3013 2400/4459/3014
f 2309/4460/3015 2400/4459/3014 2319/4461/3016
f 2309/4460/3015 2319/4461/3016 2184/4462/3017
f 2023/4463/3018 1933/4464/3019 1906/4465/3020
f 1906/4465/3020 1933/4464/3019 1886/4466/3021
f 1906/4465/3020 1886/4466/3021 1831/4467/3022
f 1831/4467/3022 1886/4466/3021 1844/4468/3023
f 1831/4467/3022 1844/4468/3023 1907/4469/3024
f 2034/4470/3025 1907/4469/3024 2113/4471/3026
f 2034/4470/3025 2113/4471/3026 2185/4472/3027
f 2423/4473/3028 2308/4474/3029 2471/4475/3030
f 2423/4476/3028 2471/4477/3030 2554/4478/3031
f 2554/4478/3031 2471/4477/3030 2692/4479/3032
f 2554/4478/3031 2692/4479/3032 2756/4480/3033
f 2756/4480/3033 2692/4479/3032 2926/4481/3034
f 2756/4480/3033 2926/4481/3034 2977/4482/3035
f 2996/4483/3036 2977/4482/3035 3020/4484/3037
f 2996/4483/3036 3020/4484/3037 2973/4485/3038
f 2973/4485/3038 3020/4484/3037 2947/4486/3039
f 2973/4485/3038 2947/4486/3039 2768/4487/3040
f 2768/4487/3040 2947/4486/3039 2733/4488/3041
f 2768/4487/3040 2733/4488/3041 2532/4489/3042
f 2532/4489/3042 2733/4488/3041 2539/4490/3043
f 2532/4489/3042 2539/4490/3043 2401/4491/3044
f 2225/4492/3045 2401/4491/3044 2325/4493/3046
f 2159/4494/3047 2225/4492/3045 2041/4495/3048
f 2159/4494/3047 2041/4495/3048 1931/4496/3049
f 1931/4496/3049 2041/4495/3048 1934/4497/3050
f 1931/4496/3049 1934/4497/3050 1845/4498/3051
f 1854/4499/3052 1845/4498/3051 1872/4500/3053
f 1854/4499/3052 1872/4500/3053 1910/4501/3054
f 1910/4501/3054 1872/4500/3053 2025/4502/3055
f 1910/4501/3054 2025/4502/3055 2133/4503/3056
f 2269/4504/3057 2390/4505/3058 2394/4506/3059
f 2394/4506/3059 2390/4505/3058 2518/4507/3060
f 2640/4508/3061 2518/4509/3060 2682/4510/3062
f 2640/4508/3061 2682/4510/3062 2835/4511/3063
f 2835/4511/3063 2682/4510/3062 2876/4512/3064
f 2835/4511/3063 2876/4512/3064 2989/4513/3065
f 2989/4513/3065 2876/4512/3064 3002/4514/3066
f 2989/4513/3065 3002/4514/3066 2982/4515/3067
f 2982/4515/3067 3002/4514/3066 2933/4516/3068
f 2982/4515/3067 2933/4516/3068 2836/4517/3069
f 2836/4517/3069 2933/4516/3068 2758/4518/3070
f 2836/4517/3069 2758/4518/3070 2645/4519/3071
f 2577/4520/3072 2645/4519/3071 2483/4521/3073
f 2577/4520/3072 2483/4521/3073 2396/4522/3074
f 2396/4522/3074 2483/4521/3073 2376/4523/3075
f 2396/4522/3074 2376/4523/3075 2220/4524/3076
f 2135/4525/3077 2220/4524/3076 2143/4526/3078
f 2135/4525/3077 2143/4526/3078 1968/4527/3079
f 1881/4528/3080 1839/4529/3081 1856/4530/3082
f 1856/4530/3082 1839/4529/3081 1871/4531/3083
f 1856/4530/3082 1871/4531/3083 1899/4532/3084
f 1899/4532/3084 1871/4531/3083 2037/4533/3085
f 1899/4532/3084 2037/4533/3085 2085/4534/3086
f 2085/4534/3086 2037/4533/3085 2215/4535/3087
f 2085/4534/3086 2215/4535/3087 2316/4536/3088
f 2316/4537/3088 2460/4538/3089 2477/4539/3090
f 2477/4539/3090 2460/4538/3089 2642/4540/3091
f 2477/4539/3090 2642/4540/3091 2731/4541/3092
f 2731/4541/3092 2642/4540/3091 2850/4542/3093
f 2731/4541/3092 2850/4542/3093 2932/4543/3094
f 2932/4543/3094 2850/4542/3093 2998/4544/3095
f 2932/4543/3094 2998/4544/3095 3039/4545/3096
f 2932/4543/3094 3039/4545/3096 2988/4546/3097
f 2988/4546/3097 3039/4545/3096 2974/4547/3098
f 2988/4546/3097 2974/4547/3098 2810/4548/3099
f 2810/4548/3099 2974/4547/3098 2770/4549/3100
f 2810/4548/3099 2770/4549/3100 2641/4550/3101
f 2810/4548/3099 2641/4550/3101 2616/4551/3102
f 2616/4551/3102 2641/4550/3101 2473/4552/3103
f 2307/4553/3104 2473/4552/3103 2313/4554/3105
f 2307/4553/3104 2313/4554/3105 2031/4555/3106
f 2307/4553/3104 2031/4555/3106 2130/4556/3107
f 2130/4556/3107 2031/4555/3106 2012/4557/3108
f 2012/4557/3108 2031/4555/3106 1882/4558/3109
f 2012/4557/3108 1882/4558/3109 1875/4559/3110
f 1875/4559/3110 1882/4558/3109 1840/4560/3111
f 1875/4559/3110 1840/4560/3111 1829/4561/3112
f 1829/4561/3112 1840/4560/3111 1891/4562/3113
f 1891/4562/3113 1840/4560/3111 2024/4563/3114
f 1891/4562/3113 2024/4563/3114 2043/4564/3115
f 2043/4564/3115 2024/4563/3114 2218/4565/3116
f 2043/4564/3115 2218/4565/3116 2310/4566/3117
f 2043/4564/3115 2310/4566/3117 2326/4567/3118
f 2326/4567/3118 2310/4566/3117 2448/4568/3119
f 2326/4567/3118 2448/4568/3119 2487/4569/3120
f 2487/4569/3120 2448/4568/3119 2547/4570/3121
f 2487/4571/3120 2547/4572/3121 2727/4573/3122
f 2487/4571/3120 2727/4573/3122 2736/4574/3123
f 2736/4574/3123 2727/4573/3122 2830/4575/3124
f 2736/4574/3123 2830/4575/3124 2935/4576/3125
f 3012/4577/3126 2935/4576/3125 2992/4578/3127
f 3012/4577/3126 2992/4578/3127 3038/4579/3128
f 3038/4579/3128 2992/4578/3127 2939/4580/3129
f 3038/4579/3128 2939/4580/3129 3005/4581/3130
f 3005/4581/3130 2939/4580/3129 2831/4582/3131
f 2831/4582/3131 2939/4580/3129 2738/4583/3132
f 2831/4582/3131 2738/4583/3132 2722/4584/3133
f 2722/4584/3133 2738/4583/3132 2486/4585/3134
f 2722/4584/3133 2486/4585/3134 2632/4586/3135
f 2632/4586/3135 2486/4585/3134 2452/4587/3136
f 2452/4587/3136 2486/4585/3134 2327/4588/3137
f 2452/4587/3136 2327/4588/3137 2211/4589/3138
f 2211/4589/3138 2327/4588/3137 2207/4590/3139
f 2211/4589/3138 2207/4590/3139 2046/4591/3140
f 2211/4589/3138 2046/4591/3140 2020/4592/3141
f 2020/4592/3141 2046/4591/3140 1939/4593/3142
f 2020/4592/3141 1939/4593/3142 1828/4594/3143
f 1828/4594/3143 1939/4593/3142 1849/4595/3144
f 1828/4594/3143 1849/4595/3144 1874/4596/3145
f 1828/4594/3143 1874/4596/3145 1890/4597/3146
f 1890/4597/3146 1874/4596/3145 2004/4598/3147
f 1890/4597/3146 2004/4598/3147 2047/4599/3148
f 2047/4599/3148 2210/4600/3149 2228/4601/3150
f 2228/4601/3150 2210/4600/3149 2386/4602/3151
f 2228/4601/3150 2386/4602/3151 2383/4603/3152
f 2383/4604/3152 2386/4605/3151 2556/4606/3153
f 2556/4606/3153 2386/4605/3151 2613/4607/3154
f 2556/4606/3153 2613/4607/3154 2647/4608/3155
f 2647/4608/3155 2613/4607/3154 2805/4609/3156
f 2647/4608/3155 2805/4609/3156 2765/4610/3157
f 2765/4610/3157 2805/4609/3156 2936/4611/3158
f 2936/4611/3158 2805/4609/3156 2985/4612/3159
f 2936/4611/3158 2985/4612/3159 3000/4613/3160
f 3000/4613/3160 2985/4612/3159 2990/4614/3161
f 3000/4613/3160 2990/4614/3161 2940/4615/3162
f 3000/4613/3160 2940/4615/3162 2854/4616/3163
f 2854/4616/3163 2940/4615/3162 2824/4617/3164
f 2854/4616/3163 2824/4617/3164 2636/4618/3165
f 2636/4618/3165 2824/4617/3164 2618/4619/3166
f 2636/4618/3165 2618/4619/3166 2406/4620/3167
f 2636/4618/3165 2406/4620/3167 2465/4621/3168
f 2465/4621/3168 2406/4620/3167 2275/4622/3169
f 2275/4622/3169 2147/4623/3170 2131/4624/3171
f 2131/4624/3171 2147/4623/3170 1894/4625/3172
f 2131/4624/3171 1894/4625/3172 1924/4626/3173
f 1924/4626/3173 1894/4625/3172 1876/4627/3174
f 1876/4627/3174 1894/4625/3172 1851/4628/3175
f 1876/4627/3174 1851/4628/3175 1832/4629/3176
f 1832/4629/3176 1851/4628/3175 1921/4630/3177
f 1832/4629/3176 1921/4630/3177 1937/4631/3178
f 1937/4631/3178 1921/4630/3177 2044/4632/3179
f 2044/4632/3179 1921/4630/3177 2200/4633/3180
f 2044/4632/3179 2200/4633/3180 2227/4634/3181
f 2227/4634/3181 2200/4633/3180 2388/4635/3182
f 2227/4634/3181 2388/4635/3182 2464/4636/3183
f 2227/4634/3181 2464/4636/3183 2485/4637/3184
f 2485/4638/3184 2464/4639/3183 2603/4640/3185
f 2603/4640/3185 2723/4641/3186 2732/4642/3187
f 2732/4642/3187 2723/4641/3186 2925/4643/3188
f 2732/4642/3187 2925/4643/3188 2967/4644/3189
f 2967/4644/3189 2925/4643/3188 3040/4645/3190
f 3040/4645/3190 3015/4646/3191 3011/4647/3192
f 3011/4647/3192 3015/4646/3191 2734/4648/3193
f 3011/4647/3192 2734/4648/3193 2880/4649/3194
f 2880/4649/3194 2734/4648/3193 2683/4650/3195
f 2683/4650/3195 2734/4648/3193 2553/4651/3196
f 2683/4650/3195 2553/4651/3196 2474/4652/3197
f 2474/4652/3197 2553/4651/3196 2320/4653/3198
f 2474/4652/3197 2320/4653/3198 2291/4654/3199
f 2291/4654/3199 2320/4653/3198 2221/4655/3200
f 2291/4654/3199 2221/4655/3200 2028/4656/3201
f 2028/4656/3201 2221/4655/3200 2032/4657/3202
f 2028/4656/3201 2032/4657/3202 1883/4658/3203
f 2028/4656/3201 1883/4658/3203 1878/4659/3204
f 1878/4659/3204 1883/4658/3203 1841/4660/3205
f 1878/4659/3204 1841/4660/3205 1834/4661/3206
f 1865/4662/3207 1834/4661/3206 1926/4663/3208
f 1865/4662/3207 1926/4663/3208 2139/4664/3209
f 1865/4662/3207 2139/4664/3209 2140/4665/3210
f 2140/4665/3210 2139/4664/3209 2323/4666/3211
f 2323/4666/3211 2139/4664/3209 2382/4667/3212
f 2323/4666/3211 2382/4667/3212 2402/4668/3213
f 2402/4669/3213 2382/4670/3212 2555/4671/3214
f 2402/4669/3213 2555/4671/3214 2536/4672/3215
f 2536/4672/3215 2555/4671/3214 2646/4673/3216
f 2748/4674/3217 2646/4673/3216 2763/4675/3218
f 2748/4674/3217 2763/4675/3218 2966/4676/3219
f 2966/4676/3219 2763/4675/3218 2972/4677/3220
f 2966/4676/3219 2972/4677/3220 3031/4678/3221
f 3024/4679/3222 3031/4678/3221 3004/4680/3223
f 2875/4681/3224 3004/4680/3223 2869/4682/3225
f 2875/4681/3224 2869/4682/3225 2635/4683/3226
f 2875/4681/3224 2635/4683/3226 2599/4684/3227
f 2599/4684/3227 2635/4683/3226 2475/4685/3228
f 2599/4684/3227 2475/4685/3228 2498/4686/3229
f 2498/4686/3229 2475/4685/3228 2333/4687/3230
f 2333/4687/3230 2277/4688/3231 2136/4689/3232
f 2060/4690/3233 2136/4689/3232 1932/4691/3234
f 2060/4690/3233 1932/4691/3234 1895/4692/3235
f 1895/4692/3235 1932/4691/3234 1884/4693/3236
f 1895/4692/3235 1884/4693/3236 1825/4694/3237
f 1897/4695/3238 1825/4694/3237 1927/4696/3239
f 1897/4695/3238 1927/4696/3239 2072/4697/3240
f 2072/4697/3240 1927/4696/3239 2141/4698/3241
f 2222/4699/3242 2365/4700/3243 2417/4701/3244
f 2417/4702/3244 2365/4703/3243 2478/4704/3245
f 2417/4702/3244 2478/4704/3245 2600/4705/3246
f 2701/4706/3247 2600/4705/3246 2753/4707/3248
f 2701/4706/3247 2753/4707/3248 2879/4708/3249
f 2879/4708/3249 2753/4707/3248 2930/4709/3250
f 2879/4708/3249 2930/4709/3250 3023/4710/3251
f 3023/4710/3251 3013/4711/3252 3009/4712/3253
f 2952/4713/3254 3009/4712/3253 2819/4714/3255
f 2650/4715/3256 2819/4714/3255 2551/4716/3257
f 2650/4715/3256 2551/4716/3257 2528/4717/3258
f 2528/4717/3258 2551/4716/3257 2397/4718/3259
f 2528/4717/3258 2397/4718/3259 2288/4719/3260
f 2288/4719/3260 2397/4718/3259 2292/4720/3261
f 2288/4719/3260 2292/4720/3261 2145/4721/3262
f 2288/4719/3260 2145/4721/3262 2114/4722/3263
f 2114/4722/3263 2145/4721/3262 2040/4723/3264
f 2114/4722/3263 2040/4723/3264 1909/4724/3265
f 1909/4724/3265 2040/4723/3264 1887/4725/3266
f 1909/4724/3265 1887/4725/3266 1846/4726/3267
f 1905/4727/3268 1846/4726/3267 1917/4728/3269
f 1905/4727/3268 1917/4728/3269 1970/4729/3270
f 1970/4729/3270 1917/4728/3269 2026/4730/3271
f 1970/4729/3270 2026/4730/3271 2191/4731/3272
f 2191/4731/3272 2311/4732/3273 2364/4733/3274
f 2497/4734/3275 2364/4733/3274 2534/4735/3276
f 2690/4736/3277 2534/4737/3276 2728/4738/3278
f 2690/4736/3277 2728/4738/3278 2809/4739/3279
f 2690/4736/3277 2809/4739/3279 2885/4740/3280
f 2885/4740/3280 2809/4739/3279 3007/4741/3281
f 3007/4741/3281 2809/4739/3279 2941/4742/3282
f 3007/4741/3281 2941/4742/3282 3029/4743/3283
f 3007/4741/3281 3029/4743/3283 3022/4744/3284
f 3022/4744/3284 3029/4743/3283 3016/4745/3285
f 3022/4744/3284 3016/4745/3285 2962/4746/3286
f 2962/4746/3286 3016/4745/3285 2934/4747/3287
f 2962/4746/3286 2934/4747/3287 2749/4748/3288
f 2749/4748/3288 2934/4747/3287 2699/4749/3289
f 2749/4748/3288 2699/4749/3289 2524/4750/3290
f 2524/4750/3290 2699/4749/3289 2484/4751/3291
f 2524/4750/3290 2484/4751/3291 2345/4752/3292
f 2345/4752/3292 2484/4751/3291 2321/4753/3293
f 2345/4752/3292 2321/4753/3293 2170/4754/3294
f 2170/4754/3294 2118/4755/3295 1935/4756/3296
f 1900/4757/3297 1935/4756/3296 1847/4758/3298
f 1900/4757/3297 1847/4758/3298 1855/4759/3299
f 1855/4759/3299 1847/4758/3298 1873/4760/3300
f 1855/4759/3299 1873/4760/3300 1912/4761/3301
f 2013/4762/3302 1912/4761/3301 2123/4763/3303
f 2123/4763/3303 1912/4761/3301 2122/4764/3304
f 2123/4763/3303 2122/4764/3304 2216/4765/3305
f 2123/4763/3303 2216/4765/3305 2278/4766/3306
f 2278/4766/3306 2216/4765/3305 2395/4767/3307
f 2278/4766/3306 2395/4767/3307 2408/4768/3308
f 2408/4769/3308 2395/4770/3307 2522/4771/3309
f 2408/4769/3308 2522/4771/3309 2564/4772/3310
f 2564/4772/3310 2700/4773/3311 2755/4774/3312
f 2755/4774/3312 2700/4773/3311 2931/4775/3313
f 2755/4774/3312 2931/4775/3313 3032/4776/3314
f 3032/4776/3314 2931/4775/3313 3028/4777/3315
f 3032/4776/3314 3028/4777/3315 2970/4778/3316
f 2970/4778/3316 3028/4777/3315 2929/4779/3317
f 2970/4778/3316 2929/4779/3317 2814/4780/3318
f 2628/4781/3319 2814/4780/3318 2729/4782/3320
f 2628/4781/3319 2729/4782/3320 2529/4783/3321
f 2628/4781/3319 2529/4783/3321 2492/4784/3322
f 2492/4784/3322 2529/4783/3321 2314/4785/3323
f 2492/4784/3322 2314/4785/3323 2334/4786/3324
f 2334/4786/3324 2314/4785/3323 2243/4787/3325
f 2243/4787/3325 2314/4785/3323 2137/4788/3326
f 2243/4787/3325 2137/4788/3326 2029/4789/3327
f 2029/4789/3327 2137/4788/3326 1916/4790/3328
f 1916/4790/3328 1879/4791/3329 1823/4792/3330
f 1823/4792/3330 1866/4793/3331 1898/4794/3332
f 1898/4794/3332 1866/4793/3331 2035/4795/3333
f 1898/4794/3332 2035/4795/3333 2076/4796/3334
f 2076/4796/3334 2035/4795/3333 2223/4797/3335
f 2076/4796/3334 2223/4797/3335 2261/4798/3336
f 2261/4798/3336 2223/4797/3335 2324/4799/3337
f 2261/4800/3336 2324/4801/3337 2481/4802/3338
f 2261/4800/3336 2481/4802/3338 2515/4803/3339
f 2515/4803/3339 2481/4802/3338 2580/4804/3340
f 2515/4803/3339 2580/4804/3340 2624/4805/3341
f 2624/4805/3341 2580/4804/3340 2710/4806/3342
f 2624/4805/3341 2710/4806/3342 2852/4807/3343
f 2852/4807/3343 2710/4806/3342 2873/4808/3344
f 2852/4807/3343 2873/4808/3344 3035/4809/3345
f 3034/4159/2731 2999/4161/2733 3033/4810/3346
f 3033/4810/3346 2999/4161/2733 2837/4135/2710
f 3033/4810/3346 2837/4135/2710 2969/4134/2709
f 2526/4811/3347 2620/4812/3348 2412/4813/3349
f 2526/4811/3347 2412/4813/3349 2343/4814/3350
f 2343/4814/3350 2412/4813/3349 2192/4815/3351
f 2343/4814/3350 2192/4815/3351 2150/4816/3352
f 2150/4816/3352 2192/4815/3351 1942/4817/3353
f 2150/4816/3352 1942/4817/3353 2005/4818/3354
f 2005/4818/3354 1942/4817/3353 1861/4819/3355
f 2005/4818/3354 1861/4819/3355 1998/4820/2708
f 1998/4820/2708 1861/4819/3355 1913/4821/3356
f 1998/4820/2708 1913/4821/3356 2080/4822/3357
f 2080/4822/3357 1913/4821/3356 2183/4823/3358
f 2080/4822/3357 2183/4823/3358 2209/4824/2704
f 2209/4824/2704 2183/4823/3358 2297/4825/2702
f 2297/4825/2702 2183/4823/3358 2410/4826/3359
f 2297/4825/2702 2410/4826/3359 2415/4827/3360
f 2415/4827/3360 2410/4826/3359 2612/4828/2712
f 2297/4829/2702 2415/4830/3360 2479/4831/2700
f 2479/4831/2700 2415/4830/3360 2664/4832/2699
f 2833/4833/2695 2740/4834/2697 2964/4835/2694
f 2790/4836/2690 2921/4837/2692 2669/4838/2688
f 2494/4839/2659 2586/4840/2661 2369/4841/2657
f 2169/4842/2648 2059/4843/2650 2265/4844/2647
f 2667/4845/2633 2786/4846/2635 2514/4847/2631
f 2425/4848/2616 2361/4849/2618 2572/4850/2614
f 2780/4851/2611 2709/4852/2613 2901/4853/2609
f 2442/4854/2602 2588/4855/2603 2373/4856/2600
f 1999/4857/2593 1956/4858/2595 2063/4859/2591
f 2839/4860/2582 2704/4861/2583 2897/4862/2580
f 2717/4863/2575 2828/4864/2577 2589/4865/2573
f 2237/4866/2560 2168/4867/2562 2359/4868/2558
f 2101/4869/2535 2000/4870/2537 2190/4871/2533
f 2654/4872/2528 2506/4873/2529 2706/4874/2526
f 2908/4875/2521 2959/4876/2523 2794/4877/2519
f 2236/4878/2503 2097/4879/2506 2344/4880/2501
f 2595/4881/2393 2697/4882/2490 2440/4883/2391
f 2773/4884/2374 2657/4885/2375 2844/4886/2372
f 2792/4887/2367 2891/4888/2369 2668/4889/2365
f 2167/4890/2352 2100/4891/2354 2287/4892/2350
f 2849/4893/2343 2783/4894/2345 2960/4895/2341
f 2721/4896/2338 2857/4897/2339 2666/4898/2336
f 2569/4899/2319 2429/4900/2320 2663/4901/2317
f 2435/4902/2306 2576/4903/2308 2294/4904/2304
f 2507/4905/2290 2357/4906/2293 2626/4907/2288
f 2660/4908/2260 2508/4909/2262 2778/4910/2259
f 2671/4911/2251 2793/4912/2253 2517/4913/2250
f 2661/4914/2232 2510/4915/2234 2767/4916/2230
f 2177/4917/2216 2273/4918/2219 2066/4919/2214
f 2180/4920/2189 2286/4921/2191 2071/4922/2187
f 2896/4923/2144 2774/4924/2146 2914/4925/2143
f 2086/4926/2407 1989/4927/2405 2171/4928/2409
f 2890/4929/2419 2804/4930/2418 2922/4931/2421
f 1997/4932/2434 1995/4933/2433 1977/4934/2436
f 2881/4935/2473 2764/4936/2471 2961/4937/2475
f 2263/4938/2484 2243/4939/3325 2073/4940/2486
f 2289/4941/3361 2188/4942/3362 2076/4943/3334
f 2289/4941/3361 2076/4943/3334 2261/4944/3336
f 2664/4832/2699 2415/4830/3360 2612/4945/2712
f 2664/4832/2699 2612/4945/2712 2740/4834/2697
f 2964/4835/2694 2740/4834/2697 2999/4946/2733
f 2964/4835/2694 2999/4946/2733 2921/4837/2692
f 2921/4837/2692 2999/4946/2733 2883/4947/2732
f 2921/4837/2692 2883/4947/2732 2669/4838/2688
f 2669/4838/2688 2883/4947/2732 2665/4948/2735
f 2669/4838/2688 2665/4948/2735 2516/4949/2687
f 2516/4949/2687 2665/4948/2735 2571/4950/2736
f 2516/4949/2687 2571/4950/2736 2295/4951/2685
f 2295/4951/2685 2571/4950/2736 2342/4952/2739
f 2295/4951/2685 2342/4952/2739 2178/4953/2683
f 2178/4953/2683 2342/4952/2739 2181/4954/2738
f 2178/4953/2683 2181/4954/2738 2050/4955/2681
f 2050/4955/2681 2181/4954/2738 1914/4956/2742
f 2050/4955/2681 1914/4956/2742 1957/4957/2678
f 1957/4957/2678 1914/4956/2742 1860/4958/2745
f 1957/4957/2678 1860/4958/2745 2102/4959/2677
f 2102/4959/2677 1860/4958/2745 1903/4960/2747
f 2102/4959/2677 1903/4960/2747 2239/4961/2675
f 2239/4961/2675 1903/4960/2747 2119/4962/2749
f 2239/4961/2675 2119/4962/2749 2426/4963/2673
f 2426/4963/2673 2119/4962/2749 2455/4964/2752
f 2426/4963/2673 2455/4964/2752 2573/4965/2670
f 2573/4965/2670 2455/4964/2752 2633/4966/2755
f 2573/4965/2670 2633/4966/2755 2781/4967/2668
f 2781/4967/2668 2633/4966/2755 2832/4968/2758
f 2781/4967/2668 2832/4968/2758 2903/4969/2667
f 2903/4969/2667 2832/4968/2758 3006/4970/2760
f 2903/4969/2667 3006/4970/2760 2856/4971/2665
f 2856/4971/2665 3006/4970/2760 2980/4972/2762
f 2856/4971/2665 2980/4972/2762 2712/4973/2663
f 2712/4973/2663 2980/4972/2762 2785/4974/2764
f 2712/4973/2663 2785/4974/2764 2586/4840/2661
f 2586/4840/2661 2785/4974/2764 2601/4975/2767
f 2586/4840/2661 2601/4975/2767 2369/4841/2657
f 2369/4841/2657 2601/4975/2767 2317/4976/2770
f 2369/4841/2657 2317/4976/2770 2242/4977/2656
f 2242/4977/2656 2317/4976/2770 2199/4978/2772
f 2242/4977/2656 2199/4978/2772 2064/4979/2654
f 2064/4979/2654 2199/4978/2772 1930/4980/2774
f 2064/4979/2654 1930/4980/2774 1945/4981/2652
f 1945/4981/2652 1930/4980/2774 1836/4982/2776
f 1945/4981/2652 1836/4982/2776 2059/4843/2650
f 2059/4843/2650 1836/4982/2776 2018/4983/2779
f 2059/4843/2650 2018/4983/2779 2265/4844/2647
f 2265/4844/2647 2018/4983/2779 2214/4984/2782
f 2265/4844/2647 2214/4984/2782 2427/4985/2644
f 2427/4985/2644 2214/4984/2782 2391/4986/2784
f 2427/4985/2644 2391/4986/2784 2574/4987/2642
f 2574/4987/2642 2391/4986/2784 2621/4988/2786
f 2574/4987/2642 2621/4988/2786 2782/4989/2640
f 2782/4989/2640 2621/4988/2786 2811/4990/2789
f 2782/4989/2640 2811/4990/2789 2991/4991/2791
f 2472/4992/2893 2680/4993/2889 2549/4994/2891
f 2740/4834/2697 2612/4945/2712 2837/4995/2710
f 2740/4834/2697 2837/4995/2710 2999/4946/2733
f 2571/4950/2736 2450/4996/2737 2342/4952/2739
f 1914/4956/2742 1824/4997/2744 1860/4958/2745
f 2119/4962/2749 2341/4998/2751 2455/4964/2752
f 2633/4966/2755 2725/4999/2756 2832/4968/2758
f 2785/4974/2764 2623/5000/2766 2601/4975/2767
f 2601/4975/2767 2480/5001/2768 2317/4976/2770
f 2199/4978/2772 1966/5002/2773 1930/4980/2774
f 1930/4980/2774 1862/5003/2775 1836/4982/2776
f 1836/4982/2776 1868/5004/2778 2018/4983/2779
f 2018/4983/2779 2124/5005/2781 2214/4984/2782
f 2984/5006/2793 2870/5007/2795 2816/5008/2796
f 2611/5009/2798 2458/5010/2800 2399/5011/2801
f 2399/5011/2801 2241/5012/2803 2144/5013/2804
f 2208/5014/2813 2304/5015/2814 2389/5016/2815
f 2730/5017/2819 2927/5018/2821 2983/5019/2822
f 2983/5019/2822 3041/5020/2824 3010/5021/2825
f 2829/5022/2828 2681/5023/2829 2548/5024/2830
f 1869/5025/2840 2036/5026/2842 2197/5027/2843
f 2197/5027/2843 2257/5028/2844 2392/5029/2845
f 2550/5030/2847 2637/5031/2849 2771/5032/2851
f 2975/5033/2852 3037/5034/2854 2997/5035/2856
f 1880/5036/2868 1843/5037/2870 1928/5038/2872
f 2132/5039/2873 2217/5040/2875 2380/5041/2877
f 2928/5042/2883 2981/5043/2884 3008/5044/2886
f 1877/5045/2898 1833/5046/2900 2000/4870/2537
f 2000/4870/2537 1833/5046/2900 2190/4871/2533
f 2033/5047/2903 2322/5048/2906 2356/5049/2531
f 2356/5049/2531 2322/5048/2906 2506/4873/2529
f 2033/5047/2903 2226/5050/2905 2322/5048/2906
f 2540/5051/2909 2735/5052/2910 2706/4874/2526
f 2706/4874/2526 2735/5052/2910 2847/5053/2524
f 2735/5052/2910 2820/5054/2912 2948/5055/2914
f 2948/5055/2914 3021/5056/2915 2959/4876/2523
f 2959/4876/2523 3021/5056/2915 2794/4877/2519
f 2887/5057/2917 2691/5058/2920 2587/5059/2517
f 2587/5059/2517 2691/5058/2920 2437/5060/2515
f 2306/5061/2925 1922/5062/2927 2108/5063/2511
f 2108/5063/2511 1922/5062/2927 1980/5064/2509
f 2306/5061/2925 2148/5065/2926 1922/5062/2927
f 1826/5066/2930 1888/5067/2931 1993/5068/2507
f 1993/5068/2507 1888/5067/2931 2097/4879/2506
f 1888/5067/2931 1936/5069/2933 2134/5070/2935
f 2134/5070/2935 2230/5071/2936 2344/4880/2501
f 2344/4880/2501 2230/5071/2936 2504/5072/2499
f 2648/5073/2941 2822/5074/2943 2777/5075/2496
f 2777/5075/2496 2822/5074/2943 2956/5076/2494
f 2919/5077/2948 2631/5078/2952 2697/4882/2490
f 2697/4882/2490 2631/5078/2952 2440/4883/2391
f 3036/5079/2945 3014/5080/2947 2919/5077/2948
f 2919/5077/2948 2807/5081/2950 2631/5078/2952
f 2525/5082/2953 2305/5083/2957 2300/5084/2389
f 2300/5084/2389 2305/5083/2957 2110/5085/2387
f 2525/5082/2953 2387/5086/2955 2305/5083/2957
f 2125/5087/2958 1864/5088/2960 1991/5089/2385
f 1991/5089/2385 1864/5088/2960 1982/5090/2383
f 1864/5088/2960 1827/5091/2962 1889/5092/2963
f 1889/5092/2963 2042/5093/2966 2156/5094/2381
f 2156/5094/2381 2042/5093/2966 2283/5095/2379
f 2328/5096/2968 2470/5097/2969 2503/5098/2377
f 2503/5098/2377 2470/5097/2969 2657/4885/2375
f 2470/5097/2969 2558/5099/2971 2695/5100/2973
f 2695/5100/2973 2937/5101/2974 2844/4886/2372
f 2844/4886/2372 2937/5101/2974 2958/5102/2370
f 3025/5103/2976 2943/5104/2978 2891/4888/2369
f 2891/4888/2369 2943/5104/2978 2668/4889/2365
f 2537/5105/2983 2212/5106/2986 2296/5107/2361
f 2296/5107/2361 2212/5106/2986 2106/5108/2359
f 2537/5105/2983 2467/5109/2984 2212/5106/2986
f 2022/5110/2988 1923/5111/2989 2008/5112/2357
f 2008/5112/2357 1923/5111/2989 1973/5113/2355
f 1923/5111/2989 1830/5114/2991 1892/5115/2993
f 1892/5115/2993 1925/5116/2994 2100/4891/2354
f 2100/4891/2354 1925/5116/2994 2287/4892/2350
f 2138/5117/2996 2398/5118/2999 2428/5119/2348
f 2428/5119/2348 2398/5118/2999 2662/5120/2346
f 2398/5118/2999 2533/5121/3000 2675/5122/3002
f 2783/4894/2345 3018/5123/3004 2960/4895/2341
f 2960/4895/2341 3018/5123/3004 2857/4897/2339
f 2675/5122/3002 2800/5124/3003 2783/4894/2345
f 2783/4894/2345 2800/5124/3003 2968/5125/3005
f 2783/4894/2345 2968/5125/3005 3018/5123/3004
f 3018/5123/3004 3030/5126/3007 2857/4897/2339
f 3030/5126/3007 2818/5127/3009 2857/4897/2339
f 2857/4897/2339 2818/5127/3009 2754/5128/3010
f 2546/5129/3012 2309/5130/3015 2293/5131/2332
f 2293/5131/2332 2309/5130/3015 2175/5132/2330
f 2546/5129/3012 2400/5133/3014 2309/5130/3015
f 2175/5132/2330 1906/5134/3020 2007/5135/2328
f 2007/5135/2328 1906/5134/3020 1964/5136/2326
f 2309/5130/3015 2184/5137/3017 2175/5132/2330
f 2175/5132/2330 2184/5137/3017 2023/5138/3018
f 2175/5132/2330 2023/5138/3018 1906/5134/3020
f 1906/5134/3020 1831/5139/3022 1964/5136/2326
f 1964/5136/2326 1831/5139/3022 2103/5140/2324
f 1831/5139/3022 1907/5141/3024 2034/5142/3025
f 2272/5143/2322 2034/5142/3025 2185/5144/3027
f 2185/5144/3027 2308/5145/3029 2272/5143/2322
f 2272/5143/2322 2308/5145/3029 2423/5146/3028
f 2554/5147/3031 2756/5148/3033 2784/5149/2315
f 2784/5149/2315 2756/5148/3033 2902/5150/2313
f 2756/5148/3033 2977/5151/3035 2996/5152/3036
f 2973/5153/3038 2768/5154/3040 2714/5155/2310
f 2714/5155/2310 2768/5154/3040 2576/4903/2308
f 2532/5156/3042 2401/5157/3044 2294/4904/2304
f 2294/4904/2304 2159/5158/3047 2179/5159/2302
f 2179/5159/2302 2159/5158/3047 2061/5160/2301
f 2294/4904/2304 2401/5157/3044 2225/5161/3045
f 2294/4904/2304 2225/5161/3045 2159/5158/3047
f 1931/5162/3049 1854/5163/3052 1955/5164/2299
f 1955/5164/2299 1854/5163/3052 2094/5165/2297
f 1931/5162/3049 1845/5166/3051 1854/5163/3052
f 1910/5167/3054 2133/5168/3056 2235/5169/2294
f 2235/5169/2294 2394/5170/3059 2357/4906/2293
f 2357/4906/2293 2394/5170/3059 2626/4907/2288
f 2235/5169/2294 2133/5168/3056 2269/5171/3057
f 2235/5169/2294 2269/5171/3057 2394/5170/3059
f 2394/5170/3059 2518/5172/3060 2640/5173/3061
f 2640/5173/3061 2835/5174/3063 2779/5175/2286
f 2779/5175/2286 2835/5174/3063 2900/5176/2284
f 2835/5174/3063 2989/5177/3065 2900/5176/2284
f 2900/5176/2284 2989/5177/3065 2982/5178/3067
f 2982/5178/3067 2836/5179/3069 2719/5180/2279
f 2836/5179/3069 2645/5181/3071 2719/5180/2279
f 2719/5180/2279 2645/5181/3071 2577/5182/3072
f 2396/5183/3074 2135/5184/3077 2250/5185/2274
f 2250/5185/2274 2135/5184/3077 2069/5186/2271
f 2396/5183/3074 2220/5187/3076 2135/5184/3077
f 2069/5186/2271 1856/5188/3082 1944/5189/2270
f 1944/5189/2270 1856/5188/3082 2054/5190/2268
f 2135/5184/3077 1968/5191/3079 2069/5186/2271
f 2069/5186/2271 1968/5191/3079 1881/5192/3080
f 2069/5186/2271 1881/5192/3080 1856/5188/3082
f 1856/5188/3082 1899/5193/3084 2054/5190/2268
f 2054/5190/2268 1899/5193/3084 2166/5194/2266
f 2358/5195/2264 2085/5196/3086 2316/5197/3088
f 2316/5197/3088 2477/5198/3090 2358/5195/2264
f 2932/5199/3094 2988/5200/3097 2913/5201/2255
f 2913/5201/2255 2988/5200/3097 2793/4912/2253
f 2616/5202/3102 2307/5203/3104 2375/5204/2247
f 2375/5204/2247 2307/5203/3104 2251/5205/2246
f 2616/5202/3102 2473/5206/3103 2307/5203/3104
f 2130/5207/3107 2012/5208/3108 2068/5209/2244
f 2068/5209/2244 2012/5208/3108 1829/5210/3112
f 2068/5209/2244 1829/5210/3112 1947/5211/2241
f 1947/5211/2241 1829/5210/3112 2077/5212/2239
f 2012/5208/3108 1875/5213/3110 1829/5210/3112
f 2043/5214/3115 2326/5215/3118 2360/5216/2236
f 2360/5216/2236 2326/5215/3118 2510/4915/2234
f 2736/5217/3123 3012/5218/3126 2905/5219/2229
f 2905/5219/2229 3012/5218/3126 2910/5220/2227
f 2736/5217/3123 2935/5221/3125 3012/5218/3126
f 3012/5218/3126 3038/5222/3128 3005/5223/3130
f 3005/5223/3130 2831/5224/3131 2713/5225/2225
f 2713/5225/2225 2831/5224/3131 2583/5226/2223
f 2831/5224/3131 2722/5227/3133 2632/5228/3135
f 2452/5229/3136 2211/5230/3138 2273/4918/2219
f 2273/4918/2219 2211/5230/3138 2066/4919/2214
f 2020/5231/3141 1828/5232/3143 1958/5233/2212
f 1958/5233/2212 1828/5232/3143 2053/5234/2210
f 1890/5235/3146 2047/5236/3148 2205/5237/2209
f 2205/5237/2209 2047/5236/3148 2362/5238/2206
f 2047/5236/3148 2228/5239/3150 2383/5240/3152
f 2383/5240/3152 2556/5241/3153 2567/5242/2204
f 2567/5242/2204 2556/5241/3153 2708/5243/2203
f 2556/5241/3153 2647/5244/3155 2765/5245/3157
f 2765/5245/3157 2936/5246/3158 2848/5247/2201
f 2848/5247/2201 2936/5246/3158 2916/5248/2198
f 2854/5249/3163 2636/5250/3165 2593/5251/2195
f 2593/5251/2195 2636/5250/3165 2441/5252/2193
f 2275/5253/3169 1924/5254/3173 2071/4922/2187
f 2071/4922/2187 1924/5254/3173 1965/5255/2186
f 2275/5253/3169 2131/5256/3171 1924/5254/3173
f 1924/5254/3173 1876/5257/3174 1965/5255/2186
f 1965/5255/2186 1876/5257/3174 2016/5258/2183
f 1876/5257/3174 1832/5259/3176 1937/5260/3178
f 1937/5260/3178 2044/5261/3179 2164/5262/2181
f 2164/5262/2181 2044/5261/3179 2353/5263/2179
f 2485/5264/3184 2732/5265/3187 2653/5266/2175
f 2653/5266/2175 2732/5265/3187 2841/5267/2174
f 2485/5264/3184 2603/5268/3185 2732/5265/3187
f 2967/5269/3189 3040/5270/3190 2951/5271/2171
f 2951/5271/2171 3040/5270/3190 2798/5272/2170
f 3040/5270/3190 3011/5273/3192 2880/5274/3194
f 2683/5275/3195 2474/5276/3197 2445/5277/2165
f 2445/5277/2165 2474/5276/3197 2254/5278/2163
f 2291/5279/3199 2028/5280/3201 2111/5281/2161
f 2111/5281/2161 2028/5280/3201 1974/5282/2159
f 1878/5283/3204 1865/5284/3207 2002/5285/2157
f 2002/5285/2157 1865/5284/3207 2165/5286/2155
f 1878/5283/3204 1834/5287/3206 1865/5284/3207
f 2140/5288/3210 2323/5289/3211 2285/5290/2152
f 2285/5290/2152 2323/5289/3211 2536/5291/3215
f 2285/5290/2152 2536/5291/3215 2422/5292/2150
f 2422/5292/2150 2536/5291/3215 2658/5293/2148
f 2323/5289/3211 2402/5294/3213 2536/5291/3215
f 2536/5291/3215 2646/5295/3216 2748/5296/3217
f 2966/5297/3219 3031/5298/3221 3024/5299/3222
f 3024/5299/3222 2875/5300/3224 2802/5301/2140
f 2802/5301/2140 2875/5300/3224 2615/5302/2395
f 3024/5299/3222 3004/5303/3223 2875/5300/3224
f 2599/5304/3227 2498/5305/3229 2615/5302/2395
f 2615/5302/2395 2498/5305/3229 2495/5306/2397
f 2333/5307/3230 2136/5308/3232 2060/5309/3233
f 1895/5310/3235 1897/5311/3238 1989/4927/2405
f 1989/4927/2405 1897/5311/3238 2171/4928/2409
f 1895/5310/3235 1825/5312/3237 1897/5311/3238
f 2072/5313/3240 2141/5314/3241 2222/5315/3242
f 2222/5315/3242 2417/5316/3244 2511/5317/2413
f 2511/5317/2413 2417/5316/3244 2625/5318/2415
f 2417/5316/3244 2600/5319/3246 2701/5320/3247
f 2879/5321/3249 3023/5322/3251 2922/4931/2421
f 2922/4931/2421 3023/5322/3251 2825/5323/2423
f 3023/5322/3251 3009/5324/3253 2952/5325/3254
f 2952/5325/3254 2819/5326/3255 2650/5327/3256
f 2650/5327/3256 2528/5328/3258 2521/5329/2426
f 2521/5329/2426 2528/5328/3258 2340/5330/2428
f 2114/5331/3263 1909/5332/3265 1995/4933/2433
f 1995/4933/2433 1909/5332/3265 1977/4934/2436
f 1909/5332/3265 1846/5333/3267 1905/5334/3268
f 1970/5335/3270 2191/5336/3272 2256/5337/2439
f 2256/5337/2439 2191/5336/3272 2490/5338/2441
f 2191/5336/3272 2364/5339/3274 2497/5340/3275
f 2497/5340/3275 2534/5341/3276 2690/5342/3277
f 2690/5342/3277 2885/5343/3280 2788/5344/2446
f 2788/5344/2446 2885/5343/3280 2888/5345/2447
f 2885/5343/3280 3007/5346/3281 3022/5347/3284
f 2962/5348/3286 2749/5349/3288 2606/5350/2451
f 2606/5350/2451 2749/5349/3288 2489/5351/2454
f 2345/5352/3292 2170/5353/3294 2116/5354/2457
f 2116/5354/2457 2170/5353/3294 2014/5355/2460
f 2170/5353/3294 1935/5356/3296 1900/5357/3297
f 1855/5358/3299 2013/5359/3302 2104/5360/2463
f 2104/5360/2463 2013/5359/3302 2203/5361/2465
f 1855/5358/3299 1912/5362/3301 2013/5359/3302
f 2013/5359/3302 2123/5363/3303 2278/5364/3306
f 2408/5365/3308 2564/5366/3310 2582/5367/2469
f 2582/5367/2469 2564/5366/3310 2764/4936/2471
f 3032/5368/3314 2970/5369/3316 2803/5370/2477
f 2803/5370/2477 2970/5369/3316 2687/5371/2479
f 2970/5369/3316 2814/5372/3318 2628/5373/3319
f 2560/5374/2480 2628/5373/3319 2431/5375/2482
f 2628/5373/3319 2492/5376/3322 2431/5375/2482
f 2431/5375/2482 2492/5376/3322 2334/5377/3324
f 1916/5378/3328 1823/5379/3330 1904/5380/2488
f 1904/5380/2488 1823/5379/3330 1898/5381/3332
f 2289/4941/3361 2261/4944/3336 2515/5382/3339
f 2904/5383/2639 2782/4989/2640 2991/4991/2791
f 2909/5384/2637 2904/5383/2639 2991/4991/2791
f 2909/5384/2637 2991/4991/2791 2984/5006/2793
f 2786/4846/2635 2909/5384/2637 2984/5006/2793
f 2786/4846/2635 2984/5006/2793 2816/5008/2796
f 2514/4847/2631 2786/4846/2635 2816/5008/2796
f 2514/4847/2631 2816/5008/2796 2611/5009/2798
f 2370/5385/2629 2514/4847/2631 2611/5009/2798
f 2370/5385/2629 2611/5009/2798 2399/5011/2801
f 2176/5386/2627 2370/5385/2629 2399/5011/2801
f 2176/5386/2627 2399/5011/2801 2144/5013/2804
f 2065/5387/2625 2176/5386/2627 2144/5013/2804
f 2065/5387/2625 2144/5013/2804 1885/5388/2806
f 1949/5389/2623 2065/5387/2625 1885/5388/2806
f 1949/5389/2623 1885/5388/2806 1842/5390/2808
f 2082/5391/2621 1949/5389/2623 1842/5390/2808
f 2082/5391/2621 1842/5390/2808 1929/5392/2811
f 2240/5393/2619 2082/5391/2621 1929/5392/2811
f 2240/5393/2619 1929/5392/2811 2208/5014/2813
f 2361/4849/2618 2240/5393/2619 2208/5014/2813
f 2361/4849/2618 2208/5014/2813 2389/5016/2815
f 2572/4850/2614 2361/4849/2618 2389/5016/2815
f 2572/4850/2614 2389/5016/2815 2468/5394/2817
f 2709/4852/2613 2572/4850/2614 2468/5394/2817
f 2709/4852/2613 2468/5394/2817 2730/5017/2819
f 2901/4853/2609 2709/4852/2613 2730/5017/2819
f 2901/4853/2609 2730/5017/2819 2983/5019/2822
f 2858/5395/2607 2901/4853/2609 2983/5019/2822
f 2858/5395/2607 2983/5019/2822 3010/5021/2825
f 2716/5396/2605 2858/5395/2607 3010/5021/2825
f 2716/5396/2605 3010/5021/2825 2829/5022/2828
f 2588/4855/2603 2716/5396/2605 2829/5022/2828
f 2588/4855/2603 2829/5022/2828 2548/5024/2830
f 2373/4856/2600 2588/4855/2603 2548/5024/2830
f 2373/4856/2600 2548/5024/2830 2312/5397/2833
f 2246/5398/2598 2373/4856/2600 2312/5397/2833
f 2246/5398/2598 2312/5397/2833 2219/5399/2835
f 2090/5400/2596 2246/5398/2598 2219/5399/2835
f 2090/5400/2596 2219/5399/2835 2030/5401/2836
f 1956/4858/2595 2090/5400/2596 2030/5401/2836
f 1956/4858/2595 2030/5401/2836 1837/5402/2838
f 2063/4859/2591 1956/4858/2595 1837/5402/2838
f 2063/4859/2591 1837/5402/2838 1869/5025/2840
f 2232/5403/2589 2063/4859/2591 1869/5025/2840
f 2232/5403/2589 1869/5025/2840 2197/5027/2843
f 2355/5404/2587 2232/5403/2589 2197/5027/2843
f 2355/5404/2587 2197/5027/2843 2392/5029/2845
f 2570/5405/2585 2355/5404/2587 2392/5029/2845
f 2570/5405/2585 2392/5029/2845 2550/5030/2847
f 2704/4861/2583 2570/5405/2585 2550/5030/2847
f 2704/4861/2583 2550/5030/2847 2771/5032/2851
f 2897/4862/2580 2704/4861/2583 2771/5032/2851
f 2897/4862/2580 2771/5032/2851 2975/5033/2852
f 2912/5406/2578 2897/4862/2580 2975/5033/2852
f 2912/5406/2578 2975/5033/2852 2997/5035/2856
f 2828/4864/2577 2912/5406/2578 2997/5035/2856
f 2828/4864/2577 2997/5035/2856 2845/5407/2857
f 2589/4865/2573 2828/4864/2577 2845/5407/2857
f 2589/4865/2573 2845/5407/2857 2643/5408/2859
f 2372/5409/2571 2589/4865/2573 2643/5408/2859
f 2372/5409/2571 2643/5408/2859 2459/5410/2862
f 2247/5411/2569 2372/5409/2571 2459/5410/2862
f 2247/5411/2569 2459/5410/2862 2224/5412/2864
f 2067/5413/2567 2247/5411/2569 2224/5412/2864
f 2067/5413/2567 2224/5412/2864 2038/5414/2867
f 1961/5415/2565 2067/5413/2567 2038/5414/2867
f 1961/5415/2565 2038/5414/2867 1880/5036/2868
f 2045/5416/2563 1961/5415/2565 1880/5036/2868
f 2045/5416/2563 1880/5036/2868 1928/5038/2872
f 2168/4867/2562 2045/5416/2563 1928/5038/2872
f 2168/4867/2562 1928/5038/2872 2132/5039/2873
f 2359/4868/2558 2168/4867/2562 2132/5039/2873
f 2359/4868/2558 2132/5039/2873 2380/5041/2877
f 2509/5417/2556 2359/4868/2558 2380/5041/2877
f 2509/5417/2556 2380/5041/2877 2469/5418/2878
f 2707/5419/2554 2509/5417/2556 2469/5418/2878
f 2707/5419/2554 2469/5418/2878 2638/5420/2880
f 2846/5421/2552 2707/5419/2554 2638/5420/2880
f 2846/5421/2552 2638/5420/2880 2928/5042/2883
f 2915/5422/2550 2846/5421/2552 2928/5042/2883
f 2915/5422/2550 2928/5042/2883 3008/5044/2886
f 2718/5423/2548 2915/5422/2550 3008/5044/2886
f 2718/5423/2548 3008/5044/2886 2813/5424/2888
f 2590/5425/2546 2718/5423/2548 2813/5424/2888
f 2590/5425/2546 2813/5424/2888 2680/4993/2889
f 2590/5425/2546 2680/4993/2889 2472/4992/2893
f 2248/5426/2542 2436/5427/2544 2472/4992/2893
f 2472/4992/2893 2436/5427/2544 2590/5425/2546
f 2248/5426/2542 2472/4992/2893 2279/5428/2894
f 2107/5429/2540 2248/5426/2542 2279/5428/2894
f 2107/5429/2540 2279/5428/2894 2027/5430/2896
f 1971/5431/2538 2107/5429/2540 2027/5430/2896
f 1971/5431/2538 2027/5430/2896 1877/5045/2898
f 2000/4870/2537 1971/5431/2538 1877/5045/2898
f 1833/5046/2900 2033/5047/2903 2190/4871/2533
f 2190/4871/2533 2033/5047/2903 2356/5049/2531
f 2322/5048/2906 2540/5051/2909 2506/4873/2529
f 2506/4873/2529 2540/5051/2909 2706/4874/2526
f 2735/5052/2910 2948/5055/2914 2847/5053/2524
f 2847/5053/2524 2948/5055/2914 2959/4876/2523
f 3021/5056/2915 2887/5057/2917 2794/4877/2519
f 2794/4877/2519 2887/5057/2917 2587/5059/2517
f 2691/5058/2920 2466/5432/2922 2437/5060/2515
f 2437/5060/2515 2466/5432/2922 2249/5433/2513
f 2466/5432/2922 2306/5061/2925 2249/5433/2513
f 2249/5433/2513 2306/5061/2925 2108/5063/2511
f 1922/5062/2927 1826/5066/2930 1980/5064/2509
f 1980/5064/2509 1826/5066/2930 1993/5068/2507
f 1888/5067/2931 2134/5070/2935 2097/4879/2506
f 2097/4879/2506 2134/5070/2935 2344/4880/2501
f 2230/5071/2936 2405/5434/2938 2504/5072/2499
f 2504/5072/2499 2405/5434/2938 2659/5435/2497
f 2405/5434/2938 2648/5073/2941 2659/5435/2497
f 2659/5435/2497 2648/5073/2941 2777/5075/2496
f 2822/5074/2943 3036/5079/2945 2956/5076/2494
f 2956/5076/2494 3036/5079/2945 2919/5077/2948
f 2956/5076/2494 2919/5077/2948 2862/5436/2492
f 2862/5436/2492 2919/5077/2948 2697/4882/2490
f 2631/5078/2952 2525/5082/2953 2440/4883/2391
f 2440/4883/2391 2525/5082/2953 2300/5084/2389
f 2305/5083/2957 2125/5087/2958 2110/5085/2387
f 2110/5085/2387 2125/5087/2958 1991/5089/2385
f 1864/5088/2960 1889/5092/2963 1982/5090/2383
f 1982/5090/2383 1889/5092/2963 2156/5094/2381
f 2042/5093/2966 2328/5096/2968 2283/5095/2379
f 2283/5095/2379 2328/5096/2968 2503/5098/2377
f 2470/5097/2969 2695/5100/2973 2657/4885/2375
f 2657/4885/2375 2695/5100/2973 2844/4886/2372
f 2937/5101/2974 3025/5103/2976 2958/5102/2370
f 2958/5102/2370 3025/5103/2976 2891/4888/2369
f 2943/5104/2978 2724/5437/2980 2668/4889/2365
f 2668/4889/2365 2724/5437/2980 2438/5438/2363
f 2724/5437/2980 2537/5105/2983 2438/5438/2363
f 2438/5438/2363 2537/5105/2983 2296/5107/2361
f 2212/5106/2986 2022/5110/2988 2106/5108/2359
f 2106/5108/2359 2022/5110/2988 2008/5112/2357
f 1923/5111/2989 1892/5115/2993 1973/5113/2355
f 1973/5113/2355 1892/5115/2993 2100/4891/2354
f 1925/5116/2994 2138/5117/2996 2287/4892/2350
f 2287/4892/2350 2138/5117/2996 2428/5119/2348
f 2398/5118/2999 2675/5122/3002 2662/5120/2346
f 2662/5120/2346 2675/5122/3002 2783/4894/2345
f 2513/5439/2334 2666/4898/2336 2754/5128/3010
f 2754/5128/3010 2666/4898/2336 2857/4897/2339
f 2513/5439/2334 2754/5128/3010 2546/5129/3012
f 2293/5131/2332 2513/5439/2334 2546/5129/3012
f 1831/5139/3022 2034/5142/3025 2103/5140/2324
f 2103/5140/2324 2034/5142/3025 2272/5143/2322
f 2272/5143/2322 2423/5146/3028 2429/4900/2320
f 2429/4900/2320 2423/5146/3028 2663/4901/2317
f 2423/5146/3028 2554/5147/3031 2663/4901/2317
f 2663/4901/2317 2554/5147/3031 2784/5149/2315
f 2756/5148/3033 2996/5152/3036 2902/5150/2313
f 2902/5150/2313 2996/5152/3036 2860/5440/2312
f 2996/5152/3036 2973/5153/3038 2860/5440/2312
f 2860/5440/2312 2973/5153/3038 2714/5155/2310
f 2768/5154/3040 2532/5156/3042 2576/4903/2308
f 2576/4903/2308 2532/5156/3042 2294/4904/2304
f 2159/5158/3047 1931/5162/3049 2061/5160/2301
f 2061/5160/2301 1931/5162/3049 1955/5164/2299
f 1854/5163/3052 1910/5167/3054 2094/5165/2297
f 2094/5165/2297 1910/5167/3054 2235/5169/2294
f 2394/5170/3059 2640/5173/3061 2626/4907/2288
f 2626/4907/2288 2640/5173/3061 2779/5175/2286
f 2900/5176/2284 2982/5178/3067 2859/5441/2281
f 2859/5441/2281 2982/5178/3067 2719/5180/2279
f 2719/5180/2279 2577/5182/3072 2591/5442/2278
f 2591/5442/2278 2577/5182/3072 2374/5443/2276
f 2577/5182/3072 2396/5183/3074 2374/5443/2276
f 2374/5443/2276 2396/5183/3074 2250/5185/2274
f 1899/5193/3084 2085/5196/3086 2166/5194/2266
f 2166/5194/2266 2085/5196/3086 2358/5195/2264
f 2358/5195/2264 2477/5198/3090 2508/4909/2262
f 2508/4909/2262 2477/5198/3090 2778/4910/2259
f 2477/5198/3090 2731/5444/3092 2778/4910/2259
f 2778/4910/2259 2731/5444/3092 2899/5445/2256
f 2731/5444/3092 2932/5199/3094 2899/5445/2256
f 2899/5445/2256 2932/5199/3094 2913/5201/2255
f 2988/5200/3097 2810/5446/3099 2793/4912/2253
f 2793/4912/2253 2810/5446/3099 2517/4913/2250
f 2810/5446/3099 2616/5202/3102 2517/4913/2250
f 2517/4913/2250 2616/5202/3102 2375/5204/2247
f 2307/5203/3104 2130/5207/3107 2251/5205/2246
f 2251/5205/2246 2130/5207/3107 2068/5209/2244
f 2238/5447/2238 2077/5212/2239 1891/5448/3113
f 1891/5448/3113 2077/5212/2239 1829/5210/3112
f 2238/5447/2238 1891/5448/3113 2043/5214/3115
f 2360/5216/2236 2238/5447/2238 2043/5214/3115
f 2326/5215/3118 2487/5449/3120 2510/4915/2234
f 2510/4915/2234 2487/5449/3120 2767/4916/2230
f 2487/5449/3120 2736/5217/3123 2767/4916/2230
f 2767/4916/2230 2736/5217/3123 2905/5219/2229
f 3012/5218/3126 3005/5223/3130 2910/5220/2227
f 2910/5220/2227 3005/5223/3130 2713/5225/2225
f 2831/5224/3131 2632/5228/3135 2583/5226/2223
f 2583/5226/2223 2632/5228/3135 2434/5450/2220
f 2632/5228/3135 2452/5229/3136 2434/5450/2220
f 2434/5450/2220 2452/5229/3136 2273/4918/2219
f 2211/5230/3138 2020/5231/3141 2066/4919/2214
f 2066/4919/2214 2020/5231/3141 1958/5233/2212
f 1828/5232/3143 1890/5235/3146 2053/5234/2210
f 2053/5234/2210 1890/5235/3146 2205/5237/2209
f 2047/5236/3148 2383/5240/3152 2362/5238/2206
f 2362/5238/2206 2383/5240/3152 2567/5242/2204
f 2556/5241/3153 2765/5245/3157 2708/5243/2203
f 2708/5243/2203 2765/5245/3157 2848/5247/2201
f 2936/5246/3158 3000/5451/3160 2916/5248/2198
f 2916/5248/2198 3000/5451/3160 2795/5452/2197
f 3000/5451/3160 2854/5249/3163 2795/5452/2197
f 2795/5452/2197 2854/5249/3163 2593/5251/2195
f 2636/5250/3165 2465/5453/3168 2441/5252/2193
f 2441/5252/2193 2465/5453/3168 2275/5253/3169
f 2441/5252/2193 2275/5253/3169 2286/4921/2191
f 2286/4921/2191 2275/5253/3169 2071/4922/2187
f 1876/5257/3174 1937/5260/3178 2016/5258/2183
f 2016/5258/2183 1937/5260/3178 2164/5262/2181
f 2044/5261/3179 2227/5454/3181 2353/5263/2179
f 2353/5263/2179 2227/5454/3181 2501/5455/2177
f 2227/5454/3181 2485/5264/3184 2501/5455/2177
f 2501/5455/2177 2485/5264/3184 2653/5266/2175
f 2732/5265/3187 2967/5269/3189 2841/5267/2174
f 2841/5267/2174 2967/5269/3189 2951/5271/2171
f 3040/5270/3190 2880/5274/3194 2798/5272/2170
f 2798/5272/2170 2880/5274/3194 2597/5456/2167
f 2880/5274/3194 2683/5275/3195 2597/5456/2167
f 2597/5456/2167 2683/5275/3195 2445/5277/2165
f 2474/5276/3197 2291/5279/3199 2254/5278/2163
f 2254/5278/2163 2291/5279/3199 2111/5281/2161
f 2028/5280/3201 1878/5283/3204 1974/5282/2159
f 1974/5282/2159 1878/5283/3204 2002/5285/2157
f 1865/5284/3207 2140/5288/3210 2165/5286/2155
f 2165/5286/2155 2140/5288/3210 2285/5290/2152
f 2774/4924/2146 2658/5293/2148 2748/5296/3217
f 2748/5296/3217 2658/5293/2148 2536/5291/3215
f 2774/4924/2146 2748/5296/3217 2966/5297/3219
f 2914/4925/2143 2774/4924/2146 2966/5297/3219
f 2914/4925/2143 2966/5297/3219 3024/5299/3222
f 2802/5301/2140 2914/4925/2143 3024/5299/3222
f 2875/5300/3224 2599/5304/3227 2615/5302/2395
f 2259/5457/2399 2495/5306/2397 2498/5305/3229
f 2128/5458/2402 2259/5457/2399 2333/5307/3230
f 2333/5307/3230 2259/5457/2399 2498/5305/3229
f 2128/5458/2402 2333/5307/3230 2060/5309/3233
f 1984/5459/2403 2128/5458/2402 2060/5309/3233
f 1984/5459/2403 2060/5309/3233 1895/5310/3235
f 1989/4927/2405 1984/5459/2403 1895/5310/3235
f 1897/5311/3238 2072/5313/3240 2171/4928/2409
f 2171/4928/2409 2072/5313/3240 2335/5460/2411
f 2072/5313/3240 2222/5315/3242 2335/5460/2411
f 2335/5460/2411 2222/5315/3242 2511/5317/2413
f 2417/5316/3244 2701/5320/3247 2625/5318/2415
f 2625/5318/2415 2701/5320/3247 2804/4930/2418
f 2701/5320/3247 2879/5321/3249 2804/4930/2418
f 2804/4930/2418 2879/5321/3249 2922/4931/2421
f 3023/5322/3251 2952/5325/3254 2825/5323/2423
f 2825/5323/2423 2952/5325/3254 2634/5461/2425
f 2952/5325/3254 2650/5327/3256 2634/5461/2425
f 2634/5461/2425 2650/5327/3256 2521/5329/2426
f 2528/5328/3258 2288/5462/3260 2340/5330/2428
f 2340/5330/2428 2288/5462/3260 2157/5463/2430
f 2288/5462/3260 2114/5331/3263 2157/5463/2430
f 2157/5463/2430 2114/5331/3263 1995/4933/2433
f 1909/5332/3265 1905/5334/3268 1977/4934/2436
f 1977/4934/2436 1905/5334/3268 2120/5464/2438
f 1905/5334/3268 1970/5335/3270 2120/5464/2438
f 2120/5464/2438 1970/5335/3270 2256/5337/2439
f 2191/5336/3272 2497/5340/3275 2490/5338/2441
f 2490/5338/2441 2497/5340/3275 2608/5465/2443
f 2497/5340/3275 2690/5342/3277 2608/5465/2443
f 2608/5465/2443 2690/5342/3277 2788/5344/2446
f 2885/5343/3280 3022/5347/3284 2888/5345/2447
f 2888/5345/2447 3022/5347/3284 2834/5466/2449
f 3022/5347/3284 2962/5348/3286 2834/5466/2449
f 2834/5466/2449 2962/5348/3286 2606/5350/2451
f 2749/5349/3288 2524/5467/3290 2489/5351/2454
f 2489/5351/2454 2524/5467/3290 2347/5468/2455
f 2524/5467/3290 2345/5352/3292 2347/5468/2455
f 2347/5468/2455 2345/5352/3292 2116/5354/2457
f 2170/5353/3294 1900/5357/3297 2014/5355/2460
f 2014/5355/2460 1900/5357/3297 1969/5469/2461
f 1900/5357/3297 1855/5358/3299 1969/5469/2461
f 1969/5469/2461 1855/5358/3299 2104/5360/2463
f 2013/5359/3302 2278/5364/3306 2203/5361/2465
f 2203/5361/2465 2278/5364/3306 2457/5470/2468
f 2278/5364/3306 2408/5365/3308 2457/5470/2468
f 2457/5470/2468 2408/5365/3308 2582/5367/2469
f 2564/5366/3310 2755/5471/3312 2764/4936/2471
f 2764/4936/2471 2755/5471/3312 2961/4937/2475
f 2755/5471/3312 3032/5368/3314 2961/4937/2475
f 2961/4937/2475 3032/5368/3314 2803/5370/2477
f 2970/5369/3316 2628/5373/3319 2687/5371/2479
f 2687/5371/2479 2628/5373/3319 2560/5374/2480
f 2431/5375/2482 2334/5377/3324 2263/4938/2484
f 2263/4938/2484 2334/5377/3324 2243/4939/3325
f 2243/4939/3325 2029/5472/3327 2073/4940/2486
f 2029/5472/3327 1916/5378/3328 2073/4940/2486
f 2073/4940/2486 1916/5378/3328 1904/5380/2488
f 1904/5380/2488 1898/5381/3332 2006/5473/2489
f 2006/5473/2489 1898/5381/3332 2078/5474/3363
f 2078/5474/3363 1898/5381/3332 2188/4942/3362
f 2076/4943/3334 2188/4942/3362 1898/5381/3332
f 2711/5475/2734 2853/5476/2730 2620/5477/2728
f 2620/5477/3348 2526/5478/3347 2450/5479/2737
f 2450/5479/2737 2526/5478/3347 2343/5480/3350
f 2450/5479/2737 2343/5480/3350 2342/5481/2739
f 2342/5481/2739 2343/5480/3350 2186/5482/2740
f 2186/5482/2740 2343/5480/3350 1987/5483/2741
f 1824/5484/2744 1911/5485/2743 1867/5486/2746
f 2341/5487/2751 2194/5488/2750 2493/5489/2753
f 2995/5490/2759 2826/5491/2757 3019/5492/2761
f 2623/5493/2766 2752/5494/2765 2480/5495/2768
f 1966/5496/2773 2172/5497/2771 1862/5498/2775
f 1868/5499/2778 1853/5500/2777 2048/5501/2780
f 2124/5502/2781 2048/5501/2780 2276/5503/2783
f 2757/5504/2788 2676/5505/2787 2861/5506/2790
f 2870/5507/2795 2971/5508/2794 2766/5509/2797
f 2611/5510/2798 2766/5509/2797 2575/5511/2799
f 2458/5512/2800 2575/5511/2799 2381/5513/2802
f 2241/5514/2803 2381/5513/2802 2075/5515/2805
f 2304/5516/2814 2154/5517/2812 2453/5518/2816
f 2730/5519/2819 2530/5520/2818 2868/5521/2820
f 2927/5522/2821 2868/5521/2820 2994/5523/2823
f 3041/5524/2824 2994/5523/2823 2979/5525/2826
f 2681/5526/2829 2787/5527/2827 2602/5528/2831
f 2036/5529/2842 1908/5530/2841 2257/5531/2844
f 2488/5532/2861 2614/5533/2860 2403/5534/2863
f 1880/5535/2868 1940/5536/2866 1848/5537/2869
f 2923/5538/2882 2801/5539/2881 2981/5540/2884
f 2680/5541/2889 2823/5542/2887 2559/5543/2890
f 2019/5544/2902 1863/5545/2901 2195/5546/2904
f 2226/5547/2905 2195/5546/2904 2385/5548/2907
f 2739/5549/2919 2851/5550/2918 2649/5551/2921
f 2329/5552/2924 2461/5553/2923 2148/5554/2926
f 2629/5555/2940 2545/5556/2939 2759/5557/2942
f 3036/5558/2945 2924/5559/2944 3003/5560/2946
f 3014/5561/2947 3003/5560/2946 2821/5562/2949
f 1827/5563/2962 1893/5564/2961 1920/5565/2964
f 2470/5566/2969 2213/5567/2967 2538/5568/2970
f 2552/5569/2982 2693/5570/2981 2467/5571/2984
f 1923/5572/2989 2039/5573/2987 1838/5574/2990
f 2393/5575/2998 2315/5576/2997 2533/5577/3000
f 2800/5578/3003 2639/5579/3001 2968/5580/3005
f 3030/5581/3007 3026/5582/3006 2920/5583/3008
f 2818/5584/3009 2920/5583/3008 2644/5585/3011
f 2400/5586/3014 2527/5587/3013 2319/5588/3016
f 2184/5589/3017 2319/5588/3016 2023/5590/3018
f 1933/5591/3019 2023/5590/3018 1886/5592/3021
f 1907/5593/3024 1844/5594/3023 2113/5595/3026
f 2185/5596/3027 2113/5595/3026 2308/5597/3029
f 2977/5598/3035 2926/5599/3034 3020/5600/3037
f 2401/5601/3044 2539/5602/3043 2325/5603/3046
f 2225/5604/3045 2325/5603/3046 2041/5605/3048
f 1845/5606/3051 1934/5607/3050 1872/5608/3053
f 2133/5609/3056 2025/5610/3055 2269/5611/3057
f 2518/5612/3060 2390/5613/3058 2682/5614/3062
f 2645/5615/3071 2758/5616/3070 2483/5617/3073
f 2220/5618/3076 2376/5619/3075 2143/5620/3078
f 1968/5621/3079 2143/5620/3078 1881/5622/3080
f 1839/5623/3081 1881/5622/3080 1871/5624/3083
f 2316/5625/3088 2215/5626/3087 2460/5627/3089
f 3039/5628/3096 2998/5629/3095 2974/5630/3098
f 2641/5631/3101 2770/5632/3100 2473/5633/3103
f 2310/5634/3117 2218/5635/3116 2448/5636/3119
f 2727/5637/3122 2547/5638/3121 2830/5639/3124
f 2935/5640/3125 2830/5639/3124 2992/5641/3127
f 2046/5642/3140 2207/5643/3139 1939/5644/3142
f 1874/5645/3145 1849/5646/3144 2004/5647/3147
f 2047/5648/3148 2004/5647/3147 2210/5649/3149
f 2940/5650/3162 2990/5651/3161 2824/5652/3164
f 2275/5653/3169 2406/5654/3167 2147/5655/3170
f 2464/5656/3183 2388/5657/3182 2603/5658/3185
f 3040/5659/3190 2925/5660/3188 3015/5661/3191
f 1883/5662/3203 2032/5663/3202 1841/5664/3205
f 1834/5665/3206 1841/5664/3205 1926/5666/3208
f 2646/5667/3216 2555/5668/3214 2763/5669/3218
f 3031/5670/3221 2972/5671/3220 3004/5672/3223
f 2333/5673/3230 2475/5674/3228 2277/5675/3231
f 2136/5676/3232 2277/5675/3231 1932/5677/3234
f 1825/5678/3237 1884/5679/3236 1927/5680/3239
f 2222/5681/3242 2141/5682/3241 2365/5683/3243
f 2600/5684/3246 2478/5685/3245 2753/5686/3248
f 3023/5687/3251 2930/5688/3250 3013/5689/3252
f 3009/5690/3253 3013/5689/3252 2819/5691/3255
f 2145/5692/3262 2292/5693/3261 2040/5694/3264
f 1846/5695/3267 1887/5696/3266 1917/5697/3269
f 2191/5698/3272 2026/5699/3271 2311/5700/3273
f 2364/5701/3274 2311/5700/3273 2534/5702/3276
f 2809/5703/3279 2728/5704/3278 2941/5705/3282
f 3016/5706/3285 3029/5707/3283 2934/5708/3287
f 2170/5709/3294 2321/5710/3293 2118/5711/3295
f 1935/5712/3296 2118/5711/3295 1847/5713/3298
f 1912/5714/3301 1873/5715/3300 2122/5716/3304
f 2395/5717/3307 2216/5718/3305 2522/5719/3309
f 2564/5720/3310 2522/5719/3309 2700/5721/3311
f 2814/5722/3318 2929/5723/3317 2729/5724/3320
f 1916/5725/3328 2137/5726/3326 1879/5727/3329
f 1823/5728/3330 1879/5727/3329 1866/5729/3331
f 1858/5730/2809 1859/5731/2807 1960/5732/2651
f 1858/5730/2809 1960/5732/2651 2092/5733/2649
f 2343/5480/3350 2150/5734/3352 1987/5483/2741
f 1987/5483/2741 2150/5734/3352 1911/5485/2743
f 1911/5485/2743 2150/5734/3352 2005/5735/3354
f 1911/5485/2743 2005/5735/3354 1867/5486/2746
f 1867/5486/2746 2005/5735/3354 1976/5736/2707
f 1867/5486/2746 1976/5736/2707 1915/5737/2748
f 1915/5737/2748 1976/5736/2707 2087/5738/2705
f 1915/5737/2748 2087/5738/2705 2194/5488/2750
f 2194/5488/2750 2087/5738/2705 2266/5739/2703
f 2194/5488/2750 2266/5739/2703 2493/5489/2753
f 2493/5489/2753 2266/5739/2703 2449/5740/2701
f 2493/5489/2753 2449/5740/2701 2578/5741/2754
f 2578/5741/2754 2449/5740/2701 2627/5742/2698
f 2578/5741/2754 2627/5742/2698 2826/5491/2757
f 2826/5491/2757 2627/5742/2698 2815/5743/2696
f 2826/5491/2757 2815/5743/2696 3019/5492/2761
f 3019/5492/2761 2815/5743/2696 2965/5744/2693
f 3019/5492/2761 2965/5744/2693 2978/5745/2763
f 2978/5745/2763 2965/5744/2693 2872/5746/2691
f 2978/5745/2763 2872/5746/2691 2752/5494/2765
f 2752/5494/2765 2872/5746/2691 2688/5747/2689
f 2752/5494/2765 2688/5747/2689 2480/5495/2768
f 2480/5495/2768 2688/5747/2689 2496/5748/2686
f 2480/5495/2768 2496/5748/2686 2337/5749/2769
f 2337/5749/2769 2496/5748/2686 2332/5750/2684
f 2337/5749/2769 2332/5750/2684 2172/5497/2771
f 2172/5497/2771 2332/5750/2684 2127/5751/2682
f 2172/5497/2771 2127/5751/2682 1862/5498/2775
f 1862/5498/2775 2127/5751/2682 2017/5752/2680
f 1862/5498/2775 2017/5752/2680 1853/5500/2777
f 1853/5500/2777 2017/5752/2680 1962/5753/2679
f 1853/5500/2777 1962/5753/2679 2048/5501/2780
f 2048/5501/2780 1962/5753/2679 2089/5754/2676
f 2048/5501/2780 2089/5754/2676 2276/5503/2783
f 2276/5503/2783 2089/5754/2676 2268/5755/2674
f 2276/5503/2783 2268/5755/2674 2433/5756/2785
f 2433/5756/2785 2268/5755/2674 2451/5757/2672
f 2433/5756/2785 2451/5757/2672 2676/5505/2787
f 2676/5505/2787 2451/5757/2672 2630/5758/2671
f 2676/5505/2787 2630/5758/2671 2861/5506/2790
f 2861/5506/2790 2630/5758/2671 2743/5759/2669
f 2861/5506/2790 2743/5759/2669 3001/5760/2792
f 3001/5760/2792 2743/5759/2669 2892/5761/2666
f 3001/5760/2792 2892/5761/2666 2971/5508/2794
f 2971/5508/2794 2892/5761/2666 2871/5762/2664
f 2971/5508/2794 2871/5762/2664 2766/5509/2797
f 2766/5509/2797 2871/5762/2664 2684/5763/2662
f 2766/5509/2797 2684/5763/2662 2575/5511/2799
f 2575/5511/2799 2684/5763/2662 2565/5764/2660
f 2575/5511/2799 2565/5764/2660 2381/5513/2802
f 2381/5513/2802 2565/5764/2660 2407/5765/2658
f 2381/5513/2802 2407/5765/2658 2075/5515/2805
f 2075/5515/2805 2407/5765/2658 2204/5766/2655
f 2075/5515/2805 2204/5766/2655 1859/5731/2807
f 1859/5731/2807 2204/5766/2655 2051/5767/2653
f 1859/5731/2807 2051/5767/2653 1960/5732/2651
f 2005/5735/3354 1998/5768/2708 1976/5736/2707
f 2565/5764/2660 2494/5769/2659 2407/5765/2658
f 2092/5733/2649 2270/5770/2646 2154/5517/2812
f 2154/5517/2812 2270/5770/2646 2453/5518/2816
f 2715/5771/2634 2592/5772/2632 2602/5528/2831
f 2602/5528/2831 2592/5772/2632 2366/5773/2832
f 2377/5774/2630 2244/5775/2628 2201/5776/2834
f 2201/5776/2834 2244/5775/2628 1943/5777/2837
f 2070/5778/2626 1951/5779/2624 1857/5780/2839
f 1857/5780/2839 1951/5779/2624 1908/5530/2841
f 2234/5781/2620 2354/5782/2617 2409/5783/2846
f 2409/5783/2846 2354/5782/2617 2617/5784/2848
f 2354/5782/2617 2425/5785/2616 2568/5786/2615
f 2568/5786/2615 2703/5787/2612 2808/5788/2850
f 2808/5788/2850 2703/5787/2612 2987/5789/2853
f 2703/5787/2612 2780/5790/2611 2895/5791/2610
f 2911/5792/2608 2720/5793/2606 2737/5794/2858
f 2737/5794/2858 2720/5793/2606 2614/5533/2860
f 2594/5795/2604 2442/5796/2602 2378/5797/2601
f 2594/5795/2604 2378/5797/2601 2403/5534/2863
f 2403/5534/2863 2378/5797/2601 2229/5798/2865
f 2252/5799/2599 2084/5800/2597 1940/5536/2866
f 1940/5536/2866 2084/5800/2597 1848/5537/2869
f 1946/5801/2594 2056/5802/2592 1918/5803/2871
f 1918/5803/2871 2056/5802/2592 2206/5804/2874
f 2162/5805/2590 2351/5806/2588 2384/5807/2876
f 2384/5807/2876 2351/5806/2588 2607/5808/2879
f 2702/5809/2584 2839/5810/2582 2953/5811/2581
f 2702/5809/2584 2953/5811/2581 2981/5540/2884
f 2981/5540/2884 2953/5811/2581 2993/5812/2885
f 2917/5813/2579 2799/5814/2576 2823/5542/2887
f 2823/5542/2887 2799/5814/2576 2559/5543/2890
f 2799/5814/2576 2717/5815/2575 2598/5816/2574
f 2598/5816/2574 2446/5817/2572 2330/5818/2892
f 2330/5818/2892 2446/5817/2572 2149/5819/2895
f 2255/5820/2570 2093/5821/2568 1896/5822/2897
f 1896/5822/2897 2093/5821/2568 1852/5823/2899
f 2052/5824/2564 2161/5825/2561 2195/5546/2904
f 2195/5546/2904 2161/5825/2561 2385/5548/2907
f 2161/5825/2561 2237/5826/2560 2350/5827/2559
f 2350/5827/2559 2500/5828/2557 2544/5829/2908
f 2544/5829/2908 2500/5828/2557 2652/5830/2555
f 2544/5829/2908 2652/5830/2555 2769/5831/2911
f 2769/5831/2911 2652/5830/2555 2976/5832/2913
f 2652/5830/2555 2840/5833/2553 2976/5832/2913
f 2976/5832/2913 2840/5833/2553 3017/5834/2916
f 2797/5835/2549 2596/5836/2547 2649/5551/2921
f 2649/5551/2921 2596/5836/2547 2461/5553/2923
f 2444/5837/2545 2253/5838/2543 2148/5554/2926
f 2148/5554/2926 2253/5838/2543 1941/5839/2928
f 2112/5840/2541 1963/5841/2539 1941/5839/2928
f 1941/5839/2928 1963/5841/2539 1850/5842/2929
f 2003/5843/2536 2163/5844/2534 2129/5845/2934
f 2129/5845/2934 2163/5844/2534 2371/5846/2937
f 2281/5847/2532 2502/5848/2530 2545/5556/2939
f 2545/5556/2939 2502/5848/2530 2759/5557/2942
f 2502/5848/2530 2654/5849/2528 2750/5850/2527
f 2843/5851/2525 2955/5852/2522 3003/5560/2946
f 3003/5560/2946 2955/5852/2522 2821/5562/2949
f 2955/5852/2522 2908/5853/2521 2791/5854/2520
f 2791/5854/2520 2670/5855/2518 2557/5856/2951
f 2557/5856/2951 2670/5855/2518 2404/5857/2954
f 2439/5858/2516 2298/5859/2514 2146/5860/2956
f 2146/5860/2956 2298/5859/2514 1938/5861/2959
f 2109/5862/2512 1975/5863/2510 1893/5564/2961
f 1893/5564/2961 1975/5863/2510 1920/5565/2964
f 2001/5864/2508 2098/5865/2505 2189/5866/2504
f 2189/5866/2504 2352/5867/2502 2213/5567/2967
f 2213/5567/2967 2352/5867/2502 2538/5568/2970
f 2505/5868/2500 2656/5869/2498 2726/5870/2972
f 2726/5870/2972 2656/5869/2498 2944/5871/2975
f 2957/5872/2493 2796/5873/2491 2817/5874/2979
f 2817/5874/2979 2796/5873/2491 2693/5570/2981
f 2672/5875/2394 2443/5876/2392 2467/5571/2984
f 2467/5571/2984 2443/5876/2392 2318/5877/2985
f 2301/5878/2390 2155/5879/2388 2039/5573/2987
f 2039/5573/2987 2155/5879/2388 1838/5574/2990
f 1981/5880/2386 1992/5881/2384 1870/5882/2992
f 1870/5882/2992 1992/5881/2384 2126/5883/2995
f 2099/5884/2382 2284/5885/2380 2315/5576/2997
f 2315/5576/2997 2284/5885/2380 2533/5577/3000
f 2655/5886/2376 2773/5887/2374 2882/5888/2373
f 2655/5886/2376 2882/5888/2373 2968/5580/3005
f 2968/5580/3005 2882/5888/2373 3026/5582/3006
f 2954/5889/2371 2867/5890/2368 3026/5582/3006
f 3026/5582/3006 2867/5890/2368 2920/5583/3008
f 2867/5890/2368 2792/5891/2367 2673/5892/2366
f 2673/5892/2366 2519/5893/2364 2527/5587/3013
f 2527/5587/3013 2519/5893/2364 2319/5588/3016
f 2302/5894/2362 2174/5895/2360 2023/5590/3018
f 2023/5590/3018 2174/5895/2360 1886/5592/3021
f 1983/5896/2356 2095/5897/2353 2113/5595/3026
f 2113/5595/3026 2095/5897/2353 2282/5898/2351
f 2113/5595/3026 2282/5898/2351 2308/5597/3029
f 2308/5597/3029 2282/5898/2351 2420/5899/2349
f 2308/5597/3029 2420/5899/2349 2471/5900/3030
f 2471/5900/3030 2420/5899/2349 2566/5901/2347
f 2471/5900/3030 2566/5901/2347 2692/5902/3032
f 2692/5902/3032 2566/5901/2347 2926/5599/3034
f 2095/5897/2353 2167/5903/2352 2282/5898/2351
f 2566/5901/2347 2772/5904/2344 2926/5599/3034
f 2926/5599/3034 2772/5904/2344 3020/5600/3037
f 2866/5905/2340 2721/5906/2338 2674/5907/2337
f 2866/5905/2340 2674/5907/2337 2733/5908/3041
f 2733/5908/3041 2674/5907/2337 2539/5602/3043
f 2520/5909/2335 2303/5910/2333 2325/5603/3046
f 2325/5603/3046 2303/5910/2333 2041/5605/3048
f 2182/5911/2331 2010/5912/2329 1934/5607/3050
f 1934/5607/3050 2010/5912/2329 1872/5608/3053
f 1972/5913/2327 2096/5914/2325 2025/5610/3055
f 2025/5610/3055 2096/5914/2325 2269/5611/3057
f 2233/5915/2323 2424/5916/2321 2390/5613/3058
f 2390/5613/3058 2424/5916/2321 2682/5614/3062
f 2424/5916/2321 2569/5917/2319 2677/5918/2318
f 2776/5919/2316 2898/5920/2314 3002/5921/3066
f 3002/5921/3066 2898/5920/2314 2933/5922/3068
f 2864/5923/2311 2698/5924/2309 2758/5616/3070
f 2758/5616/3070 2698/5924/2309 2483/5617/3073
f 2271/5925/2295 2348/5926/2292 2462/5927/2291
f 2605/5928/2289 2762/5929/2287 2850/5930/3093
f 2850/5930/3093 2762/5929/2287 2998/5629/3095
f 2762/5929/2287 2906/5931/2285 2998/5629/3095
f 2998/5629/3095 2906/5931/2285 2974/5630/3098
f 2906/5931/2285 2946/5932/2283 2884/5933/2282
f 2411/5934/2263 2561/5935/2261 2547/5638/3121
f 2547/5638/3121 2561/5935/2261 2830/5639/3124
f 2079/5936/2240 2202/5937/2237 2210/5649/3149
f 2210/5649/3149 2202/5937/2237 2386/5938/3151
f 2430/5939/2221 2299/5940/2218 2231/5941/2217
f 2083/5942/2215 1948/5943/2213 1851/5944/3175
f 1851/5944/3175 1948/5943/2213 1921/5945/3177
f 2262/5946/2190 2105/5947/2188 2032/5663/3202
f 2032/5663/3202 2105/5947/2188 1841/5664/3205
f 2842/5948/2173 2949/5949/2172 2972/5671/3220
f 2972/5671/3220 2949/5949/2172 3004/5672/3223
f 2610/5950/2168 2456/5951/2166 2475/5674/3228
f 2475/5674/3228 2456/5951/2166 2290/5952/2164
f 2475/5674/3228 2290/5952/2164 2277/5675/3231
f 2277/5675/3231 2290/5952/2164 1932/5677/3234
f 2117/5953/2162 2049/5954/2160 1967/5955/2158
f 1967/5955/2158 2015/5956/2156 1927/5680/3239
f 1927/5680/3239 2015/5956/2156 2141/5682/3241
f 2346/5957/2153 2419/5958/2151 2543/5959/2149
f 2543/5959/2149 2744/5960/2147 2753/5686/3248
f 2753/5686/3248 2744/5960/2147 2930/5688/3250
f 2741/5961/2141 2579/5962/2396 2551/5963/3257
f 2551/5963/3257 2579/5962/2396 2397/5964/3259
f 2081/5965/2401 1978/5966/2404 1887/5696/3266
f 1887/5696/3266 1978/5966/2404 1917/5697/3269
f 2091/5967/2408 2245/5968/2410 2349/5969/2412
f 2349/5969/2412 2531/5970/2414 2534/5702/3276
f 2534/5702/3276 2531/5970/2414 2728/5704/3278
f 2761/5971/2417 2890/5972/2419 2963/5973/2420
f 2963/5973/2420 2838/5974/2422 2934/5708/3287
f 2934/5708/3287 2838/5974/2422 2699/5975/3289
f 2463/5976/2427 2336/5977/2429 2321/5710/3293
f 2321/5710/3293 2336/5977/2429 2160/5978/2431
f 2321/5710/3293 2160/5978/2431 2118/5711/3295
f 2118/5711/3295 2160/5978/2431 1985/5979/2432
f 2118/5711/3295 1985/5979/2432 1847/5713/3298
f 1847/5713/3298 1985/5979/2432 1873/5715/3300
f 1988/5980/2435 2121/5981/2437 2122/5716/3304
f 2122/5716/3304 2121/5981/2437 2216/5718/3305
f 2651/5982/2444 2789/5983/2445 2931/5984/3313
f 2931/5984/3313 2789/5983/2445 3028/5985/3315
f 2678/5986/2452 2432/5987/2453 2529/5988/3321
f 2529/5988/3321 2432/5987/2453 2314/5989/3323
f 1994/5990/2459 1979/5991/2462 1879/5727/3329
f 1879/5727/3329 1979/5991/2462 1866/5729/3331
f 2710/5992/3342 2604/5993/2470 2827/5994/2472
f 2746/5995/3364 2865/5996/2476 2686/5997/2478
f 2686/5997/2478 2562/5998/2481 2584/5999/3365
f 2584/5999/3365 2562/5998/2481 2379/6000/2483
f 2584/5999/3365 2379/6000/2483 2339/6001/3366
f 2339/6001/3366 2379/6000/2483 2152/6002/3367
f 2686/5997/2478 2584/5999/3365 2746/5995/3364
f 1902/6003/2810 1858/5730/2809 2092/5733/2649
f 1902/6003/2810 2092/5733/2649 2154/5517/2812
f 2270/5770/2646 2454/6004/2645 2453/5518/2816
f 2453/5518/2816 2454/6004/2645 2530/5520/2818
f 2454/6004/2645 2541/6005/2643 2530/5520/2818
f 2530/5520/2818 2541/6005/2643 2868/5521/2820
f 2541/6005/2643 2747/6006/2641 2868/5521/2820
f 2868/5521/2820 2747/6006/2641 2994/5523/2823
f 2747/6006/2641 2894/6007/2638 2994/5523/2823
f 2994/5523/2823 2894/6007/2638 2979/5525/2826
f 2894/6007/2638 2863/6008/2636 2979/5525/2826
f 2979/5525/2826 2863/6008/2636 2787/5527/2827
f 2863/6008/2636 2715/5771/2634 2787/5527/2827
f 2787/5527/2827 2715/5771/2634 2602/5528/2831
f 2592/5772/2632 2377/5774/2630 2366/5773/2832
f 2366/5773/2832 2377/5774/2630 2201/5776/2834
f 2244/5775/2628 2070/5778/2626 1943/5777/2837
f 1943/5777/2837 2070/5778/2626 1857/5780/2839
f 1951/5779/2624 2055/6009/2622 1908/5530/2841
f 1908/5530/2841 2055/6009/2622 2257/5531/2844
f 2055/6009/2622 2234/5781/2620 2257/5531/2844
f 2257/5531/2844 2234/5781/2620 2409/5783/2846
f 2354/5782/2617 2568/5786/2615 2617/5784/2848
f 2617/5784/2848 2568/5786/2615 2808/5788/2850
f 2703/5787/2612 2895/5791/2610 2987/5789/2853
f 2987/5789/2853 2895/5791/2610 2938/6010/2855
f 2895/5791/2610 2911/5792/2608 2938/6010/2855
f 2938/6010/2855 2911/5792/2608 2737/5794/2858
f 2720/5793/2606 2594/5795/2604 2614/5533/2860
f 2614/5533/2860 2594/5795/2604 2403/5534/2863
f 2378/5797/2601 2252/5799/2599 2229/5798/2865
f 2229/5798/2865 2252/5799/2599 1940/5536/2866
f 2084/5800/2597 1946/5801/2594 1848/5537/2869
f 1848/5537/2869 1946/5801/2594 1918/5803/2871
f 2056/5802/2592 2162/5805/2590 2206/5804/2874
f 2206/5804/2874 2162/5805/2590 2384/5807/2876
f 2351/5806/2588 2499/6011/2586 2607/5808/2879
f 2607/5808/2879 2499/6011/2586 2801/5539/2881
f 2499/6011/2586 2702/5809/2584 2801/5539/2881
f 2801/5539/2881 2702/5809/2584 2981/5540/2884
f 2953/5811/2581 2917/5813/2579 2993/5812/2885
f 2993/5812/2885 2917/5813/2579 2823/5542/2887
f 2799/5814/2576 2598/5816/2574 2559/5543/2890
f 2559/5543/2890 2598/5816/2574 2330/5818/2892
f 2446/5817/2572 2255/5820/2570 2149/5819/2895
f 2149/5819/2895 2255/5820/2570 1896/5822/2897
f 2093/5821/2568 1950/6012/2566 1852/5823/2899
f 1852/5823/2899 1950/6012/2566 1863/5545/2901
f 1950/6012/2566 2052/5824/2564 1863/5545/2901
f 1863/5545/2901 2052/5824/2564 2195/5546/2904
f 2161/5825/2561 2350/5827/2559 2385/5548/2907
f 2385/5548/2907 2350/5827/2559 2544/5829/2908
f 2840/5833/2553 2918/6013/2551 3017/5834/2916
f 3017/5834/2916 2918/6013/2551 2851/5550/2918
f 2918/6013/2551 2797/5835/2549 2851/5550/2918
f 2851/5550/2918 2797/5835/2549 2649/5551/2921
f 2596/5836/2547 2444/5837/2545 2461/5553/2923
f 2461/5553/2923 2444/5837/2545 2148/5554/2926
f 2112/5840/2541 1941/5839/2928 2253/5838/2543
f 1850/5842/2929 1963/5841/2539 1919/6014/2932
f 1919/6014/2932 1963/5841/2539 2003/5843/2536
f 1919/6014/2932 2003/5843/2536 2129/5845/2934
f 2163/5844/2534 2281/5847/2532 2371/5846/2937
f 2371/5846/2937 2281/5847/2532 2545/5556/2939
f 2502/5848/2530 2750/5850/2527 2759/5557/2942
f 2759/5557/2942 2750/5850/2527 2924/5559/2944
f 2750/5850/2527 2843/5851/2525 2924/5559/2944
f 2924/5559/2944 2843/5851/2525 3003/5560/2946
f 2955/5852/2522 2791/5854/2520 2821/5562/2949
f 2821/5562/2949 2791/5854/2520 2557/5856/2951
f 2670/5855/2518 2439/5858/2516 2404/5857/2954
f 2404/5857/2954 2439/5858/2516 2146/5860/2956
f 2298/5859/2514 2109/5862/2512 1938/5861/2959
f 1938/5861/2959 2109/5862/2512 1893/5564/2961
f 1975/5863/2510 2001/5864/2508 1920/5565/2964
f 1920/5565/2964 2001/5864/2508 2021/6015/2965
f 2001/5864/2508 2189/5866/2504 2021/6015/2965
f 2021/6015/2965 2189/5866/2504 2213/5567/2967
f 2352/5867/2502 2505/5868/2500 2538/5568/2970
f 2538/5568/2970 2505/5868/2500 2726/5870/2972
f 2656/5869/2498 2775/6016/2495 2944/5871/2975
f 2944/5871/2975 2775/6016/2495 3027/6017/2977
f 2775/6016/2495 2957/5872/2493 3027/6017/2977
f 3027/6017/2977 2957/5872/2493 2817/5874/2979
f 2796/5873/2491 2672/5875/2394 2693/5570/2981
f 2693/5570/2981 2672/5875/2394 2467/5571/2984
f 2443/5876/2392 2301/5878/2390 2318/5877/2985
f 2318/5877/2985 2301/5878/2390 2039/5573/2987
f 2155/5879/2388 1981/5880/2386 1838/5574/2990
f 1838/5574/2990 1981/5880/2386 1870/5882/2992
f 1992/5881/2384 2099/5884/2382 2126/5883/2995
f 2126/5883/2995 2099/5884/2382 2315/5576/2997
f 2284/5885/2380 2421/6018/2378 2533/5577/3000
f 2533/5577/3000 2421/6018/2378 2639/5579/3001
f 2421/6018/2378 2655/5886/2376 2639/5579/3001
f 2639/5579/3001 2655/5886/2376 2968/5580/3005
f 2954/5889/2371 3026/5582/3006 2882/5888/2373
f 2920/5583/3008 2867/5890/2368 2644/5585/3011
f 2644/5585/3011 2867/5890/2368 2673/5892/2366
f 2644/5585/3011 2673/5892/2366 2527/5587/3013
f 2519/5893/2364 2302/5894/2362 2319/5588/3016
f 2319/5588/3016 2302/5894/2362 2023/5590/3018
f 2174/5895/2360 1990/6019/2358 1886/5592/3021
f 1886/5592/3021 1990/6019/2358 1844/5594/3023
f 1990/6019/2358 1983/5896/2356 1844/5594/3023
f 1844/5594/3023 1983/5896/2356 2113/5595/3026
f 2772/5904/2344 2893/6020/2342 3020/5600/3037
f 3020/5600/3037 2893/6020/2342 2947/6021/3039
f 2893/6020/2342 2866/5905/2340 2947/6021/3039
f 2947/6021/3039 2866/5905/2340 2733/5908/3041
f 2674/5907/2337 2520/5909/2335 2539/5602/3043
f 2539/5602/3043 2520/5909/2335 2325/5603/3046
f 2303/5910/2333 2182/5911/2331 2041/5605/3048
f 2041/5605/3048 2182/5911/2331 1934/5607/3050
f 2010/5912/2329 1972/5913/2327 1872/5608/3053
f 1872/5608/3053 1972/5913/2327 2025/5610/3055
f 2096/5914/2325 2233/5915/2323 2269/5611/3057
f 2269/5611/3057 2233/5915/2323 2390/5613/3058
f 2424/5916/2321 2677/5918/2318 2682/5614/3062
f 2682/5614/3062 2677/5918/2318 2876/6022/3064
f 2677/5918/2318 2776/5919/2316 2876/6022/3064
f 2876/6022/3064 2776/5919/2316 3002/5921/3066
f 2898/5920/2314 2864/5923/2311 2933/5922/3068
f 2933/5922/3068 2864/5923/2311 2758/5616/3070
f 2698/5924/2309 2535/6023/2307 2483/5617/3073
f 2483/5617/3073 2535/6023/2307 2376/5619/3075
f 2535/6023/2307 2368/6024/2305 2376/5619/3075
f 2376/5619/3075 2368/6024/2305 2143/5620/3078
f 2368/6024/2305 2198/6025/2303 2143/5620/3078
f 2143/5620/3078 2198/6025/2303 1881/5622/3080
f 2198/6025/2303 2011/6026/2300 1881/5622/3080
f 1881/5622/3080 2011/6026/2300 1871/5624/3083
f 2011/6026/2300 1959/6027/2298 1871/5624/3083
f 1871/5624/3083 1959/6027/2298 2037/6028/3085
f 1959/6027/2298 2115/6029/2296 2037/6028/3085
f 2037/6028/3085 2115/6029/2296 2215/5626/3087
f 2115/6029/2296 2271/5925/2295 2215/5626/3087
f 2215/5626/3087 2271/5925/2295 2460/5627/3089
f 2271/5925/2295 2462/5927/2291 2460/5627/3089
f 2460/5627/3089 2462/5927/2291 2642/6030/3091
f 2462/5927/2291 2605/5928/2289 2642/6030/3091
f 2642/6030/3091 2605/5928/2289 2850/5930/3093
f 2906/5931/2285 2884/5933/2282 2974/5630/3098
f 2974/5630/3098 2884/5933/2282 2770/5632/3100
f 2884/5933/2282 2745/6031/2280 2770/5632/3100
f 2770/5632/3100 2745/6031/2280 2473/5633/3103
f 2745/6031/2280 2563/6032/2277 2473/5633/3103
f 2473/5633/3103 2563/6032/2277 2313/6033/3105
f 2563/6032/2277 2338/6034/2275 2313/6033/3105
f 2313/6033/3105 2338/6034/2275 2173/6035/2273
f 2313/6033/3105 2173/6035/2273 2031/6036/3106
f 2031/6036/3106 2173/6035/2273 1882/6037/3109
f 2173/6035/2273 2062/6038/2272 1882/6037/3109
f 1882/6037/3109 2062/6038/2272 1840/6039/3111
f 2062/6038/2272 1954/6040/2269 1840/6039/3111
f 1840/6039/3111 1954/6040/2269 2024/6041/3114
f 1954/6040/2269 2088/6042/2267 2024/6041/3114
f 2024/6041/3114 2088/6042/2267 2218/5635/3116
f 2088/6042/2267 2258/6043/2265 2218/5635/3116
f 2218/5635/3116 2258/6043/2265 2448/5636/3119
f 2258/6043/2265 2411/5934/2263 2448/5636/3119
f 2448/5636/3119 2411/5934/2263 2547/5638/3121
f 2561/5935/2261 2742/6044/2258 2830/5639/3124
f 2830/5639/3124 2742/6044/2258 2992/5641/3127
f 2742/6044/2258 2945/6045/2257 2992/5641/3127
f 2992/5641/3127 2945/6045/2257 2907/6046/2254
f 2992/5641/3127 2907/6046/2254 2939/6047/3129
f 2939/6047/3129 2907/6046/2254 2738/6048/3132
f 2907/6046/2254 2685/6049/2252 2738/6048/3132
f 2738/6048/3132 2685/6049/2252 2486/6050/3134
f 2685/6049/2252 2523/6051/2249 2486/6050/3134
f 2486/6050/3134 2523/6051/2249 2327/6052/3137
f 2523/6051/2249 2416/6053/2248 2327/6052/3137
f 2327/6052/3137 2416/6053/2248 2207/5643/3139
f 2416/6053/2248 2193/6054/2245 2207/5643/3139
f 2207/5643/3139 2193/6054/2245 1939/5644/3142
f 2193/6054/2245 2074/6055/2243 1939/5644/3142
f 1939/5644/3142 2074/6055/2243 1849/5646/3144
f 2074/6055/2243 1952/6056/2242 1849/5646/3144
f 1849/5646/3144 1952/6056/2242 2004/5647/3147
f 1952/6056/2242 2079/5936/2240 2004/5647/3147
f 2004/5647/3147 2079/5936/2240 2210/5649/3149
f 2202/5937/2237 2367/6057/2235 2386/5938/3151
f 2386/5938/3151 2367/6057/2235 2613/6058/3154
f 2367/6057/2235 2609/6059/2233 2613/6058/3154
f 2613/6058/3154 2609/6059/2233 2805/6060/3156
f 2609/6059/2233 2696/6061/2231 2805/6060/3156
f 2805/6060/3156 2696/6061/2231 2985/6062/3159
f 2696/6061/2231 2855/6063/2228 2985/6062/3159
f 2985/6062/3159 2855/6063/2228 2990/5651/3161
f 2855/6063/2228 2874/6064/2226 2990/5651/3161
f 2990/5651/3161 2874/6064/2226 2824/5652/3164
f 2874/6064/2226 2705/6065/2224 2824/5652/3164
f 2824/5652/3164 2705/6065/2224 2618/6066/3166
f 2705/6065/2224 2542/6067/2222 2618/6066/3166
f 2618/6066/3166 2542/6067/2222 2406/5654/3167
f 2542/6067/2222 2430/5939/2221 2406/5654/3167
f 2406/5654/3167 2430/5939/2221 2147/5655/3170
f 2430/5939/2221 2231/5941/2217 2147/5655/3170
f 2147/5655/3170 2231/5941/2217 1894/6068/3172
f 2231/5941/2217 2083/5942/2215 1894/6068/3172
f 1894/6068/3172 2083/5942/2215 1851/5944/3175
f 1948/5943/2213 2058/6069/2211 1921/5945/3177
f 1921/5945/3177 2058/6069/2211 2200/6070/3180
f 2058/6069/2211 2187/6071/2208 2200/6070/3180
f 2200/6070/3180 2187/6071/2208 2388/5657/3182
f 2187/6071/2208 2413/6072/2207 2388/5657/3182
f 2388/5657/3182 2413/6072/2207 2603/5658/3185
f 2413/6072/2207 2512/6073/2205 2603/5658/3185
f 2603/5658/3185 2512/6073/2205 2723/6074/3186
f 2512/6073/2205 2679/6075/2202 2723/6074/3186
f 2723/6074/3186 2679/6075/2202 2925/5660/3188
f 2679/6075/2202 2889/6076/2200 2925/5660/3188
f 2925/5660/3188 2889/6076/2200 3015/5661/3191
f 2889/6076/2200 2950/6077/2199 3015/5661/3191
f 3015/5661/3191 2950/6077/2199 2734/6078/3193
f 2950/6077/2199 2751/6079/2196 2734/6078/3193
f 2734/6078/3193 2751/6079/2196 2553/6080/3196
f 2751/6079/2196 2581/6081/2194 2553/6080/3196
f 2553/6080/3196 2581/6081/2194 2320/6082/3198
f 2581/6081/2194 2414/6083/2192 2320/6082/3198
f 2320/6082/3198 2414/6083/2192 2221/6084/3200
f 2414/6083/2192 2262/5946/2190 2221/6084/3200
f 2221/6084/3200 2262/5946/2190 2032/5663/3202
f 2105/5947/2188 1953/6085/2185 1841/5664/3205
f 1841/5664/3205 1953/6085/2185 1926/5666/3208
f 1953/6085/2185 2057/6086/2184 1926/5666/3208
f 1926/5666/3208 2057/6086/2184 2139/6087/3209
f 2057/6086/2184 2158/6088/2182 2139/6087/3209
f 2139/6087/3209 2158/6088/2182 2382/6089/3212
f 2158/6088/2182 2331/6090/2180 2382/6089/3212
f 2382/6089/3212 2331/6090/2180 2555/5668/3214
f 2331/6090/2180 2482/6091/2178 2555/5668/3214
f 2555/5668/3214 2482/6091/2178 2763/5669/3218
f 2482/6091/2178 2622/6092/2176 2763/5669/3218
f 2763/5669/3218 2622/6092/2176 2972/5671/3220
f 2842/5948/2173 2972/5671/3220 2622/6092/2176
f 2949/5949/2172 2760/6093/2169 3004/5672/3223
f 3004/5672/3223 2760/6093/2169 2869/6094/3225
f 2869/6094/3225 2760/6093/2169 2635/6095/3226
f 2635/6095/3226 2760/6093/2169 2610/5950/2168
f 2635/6095/3226 2610/5950/2168 2475/5674/3228
f 2290/5952/2164 2117/5953/2162 1932/5677/3234
f 1932/5677/3234 2117/5953/2162 1884/5679/3236
f 2117/5953/2162 1967/5955/2158 1884/5679/3236
f 1884/5679/3236 1967/5955/2158 1927/5680/3239
f 2015/5956/2156 2196/6096/2154 2141/5682/3241
f 2141/5682/3241 2196/6096/2154 2365/5683/3243
f 2196/6096/2154 2346/5957/2153 2365/5683/3243
f 2365/5683/3243 2346/5957/2153 2478/5685/3245
f 2346/5957/2153 2543/5959/2149 2478/5685/3245
f 2478/5685/3245 2543/5959/2149 2753/5686/3248
f 2744/5960/2147 2878/6097/2145 2930/5688/3250
f 2930/5688/3250 2878/6097/2145 3013/5689/3252
f 2878/6097/2145 2877/6098/2142 3013/5689/3252
f 3013/5689/3252 2877/6098/2142 2819/5691/3255
f 2877/6098/2142 2741/5961/2141 2819/5691/3255
f 2819/5691/3255 2741/5961/2141 2551/5963/3257
f 2579/5962/2396 2418/6099/2398 2397/5964/3259
f 2397/5964/3259 2418/6099/2398 2292/5693/3261
f 2418/6099/2398 2274/6100/2400 2292/5693/3261
f 2292/5693/3261 2274/6100/2400 2040/5694/3264
f 2274/6100/2400 2081/5965/2401 2040/5694/3264
f 2040/5694/3264 2081/5965/2401 1887/5696/3266
f 1978/5966/2404 1996/6101/2406 1917/5697/3269
f 1917/5697/3269 1996/6101/2406 2026/5699/3271
f 1996/6101/2406 2091/5967/2408 2026/5699/3271
f 2026/5699/3271 2091/5967/2408 2311/5700/3273
f 2091/5967/2408 2349/5969/2412 2311/5700/3273
f 2311/5700/3273 2349/5969/2412 2534/5702/3276
f 2531/5970/2414 2689/6102/2416 2728/5704/3278
f 2728/5704/3278 2689/6102/2416 2941/5705/3282
f 2689/6102/2416 2761/5971/2417 2941/5705/3282
f 2941/5705/3282 2761/5971/2417 3029/5707/3283
f 2761/5971/2417 2963/5973/2420 3029/5707/3283
f 3029/5707/3283 2963/5973/2420 2934/5708/3287
f 2838/5974/2422 2619/6103/2424 2699/5975/3289
f 2699/5975/3289 2619/6103/2424 2484/6104/3291
f 2619/6103/2424 2463/5976/2427 2484/6104/3291
f 2484/6104/3291 2463/5976/2427 2321/5710/3293
f 1985/5979/2432 1988/5980/2435 1873/5715/3300
f 1873/5715/3300 1988/5980/2435 2122/5716/3304
f 2121/5981/2437 2267/6105/2440 2216/5718/3305
f 2216/5718/3305 2267/6105/2440 2522/5719/3309
f 2267/6105/2440 2491/6106/2442 2522/5719/3309
f 2522/5719/3309 2491/6106/2442 2700/5721/3311
f 2491/6106/2442 2651/5982/2444 2700/5721/3311
f 2700/5721/3311 2651/5982/2444 2931/5984/3313
f 2789/5983/2445 2942/6107/2448 3028/5985/3315
f 3028/5985/3315 2942/6107/2448 2929/5723/3317
f 2942/6107/2448 2806/6108/2450 2929/5723/3317
f 2929/5723/3317 2806/6108/2450 2729/5724/3320
f 2806/6108/2450 2678/5986/2452 2729/5724/3320
f 2729/5724/3320 2678/5986/2452 2529/5988/3321
f 2432/5987/2453 2280/6109/2456 2314/5989/3323
f 2314/5989/3323 2280/6109/2456 2137/5726/3326
f 2280/6109/2456 2153/6110/2458 2137/5726/3326
f 2137/5726/3326 2153/6110/2458 1879/5727/3329
f 1994/5990/2459 1879/5727/3329 2153/6110/2458
f 1979/5991/2462 2151/6111/2464 1866/5729/3331
f 1866/5729/3331 2151/6111/2464 2035/6112/3333
f 2035/6112/3333 2151/6111/2464 2223/6113/3335
f 2223/6113/3335 2151/6111/2464 2264/6114/2466
f 2223/6113/3335 2264/6114/2466 2324/6115/3337
f 2324/6115/3337 2264/6114/2466 2481/6116/3338
f 2481/6116/3338 2264/6114/2466 2447/6117/2467
f 2481/6116/3338 2447/6117/2467 2604/5993/2470
f 2580/6118/3340 2481/6116/3338 2604/5993/2470
f 2580/6118/3340 2604/5993/2470 2710/5992/3342
f 2873/6119/3344 2710/5992/3342 2827/5994/2472
f 2873/6119/3344 2827/5994/2472 2886/6120/2474
f 2873/6119/3344 2886/6120/2474 3035/6121/3345
f 3035/6121/3345 2886/6120/2474 2986/6122/3368
f 2986/6122/3368 2886/6120/2474 2865/5996/2476
f 2986/6122/3368 2865/5996/2476 2746/5995/3364
f 2188/6123/3362 2624/6124/3341 2078/6125/3363
f 2078/6125/3363 2624/6124/3341 2852/6126/3343
f 2624/6124/3341 2188/6123/3362 2289/6127/3361
f 2289/6127/3361 2515/6128/3339 2624/6124/3341
f 2852/6126/3343 3035/6129/3345 2078/6125/3363
f 2078/6125/3363 3035/6129/3345 2006/6130/2489
f 2006/6130/2489 3035/6129/3345 2009/6131/3369
f 2009/6131/3369 3035/6129/3345 2152/6132/3367
f 2152/6132/3367 3035/6129/3345 2986/6133/3368
f 2986/6133/3368 2746/6134/3364 2152/6132/3367
f 2152/6132/3367 2746/6134/3364 2584/6135/3365
f 2584/6135/3365 2339/6136/3366 2152/6132/3367
f 2476/6137/2713 2260/6138/2715 2694/6139/2065
f 2694/6139/2065 2260/6138/2715 1986/6140/2065
f 2694/6139/2065 1986/6140/2065 2969/6141/2065
f 2969/6141/2065 1986/6140/2065 3033/6142/2065
f 3033/6142/2065 1986/6140/2065 1835/6143/2065
f 3033/6142/2065 1835/6143/2065 3034/6144/2065
f 3034/6144/2065 1835/6143/2065 1901/6145/2065
f 3034/6144/2065 1901/6145/2065 2812/6146/2065
f 2812/6146/2065 1901/6145/2065 2142/6147/2065
f 2812/6146/2065 2142/6147/2065 2585/6148/2727
f 2585/6148/2727 2142/6147/2065 2363/6149/2725
usemtl 79,79,79.002
f 1196/2266/1405 1195/2267/1406 1194/2268/1407
f 1194/2269/1407 1195/2270/1406 1198/2271/1408
f 1194/2269/1407 1198/2271/1408 1200/2272/1409
f 1195/2267/1406 1196/2266/1405 1197/2273/1410
f 1197/2273/1410 1196/2266/1405 1202/2274/1411
f 1197/2273/1410 1202/2274/1411 1204/2275/1412
f 1204/2275/1412 1202/2274/1411 1221/2276/1413
f 1204/2275/1412 1221/2276/1413 1227/2277/1414
f 1315/2278/1415 1292/2262/1401 1281/2261/1400
f 1435/2251/1390 1397/2249/1388 1366/2248/1387
f 1522/2244/1383 1492/2242/1381 1452/2241/1380
f 1579/2279/1416 1543/2280/1417 1522/2244/1383
f 1682/2281/1418 1655/2256/1395 1622/2282/1419
f 1622/2282/1419 1655/2256/1395 1636/2258/1397
f 1655/2256/1395 1682/2281/1418 1709/2255/1394
f 1709/2255/1394 1682/2281/1418 1726/2253/1392
f 1726/2253/1392 1682/2281/1418 1739/2283/1420
f 1726/2253/1392 1739/2283/1420 1736/2254/1393
f 1736/2254/1393 1739/2283/1420 1748/2284/1421
f 1748/2284/1421 1739/2283/1420 1752/2285/1422
f 1748/2284/1421 1752/2285/1422 1751/2286/1423
f 1752/2285/1422 1763/2287/1424 1751/2286/1423
f 1763/2287/1424 1752/2285/1422 1778/2288/1425
f 1778/2288/1425 1752/2285/1422 1786/2289/1426
f 1778/2288/1425 1786/2289/1426 1804/2290/1427
f 1804/2290/1427 1786/2289/1426 1811/2291/1428
f 1804/2290/1427 1811/2291/1428 1817/2292/1429
f 1817/2292/1429 1811/2291/1428 1818/2293/1430
f 1817/2292/1429 1818/2293/1430 1822/2294/1431
f 1822/2294/1431 1818/2293/1430 1821/2295/1432
f 1822/2294/1431 1821/2295/1432 1810/2296/1433
f 1810/2296/1433 1821/2295/1432 1819/2297/1434
f 1810/2296/1433 1819/2297/1434 1820/2298/1435
f 1820/2298/1435 1819/2297/1434 1816/2299/1436
f 1816/2299/1436 1819/2297/1434 1812/2300/1437
f 1816/2299/1436 1812/2300/1437 1809/2301/1438
f 1809/2301/1438 1812/2300/1437 1805/2302/1439
f 1812/2300/1437 1787/2303/1440 1805/2302/1439
f 1805/2302/1439 1787/2303/1440 1781/2304/1441
f 1781/2304/1441 1787/2303/1440 1753/2305/1442
f 1781/2304/1441 1753/2305/1442 1765/2306/1443
f 1765/2306/1443 1753/2305/1442 1737/2307/1444
f 1737/2307/1444 1753/2305/1442 1740/2308/1445
f 1737/2307/1444 1740/2308/1445 1716/2309/1446
f 1737/2307/1444 1716/2309/1446 1675/2310/1447
f 1675/2310/1447 1716/2309/1446 1703/2311/1448
f 1675/2310/1447 1703/2311/1448 1645/2312/1449
f 1675/2310/1447 1645/2312/1449 1632/2313/1450
f 1632/2313/1450 1645/2312/1449 1615/2314/1451
f 1632/2313/1450 1615/2314/1451 1590/2315/1452
f 1716/2309/1446 1740/2308/1445 1683/2316/1453
f 1716/2309/1446 1683/2316/1453 1710/2317/1454
f 1710/2317/1454 1683/2316/1453 1666/2318/1455
f 1666/2318/1455 1683/2316/1453 1592/2319/1456
f 1666/2318/1455 1592/2319/1456 1615/2314/1451
f 1615/2314/1451 1592/2319/1456 1555/2320/1457
f 1555/2320/1457 1592/2319/1456 1485/2321/1458
f 1555/2320/1457 1485/2321/1458 1533/2322/1459
f 1533/2322/1459 1485/2321/1458 1494/2323/1460
f 1494/2323/1460 1485/2321/1458 1443/2324/1461
f 1443/2324/1461 1485/2321/1458 1387/2325/1462
f 1443/2324/1461 1387/2325/1462 1370/2326/1463
f 1370/2326/1463 1387/2325/1462 1343/2327/1464
f 1343/2327/1464 1387/2325/1462 1316/2328/1465
f 1343/2327/1464 1316/2328/1465 1309/2329/1466
f 1309/2329/1466 1316/2328/1465 1298/2330/1467
f 1298/2330/1467 1316/2328/1465 1290/2331/1468
f 1298/2330/1467 1290/2331/1468 1277/2332/1469
f 1277/2332/1469 1290/2331/1468 1258/2333/1470
f 1277/2332/1469 1258/2333/1470 1261/2334/1471
f 1261/2334/1471 1258/2333/1470 1226/2335/1472
f 1226/2335/1472 1258/2333/1470 1222/2336/1473
f 1226/2335/1472 1222/2336/1473 1212/2337/1474
f 1212/2337/1474 1222/2336/1473 1203/2338/1475
f 1212/2337/1474 1203/2338/1475 1211/2339/1476
f 1211/2339/1476 1203/2338/1475 1201/2340/1477
f 1201/2340/1477 1203/2338/1475 1200/2272/1409
f 1201/2340/1477 1200/2272/1409 1199/2341/1478
f 1199/2341/1478 1200/2272/1409 1198/2271/1408
f 1227/2277/1414 1257/2239/1378 1264/2342/1479
f 1227/2277/1414 1221/2276/1413 1245/2260/1399
f 1298/2330/1467 1277/2332/1469 1299/2343/1480
f 1299/2343/1480 1277/2332/1469 1322/2344/1481
f 1299/2343/1480 1322/2344/1481 1335/2345/1482
f 1335/2345/1482 1322/2344/1481 1392/2346/1483
f 1335/2345/1482 1392/2346/1483 1385/2347/1484
f 1385/2347/1484 1392/2346/1483 1442/2348/1485
f 1385/2347/1484 1442/2348/1485 1444/2349/1486
f 1444/2349/1486 1442/2348/1485 1450/2350/1487
f 1444/2349/1486 1450/2350/1487 1481/2351/1488
f 1481/2351/1488 1450/2350/1487 1495/2352/1489
f 1481/2351/1488 1495/2352/1489 1520/2353/1490
f 1520/2353/1490 1495/2352/1489 1576/2354/1491
f 1520/2353/1490 1576/2354/1491 1590/2315/1452
f 1576/2354/1491 1581/2355/1492 1590/2315/1452
f 1581/2355/1492 1632/2313/1450 1590/2315/1452
f 1751/2286/1423 1763/2287/1424 1761/2356/1493
f 1738/2357/1494 1751/2286/1423 1761/2356/1493
f 1717/2358/1495 1724/2359/1496 1738/2357/1494
f 1717/2358/1495 1694/2252/1391 1724/2359/1496
f 1694/2252/1391 1717/2358/1495 1712/2360/1497
f 1637/2361/1498 1677/2237/1376 1712/2360/1497
f 1712/2360/1497 1677/2237/1376 1694/2252/1391
f 1637/2361/1498 1649/2235/1374 1677/2237/1376
f 1568/2362/1499 1600/2363/1500 1637/2361/1498
f 1637/2361/1498 1600/2363/1500 1634/2364/1501
f 1421/2250/1389 1452/2241/1380 1488/2245/1384
f 1390/2247/1386 1352/2365/1502 1366/2248/1387
f 1314/2366/1503 1320/2263/1402 1352/2365/1502
f 1352/2365/1502 1320/2263/1402 1353/2265/1404
f 1292/2262/1401 1314/2366/1503 1313/2367/1504
f 1292/2262/1401 1313/2367/1504 1280/2368/1505
f 1280/2368/1505 1271/2240/1379 1292/2262/1401
f 1268/2238/1377 1271/2240/1379 1280/2368/1505
f 1268/2238/1377 1264/2342/1479 1257/2239/1378
f 1245/2260/1399 1257/2239/1378 1227/2277/1414
f 1366/2248/1387 1352/2365/1502 1353/2265/1404
f 1292/2262/1401 1315/2278/1415 1320/2263/1402
f 1320/2263/1402 1315/2278/1415 1330/2264/1403
f 1579/2279/1416 1622/2282/1419 1600/2363/1500
f 1634/2364/1501 1636/2258/1397 1654/2257/1396
f 1634/2364/1501 1654/2257/1396 1649/2235/1374
f 1649/2235/1374 1654/2257/1396 1689/2236/1375
f 1736/2254/1393 1724/2359/1496 1694/2252/1391
f 1736/2254/1393 1748/2284/1421 1724/2359/1496
f 1738/2357/1494 1724/2359/1496 1748/2284/1421
f 1748/2284/1421 1751/2286/1423 1738/2357/1494
f 1421/2250/1389 1435/2251/1390 1452/2241/1380
f 1452/2241/1380 1487/2243/1382 1488/2245/1384
f 1543/2280/1417 1568/2362/1499 1488/2245/1384
f 1634/2364/1501 1649/2235/1374 1637/2361/1498
f 1694/2252/1391 1677/2237/1376 1689/2236/1375
f 1600/2363/1500 1636/2258/1397 1634/2364/1501
f 1636/2258/1397 1600/2363/1500 1622/2282/1419
f 1579/2279/1416 1600/2363/1500 1568/2362/1499
f 1579/2279/1416 1568/2362/1499 1543/2280/1417
f 1522/2244/1383 1543/2280/1417 1488/2245/1384
f 1330/2264/1403 1315/2278/1415 1353/2265/1404
f 1353/2265/1404 1315/2278/1415 1366/2248/1387
f 1292/2262/1401 1320/2263/1402 1314/2366/1503
f 1615/2314/1451 1645/2312/1449 1666/2318/1455
f 1494/2323/1460 1443/2324/1461 1444/2349/1486
f 1494/2323/1460 1444/2349/1486 1481/2351/1488
f 1370/2326/1463 1403/2371/1507 1443/2324/1461
f 1298/2330/1467 1299/2343/1480 1309/2329/1466
f 1299/2343/1480 1335/2345/1482 1309/2329/1466
f 1385/2347/1484 1370/2326/1463 1335/2345/1482
f 1444/2349/1486 1403/2371/1507 1385/2347/1484
f 1590/2315/1452 1555/2320/1457 1520/2353/1490
f 1533/2322/1459 1520/2353/1490 1555/2320/1457
f 1615/2314/1451 1555/2320/1457 1590/2315/1452
f 1335/2345/1482 1343/2327/1464 1309/2329/1466
f 1335/2345/1482 1370/2326/1463 1343/2327/1464
f 1443/2324/1461 1403/2371/1507 1444/2349/1486
f 1710/2317/1454 1703/2311/1448 1716/2309/1446
f 1494/2323/1460 1481/2351/1488 1520/2353/1490
f 1494/2323/1460 1520/2353/1490 1533/2322/1459
f 1379/2373/1509 1376/2374/1510 1378/2375/1511
f 1378/2375/1511 1376/2374/1510 1375/2376/1512
f 1641/2377/1513 1646/2378/1514 1638/2379/1515
f 1646/2378/1514 1639/2380/1516 1638/2379/1515
f 1408/2381/1517 1398/2382/1518 1423/2383/1519
f 1386/2384/1520 1398/2382/1518 1408/2381/1517
f 1432/2385/1521 1398/2386/1522 1386/2387/1523
f 1432/2375/1521 1423/2388/1519 1398/2389/1522
f 1402/2390/1524 1386/2391/1523 1376/2392/1510
f 1376/2392/1510 1379/2379/1509 1402/2390/1524
f 1431/2385/1525 1402/2393/1524 1379/2394/1509
f 1386/2395/1523 1402/2396/1524 1432/2397/1521
f 1402/2398/1524 1431/2375/1525 1432/2373/1521
f 1430/2385/1526 1401/2393/1527 1378/2394/1511
f 1378/2379/1511 1401/2390/1527 1379/2380/1509
f 1401/2396/1527 1431/2397/1525 1379/2399/1509
f 1401/2398/1527 1430/2375/1526 1431/2373/1525
f 1434/2400/1528 1410/2401/1529 1407/2402/1530
f 1407/2402/1530 1410/2401/1529 1393/2403/1531
f 1429/2373/1532 1410/2404/1533 1434/2405/1534
f 1429/2397/1532 1393/2406/1531 1410/2407/1533
f 1618/2396/1535 1631/2408/1536 1586/2399/1537
f 1586/2399/1537 1631/2408/1536 1620/2409/1538
f 1639/2385/1516 1618/2393/1535 1585/2394/1539
f 1585/2379/1539 1618/2390/1535 1586/2380/1537
f 1639/2375/1516 1631/2410/1536 1618/2398/1535
f 1638/2385/1515 1617/2393/1540 1584/2394/1541
f 1584/2379/1541 1617/2390/1540 1585/2380/1539
f 1617/2396/1540 1639/2397/1516 1585/2399/1539
f 1617/2398/1540 1638/2375/1515 1639/2373/1516
f 1400/2393/1542 1382/2411/1543 1429/2385/1532
f 1429/2385/1532 1382/2411/1543 1393/2412/1531
f 1378/2380/1511 1382/2413/1543 1400/2390/1542
f 1400/2396/1542 1430/2397/1526 1378/2399/1511
f 1400/2398/1542 1429/2375/1532 1430/2373/1526
f 1454/2393/1544 1434/2414/1534 1459/2415/1545
f 1459/2415/1545 1474/2385/1546 1454/2393/1544
f 1434/2416/1534 1454/2390/1544 1429/2380/1532
f 1454/2396/1544 1475/2397/1547 1429/2399/1532
f 1454/2398/1544 1474/2375/1546 1475/2373/1547
f 1458/2417/1548 1470/2418/1549 1456/2398/1550
f 1456/2398/1550 1470/2418/1549 1476/2373/1551
f 1449/2419/1552 1458/2420/1548 1431/2394/1525
f 1431/2394/1525 1458/2420/1548 1456/2393/1550
f 1431/2379/1525 1456/2390/1550 1432/2380/1521
f 1456/2396/1550 1476/2397/1551 1432/2399/1521
f 1457/2390/1553 1441/2421/1554 1432/2379/1521
f 1432/2379/1521 1441/2421/1554 1423/2422/1519
f 1476/2385/1551 1457/2393/1553 1432/2394/1521
f 1467/2397/1555 1441/2423/1554 1457/2396/1553
f 1457/2398/1553 1476/2375/1551 1467/2373/1555
f 1603/2424/1556 1612/2425/1557 1582/2426/1558
f 1623/2427/1559 1612/2425/1557 1603/2424/1556
f 1583/2399/1560 1612/2428/1561 1623/2429/1562
f 1583/2380/1560 1582/2430/1558 1612/2431/1561
f 1616/2398/1563 1623/2432/1562 1641/2433/1513
f 1641/2433/1513 1638/2373/1515 1616/2398/1563
f 1623/2434/1562 1616/2393/1563 1583/2394/1560
f 1583/2379/1560 1616/2390/1563 1584/2380/1541
f 1616/2396/1563 1638/2397/1515 1584/2399/1541
f 1464/2435/1564 1451/2436/1565 1455/2396/1566
f 1455/2396/1566 1451/2436/1565 1430/2399/1526
f 1475/2385/1547 1455/2393/1566 1429/2394/1532
f 1429/2379/1532 1455/2390/1566 1430/2380/1526
f 1483/2437/1567 1464/2438/1564 1475/2375/1547
f 1475/2375/1547 1464/2438/1564 1455/2398/1566
f 1536/2385/1568 1510/2393/1569 1476/2394/1551
f 1476/2379/1551 1510/2390/1569 1467/2380/1555
f 1510/2396/1569 1537/2397/1570 1467/2399/1555
f 1510/2398/1569 1536/2375/1568 1537/2373/1570
f 1526/2439/1571 1503/2440/1572 1537/2385/1570
f 1503/2440/1572 1467/2394/1555 1537/2385/1570
f 1459/2441/1545 1506/2442/1573 1474/2399/1546
f 1506/2442/1573 1534/2397/1574 1474/2399/1546
f 1535/2385/1575 1505/2443/1576 1475/2394/1547
f 1483/2444/1567 1475/2445/1547 1505/2446/1576
f 1541/2447/1577 1505/2448/1576 1535/2375/1575
f 1476/2399/1551 1493/2449/1578 1536/2397/1568
f 1530/2444/1579 1536/2445/1568 1493/2446/1578
f 1470/2450/1549 1493/2451/1578 1476/2380/1551
f 1430/2379/1526 1446/2452/1580 1431/2380/1525
f 1449/2444/1552 1431/2453/1525 1446/2446/1580
f 1451/2454/1565 1446/2455/1580 1430/2394/1526
f 1534/2385/1574 1509/2393/1581 1474/2394/1546
f 1474/2379/1546 1509/2390/1581 1475/2380/1547
f 1509/2396/1581 1535/2397/1575 1475/2399/1547
f 1509/2398/1581 1534/2375/1574 1535/2373/1575
f 1559/2396/1582 1569/2456/1583 1526/2457/1571
f 1526/2457/1571 1537/2399/1570 1559/2396/1582
f 1586/2385/1537 1559/2393/1582 1536/2394/1568
f 1536/2379/1568 1559/2390/1582 1537/2380/1570
f 1569/2458/1583 1559/2398/1582 1586/2375/1537
f 1604/2459/1584 1599/2460/1585 1620/2461/1538
f 1569/2462/1586 1599/2460/1585 1604/2459/1584
f 1586/2379/1537 1599/2463/1587 1569/2464/1583
f 1586/2394/1537 1620/2465/1538 1599/2466/1587
f 1556/2398/1588 1582/2467/1558 1583/2373/1560
f 1534/2394/1574 1566/2468/1589 1556/2393/1588
f 1566/2468/1589 1582/2469/1558 1556/2393/1588
f 1534/2379/1574 1556/2390/1588 1535/2380/1575
f 1556/2396/1588 1583/2397/1560 1535/2399/1575
f 1552/2470/1590 1541/2471/1577 1557/2390/1591
f 1557/2390/1591 1541/2471/1577 1535/2379/1575
f 1583/2385/1560 1557/2393/1591 1535/2394/1575
f 1574/2472/1592 1552/2473/1590 1584/2397/1541
f 1584/2397/1541 1552/2473/1590 1557/2396/1591
f 1557/2398/1591 1583/2375/1560 1584/2373/1541
f 1574/2444/1592 1584/2474/1541 1577/2446/1593
f 1567/2475/1594 1577/2476/1593 1585/2397/1539
f 1585/2373/1539 1577/2477/1593 1584/2375/1541
f 1547/2478/1595 1567/2479/1594 1558/2393/1596
f 1558/2393/1596 1567/2479/1594 1585/2385/1539
f 1530/2480/1579 1547/2481/1595 1536/2380/1568
f 1536/2380/1568 1547/2481/1595 1558/2390/1596
f 1558/2396/1596 1586/2397/1537 1536/2399/1568
f 1558/2398/1596 1585/2375/1539 1586/2373/1537
f 1361/2508/1617 1362/2509/1603 1363/2510/1618
f 1363/2510/1618 1362/2509/1603 1365/2511/1609
f 1363/2510/1618 1365/2511/1609 1359/2512/1607
f 1363/2510/1618 1359/2512/1607 1344/2513/1619
f 1344/2513/1619 1359/2512/1607 1294/2514/1606
f 1344/2515/1619 1294/2516/1606 1266/2517/1615
f 1344/2515/1619 1266/2517/1615 1207/2518/1613
f 1344/2515/1619 1207/2518/1613 1223/2519/1620
f 1207/2518/1613 1198/2520/1611 1223/2519/1620
f 1223/2519/1620 1218/2521/1621 1344/2515/1619
f 1687/2556/1648 1685/2557/1649 1674/2558/1650
f 1674/2558/1650 1685/2557/1649 1670/2559/1651
f 1674/2558/1650 1670/2559/1651 1676/2560/1652
f 1676/2560/1652 1670/2559/1651 1672/2561/1653
f 1676/2560/1652 1672/2561/1653 1681/2562/1654
f 1676/2560/1652 1681/2562/1654 1693/2563/1655
f 1693/2563/1655 1681/2562/1654 1698/2564/1639
f 1693/2563/1655 1698/2564/1639 1700/2565/1656
f 1707/2566/1657 1745/2567/1658 1699/2568/1640
f 1707/2569/1657 1699/2570/1640 1646/2571/1514
f 1745/2567/1658 1766/2572/1659 1735/2573/1647
f 1745/2567/1658 1735/2573/1647 1699/2568/1640
f 1766/2572/1659 1796/2574/1660 1762/2575/1661
f 1796/2574/1660 1820/2576/1435 1816/2577/1662
f 1816/2577/1662 1791/2578/1631 1792/2579/1626
f 1809/2580/1663 1758/2581/1664 1816/2577/1662
f 1816/2577/1662 1758/2581/1664 1769/2582/1627
f 1816/2577/1662 1769/2582/1627 1785/2583/1629
f 1769/2582/1627 1758/2581/1664 1757/2584/1636
f 1757/2584/1636 1758/2581/1664 1708/2585/1665
f 1680/2586/1633 1620/2587/1538 1667/2588/1645
f 1667/2588/1645 1620/2587/1538 1663/2589/1666
f 1663/2589/1666 1620/2587/1538 1631/2590/1536
f 1663/2589/1666 1631/2590/1536 1639/2591/1516
f 1720/2592/1632 1708/2585/1665 1680/2586/1633
f 1680/2586/1633 1708/2585/1665 1630/2593/1667
f 1630/2593/1667 1604/2594/1584 1620/2587/1538
f 1630/2593/1667 1620/2587/1538 1680/2586/1633
f 1604/2594/1584 1630/2593/1667 1602/2595/1668
f 1591/2596/1669 1569/2597/1670 1602/2595/1668
f 1602/2595/1668 1569/2597/1670 1604/2594/1584
f 1569/2597/1670 1591/2596/1669 1526/2598/1571
f 1526/2598/1571 1591/2596/1669 1572/2599/1671
f 1548/2600/1672 1572/2599/1671 1573/2601/1673
f 1551/2602/1674 1573/2601/1673 1571/2603/1675
f 1525/2604/1676 1571/2603/1675 1576/2605/1491
f 1525/2604/1676 1576/2605/1491 1495/2606/1677
f 1495/2606/1677 1502/2607/1678 1525/2604/1676
f 1450/2608/1679 1445/2609/1680 1495/2606/1677
f 1495/2606/1677 1445/2609/1680 1502/2607/1678
f 1468/2610/1681 1461/2611/1682 1438/2612/1683
f 1445/2609/1680 1438/2612/1683 1461/2611/1682
f 1440/2613/1684 1466/2614/1685 1438/2612/1683
f 1438/2612/1683 1466/2614/1685 1468/2610/1681
f 1440/2613/1684 1437/2615/1686 1441/2616/1554
f 1437/2615/1686 1419/2617/1687 1441/2616/1554
f 1441/2616/1554 1419/2617/1687 1423/2618/1519
f 1399/2619/1688 1423/2618/1519 1419/2617/1687
f 1423/2618/1519 1399/2619/1688 1408/2620/1517
f 1408/2620/1517 1399/2619/1688 1357/2621/1689
f 1408/2620/1517 1357/2621/1689 1386/2622/1690
f 1386/2622/1690 1357/2621/1689 1338/2623/1691
f 1386/2622/1690 1338/2623/1691 1354/2624/1692
f 1357/2621/1689 1302/2625/1693 1338/2623/1691
f 1288/2626/1694 1302/2625/1693 1254/2627/1695
f 1250/2628/1696 1254/2627/1695 1229/2629/1697
f 1211/2630/1698 1201/2631/1699 1229/2629/1697
f 1229/2629/1697 1201/2631/1699 1235/2632/1700
f 1235/2632/1700 1201/2631/1699 1228/2633/1701
f 1228/2633/1701 1201/2631/1699 1225/2634/1702
f 1240/2635/1703 1225/2634/1702 1210/2636/1612
f 1240/2635/1703 1210/2636/1612 1242/2637/1614
f 1240/2635/1703 1242/2637/1614 1265/2638/1704
f 1333/2639/1705 1321/2640/1706 1375/2641/1512
f 1333/2639/1705 1375/2641/1512 1376/2642/1510
f 1333/2639/1705 1376/2642/1510 1345/2643/1707
f 1199/2644/1708 1210/2636/1612 1201/2631/1699
f 1201/2631/1699 1210/2636/1612 1225/2634/1702
f 1242/2637/1614 1282/2645/1616 1265/2638/1704
f 1265/2638/1704 1282/2645/1616 1321/2640/1706
f 1321/2640/1706 1282/2645/1616 1324/2646/1605
f 1375/2641/1512 1324/2646/1605 1378/2647/1511
f 1378/2647/1511 1324/2646/1605 1364/2648/1608
f 1378/2647/1511 1364/2648/1608 1368/2649/1604
f 1378/2647/1511 1368/2649/1604 1382/2650/1543
f 1382/2650/1543 1368/2649/1604 1393/2651/1531
f 1393/2651/1531 1368/2649/1604 1319/2652/1601
f 1393/2651/1531 1319/2652/1601 1358/2653/1709
f 1393/2651/1531 1358/2653/1709 1407/2654/1530
f 1358/2653/1709 1319/2652/1601 1312/2655/1710
f 1312/2655/1710 1319/2652/1601 1291/2656/1600
f 1276/2657/1598 1293/2658/1711 1291/2656/1600
f 1291/2656/1600 1293/2658/1711 1312/2655/1710
f 1289/2659/1712 1276/2657/1598 1268/2660/1377
f 1289/2659/1712 1268/2660/1377 1280/2661/1713
f 1280/2661/1713 1304/2662/1714 1296/2663/1715
f 1280/2661/1713 1296/2663/1715 1289/2659/1712
f 1313/2664/1716 1317/2665/1717 1280/2661/1713
f 1280/2661/1713 1317/2665/1717 1304/2662/1714
f 1313/2664/1716 1329/2666/1718 1317/2665/1717
f 1317/2665/1717 1329/2666/1718 1328/2667/1719
f 1328/2667/1719 1329/2666/1718 1356/2668/1720
f 1374/2669/1721 1356/2668/1720 1367/2670/1722
f 1424/2671/1723 1374/2669/1721 1404/2672/1724
f 1424/2671/1723 1404/2672/1724 1459/2673/1545
f 1424/2671/1723 1459/2673/1545 1427/2674/1725
f 1427/2674/1725 1459/2673/1545 1412/2675/1726
f 1412/2675/1726 1459/2673/1545 1434/2676/1727
f 1329/2666/1718 1367/2670/1722 1356/2668/1720
f 1367/2670/1722 1404/2672/1724 1374/2669/1721
f 1459/2673/1545 1404/2672/1724 1473/2677/1728
f 1459/2673/1545 1473/2677/1728 1497/2678/1729
f 1459/2673/1545 1497/2678/1729 1506/2679/1573
f 1506/2679/1573 1497/2678/1729 1521/2680/1730
f 1506/2679/1573 1521/2680/1730 1534/2681/1574
f 1534/2681/1574 1521/2680/1730 1570/2682/1731
f 1570/2682/1731 1595/2683/1732 1625/2684/1733
f 1625/2684/1733 1595/2683/1732 1643/2685/1734
f 1625/2684/1733 1643/2685/1734 1653/2686/1735
f 1697/2687/1736 1653/2686/1735 1688/2688/1737
f 1714/2689/1738 1697/2687/1736 1738/2690/1739
f 1714/2689/1738 1738/2690/1739 1725/2691/1740
f 1725/2691/1740 1738/2690/1739 1741/2692/1741
f 1725/2691/1740 1741/2692/1741 1734/2693/1742
f 1734/2693/1742 1741/2692/1741 1719/2694/1743
f 1719/2694/1743 1741/2692/1741 1729/2695/1744
f 1719/2694/1743 1729/2695/1744 1686/2696/1745
f 1686/2696/1745 1701/2697/1746 1657/2698/1747
f 1657/2698/1747 1701/2697/1746 1659/2699/1748
f 1653/2686/1735 1643/2685/1734 1688/2688/1737
f 1738/2690/1739 1688/2688/1737 1717/2700/1749
f 1761/2701/1750 1741/2692/1741 1738/2690/1739
f 1686/2696/1745 1729/2695/1744 1701/2697/1746
f 1623/2702/1751 1659/2699/1748 1656/2703/1752
f 1623/2702/1751 1656/2703/1752 1641/2704/1513
f 1641/2704/1513 1656/2703/1752 1658/2705/1753
f 1641/2704/1513 1658/2705/1753 1664/2706/1754
f 1641/2704/1513 1664/2706/1754 1646/2571/1514
f 1646/2571/1514 1664/2706/1754 1707/2569/1657
f 1646/2707/1514 1690/2708/1638 1639/2591/1516
f 1639/2591/1516 1690/2708/1638 1669/2709/1641
f 1639/2591/1516 1669/2709/1641 1663/2589/1666
f 1659/2699/1748 1623/2702/1751 1657/2698/1747
f 1657/2698/1747 1623/2702/1751 1603/2710/1556
f 1603/2710/1556 1640/2711/1755 1657/2698/1747
f 1582/2712/1558 1611/2713/1756 1603/2710/1556
f 1603/2710/1556 1611/2713/1756 1640/2711/1755
f 1611/2713/1756 1582/2712/1558 1597/2714/1757
f 1597/2714/1757 1582/2712/1558 1566/2715/1589
f 1597/2714/1757 1566/2715/1589 1596/2716/1758
f 1596/2716/1758 1566/2715/1589 1570/2682/1731
f 1570/2682/1731 1566/2715/1589 1534/2681/1574
f 1434/2676/1727 1407/2654/1530 1412/2675/1726
f 1412/2675/1726 1407/2654/1530 1391/2717/1759
f 1391/2717/1759 1407/2654/1530 1377/2718/1760
f 1377/2718/1760 1407/2654/1530 1358/2653/1709
f 1324/2646/1605 1375/2641/1512 1321/2640/1706
f 1376/2642/1510 1360/2719/1761 1345/2643/1707
f 1360/2719/1761 1376/2642/1510 1354/2624/1692
f 1354/2624/1692 1376/2642/1510 1386/2622/1690
f 1440/2613/1684 1441/2616/1554 1467/2720/1555
f 1440/2613/1684 1467/2720/1555 1466/2614/1685
f 1466/2614/1685 1467/2720/1555 1469/2721/1762
f 1469/2721/1762 1467/2720/1555 1500/2722/1763
f 1500/2722/1763 1467/2720/1555 1503/2723/1572
f 1500/2722/1763 1503/2723/1572 1519/2724/1764
f 1519/2724/1764 1503/2723/1572 1526/2598/1571
f 1519/2724/1764 1526/2598/1571 1538/2725/1765
f 1538/2725/1765 1526/2598/1571 1548/2600/1672
f 1548/2600/1672 1573/2601/1673 1551/2602/1674
f 1548/2600/1672 1526/2598/1571 1572/2599/1671
f 1235/2632/1700 1250/2628/1696 1229/2629/1697
f 1288/2626/1694 1254/2627/1695 1250/2628/1696
f 1338/2623/1691 1302/2625/1693 1288/2626/1694
f 1461/2611/1682 1480/2726/1766 1445/2609/1680
f 1445/2609/1680 1480/2726/1766 1502/2607/1678
f 1525/2604/1676 1544/2727/1767 1571/2603/1675
f 1571/2603/1675 1544/2727/1767 1551/2602/1674
f 1289/2659/1712 1293/2658/1711 1276/2657/1598
f 1762/2575/1661 1735/2573/1647 1766/2572/1659
f 1646/2707/1514 1699/2568/1640 1690/2708/1638
f 1708/2585/1665 1720/2592/1632 1757/2584/1636
f 1785/2583/1629 1791/2578/1631 1816/2577/1662
f 1816/2577/1662 1792/2579/1626 1796/2574/1660
f 1796/2574/1660 1792/2579/1626 1788/2728/1768
f 1796/2574/1660 1788/2728/1768 1762/2575/1661
f 1688/2688/1737 1738/2690/1739 1697/2687/1736
f 1625/2684/1733 1596/2716/1758 1570/2682/1731
f 1253/2756/1780 1212/2757/1770 1233/2758/1769
f 1233/2758/1769 1269/2759/1771 1253/2756/1780
f 1253/2756/1780 1269/2759/1771 1389/2760/1781
f 1253/2756/1780 1389/2760/1781 1252/2761/1782
f 1389/2760/1781 1269/2759/1771 1305/2762/1772
f 1389/2760/1781 1305/2762/1772 1384/2763/1773
f 1389/2764/1781 1384/2765/1773 1409/2766/1783
f 1409/2766/1783 1384/2765/1773 1406/2767/1776
f 1409/2766/1783 1406/2767/1776 1422/2768/1775
f 1409/2766/1783 1422/2768/1775 1426/2769/1784
f 1426/2769/1784 1422/2768/1775 1428/2770/1774
f 1428/2771/1774 1433/2772/1779 1426/2515/1784
f 1433/2772/1779 1436/2773/1778 1426/2515/1784
f 1426/2515/1784 1436/2773/1778 1439/2519/1785
f 1436/2773/1778 1442/2774/1777 1439/2519/1785
f 1439/2519/1785 1394/2521/1786 1426/2515/1784
f 1589/2756/1798 1581/2799/1799 1587/2800/1787
f 1587/2800/1787 1580/2801/1788 1589/2756/1798
f 1589/2756/1798 1580/2801/1788 1598/2760/1800
f 1589/2756/1798 1598/2760/1800 1588/2761/1801
f 1598/2760/1800 1580/2801/1788 1593/2802/1789
f 1598/2760/1800 1593/2802/1789 1594/2763/1790
f 1598/2803/1800 1594/2804/1790 1606/2805/1802
f 1606/2805/1802 1594/2804/1790 1605/2806/1793
f 1606/2805/1802 1605/2806/1793 1619/2807/1792
f 1606/2805/1802 1619/2807/1792 1624/2808/1803
f 1624/2808/1803 1619/2807/1792 1627/2809/1791
f 1627/2771/1791 1668/2810/1797 1624/2515/1803
f 1668/2810/1797 1744/2811/1796 1624/2515/1803
f 1624/2515/1803 1744/2811/1796 1774/2519/1804
f 1744/2811/1796 1805/2812/1795 1774/2519/1804
f 1774/2519/1804 1773/2521/1805 1624/2515/1803
f 1799/2756/1815 1810/2838/1433 1775/2839/1806
f 1799/2756/1815 1775/2839/1806 1673/2760/1816
f 1799/2756/1815 1673/2760/1816 1798/2761/1817
f 1775/2839/1806 1711/2840/1807 1673/2760/1816
f 1673/2760/1816 1711/2840/1807 1671/2763/1818
f 1673/2841/1816 1671/2842/1818 1661/2843/1819
f 1661/2843/1819 1671/2842/1818 1660/2844/1820
f 1661/2843/1819 1660/2844/1820 1662/2845/1821
f 1662/2845/1821 1660/2844/1820 1665/2846/1822
f 1665/2771/1822 1692/2847/1814 1662/2515/1821
f 1692/2847/1814 1728/2848/1813 1662/2515/1821
f 1662/2515/1821 1728/2848/1813 1750/2519/1823
f 1728/2848/1813 1763/2849/1812 1750/2519/1823
f 1750/2519/1823 1749/2521/1824 1662/2515/1821
f 1644/2756/1838 1712/2873/1826 1678/2874/1825
f 1678/2874/1825 1635/2875/1827 1644/2756/1838
f 1644/2756/1838 1635/2875/1827 1531/2760/1839
f 1644/2756/1838 1531/2760/1839 1684/2761/1840
f 1531/2760/1839 1635/2875/1827 1565/2876/1829
f 1531/2760/1839 1565/2876/1829 1527/2763/1830
f 1531/2877/1839 1527/2878/1830 1508/2879/1841
f 1508/2879/1841 1527/2878/1830 1515/2880/1833
f 1508/2879/1841 1515/2880/1833 1496/2881/1832
f 1508/2879/1841 1496/2881/1832 1486/2882/1842
f 1486/2882/1842 1496/2881/1832 1482/2883/1831
f 1482/2771/1831 1411/2884/1837 1486/2515/1842
f 1411/2884/1837 1334/2885/1836 1486/2515/1842
f 1486/2515/1842 1334/2885/1836 1348/2519/1843
f 1334/2885/1836 1314/2886/1835 1348/2519/1843
f 1348/2519/1843 1347/2521/1844 1486/2515/1842
f 1609/2914/1852 1633/2915/1853 1610/2916/1859
f 1610/2916/1859 1633/2915/1853 1706/2917/1860
f 1706/2917/1860 1633/2915/1853 1702/2918/1854
f 1706/2919/1860 1702/2920/1854 1713/2921/1861
f 1706/2919/1860 1713/2921/1861 1715/2922/1862
f 1715/2922/1862 1713/2921/1861 1718/2923/1856
f 1715/2922/1862 1718/2923/1856 1727/2924/1863
f 1727/2924/1863 1718/2923/1856 1730/2925/1857
f 1727/2924/1863 1730/2925/1857 1732/2926/1864
f 1732/2926/1864 1730/2925/1857 1731/2927/1848
f 1413/2954/1878 1414/2955/1879 1420/2956/1880
f 1420/2956/1880 1414/2955/1879 1418/2957/1881
f 1420/2956/1880 1418/2957/1881 1396/2958/1882
f 1396/2958/1882 1418/2957/1881 1405/2959/1883
f 1396/2958/1882 1405/2959/1883 1388/2960/1884
f 1396/2958/1882 1388/2960/1884 1383/2563/1885
f 1383/2563/1885 1388/2960/1884 1369/2961/1873
f 1383/2563/1885 1369/2961/1873 1371/2962/1886
f 1337/2914/1887 1273/2990/1893 1336/2916/1901
f 1336/2916/1901 1273/2990/1893 1249/2917/1902
f 1249/2917/1902 1273/2990/1893 1251/2991/1894
f 1249/2992/1902 1251/2993/1894 1243/2994/1895
f 1249/2992/1902 1243/2994/1895 1239/2995/1903
f 1239/2995/1903 1243/2994/1895 1238/2996/1896
f 1239/2995/1903 1238/2996/1896 1234/2997/1897
f 1239/2995/1903 1234/2997/1897 1237/2998/1904
f 1237/2998/1904 1234/2997/1897 1236/2999/1898
f 1237/2998/1904 1236/2999/1898 1241/3000/1905
f 1241/3000/1905 1236/2999/1898 1246/3001/1899
f 1241/2916/1905 1246/3002/1899 1267/3003/1900
f 1241/2916/1905 1267/3003/1900 1325/2917/1906
f 1267/3003/1900 1323/3004/1892 1325/2917/1906
f 1545/2914/1911 1542/3036/1918 1546/2916/1924
f 1546/2916/1924 1542/3036/1918 1539/2917/1925
f 1539/2917/1925 1542/3036/1918 1540/3037/1919
f 1539/3038/1925 1540/3039/1919 1528/3040/1926
f 1539/3038/1925 1528/3040/1926 1529/3041/1927
f 1529/3041/1927 1528/3040/1926 1518/3042/1921
f 1529/3041/1927 1518/3042/1921 1507/3043/1928
f 1507/3043/1928 1518/3042/1921 1504/3044/1922
f 1507/3043/1928 1504/3044/1922 1501/3045/1929
f 1501/3045/1929 1504/3044/1922 1489/3046/1930
f 1501/3045/1929 1489/3046/1930 1484/3047/1931
f 1484/3047/1931 1489/3046/1930 1478/3048/1909
f 1347/3049/1932 1348/3050/1933 1380/3051/1934
f 1380/3051/1934 1348/3050/1933 1381/3052/1935
f 1380/3051/1934 1381/3052/1935 1425/3053/1936
f 1380/3051/1934 1425/3053/1936 1465/3054/1937
f 1465/3054/1937 1425/3053/1936 1514/3055/1938
f 1465/3054/1937 1514/3055/1938 1553/3056/1939
f 1553/3056/1939 1514/3055/1938 1554/3057/1940
f 1553/3056/1939 1554/3057/1940 1601/3058/1941
f 1601/3058/1941 1554/3057/1940 1644/3059/1838
f 1601/3058/1941 1644/3059/1838 1684/3060/1840
f 1799/3061/1942 1798/3062/1943 1800/3063/1944
f 1800/3063/1944 1798/3062/1943 1801/3064/1945
f 1800/3063/1944 1801/3064/1945 1797/3065/1946
f 1800/3063/1944 1797/3065/1946 1793/3066/1947
f 1793/3066/1947 1797/3065/1946 1783/3067/1948
f 1793/3066/1947 1783/3067/1948 1772/3068/1949
f 1772/3068/1949 1783/3067/1948 1759/3069/1950
f 1772/3068/1949 1759/3069/1950 1760/3070/1951
f 1760/3070/1951 1759/3069/1950 1750/3071/1952
f 1750/3071/1952 1759/3069/1950 1749/3072/1953
f 1218/3073/1621 1223/3074/1620 1219/3075/1954
f 1218/3073/1621 1219/3075/1954 1220/3076/1955
f 1220/3076/1955 1219/3075/1954 1224/3077/1956
f 1220/3076/1955 1224/3077/1956 1232/3078/1957
f 1232/3078/1957 1224/3077/1956 1244/3079/1958
f 1232/3078/1957 1244/3079/1958 1255/3080/1959
f 1255/3080/1959 1244/3079/1958 1256/3081/1960
f 1255/3080/1959 1256/3081/1960 1278/3082/1961
f 1278/3082/1961 1256/3081/1960 1279/3083/1962
f 1589/3084/1963 1588/3085/1964 1629/3086/1965
f 1629/3086/1965 1588/3085/1964 1628/3087/1966
f 1629/3086/1965 1628/3087/1966 1705/3088/1967
f 1705/3088/1967 1628/3087/1966 1704/3089/1968
f 1705/3088/1967 1704/3089/1968 1747/3090/1969
f 1747/3090/1969 1704/3089/1968 1746/3091/1970
f 1747/3090/1969 1746/3091/1970 1754/3092/1971
f 1747/3090/1969 1754/3092/1971 1764/3093/1972
f 1764/3093/1972 1754/3092/1971 1774/3094/1973
f 1774/3094/1973 1754/3092/1971 1773/3095/1974
f 1472/3096/1975 1483/3097/1976 1498/3098/1977
f 1453/3099/1978 1464/3100/1979 1472/3096/1975
f 1453/3099/1978 1451/3101/1980 1464/3100/1979
f 1447/3102/1981 1446/3103/1982 1453/3099/1978
f 1453/3099/1978 1446/3103/1982 1451/3101/1980
f 1448/3104/1983 1446/3103/1982 1447/3102/1981
f 1448/3104/1983 1449/3105/1984 1446/3103/1982
f 1460/3106/1985 1458/3107/1986 1448/3104/1983
f 1448/3104/1983 1458/3107/1986 1449/3105/1984
f 1499/3108/1987 1470/3109/1988 1460/3106/1985
f 1516/3110/1989 1493/3111/1990 1499/3108/1987
f 1550/3112/1991 1530/3113/1992 1516/3110/1989
f 1564/3114/1993 1547/3115/1994 1550/3112/1991
f 1564/3114/1993 1567/3116/1995 1547/3115/1994
f 1578/3117/1996 1577/3118/1997 1564/3114/1993
f 1564/3114/1993 1577/3118/1997 1567/3116/1995
f 1575/3119/1998 1577/3118/1997 1578/3117/1996
f 1575/3119/1998 1574/3120/1999 1577/3118/1997
f 1549/3121/2000 1552/3122/2001 1575/3119/1998
f 1575/3119/1998 1552/3122/2001 1574/3120/1999
f 1532/3123/2002 1541/3124/2003 1549/3121/2000
f 1498/3125/1977 1505/3126/2004 1532/3123/2002
f 1532/3123/2002 1505/3126/2004 1541/3124/2003
f 1549/3121/2000 1541/3124/2003 1552/3122/2001
f 1547/3115/1994 1530/3113/1992 1550/3112/1991
f 1530/3113/1992 1493/3111/1990 1516/3110/1989
f 1499/3108/1987 1493/3111/1990 1470/3109/1988
f 1460/3106/1985 1470/3109/1988 1458/3107/1986
f 1464/3100/1979 1483/3097/1976 1472/3096/1975
f 1483/3097/1976 1505/3127/2004 1498/3098/1977
f 1776/3128/1622 1777/2917/2005 1733/3129/1646
f 1733/3129/1646 1777/2917/2005 1700/2916/1656
f 1733/3129/1646 1700/2916/1656 1698/2914/1639
f 1777/3130/2005 1776/3131/1622 1789/3132/2006
f 1777/3130/2005 1789/3132/2006 1790/3133/2007
f 1790/3133/2007 1789/3132/2006 1784/3134/2008
f 1790/3133/2007 1784/3134/2008 1782/3135/2009
f 1782/3135/2009 1784/3134/2008 1770/3136/1628
f 1782/3135/2009 1770/3136/1628 1771/3137/2010
f 1297/3138/1865 1300/2917/2011 1318/3139/1877
f 1318/3139/1877 1300/2917/2011 1371/2916/1886
f 1318/3139/1877 1371/2916/1886 1369/2914/1873
f 1300/3140/2011 1297/3141/1865 1295/3142/1866
f 1300/3140/2011 1295/3142/1866 1301/3143/2012
f 1301/3143/2012 1295/3142/1866 1303/3144/2013
f 1301/3143/2012 1303/3144/2013 1308/3145/2014
f 1308/3145/2014 1303/3144/2013 1311/3146/1868
f 1308/3145/2014 1311/3146/1868 1326/3147/2015
f 1326/3147/2015 1311/3146/1868 1327/3148/1869
f 1771/2916/2010 1770/3149/1628 1721/3150/1635
f 1771/2916/2010 1721/3150/1635 1687/2917/1648
f 1721/3150/1635 1685/3004/1649 1687/2917/1648
f 1326/2916/2015 1327/3151/1869 1349/3152/1871
f 1326/2916/2015 1349/3152/1871 1413/2917/1878
f 1349/3152/1871 1414/3004/1879 1413/2917/1878
f 1484/2916/1931 1478/3153/1909 1479/3154/1908
f 1484/2916/1931 1479/3154/1908 1477/2917/2016
f 1479/3154/1908 1471/3004/2017 1477/2917/2016
f 1545/3155/1911 1546/3156/1924 1524/3157/2018
f 1545/3155/1911 1524/3157/2018 1523/3158/2019
f 1523/3158/2019 1524/3157/2018 1512/3159/2020
f 1523/3158/2019 1512/3159/2020 1511/3160/2021
f 1511/3160/2021 1512/3159/2020 1491/3161/2022
f 1491/3161/2022 1512/3159/2020 1490/3162/2023
f 1491/3161/2022 1490/3162/2023 1471/3163/2017
f 1471/3163/2017 1490/3162/2023 1477/3164/2016
f 1732/2916/1864 1731/3165/1848 1679/3166/1846
f 1732/2916/1864 1679/3166/1846 1647/2917/2024
f 1679/3166/1846 1648/3004/2025 1647/2917/2024
f 1609/3167/1852 1610/3168/1859 1607/2563/2026
f 1609/3167/1852 1607/2563/2026 1608/3169/2027
f 1608/3169/2027 1607/2563/2026 1614/3170/2028
f 1608/3169/2027 1614/3170/2028 1621/3171/2029
f 1621/3171/2029 1614/3170/2028 1626/3172/2030
f 1621/3171/2029 1626/3172/2030 1642/3173/2031
f 1642/3173/2031 1626/3172/2030 1647/3174/2024
f 1642/3173/2031 1647/3174/2024 1648/3175/2025
f 1337/3176/1887 1336/3177/1901 1350/3178/2032
f 1337/3176/1887 1350/3178/2032 1351/3179/2033
f 1351/3179/2033 1350/3178/2032 1355/3159/2034
f 1351/3179/2033 1355/3159/2034 1346/3180/2035
f 1346/3180/2035 1355/3159/2034 1341/3181/2036
f 1346/3180/2035 1341/3181/2036 1342/3182/1891
f 1342/3182/1891 1341/3181/2036 1323/3183/1892
f 1323/3183/1892 1341/3181/2036 1325/3184/1906
f 1279/2756/2037 1264/3185/1479 1272/3186/1597
f 1272/3186/1597 1285/3187/1599 1279/2756/2037
f 1279/2756/2037 1285/3187/1599 1361/2760/1617
f 1279/2756/2037 1361/2760/1617 1278/2761/2038
f 1361/2760/1617 1285/3187/1599 1310/3188/1602
f 1361/2760/1617 1310/3188/1602 1362/2763/1603
f 1581/3189/1799 1589/3190/1798 1632/3191/2039
f 1632/3191/2039 1589/3190/1798 1629/3192/2040
f 1632/3191/2039 1629/3192/2040 1675/3193/2040
f 1675/3193/2040 1629/3192/2040 1705/3194/2040
f 1675/3193/2040 1705/3194/2040 1737/3195/2040
f 1737/3195/2040 1705/3194/2040 1747/3196/2040
f 1737/3195/2040 1747/3196/2040 1765/3197/2040
f 1765/3197/2040 1747/3196/2040 1781/3198/2041
f 1781/3198/2041 1747/3196/2040 1764/3199/2040
f 1781/3198/2041 1764/3199/2040 1774/3200/1804
f 1781/3198/2041 1774/3200/1804 1805/3201/1795
f 1212/3202/1770 1253/3203/1780 1226/3204/2042
f 1226/3204/2042 1253/3203/1780 1263/3205/2040
f 1226/3204/2042 1263/3205/2040 1261/3206/2040
f 1261/3206/2040 1263/3205/2040 1284/3207/2040
f 1261/3206/2040 1284/3207/2040 1277/3208/2040
f 1277/3208/2040 1284/3207/2040 1332/3209/2040
f 1277/3208/2040 1332/3209/2040 1322/3210/2040
f 1322/3210/2040 1332/3209/2040 1395/3211/2040
f 1322/3210/2040 1395/3211/2040 1392/3212/2043
f 1392/3212/2043 1395/3211/2040 1439/3213/1785
f 1392/3212/2043 1439/3213/1785 1442/3214/1777
f 1279/3215/2037 1256/3216/2044 1264/3217/1479
f 1264/3217/1479 1256/3216/2044 1227/3218/2045
f 1227/3218/2045 1256/3216/2044 1244/3219/2040
f 1227/3218/2045 1244/3219/2040 1204/3220/2040
f 1204/3220/2040 1244/3219/2040 1224/3221/2040
f 1204/3220/2040 1224/3221/2040 1197/3222/2040
f 1197/3222/2040 1224/3221/2040 1219/3223/2046
f 1197/3222/2040 1219/3223/2046 1195/3224/2047
f 1195/3224/2047 1219/3223/2046 1198/3225/1611
f 1198/3225/1611 1219/3223/2046 1223/3226/1620
f 1750/3227/1823 1763/3228/1812 1760/3229/2048
f 1760/3229/2048 1763/3228/1812 1778/3230/2049
f 1760/3229/2048 1778/3230/2049 1772/3231/2040
f 1772/3231/2040 1778/3230/2049 1804/3232/2040
f 1772/3231/2040 1804/3232/2040 1793/3233/2040
f 1793/3233/2040 1804/3232/2040 1817/3234/2040
f 1793/3233/2040 1817/3234/2040 1800/3235/2050
f 1800/3235/2050 1817/3234/2040 1822/3236/2051
f 1800/3235/2050 1822/3236/2051 1810/3237/1433
f 1810/3237/1433 1799/3238/1815 1800/3235/2050
f 1712/3239/1826 1644/3240/1838 1554/3241/2052
f 1514/3242/2040 1637/3243/2053 1554/3241/2052
f 1554/3241/2052 1637/3243/2053 1712/3239/1826
f 1425/3244/2054 1390/3245/1386 1514/3242/2040
f 1514/3242/2040 1390/3245/1386 1421/3246/1389
f 1514/3242/2040 1421/3246/1389 1488/3247/1384
f 1425/3244/2054 1314/3248/1835 1352/3249/1502
f 1425/3244/2054 1352/3249/1502 1390/3245/1386
f 1425/3244/2054 1381/3250/2055 1314/3248/1835
f 1314/3248/1835 1381/3250/2055 1348/3251/1843
f 1514/3242/2040 1488/3247/1384 1568/3252/1499
f 1514/3242/2040 1568/3252/1499 1637/3243/2053
f 1253/3253/2056 1252/3254/2057 1263/3255/2058
f 1263/3255/2058 1252/3254/2057 1262/3256/2059
f 1263/3255/2058 1262/3256/2059 1284/3257/2060
f 1284/3257/2060 1262/3256/2059 1283/3258/2061
f 1284/3257/2060 1283/3258/2061 1332/3259/2062
f 1332/3259/2062 1283/3258/2061 1331/3260/2063
f 1332/3259/2062 1331/3260/2063 1395/3261/2064
f 1395/3261/2064 1331/3260/2063 1394/3262/1786
f 1395/3261/2064 1394/3262/1786 1439/3263/1785
f 1206/3264/2065 1218/3265/2065 1220/3266/2065
f 1206/3264/2065 1220/3266/2065 1208/3267/2065
f 1208/3267/2065 1220/3266/2065 1232/3268/2065
f 1208/3267/2065 1232/3268/2065 1215/3269/2065
f 1215/3269/2065 1232/3268/2065 1231/3270/2065
f 1231/3270/2065 1232/3268/2065 1255/3271/2065
f 1231/3270/2065 1255/3271/2065 1260/3272/2065
f 1260/3272/2065 1255/3271/2065 1278/3273/2065
f 1260/3272/2065 1278/3273/2065 1300/3274/2065
f 1260/3272/2065 1300/3274/2065 1301/3275/2065
f 1218/3265/2065 1206/3264/2065 1214/3276/2065
f 1218/3265/2065 1214/3276/2065 1241/3277/2065
f 1241/3277/2065 1214/3276/2065 1237/3278/2065
f 1237/3278/2065 1214/3276/2065 1217/3279/2065
f 1237/3278/2065 1217/3279/2065 1239/3280/2065
f 1239/3280/2065 1217/3279/2065 1249/3281/2065
f 1249/3281/2065 1217/3279/2065 1252/3282/2065
f 1249/3281/2065 1252/3282/2065 1336/3283/2065
f 1336/3283/2065 1252/3282/2065 1389/3284/2065
f 1336/3283/2065 1389/3284/2065 1350/3285/2065
f 1350/3285/2065 1389/3284/2065 1448/3286/2065
f 1448/3286/2065 1389/3284/2065 1460/3287/2065
f 1460/3287/2065 1389/3284/2065 1409/3288/2065
f 1460/3287/2065 1409/3288/2065 1499/3289/2065
f 1499/3289/2065 1409/3288/2065 1426/3290/2065
f 1499/3289/2065 1426/3290/2065 1490/3291/2065
f 1490/3291/2065 1426/3290/2065 1477/3292/2065
f 1477/3292/2065 1426/3290/2065 1394/3293/2065
f 1477/3292/2065 1394/3293/2065 1484/3294/2065
f 1484/3294/2065 1394/3293/2065 1463/3295/2065
f 1484/3294/2065 1463/3295/2065 1501/3296/2066
f 1501/3296/2066 1463/3295/2065 1507/3297/2065
f 1507/3297/2065 1463/3295/2065 1529/3298/2065
f 1529/3298/2065 1463/3295/2065 1563/3299/2065
f 1529/3298/2065 1563/3299/2065 1539/3300/2065
f 1539/3300/2065 1563/3299/2065 1588/3301/2065
f 1539/3300/2065 1588/3301/2065 1546/3302/2065
f 1546/3302/2065 1588/3301/2065 1598/3303/2065
f 1546/3302/2065 1598/3303/2065 1524/3304/2065
f 1524/3304/2065 1598/3303/2065 1516/3305/2065
f 1516/3305/2065 1598/3303/2065 1606/3306/2065
f 1516/3305/2065 1606/3306/2065 1550/3307/2065
f 1550/3307/2065 1606/3306/2065 1564/3308/2065
f 1564/3308/2065 1606/3306/2065 1624/3309/2065
f 1564/3308/2065 1624/3309/2065 1674/3310/2065
f 1564/3308/2065 1674/3310/2065 1676/3311/2065
f 1217/3279/2065 1248/3312/2065 1252/3282/2065
f 1252/3282/2065 1248/3312/2065 1262/3313/2065
f 1262/3313/2065 1248/3312/2065 1275/3314/2065
f 1262/3313/2065 1275/3314/2065 1283/3315/2065
f 1283/3315/2065 1275/3314/2065 1307/3316/2065
f 1283/3315/2065 1307/3316/2065 1331/3317/2065
f 1331/3317/2065 1307/3316/2065 1373/3318/2065
f 1331/3317/2065 1373/3318/2065 1394/3293/2065
f 1394/3293/2065 1373/3318/2065 1463/3295/2065
f 1588/3301/2065 1563/3299/2065 1628/3319/2065
f 1628/3319/2065 1563/3299/2065 1652/3320/2065
f 1628/3319/2065 1652/3320/2065 1704/3321/2065
f 1704/3321/2065 1652/3320/2065 1723/3322/2065
f 1704/3321/2065 1723/3322/2065 1746/3323/2065
f 1746/3323/2065 1723/3322/2065 1756/3324/2065
f 1746/3323/2065 1756/3324/2065 1754/3325/2065
f 1754/3325/2065 1756/3324/2065 1780/3326/2065
f 1754/3325/2065 1780/3326/2065 1773/3327/2065
f 1773/3327/2065 1780/3326/2065 1771/3328/2065
f 1771/3328/2065 1780/3326/2065 1782/3329/2065
f 1782/3329/2065 1780/3326/2065 1803/3330/2065
f 1782/3329/2065 1803/3330/2065 1790/3331/2065
f 1790/3331/2065 1803/3330/2065 1777/3332/2065
f 1777/3332/2065 1803/3330/2065 1798/3333/2065
f 1777/3332/2065 1798/3333/2065 1700/3334/2065
f 1700/3334/2065 1798/3333/2065 1673/3335/2065
f 1700/3334/2065 1673/3335/2065 1693/3336/2065
f 1693/3336/2065 1673/3335/2065 1676/3311/2065
f 1676/3311/2065 1673/3335/2065 1578/3337/2065
f 1578/3337/2065 1673/3335/2065 1575/3338/2065
f 1575/3338/2065 1673/3335/2065 1661/3339/2065
f 1575/3338/2065 1661/3339/2065 1549/3340/2065
f 1549/3340/2065 1661/3339/2065 1662/3341/2065
f 1549/3340/2065 1662/3341/2065 1626/3342/2065
f 1626/3342/2065 1662/3341/2065 1647/3343/2065
f 1647/3343/2065 1662/3341/2065 1749/3344/2065
f 1647/3343/2065 1749/3344/2065 1732/3345/2065
f 1732/3345/2065 1749/3344/2065 1743/3346/2065
f 1732/3345/2065 1743/3346/2065 1727/3347/2067
f 1727/3347/2067 1743/3346/2065 1715/3348/2065
f 1715/3348/2065 1743/3346/2065 1696/3349/2065
f 1715/3348/2065 1696/3349/2065 1706/3350/2065
f 1706/3350/2065 1696/3349/2065 1684/3351/2065
f 1706/3350/2065 1684/3351/2065 1610/3352/2065
f 1610/3352/2065 1684/3351/2065 1531/3353/2065
f 1610/3352/2065 1531/3353/2065 1607/3354/2065
f 1607/3354/2065 1531/3353/2065 1614/3355/2065
f 1614/3355/2065 1531/3353/2065 1532/3356/2065
f 1532/3356/2065 1531/3353/2065 1508/3357/2065
f 1532/3356/2065 1508/3357/2065 1498/3358/2065
f 1498/3358/2065 1508/3357/2065 1486/3359/2065
f 1498/3358/2065 1486/3359/2065 1420/3360/2065
f 1420/3360/2065 1486/3359/2065 1413/3361/2065
f 1413/3361/2065 1486/3359/2065 1347/3362/2065
f 1413/3361/2065 1347/3362/2065 1326/3363/2065
f 1326/3363/2065 1347/3362/2065 1287/3364/2065
f 1326/3363/2065 1287/3364/2065 1308/3365/2068
f 1308/3365/2068 1287/3364/2065 1301/3275/2065
f 1301/3275/2065 1287/3364/2065 1260/3272/2065
f 1803/3330/2065 1814/3366/2065 1798/3333/2065
f 1798/3333/2065 1814/3366/2065 1801/3367/2065
f 1801/3367/2065 1814/3366/2065 1813/3368/2065
f 1801/3367/2065 1813/3368/2065 1797/3369/2065
f 1797/3369/2065 1813/3368/2065 1807/3370/2065
f 1797/3369/2065 1807/3370/2065 1783/3371/2065
f 1783/3371/2065 1807/3370/2065 1795/3372/2065
f 1783/3371/2065 1795/3372/2065 1759/3373/2065
f 1759/3373/2065 1795/3372/2065 1768/3374/2065
f 1759/3373/2065 1768/3374/2065 1749/3344/2065
f 1749/3344/2065 1768/3374/2065 1743/3346/2065
f 1684/3351/2065 1696/3349/2065 1613/3375/2065
f 1684/3351/2065 1613/3375/2065 1601/3376/2065
f 1601/3376/2065 1613/3375/2065 1561/3377/2065
f 1601/3376/2065 1561/3377/2065 1553/3378/2065
f 1553/3378/2065 1561/3377/2065 1462/3379/2065
f 1553/3378/2065 1462/3379/2065 1465/3380/2065
f 1465/3380/2065 1462/3379/2065 1380/3381/2065
f 1380/3381/2065 1462/3379/2065 1416/3382/2065
f 1380/3381/2065 1416/3382/2065 1340/3383/2065
f 1380/3381/2065 1340/3383/2065 1347/3362/2065
f 1347/3362/2065 1340/3383/2065 1287/3364/2065
f 1361/3384/2065 1396/3385/2065 1383/3386/2065
f 1361/3384/2065 1383/3386/2065 1371/3387/2065
f 1396/3385/2065 1361/3384/2065 1453/3388/2065
f 1453/3388/2065 1361/3384/2065 1363/3389/2065
f 1453/3388/2065 1363/3389/2065 1447/3390/2065
f 1447/3390/2065 1363/3389/2065 1344/3391/2065
f 1447/3390/2065 1344/3391/2065 1448/3286/2065
f 1448/3286/2065 1344/3391/2065 1341/3392/2065
f 1448/3286/2065 1341/3392/2065 1355/3393/2065
f 1341/3392/2065 1344/3391/2065 1325/3394/2065
f 1325/3394/2065 1344/3391/2065 1218/3265/2065
f 1325/3394/2065 1218/3265/2065 1241/3277/2065
f 1361/3384/2065 1371/3387/2065 1278/3273/2065
f 1278/3273/2065 1371/3387/2065 1300/3274/2065
f 1674/3310/2065 1624/3309/2065 1687/3395/2065
f 1687/3395/2065 1624/3309/2065 1773/3327/2065
f 1687/3395/2065 1773/3327/2065 1771/3328/2065
f 1564/3308/2065 1676/3311/2065 1578/3337/2065
f 1498/3358/2065 1420/3360/2065 1472/3396/2065
f 1472/3396/2065 1420/3360/2065 1396/3385/2065
f 1472/3396/2065 1396/3385/2065 1453/3388/2065
f 1490/3291/2065 1512/3397/2065 1499/3289/2065
f 1499/3289/2065 1512/3397/2065 1516/3305/2065
f 1516/3305/2065 1512/3397/2065 1524/3304/2065
f 1626/3342/2065 1614/3355/2065 1549/3340/2065
f 1549/3340/2065 1614/3355/2065 1532/3356/2065
f 1448/3286/2065 1355/3393/2065 1350/3285/2065
f 1208/3398/2069 1205/3399/2070 1206/3400/2071
f 1206/3401/2071 1205/3402/2070 1209/3403/2072
f 1205/3399/2070 1208/3398/2069 1213/3404/2073
f 1213/3404/2073 1208/3398/2069 1215/3405/2074
f 1213/3404/2073 1215/3405/2074 1231/3406/2075
f 1213/3404/2073 1231/3406/2075 1230/3407/2076
f 1230/3407/2076 1231/3406/2075 1260/3408/2077
f 1230/3407/2076 1260/3408/2077 1259/3409/2078
f 1259/3409/2078 1260/3408/2077 1287/3410/2079
f 1259/3409/2078 1287/3410/2079 1286/3411/2080
f 1286/3411/2080 1287/3410/2079 1340/3412/2081
f 1286/3411/2080 1340/3412/2081 1339/3413/2082
f 1339/3413/2082 1340/3412/2081 1416/3414/2083
f 1339/3413/2082 1416/3414/2083 1415/3415/2084
f 1415/3415/2084 1416/3414/2083 1462/3416/2085
f 1415/3415/2084 1462/3416/2085 1513/3417/2086
f 1513/3417/2086 1462/3416/2085 1561/3418/2087
f 1513/3417/2086 1561/3418/2087 1560/3419/2088
f 1560/3419/2088 1561/3418/2087 1613/3420/2089
f 1560/3419/2088 1613/3420/2089 1650/3421/2090
f 1650/3421/2090 1613/3420/2089 1696/3422/2091
f 1650/3421/2090 1696/3422/2091 1695/3423/2092
f 1695/3423/2092 1696/3422/2091 1743/3424/2093
f 1695/3423/2092 1743/3424/2093 1742/3425/2094
f 1742/3425/2094 1743/3424/2093 1768/3426/2095
f 1742/3425/2094 1768/3426/2095 1767/3427/2096
f 1767/3427/2096 1768/3426/2095 1795/3428/2097
f 1767/3427/2096 1795/3428/2097 1794/3429/2098
f 1794/3429/2098 1795/3428/2097 1807/3430/2099
f 1794/3429/2098 1807/3430/2099 1806/3431/2100
f 1806/3431/2100 1807/3430/2099 1813/3432/2101
f 1806/3431/2100 1813/3432/2101 1815/4/2102
f 1815/4/2102 1813/3432/2101 1814/3433/2103
f 1815/4/2102 1814/3433/2103 1808/3434/2104
f 1808/3434/2104 1814/3433/2103 1803/3435/2105
f 1808/3434/2104 1803/3435/2105 1802/3436/2106
f 1802/3436/2106 1803/3435/2105 1780/3437/2107
f 1802/3436/2106 1780/3437/2107 1779/3438/2108
f 1779/3438/2108 1780/3437/2107 1756/3439/2109
f 1779/3438/2108 1756/3439/2109 1755/3440/2110
f 1755/3440/2110 1756/3439/2109 1723/3441/2111
f 1755/3440/2110 1723/3441/2111 1722/3442/2112
f 1722/3442/2112 1723/3441/2111 1652/3443/2113
f 1722/3442/2112 1652/3443/2113 1651/3444/2114
f 1651/3444/2114 1652/3443/2113 1563/3445/2115
f 1651/3444/2114 1563/3445/2115 1562/3446/2116
f 1562/3446/2116 1563/3445/2115 1463/3447/2117
f 1562/3446/2116 1463/3447/2117 1517/3448/2118
f 1517/3448/2118 1463/3447/2117 1417/3449/2119
f 1417/3449/2119 1463/3447/2117 1373/3450/2120
f 1417/3449/2119 1373/3450/2120 1372/3451/2121
f 1372/3451/2121 1373/3450/2120 1307/3452/2122
f 1372/3451/2121 1307/3452/2122 1306/3453/2123
f 1306/3453/2123 1307/3452/2122 1275/3454/2124
f 1306/3453/2123 1275/3454/2124 1274/3455/2125
f 1274/3455/2125 1275/3454/2124 1248/3456/2126
f 1274/3455/2125 1248/3456/2126 1247/3457/2127
f 1247/3457/2127 1248/3456/2126 1217/3458/2128
f 1247/3457/2127 1217/3458/2128 1216/3459/2129
f 1216/3459/2129 1217/3458/2128 1214/3460/2130
f 1216/3459/2129 1214/3460/2130 1209/3403/2072
f 1209/3403/2072 1214/3460/2130 1206/3401/2071
f 1196/3461/2065 1194/3462/2065 1205/3463/2065
f 1205/3463/2065 1194/3462/2065 1209/3464/2065
f 1209/3464/2065 1194/3462/2065 1200/3465/2065
f 1209/3464/2065 1200/3465/2065 1203/3466/2065
f 1209/3464/2065 1203/3466/2065 1216/3467/2065
f 1216/3467/2065 1203/3466/2065 1222/3468/2065
f 1216/3467/2065 1222/3468/2065 1247/3469/2065
f 1247/3469/2065 1222/3468/2065 1258/3470/2065
f 1247/3469/2065 1258/3470/2065 1274/3471/2065
f 1274/3471/2065 1258/3470/2065 1290/3472/2065
f 1274/3471/2065 1290/3472/2065 1306/3473/2065
f 1306/3473/2065 1290/3472/2065 1316/3474/2065
f 1306/3473/2065 1316/3474/2065 1372/3475/2065
f 1372/3475/2065 1316/3474/2065 1387/3476/2065
f 1372/3475/2065 1387/3476/2065 1417/3477/2065
f 1417/3477/2065 1387/3476/2065 1485/3478/2065
f 1417/3477/2065 1485/3478/2065 1517/3479/2065
f 1517/3479/2065 1485/3478/2065 1562/3480/2065
f 1562/3480/2065 1485/3478/2065 1592/3481/2065
f 1562/3480/2065 1592/3481/2065 1651/3482/2065
f 1651/3482/2065 1592/3481/2065 1683/3483/2065
f 1651/3482/2065 1683/3483/2065 1722/3484/2065
f 1722/3484/2065 1683/3483/2065 1740/3485/2065
f 1722/3484/2065 1740/3485/2065 1753/3486/2065
f 1722/3484/2065 1753/3486/2065 1755/3487/2065
f 1755/3487/2065 1753/3486/2065 1787/3488/2065
f 1755/3487/2065 1787/3488/2065 1779/3489/2065
f 1779/3489/2065 1787/3488/2065 1812/3490/2065
f 1779/3489/2065 1812/3490/2065 1802/3269/2065
f 1802/3269/2065 1812/3490/2065 1808/3491/2065
f 1808/3491/2065 1812/3490/2065 1819/3492/2065
f 1808/3491/2065 1819/3492/2065 1821/3493/2065
f 1808/3491/2065 1821/3493/2065 1815/3494/2065
f 1815/3494/2065 1821/3493/2065 1818/3495/2065
f 1815/3494/2065 1818/3495/2065 1806/3496/2065
f 1806/3496/2065 1818/3495/2065 1811/3497/2065
f 1806/3496/2065 1811/3497/2065 1794/3498/2065
f 1794/3498/2065 1811/3497/2065 1786/3499/2065
f 1794/3498/2065 1786/3499/2065 1767/3500/2065
f 1767/3500/2065 1786/3499/2065 1752/3501/2131
f 1767/3500/2065 1752/3501/2131 1742/3502/2131
f 1742/3502/2131 1752/3501/2131 1739/3503/2065
f 1742/3502/2131 1739/3503/2065 1695/3504/2065
f 1695/3504/2065 1739/3503/2065 1682/3505/2065
f 1695/3504/2065 1682/3505/2065 1650/3506/2132
f 1650/3506/2132 1682/3505/2065 1622/3507/1419
f 1650/3506/2132 1622/3507/1419 1560/3508/2133
f 1560/3508/2133 1622/3507/1419 1579/3509/1416
f 1560/3508/2133 1579/3509/1416 1522/3510/2134
f 1560/3508/2133 1522/3510/2134 1513/3511/2135
f 1513/3511/2135 1522/3510/2134 1452/3512/1380
f 1513/3511/2135 1452/3512/1380 1415/3513/2136
f 1415/3513/2136 1452/3512/1380 1435/3514/1390
f 1415/3513/2136 1435/3514/1390 1366/3515/1387
f 1415/3513/2136 1366/3515/1387 1339/3516/2137
f 1339/3516/2137 1366/3515/1387 1315/3517/1415
f 1339/3516/2137 1315/3517/1415 1286/3518/2138
f 1286/3518/2138 1315/3517/1415 1281/3519/1400
f 1286/3518/2138 1281/3519/1400 1270/3520/1398
f 1286/3518/2138 1270/3520/1398 1259/3521/2139
f 1259/3521/2139 1270/3520/1398 1245/3522/1399
f 1259/3521/2139 1245/3522/1399 1221/3523/1413
f 1259/3521/2139 1221/3523/1413 1230/3524/2138
f 1230/3524/2138 1221/3523/1413 1202/3525/2065
f 1230/3524/2138 1202/3525/2065 1213/3526/2065
f 1213/3526/2065 1202/3525/2065 1196/3461/2065
f 1213/3526/2065 1196/3461/2065 1205/3463/2065
usemtl 160,160,160.002
f 3204/6150/3370 3184/6151/3371 3160/6152/3372
f 3160/6152/3372 3184/6151/3371 3162/6153/3373
f 3160/6152/3372 3162/6153/3373 3147/6154/2040
f 3147/6154/2040 3162/6153/3373 3113/6155/3373
f 3113/6155/3373 3162/6153/3373 3142/6156/3373
f 3113/6155/3373 3142/6156/3373 3127/6157/3373
f 3113/6155/3373 3127/6157/3373 3103/6158/2040
f 3103/6158/2040 3127/6157/3373 3094/6159/3374
f 3094/6159/3374 3127/6157/3373 3124/6160/3374
f 3094/6159/3374 3124/6160/3374 3097/6161/3375
f 3097/6161/3375 3124/6160/3374 3131/6162/3376
f 3097/6161/3375 3131/6162/3376 3110/6163/3376
f 3110/6163/3376 3131/6162/3376 3148/6164/3377
f 3110/6163/3376 3148/6164/3377 3120/6165/3377
f 3120/6165/3377 3148/6164/3377 3167/6166/3376
f 3120/6165/3377 3167/6166/3376 3159/6167/3376
f 3159/6167/3376 3167/6166/3376 3189/6168/3377
f 3159/6167/3376 3189/6168/3377 3203/6169/3376
f 3203/6169/3376 3189/6168/3377 3220/6170/3378
f 3220/6170/3378 3189/6168/3377 3219/6171/3378
f 3220/6170/3378 3219/6171/3378 3251/6172/3378
f 3251/6172/3378 3219/6171/3378 3232/6173/3378
f 3251/6172/3378 3232/6173/3378 3284/6174/3378
f 3284/6174/3378 3232/6173/3378 3255/6175/3378
f 3284/6174/3378 3255/6175/3378 3294/6176/3379
f 3294/6176/3379 3255/6175/3378 3267/6177/3380
f 3294/6176/3379 3267/6177/3380 3301/6178/3381
f 3301/6178/3381 3267/6177/3380 3295/6179/3382
f 3295/6179/3382 3267/6177/3380 3258/6180/3383
f 3295/6179/3382 3258/6180/3383 3285/6181/2040
f 3285/6181/2040 3258/6180/3383 3237/6182/2040
f 3285/6181/2040 3237/6182/2040 3265/6183/3384
f 3265/6183/3384 3237/6182/2040 3222/6184/3382
f 3265/6183/3384 3222/6184/3382 3221/6185/3385
f 3221/6185/3385 3222/6184/3382 3184/6151/3371
f 3221/6185/3385 3184/6151/3371 3204/6150/3370
f 3160/6186/3386 3180/6187/3387 3204/6188/3388
f 3204/6189/3388 3180/6190/3387 3206/6191/3389
f 3160/6186/3386 3138/6192/3390 3180/6187/3387
f 3147/6193/3391 3138/6192/3390 3160/6186/3386
f 3113/6194/3392 3116/6195/3393 3147/6193/3391
f 3147/6193/3391 3116/6195/3393 3138/6192/3390
f 3113/6194/3392 3105/6196/3394 3116/6195/3393
f 3103/6197/3395 3105/6196/3394 3113/6194/3392
f 3103/6197/3395 3090/6198/3396 3105/6196/3394
f 3094/6199/3397 3090/6198/3396 3103/6197/3395
f 3094/6199/3397 3080/6200/3398 3090/6198/3396
f 3097/6201/3399 3079/6202/3400 3094/6199/3397
f 3097/6201/3399 3086/6203/3401 3079/6202/3400
f 3110/6204/3402 3086/6203/3401 3097/6201/3399
f 3110/6204/3402 3104/6205/3403 3086/6203/3401
f 3120/6206/3404 3104/6205/3403 3110/6204/3402
f 3120/6206/3404 3115/6207/3405 3104/6205/3403
f 3159/6208/3406 3137/6209/3407 3120/6206/3404
f 3159/6208/3406 3163/6210/3408 3137/6209/3407
f 3203/6211/3409 3163/6210/3408 3159/6208/3406
f 3203/6211/3409 3202/6212/3410 3163/6210/3408
f 3220/6213/3411 3202/6212/3410 3203/6211/3409
f 3251/6214/3412 3249/6215/3413 3220/6213/3411
f 3220/6213/3411 3249/6215/3413 3202/6212/3410
f 3251/6214/3412 3270/6216/3414 3249/6215/3413
f 3284/6217/3415 3283/6218/3416 3251/6214/3412
f 3251/6214/3412 3283/6218/3416 3270/6216/3414
f 3294/6219/3417 3292/6220/3418 3284/6217/3415
f 3284/6217/3415 3292/6220/3418 3283/6218/3416
f 3301/6221/3419 3306/6222/3420 3294/6219/3417
f 3294/6219/3417 3306/6222/3420 3292/6220/3418
f 3295/6223/3421 3307/6224/3422 3301/6221/3419
f 3295/6223/3421 3293/6225/3423 3307/6224/3422
f 3285/6226/3424 3293/6225/3423 3295/6223/3421
f 3285/6226/3424 3272/6227/3425 3293/6225/3423
f 3265/6228/3426 3272/6227/3425 3285/6226/3424
f 3221/6229/3427 3254/6230/3428 3265/6228/3426
f 3265/6228/3426 3254/6230/3428 3272/6227/3425
f 3221/6229/3427 3234/6231/3429 3254/6230/3428
f 3221/6229/3427 3206/6191/3389 3234/6231/3429
f 3204/6189/3388 3206/6191/3389 3221/6229/3427
f 3307/6224/3422 3306/6222/3420 3301/6221/3419
f 3137/6209/3407 3115/6207/3405 3120/6206/3404
f 3079/6202/3400 3080/6200/3398 3094/6199/3397
f 3307/6232/3430 3311/6233/3431 3310/6234/3432
f 3307/6232/3430 3310/6234/3432 3306/6235/3433
f 3268/6236/3434 3245/6237/3435 3249/6238/3436
f 3268/6236/3434 3249/6238/3436 3270/6239/3437
f 3246/6240/3438 3254/6241/3439 3234/6242/3440
f 3254/6241/3439 3246/6240/3438 3269/6243/3441
f 3112/6244/3442 3136/6245/3443 3138/6246/3444
f 3112/6244/3442 3138/6246/3444 3116/6247/3445
f 3079/6248/3446 3077/6249/3447 3078/6250/3448
f 3079/6248/3446 3078/6250/3448 3080/6251/3449
f 3137/6252/3450 3135/6253/3451 3117/6254/3452
f 3117/6254/3452 3115/6255/3453 3137/6252/3450
f 3211/6256/3454 3191/6257/3455 3157/6258/3456
f 3157/6258/3456 3191/6257/3455 3178/6259/3457
f 3157/6258/3456 3178/6259/3457 3101/6260/3458
f 3101/6260/3458 3178/6259/3457 3140/6261/3459
f 3101/6260/3458 3140/6261/3459 3070/6262/3460
f 3070/6262/3460 3140/6261/3459 3125/6263/3461
f 3070/6262/3460 3125/6263/3461 3055/6264/3462
f 3055/6264/3462 3125/6263/3461 3123/6265/3463
f 3055/6264/3462 3123/6265/3463 3061/6266/3464
f 3061/6266/3464 3123/6265/3463 3126/6267/3465
f 3061/6266/3464 3126/6267/3465 3141/6268/3466
f 3061/6266/3464 3141/6268/3466 3087/6269/3467
f 3087/6269/3467 3141/6268/3466 3139/6270/3468
f 3139/6270/3468 3141/6268/3466 3182/6271/3469
f 3139/6270/3468 3182/6271/3469 3193/6272/3470
f 3139/6270/3468 3193/6272/3470 3194/6273/3471
f 3194/6273/3471 3193/6272/3470 3218/6274/3472
f 3194/6273/3471 3218/6274/3472 3259/6275/3473
f 3259/6275/3473 3218/6274/3472 3231/6276/3474
f 3259/6275/3473 3231/6276/3474 3302/6277/3475
f 3302/6277/3475 3231/6276/3474 3261/6278/3476
f 3302/6277/3475 3261/6278/3476 3324/6279/3477
f 3324/6279/3477 3261/6278/3476 3271/6280/3478
f 3324/6279/3477 3271/6280/3478 3266/6281/3479
f 3324/6279/3477 3266/6281/3479 3312/6282/3480
f 3312/6282/3480 3266/6281/3479 3229/6283/3481
f 3312/6282/3480 3229/6283/3481 3274/6284/3482
f 3274/6284/3482 3229/6283/3481 3211/6256/3454
f 3211/6256/3454 3229/6283/3481 3216/6285/3483
f 3211/6256/3454 3216/6285/3483 3191/6257/3455
f 3245/6286/3435 3175/6287/3484 3249/6288/3436
f 3249/6288/3436 3175/6287/3484 3202/6289/3485
f 3202/6289/3485 3175/6287/3484 3163/6290/3486
f 3163/6290/3486 3175/6287/3484 3137/6291/3450
f 3137/6291/3450 3175/6287/3484 3135/6292/3451
f 3117/6286/3452 3088/6293/3487 3115/6294/3488
f 3115/6294/3488 3088/6293/3487 3104/6295/3489
f 3104/6295/3489 3088/6293/3487 3086/6296/3490
f 3086/6296/3490 3088/6293/3487 3079/6291/3446
f 3079/6291/3446 3088/6293/3487 3077/6292/3447
f 3078/6286/3491 3089/6297/3492 3080/6298/3493
f 3080/6298/3493 3089/6297/3492 3090/6299/3494
f 3090/6299/3494 3089/6297/3492 3105/6300/3495
f 3105/6300/3495 3089/6297/3492 3116/6301/3496
f 3116/6301/3496 3089/6297/3492 3112/6292/3442
f 3136/6286/3443 3173/6302/3497 3138/6303/3444
f 3138/6303/3444 3173/6302/3497 3180/6304/3498
f 3180/6304/3498 3173/6302/3497 3206/6305/3499
f 3206/6305/3499 3173/6302/3497 3234/6306/3500
f 3234/6306/3500 3173/6302/3497 3246/6292/3438
f 3269/6286/3441 3282/6307/3501 3254/6288/3439
f 3254/6288/3439 3282/6307/3501 3272/6308/3502
f 3272/6308/3502 3282/6307/3501 3293/6296/3503
f 3293/6296/3503 3282/6307/3501 3307/6291/3430
f 3307/6291/3430 3282/6307/3501 3311/6292/3431
f 3310/6286/3504 3281/6309/3505 3306/6310/3506
f 3306/6310/3506 3281/6309/3505 3292/6311/3507
f 3292/6311/3507 3281/6309/3505 3283/6312/3508
f 3283/6312/3508 3281/6309/3505 3270/6313/3509
f 3270/6313/3509 3281/6309/3505 3268/6292/3434
f 3174/6314/3510 3179/6315/3511 3200/6316/3512
f 3200/6317/3512 3179/6318/3511 3213/6319/3513
f 3200/6317/3512 3213/6319/3513 3247/6320/3514
f 3247/6320/3514 3213/6319/3513 3242/6321/3515
f 3179/6315/3511 3174/6314/3510 3134/6322/3516
f 3134/6322/3516 3174/6314/3510 3150/6323/3517
f 3134/6322/3516 3150/6323/3517 3119/6324/3518
f 3119/6324/3518 3150/6323/3517 3122/6325/3519
f 3119/6324/3518 3122/6325/3519 3100/6326/3520
f 3100/6326/3520 3122/6325/3519 3102/6327/3521
f 3100/6326/3520 3102/6327/3521 3075/6328/3522
f 3075/6328/3522 3102/6327/3521 3062/6329/3523
f 3062/6329/3523 3102/6327/3521 3085/6330/3524
f 3062/6329/3523 3085/6330/3524 3051/6331/3525
f 3051/6331/3525 3085/6330/3524 3074/6332/3526
f 3051/6331/3525 3074/6332/3526 3050/6333/3527
f 3050/6333/3527 3074/6332/3526 3076/6334/3528
f 3084/6335/3529 3057/6336/3530 3076/6334/3528
f 3076/6334/3528 3057/6336/3530 3050/6333/3527
f 3057/6336/3530 3084/6335/3529 3096/6337/3531
f 3057/6336/3530 3096/6337/3531 3069/6338/3532
f 3069/6338/3532 3096/6337/3531 3109/6339/3533
f 3069/6338/3532 3109/6339/3533 3099/6340/3534
f 3099/6340/3534 3109/6339/3533 3121/6341/3535
f 3099/6340/3534 3121/6341/3535 3133/6342/3536
f 3133/6342/3536 3121/6341/3535 3149/6343/3537
f 3133/6342/3536 3149/6343/3537 3176/6344/3538
f 3133/6342/3536 3176/6344/3538 3170/6345/3539
f 3170/6345/3539 3176/6344/3538 3199/6346/3540
f 3199/6346/3540 3176/6344/3538 3208/6347/3541
f 3199/6346/3540 3208/6347/3541 3238/6348/3542
f 3238/6348/3542 3208/6347/3541 3248/6349/3543
f 3238/6348/3542 3248/6349/3543 3256/6350/3544
f 3238/6348/3542 3256/6350/3544 3275/6351/3545
f 3279/6352/3546 3275/6351/3545 3256/6350/3544
f 3275/6351/3545 3279/6352/3546 3303/6353/3547
f 3303/6353/3547 3279/6352/3546 3319/6354/3548
f 3319/6354/3548 3279/6352/3546 3290/6355/3549
f 3319/6354/3548 3290/6355/3549 3330/6356/3550
f 3330/6356/3550 3290/6355/3549 3313/6357/3551
f 3330/6356/3550 3313/6357/3551 3332/6358/3552
f 3332/6358/3552 3313/6357/3551 3314/6359/3553
f 3332/6358/3552 3314/6359/3553 3326/6360/3554
f 3326/6360/3554 3314/6359/3553 3291/6361/3555
f 3326/6360/3554 3291/6361/3555 3316/6362/3556
f 3316/6362/3556 3291/6361/3555 3280/6363/3557
f 3316/6362/3556 3280/6363/3557 3298/6364/3558
f 3298/6364/3558 3280/6363/3557 3276/6365/3559
f 3276/6365/3559 3280/6363/3557 3257/6366/3560
f 3276/6365/3559 3257/6366/3560 3242/6321/3515
f 3242/6321/3515 3257/6366/3560 3247/6320/3514
f 3210/6367/3561 3157/6368/3456 3195/6369/3562
f 3210/6367/3561 3195/6369/3562 3214/6370/3563
f 3214/6370/3563 3195/6369/3562 3185/6371/3564
f 3214/6370/3563 3185/6371/3564 3187/6372/3565
f 3214/6370/3563 3187/6372/3565 3215/6373/3566
f 3215/6373/3566 3187/6372/3565 3199/6374/3540
f 3118/6375/3567 3157/6376/3456 3101/6377/3458
f 3098/6378/3568 3101/6377/3458 3070/6379/3460
f 3054/6380/3569 3070/6379/3460 3055/6381/3462
f 3049/6382/3570 3055/6381/3462 3061/6383/3464
f 3071/6384/3571 3061/6383/3464 3087/6385/3467
f 3111/6386/3572 3087/6385/3467 3139/6387/3468
f 3169/6388/3573 3139/6387/3468 3194/6389/3471
f 3226/6390/3574 3212/6391/3575 3241/6392/3576
f 3226/6390/3574 3241/6392/3576 3244/6393/3577
f 3264/6394/3578 3244/6393/3577 3278/6395/3579
f 3276/6396/3559 3278/6395/3579 3298/6397/3558
f 3303/6398/3547 3297/6399/3580 3275/6400/3545
f 3212/6391/3575 3194/6389/3471 3241/6392/3576
f 3244/6393/3577 3277/6401/3581 3278/6395/3579
f 3278/6395/3579 3300/6402/3582 3298/6397/3558
f 3194/6389/3471 3236/6403/3583 3241/6392/3576
f 3241/6392/3576 3236/6403/3583 3244/6393/3577
f 3244/6393/3577 3236/6403/3583 3277/6401/3581
f 3277/6401/3581 3288/6404/3584 3278/6395/3579
f 3278/6395/3579 3288/6404/3584 3300/6402/3582
f 3298/6397/3558 3300/6402/3582 3316/6405/3556
f 3277/6401/3581 3236/6403/3583 3288/6404/3584
f 3300/6402/3582 3318/6406/3585 3316/6405/3556
f 3194/6389/3471 3259/6407/3473 3236/6403/3583
f 3236/6403/3583 3259/6407/3473 3296/6408/3586
f 3236/6403/3583 3296/6408/3586 3288/6404/3584
f 3288/6404/3584 3309/6409/3587 3300/6402/3582
f 3300/6402/3582 3309/6409/3587 3318/6406/3585
f 3316/6405/3556 3318/6406/3585 3326/6410/3554
f 3288/6404/3584 3296/6408/3586 3305/6411/3588
f 3288/6404/3584 3305/6411/3588 3309/6409/3587
f 3318/6406/3585 3329/6412/3589 3326/6410/3554
f 3309/6409/3587 3321/6413/3590 3318/6406/3585
f 3318/6406/3585 3321/6413/3590 3329/6412/3589
f 3329/6412/3589 3335/6414/3591 3326/6410/3554
f 3326/6410/3554 3335/6414/3591 3332/6415/3552
f 3305/6411/3588 3296/6408/3586 3315/6416/3592
f 3305/6411/3588 3315/6416/3592 3309/6409/3587
f 3309/6409/3587 3315/6416/3592 3321/6413/3590
f 3329/6412/3589 3321/6413/3590 3335/6414/3591
f 3259/6407/3473 3302/6417/3475 3296/6408/3586
f 3296/6408/3586 3302/6417/3475 3315/6416/3592
f 3321/6413/3590 3334/6418/3593 3335/6414/3591
f 3335/6414/3591 3341/6419/3594 3332/6415/3552
f 3332/6415/3552 3341/6419/3594 3330/6420/3550
f 3315/6416/3592 3302/6417/3475 3323/6421/3595
f 3315/6416/3592 3323/6421/3595 3321/6413/3590
f 3321/6413/3590 3323/6421/3595 3334/6418/3593
f 3334/6418/3593 3339/6422/3596 3335/6414/3591
f 3335/6414/3591 3339/6422/3596 3341/6419/3594
f 3341/6419/3594 3338/6423/3597 3330/6420/3550
f 3334/6418/3593 3323/6421/3595 3337/6424/3598
f 3334/6418/3593 3337/6424/3598 3339/6422/3596
f 3341/6419/3594 3339/6422/3596 3338/6423/3597
f 3330/6420/3550 3338/6423/3597 3319/6425/3548
f 3339/6422/3596 3340/6426/3599 3338/6423/3597
f 3338/6423/3597 3328/6427/3600 3319/6425/3548
f 3302/6417/3475 3324/6428/3477 3323/6421/3595
f 3323/6421/3595 3324/6428/3477 3337/6424/3598
f 3337/6424/3598 3324/6428/3477 3331/6429/3601
f 3337/6424/3598 3331/6429/3601 3339/6422/3596
f 3339/6422/3596 3331/6429/3601 3340/6426/3599
f 3340/6426/3599 3333/6430/3602 3338/6423/3597
f 3338/6423/3597 3333/6430/3602 3328/6427/3600
f 3319/6425/3548 3328/6427/3600 3303/6398/3547
f 3340/6426/3599 3331/6429/3601 3336/6431/3603
f 3340/6426/3599 3336/6431/3603 3333/6430/3602
f 3328/6427/3600 3322/6432/3604 3303/6398/3547
f 3333/6430/3602 3327/6433/3605 3328/6427/3600
f 3328/6427/3600 3327/6433/3605 3322/6432/3604
f 3322/6432/3604 3308/6434/3606 3303/6398/3547
f 3303/6398/3547 3308/6434/3606 3297/6399/3580
f 3336/6431/3603 3331/6429/3601 3325/6435/3607
f 3336/6431/3603 3325/6435/3607 3333/6430/3602
f 3333/6430/3602 3325/6435/3607 3327/6433/3605
f 3327/6433/3605 3317/6436/3608 3322/6432/3604
f 3322/6432/3604 3317/6436/3608 3308/6434/3606
f 3324/6428/3477 3312/6437/3480 3331/6429/3601
f 3331/6429/3601 3312/6437/3480 3325/6435/3607
f 3327/6433/3605 3325/6435/3607 3320/6438/3609
f 3327/6433/3605 3320/6438/3609 3317/6436/3608
f 3308/6434/3606 3289/6439/3610 3297/6399/3580
f 3297/6399/3580 3289/6439/3610 3275/6400/3545
f 3325/6435/3607 3312/6437/3480 3320/6438/3609
f 3317/6436/3608 3299/6440/3611 3308/6434/3606
f 3308/6434/3606 3299/6440/3611 3289/6439/3610
f 3312/6437/3480 3304/6441/3612 3320/6438/3609
f 3320/6438/3609 3304/6441/3612 3317/6436/3608
f 3317/6436/3608 3304/6441/3612 3299/6440/3611
f 3289/6439/3610 3263/6442/3613 3275/6400/3545
f 3275/6400/3545 3263/6442/3613 3238/6443/3542
f 3299/6440/3611 3287/6444/3614 3289/6439/3610
f 3289/6439/3610 3287/6444/3614 3263/6442/3613
f 3312/6437/3480 3274/6445/3482 3304/6441/3612
f 3304/6441/3612 3274/6445/3482 3273/6446/3615
f 3304/6441/3612 3273/6446/3615 3299/6440/3611
f 3299/6440/3611 3273/6446/3615 3287/6444/3614
f 3287/6444/3614 3262/6447/3616 3263/6442/3613
f 3263/6442/3613 3243/6448/3617 3238/6443/3542
f 3238/6443/3542 3243/6448/3617 3199/6374/3540
f 3287/6444/3614 3273/6446/3615 3262/6447/3616
f 3263/6442/3613 3262/6447/3616 3243/6448/3617
f 3243/6448/3617 3215/6373/3566 3199/6374/3540
f 3273/6446/3615 3260/6449/3618 3262/6447/3616
f 3262/6447/3616 3225/6450/3619 3243/6448/3617
f 3243/6448/3617 3225/6450/3619 3215/6373/3566
f 3262/6447/3616 3260/6449/3618 3240/6451/3620
f 3262/6447/3616 3240/6451/3620 3225/6450/3619
f 3274/6445/3482 3211/6452/3454 3273/6446/3615
f 3273/6446/3615 3211/6452/3454 3260/6449/3618
f 3260/6449/3618 3211/6452/3454 3240/6451/3620
f 3225/6450/3619 3214/6370/3563 3215/6373/3566
f 3240/6451/3620 3211/6452/3454 3210/6367/3561
f 3240/6451/3620 3210/6367/3561 3225/6450/3619
f 3225/6450/3619 3210/6367/3561 3214/6370/3563
f 3211/6452/3454 3157/6368/3456 3210/6367/3561
f 3278/6395/3579 3276/6396/3559 3264/6394/3578
f 3264/6394/3578 3227/6453/3621 3244/6393/3577
f 3244/6393/3577 3227/6453/3621 3226/6390/3574
f 3226/6390/3574 3197/6454/3622 3212/6391/3575
f 3212/6391/3575 3197/6454/3622 3196/6455/3623
f 3212/6391/3575 3196/6455/3623 3194/6389/3471
f 3194/6389/3471 3196/6455/3623 3169/6388/3573
f 3276/6396/3559 3242/6456/3515 3264/6394/3578
f 3264/6394/3578 3242/6456/3515 3227/6453/3621
f 3226/6390/3574 3227/6453/3621 3197/6454/3622
f 3227/6453/3621 3198/6457/3624 3197/6454/3622
f 3196/6455/3623 3197/6454/3622 3186/6458/3625
f 3196/6455/3623 3186/6458/3625 3169/6388/3573
f 3242/6456/3515 3213/6459/3513 3227/6453/3621
f 3227/6453/3621 3213/6459/3513 3198/6457/3624
f 3197/6454/3622 3198/6457/3624 3186/6458/3625
f 3186/6458/3625 3152/6460/3626 3169/6388/3573
f 3169/6388/3573 3152/6460/3626 3132/6461/3627
f 3169/6388/3573 3132/6461/3627 3139/6387/3468
f 3198/6457/3624 3166/6462/3628 3186/6458/3625
f 3186/6458/3625 3166/6462/3628 3152/6460/3626
f 3139/6387/3468 3132/6461/3627 3111/6386/3572
f 3213/6459/3513 3179/6463/3511 3198/6457/3624
f 3198/6457/3624 3179/6463/3511 3166/6462/3628
f 3152/6460/3626 3114/6464/3629 3132/6461/3627
f 3132/6461/3627 3114/6464/3629 3111/6386/3572
f 3179/6463/3511 3171/6465/3630 3166/6462/3628
f 3166/6462/3628 3130/6466/3631 3152/6460/3626
f 3152/6460/3626 3130/6466/3631 3114/6464/3629
f 3166/6462/3628 3171/6465/3630 3130/6466/3631
f 3114/6464/3629 3092/6467/3632 3111/6386/3572
f 3111/6386/3572 3092/6467/3632 3095/6468/3633
f 3111/6386/3572 3095/6468/3633 3087/6385/3467
f 3179/6463/3511 3134/6469/3516 3171/6465/3630
f 3171/6465/3630 3134/6469/3516 3130/6466/3631
f 3130/6466/3631 3108/6470/3634 3114/6464/3629
f 3114/6464/3629 3108/6470/3634 3092/6467/3632
f 3095/6468/3633 3071/6384/3571 3087/6385/3467
f 3130/6466/3631 3134/6469/3516 3108/6470/3634
f 3095/6468/3633 3092/6467/3632 3081/6471/3635
f 3095/6468/3633 3081/6471/3635 3071/6384/3571
f 3134/6469/3516 3119/6472/3518 3108/6470/3634
f 3108/6470/3634 3093/6473/3636 3092/6467/3632
f 3092/6467/3632 3093/6473/3636 3081/6471/3635
f 3081/6471/3635 3064/6474/3637 3071/6384/3571
f 3071/6384/3571 3064/6474/3637 3067/6475/3638
f 3071/6384/3571 3067/6475/3638 3061/6383/3464
f 3119/6472/3518 3100/6476/3520 3108/6470/3634
f 3108/6470/3634 3100/6476/3520 3093/6473/3636
f 3093/6473/3636 3073/6477/3639 3081/6471/3635
f 3081/6471/3635 3073/6477/3639 3064/6474/3637
f 3067/6475/3638 3056/6478/3640 3061/6383/3464
f 3093/6473/3636 3100/6476/3520 3073/6477/3639
f 3067/6475/3638 3064/6474/3637 3058/6479/3641
f 3067/6475/3638 3058/6479/3641 3056/6478/3640
f 3061/6383/3464 3056/6478/3640 3049/6382/3570
f 3100/6476/3520 3075/6480/3522 3073/6477/3639
f 3073/6477/3639 3066/6481/3642 3064/6474/3637
f 3064/6474/3637 3066/6481/3642 3058/6479/3641
f 3058/6479/3641 3046/6482/3643 3056/6478/3640
f 3056/6478/3640 3046/6482/3643 3048/6483/3644
f 3056/6478/3640 3048/6483/3644 3049/6382/3570
f 3073/6477/3639 3075/6480/3522 3066/6481/3642
f 3066/6481/3642 3053/6484/3645 3058/6479/3641
f 3058/6479/3641 3053/6484/3645 3046/6482/3643
f 3075/6480/3522 3062/6485/3523 3066/6481/3642
f 3066/6481/3642 3062/6485/3523 3053/6484/3645
f 3048/6483/3644 3046/6482/3643 3043/6486/3646
f 3048/6483/3644 3043/6486/3646 3049/6382/3570
f 3053/6484/3645 3045/6487/3647 3046/6482/3643
f 3046/6482/3643 3045/6487/3647 3043/6486/3646
f 3043/6486/3646 3042/6488/3648 3049/6382/3570
f 3049/6382/3570 3042/6488/3648 3054/6380/3569
f 3049/6382/3570 3054/6380/3569 3055/6381/3462
f 3062/6485/3523 3051/6489/3525 3053/6484/3645
f 3053/6484/3645 3051/6489/3525 3045/6487/3647
f 3043/6486/3646 3045/6487/3647 3042/6488/3648
f 3045/6487/3647 3044/6490/3649 3042/6488/3648
f 3042/6488/3648 3052/6491/3650 3054/6380/3569
f 3054/6380/3569 3052/6491/3650 3060/6492/3651
f 3054/6380/3569 3060/6492/3651 3070/6379/3460
f 3045/6487/3647 3051/6489/3525 3044/6490/3649
f 3044/6490/3649 3047/6493/3652 3042/6488/3648
f 3042/6488/3648 3047/6493/3652 3052/6491/3650
f 3060/6492/3651 3068/6494/3653 3070/6379/3460
f 3051/6489/3525 3050/6495/3527 3044/6490/3649
f 3044/6490/3649 3050/6495/3527 3047/6493/3652
f 3060/6492/3651 3052/6491/3650 3063/6496/3654
f 3060/6492/3651 3063/6496/3654 3068/6494/3653
f 3070/6379/3460 3068/6494/3653 3098/6378/3568
f 3047/6493/3652 3059/6497/3655 3052/6491/3650
f 3052/6491/3650 3059/6497/3655 3063/6496/3654
f 3063/6496/3654 3072/6498/3656 3068/6494/3653
f 3068/6494/3653 3072/6498/3656 3083/6499/3657
f 3068/6494/3653 3083/6499/3657 3098/6378/3568
f 3050/6495/3527 3057/6500/3530 3047/6493/3652
f 3047/6493/3652 3057/6500/3530 3059/6497/3655
f 3059/6497/3655 3065/6501/3658 3063/6496/3654
f 3063/6496/3654 3065/6501/3658 3072/6498/3656
f 3059/6497/3655 3057/6500/3530 3065/6501/3658
f 3083/6499/3657 3072/6498/3656 3091/6502/3659
f 3083/6499/3657 3091/6502/3659 3098/6378/3568
f 3057/6500/3530 3069/6503/3532 3065/6501/3658
f 3065/6501/3658 3082/6504/3660 3072/6498/3656
f 3072/6498/3656 3082/6504/3660 3091/6502/3659
f 3091/6502/3659 3106/6505/3661 3098/6378/3568
f 3098/6378/3568 3106/6505/3661 3118/6375/3567
f 3098/6378/3568 3118/6375/3567 3101/6377/3458
f 3065/6501/3658 3069/6503/3532 3082/6504/3660
f 3091/6502/3659 3082/6504/3660 3106/6505/3661
f 3082/6504/3660 3107/6506/3662 3106/6505/3661
f 3106/6505/3661 3128/6507/3663 3118/6375/3567
f 3118/6375/3567 3128/6507/3663 3154/6508/3664
f 3118/6375/3567 3154/6508/3664 3157/6376/3456
f 3069/6503/3532 3099/6509/3534 3082/6504/3660
f 3082/6504/3660 3099/6509/3534 3107/6506/3662
f 3106/6505/3661 3107/6506/3662 3128/6507/3663
f 3154/6508/3664 3168/6510/3665 3157/6376/3456
f 3107/6506/3662 3129/6511/3666 3128/6507/3663
f 3154/6508/3664 3128/6507/3663 3165/6512/3667
f 3154/6508/3664 3165/6512/3667 3168/6510/3665
f 3107/6506/3662 3099/6509/3534 3129/6511/3666
f 3129/6511/3666 3153/6513/3668 3128/6507/3663
f 3128/6507/3663 3153/6513/3668 3165/6512/3667
f 3165/6512/3667 3185/6514/3564 3168/6510/3665
f 3168/6510/3665 3185/6514/3564 3195/6515/3562
f 3168/6516/3665 3195/6369/3562 3157/6368/3456
f 3099/6509/3534 3133/6517/3536 3129/6511/3666
f 3129/6511/3666 3133/6517/3536 3153/6513/3668
f 3165/6512/3667 3153/6513/3668 3185/6514/3564
f 3153/6513/3668 3187/6518/3565 3185/6514/3564
f 3133/6517/3536 3170/6519/3539 3153/6513/3668
f 3153/6513/3668 3170/6519/3539 3187/6518/3565
f 3170/6520/3539 3199/6374/3540 3187/6372/3565
f 3135/6521/3451 3175/6522/3484 3176/6523/3538
f 3135/6521/3451 3176/6523/3538 3149/6524/3537
f 3248/6525/3543 3208/6526/3541 3175/6522/3484
f 3248/6525/3543 3175/6522/3484 3245/6527/3435
f 3176/6523/3538 3175/6522/3484 3208/6526/3541
f 3248/6528/3543 3245/6529/3435 3256/6530/3544
f 3245/6529/3435 3268/6531/3434 3256/6530/3544
f 3117/6532/3452 3135/6533/3451 3121/6534/3535
f 3135/6533/3451 3149/6535/3537 3121/6534/3535
f 3256/6536/3544 3268/6537/3434 3279/6538/3546
f 3281/6539/3505 3310/6540/3504 3290/6541/3549
f 3290/6541/3549 3310/6540/3504 3313/6542/3551
f 3268/6537/3434 3281/6539/3505 3290/6541/3549
f 3268/6537/3434 3290/6541/3549 3279/6538/3546
f 3117/6543/3452 3121/6544/3535 3109/6545/3533
f 3084/6546/3529 3076/6547/3528 3077/6548/3447
f 3084/6546/3529 3077/6548/3447 3088/6549/3487
f 3084/6546/3529 3088/6549/3487 3096/6550/3531
f 3096/6550/3531 3088/6549/3487 3117/6543/3452
f 3096/6550/3531 3117/6543/3452 3109/6545/3533
f 3311/6551/3431 3314/6552/3553 3313/6553/3551
f 3313/6553/3551 3310/6554/3432 3311/6551/3431
f 3078/6555/3448 3077/6556/3447 3074/6557/3526
f 3077/6556/3447 3076/6558/3528 3074/6557/3526
f 3311/6559/3431 3282/6560/3501 3286/6561/3669
f 3311/6559/3431 3286/6561/3669 3314/6562/3553
f 3314/6562/3553 3286/6561/3669 3291/6563/3555
f 3286/6561/3669 3269/6564/3441 3280/6565/3557
f 3286/6561/3669 3280/6565/3557 3291/6563/3555
f 3269/6564/3441 3257/6566/3560 3280/6565/3557
f 3286/6561/3669 3282/6560/3501 3269/6564/3441
f 3089/6567/3492 3078/6568/3491 3085/6569/3524
f 3085/6569/3524 3078/6568/3491 3074/6570/3526
f 3102/6571/3521 3122/6572/3519 3112/6573/3442
f 3112/6573/3442 3089/6567/3492 3085/6569/3524
f 3085/6569/3524 3102/6571/3521 3112/6573/3442
f 3246/6574/3438 3247/6575/3514 3257/6576/3560
f 3257/6576/3560 3269/6577/3441 3246/6574/3438
f 3112/6578/3442 3122/6579/3519 3136/6580/3443
f 3136/6580/3443 3122/6579/3519 3150/6581/3517
f 3246/6582/3438 3173/6583/3497 3200/6584/3512
f 3246/6582/3438 3200/6584/3512 3247/6585/3514
f 3150/6586/3517 3174/6587/3510 3173/6583/3497
f 3150/6586/3517 3173/6583/3497 3136/6588/3443
f 3200/6584/3512 3173/6583/3497 3174/6587/3510
f 3182/6589/3670 3192/6590/3671 3193/6591/3672
f 3193/6592/3672 3192/6593/3671 3209/6594/3673
f 3193/6592/3672 3209/6594/3673 3218/6595/3674
f 3218/6595/3674 3209/6594/3673 3231/6596/3675
f 3231/6596/3675 3209/6594/3673 3230/6597/3676
f 3231/6596/3675 3230/6597/3676 3261/6598/3677
f 3261/6598/3677 3230/6597/3676 3250/6599/3678
f 3261/6598/3677 3250/6599/3678 3271/6600/3679
f 3271/6600/3679 3250/6599/3678 3253/6601/3680
f 3271/6600/3679 3253/6601/3680 3266/6602/3681
f 3266/6602/3681 3253/6601/3680 3233/6603/3682
f 3266/6602/3681 3233/6603/3682 3229/6604/3683
f 3229/6604/3683 3233/6603/3682 3223/6605/3684
f 3229/6604/3683 3223/6605/3684 3216/6606/3685
f 3216/6606/3685 3223/6605/3684 3207/6607/3686
f 3216/6606/3685 3207/6607/3686 3191/6608/3687
f 3191/6608/3687 3207/6607/3686 3190/6609/3688
f 3191/6608/3687 3190/6609/3688 3178/6610/3689
f 3178/6610/3689 3190/6609/3688 3177/6611/3690
f 3178/6610/3689 3177/6611/3690 3140/6612/3691
f 3140/6612/3691 3177/6611/3690 3155/6613/3692
f 3140/6612/3691 3155/6613/3692 3125/6614/3693
f 3125/6614/3693 3155/6613/3692 3145/6615/3694
f 3125/6614/3693 3145/6615/3694 3123/6616/3695
f 3123/6616/3695 3145/6615/3694 3143/6617/3696
f 3123/6616/3695 3143/6617/3696 3126/6618/3697
f 3126/6618/3697 3143/6617/3696 3151/6619/3698
f 3126/6618/3697 3151/6619/3698 3141/6620/3699
f 3141/6620/3699 3151/6619/3698 3161/6621/3700
f 3141/6620/3699 3161/6621/3700 3181/6622/3701
f 3141/6620/3699 3181/6622/3701 3182/6589/3670
f 3182/6589/3670 3181/6622/3701 3192/6590/3671
f 3183/6623/3702 3190/6624/3703 3201/6625/3704
f 3201/6626/3704 3190/6627/3703 3207/6628/3705
f 3201/6626/3704 3207/6628/3705 3217/6629/3706
f 3217/6629/3706 3207/6628/3705 3223/6630/3707
f 3217/6629/3706 3223/6630/3707 3228/6631/3708
f 3228/6631/3708 3223/6630/3707 3233/6632/3709
f 3228/6631/3708 3233/6632/3709 3239/6633/3710
f 3239/6633/3710 3233/6632/3709 3253/6634/3711
f 3239/6633/3710 3253/6634/3711 3252/6635/3712
f 3252/6635/3712 3253/6634/3711 3250/6636/3713
f 3252/6635/3712 3250/6636/3713 3235/6637/3714
f 3235/6637/3714 3250/6636/3713 3230/6638/3715
f 3235/6637/3714 3230/6638/3715 3224/6639/3716
f 3224/6639/3716 3230/6638/3715 3209/6640/3717
f 3224/6639/3716 3209/6640/3717 3205/6641/3718
f 3205/6641/3718 3209/6640/3717 3192/6642/3719
f 3205/6641/3718 3192/6642/3719 3188/6643/3720
f 3188/6643/3720 3192/6642/3719 3181/6644/3721
f 3188/6643/3720 3181/6644/3721 3172/6645/3722
f 3172/6645/3722 3181/6644/3721 3161/6646/3723
f 3172/6645/3722 3161/6646/3723 3158/6647/3724
f 3158/6647/3724 3161/6646/3723 3151/6648/3725
f 3158/6647/3724 3151/6648/3725 3146/6649/3726
f 3146/6649/3726 3151/6648/3725 3143/6650/3727
f 3146/6649/3726 3143/6650/3727 3144/6651/3728
f 3144/6651/3728 3143/6650/3727 3145/6652/3729
f 3144/6651/3728 3145/6652/3729 3156/6653/3730
f 3156/6653/3730 3145/6652/3729 3155/6654/3731
f 3156/6653/3730 3155/6654/3731 3164/6655/3732
f 3164/6655/3732 3155/6654/3731 3177/6656/3733
f 3164/6655/3732 3177/6656/3733 3183/6623/3702
f 3183/6623/3702 3177/6656/3733 3190/6624/3703
f 3201/6657/3734 3189/6658/3735 3183/6659/3736
f 3183/6659/3736 3189/6658/3735 3167/6660/3737
f 3183/6659/3736 3167/6660/3737 3164/6661/3738
f 3164/6661/3738 3167/6660/3737 3148/6662/3739
f 3164/6661/3738 3148/6662/3739 3156/6663/3740
f 3156/6663/3740 3148/6662/3739 3131/6664/3741
f 3156/6663/3740 3131/6664/3741 3144/6665/3742
f 3144/6665/3742 3131/6664/3741 3124/6666/3743
f 3144/6665/3742 3124/6666/3743 3146/6667/3744
f 3146/6667/3744 3124/6666/3743 3127/6668/3745
f 3146/6667/3744 3127/6668/3745 3158/6669/3746
f 3158/6669/3746 3127/6668/3745 3142/6670/3747
f 3158/6669/3746 3142/6670/3747 3172/6671/3748
f 3172/6671/3748 3142/6670/3747 3162/6672/3749
f 3172/6671/3748 3162/6672/3749 3188/6673/3750
f 3188/6673/3750 3162/6672/3749 3184/6674/3751
f 3188/6673/3750 3184/6674/3751 3205/6675/3752
f 3205/6675/3752 3184/6674/3751 3222/6676/3753
f 3205/6675/3752 3222/6676/3753 3224/6677/3754
f 3224/6677/3754 3222/6676/3753 3237/6678/3755
f 3224/6677/3754 3237/6678/3755 3235/6679/3756
f 3235/6679/3756 3237/6678/3755 3258/6680/3757
f 3235/6679/3756 3258/6680/3757 3252/6681/3758
f 3252/6681/3758 3258/6680/3757 3267/6682/3759
f 3252/6681/3758 3267/6682/3759 3239/6683/3760
f 3239/6683/3760 3267/6682/3759 3255/6684/3761
f 3239/6683/3760 3255/6684/3761 3228/6685/3762
f 3228/6685/3762 3255/6684/3761 3232/6686/3763
f 3228/6685/3762 3232/6686/3763 3217/6687/3764
f 3217/6687/3764 3232/6686/3763 3219/6688/3765
f 3217/6687/3764 3219/6688/3765 3201/6689/3734
f 3201/6689/3734 3219/6688/3765 3189/6690/3735
usemtl 245,245,246_1.002
f 3625/153/118 3621/154/119 3620/155/120
f 3626/156/121 3621/154/119 3625/153/118
f 3629/165/134 3621/166/119 3626/167/121
f 3629/165/134 3624/168/135 3621/166/119
f 3635/169/136 3624/168/135 3629/165/134
f 3635/169/136 3631/173/140 3624/168/135
f 3635/169/136 3633/318/272 3631/173/140
f 3642/319/273 3633/318/272 3635/169/136
f 3637/815/519 3633/318/272 3642/319/273
f 3644/820/527 3636/821/528 3637/822/519
f 3643/823/529 3636/821/528 3644/820/527
f 3628/824/530 3620/825/120 3622/826/531
f 3625/829/118 3620/825/120 3628/824/530
f 3627/976/650 3628/824/530 3622/826/531
f 3627/976/650 3641/1742/1069 3628/824/530
f 3643/1882/529 3627/976/650 3634/1883/1147
f 3641/1742/1069 3627/976/650 3643/1882/529
f 3644/2201/527 3641/2202/1069 3643/2203/529
f 3640/2207/1352 3641/2202/1069 3644/2201/527
f 3640/2207/1352 3639/2246/1385 3641/2202/1069
f 3638/2369/1506 3639/2246/1385 3640/2207/1352
f 3638/2369/1506 3628/2370/530 3639/2246/1385
f 3360/6691/3766 3357/6692/3767 3351/6693/3768
f 3352/6694/3769 3345/6695/3770 3351/6693/3768
f 3352/6694/3769 3351/6693/3768 3357/6692/3767
f 3346/6696/3771 3349/6697/3772 3353/6698/3773
f 3346/6699/3771 3347/6700/3774 3349/6701/3772
f 3347/6702/3774 3343/6703/3775 3348/6704/3776
f 3347/6705/3774 3348/6706/3776 3354/6707/3777
f 3354/6707/3777 3348/6706/3776 3358/6708/3778
f 3364/6709/3779 3358/6708/3778 3363/6710/3780
f 3361/6711/3781 3366/6712/3782 3359/6713/3783
f 3356/6714/3784 3359/6715/3783 3355/6716/3785
f 3356/6714/3784 3355/6716/3785 3350/6717/3786
f 3350/6717/3786 3355/6716/3785 3344/6718/3787
f 3343/6719/3775 3342/6720/3788 3344/6721/3787
f 3344/6721/3787 3342/6720/3788 3345/6722/3770
f 3344/6721/3787 3345/6722/3770 3350/6723/3786
f 3350/6723/3786 3345/6722/3770 3352/6724/3769
f 3350/6723/3786 3352/6724/3769 3356/6725/3784
f 3356/6725/3784 3352/6724/3769 3357/6726/3767
f 3356/6725/3784 3357/6726/3767 3359/6727/3783
f 3359/6727/3783 3357/6726/3767 3361/6728/3781
f 3361/6728/3781 3357/6726/3767 3360/6729/3766
f 3366/6730/3782 3367/6731/3789 3363/6732/3780
f 3363/6732/3780 3367/6731/3789 3365/6733/3790
f 3363/6732/3780 3365/6733/3790 3364/6734/3779
f 3364/6734/3779 3365/6733/3790 3362/6735/3791
f 3364/6734/3779 3362/6735/3791 3358/6736/3778
f 3358/6736/3778 3362/6735/3791 3354/6737/3777
f 3354/6737/3777 3362/6735/3791 3353/6738/3773
f 3354/6737/3777 3353/6738/3773 3349/6739/3772
f 3354/6737/3777 3349/6739/3772 3347/2201/3774
f 3346/6740/3771 3345/6741/3770 3342/6742/3788
f 3346/6740/3771 3353/6743/3773 3345/6741/3770
f 3345/6741/3770 3353/6743/3773 3351/6744/3768
f 3351/6744/3768 3353/6743/3773 3362/6745/3791
f 3351/6744/3768 3362/6745/3791 3365/6746/3790
f 3351/6744/3768 3365/6746/3790 3360/6747/3766
f 3360/6747/3766 3365/6746/3790 3367/6748/3789
f 3346/823/3771 3342/821/3788 3347/820/3774
f 3347/820/3774 3342/821/3788 3343/822/3775
f 3348/6749/3776 3343/6750/3775 3344/6751/3787
f 3348/6749/3776 3344/6751/3787 3358/6752/3778
f 3358/6752/3778 3344/6751/3787 3355/6753/3785
f 3358/6752/3778 3355/6753/3785 3363/6754/3780
f 3363/6754/3780 3355/6753/3785 3359/166/3783
f 3363/6754/3780 3359/166/3783 3366/167/3782
f 3366/156/3782 3361/154/3781 3367/153/3789
f 3367/153/3789 3361/154/3781 3360/155/3766
f 3372/6755/3792 3368/6756/3793 3377/6757/3794
f 3391/6758/3795 3383/6759/3796 3390/6760/3797
f 3370/6761/3798 3375/6762/3799 3378/6763/3800
f 3374/6764/3801 3371/6765/3802 3379/6766/3803
f 3387/6767/3804 3382/6768/3805 3392/6769/3806
f 3389/6770/3807 3392/6771/3806 3386/6772/3808
f 3389/6773/3807 3386/6774/3808 3385/6775/3809
f 3385/6775/3809 3386/6774/3808 3380/6776/3810
f 3385/6775/3809 3380/6776/3810 3381/6777/3811
f 3381/6777/3811 3380/6776/3810 3376/6778/3812
f 3376/6778/3812 3380/6776/3810 3373/6779/3813
f 3369/6719/3814 3368/6780/3793 3373/6781/3813
f 3373/6781/3813 3368/6780/3793 3372/6782/3792
f 3373/6781/3813 3372/6782/3792 3376/6783/3812
f 3376/6783/3812 3372/6782/3792 3381/6784/3811
f 3381/6784/3811 3372/6782/3792 3377/6785/3794
f 3381/6784/3811 3377/6785/3794 3385/6786/3809
f 3385/6786/3809 3377/6785/3794 3384/6787/3815
f 3385/6786/3809 3384/6787/3815 3389/6728/3807
f 3389/6728/3807 3384/6787/3815 3388/6729/3816
f 3392/6788/3806 3391/6789/3795 3387/6790/3804
f 3387/6790/3804 3391/6789/3795 3390/6791/3797
f 3387/6790/3804 3390/6791/3797 3382/6792/3805
f 3382/6792/3805 3390/6791/3797 3383/6793/3796
f 3382/6792/3805 3383/6793/3796 3379/6794/3803
f 3379/6794/3803 3383/6793/3796 3378/6795/3800
f 3379/6794/3803 3378/6795/3800 3374/6796/3801
f 3374/6796/3801 3378/6795/3800 3375/6797/3799
f 3374/6796/3801 3375/6797/3799 3371/2201/3802
f 3371/2201/3802 3375/6797/3799 3370/2203/3798
f 3370/6798/3798 3377/6799/3794 3368/6800/3793
f 3370/6798/3798 3378/6801/3800 3377/6799/3794
f 3377/6799/3794 3378/6801/3800 3384/6802/3815
f 3384/6802/3815 3378/6801/3800 3383/6803/3796
f 3384/6802/3815 3383/6803/3796 3388/6804/3816
f 3388/6804/3816 3383/6803/3796 3391/6748/3795
f 3370/823/3798 3368/821/3793 3371/820/3802
f 3371/820/3802 3368/821/3793 3369/822/3814
f 3369/815/3814 3373/6805/3813 3371/6806/3802
f 3371/6806/3802 3373/6805/3813 3379/6807/3803
f 3379/6807/3803 3373/6805/3813 3380/6808/3810
f 3379/6807/3803 3380/6808/3810 3382/6809/3805
f 3382/6809/3805 3380/6808/3810 3386/6810/3808
f 3382/6809/3805 3386/6810/3808 3392/6811/3806
f 3392/156/3806 3389/154/3807 3391/153/3795
f 3391/153/3795 3389/154/3807 3388/155/3816
f 3403/6812/3817 3397/6813/3818 3408/6814/3819
f 3404/6815/3820 3413/6816/3821 3416/6817/3822
f 3399/6818/3823 3405/6819/3824 3404/6815/3820
f 3396/6820/3825 3394/6821/3826 3398/6822/3827
f 3396/6823/3825 3398/6824/3827 3401/6825/3828
f 3407/6826/3829 3401/6825/3828 3402/6827/3830
f 3407/6826/3829 3402/6827/3830 3412/6828/3831
f 3401/6825/3828 3398/6824/3827 3402/6827/3830
f 3411/6829/3832 3415/6830/3833 3409/6831/3834
f 3393/6832/3835 3395/6833/3836 3397/6834/3818
f 3394/6719/3826 3393/6780/3835 3400/6835/3837
f 3400/6835/3837 3393/6780/3835 3397/6836/3818
f 3400/6835/3837 3397/6836/3818 3403/6837/3817
f 3400/6835/3837 3403/6837/3817 3406/6838/3838
f 3406/6838/3838 3403/6837/3817 3408/6839/3819
f 3406/6838/3838 3408/6839/3819 3409/6840/3834
f 3409/6840/3834 3408/6839/3819 3411/6841/3832
f 3411/6841/3832 3408/6839/3819 3410/6842/3839
f 3411/6841/3832 3410/6842/3839 3415/6728/3833
f 3415/6728/3833 3410/6842/3839 3414/6729/3840
f 3417/6843/3841 3416/6844/3822 3412/6845/3831
f 3412/6845/3831 3416/6844/3822 3413/6846/3821
f 3412/6845/3831 3413/6846/3821 3407/6847/3829
f 3407/6847/3829 3413/6846/3821 3404/2370/3820
f 3407/6847/3829 3404/2370/3820 3405/2246/3824
f 3407/6847/3829 3405/2246/3824 3401/2207/3828
f 3401/2207/3828 3405/2246/3824 3399/2202/3823
f 3401/2207/3828 3399/2202/3823 3396/2201/3825
f 3396/2201/3825 3399/2202/3823 3395/2203/3836
f 3399/6848/3823 3408/6849/3819 3395/1882/3836
f 3395/1882/3836 3408/6849/3819 3397/6850/3818
f 3408/6849/3819 3399/6848/3823 3404/824/3820
f 3408/6849/3819 3404/824/3820 3410/6851/3839
f 3416/829/3822 3414/825/3840 3404/824/3820
f 3404/824/3820 3414/825/3840 3410/6851/3839
f 3395/823/3836 3393/821/3835 3396/820/3825
f 3396/820/3825 3393/821/3835 3394/822/3826
f 3394/815/3826 3400/318/3837 3398/319/3827
f 3398/319/3827 3400/318/3837 3402/6852/3830
f 3402/6852/3830 3400/318/3837 3406/6853/3838
f 3402/6852/3830 3406/6853/3838 3409/168/3834
f 3402/6852/3830 3409/168/3834 3412/165/3831
f 3412/165/3831 3409/168/3834 3415/166/3833
f 3412/165/3831 3415/166/3833 3417/167/3841
f 3417/156/3841 3415/154/3833 3416/153/3822
f 3416/153/3822 3415/154/3833 3414/155/3840
f 3439/6691/3842 3437/6692/3843 3429/6693/3844
f 3433/6694/3845 3425/6695/3846 3429/6693/3844
f 3433/6694/3845 3429/6693/3844 3437/6692/3843
f 3418/6696/3847 3420/6697/3848 3427/6854/3849
f 3418/6855/3847 3419/6856/3850 3420/6701/3848
f 3419/6702/3850 3423/6703/3851 3421/6704/3852
f 3419/6857/3850 3421/6706/3852 3424/6707/3853
f 3424/6707/3853 3421/6706/3852 3428/6858/3854
f 3434/6859/3855 3428/6858/3854 3438/6860/3856
f 3443/6861/3857 3442/6862/3858 3440/6713/3859
f 3435/6863/3860 3440/6715/3859 3432/6716/3861
f 3435/6863/3860 3432/6716/3861 3430/6864/3862
f 3430/6864/3862 3432/6716/3861 3426/6865/3863
f 3423/6719/3851 3422/6720/3864 3426/6721/3863
f 3426/6721/3863 3422/6720/3864 3425/6722/3846
f 3426/6721/3863 3425/6722/3846 3430/6723/3862
f 3430/6723/3862 3425/6722/3846 3433/6724/3845
f 3430/6723/3862 3433/6724/3845 3435/6725/3860
f 3435/6725/3860 3433/6724/3845 3437/6726/3843
f 3435/6725/3860 3437/6726/3843 3440/6727/3859
f 3440/6727/3859 3437/6726/3843 3443/6728/3857
f 3443/6728/3857 3437/6726/3843 3439/6729/3842
f 3442/6866/3858 3441/6867/3865 3438/6732/3856
f 3438/6732/3856 3441/6867/3865 3436/6733/3866
f 3438/6732/3856 3436/6733/3866 3434/6734/3855
f 3434/6734/3855 3436/6733/3866 3431/6735/3867
f 3434/6734/3855 3431/6735/3867 3428/6736/3854
f 3428/6736/3854 3431/6735/3867 3424/6737/3853
f 3424/6737/3853 3431/6735/3867 3427/6738/3849
f 3424/6737/3853 3427/6738/3849 3420/6739/3848
f 3424/6737/3853 3420/6739/3848 3419/2201/3850
f 3418/6740/3847 3425/6741/3846 3422/6742/3864
f 3418/6740/3847 3427/6743/3849 3425/6741/3846
f 3425/6741/3846 3427/6743/3849 3429/6744/3844
f 3429/6744/3844 3427/6743/3849 3431/6745/3867
f 3429/6744/3844 3431/6745/3867 3436/6746/3866
f 3429/6744/3844 3436/6746/3866 3439/6747/3842
f 3439/6747/3842 3436/6746/3866 3441/6748/3865
f 3418/823/3847 3422/821/3864 3419/820/3850
f 3419/820/3850 3422/821/3864 3423/822/3851
f 3421/6749/3852 3423/6750/3851 3426/6751/3863
f 3421/6749/3852 3426/6751/3863 3428/6752/3854
f 3428/6752/3854 3426/6751/3863 3432/6753/3861
f 3428/6752/3854 3432/6753/3861 3438/6754/3856
f 3438/6754/3856 3432/6753/3861 3440/166/3859
f 3438/6754/3856 3440/166/3859 3442/167/3858
f 3442/156/3858 3443/154/3857 3441/153/3865
f 3441/153/3865 3443/154/3857 3439/155/3842
f 3452/6755/3868 3448/6756/3869 3454/6757/3870
f 3466/6868/3871 3458/6869/3872 3461/6760/3873
f 3444/6761/3874 3446/6762/3875 3453/6870/3876
f 3447/6871/3877 3445/6765/3878 3450/6872/3879
f 3462/6873/3880 3456/6768/3881 3467/6874/3882
f 3468/6770/3883 3467/6875/3882 3465/6772/3884
f 3468/6773/3883 3465/6774/3884 3463/6775/3885
f 3463/6775/3885 3465/6774/3884 3457/6776/3886
f 3463/6775/3885 3457/6776/3886 3459/6876/3887
f 3459/6876/3887 3457/6776/3886 3455/6778/3888
f 3455/6778/3888 3457/6776/3886 3451/6877/3889
f 3449/6719/3890 3448/6780/3869 3451/6781/3889
f 3451/6781/3889 3448/6780/3869 3452/6782/3868
f 3451/6781/3889 3452/6782/3868 3455/6783/3888
f 3455/6783/3888 3452/6782/3868 3459/6784/3887
f 3459/6784/3887 3452/6782/3868 3454/6785/3870
f 3459/6784/3887 3454/6785/3870 3463/6786/3885
f 3463/6786/3885 3454/6785/3870 3460/6787/3891
f 3463/6786/3885 3460/6787/3891 3468/6728/3883
f 3468/6728/3883 3460/6787/3891 3464/6729/3892
f 3467/6878/3882 3466/6789/3871 3462/6790/3880
f 3462/6790/3880 3466/6789/3871 3461/6791/3873
f 3462/6790/3880 3461/6791/3873 3456/6792/3881
f 3456/6792/3881 3461/6791/3873 3458/6793/3872
f 3456/6792/3881 3458/6793/3872 3450/6794/3879
f 3450/6794/3879 3458/6793/3872 3453/6795/3876
f 3450/6794/3879 3453/6795/3876 3447/6796/3877
f 3447/6796/3877 3453/6795/3876 3446/6797/3875
f 3447/6796/3877 3446/6797/3875 3445/2201/3878
f 3445/2201/3878 3446/6797/3875 3444/2203/3874
f 3444/6798/3874 3454/6799/3870 3448/6800/3869
f 3444/6798/3874 3453/6801/3876 3454/6799/3870
f 3454/6799/3870 3453/6801/3876 3460/6802/3891
f 3460/6802/3891 3453/6801/3876 3458/6803/3872
f 3460/6802/3891 3458/6803/3872 3464/6804/3892
f 3464/6804/3892 3458/6803/3872 3466/6748/3871
f 3444/823/3874 3448/821/3869 3445/820/3878
f 3445/820/3878 3448/821/3869 3449/822/3890
f 3449/815/3890 3451/6805/3889 3445/6806/3878
f 3445/6806/3878 3451/6805/3889 3450/6807/3879
f 3450/6807/3879 3451/6805/3889 3457/6808/3886
f 3450/6807/3879 3457/6808/3886 3456/6809/3881
f 3456/6809/3881 3457/6808/3886 3465/6810/3884
f 3456/6809/3881 3465/6810/3884 3467/6811/3882
f 3467/156/3882 3468/154/3883 3466/153/3871
f 3466/153/3871 3468/154/3883 3464/155/3892
f 3483/6812/3893 3480/6813/3894 3482/6879/3895
f 3477/6880/3896 3485/6881/3897 3488/6817/3898
f 3472/6818/3899 3475/6819/3900 3477/6880/3896
f 3470/6820/3901 3479/6821/3902 3471/6882/3903
f 3470/6883/3901 3471/6824/3903 3473/6884/3904
f 3476/6885/3905 3473/6884/3904 3474/6827/3906
f 3476/6885/3905 3474/6827/3906 3486/6886/3907
f 3473/6884/3904 3471/6824/3903 3474/6827/3906
f 3491/6829/3908 3493/6830/3909 3487/6831/3910
f 3478/6832/3911 3469/6833/3912 3480/6834/3894
f 3479/6719/3902 3478/6780/3911 3481/6835/3913
f 3481/6835/3913 3478/6780/3911 3480/6836/3894
f 3481/6835/3913 3480/6836/3894 3483/6837/3893
f 3481/6835/3913 3483/6837/3893 3484/6838/3914
f 3484/6838/3914 3483/6837/3893 3482/6839/3895
f 3484/6838/3914 3482/6839/3895 3487/6840/3910
f 3487/6840/3910 3482/6839/3895 3491/6841/3908
f 3491/6841/3908 3482/6839/3895 3490/6842/3915
f 3491/6841/3908 3490/6842/3915 3493/6728/3909
f 3493/6728/3909 3490/6842/3915 3492/6729/3916
f 3489/6887/3917 3488/6888/3898 3486/6845/3907
f 3486/6845/3907 3488/6888/3898 3485/6846/3897
f 3486/6845/3907 3485/6846/3897 3476/6847/3905
f 3476/6847/3905 3485/6846/3897 3477/2370/3896
f 3476/6847/3905 3477/2370/3896 3475/2246/3900
f 3476/6847/3905 3475/2246/3900 3473/2207/3904
f 3473/2207/3904 3475/2246/3900 3472/2202/3899
f 3473/2207/3904 3472/2202/3899 3470/2201/3901
f 3470/2201/3901 3472/2202/3899 3469/2203/3912
f 3472/6848/3899 3482/6849/3895 3469/1882/3912
f 3469/1882/3912 3482/6849/3895 3480/6850/3894
f 3482/6849/3895 3472/6848/3899 3477/824/3896
f 3482/6849/3895 3477/824/3896 3490/6851/3915
f 3488/829/3898 3492/825/3916 3477/824/3896
f 3477/824/3896 3492/825/3916 3490/6851/3915
f 3469/823/3912 3478/821/3911 3470/820/3901
f 3470/820/3901 3478/821/3911 3479/822/3902
f 3479/815/3902 3481/318/3913 3471/319/3903
f 3471/319/3903 3481/318/3913 3474/6852/3906
f 3474/6852/3906 3481/318/3913 3484/6853/3914
f 3474/6852/3906 3484/6853/3914 3487/168/3910
f 3474/6852/3906 3487/168/3910 3486/165/3907
f 3486/165/3907 3487/168/3910 3493/166/3909
f 3486/165/3907 3493/166/3909 3489/167/3917
f 3489/156/3917 3493/154/3909 3488/153/3898
f 3488/153/3898 3493/154/3909 3492/155/3916
f 3503/6691/3918 3508/6692/3919 3507/6889/3920
f 3510/6694/3921 3514/6890/3922 3507/6889/3920
f 3510/6694/3921 3507/6889/3920 3508/6692/3919
f 3517/6891/3923 3511/6697/3924 3501/6854/3925
f 3517/6855/3923 3515/6856/3926 3511/6701/3924
f 3515/6702/3926 3518/6892/3927 3516/6893/3928
f 3515/6857/3926 3516/6894/3928 3502/6895/3929
f 3502/6895/3929 3516/6894/3928 3500/6858/3930
f 3498/6859/3931 3500/6858/3930 3497/6896/3932
f 3505/6861/3933 3495/6862/3934 3504/6713/3935
f 3509/6863/3936 3504/6715/3935 3506/6716/3937
f 3509/6863/3936 3506/6716/3937 3512/6864/3938
f 3512/6864/3938 3506/6716/3937 3513/6718/3939
f 3518/6719/3927 3519/6720/3940 3513/6897/3939
f 3513/6897/3939 3519/6720/3940 3514/6722/3922
f 3513/6897/3939 3514/6722/3922 3512/6723/3938
f 3512/6723/3938 3514/6722/3922 3510/6724/3921
f 3512/6723/3938 3510/6724/3921 3509/6898/3936
f 3509/6898/3936 3510/6724/3921 3508/6726/3919
f 3509/6898/3936 3508/6726/3919 3504/6727/3935
f 3504/6727/3935 3508/6726/3919 3505/6728/3933
f 3505/6728/3933 3508/6726/3919 3503/6729/3918
f 3495/6899/3934 3494/6867/3941 3497/6900/3932
f 3497/6900/3932 3494/6867/3941 3496/6901/3942
f 3497/6900/3932 3496/6901/3942 3498/6902/3931
f 3498/6902/3931 3496/6901/3942 3499/6903/3943
f 3498/6902/3931 3499/6903/3943 3500/6736/3930
f 3500/6736/3930 3499/6903/3943 3502/6904/3929
f 3502/6904/3929 3499/6903/3943 3501/6738/3925
f 3502/6904/3929 3501/6738/3925 3511/6739/3924
f 3502/6904/3929 3511/6739/3924 3515/2201/3926
f 3517/6740/3923 3514/6741/3922 3519/6742/3940
f 3517/6740/3923 3501/6905/3925 3514/6741/3922
f 3514/6741/3922 3501/6905/3925 3507/6906/3920
f 3507/6906/3920 3501/6905/3925 3499/6745/3943
f 3507/6906/3920 3499/6745/3943 3496/6907/3942
f 3507/6906/3920 3496/6907/3942 3503/6908/3918
f 3503/6908/3918 3496/6907/3942 3494/6748/3941
f 3517/823/3923 3519/821/3940 3515/820/3926
f 3515/820/3926 3519/821/3940 3518/822/3927
f 3516/6749/3928 3518/6750/3927 3513/6909/3939
f 3516/6749/3928 3513/6909/3939 3500/6752/3930
f 3500/6752/3930 3513/6909/3939 3506/6753/3937
f 3500/6752/3930 3506/6753/3937 3497/6910/3932
f 3497/6910/3932 3506/6753/3937 3504/166/3935
f 3497/6910/3932 3504/166/3935 3495/167/3934
f 3495/156/3934 3505/154/3933 3494/153/3941
f 3494/153/3941 3505/154/3933 3503/155/3918
f 3536/6755/3944 3542/6911/3945 3532/6757/3946
f 3520/6912/3947 3527/6913/3948 3522/6760/3949
f 3541/6914/3950 3538/6762/3951 3534/6870/3952
f 3539/6871/3953 3543/6765/3954 3535/6915/3955
f 3523/6916/3956 3530/6768/3957 3521/6874/3958
f 3525/6917/3959 3521/6875/3958 3526/6918/3960
f 3525/6773/3959 3526/6919/3960 3529/6920/3961
f 3529/6920/3961 3526/6919/3960 3531/6776/3962
f 3529/6920/3961 3531/6776/3962 3533/6876/3963
f 3533/6876/3963 3531/6776/3962 3537/6778/3964
f 3537/6778/3964 3531/6776/3962 3540/6877/3965
f 3544/6719/3966 3542/6780/3945 3540/6781/3965
f 3540/6781/3965 3542/6780/3945 3536/6782/3944
f 3540/6781/3965 3536/6782/3944 3537/6783/3964
f 3537/6783/3964 3536/6782/3944 3533/6784/3963
f 3533/6784/3963 3536/6782/3944 3532/6785/3946
f 3533/6784/3963 3532/6785/3946 3529/6921/3961
f 3529/6921/3961 3532/6785/3946 3528/6787/3967
f 3529/6921/3961 3528/6787/3967 3525/6728/3959
f 3525/6728/3959 3528/6787/3967 3524/6729/3968
f 3521/6922/3958 3520/6923/3947 3523/6924/3956
f 3523/6924/3956 3520/6923/3947 3522/6925/3949
f 3523/6924/3956 3522/6925/3949 3530/6792/3957
f 3530/6792/3957 3522/6925/3949 3527/6926/3948
f 3530/6792/3957 3527/6926/3948 3535/6794/3955
f 3535/6794/3955 3527/6926/3948 3534/6927/3952
f 3535/6794/3955 3534/6927/3952 3539/6928/3953
f 3539/6928/3953 3534/6927/3952 3538/6797/3951
f 3539/6928/3953 3538/6797/3951 3543/2201/3954
f 3543/2201/3954 3538/6797/3951 3541/2203/3950
f 3541/6929/3950 3532/6930/3946 3542/1883/3945
f 3541/6929/3950 3534/6931/3952 3532/6930/3946
f 3532/6930/3946 3534/6931/3952 3528/6802/3967
f 3528/6802/3967 3534/6931/3952 3527/6803/3948
f 3528/6802/3967 3527/6803/3948 3524/6932/3968
f 3524/6932/3968 3527/6803/3948 3520/6933/3947
f 3541/823/3950 3542/821/3945 3543/820/3954
f 3543/820/3954 3542/821/3945 3544/822/3966
f 3544/815/3966 3540/6805/3965 3543/6934/3954
f 3543/6934/3954 3540/6805/3965 3535/6807/3955
f 3535/6807/3955 3540/6805/3965 3531/6935/3962
f 3535/6807/3955 3531/6935/3962 3530/6936/3957
f 3530/6936/3957 3531/6935/3962 3526/6810/3960
f 3530/6936/3957 3526/6810/3960 3521/6811/3958
f 3521/156/3958 3525/154/3959 3520/153/3947
f 3520/153/3947 3525/154/3959 3524/155/3968
f 3560/6812/3969 3564/6937/3970 3557/6879/3971
f 3554/6880/3972 3549/6881/3973 3545/6817/3974
f 3562/6818/3975 3559/6819/3976 3554/6880/3972
f 3555/6938/3977 3561/6939/3978 3556/6940/3979
f 3555/6938/3977 3556/6940/3979 3550/6886/3980
f 3561/6939/3978 3566/6941/3981 3556/6940/3979
f 3553/6942/3982 3548/6943/3983 3552/6944/3984
f 3568/6832/3985 3565/6833/3986 3564/6945/3970
f 3567/6719/3987 3568/6780/3985 3563/6835/3988
f 3563/6835/3988 3568/6780/3985 3564/6836/3970
f 3563/6835/3988 3564/6836/3970 3560/6837/3969
f 3563/6835/3988 3560/6837/3969 3558/6946/3989
f 3558/6946/3989 3560/6837/3969 3557/6947/3971
f 3558/6946/3989 3557/6947/3971 3552/6840/3984
f 3552/6840/3984 3557/6947/3971 3553/6948/3982
f 3553/6948/3982 3557/6947/3971 3551/6842/3990
f 3553/6948/3982 3551/6842/3990 3548/6728/3983
f 3548/6728/3983 3551/6842/3990 3547/6729/3991
f 3546/6949/3992 3545/6950/3974 3550/6845/3980
f 3550/6845/3980 3545/6950/3974 3549/6846/3973
f 3550/6845/3980 3549/6846/3973 3555/2369/3977
f 3555/2369/3977 3549/6846/3973 3554/2370/3972
f 3555/2369/3977 3554/2370/3972 3559/2246/3976
f 3555/2369/3977 3559/2246/3976 3561/2207/3978
f 3561/2207/3978 3559/2246/3976 3562/2202/3975
f 3561/2207/3978 3562/2202/3975 3566/2201/3981
f 3566/2201/3981 3562/2202/3975 3565/2203/3986
f 3562/1742/3975 3557/976/3971 3565/1882/3986
f 3565/1882/3986 3557/976/3971 3564/1883/3970
f 3557/976/3971 3562/1742/3975 3554/824/3972
f 3557/976/3971 3554/824/3972 3551/826/3990
f 3545/829/3974 3547/825/3991 3554/824/3972
f 3554/824/3972 3547/825/3991 3551/826/3990
f 3565/823/3986 3568/821/3985 3566/820/3981
f 3566/820/3981 3568/821/3985 3567/822/3987
f 3567/815/3987 3563/318/3988 3566/319/3981
f 3566/319/3981 3563/318/3988 3556/169/3979
f 3556/169/3979 3563/318/3988 3558/173/3989
f 3556/169/3979 3558/173/3989 3552/168/3984
f 3556/169/3979 3552/168/3984 3550/165/3980
f 3550/165/3980 3552/168/3984 3548/166/3983
f 3550/165/3980 3548/166/3983 3546/167/3992
f 3546/156/3992 3548/154/3983 3545/153/3974
f 3545/153/3974 3548/154/3983 3547/155/3991
f 3571/6951/3993 3575/6692/3994 3576/6889/3995
f 3581/6694/3996 3585/6890/3997 3576/6889/3995
f 3581/6694/3996 3576/6889/3995 3575/6692/3994
f 3590/6696/3998 3592/6697/3999 3587/6698/4000
f 3590/6699/3998 3594/6700/4001 3592/6701/3999
f 3594/6702/4001 3593/6952/4002 3591/6893/4003
f 3594/6705/4001 3591/6894/4003 3588/6895/4004
f 3588/6895/4004 3591/6894/4003 3584/6708/4005
f 3580/6709/4006 3584/6708/4005 3574/6953/4007
f 3572/6711/4008 3570/6712/4009 3573/6713/4010
f 3579/6863/4011 3573/6715/4010 3577/6716/4012
f 3579/6863/4011 3577/6716/4012 3583/6864/4013
f 3583/6864/4013 3577/6716/4012 3586/6865/4014
f 3593/6719/4002 3589/6720/4015 3586/6897/4014
f 3586/6897/4014 3589/6720/4015 3585/6722/3997
f 3586/6897/4014 3585/6722/3997 3583/6723/4013
f 3583/6723/4013 3585/6722/3997 3581/6724/3996
f 3583/6723/4013 3581/6724/3996 3579/6898/4011
f 3579/6898/4011 3581/6724/3996 3575/6726/3994
f 3579/6898/4011 3575/6726/3994 3573/6727/4010
f 3573/6727/4010 3575/6726/3994 3572/6728/4008
f 3572/6728/4008 3575/6726/3994 3571/6729/3993
f 3570/6730/4009 3569/6731/4016 3574/6900/4007
f 3574/6900/4007 3569/6731/4016 3578/6901/4017
f 3574/6900/4007 3578/6901/4017 3580/6902/4006
f 3580/6902/4006 3578/6901/4017 3582/6903/4018
f 3580/6902/4006 3582/6903/4018 3584/6736/4005
f 3584/6736/4005 3582/6903/4018 3588/6904/4004
f 3588/6904/4004 3582/6903/4018 3587/6738/4000
f 3588/6904/4004 3587/6738/4000 3592/6739/3999
f 3588/6904/4004 3592/6739/3999 3594/2201/4001
f 3590/6740/3998 3585/6741/3997 3589/6742/4015
f 3590/6740/3998 3587/6905/4000 3585/6741/3997
f 3585/6741/3997 3587/6905/4000 3576/6906/3995
f 3576/6906/3995 3587/6905/4000 3582/6745/4018
f 3576/6906/3995 3582/6745/4018 3578/6907/4017
f 3576/6906/3995 3578/6907/4017 3571/6908/3993
f 3571/6908/3993 3578/6907/4017 3569/6748/4016
f 3590/823/3998 3589/821/4015 3594/820/4001
f 3594/820/4001 3589/821/4015 3593/822/4002
f 3591/6749/4003 3593/6750/4002 3586/6909/4014
f 3591/6749/4003 3586/6909/4014 3584/6752/4005
f 3584/6752/4005 3586/6909/4014 3577/6753/4012
f 3584/6752/4005 3577/6753/4012 3574/6910/4007
f 3574/6910/4007 3577/6753/4012 3573/166/4010
f 3574/6910/4007 3573/166/4010 3570/167/4009
f 3570/156/4009 3572/154/4008 3569/153/4016
f 3569/153/4016 3572/154/4008 3571/155/3993
f 3610/6755/4019 3616/6756/4020 3606/6757/4021
f 3618/6914/4022 3614/6762/4023 3609/6954/4024
f 3609/6954/4024 3608/6955/4025 3604/6956/4026
f 3615/6764/4027 3619/6765/4028 3612/6957/4029
f 3602/6916/4030 3605/6768/4031 3599/6874/4032
f 3596/6917/4033 3599/6958/4032 3597/6918/4034
f 3596/6773/4033 3597/6919/4034 3601/6959/4035
f 3601/6959/4035 3597/6919/4034 3603/6960/4036
f 3601/6959/4035 3603/6960/4036 3607/6777/4037
f 3607/6777/4037 3603/6960/4036 3611/6778/4038
f 3611/6778/4038 3603/6960/4036 3613/6961/4039
f 3617/6719/4040 3616/6780/4020 3613/6781/4039
f 3613/6781/4039 3616/6780/4020 3610/6782/4019
f 3613/6781/4039 3610/6782/4019 3611/6783/4038
f 3611/6783/4038 3610/6782/4019 3607/6784/4037
f 3607/6784/4037 3610/6782/4019 3606/6785/4021
f 3607/6784/4037 3606/6785/4021 3601/6921/4035
f 3601/6921/4035 3606/6785/4021 3600/6787/4041
f 3601/6921/4035 3600/6787/4041 3596/6728/4033
f 3596/6728/4033 3600/6787/4041 3595/6729/4042
f 3599/6878/4032 3598/6923/4043 3602/6924/4030
f 3602/6924/4030 3598/6923/4043 3604/6962/4026
f 3602/6924/4030 3604/6962/4026 3605/6792/4031
f 3605/6792/4031 3604/6962/4026 3608/6926/4025
f 3605/6792/4031 3608/6926/4025 3612/6794/4029
f 3612/6794/4029 3608/6926/4025 3609/6927/4024
f 3612/6794/4029 3609/6927/4024 3615/6928/4027
f 3615/6928/4027 3609/6927/4024 3614/6797/4023
f 3615/6928/4027 3614/6797/4023 3619/2201/4028
f 3619/2201/4028 3614/6797/4023 3618/2203/4022
f 3618/6929/4022 3606/6930/4021 3616/1883/4020
f 3618/6929/4022 3609/6931/4024 3606/6930/4021
f 3606/6930/4021 3609/6931/4024 3600/6802/4041
f 3600/6802/4041 3609/6931/4024 3604/6803/4026
f 3600/6802/4041 3604/6803/4026 3595/6932/4042
f 3595/6932/4042 3604/6803/4026 3598/6933/4043
f 3618/823/4022 3616/821/4020 3619/820/4028
f 3619/820/4028 3616/821/4020 3617/822/4040
f 3617/815/4040 3613/6805/4039 3619/6934/4028
f 3619/6934/4028 3613/6805/4039 3612/6807/4029
f 3612/6807/4029 3613/6805/4039 3603/6935/4036
f 3612/6807/4029 3603/6935/4036 3605/6936/4031
f 3605/6936/4031 3603/6935/4036 3597/6810/4034
f 3605/6936/4031 3597/6810/4034 3599/6811/4032
f 3599/156/4032 3596/154/4033 3598/153/4043
f 3598/153/4043 3596/154/4033 3595/155/4042
f 3632/6812/4044 3634/6937/1147 3627/6814/650
f 3628/6815/530 3630/6816/4045 3625/6817/118
f 3641/6818/1069 3639/6819/1385 3628/6815/530
f 3644/6963/527 3637/6821/519 3642/6882/273
f 3644/6823/527 3642/6824/273 3640/6825/1352
f 3638/6938/1506 3640/6825/1352 3635/6827/136
f 3638/6938/1506 3635/6827/136 3629/6828/134
f 3640/6825/1352 3642/6824/273 3635/6827/136
f 3623/6829/4046 3621/6830/119 3624/6831/135
f 3636/6832/528 3643/6964/529 3634/6945/1147
f 3637/6719/519 3636/6780/528 3633/6835/272
f 3633/6835/272 3636/6780/528 3634/6836/1147
f 3633/6835/272 3634/6836/1147 3632/6837/4044
f 3633/6835/272 3632/6837/4044 3631/6946/140
f 3631/6946/140 3632/6837/4044 3627/6947/650
f 3631/6946/140 3627/6947/650 3624/6840/135
f 3624/6840/135 3627/6947/650 3623/6948/4046
f 3623/6948/4046 3627/6947/650 3622/6842/531
f 3623/6948/4046 3622/6842/531 3621/6728/119
f 3621/6728/119 3622/6842/531 3620/6729/120
f 3626/6843/121 3625/6965/118 3629/6845/134
f 3629/6845/134 3625/6965/118 3630/6846/4045
f 3629/6845/134 3630/6846/4045 3638/2369/1506
f 3638/2369/1506 3630/6846/4045 3628/2370/530
